,SEVERITYCODE,X,Y,OBJECTID,INCKEY,COLDETKEY,REPORTNO,STATUS,ADDRTYPE,INTKEY,LOCATION,EXCEPTRSNCODE,EXCEPTRSNDESC,SEVERITYCODE.1,SEVERITYDESC,COLLISIONTYPE,PERSONCOUNT,PEDCOUNT,PEDCYLCOUNT,VEHCOUNT,INCDATE,INCDTTM,JUNCTIONTYPE,SDOT_COLCODE,SDOT_COLDESC,INATTENTIONIND,UNDERINFL,WEATHER,ROADCOND,LIGHTCOND,PEDROWNOTGRNT,SDOTCOLNUM,SPEEDING,ST_COLCODE,ST_COLDESC,SEGLANEKEY,CROSSWALKKEY,HITPARKEDCAR
1122,1,-122.38885859999999,47.67454985,1288,104200,104200,3327776,Matched,Block,,NW 63RD ST BETWEEN 24TH AVE NW AND 26TH AVE NW,,,1,Property Damage Only Collision,Parked Car,2,0,0,2,2009/08/30 00:00:00+00,8/30/2009 10:35:00 AM,Mid-Block (not related to intersection),11,"MOTOR VEHICLE STRUCK MOTOR VEHICLE, FRONT END AT ANGLE",,0,Clear,Dry,Daylight,,9242004.0,,32,One parked--one moving,0,0,N
1123,1,-122.32637379999998,47.59583727,1289,245600,246200,E688284,Matched,Intersection,30542.0,6TH AVE S AND S DEARBORN ST, ,,1,Property Damage Only Collision,Right Turn,3,0,0,2,2017/06/29 00:00:00+00,6/29/2017 12:35:00 PM,At Intersection (but not related to intersection),11,"MOTOR VEHICLE STRUCK MOTOR VEHICLE, FRONT END AT ANGLE",Y,N,Clear,Dry,Daylight,,,,16,From same direction - one right turn - one straight,0,0,N
1124,2,-122.4095636,47.64862786,1290,135800,135800,3546278,Matched,Intersection,26429.0,W DRAVUS ST AND WEST VIEWMONT WAY W, ,,2,Injury Collision,Angles,11,0,0,2,2012/01/13 00:00:00+00,1/13/2012 8:59:00 AM,At Intersection (intersection related),11,"MOTOR VEHICLE STRUCK MOTOR VEHICLE, FRONT END AT ANGLE",,N,Clear,Dry,Daylight,,12013016.0,,10,Entering at angle,0,0,N
1125,1,-122.30892639999999,47.60860905,1291,141200,141200,3551979,Matched,Block,,18TH AVE BETWEEN E CHERRY ST AND E COLUMBIA ST,,,1,Property Damage Only Collision,Parked Car,2,0,0,2,2012/03/08 00:00:00+00,3/8/2012 10:00:00 PM,Mid-Block (not related to intersection),11,"MOTOR VEHICLE STRUCK MOTOR VEHICLE, FRONT END AT ANGLE",Y,N,Unknown,Unknown,Dark - Street Lights On,,12068019.0,,32,One parked--one moving,0,0,N
1126,2,-122.32077140000001,47.61351951,1292,184700,184780,3626707,Matched,Block,,BROADWAY BETWEEN E UNION ST AND E PIKE ST, ,,2,Injury Collision,Rear Ended,4,0,0,2,2015/01/31 00:00:00+00,1/31/2015 3:17:00 AM,Mid-Block (but intersection related),14,"MOTOR VEHICLE STRUCK MOTOR VEHICLE, REAR END",,Y,Fog/Smog/Smoke,Wet,Dark - Street Lights On,,,,14,From same direction - both going straight - one stopped - rear-end,0,0,N
1127,1,-122.31617379999999,47.71943687,1293,125300,125300,3466678,Matched,Intersection,36429.0,11TH AVE NE AND NE 125TH ST,,,1,Property Damage Only Collision,Right Turn,4,0,0,2,2011/08/02 00:00:00+00,8/2/2011,At Intersection (intersection related),11,"MOTOR VEHICLE STRUCK MOTOR VEHICLE, FRONT END AT ANGLE",,0,Clear,Dry,Daylight,,11214001.0,,16,From same direction - one right turn - one straight,0,0,N
1128,1,-122.3757024,47.65393223,1294,241100,241540,3740350,Matched,Intersection,26735.0,15TH AV W OFF RP AND W NICKERSON ST, ,,1,Property Damage Only Collision,Angles,2,0,0,2,2017/05/12 00:00:00+00,5/12/2017 4:41:00 PM,At Intersection (intersection related),11,"MOTOR VEHICLE STRUCK MOTOR VEHICLE, FRONT END AT ANGLE",,N,Overcast,Dry,Daylight,,,,10,Entering at angle,0,0,N
1129,1,-122.33576399999998,47.69595592,1296,169900,169920,3576661,Matched,Block,,N 92ND ST BETWEEN WALLINGFORD AVE N AND COLLEGE WAY N, ,,1,Property Damage Only Collision,Rear Ended,2,0,0,2,2014/06/13 00:00:00+00,6/13/2014 3:56:00 PM,Mid-Block (not related to intersection),14,"MOTOR VEHICLE STRUCK MOTOR VEHICLE, REAR END",,N,Clear,Dry,Daylight,,,,14,From same direction - both going straight - one stopped - rear-end,0,0,N
1130,2,-122.31273629999998,47.73303741,1297,66800,66800,2802610,Matched,Block,,15TH AVE NE BETWEEN NE 143RD ST AND NE 145TH ST,,,2,Injury Collision,Rear Ended,4,0,0,3,2007/05/19 00:00:00+00,5/19/2007 9:55:00 PM,Mid-Block (but intersection related),14,"MOTOR VEHICLE STRUCK MOTOR VEHICLE, REAR END",,0,Clear,Dry,Dark - Street Lights On,,7139010.0,,14,From same direction - both going straight - one stopped - rear-end,0,0,N
1131,1,-122.3331002,47.57140022,1298,188100,188180,3730226,Matched,Block,,S SPOKANE SR ST BETWEEN 1ST AVE S AND 2ND AVE S, ,,1,Property Damage Only Collision,Sideswipe,4,0,0,2,2015/03/20 00:00:00+00,3/20/2015 2:44:00 PM,Mid-Block (not related to intersection),11,"MOTOR VEHICLE STRUCK MOTOR VEHICLE, FRONT END AT ANGLE",Y,N,Raining,Wet,Daylight,,,,11,From same direction - both going straight - both moving - sideswipe,0,0,N
1132,1,-122.34925929999999,47.52007973,1299,91900,91900,2896338,Matched,Block,,11TH AVE SW BETWEEN SW BARTON ST AND SW CAMBRIDGE ST,,,1,Property Damage Only Collision,Other,2,0,0,2,2008/11/12 00:00:00+00,11/12/2008 8:02:00 AM,Mid-Block (but intersection related),14,"MOTOR VEHICLE STRUCK MOTOR VEHICLE, REAR END",,0,Raining,Wet,Daylight,,8317016.0,,23,From same direction - all others,0,0,N
1133,1,-122.3762239,47.56017275,1300,229100,229460,E594430,Matched,Block,,35TH AVE SW BETWEEN SW ALASKA ST AND SW EDMUNDS ST, ,,1,Property Damage Only Collision,Rear Ended,5,0,0,2,2016/09/28 00:00:00+00,9/28/2016 1:25:00 PM,Mid-Block (but intersection related),14,"MOTOR VEHICLE STRUCK MOTOR VEHICLE, REAR END",Y,N,Clear,Dry,Daylight,,,,14,From same direction - both going straight - one stopped - rear-end,0,0,N
1134,1,-122.3227663,47.64965019,1301,124000,124000,3378074,Matched,Block,,EASTLAKE AVE E BETWEEN E ALLISON ST AND HARVARD AVE E,,,1,Property Damage Only Collision,Parked Car,2,0,0,2,2011/01/25 00:00:00+00,1/25/2011 2:00:00 PM,Mid-Block (not related to intersection),11,"MOTOR VEHICLE STRUCK MOTOR VEHICLE, FRONT END AT ANGLE",,N,Unknown,Unknown,Unknown,,11025002.0,,32,One parked--one moving,0,0,N
1135,1,-122.35540390000001,47.62457825,1303,127900,127900,3560580,Matched,Intersection,28919.0,1ST AVE N AND MERCER ST,,,1,Property Damage Only Collision,Right Turn,2,0,0,2,2011/05/14 00:00:00+00,5/14/2011 9:47:00 PM,At Intersection (intersection related),11,"MOTOR VEHICLE STRUCK MOTOR VEHICLE, FRONT END AT ANGLE",,N,Raining,Wet,Dark - Street Lights On,,11134003.0,,16,From same direction - one right turn - one straight,0,0,N
1136,1,-122.38290390000002,47.54987411,1305,117900,117900,3342834,Matched,Intersection,32824.0,40TH AVE SW AND FAUNTLEROY N WAY SW,,,1,Property Damage Only Collision,Rear Ended,5,0,0,2,2010/09/10 00:00:00+00,9/10/2010 3:39:00 PM,At Intersection (but not related to intersection),14,"MOTOR VEHICLE STRUCK MOTOR VEHICLE, REAR END",Y,N,Clear,Dry,Daylight,,10253023.0,,14,From same direction - both going straight - one stopped - rear-end,0,0,N
1137,2,-122.33447720000001,47.60444646,1306,205300,205460,3789104,Matched,Intersection,29968.0,2ND AVE AND MARION ST, ,,2,Injury Collision,Angles,4,0,0,2,2015/10/17 00:00:00+00,10/17/2015 3:50:00 AM,At Intersection (intersection related),11,"MOTOR VEHICLE STRUCK MOTOR VEHICLE, FRONT END AT ANGLE",,N,Clear,Dry,Dark - Street Lights On,,,,10,Entering at angle,0,0,N
1138,1,-122.3767962,47.68779988,1307,135600,135600,3596830,Matched,Block,,15TH AVE NW BETWEEN NW 80TH ST AND NW 83RD ST,,,1,Property Damage Only Collision,Sideswipe,3,0,0,2,2012/02/18 00:00:00+00,2/18/2012 7:01:00 PM,Mid-Block (not related to intersection),11,"MOTOR VEHICLE STRUCK MOTOR VEHICLE, FRONT END AT ANGLE",,N,Raining,Wet,Dark - Street Lights On,,12049018.0,,11,From same direction - both going straight - both moving - sideswipe,0,0,N
1139,2,-122.3351293,47.60515932,1308,81100,81100,2908455,Matched,Intersection,29614.0,2ND AVE AND MADISON ST,,,2,Injury Collision,Angles,2,0,0,2,2008/04/04 00:00:00+00,4/4/2008,At Intersection (intersection related),11,"MOTOR VEHICLE STRUCK MOTOR VEHICLE, FRONT END AT ANGLE",,0,Raining,Wet,Dark - Street Lights On,,8095030.0,,10,Entering at angle,0,0,N
1140,2,-122.35605659999999,47.62458061,1309,192100,192180,3739230,Matched,Block,,MERCER ST BETWEEN QUEEN ANNE AVE N AND 1ST AVE N, ,,2,Injury Collision,Parked Car,3,0,0,2,2015/05/02 00:00:00+00,5/2/2015 1:35:00 AM,Mid-Block (not related to intersection),14,"MOTOR VEHICLE STRUCK MOTOR VEHICLE, REAR END",,N,Clear,Dry,Dark - Street Lights On,,,,32,One parked--one moving,0,0,N
1141,1,-122.32982240000001,47.61445724,1310,141700,141700,3505797,Matched,Intersection,29872.0,BOREN AVE AND PINE ST,,,1,Property Damage Only Collision,Sideswipe,2,0,0,2,2012/04/13 00:00:00+00,4/13/2012 5:30:00 PM,At Intersection (intersection related),11,"MOTOR VEHICLE STRUCK MOTOR VEHICLE, FRONT END AT ANGLE",,N,Clear,Dry,Daylight,,12104011.0,,71,Same direction -- both turning right -- both moving -- sideswipe,0,0,N
1142,1,-122.36810859999999,47.5665305,1311,199500,199640,3645071,Matched,Block,,28TH AVE SW BETWEEN SW DAKOTA ST AND SW ADAMS ST, ,,1,Property Damage Only Collision,Parked Car,2,0,0,2,2015/08/08 00:00:00+00,8/8/2015 1:35:00 PM,Mid-Block (not related to intersection),13,"MOTOR VEHICLE STRUCK MOTOR VEHICLE, LEFT SIDE AT ANGLE",Y,N,Unknown,Unknown,Unknown,,,,32,One parked--one moving,0,0,Y
1143,2,-122.3497555,47.64651291,1312,250600,251200,E724981,Matched,Block,,4TH AVE N BETWEEN NICKERSON ST AND FREMONT BR, ,,2,Injury Collision,Rear Ended,0,0,0,2,2017/10/20 00:00:00+00,10/20/2017 10:08:00 AM,Mid-Block (not related to intersection),14,"MOTOR VEHICLE STRUCK MOTOR VEHICLE, REAR END",,N,Raining,Wet,Daylight,,,,14,From same direction - both going straight - one stopped - rear-end,0,0,N
1144,1,-122.3396265,47.61692583,1315,123100,123100,3560984,Matched,Block,,BLANCHARD ST BETWEEN 7TH AVE AND 8TH AVE,,,1,Property Damage Only Collision,Sideswipe,3,0,0,2,2011/10/29 00:00:00+00,10/29/2011 10:54:00 PM,Mid-Block (not related to intersection),11,"MOTOR VEHICLE STRUCK MOTOR VEHICLE, FRONT END AT ANGLE",,N,Clear,Dry,Dark - Street Lights On,,11302008.0,,11,From same direction - both going straight - both moving - sideswipe,0,0,N
1145,1,-122.309876,47.63955856,1317,74300,74300,2827840,Matched,Block,,E LYNN ST BETWEEN BOYER AVE E AND 18TH AVE E,,,1,Property Damage Only Collision,Parked Car,2,0,0,2,2007/09/16 00:00:00+00,9/16/2007 6:53:00 PM,Mid-Block (but intersection related),13,"MOTOR VEHICLE STRUCK MOTOR VEHICLE, LEFT SIDE AT ANGLE",Y,0,Clear,Dry,Daylight,,7259018.0,,32,One parked--one moving,0,0,N
1146,1,-122.3342033,47.57498194,1318,243300,243800,3756581,Matched,Block,,1ST AVE S BETWEEN S HANFORD ST AND S HORTON ST, ,,1,Property Damage Only Collision,Parked Car,2,0,0,2,2017/06/19 00:00:00+00,6/19/2017 6:55:00 AM,Mid-Block (not related to intersection),14,"MOTOR VEHICLE STRUCK MOTOR VEHICLE, REAR END",,N,Clear,Dry,Daylight,,,,32,One parked--one moving,0,0,N
1147,1,-122.34262690000001,47.65161865,1319,134600,134600,3569016,Matched,Block,,STONE WAY N BETWEEN N 36TH ST AND N 38TH ST, ,,1,Property Damage Only Collision,Rear Ended,2,0,0,2,2012/01/10 00:00:00+00,1/10/2012 10:30:00 AM,Mid-Block (but intersection related),14,"MOTOR VEHICLE STRUCK MOTOR VEHICLE, REAR END",,N,Clear,Wet,Daylight,,12010009.0,,14,From same direction - both going straight - one stopped - rear-end,0,0,N
1148,1,-122.26998600000002,47.52330727,1320,108500,108500,3296338,Matched,Intersection,35443.0,RAINIER AVE S AND S HENDERSON ST,,,1,Property Damage Only Collision,Rear Ended,2,0,0,2,2010/06/26 00:00:00+00,6/26/2010 7:28:00 PM,At Intersection (but not related to intersection),14,"MOTOR VEHICLE STRUCK MOTOR VEHICLE, REAR END",,N,Clear,Dry,Daylight,,10177024.0,,14,From same direction - both going straight - one stopped - rear-end,0,0,N
1149,2,-122.3428202,47.610018,1321,168200,168220,3583587,Matched,Block,,PIKE PL BETWEEN STEWART ST AND VIRGINIA ST, ,,2,Injury Collision,Pedestrian,2,1,0,1,2014/04/25 00:00:00+00,4/25/2014 3:01:00 PM,Mid-Block (not related to intersection),24,MOTOR VEHCILE STRUCK PEDESTRIAN,,N,Unknown,Dry,Daylight,Y,,,0,Vehicle going straight hits pedestrian,0,0,N
1150,1,-122.3315981,47.60129743,1322,100200,100200,2622895,Matched,Block,,2ND AV ET S BETWEEN S WASHINGTON ST AND YESLER WAY,,,1,Property Damage Only Collision,Parked Car,2,0,0,2,2009/12/19 00:00:00+00,12/19/2009 4:00:00 PM,Mid-Block (not related to intersection),15,"MOTOR VEHICLE STRUCK MOTOR VEHICLE, RIGHT SIDE SIDESWIPE",,0,Unknown,Unknown,Dusk,,9353033.0,,32,One parked--one moving,0,0,N
1151,1,-122.2966297,47.57635897,1323,144400,144400,3559748,Matched,Intersection,31495.0,M L KING JR WAY S AND RAINIER AVE S, ,,1,Property Damage Only Collision,Sideswipe,2,0,0,2,2013/02/13 00:00:00+00,2/13/2013 2:04:00 PM,At Intersection (intersection related),0,NOT ENOUGH INFORMATION / NOT APPLICABLE,,N,Overcast,Dry,Daylight,,13044012.0,,11,From same direction - both going straight - both moving - sideswipe,0,0,N
1152,1,-122.32296509999999,47.52349105,1325,76400,76400,2826885,Matched,Block,,8TH AVE S BETWEEN S CONCORD ST AND S HENDERSON ST,,,1,Property Damage Only Collision,Other,2,0,0,2,2007/12/23 00:00:00+00,12/23/2007 9:23:00 PM,Mid-Block (not related to intersection),28,MOTOR VEHICLE RAN OFF ROAD - HIT FIXED OBJECT,,0,Unknown,Wet,Dark - Street Lights On,,7357015.0,Y,50,Fixed object,0,0,N
1153,1,-122.33223000000001,47.59920184,1326,286400,287260,3812063,Matched,Block,,S JACKSON ST BETWEEN OCCIDENTAL AVE S AND 2ND AVE S, ,,1,Property Damage Only Collision,Right Turn,2,0,0,2,2018/05/05 00:00:00+00,5/5/2018 10:46:00 PM,Mid-Block (not related to intersection),11,"MOTOR VEHICLE STRUCK MOTOR VEHICLE, FRONT END AT ANGLE",,N,Clear,Dry,Dark - Street Lights On,,,,16,From same direction - one right turn - one straight,0,0,N
1154,1,-122.3456281,47.66007202,1327,122600,122600,3563647,Matched,Block,,WHITMAN AVE N BETWEEN N 43RD ST AND N ALLEN PL,,,1,Property Damage Only Collision,Parked Car,2,0,0,2,2011/11/07 00:00:00+00,11/7/2011 8:00:00 AM,,0,NOT ENOUGH INFORMATION / NOT APPLICABLE,,N,Overcast,Dry,Daylight,,11311003.0,,32,One parked--one moving,0,0,N
1155,1,-122.3538456,47.66140038,1328,239300,239740,E602491,Unmatched,Block,,N 45TH ST BETWEEN PHINNEY AVE N AND FRANCIS AVE N,NEI,"Not Enough Information, or Insufficient Location Information",1,Property Damage Only Collision,,2,0,0,0,2016/10/31 00:00:00+00,10/31/2016,Mid-Block (not related to intersection),0,NOT ENOUGH INFORMATION / NOT APPLICABLE,,,,,,,,, ,,0,0,N
1156,2,-122.3499119,47.69057898,1329,157200,157220,3553938,Matched,Intersection,37464.0,FREMONT AVE N AND N 85TH ST, ,,2,Injury Collision,Angles,2,0,0,2,2013/11/18 00:00:00+00,11/18/2013 9:25:00 PM,At Intersection (intersection related),11,"MOTOR VEHICLE STRUCK MOTOR VEHICLE, FRONT END AT ANGLE",,N,Raining,Wet,Dark - Street Lights On,,,,10,Entering at angle,0,0,N
1157,1,-122.27284099999999,47.52282674,1331,180700,180760,3693915,Matched,Block,,48TH AVE S BETWEEN S HENDERSON ST AND S DIRECTOR ST, ,,1,Property Damage Only Collision,Parked Car,2,0,0,2,2014/12/10 00:00:00+00,12/10/2014 5:30:00 PM,Mid-Block (not related to intersection),12,"MOTOR VEHICLE STRUCK MOTOR VEHICLE, RIGHT SIDE AT ANGLE",,N,Raining,Wet,Dark - Street Lights On,,,,32,One parked--one moving,0,0,N
1158,1,-122.31350379999999,47.61996234,1333,92800,92800,2806194,Matched,Intersection,29058.0,E JOHN ST AND E JOHN SR ST,,,1,Property Damage Only Collision,Angles,4,0,0,2,2008/09/02 00:00:00+00,9/2/2008,At Intersection (intersection related),14,"MOTOR VEHICLE STRUCK MOTOR VEHICLE, REAR END",Y,0,Clear,Dry,Daylight,,8246008.0,,10,Entering at angle,0,0,N
1159,2,-122.35545970000001,47.7059898,1334,192300,192380,3575323,Matched,Block,,GREENWOOD AVE N BETWEEN HOLMAN RD N AND N 107TH ST, ,,2,Injury Collision,Rear Ended,3,0,0,3,2015/05/06 00:00:00+00,5/6/2015 9:38:00 AM,Mid-Block (but intersection related),14,"MOTOR VEHICLE STRUCK MOTOR VEHICLE, REAR END",Y,N,Overcast,Dry,Daylight,,,,13,From same direction - both going straight - both moving - rear-end,0,0,N
1160,1,-122.37338390000002,47.56749548,1335,116700,116700,3295863,Matched,Block,,WEST SEATTLE BR EB BETWEEN POINT A AND FAUNTLEROY WAY SW,,,1,Property Damage Only Collision,Sideswipe,2,0,0,2,2010/10/25 00:00:00+00,10/25/2010 2:50:00 PM,Mid-Block (not related to intersection),11,"MOTOR VEHICLE STRUCK MOTOR VEHICLE, FRONT END AT ANGLE",,N,Raining,Wet,Daylight,,10298036.0,,11,From same direction - both going straight - both moving - sideswipe,0,0,N
1161,2,-122.32208590000002,47.61273575,1336,229900,230280,3771776,Matched,Intersection,29756.0,HARVARD AVE AND SENECA ST, ,,2,Injury Collision,Pedestrian,2,1,0,1,2016/10/27 00:00:00+00,10/27/2016 8:19:00 PM,At Intersection (intersection related),24,MOTOR VEHCILE STRUCK PEDESTRIAN,Y,N,Overcast,Wet,Dark - Street Lights On,Y,,,1,Vehicle turning right hits pedestrian,0,523244,N
1162,1,-122.34451999999999,47.69019792,1337,87800,87800,2622646,Matched,Block,,AURORA AVE N BETWEEN N 84TH ST AND N 85TH ST,,,1,Property Damage Only Collision,Sideswipe,2,0,0,2,2008/10/31 00:00:00+00,10/31/2008 8:30:00 AM,Mid-Block (not related to intersection),11,"MOTOR VEHICLE STRUCK MOTOR VEHICLE, FRONT END AT ANGLE",,0,Raining,Wet,Daylight,,8305062.0,,11,From same direction - both going straight - both moving - sideswipe,0,0,N
1163,2,-122.33910060000001,47.57527209,1338,204100,204240,3672694,Matched,Block,,ALASKAN WY VI NB BETWEEN ALASKAN WY VI NB ON RP AND S LANDER ST, ,,2,Injury Collision,Rear Ended,3,0,0,2,2015/10/02 00:00:00+00,10/2/2015 9:29:00 AM,Mid-Block (not related to intersection),14,"MOTOR VEHICLE STRUCK MOTOR VEHICLE, REAR END",,N,Clear,Dry,Daylight,,,,14,From same direction - both going straight - one stopped - rear-end,0,0,N
1164,1,-122.3039221,47.58591393,1340,94800,94800,3344451,Matched,Block,,RAINIER AVE S BETWEEN S HOLGATE ST AND S PLUM ST,,,1,Property Damage Only Collision,Sideswipe,2,0,0,2,2009/11/18 00:00:00+00,11/18/2009 7:13:00 AM,Mid-Block (not related to intersection),11,"MOTOR VEHICLE STRUCK MOTOR VEHICLE, FRONT END AT ANGLE",,0,Raining,Wet,Dawn,,9322007.0,,11,From same direction - both going straight - both moving - sideswipe,0,0,N
1165,2,-122.2603378,47.50969174,1341,185700,185780,3549977,Matched,Block,,S RYAN ST BETWEEN 57TH E AVE S AND 59TH AVE S, ,,2,Injury Collision,Parked Car,4,0,0,2,2015/02/18 00:00:00+00,2/18/2015 3:10:00 PM,Mid-Block (not related to intersection),11,"MOTOR VEHICLE STRUCK MOTOR VEHICLE, FRONT END AT ANGLE",,N,Clear,Dry,Daylight,,,,20,One car leaving parked position,0,0,N
1166,1,-122.28992290000001,47.56888238,1342,100800,100800,C719656,Matched,Block,,RAINIER AVE S BETWEEN S CHARLESTOWN ST AND S ANDOVER ST,,,1,Property Damage Only Collision,Rear Ended,2,0,0,2,2009/02/23 00:00:00+00,2/23/2009 1:00:00 PM,Mid-Block (not related to intersection),14,"MOTOR VEHICLE STRUCK MOTOR VEHICLE, REAR END",,0,Unknown,Unknown,Unknown,,9054025.0,,14,From same direction - both going straight - one stopped - rear-end,0,0,N
1167,1,-122.30623390000001,47.58841254,1343,163500,163520,3672122,Matched,Intersection,31518.0,20TH AVE S AND S MASSACHUSETTS ST, ,,1,Property Damage Only Collision,Left Turn,5,0,0,2,2013/03/21 00:00:00+00,3/21/2013 1:05:00 PM,At Intersection (intersection related),11,"MOTOR VEHICLE STRUCK MOTOR VEHICLE, FRONT END AT ANGLE",,N,Overcast,Wet,Daylight,,,,28,From opposite direction - one left turn - one straight,0,0,N
1168,1,-122.33305849999999,47.61467115,1344,232700,233100,E619061,Matched,Block,,9TH AVE BETWEEN OLIVE WAY AND HOWELL ST, ,,1,Property Damage Only Collision,Sideswipe,2,0,0,2,2016/12/02 00:00:00+00,12/2/2016 4:14:00 PM,Mid-Block (not related to intersection),11,"MOTOR VEHICLE STRUCK MOTOR VEHICLE, FRONT END AT ANGLE",,N,Raining,Wet,Dark - Street Lights On,,,,11,From same direction - both going straight - both moving - sideswipe,0,0,N
1169,2,-122.26999029999999,47.5346718,1346,227700,228040,E586911,Matched,Intersection,34479.0,RAINIER AVE S AND S AUSTIN ST, ,,2,Injury Collision,Rear Ended,2,0,0,2,2016/09/15 00:00:00+00,9/15/2016 5:46:00 PM,At Intersection (but not related to intersection),14,"MOTOR VEHICLE STRUCK MOTOR VEHICLE, REAR END",Y,N,Clear,Dry,Daylight,,,,14,From same direction - both going straight - one stopped - rear-end,0,0,N
1170,1,-122.32977379999998,47.61922127,1347,122200,122200,3562484,Matched,Block,,STEWART ST BETWEEN YALE AVE N AND EASTLAKE AVE E,,,1,Property Damage Only Collision,Rear Ended,2,0,0,2,2011/06/18 00:00:00+00,6/18/2011 3:53:00 PM,Mid-Block (not related to intersection),14,"MOTOR VEHICLE STRUCK MOTOR VEHICLE, REAR END",Y,N,Raining,Wet,Daylight,,11169004.0,,13,From same direction - both going straight - both moving - rear-end,0,0,N
1171,2,-122.33431440000001,47.54562469,1348,220900,221180,E538295,Matched,Block,,1ST S AVE S BETWEEN 1ST N AVE S AND S FRONT ST, ,,2,Injury Collision,Sideswipe,5,0,0,4,2016/04/26 00:00:00+00,4/26/2016 7:38:00 AM,Mid-Block (not related to intersection),14,"MOTOR VEHICLE STRUCK MOTOR VEHICLE, REAR END",,N,Clear,Dry,Daylight,,,,11,From same direction - both going straight - both moving - sideswipe,0,0,N
1172,1,-122.26985810000001,47.55335549,1349,218000,218293,3735490,Matched,Intersection,33488.0,51ST AVE S AND S BRANDON ST, ,,1,Property Damage Only Collision,Angles,2,0,0,2,2016/04/20 00:00:00+00,4/20/2016 3:50:00 PM,At Intersection (intersection related),11,"MOTOR VEHICLE STRUCK MOTOR VEHICLE, FRONT END AT ANGLE",,N,Clear,Dry,Daylight,,,,10,Entering at angle,0,0,N
1173,2,-122.3331044,47.68690246,1350,242700,243180,3694044,Matched,Intersection,24236.0,MERIDIAN AVE N AND N 80TH ST, ,,2,Injury Collision,Angles,3,0,0,2,2017/06/03 00:00:00+00,6/3/2017 7:49:00 PM,At Intersection (intersection related),11,"MOTOR VEHICLE STRUCK MOTOR VEHICLE, FRONT END AT ANGLE",,Y,Clear,Dry,Daylight,,,Y,10,Entering at angle,0,0,N
1174,2,-122.3485757,47.65476562,1351,159800,159820,3591361,Matched,Block,,LINDEN AVE N BETWEEN N 39TH ST AND N 40TH ST, ,,2,Injury Collision,Pedestrian,2,1,0,1,2014/01/08 00:00:00+00,1/8/2014 2:55:00 PM,Mid-Block (not related to intersection),24,MOTOR VEHCILE STRUCK PEDESTRIAN,,N,Overcast,Wet,Daylight,,,,3,Vehicle backing hits pedestrian,0,0,N
1175,1,-122.3620517,47.6996745,1352,170900,170920,3706256,Matched,Intersection,37131.0,4TH AVE NW AND NW 97TH ST, ,,1,Property Damage Only Collision,Angles,2,0,0,2,2014/06/15 00:00:00+00,6/15/2014 5:02:00 PM,At Intersection (intersection related),11,"MOTOR VEHICLE STRUCK MOTOR VEHICLE, FRONT END AT ANGLE",,N,Clear,Dry,Daylight,,,,10,Entering at angle,0,0,N
1176,1,-122.2942012,47.5741472,1353,67400,67400,2806685,Matched,Block,,S BYRON ST BETWEEN RAINIER AVE S AND WETMORE AVE S,,,1,Property Damage Only Collision,Other,1,0,0,1,2007/06/30 00:00:00+00,6/30/2007 8:07:00 PM,Mid-Block (not related to intersection),28,MOTOR VEHICLE RAN OFF ROAD - HIT FIXED OBJECT,,0,Clear,Dry,Daylight,,7181041.0,,50,Fixed object,0,0,N
1177,2,-122.35603870000001,47.65415217,1354,166700,166720,3576783,Matched,Block,,N 39TH ST BETWEEN PALATINE AVE N AND GREENWOOD AVE N, ,,2,Injury Collision,Left Turn,4,0,0,2,2014/04/29 00:00:00+00,4/29/2014 3:06:00 PM,Mid-Block (but intersection related),14,"MOTOR VEHICLE STRUCK MOTOR VEHICLE, REAR END",,N,Clear,Dry,Daylight,,,,15,From same direction - one left turn - one straight,0,0,N
1178,1,-122.3044487,47.57192292,1355,117200,117200,3372654,Matched,Intersection,32540.0,21ST AVE S AND S SPOKANE ST,,,1,Property Damage Only Collision,Right Turn,3,0,0,2,2010/12/26 00:00:00+00,12/26/2010 5:40:00 PM,At Intersection (intersection related),11,"MOTOR VEHICLE STRUCK MOTOR VEHICLE, FRONT END AT ANGLE",,N,Raining,Wet,Dark - Street Lights On,,10360005.0,,16,From same direction - one right turn - one straight,0,0,N
1179,1,-122.3324513,47.60726631,1356,78800,78800,2825515,Matched,Intersection,29933.0,5TH AVE AND SPRING ST,,,1,Property Damage Only Collision,Angles,2,0,0,2,2007/05/24 00:00:00+00,5/24/2007 2:49:00 PM,At Intersection (intersection related),11,"MOTOR VEHICLE STRUCK MOTOR VEHICLE, FRONT END AT ANGLE",,0,Clear,Dry,Daylight,,7144011.0,,10,Entering at angle,0,0,N
1180,1,-122.3317834,47.52366655,1357,182900,182960,2896641,Matched,Block,,2ND AVE S BETWEEN S TRENTON ST AND S HENDERSON ST, ,,1,Property Damage Only Collision,Parked Car,2,0,0,2,2015/01/02 00:00:00+00,1/2/2015 2:02:00 PM,Mid-Block (not related to intersection),11,"MOTOR VEHICLE STRUCK MOTOR VEHICLE, FRONT END AT ANGLE",Y,N,Overcast,Dry,Daylight,,,,32,One parked--one moving,0,0,N