,SEVERITYCODE,X,Y,OBJECTID,INCKEY,COLDETKEY,REPORTNO,STATUS,ADDRTYPE,INTKEY,LOCATION,EXCEPTRSNCODE,EXCEPTRSNDESC,SEVERITYCODE.1,SEVERITYDESC,COLLISIONTYPE,PERSONCOUNT,PEDCOUNT,PEDCYLCOUNT,VEHCOUNT,INCDATE,INCDTTM,JUNCTIONTYPE,SDOT_COLCODE,SDOT_COLDESC,INATTENTIONIND,UNDERINFL,WEATHER,ROADCOND,LIGHTCOND,PEDROWNOTGRNT,SDOTCOLNUM,SPEEDING,ST_COLCODE,ST_COLDESC,SEGLANEKEY,CROSSWALKKEY,HITPARKEDCAR
1181,1,-122.35964059999999,47.54471615,1359,249800,250400,3769338,Matched,Block,,21ST AVE SW BETWEEN SW GRAHAM ST AND SW HOLLY ST, ,,1,Property Damage Only Collision,Other,0,0,0,2,2017/10/08 00:00:00+00,10/8/2017 8:55:00 PM,Mid-Block (not related to intersection),11,"MOTOR VEHICLE STRUCK MOTOR VEHICLE, FRONT END AT ANGLE",,N,Clear,Dry,Dark - Street Lights Off,,,,23,From same direction - all others,0,0,Y
1182,1,-122.34756809999999,47.62449513,1360,89400,89400,2898679,Matched,Intersection,28914.0,5TH AVE N AND MERCER ST,,,1,Property Damage Only Collision,Left Turn,2,0,0,2,2008/01/05 00:00:00+00,1/5/2008,At Intersection (intersection related),11,"MOTOR VEHICLE STRUCK MOTOR VEHICLE, FRONT END AT ANGLE",,0,Clear,Wet,Dark - Street Lights On,,8005020.0,,15,From same direction - one left turn - one straight,0,0,N
1183,1,-122.3290775,47.57142087,1361,244700,245280,E693137,Matched,Intersection,32342.0,4TH AVE S AND S SPOKANE SR ST, ,,1,Property Damage Only Collision,Angles,2,0,0,2,2017/07/19 00:00:00+00,7/19/2017 11:12:00 AM,At Intersection (intersection related),11,"MOTOR VEHICLE STRUCK MOTOR VEHICLE, FRONT END AT ANGLE",,N,Clear,Dry,Daylight,,,,10,Entering at angle,0,0,N
1184,2,-122.34113090000001,47.68693166,1362,173900,173920,3646367,Matched,Block,,N 80TH ST BETWEEN STONE AVE N AND GREEN LAKE DR N, ,,2,Injury Collision,Other,2,0,0,1,2014/08/17 00:00:00+00,8/17/2014 4:13:00 PM,Mid-Block (not related to intersection),29,MOTOR VEHICLE OVERTURNED IN ROAD,,N,Clear,Dry,Daylight,,,,52,Vehicle overturned,0,0,N
1185,2,-122.3394165,47.55847119,1363,131100,131100,3550303,Matched,Block,,EAST MARGINAL WAY S BETWEEN XW ALASKA AND S HUDSON ST,,,2,Injury Collision,Rear Ended,5,0,0,2,2012/12/20 00:00:00+00,12/20/2012 1:20:00 PM,Mid-Block (but intersection related),14,"MOTOR VEHICLE STRUCK MOTOR VEHICLE, REAR END",,N,Raining,Wet,Daylight,,12355031.0,,14,From same direction - both going straight - one stopped - rear-end,0,0,N
1186,2,-122.30721969999999,47.59022957,1364,139400,139400,3563026,Matched,Block,,RAINIER AVE S BETWEEN MTS N RAINIER CONNCT TRL AND I90 EB OFF RP,,,2,Injury Collision,Rear Ended,5,0,0,3,2012/06/05 00:00:00+00,6/5/2012 12:50:00 PM,Mid-Block (but intersection related),14,"MOTOR VEHICLE STRUCK MOTOR VEHICLE, REAR END",Y,N,Raining,Wet,Daylight,,12157028.0,,14,From same direction - both going straight - one stopped - rear-end,0,0,N
1187,2,-122.3121726,47.68751645,1365,222300,222580,3737050,Matched,Intersection,24387.0,15TH AVE NE AND LAKE CITY WAY NE, ,,2,Injury Collision,Rear Ended,2,0,0,2,2016/06/21 00:00:00+00,6/21/2016 3:05:00 PM,At Intersection (intersection related),14,"MOTOR VEHICLE STRUCK MOTOR VEHICLE, REAR END",,N,Clear,Dry,Daylight,,,,14,From same direction - both going straight - one stopped - rear-end,0,0,N
1188,1,-122.28445500000001,47.55865323,1366,159100,159120,3582852,Matched,Block,,S EDMUNDS ST BETWEEN RAINIER AVE S AND 39TH AVE S, ,,1,Property Damage Only Collision,Parked Car,2,0,0,2,2013/12/27 00:00:00+00,12/27/2013 11:14:00 PM,Mid-Block (not related to intersection),11,"MOTOR VEHICLE STRUCK MOTOR VEHICLE, FRONT END AT ANGLE",Y,N,Overcast,Wet,Dark - Street Lights On,,,,32,One parked--one moving,0,0,N
1189,2,-122.27809640000001,47.52970064,1367,133400,133400,3387650,Matched,Intersection,35216.0,RENTON AVE S AND S ROSE CT,,,2,Injury Collision,Other,1,0,0,1,2012/07/13 00:00:00+00,7/13/2012 6:43:00 PM,At Intersection (intersection related),26,MOTOR VEHICLE STRUCK OBJECT IN ROAD,,N,Clear,Dry,Daylight,,12195015.0,,50,Fixed object,0,0,N
1190,1,-122.3352605,47.6036254,1369,118500,118500,2907022,Matched,Block,,1ST AVE BETWEEN COLUMBIA ST AND MARION ST,,,1,Property Damage Only Collision,Parked Car,2,0,0,2,2010/04/10 00:00:00+00,4/10/2010 2:25:00 AM,Mid-Block (not related to intersection),11,"MOTOR VEHICLE STRUCK MOTOR VEHICLE, FRONT END AT ANGLE",,N,Clear,Dry,Dark - Street Lights On,,10100014.0,,32,One parked--one moving,0,0,N
1191,1,-122.30554070000001,47.58550389,1370,298600,299760,E818629,Matched,Intersection,31549.0,21ST AVE S AND S PLUM ST, ,,1,Property Damage Only Collision,Angles,2,0,0,2,2018/06/27 00:00:00+00,6/27/2018 4:04:00 PM,At Intersection (intersection related),11,"MOTOR VEHICLE STRUCK MOTOR VEHICLE, FRONT END AT ANGLE",,N,Clear,Dry,Daylight,,,,10,Entering at angle,0,0,N
1192,2,-122.2997435,47.71930446,1372,128000,128000,3564614,Matched,Block,,NE 125TH ST BETWEEN 26TH AVE NE AND 27TH AVE NE,,,2,Injury Collision,Angles,2,0,0,2,2011/08/31 00:00:00+00,8/31/2011 3:14:00 PM,Driveway Junction,11,"MOTOR VEHICLE STRUCK MOTOR VEHICLE, FRONT END AT ANGLE",,0,Clear,Dry,Daylight,,11243018.0,,10,Entering at angle,0,0,N
1193,1,-122.2879588,47.54608596,1373,101500,101500,2804191,Matched,Block,,S GRAHAM ST BETWEEN 33RD AVE S AND M L KING JR WR WAY S,,,1,Property Damage Only Collision,Sideswipe,2,0,0,2,2009/05/02 00:00:00+00,5/2/2009,Mid-Block (but intersection related),16,"MOTOR VEHICLE STRUCK MOTOR VEHICLE, LEFT SIDE SIDESWIPE",,0,Clear,Dry,Dawn,,9122042.0,,81,Same direction -- both turning left -- both moving -- sideswipe,0,0,N
1194,1,-122.3221773,47.61814666,1374,117600,117600,2617159,Matched,Block,,HARVARD AVE BETWEEN E HOWELL ST AND E DENNY WAY,,,1,Property Damage Only Collision,Parked Car,2,0,0,2,2010/02/26 00:00:00+00,2/26/2010 9:48:00 PM,Driveway Junction,13,"MOTOR VEHICLE STRUCK MOTOR VEHICLE, LEFT SIDE AT ANGLE",,N,Raining,Wet,Unknown,,10057004.0,,32,One parked--one moving,0,0,N
1195,2,-122.343962,47.61714372,1375,205800,205960,3788978,Matched,Block,,BATTERY ST BETWEEN 5TH AVE AND AURORA AVE, ,,2,Injury Collision,Rear Ended,7,0,0,4,2015/11/01 00:00:00+00,11/1/2015 1:05:00 AM,Mid-Block (but intersection related),14,"MOTOR VEHICLE STRUCK MOTOR VEHICLE, REAR END",,N,Raining,Wet,Dark - Street Lights On,,,,14,From same direction - both going straight - one stopped - rear-end,0,0,N
1196,1,-122.3578695,47.70328714,1376,135100,135100,3562098,Matched,Block,,1ST AVE NW BETWEEN DEAD END 2 AND NW 103RD ST,,,1,Property Damage Only Collision,Parked Car,2,0,0,2,2012/05/25 00:00:00+00,5/25/2012 7:20:00 AM,Mid-Block (not related to intersection),16,"MOTOR VEHICLE STRUCK MOTOR VEHICLE, LEFT SIDE SIDESWIPE",,N,Unknown,Unknown,Unknown,,12146022.0,,32,One parked--one moving,0,0,N
1197,1,-122.3101512,47.61558986,1377,80900,80900,2899317,Matched,Intersection,30132.0,17TH AVE AND E MADISON ST,,,1,Property Damage Only Collision,Left Turn,3,0,0,2,2008/08/17 00:00:00+00,8/17/2008 6:03:00 PM,At Intersection (intersection related),11,"MOTOR VEHICLE STRUCK MOTOR VEHICLE, FRONT END AT ANGLE",,0,Clear,Dry,Daylight,,8230005.0,,28,From opposite direction - one left turn - one straight,0,0,N
1198,1,-122.3000038,47.53944267,1378,164900,164920,3583017,Matched,Block,,SWIFT AVE S BETWEEN COVELLO W DR S AND COVELLO E DR S, ,,1,Property Damage Only Collision,Rear Ended,3,0,0,2,2014/03/27 00:00:00+00,3/27/2014 5:59:00 PM,Mid-Block (not related to intersection),14,"MOTOR VEHICLE STRUCK MOTOR VEHICLE, REAR END",,N,Clear,Dry,Daylight,,,,13,From same direction - both going straight - both moving - rear-end,0,0,N
1199,2,-122.28992290000001,47.56888238,1380,211300,211540,3590169,Unmatched,Block,,RAINIER AVE S BETWEEN S CHARLESTOWN ST AND S ANDOVER ST, ,,2,Injury Collision,,2,0,0,0,2016/01/11 00:00:00+00,1/11/2016,Driveway Junction,11,"MOTOR VEHICLE STRUCK MOTOR VEHICLE, FRONT END AT ANGLE",,,,,,,,, ,,0,0,N
1200,2,-122.2868623,47.53729873,1381,105700,105700,3285663,Matched,Intersection,34559.0,HOLLY PARK DR S AND S MYRTLE PL,,,2,Injury Collision,Rear Ended,2,0,0,2,2009/06/25 00:00:00+00,6/25/2009 1:51:00 PM,At Intersection (but not related to intersection),14,"MOTOR VEHICLE STRUCK MOTOR VEHICLE, REAR END",,0,Clear,Dry,Daylight,,9176019.0,,14,From same direction - both going straight - one stopped - rear-end,0,0,N
1201,2,-122.37654140000001,47.56486552,1382,207300,207500,E480760,Matched,Block,,FAUNTLEROY WAY SW BETWEEN WEST SEATTLE BR EB AND SW GENESEE W ST, ,,2,Injury Collision,Rear Ended,4,0,0,2,2015/11/10 00:00:00+00,11/10/2015 10:05:00 PM,Mid-Block (but intersection related),14,"MOTOR VEHICLE STRUCK MOTOR VEHICLE, REAR END",,N,Raining,Wet,Dark - Street Lights On,,,,13,From same direction - both going straight - both moving - rear-end,0,0,N
1202,1,-122.318868,47.61875416,1383,155100,155120,3672671,Matched,Block,,E DENNY WAY BETWEEN 10TH AVE E AND 11TH AVE, ,,1,Property Damage Only Collision,Parked Car,2,0,0,2,2013/10/06 00:00:00+00,10/6/2013,Mid-Block (not related to intersection),0,NOT ENOUGH INFORMATION / NOT APPLICABLE,,N,Clear,Dry,Dark - Street Lights On,,,,32,One parked--one moving,0,0,N
1203,1,-122.2882922,47.55160251,1384,267700,268480,3580771,Matched,Block,,M L KING JR WR WAY S BETWEEN S FINDLAY ST AND S ORCAS ST, ,,1,Property Damage Only Collision,Right Turn,2,0,0,2,2018/01/23 00:00:00+00,1/23/2018 11:15:00 PM,Mid-Block (not related to intersection),11,"MOTOR VEHICLE STRUCK MOTOR VEHICLE, FRONT END AT ANGLE",,Y,Raining,Wet,Dark - Street Lights On,,,,16,From same direction - one right turn - one straight,0,0,N
1204,1,-122.27950459999998,47.71919298,1385,119900,119900,3375115,Matched,Block,,RIVIERA PL NE BETWEEN NE 125TH ST AND DEAD END 2,,,1,Property Damage Only Collision,Parked Car,4,0,0,2,2011/01/27 00:00:00+00,1/27/2011 3:35:00 PM,Mid-Block (not related to intersection),11,"MOTOR VEHICLE STRUCK MOTOR VEHICLE, FRONT END AT ANGLE",Y,N,Clear,Dry,Daylight,,11027021.0,,32,One parked--one moving,0,0,N
1205,1,-122.36431270000001,47.55282823,1386,204400,204540,3731882,Matched,Block,,25TH AVE SW BETWEEN SW BRANDON ST AND SW FINDLAY ST,NEI,"Not Enough Information, or Insufficient Location Information",1,Property Damage Only Collision,Parked Car,2,0,0,2,2015/10/11 00:00:00+00,10/11/2015 10:30:00 AM,,12,"MOTOR VEHICLE STRUCK MOTOR VEHICLE, RIGHT SIDE AT ANGLE",,N,Clear,Dry,Daylight,,,,32,One parked--one moving,0,0,N
1206,1,-122.3283384,47.60947816,1387,170800,170820,3699943,Matched,Block,,9TH AVE BETWEEN SPRING ST AND SENECA ST, ,,1,Property Damage Only Collision,Parked Car,2,0,0,2,2014/06/26 00:00:00+00,6/26/2014 5:00:00 PM,,0,NOT ENOUGH INFORMATION / NOT APPLICABLE,,N,Unknown,Unknown,Unknown,,,,32,One parked--one moving,0,0,N
1207,1,-122.33131370000001,47.70864592,1388,108100,108100,3559178,Matched,Intersection,36585.0,CORLISS AVE N AND N NORTHGATE WAY,,,1,Property Damage Only Collision,Rear Ended,2,0,0,2,2010/07/31 00:00:00+00,7/31/2010 12:40:00 PM,At Intersection (intersection related),14,"MOTOR VEHICLE STRUCK MOTOR VEHICLE, REAR END",,N,Clear,Dry,Daylight,,10212006.0,,74,Same direction -- both turning right -- one stopped -- rear end,0,0,N
1208,2,-122.31158049999999,47.59832756,1389,168100,168120,3701719,Matched,Intersection,30761.0,16TH AVE S AND S KING ST, ,,2,Injury Collision,Angles,3,0,0,2,2014/05/07 00:00:00+00,5/7/2014 2:14:00 PM,At Intersection (intersection related),11,"MOTOR VEHICLE STRUCK MOTOR VEHICLE, FRONT END AT ANGLE",,N,Clear,Dry,Daylight,,,,10,Entering at angle,0,0,N
1209,2,-122.33411389999999,47.71592797,1391,162900,162920,3576512,Matched,Intersection,36549.0,MERIDIAN AVE N AND N 120TH ST, ,,2,Injury Collision,Angles,3,0,0,2,2014/02/27 00:00:00+00,2/27/2014 11:01:00 AM,At Intersection (intersection related),11,"MOTOR VEHICLE STRUCK MOTOR VEHICLE, FRONT END AT ANGLE",,Y,Clear,Dry,Daylight,,,,10,Entering at angle,0,0,N
1210,1,-122.38948049999999,47.56385327,1392,210600,210840,3776110,Matched,Block,,45TH AVE SW BETWEEN SW GENESEE ST AND SW OREGON ST,NEI,"Not Enough Information, or Insufficient Location Information",1,Property Damage Only Collision,Parked Car,2,0,0,2,2015/12/31 00:00:00+00,12/31/2015 3:30:00 PM,Mid-Block (not related to intersection),14,"MOTOR VEHICLE STRUCK MOTOR VEHICLE, REAR END",,N,Unknown,Unknown,Unknown,,,,32,One parked--one moving,0,0,Y
1211,1,-122.33131370000001,47.70864592,1393,104600,104600,3328365,Matched,Intersection,36585.0,CORLISS AVE N AND N NORTHGATE WAY,,,1,Property Damage Only Collision,Rear Ended,3,0,0,2,2009/11/17 00:00:00+00,11/17/2009 2:41:00 PM,At Intersection (intersection related),14,"MOTOR VEHICLE STRUCK MOTOR VEHICLE, REAR END",,0,Raining,Wet,Daylight,,9321020.0,,74,Same direction -- both turning right -- one stopped -- rear end,0,0,N
1212,1,-122.3036048,47.58549756,1394,207000,207200,E479526,Matched,Intersection,31547.0,RAINIER AVE S AND S PLUM ST, ,,1,Property Damage Only Collision,Angles,4,0,0,2,2015/11/05 00:00:00+00,11/5/2015 4:18:00 PM,At Intersection (but not related to intersection),11,"MOTOR VEHICLE STRUCK MOTOR VEHICLE, FRONT END AT ANGLE",,N,Clear,Dry,Dusk,,,,10,Entering at angle,0,0,N
1213,1,-122.3345028,47.53960566,1395,154400,154420,E189007,Matched,Block,,1ST AVE S BETWEEN SW MICHIGAN ST AND WEST MARGINAL WAY S, ,,1,Property Damage Only Collision,Rear Ended,4,0,0,3,2012/08/24 00:00:00+00,8/24/2012 1:11:00 PM,Mid-Block (not related to intersection),14,"MOTOR VEHICLE STRUCK MOTOR VEHICLE, REAR END",,N,Clear,Dry,Daylight,,,Y,13,From same direction - both going straight - both moving - rear-end,0,0,N
1214,2,-122.3735939,47.66366175,1397,139800,139800,3569015,Matched,Intersection,25456.0,14TH AVE NW AND NW LEARY WAY, ,,2,Injury Collision,Angles,2,0,0,2,2012/01/05 00:00:00+00,1/5/2012 9:27:00 AM,At Intersection (intersection related),11,"MOTOR VEHICLE STRUCK MOTOR VEHICLE, FRONT END AT ANGLE",,N,Clear,Dry,Daylight,,12005009.0,,10,Entering at angle,0,0,N
1215,1,-122.3245186,47.66498115,1398,224100,224380,3734043,Matched,Block,,NE 50TH ST BETWEEN LATONA E AVE NE AND 4TH AVE NE, ,,1,Property Damage Only Collision,Sideswipe,2,0,0,2,2016/07/16 00:00:00+00,7/16/2016 4:33:00 PM,Mid-Block (not related to intersection),11,"MOTOR VEHICLE STRUCK MOTOR VEHICLE, FRONT END AT ANGLE",,N,Clear,Dry,Daylight,,,,11,From same direction - both going straight - both moving - sideswipe,0,0,N
1216,1,,,1400,149100,149120,E208276,Matched,,,,NEI,"Not Enough Information, or Insufficient Location Information",1,Property Damage Only Collision,Rear Ended,2,0,0,2,2012/11/24 00:00:00+00,11/24/2012 5:28:00 PM,,0,NOT ENOUGH INFORMATION / NOT APPLICABLE,,N,Overcast,Dry,Dusk,,,,14,From same direction - both going straight - one stopped - rear-end,0,0,N
1217,1,-122.3359098,47.59962693,1401,93600,93600,3341881,Matched,Block,,ALASKAN WAY S BETWEEN S MAIN ST AND S JACKSON ST,,,1,Property Damage Only Collision,Other,3,0,0,2,2009/11/26 00:00:00+00,11/26/2009 1:19:00 AM,Mid-Block (not related to intersection),11,"MOTOR VEHICLE STRUCK MOTOR VEHICLE, FRONT END AT ANGLE",,0,Raining,Wet,Dark - Street Lights On,,9330019.0,,23,From same direction - all others,0,0,N
1218,1,,,1402,192800,192880,3733137,Matched,,,,NEI,"Not Enough Information, or Insufficient Location Information",1,Property Damage Only Collision,Left Turn,2,0,0,2,2015/03/20 00:00:00+00,3/20/2015 8:00:00 AM,,0,NOT ENOUGH INFORMATION / NOT APPLICABLE,,N,Clear,Unknown,Daylight,,,,28,From opposite direction - one left turn - one straight,0,0,N
1219,1,-122.3661913,47.66365141,1404,92600,92600,2798024,Matched,Intersection,25452.0,8TH AVE NW AND NW 48TH ST,,,1,Property Damage Only Collision,Angles,2,0,0,2,2008/11/06 00:00:00+00,11/6/2008,At Intersection (intersection related),11,"MOTOR VEHICLE STRUCK MOTOR VEHICLE, FRONT END AT ANGLE",,0,Overcast,Wet,Daylight,,8311043.0,,10,Entering at angle,0,0,N
1220,2,-122.2991597,47.57967346,1406,110800,110800,3335614,Matched,Block,,RAINIER AVE S BETWEEN S BAYVIEW ST AND S MCCLELLAN ST,,,2,Injury Collision,Rear Ended,5,0,0,2,2010/01/10 00:00:00+00,1/10/2010 1:42:00 PM,Mid-Block (not related to intersection),14,"MOTOR VEHICLE STRUCK MOTOR VEHICLE, REAR END",Y,N,Overcast,Dry,Daylight,,10010013.0,,13,From same direction - both going straight - both moving - rear-end,0,0,N
1221,1,,,1407,143700,143700,3581432,Matched,Alley,,, ,,1,Property Damage Only Collision,Other,4,0,0,2,2013/01/19 00:00:00+00,1/19/2013 11:58:00 PM,,0,NOT ENOUGH INFORMATION / NOT APPLICABLE,,N,Fog/Smog/Smoke,Dry,Dark - Street Lights On,,13019015.0,,23,From same direction - all others,0,0,N
1222,1,-122.31744750000001,47.6062045,1408,114300,114300,3210895,Matched,Block,,E JEFFERSON ST BETWEEN 11TH AVE AND 12TH AVE,,,1,Property Damage Only Collision,Rear Ended,3,0,0,3,2010/10/12 00:00:00+00,10/12/2010 7:26:00 AM,Mid-Block (not related to intersection),14,"MOTOR VEHICLE STRUCK MOTOR VEHICLE, REAR END",,Y,Clear,Dry,Daylight,,10285011.0,,14,From same direction - both going straight - one stopped - rear-end,0,0,N
1223,1,,,1409,89500,89500,3273964,Matched,,,,NEI,"Not Enough Information, or Insufficient Location Information",1,Property Damage Only Collision,Parked Car,2,0,0,2,2008/08/24 00:00:00+00,8/24/2008 8:00:00 PM,,0,NOT ENOUGH INFORMATION / NOT APPLICABLE,,0,Unknown,Unknown,Unknown,,8237021.0,,32,One parked--one moving,0,0,N
1224,1,-122.3167334,47.61288924,1410,205100,205240,3644757,Matched,Intersection,29761.0,12TH AVE AND E MADISON ST, ,,1,Property Damage Only Collision,Angles,2,0,0,2,2015/10/18 00:00:00+00,10/18/2015 8:44:00 PM,At Intersection (intersection related),11,"MOTOR VEHICLE STRUCK MOTOR VEHICLE, FRONT END AT ANGLE",,Y,Raining,Wet,Dark - Street Lights On,,,,10,Entering at angle,0,0,N
1225,2,-122.29590959999999,47.57541958,1411,152900,152920,3590001,Matched,Block,,RAINIER AVE S BETWEEN S MOUNT BAKER EB BV AND S HANFORD ST, ,,2,Injury Collision,Head On,5,0,0,3,2013/08/20 00:00:00+00,8/20/2013 12:45:00 PM,Driveway Junction,11,"MOTOR VEHICLE STRUCK MOTOR VEHICLE, FRONT END AT ANGLE",,N,Clear,Dry,Daylight,,,,25,From opposite direction - one stopped - head-on,0,0,N
1226,1,-122.3241278,47.61074767,1412,157400,157420,3585481,Matched,Block,,SPRING ST BETWEEN MINOR AVE AND SUMMIT AVE, ,,1,Property Damage Only Collision,Parked Car,2,0,0,2,2013/11/23 00:00:00+00,11/23/2013 10:41:00 AM,Mid-Block (not related to intersection),11,"MOTOR VEHICLE STRUCK MOTOR VEHICLE, FRONT END AT ANGLE",,N,Clear,Dry,Daylight,,,,32,One parked--one moving,0,0,N
1227,1,-122.2929898,47.62719136,1413,146000,146020,3551900,Matched,Block,,LAKE WASHINGTON BLVD E BETWEEN E MADISON ST AND ARBORETUM DR E, ,,1,Property Damage Only Collision,Parked Car,2,0,0,2,2013/05/10 00:00:00+00,5/10/2013 8:30:00 AM,Mid-Block (but intersection related),11,"MOTOR VEHICLE STRUCK MOTOR VEHICLE, FRONT END AT ANGLE",,N,Clear,Dry,Daylight,,,,20,One car leaving parked position,0,0,N
1228,1,-122.36763149999999,47.56761553,1414,222100,222380,3505225,Matched,Block,,SW YANCY ST BETWEEN DEAD END 1 AND 28TH AVE SW, ,,1,Property Damage Only Collision,Parked Car,2,0,0,2,2016/06/19 00:00:00+00,6/19/2016 11:33:00 PM,Mid-Block (not related to intersection),14,"MOTOR VEHICLE STRUCK MOTOR VEHICLE, REAR END",,N,Clear,Dry,Dark - Street Lights On,,,,32,One parked--one moving,0,0,Y
1229,1,-122.3214477,47.61407092,1415,157900,157920,3559630,Matched,Block,,E PIKE ST BETWEEN HARVARD AVE AND BROADWAY, ,,1,Property Damage Only Collision,Rear Ended,4,0,0,3,2013/10/08 00:00:00+00,10/8/2013 5:08:00 PM,Mid-Block (not related to intersection),14,"MOTOR VEHICLE STRUCK MOTOR VEHICLE, REAR END",Y,N,Overcast,Dry,Daylight,,,,14,From same direction - both going straight - one stopped - rear-end,0,0,N
1230,1,-122.339357,47.60978057,1416,219700,219980,E537572,Matched,Block,,2ND AVE BETWEEN PIKE ST AND PINE ST, ,,1,Property Damage Only Collision,Cycles,0,0,1,1,2016/04/19 00:00:00+00,4/19/2016 8:30:00 AM,Mid-Block (but intersection related),54,PEDALCYCLIST STRUCK MOTOR VEHICLE REAR END,,N,Clear,Dry,Daylight,,,,45,Vehicle - Pedalcyclist,12181,0,N
1231,2,-122.3039436,47.59927028,1417,131800,131800,3552253,Matched,Block,,S JACKSON ST BETWEEN 20TH PL S AND 22ND AVE S,,,2,Injury Collision,Angles,4,0,0,2,2012/05/02 00:00:00+00,5/2/2012 2:00:00 PM,Mid-Block (but intersection related),11,"MOTOR VEHICLE STRUCK MOTOR VEHICLE, FRONT END AT ANGLE",,N,Clear,Dry,Daylight,,12123012.0,,10,Entering at angle,0,0,N
1232,1,-122.293485,47.70838606,1418,91000,91000,2896901,Matched,Block,,NE 110TH ST BETWEEN 31ST AVE NE AND 34TH AVE NE,,,1,Property Damage Only Collision,Other,2,0,0,2,2008/03/13 00:00:00+00,3/13/2008 5:34:00 PM,Driveway Junction,11,"MOTOR VEHICLE STRUCK MOTOR VEHICLE, FRONT END AT ANGLE",,0,Raining,Wet,Daylight,,8073035.0,,21,One car entering driveway access,0,0,N
1233,1,-122.3283173,47.59919591,1419,274000,274837,3811945,Matched,Block,,S JACKSON ST BETWEEN 4TH AVE S AND 5TH AVE S, ,,1,Property Damage Only Collision,Rear Ended,2,0,0,2,2018/03/01 00:00:00+00,3/1/2018 9:31:00 PM,Mid-Block (not related to intersection),14,"MOTOR VEHICLE STRUCK MOTOR VEHICLE, REAR END",,N,Clear,Dry,Dark - Street Lights On,,,,13,From same direction - both going straight - both moving - rear-end,0,0,N
1234,2,-122.33044709999999,47.545109100000005,1420,176300,176320,3699435,Matched,Block,,S MICHIGAN ST BETWEEN EAST MARGINAL WAY S AND 4TH AVE S, ,,2,Injury Collision,Rear Ended,3,0,0,2,2014/09/02 00:00:00+00,9/2/2014 5:52:00 AM,Mid-Block (not related to intersection),14,"MOTOR VEHICLE STRUCK MOTOR VEHICLE, REAR END",Y,N,Clear,Dry,Dawn,,,,14,From same direction - both going straight - one stopped - rear-end,0,0,N
1235,1,-122.334197,47.57170661,1421,72700,72700,2793172,Matched,Intersection,32354.0,1ST AVE S AND S SPOKANE NR ST,,,1,Property Damage Only Collision,Right Turn,2,0,0,2,2007/05/01 00:00:00+00,5/1/2007,At Intersection (intersection related),11,"MOTOR VEHICLE STRUCK MOTOR VEHICLE, FRONT END AT ANGLE",Y,0,Clear,Dry,Daylight,,7121018.0,,16,From same direction - one right turn - one straight,0,0,N
1236,1,-122.2700137,47.51770956,1422,88300,88300,3279716,Matched,Block,,51ST AVE S BETWEEN S CAMBRIDGE ST AND RENTON AVE S,,,1,Property Damage Only Collision,Rear Ended,4,0,0,2,2008/08/04 00:00:00+00,8/4/2008,Mid-Block (but intersection related),14,"MOTOR VEHICLE STRUCK MOTOR VEHICLE, REAR END",,0,Clear,Dry,Dusk,,8217016.0,,14,From same direction - both going straight - one stopped - rear-end,0,0,N
1237,1,-122.3336587,47.60774722,1424,172600,172620,3588900,Matched,Block,,SENECA ST BETWEEN 4TH AVE AND 5TH AVE, ,,1,Property Damage Only Collision,Rear Ended,2,0,0,2,2014/07/28 00:00:00+00,7/28/2014 12:30:00 PM,Mid-Block (not related to intersection),14,"MOTOR VEHICLE STRUCK MOTOR VEHICLE, REAR END",Y,N,Clear,Dry,Daylight,,,,13,From same direction - both going straight - both moving - rear-end,0,0,N
1238,2,-122.31271890000001,47.61996729999999,1425,67900,67900,2621563,Matched,Intersection,29059.0,15TH AVE E AND E JOHN ST, ,,2,Injury Collision,Pedestrian,2,1,0,1,2007/02/16 00:00:00+00,2/16/2007 10:00:00 AM,At Intersection (intersection related),24,MOTOR VEHCILE STRUCK PEDESTRIAN,,0,Clear,Dry,Daylight,,7047006.0,,1,Vehicle turning right hits pedestrian,0,524178,N
1239,1,-122.3422924,47.63099853,1427,182000,182073,3732505,Matched,Block,,DEXTER AVE N BETWEEN COMSTOCK ST AND LEE ST, ,,1,Property Damage Only Collision,Other,5,0,0,2,2014/12/20 00:00:00+00,12/20/2014 10:01:00 PM,Mid-Block (not related to intersection),11,"MOTOR VEHICLE STRUCK MOTOR VEHICLE, FRONT END AT ANGLE",Y,N,Overcast,Wet,Dark - Street Lights On,,,,23,From same direction - all others,0,0,N
1240,2,-122.33371869999999,47.66503572,1428,73500,73500,2803417,Matched,Intersection,25525.0,MERIDIAN AVE N AND N 50TH ST,,,2,Injury Collision,Angles,4,0,0,2,2007/08/28 00:00:00+00,8/28/2007 6:25:00 PM,At Intersection (intersection related),11,"MOTOR VEHICLE STRUCK MOTOR VEHICLE, FRONT END AT ANGLE",,0,Clear,Dry,Daylight,,7240015.0,,10,Entering at angle,0,0,N
1241,2,-122.30276440000002,47.60563158,1429,75700,75700,2623432,Matched,Block,,23RD AVE BETWEEN E TERRACE ST AND E JEFFERSON ST,,,2,Injury Collision,Head On,2,0,0,2,2007/04/02 00:00:00+00,4/2/2007,Mid-Block (but intersection related),11,"MOTOR VEHICLE STRUCK MOTOR VEHICLE, FRONT END AT ANGLE",Y,0,Clear,Dry,Daylight,,7092019.0,,25,From opposite direction - one stopped - head-on,0,0,N