,SEVERITYCODE,X,Y,OBJECTID,INCKEY,COLDETKEY,REPORTNO,STATUS,ADDRTYPE,INTKEY,LOCATION,EXCEPTRSNCODE,EXCEPTRSNDESC,SEVERITYCODE.1,SEVERITYDESC,COLLISIONTYPE,PERSONCOUNT,PEDCOUNT,PEDCYLCOUNT,VEHCOUNT,INCDATE,INCDTTM,JUNCTIONTYPE,SDOT_COLCODE,SDOT_COLDESC,INATTENTIONIND,UNDERINFL,WEATHER,ROADCOND,LIGHTCOND,PEDROWNOTGRNT,SDOTCOLNUM,SPEEDING,ST_COLCODE,ST_COLDESC,SEGLANEKEY,CROSSWALKKEY,HITPARKEDCAR
1242,2,-122.30734440000002,47.73389063,1430,245500,246100,E685409,Matched,Intersection,36075.0,20TH AVE NE AND NE 145TH ST, ,,2,Injury Collision,Rear Ended,4,0,0,2,2017/06/23 00:00:00+00,6/23/2017 10:55:00 AM,At Intersection (but not related to intersection),14,"MOTOR VEHICLE STRUCK MOTOR VEHICLE, REAR END",Y,N,Clear,Dry,Daylight,,,,14,From same direction - both going straight - one stopped - rear-end,0,0,N
1243,1,-122.32636219999999,47.59877465,1431,153000,153020,3574427,Matched,Block,,6TH AVE S BETWEEN S JACKSON ST AND S KING ST, ,,1,Property Damage Only Collision,Parked Car,4,0,0,2,2013/08/27 00:00:00+00,8/27/2013 4:21:00 PM,Mid-Block (but intersection related),14,"MOTOR VEHICLE STRUCK MOTOR VEHICLE, REAR END",,N,Overcast,Dry,Daylight,,,,32,One parked--one moving,0,0,N
1244,2,-122.3471621,47.61375831,1432,146300,146320,3573455,Matched,Block,,1ST AVE BETWEEN BELL ST AND BATTERY ST, ,,2,Injury Collision,Rear Ended,2,0,0,2,2013/05/16 00:00:00+00,5/16/2013 8:40:00 AM,Mid-Block (not related to intersection),14,"MOTOR VEHICLE STRUCK MOTOR VEHICLE, REAR END",,N,Clear,Dry,Daylight,,,,13,From same direction - both going straight - both moving - rear-end,0,0,N
1245,1,-122.33587620000002,47.6185239,1433,222900,223180,E560544,Matched,Intersection,29506.0,BOREN AVE N AND DENNY WAY, ,,1,Property Damage Only Collision,Sideswipe,3,0,0,2,2016/07/05 00:00:00+00,7/5/2016 12:47:00 PM,At Intersection (but not related to intersection),14,"MOTOR VEHICLE STRUCK MOTOR VEHICLE, REAR END",,N,Clear,Dry,Daylight,,,,12,From same direction - both going straight - one stopped - sideswipe,0,0,N
1246,2,-122.3290598,47.60523285,1434,180400,180460,3585338,Matched,Block,,6TH AVE BETWEEN CHERRY ST AND COLUMBIA ST, ,,2,Injury Collision,Sideswipe,3,0,0,2,2014/12/08 00:00:00+00,12/8/2014 12:04:00 PM,Mid-Block (but intersection related),11,"MOTOR VEHICLE STRUCK MOTOR VEHICLE, FRONT END AT ANGLE",Y,N,Clear,Dry,Daylight,,,,11,From same direction - both going straight - both moving - sideswipe,0,0,N
1247,1,-122.3289908,47.54549572,1435,262700,263480,3818385,Matched,Block,,S MICHIGAN ST BETWEEN 4TH AVE S AND 5TH AVE S, ,,1,Property Damage Only Collision,Rear Ended,2,0,0,2,2017/12/27 00:00:00+00,12/27/2017 7:48:00 AM,Mid-Block (not related to intersection),14,"MOTOR VEHICLE STRUCK MOTOR VEHICLE, REAR END",Y,N,Clear,Dry,Daylight,,,,14,From same direction - both going straight - one stopped - rear-end,0,0,N
1248,1,-122.3232755,47.70859413,1436,188400,188480,3575147,Matched,Intersection,36499.0,5TH AVE NE AND NE NORTHGATE WAY, ,,1,Property Damage Only Collision,Sideswipe,2,0,0,2,2015/03/26 00:00:00+00,3/26/2015 3:45:00 PM,At Intersection (intersection related),11,"MOTOR VEHICLE STRUCK MOTOR VEHICLE, FRONT END AT ANGLE",,N,Clear,Dry,Daylight,,,,11,From same direction - both going straight - both moving - sideswipe,0,0,N
1249,1,-122.36044609999999,47.65454083,1437,118800,118800,3569006,Matched,Block,,LEARY WAY NW BETWEEN NW 39TH ST AND 3RD AVE NW,,,1,Property Damage Only Collision,Right Turn,2,0,0,2,2011/11/17 00:00:00+00,11/17/2011 5:52:00 AM,Mid-Block (not related to intersection),11,"MOTOR VEHICLE STRUCK MOTOR VEHICLE, FRONT END AT ANGLE",,0,Clear,Dry,Dark - Street Lights On,,11321011.0,,16,From same direction - one right turn - one straight,0,0,N
1250,1,-122.33068899999999,47.60701684,1438,272100,272940,E771362,Matched,Intersection,29947.0,6TH AVE AND MADISON ST, ,,1,Property Damage Only Collision,Sideswipe,2,0,0,2,2018/02/14 00:00:00+00,2/14/2018 12:00:00 PM,At Intersection (intersection related),11,"MOTOR VEHICLE STRUCK MOTOR VEHICLE, FRONT END AT ANGLE",,N,Overcast,Wet,Daylight,,,,71,Same direction -- both turning right -- both moving -- sideswipe,0,0,N
1251,2,-122.3044,47.65006045,1440,117300,117300,2880897,Matched,Block,,MONTLAKE BLVD NE BETWEEN NE PACIFIC ST AND NE PACIFIC PL,,,2,Injury Collision,Rear Ended,3,0,0,2,2010/10/15 00:00:00+00,10/15/2010 7:32:00 PM,Mid-Block (not related to intersection),14,"MOTOR VEHICLE STRUCK MOTOR VEHICLE, REAR END",,N,Clear,Dry,Dusk,,10288024.0,,13,From same direction - both going straight - both moving - rear-end,0,0,N
1252,1,-122.31341909999999,47.56055995,1441,244200,244760,3735411,Matched,Intersection,33308.0,15TH AVE S AND S ANGELINE ST, ,,1,Property Damage Only Collision,Angles,2,0,0,2,2017/06/12 00:00:00+00,6/12/2017 7:49:00 AM,At Intersection (intersection related),11,"MOTOR VEHICLE STRUCK MOTOR VEHICLE, FRONT END AT ANGLE",,N,Clear,Dry,Daylight,,,,10,Entering at angle,0,0,N
1253,1,-122.3869723,47.66868055,1442,194300,194400,3736019,Matched,Block,,NW MARKET ST BETWEEN BALLARD AVE NW AND 24TH AVE NW,NEI,"Not Enough Information, or Insufficient Location Information",1,Property Damage Only Collision,Rear Ended,2,0,0,2,2015/05/19 00:00:00+00,5/19/2015 7:00:00 PM,,0,NOT ENOUGH INFORMATION / NOT APPLICABLE,,N,Unknown,Unknown,Dusk,,,,14,From same direction - both going straight - one stopped - rear-end,0,0,Y
1254,1,-122.35538059999999,47.66890594,1443,68200,68200,2609907,Matched,Block,,GREENWOOD AVE N BETWEEN N 55TH N ST AND N ARGYLE PL,,,1,Property Damage Only Collision,Angles,2,0,0,2,2007/01/31 00:00:00+00,1/31/2007 8:12:00 AM,Mid-Block (but intersection related),11,"MOTOR VEHICLE STRUCK MOTOR VEHICLE, FRONT END AT ANGLE",,0,Clear,Dry,Daylight,,7031016.0,,10,Entering at angle,0,0,N
1255,1,-122.3385712,47.66085388,1444,145700,145720,C774030,Unmatched,Block,,WOODLAWN AVE N BETWEEN N 44TH ST AND N 45TH E ST, ,,1,Property Damage Only Collision,,2,0,0,0,2013/01/17 00:00:00+00,1/17/2013,Mid-Block (not related to intersection),14,"MOTOR VEHICLE STRUCK MOTOR VEHICLE, REAR END",,,,,,,,, ,,0,0,N
1256,2,-122.2962432,47.57587276,1445,71700,71700,2796832,Matched,Intersection,31494.0,RAINIER AVE S AND S MOUNT BAKER EB BV,,,2,Injury Collision,Left Turn,2,0,0,2,2007/08/22 00:00:00+00,8/22/2007 2:41:00 PM,At Intersection (intersection related),11,"MOTOR VEHICLE STRUCK MOTOR VEHICLE, FRONT END AT ANGLE",,0,Clear,Dry,Daylight,,7234018.0,,28,From opposite direction - one left turn - one straight,0,0,N
1257,1,-122.3089662,47.60309461,1446,212200,212440,3738372,Matched,Block,,18TH AVE BETWEEN E FIR ST AND E SPRUCE ST,NEI,"Not Enough Information, or Insufficient Location Information",1,Property Damage Only Collision,Parked Car,2,0,0,2,2016/01/25 00:00:00+00,1/25/2016 4:30:00 PM,Mid-Block (but intersection related),11,"MOTOR VEHICLE STRUCK MOTOR VEHICLE, FRONT END AT ANGLE",,N,Unknown,Unknown,Unknown,,,,32,One parked--one moving,0,0,Y
1258,2,-122.3208358,47.61757129,1447,76900,76900,2620912,Matched,Intersection,29072.0,BROADWAY AND E HOWELL ST,,,2,Injury Collision,Cycles,2,0,1,1,2007/02/27 00:00:00+00,2/27/2007 10:40:00 AM,At Intersection (intersection related),18,"MOTOR VEHICLE STRUCK PEDALCYCLIST, FRONT END AT ANGLE",,0,Clear,Dry,Daylight,Y,7058004.0,,45,Vehicle - Pedalcyclist,6828,0,N
1259,2,-122.3141596,47.66943836,1448,286600,287460,E794433,Matched,Intersection,25748.0,BROOKLYN AVE NE AND NE 56TH ST, ,,2,Injury Collision,Angles,3,0,0,2,2018/05/01 00:00:00+00,5/1/2018 8:21:00 PM,At Intersection (intersection related),11,"MOTOR VEHICLE STRUCK MOTOR VEHICLE, FRONT END AT ANGLE",,N,Clear,Dry,Dark - Street Lights On,,,,10,Entering at angle,0,0,N
1260,1,-122.3336357,47.6219867,1449,155600,155620,3574532,Matched,Block,,HARRISON ST BETWEEN FAIRVIEW AVE N AND MINOR AVE N, ,,1,Property Damage Only Collision,Parked Car,2,0,0,2,2013/10/16 00:00:00+00,10/16/2013 6:42:00 PM,Mid-Block (not related to intersection),11,"MOTOR VEHICLE STRUCK MOTOR VEHICLE, FRONT END AT ANGLE",,N,Clear,Dry,Dark - Street Lights On,,,,20,One car leaving parked position,0,0,N
1261,1,-122.3350596,47.62461807,1450,239800,240240,3753158,Matched,Block,,MERCER SR ST BETWEEN BOREN AVE N AND FAIRVIEW N AVE N, ,,1,Property Damage Only Collision,Rear Ended,6,0,0,2,2017/04/23 00:00:00+00,4/23/2017 9:28:00 PM,Mid-Block (not related to intersection),14,"MOTOR VEHICLE STRUCK MOTOR VEHICLE, REAR END",Y,N,Raining,Wet,Dark - Street Lights On,,,,14,From same direction - both going straight - one stopped - rear-end,0,0,N
1262,2,-122.2958197,47.54625221,1451,87500,87500,2894259,Matched,Intersection,33290.0,29TH AVE S AND S GRAHAM ST,,,2,Injury Collision,Angles,2,0,0,2,2008/09/02 00:00:00+00,9/2/2008,At Intersection (intersection related),11,"MOTOR VEHICLE STRUCK MOTOR VEHICLE, FRONT END AT ANGLE",,0,Clear,Dry,Daylight,,8246013.0,,10,Entering at angle,0,0,N
1263,2,-122.312648,47.71850674,1452,300100,301300,E825385,Matched,Block,,15TH AVE NE BETWEEN NE 123RD ST AND NE 125TH ST, ,,2,Injury Collision,Other,1,0,0,1,2018/08/06 00:00:00+00,8/6/2018 11:02:00 AM,Mid-Block (not related to intersection),28,MOTOR VEHICLE RAN OFF ROAD - HIT FIXED OBJECT,,N,Clear,Dry,Daylight,,,,50,Fixed object,0,0,N
1264,2,-122.3444939,47.68513228,1454,108800,108800,2881319,Matched,Block,,AURORA AVE N BETWEEN N 77TH ST AND N 78TH ST,,,2,Injury Collision,Rear Ended,5,0,0,4,2010/08/10 00:00:00+00,8/10/2010 5:59:00 PM,Mid-Block (not related to intersection),14,"MOTOR VEHICLE STRUCK MOTOR VEHICLE, REAR END",,N,Clear,Dry,Daylight,,10222024.0,,14,From same direction - both going straight - one stopped - rear-end,0,0,N
1265,2,-122.3338878,47.60715814,1456,71600,71600,2791380,Matched,Block,,4TH AVE BETWEEN SPRING ST AND SENECA ST,,,2,Injury Collision,Rear Ended,2,0,0,2,2007/08/10 00:00:00+00,8/10/2007 10:01:00 AM,Mid-Block (but intersection related),14,"MOTOR VEHICLE STRUCK MOTOR VEHICLE, REAR END",,0,Clear,Dry,Daylight,,7222029.0,,14,From same direction - both going straight - one stopped - rear-end,0,0,N
1266,2,-122.3295862,47.54669393,1457,163200,163220,3582781,Matched,Block,,4TH AVE S BETWEEN S FRONT ST AND S MICHIGAN ST, ,,2,Injury Collision,Angles,3,0,0,2,2014/02/28 00:00:00+00,2/28/2014 5:15:00 PM,Driveway Junction,11,"MOTOR VEHICLE STRUCK MOTOR VEHICLE, FRONT END AT ANGLE",,N,Clear,Dry,Daylight,,,,10,Entering at angle,0,0,N
1267,1,-122.28410420000002,47.54603212,1459,90700,90700,2892254,Matched,Block,,S GRAHAM ST BETWEEN 38TH AVE S AND 39TH AVE S,,,1,Property Damage Only Collision,Other,2,0,0,2,2008/03/31 00:00:00+00,3/31/2008 5:32:00 PM,Driveway Junction,11,"MOTOR VEHICLE STRUCK MOTOR VEHICLE, FRONT END AT ANGLE",,0,Clear,Dry,Daylight,,8091017.0,,22,One car leaving driveway access,0,0,N
1268,2,-122.3513564,47.65148486,1460,292100,293040,3751050,Matched,Intersection,27026.0,FREMONT PL N AND N 36TH ST, ,,2,Injury Collision,Angles,2,0,0,2,2018/06/13 00:00:00+00,6/13/2018 1:30:00 PM,At Intersection (intersection related),11,"MOTOR VEHICLE STRUCK MOTOR VEHICLE, FRONT END AT ANGLE",,N,Unknown,Unknown,Daylight,,,,10,Entering at angle,0,0,N
1269,2,-122.3130845,47.59791265,1461,154000,154020,3606305,Matched,Block,,RAINIER AVE S BETWEEN S KING ST AND S WELLER ST, ,,2,Injury Collision,Rear Ended,2,0,0,2,2013/09/07 00:00:00+00,9/7/2013 1:03:00 PM,Mid-Block (but intersection related),14,"MOTOR VEHICLE STRUCK MOTOR VEHICLE, REAR END",Y,N,Clear,Dry,Daylight,,,,14,From same direction - both going straight - one stopped - rear-end,0,0,N
1270,2,-122.37712690000001,47.64846994,1462,217600,217880,3791382,Matched,Block,,W DRAVUS ST BETWEEN 15TH AV W SB OFF RP AND 16TH AVE W, ,,2,Injury Collision,Rear Ended,2,0,0,2,2016/04/05 00:00:00+00,4/5/2016 9:25:00 AM,Mid-Block (but intersection related),14,"MOTOR VEHICLE STRUCK MOTOR VEHICLE, REAR END",Y,N,Clear,Dry,Daylight,,,,14,From same direction - both going straight - one stopped - rear-end,0,0,N
1271,1,-122.3118794,47.63063967,1463,202000,202140,3707249,Matched,Block,,E HIGHLAND DR BETWEEN 15TH AVE E AND 16TH AVE E, ,,1,Property Damage Only Collision,Parked Car,2,0,0,2,2015/09/06 00:00:00+00,9/6/2015 2:15:00 AM,Mid-Block (not related to intersection),13,"MOTOR VEHICLE STRUCK MOTOR VEHICLE, LEFT SIDE AT ANGLE",,N,Unknown,Unknown,Unknown,,,,32,One parked--one moving,0,0,Y
1272,1,-122.3133747,47.58503937,1464,159400,159420,3590227,Matched,Block,,15TH AVE S BETWEEN S PLUM ST AND S HILL ST, ,,1,Property Damage Only Collision,Parked Car,2,0,0,2,2014/01/01 00:00:00+00,1/1/2014 8:30:00 AM,Mid-Block (not related to intersection),14,"MOTOR VEHICLE STRUCK MOTOR VEHICLE, REAR END",,N,Unknown,Unknown,Unknown,,,,32,One parked--one moving,0,0,N
1273,2,-122.27766409999998,47.55117602,1465,170600,170620,3672761,Matched,Intersection,33512.0,RAINIER AVE S AND S ORCAS ST, ,,2,Injury Collision,Left Turn,3,0,0,2,2014/06/20 00:00:00+00,6/20/2014 4:46:00 PM,At Intersection (intersection related),11,"MOTOR VEHICLE STRUCK MOTOR VEHICLE, FRONT END AT ANGLE",,N,Clear,Dry,Daylight,,,,28,From opposite direction - one left turn - one straight,0,0,N
1274,1,-122.31678149999999,47.60351416,1466,108000,108000,3329784,Matched,Intersection,29839.0,12TH AVE AND E SPRUCE ST,,,1,Property Damage Only Collision,Parked Car,3,0,0,2,2010/06/28 00:00:00+00,6/28/2010 4:51:00 PM,At Intersection (intersection related),14,"MOTOR VEHICLE STRUCK MOTOR VEHICLE, REAR END",,N,Clear,Dry,Daylight,,10179008.0,,32,One parked--one moving,0,0,N
1275,2,-122.327894,47.67832817,1467,166600,166620,3576762,Matched,Block,,EAST GREEN LAKE WAY N BETWEEN 1ST AVE NE AND 2ND AVE NE, ,,2,Injury Collision,Rear Ended,2,0,0,2,2014/04/25 00:00:00+00,4/25/2014 7:37:00 AM,Mid-Block (but intersection related),14,"MOTOR VEHICLE STRUCK MOTOR VEHICLE, REAR END",Y,N,Clear,Dry,Daylight,,,,14,From same direction - both going straight - one stopped - rear-end,0,0,N
1276,1,-122.2879588,47.54608596,1468,92200,92200,2892052,Matched,Block,,S GRAHAM ST BETWEEN 33RD AVE S AND M L KING JR WR WAY S,,,1,Property Damage Only Collision,Rear Ended,4,0,0,2,2008/10/23 00:00:00+00,10/23/2008 9:57:00 AM,Mid-Block (not related to intersection),14,"MOTOR VEHICLE STRUCK MOTOR VEHICLE, REAR END",,0,Unknown,Unknown,Daylight,,8297024.0,,14,From same direction - both going straight - one stopped - rear-end,0,0,N
1277,2,-122.34942350000001,47.55569473,1469,298300,299440,3742468,Matched,Block,,WEST MARGINAL WAY SW BETWEEN PUGET WAY SW AND SW BRANDON ST, ,,2,Injury Collision,Sideswipe,3,0,0,2,2018/07/14 00:00:00+00,7/14/2018 12:06:00 AM,Mid-Block (not related to intersection),11,"MOTOR VEHICLE STRUCK MOTOR VEHICLE, FRONT END AT ANGLE",,N,Clear,Dry,Dark - Street Lights On,,,,11,From same direction - both going straight - both moving - sideswipe,0,0,N
1278,2,-122.34449199999999,47.6847677,1470,81800,81800,2905456,Matched,Intersection,24297.0,AURORA AVE N AND N 77TH ST,,,2,Injury Collision,Left Turn,2,0,0,2,2008/06/03 00:00:00+00,6/3/2008,At Intersection (intersection related),11,"MOTOR VEHICLE STRUCK MOTOR VEHICLE, FRONT END AT ANGLE",,0,Raining,Wet,Dusk,,8155039.0,,28,From opposite direction - one left turn - one straight,0,0,N
1279,1,-122.3517878,47.61362583,1471,162400,162420,3373793,Matched,Block,,VINE ST BETWEEN ALASKAN WAY AND ELLIOTT AVE, ,,1,Property Damage Only Collision,Parked Car,7,0,0,2,2014/02/16 00:00:00+00,2/16/2014 2:56:00 PM,Mid-Block (but intersection related),11,"MOTOR VEHICLE STRUCK MOTOR VEHICLE, FRONT END AT ANGLE",,N,Overcast,Wet,Daylight,,,,32,One parked--one moving,0,0,N
1280,1,-122.2769409,47.52611905,1472,87100,87100,2616132,Matched,Intersection,35253.0,RENTON AVE S AND S CLOVERDALE ST,,,1,Property Damage Only Collision,Angles,4,0,0,3,2008/10/28 00:00:00+00,10/28/2008 1:30:00 PM,At Intersection (intersection related),11,"MOTOR VEHICLE STRUCK MOTOR VEHICLE, FRONT END AT ANGLE",,0,Clear,Dry,Daylight,,8302034.0,,10,Entering at angle,0,0,N
1281,1,-122.31756259999999,47.61876373,1473,88400,88400,2827863,Matched,Block,,E DENNY WAY BETWEEN 11TH AVE AND 12TH AVE,,,1,Property Damage Only Collision,Parked Car,2,0,0,2,2008/01/30 00:00:00+00,1/30/2008 2:00:00 PM,Mid-Block (not related to intersection),16,"MOTOR VEHICLE STRUCK MOTOR VEHICLE, LEFT SIDE SIDESWIPE",,0,Raining,Wet,Daylight,,8030013.0,,32,One parked--one moving,0,0,N
1282,1,-122.3167818,47.60268591,1475,136500,136500,3476128,Matched,Intersection,30403.0,12TH AVE AND E FIR ST,,,1,Property Damage Only Collision,Angles,3,0,0,2,2012/10/31 00:00:00+00,10/31/2012 10:56:00 PM,At Intersection (intersection related),11,"MOTOR VEHICLE STRUCK MOTOR VEHICLE, FRONT END AT ANGLE",,N,Raining,Wet,Dark - Street Lights On,,12305001.0,,10,Entering at angle,0,0,N
1283,2,-122.33420020000001,47.58085454,1476,184800,184880,3698937,Matched,Block,,1ST AVE S BETWEEN S STACY ST AND S LANDER ST, ,,2,Injury Collision,Cycles,2,0,1,1,2015/01/31 00:00:00+00,1/31/2015 1:59:00 PM,Driveway Junction,18,"MOTOR VEHICLE STRUCK PEDALCYCLIST, FRONT END AT ANGLE",,N,Overcast,Dry,Daylight,,,,45,Vehicle - Pedalcyclist,0,0,N
1284,1,-122.3808565,47.66559207,1477,158300,158320,3591176,Matched,Intersection,25169.0,LEARY AVE NW AND NW IONE PL, ,,1,Property Damage Only Collision,Angles,4,0,0,2,2013/12/12 00:00:00+00,12/12/2013 12:45:00 PM,At Intersection (intersection related),11,"MOTOR VEHICLE STRUCK MOTOR VEHICLE, FRONT END AT ANGLE",,N,Raining,Wet,Daylight,,,,10,Entering at angle,0,0,N
1285,1,-122.33127820000001,47.604305,1478,238400,238840,E653758,Matched,Block,,4TH AVE BETWEEN CHERRY ST AND COLUMBIA ST, ,,1,Property Damage Only Collision,Parked Car,0,0,0,3,2017/01/25 00:00:00+00,1/25/2017 1:57:00 PM,Mid-Block (not related to intersection),11,"MOTOR VEHICLE STRUCK MOTOR VEHICLE, FRONT END AT ANGLE",,N,Raining,Wet,Daylight,,,,32,One parked--one moving,0,0,N
1286,2,-122.35756629999999,47.61795105,1479,131300,131300,2908091,Matched,Block,,ELLIOTT AVE BETWEEN BAY ST AND W DENNY WAY,,,2,Injury Collision,Pedestrian,2,1,0,1,2012/07/02 00:00:00+00,7/2/2012 5:12:00 PM,Mid-Block (not related to intersection),24,MOTOR VEHCILE STRUCK PEDESTRIAN,,N,Clear,Dry,Daylight,,12184012.0,,0,Vehicle going straight hits pedestrian,0,0,N
1287,1,-122.2924031,47.7328465,1480,77100,77100,2858805,Matched,Block,,LAKE CITY WAY NE BETWEEN NE 143RD ST AND NE 145TH ST,,,1,Property Damage Only Collision,Angles,3,0,0,3,2007/10/15 00:00:00+00,10/15/2007 11:38:00 AM,Mid-Block (but intersection related),16,"MOTOR VEHICLE STRUCK MOTOR VEHICLE, LEFT SIDE SIDESWIPE",,0,Raining,Wet,Daylight,,7288065.0,,10,Entering at angle,0,0,N
1288,1,-122.34188710000001,47.61854842,1481,208800,209020,3789013,Matched,Block,,DENNY WAY BETWEEN DEXTER AVE AND 8TH AVE, ,,1,Property Damage Only Collision,Sideswipe,4,0,0,3,2015/12/04 00:00:00+00,12/4/2015 11:51:00 AM,Mid-Block (not related to intersection),11,"MOTOR VEHICLE STRUCK MOTOR VEHICLE, FRONT END AT ANGLE",Y,N,Clear,Dry,Daylight,,,,11,From same direction - both going straight - both moving - sideswipe,0,0,N
1289,1,-122.3437801,47.63957615,1482,124200,124200,3477463,Matched,Block,,MCGRAW ST BETWEEN DEXTER AVE N AND WAVERLY PL N,,,1,Property Damage Only Collision,Parked Car,2,0,0,2,2011/07/14 00:00:00+00,7/14/2011 9:00:00 AM,Mid-Block (not related to intersection),0,NOT ENOUGH INFORMATION / NOT APPLICABLE,,N,Unknown,Unknown,Unknown,,11195018.0,,32,One parked--one moving,0,0,N
1290,1,-122.3633259,47.68693779,1483,119300,119300,3375169,Matched,Intersection,24058.0,6TH AVE NW AND NW 80TH ST,,,1,Property Damage Only Collision,Left Turn,3,0,0,2,2011/03/04 00:00:00+00,3/4/2011 9:42:00 PM,At Intersection (intersection related),14,"MOTOR VEHICLE STRUCK MOTOR VEHICLE, REAR END",,N,Raining,Wet,Dark - Street Lights On,,11063015.0,,15,From same direction - one left turn - one straight,0,0,N
1291,1,-122.3604692,47.67956029,1484,203700,203840,E467484,Matched,Intersection,24101.0,3RD AVE NW AND NW 70TH ST, ,,1,Property Damage Only Collision,Angles,0,0,0,2,2015/10/02 00:00:00+00,10/2/2015 7:48:00 AM,At Intersection (intersection related),11,"MOTOR VEHICLE STRUCK MOTOR VEHICLE, FRONT END AT ANGLE",,N,Raining,Wet,Dawn,,,,10,Entering at angle,0,0,N
1292,1,-122.3501877,47.61613307,1485,135700,135700,3549252,Matched,Block,,CEDAR ST BETWEEN 1ST AVE AND 2ND AVE,,,1,Property Damage Only Collision,Left Turn,2,0,0,2,2012/10/13 00:00:00+00,10/13/2012 7:42:00 PM,Mid-Block (not related to intersection),11,"MOTOR VEHICLE STRUCK MOTOR VEHICLE, FRONT END AT ANGLE",,N,Raining,Wet,Dark - Street Lights On,,12287023.0,,15,From same direction - one left turn - one straight,0,0,N
1293,1,-122.33317530000001,47.65912599,1486,109600,109600,3327813,Matched,Block,,N 43RD ST BETWEEN MERIDIAN AVE N AND BAGLEY AVE N,,,1,Property Damage Only Collision,Parked Car,2,0,0,2,2010/03/05 00:00:00+00,3/5/2010 6:03:00 PM,Mid-Block (not related to intersection),11,"MOTOR VEHICLE STRUCK MOTOR VEHICLE, FRONT END AT ANGLE",,N,Clear,Dry,Dusk,,10064020.0,,32,One parked--one moving,0,0,N
1294,2,-122.3593397,47.62211776,1487,164800,164820,3584082,Matched,Intersection,28651.0,2ND AVE W AND W HARRISON ST, ,,2,Injury Collision,Angles,3,0,0,2,2014/03/23 00:00:00+00,3/23/2014 4:54:00 PM,At Intersection (intersection related),11,"MOTOR VEHICLE STRUCK MOTOR VEHICLE, FRONT END AT ANGLE",Y,N,Clear,Dry,Daylight,,,,10,Entering at angle,0,0,N
1295,1,-122.32031840000002,47.63502705,1488,85800,85800,2906601,Matched,Block,,E BLAINE ST BETWEEN DEAD END 1 AND 10TH AVE E,,,1,Property Damage Only Collision,Head On,3,0,0,2,2008/01/02 00:00:00+00,1/2/2008,Mid-Block (but intersection related),11,"MOTOR VEHICLE STRUCK MOTOR VEHICLE, FRONT END AT ANGLE",,0,Raining,Wet,Dark - Street Lights On,,8002028.0,,30,From opposite direction - all others,0,0,N
1296,1,-122.32788729999999,47.61617237,1490,232100,232500,E610443,Matched,Block,,MELROSE AVE BETWEEN YALE AVE AND OLIVE WAY, ,,1,Property Damage Only Collision,Other,1,0,0,1,2016/10/10 00:00:00+00,10/10/2016 12:50:00 PM,Mid-Block (not related to intersection),28,MOTOR VEHICLE RAN OFF ROAD - HIT FIXED OBJECT,,N,Clear,Dry,Daylight,,,,50,Fixed object,0,0,N
1297,1,-122.3601018,47.53544208,1491,76200,76200,2792716,Matched,Intersection,33974.0,21ST AVE SW AND SW WEBSTER ST,,,1,Property Damage Only Collision,Sideswipe,2,0,0,2,2007/12/07 00:00:00+00,12/7/2007,At Intersection (intersection related),11,"MOTOR VEHICLE STRUCK MOTOR VEHICLE, FRONT END AT ANGLE",,0,Clear,Dry,Dark - Street Lights On,,7341030.0,,26,From opposite direction - both going straight - sideswipe,0,0,N
1298,2,-122.36479270000001,47.67598993,1493,175700,175720,3695638,Matched,Block,,NW 65TH ST BETWEEN 7TH E AVE NW AND 7TH W AVE NW, ,,2,Injury Collision,Rear Ended,4,0,0,3,2014/09/16 00:00:00+00,9/16/2014 11:53:00 AM,Mid-Block (but intersection related),14,"MOTOR VEHICLE STRUCK MOTOR VEHICLE, REAR END",Y,N,Clear,Dry,Daylight,,,,14,From same direction - both going straight - one stopped - rear-end,0,0,N
1299,2,-122.31267509999999,47.72847403,1496,223600,223880,E563166,Matched,Intersection,35860.0,15TH AVE NE AND NE 137TH ST, ,,2,Injury Collision,Angles,2,0,0,2,2016/06/28 00:00:00+00,6/28/2016 6:13:00 PM,At Intersection (but not related to intersection),11,"MOTOR VEHICLE STRUCK MOTOR VEHICLE, FRONT END AT ANGLE",,N,Clear,Dry,Daylight,,,,10,Entering at angle,0,0,N
1300,1,-122.3342851,47.62426535,1497,171200,171220,3585361,Matched,Intersection,274455.0,FAIRVIEW AVE N AND MERCER S SR ST, ,,1,Property Damage Only Collision,Right Turn,6,0,0,2,2014/07/06 00:00:00+00,7/6/2014 9:19:00 PM,At Intersection (intersection related),11,"MOTOR VEHICLE STRUCK MOTOR VEHICLE, FRONT END AT ANGLE",Y,N,Clear,Dry,Dark - Street Lights On,,,,16,From same direction - one right turn - one straight,0,0,N
1301,1,-122.3761358,47.63538625,1498,108700,108700,3342220,Matched,Block,,15TH AVE W BETWEEN W BLAINE ST AND W HOWE ST,,,1,Property Damage Only Collision,Left Turn,2,0,0,2,2010/06/11 00:00:00+00,6/11/2010 12:01:00 PM,Driveway Junction,11,"MOTOR VEHICLE STRUCK MOTOR VEHICLE, FRONT END AT ANGLE",,0,Overcast,Dry,Daylight,,10162013.0,,28,From opposite direction - one left turn - one straight,0,0,N