,SEVERITYCODE,X,Y,OBJECTID,INCKEY,COLDETKEY,REPORTNO,STATUS,ADDRTYPE,INTKEY,LOCATION,EXCEPTRSNCODE,EXCEPTRSNDESC,SEVERITYCODE.1,SEVERITYDESC,COLLISIONTYPE,PERSONCOUNT,PEDCOUNT,PEDCYLCOUNT,VEHCOUNT,INCDATE,INCDTTM,JUNCTIONTYPE,SDOT_COLCODE,SDOT_COLDESC,INATTENTIONIND,UNDERINFL,WEATHER,ROADCOND,LIGHTCOND,PEDROWNOTGRNT,SDOTCOLNUM,SPEEDING,ST_COLCODE,ST_COLDESC,SEGLANEKEY,CROSSWALKKEY,HITPARKEDCAR
1302,2,-122.3167794,47.61039501,1499,147200,147220,3606084,Matched,Intersection,29783.0,12TH AVE AND E MARION ST, ,,2,Injury Collision,Cycles,2,0,1,1,2013/05/30 00:00:00+00,5/30/2013 4:56:00 PM,At Intersection (intersection related),51,PEDALCYCLIST STRUCK MOTOR VEHICLE FRONT END AT ANGLE,,N,Clear,Dry,Daylight,Y,,,45,Vehicle - Pedalcyclist,10716,0,N
1303,1,-122.3192841,47.54982963,1501,115800,115800,3387685,Matched,Block,,S DORIS ST BETWEEN CORSON AVE S AND AIRPORT WAY S,,,1,Property Damage Only Collision,Parked Car,2,0,0,2,2010/10/30 00:00:00+00,10/30/2010 8:00:00 PM,Mid-Block (not related to intersection),14,"MOTOR VEHICLE STRUCK MOTOR VEHICLE, REAR END",,N,Raining,Wet,Dark - Street Lights On,,10303054.0,,32,One parked--one moving,0,0,N
1304,1,-122.33068899999999,47.60701684,1502,182300,182360,3696194,Matched,Intersection,29947.0,6TH AVE AND MADISON ST, ,,1,Property Damage Only Collision,Angles,4,0,0,2,2014/11/15 00:00:00+00,11/15/2014 11:08:00 PM,At Intersection (intersection related),11,"MOTOR VEHICLE STRUCK MOTOR VEHICLE, FRONT END AT ANGLE",,N,Overcast,Dry,Dark - Street Lights On,,,,10,Entering at angle,0,0,N
1305,1,-122.35530049999998,47.68838959,1503,145200,145200,3377279,Matched,Intersection,24269.0,GREENWOOD AVE N AND N 82ND ST, ,,1,Property Damage Only Collision,Angles,5,0,0,3,2013/04/27 00:00:00+00,4/27/2013 7:13:00 PM,At Intersection (intersection related),11,"MOTOR VEHICLE STRUCK MOTOR VEHICLE, FRONT END AT ANGLE",,N,Overcast,Dry,Daylight,,,,10,Entering at angle,0,0,N
1306,2,-122.3436235,47.62583781,1504,72000,72000,2795296,Matched,Block,,AURORA AVE N BETWEEN ROY ST AND VALLEY ST,,,2,Injury Collision,Rear Ended,2,0,0,2,2007/10/26 00:00:00+00,10/26/2007 4:40:00 PM,Mid-Block (not related to intersection),14,"MOTOR VEHICLE STRUCK MOTOR VEHICLE, REAR END",,0,Clear,Dry,Daylight,,7299027.0,,14,From same direction - both going straight - one stopped - rear-end,0,0,N
1307,1,-122.34306389999999,47.61426825,1506,90400,90400,3277421,Matched,Block,,BLANCHARD ST BETWEEN 3RD AVE AND 4TH AVE,,,1,Property Damage Only Collision,Other,2,0,0,2,2008/09/27 00:00:00+00,9/27/2008 7:22:00 PM,Driveway Junction,11,"MOTOR VEHICLE STRUCK MOTOR VEHICLE, FRONT END AT ANGLE",,0,Clear,Dry,Dark - Street Lights On,,8271026.0,,23,From same direction - all others,0,0,N
1308,2,-122.33420190000001,47.57772754,1507,227600,227940,3754533,Matched,Intersection,31373.0,1ST AVE S AND S FOREST ST, ,,2,Injury Collision,Other,1,0,0,1,2016/09/07 00:00:00+00,9/7/2016 7:13:00 PM,At Intersection (intersection related),18,"MOTOR VEHICLE STRUCK PEDALCYCLIST, FRONT END AT ANGLE",,N,Overcast,Dry,Dusk,,,,52,Vehicle overturned,0,0,N
1309,1,-122.37626329999999,47.64566405,1508,175300,175320,3465973,Matched,Block,,15TH AVE W BETWEEN W ARMOUR ST AND 15TH AV W NB OFF RP, ,,1,Property Damage Only Collision,Rear Ended,3,0,0,2,2014/09/11 00:00:00+00,9/11/2014 6:15:00 PM,Mid-Block (but intersection related),14,"MOTOR VEHICLE STRUCK MOTOR VEHICLE, REAR END",,N,Clear,Dry,Daylight,,,,14,From same direction - both going straight - one stopped - rear-end,0,0,N
1310,1,-122.32458559999999,47.60956945,1509,239400,239840,3756294,Matched,Block,,MADISON ST BETWEEN BOREN AVE AND MINOR AVE,NEI,"Not Enough Information, or Insufficient Location Information",1,Property Damage Only Collision,Parked Car,2,0,0,2,2017/04/10 00:00:00+00,4/10/2017 5:30:00 PM,Mid-Block (not related to intersection),14,"MOTOR VEHICLE STRUCK MOTOR VEHICLE, REAR END",,N,Unknown,Unknown,Unknown,,,,32,One parked--one moving,0,0,Y
1311,1,-122.384018,47.65032742,1510,218200,218500,3740230,Matched,Block,,W BERTONA ST BETWEEN 21ST AVE W AND 22ND AVE W, ,,1,Property Damage Only Collision,Parked Car,2,0,0,2,2016/04/23 00:00:00+00,4/23/2016 1:07:00 AM,Mid-Block (not related to intersection),14,"MOTOR VEHICLE STRUCK MOTOR VEHICLE, REAR END",Y,Y,Clear,Dry,Dark - Street Lights On,,,,32,One parked--one moving,0,0,Y
1312,1,-122.32505379999999,47.59961176,1511,119500,119500,3560283,Matched,Block,,MAYNARD AVE S BETWEEN S MAIN ST AND S JACKSON ST,,,1,Property Damage Only Collision,Parked Car,2,0,0,2,2011/06/03 00:00:00+00,6/3/2011 6:56:00 PM,Mid-Block (not related to intersection),14,"MOTOR VEHICLE STRUCK MOTOR VEHICLE, REAR END",,N,Clear,Dry,Daylight,,11154020.0,,32,One parked--one moving,0,0,N
1313,1,-122.33759199999999,47.61120737,1512,242400,242880,3746487,Matched,Intersection,29579.0,4TH AVE AND PINE ST, ,,1,Property Damage Only Collision,Sideswipe,2,0,0,2,2017/05/23 00:00:00+00,5/23/2017 4:27:00 PM,At Intersection (but not related to intersection),14,"MOTOR VEHICLE STRUCK MOTOR VEHICLE, REAR END",,N,Clear,Dry,Daylight,,,,12,From same direction - both going straight - one stopped - sideswipe,0,0,N
1314,2,-122.31565800000001,47.67581493,1513,193400,193480,E423781,Matched,Intersection,24501.0,12TH AVE NE AND NE 65TH ST, ,,2,Injury Collision,Pedestrian,0,1,0,1,2015/05/11 00:00:00+00,5/11/2015 9:18:00 PM,At Intersection (intersection related),24,MOTOR VEHCILE STRUCK PEDESTRIAN,,N,Overcast,Dry,Dark - Street Lights On,,,,2,Vehicle turning left hits pedestrian,0,524481,N
1315,2,-122.300619,47.66852575,1514,79800,79800,3277089,Matched,Intersection,25939.0,25TH AVE NE AND NE 55TH ST, ,,2,Injury Collision,Pedestrian,2,1,0,1,2008/10/25 00:00:00+00,10/25/2008 5:13:00 PM,At Intersection (intersection related),24,MOTOR VEHCILE STRUCK PEDESTRIAN,Y,0,Clear,Dry,Daylight,,8299005.0,,1,Vehicle turning right hits pedestrian,0,523825,N
1316,1,-122.3576125,47.53624492,1515,169100,169120,3505206,Matched,Block,,DUMAR WAY SW BETWEEN SW ORCHARD ST AND SW AUSTIN ST, ,,1,Property Damage Only Collision,Rear Ended,4,0,0,2,2014/06/02 00:00:00+00,6/2/2014 8:17:00 AM,Mid-Block (not related to intersection),14,"MOTOR VEHICLE STRUCK MOTOR VEHICLE, REAR END",,Y,Clear,Dry,Daylight,,,,14,From same direction - both going straight - one stopped - rear-end,0,0,N
1317,1,-122.33922859999998,47.6610294,1516,85300,85300,3277880,Matched,Intersection,26855.0,WOODLAWN PL N AND DEAD END,,,1,Property Damage Only Collision,Rear Ended,2,0,0,2,2008/09/11 00:00:00+00,9/11/2008 1:05:00 PM,At Intersection (intersection related),14,"MOTOR VEHICLE STRUCK MOTOR VEHICLE, REAR END",Y,0,Clear,Dry,Daylight,,8255012.0,,14,From same direction - both going straight - one stopped - rear-end,0,0,N
1318,2,-122.3042368,47.585499299999995,1517,107000,107000,3211198,Matched,Intersection,31548.0,22ND AVE S AND S PLUM ST,,,2,Injury Collision,Angles,4,0,0,2,2010/05/08 00:00:00+00,5/8/2010 4:05:00 PM,At Intersection (intersection related),11,"MOTOR VEHICLE STRUCK MOTOR VEHICLE, FRONT END AT ANGLE",,N,Clear,Dry,Daylight,,10128019.0,,10,Entering at angle,0,0,N
1319,2,-122.302554,47.58409913,1518,182200,182260,3693708,Matched,Block,,RAINIER AVE S BETWEEN 23RD AVE S AND S WALKER ST, ,,2,Injury Collision,Rear Ended,2,0,0,2,2014/12/23 00:00:00+00,12/23/2014 7:26:00 PM,Mid-Block (but intersection related),14,"MOTOR VEHICLE STRUCK MOTOR VEHICLE, REAR END",Y,N,Raining,,Dark - Street Lights On,,,,14,From same direction - both going straight - one stopped - rear-end,0,0,N
1320,2,-122.34494679999999,47.72048199,1519,230800,231200,E604984,Matched,Block,,AURORA AVE N BETWEEN N 125TH ST AND N 127TH ST, ,,2,Injury Collision,Angles,4,0,0,4,2016/11/04 00:00:00+00,11/4/2016 1:40:00 PM,Driveway Junction,11,"MOTOR VEHICLE STRUCK MOTOR VEHICLE, FRONT END AT ANGLE",Y,N,Clear,Dry,Daylight,,,Y,10,Entering at angle,0,0,N
1321,1,-122.3804991,47.56966534,1520,114500,114500,3342849,Matched,Block,,38TH AVE SW BETWEEN SW CHARLESTOWN ST AND BELVIDERE AVE SW,,,1,Property Damage Only Collision,Parked Car,2,0,0,2,2010/10/10 00:00:00+00,10/10/2010 11:05:00 PM,Mid-Block (not related to intersection),11,"MOTOR VEHICLE STRUCK MOTOR VEHICLE, FRONT END AT ANGLE",,N,Overcast,Wet,Dark - Street Lights On,,10283016.0,,32,One parked--one moving,0,0,N
1322,1,-122.3039722,47.66345935,1521,206600,206800,3775709,Matched,Block,,22ND AVE NE BETWEEN 22ND WR S AVE NE AND NE 50TH ST,NEI,"Not Enough Information, or Insufficient Location Information",1,Property Damage Only Collision,Parked Car,2,0,0,2,2015/11/06 00:00:00+00,11/6/2015 7:00:00 AM,,0,NOT ENOUGH INFORMATION / NOT APPLICABLE,,N,Unknown,Unknown,Unknown,,,,32,One parked--one moving,0,0,N
1323,1,-122.30266440000001,47.61473136,1523,125600,125600,3344141,Matched,Block,,23RD AVE BETWEEN E PIKE ST AND E PINE ST,,,1,Property Damage Only Collision,Rear Ended,5,0,0,3,2011/06/03 00:00:00+00,6/3/2011 8:51:00 AM,Mid-Block (but intersection related),14,"MOTOR VEHICLE STRUCK MOTOR VEHICLE, REAR END",Y,N,Clear,Dry,Daylight,,11154025.0,,14,From same direction - both going straight - one stopped - rear-end,0,0,N
1324,1,-122.38677050000001,47.56746537,1524,201500,201640,3734738,Matched,Block,,CALIFORNIA AVE SW BETWEEN SW ANDOVER ST AND SW DAKOTA ST,NEI,"Not Enough Information, or Insufficient Location Information",1,Property Damage Only Collision,Parked Car,2,0,0,2,2015/08/27 00:00:00+00,8/27/2015 7:30:00 PM,,13,"MOTOR VEHICLE STRUCK MOTOR VEHICLE, LEFT SIDE AT ANGLE",,N,Clear,Dry,Unknown,,,,32,One parked--one moving,0,0,Y
1325,1,-122.32836189999999,47.63750531,1525,180600,180660,3590524,Matched,Block,,MINOR AVE E BETWEEN E NEWTON ST AND E BOSTON ST,NEI,"Not Enough Information, or Insufficient Location Information",1,Property Damage Only Collision,Parked Car,2,0,0,2,2014/11/13 00:00:00+00,11/13/2014 12:01:00 AM,Mid-Block (not related to intersection),0,NOT ENOUGH INFORMATION / NOT APPLICABLE,,N,Unknown,Unknown,Unknown,,,,32,One parked--one moving,0,0,N
1326,1,-122.31612759999999,47.60620027,1526,170500,170520,3701569,Matched,Block,,E JEFFERSON ST BETWEEN 12TH AVE AND 13TH AVE, ,,1,Property Damage Only Collision,Rear Ended,3,0,0,2,2014/06/24 00:00:00+00,6/24/2014 5:31:00 PM,Mid-Block (but intersection related),14,"MOTOR VEHICLE STRUCK MOTOR VEHICLE, REAR END",,N,Clear,Dry,Daylight,,,,14,From same direction - both going straight - one stopped - rear-end,0,0,N
1327,1,-122.29448729999999,47.73376939,1527,79400,79400,3277158,Matched,Block,,NE 145TH ST BETWEEN 31ST AVE NE AND 32ND AVE NE,,,1,Property Damage Only Collision,Other,1,0,0,1,2008/11/25 00:00:00+00,11/25/2008 3:05:00 AM,Driveway Junction,28,MOTOR VEHICLE RAN OFF ROAD - HIT FIXED OBJECT,,0,Clear,Dry,Dark - Street Lights On,,8330010.0,Y,50,Fixed object,0,0,N
1328,1,-122.3534713,47.51735061,1528,132600,132600,3342512,Matched,Block,,SW ROXBURY ST BETWEEN 14TH AVE SW AND 15TH AVE SW,,,1,Property Damage Only Collision,Angles,6,0,0,3,2012/09/09 00:00:00+00,9/9/2012 4:30:00 PM,Mid-Block (not related to intersection),11,"MOTOR VEHICLE STRUCK MOTOR VEHICLE, FRONT END AT ANGLE",,N,Clear,Dry,Daylight,,12253015.0,,10,Entering at angle,0,0,N
1329,1,-122.2991179,47.6214915,1529,118700,118700,3550333,Matched,Block,,E MADISON ST BETWEEN 25TH AVE E AND 26TH AVE E,,,1,Property Damage Only Collision,Parked Car,2,0,0,2,2011/05/14 00:00:00+00,5/14/2011 11:00:00 PM,,0,NOT ENOUGH INFORMATION / NOT APPLICABLE,,N,Unknown,Unknown,Unknown,,11134030.0,,32,One parked--one moving,0,0,N
1330,1,-122.3346656,47.60968542,1530,229500,229860,3739986,Matched,Intersection,29913.0,5TH AVE AND UNION ST, ,,1,Property Damage Only Collision,Sideswipe,2,0,0,2,2016/10/05 00:00:00+00,10/5/2016 3:20:00 PM,At Intersection (intersection related),11,"MOTOR VEHICLE STRUCK MOTOR VEHICLE, FRONT END AT ANGLE",,N,Clear,Dry,Daylight,,,,81,Same direction -- both turning left -- both moving -- sideswipe,0,0,N
1331,1,-122.3174432,47.6043591,1531,96300,96300,3274625,Matched,Block,,E ALDER ST BETWEEN 11TH AVE AND 12TH AVE,,,1,Property Damage Only Collision,Parked Car,2,0,0,2,2009/02/23 00:00:00+00,2/23/2009 9:30:00 PM,,0,NOT ENOUGH INFORMATION / NOT APPLICABLE,,0,Unknown,Unknown,Unknown,,9054015.0,,32,One parked--one moving,0,0,N
1332,1,-122.30461090000001,47.64555665,1533,73000,73000,C690459,Matched,Intersection,28389.0,MONTLAKE BLVD E AND E HAMLIN ST,,,1,Property Damage Only Collision,Left Turn,2,0,0,2,2007/08/16 00:00:00+00,8/16/2007 12:48:00 PM,At Intersection (intersection related),11,"MOTOR VEHICLE STRUCK MOTOR VEHICLE, FRONT END AT ANGLE",,0,Clear,Dry,Daylight,,7228032.0,,28,From opposite direction - one left turn - one straight,0,0,N
1333,1,-122.336506,47.69686778,1534,74900,74900,2799036,Matched,Block,,WALLINGFORD AVE N BETWEEN N 92ND ST AND N 95TH ST,,,1,Property Damage Only Collision,Parked Car,2,0,0,2,2007/10/19 00:00:00+00,10/19/2007 2:00:00 AM,Mid-Block (not related to intersection),12,"MOTOR VEHICLE STRUCK MOTOR VEHICLE, RIGHT SIDE AT ANGLE",,0,Raining,Wet,Dark - Street Lights On,,7292053.0,,32,One parked--one moving,0,0,N
1334,1,-122.3194347,47.61294002,1535,204800,204940,3737763,Matched,Intersection,29759.0,10TH AVE AND E UNION ST, ,,1,Property Damage Only Collision,Other,1,0,0,1,2015/10/14 00:00:00+00,10/14/2015 3:50:00 AM,At Intersection (intersection related),26,MOTOR VEHICLE STRUCK OBJECT IN ROAD,,N,Clear,Dry,Dark - Street Lights On,,,,50,Fixed object,0,0,N
1335,1,-122.3708077,47.56471397,1536,136000,136000,3547445,Matched,Intersection,32144.0,30TH AVE SW AND SW GENESEE ST,,,1,Property Damage Only Collision,Angles,3,0,0,2,2012/09/08 00:00:00+00,9/8/2012 5:43:00 PM,At Intersection (intersection related),11,"MOTOR VEHICLE STRUCK MOTOR VEHICLE, FRONT END AT ANGLE",,N,Clear,Dry,Daylight,,12252005.0,Y,10,Entering at angle,0,0,N
1336,1,-122.33656470000001,47.60505166,1537,81200,81200,2908042,Matched,Block,,1ST AVE BETWEEN MADISON ST AND SPRING ST,,,1,Property Damage Only Collision,Sideswipe,2,0,0,2,2008/08/27 00:00:00+00,8/27/2008 8:46:00 AM,Mid-Block (not related to intersection),11,"MOTOR VEHICLE STRUCK MOTOR VEHICLE, FRONT END AT ANGLE",Y,0,Clear,Dry,Daylight,,8240025.0,,11,From same direction - both going straight - both moving - sideswipe,0,0,N
1337,2,-122.37630039999999,47.65305688,1538,191800,191880,E413124,Matched,Block,,15TH EMERSON RP BETWEEN 15TH AV W ON RP AND EMERSON TURN RD, ,,2,Injury Collision,Head On,3,0,0,2,2015/03/27 00:00:00+00,3/27/2015 8:27:00 PM,Mid-Block (not related to intersection),11,"MOTOR VEHICLE STRUCK MOTOR VEHICLE, FRONT END AT ANGLE",Y,N,Overcast,Dry,Dark - No Street Lights,,,,24,From opposite direction - both moving - head-on,0,0,N
1338,2,-122.3073277,47.73206883,1539,142000,142000,3333937,Matched,Intersection,36083.0,20TH AVE NE AND NE 143RD ST,,,2,Injury Collision,Angles,2,0,0,2,2012/02/09 00:00:00+00,2/9/2012 3:00:00 PM,At Intersection (intersection related),11,"MOTOR VEHICLE STRUCK MOTOR VEHICLE, FRONT END AT ANGLE",,N,Raining,Wet,Daylight,,12040017.0,,10,Entering at angle,0,0,N
1339,2,-122.34188710000001,47.61854842,1540,198800,198940,3732747,Matched,Block,,DENNY WAY BETWEEN DEXTER AVE AND 8TH AVE, ,,2,Injury Collision,Rear Ended,8,0,0,3,2015/07/24 00:00:00+00,7/24/2015 2:41:00 PM,Mid-Block (not related to intersection),14,"MOTOR VEHICLE STRUCK MOTOR VEHICLE, REAR END",Y,N,Clear,Dry,Daylight,,,,14,From same direction - both going straight - one stopped - rear-end,0,0,N
1340,1,-122.33418490000001,47.60004423,1542,91600,91600,2608015,Matched,Intersection,30364.0,1ST AVE S AND S MAIN ST,,,1,Property Damage Only Collision,Rear Ended,4,0,0,2,2008/09/14 00:00:00+00,9/14/2008 10:30:00 AM,At Intersection (intersection related),14,"MOTOR VEHICLE STRUCK MOTOR VEHICLE, REAR END",,0,Clear,Dry,Daylight,,8258012.0,,14,From same direction - both going straight - one stopped - rear-end,0,0,N
1341,1,-122.32386899999999,47.593117799999995,1543,273200,274040,E773696,Matched,Block,,AIRPORT NB WAY S BETWEEN AIRPORT WAY S AND 7TH AVE S, ,,1,Property Damage Only Collision,Rear Ended,2,0,0,2,2018/02/26 00:00:00+00,2/26/2018 9:18:00 AM,Mid-Block (but intersection related),14,"MOTOR VEHICLE STRUCK MOTOR VEHICLE, REAR END",Y,N,Clear,Dry,Daylight,,,,14,From same direction - both going straight - one stopped - rear-end,0,0,N
1342,1,-122.3208989,47.62153197,1544,174900,174920,3701840,Matched,Block,,BROADWAY E BETWEEN E THOMAS ST AND E HARRISON ST, ,,1,Property Damage Only Collision,Other,1,0,0,1,2014/08/18 00:00:00+00,8/18/2014 12:08:00 PM,Mid-Block (not related to intersection),28,MOTOR VEHICLE RAN OFF ROAD - HIT FIXED OBJECT,Y,N,Clear,Dry,Daylight,,,,50,Fixed object,0,0,N
1343,1,-122.37615020000001,47.56835681,1545,88100,88100,2895972,Matched,Intersection,31875.0,35TH AVE SW AND SW ANDOVER N ST,,,1,Property Damage Only Collision,Angles,4,0,0,2,2008/09/09 00:00:00+00,9/9/2008,At Intersection (intersection related),11,"MOTOR VEHICLE STRUCK MOTOR VEHICLE, FRONT END AT ANGLE",,0,Clear,Dry,Daylight,,8253007.0,,10,Entering at angle,0,0,N
1344,1,-122.360238,47.66597696,1546,243900,244440,E680653,Matched,Block,,NW MARKET ST BETWEEN NW 50TH ST AND 3RD AVE NW, ,,1,Property Damage Only Collision,Other,1,0,0,1,2017/06/08 00:00:00+00,6/8/2017 6:32:00 AM,Mid-Block (not related to intersection),28,MOTOR VEHICLE RAN OFF ROAD - HIT FIXED OBJECT,,N,Raining,Wet,Daylight,,,Y,50,Fixed object,0,0,N
1345,2,-122.3768028,47.68966537,1547,172100,172120,3646360,Matched,Block,,15TH AVE NW BETWEEN NW 83RD ST AND NW 85TH ST, ,,2,Injury Collision,Rear Ended,4,0,0,3,2014/07/19 00:00:00+00,7/19/2014 7:15:00 PM,Mid-Block (but intersection related),14,"MOTOR VEHICLE STRUCK MOTOR VEHICLE, REAR END",Y,N,Clear,Dry,Daylight,,,,14,From same direction - both going straight - one stopped - rear-end,0,0,N
1346,1,-122.3473112,47.66500911,1548,109300,109300,3287021,Matched,Intersection,25652.0,AURORA AVE N AND N 50 UPPER ST,,,1,Property Damage Only Collision,Angles,3,0,0,2,2010/02/23 00:00:00+00,2/23/2010 5:58:00 AM,At Intersection (intersection related),11,"MOTOR VEHICLE STRUCK MOTOR VEHICLE, FRONT END AT ANGLE",,N,Clear,Dry,Dawn,,10054009.0,,10,Entering at angle,0,0,N
1347,1,-122.34475549999999,47.64975609,1549,186600,186680,3707984,Matched,Intersection,27040.0,ALBION PL N AND N 35TH ST, ,,1,Property Damage Only Collision,Angles,4,0,0,2,2015/02/27 00:00:00+00,2/27/2015 1:53:00 PM,At Intersection (intersection related),11,"MOTOR VEHICLE STRUCK MOTOR VEHICLE, FRONT END AT ANGLE",Y,N,Overcast,Dry,Daylight,,,,10,Entering at angle,0,0,N
1348,2,-122.3762222,47.66121143,1551,163800,163820,3572973,Matched,Block,,BALLARD BR BETWEEN POINT B AND BALLARD BR OFF RP, ,,2,Injury Collision,Rear Ended,6,0,0,3,2014/03/04 00:00:00+00,3/4/2014 3:00:00 PM,Mid-Block (not related to intersection),14,"MOTOR VEHICLE STRUCK MOTOR VEHICLE, REAR END",,N,Raining,Wet,Daylight,,,,14,From same direction - both going straight - one stopped - rear-end,0,0,N
1349,1,-122.38570800000001,47.54756931,1552,232400,232800,3694804,Unmatched,Block,,42ND AVE SW BETWEEN SW RAYMOND ST AND SW GRAHAM ST, ,,1,Property Damage Only Collision,,3,0,0,0,2016/12/02 00:00:00+00,12/2/2016,Mid-Block (not related to intersection),14,"MOTOR VEHICLE STRUCK MOTOR VEHICLE, REAR END",,,,,,,,, ,,0,0,Y
1350,2,-122.3424392,47.65538288,1553,105000,105000,3206531,Matched,Intersection,26848.0,STONE WAY N AND N 40TH ST,,,2,Injury Collision,Angles,2,0,0,2,2009/05/21 00:00:00+00,5/21/2009 12:23:00 AM,At Intersection (intersection related),11,"MOTOR VEHICLE STRUCK MOTOR VEHICLE, FRONT END AT ANGLE",,0,Clear,Dry,Dark - Street Lights On,,9141002.0,,10,Entering at angle,0,0,N
1351,2,-122.2879335,47.71922945,1554,227100,227440,E584763,Matched,Block,,NE 125TH ST BETWEEN 37TH AVE NE AND 38TH AVE NE, ,,2,Injury Collision,Rear Ended,4,0,0,2,2016/09/14 00:00:00+00,9/14/2016 7:00:00 AM,Mid-Block (but intersection related),14,"MOTOR VEHICLE STRUCK MOTOR VEHICLE, REAR END",,N,Clear,Dry,Daylight,,,,14,From same direction - both going straight - one stopped - rear-end,0,0,N
1352,1,-122.3368227,47.53945803,1555,174600,174620,3644551,Matched,Block,,2ND AV SW TURN RD BETWEEN HIGHLAND PARK WAY SW AND 2ND AVE SW, ,,1,Property Damage Only Collision,Rear Ended,2,0,0,2,2014/08/26 00:00:00+00,8/26/2014 8:16:00 AM,Mid-Block (but intersection related),14,"MOTOR VEHICLE STRUCK MOTOR VEHICLE, REAR END",Y,N,Clear,Dry,Daylight,,,,14,From same direction - both going straight - one stopped - rear-end,0,0,N
1353,1,-122.2547159,47.51716333,1556,222000,222280,3735404,Matched,Block,,RAINIER AVE S BETWEEN S KEPPLER ST AND S PILGRIM ST, ,,1,Property Damage Only Collision,Parked Car,2,0,0,2,2016/06/11 00:00:00+00,6/11/2016 3:21:00 AM,Mid-Block (not related to intersection),14,"MOTOR VEHICLE STRUCK MOTOR VEHICLE, REAR END",,N,Overcast,Dry,Dark - Street Lights On,,,,32,One parked--one moving,0,0,Y
1354,1,-122.31758319999999,47.61993193,1557,218100,218400,3731930,Matched,Block,,E JOHN ST BETWEEN 11TH AVE E AND 12TH AVE E, ,,1,Property Damage Only Collision,Rear Ended,3,0,0,2,2016/04/22 00:00:00+00,4/22/2016 4:55:00 PM,Mid-Block (not related to intersection),14,"MOTOR VEHICLE STRUCK MOTOR VEHICLE, REAR END",,N,Overcast,Dry,Daylight,,,,14,From same direction - both going straight - one stopped - rear-end,0,0,N
1355,1,-122.3334501,47.54664079,1558,242100,242560,E661603,Matched,Block,,EAST MARGINAL WAY S BETWEEN 1ST AV S BR NB AND S FRONT ST, ,,1,Property Damage Only Collision,Rear Ended,2,0,0,2,2017/04/09 00:00:00+00,4/9/2017 3:35:00 PM,Mid-Block (not related to intersection),14,"MOTOR VEHICLE STRUCK MOTOR VEHICLE, REAR END",,N,Overcast,Dry,Daylight,,,,14,From same direction - both going straight - one stopped - rear-end,0,0,N
1356,2,-122.3191726,47.66130885,1559,161600,161620,3591310,Matched,Block,,NE 45TH ST BETWEEN 8TH E AVE NE AND 9TH W AVE NE, ,,2,Injury Collision,Other,1,0,0,1,2014/02/06 00:00:00+00,2/6/2014 2:24:00 PM,Mid-Block (not related to intersection),28,MOTOR VEHICLE RAN OFF ROAD - HIT FIXED OBJECT,,N,Overcast,Dry,Daylight,,,,50,Fixed object,0,0,N
1357,1,-122.3303629,47.60665837,1560,171400,171420,3696684,Matched,Block,,6TH AVE BETWEEN MARION ST AND MADISON ST, ,,1,Property Damage Only Collision,Parked Car,2,0,0,2,2014/07/08 00:00:00+00,7/8/2014 11:45:00 PM,Mid-Block (not related to intersection),15,"MOTOR VEHICLE STRUCK MOTOR VEHICLE, RIGHT SIDE SIDESWIPE",Y,Y,Clear,Dry,Dark - Street Lights On,,,,32,One parked--one moving,0,0,N
1358,2,-122.31555870000001,47.65686219,1561,67700,67700,2881120,Matched,Intersection,27103.0,12TH AVE NE AND NE 41ST ST,,,2,Injury Collision,Angles,2,0,0,2,2007/11/02 00:00:00+00,11/2/2007,At Intersection (intersection related),11,"MOTOR VEHICLE STRUCK MOTOR VEHICLE, FRONT END AT ANGLE",,0,Clear,Dry,Dusk,,7306015.0,,10,Entering at angle,0,0,N
1359,1,,,1562,147500,147520,C771138,Unmatched,Block,,ALASKAN WY VI SB BETWEEN COLUMBIA ST ON RP AND ALASKAN WY VI SB EFR OFF RP, ,,1,Property Damage Only Collision,,1,0,0,0,2012/10/25 00:00:00+00,10/25/2012,Mid-Block (not related to intersection),11,"MOTOR VEHICLE STRUCK MOTOR VEHICLE, FRONT END AT ANGLE",,,,,,,,, ,,0,0,N
1360,1,-122.31802900000001,47.66130134,1563,85200,85200,2893057,Matched,Block,,NE 45TH ST BETWEEN 9TH E AVE NE AND ROOSEVELT WAY NE,,,1,Property Damage Only Collision,Sideswipe,3,0,0,2,2008/01/08 00:00:00+00,1/8/2008,Mid-Block (not related to intersection),11,"MOTOR VEHICLE STRUCK MOTOR VEHICLE, FRONT END AT ANGLE",,0,Raining,Wet,Dawn,,8008013.0,,11,From same direction - both going straight - both moving - sideswipe,0,0,N
1361,1,-122.28294299999999,47.67760064,1564,106700,106700,3328386,Matched,Block,,NE 68TH ST BETWEEN 42ND AVE NE AND 43RD AVE NE,,,1,Property Damage Only Collision,Parked Car,2,0,0,2,2009/08/21 00:00:00+00,8/21/2009 4:30:00 PM,Mid-Block (not related to intersection),16,"MOTOR VEHICLE STRUCK MOTOR VEHICLE, LEFT SIDE SIDESWIPE",,0,Unknown,Dry,Unknown,,9233025.0,,32,One parked--one moving,0,0,N
1362,1,-122.34888070000001,47.61242925,1565,128500,128500,3567943,Matched,Block,,ELLIOTT AVE BETWEEN BELL ST AND BATTERY ST,,,1,Property Damage Only Collision,Parked Car,4,0,0,2,2011/05/08 00:00:00+00,5/8/2011 1:51:00 PM,Mid-Block (not related to intersection),11,"MOTOR VEHICLE STRUCK MOTOR VEHICLE, FRONT END AT ANGLE",,Y,Clear,Dry,Daylight,,11128006.0,,20,One car leaving parked position,0,0,N