,SEVERITYCODE,X,Y,OBJECTID,INCKEY,COLDETKEY,REPORTNO,STATUS,ADDRTYPE,INTKEY,LOCATION,EXCEPTRSNCODE,EXCEPTRSNDESC,SEVERITYCODE.1,SEVERITYDESC,COLLISIONTYPE,PERSONCOUNT,PEDCOUNT,PEDCYLCOUNT,VEHCOUNT,INCDATE,INCDTTM,JUNCTIONTYPE,SDOT_COLCODE,SDOT_COLDESC,INATTENTIONIND,UNDERINFL,WEATHER,ROADCOND,LIGHTCOND,PEDROWNOTGRNT,SDOTCOLNUM,SPEEDING,ST_COLCODE,ST_COLDESC,SEGLANEKEY,CROSSWALKKEY,HITPARKEDCAR
1363,2,-122.33823829999999,47.55576875,1566,289800,290660,E803523,Matched,Intersection,33022.0,EAST MARGINAL WAY S AND S DAWSON ST, ,,2,Injury Collision,Left Turn,2,0,0,2,2018/05/31 00:00:00+00,5/31/2018 9:23:00 AM,At Intersection (intersection related),11,"MOTOR VEHICLE STRUCK MOTOR VEHICLE, FRONT END AT ANGLE",,N,Clear,Dry,Daylight,,,,28,From opposite direction - one left turn - one straight,0,0,N
1364,1,-122.3115774,47.59922460000001,1567,75100,75100,C694273,Matched,Intersection,30748.0,16TH AVE S AND S JACKSON ST,,,1,Property Damage Only Collision,Angles,2,0,0,2,2007/10/19 00:00:00+00,10/19/2007 5:45:00 PM,At Intersection (intersection related),11,"MOTOR VEHICLE STRUCK MOTOR VEHICLE, FRONT END AT ANGLE",,0,Overcast,Dry,Dusk,,7292068.0,,10,Entering at angle,0,0,N
1365,1,-122.3770713,47.58069687,1568,226900,227240,E581228,Matched,Block,,SW ADMIRAL WAY BETWEEN SW OLGA ST AND 37TH E AVE SW, ,,1,Property Damage Only Collision,Other,5,0,0,2,2016/09/02 00:00:00+00,9/2/2016 9:21:00 PM,Mid-Block (not related to intersection),14,"MOTOR VEHICLE STRUCK MOTOR VEHICLE, REAR END",,N,Clear,Dry,Dark - Street Lights On,,,,23,From same direction - all others,0,0,N
1366,2,-122.3154063,47.71943187,1569,174100,174120,3702910,Matched,Intersection,35901.0,12TH AVE NE AND NE 125TH ST, ,,2,Injury Collision,Rear Ended,5,0,0,3,2014/08/01 00:00:00+00,8/1/2014 5:15:00 PM,At Intersection (intersection related),14,"MOTOR VEHICLE STRUCK MOTOR VEHICLE, REAR END",,N,Clear,Dry,Daylight,,,,14,From same direction - both going straight - one stopped - rear-end,0,0,N
1367,2,-122.303903,47.61824961,1570,185100,185180,3199439,Matched,Block,,E MADISON ST BETWEEN E DENNY WAY AND 22ND AVE E, ,,2,Injury Collision,Sideswipe,2,0,0,2,2015/02/09 00:00:00+00,2/9/2015 12:56:00 PM,Mid-Block (but intersection related),11,"MOTOR VEHICLE STRUCK MOTOR VEHICLE, FRONT END AT ANGLE",,N,Raining,Wet,Daylight,,,,11,From same direction - both going straight - both moving - sideswipe,0,0,N
1368,1,-122.31643390000002,47.68309854,1571,177600,177620,3575201,Matched,Intersection,24430.0,11TH AVE NE AND NE 75TH ST, ,,1,Property Damage Only Collision,Angles,2,0,0,2,2014/10/16 00:00:00+00,10/16/2014 3:37:00 PM,At Intersection (intersection related),11,"MOTOR VEHICLE STRUCK MOTOR VEHICLE, FRONT END AT ANGLE",,N,Clear,Dry,Daylight,,,,10,Entering at angle,0,0,N
1369,2,-122.3956872,47.67802419,1572,241600,242040,3762912,Matched,Intersection,24022.0,30TH AVE NW AND NW 68TH ST, ,,2,Injury Collision,Angles,3,0,0,2,2017/05/21 00:00:00+00,5/21/2017 4:14:00 PM,At Intersection (intersection related),11,"MOTOR VEHICLE STRUCK MOTOR VEHICLE, FRONT END AT ANGLE",,N,Clear,Dry,Daylight,,,,10,Entering at angle,0,0,N
1370,2,-122.32139280000001,47.58620476,1573,127100,127100,3563520,Matched,Intersection,31243.0,AIRPORT WAY S AND S HOLGATE S ST,,,2,Injury Collision,Left Turn,3,0,0,2,2011/12/07 00:00:00+00,12/7/2011 8:10:00 AM,At Intersection (intersection related),11,"MOTOR VEHICLE STRUCK MOTOR VEHICLE, FRONT END AT ANGLE",,N,Raining,Wet,Daylight,,11341027.0,,28,From opposite direction - one left turn - one straight,0,0,N
1371,2,-122.31246409999999,47.65297596,1575,66600,66600,2620644,Matched,Intersection,27149.0,15TH AVE NE AND NE PACIFIC ST,,,2,Injury Collision,Angles,4,0,0,2,2007/07/10 00:00:00+00,7/10/2007 7:08:00 PM,At Intersection (intersection related),11,"MOTOR VEHICLE STRUCK MOTOR VEHICLE, FRONT END AT ANGLE",,0,Clear,Dry,Daylight,,7191012.0,,10,Entering at angle,0,0,N
1372,1,-122.3636233,47.62291347,1576,165200,165220,3577704,Matched,Block,,ELLIOTT AVE W BETWEEN W HARRISON ST AND 6TH AVE W, ,,1,Property Damage Only Collision,Sideswipe,2,0,0,2,2014/03/18 00:00:00+00,3/18/2014 5:35:00 PM,Mid-Block (not related to intersection),11,"MOTOR VEHICLE STRUCK MOTOR VEHICLE, FRONT END AT ANGLE",Y,N,Clear,Unknown,Daylight,,,,11,From same direction - both going straight - both moving - sideswipe,0,0,N
1373,1,-122.30894679999999,47.66125929,1577,77900,77900,2799108,Matched,Block,,NE 45TH ST BETWEEN 17TH NB AVE NE AND 18TH AVE NE,,,1,Property Damage Only Collision,Rear Ended,4,0,0,2,2007/09/20 00:00:00+00,9/20/2007 2:06:00 PM,Mid-Block (not related to intersection),14,"MOTOR VEHICLE STRUCK MOTOR VEHICLE, REAR END",,0,Overcast,Dry,Daylight,,7263008.0,,14,From same direction - both going straight - one stopped - rear-end,0,0,N
1374,1,-122.31258659999999,47.71669489999999,1578,209800,210020,E493569,Matched,Block,,15TH AVE NE BETWEEN NE 120TH ST AND NE 123RD ST, ,,1,Property Damage Only Collision,Rear Ended,3,0,0,3,2015/12/09 00:00:00+00,12/9/2015 5:45:00 PM,Mid-Block (not related to intersection),14,"MOTOR VEHICLE STRUCK MOTOR VEHICLE, REAR END",Y,N,Overcast,Dry,Dark - Street Lights On,,,,14,From same direction - both going straight - one stopped - rear-end,0,0,N
1375,1,-122.31213600000001,47.68576825,1579,176800,176820,3591746,Matched,Block,,15TH AVE NE BETWEEN NE 77TH ST AND NE 80TH ST, ,,1,Property Damage Only Collision,Sideswipe,2,0,0,2,2014/10/06 00:00:00+00,10/6/2014 5:40:00 PM,Mid-Block (not related to intersection),11,"MOTOR VEHICLE STRUCK MOTOR VEHICLE, FRONT END AT ANGLE",Y,N,Clear,Dry,Daylight,,,,11,From same direction - both going straight - both moving - sideswipe,0,0,N
1376,2,-122.30238179999999,47.62675926,1580,128100,128100,3559766,Matched,Intersection,29328.0,23RD AVE E AND E ALOHA ST,,,2,Injury Collision,Other,2,0,0,2,2011/01/30 00:00:00+00,1/30/2011 1:48:00 AM,At Intersection (intersection related),14,"MOTOR VEHICLE STRUCK MOTOR VEHICLE, REAR END",,Y,Raining,Wet,Dark - Street Lights On,,11030004.0,Y,23,From same direction - all others,0,0,N
1377,1,-122.3401308,47.51727252,1581,88900,88900,2792789,Matched,Intersection,34984.0,OLSON PL SW AND SW ROXBURY ST,,,1,Property Damage Only Collision,Left Turn,2,0,0,2,2008/02/25 00:00:00+00,2/25/2008 3:21:00 PM,At Intersection (intersection related),11,"MOTOR VEHICLE STRUCK MOTOR VEHICLE, FRONT END AT ANGLE",,0,Clear,Dry,Daylight,,8056018.0,,28,From opposite direction - one left turn - one straight,0,0,N
1378,2,-122.31696509999999,47.60085286,1582,226000,226340,3704779,Matched,Intersection,30418.0,12TH AVE S AND BOREN AVE S, ,,2,Injury Collision,Cycles,2,0,1,1,2016/08/13 00:00:00+00,8/13/2016 9:15:00 PM,At Intersection (intersection related),51,PEDALCYCLIST STRUCK MOTOR VEHICLE FRONT END AT ANGLE,,N,Clear,Dry,Dark - Street Lights On,,,,45,Vehicle - Pedalcyclist,34870,0,N
1379,1,-122.323242,47.70744141,1585,145600,145600,C773364,Unmatched,Block,,5TH AVE NE BETWEEN NE 106TH ST AND NE NORTHGATE WAY, ,,1,Property Damage Only Collision,,2,0,0,0,2013/01/03 00:00:00+00,1/3/2013,Mid-Block (not related to intersection),14,"MOTOR VEHICLE STRUCK MOTOR VEHICLE, REAR END",,,,,,,,, ,,0,0,N
1380,2,-122.3283588,47.61369803,1586,289100,289960,E801024,Matched,Block,,PIKE ST BETWEEN BOREN AVE AND MELROSE AVE, ,,2,Injury Collision,Sideswipe,3,0,0,2,2018/04/27 00:00:00+00,4/27/2018 9:53:00 PM,Mid-Block (not related to intersection),11,"MOTOR VEHICLE STRUCK MOTOR VEHICLE, FRONT END AT ANGLE",Y,N,Clear,Dry,Dark - Street Lights On,,,,11,From same direction - both going straight - both moving - sideswipe,0,0,N
1381,1,-122.3235006,47.58610117,1587,114800,114800,3325901,Matched,Intersection,31242.0,S HOLGATE BR AND S HOLGATE ST,,,1,Property Damage Only Collision,Right Turn,2,0,0,2,2010/02/03 00:00:00+00,2/3/2010 1:40:00 PM,At Intersection (intersection related),11,"MOTOR VEHICLE STRUCK MOTOR VEHICLE, FRONT END AT ANGLE",,N,Raining,Wet,Daylight,,10034035.0,,16,From same direction - one right turn - one straight,0,0,N
1382,2,-122.3520997,47.61858907,1588,205900,206060,3703620,Matched,Block,,DENNY WAY BETWEEN 2ND AVE AND 3RD AVE, ,,2,Injury Collision,Rear Ended,2,0,0,2,2015/10/30 00:00:00+00,10/30/2015 3:30:00 PM,Mid-Block (not related to intersection),14,"MOTOR VEHICLE STRUCK MOTOR VEHICLE, REAR END",Y,N,Clear,Dry,Daylight,,,,14,From same direction - both going straight - one stopped - rear-end,0,0,N
1383,1,-122.33169070000001,47.61230225,1589,122300,122300,3335385,Matched,Block,,PIKE ST BETWEEN 8TH AVE AND CONVENTION PL,,,1,Property Damage Only Collision,Rear Ended,2,0,0,2,2011/04/25 00:00:00+00,4/25/2011 8:46:00 PM,Mid-Block (not related to intersection),14,"MOTOR VEHICLE STRUCK MOTOR VEHICLE, REAR END",,N,Clear,Dry,Dark - Street Lights On,,11115017.0,,13,From same direction - both going straight - both moving - rear-end,0,0,N
1384,1,-122.3394393,47.56341172,1590,178000,178020,3591097,Matched,Block,,EAST MARGINAL WAY S BETWEEN S IDAHO ST AND DIAGONAL AVE S, ,,1,Property Damage Only Collision,Rear Ended,2,0,0,2,2014/10/23 00:00:00+00,10/23/2014 6:35:00 AM,Mid-Block (but intersection related),14,"MOTOR VEHICLE STRUCK MOTOR VEHICLE, REAR END",,N,Unknown,Unknown,Unknown,,,,14,From same direction - both going straight - one stopped - rear-end,0,0,N
1385,1,-122.2907841,47.71925344,1591,241300,241740,E632638,Unmatched,Intersection,36192.0,35TH AVE NE AND NE 125TH ST, ,,1,Property Damage Only Collision,,2,0,0,0,2017/01/19 00:00:00+00,1/19/2017,At Intersection (intersection related),11,"MOTOR VEHICLE STRUCK MOTOR VEHICLE, FRONT END AT ANGLE",,,,,,,,, ,,0,0,N
1386,1,-122.3234077,47.71313906,1592,180500,180560,3588436,Matched,Block,,5TH AVE NE BETWEEN NE 115TH ST AND NE 117TH ST,NEI,"Not Enough Information, or Insufficient Location Information",1,Property Damage Only Collision,Parked Car,2,0,0,2,2014/11/25 00:00:00+00,11/25/2014 7:00:00 PM,Mid-Block (not related to intersection),0,NOT ENOUGH INFORMATION / NOT APPLICABLE,,N,Unknown,Unknown,Unknown,,,,32,One parked--one moving,0,0,N
1387,1,-122.341895,47.69634735,1593,149000,149020,3502767,Matched,Intersection,37329.0,STONE AVE N AND N 93RD ST, ,,1,Property Damage Only Collision,Parked Car,2,0,0,2,2013/06/28 00:00:00+00,6/28/2013 3:05:00 PM,At Intersection (intersection related),14,"MOTOR VEHICLE STRUCK MOTOR VEHICLE, REAR END",Y,N,Clear,Dry,Daylight,,,,32,One parked--one moving,0,0,N
1388,2,-122.3337568,47.608692600000005,1594,66400,66400,2618920,Matched,Intersection,29930.0,5TH AVE AND UNIVERSITY ST, ,,2,Injury Collision,Pedestrian,2,1,0,1,2007/03/24 00:00:00+00,3/24/2007 12:18:00 PM,At Intersection (intersection related),24,MOTOR VEHCILE STRUCK PEDESTRIAN,,0,Raining,Wet,Daylight,Y,7083002.0,,2,Vehicle turning left hits pedestrian,0,522377,N
1389,1,-122.2853742,47.57525041,1595,146600,146620,C772926,Unmatched,Block,,S HANFORD ST BETWEEN 37TH AVE S AND HUNTER WR BLVD S, ,,1,Property Damage Only Collision,,1,0,0,0,2012/12/09 00:00:00+00,12/9/2012,Mid-Block (not related to intersection),14,"MOTOR VEHICLE STRUCK MOTOR VEHICLE, REAR END",,,,,,,,, ,,0,0,N
1390,1,-122.3721777,47.66569952,1596,92500,92500,2905731,Matched,Block,,NW 51ST ST BETWEEN 11TH AVE NW AND 14TH AVE NW,,,1,Property Damage Only Collision,Parked Car,2,0,0,2,2008/06/23 00:00:00+00,6/23/2008 8:00:00 AM,Mid-Block (not related to intersection),14,"MOTOR VEHICLE STRUCK MOTOR VEHICLE, REAR END",,0,Clear,Dry,Daylight,,8175033.0,,32,One parked--one moving,0,0,N
1391,1,-122.3167547,47.62311418,1597,297300,298440,3702699,Matched,Intersection,29015.0,12TH AVE E AND E REPUBLICAN ST, ,,1,Property Damage Only Collision,Parked Car,2,0,0,2,2018/07/16 00:00:00+00,7/16/2018 3:17:00 PM,At Intersection (intersection related),11,"MOTOR VEHICLE STRUCK MOTOR VEHICLE, FRONT END AT ANGLE",,N,Clear,Dry,Daylight,,,,32,One parked--one moving,0,0,N
1392,1,-122.32530619999999,47.60532163,1598,138900,138900,3503761,Matched,Block,,JAMES ST BETWEEN 8TH AVE AND 9TH AVE,,,1,Property Damage Only Collision,Sideswipe,2,0,0,2,2012/05/01 00:00:00+00,5/1/2012 5:40:00 PM,Mid-Block (not related to intersection),11,"MOTOR VEHICLE STRUCK MOTOR VEHICLE, FRONT END AT ANGLE",,N,Clear,Wet,Daylight,,12122005.0,,11,From same direction - both going straight - both moving - sideswipe,0,0,N
1393,1,-122.33602909999999,47.61117493,1600,143600,143600,3581736,Matched,Block,,5TH AVE BETWEEN PIKE ST AND PINE ST, ,,1,Property Damage Only Collision,Sideswipe,3,0,0,2,2013/03/06 00:00:00+00,3/6/2013 11:57:00 PM,Mid-Block (not related to intersection),16,"MOTOR VEHICLE STRUCK MOTOR VEHICLE, LEFT SIDE SIDESWIPE",,N,Raining,Wet,Dark - Street Lights On,,13065023.0,,12,From same direction - both going straight - one stopped - sideswipe,0,0,N
1394,1,-122.3332996,47.55416108,1601,86700,86700,2828590,Matched,Block,,S BRANDON ST BETWEEN 1ST AVE S AND 2ND AVE S,,,1,Property Damage Only Collision,Parked Car,2,0,0,2,2008/04/29 00:00:00+00,4/29/2008 8:00:00 AM,Mid-Block (not related to intersection),11,"MOTOR VEHICLE STRUCK MOTOR VEHICLE, FRONT END AT ANGLE",,0,Overcast,Dry,Daylight,,8120014.0,,32,One parked--one moving,0,0,N
1395,1,-122.3201136,47.61408042,1603,205600,205760,3737771,Matched,Block,,E PIKE ST BETWEEN BROADWAY AND 10TH AVE, ,,1,Property Damage Only Collision,Parked Car,2,0,0,2,2015/10/21 00:00:00+00,10/21/2015 6:35:00 PM,Mid-Block (not related to intersection),11,"MOTOR VEHICLE STRUCK MOTOR VEHICLE, FRONT END AT ANGLE",,N,Clear,Wet,Dusk,,,,32,One parked--one moving,0,0,Y
1396,1,-122.307336,47.73297973,1605,81600,81600,2896168,Matched,Block,,20TH AVE NE BETWEEN NE 143RD ST AND NE 145TH ST,,,1,Property Damage Only Collision,Parked Car,2,0,0,2,2008/10/18 00:00:00+00,10/18/2008 10:00:00 AM,Mid-Block (not related to intersection),16,"MOTOR VEHICLE STRUCK MOTOR VEHICLE, LEFT SIDE SIDESWIPE",,0,Unknown,Unknown,Unknown,,8292040.0,,32,One parked--one moving,0,0,N
1397,1,-122.329058,47.5850737,1606,183400,183480,3700913,Matched,Block,,4TH AVE S BETWEEN S HOLGATE ST AND S WALKER ST,NEI,"Not Enough Information, or Insufficient Location Information",1,Property Damage Only Collision,Sideswipe,2,0,0,2,2015/01/10 00:00:00+00,1/10/2015 9:30:00 PM,Mid-Block (not related to intersection),0,NOT ENOUGH INFORMATION / NOT APPLICABLE,,N,Unknown,Unknown,Unknown,,,,11,From same direction - both going straight - both moving - sideswipe,0,0,N
1398,2,-122.33602909999999,47.61117493,1607,178400,178420,3590551,Matched,Block,,5TH AVE BETWEEN PIKE ST AND PINE ST, ,,2,Injury Collision,Sideswipe,4,0,0,2,2014/10/24 00:00:00+00,10/24/2014 1:00:00 PM,Mid-Block (but intersection related),11,"MOTOR VEHICLE STRUCK MOTOR VEHICLE, FRONT END AT ANGLE",,N,Clear,Dry,Daylight,,,,11,From same direction - both going straight - both moving - sideswipe,0,0,N
1399,1,-122.31311570000001,47.66218058,1609,91300,91300,2895336,Matched,Block,,UNIVERSITY WAY NE BETWEEN NE 45TH ST AND NE 47TH ST,,,1,Property Damage Only Collision,Parked Car,2,0,0,2,2008/02/29 00:00:00+00,2/29/2008 8:05:00 PM,Mid-Block (not related to intersection),14,"MOTOR VEHICLE STRUCK MOTOR VEHICLE, REAR END",,0,Overcast,Dry,Dark - Street Lights On,,8060007.0,,32,One parked--one moving,0,0,N
1400,1,-122.3234835,47.73405298,1610,274500,275340,E765016,Matched,Intersection,35853.0,5TH AVE NE AND NE 145TH ST, ,,1,Property Damage Only Collision,Left Turn,2,0,0,2,2018/01/28 00:00:00+00,1/28/2018 8:44:00 PM,At Intersection (intersection related),11,"MOTOR VEHICLE STRUCK MOTOR VEHICLE, FRONT END AT ANGLE",,N,Overcast,Dry,Dark - Street Lights On,,,,28,From opposite direction - one left turn - one straight,0,0,N
1401,2,-122.31384779999999,47.67870649,1611,137900,137900,3545322,Matched,Block,,NE 69TH ST BETWEEN 12TH AVE NE AND 15TH AVE NE,,,2,Injury Collision,Other,2,0,0,1,2012/02/10 00:00:00+00,2/10/2012 2:53:00 PM,Mid-Block (not related to intersection),28,MOTOR VEHICLE RAN OFF ROAD - HIT FIXED OBJECT,Y,N,Clear,Wet,Daylight,,12041022.0,,50,Fixed object,0,0,N
1402,2,-122.37658200000001,47.53830819,1613,87900,87900,2792590,Matched,Block,,35TH AVE SW BETWEEN SW MYRTLE ST AND SW OTHELLO ST,,,2,Injury Collision,Rear Ended,2,0,0,2,2008/05/06 00:00:00+00,5/6/2008,Mid-Block (but intersection related),14,"MOTOR VEHICLE STRUCK MOTOR VEHICLE, REAR END",,0,Clear,Dry,Daylight,,8127030.0,,14,From same direction - both going straight - one stopped - rear-end,0,0,N
1403,2,-122.37616750000001,47.64244869,1614,300200,301400,E825575,Matched,Intersection,587907.0,15TH AVE W AND GILMAN DR W, ,,2,Injury Collision,Angles,3,0,0,2,2018/08/03 00:00:00+00,8/3/2018 11:40:00 AM,At Intersection (intersection related),11,"MOTOR VEHICLE STRUCK MOTOR VEHICLE, FRONT END AT ANGLE",,N,Clear,Dry,Daylight,,,,10,Entering at angle,0,0,N
1404,2,-122.33029750000001,47.60323265,1615,152300,152320,3329021,Matched,Intersection,30479.0,4TH AVE AND JAMES ST, ,,2,Injury Collision,Pedestrian,2,1,0,1,2013/03/13 00:00:00+00,3/13/2013 10:26:00 AM,At Intersection (intersection related),24,MOTOR VEHCILE STRUCK PEDESTRIAN,,N,Overcast,Wet,Daylight,,,,0,Vehicle going straight hits pedestrian,0,521845,N
1405,1,-122.28577450000002,47.67123188,1616,67200,67200,2184688,Matched,Block,,39TH AVE NE BETWEEN NE 57TH ST AND NE 60TH ST,,,1,Property Damage Only Collision,Parked Car,2,0,0,2,2007/03/20 00:00:00+00,3/20/2007 8:00:00 AM,Mid-Block (not related to intersection),16,"MOTOR VEHICLE STRUCK MOTOR VEHICLE, LEFT SIDE SIDESWIPE",,0,Unknown,Unknown,Unknown,,7079014.0,,32,One parked--one moving,0,0,N
1406,2,-122.31212590000001,47.695342600000004,1617,186300,186380,3708260,Matched,Block,,15TH AVE NE BETWEEN NE 91ST ST AND NE 92ND ST, ,,2,Injury Collision,Parked Car,3,0,0,2,2015/02/28 00:00:00+00,2/28/2015 12:31:00 AM,Mid-Block (not related to intersection),13,"MOTOR VEHICLE STRUCK MOTOR VEHICLE, LEFT SIDE AT ANGLE",,Y,Clear,Dry,,,,,32,One parked--one moving,0,0,N
1407,2,-122.3127798,47.61291174,1618,85900,85900,2882286,Matched,Intersection,30141.0,15TH AVE AND E UNION ST,,,2,Injury Collision,Angles,3,0,0,3,2008/08/12 00:00:00+00,8/12/2008 9:28:00 AM,At Intersection (intersection related),11,"MOTOR VEHICLE STRUCK MOTOR VEHICLE, FRONT END AT ANGLE",,0,Clear,Dry,Daylight,,8225008.0,,10,Entering at angle,0,0,N
1408,1,-122.3761087,47.64846829,1619,190800,190880,C791861,Unmatched,Intersection,26774.0,15TH AV W NB OFF RP AND W DRAVUS ST, ,,1,Property Damage Only Collision,,2,0,0,0,2014/07/06 00:00:00+00,7/6/2014,At Intersection (intersection related),11,"MOTOR VEHICLE STRUCK MOTOR VEHICLE, FRONT END AT ANGLE",,,,,,,,, ,,0,0,N
1409,1,-122.34974740000001,47.64958973,1620,232000,232400,3769631,Unmatched,Intersection,27039.0,FREMONT AVE N AND N 34TH ST, ,,1,Property Damage Only Collision,,2,0,0,0,2016/11/02 00:00:00+00,11/2/2016,At Intersection (intersection related),18,"MOTOR VEHICLE STRUCK PEDALCYCLIST, FRONT END AT ANGLE",,,,,,,,, ,,8824,0,N
1410,2,-122.35283940000001,47.61859204,1621,76700,76700,2791355,Matched,Intersection,29660.0,2ND AVE AND DENNY WAY, ,,2,Injury Collision,Pedestrian,2,1,0,1,2007/09/21 00:00:00+00,9/21/2007 1:20:00 PM,At Intersection (intersection related),24,MOTOR VEHCILE STRUCK PEDESTRIAN,,0,Clear,Dry,Daylight,Y,7264003.0,,2,Vehicle turning left hits pedestrian,0,522700,N
1411,1,-122.32008090000001,47.60521427,1622,287500,288380,3702532,Matched,Block,,E TERRACE ST BETWEEN BROADWAY AND 10TH AVE, ,,1,Property Damage Only Collision,Parked Car,2,0,0,2,2018/05/16 00:00:00+00,5/16/2018 1:15:00 PM,Mid-Block (not related to intersection),14,"MOTOR VEHICLE STRUCK MOTOR VEHICLE, REAR END",,N,Clear,Dry,Daylight,,,,32,One parked--one moving,0,0,Y
1412,2,-122.29126720000001,47.61862346,1623,122700,122700,3386980,Matched,Block,,32ND AVE BETWEEN E DENNY S WAY AND E DENNY N WAY,,,2,Injury Collision,Pedestrian,2,1,0,1,2011/03/17 00:00:00+00,3/17/2011 8:55:00 AM,Mid-Block (not related to intersection),24,MOTOR VEHCILE STRUCK PEDESTRIAN,,N,Clear,Dry,Daylight,,11076017.0,,0,Vehicle going straight hits pedestrian,0,0,N
1413,1,-122.38545659999998,47.56197325,1624,201400,201540,3588085,Matched,Block,,42ND AVE SW BETWEEN SW OREGON ST AND SW ALASKA ST, ,,1,Property Damage Only Collision,Angles,2,0,0,2,2015/09/01 00:00:00+00,9/1/2015 10:48:00 PM,Driveway Junction,11,"MOTOR VEHICLE STRUCK MOTOR VEHICLE, FRONT END AT ANGLE",Y,N,Clear,Dry,Dark - Street Lights On,,,,10,Entering at angle,0,0,N
1414,1,-122.2933382,47.59387454,1625,125100,125100,3559798,Matched,Block,,30TH AVE S BETWEEN S CHARLES ST AND S NORMAN ST,,,1,Property Damage Only Collision,Parked Car,2,0,0,2,2011/06/21 00:00:00+00,6/21/2011 12:01:00 AM,Mid-Block (not related to intersection),11,"MOTOR VEHICLE STRUCK MOTOR VEHICLE, FRONT END AT ANGLE",,N,Unknown,Dry,Unknown,,11172023.0,,32,One parked--one moving,0,0,N
1415,1,-122.32021090000002,47.62958005,1626,242000,242440,E678070,Matched,Block,,10TH AVE E BETWEEN E PROSPECT ST AND E HIGHLAND DR,NEI,"Not Enough Information, or Insufficient Location Information",1,Property Damage Only Collision,Parked Car,2,0,0,2,2017/06/05 00:00:00+00,6/5/2017 3:08:00 PM,,0,NOT ENOUGH INFORMATION / NOT APPLICABLE,,N,Unknown,Unknown,Unknown,,,,32,One parked--one moving,0,0,Y
1416,1,-122.35333700000001,47.65834895,1629,107200,107200,3565504,Matched,Block,,FRANCIS AVE N BETWEEN N 42ND ST AND N 43RD ST,,,1,Property Damage Only Collision,Parked Car,4,0,0,3,2010/10/15 00:00:00+00,10/15/2010 12:45:00 AM,Mid-Block (not related to intersection),14,"MOTOR VEHICLE STRUCK MOTOR VEHICLE, REAR END",,Y,Clear,Dry,Dark - Street Lights On,,10288012.0,,32,One parked--one moving,0,0,N
1417,1,-122.32035400000001,47.53183476,1630,147800,147820,2896574,Matched,Intersection,34209.0,10TH AVE S AND S KENYON ST, ,,1,Property Damage Only Collision,Sideswipe,2,0,0,2,2013/06/07 00:00:00+00,6/7/2013 10:45:00 AM,At Intersection (intersection related),16,"MOTOR VEHICLE STRUCK MOTOR VEHICLE, LEFT SIDE SIDESWIPE",,N,Clear,Dry,Daylight,,,,26,From opposite direction - both going straight - sideswipe,0,0,N
1418,1,-122.34742040000002,47.61508492,1631,117000,117000,3383608,Matched,Block,,2ND AVE BETWEEN BATTERY ST AND WALL ST,,,1,Property Damage Only Collision,Parked Car,3,0,0,2,2010/10/08 00:00:00+00,10/8/2010 11:09:00 PM,Mid-Block (not related to intersection),14,"MOTOR VEHICLE STRUCK MOTOR VEHICLE, REAR END",,N,Raining,Wet,Dark - Street Lights On,,10281026.0,,32,One parked--one moving,0,0,N
1419,1,-122.32703159999998,47.59583676,1632,296800,297920,3755150,Matched,Block,,S DEARBORN ST BETWEEN SEATTLE BLVD S AND 6TH AVE S, ,,1,Property Damage Only Collision,Sideswipe,2,0,0,2,2018/07/12 00:00:00+00,7/12/2018 2:00:00 PM,Mid-Block (not related to intersection),16,"MOTOR VEHICLE STRUCK MOTOR VEHICLE, LEFT SIDE SIDESWIPE",,N,Clear,Dry,Daylight,,,,11,From same direction - both going straight - both moving - sideswipe,0,0,N
1420,1,-122.36096940000002,47.6365624,1633,116200,116200,3329114,Matched,Block,,3RD AVE W BETWEEN W HOWE ST AND W CROCKETT S ST,,,1,Property Damage Only Collision,Parked Car,2,0,0,2,2010/05/01 00:00:00+00,5/1/2010 12:00:00 PM,Mid-Block (not related to intersection),14,"MOTOR VEHICLE STRUCK MOTOR VEHICLE, REAR END",,N,Unknown,Unknown,Unknown,,10121024.0,,32,One parked--one moving,0,0,N
1421,1,-122.35061599999999,47.61580161,1634,181900,181960,3696188,Matched,Intersection,29684.0,1ST AVE AND CEDAR ST, ,,1,Property Damage Only Collision,Angles,2,0,0,2,2014/10/29 00:00:00+00,10/29/2014 7:47:00 AM,At Intersection (intersection related),11,"MOTOR VEHICLE STRUCK MOTOR VEHICLE, FRONT END AT ANGLE",Y,N,Overcast,Wet,Daylight,,,,10,Entering at angle,0,0,N
1422,1,-122.30950759999999,47.66215991,1635,113600,113600,3383437,Matched,Block,,17TH NB AVE NE BETWEEN NE 45TH ST AND NE 47TH ST,,,1,Property Damage Only Collision,Parked Car,2,0,0,2,2010/10/25 00:00:00+00,10/25/2010 7:00:00 PM,Mid-Block (not related to intersection),15,"MOTOR VEHICLE STRUCK MOTOR VEHICLE, RIGHT SIDE SIDESWIPE",,N,Unknown,Unknown,Unknown,,10298011.0,,32,One parked--one moving,0,0,N
1423,2,-122.38739809999998,47.52817629,1636,115000,115000,3331879,Matched,Intersection,34690.0,CALIFORNIA AVE SW AND SW SULLIVAN ST,,,2,Injury Collision,Other,1,0,0,1,2010/10/16 00:00:00+00,10/16/2010 3:31:00 AM,At Intersection (but not related to intersection),28,MOTOR VEHICLE RAN OFF ROAD - HIT FIXED OBJECT,,Y,Clear,Dry,Dark - Street Lights On,,10289036.0,,50,Fixed object,0,0,N