,SEVERITYCODE,X,Y,OBJECTID,INCKEY,COLDETKEY,REPORTNO,STATUS,ADDRTYPE,INTKEY,LOCATION,EXCEPTRSNCODE,EXCEPTRSNDESC,SEVERITYCODE.1,SEVERITYDESC,COLLISIONTYPE,PERSONCOUNT,PEDCOUNT,PEDCYLCOUNT,VEHCOUNT,INCDATE,INCDTTM,JUNCTIONTYPE,SDOT_COLCODE,SDOT_COLDESC,INATTENTIONIND,UNDERINFL,WEATHER,ROADCOND,LIGHTCOND,PEDROWNOTGRNT,SDOTCOLNUM,SPEEDING,ST_COLCODE,ST_COLDESC,SEGLANEKEY,CROSSWALKKEY,HITPARKEDCAR
1424,1,-122.31207930000001,47.68304587,1637,206100,206280,E477559,Matched,Intersection,24426.0,15TH AVE NE AND NE 75TH ST, ,,1,Property Damage Only Collision,Rear Ended,2,0,0,2,2015/10/28 00:00:00+00,10/28/2015 2:49:00 PM,At Intersection (intersection related),14,"MOTOR VEHICLE STRUCK MOTOR VEHICLE, REAR END",,N,Overcast,Wet,Daylight,,,,14,From same direction - both going straight - one stopped - rear-end,0,0,N
1425,1,-122.2922807,47.72919974,1638,186900,186980,3708262,Matched,Block,,LAKE CITY WAY NE BETWEEN NE 137TH ST AND NE 140TH ST, ,,1,Property Damage Only Collision,Left Turn,2,0,0,2,2015/03/04 00:00:00+00,3/4/2015 7:28:00 AM,Mid-Block (but intersection related),11,"MOTOR VEHICLE STRUCK MOTOR VEHICLE, FRONT END AT ANGLE",,N,Clear,Dry,Daylight,,,,28,From opposite direction - one left turn - one straight,0,0,N
1426,2,-122.3735909,47.66643106,1640,241000,241440,3736554,Matched,Intersection,25436.0,14TH AVE NW AND NW 52ND ST, ,,2,Injury Collision,Sideswipe,3,0,0,2,2017/05/10 00:00:00+00,5/10/2017 3:44:00 PM,At Intersection (intersection related),11,"MOTOR VEHICLE STRUCK MOTOR VEHICLE, FRONT END AT ANGLE",,N,Clear,Dry,Daylight,,,,27,From opposite direction - both going straight - one stopped - sideswipe,0,0,N
1427,1,-122.3471621,47.61375831,1642,219300,219600,E540976,Matched,Block,,1ST AVE BETWEEN BELL ST AND BATTERY ST, ,,1,Property Damage Only Collision,Sideswipe,5,0,0,2,2016/05/07 00:00:00+00,5/7/2016 10:52:00 AM,Mid-Block (not related to intersection),11,"MOTOR VEHICLE STRUCK MOTOR VEHICLE, FRONT END AT ANGLE",Y,Y,Clear,Dry,Daylight,,,,11,From same direction - both going straight - both moving - sideswipe,0,0,N
1428,1,-122.29686550000001,47.5742981,1643,188200,188280,3730230,Matched,Block,,M L KING JR WR WAY S BETWEEN S HANFORD S ST AND S HORTON ST, ,,1,Property Damage Only Collision,Other,1,0,0,1,2015/03/22 00:00:00+00,3/22/2015 1:56:00 AM,Mid-Block (not related to intersection),28,MOTOR VEHICLE RAN OFF ROAD - HIT FIXED OBJECT,Y,Y,Clear,Dry,Dark - Street Lights On,,,,50,Fixed object,0,0,N
1429,1,-122.3460854,47.66249653,1644,276100,276940,E776233,Matched,Block,,WHITMAN AVE N BETWEEN N 46TH ST AND N 47TH ST, ,,1,Property Damage Only Collision,Sideswipe,3,0,0,3,2018/02/05 00:00:00+00,2/5/2018 6:04:00 PM,Mid-Block (not related to intersection),11,"MOTOR VEHICLE STRUCK MOTOR VEHICLE, FRONT END AT ANGLE",,N,Raining,Wet,Dark - Street Lights On,,,,11,From same direction - both going straight - both moving - sideswipe,0,0,N
1430,1,-122.3202933,47.59582679,1647,156400,156420,3593867,Matched,Block,,S DEARBORN ST BETWEEN DEARBORN OFF RP AND DEARBORN ST OFF RP, ,,1,Property Damage Only Collision,Other,3,0,0,2,2013/11/05 00:00:00+00,11/5/2013 8:12:00 AM,Mid-Block (not related to intersection),14,"MOTOR VEHICLE STRUCK MOTOR VEHICLE, REAR END",,N,Raining,Wet,Daylight,,,,23,From same direction - all others,0,0,N
1431,1,-122.31425959999999,47.58101917,1649,74500,74500,2828681,Matched,Block,,S BAYVIEW ST BETWEEN 14TH AVE S AND BEACON AVE S,,,1,Property Damage Only Collision,Parked Car,2,0,0,2,2007/10/10 00:00:00+00,10/10/2007 12:01:00 AM,Mid-Block (not related to intersection),13,"MOTOR VEHICLE STRUCK MOTOR VEHICLE, LEFT SIDE AT ANGLE",,0,Unknown,Unknown,Unknown,,7283013.0,,32,One parked--one moving,0,0,N
1432,1,-122.33215619999999,47.609406899999996,1650,269200,270000,3583914,Matched,Block,,UNIVERSITY ST BETWEEN 6TH AVE AND DEAD END, ,,1,Property Damage Only Collision,Other,4,0,0,2,2018/02/06 00:00:00+00,2/6/2018 10:15:00 PM,Mid-Block (not related to intersection),11,"MOTOR VEHICLE STRUCK MOTOR VEHICLE, FRONT END AT ANGLE",,N,Overcast,Dry,Dark - Street Lights On,,,,23,From same direction - all others,0,0,N
1433,1,-122.3307297,47.61544972,1651,194100,194180,3613445,Matched,Intersection,29865.0,BOREN AVE AND OLIVE WAY, ,,1,Property Damage Only Collision,Left Turn,3,0,0,2,2015/05/30 00:00:00+00,5/30/2015 9:26:00 PM,At Intersection (intersection related),11,"MOTOR VEHICLE STRUCK MOTOR VEHICLE, FRONT END AT ANGLE",Y,N,Clear,Dry,Dark - Street Lights On,,,,28,From opposite direction - one left turn - one straight,0,0,N
1434,2,-122.3875847,47.6759485,1652,68100,68100,2893034,Matched,Intersection,23943.0,24TH AVE NW AND NW 65TH ST,,,2,Injury Collision,Angles,3,0,0,2,2007/10/04 00:00:00+00,10/4/2007,At Intersection (intersection related),11,"MOTOR VEHICLE STRUCK MOTOR VEHICLE, FRONT END AT ANGLE",,1,Clear,Dry,Dark - Street Lights On,,7277020.0,,10,Entering at angle,0,0,N
1435,2,-122.3089678,47.59923897,1653,192200,192280,E415285,Matched,Intersection,30752.0,18TH AVE S AND S JACKSON ST, ,,2,Injury Collision,Angles,0,0,0,2,2015/04/11 00:00:00+00,4/11/2015 8:20:00 AM,At Intersection (intersection related),11,"MOTOR VEHICLE STRUCK MOTOR VEHICLE, FRONT END AT ANGLE",,N,Clear,Dry,Daylight,,,,10,Entering at angle,0,0,N
1436,2,-122.33943909999998,47.56132285,1654,141000,141000,3608629,Matched,Block,,EAST MARGINAL WAY S BETWEEN DIAGONAL AVE S AND S ALASKA ST,,,2,Injury Collision,Rear Ended,2,0,0,2,2012/03/10 00:00:00+00,3/10/2012 5:45:00 PM,Mid-Block (not related to intersection),14,"MOTOR VEHICLE STRUCK MOTOR VEHICLE, REAR END",,N,Raining,Wet,Dusk,,12070036.0,Y,13,From same direction - both going straight - both moving - rear-end,0,0,N
1437,1,-122.3029541,47.58294568,1655,85700,85700,2894396,Matched,Intersection,31579.0,23RD AVE S AND S COLLEGE ST,,,1,Property Damage Only Collision,Angles,4,0,0,2,2008/06/30 00:00:00+00,6/30/2008 1:22:00 PM,At Intersection (intersection related),11,"MOTOR VEHICLE STRUCK MOTOR VEHICLE, FRONT END AT ANGLE",,0,Clear,Dry,Daylight,,8182011.0,,10,Entering at angle,0,0,N
1438,2,-122.3727628,47.69062654,1656,126100,126100,3466379,Matched,Intersection,37268.0,13TH AVE NW AND NW 85TH ST,,,2,Injury Collision,Cycles,2,0,1,1,2011/06/07 00:00:00+00,6/7/2011,At Intersection (intersection related),18,"MOTOR VEHICLE STRUCK PEDALCYCLIST, FRONT END AT ANGLE",,0,Clear,Dry,Daylight,Y,11158014.0,,45,Vehicle - Pedalcyclist,0,0,N
1439,2,-122.33745420000001,47.61505675,1658,121100,121100,3546763,Matched,Intersection,29540.0,7TH AVE AND VIRGINIA ST,,,2,Injury Collision,Angles,5,0,0,2,2011/12/16 00:00:00+00,12/16/2011 12:07:00 PM,At Intersection (intersection related),11,"MOTOR VEHICLE STRUCK MOTOR VEHICLE, FRONT END AT ANGLE",,N,Clear,Dry,Daylight,,11350032.0,,10,Entering at angle,0,0,N
1440,2,-122.3716707,47.56613851,1659,208600,208800,3732104,Matched,Block,,SW AVALON WAY BETWEEN 30TH AVE SW AND SW GENESEE ST, ,,2,Injury Collision,Rear Ended,3,0,0,3,2015/12/07 00:00:00+00,12/7/2015 7:49:00 PM,Mid-Block (but intersection related),14,"MOTOR VEHICLE STRUCK MOTOR VEHICLE, REAR END",Y,N,Overcast,Wet,Dark - Street Lights On,,,,14,From same direction - both going straight - one stopped - rear-end,0,0,N
1441,1,-122.3373936,47.61266535,1660,138300,138300,3581896,Matched,Intersection,29567.0,5TH AVE AND OLIVE WAY,,,1,Property Damage Only Collision,Left Turn,2,0,0,2,2012/12/29 00:00:00+00,12/29/2012 4:20:00 PM,At Intersection (intersection related),11,"MOTOR VEHICLE STRUCK MOTOR VEHICLE, FRONT END AT ANGLE",,N,Raining,Wet,Dusk,,12364011.0,,15,From same direction - one left turn - one straight,0,0,N
1442,2,-122.2823449,47.53704402,1661,240200,240640,E654764,Matched,Block,,S OTHELLO ST BETWEEN 39TH AVE S AND M L KING JR WR WAY S, ,,2,Injury Collision,Left Turn,0,0,0,2,2017/03/16 00:00:00+00,3/16/2017 4:03:00 PM,Mid-Block (not related to intersection),11,"MOTOR VEHICLE STRUCK MOTOR VEHICLE, FRONT END AT ANGLE",,N,Clear,Dry,Daylight,,,,15,From same direction - one left turn - one straight,0,0,N
1443,1,-122.2627774,47.52011701,1663,299100,300280,3814912,Matched,Intersection,35451.0,RAINIER AVE S AND SEWARD PARK AVE S, ,,1,Property Damage Only Collision,Sideswipe,2,0,0,2,2018/07/13 00:00:00+00,7/13/2018 9:57:00 AM,At Intersection (but not related to intersection),11,"MOTOR VEHICLE STRUCK MOTOR VEHICLE, FRONT END AT ANGLE",,N,Clear,Dry,Daylight,,,,11,From same direction - both going straight - both moving - sideswipe,0,0,N
1444,1,-122.3711896,47.53463485,1665,80300,80300,2619959,Matched,Block,,30TH AVE SW BETWEEN SW WEBSTER ST AND SW HOLDEN ST,,,1,Property Damage Only Collision,Parked Car,2,0,0,2,2008/04/27 00:00:00+00,4/27/2008 6:22:00 PM,Mid-Block (but intersection related),11,"MOTOR VEHICLE STRUCK MOTOR VEHICLE, FRONT END AT ANGLE",,0,Raining,Wet,Daylight,,8118018.0,,32,One parked--one moving,0,0,N
1445,2,-122.3384848,47.66722128,1667,85000,85000,2803457,Matched,Intersection,25512.0,WOODLAWN AVE N AND N 53RD ST,,,2,Injury Collision,Angles,4,0,0,2,2008/04/15 00:00:00+00,4/15/2008 5:36:00 PM,At Intersection (intersection related),11,"MOTOR VEHICLE STRUCK MOTOR VEHICLE, FRONT END AT ANGLE",,0,Overcast,Wet,Daylight,,8106019.0,,10,Entering at angle,0,0,N
1446,1,-122.3445612,47.61222096,1668,144600,144600,3548955,Matched,Block,,1ST AVE BETWEEN LENORA ST AND BLANCHARD ST, ,,1,Property Damage Only Collision,Parked Car,2,0,0,2,2013/02/05 00:00:00+00,2/5/2013 4:29:00 PM,,0,NOT ENOUGH INFORMATION / NOT APPLICABLE,,N,Raining,Wet,Daylight,,13036031.0,,32,One parked--one moving,0,0,N
1447,1,-122.3135196,47.60168756,1669,249900,250500,3585750,Matched,Block,,E YESLER WAY BETWEEN 14TH AVE AND 15TH AVE, ,,1,Property Damage Only Collision,Head On,0,0,0,2,2017/10/11 00:00:00+00,10/11/2017 5:22:00 PM,Mid-Block (but intersection related),31,DRIVERLESS VEHICLE STRUCK MOTOR VEHICLE FRONT END AT ANGLE,,N,Clear,Dry,Dusk,,,,25,From opposite direction - one stopped - head-on,0,0,N
1448,1,-122.3969697,47.68674909,1670,90100,90100,2829916,Matched,Intersection,23967.0,31ST AVE NW AND NW 80TH ST,,,1,Property Damage Only Collision,Angles,2,0,0,2,2008/08/02 00:00:00+00,8/2/2008,At Intersection (intersection related),11,"MOTOR VEHICLE STRUCK MOTOR VEHICLE, FRONT END AT ANGLE",,0,Clear,Dry,Daylight,,8215028.0,,10,Entering at angle,0,0,N
1449,2,-122.35398059999999,47.6621407,1671,206000,206160,E477016,Matched,Intersection,25686.0,PHINNEY AVE N AND N 46TH ST, ,,2,Injury Collision,Angles,2,0,0,2,2015/10/25 00:00:00+00,10/25/2015 8:59:00 PM,At Intersection (intersection related),11,"MOTOR VEHICLE STRUCK MOTOR VEHICLE, FRONT END AT ANGLE",,N,Raining,Wet,Dark - Street Lights On,,,,10,Entering at angle,0,0,N
1450,2,-122.3697934,47.54385795,1672,154200,154220,3380661,Matched,Block,,30TH AVE SW BETWEEN SW MORGAN ST AND HIGH POINT W DR SW, ,,2,Injury Collision,Pedestrian,3,1,0,1,2013/09/11 00:00:00+00,9/11/2013 4:08:00 PM,Mid-Block (not related to intersection),24,MOTOR VEHCILE STRUCK PEDESTRIAN,Y,N,Clear,Dry,Daylight,,,,0,Vehicle going straight hits pedestrian,0,0,N
1451,1,-122.3673912,47.66865732,1673,141500,141500,3507902,Matched,Block,,NW MARKET ST BETWEEN 8TH AVE NW AND 9TH AVE NW,,,1,Property Damage Only Collision,Rear Ended,3,0,0,3,2012/09/30 00:00:00+00,9/30/2012 7:40:00 PM,Mid-Block (but intersection related),14,"MOTOR VEHICLE STRUCK MOTOR VEHICLE, REAR END",,N,Clear,Dry,Dark - Street Lights On,,12274015.0,,14,From same direction - both going straight - one stopped - rear-end,0,0,N
1452,2,,,1674,264100,264880,E743191,Matched,Intersection,30534.0,4TH AVE S AND XW WELLER, ,,2,Injury Collision,Left Turn,5,0,0,2,2017/10/22 00:00:00+00,10/22/2017 9:22:00 AM,At Intersection (intersection related),11,"MOTOR VEHICLE STRUCK MOTOR VEHICLE, FRONT END AT ANGLE",,N,Clear,Dry,Daylight,,,,28,From opposite direction - one left turn - one straight,0,0,N
1453,1,-122.3137311,47.57162762,1675,251200,251800,3756169,Matched,Block,,S SPOKANE ST BETWEEN HINDS PL S AND 15TH AVE S, ,,1,Property Damage Only Collision,Sideswipe,2,0,0,2,2017/10/25 00:00:00+00,10/25/2017 7:07:00 PM,Mid-Block (not related to intersection),11,"MOTOR VEHICLE STRUCK MOTOR VEHICLE, FRONT END AT ANGLE",,N,Overcast,Wet,Dark - Street Lights On,,,,11,From same direction - both going straight - both moving - sideswipe,0,0,N
1454,1,-122.37612340000001,47.66366435,1676,105500,105500,2893148,Matched,Intersection,25468.0,15TH NB AVE NW AND NW LEARY WAY,,,1,Property Damage Only Collision,Sideswipe,3,0,0,2,2009/08/02 00:00:00+00,8/2/2009,At Intersection (intersection related),11,"MOTOR VEHICLE STRUCK MOTOR VEHICLE, FRONT END AT ANGLE",,0,Clear,Dry,Daylight,,9214017.0,,81,Same direction -- both turning left -- both moving -- sideswipe,0,0,N
1455,2,,,1677,248100,248680,3587406,Matched,Block,,ALASKAN WY VI NB BETWEEN SENECA ST OFF RP AND WESTERN AV OFF RP, ,,2,Injury Collision,Head On,0,0,0,2,2017/09/07 00:00:00+00,9/7/2017 2:23:00 AM,Mid-Block (not related to intersection),11,"MOTOR VEHICLE STRUCK MOTOR VEHICLE, FRONT END AT ANGLE",,N,Clear,Dry,Dark - Street Lights On,,,,24,From opposite direction - both moving - head-on,0,0,N
1456,2,-122.3553969,47.62545228,1678,123500,123500,3375927,Matched,Intersection,28882.0,1ST AVE N AND ROY ST, ,,2,Injury Collision,Pedestrian,2,1,0,1,2011/04/02 00:00:00+00,4/2/2011 7:36:00 PM,At Intersection (intersection related),24,MOTOR VEHCILE STRUCK PEDESTRIAN,,N,Overcast,Dry,Dusk,Y,11092010.0,,2,Vehicle turning left hits pedestrian,0,523486,N
1457,1,-122.3025726,47.58365748,1679,268500,269280,3764909,Matched,Block,,S WALKER ST BETWEEN 23RD AVE S AND RAINIER AVE S, ,,1,Property Damage Only Collision,Right Turn,3,0,0,2,2018/01/30 00:00:00+00,1/30/2018 11:14:00 PM,Mid-Block (not related to intersection),15,"MOTOR VEHICLE STRUCK MOTOR VEHICLE, RIGHT SIDE SIDESWIPE",,N,Clear,Dry,Dark - Street Lights On,,,,16,From same direction - one right turn - one straight,0,0,N
1458,1,-122.3544747,47.65224596,1680,74200,74200,2803058,Matched,Intersection,27024.0,PHINNEY AVE N AND N 36TH ST, ,,1,Property Damage Only Collision,Pedestrian,2,1,0,1,2007/12/18 00:00:00+00,12/18/2007 10:06:00 PM,At Intersection (intersection related),24,MOTOR VEHCILE STRUCK PEDESTRIAN,,0,Overcast,Wet,Dark - Street Lights On,Y,7352050.0,,2,Vehicle turning left hits pedestrian,0,524109,N
1459,2,-122.3048723,47.5603579,1681,225100,225400,3783138,Matched,Block,,BEACON WR AVE S BETWEEN S ALASKA ST AND S COLUMBIAN WAY, ,,2,Injury Collision,Other,3,0,0,1,2016/08/01 00:00:00+00,8/1/2016 2:30:00 AM,Mid-Block (not related to intersection),28,MOTOR VEHICLE RAN OFF ROAD - HIT FIXED OBJECT,Y,N,Clear,Dry,Dark - Street Lights On,,,,50,Fixed object,0,0,N
1460,2,-122.3144885,47.65359885,1682,134000,134000,3596935,Matched,Intersection,27146.0,BROOKLYN AVE NE AND NE PACIFIC ST,,,2,Injury Collision,Cycles,2,0,1,1,2012/04/15 00:00:00+00,4/15/2012 2:50:00 PM,At Intersection (intersection related),11,"MOTOR VEHICLE STRUCK MOTOR VEHICLE, FRONT END AT ANGLE",,N,Clear,Dry,Daylight,,12106008.0,,45,Vehicle - Pedalcyclist,31308,0,N
1461,2,-122.36328130000001,47.668651200000006,1684,185300,185380,E394355,Matched,Intersection,25313.0,6TH AVE NW AND NW MARKET E ST, ,,2,Injury Collision,Left Turn,0,0,0,2,2015/01/19 00:00:00+00,1/19/2015 5:58:00 PM,At Intersection (intersection related),11,"MOTOR VEHICLE STRUCK MOTOR VEHICLE, FRONT END AT ANGLE",,N,Overcast,Dry,Dark - Street Lights On,,,,28,From opposite direction - one left turn - one straight,0,0,N
1462,1,-122.3006007,47.5463793,1685,86300,86300,3279583,Matched,Intersection,33288.0,BEACON WR AVE S AND S GRAHAM ST,,,1,Property Damage Only Collision,Sideswipe,5,0,0,3,2008/08/20 00:00:00+00,8/20/2008 3:02:00 PM,At Intersection (intersection related),11,"MOTOR VEHICLE STRUCK MOTOR VEHICLE, FRONT END AT ANGLE",,0,Raining,Wet,Daylight,,8233016.0,,11,From same direction - both going straight - both moving - sideswipe,0,0,N
1463,2,-122.36454779999998,47.52102329,1686,128900,128900,3288116,Matched,Intersection,34876.0,25TH AVE SW AND SW BARTON ST,,,2,Injury Collision,Angles,3,0,0,2,2011/03/01 00:00:00+00,3/1/2011 11:10:00 AM,At Intersection (intersection related),11,"MOTOR VEHICLE STRUCK MOTOR VEHICLE, FRONT END AT ANGLE",,N,Raining,Wet,Daylight,,11060013.0,,10,Entering at angle,0,0,N
1464,1,-122.38916,47.63841488,1687,230500,230900,E598661,Matched,Block,,W BOSTON ST BETWEEN THORNDYKE AVE W AND 26TH AVE W, ,,1,Property Damage Only Collision,Parked Car,0,0,0,2,2016/10/20 00:00:00+00,10/20/2016,Driveway Junction,14,"MOTOR VEHICLE STRUCK MOTOR VEHICLE, REAR END",,N,Clear,Dry,Dark - Street Lights On,,,,32,One parked--one moving,0,0,Y
1465,1,-122.3484962,47.67208332,1688,76000,76000,2829030,Matched,Block,,LINDEN AVE N BETWEEN N 59TH ST AND N 60TH ST,,,1,Property Damage Only Collision,Parked Car,2,0,0,2,2007/07/22 00:00:00+00,7/22/2007 9:58:00 AM,Mid-Block (not related to intersection),13,"MOTOR VEHICLE STRUCK MOTOR VEHICLE, LEFT SIDE AT ANGLE",,0,Raining,Wet,Unknown,,7203023.0,,32,One parked--one moving,0,0,N
1466,1,-122.3923807,47.55218211,1689,227200,227540,3781092,Matched,Intersection,32897.0,47TH AVE SW AND SW FINDLAY ST, ,,1,Property Damage Only Collision,Angles,2,0,0,2,2016/09/03 00:00:00+00,9/3/2016 8:46:00 AM,At Intersection (intersection related),11,"MOTOR VEHICLE STRUCK MOTOR VEHICLE, FRONT END AT ANGLE",,N,Overcast,Wet,Daylight,,,,10,Entering at angle,0,0,N
1467,2,-122.3328767,47.60088159,1690,174700,174720,3641410,Matched,Intersection,30490.0,OCCIDENTAL AVE S AND S WASHINGTON ST, ,,2,Injury Collision,Pedestrian,2,1,0,1,2014/09/06 00:00:00+00,9/6/2014 2:30:00 AM,At Intersection (intersection related),24,MOTOR VEHCILE STRUCK PEDESTRIAN,,N,Clear,Dry,Dark - Street Lights On,,,,1,Vehicle turning right hits pedestrian,0,0,N
1468,1,-122.3606538,47.68327596,1692,177400,177420,3706460,Matched,Intersection,24072.0,3RD AVE NW AND NW 75TH ST, ,,1,Property Damage Only Collision,Angles,2,0,0,2,2014/10/05 00:00:00+00,10/5/2014 8:56:00 AM,At Intersection (intersection related),11,"MOTOR VEHICLE STRUCK MOTOR VEHICLE, FRONT END AT ANGLE",,N,Clear,Dry,Daylight,,,,10,Entering at angle,0,0,N
1469,1,-122.33937579999998,47.61853819,1694,127200,127200,3375458,Matched,Intersection,29511.0,9TH AVE AND DENNY WAY,,,1,Property Damage Only Collision,Angles,5,0,0,2,2011/12/18 00:00:00+00,12/18/2011 4:28:00 PM,At Intersection (intersection related),11,"MOTOR VEHICLE STRUCK MOTOR VEHICLE, FRONT END AT ANGLE",,N,Overcast,Dry,Dark - Street Lights On,,11352007.0,,10,Entering at angle,0,0,N
1470,1,-122.3368909,47.60540829,1696,66200,66200,2898256,Matched,Intersection,29615.0,1ST AVE AND SPRING ST,,,1,Property Damage Only Collision,Rear Ended,2,0,0,2,2007/10/06 00:00:00+00,10/6/2007,At Intersection (intersection related),14,"MOTOR VEHICLE STRUCK MOTOR VEHICLE, REAR END",,0,Clear,Dry,Dark - Street Lights On,,7279020.0,,14,From same direction - both going straight - one stopped - rear-end,0,0,N
1471,2,-122.37968659999999,47.56287242,1697,147400,147420,C770579,Unmatched,Block,,SW OREGON ST BETWEEN FAUNTLEROY WAY SW AND 38TH AVE SW, ,,2,Injury Collision,,2,0,0,0,2012/10/15 00:00:00+00,10/15/2012,Mid-Block (not related to intersection),14,"MOTOR VEHICLE STRUCK MOTOR VEHICLE, REAR END",,,,,,,,, ,,0,0,N
1472,1,-122.3327989,47.61183846,1698,99500,99500,3200458,Matched,Block,,PIKE ST BETWEEN 7TH AVE AND 8TH AVE,,,1,Property Damage Only Collision,Parked Car,3,0,0,2,2009/12/16 00:00:00+00,12/16/2009 6:36:00 PM,Mid-Block (not related to intersection),11,"MOTOR VEHICLE STRUCK MOTOR VEHICLE, FRONT END AT ANGLE",,0,Overcast,Wet,Dark - Street Lights On,,9350002.0,,20,One car leaving parked position,0,0,N
1473,1,-122.34398159999999,47.62260732,1699,249000,249600,E715827,Matched,Block,,AURORA AVE N BETWEEN HARRISON ST AND REPUBLICAN ST, ,,1,Property Damage Only Collision,Sideswipe,0,0,0,2,2017/09/25 00:00:00+00,9/25/2017 9:47:00 AM,Mid-Block (not related to intersection),11,"MOTOR VEHICLE STRUCK MOTOR VEHICLE, FRONT END AT ANGLE",,N,Clear,Dry,Daylight,,,,11,From same direction - both going straight - both moving - sideswipe,0,0,N
1474,1,-122.3872247,47.54397488,1700,81400,81400,2792588,Matched,Block,,CALIFORNIA AVE SW BETWEEN FAUNTLEROY WAY SW AND SW HOLLY ST,,,1,Property Damage Only Collision,Other,2,0,0,2,2008/03/07 00:00:00+00,3/7/2008,Driveway Junction,11,"MOTOR VEHICLE STRUCK MOTOR VEHICLE, FRONT END AT ANGLE",,0,Clear,Dry,Daylight,,8067026.0,,22,One car leaving driveway access,0,0,N
1475,2,-122.30905770000001,47.57456744,1701,181800,181860,3693703,Matched,Block,,BEACON AVE S BETWEEN S HANFORD ST AND S HORTON ST, ,,2,Injury Collision,Rear Ended,3,0,0,2,2014/12/22 00:00:00+00,12/22/2014 4:53:00 PM,Mid-Block (but intersection related),14,"MOTOR VEHICLE STRUCK MOTOR VEHICLE, REAR END",Y,N,Clear,Dry,Dusk,,,,14,From same direction - both going straight - one stopped - rear-end,0,0,N
1476,2,-122.27757240000001,47.52956487,1702,73400,73400,2611150,Matched,Block,,S ROSE ST BETWEEN RENTON N AVE S AND 44TH PL S,,,2,Injury Collision,Pedestrian,2,1,0,1,2007/12/22 00:00:00+00,12/22/2007 4:34:00 PM,Mid-Block (not related to intersection),44,DRIVERLESS VEHICLE STRUCK PEDESTRIAN,,0,Overcast,Dry,Dusk,,7356007.0,,4,Vehicle hits Pedestrian - All Other Actions,0,0,N
1477,1,-122.37837209999999,47.536818100000005,1703,104300,104300,2895568,Matched,Intersection,33812.0,36TH AVE SW AND SW OTHELLO S ST,,,1,Property Damage Only Collision,Other,1,0,0,1,2009/07/10 00:00:00+00,7/10/2009 12:46:00 AM,At Intersection (intersection related),26,MOTOR VEHICLE STRUCK OBJECT IN ROAD,,0,Clear,Dry,Dark - Street Lights On,,9191005.0,Y,50,Fixed object,0,0,N
1478,1,-122.285452,47.54605841,1704,294100,295160,3814904,Matched,Intersection,485928.0,M L KING JR ER WAY S AND S GRAHAM ST, ,,1,Property Damage Only Collision,Other,3,0,0,2,2018/06/27 00:00:00+00,6/27/2018 10:17:00 AM,At Intersection (intersection related),11,"MOTOR VEHICLE STRUCK MOTOR VEHICLE, FRONT END AT ANGLE",,N,Clear,Dry,Daylight,,,,40,Railway Vehicle Strikes Vehicle,0,0,N
1479,1,-122.3500054,47.65819511,1705,136200,136200,3553017,Matched,Block,,FREMONT AVE N BETWEEN N 42ND ST AND N MOTOR PL,,,1,Property Damage Only Collision,Parked Car,2,0,0,2,2012/05/02 00:00:00+00,5/2/2012 6:46:00 PM,Mid-Block (not related to intersection),14,"MOTOR VEHICLE STRUCK MOTOR VEHICLE, REAR END",,N,Unknown,Unknown,Unknown,,12123008.0,,32,One parked--one moving,0,0,N
1480,2,-122.29740079999999,47.71561399,1709,179400,179477,3575583,Matched,Intersection,36622.0,LAKE CITY WAY NE AND NE 120TH ST, ,,2,Injury Collision,Angles,2,0,0,2,2014/11/13 00:00:00+00,11/13/2014 1:51:00 PM,At Intersection (intersection related),11,"MOTOR VEHICLE STRUCK MOTOR VEHICLE, FRONT END AT ANGLE",,N,Clear,Dry,Daylight,,,,10,Entering at angle,0,0,N
1481,1,-122.33309809999999,47.60965503,1710,199000,199140,3734385,Matched,Block,,6TH AVE BETWEEN UNIVERSITY ST AND UNION ST,NEI,"Not Enough Information, or Insufficient Location Information",1,Property Damage Only Collision,Sideswipe,2,0,0,2,2015/07/26 00:00:00+00,7/26/2015 9:00:00 PM,,0,NOT ENOUGH INFORMATION / NOT APPLICABLE,Y,N,Unknown,Unknown,Unknown,,,,71,Same direction -- both turning right -- both moving -- sideswipe,0,0,N
1482,2,-122.32192040000001,47.70858579,1711,147100,147120,3508201,Matched,Block,,NE NORTHGATE WAY BETWEEN 5TH AVE NE AND 8TH AVE NE, ,,2,Injury Collision,Rear Ended,3,0,0,2,2012/10/19 00:00:00+00,10/19/2012 7:15:00 PM,Mid-Block (not related to intersection),14,"MOTOR VEHICLE STRUCK MOTOR VEHICLE, REAR END",,N,Raining,Wet,Dark - Street Lights On,,,,14,From same direction - both going straight - one stopped - rear-end,0,0,N
1483,2,-122.296764,47.6026559,1712,106500,106500,2898096,Matched,Intersection,30572.0,M L KING JR WAY AND E FIR ST,,,2,Injury Collision,Angles,5,0,0,2,2009/12/15 00:00:00+00,12/15/2009 2:45:00 PM,At Intersection (intersection related),11,"MOTOR VEHICLE STRUCK MOTOR VEHICLE, FRONT END AT ANGLE",,0,Raining,Wet,Daylight,,9349005.0,,10,Entering at angle,0,0,N
1484,1,-122.32349450000001,47.73349942,1713,228100,228440,E578787,Matched,Block,,5TH AVE NE BETWEEN 145TH ST OFF RP AND NE 145TH ST, ,,1,Property Damage Only Collision,Rear Ended,2,0,0,2,2016/08/20 00:00:00+00,8/20/2016 3:00:00 AM,Mid-Block (not related to intersection),14,"MOTOR VEHICLE STRUCK MOTOR VEHICLE, REAR END",,N,Clear,Dry,Dark - Street Lights On,,,,13,From same direction - both going straight - both moving - rear-end,0,0,N