,SEVERITYCODE,X,Y,OBJECTID,INCKEY,COLDETKEY,REPORTNO,STATUS,ADDRTYPE,INTKEY,LOCATION,EXCEPTRSNCODE,EXCEPTRSNDESC,SEVERITYCODE.1,SEVERITYDESC,COLLISIONTYPE,PERSONCOUNT,PEDCOUNT,PEDCYLCOUNT,VEHCOUNT,INCDATE,INCDTTM,JUNCTIONTYPE,SDOT_COLCODE,SDOT_COLDESC,INATTENTIONIND,UNDERINFL,WEATHER,ROADCOND,LIGHTCOND,PEDROWNOTGRNT,SDOTCOLNUM,SPEEDING,ST_COLCODE,ST_COLDESC,SEGLANEKEY,CROSSWALKKEY,HITPARKEDCAR
1545,1,-122.29419440000001,47.54620845,1784,172500,172520,3699279,Matched,Block,,S GRAHAM ST BETWEEN SHAFFER AVE S AND 30TH AVE S, ,,1,Property Damage Only Collision,Sideswipe,2,0,0,2,2014/07/22 00:00:00+00,7/22/2014 11:03:00 AM,Mid-Block (not related to intersection),11,"MOTOR VEHICLE STRUCK MOTOR VEHICLE, FRONT END AT ANGLE",Y,N,Clear,Dry,Daylight,,,,26,From opposite direction - both going straight - sideswipe,0,0,N
1546,2,,,1785,109900,109900,3375127,Matched,,,,NEI,"Not Enough Information, or Insufficient Location Information",2,Injury Collision,Other,1,0,0,1,2010/06/09 00:00:00+00,6/9/2010 9:19:00 PM,,0,NOT ENOUGH INFORMATION / NOT APPLICABLE,,Y,Clear,Dry,Dark - Street Lights Off,,10160002.0,,50,Fixed object,0,0,N
1547,1,-122.34047369999999,47.61449558,1787,140900,140900,3546135,Matched,Intersection,29545.0,5TH AVE AND LENORA ST, ,,1,Property Damage Only Collision,Angles,2,0,0,2,2012/01/09 00:00:00+00,1/9/2012 4:01:00 PM,At Intersection (intersection related),26,MOTOR VEHICLE STRUCK OBJECT IN ROAD,,N,Clear,Dry,Daylight,,12009001.0,,10,Entering at angle,0,0,N
1548,1,-122.302769,47.73383869,1789,252400,253000,E718476,Matched,Block,,NE 145TH ST BETWEEN 24TH AVE NE AND 25TH AVE NE, ,,1,Property Damage Only Collision,Rear Ended,0,0,0,2,2017/09/19 00:00:00+00,9/19/2017 9:05:00 PM,Mid-Block (not related to intersection),14,"MOTOR VEHICLE STRUCK MOTOR VEHICLE, REAR END",,N,Raining,Dry,Dark - Street Lights On,,,,14,From same direction - both going straight - one stopped - rear-end,0,0,N
1549,2,-122.3449619,47.72184683,1790,105100,105100,2795498,Matched,Block,,AURORA AVE N BETWEEN N 127TH ST AND N 128TH ST,,,2,Injury Collision,Rear Ended,4,0,0,4,2009/04/28 00:00:00+00,4/28/2009 2:34:00 PM,Mid-Block (but intersection related),14,"MOTOR VEHICLE STRUCK MOTOR VEHICLE, REAR END",,0,Clear,Dry,Daylight,,9118008.0,,14,From same direction - both going straight - one stopped - rear-end,0,0,N
1550,2,-122.375403,47.52106403,1791,287900,288760,3742067,Matched,Intersection,34946.0,34TH AVE SW AND SW BARTON ST, ,,2,Injury Collision,Angles,4,0,0,2,2018/05/18 00:00:00+00,5/18/2018 1:31:00 PM,At Intersection (intersection related),11,"MOTOR VEHICLE STRUCK MOTOR VEHICLE, FRONT END AT ANGLE",,N,Clear,Dry,Daylight,,,,10,Entering at angle,0,0,N
1551,1,-122.32354120000001,47.54096701,1792,155500,155520,3643607,Matched,Block,,CORSON AVE S BETWEEN S WILLOW ST AND EAST MARGINAL WAY S, ,,1,Property Damage Only Collision,Rear Ended,2,0,0,2,2013/10/15 00:00:00+00,10/15/2013 5:41:00 AM,Mid-Block (but intersection related),14,"MOTOR VEHICLE STRUCK MOTOR VEHICLE, REAR END",,N,Fog/Smog/Smoke,Dry,Dark - Street Lights On,,,,13,From same direction - both going straight - both moving - rear-end,0,0,N
1552,2,-122.3368649,47.60203256,1793,267500,268280,E762025,Matched,Block,,ALASKAN WAY BETWEEN YESLER WAY AND COLUMBIA ST, ,,2,Injury Collision,Other,6,0,0,1,2018/01/21 00:00:00+00,1/21/2018 4:11:00 PM,Mid-Block (not related to intersection),26,MOTOR VEHICLE STRUCK OBJECT IN ROAD,,N,Raining,Wet,Daylight,,,Y,50,Fixed object,0,0,N
1553,2,-122.3285496,47.70499627,1795,119800,119800,3554428,Matched,Intersection,37566.0,1ST AVE NE AND NE 105TH ST,,,2,Injury Collision,Left Turn,2,0,0,2,2011/11/03 00:00:00+00,11/3/2011,At Intersection (intersection related),11,"MOTOR VEHICLE STRUCK MOTOR VEHICLE, FRONT END AT ANGLE",,0,Clear,Dry,Dark - Street Lights On,,11307027.0,,28,From opposite direction - one left turn - one straight,0,0,N
1554,1,-122.31196570000002,47.66308365,1796,224200,224480,3767611,Matched,Intersection,26066.0,15TH AVE NE AND NE 47TH ST, ,,1,Property Damage Only Collision,Other,2,0,0,2,2016/07/20 00:00:00+00,7/20/2016 3:40:00 PM,At Intersection (intersection related),14,"MOTOR VEHICLE STRUCK MOTOR VEHICLE, REAR END",Y,N,Clear,Dry,Daylight,,,,23,From same direction - all others,0,0,N
1555,1,-122.4084548,47.56855922,1797,150500,150520,3645099,Matched,Intersection,38480.0,59TH AVE SW AND SW ANDOVER ST,NEI,"Not Enough Information, or Insufficient Location Information",1,Property Damage Only Collision,Parked Car,2,0,0,2,2012/12/06 00:00:00+00,12/6/2012 9:00:00 PM,At Intersection (intersection related),0,NOT ENOUGH INFORMATION / NOT APPLICABLE,,N,Unknown,Unknown,Unknown,,,,32,One parked--one moving,0,0,N
1556,1,-122.29864180000001,47.60010445,1798,108300,108300,3332091,Matched,Block,,26TH AVE S BETWEEN S WASHINGTON ST AND S JACKSON ST,,,1,Property Damage Only Collision,Parked Car,2,0,0,2,2010/07/07 00:00:00+00,7/7/2010 7:45:00 AM,,0,NOT ENOUGH INFORMATION / NOT APPLICABLE,,N,Clear,Dry,Daylight,,10188051.0,,32,One parked--one moving,0,0,N
1557,1,-122.31795890000002,47.55828094,1799,169600,169620,3579735,Matched,Block,,CORSON AVE S BETWEEN S FERDINAND ST AND S SHELTON ST, ,,1,Property Damage Only Collision,Parked Car,2,0,0,2,2014/06/03 00:00:00+00,6/3/2014 9:15:00 AM,Mid-Block (not related to intersection),13,"MOTOR VEHICLE STRUCK MOTOR VEHICLE, LEFT SIDE AT ANGLE",Y,N,Unknown,Unknown,Daylight,,,,32,One parked--one moving,0,0,N
1558,2,-122.3343443,47.62544337,1800,71300,71300,2620673,Matched,Block,,FAIRVIEW AVE N BETWEEN ROY ST AND VALLEY ST,,,2,Injury Collision,Rear Ended,3,0,0,3,2007/10/04 00:00:00+00,10/4/2007,Mid-Block (but intersection related),14,"MOTOR VEHICLE STRUCK MOTOR VEHICLE, REAR END",,0,Clear,Dry,Daylight,,7277030.0,,14,From same direction - both going straight - one stopped - rear-end,0,0,N
1559,1,-122.3394165,47.55847119,1801,106600,106600,3281813,Matched,Block,,EAST MARGINAL WAY S BETWEEN XW ALASKA AND S HUDSON ST,,,1,Property Damage Only Collision,Other,1,0,0,1,2009/01/13 00:00:00+00,1/13/2009 7:16:00 PM,Mid-Block (not related to intersection),26,MOTOR VEHICLE STRUCK OBJECT IN ROAD,,0,Clear,Dry,Dark - Street Lights On,,9013015.0,,57,All other non-collision,0,0,N
1560,1,-122.31876000000001,47.60435904,1802,183000,183080,3591115,Matched,Block,,E ALDER ST BETWEEN 10TH AVE AND 11TH AVE,NEI,"Not Enough Information, or Insufficient Location Information",1,Property Damage Only Collision,Parked Car,2,0,0,2,2014/12/12 00:00:00+00,12/12/2014 7:00:00 AM,Mid-Block (not related to intersection),0,NOT ENOUGH INFORMATION / NOT APPLICABLE,,N,Unknown,Unknown,Unknown,,,,32,One parked--one moving,0,0,N
1561,1,-122.2999541,47.60524777,1803,210500,210740,C806927,Unmatched,Block,,25TH AVE BETWEEN E ALDER ST AND E JEFFERSON ST, ,,1,Property Damage Only Collision,,2,0,0,0,2015/09/27 00:00:00+00,9/27/2015,Mid-Block (not related to intersection),14,"MOTOR VEHICLE STRUCK MOTOR VEHICLE, REAR END",,,,,,,,, ,,0,0,N
1562,1,-122.40025530000001,47.6351847,1804,75500,75500,2807774,Matched,Block,,W BLAINE ST BETWEEN W HOWE ST AND 35TH AVE W,,,1,Property Damage Only Collision,Parked Car,2,0,0,2,2007/06/03 00:00:00+00,6/3/2007,Mid-Block (not related to intersection),12,"MOTOR VEHICLE STRUCK MOTOR VEHICLE, RIGHT SIDE AT ANGLE",Y,1,Clear,Dry,Daylight,,7154019.0,,32,One parked--one moving,0,0,N
1563,1,-122.2902243,47.62751775,1805,227000,227340,3771373,Matched,Block,,E MADISON ST BETWEEN 32ND AVE E AND 33RD AVE E, ,,1,Property Damage Only Collision,Parked Car,4,0,0,4,2016/08/27 00:00:00+00,8/27/2016 3:33:00 AM,Mid-Block (not related to intersection),14,"MOTOR VEHICLE STRUCK MOTOR VEHICLE, REAR END",Y,Y,Clear,Dry,Dark - Street Lights On,,,,32,One parked--one moving,0,0,Y
1564,1,-122.4056793,47.58106924,1806,153400,153420,3465023,Matched,Block,,ALKI AVE SW BETWEEN 57TH AVE SW AND 58TH AVE SW, ,,1,Property Damage Only Collision,Other,5,0,0,2,2013/08/31 00:00:00+00,8/31/2013 5:48:00 PM,Mid-Block (not related to intersection),11,"MOTOR VEHICLE STRUCK MOTOR VEHICLE, FRONT END AT ANGLE",Y,N,Clear,Dry,Daylight,,,,23,From same direction - all others,0,0,N
1565,2,-122.27000600000001,47.51826498,1807,139900,139900,3384278,Matched,Intersection,35463.0,51ST AVE S AND S CAMBRIDGE ST,,,2,Injury Collision,Left Turn,2,0,0,2,2012/05/15 00:00:00+00,5/15/2012 10:05:00 AM,At Intersection (intersection related),11,"MOTOR VEHICLE STRUCK MOTOR VEHICLE, FRONT END AT ANGLE",,N,Clear,Dry,Daylight,,12136011.0,,28,From opposite direction - one left turn - one straight,0,0,N
1566,1,-122.30409750000001,47.64396127,1808,268800,269600,3702162,Matched,Intersection,28391.0,MONTLAKE BLVD E AND EAST MONTLAKE PL E, ,,1,Property Damage Only Collision,Angles,2,0,0,2,2017/12/28 00:00:00+00,12/28/2017 5:15:00 PM,At Intersection (intersection related),14,"MOTOR VEHICLE STRUCK MOTOR VEHICLE, REAR END",Y,N,Overcast,Wet,Dark - Street Lights On,,,,10,Entering at angle,0,0,N
1567,1,-122.31205179999999,47.65903992,1809,142600,142600,3501497,Matched,Block,,15TH AVE NE BETWEEN NE 42ND ST AND NE 43RD ST, ,,1,Property Damage Only Collision,Rear Ended,2,0,0,2,2013/02/12 00:00:00+00,2/12/2013 3:36:00 PM,,0,NOT ENOUGH INFORMATION / NOT APPLICABLE,,N,Overcast,Dry,Daylight,,13043025.0,,14,From same direction - both going straight - one stopped - rear-end,0,0,N
1568,2,-122.3707665,47.66365786,1810,148900,148920,3645980,Matched,Intersection,25455.0,11TH AVE NW AND NW LEARY WAY, ,,2,Injury Collision,Left Turn,2,0,0,2,2013/06/27 00:00:00+00,6/27/2013 12:18:00 AM,At Intersection (intersection related),0,NOT ENOUGH INFORMATION / NOT APPLICABLE,,N,Clear,Dry,Dark - Street Lights On,,,,28,From opposite direction - one left turn - one straight,0,0,N
1569,1,-122.35553770000001,47.71938919,1811,66300,66300,2624739,Matched,Block,,GREENWOOD AVE N BETWEEN RIDGEMONT WAY N AND N 125TH ST,,,1,Property Damage Only Collision,Other,1,0,0,1,2007/01/06 00:00:00+00,1/6/2007,Mid-Block (not related to intersection),28,MOTOR VEHICLE RAN OFF ROAD - HIT FIXED OBJECT,,0,Clear,Ice,Daylight,,7006003.0,Y,50,Fixed object,0,0,N
1570,1,-122.31087649999999,47.67669035,1812,167900,167920,3702755,Matched,Block,,16TH AVE NE BETWEEN NE 65TH ST AND NE 68TH ST, ,,1,Property Damage Only Collision,Parked Car,2,0,0,2,2014/05/01 00:00:00+00,5/1/2014 1:48:00 PM,Mid-Block (but intersection related),12,"MOTOR VEHICLE STRUCK MOTOR VEHICLE, RIGHT SIDE AT ANGLE",Y,N,Clear,Dry,Daylight,,,,32,One parked--one moving,0,0,N
1571,2,-122.38388870000001,47.58117586,1813,77700,77700,2616302,Matched,Intersection,31064.0,41ST AVE SW AND SW ADMIRAL WAY,,,2,Injury Collision,Sideswipe,2,0,0,2,2007/07/27 00:00:00+00,7/27/2007 8:55:00 AM,At Intersection (intersection related),11,"MOTOR VEHICLE STRUCK MOTOR VEHICLE, FRONT END AT ANGLE",Y,0,Clear,Dry,Daylight,,7208036.0,,71,Same direction -- both turning right -- both moving -- sideswipe,0,0,N
1572,1,-122.32891310000001,47.61346582,1814,296500,297620,E816339,Matched,Intersection,29878.0,BOREN AVE AND PIKE ST, ,,1,Property Damage Only Collision,Angles,3,0,0,2,2018/07/06 00:00:00+00,7/6/2018 9:48:00 AM,At Intersection (intersection related),11,"MOTOR VEHICLE STRUCK MOTOR VEHICLE, FRONT END AT ANGLE",Y,N,Clear,Dry,Daylight,,,Y,10,Entering at angle,0,0,N
1573,1,-122.31659760000001,47.683528100000004,1815,138800,138800,3568079,Matched,Block,,LAKE CITY WAY NE BETWEEN NE 75TH ST AND 11TH AVE NE,,,1,Property Damage Only Collision,Sideswipe,2,0,0,2,2012/02/21 00:00:00+00,2/21/2012 7:11:00 AM,Mid-Block (not related to intersection),11,"MOTOR VEHICLE STRUCK MOTOR VEHICLE, FRONT END AT ANGLE",,N,Raining,Dry,Unknown,,12052024.0,,11,From same direction - both going straight - both moving - sideswipe,0,0,N
1574,1,-122.3875872,47.6720096,1816,68500,68500,2792365,Matched,Block,,24TH AVE NW BETWEEN NW 59TH ST AND NW 60TH ST,,,1,Property Damage Only Collision,Parked Car,2,0,0,2,2007/07/07 00:00:00+00,7/7/2007,Mid-Block (not related to intersection),13,"MOTOR VEHICLE STRUCK MOTOR VEHICLE, LEFT SIDE AT ANGLE",,0,Clear,Dry,Unknown,,7188032.0,,32,One parked--one moving,0,0,N
1575,1,-122.3200539,47.67542229,1817,128200,128200,3554176,Matched,Block,,8TH AVE NE BETWEEN NE 64TH ST AND NE 65TH ST,,,1,Property Damage Only Collision,Sideswipe,2,0,0,2,2011/12/02 00:00:00+00,12/2/2011 7:14:00 AM,Mid-Block (but intersection related),11,"MOTOR VEHICLE STRUCK MOTOR VEHICLE, FRONT END AT ANGLE",,N,Clear,Wet,Dawn,,11336027.0,,72,Same direction -- both turning right -- one stopped -- sideswipe,0,0,N
1576,1,-122.31209080000001,47.65756047,1818,101400,101400,3284399,Matched,Block,,15TH AVE NE BETWEEN NE 41ST ST AND NE 42ND ST,,,1,Property Damage Only Collision,Rear Ended,3,0,0,2,2009/10/27 00:00:00+00,10/27/2009 4:48:00 PM,Mid-Block (not related to intersection),14,"MOTOR VEHICLE STRUCK MOTOR VEHICLE, REAR END",Y,0,Clear,Dry,Daylight,,9300012.0,,14,From same direction - both going straight - one stopped - rear-end,0,0,N
1577,1,-122.3418908,47.69598276,1819,88800,88800,2829904,Matched,Block,,STONE AVE N BETWEEN N 92ND ST AND N 93RD ST,,,1,Property Damage Only Collision,Parked Car,2,0,0,2,2008/01/17 00:00:00+00,1/17/2008 8:30:00 AM,Mid-Block (not related to intersection),11,"MOTOR VEHICLE STRUCK MOTOR VEHICLE, FRONT END AT ANGLE",,0,Clear,Dry,Daylight,,8017018.0,,32,One parked--one moving,0,0,N
1578,2,-122.3384241,47.60378134,1820,226600,226940,3785156,Matched,Intersection,29631.0,ALASKAN WAY AND MADISON ST, ,,2,Injury Collision,Pedestrian,3,2,0,1,2016/08/13 00:00:00+00,8/13/2016 6:00:00 PM,At Intersection (intersection related),24,MOTOR VEHCILE STRUCK PEDESTRIAN,,N,Clear,Dry,Daylight,,,,2,Vehicle turning left hits pedestrian,0,0,N
1579,1,-122.2847256,47.53795902,1821,187300,187380,3701184,Matched,Block,,38TH AVE S BETWEEN S MYRTLE ST AND S OTHELLO ST, ,,1,Property Damage Only Collision,Parked Car,2,0,0,2,2015/02/24 00:00:00+00,2/24/2015 11:30:00 AM,,0,NOT ENOUGH INFORMATION / NOT APPLICABLE,,N,Unknown,Unknown,Unknown,,,,32,One parked--one moving,0,0,Y
1580,2,-122.3182054,47.55752021,1822,95500,95500,3344452,Matched,Block,,CORSON AVE S BETWEEN S SHELTON ST AND S HUDSON ST,,,2,Injury Collision,Pedestrian,2,1,0,1,2009/11/19 00:00:00+00,11/19/2009 4:58:00 PM,Mid-Block (but intersection related),24,MOTOR VEHCILE STRUCK PEDESTRIAN,,0,Raining,Wet,Dark - Street Lights On,,9323016.0,Y,0,Vehicle going straight hits pedestrian,0,0,N
1581,1,-122.29854540000001,47.67489482,1823,145100,145100,3642202,Matched,Block,,27TH AVE NE BETWEEN NE 62ND ST AND NE 65TH ST, ,,1,Property Damage Only Collision,Parked Car,2,0,0,2,2013/04/26 00:00:00+00,4/26/2013 7:18:00 PM,Mid-Block (not related to intersection),16,"MOTOR VEHICLE STRUCK MOTOR VEHICLE, LEFT SIDE SIDESWIPE",,N,Clear,Dry,Dusk,,,,32,One parked--one moving,0,0,N
1582,1,-122.34456940000001,47.66287935,1824,126300,126300,3568843,Matched,Intersection,25675.0,GREEN LAKE WAY N AND WOODLAND PARK AVE N,,,1,Property Damage Only Collision,Angles,2,0,0,2,2011/03/14 00:00:00+00,3/14/2011 11:19:00 AM,At Intersection (intersection related),11,"MOTOR VEHICLE STRUCK MOTOR VEHICLE, FRONT END AT ANGLE",,N,Raining,Wet,Daylight,,11073003.0,,10,Entering at angle,0,0,N
1583,2,-122.34761599999999,47.61915389,1825,238200,238640,E637421,Matched,Block,,5TH AVE N BETWEEN DENNY WAY AND JOHN ST, ,,2,Injury Collision,Rear Ended,0,0,0,2,2017/01/31 00:00:00+00,1/31/2017 7:50:00 AM,Mid-Block (not related to intersection),26,MOTOR VEHICLE STRUCK OBJECT IN ROAD,,N,Clear,Dry,Daylight,,,,14,From same direction - both going straight - one stopped - rear-end,0,0,N
1584,1,-122.282835,47.66488955,1826,189100,189180,E404577,Matched,Intersection,26239.0,SAND POINT WAY NE AND NE 50TH ST, ,,1,Property Damage Only Collision,Angles,2,0,0,2,2015/02/27 00:00:00+00,2/27/2015 6:02:00 PM,At Intersection (intersection related),11,"MOTOR VEHICLE STRUCK MOTOR VEHICLE, FRONT END AT ANGLE",,N,Clear,Dry,Dark - Street Lights On,,,,10,Entering at angle,0,0,N
1585,1,,,1827,77300,77300,2827941,Matched,Alley,,,,,1,Property Damage Only Collision,Parked Car,2,0,0,2,2007/10/16 00:00:00+00,10/16/2007 4:00:00 PM,Driveway Junction,11,"MOTOR VEHICLE STRUCK MOTOR VEHICLE, FRONT END AT ANGLE",,0,Unknown,Unknown,Daylight,,7289009.0,,20,One car leaving parked position,0,0,N
1586,1,-122.30090619999999,47.661888299999994,1828,272900,273740,3754455,Unmatched,Block,,25TH AVE NE BETWEEN NE 44TH ST AND NE 47TH ST,NEI,"Not Enough Information, or Insufficient Location Information",1,Property Damage Only Collision,,1,0,0,0,2018/02/27 00:00:00+00,2/27/2018,Mid-Block (not related to intersection),0,NOT ENOUGH INFORMATION / NOT APPLICABLE,,,,,,,,, ,,0,0,N
1587,1,-122.3404558,47.68692954,1829,137800,137800,3564347,Matched,Intersection,24229.0,GREEN LAKE DR N AND N 80TH ST,,,1,Property Damage Only Collision,Angles,3,0,0,2,2012/08/19 00:00:00+00,8/19/2012 9:23:00 AM,At Intersection (intersection related),11,"MOTOR VEHICLE STRUCK MOTOR VEHICLE, FRONT END AT ANGLE",,N,Clear,Dry,Daylight,,12232025.0,,10,Entering at angle,0,0,N
1588,1,-122.3619294,47.62522696,1830,88000,88000,3286259,Matched,Block,,4TH AVE W BETWEEN W MERCER ST AND W ROY ST,,,1,Property Damage Only Collision,Parked Car,2,0,0,2,2008/10/15 00:00:00+00,10/15/2008 6:00:00 AM,Mid-Block (not related to intersection),0,NOT ENOUGH INFORMATION / NOT APPLICABLE,,0,Unknown,Unknown,Daylight,,8289045.0,,32,One parked--one moving,0,0,N
1589,2,-122.3324513,47.60726631,1831,300300,301500,3744621,Matched,Intersection,29933.0,5TH AVE AND SPRING ST,NEI,"Not Enough Information, or Insufficient Location Information",2,Injury Collision,Rear Ended,3,0,0,2,2018/08/11 00:00:00+00,8/11/2018 12:15:00 AM,At Intersection (intersection related),0,NOT ENOUGH INFORMATION / NOT APPLICABLE,,N,Unknown,Unknown,Dark - Street Lights On,,,,14,From same direction - both going straight - one stopped - rear-end,0,0,N
1590,1,-122.34348370000001,47.61216857,1832,194400,194500,3736075,Matched,Block,,LENORA ST BETWEEN 1ST AVE AND 2ND AVE,NEI,"Not Enough Information, or Insufficient Location Information",1,Property Damage Only Collision,Parked Car,2,0,0,2,2015/05/29 00:00:00+00,5/29/2015 3:20:00 PM,Mid-Block (not related to intersection),11,"MOTOR VEHICLE STRUCK MOTOR VEHICLE, FRONT END AT ANGLE",,N,Unknown,Unknown,Daylight,,,,32,One parked--one moving,0,0,Y
1591,1,-122.3499054,47.68693908,1833,94900,94900,2893336,Matched,Intersection,24284.0,FREMONT AVE N AND N 80TH ST,,,1,Property Damage Only Collision,Left Turn,2,0,0,2,2009/11/18 00:00:00+00,11/18/2009 6:45:00 PM,At Intersection (intersection related),11,"MOTOR VEHICLE STRUCK MOTOR VEHICLE, FRONT END AT ANGLE",,0,Raining,Wet,Dark - Street Lights On,,9322018.0,,28,From opposite direction - one left turn - one straight,0,0,N
1592,1,-122.33920690000001,47.56909948,1834,148300,148320,3579537,Matched,Block,,EAST MARGINAL NB WAY S BETWEEN EAST MARGINAL ER WAY S AND DUWAMISH AVE S, ,,1,Property Damage Only Collision,Rear Ended,2,0,0,2,2013/06/18 00:00:00+00,6/18/2013 10:23:00 AM,Mid-Block (not related to intersection),14,"MOTOR VEHICLE STRUCK MOTOR VEHICLE, REAR END",Y,N,Clear,Dry,Daylight,,,,14,From same direction - both going straight - one stopped - rear-end,0,0,N
1593,1,-122.3346656,47.60968542,1836,163900,163924,3577580,Matched,Intersection,29913.0,5TH AVE AND UNION ST,NEI,"Not Enough Information, or Insufficient Location Information",1,Property Damage Only Collision,Cycles,5,0,1,1,2014/02/20 00:00:00+00,2/20/2014 8:27:00 PM,At Intersection (intersection related),0,NOT ENOUGH INFORMATION / NOT APPLICABLE,,N,Clear,Wet,Dark - Street Lights On,,,,45,Vehicle - Pedalcyclist,24889,0,N
1594,2,-122.33034750000002,47.61788832,1837,212100,212340,3581919,Matched,Block,,YALE AVE BETWEEN HOWELL ST AND STEWART ST, ,,2,Injury Collision,Parked Car,2,0,0,2,2016/01/25 00:00:00+00,1/25/2016 1:53:00 AM,Mid-Block (but intersection related),14,"MOTOR VEHICLE STRUCK MOTOR VEHICLE, REAR END",Y,N,Clear,Dry,Dark - Street Lights On,,,,32,One parked--one moving,0,0,N
1595,1,-122.32680420000001,47.61521815,1838,104800,104800,3207978,Matched,Intersection,29862.0,BELLEVUE AVE AND E PINE ST,,,1,Property Damage Only Collision,Left Turn,2,0,0,2,2009/11/10 00:00:00+00,11/10/2009 10:59:00 PM,At Intersection (intersection related),11,"MOTOR VEHICLE STRUCK MOTOR VEHICLE, FRONT END AT ANGLE",Y,0,Raining,Wet,Dark - Street Lights On,,9314022.0,,28,From opposite direction - one left turn - one straight,0,0,N
1596,1,-122.32798030000001,47.60321632,1839,246500,247080,3746733,Matched,Block,,JEFFERSON ST BETWEEN 5TH AVE AND 6TH AVE, ,,1,Property Damage Only Collision,Other,0,0,0,1,2017/08/17 00:00:00+00,8/17/2017 5:22:00 PM,Mid-Block (not related to intersection),48,DRIVERLESS VEHICLE RAN OFF ROAD - HIT FIXED OBJECT,,N,Clear,Dry,Daylight,,,,50,Fixed object,0,0,N
1597,2,-122.32391000000001,47.59242872,1840,122900,122900,3375960,Matched,Intersection,30555.0,AIRPORT WAY S AND S ROYAL BROUGHAM WAY,,,2,Injury Collision,Angles,2,0,0,2,2011/08/02 00:00:00+00,8/2/2011,At Intersection (intersection related),11,"MOTOR VEHICLE STRUCK MOTOR VEHICLE, FRONT END AT ANGLE",,0,Clear,Dry,Daylight,,11214015.0,,10,Entering at angle,0,0,N
1598,1,-122.35116670000001,47.61730024,1841,188600,188680,3591065,Matched,Block,,2ND AVE BETWEEN CLAY ST AND BROAD ST, ,,1,Property Damage Only Collision,Parked Car,2,0,0,2,2015/03/29 00:00:00+00,3/29/2015 2:10:00 PM,Mid-Block (not related to intersection),14,"MOTOR VEHICLE STRUCK MOTOR VEHICLE, REAR END",,N,Clear,Dry,Daylight,,,,32,One parked--one moving,0,0,N
1599,1,-122.36601029999999,47.68326298,1842,91400,91400,3276853,Matched,Intersection,24151.0,8TH AVE NW AND NW 75TH ST,,,1,Property Damage Only Collision,Angles,3,0,0,2,2008/12/30 00:00:00+00,12/30/2008 10:32:00 AM,At Intersection (intersection related),11,"MOTOR VEHICLE STRUCK MOTOR VEHICLE, FRONT END AT ANGLE",,0,Overcast,Dry,Daylight,,8365006.0,,10,Entering at angle,0,0,N
1600,1,-122.3362818,47.61313013,1843,209200,209420,3789265,Matched,Intersection,29554.0,6TH AVE AND OLIVE WAY, ,,1,Property Damage Only Collision,Sideswipe,4,0,0,2,2015/12/14 00:00:00+00,12/14/2015 8:05:00 PM,At Intersection (intersection related),11,"MOTOR VEHICLE STRUCK MOTOR VEHICLE, FRONT END AT ANGLE",,N,Clear,Dry,Dark - Street Lights On,,,,11,From same direction - both going straight - both moving - sideswipe,0,0,N
1601,1,-122.2700021,47.52075616,1844,175900,175920,3696337,Matched,Block,,RAINIER AVE S BETWEEN S FISHER PL AND 51ST AVE S, ,,1,Property Damage Only Collision,Sideswipe,2,0,0,2,2014/09/14 00:00:00+00,9/14/2014 9:45:00 PM,Mid-Block (not related to intersection),16,"MOTOR VEHICLE STRUCK MOTOR VEHICLE, LEFT SIDE SIDESWIPE",,N,Clear,Dry,Dark - Street Lights On,,,,11,From same direction - both going straight - both moving - sideswipe,0,0,N
1602,2,-122.3095853,47.60802868,1845,87600,87600,2899385,Matched,Block,,E CHERRY ST BETWEEN 17TH AVE AND 18TH AVE,,,2,Injury Collision,Head On,3,0,0,2,2008/09/14 00:00:00+00,9/14/2008 8:52:00 PM,Mid-Block (but intersection related),11,"MOTOR VEHICLE STRUCK MOTOR VEHICLE, FRONT END AT ANGLE",,1,Clear,Dry,Dark - Street Lights On,,8258027.0,Y,24,From opposite direction - both moving - head-on,0,0,N
1603,1,-122.3229561,47.68714557,1846,204300,204440,3739097,Matched,Block,,5TH AVE NE BETWEEN NE 80TH ST AND NE 81ST ST, ,,1,Property Damage Only Collision,Rear Ended,2,0,0,2,2015/10/03 00:00:00+00,10/3/2015 9:58:00 AM,Mid-Block (but intersection related),14,"MOTOR VEHICLE STRUCK MOTOR VEHICLE, REAR END",,N,Clear,Dry,Daylight,,,,13,From same direction - both going straight - both moving - rear-end,0,0,N
1604,1,-122.3156922,47.67802843,1847,172400,172420,3587622,Matched,Intersection,24484.0,12TH AVE NE AND NE 68TH ST, ,,1,Property Damage Only Collision,Left Turn,3,0,0,2,2014/07/23 00:00:00+00,7/23/2014 5:02:00 PM,At Intersection (intersection related),11,"MOTOR VEHICLE STRUCK MOTOR VEHICLE, FRONT END AT ANGLE",,N,Clear,Wet,Daylight,,,,15,From same direction - one left turn - one straight,0,0,N
1605,1,-122.3256595,47.61158529,1848,94600,94600,3200464,Matched,Block,,MINOR AVE BETWEEN SENECA ST AND UNIVERSITY ST,,,1,Property Damage Only Collision,Parked Car,2,0,0,2,2009/12/18 00:00:00+00,12/18/2009 6:39:00 PM,Mid-Block (not related to intersection),14,"MOTOR VEHICLE STRUCK MOTOR VEHICLE, REAR END",,0,Raining,Wet,Dark - Street Lights On,,9352014.0,,32,One parked--one moving,0,0,N