,SEVERITYCODE,X,Y,OBJECTID,INCKEY,COLDETKEY,REPORTNO,STATUS,ADDRTYPE,INTKEY,LOCATION,EXCEPTRSNCODE,EXCEPTRSNDESC,SEVERITYCODE.1,SEVERITYDESC,COLLISIONTYPE,PERSONCOUNT,PEDCOUNT,PEDCYLCOUNT,VEHCOUNT,INCDATE,INCDTTM,JUNCTIONTYPE,SDOT_COLCODE,SDOT_COLDESC,INATTENTIONIND,UNDERINFL,WEATHER,ROADCOND,LIGHTCOND,PEDROWNOTGRNT,SDOTCOLNUM,SPEEDING,ST_COLCODE,ST_COLDESC,SEGLANEKEY,CROSSWALKKEY,HITPARKEDCAR
1668,1,-122.3283384,47.60947816,1919,292300,293240,E808962,Matched,Block,,9TH AVE BETWEEN SPRING ST AND SENECA ST, ,,1,Property Damage Only Collision,Parked Car,2,0,0,2,2018/06/14 00:00:00+00,6/14/2018 1:00:00 PM,Mid-Block (not related to intersection),14,"MOTOR VEHICLE STRUCK MOTOR VEHICLE, REAR END",,N,Clear,Dry,Daylight,,,,32,One parked--one moving,0,0,Y
1669,1,-122.2926522,47.604185799999996,1920,173200,173220,3642348,Matched,Intersection,30093.0,31ST AVE AND E ALDER ST, ,,1,Property Damage Only Collision,Other,1,0,0,1,2014/08/02 00:00:00+00,8/2/2014 3:11:00 PM,At Intersection (intersection related),0,NOT ENOUGH INFORMATION / NOT APPLICABLE,,N,Clear,Dry,Daylight,,,,50,Fixed object,0,0,N
1670,1,-122.3342037,47.57438558,1921,146500,146520,3467699,Matched,Intersection,32333.0,1ST AVE S AND S HORTON ST, ,,1,Property Damage Only Collision,Other,1,0,0,1,2013/05/16 00:00:00+00,5/16/2013 8:40:00 AM,At Intersection (intersection related),29,MOTOR VEHICLE OVERTURNED IN ROAD,,N,Clear,Dry,Daylight,,,,52,Vehicle overturned,0,0,N
1671,2,-122.38795659999998,47.54474608,1922,223000,223280,3588286,Matched,Block,,FAUNTLEROY WAY SW BETWEEN CALIFORNIA AVE SW AND 44TH AVE SW, ,,2,Injury Collision,Left Turn,2,0,0,2,2016/07/07 00:00:00+00,7/7/2016 9:05:00 AM,Driveway Junction,11,"MOTOR VEHICLE STRUCK MOTOR VEHICLE, FRONT END AT ANGLE",Y,N,Overcast,Dry,Dawn,,,,28,From opposite direction - one left turn - one straight,0,0,N
1672,1,-122.3837466,47.67597454,1923,126700,126700,3552474,Matched,Block,,NW 65TH ST BETWEEN 21ST AVE NW AND 22ND E AVE NW,,,1,Property Damage Only Collision,Parked Car,2,0,0,2,2011/10/25 00:00:00+00,10/25/2011 1:22:00 AM,Mid-Block (not related to intersection),14,"MOTOR VEHICLE STRUCK MOTOR VEHICLE, REAR END",,Y,Clear,Dry,Dark - Street Lights On,,11298032.0,,32,One parked--one moving,0,0,N
1673,2,-122.35278490000002,47.62544255,1924,199100,199240,3739216,Matched,Intersection,28884.0,2ND AVE N AND ROY ST, ,,2,Injury Collision,Pedestrian,2,1,0,1,2015/07/31 00:00:00+00,7/31/2015 5:48:00 PM,At Intersection (intersection related),24,MOTOR VEHCILE STRUCK PEDESTRIAN,,N,,,,,,,0,Vehicle going straight hits pedestrian,0,622682,N
1674,1,-122.3058274,47.5884106,1925,131200,131200,3467115,Matched,Intersection,31517.0,RAINIER AVE S AND S MASSACHUSETTS ST,,,1,Property Damage Only Collision,Sideswipe,5,0,0,2,2012/07/28 00:00:00+00,7/28/2012 8:10:00 PM,At Intersection (intersection related),14,"MOTOR VEHICLE STRUCK MOTOR VEHICLE, REAR END",,N,Clear,Dry,Daylight,,12210020.0,,11,From same direction - both going straight - both moving - sideswipe,0,0,N
1675,1,-122.3141274,47.61155241,1926,78300,78300,2620925,Matched,Intersection,29776.0,14TH AVE AND E SPRING ST,,,1,Property Damage Only Collision,Angles,2,0,0,2,2007/03/11 00:00:00+00,3/11/2007 12:02:00 AM,At Intersection (intersection related),11,"MOTOR VEHICLE STRUCK MOTOR VEHICLE, FRONT END AT ANGLE",,0,Raining,Wet,Dark - Street Lights On,,7070027.0,,10,Entering at angle,0,0,N
1676,1,-122.31678149999999,47.60351416,1927,209000,209220,3706990,Matched,Intersection,29839.0,12TH AVE AND E SPRUCE ST, ,,1,Property Damage Only Collision,Angles,2,0,0,2,2015/12/10 00:00:00+00,12/10/2015 1:17:00 PM,At Intersection (intersection related),11,"MOTOR VEHICLE STRUCK MOTOR VEHICLE, FRONT END AT ANGLE",,N,Raining,Wet,Daylight,,,,10,Entering at angle,0,0,N
1677,2,-122.31215470000001,47.69397824,1928,139300,139300,3508134,Matched,Intersection,37534.0,15TH AVE NE AND NE 90TH ST,,,2,Injury Collision,Left Turn,2,0,0,2,2012/11/14 00:00:00+00,11/14/2012 1:19:00 PM,At Intersection (intersection related),11,"MOTOR VEHICLE STRUCK MOTOR VEHICLE, FRONT END AT ANGLE",,N,Clear,Dry,Daylight,,12319017.0,,28,From opposite direction - one left turn - one straight,0,0,N
1678,1,-122.2962311,47.61001042,1929,221700,221980,E552110,Matched,Intersection,30046.0,M L KING JR WAY AND E MARION ST, ,,1,Property Damage Only Collision,Rear Ended,2,0,0,2,2016/06/09 00:00:00+00,6/9/2016 3:59:00 PM,At Intersection (but not related to intersection),14,"MOTOR VEHICLE STRUCK MOTOR VEHICLE, REAR END",,N,Overcast,Dry,Daylight,,,,14,From same direction - both going straight - one stopped - rear-end,0,0,N
1679,2,-122.3527631,47.70507555,1930,237200,237640,3762514,Matched,Intersection,36421.0,DAYTON AVE N AND N 105TH ST, ,,2,Injury Collision,Left Turn,2,0,0,2,2017/03/21 00:00:00+00,3/21/2017 4:59:00 PM,At Intersection (intersection related),11,"MOTOR VEHICLE STRUCK MOTOR VEHICLE, FRONT END AT ANGLE",,N,Clear,Dry,Daylight,,,,28,From opposite direction - one left turn - one straight,0,0,N
1680,1,-122.2701494,47.50558835,1932,161500,161520,3583060,Matched,Block,,51ST AVE S BETWEEN S BANGOR ST AND S 109TH ST, ,,1,Property Damage Only Collision,Other,2,0,0,2,2014/02/06 00:00:00+00,2/6/2014 5:07:00 AM,Mid-Block (not related to intersection),13,"MOTOR VEHICLE STRUCK MOTOR VEHICLE, LEFT SIDE AT ANGLE",,N,Clear,Ice,Dark - Street Lights On,,,Y,50,Fixed object,0,0,N
1681,1,-122.376597,47.53648226,1933,151400,151420,3505465,Matched,Block,,35TH AVE SW BETWEEN SW OTHELLO ST AND SW WEBSTER ST, ,,1,Property Damage Only Collision,Sideswipe,6,0,0,5,2013/07/28 00:00:00+00,7/28/2013 6:17:00 PM,Mid-Block (not related to intersection),11,"MOTOR VEHICLE STRUCK MOTOR VEHICLE, FRONT END AT ANGLE",,N,Clear,Dry,Daylight,,,,11,From same direction - both going straight - both moving - sideswipe,0,0,N
1682,1,-122.29015530000001,47.66375322,1934,94500,94500,3198430,Matched,Block,,35TH AVE NE BETWEEN NE 45TH PL AND NE 50TH ST,,,1,Property Damage Only Collision,Parked Car,3,0,0,3,2009/11/01 00:00:00+00,11/1/2009,Mid-Block (not related to intersection),16,"MOTOR VEHICLE STRUCK MOTOR VEHICLE, LEFT SIDE SIDESWIPE",,0,Unknown,Unknown,Unknown,,9305013.0,,32,One parked--one moving,0,0,N
1683,1,-122.3222024,47.60612546,1935,167600,167620,3199491,Matched,Block,,BOREN AVE BETWEEN JEFFERSON ST AND JAMES ST, ,,1,Property Damage Only Collision,Rear Ended,2,0,0,2,2014/05/08 00:00:00+00,5/8/2014 4:20:00 PM,Mid-Block (but intersection related),14,"MOTOR VEHICLE STRUCK MOTOR VEHICLE, REAR END",,N,Raining,Wet,Daylight,,,Y,13,From same direction - both going straight - both moving - rear-end,0,0,N
1684,1,-122.3631232,47.56199176,1936,71400,71400,2613935,Matched,Block,,DELRIDGE WAY SW BETWEEN SW OREGON ST AND SW ALASKA ST,,,1,Property Damage Only Collision,Other,2,0,0,2,2007/07/31 00:00:00+00,7/31/2007 7:27:00 AM,Driveway Junction,11,"MOTOR VEHICLE STRUCK MOTOR VEHICLE, FRONT END AT ANGLE",,0,Clear,Dry,Dawn,,7212023.0,,22,One car leaving driveway access,0,0,N
1685,1,-122.3377875,47.60306058,1937,106800,106800,3329857,Matched,Intersection,30379.0,ALASKAN WAY AND MARION ST,,,1,Property Damage Only Collision,Left Turn,2,0,0,2,2010/07/06 00:00:00+00,7/6/2010 2:55:00 PM,At Intersection (intersection related),11,"MOTOR VEHICLE STRUCK MOTOR VEHICLE, FRONT END AT ANGLE",,N,Clear,Dry,Daylight,,10187003.0,,28,From opposite direction - one left turn - one straight,0,0,N
1686,1,-122.311466,47.6141094,1938,128400,128400,2882189,Matched,Intersection,30138.0,16TH AVE AND E PIKE ST,,,1,Property Damage Only Collision,Angles,2,0,0,2,2011/04/22 00:00:00+00,4/22/2011 8:10:00 PM,At Intersection (intersection related),11,"MOTOR VEHICLE STRUCK MOTOR VEHICLE, FRONT END AT ANGLE",,0,Clear,Dry,Dusk,,11112011.0,,10,Entering at angle,0,0,N
1687,1,-122.29922909999999,47.73380754,1939,249700,250300,E714948,Matched,Intersection,35993.0,27TH AVE NE AND NE 145TH ST, ,,1,Property Damage Only Collision,Rear Ended,0,0,0,2,2017/09/10 00:00:00+00,9/10/2017 1:50:00 PM,At Intersection (but not related to intersection),14,"MOTOR VEHICLE STRUCK MOTOR VEHICLE, REAR END",,N,Clear,Dry,Daylight,,,,14,From same direction - both going straight - one stopped - rear-end,0,0,N
1688,2,-122.37676110000001,47.67682047,1941,245400,246000,E684575,Matched,Block,,15TH AVE NW BETWEEN NW 65TH ST AND NW 67TH ST, ,,2,Injury Collision,Parked Car,3,0,0,3,2017/06/16 00:00:00+00,6/16/2017 2:35:00 PM,Mid-Block (not related to intersection),14,"MOTOR VEHICLE STRUCK MOTOR VEHICLE, REAR END",,N,Clear,Dry,Daylight,,,,32,One parked--one moving,0,0,Y
1689,1,-122.34003290000001,47.61306259,1942,174000,174020,3696381,Matched,Intersection,29557.0,4TH AVE AND VIRGINIA ST, ,,1,Property Damage Only Collision,Sideswipe,2,0,0,2,2014/08/18 00:00:00+00,8/18/2014 6:15:00 PM,At Intersection (intersection related),11,"MOTOR VEHICLE STRUCK MOTOR VEHICLE, FRONT END AT ANGLE",,N,Clear,Dry,Daylight,,,,71,Same direction -- both turning right -- both moving -- sideswipe,0,0,N
1690,1,-122.33203020000002,47.69049981,1943,183700,183780,3641698,Matched,Block,,N 85TH ST BETWEEN MERIDIAN AVE N AND CORLISS WAY N, ,,1,Property Damage Only Collision,Other,1,0,0,1,2015/01/17 00:00:00+00,1/17/2015 11:04:00 PM,Mid-Block (not related to intersection),26,MOTOR VEHICLE STRUCK OBJECT IN ROAD,,N,Raining,Wet,Dark - Street Lights On,,,,50,Fixed object,0,0,N
1691,1,-122.3638498,47.52468525,1944,139500,139500,3380578,Matched,Block,,SW TRENTON ST BETWEEN 24TH AVE SW AND 25TH AVE SW,,,1,Property Damage Only Collision,Other,2,0,0,1,2012/09/29 00:00:00+00,9/29/2012 10:46:00 AM,Mid-Block (not related to intersection),26,MOTOR VEHICLE STRUCK OBJECT IN ROAD,,N,Clear,Dry,Daylight,,12273016.0,,50,Fixed object,0,0,N
1692,1,-122.3422814,47.63230009,1945,222400,222680,E557035,Matched,Intersection,28710.0,DEXTER AVE N AND GALER ST, ,,1,Property Damage Only Collision,Pedestrian,2,1,0,1,2016/06/23 00:00:00+00,6/23/2016 7:38:00 AM,At Intersection (intersection related),24,MOTOR VEHCILE STRUCK PEDESTRIAN,,N,Raining,Wet,Daylight,Y,,,0,Vehicle going straight hits pedestrian,0,522521,N
1693,1,-122.36420509999999,47.65066666,1946,179900,179960,3643704,Matched,Block,,W EMERSON ST BETWEEN W BERTONA ST AND 6TH AVE W, ,,1,Property Damage Only Collision,Other,1,0,0,1,2014/11/28 00:00:00+00,11/28/2014 7:27:00 PM,Mid-Block (not related to intersection),28,MOTOR VEHICLE RAN OFF ROAD - HIT FIXED OBJECT,,N,Raining,Wet,Dark - Street Lights On,,,,50,Fixed object,0,0,N
1694,2,-122.3619912,47.67955765,1947,133600,133600,3608933,Matched,Block,,NW 70TH ST BETWEEN 4TH AVE NW AND 5TH AVE NW,,,2,Injury Collision,Parked Car,4,0,0,2,2012/11/09 00:00:00+00,11/9/2012 1:37:00 AM,Mid-Block (not related to intersection),14,"MOTOR VEHICLE STRUCK MOTOR VEHICLE, REAR END",,Y,Clear,Dry,Dark - No Street Lights,,12314031.0,,32,One parked--one moving,0,0,N
1695,2,-122.3434938,47.61393611,1948,93400,93400,2826196,Matched,Intersection,29547.0,3RD AVE AND BLANCHARD ST,,,2,Injury Collision,Angles,4,0,0,3,2008/11/07 00:00:00+00,11/7/2008,At Intersection (intersection related),11,"MOTOR VEHICLE STRUCK MOTOR VEHICLE, FRONT END AT ANGLE",,0,Overcast,Dry,Dark - Street Lights On,,8312036.0,,10,Entering at angle,0,0,N
1696,1,,,1949,131600,131600,3546146,Matched,Block,,BROAD ST EB OFF RP BETWEEN BROAD ST AND MERCER SR ST,,,1,Property Damage Only Collision,Other,1,0,0,1,2012/07/28 00:00:00+00,7/28/2012 4:18:00 PM,Mid-Block (not related to intersection),0,NOT ENOUGH INFORMATION / NOT APPLICABLE,,N,Clear,Dry,Daylight,,12210032.0,,50,Fixed object,0,0,N
1697,2,-122.31791090000002,47.71965853,1950,92400,92400,2881010,Matched,Block,,NE 125TH ST BETWEEN ROOSEVELT N WAY NE AND NE 125TH SR ST,,,2,Injury Collision,Sideswipe,5,0,0,2,2008/12/07 00:00:00+00,12/7/2008,Mid-Block (not related to intersection),16,"MOTOR VEHICLE STRUCK MOTOR VEHICLE, LEFT SIDE SIDESWIPE",,0,Raining,Wet,Daylight,,8342010.0,,11,From same direction - both going straight - both moving - sideswipe,0,0,N
1698,2,-122.3374665,47.60270291,1951,210400,210640,3791489,Matched,Block,,ALASKAN WAY BETWEEN COLUMBIA ST AND MARION ST, ,,2,Injury Collision,Pedestrian,4,1,0,1,2015/12/31 00:00:00+00,12/31/2015 5:33:00 PM,Mid-Block (not related to intersection),24,MOTOR VEHCILE STRUCK PEDESTRIAN,,N,Clear,Dry,Dark - Street Lights On,,,,0,Vehicle going straight hits pedestrian,0,0,N
1699,2,-122.30461229999999,47.64660623,1952,156800,156820,3672410,Matched,Block,,MONTLAKE BLVD E BETWEEN E SHELBY ST AND MONTLAKE BR, ,,2,Injury Collision,Rear Ended,4,0,0,2,2013/11/11 00:00:00+00,11/11/2013 6:05:00 PM,Mid-Block (but intersection related),14,"MOTOR VEHICLE STRUCK MOTOR VEHICLE, REAR END",Y,Y,Clear,Dry,Dark - Street Lights Off,,,,14,From same direction - both going straight - one stopped - rear-end,0,0,N
1700,2,-122.3252884,47.618896,1953,127400,127400,2805991,Matched,Intersection,29161.0,SUMMIT AVE E AND E OLIVE WAY,,,2,Injury Collision,Left Turn,3,0,0,2,2011/07/30 00:00:00+00,7/30/2011 2:13:00 AM,At Intersection (intersection related),11,"MOTOR VEHICLE STRUCK MOTOR VEHICLE, FRONT END AT ANGLE",,1,Clear,Dry,Dark - Street Lights On,,11211004.0,,28,From opposite direction - one left turn - one straight,0,0,N
1701,1,-122.33003400000001,47.62686964,1954,101600,101600,3274364,Matched,Block,,ALOHA ST BETWEEN YALE AVE N AND EASTLAKE AVE E,,,1,Property Damage Only Collision,Parked Car,2,0,0,2,2009/05/18 00:00:00+00,5/18/2009 9:35:00 AM,Mid-Block (not related to intersection),14,"MOTOR VEHICLE STRUCK MOTOR VEHICLE, REAR END",,0,Clear,Dry,Daylight,,9138032.0,,32,One parked--one moving,0,0,N
1702,1,-122.39298500000001,47.67445672,1955,117700,117700,3376551,Matched,Intersection,25198.0,28TH AVE NW AND NW 63RD ST,,,1,Property Damage Only Collision,Other,1,0,0,1,2010/02/05 00:00:00+00,2/5/2010 9:37:00 PM,At Intersection (intersection related),26,MOTOR VEHICLE STRUCK OBJECT IN ROAD,,N,Overcast,Dry,Dark - Street Lights On,,10036022.0,,50,Fixed object,0,0,N
1703,1,-122.32563300000001,47.61848878,1956,225500,225820,E573072,Matched,Intersection,29162.0,E DENNY WAY AND E OLIVE WAY, ,,1,Property Damage Only Collision,Rear Ended,2,0,0,2,2016/07/21 00:00:00+00,7/21/2016 4:22:00 PM,At Intersection (intersection related),14,"MOTOR VEHICLE STRUCK MOTOR VEHICLE, REAR END",,N,Clear,Dry,Daylight,,,,14,From same direction - both going straight - one stopped - rear-end,0,0,N
1704,1,-122.35001899999999,47.69963475,1957,135300,135300,3502903,Matched,Intersection,37414.0,FREMONT AVE N AND N 97TH ST,,,1,Property Damage Only Collision,Other,1,0,0,1,2012/12/15 00:00:00+00,12/15/2012 10:56:00 PM,At Intersection (intersection related),26,MOTOR VEHICLE STRUCK OBJECT IN ROAD,,N,Clear,Wet,Dark - Street Lights On,,12350005.0,,50,Fixed object,0,0,N
1705,1,-122.27707209999998,47.54932604,1958,68400,68400,2806976,Matched,Block,,RAINIER AVE S BETWEEN S JUNEAU ST AND S KENNY ST,,,1,Property Damage Only Collision,Sideswipe,2,0,0,2,2007/04/29 00:00:00+00,4/29/2007 6:41:00 AM,Mid-Block (not related to intersection),11,"MOTOR VEHICLE STRUCK MOTOR VEHICLE, FRONT END AT ANGLE",,0,Overcast,Dry,Daylight,,7119006.0,,11,From same direction - both going straight - both moving - sideswipe,0,0,N
1706,1,-122.29020290000001,47.66941629,1959,130100,130100,3375114,Matched,Block,,35TH AVE NE BETWEEN NE 55TH ST AND NE 57TH ST,,,1,Property Damage Only Collision,Parked Car,4,0,0,2,2011/01/24 00:00:00+00,1/24/2011 5:21:00 PM,Mid-Block (not related to intersection),16,"MOTOR VEHICLE STRUCK MOTOR VEHICLE, LEFT SIDE SIDESWIPE",,N,Raining,Wet,Daylight,,11024010.0,,32,One parked--one moving,0,0,N
1707,1,-122.30063290000001,47.67106879,1960,178500,178540,3575730,Matched,Block,,25TH AVE NE BETWEEN NE 57TH ST AND NE 60TH ST, ,,1,Property Damage Only Collision,Rear Ended,5,0,0,3,2014/10/30 00:00:00+00,10/30/2014 9:43:00 PM,Mid-Block (but intersection related),14,"MOTOR VEHICLE STRUCK MOTOR VEHICLE, REAR END",,N,Raining,Wet,Dark - Street Lights On,,,,14,From same direction - both going straight - one stopped - rear-end,0,0,N
1708,2,-122.38545659999998,47.56197325,1961,220100,220380,3505381,Matched,Block,,42ND AVE SW BETWEEN SW OREGON ST AND SW ALASKA ST, ,,2,Injury Collision,Angles,4,0,0,2,2016/05/25 00:00:00+00,5/25/2016 6:43:00 PM,Driveway Junction,11,"MOTOR VEHICLE STRUCK MOTOR VEHICLE, FRONT END AT ANGLE",,N,Clear,Dry,Daylight,,,,10,Entering at angle,0,0,N
1709,1,-122.3447064,47.7057972,1962,251100,251700,E726532,Matched,Block,,AURORA AVE N BETWEEN N NORTHGATE WAY AND N 107TH S ST, ,,1,Property Damage Only Collision,Parked Car,3,0,0,3,2017/10/23 00:00:00+00,10/23/2017 9:35:00 AM,Mid-Block (not related to intersection),28,MOTOR VEHICLE RAN OFF ROAD - HIT FIXED OBJECT,,N,Clear,Dry,Daylight,,,,32,One parked--one moving,0,0,N
1710,2,-122.3660017,47.68693636,1963,91700,91700,2795352,Matched,Intersection,24137.0,8TH AVE NW AND NW 80TH ST,,,2,Injury Collision,Angles,3,0,0,2,2008/05/05 00:00:00+00,5/5/2008,At Intersection (intersection related),11,"MOTOR VEHICLE STRUCK MOTOR VEHICLE, FRONT END AT ANGLE",,0,Clear,Dry,Dark - Street Lights Off,,8126009.0,Y,10,Entering at angle,0,0,N
1711,1,-122.32788729999999,47.61617237,1964,228800,229160,E592055,Matched,Block,,MELROSE AVE BETWEEN YALE AVE AND OLIVE WAY, ,,1,Property Damage Only Collision,Angles,2,0,0,2,2016/09/11 00:00:00+00,9/11/2016 4:26:00 PM,Driveway Junction,11,"MOTOR VEHICLE STRUCK MOTOR VEHICLE, FRONT END AT ANGLE",,N,Clear,Dry,Daylight,,,,10,Entering at angle,0,0,N
1712,2,-122.29632849999999,47.71845145,1965,156100,156120,3645915,Matched,Block,,30TH AVE NE BETWEEN LAKE CITY N WAY NE AND NE 125TH ST, ,,2,Injury Collision,Angles,2,0,0,2,2013/10/30 00:00:00+00,10/30/2013 3:27:00 PM,Mid-Block (not related to intersection),11,"MOTOR VEHICLE STRUCK MOTOR VEHICLE, FRONT END AT ANGLE",,N,Overcast,Dry,Daylight,,,,10,Entering at angle,0,0,N
1713,2,-122.30660879999999,47.57603394,1966,268000,268780,3811929,Matched,Block,,20TH AVE S BETWEEN S STEVENS ST AND S HANFORD ST, ,,2,Injury Collision,Angles,2,0,0,2,2018/01/28 00:00:00+00,1/28/2018 2:08:00 PM,Mid-Block (not related to intersection),11,"MOTOR VEHICLE STRUCK MOTOR VEHICLE, FRONT END AT ANGLE",Y,N,Clear,Dry,Daylight,,,,10,Entering at angle,0,0,N
1714,1,-122.2618426,47.50251813,1967,120100,120100,3567070,Matched,Block,,S LEO ST BETWEEN 56TH E AVE S AND 57TH AVE S,,,1,Property Damage Only Collision,Other,1,0,0,1,2011/06/11 00:00:00+00,6/11/2011 11:36:00 PM,Mid-Block (not related to intersection),28,MOTOR VEHICLE RAN OFF ROAD - HIT FIXED OBJECT,,N,Clear,Dry,Dark - Street Lights On,,11162002.0,,50,Fixed object,0,0,N
1715,1,-122.33875320000001,47.61582546,1968,225000,225300,E569693,Matched,Intersection,29536.0,7TH AVE AND LENORA ST, ,,1,Property Damage Only Collision,Sideswipe,5,0,0,2,2016/08/02 00:00:00+00,8/2/2016 1:13:00 PM,At Intersection (intersection related),11,"MOTOR VEHICLE STRUCK MOTOR VEHICLE, FRONT END AT ANGLE",,N,Clear,Dry,Daylight,,,,11,From same direction - both going straight - both moving - sideswipe,0,0,N
1716,1,-122.34483429999999,47.71354798,1969,171300,171320,3706576,Matched,Block,,AURORA AVE N BETWEEN N 115TH ST AND N 117TH PL, ,,1,Property Damage Only Collision,Rear Ended,2,0,0,2,2014/07/04 00:00:00+00,7/4/2014 2:57:00 AM,Mid-Block (but intersection related),14,"MOTOR VEHICLE STRUCK MOTOR VEHICLE, REAR END",,N,Clear,Dry,Dark - Street Lights On,,,,14,From same direction - both going straight - one stopped - rear-end,0,0,N
1717,1,-122.32407909999999,47.59835024,1970,94300,94300,3200359,Matched,Block,,S KING ST BETWEEN MAYNARD AL S AND 7TH AVE S,,,1,Property Damage Only Collision,Parked Car,2,0,0,2,2009/08/29 00:00:00+00,8/29/2009 1:53:00 AM,Mid-Block (not related to intersection),14,"MOTOR VEHICLE STRUCK MOTOR VEHICLE, REAR END",,0,Clear,Dry,Dark - Street Lights On,,9241017.0,,32,One parked--one moving,0,0,N
1718,1,-122.2860788,47.60203441,1971,185200,185280,3700975,Matched,Block,,ERIE AVE BETWEEN DEAD END AND LAKE WASHINGTON BLVD, ,,1,Property Damage Only Collision,Parked Car,2,0,0,2,2015/02/01 00:00:00+00,2/1/2015 7:00:00 PM,Mid-Block (not related to intersection),11,"MOTOR VEHICLE STRUCK MOTOR VEHICLE, FRONT END AT ANGLE",,N,Unknown,Dry,Dark - Street Lights On,,,,32,One parked--one moving,0,0,N
1719,2,-122.29886,47.66122223,1972,86000,86000,2894940,Matched,Block,,NE 45TH ST BETWEEN NE 45TH ST RP AND MONTLAKE BLVD NE,,,2,Injury Collision,Angles,3,0,0,2,2008/11/20 00:00:00+00,11/20/2008 4:52:00 PM,Driveway Junction,11,"MOTOR VEHICLE STRUCK MOTOR VEHICLE, FRONT END AT ANGLE",,0,Overcast,Wet,Dark - Street Lights On,,8325008.0,,10,Entering at angle,0,0,N
1720,1,-122.3034554,47.64418921,1973,182500,182560,3626436,Matched,Block,,MONTLAKE BV EB ON RP BETWEEN MONTLAKE BLVD E AND SR520 EB, ,,1,Property Damage Only Collision,Sideswipe,2,0,0,2,2014/12/30 00:00:00+00,12/30/2014 3:09:00 PM,Mid-Block (but intersection related),11,"MOTOR VEHICLE STRUCK MOTOR VEHICLE, FRONT END AT ANGLE",Y,N,Clear,Dry,Daylight,,,,11,From same direction - both going straight - both moving - sideswipe,0,0,N
1721,2,-122.3449719,47.72275671,1974,210700,210940,E501455,Matched,Block,,AURORA AVE N BETWEEN N 128TH ST AND N 130TH ST, ,,2,Injury Collision,Rear Ended,6,0,0,4,2015/12/23 00:00:00+00,12/23/2015 10:59:00 AM,Mid-Block (but intersection related),14,"MOTOR VEHICLE STRUCK MOTOR VEHICLE, REAR END",,N,Overcast,Wet,Daylight,,,,13,From same direction - both going straight - both moving - rear-end,0,0,N
1722,1,-122.31623689999999,47.698553600000004,1975,76300,76300,2795229,Matched,Block,,NE 96TH ST BETWEEN ROOSEVELT WAY NE AND 12TH AVE NE,,,1,Property Damage Only Collision,Parked Car,4,0,0,3,2007/02/03 00:00:00+00,2/3/2007,Mid-Block (but intersection related),14,"MOTOR VEHICLE STRUCK MOTOR VEHICLE, REAR END",,0,Raining,Wet,Daylight,,7034022.0,,32,One parked--one moving,0,0,N
1723,2,-122.34543590000001,47.67913448,1976,207100,207300,3788877,Matched,Block,,AURORA AVE N BETWEEN N 68TH ST AND N 70TH ST, ,,2,Injury Collision,Pedestrian,2,1,0,1,2015/11/07 00:00:00+00,11/7/2015 7:00:00 AM,Mid-Block (not related to intersection),24,MOTOR VEHCILE STRUCK PEDESTRIAN,,N,Unknown,Unknown,Unknown,,,,0,Vehicle going straight hits pedestrian,0,522797,N
1724,1,-122.31200290000001,47.71940797,1977,154600,154620,3572904,Matched,Block,,NE 125TH ST BETWEEN 15TH AVE NE AND 16TH AVE NE, ,,1,Property Damage Only Collision,Angles,4,0,0,2,2013/09/21 00:00:00+00,9/21/2013 3:15:00 PM,Driveway Junction,11,"MOTOR VEHICLE STRUCK MOTOR VEHICLE, FRONT END AT ANGLE",,N,Clear,Dry,Daylight,,,,10,Entering at angle,0,0,N
1725,2,-122.2866875,47.59046653,1978,265300,266099,3702200,Matched,Block,,LAKESIDE AVE S BETWEEN S IRVING ST AND S DAY ST, ,,2,Injury Collision,Other,1,0,0,1,2018/01/12 00:00:00+00,1/12/2018 11:00:00 PM,Mid-Block (not related to intersection),28,MOTOR VEHICLE RAN OFF ROAD - HIT FIXED OBJECT,,Y,Overcast,Wet,Dark - Street Lights On,,,,50,Fixed object,0,0,N
1726,1,-122.2991179,47.6214915,1979,125000,125000,3559976,Matched,Block,,E MADISON ST BETWEEN 25TH AVE E AND 26TH AVE E,,,1,Property Damage Only Collision,Rear Ended,2,0,0,2,2011/04/05 00:00:00+00,4/5/2011 4:51:00 PM,Mid-Block (not related to intersection),14,"MOTOR VEHICLE STRUCK MOTOR VEHICLE, REAR END",Y,N,Overcast,Dry,Daylight,,11095010.0,,14,From same direction - both going straight - one stopped - rear-end,0,0,N
1727,1,-122.3271037,47.64319149,1980,202700,202840,3734836,Matched,Intersection,28298.0,YALE AVE E AND E ROANOKE ST,NEI,"Not Enough Information, or Insufficient Location Information",1,Property Damage Only Collision,Parked Car,2,0,0,2,2015/09/18 00:00:00+00,9/18/2015 5:00:00 PM,At Intersection (intersection related),0,NOT ENOUGH INFORMATION / NOT APPLICABLE,,N,Overcast,Unknown,Daylight,,,,32,One parked--one moving,0,0,N
1728,1,-122.32070290000001,47.66495773,1981,142400,142400,3508127,Matched,Intersection,25786.0,7TH AVE NE AND NE 50TH ST,,,1,Property Damage Only Collision,Angles,2,0,0,2,2012/10/15 00:00:00+00,10/15/2012 9:47:00 AM,At Intersection (intersection related),11,"MOTOR VEHICLE STRUCK MOTOR VEHICLE, FRONT END AT ANGLE",,N,Overcast,Dry,Daylight,,12289040.0,,10,Entering at angle,0,0,N