,SEVERITYCODE,X,Y,OBJECTID,INCKEY,COLDETKEY,REPORTNO,STATUS,ADDRTYPE,INTKEY,LOCATION,EXCEPTRSNCODE,EXCEPTRSNDESC,SEVERITYCODE.1,SEVERITYDESC,COLLISIONTYPE,PERSONCOUNT,PEDCOUNT,PEDCYLCOUNT,VEHCOUNT,INCDATE,INCDTTM,JUNCTIONTYPE,SDOT_COLCODE,SDOT_COLDESC,INATTENTIONIND,UNDERINFL,WEATHER,ROADCOND,LIGHTCOND,PEDROWNOTGRNT,SDOTCOLNUM,SPEEDING,ST_COLCODE,ST_COLDESC,SEGLANEKEY,CROSSWALKKEY,HITPARKEDCAR
1729,1,-122.324487,47.60862448,1982,169700,169720,3583785,Matched,Intersection,29922.0,BOREN AVE AND MARION ST, ,,1,Property Damage Only Collision,Left Turn,2,0,0,2,2014/06/10 00:00:00+00,6/10/2014 9:40:00 AM,At Intersection (intersection related),11,"MOTOR VEHICLE STRUCK MOTOR VEHICLE, FRONT END AT ANGLE",,N,Clear,Dry,Daylight,,,,29,From opposite direction - one left turn - one right turn,0,0,N
1730,2,-122.3237585,47.59709153,1983,107900,107900,3383602,Matched,Block,,7TH AVE S BETWEEN S WELLER ST AND S LANE ST,,,2,Injury Collision,Pedestrian,2,1,0,1,2010/09/25 00:00:00+00,9/25/2010 2:30:00 AM,Mid-Block (not related to intersection),24,MOTOR VEHCILE STRUCK PEDESTRIAN,,Y,Clear,Dry,Dark - Street Lights On,,10268010.0,,0,Vehicle going straight hits pedestrian,0,0,N
1731,1,-122.37357990000001,47.67235754,1984,147700,147720,3641627,Matched,Intersection,25395.0,14TH AVE NW AND NW 60TH ST, ,,1,Property Damage Only Collision,Angles,2,0,0,2,2013/06/04 00:00:00+00,6/4/2013 12:35:00 PM,At Intersection (intersection related),11,"MOTOR VEHICLE STRUCK MOTOR VEHICLE, FRONT END AT ANGLE",,N,Clear,Dry,Daylight,,,,10,Entering at angle,0,0,N
1732,1,-122.36388170000001,47.62586164,1985,118900,118900,3477103,Matched,Block,,W ROY ST BETWEEN 5TH AVE W AND DEAD END 1,,,1,Property Damage Only Collision,Parked Car,2,0,0,2,2011/08/29 00:00:00+00,8/29/2011 4:30:00 AM,Mid-Block (not related to intersection),16,"MOTOR VEHICLE STRUCK MOTOR VEHICLE, LEFT SIDE SIDESWIPE",,N,Clear,Dry,Dark - Street Lights On,,11241019.0,,32,One parked--one moving,0,0,N
1733,1,-122.3767666,47.67864679,1986,230300,230700,E597959,Matched,Block,,15TH AVE NW BETWEEN NW 67TH ST AND NW 70TH ST, ,,1,Property Damage Only Collision,Rear Ended,1,0,0,2,2016/10/08 00:00:00+00,10/8/2016 5:00:00 PM,Mid-Block (but intersection related),14,"MOTOR VEHICLE STRUCK MOTOR VEHICLE, REAR END",,N,Raining,Wet,Dusk,,,,14,From same direction - both going straight - one stopped - rear-end,0,0,N
1734,1,-122.32605520000001,47.68270162,1988,181100,181140,3588445,Matched,Block,,LATONA AVE NE BETWEEN WOODLAWN N AVE NE AND NE 75TH ST,NEI,"Not Enough Information, or Insufficient Location Information",1,Property Damage Only Collision,Parked Car,2,0,0,2,2014/12/15 00:00:00+00,12/15/2014 3:00:00 PM,Mid-Block (not related to intersection),0,NOT ENOUGH INFORMATION / NOT APPLICABLE,,N,Unknown,Unknown,Unknown,,,,32,One parked--one moving,0,0,N
1735,1,-122.325099,47.68676836,1989,114400,114400,3564556,Matched,Intersection,24537.0,BANNER WAY NE AND NE 80TH ST,,,1,Property Damage Only Collision,Angles,2,0,0,2,2011/05/11 00:00:00+00,5/11/2011 6:30:00 PM,At Intersection (intersection related),11,"MOTOR VEHICLE STRUCK MOTOR VEHICLE, FRONT END AT ANGLE",,N,Raining,Wet,Daylight,,11131022.0,,10,Entering at angle,0,0,N
1736,1,-122.3342549,47.61851729,1990,89600,89600,C714206,Matched,Intersection,29504.0,DENNY WAY AND FAIRVIEW AVE,,,1,Property Damage Only Collision,Rear Ended,3,0,0,3,2008/11/21 00:00:00+00,11/21/2008 5:40:00 PM,At Intersection (intersection related),14,"MOTOR VEHICLE STRUCK MOTOR VEHICLE, REAR END",,0,Raining,Wet,Dark - Street Lights On,,8326043.0,,14,From same direction - both going straight - one stopped - rear-end,0,0,N
1737,1,-122.36339240000001,47.70105496,1991,205500,205660,E474561,Matched,Intersection,37126.0,6TH AVE NW AND HOLMAN RD NW, ,,1,Property Damage Only Collision,Angles,2,0,0,2,2015/10/25 00:00:00+00,10/25/2015 7:44:00 AM,At Intersection (intersection related),11,"MOTOR VEHICLE STRUCK MOTOR VEHICLE, FRONT END AT ANGLE",,N,Raining,Wet,Daylight,,,,10,Entering at angle,0,0,N
1738,1,-122.3895146,47.56023457,1992,187900,187980,3587760,Matched,Block,,45TH AVE SW BETWEEN SW ALASKA ST AND SW EDMUNDS ST, ,,1,Property Damage Only Collision,Angles,2,0,0,2,2015/03/17 00:00:00+00,3/17/2015 4:37:00 PM,Mid-Block (not related to intersection),11,"MOTOR VEHICLE STRUCK MOTOR VEHICLE, FRONT END AT ANGLE",,N,Raining,Wet,Daylight,,,,10,Entering at angle,0,0,N
1739,2,-122.2821353,47.55470845,1993,183800,183880,3699064,Matched,Block,,RAINIER AVE S BETWEEN 39TH S AVE S AND 42ND AVE S, ,,2,Injury Collision,Angles,7,0,0,2,2015/01/03 00:00:00+00,1/3/2015 10:28:00 PM,Mid-Block (not related to intersection),11,"MOTOR VEHICLE STRUCK MOTOR VEHICLE, FRONT END AT ANGLE",,N,Overcast,Dry,Dark - Street Lights On,,,,10,Entering at angle,0,0,N
1740,2,-122.3550634,47.52828653,1994,202300,202440,E451951,Matched,Intersection,35008.0,16TH AVE SW AND SW THISTLE ST, ,,2,Injury Collision,Angles,0,0,0,2,2015/08/13 00:00:00+00,8/13/2015 1:49:00 PM,At Intersection (intersection related),11,"MOTOR VEHICLE STRUCK MOTOR VEHICLE, FRONT END AT ANGLE",,N,Clear,Dry,Daylight,,,,10,Entering at angle,0,0,N
1741,1,-122.3235727,47.72203501,1995,158400,158420,3577154,Matched,Intersection,35984.0,5TH AVE NE AND 130TH ST OFF RP, ,,1,Property Damage Only Collision,Angles,2,0,0,2,2013/12/15 00:00:00+00,12/15/2013 1:10:00 PM,At Intersection (intersection related),11,"MOTOR VEHICLE STRUCK MOTOR VEHICLE, FRONT END AT ANGLE",Y,N,Overcast,Dry,Daylight,,,,10,Entering at angle,0,0,N
1742,1,-122.3394375,47.56606066,1996,263900,264680,E754951,Matched,Block,,EAST MARGINAL WAY S BETWEEN ALASKAN WY VI NB AND S NEVADA ST, ,,1,Property Damage Only Collision,Rear Ended,4,0,0,2,2017/12/19 00:00:00+00,12/19/2017 12:01:00 PM,Mid-Block (but intersection related),14,"MOTOR VEHICLE STRUCK MOTOR VEHICLE, REAR END",,N,Raining,Wet,Daylight,,,,14,From same direction - both going straight - one stopped - rear-end,0,0,N
1743,2,-122.2834787,47.66850835,1997,131900,131900,3504806,Matched,Block,,NE 55TH ST BETWEEN 40TH AVE NE AND 43RD AVE NE,,,2,Injury Collision,Parked Car,5,1,0,3,2012/07/18 00:00:00+00,7/18/2012 3:30:00 PM,Mid-Block (not related to intersection),11,"MOTOR VEHICLE STRUCK MOTOR VEHICLE, FRONT END AT ANGLE",,N,Clear,Dry,Daylight,,12200033.0,,32,One parked--one moving,0,0,N
1744,1,-122.31525069999999,47.66401157,1998,120600,120600,3568987,Matched,Block,,12TH AVE NE BETWEEN NE 47TH ST AND NE 50TH ST,,,1,Property Damage Only Collision,Parked Car,2,0,0,2,2011/06/05 00:00:00+00,6/5/2011 6:00:00 PM,Mid-Block (not related to intersection),11,"MOTOR VEHICLE STRUCK MOTOR VEHICLE, FRONT END AT ANGLE",,N,Clear,Dry,Daylight,,11156026.0,,20,One car leaving parked position,0,0,N
1745,1,-122.38867720000002,47.54670258,1999,272600,273440,3745551,Matched,Intersection,32922.0,44TH AVE SW AND SW GRAHAM ST, ,,1,Property Damage Only Collision,Parked Car,4,0,0,3,2018/02/23 00:00:00+00,2/23/2018 7:29:00 PM,At Intersection (but not related to intersection),14,"MOTOR VEHICLE STRUCK MOTOR VEHICLE, REAR END",,N,Clear,Dry,Dark - No Street Lights,,,Y,32,One parked--one moving,0,0,Y
1746,1,-122.33865120000002,47.60733158,2000,124800,124800,3563201,Matched,Block,,1ST AVE BETWEEN UNIVERSITY ST AND UNION ST,,,1,Property Damage Only Collision,Rear Ended,5,0,0,2,2011/03/03 00:00:00+00,3/3/2011 12:22:00 PM,Mid-Block (but intersection related),14,"MOTOR VEHICLE STRUCK MOTOR VEHICLE, REAR END",,N,Overcast,Wet,Daylight,,11062023.0,,14,From same direction - both going straight - one stopped - rear-end,0,0,N
1747,1,-122.3865836,47.58025274,2001,87000,87000,2804353,Matched,Block,,CALIFORNIA AVE SW BETWEEN SW ADMIRAL WAY AND SW LANDER ST,,,1,Property Damage Only Collision,Other,2,0,0,1,2008/10/15 00:00:00+00,10/15/2008 10:30:00 PM,Driveway Junction,0,NOT ENOUGH INFORMATION / NOT APPLICABLE,,0,Clear,Wet,Dark - Street Lights On,,8289029.0,,50,Fixed object,0,0,N
1748,1,-122.2765772,47.52425408,2002,102900,102900,2892268,Matched,Intersection,35264.0,RENTON AVE S AND S TRENTON ST,,,1,Property Damage Only Collision,Angles,2,0,0,2,2009/08/21 00:00:00+00,8/21/2009 11:30:00 AM,At Intersection (intersection related),11,"MOTOR VEHICLE STRUCK MOTOR VEHICLE, FRONT END AT ANGLE",,0,Clear,Dry,Daylight,,9233012.0,,10,Entering at angle,0,0,N
1749,1,-122.3341972,47.58716755,2003,224400,224680,E566613,Matched,Block,,1ST AVE S BETWEEN S MASSACHUSETTS ST AND S HOLGATE ST, ,,1,Property Damage Only Collision,Sideswipe,2,0,0,2,2016/07/20 00:00:00+00,7/20/2016 11:50:00 AM,Mid-Block (but intersection related),11,"MOTOR VEHICLE STRUCK MOTOR VEHICLE, FRONT END AT ANGLE",,N,Clear,Dry,Daylight,,,,11,From same direction - both going straight - both moving - sideswipe,0,0,N
1750,1,-122.32079499999999,47.54741455,2004,172700,172720,3699020,Matched,Block,,S BAILEY ST BETWEEN CORSON AVE S AND CARLETON AVE S, ,,1,Property Damage Only Collision,Rear Ended,2,0,0,2,2014/07/28 00:00:00+00,7/28/2014 1:48:00 PM,Mid-Block (not related to intersection),14,"MOTOR VEHICLE STRUCK MOTOR VEHICLE, REAR END",,N,Clear,Dry,Daylight,,,,13,From same direction - both going straight - both moving - rear-end,0,0,N
1751,1,-122.2965188,47.73378577,2005,95400,95400,3130307,Matched,Intersection,35990.0,30TH AVE NE AND NE 145TH ST,,,1,Property Damage Only Collision,Left Turn,2,0,0,2,2009/10/14 00:00:00+00,10/14/2009 5:05:00 PM,At Intersection (intersection related),11,"MOTOR VEHICLE STRUCK MOTOR VEHICLE, FRONT END AT ANGLE",,0,Overcast,Wet,Daylight,,9287053.0,Y,28,From opposite direction - one left turn - one straight,0,0,N
1752,1,-122.3604903,47.57238220000001,2008,274600,275460,3744293,Matched,Block,,WEST MARGINAL WAY SW BETWEEN CHELAN N AVE SW AND SW SPOKANE ST, ,,1,Property Damage Only Collision,Right Turn,2,0,0,2,2018/03/06 00:00:00+00,3/6/2018 6:56:00 AM,Mid-Block (not related to intersection),11,"MOTOR VEHICLE STRUCK MOTOR VEHICLE, FRONT END AT ANGLE",Y,N,Clear,Dry,Daylight,,,,16,From same direction - one right turn - one straight,0,0,N
1753,1,-122.3458631,47.61299081,2009,90500,90500,2892141,Matched,Block,,1ST AVE BETWEEN BLANCHARD ST AND BELL ST,,,1,Property Damage Only Collision,Parked Car,2,0,0,2,2008/04/19 00:00:00+00,4/19/2008 1:00:00 AM,Mid-Block (not related to intersection),16,"MOTOR VEHICLE STRUCK MOTOR VEHICLE, LEFT SIDE SIDESWIPE",,0,Unknown,Unknown,Unknown,,8110018.0,,32,One parked--one moving,0,0,N
1754,1,-122.34886979999999,47.62542788,2010,227800,228140,3696259,Matched,Intersection,28887.0,4TH AVE N AND ROY ST, ,,1,Property Damage Only Collision,Left Turn,2,0,0,2,2016/09/14 00:00:00+00,9/14/2016 8:54:00 PM,At Intersection (intersection related),11,"MOTOR VEHICLE STRUCK MOTOR VEHICLE, FRONT END AT ANGLE",Y,N,Clear,Dry,Dark - Street Lights On,,,,28,From opposite direction - one left turn - one straight,0,0,N
1755,1,-122.3444844,47.68277237,2011,123400,123400,3333594,Matched,Intersection,24312.0,AURORA AVE N AND WINONA AVE N,,,1,Property Damage Only Collision,Left Turn,2,0,0,2,2011/02/19 00:00:00+00,2/19/2011 8:50:00 PM,At Intersection (intersection related),11,"MOTOR VEHICLE STRUCK MOTOR VEHICLE, FRONT END AT ANGLE",,N,Clear,Dry,Dark - Street Lights On,,11050010.0,,28,From opposite direction - one left turn - one straight,0,0,N
1756,1,-122.31850779999999,47.635920899999995,2013,102000,102000,3199562,Matched,Block,,E HOWE ST BETWEEN FEDERAL AVE E AND 11TH AVE E,,,1,Property Damage Only Collision,Parked Car,2,0,0,2,2009/10/04 00:00:00+00,10/4/2009,Mid-Block (not related to intersection),11,"MOTOR VEHICLE STRUCK MOTOR VEHICLE, FRONT END AT ANGLE",,0,Unknown,Unknown,Unknown,,9277026.0,,32,One parked--one moving,0,0,N
1757,1,-122.29955770000001,47.59555716,2014,280500,281380,3702417,Matched,Block,,S DEARBORN ST BETWEEN 25TH AVE S AND 26TH W AVE S, ,,1,Property Damage Only Collision,Parked Car,3,0,0,3,2018/04/05 00:00:00+00,4/5/2018 12:18:00 PM,Mid-Block (not related to intersection),11,"MOTOR VEHICLE STRUCK MOTOR VEHICLE, FRONT END AT ANGLE",,N,Raining,Wet,Daylight,,,,32,One parked--one moving,0,0,N
1758,1,,,2015,193500,193580,3735889,Matched,,,,NEI,"Not Enough Information, or Insufficient Location Information",1,Property Damage Only Collision,Angles,2,0,0,2,2015/05/18 00:00:00+00,5/18/2015 10:00:00 AM,,0,NOT ENOUGH INFORMATION / NOT APPLICABLE,,N,Unknown,Unknown,Unknown,,,,10,Entering at angle,0,0,N
1759,2,-122.37657450000002,47.53921975,2016,80200,80200,2824794,Matched,Intersection,34025.0,35TH AVE SW AND SW MYRTLE ST,,,2,Injury Collision,Left Turn,3,0,0,2,2008/06/27 00:00:00+00,6/27/2008 3:12:00 PM,At Intersection (intersection related),11,"MOTOR VEHICLE STRUCK MOTOR VEHICLE, FRONT END AT ANGLE",,0,Clear,Dry,Daylight,,8179032.0,,28,From opposite direction - one left turn - one straight,0,0,N
1760,1,-122.34467340000002,47.64157906,2017,72500,72500,2607098,Matched,Block,,DEXTER AVE N BETWEEN WHEELER ST AND HALLADAY ST,,,1,Property Damage Only Collision,Parked Car,4,0,0,4,2007/10/01 00:00:00+00,10/1/2007,Mid-Block (not related to intersection),13,"MOTOR VEHICLE STRUCK MOTOR VEHICLE, LEFT SIDE AT ANGLE",,0,Raining,Wet,Dark - Street Lights On,,7274022.0,,32,One parked--one moving,0,0,N
1761,1,-122.3225348,47.62313461,2018,117400,117400,3332163,Matched,Block,,E REPUBLICAN ST BETWEEN BOYLSTON AVE E AND HARVARD AVE E,,,1,Property Damage Only Collision,Parked Car,2,0,0,2,2010/09/25 00:00:00+00,9/25/2010 1:15:00 PM,Mid-Block (not related to intersection),11,"MOTOR VEHICLE STRUCK MOTOR VEHICLE, FRONT END AT ANGLE",,N,Clear,Dry,Daylight,,10268030.0,,32,One parked--one moving,0,0,N
1762,1,-122.2839074,47.71736902,2019,271000,271840,E769151,Matched,Intersection,36802.0,SAND POINT WAY NE AND NE 123RD ST, ,,1,Property Damage Only Collision,Angles,3,0,0,2,2018/02/14 00:00:00+00,2/14/2018 8:10:00 AM,At Intersection (intersection related),11,"MOTOR VEHICLE STRUCK MOTOR VEHICLE, FRONT END AT ANGLE",,N,Raining,Wet,Daylight,,,,10,Entering at angle,0,0,N
1763,1,-122.37359540000001,47.66220234,2020,152200,152220,3592507,Unmatched,Intersection,25459.0,14TH AVE NW AND NW 46TH ST, ,,1,Property Damage Only Collision,,2,0,0,0,2013/08/09 00:00:00+00,8/9/2013,At Intersection (intersection related),0,NOT ENOUGH INFORMATION / NOT APPLICABLE,,,,,,,,, ,,0,0,N
1764,1,-122.28493040000001,47.67669353,2022,164400,164420,3503199,Matched,Block,,40TH AVE NE BETWEEN NE 65TH ST AND NE 68TH ST, ,,1,Property Damage Only Collision,Parked Car,2,0,0,2,2014/03/16 00:00:00+00,3/16/2014 5:00:00 PM,Mid-Block (not related to intersection),11,"MOTOR VEHICLE STRUCK MOTOR VEHICLE, FRONT END AT ANGLE",,N,Raining,Wet,Daylight,,,,32,One parked--one moving,0,0,N
1765,1,-122.341692,47.6339689,2023,86400,86400,3285929,Matched,Block,,HAYES ST BETWEEN DEXTER AVE N AND 8TH AVE N,,,1,Property Damage Only Collision,Parked Car,2,0,0,2,2008/12/22 00:00:00+00,12/22/2008 8:00:00 AM,Mid-Block (not related to intersection),14,"MOTOR VEHICLE STRUCK MOTOR VEHICLE, REAR END",,0,Snowing,Snow/Slush,Other,,8357017.0,,32,One parked--one moving,0,0,N
1766,1,-122.3347871,47.73231483,2024,125800,125800,3207769,Matched,Block,,N 143RD ST BETWEEN WAYNE PL N AND MERIDIAN AVE N,,,1,Property Damage Only Collision,Other,1,0,0,1,2011/10/29 00:00:00+00,10/29/2011 12:01:00 AM,,0,NOT ENOUGH INFORMATION / NOT APPLICABLE,,0,Unknown,Unknown,Unknown,,11302017.0,,51,Other object,0,0,N
1767,1,-122.3592773,47.53369007,2025,232200,232600,3731531,Matched,Intersection,33985.0,20TH AVE SW AND SW HOLDEN ST, ,,1,Property Damage Only Collision,Other,1,0,0,1,2016/12/09 00:00:00+00,12/9/2016 1:05:00 AM,At Intersection (intersection related),26,MOTOR VEHICLE STRUCK OBJECT IN ROAD,,N,Snowing,Snow/Slush,Dark - Street Lights On,,,Y,50,Fixed object,0,0,N
1768,2,-122.38943870000001,47.5720415,2026,120700,120700,3553807,Matched,Intersection,31951.0,45TH AVE SW AND SW SPOKANE ST,,,2,Injury Collision,Angles,4,0,0,2,2011/10/04 00:00:00+00,10/4/2011,At Intersection (intersection related),11,"MOTOR VEHICLE STRUCK MOTOR VEHICLE, FRONT END AT ANGLE",,0,Clear,Dry,Daylight,,11277011.0,,10,Entering at angle,0,0,N
1769,1,-122.2879028,47.69743858,2027,246400,246980,E704140,Matched,Block,,NE 95TH ST BETWEEN 35TH AVE NE AND 40TH AVE NE, ,,1,Property Damage Only Collision,Other,0,0,0,1,2017/08/23 00:00:00+00,8/23/2017 11:53:00 AM,Mid-Block (not related to intersection),48,DRIVERLESS VEHICLE RAN OFF ROAD - HIT FIXED OBJECT,,N,Clear,Dry,Daylight,,,,50,Fixed object,0,0,N
1770,1,-122.25183170000001,47.50539748,2028,155900,155920,3643642,Matched,Block,,S HAZEL ST BETWEEN 65TH AVE S AND 66TH AVE S, ,,1,Property Damage Only Collision,Parked Car,2,0,0,2,2013/10/26 00:00:00+00,10/26/2013 4:12:00 AM,Mid-Block (not related to intersection),11,"MOTOR VEHICLE STRUCK MOTOR VEHICLE, FRONT END AT ANGLE",,Y,Clear,Dry,Dark - Street Lights On,,,,32,One parked--one moving,0,0,N
1771,2,-122.3304653,47.54438649,2029,240400,240840,E648446,Matched,Block,,EAST MARGINAL WAY S BETWEEN S MICHIGAN ST AND 4TH AVE S, ,,2,Injury Collision,Rear Ended,3,0,0,2,2017/03/03 00:00:00+00,3/3/2017 1:45:00 PM,Mid-Block (not related to intersection),14,"MOTOR VEHICLE STRUCK MOTOR VEHICLE, REAR END",,N,Overcast,Dry,Daylight,,,,14,From same direction - both going straight - one stopped - rear-end,0,0,N
1772,2,-122.37621570000002,47.66789134,2030,119400,119400,3377147,Matched,Intersection,25425.0,15TH AVE NW AND NW 54TH ST,,,2,Injury Collision,Pedestrian,3,1,0,1,2011/08/28 00:00:00+00,8/28/2011 7:27:00 PM,At Intersection (intersection related),24,MOTOR VEHCILE STRUCK PEDESTRIAN,,0,Clear,Dry,Daylight,,11240001.0,,0,Vehicle going straight hits pedestrian,0,0,N
1773,1,-122.3372165,47.60576386,2031,225400,225720,E570575,Matched,Block,,1ST AVE BETWEEN SPRING ST AND SENECA ST,NEI,"Not Enough Information, or Insufficient Location Information",1,Property Damage Only Collision,Parked Car,2,0,0,2,2016/08/04 00:00:00+00,8/4/2016 3:30:00 AM,,0,NOT ENOUGH INFORMATION / NOT APPLICABLE,,N,Clear,Dry,Dark - Street Lights On,,,,32,One parked--one moving,0,0,N
1774,1,-122.31207930000001,47.68304587,2032,134200,134200,3609206,Matched,Intersection,24426.0,15TH AVE NE AND NE 75TH ST,,,1,Property Damage Only Collision,Left Turn,2,0,0,2,2012/12/19 00:00:00+00,12/19/2012 2:50:00 PM,At Intersection (intersection related),11,"MOTOR VEHICLE STRUCK MOTOR VEHICLE, FRONT END AT ANGLE",,N,Raining,Wet,Unknown,,12354015.0,,28,From opposite direction - one left turn - one straight,0,0,N
1775,2,-122.3443437,47.57156002,2033,108200,108200,3374089,Matched,Block,,S SPOKANE ST BETWEEN SW SPOKANE ST AND S SPOKANE NR ST,,,2,Injury Collision,Right Turn,3,0,0,2,2010/09/28 00:00:00+00,9/28/2010 7:42:00 AM,Mid-Block (not related to intersection),11,"MOTOR VEHICLE STRUCK MOTOR VEHICLE, FRONT END AT ANGLE",,N,Clear,Dry,Daylight,,10271016.0,,16,From same direction - one right turn - one straight,0,0,N
1776,1,-122.3256506,47.52267084,2034,168400,168420,3570951,Matched,Block,,7TH AVE S BETWEEN S HENDERSON ST AND S DIRECTOR W ST, ,,1,Property Damage Only Collision,Left Turn,2,0,0,2,2014/05/10 00:00:00+00,5/10/2014 7:27:00 PM,Mid-Block (not related to intersection),11,"MOTOR VEHICLE STRUCK MOTOR VEHICLE, FRONT END AT ANGLE",,N,Clear,Dry,Dusk,,,,15,From same direction - one left turn - one straight,0,0,N
1777,1,-122.27912240000002,47.51524989,2035,116500,116500,3281961,Matched,Block,,M L KING JR WR WAY S BETWEEN MERTON WAY S AND S NORFOLK ST,,,1,Property Damage Only Collision,Sideswipe,3,0,0,2,2010/02/12 00:00:00+00,2/12/2010 6:50:00 PM,Mid-Block (not related to intersection),16,"MOTOR VEHICLE STRUCK MOTOR VEHICLE, LEFT SIDE SIDESWIPE",,N,Raining,Wet,Dark - Street Lights On,,10043025.0,,11,From same direction - both going straight - both moving - sideswipe,0,0,N
1778,1,-122.33289920000001,47.61110909,2036,144300,144300,3549114,Matched,Block,,7TH AVE BETWEEN UNION ST AND PIKE ST, ,,1,Property Damage Only Collision,Sideswipe,2,0,0,2,2013/03/13 00:00:00+00,3/13/2013 8:03:00 AM,Mid-Block (but intersection related),11,"MOTOR VEHICLE STRUCK MOTOR VEHICLE, FRONT END AT ANGLE",,N,Overcast,Dry,Daylight,,13072024.0,,71,Same direction -- both turning right -- both moving -- sideswipe,0,0,N
1779,2,-122.3167334,47.61288924,2037,231300,231700,E609707,Matched,Intersection,29761.0,12TH AVE AND E MADISON ST, ,,2,Injury Collision,Left Turn,4,0,0,4,2016/11/13 00:00:00+00,11/13/2016 4:40:00 PM,At Intersection (intersection related),14,"MOTOR VEHICLE STRUCK MOTOR VEHICLE, REAR END",,N,Raining,Wet,Dark - Street Lights On,,,,28,From opposite direction - one left turn - one straight,0,0,N
1780,2,-122.2965188,47.73378577,2038,90600,90600,2859995,Matched,Intersection,35990.0,30TH AVE NE AND NE 145TH ST,,,2,Injury Collision,Left Turn,3,0,0,2,2008/01/15 00:00:00+00,1/15/2008 2:55:00 PM,At Intersection (intersection related),11,"MOTOR VEHICLE STRUCK MOTOR VEHICLE, FRONT END AT ANGLE",,0,Clear,Dry,Daylight,,8015045.0,,28,From opposite direction - one left turn - one straight,0,0,N
1781,1,-122.37510049999999,47.57608843,2040,137100,137100,3505301,Matched,Intersection,351696.0,34TH AVE SW AND SW ADMIRAL WAY,,,1,Property Damage Only Collision,Rear Ended,2,0,0,2,2012/10/08 00:00:00+00,10/8/2012 4:05:00 PM,At Intersection (intersection related),14,"MOTOR VEHICLE STRUCK MOTOR VEHICLE, REAR END",Y,N,Clear,Dry,Daylight,,12282004.0,,14,From same direction - both going straight - one stopped - rear-end,0,0,N
1782,1,-122.3391749,47.69415522,2041,265400,266200,3754129,Matched,Intersection,37351.0,ASHWORTH AVE N AND N 90TH ST, ,,1,Property Damage Only Collision,Angles,5,0,0,2,2018/01/13 00:00:00+00,1/13/2018 7:58:00 PM,At Intersection (intersection related),11,"MOTOR VEHICLE STRUCK MOTOR VEHICLE, FRONT END AT ANGLE",,N,Clear,Dry,Dark - Street Lights On,,,,10,Entering at angle,0,0,N
1783,1,-122.3297765,47.60937181,2042,177200,177220,3588651,Matched,Intersection,29916.0,8TH AVE AND SENECA ST, ,,1,Property Damage Only Collision,Angles,2,0,0,2,2014/10/13 00:00:00+00,10/13/2014 12:14:00 PM,At Intersection (intersection related),11,"MOTOR VEHICLE STRUCK MOTOR VEHICLE, FRONT END AT ANGLE",,N,Clear,Dry,Daylight,,,,10,Entering at angle,0,0,N
1784,2,-122.32092309999999,47.65202595,2043,203200,203340,3707999,Matched,Block,,UNIVERSITY BR BETWEEN FUHRMAN AVE E AND POINT A, ,,2,Injury Collision,Cycles,1,0,1,0,2015/09/25 00:00:00+00,9/25/2015 7:41:00 AM,Mid-Block (not related to intersection),69,PEDALCYCLIST OVERTURNED IN ROAD,,N,Raining,Wet,Dawn,,,,45,Vehicle - Pedalcyclist,15469,0,N
1785,1,-122.3139567,47.61400479,2044,179700,179760,3626255,Matched,Block,,E MADISON ST BETWEEN 14TH AVE AND E PIKE ST, ,,1,Property Damage Only Collision,Rear Ended,3,0,0,2,2014/11/15 00:00:00+00,11/15/2014 4:20:00 PM,Mid-Block (but intersection related),14,"MOTOR VEHICLE STRUCK MOTOR VEHICLE, REAR END",,N,Clear,Dry,Daylight,,,,14,From same direction - both going straight - one stopped - rear-end,0,0,N
1786,1,-122.26686129999999,47.53352947,2045,149600,149620,3615177,Matched,Block,,SEWARD PARK AVE S BETWEEN S FONTANELLE PL AND S KENYON ST, ,,1,Property Damage Only Collision,Parked Car,2,0,0,2,2013/07/03 00:00:00+00,7/3/2013 10:00:00 AM,Mid-Block (not related to intersection),0,NOT ENOUGH INFORMATION / NOT APPLICABLE,,N,Clear,Dry,Daylight,,,,32,One parked--one moving,0,0,N
1787,2,-122.2850606,47.60916148,2046,92900,92900,2621220,Matched,Block,,E COLUMBIA ST BETWEEN RANDOLPH PL AND 38TH AVE,,,2,Injury Collision,Parked Car,2,0,0,2,2008/01/05 00:00:00+00,1/5/2008,Mid-Block (not related to intersection),11,"MOTOR VEHICLE STRUCK MOTOR VEHICLE, FRONT END AT ANGLE",,1,Clear,Dry,Dark - Street Lights On,,8005023.0,,32,One parked--one moving,0,0,N
1788,1,-122.2908347,47.72280785,2047,168000,168020,3702955,Matched,Block,,35TH AVE NE BETWEEN NE 130TH S ST AND NE 130TH N ST, ,,1,Property Damage Only Collision,Parked Car,2,0,0,2,2014/05/11 00:00:00+00,5/11/2014 8:04:00 AM,Mid-Block (not related to intersection),16,"MOTOR VEHICLE STRUCK MOTOR VEHICLE, LEFT SIDE SIDESWIPE",,N,Unknown,Unknown,Unknown,,,,32,One parked--one moving,0,0,N