,SEVERITYCODE,X,Y,OBJECTID,INCKEY,COLDETKEY,REPORTNO,STATUS,ADDRTYPE,INTKEY,LOCATION,EXCEPTRSNCODE,EXCEPTRSNDESC,SEVERITYCODE.1,SEVERITYDESC,COLLISIONTYPE,PERSONCOUNT,PEDCOUNT,PEDCYLCOUNT,VEHCOUNT,INCDATE,INCDTTM,JUNCTIONTYPE,SDOT_COLCODE,SDOT_COLDESC,INATTENTIONIND,UNDERINFL,WEATHER,ROADCOND,LIGHTCOND,PEDROWNOTGRNT,SDOTCOLNUM,SPEEDING,ST_COLCODE,ST_COLDESC,SEGLANEKEY,CROSSWALKKEY,HITPARKEDCAR
1789,1,-122.33196570000001,47.60253667,2048,106100,106100,3200579,Matched,Block,,JAMES ST BETWEEN 2ND AVE AND 3RD AVE,,,1,Property Damage Only Collision,Angles,2,0,0,2,2009/04/28 00:00:00+00,4/28/2009 10:34:00 PM,Mid-Block (but intersection related),11,"MOTOR VEHICLE STRUCK MOTOR VEHICLE, FRONT END AT ANGLE",,0,Overcast,Wet,Dark - Street Lights On,,9118020.0,,10,Entering at angle,0,0,N
1790,1,-122.3610919,47.53795417,2049,209900,210120,E494867,Matched,Intersection,33963.0,DELRIDGE WAY SW AND SW ORCHARD ST, ,,1,Property Damage Only Collision,Sideswipe,4,0,0,2,2015/12/17 00:00:00+00,12/17/2015 12:21:00 PM,At Intersection (intersection related),11,"MOTOR VEHICLE STRUCK MOTOR VEHICLE, FRONT END AT ANGLE",Y,N,Raining,Wet,Daylight,,,,71,Same direction -- both turning right -- both moving -- sideswipe,0,0,N
1791,1,-122.307864,47.69985238,2050,68700,68700,C694977,Matched,Block,,19TH AVE NE BETWEEN NE 97TH ST AND NE 98TH ST,,,1,Property Damage Only Collision,Parked Car,2,0,0,2,2007/10/22 00:00:00+00,10/22/2007 11:00:00 PM,Mid-Block (not related to intersection),14,"MOTOR VEHICLE STRUCK MOTOR VEHICLE, REAR END",,0,Clear,Dry,Unknown,,7295044.0,,32,One parked--one moving,0,0,N
1792,1,-122.354948,47.55610065,2051,143400,143400,3465554,Matched,Intersection,33054.0,16TH AVE SW AND SW DAWSON ST, ,,1,Property Damage Only Collision,Head On,2,0,0,2,2013/02/27 00:00:00+00,2/27/2013 11:27:00 AM,At Intersection (intersection related),11,"MOTOR VEHICLE STRUCK MOTOR VEHICLE, FRONT END AT ANGLE",,N,Clear,Dry,Daylight,,13058032.0,,30,From opposite direction - all others,0,0,N
1793,2,-122.3033182,47.70027141,2052,114200,114200,3565457,Matched,Intersection,37713.0,LAKE CITY WAY NE AND NE 98TH ST,,,2,Injury Collision,Left Turn,3,0,0,2,2010/11/11 00:00:00+00,11/11/2010 4:48:00 PM,At Intersection (intersection related),11,"MOTOR VEHICLE STRUCK MOTOR VEHICLE, FRONT END AT ANGLE",,N,Raining,Wet,Dark - Street Lights On,,10315017.0,,28,From opposite direction - one left turn - one straight,0,0,N
1794,1,-122.332599,47.61329522,2053,103700,103700,3287470,Matched,Block,,PINE ST BETWEEN 8TH AVE AND 9TH AVE,,,1,Property Damage Only Collision,Rear Ended,2,0,0,2,2009/07/02 00:00:00+00,7/2/2009,Mid-Block (not related to intersection),14,"MOTOR VEHICLE STRUCK MOTOR VEHICLE, REAR END",,0,Clear,Dry,Unknown,,9183033.0,,13,From same direction - both going straight - both moving - rear-end,0,0,N
1795,1,-122.35516489999999,47.51736038,2054,270200,271000,3742044,Matched,Intersection,35058.0,DELRIDGE WAY SW AND SW ROXBURY ST, ,,1,Property Damage Only Collision,Rear Ended,2,0,0,2,2018/02/12 00:00:00+00,2/12/2018 9:34:00 AM,At Intersection (but not related to intersection),14,"MOTOR VEHICLE STRUCK MOTOR VEHICLE, REAR END",,N,Clear,Dry,Daylight,,,,14,From same direction - both going straight - one stopped - rear-end,0,0,N
1796,2,-122.29234199999999,47.73102707,2055,152600,152620,3641986,Matched,Block,,LAKE CITY WAY NE BETWEEN NE 140TH ST AND NE 143RD ST, ,,2,Injury Collision,Left Turn,2,0,0,2,2013/08/15 00:00:00+00,8/15/2013 5:07:00 PM,Mid-Block (not related to intersection),11,"MOTOR VEHICLE STRUCK MOTOR VEHICLE, FRONT END AT ANGLE",,N,Overcast,Wet,Daylight,,,,28,From opposite direction - one left turn - one straight,0,0,N
1797,2,-122.32072790000001,47.661319,2056,130200,130200,3562005,Matched,Intersection,27070.0,7TH AVE NE AND NE 45TH ST, ,,2,Injury Collision,Pedestrian,2,1,0,1,2011/10/14 00:00:00+00,10/14/2011 4:25:00 PM,At Intersection (intersection related),24,MOTOR VEHCILE STRUCK PEDESTRIAN,,N,Clear,Dry,Daylight,,11287002.0,,0,Vehicle going straight hits pedestrian,0,524682,N
1798,2,-122.2965188,47.73378577,2058,238500,238940,E644775,Matched,Intersection,35990.0,30TH AVE NE AND NE 145TH ST, ,,2,Injury Collision,Angles,0,0,0,2,2017/02/18 00:00:00+00,2/18/2017 4:20:00 PM,At Intersection (intersection related),11,"MOTOR VEHICLE STRUCK MOTOR VEHICLE, FRONT END AT ANGLE",,N,Raining,Wet,Daylight,,,,10,Entering at angle,0,0,N
1799,1,-122.30061609999998,47.66797835,2059,131400,131400,3546036,Matched,Intersection,25940.0,25TH AVE NE AND NE 54TH ST,,,1,Property Damage Only Collision,Angles,2,0,0,2,2012/02/16 00:00:00+00,2/16/2012 7:23:00 PM,At Intersection (intersection related),11,"MOTOR VEHICLE STRUCK MOTOR VEHICLE, FRONT END AT ANGLE",,N,Raining,Wet,Dark - Street Lights On,,12047009.0,,10,Entering at angle,0,0,N
1800,2,-122.3342121,47.54937951,2060,77400,77400,2609443,Matched,Block,,1ST AVE S BETWEEN S FIDALGO ST AND EAST MARGINAL WAY S,,,2,Injury Collision,Parked Car,2,0,0,2,2007/09/27 00:00:00+00,9/27/2007 12:24:00 PM,Mid-Block (not related to intersection),14,"MOTOR VEHICLE STRUCK MOTOR VEHICLE, REAR END",,0,Overcast,Dry,Daylight,,7270004.0,,32,One parked--one moving,0,0,N
1801,1,-122.355974,47.69059894,2061,209500,209720,3775897,Matched,Block,,N 85TH ST BETWEEN PALATINE AVE N AND GREENWOOD AVE N, ,,1,Property Damage Only Collision,Rear Ended,2,0,0,2,2015/12/04 00:00:00+00,12/4/2015 6:40:00 AM,Mid-Block (but intersection related),14,"MOTOR VEHICLE STRUCK MOTOR VEHICLE, REAR END",,N,Overcast,Wet,Dawn,,,,14,From same direction - both going straight - one stopped - rear-end,0,0,N
1802,2,-122.33872520000001,47.64920736,2062,176900,176920,3587115,Matched,Intersection,26901.0,WOODLAWN AVE N AND N 35TH ST, ,,2,Injury Collision,Angles,2,0,0,2,2014/10/03 00:00:00+00,10/3/2014 8:19:00 AM,At Intersection (intersection related),11,"MOTOR VEHICLE STRUCK MOTOR VEHICLE, FRONT END AT ANGLE",Y,N,Clear,Dry,Daylight,,,,10,Entering at angle,0,0,N
1803,2,-122.3130845,47.59791265,2063,119600,119600,3566031,Matched,Block,,RAINIER AVE S BETWEEN S KING ST AND S WELLER ST,,,2,Injury Collision,Sideswipe,3,0,0,2,2011/09/30 00:00:00+00,9/30/2011 3:52:00 PM,Mid-Block (not related to intersection),11,"MOTOR VEHICLE STRUCK MOTOR VEHICLE, FRONT END AT ANGLE",,0,Clear,Dry,Daylight,,11273020.0,,11,From same direction - both going straight - both moving - sideswipe,0,0,N
1804,1,-122.2987762,47.59206358,2065,134900,134900,3559725,Matched,Block,,S JUDKINS ST BETWEEN 26TH W AVE S AND 26TH E AVE S,,,1,Property Damage Only Collision,Parked Car,2,0,0,2,2012/06/23 00:00:00+00,6/23/2012 10:15:00 PM,Mid-Block (not related to intersection),11,"MOTOR VEHICLE STRUCK MOTOR VEHICLE, FRONT END AT ANGLE",,N,Unknown,Unknown,Dark - Street Lights On,,12175023.0,,32,One parked--one moving,0,0,N
1805,1,-122.2710831,47.66996484,2066,109700,109700,3565428,Matched,Intersection,26122.0,SAND POINT WAY NE AND NE WINDERMERE RD,,,1,Property Damage Only Collision,Angles,5,0,0,2,2010/10/13 00:00:00+00,10/13/2010 8:58:00 AM,At Intersection (intersection related),11,"MOTOR VEHICLE STRUCK MOTOR VEHICLE, FRONT END AT ANGLE",,N,Clear,Dry,Daylight,,10286019.0,,10,Entering at angle,0,0,N
1806,2,-122.30884250000001,47.61613523,2067,191500,191580,E412619,Matched,Intersection,30124.0,18TH AVE AND E MADISON ST, ,,2,Injury Collision,Angles,0,0,0,2,2015/03/31 00:00:00+00,3/31/2015 5:18:00 PM,At Intersection (intersection related),11,"MOTOR VEHICLE STRUCK MOTOR VEHICLE, FRONT END AT ANGLE",,N,Raining,Wet,Daylight,,,,10,Entering at angle,0,0,N
1807,1,-122.30730249999999,47.72933513,2069,251300,251900,E723360,Matched,Block,,20TH AVE NE BETWEEN NE 137TH ST AND NE 140TH ST, ,,1,Property Damage Only Collision,Right Turn,0,0,0,2,2017/10/03 00:00:00+00,10/3/2017 8:24:00 AM,Mid-Block (not related to intersection),11,"MOTOR VEHICLE STRUCK MOTOR VEHICLE, FRONT END AT ANGLE",,N,Clear,Dry,Daylight,,,,16,From same direction - one right turn - one straight,0,0,N
1808,2,-122.3427055,47.64997533,2070,90900,90900,3284324,Matched,Block,,STONE WAY N BETWEEN N 35TH ST AND N 36TH ST,,,2,Injury Collision,Rear Ended,5,0,0,3,2008/12/06 00:00:00+00,12/6/2008,Mid-Block (but intersection related),14,"MOTOR VEHICLE STRUCK MOTOR VEHICLE, REAR END",Y,0,Overcast,Dry,Daylight,,8341012.0,,14,From same direction - both going straight - one stopped - rear-end,0,0,N
1809,2,-122.31190900000001,47.56262085,2071,246300,246880,3764447,Matched,Block,,S COLUMBIAN WAY BETWEEN 16TH AVE S AND VETRN HOSPITAL DR, ,,2,Injury Collision,Rear Ended,2,0,0,2,2017/07/31 00:00:00+00,7/31/2017 7:20:00 AM,Mid-Block (but intersection related),14,"MOTOR VEHICLE STRUCK MOTOR VEHICLE, REAR END",,N,Clear,Dry,Daylight,,,,14,From same direction - both going straight - one stopped - rear-end,0,0,N
1810,1,-122.2699832,47.52617082,2072,155400,155420,3582653,Matched,Intersection,35427.0,RAINIER AVE S AND S CLOVERDALE ST, ,,1,Property Damage Only Collision,Sideswipe,3,0,0,2,2013/10/12 00:00:00+00,10/12/2013 10:03:00 PM,At Intersection (intersection related),11,"MOTOR VEHICLE STRUCK MOTOR VEHICLE, FRONT END AT ANGLE",,N,Clear,Dry,Dark - Street Lights On,,,,11,From same direction - both going straight - both moving - sideswipe,0,0,N
1811,1,-122.268751,47.56409604,2073,200900,201040,3725826,Matched,Block,,LAKE WASHINGTON BLVD S BETWEEN S ADAMS ST AND S GENESEE WAY, ,,1,Property Damage Only Collision,Sideswipe,2,0,0,2,2015/08/25 00:00:00+00,8/25/2015 8:18:00 PM,Mid-Block (not related to intersection),11,"MOTOR VEHICLE STRUCK MOTOR VEHICLE, FRONT END AT ANGLE",,N,Clear,Dry,Dusk,,,,11,From same direction - both going straight - both moving - sideswipe,0,0,N
1812,2,-122.28924359999999,47.56794838,2074,238100,238540,E644559,Matched,Intersection,32690.0,RAINIER AVE S AND S ANDOVER ST, ,,2,Injury Collision,Pedestrian,0,1,0,1,2017/02/15 00:00:00+00,2/15/2017 12:47:00 PM,At Intersection (intersection related),24,MOTOR VEHCILE STRUCK PEDESTRIAN,,N,Raining,Wet,Daylight,,,,2,Vehicle turning left hits pedestrian,0,523179,N
1813,1,-122.3505655,47.53297486,2075,223300,223580,3780929,Matched,Block,,12TH AVE SW BETWEEN SW HOLDEN ST AND SW KENYON ST, ,,1,Property Damage Only Collision,Parked Car,2,0,0,2,2016/07/11 00:00:00+00,7/11/2016 11:24:00 PM,Mid-Block (not related to intersection),14,"MOTOR VEHICLE STRUCK MOTOR VEHICLE, REAR END",,N,Overcast,Dry,Dark - Street Lights On,,,,32,One parked--one moving,0,0,N
1814,1,-122.2700209,47.51715141,2076,150800,150820,E213705,Matched,Intersection,35485.0,51ST AVE S AND RENTON AVE S, ,,1,Property Damage Only Collision,Angles,0,0,0,2,2012/12/16 00:00:00+00,12/16/2012 12:40:00 AM,At Intersection (intersection related),11,"MOTOR VEHICLE STRUCK MOTOR VEHICLE, FRONT END AT ANGLE",,N,Overcast,Dry,Dark - Street Lights On,,,,10,Entering at angle,0,0,N
1815,1,-122.3890119,47.58745219,2077,67800,67800,C690202,Matched,Block,,45TH AVE SW BETWEEN SW MASSACHUSETTS ST AND SW HOLGATE ST,,,1,Property Damage Only Collision,Parked Car,2,0,0,2,2007/08/04 00:00:00+00,8/4/2007,Mid-Block (not related to intersection),11,"MOTOR VEHICLE STRUCK MOTOR VEHICLE, FRONT END AT ANGLE",,0,Clear,Dry,Daylight,,7216039.0,,20,One car leaving parked position,0,0,N
1816,1,,,2078,185600,185680,3733319,Matched,Alley,,, ,,1,Property Damage Only Collision,Parked Car,2,0,0,2,2015/02/13 00:00:00+00,2/13/2015 7:00:00 PM,,0,NOT ENOUGH INFORMATION / NOT APPLICABLE,,N,Unknown,Unknown,Unknown,,,,32,One parked--one moving,0,0,N
1817,1,-122.33044709999999,47.545109100000005,2079,99800,99800,3198152,Matched,Block,,S MICHIGAN ST BETWEEN EAST MARGINAL WAY S AND 4TH AVE S,,,1,Property Damage Only Collision,Rear Ended,3,0,0,2,2009/09/14 00:00:00+00,9/14/2009 4:50:00 PM,Mid-Block (not related to intersection),14,"MOTOR VEHICLE STRUCK MOTOR VEHICLE, REAR END",,0,Clear,Dry,Daylight,,9257009.0,,14,From same direction - both going straight - one stopped - rear-end,0,0,N
1818,1,-122.3076226,47.60802107,2081,144200,144200,3605880,Matched,Intersection,30177.0,19TH AVE AND E CHERRY ST, ,,1,Property Damage Only Collision,Angles,3,0,0,2,2013/03/12 00:00:00+00,3/12/2013 9:40:00 AM,At Intersection (intersection related),11,"MOTOR VEHICLE STRUCK MOTOR VEHICLE, FRONT END AT ANGLE",Y,N,Overcast,Dry,Daylight,,13071005.0,,10,Entering at angle,0,0,N
1819,1,-122.3137615,47.59880044,2082,289600,290460,E801761,Unmatched,Intersection,30440.0,RAINIER AVE S AND S JACKSON PL, ,,1,Property Damage Only Collision,,3,0,0,0,2018/05/28 00:00:00+00,5/28/2018,At Intersection (intersection related),14,"MOTOR VEHICLE STRUCK MOTOR VEHICLE, REAR END",,,,,,,,, ,,0,0,N
1820,1,-122.3344369,47.57151424,2084,226700,227040,3694803,Matched,Block,,WEST SEATTLE BR EB BETWEEN W SEA BR EB 4 AV OFF RP AND 1ST AV S OFF RP, ,,1,Property Damage Only Collision,Rear Ended,2,0,0,2,2016/08/29 00:00:00+00,8/29/2016 8:25:00 AM,Mid-Block (not related to intersection),14,"MOTOR VEHICLE STRUCK MOTOR VEHICLE, REAR END",,N,Overcast,Dry,Daylight,,,,13,From same direction - both going straight - both moving - rear-end,0,0,N
1821,2,-122.3761597,47.64067899,2085,137200,137200,3581656,Matched,Intersection,27915.0,15TH AVE W AND W WHEELER ST,,,2,Injury Collision,Pedestrian,2,1,0,1,2012/12/10 00:00:00+00,12/10/2012 7:26:00 AM,At Intersection (intersection related),24,MOTOR VEHCILE STRUCK PEDESTRIAN,,N,Overcast,Dry,Dark - Street Lights On,,12345003.0,,0,Vehicle going straight hits pedestrian,0,0,N
1822,2,-122.345047,47.7295848,2087,278600,279500,E781642,Matched,Block,,AURORA AVE N BETWEEN N 137TH ST AND N 140TH ST, ,,2,Injury Collision,Rear Ended,3,0,0,2,2018/03/23 00:00:00+00,3/23/2018 4:55:00 PM,Mid-Block (not related to intersection),14,"MOTOR VEHICLE STRUCK MOTOR VEHICLE, REAR END",,N,Overcast,Wet,Daylight,,,,14,From same direction - both going straight - one stopped - rear-end,0,0,N
1823,1,-122.32891310000001,47.61346582,2088,126600,126600,3380309,Matched,Intersection,29878.0,BOREN AVE AND PIKE ST,,,1,Property Damage Only Collision,Right Turn,2,0,0,2,2011/10/07 00:00:00+00,10/7/2011 11:59:00 PM,At Intersection (intersection related),14,"MOTOR VEHICLE STRUCK MOTOR VEHICLE, REAR END",,N,Unknown,Unknown,Dark - Street Lights On,,11280001.0,,16,From same direction - one right turn - one straight,0,0,N
1824,1,-122.3258848,47.64384056,2089,169800,169820,3701767,Matched,Block,,EASTLAKE AVE E BETWEEN E ROANOKE ST AND E EDGAR ST, ,,1,Property Damage Only Collision,Parked Car,2,0,0,2,2014/05/15 00:00:00+00,5/15/2014 2:00:00 AM,Mid-Block (not related to intersection),11,"MOTOR VEHICLE STRUCK MOTOR VEHICLE, FRONT END AT ANGLE",Y,N,Clear,Dry,Dark - Street Lights On,,,,32,One parked--one moving,0,0,N
1825,1,-122.362788,47.56914138,2090,93100,93100,2895601,Matched,Block,,DELRIDGE WAY SW BETWEEN DELRIDGE-W SEATTLE BR EB ON RP AND SW ANDOVER ST,,,1,Property Damage Only Collision,Sideswipe,3,0,0,2,2008/05/30 00:00:00+00,5/30/2008 7:07:00 PM,Mid-Block (not related to intersection),11,"MOTOR VEHICLE STRUCK MOTOR VEHICLE, FRONT END AT ANGLE",,0,Clear,Dry,Daylight,,8151027.0,,11,From same direction - both going straight - both moving - sideswipe,0,0,N
1826,1,-122.3479523,47.65413422,2092,92700,92700,2905429,Matched,Block,,N 39TH ST BETWEEN LINDEN AVE N AND AURORA AVE N,,,1,Property Damage Only Collision,Parked Car,2,0,0,2,2008/05/18 00:00:00+00,5/18/2008 5:00:00 PM,Mid-Block (not related to intersection),11,"MOTOR VEHICLE STRUCK MOTOR VEHICLE, FRONT END AT ANGLE",,0,Unknown,Unknown,Dusk,,8139029.0,,32,One parked--one moving,0,0,N
1827,1,-122.2908652,47.72435276,2093,248500,249080,E709476,Matched,Block,,35TH AVE NE BETWEEN NE 130TH N ST AND NE 134TH ST, ,,1,Property Damage Only Collision,Rear Ended,0,0,0,2,2017/09/01 00:00:00+00,9/1/2017 3:47:00 PM,Mid-Block (not related to intersection),14,"MOTOR VEHICLE STRUCK MOTOR VEHICLE, REAR END",,N,Clear,Dry,Daylight,,,,14,From same direction - both going straight - one stopped - rear-end,0,0,N
1828,1,-122.4107128,47.5768239,2094,156900,156920,3386328,Matched,Block,,61ST AVE SW BETWEEN SW STEVENS ST AND SW ADMIRAL WAY, ,,1,Property Damage Only Collision,Parked Car,2,0,0,2,2013/11/12 00:00:00+00,11/12/2013 10:52:00 AM,Mid-Block (not related to intersection),16,"MOTOR VEHICLE STRUCK MOTOR VEHICLE, LEFT SIDE SIDESWIPE",Y,N,Clear,Dry,Daylight,,,,32,One parked--one moving,0,0,N
1829,1,-122.2974378,47.59077555,2095,95800,95800,3199582,Matched,Block,,M L KING JR WAY S BETWEEN S IRVING ST AND MOUNTAINS TO SOUND TRL,,,1,Property Damage Only Collision,Rear Ended,2,0,0,2,2009/09/17 00:00:00+00,9/17/2009 7:30:00 PM,Mid-Block (not related to intersection),14,"MOTOR VEHICLE STRUCK MOTOR VEHICLE, REAR END",Y,0,Overcast,Dry,Dark - Street Lights On,,9260014.0,,14,From same direction - both going straight - one stopped - rear-end,0,0,N
1830,1,-122.2928179,47.71643558,2096,143900,143900,3551694,Matched,Block,,33RD AVE NE BETWEEN NE 120TH ST AND NE 123RD ST, ,,1,Property Damage Only Collision,Other,2,0,0,2,2013/01/15 00:00:00+00,1/15/2013 2:12:00 PM,Mid-Block (not related to intersection),14,"MOTOR VEHICLE STRUCK MOTOR VEHICLE, REAR END",,N,Clear,Dry,Daylight,,13015023.0,,23,From same direction - all others,0,0,N
1831,2,-122.3156676,47.67945216,2097,148500,148520,C767171,Unmatched,Intersection,24473.0,12TH AVE NE AND NE 70TH ST, ,,2,Injury Collision,,2,0,0,0,2012/07/16 00:00:00+00,7/16/2012,At Intersection (intersection related),11,"MOTOR VEHICLE STRUCK MOTOR VEHICLE, FRONT END AT ANGLE",,,,,,,,, ,,0,0,N
1832,1,-122.31870740000001,47.67334117,2098,99700,99700,2880922,Matched,Intersection,25717.0,9TH AVE NE AND NE 62ND ST,,,1,Property Damage Only Collision,Angles,2,0,0,2,2009/10/05 00:00:00+00,10/5/2009,At Intersection (intersection related),11,"MOTOR VEHICLE STRUCK MOTOR VEHICLE, FRONT END AT ANGLE",,0,Unknown,Dry,Daylight,,9278008.0,,10,Entering at angle,0,0,N
1833,1,-122.32019709999999,47.68314565,2099,106900,106900,3375190,Matched,Intersection,24434.0,8TH AVE NE AND NE 75TH ST,,,1,Property Damage Only Collision,Other,1,0,0,1,2010/09/05 00:00:00+00,9/5/2010 12:25:00 AM,At Intersection (intersection related),28,MOTOR VEHICLE RAN OFF ROAD - HIT FIXED OBJECT,,N,Clear,Dry,Dark - Street Lights On,,10248002.0,Y,50,Fixed object,0,0,N
1834,2,-122.29618880000001,47.62347605,2101,231500,231900,3771727,Matched,Intersection,29253.0,28TH AVE E AND E MADISON ST, ,,2,Injury Collision,Left Turn,3,0,0,2,2016/10/23 00:00:00+00,10/23/2016 10:06:00 AM,At Intersection (intersection related),11,"MOTOR VEHICLE STRUCK MOTOR VEHICLE, FRONT END AT ANGLE",,N,Overcast,Wet,Daylight,,,,28,From opposite direction - one left turn - one straight,0,0,N
1835,1,-122.31486609999999,47.66128079,2102,89200,89200,2893991,Matched,Block,,NE 45TH ST BETWEEN 12TH AVE NE AND BROOKLYN AVE NE,,,1,Property Damage Only Collision,Sideswipe,2,0,0,2,2008/05/13 00:00:00+00,5/13/2008 7:00:00 PM,Mid-Block (not related to intersection),11,"MOTOR VEHICLE STRUCK MOTOR VEHICLE, FRONT END AT ANGLE",Y,0,Raining,Wet,Dusk,,8134032.0,,11,From same direction - both going straight - both moving - sideswipe,0,0,N
1836,1,-122.3515528,47.71414938,2103,294300,295380,E811688,Unmatched,Intersection,36382.0,EVANSTON AVE N AND N 117TH ST, ,,1,Property Damage Only Collision,,2,0,0,0,2018/06/24 00:00:00+00,6/24/2018,At Intersection (intersection related),11,"MOTOR VEHICLE STRUCK MOTOR VEHICLE, FRONT END AT ANGLE",,,,,,,,, ,,0,0,N
1837,1,-122.32197520000001,47.60671541,2104,153300,153320,3672626,Matched,Block,,JAMES ST BETWEEN BOREN AVE AND MINOR AVE, ,,1,Property Damage Only Collision,Rear Ended,3,0,0,2,2013/09/03 00:00:00+00,9/3/2013 3:59:00 PM,Mid-Block (not related to intersection),14,"MOTOR VEHICLE STRUCK MOTOR VEHICLE, REAR END",Y,N,Overcast,Dry,Daylight,,,,14,From same direction - both going straight - one stopped - rear-end,0,0,N
1838,1,-122.3324513,47.60726631,2105,178300,178320,3588646,Matched,Intersection,29933.0,5TH AVE AND SPRING ST, ,,1,Property Damage Only Collision,Angles,2,0,0,2,2014/10/25 00:00:00+00,10/25/2014 2:28:00 AM,At Intersection (intersection related),11,"MOTOR VEHICLE STRUCK MOTOR VEHICLE, FRONT END AT ANGLE",Y,N,Clear,Dry,Dark - Street Lights On,,,,10,Entering at angle,0,0,N
1839,1,-122.3362293,47.60971758,2106,201700,201840,3703617,Matched,Block,,4TH AVE BETWEEN UNION ST AND PIKE ST, ,,1,Property Damage Only Collision,Other,2,0,0,2,2015/09/07 00:00:00+00,9/7/2015 5:57:00 PM,Mid-Block (not related to intersection),11,"MOTOR VEHICLE STRUCK MOTOR VEHICLE, FRONT END AT ANGLE",,N,Clear,Dry,Daylight,,,,23,From same direction - all others,0,0,N
1840,1,-122.3393811,47.61267734,2107,126900,126900,3375705,Matched,Block,,4TH AVE BETWEEN STEWART ST AND VIRGINIA ST,,,1,Property Damage Only Collision,Sideswipe,2,0,0,2,2011/03/03 00:00:00+00,3/3/2011 12:11:00 PM,Mid-Block (not related to intersection),16,"MOTOR VEHICLE STRUCK MOTOR VEHICLE, LEFT SIDE SIDESWIPE",,N,Clear,Dry,Daylight,,11062011.0,,11,From same direction - both going straight - both moving - sideswipe,0,0,N
1841,1,-122.3089636,47.60217717,2108,170700,170720,3700144,Matched,Block,,18TH AVE BETWEEN E YESLER WAY AND E FIR ST, ,,1,Property Damage Only Collision,Parked Car,2,0,0,2,2014/06/19 00:00:00+00,6/19/2014 12:45:00 PM,Mid-Block (not related to intersection),13,"MOTOR VEHICLE STRUCK MOTOR VEHICLE, LEFT SIDE AT ANGLE",,N,Unknown,Unknown,Daylight,,,,32,One parked--one moving,0,0,N
1842,1,-122.31087649999999,47.67669035,2109,79500,79500,2829330,Matched,Block,,16TH AVE NE BETWEEN NE 65TH ST AND NE 68TH ST,,,1,Property Damage Only Collision,Parked Car,3,0,0,3,2008/01/24 00:00:00+00,1/24/2008 10:39:00 AM,Mid-Block (not related to intersection),14,"MOTOR VEHICLE STRUCK MOTOR VEHICLE, REAR END",,0,Unknown,Unknown,Unknown,,8024011.0,,32,One parked--one moving,0,0,N
1843,2,-122.2627774,47.52011701,2110,132700,132700,3617674,Matched,Intersection,35451.0,RAINIER AVE S AND SEWARD PARK AVE S,,,2,Injury Collision,Angles,4,0,0,2,2012/07/12 00:00:00+00,7/12/2012 4:36:00 PM,At Intersection (intersection related),11,"MOTOR VEHICLE STRUCK MOTOR VEHICLE, FRONT END AT ANGLE",Y,N,Clear,Dry,Daylight,,12194020.0,,10,Entering at angle,0,0,N
1844,1,-122.3762111,47.67272422,2111,119200,119200,3552880,Matched,Block,,15TH AVE NW BETWEEN NW 60TH ST AND NW 61ST ST,,,1,Property Damage Only Collision,Rear Ended,4,0,0,4,2011/04/22 00:00:00+00,4/22/2011 4:45:00 PM,Mid-Block (not related to intersection),14,"MOTOR VEHICLE STRUCK MOTOR VEHICLE, REAR END",Y,N,Clear,Dry,Daylight,,11112023.0,,14,From same direction - both going straight - one stopped - rear-end,0,0,N
1845,1,-122.39142659999999,47.51634057,2112,249100,249700,3780774,Matched,Block,,MARINE VIEW DR SW BETWEEN 45TH AVE SW AND 46TH AVE SW, ,,1,Property Damage Only Collision,Other,0,0,0,1,2017/10/03 00:00:00+00,10/3/2017 5:34:00 PM,Mid-Block (not related to intersection),28,MOTOR VEHICLE RAN OFF ROAD - HIT FIXED OBJECT,,N,Clear,Dry,Daylight,,,,50,Fixed object,0,0,N
1846,1,-122.3508723,47.702895299999994,2113,110700,110700,3289199,Matched,Intersection,37393.0,EVANSTON AVE N AND N 102ND ST,,,1,Property Damage Only Collision,Angles,2,0,0,2,2010/05/26 00:00:00+00,5/26/2010 1:09:00 PM,At Intersection (intersection related),11,"MOTOR VEHICLE STRUCK MOTOR VEHICLE, FRONT END AT ANGLE",,N,Overcast,Wet,Daylight,,10146006.0,,10,Entering at angle,0,0,N
1847,1,-122.32692279999999,47.6343614,2116,88600,88600,2803788,Matched,Block,,FAIRVIEW AVE E BETWEEN E GARFIELD ST AND E BLAINE ST,,,1,Property Damage Only Collision,Parked Car,2,0,0,2,2008/12/22 00:00:00+00,12/22/2008 2:30:00 PM,Mid-Block (not related to intersection),11,"MOTOR VEHICLE STRUCK MOTOR VEHICLE, FRONT END AT ANGLE",,0,Unknown,Unknown,Daylight,,8357008.0,,32,One parked--one moving,0,0,N
1848,1,-122.3151909,47.66943488,2117,270100,270900,3767420,Matched,Intersection,25747.0,12TH AVE NE AND NE 56TH ST, ,,1,Property Damage Only Collision,Parked Car,2,0,0,2,2018/02/11 00:00:00+00,2/11/2018 1:45:00 AM,At Intersection (but not related to intersection),14,"MOTOR VEHICLE STRUCK MOTOR VEHICLE, REAR END",,N,Clear,Dry,Dark - Street Lights On,,,,32,One parked--one moving,0,0,Y
1849,2,-122.3174034,47.67874129,2118,136700,136700,3504132,Matched,Intersection,24475.0,ROOSEVELT WAY NE AND NE 69TH ST,,,2,Injury Collision,Cycles,2,0,1,1,2012/04/23 00:00:00+00,4/23/2012 5:09:00 PM,At Intersection (intersection related),18,"MOTOR VEHICLE STRUCK PEDALCYCLIST, FRONT END AT ANGLE",,N,Clear,Dry,Daylight,Y,12114007.0,,45,Vehicle - Pedalcyclist,9417,0,N