,SEVERITYCODE,X,Y,OBJECTID,INCKEY,COLDETKEY,REPORTNO,STATUS,ADDRTYPE,INTKEY,LOCATION,EXCEPTRSNCODE,EXCEPTRSNDESC,SEVERITYCODE.1,SEVERITYDESC,COLLISIONTYPE,PERSONCOUNT,PEDCOUNT,PEDCYLCOUNT,VEHCOUNT,INCDATE,INCDTTM,JUNCTIONTYPE,SDOT_COLCODE,SDOT_COLDESC,INATTENTIONIND,UNDERINFL,WEATHER,ROADCOND,LIGHTCOND,PEDROWNOTGRNT,SDOTCOLNUM,SPEEDING,ST_COLCODE,ST_COLDESC,SEGLANEKEY,CROSSWALKKEY,HITPARKEDCAR
1850,1,-122.32807859999998,47.60416123,2119,95600,95600,C721891,Matched,Intersection,29973.0,6TH AVE AND JAMES ST,,,1,Property Damage Only Collision,Rear Ended,2,0,0,2,2009/05/07 00:00:00+00,5/7/2009,At Intersection (but not related to intersection),14,"MOTOR VEHICLE STRUCK MOTOR VEHICLE, REAR END",,0,Unknown,Unknown,Unknown,,9127029.0,,14,From same direction - both going straight - one stopped - rear-end,0,0,N
1851,1,-122.35016090000002,47.62716847,2120,129400,129400,3546527,Matched,Intersection,28870.0,ALOHA ST AND NOB HILL AVE N,,,1,Property Damage Only Collision,Parked Car,2,0,0,2,2011/11/11 00:00:00+00,11/11/2011 11:30:00 AM,At Intersection (intersection related),11,"MOTOR VEHICLE STRUCK MOTOR VEHICLE, FRONT END AT ANGLE",,N,Overcast,Unknown,Daylight,,11315003.0,,19,One car entering parked position,0,0,N
1852,2,-122.3912318,47.6345982,2121,158500,158520,3640978,Matched,Block,,THORNDYKE AVE W BETWEEN W HAYES ST AND W BLAINE ST, ,,2,Injury Collision,Sideswipe,3,0,0,3,2013/12/16 00:00:00+00,12/16/2013 10:50:00 PM,Mid-Block (not related to intersection),11,"MOTOR VEHICLE STRUCK MOTOR VEHICLE, FRONT END AT ANGLE",,Y,Clear,Dry,Dark - No Street Lights,,,,26,From opposite direction - both going straight - sideswipe,0,0,N
1853,1,-122.37716780000001,47.51098488,2122,263700,264480,E740601,Matched,Block,,36TH AVE SW BETWEEN SW 102ND ST AND SW 104TH ST, ,,1,Property Damage Only Collision,Other,1,0,0,1,2017/11/27 00:00:00+00,11/27/2017 9:50:00 AM,Mid-Block (not related to intersection),27,MOTOR VEHICLE RAN OFF ROAD - NO COLLISION,,N,Overcast,Wet,Daylight,,,,50,Fixed object,0,0,N
1854,1,-122.3133572,47.68668897,2123,146900,146920,C771809,Unmatched,Intersection,24398.0,LAKE CITY WAY NE AND NE 80TH ST, ,,1,Property Damage Only Collision,,2,0,0,0,2012/11/18 00:00:00+00,11/18/2012,At Intersection (intersection related),11,"MOTOR VEHICLE STRUCK MOTOR VEHICLE, FRONT END AT ANGLE",,,,,,,,, ,,0,0,N
1855,2,-122.31843789999999,47.66494396,2124,91200,91200,3284102,Matched,Intersection,25788.0,9TH AVE NE AND NE 50TH ST,,,2,Injury Collision,Left Turn,3,0,0,2,2008/08/12 00:00:00+00,8/12/2008 12:58:00 AM,At Intersection (intersection related),11,"MOTOR VEHICLE STRUCK MOTOR VEHICLE, FRONT END AT ANGLE",,1,Clear,Dry,Dark - Street Lights On,,8225006.0,,28,From opposite direction - one left turn - one straight,0,0,N
1856,2,-122.34531979999998,47.66212578,2125,247200,247800,E704811,Matched,Block,,N 46TH ST BETWEEN GREEN LAKE WAY N AND WOODLAND PARK AVE N, ,,2,Injury Collision,Rear Ended,0,0,0,2,2017/08/22 00:00:00+00,8/22/2017 3:32:00 PM,Mid-Block (not related to intersection),14,"MOTOR VEHICLE STRUCK MOTOR VEHICLE, REAR END",,N,Clear,Dry,Daylight,,,,13,From same direction - both going straight - both moving - rear-end,0,0,N
1857,1,-122.2771346,47.54970394,2126,124500,124500,3548571,Matched,Intersection,33518.0,RAINIER AVE S AND S JUNEAU ST,,,1,Property Damage Only Collision,Left Turn,2,0,0,2,2011/12/18 00:00:00+00,12/18/2011 4:47:00 PM,At Intersection (intersection related),11,"MOTOR VEHICLE STRUCK MOTOR VEHICLE, FRONT END AT ANGLE",,N,Overcast,Dry,Dark - Street Lights On,,11352012.0,,28,From opposite direction - one left turn - one straight,0,0,N
1858,1,-122.2856856,47.55906498,2127,119700,119700,3373141,Matched,Block,,RAINIER AVE S BETWEEN S ANGELINE ST AND S EDMUNDS ST,,,1,Property Damage Only Collision,Rear Ended,2,0,0,2,2011/07/16 00:00:00+00,7/16/2011 11:18:00 AM,Driveway Junction,14,"MOTOR VEHICLE STRUCK MOTOR VEHICLE, REAR END",,N,Overcast,Wet,Daylight,,11197024.0,,14,From same direction - both going straight - one stopped - rear-end,0,0,N
1859,2,-122.33529540000002,47.61495252,2128,299600,300800,3811659,Matched,Intersection,29539.0,8TH AVE AND STEWART ST, ,,2,Injury Collision,Pedestrian,2,1,0,1,2018/07/21 00:00:00+00,7/21/2018 4:35:00 PM,At Intersection (intersection related),24,MOTOR VEHCILE STRUCK PEDESTRIAN,,N,Clear,Dry,Daylight,Y,,,2,Vehicle turning left hits pedestrian,0,523193,N
1860,2,-122.36094990000001,47.72326365,2129,172200,172220,3576633,Matched,Intersection,35626.0,3RD AVE NW AND NW 130TH ST, ,,2,Injury Collision,Angles,4,0,0,2,2014/07/17 00:00:00+00,7/17/2014 5:30:00 PM,At Intersection (intersection related),11,"MOTOR VEHICLE STRUCK MOTOR VEHICLE, FRONT END AT ANGLE",,N,Clear,Dry,Daylight,,,,10,Entering at angle,0,0,N
1861,1,-122.3764666,47.54377358,2130,109400,109400,3287878,Matched,Block,,35TH AVE SW BETWEEN SW MORGAN ST AND SW HOLLY ST,,,1,Property Damage Only Collision,Sideswipe,3,0,0,3,2010/05/21 00:00:00+00,5/21/2010 9:36:00 PM,Mid-Block (not related to intersection),11,"MOTOR VEHICLE STRUCK MOTOR VEHICLE, FRONT END AT ANGLE",,N,Overcast,Wet,Dark - Street Lights On,,10141004.0,,11,From same direction - both going straight - both moving - sideswipe,0,0,N
1862,1,-122.3286328,47.60392938,2131,186800,186880,3549708,Matched,Block,,JAMES ST BETWEEN 5TH AVE AND 6TH AVE, ,,1,Property Damage Only Collision,Other,1,0,0,1,2015/03/07 00:00:00+00,3/7/2015 3:12:00 AM,Mid-Block (but intersection related),28,MOTOR VEHICLE RAN OFF ROAD - HIT FIXED OBJECT,Y,N,Clear,Dry,Dark - Street Lights On,,,,50,Fixed object,0,0,N
1863,1,-122.4015797,47.65889504,2132,121700,121700,3564434,Matched,Block,,W GOVERNMENT WAY BETWEEN 34TH AVE W AND 35TH AVE W,,,1,Property Damage Only Collision,Rear Ended,2,0,0,2,2011/12/11 00:00:00+00,12/11/2011 11:45:00 AM,Mid-Block (but intersection related),14,"MOTOR VEHICLE STRUCK MOTOR VEHICLE, REAR END",,N,Overcast,Unknown,Daylight,,11345020.0,,14,From same direction - both going straight - one stopped - rear-end,0,0,N
1864,2,-122.3105875,47.56052254,2133,191300,191380,3583382,Matched,Block,,S ANGELINE ST BETWEEN 15TH AVE S AND S COLUMBIAN W WAY, ,,2,Injury Collision,Angles,3,0,0,2,2015/04/27 00:00:00+00,4/27/2015 7:34:00 PM,Driveway Junction,11,"MOTOR VEHICLE STRUCK MOTOR VEHICLE, FRONT END AT ANGLE",,N,Clear,Dry,Daylight,,,,10,Entering at angle,0,0,N
1865,1,-122.34509609999999,47.54736919,2134,232600,233000,3342443,Matched,Block,,WEST MARGINAL WAY SW BETWEEN SW BRANDON ST AND SW FRONT ST, ,,1,Property Damage Only Collision,Other,1,0,0,1,2016/12/26 00:00:00+00,12/26/2016 7:29:00 AM,Mid-Block (not related to intersection),26,MOTOR VEHICLE STRUCK OBJECT IN ROAD,,N,Clear,Dry,Dawn,,,,50,Fixed object,0,0,N
1866,1,-122.3855774,47.55209117,2135,105300,105300,2896591,Matched,Intersection,32804.0,42ND AVE SW AND SW FINDLAY ST,,,1,Property Damage Only Collision,Angles,2,0,0,2,2009/03/14 00:00:00+00,3/14/2009 12:30:00 PM,At Intersection (intersection related),11,"MOTOR VEHICLE STRUCK MOTOR VEHICLE, FRONT END AT ANGLE",,0,Raining,Wet,Daylight,,9073021.0,,10,Entering at angle,0,0,N
1867,1,-122.33796809999998,47.61242345,2136,246800,247380,3703520,Matched,Block,,OLIVE WAY BETWEEN 4TH AVE AND 5TH AVE, ,,1,Property Damage Only Collision,Parked Car,0,0,0,2,2017/08/15 00:00:00+00,8/15/2017 7:10:00 PM,Mid-Block (not related to intersection),11,"MOTOR VEHICLE STRUCK MOTOR VEHICLE, FRONT END AT ANGLE",,N,Clear,Dry,Daylight,,,,32,One parked--one moving,0,0,N
1868,2,-122.39831159999999,47.68490866,2137,136800,136800,3466596,Matched,Intersection,23975.0,32ND AVE NW AND NW 77TH ST,,,2,Injury Collision,Angles,8,0,0,2,2012/03/16 00:00:00+00,3/16/2012 11:53:00 PM,At Intersection (intersection related),11,"MOTOR VEHICLE STRUCK MOTOR VEHICLE, FRONT END AT ANGLE",,N,Clear,Dry,Dark - Street Lights On,,12076008.0,Y,10,Entering at angle,0,0,N
1869,1,-122.34585530000001,47.68403643,2138,200400,200540,3734515,Matched,Block,,N 76TH ST BETWEEN LINDEN AVE N AND AURORA AVE N,NEI,"Not Enough Information, or Insufficient Location Information",1,Property Damage Only Collision,Parked Car,2,0,0,2,2015/08/13 00:00:00+00,8/13/2015 5:45:00 PM,,0,NOT ENOUGH INFORMATION / NOT APPLICABLE,Y,N,Unknown,Unknown,Unknown,,,,32,One parked--one moving,0,0,Y
1870,2,-122.38009270000002,47.56225703,2139,237300,237740,3744480,Matched,Intersection,31915.0,38TH AVE SW AND FAUNTLEROY WAY SW, ,,2,Injury Collision,Cycles,2,0,1,1,2017/03/22 00:00:00+00,3/22/2017 5:12:00 AM,At Intersection (intersection related),18,"MOTOR VEHICLE STRUCK PEDALCYCLIST, FRONT END AT ANGLE",Y,N,Clear,Dry,Dark - Street Lights On,,,,45,Vehicle - Pedalcyclist,16285,0,N
1871,2,-122.34638400000001,47.68256917,2141,159900,159920,3572967,Matched,Intersection,24315.0,LINDEN AVE N AND N 74TH ST, ,,2,Injury Collision,Angles,2,0,0,2,2014/01/10 00:00:00+00,1/10/2014 4:15:00 PM,At Intersection (intersection related),11,"MOTOR VEHICLE STRUCK MOTOR VEHICLE, FRONT END AT ANGLE",Y,N,Raining,Wet,Dusk,,,,10,Entering at angle,0,0,N
1872,1,-122.3649132,47.56472619,2142,151100,151120,3465394,Matched,Block,,SW GENESEE ST BETWEEN 25TH AVE SW AND 26TH AVE SW, ,,1,Property Damage Only Collision,Cycles,2,0,1,1,2013/07/23 00:00:00+00,7/23/2013 3:48:00 PM,Mid-Block (not related to intersection),21,"MOTOR VEHICLE STRUCK PEDALCYCLIST, REAR END",,N,Clear,Dry,Daylight,,,,45,Vehicle - Pedalcyclist,32765,0,N
1873,1,-122.31482439999999,47.60555876,2143,94200,94200,3275097,Matched,Block,,E REMINGTON CT BETWEEN 13TH AVE AND 14TH AVE,,,1,Property Damage Only Collision,Parked Car,2,0,0,2,2009/04/22 00:00:00+00,4/22/2009 6:00:00 PM,Mid-Block (not related to intersection),14,"MOTOR VEHICLE STRUCK MOTOR VEHICLE, REAR END",,0,Unknown,Unknown,Unknown,,9112031.0,,32,One parked--one moving,0,0,N
1874,1,-122.2692612,47.51991971,2144,147300,147320,3280117,Matched,Block,,RAINIER AVE S BETWEEN 51ST AVE S AND STURTEVANT AVE S, ,,1,Property Damage Only Collision,Head On,3,0,0,2,2013/05/30 00:00:00+00,5/30/2013 10:25:00 AM,Mid-Block (not related to intersection),14,"MOTOR VEHICLE STRUCK MOTOR VEHICLE, REAR END",,N,Clear,Dry,Daylight,,,,30,From opposite direction - all others,0,0,N
1875,2,-122.36044869999999,47.65414526,2146,115600,115600,3376088,Matched,Block,,NW 39TH ST BETWEEN LEARY WAY NW AND 3RD AVE NW,,,2,Injury Collision,Rear Ended,3,0,0,2,2010/03/04 00:00:00+00,3/4/2010 4:12:00 PM,Mid-Block (not related to intersection),14,"MOTOR VEHICLE STRUCK MOTOR VEHICLE, REAR END",,N,Clear,Dry,Daylight,,10063010.0,,14,From same direction - both going straight - one stopped - rear-end,0,0,N
1876,1,-122.3539429,47.65212542,2147,129000,129000,3477174,Matched,Block,,N 36TH ST BETWEEN PHINNEY AVE N AND FRANCIS AVE N,,,1,Property Damage Only Collision,Parked Car,2,0,0,2,2011/09/06 00:00:00+00,9/6/2011 3:30:00 PM,,0,NOT ENOUGH INFORMATION / NOT APPLICABLE,,N,Clear,Dry,Daylight,,11249027.0,,32,One parked--one moving,0,0,N
1877,2,-122.31352450000001,47.56260182,2148,230700,231100,3783066,Matched,Block,,15TH AVE S BETWEEN S OREGON ST AND S SNOQUALMIE ST, ,,2,Injury Collision,Parked Car,3,0,0,2,2016/10/13 00:00:00+00,10/13/2016 8:43:00 PM,Mid-Block (not related to intersection),14,"MOTOR VEHICLE STRUCK MOTOR VEHICLE, REAR END",,N,Raining,Wet,Dark - Street Lights On,,,,32,One parked--one moving,0,0,N
1878,1,-122.26686129999999,47.53352947,2149,89900,89900,3280824,Matched,Block,,SEWARD PARK AVE S BETWEEN S FONTANELLE PL AND S KENYON ST,,,1,Property Damage Only Collision,Parked Car,2,0,0,2,2008/11/21 00:00:00+00,11/21/2008 9:50:00 AM,Mid-Block (not related to intersection),16,"MOTOR VEHICLE STRUCK MOTOR VEHICLE, LEFT SIDE SIDESWIPE",,0,Unknown,Unknown,Unknown,,8326018.0,,32,One parked--one moving,0,0,N
1879,1,-122.37358090000001,47.67162889,2150,245300,245900,E681769,Matched,Intersection,25401.0,14TH AVE NW AND NW 59TH ST, ,,1,Property Damage Only Collision,Angles,2,0,0,2,2017/06/15 00:00:00+00,6/15/2017 6:25:00 PM,At Intersection (intersection related),14,"MOTOR VEHICLE STRUCK MOTOR VEHICLE, REAR END",,N,Raining,Wet,Daylight,,,,10,Entering at angle,0,0,N
1880,1,-122.2821353,47.55470845,2151,152400,152420,3589958,Matched,Block,,RAINIER AVE S BETWEEN 39TH S AVE S AND 42ND AVE S, ,,1,Property Damage Only Collision,Sideswipe,2,0,0,2,2013/08/12 00:00:00+00,8/12/2013 6:22:00 PM,Mid-Block (not related to intersection),16,"MOTOR VEHICLE STRUCK MOTOR VEHICLE, LEFT SIDE SIDESWIPE",Y,Y,Clear,Dry,Daylight,,,,26,From opposite direction - both going straight - sideswipe,0,0,N
1881,2,-122.3296081,47.59030825,2152,184200,184280,3732256,Matched,Block,,EDGAR MARTINEZ DR S BETWEEN S ATLANTIC ST OFF RP AND 4TH AVE SB OFF RP, ,,2,Injury Collision,Other,1,0,0,1,2015/01/05 00:00:00+00,1/5/2015 5:23:00 AM,Mid-Block (not related to intersection),26,MOTOR VEHICLE STRUCK OBJECT IN ROAD,Y,N,Raining,Wet,Dark - Street Lights On,,,,50,Fixed object,0,0,N
1882,1,-122.3506271,47.52192154,2153,140200,140200,3547357,Matched,Block,,12TH AVE SW BETWEEN SW HENDERSON ST AND SW BARTON ST,,,1,Property Damage Only Collision,Other,1,0,0,1,2012/06/29 00:00:00+00,6/29/2012 4:55:00 PM,Mid-Block (not related to intersection),28,MOTOR VEHICLE RAN OFF ROAD - HIT FIXED OBJECT,Y,N,Overcast,Dry,Daylight,,12181019.0,,50,Fixed object,0,0,N
1883,1,-122.3217635,47.68055437,2154,241700,242140,3748220,Matched,Block,,6TH AVE NE BETWEEN NE 70TH N ST AND NE 72ND ST, ,,1,Property Damage Only Collision,Parked Car,4,0,0,4,2017/05/21 00:00:00+00,5/21/2017 3:00:00 PM,Mid-Block (not related to intersection),14,"MOTOR VEHICLE STRUCK MOTOR VEHICLE, REAR END",,N,Clear,Dry,Daylight,,,,32,One parked--one moving,0,0,N
1884,1,-122.29722190000001,47.59331501,2155,179800,179860,3626304,Matched,Block,,S NORMAN ST BETWEEN M L KING JR WAY S AND 28TH AVE S, ,,1,Property Damage Only Collision,Sideswipe,2,0,0,2,2014/11/21 00:00:00+00,11/21/2014 7:46:00 AM,Mid-Block (not related to intersection),11,"MOTOR VEHICLE STRUCK MOTOR VEHICLE, FRONT END AT ANGLE",,N,Overcast,Wet,Daylight,,,,11,From same direction - both going straight - both moving - sideswipe,0,0,N
1885,2,-122.2483239,47.51161898,2157,66700,66700,2806857,Matched,Intersection,38204.0,68TH AVE S AND RAINIER AVE S,,,2,Injury Collision,Cycles,2,0,1,1,2007/06/02 00:00:00+00,6/2/2007,At Intersection (intersection related),18,"MOTOR VEHICLE STRUCK PEDALCYCLIST, FRONT END AT ANGLE",,0,Clear,Dry,Daylight,,7153002.0,,45,Vehicle - Pedalcyclist,5012,0,N
1886,1,-122.28764140000001,47.59629349,2158,165800,165820,3701432,Matched,Block,,LAKESIDE AVE S BETWEEN S LANE ST AND 35TH AVE S, ,,1,Property Damage Only Collision,Parked Car,2,0,0,2,2014/03/23 00:00:00+00,3/23/2014 10:00:00 PM,Mid-Block (not related to intersection),16,"MOTOR VEHICLE STRUCK MOTOR VEHICLE, LEFT SIDE SIDESWIPE",,N,Unknown,Unknown,Unknown,,,,32,One parked--one moving,0,0,N
1887,1,-122.37620890000001,47.561550399999994,2159,78400,78400,2609327,Matched,Block,,35TH AVE SW BETWEEN SW SNOQUALMIE ST AND SW ALASKA ST,,,1,Property Damage Only Collision,Other,1,0,0,1,2007/01/10 00:00:00+00,1/10/2007 4:55:00 PM,Mid-Block (not related to intersection),28,MOTOR VEHICLE RAN OFF ROAD - HIT FIXED OBJECT,,0,Snowing,Ice,Dark - Street Lights On,,7010004.0,,50,Fixed object,0,0,N
1888,1,-122.32938999999999,47.68686223,2160,249200,249800,E713507,Matched,Intersection,24535.0,SUNNYSIDE AVE N AND N 80TH E ST, ,,1,Property Damage Only Collision,Left Turn,0,0,0,2,2017/09/14 00:00:00+00,9/14/2017 9:49:00 AM,At Intersection (intersection related),11,"MOTOR VEHICLE STRUCK MOTOR VEHICLE, FRONT END AT ANGLE",,N,Clear,Dry,Daylight,,,,28,From opposite direction - one left turn - one straight,0,0,N
1889,1,-122.32108740000001,47.548695,2161,138600,138600,3467150,Matched,Block,,CORSON AVE S BETWEEN S NEBRASKA ST AND S VALE ST,,,1,Property Damage Only Collision,Sideswipe,5,0,0,2,2012/11/16 00:00:00+00,11/16/2012 7:19:00 PM,Mid-Block (not related to intersection),11,"MOTOR VEHICLE STRUCK MOTOR VEHICLE, FRONT END AT ANGLE",Y,N,Raining,Wet,Dark - Street Lights On,,12321032.0,,11,From same direction - both going straight - both moving - sideswipe,0,0,N
1890,1,-122.33666159999999,47.62578783,2162,110300,110300,3208038,Matched,Block,,VALLEY ST BETWEEN TERRY AVE N AND LAKE UNION PARK ACCESS RD,,,1,Property Damage Only Collision,Rear Ended,3,0,0,2,2010/01/24 00:00:00+00,1/24/2010 10:02:00 PM,Mid-Block (not related to intersection),14,"MOTOR VEHICLE STRUCK MOTOR VEHICLE, REAR END",,N,Raining,Wet,Dark - Street Lights On,,10024009.0,,14,From same direction - both going straight - one stopped - rear-end,0,0,N
1891,1,-122.30769879999998,47.67853682,2163,181400,181440,3591375,Matched,Block,,19TH AVE NE BETWEEN NE 68TH ST AND NE 70TH ST, ,,1,Property Damage Only Collision,Parked Car,2,0,0,2,2014/12/16 00:00:00+00,12/16/2014 10:00:00 AM,Mid-Block (not related to intersection),13,"MOTOR VEHICLE STRUCK MOTOR VEHICLE, LEFT SIDE AT ANGLE",,N,Overcast,Dry,Daylight,,,,32,One parked--one moving,0,0,N
1892,1,-122.2794253,47.55193192,2164,72900,72900,2611066,Matched,Block,,S FINDLAY ST BETWEEN 42ND AVE S AND RAINIER AVE S,,,1,Property Damage Only Collision,Parked Car,2,0,0,2,2007/01/29 00:00:00+00,1/29/2007 6:33:00 PM,Mid-Block (not related to intersection),14,"MOTOR VEHICLE STRUCK MOTOR VEHICLE, REAR END",,0,Clear,Dry,Dark - Street Lights On,,7029006.0,,32,One parked--one moving,0,0,N
1893,2,-122.30843030000001,47.57250753,2165,74600,74600,2806848,Matched,Block,,BEACON AVE S BETWEEN S HINDS ST AND S SPOKANE ST,,,2,Injury Collision,Rear Ended,5,0,0,3,2007/08/23 00:00:00+00,8/23/2007 6:35:00 PM,Mid-Block (not related to intersection),14,"MOTOR VEHICLE STRUCK MOTOR VEHICLE, REAR END",,0,Clear,Dry,Daylight,,7235018.0,,14,From same direction - both going straight - one stopped - rear-end,0,0,N
1894,2,-122.3158572,47.60169182,2167,135400,135400,3552037,Matched,Block,,E YESLER WAY BETWEEN 12TH AVE AND 13TH AVE,,,2,Injury Collision,Rear Ended,3,0,0,2,2012/03/17 00:00:00+00,3/17/2012 3:00:00 PM,Mid-Block (but intersection related),14,"MOTOR VEHICLE STRUCK MOTOR VEHICLE, REAR END",,Y,Clear,Dry,Daylight,,12077012.0,,14,From same direction - both going straight - one stopped - rear-end,0,0,N
1895,2,-122.3321327,47.53414777,2168,80400,80400,2609724,Matched,Intersection,34281.0,WEST MARGINAL WAY S AND S HOLDEN ST,,,2,Injury Collision,Left Turn,2,0,0,2,2008/08/27 00:00:00+00,8/27/2008 12:55:00 AM,At Intersection (intersection related),11,"MOTOR VEHICLE STRUCK MOTOR VEHICLE, FRONT END AT ANGLE",,0,Raining,Wet,Dark - Street Lights On,,8240013.0,,28,From opposite direction - one left turn - one straight,0,0,N
1896,1,-122.33809240000001,47.71230181,2169,165100,165120,3572665,Matched,Block,,N 115TH ST BETWEEN STONE AVE N AND MERIDIAN AVE N, ,,1,Property Damage Only Collision,Rear Ended,2,0,0,2,2014/03/28 00:00:00+00,3/28/2014 7:40:00 AM,Mid-Block (not related to intersection),14,"MOTOR VEHICLE STRUCK MOTOR VEHICLE, REAR END",Y,N,Overcast,Wet,Daylight,,,,14,From same direction - both going straight - one stopped - rear-end,0,0,N
1897,2,-122.3126707,47.72122255,2170,141600,141600,3609030,Matched,Intersection,35896.0,15TH AVE NE AND NE 127TH ST,,,2,Injury Collision,Angles,2,0,0,2,2012/11/02 00:00:00+00,11/2/2012 4:42:00 PM,At Intersection (intersection related),11,"MOTOR VEHICLE STRUCK MOTOR VEHICLE, FRONT END AT ANGLE",,N,Raining,Wet,Dusk,,12307012.0,,10,Entering at angle,0,0,N
1898,1,-122.3240287,47.60980237,2171,199300,199440,3642469,Matched,Intersection,29921.0,MADISON ST AND MINOR AVE, ,,1,Property Damage Only Collision,Left Turn,2,0,0,2,2015/08/05 00:00:00+00,8/5/2015 5:24:00 PM,At Intersection (intersection related),11,"MOTOR VEHICLE STRUCK MOTOR VEHICLE, FRONT END AT ANGLE",,N,Overcast,Dry,Daylight,,,,28,From opposite direction - one left turn - one straight,0,0,N
1899,1,-122.3756924,47.54831958,2172,290600,291480,3742373,Matched,Block,,SW RAYMOND ST BETWEEN 34TH AVE SW AND 35TH AVE SW, ,,1,Property Damage Only Collision,Other,1,0,0,1,2018/06/03 00:00:00+00,6/3/2018 8:08:00 PM,Mid-Block (but intersection related),28,MOTOR VEHICLE RAN OFF ROAD - HIT FIXED OBJECT,,N,Overcast,Dry,Daylight,,,,50,Fixed object,0,0,N
1900,2,-122.36488529999998,47.65911969,2173,105900,105900,3210763,Matched,Block,,LEARY WAY NW BETWEEN NW 43RD ST AND 7TH AVE NW,,,2,Injury Collision,Angles,5,0,0,2,2009/06/30 00:00:00+00,6/30/2009 10:33:00 PM,Driveway Junction,11,"MOTOR VEHICLE STRUCK MOTOR VEHICLE, FRONT END AT ANGLE",Y,0,Clear,Dry,Dark - Street Lights On,,9181033.0,,10,Entering at angle,0,0,N
1901,1,-122.33647820000002,47.62468353,2174,227900,228240,3735450,Matched,Block,,MERCER NR ST BETWEEN TERRY AVE N AND BOREN AVE N, ,,1,Property Damage Only Collision,Parked Car,2,0,0,2,2016/09/08 00:00:00+00,9/8/2016 7:19:00 PM,Mid-Block (not related to intersection),13,"MOTOR VEHICLE STRUCK MOTOR VEHICLE, LEFT SIDE AT ANGLE",,Y,Clear,Dry,Dusk,,,,32,One parked--one moving,0,0,Y
1902,2,-122.3229892,47.60530451,2175,138200,138200,3593786,Matched,Intersection,29816.0,JEFFERSON ST AND TERRY AVE,,,2,Injury Collision,Angles,2,0,0,2,2012/09/10 00:00:00+00,9/10/2012 8:30:00 AM,At Intersection (intersection related),11,"MOTOR VEHICLE STRUCK MOTOR VEHICLE, FRONT END AT ANGLE",,N,Overcast,Wet,Daylight,,12254009.0,,10,Entering at angle,0,0,N
1903,1,-122.35403529999999,47.51735387,2176,268100,268880,3744287,Unmatched,Intersection,35059.0,15TH AVE SW AND SW ROXBURY ST, ,,1,Property Damage Only Collision,,2,0,0,0,2018/01/25 00:00:00+00,1/25/2018,At Intersection (intersection related),11,"MOTOR VEHICLE STRUCK MOTOR VEHICLE, FRONT END AT ANGLE",,,,,,,,, ,,0,0,N
1904,1,-122.31936529999999,47.6242665,2177,102300,102300,3287462,Matched,Block,,E MERCER ST BETWEEN 10TH AVE E AND FEDERAL AVE E,,,1,Property Damage Only Collision,Parked Car,2,0,0,2,2009/05/15 00:00:00+00,5/15/2009 9:54:00 PM,Mid-Block (not related to intersection),11,"MOTOR VEHICLE STRUCK MOTOR VEHICLE, FRONT END AT ANGLE",,0,Clear,Dry,Dark - Street Lights On,,9135044.0,,32,One parked--one moving,0,0,N
1905,2,-122.3987971,47.56943276,2178,243000,243480,3744542,Matched,Block,,52ND AVE SW BETWEEN SW CHARLESTOWN W ST AND SW ANDOVER ST, ,,2,Injury Collision,Pedestrian,2,1,0,1,2017/06/21 00:00:00+00,6/21/2017 7:23:00 PM,Mid-Block (not related to intersection),24,MOTOR VEHCILE STRUCK PEDESTRIAN,,N,Clear,Dry,Daylight,,,,0,Vehicle going straight hits pedestrian,0,0,N
1906,1,-122.3127415,47.56324163,2179,134100,134100,3467590,Matched,Intersection,32546.0,16TH AVE S AND S COLUMBIAN WAY,,,1,Property Damage Only Collision,Left Turn,2,0,0,2,2012/10/30 00:00:00+00,10/30/2012 7:50:00 AM,,0,NOT ENOUGH INFORMATION / NOT APPLICABLE,,N,Raining,Wet,Dawn,,12304009.0,,28,From opposite direction - one left turn - one straight,0,0,N
1907,2,-122.3835744,47.58117288,2180,93800,93800,2896594,Matched,Block,,SW ADMIRAL WAY BETWEEN WALNUT AVE SW AND 41ST AVE SW,,,2,Injury Collision,Other,1,0,0,1,2009/06/03 00:00:00+00,6/3/2009,Mid-Block (but intersection related),26,MOTOR VEHICLE STRUCK OBJECT IN ROAD,,0,Clear,Dry,Daylight,,9154005.0,,50,Fixed object,0,0,N
1908,2,-122.3479915,47.52098542,2181,133100,133100,3380767,Matched,Intersection,35048.0,10TH AVE SW AND SW BARTON ST,,,2,Injury Collision,Angles,3,0,0,2,2012/03/23 00:00:00+00,3/23/2012 8:18:00 AM,At Intersection (intersection related),11,"MOTOR VEHICLE STRUCK MOTOR VEHICLE, FRONT END AT ANGLE",,N,Clear,Dry,Daylight,,12083005.0,,10,Entering at angle,0,0,N
1909,2,-122.3443753,47.61680223,2182,86500,86500,2804917,Matched,Intersection,29532.0,5TH AVE AND BATTERY ST,,,2,Injury Collision,Left Turn,3,0,0,2,2008/02/16 00:00:00+00,2/16/2008 7:41:00 AM,At Intersection (intersection related),11,"MOTOR VEHICLE STRUCK MOTOR VEHICLE, FRONT END AT ANGLE",,0,Overcast,Wet,Daylight,,8047018.0,,15,From same direction - one left turn - one straight,0,0,N
1910,1,-122.312048,47.62050127,2183,86900,86900,3280195,Matched,Block,,E THOMAS ST BETWEEN 15TH S AVE E AND 16TH AVE E,,,1,Property Damage Only Collision,Parked Car,2,0,0,2,2008/10/20 00:00:00+00,10/20/2008 2:00:00 PM,Mid-Block (not related to intersection),14,"MOTOR VEHICLE STRUCK MOTOR VEHICLE, REAR END",Y,0,Raining,Wet,Daylight,,8294008.0,,32,One parked--one moving,0,0,N