,SEVERITYCODE,X,Y,OBJECTID,INCKEY,COLDETKEY,REPORTNO,STATUS,ADDRTYPE,INTKEY,LOCATION,EXCEPTRSNCODE,EXCEPTRSNDESC,SEVERITYCODE.1,SEVERITYDESC,COLLISIONTYPE,PERSONCOUNT,PEDCOUNT,PEDCYLCOUNT,VEHCOUNT,INCDATE,INCDTTM,JUNCTIONTYPE,SDOT_COLCODE,SDOT_COLDESC,INATTENTIONIND,UNDERINFL,WEATHER,ROADCOND,LIGHTCOND,PEDROWNOTGRNT,SDOTCOLNUM,SPEEDING,ST_COLCODE,ST_COLDESC,SEGLANEKEY,CROSSWALKKEY,HITPARKEDCAR
1911,1,-122.3342033,47.57498194,2184,89000,89000,2665551,Matched,Block,,1ST AVE S BETWEEN S HANFORD ST AND S HORTON ST,,,1,Property Damage Only Collision,Parked Car,2,0,0,2,2008/02/12 00:00:00+00,2/12/2008 7:50:00 AM,Mid-Block (not related to intersection),16,"MOTOR VEHICLE STRUCK MOTOR VEHICLE, LEFT SIDE SIDESWIPE",,0,Clear,Dry,Daylight,,8043031.0,Y,32,One parked--one moving,0,0,N
1912,1,-122.3447064,47.7057972,2185,226300,226640,E577617,Matched,Block,,AURORA AVE N BETWEEN N NORTHGATE WAY AND N 107TH S ST, ,,1,Property Damage Only Collision,Rear Ended,3,0,0,3,2016/08/15 00:00:00+00,8/15/2016 7:26:00 AM,Mid-Block (but intersection related),14,"MOTOR VEHICLE STRUCK MOTOR VEHICLE, REAR END",,N,Clear,Dry,Dawn,,,,13,From same direction - both going straight - both moving - rear-end,0,0,N
1913,1,-122.3458057,47.618235399999996,2187,81300,81300,2899807,Matched,Block,,VINE ST BETWEEN 5TH AVE AND DENNY WAY,,,1,Property Damage Only Collision,Parked Car,2,0,0,2,2008/05/25 00:00:00+00,5/25/2008 7:20:00 PM,Mid-Block (not related to intersection),11,"MOTOR VEHICLE STRUCK MOTOR VEHICLE, FRONT END AT ANGLE",,0,Clear,Dry,Daylight,,8146015.0,,32,One parked--one moving,0,0,N
1914,1,-122.38706470000001,47.55120695,2188,129900,129900,3553654,Matched,Block,,CALIFORNIA AVE SW BETWEEN SW FINDLAY ST AND SW JUNEAU ST,,,1,Property Damage Only Collision,Rear Ended,4,0,0,2,2011/08/09 00:00:00+00,8/9/2011,Mid-Block (but intersection related),14,"MOTOR VEHICLE STRUCK MOTOR VEHICLE, REAR END",,0,Clear,Dry,Daylight,,11221028.0,,14,From same direction - both going straight - one stopped - rear-end,0,0,N
1915,1,-122.3553794,47.631,2189,141900,141900,3505908,Matched,Block,,LEE ST BETWEEN 1ST AVE N AND TOWER PL,,,1,Property Damage Only Collision,Parked Car,2,0,0,2,2012/01/09 00:00:00+00,1/9/2012 3:00:00 PM,Mid-Block (not related to intersection),13,"MOTOR VEHICLE STRUCK MOTOR VEHICLE, LEFT SIDE AT ANGLE",,N,Unknown,Unknown,Unknown,,12009007.0,,32,One parked--one moving,0,0,N
1916,1,-122.33373629999998,47.57772731,2190,199700,199840,E439434,Matched,Block,,S FOREST ST BETWEEN 1ST AVE S AND OCCIDENTAL AVE S, ,,1,Property Damage Only Collision,Parked Car,0,0,0,2,2015/06/19 00:00:00+00,6/19/2015 11:00:00 PM,,0,NOT ENOUGH INFORMATION / NOT APPLICABLE,,N,Unknown,Unknown,Unknown,,,,32,One parked--one moving,0,0,Y
1917,2,-122.28410120000001,47.55645048,2191,77000,77000,2797203,Matched,Block,,RAINIER AVE S BETWEEN S HUDSON ST AND 39TH N AVE S,,,2,Injury Collision,Rear Ended,2,0,0,2,2007/07/29 00:00:00+00,7/29/2007 12:29:00 PM,Mid-Block (not related to intersection),14,"MOTOR VEHICLE STRUCK MOTOR VEHICLE, REAR END",,0,Clear,Dry,Daylight,,7210012.0,,14,From same direction - both going straight - one stopped - rear-end,0,0,N
1918,2,-122.2965426,47.73197667,2192,228500,228840,3767823,Matched,Intersection,36003.0,30TH AVE NE AND NE 143RD ST, ,,2,Injury Collision,Angles,3,0,0,2,2016/09/22 00:00:00+00,9/22/2016 4:37:00 PM,At Intersection (intersection related),11,"MOTOR VEHICLE STRUCK MOTOR VEHICLE, FRONT END AT ANGLE",,N,Clear,Dry,Daylight,,,,10,Entering at angle,0,0,N
1919,1,-122.33209479999998,47.52694756,2193,123600,123600,3285371,Matched,Intersection,35173.0,CLOVERDALE ST OFF RP AND S CLOVERDALE ST,,,1,Property Damage Only Collision,Angles,2,0,0,2,2011/05/26 00:00:00+00,5/26/2011 8:32:00 AM,At Intersection (intersection related),11,"MOTOR VEHICLE STRUCK MOTOR VEHICLE, FRONT END AT ANGLE",,N,Clear,Dry,Daylight,,11146030.0,,10,Entering at angle,0,0,N
1920,2,-122.30062690000001,47.66998761,2194,268300,269080,E762772,Matched,Intersection,25916.0,25TH AVE NE AND NE 57TH ST, ,,2,Injury Collision,Angles,2,0,0,2,2018/01/26 00:00:00+00,1/26/2018 1:21:00 PM,At Intersection (intersection related),11,"MOTOR VEHICLE STRUCK MOTOR VEHICLE, FRONT END AT ANGLE",,N,Clear,Dry,Daylight,,,,10,Entering at angle,0,0,N
1921,1,-122.29084750000001,47.66172868,2195,101800,101800,3342411,Matched,Block,,NE BLAKELEY ST BETWEEN NE 45TH PL AND 35TH AVE NE,,,1,Property Damage Only Collision,Parked Car,2,0,0,2,2009/11/03 00:00:00+00,11/3/2009,Mid-Block (not related to intersection),14,"MOTOR VEHICLE STRUCK MOTOR VEHICLE, REAR END",,0,Unknown,Unknown,Unknown,,9307029.0,,32,One parked--one moving,0,0,N
1922,1,-122.38474409999999,47.66906627,2197,171800,171820,3501545,Matched,Block,,22ND AVE NW BETWEEN NW MARKET ST AND NW 56TH ST, ,,1,Property Damage Only Collision,Parked Car,2,0,0,2,2014/07/13 00:00:00+00,7/13/2014 3:30:00 PM,Mid-Block (not related to intersection),12,"MOTOR VEHICLE STRUCK MOTOR VEHICLE, RIGHT SIDE AT ANGLE",Y,N,,Dry,Daylight,,,,32,One parked--one moving,0,0,N
1923,1,-122.33937579999998,47.61853819,2198,80800,80800,2907906,Matched,Intersection,29511.0,9TH AVE AND DENNY WAY,,,1,Property Damage Only Collision,Angles,2,0,0,2,2008/01/21 00:00:00+00,1/21/2008 3:30:00 PM,At Intersection (intersection related),11,"MOTOR VEHICLE STRUCK MOTOR VEHICLE, FRONT END AT ANGLE",,0,Clear,Dry,Daylight,,8021021.0,,10,Entering at angle,0,0,N
1924,1,-122.3610158,47.63292666,2199,148000,148020,3506139,Matched,Block,,3RD AVE W BETWEEN W GALER W ST AND W GARFIELD ST, ,,1,Property Damage Only Collision,Parked Car,2,0,0,2,2013/06/09 00:00:00+00,6/9/2013 5:44:00 PM,Mid-Block (not related to intersection),14,"MOTOR VEHICLE STRUCK MOTOR VEHICLE, REAR END",,N,Clear,Dry,Daylight,,,,32,One parked--one moving,0,0,N
1925,1,,,2200,100500,100500,3285867,Matched,,,,NEI,"Not Enough Information, or Insufficient Location Information",1,Property Damage Only Collision,Parked Car,2,0,0,2,2009/01/07 00:00:00+00,1/7/2009,,0,NOT ENOUGH INFORMATION / NOT APPLICABLE,,0,Unknown,Snow/Slush,Unknown,,9007006.0,,32,One parked--one moving,0,0,N
1926,1,-122.29763390000002,47.59204989,2202,231800,232200,3771788,Unmatched,Intersection,30686.0,M L KING JR WAY S AND S JUDKINS ST, ,,1,Property Damage Only Collision,,3,0,0,0,2016/11/02 00:00:00+00,11/2/2016,At Intersection (intersection related),11,"MOTOR VEHICLE STRUCK MOTOR VEHICLE, FRONT END AT ANGLE",,,,,,,,, ,,0,0,N
1927,1,-122.2947629,47.66124551,2203,90200,90200,2609733,Matched,Block,,NE 45TH ST BETWEEN U VILLAGE DR AND NE 45TH PL,,,1,Property Damage Only Collision,Rear Ended,3,0,0,3,2008/03/20 00:00:00+00,3/20/2008 1:38:00 PM,Driveway Junction,14,"MOTOR VEHICLE STRUCK MOTOR VEHICLE, REAR END",,0,Overcast,Dry,Daylight,,8080012.0,,14,From same direction - both going straight - one stopped - rear-end,0,0,N
1928,1,-122.33597579999999,47.60776318,2204,207600,207800,E483342,Matched,Intersection,29601.0,3RD AVE AND UNIVERSITY ST, ,,1,Property Damage Only Collision,Angles,0,0,0,2,2015/11/15 00:00:00+00,11/15/2015 4:26:00 PM,At Intersection (intersection related),11,"MOTOR VEHICLE STRUCK MOTOR VEHICLE, FRONT END AT ANGLE",,N,Clear,Dry,Dusk,,,,10,Entering at angle,0,0,N
1929,2,-122.35148020000001,47.62543769,2205,174300,174320,3505820,Matched,Intersection,28885.0,3RD AVE N AND ROY ST, ,,2,Injury Collision,Cycles,2,0,1,1,2014/08/25 00:00:00+00,8/25/2014 3:26:00 PM,At Intersection (intersection related),51,PEDALCYCLIST STRUCK MOTOR VEHICLE FRONT END AT ANGLE,,N,Clear,Dry,Daylight,,,,45,Vehicle - Pedalcyclist,12407,0,N
1930,1,-122.33336640000002,47.60491052,2206,220500,220780,E547565,Unmatched,Intersection,29967.0,3RD AVE AND MARION ST,NEI,"Not Enough Information, or Insufficient Location Information",1,Property Damage Only Collision,,2,0,0,0,2016/05/26 00:00:00+00,5/26/2016,At Intersection (intersection related),0,NOT ENOUGH INFORMATION / NOT APPLICABLE,,,,,,,,, ,,0,0,N
1931,1,-122.35401780000001,47.51827331,2207,218800,219100,3731811,Matched,Block,,15TH AVE SW BETWEEN SW CAMBRIDGE ST AND SW ROXBURY ST, ,,1,Property Damage Only Collision,Parked Car,2,0,0,2,2016/05/02 00:00:00+00,5/2/2016 12:15:00 PM,,0,NOT ENOUGH INFORMATION / NOT APPLICABLE,,N,Clear,Dry,Daylight,,,,32,One parked--one moving,0,0,Y
1932,1,-122.34542330000001,47.51730344,2208,242300,242780,E667858,Matched,Intersection,35066.0,8TH AVE SW AND SW ROXBURY ST, ,,1,Property Damage Only Collision,Rear Ended,2,0,0,2,2017/05/01 00:00:00+00,5/1/2017 12:45:00 PM,At Intersection (but not related to intersection),14,"MOTOR VEHICLE STRUCK MOTOR VEHICLE, REAR END",,N,Overcast,Wet,Daylight,,,,14,From same direction - both going straight - one stopped - rear-end,0,0,N
1933,2,-122.35356019999999,47.5713782,2210,150600,150620,3465343,Matched,Block,,SW SPOKANE BR BETWEEN SW SPOKANE E ST AND SW SPOKANE W ST, ,,2,Injury Collision,Other,3,0,0,2,2013/07/13 00:00:00+00,7/13/2013 1:21:00 PM,Mid-Block (not related to intersection),11,"MOTOR VEHICLE STRUCK MOTOR VEHICLE, FRONT END AT ANGLE",,N,Clear,Dry,Daylight,,,,23,From same direction - all others,0,0,N
1934,2,-122.3491258,47.71958391,2211,107300,107300,3206454,Matched,Block,,N 125TH ST BETWEEN NORTH PARK AVE N AND INTERURBAN TRL,,,2,Injury Collision,Rear Ended,3,0,0,2,2010/07/17 00:00:00+00,7/17/2010 12:56:00 PM,Mid-Block (not related to intersection),14,"MOTOR VEHICLE STRUCK MOTOR VEHICLE, REAR END",Y,N,Clear,Dry,Daylight,,10198002.0,,14,From same direction - both going straight - one stopped - rear-end,0,0,N
1935,1,-122.334001,47.70911658,2212,132300,132300,3551299,Matched,Block,,MERIDIAN AVE N BETWEEN N NORTHGATE WAY AND N 112TH ST,,,1,Property Damage Only Collision,Sideswipe,3,0,0,2,2012/06/13 00:00:00+00,6/13/2012 3:29:00 PM,Mid-Block (but intersection related),11,"MOTOR VEHICLE STRUCK MOTOR VEHICLE, FRONT END AT ANGLE",,N,Overcast,Dry,Daylight,,12165008.0,,11,From same direction - both going straight - both moving - sideswipe,0,0,N
1936,1,-122.291297,47.60194922,2213,99300,99300,3283428,Matched,Block,,32ND AVE BETWEEN E YESLER WAY AND LAKE DELL AVE,,,1,Property Damage Only Collision,Parked Car,2,0,0,2,2009/03/26 00:00:00+00,3/26/2009 10:37:00 PM,Mid-Block (but intersection related),14,"MOTOR VEHICLE STRUCK MOTOR VEHICLE, REAR END",,0,Clear,Dry,Dark - Street Lights On,,9085015.0,,32,One parked--one moving,0,0,N
1937,1,,,2214,78900,78900,2608386,Matched,Block,,WESTERN AV OFF RP BETWEEN ALASKAN WY VI NB AND BELL ST,,,1,Property Damage Only Collision,Rear Ended,3,0,0,3,2007/01/25 00:00:00+00,1/25/2007 1:54:00 PM,Mid-Block (not related to intersection),14,"MOTOR VEHICLE STRUCK MOTOR VEHICLE, REAR END",,0,Raining,Wet,Daylight,,7025013.0,Y,14,From same direction - both going straight - one stopped - rear-end,0,0,N
1938,1,-122.371398,47.51742557,2215,163100,163120,3465418,Matched,Intersection,34961.0,30TH AVE SW AND SW ROXBURY ST, ,,1,Property Damage Only Collision,Rear Ended,2,0,0,2,2014/02/27 00:00:00+00,2/27/2014 12:41:00 PM,At Intersection (intersection related),14,"MOTOR VEHICLE STRUCK MOTOR VEHICLE, REAR END",,N,Clear,Dry,Daylight,,,,13,From same direction - both going straight - both moving - rear-end,0,0,N
1939,1,-122.30192679999999,47.68667326,2216,113900,113900,3383055,Matched,Intersection,24734.0,24TH AVE NE AND NE 80TH ST,,,1,Property Damage Only Collision,Parked Car,2,0,0,2,2010/11/04 00:00:00+00,11/4/2010 12:30:00 PM,,0,NOT ENOUGH INFORMATION / NOT APPLICABLE,,N,Unknown,Unknown,Unknown,,10308004.0,,32,One parked--one moving,0,0,N
1940,1,-122.27901340000001,47.52611725,2217,290300,291180,3418028,Matched,Intersection,487284.0,M L KING JR ER WAY S AND S CLOVERDALE ST, ,,1,Property Damage Only Collision,Other,2,0,0,2,2018/05/03 00:00:00+00,5/3/2018 6:40:00 PM,At Intersection (intersection related),25,MOTOR VEHICLE STRUCK TRAIN,Y,N,Clear,Dry,Daylight,,,,40,Railway Vehicle Strikes Vehicle,0,0,N
1941,2,-122.2975507,47.60900952,2218,75600,75600,2623495,Matched,Intersection,30056.0,27TH AVE AND E COLUMBIA ST,,,2,Injury Collision,Angles,2,0,0,2,2007/07/19 00:00:00+00,7/19/2007 5:02:00 PM,At Intersection (intersection related),11,"MOTOR VEHICLE STRUCK MOTOR VEHICLE, FRONT END AT ANGLE",,0,Clear,Dry,Daylight,,7200022.0,,10,Entering at angle,0,0,N
1942,2,-122.31282639999999,47.63434494,2219,206300,206480,3789117,Matched,Block,,15TH AVE E BETWEEN E GARFIELD ST AND E OLIN S PL, ,,2,Injury Collision,Left Turn,2,0,0,2,2015/11/06 00:00:00+00,11/6/2015 8:22:00 AM,Mid-Block (not related to intersection),11,"MOTOR VEHICLE STRUCK MOTOR VEHICLE, FRONT END AT ANGLE",,N,Raining,Wet,Daylight,,,,28,From opposite direction - one left turn - one straight,0,0,N
1943,2,-122.3346656,47.60968542,2220,173700,173720,3584043,Matched,Intersection,29913.0,5TH AVE AND UNION ST, ,,2,Injury Collision,Cycles,2,0,1,1,2014/08/14 00:00:00+00,8/14/2014 12:50:00 PM,At Intersection (intersection related),51,PEDALCYCLIST STRUCK MOTOR VEHICLE FRONT END AT ANGLE,,N,Overcast,Dry,Daylight,,,,45,Vehicle - Pedalcyclist,24884,0,N
1944,1,-122.33799540000001,47.60829217,2221,130800,130800,3375963,Matched,Intersection,29600.0,2ND AVE AND UNION ST,,,1,Property Damage Only Collision,Left Turn,2,0,0,2,2011/08/15 00:00:00+00,8/15/2011 6:13:00 PM,At Intersection (intersection related),11,"MOTOR VEHICLE STRUCK MOTOR VEHICLE, FRONT END AT ANGLE",,N,Clear,Dry,Daylight,,11227004.0,,15,From same direction - one left turn - one straight,0,0,N
1945,1,-122.3381367,47.61711724,2222,202200,202340,E450988,Matched,Block,,WESTLAKE AVE BETWEEN LENORA ST AND BLANCHARD ST, ,,1,Property Damage Only Collision,Left Turn,0,0,0,2,2015/07/28 00:00:00+00,7/28/2015 12:50:00 PM,Mid-Block (not related to intersection),14,"MOTOR VEHICLE STRUCK MOTOR VEHICLE, REAR END",,N,Clear,Dry,Daylight,,,,15,From same direction - one left turn - one straight,0,0,N
1946,1,-122.3340608,47.61405656,2223,179500,179560,3591037,Matched,Intersection,29869.0,HOWELL ST AND OLIVE WAY, ,,1,Property Damage Only Collision,Angles,2,0,0,2,2014/11/02 00:00:00+00,11/2/2014 8:39:00 AM,At Intersection (intersection related),11,"MOTOR VEHICLE STRUCK MOTOR VEHICLE, FRONT END AT ANGLE",,N,Overcast,Dry,Daylight,,,,10,Entering at angle,0,0,N
1947,2,-122.321468,47.624269899999994,2224,218900,219200,E538731,Matched,Block,,E MERCER ST BETWEEN HARVARD AVE E AND BROADWAY E, ,,2,Injury Collision,Rear Ended,0,0,0,2,2016/04/28 00:00:00+00,4/28/2016 2:55:00 PM,Mid-Block (not related to intersection),14,"MOTOR VEHICLE STRUCK MOTOR VEHICLE, REAR END",,N,Clear,Dry,Daylight,,,,14,From same direction - both going straight - one stopped - rear-end,0,0,N
1948,1,-122.294113,47.662550200000005,2225,165600,165620,3591663,Matched,Block,,UNION BAY PL NE BETWEEN NE 45TH ST AND 30TH AVE NE, ,,1,Property Damage Only Collision,Angles,2,0,0,2,2014/03/20 00:00:00+00,3/20/2014 12:30:00 PM,Mid-Block (not related to intersection),11,"MOTOR VEHICLE STRUCK MOTOR VEHICLE, FRONT END AT ANGLE",,N,Clear,Dry,Daylight,,,,10,Entering at angle,0,0,N
1949,1,-122.32132920000001,47.71222006,2226,276900,277760,3575699,Matched,Block,,NE 115TH ST BETWEEN 7TH AVE NE AND 8TH AVE NE, ,,1,Property Damage Only Collision,Other,3,0,0,1,2018/03/01 00:00:00+00,3/1/2018 10:46:00 PM,Mid-Block (not related to intersection),28,MOTOR VEHICLE RAN OFF ROAD - HIT FIXED OBJECT,,N,Clear,Dry,Dark - Street Lights On,,,Y,50,Fixed object,0,0,N
1950,1,-122.3374648,47.6168222,2227,78000,78000,2138604,Matched,Block,,LENORA ST BETWEEN 8TH AVE AND 9TH AVE,,,1,Property Damage Only Collision,Other,1,0,0,1,2007/02/18 00:00:00+00,2/18/2007 3:12:00 PM,Mid-Block (not related to intersection),28,MOTOR VEHICLE RAN OFF ROAD - HIT FIXED OBJECT,,0,Clear,Dry,Daylight,,7049002.0,,50,Fixed object,0,0,N
1951,1,-122.33236540000001,47.6650279,2228,228400,228740,3787363,Matched,Block,,N 50TH ST BETWEEN MERIDIAN AVE N AND KEYSTONE WR PL N, ,,1,Property Damage Only Collision,Rear Ended,4,0,0,3,2016/09/13 00:00:00+00,9/13/2016 5:23:00 PM,Mid-Block (not related to intersection),14,"MOTOR VEHICLE STRUCK MOTOR VEHICLE, REAR END",Y,N,Clear,Dry,Daylight,,,,13,From same direction - both going straight - both moving - rear-end,0,0,N
1952,1,-122.29604040000001,47.59168789,2229,176200,176220,3705291,Matched,Block,,BRADNER PL S BETWEEN S JUDKINS ST AND S IRVING ST, ,,1,Property Damage Only Collision,Other,1,0,0,1,2014/09/13 00:00:00+00,9/13/2014 9:46:00 AM,Driveway Junction,28,MOTOR VEHICLE RAN OFF ROAD - HIT FIXED OBJECT,,N,Clear,Dry,Daylight,,,,50,Fixed object,0,0,N
1953,1,-122.325099,47.68676836,2230,72800,72800,2895301,Matched,Intersection,24537.0,BANNER WAY NE AND NE 80TH ST,,,1,Property Damage Only Collision,Angles,3,0,0,2,2007/10/30 00:00:00+00,10/30/2007 7:43:00 PM,At Intersection (intersection related),11,"MOTOR VEHICLE STRUCK MOTOR VEHICLE, FRONT END AT ANGLE",,0,Clear,Dry,Dark - Street Lights On,,7303023.0,,10,Entering at angle,0,0,N
1954,2,-122.3629631,47.55372176,2231,103200,103200,3296180,Matched,Intersection,32953.0,DELRIDGE WAY SW AND SW BRANDON ST, ,,2,Injury Collision,Pedestrian,2,1,0,1,2009/03/11 00:00:00+00,3/11/2009 6:30:00 AM,At Intersection (intersection related),24,MOTOR VEHCILE STRUCK PEDESTRIAN,,0,Clear,Dry,Dark - Street Lights On,,9070013.0,,1,Vehicle turning right hits pedestrian,0,525241,N
1955,2,-122.38948159999998,47.56294858,2232,225900,226240,3780871,Matched,Intersection,31996.0,GLENN WAY SW AND SW OREGON ST, ,,2,Injury Collision,Angles,2,0,0,2,2016/08/07 00:00:00+00,8/7/2016 4:03:00 PM,At Intersection (intersection related),11,"MOTOR VEHICLE STRUCK MOTOR VEHICLE, FRONT END AT ANGLE",Y,N,Clear,Dry,Daylight,,,,10,Entering at angle,0,0,N
1956,1,-122.3372165,47.60576386,2233,194200,194280,3735924,Matched,Block,,1ST AVE BETWEEN SPRING ST AND SENECA ST,NEI,"Not Enough Information, or Insufficient Location Information",1,Property Damage Only Collision,Parked Car,2,0,0,2,2015/05/10 00:00:00+00,5/10/2015 12:15:00 PM,,0,NOT ENOUGH INFORMATION / NOT APPLICABLE,,N,Clear,Dry,Daylight,,,,32,One parked--one moving,0,0,Y
1957,1,-122.292226,47.72738168,2234,68300,68300,2881162,Matched,Block,,LAKE CITY WAY NE BETWEEN NE 135TH ST AND NE 137TH ST,,,1,Property Damage Only Collision,Rear Ended,2,0,0,2,2007/09/28 00:00:00+00,9/28/2007 7:54:00 AM,Mid-Block (but intersection related),14,"MOTOR VEHICLE STRUCK MOTOR VEHICLE, REAR END",,0,Overcast,Wet,Daylight,,7271027.0,Y,14,From same direction - both going straight - one stopped - rear-end,0,0,N
1958,2,-122.31333459999999,47.65339944,2235,164700,164720,3587239,Matched,Intersection,27167.0,UNIVERSITY WAY NE AND NE PACIFIC ST, ,,2,Injury Collision,Cycles,2,0,1,1,2014/03/14 00:00:00+00,3/14/2014 2:30:00 PM,At Intersection (intersection related),18,"MOTOR VEHICLE STRUCK PEDALCYCLIST, FRONT END AT ANGLE",,N,Unknown,Unknown,Unknown,Y,,,45,Vehicle - Pedalcyclist,0,522415,N
1959,1,-122.2952189,47.71647964,2236,72300,72300,C689434,Matched,Block,,31ST AVE NE BETWEEN NE 120TH ST AND NE 123RD ST,,,1,Property Damage Only Collision,Other,2,0,0,2,2007/07/20 00:00:00+00,7/20/2007 1:00:00 PM,Driveway Junction,11,"MOTOR VEHICLE STRUCK MOTOR VEHICLE, FRONT END AT ANGLE",,0,Raining,Wet,Daylight,,7201069.0,,22,One car leaving driveway access,0,0,N
1960,2,-122.33688459999999,47.60875622,2237,126500,126500,3377751,Matched,Intersection,29591.0,3RD AVE AND UNION ST, ,,2,Injury Collision,Cycles,2,0,1,1,2011/01/13 00:00:00+00,1/13/2011 11:30:00 AM,At Intersection (intersection related),18,"MOTOR VEHICLE STRUCK PEDALCYCLIST, FRONT END AT ANGLE",,N,Overcast,Dry,Daylight,Y,11013009.0,,45,Vehicle - Pedalcyclist,0,522180,N
1961,1,-122.2851938,47.54974192,2240,246200,246780,3764472,Matched,Block,,S JUNEAU ST BETWEEN JUNEAU TER S AND RENTON AVE S, ,,1,Property Damage Only Collision,Parked Car,3,0,0,3,2017/07/25 00:00:00+00,7/25/2017 8:13:00 AM,Mid-Block (not related to intersection),11,"MOTOR VEHICLE STRUCK MOTOR VEHICLE, FRONT END AT ANGLE",,N,Clear,Dry,Daylight,,,,32,One parked--one moving,0,0,N
1962,2,-122.30789750000001,47.57309061,2241,175800,175820,3693363,Matched,Intersection,32526.0,18TH AVE S AND S HINDS ST, ,,2,Injury Collision,Angles,2,0,0,2,2014/09/19 00:00:00+00,9/19/2014 5:55:00 PM,At Intersection (intersection related),11,"MOTOR VEHICLE STRUCK MOTOR VEHICLE, FRONT END AT ANGLE",,N,Clear,Dry,Daylight,,,Y,10,Entering at angle,0,0,N
1963,2,-122.33755159999998,47.58937381,2243,102400,102400,3328458,Matched,Block,,ALASKAN WY VI NB BETWEEN S HOLGATE ST AND SR99 REPUBLICAN OFF RP,,,2,Injury Collision,Other,1,0,0,1,2009/10/18 00:00:00+00,10/18/2009 2:35:00 AM,Mid-Block (not related to intersection),28,MOTOR VEHICLE RAN OFF ROAD - HIT FIXED OBJECT,,0,Clear,Wet,Dark - Street Lights On,,9291002.0,Y,50,Fixed object,0,0,N
1964,1,-122.32188670000001,47.65781659,2244,203900,204040,3501597,Matched,Block,,PASADENA PL NE BETWEEN NE 42ND ST AND DEAD END 2, ,,1,Property Damage Only Collision,Parked Car,2,0,0,2,2015/10/03 00:00:00+00,10/3/2015 2:10:00 PM,Driveway Junction,14,"MOTOR VEHICLE STRUCK MOTOR VEHICLE, REAR END",,N,Clear,Dry,Daylight,,,,32,One parked--one moving,0,0,N
1965,2,-122.31188130000001,47.66854,2245,133900,133900,3376348,Matched,Intersection,26013.0,15TH AVE NE AND NE 55TH ST,,,2,Injury Collision,Other,2,0,0,2,2012/05/06 00:00:00+00,5/6/2012 11:47:00 AM,At Intersection (intersection related),11,"MOTOR VEHICLE STRUCK MOTOR VEHICLE, FRONT END AT ANGLE",,N,Clear,Dry,Daylight,,12127002.0,,23,From same direction - all others,0,0,N
1966,1,-122.3499054,47.65414026,2246,67100,67100,2618087,Matched,Intersection,27009.0,FREMONT AVE N AND FREMONT WAY N,,,1,Property Damage Only Collision,Left Turn,2,0,0,2,2007/02/28 00:00:00+00,2/28/2007 10:10:00 PM,At Intersection (intersection related),11,"MOTOR VEHICLE STRUCK MOTOR VEHICLE, FRONT END AT ANGLE",,0,Raining,Wet,Dark - Street Lights On,,7059011.0,,28,From opposite direction - one left turn - one straight,0,0,N
1967,2,-122.33591080000001,47.60004611,2247,185900,185980,3641268,Matched,Intersection,30363.0,ALASKAN WAY S AND S MAIN ST, ,,2,Injury Collision,Cycles,2,0,1,1,2015/02/22 00:00:00+00,2/22/2015 2:52:00 PM,At Intersection (intersection related),18,"MOTOR VEHICLE STRUCK PEDALCYCLIST, FRONT END AT ANGLE",,N,Clear,Dry,Daylight,,,,45,Vehicle - Pedalcyclist,44781,0,N
1968,1,-122.3735851,47.67017034,2248,85100,85100,C706316,Matched,Intersection,25413.0,14TH AVE NW AND NW 57TH ST,,,1,Property Damage Only Collision,Angles,2,0,0,2,2008/06/15 00:00:00+00,6/15/2008 4:45:00 PM,At Intersection (intersection related),11,"MOTOR VEHICLE STRUCK MOTOR VEHICLE, FRONT END AT ANGLE",,0,Clear,Dry,Daylight,,8167036.0,,10,Entering at angle,0,0,N
1969,2,-122.3127145,47.576865999999995,2249,163300,163320,3062544,Matched,Block,,S STEVENS ST BETWEEN 15TH AVE S AND 16TH AVE S,NEI,"Not Enough Information, or Insufficient Location Information",2,Injury Collision,Pedestrian,2,1,0,1,2011/01/05 00:00:00+00,1/5/2011 1:30:00 PM,Mid-Block (not related to intersection),0,NOT ENOUGH INFORMATION / NOT APPLICABLE,,N,Overcast,Dry,Daylight,,,,0,Vehicle going straight hits pedestrian,0,0,N
1970,1,-122.33713689999999,47.61070944,2250,250300,250900,3508217,Matched,Block,,4TH AVE BETWEEN PIKE ST AND PINE ST, ,,1,Property Damage Only Collision,Sideswipe,0,0,0,4,2017/10/15 00:00:00+00,10/15/2017 1:26:00 PM,Mid-Block (not related to intersection),11,"MOTOR VEHICLE STRUCK MOTOR VEHICLE, FRONT END AT ANGLE",,N,Clear,Dry,Daylight,,,,11,From same direction - both going straight - both moving - sideswipe,0,0,N
1971,1,-122.3147264,47.66491292,2251,90800,90800,2828995,Matched,Block,,NE 50TH ST BETWEEN 12TH AVE NE AND BROOKLYN AVE NE,,,1,Property Damage Only Collision,Rear Ended,3,0,0,2,2008/01/31 00:00:00+00,1/31/2008 3:06:00 PM,Mid-Block (not related to intersection),14,"MOTOR VEHICLE STRUCK MOTOR VEHICLE, REAR END",Y,0,Overcast,Wet,Daylight,,8031010.0,,14,From same direction - both going straight - one stopped - rear-end,0,0,N
1972,1,-122.34499679999999,47.72503555,2252,206900,207100,3775785,Matched,Block,,AURORA AVE N BETWEEN N 130TH ST AND N 135TH ST,NEI,"Not Enough Information, or Insufficient Location Information",1,Property Damage Only Collision,Other,2,0,0,2,2015/11/13 00:00:00+00,11/13/2015 3:30:00 PM,Mid-Block (not related to intersection),0,NOT ENOUGH INFORMATION / NOT APPLICABLE,Y,N,Raining,Wet,Dusk,,,,23,From same direction - all others,0,0,N