,SEVERITYCODE,X,Y,OBJECTID,INCKEY,COLDETKEY,REPORTNO,STATUS,ADDRTYPE,INTKEY,LOCATION,EXCEPTRSNCODE,EXCEPTRSNDESC,SEVERITYCODE.1,SEVERITYDESC,COLLISIONTYPE,PERSONCOUNT,PEDCOUNT,PEDCYLCOUNT,VEHCOUNT,INCDATE,INCDTTM,JUNCTIONTYPE,SDOT_COLCODE,SDOT_COLDESC,INATTENTIONIND,UNDERINFL,WEATHER,ROADCOND,LIGHTCOND,PEDROWNOTGRNT,SDOTCOLNUM,SPEEDING,ST_COLCODE,ST_COLDESC,SEGLANEKEY,CROSSWALKKEY,HITPARKEDCAR
1973,1,-122.2389494,47.51050158,2253,154500,154520,3579710,Matched,Block,,RAINIER AVE S BETWEEN 75TH AVE S AND CITY LIMITS, ,,1,Property Damage Only Collision,Parked Car,3,0,0,3,2013/09/21 00:00:00+00,9/21/2013 1:00:00 AM,Mid-Block (not related to intersection),11,"MOTOR VEHICLE STRUCK MOTOR VEHICLE, FRONT END AT ANGLE",,Y,Clear,Wet,Dark - Street Lights On,,,,32,One parked--one moving,0,0,N
1974,2,-122.3242571,47.61957466,2254,221100,221380,3738424,Matched,Intersection,29188.0,E JOHN ST AND E OLIVE WAY, ,,2,Injury Collision,Cycles,2,0,1,1,2016/05/31 00:00:00+00,5/31/2016 10:44:00 AM,At Intersection (intersection related),18,"MOTOR VEHICLE STRUCK PEDALCYCLIST, FRONT END AT ANGLE",,N,Clear,Dry,Daylight,,,,45,Vehicle - Pedalcyclist,23258,0,N
1975,2,-122.3553091,47.68052696,2255,125200,125200,3333998,Matched,Block,,GREENWOOD AVE N BETWEEN N 71ST ST AND N 72ND S ST,,,2,Injury Collision,Rear Ended,4,0,0,2,2011/06/10 00:00:00+00,6/10/2011 5:20:00 PM,Mid-Block (but intersection related),14,"MOTOR VEHICLE STRUCK MOTOR VEHICLE, REAR END",Y,N,Clear,Dry,Daylight,,11161014.0,,14,From same direction - both going straight - one stopped - rear-end,0,0,N
1976,1,-122.3048885,47.61528946,2256,281800,282660,3702373,Matched,Intersection,30127.0,21ST AVE AND E PINE ST, ,,1,Property Damage Only Collision,Parked Car,2,0,0,2,2018/04/11 00:00:00+00,4/11/2018 9:31:00 AM,At Intersection (intersection related),11,"MOTOR VEHICLE STRUCK MOTOR VEHICLE, FRONT END AT ANGLE",,N,Raining,Dry,Daylight,,,,32,One parked--one moving,0,0,N
1977,1,-122.34234099999999,47.65743061,2257,142200,142200,3508063,Matched,Block,,STONE WAY N BETWEEN N 41ST N ST AND N 42ND ST, ,,1,Property Damage Only Collision,Parked Car,2,0,0,2,2012/11/30 00:00:00+00,11/30/2012 12:00:00 PM,Mid-Block (not related to intersection),14,"MOTOR VEHICLE STRUCK MOTOR VEHICLE, REAR END",,N,Overcast,Wet,Daylight,,12335053.0,,32,One parked--one moving,0,0,N
1978,1,-122.3726888,47.57294322,2258,149800,149820,3615158,Unmatched,Block,,SW ADMIRAL WAY BETWEEN SW ADMIRAL WY OFF RP AND SW CITY VIEW ST, ,,1,Property Damage Only Collision,,1,0,0,0,2013/06/26 00:00:00+00,6/26/2013,Mid-Block (not related to intersection),26,MOTOR VEHICLE STRUCK OBJECT IN ROAD,,,,,,,,, ,,0,0,N
1979,2,-122.36786509999999,47.66219541,2259,93300,93300,2905133,Matched,Intersection,25464.0,LEARY WAY NW AND NW 46TH ST,,,2,Injury Collision,Angles,2,0,0,2,2008/03/05 00:00:00+00,3/5/2008,At Intersection (intersection related),11,"MOTOR VEHICLE STRUCK MOTOR VEHICLE, FRONT END AT ANGLE",,0,Clear,Dry,Daylight,,8065014.0,,10,Entering at angle,0,0,N
1980,1,-122.3209367,47.62466033,2260,192400,192480,3642653,Matched,Block,,BROADWAY E BETWEEN E MERCER ST AND E ROY E ST, ,,1,Property Damage Only Collision,Sideswipe,2,0,0,2,2015/05/05 00:00:00+00,5/5/2015 7:16:00 PM,Mid-Block (but intersection related),11,"MOTOR VEHICLE STRUCK MOTOR VEHICLE, FRONT END AT ANGLE",,N,Raining,Wet,Dusk,,,,81,Same direction -- both turning left -- both moving -- sideswipe,0,0,N
1981,1,-122.33944059999999,47.55993555,2261,118400,118400,3384011,Matched,Block,,EAST MARGINAL WAY S BETWEEN S ALASKA ST AND XW ALASKA,,,1,Property Damage Only Collision,Other,1,0,0,1,2010/04/19 00:00:00+00,4/19/2010 5:30:00 PM,Mid-Block (not related to intersection),0,NOT ENOUGH INFORMATION / NOT APPLICABLE,,N,Clear,Dry,Daylight,,10109001.0,,57,All other non-collision,0,0,N
1982,1,-122.38621909999999,47.57125538,2262,229000,229360,3692928,Matched,Block,,SW MANNING ST BETWEEN 42ND AVE SW AND CALIFORNIA AVE SW, ,,1,Property Damage Only Collision,Parked Car,2,0,0,2,2016/10/16 00:00:00+00,10/16/2016 10:10:00 AM,Mid-Block (not related to intersection),13,"MOTOR VEHICLE STRUCK MOTOR VEHICLE, LEFT SIDE AT ANGLE",Y,N,Raining,Wet,Dark - Street Lights On,,,,32,One parked--one moving,0,0,Y
1983,2,-122.297947,47.70840906,2263,96200,96200,C717112,Matched,Intersection,36667.0,28TH AVE NE AND NE 110TH ST,,,2,Injury Collision,Pedestrian,2,1,0,1,2009/01/16 00:00:00+00,1/16/2009 3:02:00 PM,At Intersection (intersection related),24,MOTOR VEHCILE STRUCK PEDESTRIAN,,0,Overcast,Dry,Daylight,,9016040.0,,0,Vehicle going straight hits pedestrian,0,0,N
1984,1,-122.28595790000001,47.5269976,2264,162500,162520,3583207,Matched,Block,,37TH AVE S BETWEEN S THISTLE ST AND S CLOVERDALE ST, ,,1,Property Damage Only Collision,Parked Car,2,0,0,2,2014/02/16 00:00:00+00,2/16/2014 4:04:00 AM,Mid-Block (not related to intersection),28,MOTOR VEHICLE RAN OFF ROAD - HIT FIXED OBJECT,,N,Raining,Wet,Dark - No Street Lights,,,,32,One parked--one moving,0,0,N
1985,1,-122.3600457,47.57196512,2265,113700,113700,3383098,Matched,Block,,DELRIDGE WAY SW BETWEEN SW SPOKANE ST AND CHELAN SR AVE SW,,,1,Property Damage Only Collision,Other,2,0,0,2,2010/11/19 00:00:00+00,11/19/2010 8:30:00 AM,Mid-Block (but intersection related),11,"MOTOR VEHICLE STRUCK MOTOR VEHICLE, FRONT END AT ANGLE",,N,Overcast,Wet,Daylight,,10323037.0,,23,From same direction - all others,0,0,N
1986,2,-122.3351688,47.64687291,2266,103800,103800,3289763,Matched,Intersection,26916.0,BURKE AVE N AND N NORTHLAKE WAY, ,,2,Injury Collision,Cycles,3,0,1,1,2009/03/05 00:00:00+00,3/5/2009,At Intersection (intersection related),18,"MOTOR VEHICLE STRUCK PEDALCYCLIST, FRONT END AT ANGLE",,0,Overcast,Wet,Daylight,Y,9064020.0,,45,Vehicle - Pedalcyclist,0,522489,N
1987,1,-122.26998789999999,47.52281564,2268,152800,152820,3548598,Matched,Block,,RAINIER AVE S BETWEEN S HENDERSON ST AND S DIRECTOR N ST, ,,1,Property Damage Only Collision,Sideswipe,2,0,0,2,2013/08/20 00:00:00+00,8/20/2013 4:00:00 PM,Mid-Block (but intersection related),11,"MOTOR VEHICLE STRUCK MOTOR VEHICLE, FRONT END AT ANGLE",,N,Clear,Dry,Daylight,,,,11,From same direction - both going straight - both moving - sideswipe,0,0,N
1988,1,-122.3544666,47.65604984,2269,128300,128300,3544982,Matched,Block,,PHINNEY AVE N BETWEEN N 40TH ST AND N 41ST ST,,,1,Property Damage Only Collision,Parked Car,3,0,0,3,2011/09/24 00:00:00+00,9/24/2011 8:25:00 AM,Mid-Block (not related to intersection),11,"MOTOR VEHICLE STRUCK MOTOR VEHICLE, FRONT END AT ANGLE",,0,Clear,Dry,Unknown,,11267012.0,Y,32,One parked--one moving,0,0,N
1989,1,-122.3362571,47.65564871,2270,231400,231800,E602617,Matched,Intersection,26842.0,WALLINGFORD AVE N AND N 40TH ST, ,,1,Property Damage Only Collision,Angles,4,0,0,3,2016/10/28 00:00:00+00,10/28/2016 9:25:00 AM,At Intersection (intersection related),11,"MOTOR VEHICLE STRUCK MOTOR VEHICLE, FRONT END AT ANGLE",,N,Clear,Dry,Daylight,,,,10,Entering at angle,0,0,N
1990,1,-122.30117040000002,47.57404295,2271,115100,115100,3335757,Matched,Block,,S HORTON ST BETWEEN 24TH AVE S AND 25TH AVE S,,,1,Property Damage Only Collision,Rear Ended,2,0,0,2,2010/01/19 00:00:00+00,1/19/2010 4:48:00 PM,Mid-Block (but intersection related),14,"MOTOR VEHICLE STRUCK MOTOR VEHICLE, REAR END",Y,N,Clear,Dry,Daylight,,10019003.0,,83,Same direction -- both turning left -- both moving -- rear end,0,0,N
1991,2,-122.30793670000001,47.54698098,2272,287200,288080,3814779,Matched,Intersection,33396.0,SWIFT AVE S AND S GRAHAM ST,NEI,"Not Enough Information, or Insufficient Location Information",2,Injury Collision,Rear Ended,4,0,0,2,2018/05/11 00:00:00+00,5/11/2018 7:00:00 PM,At Intersection (intersection related),0,NOT ENOUGH INFORMATION / NOT APPLICABLE,,N,Clear,Dry,Daylight,,,,14,From same direction - both going straight - one stopped - rear-end,0,0,N
1992,1,-122.2990702,47.58690613,2273,174800,174820,3699437,Matched,Intersection,31415.0,26TH AVE S AND S GRAND ST, ,,1,Property Damage Only Collision,Angles,2,0,0,2,2014/09/04 00:00:00+00,9/4/2014 8:29:00 AM,At Intersection (intersection related),11,"MOTOR VEHICLE STRUCK MOTOR VEHICLE, FRONT END AT ANGLE",Y,N,Clear,Dry,Daylight,,,,10,Entering at angle,0,0,N
1993,1,-122.3379373,47.61416829,2274,221500,221780,3731933,Matched,Block,,6TH AVE BETWEEN WESTLAKE AVE AND VIRGINIA ST, ,,1,Property Damage Only Collision,Parked Car,2,0,0,2,2016/06/09 00:00:00+00,6/9/2016 3:05:00 PM,Mid-Block (not related to intersection),11,"MOTOR VEHICLE STRUCK MOTOR VEHICLE, FRONT END AT ANGLE",Y,N,Overcast,Dry,Daylight,,,,32,One parked--one moving,0,0,N
1994,2,-122.34365349999999,47.62030595,2275,177900,177920,3575282,Matched,Block,,7TH NB AVE N BETWEEN JOHN ST AND THOMAS ST, ,,2,Injury Collision,Rear Ended,2,0,0,2,2014/10/23 00:00:00+00,10/23/2014 3:30:00 PM,Mid-Block (but intersection related),14,"MOTOR VEHICLE STRUCK MOTOR VEHICLE, REAR END",,N,Overcast,Wet,Daylight,,,,13,From same direction - both going straight - both moving - rear-end,0,0,N
1995,1,-122.3330672,47.54430227,2277,161700,161720,3643128,Matched,Block,,1ST AV S NB OFF RP BETWEEN 1ST AV S BR NB AND EAST MARGINAL WAY S, ,,1,Property Damage Only Collision,Rear Ended,6,0,0,4,2014/02/01 00:00:00+00,2/1/2014 12:03:00 PM,Mid-Block (but intersection related),14,"MOTOR VEHICLE STRUCK MOTOR VEHICLE, REAR END",Y,N,Overcast,Wet,Daylight,,,,14,From same direction - both going straight - one stopped - rear-end,0,0,N
1996,1,-122.3334303,47.60833603,2278,190300,190380,3590990,Matched,Block,,5TH AVE BETWEEN SENECA ST AND UNIVERSITY ST, ,,1,Property Damage Only Collision,Sideswipe,8,0,0,2,2015/04/04 00:00:00+00,4/4/2015 6:03:00 PM,Mid-Block (not related to intersection),11,"MOTOR VEHICLE STRUCK MOTOR VEHICLE, FRONT END AT ANGLE",Y,N,Clear,Dry,Daylight,,,,11,From same direction - both going straight - both moving - sideswipe,0,0,N
1997,2,-122.3661913,47.66365141,2279,93200,93200,2795423,Matched,Intersection,25452.0,8TH AVE NW AND NW 48TH ST,,,2,Injury Collision,Angles,3,0,0,2,2008/10/21 00:00:00+00,10/21/2008 8:35:00 AM,At Intersection (intersection related),11,"MOTOR VEHICLE STRUCK MOTOR VEHICLE, FRONT END AT ANGLE",,0,Clear,Dry,Daylight,,8295014.0,,10,Entering at angle,0,0,N
1998,1,-122.3390723,47.57150647,2280,167200,167220,3380669,Matched,Block,,WEST SEATTLE BR EB BETWEEN 1ST AV S OFF RP AND SPOKANE ST - W SEA B RP, ,,1,Property Damage Only Collision,Rear Ended,3,0,0,2,2014/04/26 00:00:00+00,4/26/2014 11:38:00 AM,Mid-Block (not related to intersection),14,"MOTOR VEHICLE STRUCK MOTOR VEHICLE, REAR END",,N,Clear,Dry,Daylight,,,,13,From same direction - both going straight - both moving - rear-end,0,0,N
1999,2,-122.3002615,47.58111836,2281,99600,99600,3285643,Matched,Block,,RAINIER AVE S BETWEEN 25TH AVE S AND S BAYVIEW ST,,,2,Injury Collision,Rear Ended,4,0,0,3,2009/09/21 00:00:00+00,9/21/2009 1:31:00 PM,Mid-Block (not related to intersection),14,"MOTOR VEHICLE STRUCK MOTOR VEHICLE, REAR END",Y,0,Clear,Dry,Daylight,,9264029.0,,14,From same direction - both going straight - one stopped - rear-end,0,0,N
2000,1,-122.34068300000001,47.61344689,2282,249300,249900,E706693,Matched,Block,,4TH AVE BETWEEN VIRGINIA ST AND LENORA ST, ,,1,Property Damage Only Collision,Sideswipe,0,0,0,2,2017/08/27 00:00:00+00,8/27/2017 2:09:00 PM,Mid-Block (not related to intersection),11,"MOTOR VEHICLE STRUCK MOTOR VEHICLE, FRONT END AT ANGLE",,N,Clear,Dry,Daylight,,,,11,From same direction - both going straight - both moving - sideswipe,0,0,N
2001,2,-122.3207363,47.57208959,2283,116000,116000,3387371,Matched,Block,,WEST SEATTLE BR WB BETWEEN S COLUMBIAN WB WAY AND W SEA BR WB - 6TH AV S RP,,,2,Injury Collision,Other,2,0,0,1,2010/10/26 00:00:00+00,10/26/2010 7:36:00 PM,Mid-Block (not related to intersection),28,MOTOR VEHICLE RAN OFF ROAD - HIT FIXED OBJECT,,Y,Raining,Wet,Dark - Street Lights On,,10299046.0,Y,50,Fixed object,0,0,N
2002,1,-122.34728590000002,47.6683659,2284,181300,181340,3508197,Matched,Block,,AURORA AVE N BETWEEN N 50 UPPER ST AND N 59TH ST, ,,1,Property Damage Only Collision,Head On,2,0,0,2,2014/11/26 00:00:00+00,11/26/2014 5:04:00 PM,Mid-Block (not related to intersection),11,"MOTOR VEHICLE STRUCK MOTOR VEHICLE, FRONT END AT ANGLE",,N,Raining,Wet,Dark - Street Lights On,,,,30,From opposite direction - all others,0,0,N
2003,1,-122.31975349999999,47.60764512,2285,73600,73600,2805976,Matched,Block,,E JAMES WAY BETWEEN BROADWAY AND E CHERRY ST,,,1,Property Damage Only Collision,Sideswipe,2,0,0,2,2007/02/22 00:00:00+00,2/22/2007 1:20:00 PM,Mid-Block (but intersection related),11,"MOTOR VEHICLE STRUCK MOTOR VEHICLE, FRONT END AT ANGLE",,0,Clear,Dry,Daylight,,7053031.0,,11,From same direction - both going straight - both moving - sideswipe,0,0,N
2004,1,-122.3039722,47.66345935,2286,75200,75200,2881239,Matched,Block,,22ND AVE NE BETWEEN 22ND WR S AVE NE AND NE 50TH ST,,,1,Property Damage Only Collision,Parked Car,2,0,0,2,2007/10/02 00:00:00+00,10/2/2007,Mid-Block (not related to intersection),11,"MOTOR VEHICLE STRUCK MOTOR VEHICLE, FRONT END AT ANGLE",,0,Unknown,Unknown,Daylight,,7275053.0,,32,One parked--one moving,0,0,N
2005,1,-122.296314,47.71928489,2287,244800,245380,E693157,Matched,Intersection,36602.0,30TH AVE NE AND NE 125TH ST, ,,1,Property Damage Only Collision,Sideswipe,4,0,0,3,2017/07/18 00:00:00+00,7/18/2017 8:59:00 AM,At Intersection (intersection related),11,"MOTOR VEHICLE STRUCK MOTOR VEHICLE, FRONT END AT ANGLE",Y,N,Clear,Dry,Daylight,,,,11,From same direction - both going straight - both moving - sideswipe,0,0,N
2006,1,-122.3910989,47.55216599,2288,136100,136100,2825036,Matched,Intersection,32900.0,46TH AVE SW AND SW FINDLAY ST, ,,1,Property Damage Only Collision,Angles,3,0,0,2,2012/01/03 00:00:00+00,1/3/2012 4:00:00 PM,At Intersection (intersection related),11,"MOTOR VEHICLE STRUCK MOTOR VEHICLE, FRONT END AT ANGLE",,N,Raining,Wet,Dusk,,12003001.0,,10,Entering at angle,0,0,N
2007,2,-122.3854581,47.56107185,2289,146200,146220,3505516,Matched,Intersection,31917.0,42ND AVE SW AND SW ALASKA ST, ,,2,Injury Collision,Cycles,2,0,1,1,2013/05/15 00:00:00+00,5/15/2013 5:06:00 PM,At Intersection (intersection related),18,"MOTOR VEHICLE STRUCK PEDALCYCLIST, FRONT END AT ANGLE",,N,Raining,Wet,Daylight,Y,,,45,Vehicle - Pedalcyclist,0,521779,N
2008,1,-122.35392079999998,47.56117917,2290,268900,269700,3742196,Matched,Intersection,32227.0,15TH AVE SW AND SW ALASKA ST, ,,1,Property Damage Only Collision,Other,1,0,0,1,2017/12/28 00:00:00+00,12/28/2017 12:49:00 PM,At Intersection (intersection related),26,MOTOR VEHICLE STRUCK OBJECT IN ROAD,,N,Overcast,Wet,Daylight,,,,50,Fixed object,0,0,N
2009,1,-122.3135196,47.60168756,2291,179100,179140,3672875,Matched,Block,,E YESLER WAY BETWEEN 14TH AVE AND 15TH AVE, ,,1,Property Damage Only Collision,Left Turn,2,0,0,2,2014/11/05 00:00:00+00,11/5/2014 10:19:00 PM,Mid-Block (not related to intersection),14,"MOTOR VEHICLE STRUCK MOTOR VEHICLE, REAR END",Y,N,Raining,Wet,Dark - Street Lights On,,,,15,From same direction - one left turn - one straight,0,0,N
2010,1,-122.35059140000001,47.53015563,2292,219600,219880,E542836,Matched,Intersection,34994.0,12TH AVE SW AND SW ELMGROVE ST, ,,1,Property Damage Only Collision,Angles,0,0,0,2,2016/04/12 00:00:00+00,4/12/2016 5:30:00 PM,At Intersection (intersection related),11,"MOTOR VEHICLE STRUCK MOTOR VEHICLE, FRONT END AT ANGLE",,N,Raining,Wet,Daylight,,,,10,Entering at angle,0,0,N
2011,1,-122.30622779999999,47.5877328,2293,165300,165320,3583163,Matched,Intersection,31528.0,20TH AVE S AND S STATE ST, ,,1,Property Damage Only Collision,Angles,2,0,0,2,2014/03/31 00:00:00+00,3/31/2014 1:46:00 PM,At Intersection (intersection related),11,"MOTOR VEHICLE STRUCK MOTOR VEHICLE, FRONT END AT ANGLE",,N,Clear,Dry,Daylight,,,,10,Entering at angle,0,0,N
2012,1,-122.3839483,47.66704511,2294,78100,78100,2803661,Matched,Block,,BALLARD AVE NW BETWEEN NW VERNON PL AND 22ND AVE NW,,,1,Property Damage Only Collision,Parked Car,2,0,0,2,2007/02/09 00:00:00+00,2/9/2007,Mid-Block (not related to intersection),14,"MOTOR VEHICLE STRUCK MOTOR VEHICLE, REAR END",,0,Overcast,Dry,Daylight,,7040037.0,,32,One parked--one moving,0,0,N
2013,2,-122.3623578,47.62185645,2295,248000,248580,E695917,Matched,Block,,ELLIOTT AVE W BETWEEN 4TH AVE W AND W HARRISON ST, ,,2,Injury Collision,Rear Ended,5,0,0,2,2017/07/24 00:00:00+00,7/24/2017 10:09:00 AM,Mid-Block (not related to intersection),14,"MOTOR VEHICLE STRUCK MOTOR VEHICLE, REAR END",,N,Clear,Dry,Daylight,,,,13,From same direction - both going straight - both moving - rear-end,0,0,N
2014,2,-122.34542820000001,47.51822098,2296,139100,139100,2796475,Matched,Block,,8TH AVE SW BETWEEN SW CAMBRIDGE ST AND SW ROXBURY ST,,,2,Injury Collision,Rear Ended,2,0,0,2,2012/04/19 00:00:00+00,4/19/2012 10:23:00 PM,Mid-Block (but intersection related),14,"MOTOR VEHICLE STRUCK MOTOR VEHICLE, REAR END",,N,Raining,Wet,Dark - Street Lights On,,12110031.0,,14,From same direction - both going straight - one stopped - rear-end,0,0,N
2015,1,-122.30281969999999,47.57835008,2297,121900,121900,3567430,Matched,Block,,S MCCLELLAN ST BETWEEN 23RD AVE S AND HARRIS PL S,,,1,Property Damage Only Collision,Other,2,0,0,2,2011/10/15 00:00:00+00,10/15/2011 9:47:00 PM,Mid-Block (not related to intersection),11,"MOTOR VEHICLE STRUCK MOTOR VEHICLE, FRONT END AT ANGLE",,0,Clear,Dry,Unknown,,11288017.0,,23,From same direction - all others,0,0,N
2016,1,-122.2846295,47.55704112,2299,270600,271420,3764841,Matched,Intersection,33579.0,RAINIER AVE S AND S HUDSON ST, ,,1,Property Damage Only Collision,Angles,2,0,0,2,2018/02/14 00:00:00+00,2/14/2018 8:18:00 AM,At Intersection (intersection related),11,"MOTOR VEHICLE STRUCK MOTOR VEHICLE, FRONT END AT ANGLE",,N,Overcast,Wet,Daylight,,,,10,Entering at angle,0,0,N
2017,1,-122.37345959999999,47.56883141,2300,152100,152120,2804385,Matched,Block,,FAUNTLEROY WAY SW BETWEEN SW CHARLESTOWN ST AND SW ANDOVER ST, ,,1,Property Damage Only Collision,Rear Ended,5,0,0,3,2013/08/07 00:00:00+00,8/7/2013 5:45:00 PM,Mid-Block (not related to intersection),14,"MOTOR VEHICLE STRUCK MOTOR VEHICLE, REAR END",,N,Clear,Dry,Daylight,,,,14,From same direction - both going straight - one stopped - rear-end,0,0,N
2018,1,-122.33234709999999,47.62081537,2301,109100,109100,3345702,Matched,Block,,THOMAS ST BETWEEN MINOR AVE N AND PONTIUS AVE N,,,1,Property Damage Only Collision,Parked Car,2,0,0,2,2010/09/01 00:00:00+00,9/1/2010 11:45:00 PM,Mid-Block (not related to intersection),14,"MOTOR VEHICLE STRUCK MOTOR VEHICLE, REAR END",,N,Overcast,Dry,Dark - Street Lights On,,10244003.0,,32,One parked--one moving,0,0,N
2019,1,-122.33711129999999,47.53981266,2302,145900,145920,3465405,Matched,Intersection,34106.0,2ND AVE SW AND HIGHLAND PARK WAY SW, ,,1,Property Damage Only Collision,Rear Ended,3,0,0,2,2013/05/08 00:00:00+00,5/8/2013 9:51:00 AM,At Intersection (intersection related),14,"MOTOR VEHICLE STRUCK MOTOR VEHICLE, REAR END",,N,Clear,Dry,Daylight,,,,74,Same direction -- both turning right -- one stopped -- rear end,0,0,N
2020,1,-122.3748949,47.67308769,2303,72400,72400,2611646,Matched,Block,,NW 61ST ST BETWEEN 14TH AVE NW AND 15TH AVE NW,,,1,Property Damage Only Collision,Parked Car,2,0,0,2,2007/09/17 00:00:00+00,9/17/2007 9:00:00 AM,Mid-Block (not related to intersection),16,"MOTOR VEHICLE STRUCK MOTOR VEHICLE, LEFT SIDE SIDESWIPE",,0,Raining,Wet,Dark - Street Lights On,,7260019.0,,32,One parked--one moving,0,0,N
2021,2,-122.3131051,47.70671062,2304,231700,232100,E598092,Matched,Block,,NE 107TH ST BETWEEN 14TH AVE NE AND 15TH AVE NE, ,,2,Injury Collision,Pedestrian,2,1,0,1,2016/10/18 00:00:00+00,10/18/2016 5:05:00 PM,Mid-Block (not related to intersection),11,"MOTOR VEHICLE STRUCK MOTOR VEHICLE, FRONT END AT ANGLE",,N,Clear,Dry,Daylight,,,,0,Vehicle going straight hits pedestrian,0,0,N
2022,2,-122.3326533,47.7086545,2305,76800,76800,2620638,Matched,Block,,N NORTHGATE WAY BETWEEN MERIDIAN AVE N AND CORLISS AVE N,,,2,Injury Collision,Rear Ended,3,0,0,2,2007/04/27 00:00:00+00,4/27/2007 11:05:00 PM,Mid-Block (not related to intersection),14,"MOTOR VEHICLE STRUCK MOTOR VEHICLE, REAR END",,1,Raining,Wet,Dark - Street Lights On,,7117042.0,Y,14,From same direction - both going straight - one stopped - rear-end,0,0,N
2023,1,-122.35002040000002,47.61218693,2306,286500,287360,3746723,Matched,Block,,ALASKAN WAY BETWEEN XW BELL ST AND WALL ST, ,,1,Property Damage Only Collision,Rear Ended,3,0,0,3,2018/05/07 00:00:00+00,5/7/2018 5:47:00 PM,Mid-Block (not related to intersection),14,"MOTOR VEHICLE STRUCK MOTOR VEHICLE, REAR END",,N,Clear,Dry,Daylight,,,,14,From same direction - both going straight - one stopped - rear-end,0,0,N
2024,1,-122.32243319999999,47.60553718,2308,264700,265480,3818398,Matched,Block,,JEFFERSON ST BETWEEN TERRY AVE AND BOREN AVE, ,,1,Property Damage Only Collision,Parked Car,2,0,0,2,2018/01/02 00:00:00+00,1/2/2018 7:50:00 AM,Mid-Block (not related to intersection),0,NOT ENOUGH INFORMATION / NOT APPLICABLE,,N,Unknown,Unknown,Unknown,,,,32,One parked--one moving,0,0,Y
2025,2,-122.30152199999999,47.63748766,2309,102500,102500,2899046,Matched,Block,,24TH AVE E BETWEEN E NEWTON S ST AND E NEWTON N ST,,,2,Injury Collision,Cycles,1,0,1,0,2009/07/12 00:00:00+00,7/12/2009 9:05:00 AM,Mid-Block (not related to intersection),66,PEDALCYCLIST STRUCK OBJECT IN ROAD,,0,Raining,Wet,Daylight,,9193005.0,Y,45,Vehicle - Pedalcyclist,22327,0,N
2026,1,-122.3312436,47.60678479,2310,279100,280000,E782354,Matched,Block,,MADISON ST BETWEEN 5TH AVE AND 6TH AVE, ,,1,Property Damage Only Collision,Sideswipe,2,0,0,2,2018/03/22 00:00:00+00,3/22/2018 4:42:00 PM,Mid-Block (not related to intersection),16,"MOTOR VEHICLE STRUCK MOTOR VEHICLE, LEFT SIDE SIDESWIPE",,N,Clear,Dry,Daylight,,,,11,From same direction - both going straight - both moving - sideswipe,0,0,N
2027,1,-122.3115774,47.59922460000001,2311,193900,193980,E426879,Matched,Intersection,30748.0,16TH AVE S AND S JACKSON ST, ,,1,Property Damage Only Collision,Angles,0,0,0,2,2015/05/21 00:00:00+00,5/21/2015 1:11:00 PM,At Intersection (intersection related),11,"MOTOR VEHICLE STRUCK MOTOR VEHICLE, FRONT END AT ANGLE",,N,Clear,Dry,Daylight,,,,10,Entering at angle,0,0,N
2028,1,-122.3735769,47.67418006,2312,93900,93900,2895764,Matched,Block,,14TH AVE NW BETWEEN NW 62ND ST AND NW 63RD ST,,,1,Property Damage Only Collision,Parked Car,2,0,0,2,2009/04/17 00:00:00+00,4/17/2009 1:45:00 AM,Mid-Block (not related to intersection),11,"MOTOR VEHICLE STRUCK MOTOR VEHICLE, FRONT END AT ANGLE",,0,Raining,Wet,Dark - Street Lights On,,9107002.0,,32,One parked--one moving,0,0,N
2029,1,-122.3009865,47.70943604,2313,169000,169020,3703176,Matched,Block,,LAKE CITY WAY NE BETWEEN NE 110TH ST AND NE NORTHGATE WAY, ,,1,Property Damage Only Collision,Angles,2,0,0,2,2014/05/21 00:00:00+00,5/21/2014 9:56:00 AM,Mid-Block (not related to intersection),11,"MOTOR VEHICLE STRUCK MOTOR VEHICLE, FRONT END AT ANGLE",,N,Other,Dry,Daylight,,,,10,Entering at angle,0,0,N
2030,1,,,2314,85600,85600,C706674,Matched,,,,NEI,"Not Enough Information, or Insufficient Location Information",1,Property Damage Only Collision,Rear Ended,2,0,0,2,2008/05/25 00:00:00+00,5/25/2008 11:57:00 AM,,0,NOT ENOUGH INFORMATION / NOT APPLICABLE,,0,Unknown,Unknown,Unknown,,8146032.0,,13,From same direction - both going straight - both moving - rear-end,0,0,N
2031,1,-122.3413593,47.70689094,2315,144900,144900,3642126,Matched,Block,,N 107TH ST BETWEEN STONE AVE N AND INTERLAKE AVE N, ,,1,Property Damage Only Collision,Other,1,0,0,1,2013/04/22 00:00:00+00,4/22/2013 9:20:00 PM,Mid-Block (but intersection related),28,MOTOR VEHICLE RAN OFF ROAD - HIT FIXED OBJECT,,N,Clear,Dry,Dark - Street Lights On,,,,50,Fixed object,0,0,N
2032,1,-122.31742340000002,47.66311774,2317,104400,104400,3328948,Matched,Intersection,25800.0,ROOSEVELT WAY NE AND NE 47TH ST,,,1,Property Damage Only Collision,Parked Car,2,0,0,2,2009/12/04 00:00:00+00,12/4/2009,At Intersection (but not related to intersection),15,"MOTOR VEHICLE STRUCK MOTOR VEHICLE, RIGHT SIDE SIDESWIPE",,0,Unknown,Unknown,Unknown,,9338011.0,,32,One parked--one moving,0,0,N