,SEVERITYCODE,X,Y,OBJECTID,INCKEY,COLDETKEY,REPORTNO,STATUS,ADDRTYPE,INTKEY,LOCATION,EXCEPTRSNCODE,EXCEPTRSNDESC,SEVERITYCODE.1,SEVERITYDESC,COLLISIONTYPE,PERSONCOUNT,PEDCOUNT,PEDCYLCOUNT,VEHCOUNT,INCDATE,INCDTTM,JUNCTIONTYPE,SDOT_COLCODE,SDOT_COLDESC,INATTENTIONIND,UNDERINFL,WEATHER,ROADCOND,LIGHTCOND,PEDROWNOTGRNT,SDOTCOLNUM,SPEEDING,ST_COLCODE,ST_COLDESC,SEGLANEKEY,CROSSWALKKEY,HITPARKEDCAR
2033,2,-122.28210320000001,47.54971188,2318,244600,245180,3764406,Matched,Block,,S JUNEAU ST BETWEEN 39TH AVE S AND 42ND AVE S, ,,2,Injury Collision,Other,4,0,0,1,2017/06/20 00:00:00+00,6/20/2017 3:30:00 AM,Mid-Block (not related to intersection),26,MOTOR VEHICLE STRUCK OBJECT IN ROAD,,N,Clear,Dry,Dark - Street Lights On,,,Y,52,Vehicle overturned,0,0,N
2034,1,-122.32768600000001,47.60171208,2319,137400,137400,2825040,Matched,Block,,YESLER WAY BETWEEN TERRACE ST AND 6TH AVE,,,1,Property Damage Only Collision,Parked Car,2,0,0,2,2012/01/31 00:00:00+00,1/31/2012 4:45:00 PM,Mid-Block (not related to intersection),14,"MOTOR VEHICLE STRUCK MOTOR VEHICLE, REAR END",,N,Clear,Dry,Daylight,,12031017.0,,32,One parked--one moving,0,0,N
2035,1,-122.3613163,47.70693549,2321,268700,269480,E764841,Matched,Block,,NW 107TH ST BETWEEN 3RD AVE NW AND 4TH AVE NW, ,,1,Property Damage Only Collision,Parked Car,2,0,0,2,2018/01/26 00:00:00+00,1/26/2018 7:57:00 AM,Mid-Block (not related to intersection),15,"MOTOR VEHICLE STRUCK MOTOR VEHICLE, RIGHT SIDE SIDESWIPE",Y,N,Raining,Wet,Dark - Street Lights On,,,,32,One parked--one moving,0,0,Y
2036,1,-122.34433,47.61855858,2322,158900,158920,3640935,Matched,Block,,DENNY WAY BETWEEN 6TH AVE AND BOREALIS AVE, ,,1,Property Damage Only Collision,Sideswipe,3,0,0,2,2013/12/21 00:00:00+00,12/21/2013 10:43:00 PM,Mid-Block (not related to intersection),11,"MOTOR VEHICLE STRUCK MOTOR VEHICLE, FRONT END AT ANGLE",Y,N,Raining,Wet,Dark - Street Lights On,,,,11,From same direction - both going straight - both moving - sideswipe,0,0,N
2037,1,-122.349741,47.64614703,2323,149700,149720,3645927,Matched,Intersection,28057.0,NICKERSON ST AND WESTLAKE AVE N, ,,1,Property Damage Only Collision,Sideswipe,4,0,0,2,2013/07/04 00:00:00+00,7/4/2013 11:42:00 PM,At Intersection (intersection related),16,"MOTOR VEHICLE STRUCK MOTOR VEHICLE, LEFT SIDE SIDESWIPE",Y,Y,Clear,Dry,Dark - Street Lights On,,,,81,Same direction -- both turning left -- both moving -- sideswipe,0,0,N
2038,2,-122.2612857,47.50611766,2324,107500,107500,3344986,Matched,Intersection,38324.0,57TH AVE S AND S BANGOR ST,,,2,Injury Collision,Angles,2,0,0,2,2010/12/24 00:00:00+00,12/24/2010 10:20:00 AM,At Intersection (intersection related),11,"MOTOR VEHICLE STRUCK MOTOR VEHICLE, FRONT END AT ANGLE",,N,Raining,Wet,Daylight,,10358015.0,,10,Entering at angle,0,0,N
2039,2,-122.2968219,47.53919549,2325,193300,193380,3708825,Matched,Block,,BEACON WR AVE S BETWEEN 28TH AVE S AND S MYRTLE ST, ,,2,Injury Collision,Rear Ended,4,0,0,2,2015/05/14 00:00:00+00,5/14/2015 3:54:00 PM,Mid-Block (but intersection related),14,"MOTOR VEHICLE STRUCK MOTOR VEHICLE, REAR END",,N,Clear,Dry,Daylight,,,,13,From same direction - both going straight - both moving - rear-end,0,0,N
2040,1,-122.33420079999999,47.57981114,2326,78200,78200,2608375,Matched,Intersection,31372.0,1ST AVE S AND S LANDER ST,,,1,Property Damage Only Collision,Left Turn,2,0,0,2,2007/03/16 00:00:00+00,3/16/2007 6:56:00 AM,At Intersection (intersection related),11,"MOTOR VEHICLE STRUCK MOTOR VEHICLE, FRONT END AT ANGLE",,0,Clear,Dry,Dawn,,7075006.0,,28,From opposite direction - one left turn - one straight,0,0,N
2041,1,-122.3460864,47.64009495,2327,298100,299240,3643061,Matched,Block,,AURORA AVE N BETWEEN MCGRAW ST AND DEXTER WAY N, ,,1,Property Damage Only Collision,Rear Ended,3,0,0,3,2018/07/18 00:00:00+00,7/18/2018 5:53:00 PM,Mid-Block (not related to intersection),14,"MOTOR VEHICLE STRUCK MOTOR VEHICLE, REAR END",,N,Clear,Dry,Daylight,,,,14,From same direction - both going straight - one stopped - rear-end,0,0,N
2042,1,-122.33428799999999,47.62469378,2328,68600,68600,2825472,Matched,Intersection,28760.0,FAIRVIEW AVE N AND MERCER ST,,,1,Property Damage Only Collision,Angles,2,0,0,2,2007/07/10 00:00:00+00,7/10/2007 6:01:00 AM,At Intersection (intersection related),11,"MOTOR VEHICLE STRUCK MOTOR VEHICLE, FRONT END AT ANGLE",,0,Clear,Dry,Daylight,,7191039.0,,10,Entering at angle,0,0,N
2043,1,-122.33104979999999,47.68952223,2329,143300,143300,3502975,Matched,Block,,CORLISS AVE N BETWEEN N 82ND ST AND N 85TH ST, ,,1,Property Damage Only Collision,Parked Car,2,0,0,2,2013/01/02 00:00:00+00,1/2/2013 2:15:00 AM,Driveway Junction,14,"MOTOR VEHICLE STRUCK MOTOR VEHICLE, REAR END",,N,Clear,Dry,Dark - Street Lights On,,13002016.0,,32,One parked--one moving,0,0,N
2044,2,-122.3226101,47.57171304,2330,73100,73100,2619205,Matched,Intersection,32273.0,I5 SB - W SEATTLE BR RP AND WEST SEATTLE BR WB,,,2,Injury Collision,Other,7,0,0,4,2007/07/05 00:00:00+00,7/5/2007,At Intersection (intersection related),11,"MOTOR VEHICLE STRUCK MOTOR VEHICLE, FRONT END AT ANGLE",,1,Clear,Dry,Dark - Street Lights On,,7186034.0,,23,From same direction - all others,0,0,N
2045,2,-122.34481370000002,47.71231922,2331,88500,88500,2897303,Matched,Intersection,36342.0,AURORA AVE N AND N 115TH ST, ,,2,Injury Collision,Pedestrian,2,1,0,1,2008/03/05 00:00:00+00,3/5/2008,At Intersection (intersection related),24,MOTOR VEHCILE STRUCK PEDESTRIAN,,0,Clear,Dry,Daylight,,8065002.0,,0,Vehicle going straight hits pedestrian,0,521690,N
2046,2,-122.39940259999999,47.55448078,2332,225800,226140,3780640,Matched,Block,,BEACH DR SW BETWEEN SW CANADA DR AND SW SHORE PL, ,,2,Injury Collision,Left Turn,2,0,0,2,2016/08/05 00:00:00+00,8/5/2016 4:35:00 PM,Mid-Block (not related to intersection),11,"MOTOR VEHICLE STRUCK MOTOR VEHICLE, FRONT END AT ANGLE",,N,Clear,Dry,Daylight,,,,15,From same direction - one left turn - one straight,0,0,N
2047,1,-122.3401902,47.62794178,2333,136400,136400,3581881,Matched,Block,,WESTLAKE AVE N BETWEEN ALOHA N ST AND 8TH S AVE N,,,1,Property Damage Only Collision,Right Turn,4,0,0,2,2012/12/13 00:00:00+00,12/13/2012 9:12:00 AM,Driveway Junction,11,"MOTOR VEHICLE STRUCK MOTOR VEHICLE, FRONT END AT ANGLE",,N,Overcast,Dry,Daylight,,12348009.0,,16,From same direction - one right turn - one straight,0,0,N
2048,1,-122.33414979999999,47.60408847,2334,184100,184180,3732156,Matched,Block,,2ND AVE BETWEEN COLUMBIA ST AND MARION ST, ,,1,Property Damage Only Collision,Parked Car,2,0,0,2,2015/01/14 00:00:00+00,1/14/2015 1:51:00 PM,Mid-Block (not related to intersection),11,"MOTOR VEHICLE STRUCK MOTOR VEHICLE, FRONT END AT ANGLE",Y,N,Clear,Dry,Daylight,,,,32,One parked--one moving,0,0,N
2049,1,-122.33199540000001,47.60844356,2335,142100,142100,3562246,Matched,Intersection,29928.0,6TH AVE AND SENECA ST,,,1,Property Damage Only Collision,Angles,2,0,0,2,2012/08/03 00:00:00+00,8/3/2012 7:15:00 AM,At Intersection (intersection related),11,"MOTOR VEHICLE STRUCK MOTOR VEHICLE, FRONT END AT ANGLE",,N,Clear,Dry,Daylight,,12216009.0,,10,Entering at angle,0,0,N
2050,1,-122.31843559999999,47.59750452,2336,238300,238740,E641478,Matched,Block,,S WELLER ST BETWEEN 10TH AVE S AND 12TH AVE S, ,,1,Property Damage Only Collision,Parked Car,0,0,0,2,2017/02/04 00:00:00+00,2/4/2017 12:23:00 PM,Mid-Block (not related to intersection),11,"MOTOR VEHICLE STRUCK MOTOR VEHICLE, FRONT END AT ANGLE",,N,Raining,Wet,Daylight,,,,20,One car leaving parked position,0,0,N
2051,1,-122.34959860000001,47.6512982,2337,165900,165920,3597124,Matched,Block,,N 36TH ST BETWEEN FREMONT AVE N AND FREMONT LN N, ,,1,Property Damage Only Collision,Parked Car,2,0,0,2,2014/04/01 00:00:00+00,4/1/2014 4:40:00 PM,Mid-Block (not related to intersection),16,"MOTOR VEHICLE STRUCK MOTOR VEHICLE, LEFT SIDE SIDESWIPE",Y,N,Clear,Dry,Daylight,,,,32,One parked--one moving,0,0,N
2052,1,-122.30633490000001,47.69302764,2338,77500,77500,2793716,Matched,Block,,NE 89TH ST BETWEEN 20TH AVE NE AND DEAD END 1,,,1,Property Damage Only Collision,Parked Car,2,0,0,2,2007/02/22 00:00:00+00,2/22/2007 8:00:00 PM,Mid-Block (not related to intersection),14,"MOTOR VEHICLE STRUCK MOTOR VEHICLE, REAR END",,0,Clear,Dry,Dawn,,7053041.0,,32,One parked--one moving,0,0,N
2053,1,-122.2991597,47.57967346,2339,248300,248880,3756156,Matched,Block,,RAINIER AVE S BETWEEN S BAYVIEW ST AND S MCCLELLAN ST, ,,1,Property Damage Only Collision,Sideswipe,0,0,0,2,2017/09/17 00:00:00+00,9/17/2017 5:12:00 PM,Mid-Block (not related to intersection),11,"MOTOR VEHICLE STRUCK MOTOR VEHICLE, FRONT END AT ANGLE",,N,Raining,Wet,Daylight,,,,11,From same direction - both going straight - both moving - sideswipe,0,0,N
2054,2,-122.3306308,47.60901487,2340,176500,176520,3574575,Matched,Intersection,29915.0,HUBBELL PL AND SENECA ST, ,,2,Injury Collision,Left Turn,2,0,0,2,2014/10/02 00:00:00+00,10/2/2014 8:08:00 AM,At Intersection (intersection related),11,"MOTOR VEHICLE STRUCK MOTOR VEHICLE, FRONT END AT ANGLE",Y,N,Clear,Dry,Daylight,,,,28,From opposite direction - one left turn - one straight,0,0,N
2055,1,-122.3186009,47.66130511,2341,87700,87700,2897452,Matched,Block,,NE 45TH ST BETWEEN 9TH W AVE NE AND 9TH E AVE NE,,,1,Property Damage Only Collision,Sideswipe,3,0,0,2,2008/02/29 00:00:00+00,2/29/2008 8:14:00 AM,Mid-Block (not related to intersection),16,"MOTOR VEHICLE STRUCK MOTOR VEHICLE, LEFT SIDE SIDESWIPE",,0,Clear,Dry,Daylight,,8060038.0,,11,From same direction - both going straight - both moving - sideswipe,0,0,N
2056,1,-122.34284170000001,47.61355057,2342,224300,224580,3705269,Matched,Block,,3RD AVE BETWEEN LENORA ST AND BLANCHARD ST, ,,1,Property Damage Only Collision,Parked Car,3,0,0,2,2016/07/18 00:00:00+00,7/18/2016 8:16:00 PM,Mid-Block (not related to intersection),11,"MOTOR VEHICLE STRUCK MOTOR VEHICLE, FRONT END AT ANGLE",,N,Clear,Dry,Daylight,,,,32,One parked--one moving,0,0,Y
2057,2,-122.2993543,47.54318876,2343,134800,134800,3502676,Matched,Block,,BEACON ER AVE S BETWEEN S WARSAW ST AND S HOLLY ST,,,2,Injury Collision,Parked Car,3,0,0,3,2012/12/12 00:00:00+00,12/12/2012 1:55:00 PM,Mid-Block (not related to intersection),14,"MOTOR VEHICLE STRUCK MOTOR VEHICLE, REAR END",,N,Overcast,Wet,Daylight,,12347055.0,,32,One parked--one moving,0,0,N
2058,1,-122.3107376,47.61967467,2344,80500,80500,2827250,Matched,Block,,E JOHN ST BETWEEN 16TH AVE E AND 17TH AVE E,,,1,Property Damage Only Collision,Rear Ended,2,0,0,2,2008/01/08 00:00:00+00,1/8/2008,Mid-Block (not related to intersection),14,"MOTOR VEHICLE STRUCK MOTOR VEHICLE, REAR END",,0,Overcast,Wet,Daylight,,8008039.0,,14,From same direction - both going straight - one stopped - rear-end,0,0,N
2059,2,-122.32080790000002,47.61581795,2345,169200,169220,3701739,Matched,Block,,BROADWAY BETWEEN E PINE ST AND XW E OLIVE ST, ,,2,Injury Collision,Cycles,1,0,1,0,2014/06/04 00:00:00+00,6/4/2014 8:45:00 AM,Mid-Block (not related to intersection),69,PEDALCYCLIST OVERTURNED IN ROAD,,N,Clear,Dry,Daylight,,,,45,Vehicle - Pedalcyclist,6853,0,N
2060,2,-122.31764950000002,47.69992403,2346,71900,71900,2604098,Matched,Block,,ROOSEVELT WAY NE BETWEEN NE 97TH ST AND NE 98TH ST,,,2,Injury Collision,Parked Car,3,0,0,3,2007/10/06 00:00:00+00,10/6/2007,Mid-Block (not related to intersection),14,"MOTOR VEHICLE STRUCK MOTOR VEHICLE, REAR END",,0,Clear,Dry,Dark - Street Lights On,,7279016.0,,32,One parked--one moving,0,0,N
2061,1,-122.3453665,47.70505326,2347,163600,163620,3501629,Matched,Block,,N 105TH ST BETWEEN WHITMAN AVE N AND AURORA AVE N, ,,1,Property Damage Only Collision,Angles,2,0,0,2,2013/03/18 00:00:00+00,3/18/2013 11:00:00 AM,Mid-Block (not related to intersection),14,"MOTOR VEHICLE STRUCK MOTOR VEHICLE, REAR END",,N,Clear,Dry,Daylight,,,,10,Entering at angle,0,0,N
2062,2,-122.3713696,47.57135546,2348,131000,131000,3563029,Matched,Intersection,164879.0,ADMIRAL AVALON RP AND SW MANNING ST,,,2,Injury Collision,Angles,3,0,0,2,2012/07/11 00:00:00+00,7/11/2012 8:53:00 AM,At Intersection (intersection related),11,"MOTOR VEHICLE STRUCK MOTOR VEHICLE, FRONT END AT ANGLE",,N,Clear,Dry,Daylight,,12193024.0,,10,Entering at angle,0,0,N
2063,1,-122.33633629999999,47.60564046,2349,241500,241940,E673157,Matched,Block,,SPRING ST BETWEEN 1ST AVE AND 2ND AVE,NEI,"Not Enough Information, or Insufficient Location Information",1,Property Damage Only Collision,Parked Car,3,0,0,3,2017/05/20 00:00:00+00,5/20/2017 9:00:00 PM,Mid-Block (not related to intersection),11,"MOTOR VEHICLE STRUCK MOTOR VEHICLE, FRONT END AT ANGLE",,N,Clear,Dry,Dark - Street Lights On,,,,32,One parked--one moving,0,0,Y
2064,1,-122.34228440000001,47.72368694,2350,179200,179240,3700656,Matched,Block,,STONE AVE N BETWEEN N 130TH ST AND N 131ST ST, ,,1,Property Damage Only Collision,Parked Car,2,0,0,2,2014/11/07 00:00:00+00,11/7/2014 8:00:00 AM,Mid-Block (not related to intersection),14,"MOTOR VEHICLE STRUCK MOTOR VEHICLE, REAR END",,N,Overcast,Dry,Daylight,,,,32,One parked--one moving,0,0,N
2065,1,-122.2948982,47.52713797,2351,264300,265080,E754568,Matched,Block,,AIRPORT WAY S BETWEEN MILITARY RD S AND CITY LIMITS N, ,,1,Property Damage Only Collision,Other,2,0,0,1,2018/01/03 00:00:00+00,1/3/2018 2:50:00 AM,Mid-Block (not related to intersection),28,MOTOR VEHICLE RAN OFF ROAD - HIT FIXED OBJECT,,N,Raining,Wet,Dark - Street Lights On,,,Y,50,Fixed object,0,0,N
2066,2,-122.30208059999998,47.63953008,2352,166200,166220,3701388,Matched,Intersection,28428.0,24TH AVE E AND E LYNN ST, ,,2,Injury Collision,Cycles,3,0,1,1,2014/04/09 00:00:00+00,4/9/2014 1:24:00 PM,At Intersection (intersection related),18,"MOTOR VEHICLE STRUCK PEDALCYCLIST, FRONT END AT ANGLE",,N,Clear,Dry,Daylight,,,,45,Vehicle - Pedalcyclist,22316,0,N
2067,1,-122.3201244,47.66495411,2353,105600,105600,3327985,Matched,Block,,NE 50TH ST BETWEEN 7TH AVE NE AND 8TH AVE NE,,,1,Property Damage Only Collision,Sideswipe,3,0,0,2,2009/09/25 00:00:00+00,9/25/2009 2:30:00 PM,Mid-Block (not related to intersection),16,"MOTOR VEHICLE STRUCK MOTOR VEHICLE, LEFT SIDE SIDESWIPE",Y,0,Clear,Dry,Daylight,,9268027.0,,11,From same direction - both going straight - both moving - sideswipe,0,0,N
2068,1,-122.3212709,47.60085703,2354,272500,273340,3584956,Matched,Block,,S WASHINGTON ST BETWEEN YESLER WAY AND 10TH AVE S, ,,1,Property Damage Only Collision,Parked Car,2,0,0,2,2018/02/21 00:00:00+00,2/21/2018 9:00:00 PM,Mid-Block (not related to intersection),11,"MOTOR VEHICLE STRUCK MOTOR VEHICLE, FRONT END AT ANGLE",,N,Snowing,Snow/Slush,Dark - Street Lights On,,,,32,One parked--one moving,0,0,Y
2069,1,-122.30183259999998,47.61966817,2355,176000,176020,3642854,Matched,Block,,E MADISON ST BETWEEN 23RD AVE E AND 24TH AVE E, ,,1,Property Damage Only Collision,Parked Car,2,0,0,2,2014/09/23 00:00:00+00,9/23/2014 9:23:00 PM,Mid-Block (not related to intersection),11,"MOTOR VEHICLE STRUCK MOTOR VEHICLE, FRONT END AT ANGLE",Y,N,Raining,Wet,Dark - Street Lights On,,,,32,One parked--one moving,0,0,N
2070,1,-122.3309994,47.61827376,2356,73200,73200,2805724,Matched,Intersection,29173.0,STEWART ST AND YALE AVE,,,1,Property Damage Only Collision,Sideswipe,4,0,0,2,2007/10/04 00:00:00+00,10/4/2007,At Intersection (intersection related),11,"MOTOR VEHICLE STRUCK MOTOR VEHICLE, FRONT END AT ANGLE",,0,Overcast,Wet,Daylight,,7277040.0,,81,Same direction -- both turning left -- both moving -- sideswipe,0,0,N
2071,2,-122.29053119999999,47.6974588,2357,102800,102800,3328389,Matched,Intersection,37899.0,35TH AVE NE AND NE 95TH ST,,,2,Injury Collision,Angles,3,0,0,3,2009/09/22 00:00:00+00,9/22/2009 4:33:00 PM,At Intersection (intersection related),11,"MOTOR VEHICLE STRUCK MOTOR VEHICLE, FRONT END AT ANGLE",,0,Clear,Dry,Daylight,,9265013.0,,10,Entering at angle,0,0,N
2072,2,-122.30079199999999,47.57835021,2358,224600,224900,3782903,Matched,Block,,S MCCLELLAN ST BETWEEN 24TH AVE S AND 25TH AVE S, ,,2,Injury Collision,Rear Ended,3,0,0,2,2016/07/05 00:00:00+00,7/5/2016 6:32:00 PM,Mid-Block (not related to intersection),14,"MOTOR VEHICLE STRUCK MOTOR VEHICLE, REAR END",,N,Overcast,Dry,Daylight,,,,13,From same direction - both going straight - both moving - rear-end,0,0,N
2073,2,-122.3406875,47.66428987,2359,151900,151920,3502750,Matched,Intersection,25545.0,STONE WAY N AND N 49TH ST, ,,2,Injury Collision,Cycles,4,0,1,1,2013/08/07 00:00:00+00,8/7/2013 12:22:00 PM,At Intersection (intersection related),18,"MOTOR VEHICLE STRUCK PEDALCYCLIST, FRONT END AT ANGLE",,N,Clear,Dry,Daylight,Y,,,45,Vehicle - Pedalcyclist,0,0,N
2074,1,-122.34691709999998,47.624469299999994,2360,68000,68000,2825931,Matched,Block,,MERCER ST BETWEEN 5TH AVE N AND TAYLOR AVE N,,,1,Property Damage Only Collision,Left Turn,3,0,0,2,2007/09/04 00:00:00+00,9/4/2007,Mid-Block (not related to intersection),11,"MOTOR VEHICLE STRUCK MOTOR VEHICLE, FRONT END AT ANGLE",,0,Raining,Wet,Dark - Street Lights On,,7247003.0,,15,From same direction - one left turn - one straight,0,0,N
2075,2,-122.3275405,47.58617548,2361,129200,129200,3546403,Matched,Intersection,31360.0,5TH AVE S AND S HOLGATE ST, ,,2,Injury Collision,Pedestrian,2,1,0,1,2011/09/27 00:00:00+00,9/27/2011 10:05:00 AM,At Intersection (intersection related),24,MOTOR VEHCILE STRUCK PEDESTRIAN,,N,Clear,Dry,Daylight,,11270003.0,,0,Vehicle going straight hits pedestrian,0,522011,N
2076,1,-122.29540990000001,47.59513503,2362,141100,141100,3593801,Matched,Block,,29TH AVE S BETWEEN S DEARBORN W ST AND S CHARLES ST,,,1,Property Damage Only Collision,Parked Car,2,0,0,2,2012/08/31 00:00:00+00,8/31/2012 8:00:00 AM,Driveway Junction,16,"MOTOR VEHICLE STRUCK MOTOR VEHICLE, LEFT SIDE SIDESWIPE",,N,Clear,Dry,Unknown,,12244009.0,Y,32,One parked--one moving,0,0,N
2077,1,-122.36256100000001,47.66791074,2363,100300,100300,3328027,Matched,Block,,NW 54TH ST BETWEEN DEAD END 2 AND 6TH AVE NW,,,1,Property Damage Only Collision,Parked Car,5,0,0,5,2009/08/20 00:00:00+00,8/20/2009 10:16:00 PM,Mid-Block (not related to intersection),16,"MOTOR VEHICLE STRUCK MOTOR VEHICLE, LEFT SIDE SIDESWIPE",,1,Clear,Dry,Dark - Street Lights On,,9232006.0,,32,One parked--one moving,0,0,N
2078,2,-122.3053392,47.54391961,2364,212300,212540,3548872,Matched,Block,,SWIFT AV OFF RP BETWEEN I5 NB AND SWIFT AVE S, ,,2,Injury Collision,Rear Ended,3,0,0,3,2015/05/26 00:00:00+00,5/26/2015 6:55:00 PM,Mid-Block (not related to intersection),14,"MOTOR VEHICLE STRUCK MOTOR VEHICLE, REAR END",,N,Clear,Dry,Daylight,,,,14,From same direction - both going straight - one stopped - rear-end,0,0,N
2079,2,-122.35532079999999,47.69241844,2365,115200,115200,3376528,Matched,Intersection,37448.0,GREENWOOD AVE N AND N 87TH ST,,,2,Injury Collision,Rear Ended,2,0,0,2,2010/02/10 00:00:00+00,2/10/2010 1:07:00 AM,At Intersection (intersection related),14,"MOTOR VEHICLE STRUCK MOTOR VEHICLE, REAR END",,N,Fog/Smog/Smoke,Dry,Dark - Street Lights On,,10041001.0,,14,From same direction - both going straight - one stopped - rear-end,0,0,N
2080,1,,,2366,207500,207700,3738103,Matched,,,,NEI,"Not Enough Information, or Insufficient Location Information",1,Property Damage Only Collision,Parked Car,2,0,0,2,2015/11/24 00:00:00+00,11/24/2015 6:00:00 PM,,0,NOT ENOUGH INFORMATION / NOT APPLICABLE,,N,Unknown,Unknown,Unknown,,,,32,One parked--one moving,0,0,N
2081,2,-122.3437273,47.61641402,2367,123200,123200,3560902,Matched,Block,,5TH AVE BETWEEN BELL ST AND BATTERY ST,,,2,Injury Collision,Other,2,0,0,1,2011/09/17 00:00:00+00,9/17/2011 4:01:00 PM,Mid-Block (not related to intersection),26,MOTOR VEHICLE STRUCK OBJECT IN ROAD,,N,Overcast,Dry,Daylight,,11260012.0,,50,Fixed object,0,0,N
2082,1,-122.3141274,47.61155241,2368,267000,267780,E761353,Matched,Intersection,29776.0,14TH AVE AND E SPRING ST, ,,1,Property Damage Only Collision,Angles,2,0,0,2,2017/12/03 00:00:00+00,12/3/2017 10:18:00 AM,At Intersection (intersection related),11,"MOTOR VEHICLE STRUCK MOTOR VEHICLE, FRONT END AT ANGLE",Y,N,Clear,Dry,Daylight,,,,10,Entering at angle,0,0,N
2083,1,-122.39347479999999,47.56206501,2369,217800,218080,E532555,Matched,Block,,48TH AVE SW BETWEEN SW OREGON ST AND SW ALASKA ST, ,,1,Property Damage Only Collision,Parked Car,2,0,0,2,2016/04/02 00:00:00+00,4/2/2016,Mid-Block (not related to intersection),14,"MOTOR VEHICLE STRUCK MOTOR VEHICLE, REAR END",,N,Unknown,Dry,Unknown,,,,32,One parked--one moving,0,0,N
2084,2,-122.33389879999999,47.60172188,2370,74100,74100,2825868,Matched,Intersection,30356.0,JAMES ST AND YESLER WAY,,,2,Injury Collision,Rear Ended,2,0,0,2,2007/08/29 00:00:00+00,8/29/2007 10:25:00 AM,At Intersection (intersection related),14,"MOTOR VEHICLE STRUCK MOTOR VEHICLE, REAR END",,0,Clear,Dry,Daylight,,7241027.0,,14,From same direction - both going straight - one stopped - rear-end,0,0,N
2085,1,-122.3235328,47.65893847,2371,242200,242680,E664576,Matched,Block,,NE 43RD ST BETWEEN 4TH AVE NE AND 5TH AVE NE, ,,1,Property Damage Only Collision,Parked Car,2,0,0,2,2017/04/21 00:00:00+00,4/21/2017 6:30:00 PM,Mid-Block (not related to intersection),14,"MOTOR VEHICLE STRUCK MOTOR VEHICLE, REAR END",Y,N,Clear,Dry,Daylight,,,,32,One parked--one moving,0,0,N
2086,2,-122.31342479999999,47.55980475,2372,134400,134400,3608405,Matched,Block,,15TH AVE S BETWEEN S ANGELINE ST AND S FERDINAND ST,,,2,Injury Collision,Rear Ended,2,0,0,2,2012/05/09 00:00:00+00,5/9/2012 8:10:00 AM,Mid-Block (not related to intersection),14,"MOTOR VEHICLE STRUCK MOTOR VEHICLE, REAR END",,N,Overcast,Wet,Daylight,,12130027.0,,13,From same direction - both going straight - both moving - rear-end,0,0,N
2087,2,-122.3163345,47.66492767,2373,94100,94100,3284599,Matched,Intersection,25790.0,11TH AVE NE AND NE 50TH ST,,,2,Injury Collision,Angles,2,0,0,2,2009/05/24 00:00:00+00,5/24/2009 9:46:00 AM,At Intersection (intersection related),11,"MOTOR VEHICLE STRUCK MOTOR VEHICLE, FRONT END AT ANGLE",,0,Clear,Dry,Daylight,,9144003.0,,10,Entering at angle,0,0,N
2088,1,-122.31893290000002,47.52645302,2374,133000,133000,3547277,Matched,Block,,S CLOVERDALE ST BETWEEN 10TH AVE S AND 12TH AVE S,,,1,Property Damage Only Collision,Other,1,0,0,1,2012/02/19 00:00:00+00,2/19/2012 3:35:00 AM,Mid-Block (not related to intersection),26,MOTOR VEHICLE STRUCK OBJECT IN ROAD,,Y,Overcast,Wet,Dark - Street Lights On,,12050006.0,,50,Fixed object,0,0,N
2089,1,-122.36044229999999,47.5318739,2377,128800,128800,3380296,Matched,Intersection,33994.0,DELRIDGE WAY SW AND SW KENYON ST,,,1,Property Damage Only Collision,Rear Ended,2,0,0,2,2011/05/11 00:00:00+00,5/11/2011 6:14:00 PM,At Intersection (intersection related),14,"MOTOR VEHICLE STRUCK MOTOR VEHICLE, REAR END",Y,N,Raining,Wet,Daylight,,11131048.0,,14,From same direction - both going straight - one stopped - rear-end,0,0,N
2090,1,-122.33196570000001,47.60253667,2378,249600,250200,E719368,Matched,Block,,JAMES ST BETWEEN 2ND AVE AND 3RD AVE, ,,1,Property Damage Only Collision,Other,0,0,0,1,2017/10/04 00:00:00+00,10/4/2017 9:56:00 AM,Driveway Junction,28,MOTOR VEHICLE RAN OFF ROAD - HIT FIXED OBJECT,,N,Clear,Dry,Daylight,,,,50,Fixed object,0,0,N
2091,1,-122.33542109999999,47.60799555,2379,104100,104100,3208057,Matched,Block,,UNIVERSITY ST BETWEEN 3RD AVE AND 4TH AVE,,,1,Property Damage Only Collision,Angles,2,0,0,2,2009/02/27 00:00:00+00,2/27/2009 5:11:00 PM,Driveway Junction,11,"MOTOR VEHICLE STRUCK MOTOR VEHICLE, FRONT END AT ANGLE",,0,Clear,Dry,Dusk,,9058019.0,,10,Entering at angle,0,0,N
2092,2,-122.3342033,47.57498194,2380,292600,293577,3818904,Matched,Block,,1ST AVE S BETWEEN S HANFORD ST AND S HORTON ST, ,,2,Injury Collision,Rear Ended,3,0,0,2,2018/06/14 00:00:00+00,6/14/2018 10:46:00 PM,Mid-Block (not related to intersection),14,"MOTOR VEHICLE STRUCK MOTOR VEHICLE, REAR END",,Y,Clear,Dry,Dark - Street Lights On,,,,14,From same direction - both going straight - one stopped - rear-end,0,0,N
2093,1,-122.33364540000001,47.61445322,2381,154100,154120,2824981,Matched,Block,,HOWELL ST BETWEEN OLIVE WAY AND 9TH AVE,NEI,"Not Enough Information, or Insufficient Location Information",1,Property Damage Only Collision,Parked Car,2,0,0,2,2012/08/17 00:00:00+00,8/17/2012 2:30:00 PM,Mid-Block (not related to intersection),0,NOT ENOUGH INFORMATION / NOT APPLICABLE,,N,Clear,Dry,Daylight,,,,32,One parked--one moving,0,0,N