,SEVERITYCODE,X,Y,OBJECTID,INCKEY,COLDETKEY,REPORTNO,STATUS,ADDRTYPE,INTKEY,LOCATION,EXCEPTRSNCODE,EXCEPTRSNDESC,SEVERITYCODE.1,SEVERITYDESC,COLLISIONTYPE,PERSONCOUNT,PEDCOUNT,PEDCYLCOUNT,VEHCOUNT,INCDATE,INCDTTM,JUNCTIONTYPE,SDOT_COLCODE,SDOT_COLDESC,INATTENTIONIND,UNDERINFL,WEATHER,ROADCOND,LIGHTCOND,PEDROWNOTGRNT,SDOTCOLNUM,SPEEDING,ST_COLCODE,ST_COLDESC,SEGLANEKEY,CROSSWALKKEY,HITPARKEDCAR
2094,1,-122.355429,47.62151945,2382,125500,125500,3280510,Matched,Block,,1ST AVE N BETWEEN THOMAS ST AND HARRISON ST,,,1,Property Damage Only Collision,Left Turn,2,0,0,2,2011/09/08 00:00:00+00,9/8/2011 3:23:00 PM,Driveway Junction,11,"MOTOR VEHICLE STRUCK MOTOR VEHICLE, FRONT END AT ANGLE",,N,Clear,Dry,Daylight,,11251010.0,,15,From same direction - one left turn - one straight,0,0,N
2095,1,-122.27567240000002,47.54578659,2383,202100,202240,3725877,Matched,Block,,RAINIER AVE S BETWEEN S GRAHAM ST AND 46TH AVE S, ,,1,Property Damage Only Collision,Sideswipe,2,0,0,2,2015/09/15 00:00:00+00,9/15/2015 10:00:00 PM,Mid-Block (not related to intersection),11,"MOTOR VEHICLE STRUCK MOTOR VEHICLE, FRONT END AT ANGLE",,N,Clear,Dry,Dark - Street Lights On,,,,11,From same direction - both going straight - both moving - sideswipe,0,0,N
2096,1,-122.33130600000001,47.54488142,2384,142700,142700,3502497,Matched,Intersection,34222.0,EAST MARGINAL WAY S AND S MICHIGAN ST, ,,1,Property Damage Only Collision,Other,1,0,0,1,2013/01/18 00:00:00+00,1/18/2013 3:07:00 PM,At Intersection (intersection related),28,MOTOR VEHICLE RAN OFF ROAD - HIT FIXED OBJECT,,N,Clear,Dry,Daylight,,13018021.0,,50,Fixed object,0,0,N
2097,1,-122.3396851,47.60571638,2385,170100,170120,3591491,Matched,Block,,ALASKAN E RDWY WAY BETWEEN SENECA ST AND UNIVERSITY ST, ,,1,Property Damage Only Collision,Rear Ended,3,0,0,2,2014/06/13 00:00:00+00,6/13/2014 8:12:00 AM,Mid-Block (not related to intersection),14,"MOTOR VEHICLE STRUCK MOTOR VEHICLE, REAR END",,N,Raining,Wet,Daylight,,,,14,From same direction - both going straight - one stopped - rear-end,0,0,N
2098,2,-122.3253344,47.61122962,2386,66500,66500,2623222,Matched,Intersection,29899.0,MINOR AVE AND SENECA ST,,,2,Injury Collision,Angles,2,0,0,2,2007/01/17 00:00:00+00,1/17/2007 5:45:00 PM,At Intersection (intersection related),11,"MOTOR VEHICLE STRUCK MOTOR VEHICLE, FRONT END AT ANGLE",,0,Clear,Dry,Dark - Street Lights On,,7017026.0,,10,Entering at angle,0,0,N
2099,2,-122.31200290000001,47.71940797,2387,132500,132500,3596889,Matched,Block,,NE 125TH ST BETWEEN 15TH AVE NE AND 16TH AVE NE,,,2,Injury Collision,Rear Ended,2,0,0,2,2012/08/21 00:00:00+00,8/21/2012 1:00:00 PM,Mid-Block (but intersection related),14,"MOTOR VEHICLE STRUCK MOTOR VEHICLE, REAR END",,N,Clear,Dry,Daylight,,12234045.0,,14,From same direction - both going straight - one stopped - rear-end,0,0,N
2100,1,-122.35731399999999,47.69060655,2388,106200,106200,3284732,Matched,Block,,N 85TH ST BETWEEN 1ST AVE NW AND PALATINE AVE N,,,1,Property Damage Only Collision,Rear Ended,3,0,0,3,2009/05/13 00:00:00+00,5/13/2009 5:00:00 PM,Mid-Block (not related to intersection),14,"MOTOR VEHICLE STRUCK MOTOR VEHICLE, REAR END",Y,0,Raining,Wet,Daylight,,9133041.0,,13,From same direction - both going straight - both moving - rear-end,0,0,N
2101,1,-122.3141274,47.61155241,2389,229400,229760,3771598,Matched,Intersection,29776.0,14TH AVE AND E SPRING ST, ,,1,Property Damage Only Collision,Angles,3,0,0,2,2016/10/30 00:00:00+00,10/30/2016 8:10:00 PM,At Intersection (intersection related),11,"MOTOR VEHICLE STRUCK MOTOR VEHICLE, FRONT END AT ANGLE",,N,Raining,Wet,Dark - Street Lights On,,,,10,Entering at angle,0,0,N
2102,1,-122.3271068,47.64087776,2390,124100,124100,3477200,Matched,Block,,YALE AVE E BETWEEN E LYNN ST AND E LOUISA ST,,,1,Property Damage Only Collision,Parked Car,2,0,0,2,2011/09/10 00:00:00+00,9/10/2011 4:00:00 PM,,0,NOT ENOUGH INFORMATION / NOT APPLICABLE,,N,Unknown,Unknown,Unknown,,11253028.0,,32,One parked--one moving,0,0,N
2103,1,-122.3347922,47.54919059,2391,95900,95900,2907649,Matched,Block,,EAST MARGINAL WAY S BETWEEN S FIDALGO ST AND 1ST AVE S,,,1,Property Damage Only Collision,Other,1,0,0,1,2009/02/10 00:00:00+00,2/10/2009 7:23:00 PM,Driveway Junction,28,MOTOR VEHICLE RAN OFF ROAD - HIT FIXED OBJECT,,0,Raining,Wet,Dark - Street Lights On,,9041011.0,,50,Fixed object,0,0,N
2104,1,-122.34994240000002,47.67422824,2392,180800,180860,3707831,Matched,Block,,FREMONT AVE N BETWEEN N 62ND ST AND N 63RD ST, ,,1,Property Damage Only Collision,Other,1,0,0,1,2014/12/08 00:00:00+00,12/8/2014 2:22:00 AM,Mid-Block (not related to intersection),28,MOTOR VEHICLE RAN OFF ROAD - HIT FIXED OBJECT,,Y,Overcast,Wet,Dark - Street Lights On,,,,50,Fixed object,0,0,N
2105,2,-122.325099,47.68676836,2394,103100,103100,3206080,Matched,Intersection,24537.0,BANNER WAY NE AND NE 80TH ST,,,2,Injury Collision,Rear Ended,2,0,0,2,2009/10/18 00:00:00+00,10/18/2009 10:37:00 AM,At Intersection (intersection related),14,"MOTOR VEHICLE STRUCK MOTOR VEHICLE, REAR END",,0,Clear,Wet,Daylight,,9291022.0,,14,From same direction - both going straight - one stopped - rear-end,0,0,N
2106,1,-122.31516270000002,47.6242597,2395,271100,271940,3702383,Matched,Block,,E MERCER ST BETWEEN 13TH AVE E AND 14TH AVE E, ,,1,Property Damage Only Collision,Left Turn,2,0,0,2,2018/02/02 00:00:00+00,2/2/2018 7:33:00 AM,Driveway Junction,11,"MOTOR VEHICLE STRUCK MOTOR VEHICLE, FRONT END AT ANGLE",,N,Raining,Wet,Dawn,,,,15,From same direction - one left turn - one straight,0,0,N
2107,2,-122.29054409999999,47.69704501,2396,187500,187580,3706543,Matched,Block,,35TH AVE NE BETWEEN NE 94TH ST AND NE 95TH ST, ,,2,Injury Collision,Rear Ended,5,0,0,3,2015/03/12 00:00:00+00,3/12/2015 4:53:00 PM,Mid-Block (not related to intersection),14,"MOTOR VEHICLE STRUCK MOTOR VEHICLE, REAR END",Y,N,Clear,Dry,Daylight,,,,14,From same direction - both going straight - one stopped - rear-end,0,0,N
2108,1,-122.38945770000001,47.59406406,2397,140500,140500,3547378,Matched,Block,,ALKI AVE SW BETWEEN SW RHODE ISLAND ST AND SW JERSEY ST,,,1,Property Damage Only Collision,Parked Car,2,0,0,2,2012/07/22 00:00:00+00,7/22/2012 9:36:00 PM,Mid-Block (not related to intersection),11,"MOTOR VEHICLE STRUCK MOTOR VEHICLE, FRONT END AT ANGLE",,N,Clear,Dry,Dusk,,12204018.0,,32,One parked--one moving,0,0,N
2109,1,-122.32279679999999,47.56451883,2398,145800,145820,3671771,Matched,Intersection,32395.0,AIRPORT WAY S AND S INDUSTRIAL EB WAY, ,,1,Property Damage Only Collision,Other,1,0,0,1,2013/05/04 00:00:00+00,5/4/2013 1:59:00 AM,At Intersection (intersection related),28,MOTOR VEHICLE RAN OFF ROAD - HIT FIXED OBJECT,,N,Clear,Dry,Dark - Street Lights On,,,,50,Fixed object,0,0,N
2110,1,,,2399,125700,125700,3566314,Matched,,,,NEI,"Not Enough Information, or Insufficient Location Information",1,Property Damage Only Collision,Sideswipe,3,0,0,2,2011/10/03 00:00:00+00,10/3/2011,,0,NOT ENOUGH INFORMATION / NOT APPLICABLE,,0,Overcast,Dry,Daylight,,11276016.0,,11,From same direction - both going straight - both moving - sideswipe,0,0,N
2111,1,-122.3471621,47.61375831,2400,219800,220080,E545068,Matched,Block,,1ST AVE BETWEEN BELL ST AND BATTERY ST, ,,1,Property Damage Only Collision,Parked Car,0,0,0,2,2016/01/24 00:00:00+00,1/24/2016,Mid-Block (not related to intersection),14,"MOTOR VEHICLE STRUCK MOTOR VEHICLE, REAR END",,N,Overcast,Wet,Dark - Street Lights On,,,,32,One parked--one moving,0,0,Y
2112,1,-122.2813929,47.65841478,2401,188900,188980,3575440,Matched,Intersection,27420.0,43RD AVE NE AND NE 41ST ST, ,,1,Property Damage Only Collision,Angles,2,0,0,2,2015/04/03 00:00:00+00,4/3/2015 11:42:00 PM,At Intersection (intersection related),11,"MOTOR VEHICLE STRUCK MOTOR VEHICLE, FRONT END AT ANGLE",,N,Clear,Dry,Dark - Street Lights On,,,,10,Entering at angle,0,0,N
2113,2,-122.32947079999998,47.6132329,2402,77600,77600,2794395,Matched,Block,,PIKE ST BETWEEN TERRY AVE AND BOREN AVE,,,2,Injury Collision,Rear Ended,2,0,0,2,2007/09/18 00:00:00+00,9/18/2007 5:10:00 PM,Mid-Block (not related to intersection),14,"MOTOR VEHICLE STRUCK MOTOR VEHICLE, REAR END",,0,Clear,Dry,Daylight,,7261021.0,,14,From same direction - both going straight - one stopped - rear-end,0,0,N
2114,1,-122.29668159999999,47.57614674,2403,228000,228340,3782944,Matched,Block,,M L KING JR WAY S BETWEEN RAINIER AVE S AND S WINTHROP ST, ,,1,Property Damage Only Collision,Sideswipe,4,0,0,2,2016/08/11 00:00:00+00,8/11/2016 5:57:00 PM,Mid-Block (not related to intersection),11,"MOTOR VEHICLE STRUCK MOTOR VEHICLE, FRONT END AT ANGLE",Y,N,Clear,Dry,Daylight,,,,11,From same direction - both going straight - both moving - sideswipe,0,0,N
2115,2,-122.3629537,47.55448438,2404,138000,138000,2793092,Matched,Block,,DELRIDGE WAY SW BETWEEN PUGET BLVD SW AND SW BRANDON ST,,,2,Injury Collision,Rear Ended,4,0,0,3,2012/06/22 00:00:00+00,6/22/2012 6:30:00 PM,Mid-Block (not related to intersection),14,"MOTOR VEHICLE STRUCK MOTOR VEHICLE, REAR END",Y,N,Raining,Wet,Daylight,,12174039.0,,14,From same direction - both going straight - one stopped - rear-end,0,0,N
2116,2,-122.35111609999998,47.70506868,2405,102100,102100,3205936,Matched,Block,,N 105TH ST BETWEEN EVANSTON W AVE N AND EVANSTON E AVE N,,,2,Injury Collision,Sideswipe,2,0,0,2,2009/06/08 00:00:00+00,6/8/2009,Mid-Block (not related to intersection),11,"MOTOR VEHICLE STRUCK MOTOR VEHICLE, FRONT END AT ANGLE",,0,Clear,Dry,Daylight,,9159036.0,,11,From same direction - both going straight - both moving - sideswipe,0,0,N
2117,2,-122.3408726,47.60640582,2406,224800,225100,3784876,Matched,Block,,ALASKAN WAY BETWEEN UNIVERSITY ST AND UNION ST, ,,2,Injury Collision,Rear Ended,7,0,0,2,2016/07/22 00:00:00+00,7/22/2016 12:46:00 PM,Mid-Block (not related to intersection),14,"MOTOR VEHICLE STRUCK MOTOR VEHICLE, REAR END",Y,N,Clear,Dry,Daylight,,,,14,From same direction - both going straight - one stopped - rear-end,0,0,N
2118,1,-122.33049380000001,47.60512615,2407,152000,152020,3581640,Matched,Intersection,29965.0,5TH AVE AND COLUMBIA ST, ,,1,Property Damage Only Collision,Left Turn,4,0,0,2,2013/08/08 00:00:00+00,8/8/2013 4:30:00 PM,At Intersection (intersection related),11,"MOTOR VEHICLE STRUCK MOTOR VEHICLE, FRONT END AT ANGLE",Y,N,Clear,Dry,Daylight,,,,15,From same direction - one left turn - one straight,0,0,N
2119,1,-122.3055202,47.69393093,2408,94700,94700,3207148,Matched,Intersection,37751.0,LAKE CITY WAY NE AND NE 90TH ST,,,1,Property Damage Only Collision,Angles,3,0,0,2,2009/11/14 00:00:00+00,11/14/2009 2:16:00 AM,At Intersection (intersection related),11,"MOTOR VEHICLE STRUCK MOTOR VEHICLE, FRONT END AT ANGLE",,1,Clear,Dry,Dark - Street Lights On,,9318013.0,,10,Entering at angle,0,0,N
2120,2,-122.3178021,47.65751422,2411,191200,191280,3738458,Matched,Intersection,27093.0,ROOSEVELT WAY NE AND NE 42ND S ST, ,,2,Injury Collision,Cycles,2,0,1,1,2015/04/20 00:00:00+00,4/20/2015 7:49:00 AM,At Intersection (intersection related),18,"MOTOR VEHICLE STRUCK PEDALCYCLIST, FRONT END AT ANGLE",,N,Clear,Dry,Daylight,Y,,,45,Vehicle - Pedalcyclist,8985,0,N
2121,2,-122.351724,47.56030603,2413,104900,104900,2671936,Matched,Block,,WEST MARGINAL WAY SW BETWEEN SW ALASKA ST AND SW EDMUNDS ST,,,2,Injury Collision,Other,2,0,0,1,2009/12/25 00:00:00+00,12/25/2009 7:00:00 PM,Mid-Block (not related to intersection),28,MOTOR VEHICLE RAN OFF ROAD - HIT FIXED OBJECT,,0,Clear,Ice,Dark - Street Lights On,,9359012.0,Y,50,Fixed object,0,0,N
2122,1,-122.29125900000001,47.61887456,2414,207700,207900,E486332,Matched,Intersection,29492.0,32ND AVE AND E DENNY N WAY, ,,1,Property Damage Only Collision,Other,0,0,0,1,2015/11/20 00:00:00+00,11/20/2015 3:55:00 PM,At Intersection (intersection related),26,MOTOR VEHICLE STRUCK OBJECT IN ROAD,,N,Clear,Dry,Dusk,,,,50,Fixed object,0,0,N
2123,1,-122.3042368,47.585499299999995,2415,136900,136900,3502307,Matched,Intersection,31548.0,22ND AVE S AND S PLUM ST,,,1,Property Damage Only Collision,Angles,2,0,0,2,2012/11/04 00:00:00+00,11/4/2012 5:23:00 PM,At Intersection (intersection related),11,"MOTOR VEHICLE STRUCK MOTOR VEHICLE, FRONT END AT ANGLE",,N,Raining,Wet,Dark - Street Lights On,,12309012.0,,10,Entering at angle,0,0,N
2124,1,-122.29101029999998,47.57075993,2416,238900,239340,3754997,Matched,Block,,33RD AVE S BETWEEN S SPOKANE ST AND RAINIER AVE S, ,,1,Property Damage Only Collision,Parked Car,2,0,0,2,2017/04/08 00:00:00+00,4/8/2017 2:21:00 AM,Mid-Block (not related to intersection),14,"MOTOR VEHICLE STRUCK MOTOR VEHICLE, REAR END",,N,Overcast,Dry,Dark - Street Lights On,,,,32,One parked--one moving,0,0,Y
2125,1,-122.3119933,47.66126195,2417,237700,238140,E591801,Unmatched,Intersection,27061.0,15TH AVE NE AND NE 45TH ST,NEI,"Not Enough Information, or Insufficient Location Information",1,Property Damage Only Collision,,2,0,0,0,2016/10/03 00:00:00+00,10/3/2016,At Intersection (intersection related),0,NOT ENOUGH INFORMATION / NOT APPLICABLE,,,,,,,,, ,,0,0,N
2126,1,-122.34489609999999,47.717173100000004,2418,223800,224080,E552113,Unmatched,Block,,AURORA AVE N BETWEEN N 117TH PL AND N 125TH ST,NEI,"Not Enough Information, or Insufficient Location Information",1,Property Damage Only Collision,,2,0,0,0,2016/06/09 00:00:00+00,6/9/2016,Mid-Block (not related to intersection),0,NOT ENOUGH INFORMATION / NOT APPLICABLE,,,,,,,,, ,,0,0,N
2127,1,-122.34199450000001,47.57143073,2419,161400,161420,3589842,Matched,Block,,WEST SEATTLE BR EB BETWEEN SPOKANE ST - W SEA B RP AND ALASKAN WY VI NB ON RP, ,,1,Property Damage Only Collision,Rear Ended,4,0,0,2,2014/01/28 00:00:00+00,1/28/2014 7:49:00 AM,Mid-Block (not related to intersection),14,"MOTOR VEHICLE STRUCK MOTOR VEHICLE, REAR END",Y,N,Overcast,Wet,Daylight,,,,13,From same direction - both going straight - both moving - rear-end,0,0,N
2128,2,-122.35646299999999,47.64865856,2421,67600,67600,C680777,Matched,Block,,DRAVUS ST BETWEEN QUEEN ANNE AVE N AND NICKERSON ST,,,2,Injury Collision,Rear Ended,2,0,0,2,2007/01/23 00:00:00+00,1/23/2007 12:45:00 PM,Mid-Block (but intersection related),14,"MOTOR VEHICLE STRUCK MOTOR VEHICLE, REAR END",,0,Clear,Dry,Daylight,,7023030.0,,14,From same direction - both going straight - one stopped - rear-end,0,0,N
2129,1,-122.33943909999998,47.56132285,2422,132400,132400,3608179,Matched,Block,,EAST MARGINAL WAY S BETWEEN DIAGONAL AVE S AND S ALASKA ST,,,1,Property Damage Only Collision,Rear Ended,4,0,0,4,2012/01/26 00:00:00+00,1/26/2012 6:25:00 AM,Mid-Block (not related to intersection),14,"MOTOR VEHICLE STRUCK MOTOR VEHICLE, REAR END",,N,Raining,Dry,Dark - Street Lights On,,12026014.0,,14,From same direction - both going straight - one stopped - rear-end,0,0,N
2130,1,-122.2980598,47.63717924,2423,99400,99400,2899193,Matched,Block,,LAKE WASHINGTON BLVD E BETWEEN BOYER AVE E AND E FOSTER ISLAND RD,,,1,Property Damage Only Collision,Head On,3,0,0,3,2009/11/10 00:00:00+00,11/10/2009 7:20:00 AM,Mid-Block (not related to intersection),11,"MOTOR VEHICLE STRUCK MOTOR VEHICLE, FRONT END AT ANGLE",,1,Raining,Wet,Daylight,,9314040.0,,30,From opposite direction - all others,0,0,N
2131,2,-122.34398390000001,47.73231008,2424,115400,115400,3561855,Matched,Intersection,35720.0,MIDVALE AVE N AND N 143RD ST,,,2,Injury Collision,Angles,5,0,0,2,2010/12/21 00:00:00+00,12/21/2010 4:27:00 PM,At Intersection (intersection related),11,"MOTOR VEHICLE STRUCK MOTOR VEHICLE, FRONT END AT ANGLE",,N,Clear,Wet,Unknown,,10355005.0,,10,Entering at angle,0,0,N
2132,1,-122.3292794,47.59030786,2425,182800,182860,3732808,Matched,Intersection,163340.0,4TH AVE SB OFF RP AND EDGAR MARTINEZ DR S, ,,1,Property Damage Only Collision,Angles,2,0,0,2,2014/12/05 00:00:00+00,12/5/2014 4:58:00 AM,At Intersection (intersection related),11,"MOTOR VEHICLE STRUCK MOTOR VEHICLE, FRONT END AT ANGLE",,N,Raining,Wet,Dark - No Street Lights,,,,10,Entering at angle,0,0,N
2133,1,-122.3259732,47.58507559,2426,288700,289560,E799178,Unmatched,Block,,6TH AVE S BETWEEN S HOLGATE ST AND S WALKER ST, ,,1,Property Damage Only Collision,,2,0,0,0,2018/05/18 00:00:00+00,5/18/2018,Mid-Block (not related to intersection),14,"MOTOR VEHICLE STRUCK MOTOR VEHICLE, REAR END",,,,,,,,, ,,0,0,N
2134,1,-122.3465881,47.72321498,2427,75300,75300,2795752,Matched,Block,,N 130TH ST BETWEEN LINDEN AVE N AND AURORA AVE N,,,1,Property Damage Only Collision,Rear Ended,2,0,0,2,2007/04/15 00:00:00+00,4/15/2007 9:58:00 PM,Mid-Block (but intersection related),14,"MOTOR VEHICLE STRUCK MOTOR VEHICLE, REAR END",,0,Clear,Dry,Dark - Street Lights On,,7105015.0,,14,From same direction - both going straight - one stopped - rear-end,0,0,N
2135,1,-122.34991609999999,47.65477142,2428,226800,227140,3762431,Matched,Block,,FREMONT AVE N BETWEEN FREMONT WAY N AND XW N40, ,,1,Property Damage Only Collision,Parked Car,2,0,0,2,2016/08/29 00:00:00+00,8/29/2016 8:45:00 PM,Mid-Block (not related to intersection),11,"MOTOR VEHICLE STRUCK MOTOR VEHICLE, FRONT END AT ANGLE",,N,Clear,Dry,Dark - Street Lights On,,,,32,One parked--one moving,0,0,Y
2136,1,-122.3344443,47.65562822,2429,136600,136600,3504694,Matched,Block,,N 40TH ST BETWEEN BURKE AVE N AND MERIDIAN AVE N,,,1,Property Damage Only Collision,Other,1,0,0,1,2012/09/23 00:00:00+00,9/23/2012 12:57:00 PM,Mid-Block (not related to intersection),28,MOTOR VEHICLE RAN OFF ROAD - HIT FIXED OBJECT,,N,Clear,Dry,Daylight,,12267023.0,,50,Fixed object,0,0,N
2137,1,-122.2964259,47.72790793,2431,251000,251600,E722810,Matched,Intersection,36019.0,30TH AVE NE AND NE 137TH ST, ,,1,Property Damage Only Collision,Angles,0,0,0,2,2017/10/10 00:00:00+00,10/10/2017 5:47:00 PM,At Intersection (intersection related),11,"MOTOR VEHICLE STRUCK MOTOR VEHICLE, FRONT END AT ANGLE",,N,Overcast,Wet,Daylight,,,,10,Entering at angle,0,0,N
2138,2,-122.3671588,47.66146522,2432,75900,75900,2794099,Matched,Intersection,26709.0,LEARY WAY NW AND NW 45TH ST,,,2,Injury Collision,Other,1,0,0,1,2007/10/21 00:00:00+00,10/21/2007 2:25:00 AM,At Intersection (intersection related),28,MOTOR VEHICLE RAN OFF ROAD - HIT FIXED OBJECT,,1,Clear,Dry,Dark - Street Lights On,,7294004.0,Y,50,Fixed object,0,0,N
2139,1,-122.29548,47.62250944,2433,285200,286080,E792279,Matched,Block,,E HARRISON ST BETWEEN M L KING JR WAY E AND 29TH AVE E, ,,1,Property Damage Only Collision,Parked Car,2,0,0,2,2018/04/17 00:00:00+00,4/17/2018 2:30:00 PM,Mid-Block (not related to intersection),16,"MOTOR VEHICLE STRUCK MOTOR VEHICLE, LEFT SIDE SIDESWIPE",,N,Clear,Wet,Daylight,,,,32,One parked--one moving,0,0,Y
2140,1,-122.3294442,47.59239427,2434,138500,138500,3550276,Matched,Block,,S ROYAL BROUGHAM WAY BETWEEN 3RD AVE S AND 4TH AVE S,,,1,Property Damage Only Collision,Sideswipe,5,0,0,2,2012/09/15 00:00:00+00,9/15/2012 11:40:00 AM,Mid-Block (but intersection related),14,"MOTOR VEHICLE STRUCK MOTOR VEHICLE, REAR END",,N,Clear,Dry,Daylight,,12259025.0,,12,From same direction - both going straight - one stopped - sideswipe,0,0,N
2141,1,-122.3139265,47.59901514,2437,281500,282360,E783564,Matched,Block,,RAINIER AVE S BETWEEN BOREN AVE S AND S JACKSON PL, ,,1,Property Damage Only Collision,Rear Ended,3,0,0,2,2018/03/29 00:00:00+00,3/29/2018 5:32:00 PM,Mid-Block (but intersection related),14,"MOTOR VEHICLE STRUCK MOTOR VEHICLE, REAR END",,N,Clear,Dry,Daylight,,,,14,From same direction - both going straight - one stopped - rear-end,0,0,N
2142,2,-122.33373049999999,47.59239547,2438,150700,150720,3643834,Matched,Block,,S ROYAL BROUGHAM WAY BETWEEN 1ST AVE S AND OCCIDENTAL AVE S, ,,2,Injury Collision,Left Turn,2,0,0,2,2013/07/17 00:00:00+00,7/17/2013 6:48:00 AM,Mid-Block (not related to intersection),11,"MOTOR VEHICLE STRUCK MOTOR VEHICLE, FRONT END AT ANGLE",,N,Clear,Dry,Daylight,,,,28,From opposite direction - one left turn - one straight,0,0,N
2143,1,-122.35278149999999,47.625870299999995,2439,94000,94000,2791564,Matched,Block,,2ND AVE N BETWEEN ROY ST AND VALLEY ST,,,1,Property Damage Only Collision,Parked Car,2,0,0,2,2009/12/12 00:00:00+00,12/12/2009 7:46:00 PM,Mid-Block (not related to intersection),14,"MOTOR VEHICLE STRUCK MOTOR VEHICLE, REAR END",,0,Overcast,Dry,Dark - Street Lights Off,,9346018.0,,32,One parked--one moving,0,0,N
2144,1,-122.3554875,47.70962032,2440,192700,192780,3738742,Matched,Block,,GREENWOOD AVE N BETWEEN N 110TH ST AND N 112TH ST, ,,1,Property Damage Only Collision,Other,1,0,0,1,2015/05/11 00:00:00+00,5/11/2015 1:13:00 PM,Mid-Block (not related to intersection),28,MOTOR VEHICLE RAN OFF ROAD - HIT FIXED OBJECT,Y,N,Clear,Dry,Daylight,,,,50,Fixed object,0,0,N
2145,2,-122.31425379999999,47.68606261,2441,71200,71200,2895059,Matched,Block,,LAKE CITY WAY NE BETWEEN 12TH AVE NE AND NE 80TH ST,,,2,Injury Collision,Rear Ended,2,0,0,2,2007/11/28 00:00:00+00,11/28/2007 6:51:00 PM,Mid-Block (not related to intersection),14,"MOTOR VEHICLE STRUCK MOTOR VEHICLE, REAR END",,0,Raining,Wet,Dark - Street Lights On,,7332021.0,,14,From same direction - both going straight - one stopped - rear-end,0,0,N
2146,1,-122.30651189999999,47.66396513,2442,78600,78600,2611468,Matched,Block,,20TH AVE NE BETWEEN NE 47TH ST AND NE 50TH ST,,,1,Property Damage Only Collision,Parked Car,2,0,0,2,2007/10/20 00:00:00+00,10/20/2007 9:30:00 AM,Mid-Block (not related to intersection),13,"MOTOR VEHICLE STRUCK MOTOR VEHICLE, LEFT SIDE AT ANGLE",,0,Unknown,Unknown,Unknown,,7293029.0,,32,One parked--one moving,0,0,N
2147,1,-122.3289764,47.62122862,2443,144100,144100,3465922,Matched,Block,,STEWART ST OFF RP BETWEEN I5 SB AND STEWART ST, ,,1,Property Damage Only Collision,Rear Ended,3,0,0,2,2013/03/05 00:00:00+00,3/5/2013 5:10:00 PM,Mid-Block (but intersection related),14,"MOTOR VEHICLE STRUCK MOTOR VEHICLE, REAR END",Y,N,Overcast,Dry,Daylight,,13064016.0,,14,From same direction - both going straight - one stopped - rear-end,0,0,N
2148,2,-122.3608797,47.65041734,2444,288400,289260,3812069,Matched,Intersection,26694.0,3RD AVE W AND W BERTONA ST, ,,2,Injury Collision,Angles,2,0,0,2,2018/05/15 00:00:00+00,5/15/2018 7:44:00 PM,At Intersection (intersection related),11,"MOTOR VEHICLE STRUCK MOTOR VEHICLE, FRONT END AT ANGLE",,N,Clear,Dry,Daylight,,,,10,Entering at angle,0,0,N
2149,1,-122.3561572,47.70472613,2445,103600,103600,3286595,Matched,Block,,HOLMAN RD N BETWEEN N 104TH ST AND GREENWOOD AVE N,,,1,Property Damage Only Collision,Angles,4,0,0,4,2009/01/29 00:00:00+00,1/29/2009 1:00:00 PM,Mid-Block (but intersection related),11,"MOTOR VEHICLE STRUCK MOTOR VEHICLE, FRONT END AT ANGLE",,0,Overcast,Dry,Daylight,,9029009.0,,10,Entering at angle,0,0,N
2150,2,-122.4087788,47.57588016,2446,292400,293340,3745593,Matched,Block,,SW ADMIRAL WAY BETWEEN 59TH AVE SW AND 60TH AVE SW, ,,2,Injury Collision,Rear Ended,2,0,0,2,2018/06/14 00:00:00+00,6/14/2018 12:57:00 PM,Driveway Junction,14,"MOTOR VEHICLE STRUCK MOTOR VEHICLE, REAR END",Y,N,Clear,Dry,Daylight,,,,13,From same direction - both going straight - both moving - rear-end,0,0,N
2151,1,-122.31139579999999,47.67578296,2448,124900,124900,3559399,Matched,Block,,NE 65TH ST BETWEEN 15TH AVE NE AND 16TH AVE NE,,,1,Property Damage Only Collision,Sideswipe,2,0,0,2,2011/08/13 00:00:00+00,8/13/2011 5:59:00 PM,Mid-Block (not related to intersection),11,"MOTOR VEHICLE STRUCK MOTOR VEHICLE, FRONT END AT ANGLE",,0,Clear,Dry,Daylight,,11225012.0,,11,From same direction - both going straight - both moving - sideswipe,0,0,N
2152,2,-122.33968429999999,47.57055499,2449,278500,279400,3644337,Matched,Block,,EAST MARGINAL WAY S BETWEEN S SPOKANE SR ST AND EAST MARGINAL NB WAY S, ,,2,Injury Collision,Pedestrian,2,1,0,1,2018/03/24 00:00:00+00,3/24/2018 3:20:00 AM,Mid-Block (not related to intersection),24,MOTOR VEHCILE STRUCK PEDESTRIAN,,N,,,,,,,0,Vehicle going straight hits pedestrian,0,0,N
2153,1,-122.25684509999999,47.51563647,2450,127300,127300,3568420,Matched,Block,,WATERS AVE S BETWEEN 61ST AVE S AND WATERS ER AVE S,,,1,Property Damage Only Collision,Parked Car,2,0,0,2,2011/02/24 00:00:00+00,2/24/2011 12:01:00 AM,Mid-Block (not related to intersection),13,"MOTOR VEHICLE STRUCK MOTOR VEHICLE, LEFT SIDE AT ANGLE",,N,Snowing,Snow/Slush,Unknown,,11055009.0,,32,One parked--one moving,0,0,N