,SEVERITYCODE,X,Y,OBJECTID,INCKEY,COLDETKEY,REPORTNO,STATUS,ADDRTYPE,INTKEY,LOCATION,EXCEPTRSNCODE,EXCEPTRSNDESC,SEVERITYCODE.1,SEVERITYDESC,COLLISIONTYPE,PERSONCOUNT,PEDCOUNT,PEDCYLCOUNT,VEHCOUNT,INCDATE,INCDTTM,JUNCTIONTYPE,SDOT_COLCODE,SDOT_COLDESC,INATTENTIONIND,UNDERINFL,WEATHER,ROADCOND,LIGHTCOND,PEDROWNOTGRNT,SDOTCOLNUM,SPEEDING,ST_COLCODE,ST_COLDESC,SEGLANEKEY,CROSSWALKKEY,HITPARKEDCAR
2154,1,-122.3450853,47.73306346,2451,133500,133500,3613355,Matched,Block,,AURORA AVE N BETWEEN N 143RD ST AND ROOSEVELT WAY N,,,1,Property Damage Only Collision,Left Turn,6,0,0,3,2012/07/19 00:00:00+00,7/19/2012 1:30:00 PM,Mid-Block (not related to intersection),11,"MOTOR VEHICLE STRUCK MOTOR VEHICLE, FRONT END AT ANGLE",,N,Clear,Dry,Daylight,,12201029.0,,28,From opposite direction - one left turn - one straight,0,0,N
2155,1,-122.313794,47.71035499,2452,67000,67000,2625199,Matched,Intersection,36495.0,14TH AVE NE AND NE 113TH ST,,,1,Property Damage Only Collision,Parked Car,3,0,0,3,2007/05/06 00:00:00+00,5/6/2007,At Intersection (intersection related),26,MOTOR VEHICLE STRUCK OBJECT IN ROAD,,1,Clear,Dry,Dark - Street Lights On,,7126009.0,,32,One parked--one moving,0,0,N
2156,2,-122.3324513,47.60726631,2453,188300,188380,3739631,Matched,Intersection,29933.0,5TH AVE AND SPRING ST, ,,2,Injury Collision,Angles,3,0,0,2,2015/03/18 00:00:00+00,3/18/2015 11:40:00 PM,At Intersection (intersection related),11,"MOTOR VEHICLE STRUCK MOTOR VEHICLE, FRONT END AT ANGLE",,N,Clear,Dry,Dark - Street Lights On,,,,10,Entering at angle,0,0,N
2157,1,-122.33225619999999,47.54465389,2454,92300,92300,2892547,Matched,Block,,S MICHIGAN ST BETWEEN OCCIDENTAL AVE S AND EAST MARGINAL WAY S,,,1,Property Damage Only Collision,Other,2,0,0,2,2008/09/26 00:00:00+00,9/26/2008 4:11:00 PM,Driveway Junction,11,"MOTOR VEHICLE STRUCK MOTOR VEHICLE, FRONT END AT ANGLE",,0,Clear,Dry,Daylight,,8270008.0,,22,One car leaving driveway access,0,0,N
2158,1,-122.3725225,47.54676451,2456,156600,156620,3386202,Matched,Block,,SW GRAHAM ST BETWEEN 31ST AVE SW AND LANHAM PL SW, ,,1,Property Damage Only Collision,Parked Car,2,0,0,2,2013/11/10 00:00:00+00,11/10/2013 10:34:00 AM,Mid-Block (not related to intersection),14,"MOTOR VEHICLE STRUCK MOTOR VEHICLE, REAR END",Y,N,Overcast,Wet,Unknown,,,,32,One parked--one moving,0,0,N
2159,1,-122.3499054,47.68693908,2457,110500,110500,3568829,Matched,Intersection,24284.0,FREMONT AVE N AND N 80TH ST,,,1,Property Damage Only Collision,Left Turn,3,0,0,2,2010/12/04 00:00:00+00,12/4/2010 3:24:00 PM,At Intersection (intersection related),11,"MOTOR VEHICLE STRUCK MOTOR VEHICLE, FRONT END AT ANGLE",,N,Clear,Dry,Daylight,,10338004.0,,28,From opposite direction - one left turn - one straight,0,0,N
2160,2,-122.27772790000002,47.70943346,2458,127700,127700,3553044,Matched,Intersection,36782.0,EXETER AVE NE AND NE 110TH ST,,,2,Injury Collision,Other,1,0,0,1,2011/11/06 00:00:00+00,11/6/2011 6:09:00 PM,At Intersection (intersection related),28,MOTOR VEHICLE RAN OFF ROAD - HIT FIXED OBJECT,Y,N,Clear,Dry,Dark - Street Lights On,,11310003.0,,50,Fixed object,0,0,N
2161,1,-122.34455049999998,47.73412886,2459,86600,86600,2951957,Matched,Block,,N 145TH ST BETWEEN AURORA AVE N AND MIDVALE AVE N,,,1,Property Damage Only Collision,Angles,2,0,0,2,2008/05/17 00:00:00+00,5/17/2008 7:02:00 PM,Mid-Block (but intersection related),11,"MOTOR VEHICLE STRUCK MOTOR VEHICLE, FRONT END AT ANGLE",,0,Clear,Dry,Daylight,,8138041.0,,10,Entering at angle,0,0,N
2162,2,-122.32083689999999,47.65946261,2460,103300,103300,2803506,Matched,Intersection,27082.0,7TH AVE NE AND NE 43RD ST,,,2,Injury Collision,Angles,5,0,0,4,2009/10/11 00:00:00+00,10/11/2009 10:18:00 AM,At Intersection (intersection related),11,"MOTOR VEHICLE STRUCK MOTOR VEHICLE, FRONT END AT ANGLE",,0,Clear,Dry,Daylight,,9284015.0,,10,Entering at angle,0,0,N
2163,1,-122.3241919,47.57168636,2461,244500,245080,3730196,Matched,Block,,WEST SEATTLE BR WB BETWEEN I5 SB - W SEATTLE BR RP AND I5 NB - W SEATTLE BR RP, ,,1,Property Damage Only Collision,Rear Ended,2,0,0,2,2017/06/15 00:00:00+00,6/15/2017 7:29:00 PM,Mid-Block (not related to intersection),14,"MOTOR VEHICLE STRUCK MOTOR VEHICLE, REAR END",,N,Raining,Wet,Daylight,,,,14,From same direction - both going straight - one stopped - rear-end,0,0,N
2164,2,-122.27766409999998,47.55117602,2462,152500,152520,3589922,Matched,Intersection,33512.0,RAINIER AVE S AND S ORCAS ST, ,,2,Injury Collision,Left Turn,2,0,0,2,2013/08/13 00:00:00+00,8/13/2013 8:55:00 AM,At Intersection (intersection related),11,"MOTOR VEHICLE STRUCK MOTOR VEHICLE, FRONT END AT ANGLE",,N,Clear,Dry,Daylight,,,,28,From opposite direction - one left turn - one straight,0,0,N
2165,2,-122.30003789999999,47.54540584,2463,81000,81000,2892016,Matched,Intersection,167416.0,BEACON ER AVE S AND S EDDY ST,,,2,Injury Collision,Angles,2,0,0,2,2008/03/14 00:00:00+00,3/14/2008 3:07:00 PM,At Intersection (intersection related),11,"MOTOR VEHICLE STRUCK MOTOR VEHICLE, FRONT END AT ANGLE",,0,Overcast,Wet,Daylight,,8074011.0,,10,Entering at angle,0,0,N
2166,2,-122.3167805,47.60620305,2464,164600,164620,3585934,Matched,Intersection,29809.0,12TH AVE AND E JEFFERSON ST, ,,2,Injury Collision,Left Turn,2,0,0,2,2014/03/17 00:00:00+00,3/17/2014 2:48:00 PM,At Intersection (intersection related),11,"MOTOR VEHICLE STRUCK MOTOR VEHICLE, FRONT END AT ANGLE",,N,Clear,Dry,Daylight,,,,28,From opposite direction - one left turn - one straight,0,0,N
2167,2,-122.3104737,47.68304646,2465,157800,157820,3576836,Matched,Block,,NE 75TH ST BETWEEN 16TH AVE NE AND 17TH W AVE NE, ,,2,Injury Collision,Rear Ended,3,0,0,3,2013/12/03 00:00:00+00,12/3/2013 4:25:00 PM,Mid-Block (but intersection related),14,"MOTOR VEHICLE STRUCK MOTOR VEHICLE, REAR END",,N,Clear,Dry,Dark - Street Lights On,,,,14,From same direction - both going straight - one stopped - rear-end,0,0,N
2168,1,-122.32506370000002,47.59709366,2466,199600,199740,3732630,Matched,Block,,MAYNARD AVE S BETWEEN S WELLER ST AND S LANE ST, ,,1,Property Damage Only Collision,Parked Car,2,0,0,2,2015/08/10 00:00:00+00,8/10/2015 12:29:00 PM,Mid-Block (but intersection related),14,"MOTOR VEHICLE STRUCK MOTOR VEHICLE, REAR END",,N,Clear,Dry,Daylight,,,,32,One parked--one moving,0,0,Y
2169,1,-122.3148561,47.58921409,2467,120800,120800,3387522,Matched,Block,,14TH AVE S BETWEEN S ATLANTIC ST AND S MASSACHUSETTS ST,,,1,Property Damage Only Collision,Parked Car,2,0,0,2,2011/05/05 00:00:00+00,5/5/2011 7:54:00 AM,Mid-Block (not related to intersection),16,"MOTOR VEHICLE STRUCK MOTOR VEHICLE, LEFT SIDE SIDESWIPE",,N,Raining,Wet,Unknown,,11125012.0,,32,One parked--one moving,0,0,N
2170,1,-122.38989309999998,47.65764449,2468,273300,274140,E767038,Matched,Intersection,26512.0,26TH AVE W AND W ELMORE ST, ,,1,Property Damage Only Collision,Angles,3,0,0,3,2017/12/27 00:00:00+00,12/27/2017 11:15:00 PM,At Intersection (intersection related),14,"MOTOR VEHICLE STRUCK MOTOR VEHICLE, REAR END",,N,Overcast,Wet,Dark - No Street Lights,,,,10,Entering at angle,0,0,N
2171,1,-122.3341972,47.58716755,2469,175000,175020,3561022,Matched,Block,,1ST AVE S BETWEEN S MASSACHUSETTS ST AND S HOLGATE ST, ,,1,Property Damage Only Collision,Rear Ended,2,0,0,2,2014/09/10 00:00:00+00,9/10/2014 8:41:00 AM,Mid-Block (not related to intersection),14,"MOTOR VEHICLE STRUCK MOTOR VEHICLE, REAR END",,N,Clear,Dry,Daylight,,,,14,From same direction - both going straight - one stopped - rear-end,0,0,N
2172,1,-122.33951110000001,47.57438696,2470,240100,240540,2433729,Matched,Intersection,32184.0,EAST MARGINAL ER WAY S AND S HORTON ST, ,,1,Property Damage Only Collision,Angles,2,0,0,2,2017/03/01 00:00:00+00,3/1/2017 8:41:00 AM,At Intersection (intersection related),14,"MOTOR VEHICLE STRUCK MOTOR VEHICLE, REAR END",,N,Clear,Dry,Daylight,,,,10,Entering at angle,0,0,N
2173,2,,,2471,74400,74400,2807560,Matched,Block,,BROAD ST BETWEEN TAYLOR AVE N AND HARRISON ST,,,2,Injury Collision,Sideswipe,2,0,0,2,2007/05/11 00:00:00+00,5/11/2007 4:01:00 PM,Mid-Block (but intersection related),16,"MOTOR VEHICLE STRUCK MOTOR VEHICLE, LEFT SIDE SIDESWIPE",,0,Clear,Dry,Daylight,,7131034.0,,11,From same direction - both going straight - both moving - sideswipe,0,0,N
2174,1,-122.32637209999999,47.59625814,2472,204000,204140,E467333,Matched,Block,,6TH AVE S BETWEEN S LANE ST AND S DEARBORN ST, ,,1,Property Damage Only Collision,Angles,0,0,0,2,2015/09/30 00:00:00+00,9/30/2015 10:04:00 AM,Driveway Junction,11,"MOTOR VEHICLE STRUCK MOTOR VEHICLE, FRONT END AT ANGLE",,N,Clear,Dry,Daylight,,,,10,Entering at angle,0,0,N
2175,2,-122.3527922,47.62457274,2475,168900,168920,3705199,Matched,Intersection,28917.0,2ND AVE N AND MERCER ST, ,,2,Injury Collision,Cycles,2,0,1,1,2014/05/15 00:00:00+00,5/15/2014 6:22:00 PM,At Intersection (intersection related),18,"MOTOR VEHICLE STRUCK PEDALCYCLIST, FRONT END AT ANGLE",,N,Clear,Dry,Daylight,,,,45,Vehicle - Pedalcyclist,0,523112,N
2176,1,-122.31494359999999,47.65833557,2476,121500,121500,3505587,Matched,Block,,NE 42ND ST BETWEEN 12TH AVE NE AND BROOKLYN AVE NE,,,1,Property Damage Only Collision,Parked Car,2,0,0,2,2011/11/29 00:00:00+00,11/29/2011 4:30:00 PM,,0,NOT ENOUGH INFORMATION / NOT APPLICABLE,,N,Unknown,Unknown,Unknown,,11333013.0,,32,One parked--one moving,0,0,N
2177,1,-122.3368581,47.70685007,2477,163000,163020,3333750,Matched,Block,,N 107TH ST BETWEEN DENSMORE AVE N AND N NORTHGATE WAY, ,,1,Property Damage Only Collision,Other,5,0,0,2,2010/06/22 00:00:00+00,6/22/2010 1:14:00 PM,Mid-Block (not related to intersection),11,"MOTOR VEHICLE STRUCK MOTOR VEHICLE, FRONT END AT ANGLE",,N,Clear,Dry,Daylight,,,,23,From same direction - all others,0,0,N
2178,2,-122.2991597,47.57967346,2478,230600,231000,3754740,Matched,Block,,RAINIER AVE S BETWEEN S BAYVIEW ST AND S MCCLELLAN ST, ,,2,Injury Collision,Rear Ended,2,0,0,2,2016/10/04 00:00:00+00,10/4/2016 3:04:00 PM,Driveway Junction,14,"MOTOR VEHICLE STRUCK MOTOR VEHICLE, REAR END",,N,Clear,Wet,Daylight,,,,13,From same direction - both going straight - both moving - rear-end,0,0,N
2179,1,-122.2753723,47.55392276,2479,76100,76100,2797333,Matched,Block,,46TH AVE S BETWEEN S BENNETT ST AND S BRANDON ST,,,1,Property Damage Only Collision,Parked Car,2,0,0,2,2007/10/07 00:00:00+00,10/7/2007,Mid-Block (not related to intersection),11,"MOTOR VEHICLE STRUCK MOTOR VEHICLE, FRONT END AT ANGLE",Y,0,Raining,Wet,Daylight,,7280038.0,,20,One car leaving parked position,0,0,N
2180,1,-122.31696509999999,47.60085286,2480,246700,247280,3774004,Matched,Intersection,30418.0,12TH AVE S AND BOREN AVE S, ,,1,Property Damage Only Collision,Angles,0,0,0,2,2017/08/26 00:00:00+00,8/26/2017 4:00:00 PM,At Intersection (intersection related),11,"MOTOR VEHICLE STRUCK MOTOR VEHICLE, FRONT END AT ANGLE",,N,Clear,Dry,Daylight,,,,10,Entering at angle,0,0,N
2181,1,-122.31489750000001,47.61527742,2481,122400,122400,3377071,Matched,Block,,E PINE ST BETWEEN 13TH AVE AND 14TH AVE,,,1,Property Damage Only Collision,Parked Car,2,0,0,2,2011/01/06 00:00:00+00,1/6/2011 12:58:00 PM,Mid-Block (not related to intersection),13,"MOTOR VEHICLE STRUCK MOTOR VEHICLE, LEFT SIDE AT ANGLE",,N,Unknown,Unknown,Unknown,,11006010.0,,32,One parked--one moving,0,0,N
2182,1,-122.38706470000001,47.55120695,2482,199800,199940,3734509,Matched,Block,,CALIFORNIA AVE SW BETWEEN SW FINDLAY ST AND SW JUNEAU ST, ,,1,Property Damage Only Collision,Parked Car,2,0,0,2,2015/08/11 00:00:00+00,8/11/2015 10:30:00 AM,Mid-Block (not related to intersection),11,"MOTOR VEHICLE STRUCK MOTOR VEHICLE, FRONT END AT ANGLE",Y,N,Unknown,Unknown,Unknown,,,,32,One parked--one moving,0,0,Y
2183,2,-122.31333459999999,47.65339944,2485,160100,160120,3646309,Matched,Intersection,27167.0,UNIVERSITY WAY NE AND NE PACIFIC ST, ,,2,Injury Collision,Cycles,2,0,1,1,2014/01/09 00:00:00+00,1/9/2014 7:55:00 AM,At Intersection (intersection related),18,"MOTOR VEHICLE STRUCK PEDALCYCLIST, FRONT END AT ANGLE",,N,Overcast,Dry,Daylight,,,,45,Vehicle - Pedalcyclist,0,522415,N
2184,2,-122.3698722,47.69063892,2486,170400,170420,3587335,Matched,Block,,NW 85TH ST BETWEEN 10TH AVE NW AND 11TH AVE NW, ,,2,Injury Collision,Rear Ended,3,0,0,3,2014/06/22 00:00:00+00,6/22/2014 10:21:00 AM,Mid-Block (but intersection related),14,"MOTOR VEHICLE STRUCK MOTOR VEHICLE, REAR END",,N,Clear,Dry,Daylight,,,,14,From same direction - both going straight - one stopped - rear-end,0,0,N
2185,1,-122.3162737,47.619941499999996,2487,79300,79300,2806197,Matched,Block,,E JOHN ST BETWEEN 12TH AVE E AND 13TH AVE E,,,1,Property Damage Only Collision,Rear Ended,2,0,0,2,2008/10/03 00:00:00+00,10/3/2008,Mid-Block (but intersection related),14,"MOTOR VEHICLE STRUCK MOTOR VEHICLE, REAR END",Y,0,Raining,Wet,Daylight,,8277019.0,,14,From same direction - both going straight - one stopped - rear-end,0,0,N
2186,1,-122.3312436,47.60678479,2488,147600,147620,C769620,Unmatched,Block,,MADISON ST BETWEEN 5TH AVE AND 6TH AVE,NEI,"Not Enough Information, or Insufficient Location Information",1,Property Damage Only Collision,,1,0,0,0,2012/09/20 00:00:00+00,9/20/2012,Mid-Block (not related to intersection),0,NOT ENOUGH INFORMATION / NOT APPLICABLE,,,,,,,,, ,,0,0,N
2187,1,-122.35780590000002,47.52194937,2489,116900,116900,3343032,Matched,Block,,18TH AVE SW BETWEEN SW HENDERSON ST AND SW BARTON ST,,,1,Property Damage Only Collision,Parked Car,2,0,0,2,2010/11/05 00:00:00+00,11/5/2010 9:11:00 AM,Mid-Block (not related to intersection),14,"MOTOR VEHICLE STRUCK MOTOR VEHICLE, REAR END",Y,N,Overcast,Dry,Daylight,,10309021.0,,32,One parked--one moving,0,0,N
2188,1,-122.32376359999999,47.595833299999995,2490,249400,250000,E717085,Matched,Intersection,30544.0,7TH AVE S AND S DEARBORN ST, ,,1,Property Damage Only Collision,Rear Ended,0,0,0,2,2017/09/28 00:00:00+00,9/28/2017 4:30:00 PM,At Intersection (intersection related),14,"MOTOR VEHICLE STRUCK MOTOR VEHICLE, REAR END",,N,Clear,Dry,Daylight,,,,74,Same direction -- both turning right -- one stopped -- rear end,0,0,N
2189,1,-122.38207849999999,47.52291678,2491,79000,79000,2609228,Matched,Intersection,34733.0,39TH AVE SW AND SW HENDERSON ST,,,1,Property Damage Only Collision,Other,2,0,0,2,2007/01/14 00:00:00+00,1/14/2007 11:15:00 AM,At Intersection (intersection related),26,MOTOR VEHICLE STRUCK OBJECT IN ROAD,,0,Clear,Ice,Daylight,,7014003.0,,23,From same direction - all others,0,0,N
2190,1,-122.33428799999999,47.62469378,2492,127600,127600,3383384,Matched,Intersection,28760.0,FAIRVIEW AVE N AND MERCER ST,,,1,Property Damage Only Collision,Left Turn,3,0,0,2,2011/01/12 00:00:00+00,1/12/2011 10:00:00 AM,At Intersection (intersection related),11,"MOTOR VEHICLE STRUCK MOTOR VEHICLE, FRONT END AT ANGLE",,N,Raining,Wet,Daylight,,11012015.0,,15,From same direction - one left turn - one straight,0,0,N
2191,1,-122.3341168,47.60656932,2493,73700,73700,2796835,Matched,Block,,SPRING ST BETWEEN 3RD AVE AND 4TH AVE,,,1,Property Damage Only Collision,Other,3,0,0,2,2007/08/29 00:00:00+00,8/29/2007 4:00:00 PM,Mid-Block (not related to intersection),11,"MOTOR VEHICLE STRUCK MOTOR VEHICLE, FRONT END AT ANGLE",,0,Clear,Dry,Daylight,,7241015.0,,23,From same direction - all others,0,0,N
2192,1,-122.34624840000002,47.62671434,2494,75400,75400,2609062,Matched,Block,,TAYLOR AVE N BETWEEN VALLEY ST AND ALOHA ST,,,1,Property Damage Only Collision,Parked Car,2,0,0,2,2007/07/09 00:00:00+00,7/9/2007,Driveway Junction,13,"MOTOR VEHICLE STRUCK MOTOR VEHICLE, LEFT SIDE AT ANGLE",,0,Clear,Dry,Unknown,,7190009.0,,32,One parked--one moving,0,0,N
2193,1,-122.3330014,47.610382,2495,245100,245700,3581455,Matched,Block,,UNION ST BETWEEN 6TH AVE AND 7TH AVE, ,,1,Property Damage Only Collision,Sideswipe,4,0,0,2,2017/07/27 00:00:00+00,7/27/2017 10:17:00 PM,Mid-Block (not related to intersection),14,"MOTOR VEHICLE STRUCK MOTOR VEHICLE, REAR END",,N,Clear,Dry,Dark - Street Lights On,,,,12,From same direction - both going straight - one stopped - sideswipe,0,0,N
2194,1,-122.28899569999999,47.56704703,2496,173500,173520,3581035,Matched,Block,,RAINIER AVE S BETWEEN S ANDOVER ST AND S DAKOTA ST, ,,1,Property Damage Only Collision,Angles,2,0,0,2,2014/08/09 00:00:00+00,8/9/2014 2:17:00 PM,Mid-Block (not related to intersection),11,"MOTOR VEHICLE STRUCK MOTOR VEHICLE, FRONT END AT ANGLE",,N,Clear,Dry,Daylight,,,,10,Entering at angle,0,0,N
2195,1,-122.366721,47.69936571,2498,222500,222780,E557270,Matched,Block,,HOLMAN RD NW BETWEEN 9TH AVE NW AND 7TH AVE NW, ,,1,Property Damage Only Collision,Sideswipe,2,0,0,2,2016/06/22 00:00:00+00,6/22/2016 3:40:00 PM,Mid-Block (not related to intersection),11,"MOTOR VEHICLE STRUCK MOTOR VEHICLE, FRONT END AT ANGLE",,N,Clear,Dry,Daylight,,,,11,From same direction - both going straight - both moving - sideswipe,0,0,N
2196,1,-122.2922807,47.72919974,2499,143000,143000,3599140,Matched,Block,,LAKE CITY WAY NE BETWEEN NE 137TH ST AND NE 140TH ST, ,,1,Property Damage Only Collision,Sideswipe,2,0,0,2,2013/01/29 00:00:00+00,1/29/2013 11:21:00 AM,Mid-Block (not related to intersection),16,"MOTOR VEHICLE STRUCK MOTOR VEHICLE, LEFT SIDE SIDESWIPE",,N,Unknown,Wet,Daylight,,13029025.0,,12,From same direction - both going straight - one stopped - sideswipe,0,0,N
2197,2,-122.2920389,47.56077931,2500,219400,219683,E534077,Matched,Block,,S ALASKA ST BETWEEN 31ST AVE S AND 32ND AVE S, ,,2,Injury Collision,Rear Ended,0,0,0,3,2016/04/12 00:00:00+00,4/12/2016 3:54:00 PM,Mid-Block (not related to intersection),14,"MOTOR VEHICLE STRUCK MOTOR VEHICLE, REAR END",,N,Raining,Wet,Daylight,,,,13,From same direction - both going straight - both moving - rear-end,0,0,N
2198,1,-122.36219240000001,47.57134398,2501,166400,166420,3505340,Matched,Intersection,32010.0,CHELAN AVE SW AND SW SPOKANE SR ST, ,,1,Property Damage Only Collision,Other,1,0,0,1,2014/04/18 00:00:00+00,4/18/2014 5:07:00 PM,At Intersection (intersection related),26,MOTOR VEHICLE STRUCK OBJECT IN ROAD,,N,Clear,Dry,Daylight,,,,50,Fixed object,0,0,N
2199,1,-122.35017109999998,47.62586048,2502,92000,92000,3285732,Matched,Block,,NOB HILL AVE N BETWEEN ROY ST AND VALLEY ST,,,1,Property Damage Only Collision,Parked Car,2,0,0,2,2008/12/01 00:00:00+00,12/1/2008,Mid-Block (not related to intersection),16,"MOTOR VEHICLE STRUCK MOTOR VEHICLE, LEFT SIDE SIDESWIPE",,0,Unknown,Unknown,Daylight,,8336035.0,,32,One parked--one moving,0,0,N
2200,1,-122.39886429999999,47.58541137,2503,247300,247881,3694634,Matched,Block,,ALKI AVE SW BETWEEN SW ILLINOIS ST AND BONAIR DR SW, ,,1,Property Damage Only Collision,Parked Car,0,0,0,2,2017/08/31 00:00:00+00,8/31/2017 12:00:00 PM,Mid-Block (not related to intersection),0,NOT ENOUGH INFORMATION / NOT APPLICABLE,,N,Clear,Dry,Daylight,,,,32,One parked--one moving,0,0,N
2201,1,-122.329058,47.5850737,2504,177000,177020,3588853,Matched,Block,,4TH AVE S BETWEEN S HOLGATE ST AND S WALKER ST, ,,1,Property Damage Only Collision,Parked Car,2,0,0,2,2014/09/04 00:00:00+00,9/4/2014 8:00:00 PM,Mid-Block (not related to intersection),14,"MOTOR VEHICLE STRUCK MOTOR VEHICLE, REAR END",,N,Unknown,Unknown,Unknown,,,,32,One parked--one moving,0,0,N
2202,1,-122.3972976,47.57841088,2505,87400,87400,2619437,Matched,Block,,51ST AVE SW BETWEEN SW ADMIRAL WAY AND SW STEVENS ST,,,1,Property Damage Only Collision,Parked Car,2,0,0,2,2008/12/18 00:00:00+00,12/18/2008 3:20:00 AM,Mid-Block (not related to intersection),14,"MOTOR VEHICLE STRUCK MOTOR VEHICLE, REAR END",,0,Clear,Ice,Dark - Street Lights On,,8353032.0,Y,32,One parked--one moving,0,0,N
2203,2,-122.37678970000002,47.68596821,2506,117500,117500,3328097,Matched,Block,,15TH AVE NW BETWEEN NW 77TH ST AND NW 80TH ST,,,2,Injury Collision,Rear Ended,3,0,0,2,2010/02/21 00:00:00+00,2/21/2010 2:00:00 PM,Mid-Block (but intersection related),14,"MOTOR VEHICLE STRUCK MOTOR VEHICLE, REAR END",,N,Clear,Dry,Daylight,,10052003.0,Y,14,From same direction - both going straight - one stopped - rear-end,0,0,N
2204,2,-122.3928709,47.67092116,2507,225600,225937,E575126,Matched,Intersection,25218.0,28TH AVE NW AND NW 58TH ST, ,,2,Injury Collision,Cycles,2,0,1,1,2016/08/17 00:00:00+00,8/17/2016 6:25:00 AM,At Intersection (intersection related),18,"MOTOR VEHICLE STRUCK PEDALCYCLIST, FRONT END AT ANGLE",,N,Clear,Dry,Daylight,,,,45,Vehicle - Pedalcyclist,0,0,N
2205,2,-122.38553590000002,47.55840034,2508,172000,172020,3570930,Matched,Block,,42ND AVE SW BETWEEN SW EDMUNDS ST AND SW HUDSON ST, ,,2,Injury Collision,Pedestrian,2,1,0,1,2014/07/15 00:00:00+00,7/15/2014 2:27:00 PM,Mid-Block (not related to intersection),24,MOTOR VEHCILE STRUCK PEDESTRIAN,,N,Clear,Dry,Daylight,,,,0,Vehicle going straight hits pedestrian,0,0,N
2206,2,-122.3245396,47.73406131,2509,80700,80700,2860107,Matched,Block,,NE 145TH ST BETWEEN 145TH ST ON RP AND 5TH AVE NE,,,2,Injury Collision,Rear Ended,2,0,0,2,2008/02/06 00:00:00+00,2/6/2008,Mid-Block (but intersection related),14,"MOTOR VEHICLE STRUCK MOTOR VEHICLE, REAR END",,0,Raining,Wet,Daylight,,8037039.0,,14,From same direction - both going straight - one stopped - rear-end,0,0,N
2207,2,-122.33910060000001,47.57527209,2510,129700,129700,3289725,Matched,Block,,ALASKAN WY VI NB BETWEEN ALASKAN WY VI NB ON RP AND S LANDER ST,,,2,Injury Collision,Other,3,0,0,2,2011/02/18 00:00:00+00,2/18/2011 9:21:00 PM,Mid-Block (not related to intersection),26,MOTOR VEHICLE STRUCK OBJECT IN ROAD,,N,Clear,Unknown,Dark - Street Lights On,,11049037.0,,50,Fixed object,0,0,N
2208,1,-122.35665120000002,47.62914105,2511,140800,140800,3503568,Matched,Block,,QUEEN ANNE AVE N BETWEEN PROSPECT ST AND HIGHLAND DR,,,1,Property Damage Only Collision,Rear Ended,2,0,0,2,2012/07/17 00:00:00+00,7/17/2012 12:58:00 PM,Mid-Block (but intersection related),14,"MOTOR VEHICLE STRUCK MOTOR VEHICLE, REAR END",,Y,Clear,Dry,Daylight,,12199007.0,,14,From same direction - both going straight - one stopped - rear-end,0,0,N
2209,2,-122.35286740000001,47.67388234,2512,72100,72100,2829155,Matched,Intersection,25600.0,DAYTON AVE N AND N 62ND ST,,,2,Injury Collision,Angles,3,0,0,2,2007/06/10 00:00:00+00,6/10/2007 4:24:00 PM,At Intersection (intersection related),11,"MOTOR VEHICLE STRUCK MOTOR VEHICLE, FRONT END AT ANGLE",,0,Clear,Dry,Daylight,,7161013.0,,10,Entering at angle,0,0,N
2210,1,-122.35782240000002,47.66341303,2513,125900,125900,3466872,Matched,Block,,NW MARKET ST BETWEEN 1ST AVE NW AND NW 48TH ST,,,1,Property Damage Only Collision,Rear Ended,4,0,0,3,2011/11/18 00:00:00+00,11/18/2011 6:40:00 PM,Mid-Block (not related to intersection),14,"MOTOR VEHICLE STRUCK MOTOR VEHICLE, REAR END",Y,N,Overcast,Wet,Dark - Street Lights On,,11322031.0,,14,From same direction - both going straight - one stopped - rear-end,0,0,N
2211,1,-122.25590030000001,47.50895426,2514,232300,232700,E617827,Matched,Block,,62ND AVE S BETWEEN S RYAN ST AND S PRENTICE ST, ,,1,Property Damage Only Collision,Parked Car,5,0,0,2,2016/12/08 00:00:00+00,12/8/2016 5:48:00 PM,Mid-Block (not related to intersection),14,"MOTOR VEHICLE STRUCK MOTOR VEHICLE, REAR END",Y,N,Clear,Dry,Dark - Street Lights On,,,,32,One parked--one moving,0,0,N
2212,1,-122.32929209999999,47.61844935,2516,207400,207600,3585344,Matched,Block,,DENNY WAY BETWEEN STEWART ST AND MELROSE AVE, ,,1,Property Damage Only Collision,Sideswipe,2,0,0,2,2015/11/23 00:00:00+00,11/23/2015 6:42:00 PM,Mid-Block (but intersection related),11,"MOTOR VEHICLE STRUCK MOTOR VEHICLE, FRONT END AT ANGLE",,N,Raining,Wet,Dark - Street Lights On,,,,11,From same direction - both going straight - both moving - sideswipe,0,0,N
2213,2,-122.3326402,47.60916022,2517,175400,175420,3643875,Matched,Intersection,29914.0,6TH AVE AND UNIVERSITY ST, ,,2,Injury Collision,Angles,3,0,0,2,2014/09/06 00:00:00+00,9/6/2014 7:55:00 PM,At Intersection (intersection related),11,"MOTOR VEHICLE STRUCK MOTOR VEHICLE, FRONT END AT ANGLE",Y,Y,Clear,Dry,Dark - Street Lights On,,,,10,Entering at angle,0,0,N
2214,1,-122.38989309999998,47.65764449,2518,217500,217780,3791173,Matched,Intersection,26512.0,26TH AVE W AND W ELMORE ST, ,,1,Property Damage Only Collision,Angles,3,0,0,2,2016/04/05 00:00:00+00,4/5/2016 8:30:00 AM,At Intersection (intersection related),11,"MOTOR VEHICLE STRUCK MOTOR VEHICLE, FRONT END AT ANGLE",,N,Clear,Dry,Daylight,,,,10,Entering at angle,0,0,N