,SEVERITYCODE,X,Y,OBJECTID,INCKEY,COLDETKEY,REPORTNO,STATUS,ADDRTYPE,INTKEY,LOCATION,EXCEPTRSNCODE,EXCEPTRSNDESC,SEVERITYCODE.1,SEVERITYDESC,COLLISIONTYPE,PERSONCOUNT,PEDCOUNT,PEDCYLCOUNT,VEHCOUNT,INCDATE,INCDTTM,JUNCTIONTYPE,SDOT_COLCODE,SDOT_COLDESC,INATTENTIONIND,UNDERINFL,WEATHER,ROADCOND,LIGHTCOND,PEDROWNOTGRNT,SDOTCOLNUM,SPEEDING,ST_COLCODE,ST_COLDESC,SEGLANEKEY,CROSSWALKKEY,HITPARKEDCAR
2215,2,-122.34707009999998,47.53407785,2520,126800,126800,3380248,Matched,Intersection,34153.0,HIGHLAND PARK WAY SW AND SW HOLDEN N ST,,,2,Injury Collision,Left Turn,3,0,0,3,2011/11/16 00:00:00+00,11/16/2011 5:50:00 PM,At Intersection (intersection related),11,"MOTOR VEHICLE STRUCK MOTOR VEHICLE, FRONT END AT ANGLE",,N,Raining,Wet,Dark - Street Lights Off,,11320015.0,,28,From opposite direction - one left turn - one straight,0,0,N
2216,1,-122.38676650000001,47.57072552,2521,149300,149320,C767266,Unmatched,Block,,CALIFORNIA AVE SW BETWEEN SW MANNING ST AND SW CHARLESTOWN ST, ,,1,Property Damage Only Collision,,1,0,0,0,2012/07/27 00:00:00+00,7/27/2012,Mid-Block (not related to intersection),14,"MOTOR VEHICLE STRUCK MOTOR VEHICLE, REAR END",,,,,,,,, ,,0,0,N
2217,1,-122.2483602,47.51007367,2522,107800,107800,3336026,Matched,Block,,68TH AVE S BETWEEN RAINIER AVE S AND HOLYOKE WAY S,,,1,Property Damage Only Collision,Other,1,0,0,1,2010/02/15 00:00:00+00,2/15/2010 5:39:00 AM,Mid-Block (not related to intersection),28,MOTOR VEHICLE RAN OFF ROAD - HIT FIXED OBJECT,,N,Fog/Smog/Smoke,Wet,Dark - No Street Lights,,10046008.0,,50,Fixed object,0,0,N
2218,2,-122.3315981,47.60129743,2523,146700,146720,3644031,Matched,Block,,2ND AV ET S BETWEEN S WASHINGTON ST AND YESLER WAY, ,,2,Injury Collision,Parked Car,3,0,0,2,2013/05/22 00:00:00+00,5/22/2013 11:00:00 AM,Mid-Block (not related to intersection),11,"MOTOR VEHICLE STRUCK MOTOR VEHICLE, FRONT END AT ANGLE",,N,Raining,Wet,Daylight,,,,32,One parked--one moving,0,0,N
2219,1,-122.3540261,47.61664271,2525,229600,229960,E596429,Matched,Block,,WESTERN AVE BETWEEN BROAD ST AND EAGLE ST, ,,1,Property Damage Only Collision,Parked Car,2,0,0,2,2016/10/02 00:00:00+00,10/2/2016 6:51:00 PM,Mid-Block (not related to intersection),14,"MOTOR VEHICLE STRUCK MOTOR VEHICLE, REAR END",,N,Clear,Dry,Dusk,,,,32,One parked--one moving,0,0,N
2220,1,-122.3886672,47.67858387,2526,176400,176420,3706243,Matched,Block,,25TH AVE NW BETWEEN NW 67TH ST AND NW 70TH ST, ,,1,Property Damage Only Collision,Parked Car,2,0,0,2,2014/10/01 00:00:00+00,10/1/2014 1:24:00 PM,Mid-Block (not related to intersection),13,"MOTOR VEHICLE STRUCK MOTOR VEHICLE, LEFT SIDE AT ANGLE",,N,Clear,Dry,Daylight,,,,32,One parked--one moving,0,0,N
2221,1,-122.33214199999999,47.61076192,2527,143500,143500,3330562,Matched,Block,,UNION ST BETWEEN 7TH AVE AND CONVENTION PL, ,,1,Property Damage Only Collision,Sideswipe,2,0,0,2,2013/01/30 00:00:00+00,1/30/2013 10:00:00 AM,Mid-Block (not related to intersection),11,"MOTOR VEHICLE STRUCK MOTOR VEHICLE, FRONT END AT ANGLE",,N,Raining,Wet,Daylight,,13030014.0,,11,From same direction - both going straight - both moving - sideswipe,0,0,N
2222,1,-122.3610919,47.53795417,2528,101700,101700,3296159,Matched,Intersection,33963.0,DELRIDGE WAY SW AND SW ORCHARD ST,,,1,Property Damage Only Collision,Left Turn,5,0,0,2,2009/05/24 00:00:00+00,5/24/2009 1:35:00 PM,At Intersection (intersection related),11,"MOTOR VEHICLE STRUCK MOTOR VEHICLE, FRONT END AT ANGLE",,0,Clear,Dry,Daylight,,9144006.0,,28,From opposite direction - one left turn - one straight,0,0,N
2223,1,-122.3789054,47.55744186,2529,117800,117800,3288015,Matched,Intersection,32776.0,37TH AVE SW AND SW HUDSON ST,,,1,Property Damage Only Collision,Angles,2,0,0,2,2010/09/04 00:00:00+00,9/4/2010 10:44:00 PM,At Intersection (intersection related),11,"MOTOR VEHICLE STRUCK MOTOR VEHICLE, FRONT END AT ANGLE",,N,Clear,Dry,Dark - Street Lights On,,10247014.0,,10,Entering at angle,0,0,N
2224,1,-122.34189920000001,47.69671003,2530,272000,272840,E770958,Matched,Block,,STONE AVE N BETWEEN N 93RD ST AND N 94TH ST, ,,1,Property Damage Only Collision,Parked Car,3,0,0,2,2018/02/13 00:00:00+00,2/13/2018 10:57:00 AM,Mid-Block (not related to intersection),11,"MOTOR VEHICLE STRUCK MOTOR VEHICLE, FRONT END AT ANGLE",,N,Clear,Dry,Daylight,,,,20,One car leaving parked position,0,0,N
2225,2,-122.27901340000001,47.52611725,2532,80600,80600,2797672,Matched,Intersection,487284.0,M L KING JR ER WAY S AND S CLOVERDALE ST,,,2,Injury Collision,Angles,2,0,0,2,2008/11/14 00:00:00+00,11/14/2008 10:40:00 AM,At Intersection (intersection related),11,"MOTOR VEHICLE STRUCK MOTOR VEHICLE, FRONT END AT ANGLE",,0,Clear,Dry,Daylight,,8319027.0,,10,Entering at angle,0,0,N
2226,1,-122.2971996,47.73379124,2533,145000,145000,E204327,Matched,Block,,NE 145TH ST BETWEEN 28TH AVE NE AND 30TH AVE NE, ,,1,Property Damage Only Collision,Rear Ended,2,0,0,2,2012/10/19 00:00:00+00,10/19/2012 9:01:00 PM,Mid-Block (not related to intersection),14,"MOTOR VEHICLE STRUCK MOTOR VEHICLE, REAR END",,Y,Raining,Wet,Dark - Street Lights On,,,Y,14,From same direction - both going straight - one stopped - rear-end,0,0,N
2227,2,-122.3277324,47.66499993,2534,141300,141300,3564546,Matched,Block,,NE 50TH ST BETWEEN 1ST AVE NE AND 2ND AVE NE,,,2,Injury Collision,Rear Ended,6,0,0,2,2012/04/28 00:00:00+00,4/28/2012 2:00:00 PM,Mid-Block (not related to intersection),14,"MOTOR VEHICLE STRUCK MOTOR VEHICLE, REAR END",,N,Clear,Dry,Daylight,,12119012.0,,13,From same direction - both going straight - both moving - rear-end,0,0,N
2228,2,-122.30438640000001,47.55963761,2536,211900,212140,E506238,Matched,Intersection,166923.0,BEACON ER AVE S AND S COLUMBIAN WAY, ,,2,Injury Collision,Angles,2,0,0,2,2016/01/12 00:00:00+00,1/12/2016 5:36:00 PM,At Intersection (intersection related),11,"MOTOR VEHICLE STRUCK MOTOR VEHICLE, FRONT END AT ANGLE",,N,Raining,Wet,Dark - Street Lights On,,,,10,Entering at angle,0,0,N
2229,2,-122.32376359999999,47.595833299999995,2538,247500,248080,E700787,Matched,Intersection,30544.0,7TH AVE S AND S DEARBORN ST, ,,2,Injury Collision,Angles,3,0,0,2,2017/07/29 00:00:00+00,7/29/2017 9:58:00 PM,At Intersection (intersection related),11,"MOTOR VEHICLE STRUCK MOTOR VEHICLE, FRONT END AT ANGLE",,N,Clear,Dry,Dark - Street Lights On,,,,10,Entering at angle,0,0,N
2230,1,-122.35794890000001,47.53368656,2539,123700,123700,3342658,Matched,Block,,SW HOLDEN ST BETWEEN 18TH AVE SW AND 19TH AVE SW,,,1,Property Damage Only Collision,Angles,2,0,0,2,2011/06/09 00:00:00+00,6/9/2011 6:46:00 AM,Mid-Block (but intersection related),11,"MOTOR VEHICLE STRUCK MOTOR VEHICLE, FRONT END AT ANGLE",,N,Clear,Dry,Dawn,,11160014.0,,10,Entering at angle,0,0,N
2231,1,-122.343675,47.62206083,2541,120200,120200,3375860,Matched,Intersection,28784.0,7TH AVE N AND HARRISON ST,,,1,Property Damage Only Collision,Other,1,0,0,1,2011/03/29 00:00:00+00,3/29/2011 1:30:00 AM,At Intersection (but not related to intersection),28,MOTOR VEHICLE RAN OFF ROAD - HIT FIXED OBJECT,,N,Raining,Wet,Dark - Street Lights On,,11088009.0,,50,Fixed object,0,0,N
2232,2,-122.33539760000001,47.686167299999994,2542,243100,243597,E676107,Matched,Block,,STROUD AVE N BETWEEN EAST GREEN LAKE DR N AND N 80TH W ST, ,,2,Injury Collision,Head On,2,0,0,2,2017/05/26 00:00:00+00,5/26/2017 9:28:00 AM,Mid-Block (but intersection related),11,"MOTOR VEHICLE STRUCK MOTOR VEHICLE, FRONT END AT ANGLE",,N,Clear,Dry,Daylight,,,,30,From opposite direction - all others,0,0,N
2233,1,-122.30553940000001,47.58807595,2543,171600,171620,3642282,Matched,Block,,RAINIER AVE S BETWEEN S MASSACHUSETTS ST AND S STATE ST, ,,1,Property Damage Only Collision,Sideswipe,2,0,0,2,2014/07/09 00:00:00+00,7/9/2014 1:34:00 PM,Mid-Block (not related to intersection),11,"MOTOR VEHICLE STRUCK MOTOR VEHICLE, FRONT END AT ANGLE",Y,N,Clear,Dry,Daylight,,,,11,From same direction - both going straight - both moving - sideswipe,0,0,N
2234,1,-122.3008869,47.66326618,2544,108400,108400,3284439,Matched,Intersection,25960.0,25TH AVE NE AND NE 47TH ST,,,1,Property Damage Only Collision,Left Turn,2,0,0,2,2010/04/26 00:00:00+00,4/26/2010 10:35:00 AM,At Intersection (intersection related),11,"MOTOR VEHICLE STRUCK MOTOR VEHICLE, FRONT END AT ANGLE",,N,Raining,Wet,Unknown,,10116027.0,,28,From opposite direction - one left turn - one straight,0,0,N
2235,2,-122.3323612,47.62311779,2545,132900,132900,3329007,Matched,Block,,REPUBLICAN ST BETWEEN MINOR AVE N AND PONTIUS AVE N,,,2,Injury Collision,Rear Ended,3,0,0,2,2012/05/12 00:00:00+00,5/12/2012 8:43:00 AM,Mid-Block (not related to intersection),14,"MOTOR VEHICLE STRUCK MOTOR VEHICLE, REAR END",,N,Clear,Dry,Daylight,,12133013.0,,14,From same direction - both going straight - one stopped - rear-end,0,0,N
2236,1,-122.3223861,47.67913789999999,2546,86100,86100,2829340,Matched,Block,,WEEDIN PL NE BETWEEN NE 69TH ST AND 5TH AVE NE,,,1,Property Damage Only Collision,Sideswipe,2,0,0,2,2008/05/08 00:00:00+00,5/8/2008,Mid-Block (not related to intersection),16,"MOTOR VEHICLE STRUCK MOTOR VEHICLE, LEFT SIDE SIDESWIPE",,0,Clear,Dry,Daylight,,8129014.0,,12,From same direction - both going straight - one stopped - sideswipe,0,0,N
2237,1,-122.32320859999999,47.70629142,2547,182700,182760,3707951,Matched,Intersection,36534.0,5TH AVE NE AND NE 106TH ST, ,,1,Property Damage Only Collision,Left Turn,2,0,0,2,2014/12/26 00:00:00+00,12/26/2014 6:18:00 PM,At Intersection (intersection related),11,"MOTOR VEHICLE STRUCK MOTOR VEHICLE, FRONT END AT ANGLE",,N,Clear,Dry,Dark - Street Lights Off,,,,28,From opposite direction - one left turn - one straight,0,0,N
2238,1,-122.3080199,47.73389828,2550,282700,283560,E777680,Matched,Block,,NE 145TH ST BETWEEN 19TH AVE NE AND 20TH AVE NE, ,,1,Property Damage Only Collision,Rear Ended,3,0,0,3,2018/02/23 00:00:00+00,2/23/2018 3:51:00 PM,Mid-Block (not related to intersection),14,"MOTOR VEHICLE STRUCK MOTOR VEHICLE, REAR END",,N,Blowing Sand/Dirt,Snow/Slush,Daylight,,,Y,14,From same direction - both going straight - one stopped - rear-end,0,0,N
2239,2,-122.34636529999999,47.72686059,2551,137700,137700,3545221,Matched,Block,,N 135TH ST BETWEEN LINDEN AVE N AND AURORA AVE N,,,2,Injury Collision,Other,4,0,0,3,2012/05/13 00:00:00+00,5/13/2012 2:20:00 PM,Driveway Junction,14,"MOTOR VEHICLE STRUCK MOTOR VEHICLE, REAR END",,N,Clear,Dry,Daylight,,12134014.0,,23,From same direction - all others,0,0,N
2240,1,-122.3776564,47.66366682,2552,200200,200340,3736604,Matched,Block,,NW LEARY WAY BETWEEN 15TH SB AVE NW AND LEARY AVE NW, ,,1,Property Damage Only Collision,Other,1,0,0,1,2015/08/13 00:00:00+00,8/13/2015 6:15:00 PM,Mid-Block (but intersection related),28,MOTOR VEHICLE RAN OFF ROAD - HIT FIXED OBJECT,,N,Clear,Dry,Daylight,,,,50,Fixed object,0,0,N
2241,2,-122.3334501,47.54664079,2553,177300,177320,E352066,Matched,Block,,EAST MARGINAL WAY S BETWEEN 1ST AV S BR NB AND S FRONT ST, ,,2,Injury Collision,Sideswipe,3,0,0,2,2014/08/21 00:00:00+00,8/21/2014 9:13:00 AM,Mid-Block (not related to intersection),14,"MOTOR VEHICLE STRUCK MOTOR VEHICLE, REAR END",,N,Clear,Dry,Daylight,,,Y,11,From same direction - both going straight - both moving - sideswipe,0,0,N
2242,1,-122.31482959999998,47.69763566,2554,223500,223780,E562350,Matched,Intersection,37511.0,12TH AVE NE AND NE 95TH ST, ,,1,Property Damage Only Collision,Other,1,0,0,1,2016/07/11 00:00:00+00,7/11/2016 7:49:00 AM,At Intersection (but not related to intersection),26,MOTOR VEHICLE STRUCK OBJECT IN ROAD,,N,Clear,Dry,Daylight,,,,50,Fixed object,0,0,N
2243,2,-122.32021599999999,47.62774924,2555,180200,180260,3626381,Matched,Block,,10TH AVE E BETWEEN E ALOHA ST AND E PROSPECT ST, ,,2,Injury Collision,Cycles,2,0,1,1,2014/12/03 00:00:00+00,12/3/2014 5:53:00 PM,Mid-Block (not related to intersection),51,PEDALCYCLIST STRUCK MOTOR VEHICLE FRONT END AT ANGLE,Y,N,Clear,Dry,Dark - Street Lights On,,,,45,Vehicle - Pedalcyclist,6170,0,N
2244,1,-122.28479479999999,47.54246111,2556,189700,189780,3384298,Matched,Intersection,34526.0,38TH AVE S AND S HOLLY ST, ,,1,Property Damage Only Collision,Sideswipe,2,0,0,2,2015/04/14 00:00:00+00,4/14/2015 7:23:00 AM,At Intersection (intersection related),11,"MOTOR VEHICLE STRUCK MOTOR VEHICLE, FRONT END AT ANGLE",,N,Clear,Dry,Daylight,,,,26,From opposite direction - both going straight - sideswipe,0,0,N
2245,1,,,2557,93500,93500,3275128,Matched,,,,NEI,"Not Enough Information, or Insufficient Location Information",1,Property Damage Only Collision,Parked Car,2,0,0,2,2009/04/19 00:00:00+00,4/19/2009 8:30:00 PM,,0,NOT ENOUGH INFORMATION / NOT APPLICABLE,,0,Unknown,Unknown,Unknown,,9109027.0,,32,One parked--one moving,0,0,N
2246,2,-122.3428781,47.60981183,2558,132100,132100,3503485,Matched,Block,,WESTERN AVE BETWEEN PINE ST AND VIRGINIA ST,,,2,Injury Collision,Pedestrian,2,1,0,1,2012/11/02 00:00:00+00,11/2/2012 5:14:00 PM,Mid-Block (not related to intersection),24,MOTOR VEHCILE STRUCK PEDESTRIAN,,Y,Raining,Wet,Dark - Street Lights On,,12307033.0,,0,Vehicle going straight hits pedestrian,0,0,N
2247,2,-122.32905020000001,47.59040369,2559,99200,99200,3200383,Matched,Block,,4TH AVE S BETWEEN 4TH AVE NB OFF RP AND 4TH AVE NB ON RP,,,2,Injury Collision,Other,1,0,0,1,2009/04/29 00:00:00+00,4/29/2009 11:55:00 AM,Mid-Block (not related to intersection),28,MOTOR VEHICLE RAN OFF ROAD - HIT FIXED OBJECT,,0,Clear,Dry,Daylight,,9119001.0,,50,Fixed object,0,0,N
2248,1,-122.339357,47.60978057,2560,248400,248980,E668796,Unmatched,Block,,2ND AVE BETWEEN PIKE ST AND PINE ST, ,,1,Property Damage Only Collision,,1,0,0,0,2017/05/07 00:00:00+00,5/7/2017,Mid-Block (not related to intersection),11,"MOTOR VEHICLE STRUCK MOTOR VEHICLE, FRONT END AT ANGLE",,,,,,,,, ,,0,0,N
2249,1,-122.31159699999999,47.578626299999996,2561,140600,140600,3387545,Matched,Intersection,31623.0,BEACON AVE S AND S MCCLELLAN ST,,,1,Property Damage Only Collision,Angles,3,0,0,2,2012/01/24 00:00:00+00,1/24/2012 8:34:00 AM,At Intersection (intersection related),11,"MOTOR VEHICLE STRUCK MOTOR VEHICLE, FRONT END AT ANGLE",,N,Raining,Wet,Daylight,,12024015.0,,10,Entering at angle,0,0,N
2250,1,-122.33755159999998,47.58937381,2562,181600,181640,3732604,Matched,Block,,ALASKAN WY VI NB BETWEEN S HOLGATE ST AND SR99 REPUBLICAN OFF RP, ,,1,Property Damage Only Collision,Other,1,0,0,1,2014/12/04 00:00:00+00,12/4/2014 11:40:00 PM,Mid-Block (not related to intersection),26,MOTOR VEHICLE STRUCK OBJECT IN ROAD,Y,N,Raining,Wet,Dark - Street Lights On,,,,50,Fixed object,0,0,N
2251,1,-122.3520997,47.61858907,2563,73300,73300,2791435,Matched,Block,,DENNY WAY BETWEEN 2ND AVE AND 3RD AVE,,,1,Property Damage Only Collision,Sideswipe,2,0,0,2,2007/11/23 00:00:00+00,11/23/2007 1:31:00 PM,Mid-Block (not related to intersection),11,"MOTOR VEHICLE STRUCK MOTOR VEHICLE, FRONT END AT ANGLE",,0,Clear,Dry,Daylight,,7327023.0,,11,From same direction - both going straight - both moving - sideswipe,0,0,N
2252,1,-122.35706029999999,47.61843213,2564,75800,75800,2807324,Matched,Block,,WESTERN AVE BETWEEN QUEEN ANNE AVE AND W DENNY WAY,,,1,Property Damage Only Collision,Sideswipe,4,0,0,2,2007/09/11 00:00:00+00,9/11/2007 9:24:00 AM,Mid-Block (not related to intersection),11,"MOTOR VEHICLE STRUCK MOTOR VEHICLE, FRONT END AT ANGLE",,0,Clear,Dry,Daylight,,7254031.0,,11,From same direction - both going straight - both moving - sideswipe,0,0,N
2253,1,-122.34088059999999,47.57175135,2565,244400,244960,3756110,Matched,Block,,ALASKAN WY VI SB WSB WB OFF RP BETWEEN ALASKAN WY VI SB AND WEST SEATTLE BR WB, ,,1,Property Damage Only Collision,Rear Ended,5,0,0,2,2017/06/15 00:00:00+00,6/15/2017 4:06:00 PM,Mid-Block (not related to intersection),14,"MOTOR VEHICLE STRUCK MOTOR VEHICLE, REAR END",,N,Raining,Wet,Daylight,,,,13,From same direction - both going straight - both moving - rear-end,0,0,N
2254,2,-122.39368370000001,47.668651399999995,2566,153200,153204,3612944,Matched,Block,,NW MARKET ST BETWEEN 28TH AVE NW AND NW 54TH ST, ,,2,Injury Collision,Rear Ended,4,0,1,2,2013/09/01 00:00:00+00,9/1/2013 1:13:00 PM,Mid-Block (not related to intersection),54,PEDALCYCLIST STRUCK MOTOR VEHICLE REAR END,Y,N,Clear,Dry,Daylight,,,,14,From same direction - both going straight - one stopped - rear-end,25933,0,N
2255,2,-122.28346359999999,47.53888304,2567,130500,130500,3566667,Matched,Block,,S MYRTLE ST BETWEEN 38TH AVE S AND M L KING JR WR WAY S,,,2,Injury Collision,Angles,5,0,0,2,2011/08/20 00:00:00+00,8/20/2011 6:43:00 PM,Driveway Junction,11,"MOTOR VEHICLE STRUCK MOTOR VEHICLE, FRONT END AT ANGLE",,0,Clear,Dry,Daylight,,11232023.0,,10,Entering at angle,0,0,N
2256,2,-122.2840517,47.53704015,2568,223200,223480,E561552,Matched,Block,,S OTHELLO ST BETWEEN 38TH AVE S AND 39TH AVE S, ,,2,Injury Collision,Rear Ended,2,0,0,2,2016/07/08 00:00:00+00,7/8/2016 4:23:00 PM,Mid-Block (not related to intersection),14,"MOTOR VEHICLE STRUCK MOTOR VEHICLE, REAR END",Y,N,Overcast,Dry,Daylight,,,,14,From same direction - both going straight - one stopped - rear-end,0,0,N
2257,1,-122.35946499999999,47.67688664,2569,179300,179360,3590564,Matched,Block,,2ND AVE NW BETWEEN NW 65TH ST AND NW 67TH ST,NEI,"Not Enough Information, or Insufficient Location Information",1,Property Damage Only Collision,Parked Car,2,0,0,2,2014/11/07 00:00:00+00,11/7/2014 5:15:00 PM,Mid-Block (not related to intersection),0,NOT ENOUGH INFORMATION / NOT APPLICABLE,,N,Unknown,Unknown,Unknown,,,,32,One parked--one moving,0,0,N
2258,1,-122.32514979999999,47.681177000000005,2570,264600,265380,E756259,Unmatched,Intersection,24577.0,WOODLAWN AVE NE AND NE 73RD ST, ,,1,Property Damage Only Collision,,2,0,0,0,2018/01/05 00:00:00+00,1/5/2018,At Intersection (intersection related),11,"MOTOR VEHICLE STRUCK MOTOR VEHICLE, FRONT END AT ANGLE",,,,,,,,, ,,0,0,N
2259,1,-122.3341972,47.58716755,2571,132000,132000,3599256,Matched,Block,,1ST AVE S BETWEEN S MASSACHUSETTS ST AND S HOLGATE ST,,,1,Property Damage Only Collision,Other,1,0,0,1,2012/04/07 00:00:00+00,4/7/2012 4:24:00 AM,Mid-Block (not related to intersection),28,MOTOR VEHICLE RAN OFF ROAD - HIT FIXED OBJECT,,N,Clear,Dry,Dark - Street Lights On,,12098017.0,,50,Fixed object,0,0,N
2260,1,-122.33943899999998,47.56577617,2572,120500,120500,3548656,Matched,Intersection,32187.0,EAST MARGINAL WAY S AND S NEVADA ST,,,1,Property Damage Only Collision,Right Turn,3,0,0,2,2011/12/05 00:00:00+00,12/5/2011 2:30:00 PM,At Intersection (intersection related),11,"MOTOR VEHICLE STRUCK MOTOR VEHICLE, FRONT END AT ANGLE",Y,N,Clear,Dry,Daylight,,11339002.0,,16,From same direction - one right turn - one straight,0,0,N
2261,1,-122.3453665,47.70505326,2573,209100,209320,3707645,Unmatched,Block,,N 105TH ST BETWEEN WHITMAN AVE N AND AURORA AVE N, ,,1,Property Damage Only Collision,,1,0,0,0,2015/12/10 00:00:00+00,12/10/2015,Mid-Block (but intersection related),11,"MOTOR VEHICLE STRUCK MOTOR VEHICLE, FRONT END AT ANGLE",,,,,,,,, ,,0,0,N
2262,1,-122.3416065,47.51819356,2575,122100,122100,3380879,Matched,Block,,5TH AVE SW BETWEEN SW CAMBRIDGE ST AND SW ROXBURY ST,,,1,Property Damage Only Collision,Other,1,0,0,1,2011/12/03 00:00:00+00,12/3/2011 10:38:00 PM,Mid-Block (not related to intersection),26,MOTOR VEHICLE STRUCK OBJECT IN ROAD,,Y,Overcast,Dry,Dark - Street Lights On,,11337016.0,,51,Other object,0,0,N
2263,1,-122.368357,47.62658452,2576,103000,103000,3200736,Matched,Intersection,28700.0,ELLIOTT AVE W AND W MERCER PL,,,1,Property Damage Only Collision,Sideswipe,5,0,0,2,2009/09/06 00:00:00+00,9/6/2009,At Intersection (intersection related),11,"MOTOR VEHICLE STRUCK MOTOR VEHICLE, FRONT END AT ANGLE",,0,Raining,Wet,Daylight,,9249020.0,,81,Same direction -- both turning left -- both moving -- sideswipe,0,0,N
2264,1,-122.3101522,47.61543076,2578,194000,194080,3735954,Matched,Block,,17TH AVE BETWEEN E PINE ST AND E MADISON ST, ,,1,Property Damage Only Collision,Parked Car,2,0,0,2,2015/05/27 00:00:00+00,5/27/2015 10:00:00 AM,Mid-Block (not related to intersection),11,"MOTOR VEHICLE STRUCK MOTOR VEHICLE, FRONT END AT ANGLE",Y,N,Unknown,Unknown,Unknown,,,,19,One car entering parked position,0,0,N
2265,2,-122.3428202,47.610018,2579,95000,95000,3344633,Matched,Block,,PIKE PL BETWEEN STEWART ST AND VIRGINIA ST,,,2,Injury Collision,Pedestrian,2,1,0,1,2009/08/15 00:00:00+00,8/15/2009 12:10:00 PM,Mid-Block (not related to intersection),24,MOTOR VEHCILE STRUCK PEDESTRIAN,,0,Clear,Dry,Daylight,Y,9227015.0,,0,Vehicle going straight hits pedestrian,0,0,N
2266,1,-122.3181001,47.61227776,2580,145500,145500,3551859,Unmatched,Intersection,29764.0,11TH AVE AND E MADISON ST, ,,1,Property Damage Only Collision,,2,0,0,0,2013/05/02 00:00:00+00,5/2/2013,At Intersection (intersection related),11,"MOTOR VEHICLE STRUCK MOTOR VEHICLE, FRONT END AT ANGLE",,,,,,,,, ,,0,0,N
2267,1,-122.36487240000001,47.66001583,2581,71800,71800,2895053,Matched,Block,,NW BRIGHT ST BETWEEN 6TH AVE NW AND LEARY WAY NW,,,1,Property Damage Only Collision,Parked Car,2,0,0,2,2007/11/26 00:00:00+00,11/26/2007 2:25:00 PM,Mid-Block (not related to intersection),12,"MOTOR VEHICLE STRUCK MOTOR VEHICLE, RIGHT SIDE AT ANGLE",,0,Clear,Dry,Unknown,,7330036.0,,32,One parked--one moving,0,0,N
2268,1,-122.3332693,47.57981029999999,2582,274800,275643,E774538,Matched,Intersection,31371.0,OCCIDENTAL AVE S AND S LANDER ST, ,,1,Property Damage Only Collision,Angles,2,0,0,2,2018/02/28 00:00:00+00,2/28/2018 4:27:00 PM,At Intersection (intersection related),11,"MOTOR VEHICLE STRUCK MOTOR VEHICLE, FRONT END AT ANGLE",,N,Raining,Wet,Daylight,,,,10,Entering at angle,0,0,N
2269,2,-122.296314,47.71928489,2583,120300,120300,3564823,Matched,Intersection,36602.0,30TH AVE NE AND NE 125TH ST,,,2,Injury Collision,Angles,2,0,0,2,2011/08/15 00:00:00+00,8/15/2011 7:57:00 AM,At Intersection (intersection related),11,"MOTOR VEHICLE STRUCK MOTOR VEHICLE, FRONT END AT ANGLE",,0,Overcast,Dry,Daylight,,11227006.0,,10,Entering at angle,0,0,N
2270,1,,,2584,282500,283360,E788178,Matched,Alley,,, ,,1,Property Damage Only Collision,Other,1,0,0,1,2018/04/13 00:00:00+00,4/13/2018 12:09:00 PM,,0,NOT ENOUGH INFORMATION / NOT APPLICABLE,Y,N,Overcast,Dry,Daylight,,,,50,Fixed object,0,0,N
2271,1,-122.38666640000001,47.57815338,2585,155200,155220,3465542,Matched,Block,,CALIFORNIA AVE SW BETWEEN SW LANDER ST AND SW STEVENS ST, ,,1,Property Damage Only Collision,Parked Car,2,0,0,2,2013/10/09 00:00:00+00,10/9/2013 1:20:00 PM,Mid-Block (not related to intersection),14,"MOTOR VEHICLE STRUCK MOTOR VEHICLE, REAR END",Y,N,Clear,Dry,Daylight,,,,32,One parked--one moving,0,0,N
2272,1,-122.3234085,47.61465058,2586,201200,201340,3642473,Matched,Block,,BOYLSTON AVE BETWEEN E PIKE ST AND E PINE ST, ,,1,Property Damage Only Collision,Parked Car,2,0,0,2,2015/08/23 00:00:00+00,8/23/2015 6:30:00 PM,Mid-Block (not related to intersection),13,"MOTOR VEHICLE STRUCK MOTOR VEHICLE, LEFT SIDE AT ANGLE",,N,Clear,Dry,Daylight,,,,32,One parked--one moving,0,0,Y
2273,1,-122.33039860000001,47.60417996,2587,74000,74000,2614882,Matched,Block,,CHERRY ST BETWEEN 4TH AVE AND 5TH AVE,,,1,Property Damage Only Collision,Parked Car,2,0,0,2,2007/02/01 00:00:00+00,2/1/2007,Mid-Block (not related to intersection),14,"MOTOR VEHICLE STRUCK MOTOR VEHICLE, REAR END",,0,Clear,Dry,Daylight,,7032036.0,,32,One parked--one moving,0,0,N
2274,1,-122.26998689999999,47.53314343,2588,282300,283160,E788318,Matched,Block,,RAINIER AVE S BETWEEN S HOLDEN ST AND S CHICAGO ST, ,,1,Property Damage Only Collision,Right Turn,2,0,0,2,2018/04/11 00:00:00+00,4/11/2018 2:55:00 PM,Mid-Block (not related to intersection),14,"MOTOR VEHICLE STRUCK MOTOR VEHICLE, REAR END",,N,Clear,Wet,Daylight,,,,16,From same direction - one right turn - one straight,0,0,N
2275,1,-122.32977379999998,47.61922127,2589,193700,193780,3583757,Matched,Block,,STEWART ST BETWEEN YALE AVE N AND EASTLAKE AVE E, ,,1,Property Damage Only Collision,Other,1,0,0,1,2015/05/23 00:00:00+00,5/23/2015 9:02:00 AM,Mid-Block (not related to intersection),28,MOTOR VEHICLE RAN OFF ROAD - HIT FIXED OBJECT,,N,Raining,Wet,Daylight,,,,50,Fixed object,0,0,N
2276,1,-122.3506428,47.65143885,2590,67500,67500,2829382,Matched,Block,,N 36TH ST BETWEEN FREMONT PL N AND FREMONT AVE N,,,1,Property Damage Only Collision,Parked Car,2,0,0,2,2007/05/31 00:00:00+00,5/31/2007 3:09:00 PM,Mid-Block (not related to intersection),14,"MOTOR VEHICLE STRUCK MOTOR VEHICLE, REAR END",,0,Clear,Dry,Daylight,,7151013.0,,32,One parked--one moving,0,0,N