,SEVERITYCODE,X,Y,OBJECTID,INCKEY,COLDETKEY,REPORTNO,STATUS,ADDRTYPE,INTKEY,LOCATION,EXCEPTRSNCODE,EXCEPTRSNDESC,SEVERITYCODE.1,SEVERITYDESC,COLLISIONTYPE,PERSONCOUNT,PEDCOUNT,PEDCYLCOUNT,VEHCOUNT,INCDATE,INCDTTM,JUNCTIONTYPE,SDOT_COLCODE,SDOT_COLDESC,INATTENTIONIND,UNDERINFL,WEATHER,ROADCOND,LIGHTCOND,PEDROWNOTGRNT,SDOTCOLNUM,SPEEDING,ST_COLCODE,ST_COLDESC,SEGLANEKEY,CROSSWALKKEY,HITPARKEDCAR
2277,1,-122.29890309999999,47.60429552,2591,148600,148620,3552082,Matched,Intersection,30099.0,26TH AVE AND E ALDER ST, ,,1,Property Damage Only Collision,Angles,2,0,0,2,2013/06/22 00:00:00+00,6/22/2013 3:49:00 PM,At Intersection (intersection related),11,"MOTOR VEHICLE STRUCK MOTOR VEHICLE, FRONT END AT ANGLE",,N,Clear,Dry,Daylight,,,,10,Entering at angle,0,0,N
2278,2,-122.35065279999999,47.51733429,2592,116400,116400,3342535,Matched,Intersection,35062.0,12TH AVE SW AND SW ROXBURY ST,,,2,Injury Collision,Angles,2,0,0,2,2010/10/14 00:00:00+00,10/14/2010 4:37:00 PM,At Intersection (intersection related),11,"MOTOR VEHICLE STRUCK MOTOR VEHICLE, FRONT END AT ANGLE",,N,Raining,Wet,Daylight,,10287023.0,,10,Entering at angle,0,0,N
2279,1,-122.38290390000002,47.54987411,2593,79200,79200,C684053,Matched,Intersection,32824.0,40TH AVE SW AND FAUNTLEROY N WAY SW,,,1,Property Damage Only Collision,Parked Car,2,0,0,2,2007/03/28 00:00:00+00,3/28/2007 6:25:00 PM,At Intersection (intersection related),11,"MOTOR VEHICLE STRUCK MOTOR VEHICLE, FRONT END AT ANGLE",,0,Clear,Dry,Daylight,,7087034.0,,20,One car leaving parked position,0,0,N
2280,1,-122.40805259999999,47.57859629,2594,144800,144800,3615388,Matched,Block,,59TH AVE SW BETWEEN SW LANDER ST AND SW STEVENS ST, ,,1,Property Damage Only Collision,Parked Car,2,0,0,2,2013/03/15 00:00:00+00,3/15/2013 11:00:00 PM,Mid-Block (not related to intersection),0,NOT ENOUGH INFORMATION / NOT APPLICABLE,,N,Unknown,Unknown,Unknown,,,,32,One parked--one moving,0,0,N
2281,1,-122.3607419,47.70230683,2595,231600,232000,3733888,Matched,Block,,3RD AVE NW BETWEEN NW 101ST ST AND HOLMAN RD NW, ,,1,Property Damage Only Collision,Rear Ended,2,0,0,2,2016/11/11 00:00:00+00,11/11/2016 2:44:00 PM,Mid-Block (but intersection related),14,"MOTOR VEHICLE STRUCK MOTOR VEHICLE, REAR END",,N,Clear,Dry,Daylight,,,,13,From same direction - both going straight - both moving - rear-end,0,0,N
2282,2,-122.3542133,47.71687667,2596,75000,75000,2608091,Matched,Block,,PHINNEY AVE N BETWEEN N 120TH ST AND N 122ND ST,,,2,Injury Collision,Left Turn,2,0,0,2,2007/08/12 00:00:00+00,8/12/2007 5:55:00 PM,Mid-Block (not related to intersection),14,"MOTOR VEHICLE STRUCK MOTOR VEHICLE, REAR END",,0,Clear,Dry,Daylight,,7224023.0,,15,From same direction - one left turn - one straight,0,0,N
2283,1,-122.29979709999999,47.72111534,2598,122500,122500,3553088,Matched,Block,,NE 127TH ST BETWEEN 26TH AVE NE AND 27TH AVE NE,,,1,Property Damage Only Collision,Other,1,0,0,1,2011/09/08 00:00:00+00,9/8/2011,Mid-Block (but intersection related),14,"MOTOR VEHICLE STRUCK MOTOR VEHICLE, REAR END",,0,Clear,Dry,Daylight,,11251019.0,,51,Other object,0,0,N
2284,1,-122.33309809999999,47.60965503,2599,178100,178120,3590602,Matched,Block,,6TH AVE BETWEEN UNIVERSITY ST AND UNION ST, ,,1,Property Damage Only Collision,Other,2,0,0,2,2014/10/27 00:00:00+00,10/27/2014 9:01:00 AM,Mid-Block (not related to intersection),11,"MOTOR VEHICLE STRUCK MOTOR VEHICLE, FRONT END AT ANGLE",,N,Clear,Dry,Daylight,,,,23,From same direction - all others,0,0,N
2285,1,-122.34477199999999,47.61117277,2600,201900,202040,3703638,Matched,Intersection,29722.0,LENORA ST AND WESTERN AVE, ,,1,Property Damage Only Collision,Other,4,0,0,2,2015/09/11 00:00:00+00,9/11/2015 10:53:00 AM,At Intersection (intersection related),11,"MOTOR VEHICLE STRUCK MOTOR VEHICLE, FRONT END AT ANGLE",Y,N,Clear,Dry,Daylight,,,,23,From same direction - all others,0,0,N
2286,2,-122.3421814,47.54035298,2601,158700,158720,3464989,Matched,Intersection,34082.0,HIGHLAND PARK WAY SW AND WEST MARGINAL WAY SW, ,,2,Injury Collision,Other,1,0,0,1,2013/12/22 00:00:00+00,12/22/2013 6:54:00 AM,At Intersection (intersection related),28,MOTOR VEHICLE RAN OFF ROAD - HIT FIXED OBJECT,,N,Raining,Wet,Dark - Street Lights On,,,Y,50,Fixed object,0,0,N
2287,1,-122.33598570000001,47.68691724,2605,17173,17173,1782329,Matched,Block,,N 80TH ST BETWEEN WALLINGFORD AVE N AND BURKE AVE N,,,1,Property Damage Only Collision,Rear Ended,3,0,0,3,2004/05/01 00:00:00+00,5/1/2004,Mid-Block (but intersection related),14,"MOTOR VEHICLE STRUCK MOTOR VEHICLE, REAR END",,0,Clear,Dry,Daylight,,4122029.0,,13,From same direction - both going straight - both moving - rear-end,0,0,N
2288,1,-122.2885113,47.66669097,2606,17125,17125,C650882,Matched,Block,,NE 52ND ST BETWEEN 36TH AVE NE AND 37TH AVE NE,,,1,Property Damage Only Collision,Sideswipe,2,0,0,2,2004/12/31 00:00:00+00,12/31/2004 12:45:00 PM,Mid-Block (not related to intersection),11,"MOTOR VEHICLE STRUCK MOTOR VEHICLE, FRONT END AT ANGLE",,0,Unknown,Unknown,Unknown,,4366036.0,,12,From same direction - both going straight - one stopped - sideswipe,0,0,N
2289,1,-122.38666640000001,47.57815338,2607,16501,16501,3380694,Matched,Block,,CALIFORNIA AVE SW BETWEEN SW LANDER ST AND SW STEVENS ST, ,,1,Property Damage Only Collision,Parked Car,2,0,0,2,2013/04/06 00:00:00+00,4/6/2013 11:44:00 PM,Mid-Block (not related to intersection),16,"MOTOR VEHICLE STRUCK MOTOR VEHICLE, LEFT SIDE SIDESWIPE",,N,Raining,Wet,Dark - Street Lights On,,,,32,One parked--one moving,0,0,N
2290,2,-122.3289626,47.60087544,2608,17353,17353,1779498,Matched,Intersection,30494.0,4TH AVE S AND S WASHINGTON ST,,,2,Injury Collision,Angles,7,0,0,2,2004/07/18 00:00:00+00,7/18/2004 1:21:00 AM,At Intersection (intersection related),11,"MOTOR VEHICLE STRUCK MOTOR VEHICLE, FRONT END AT ANGLE",,0,Clear,Dry,Dark - Street Lights On,,4200017.0,,10,Entering at angle,0,0,N
2291,2,-122.3251713,47.6785359,2609,237000,237440,3694158,Matched,Block,,WOODLAWN AVE NE BETWEEN 5TH AVE NE AND NE RAVENNA EB BV, ,,2,Injury Collision,Other,2,0,0,1,2017/03/18 00:00:00+00,3/18/2017 4:40:00 PM,Driveway Junction,28,MOTOR VEHICLE RAN OFF ROAD - HIT FIXED OBJECT,,Y,Clear,Dry,Daylight,,,,50,Fixed object,0,0,N
2292,1,-122.27885220000002,47.5333787,2610,17949,17949,1771546,Matched,Intersection,34489.0,43RD AVE S AND RENTON AVE S,,,1,Property Damage Only Collision,Head On,2,0,0,2,2004/09/14 00:00:00+00,9/14/2004 4:00:00 PM,At Intersection (intersection related),11,"MOTOR VEHICLE STRUCK MOTOR VEHICLE, FRONT END AT ANGLE",Y,0,Raining,Wet,Daylight,,4258040.0,,24,From opposite direction - both moving - head-on,0,0,N
2293,1,-122.2714183,47.65800799,2611,17298,17298,1778887,Matched,Block,,NE 41ST ST BETWEEN 51ST E AVE NE AND NE LATIMER E PL,,,1,Property Damage Only Collision,Parked Car,2,0,0,2,2004/03/21 00:00:00+00,3/21/2004 9:29:00 PM,Mid-Block (not related to intersection),15,"MOTOR VEHICLE STRUCK MOTOR VEHICLE, RIGHT SIDE SIDESWIPE",,0,Unknown,Unknown,Unknown,,4081016.0,,32,One parked--one moving,0,0,N
2294,1,-122.271247,47.540249700000004,2612,16762,16762,3579453,Matched,Block,,RAINIER AVE S BETWEEN S WILLOW ST AND S FRONTENAC ST, ,,1,Property Damage Only Collision,Rear Ended,3,0,0,3,2013/04/11 00:00:00+00,4/11/2013 3:06:00 PM,Mid-Block (not related to intersection),14,"MOTOR VEHICLE STRUCK MOTOR VEHICLE, REAR END",,N,Clear,Dry,Daylight,,,,14,From same direction - both going straight - one stopped - rear-end,0,0,N
2295,1,-122.32330290000002,47.59254993,2613,17610,17610,1772028,Matched,Block,,S ROYAL BROUGHAM WAY BETWEEN AIRPORT WAY S AND AIRPORT NB WAY S,,,1,Property Damage Only Collision,Rear Ended,5,0,0,2,2004/03/25 00:00:00+00,3/25/2004 2:10:00 AM,Mid-Block (but intersection related),14,"MOTOR VEHICLE STRUCK MOTOR VEHICLE, REAR END",,1,Overcast,Wet,Dark - Street Lights On,,4085034.0,,14,From same direction - both going straight - one stopped - rear-end,0,0,N
2296,1,-122.31250790000001,47.63148825,2614,17425,17425,1772091,Matched,Block,,15TH AVE E BETWEEN E HIGHLAND DR AND E GALER ST,,,1,Property Damage Only Collision,Parked Car,2,0,0,2,2004/04/27 00:00:00+00,4/27/2004 2:00:00 PM,Mid-Block (not related to intersection),13,"MOTOR VEHICLE STRUCK MOTOR VEHICLE, LEFT SIDE AT ANGLE",,0,Clear,Dry,Daylight,,4118027.0,,32,One parked--one moving,0,0,N
2297,1,-122.334216,47.55190326,2616,314600,316080,3815037,Matched,Intersection,33040.0,1ST AVE S AND S ORCAS ST, ,,1,Property Damage Only Collision,Angles,2,0,0,2,2019/02/22 00:00:00+00,2/22/2019 12:29:00 PM,At Intersection (intersection related),11,"MOTOR VEHICLE STRUCK MOTOR VEHICLE, FRONT END AT ANGLE",,N,Raining,Wet,Daylight,,,,10,Entering at angle,0,0,N
2298,1,-122.31464469999999,47.62368292,2617,17380,17380,1798933,Matched,Block,,14TH AVE E BETWEEN E REPUBLICAN ST AND E MERCER ST,,,1,Property Damage Only Collision,Parked Car,2,0,0,2,2004/09/03 00:00:00+00,9/3/2004,Mid-Block (not related to intersection),14,"MOTOR VEHICLE STRUCK MOTOR VEHICLE, REAR END",,0,Clear,Dry,Daylight,,4247016.0,,32,One parked--one moving,0,0,N
2299,2,-122.3659125,47.517363200000005,2618,328800,330300,3856326,Matched,Intersection,34902.0,26TH AVE SW AND SW ROXBURY ST, ,,2,Injury Collision,Left Turn,3,0,0,2,2020/01/31 00:00:00+00,1/31/2020 8:25:00 PM,At Intersection (intersection related),11,"MOTOR VEHICLE STRUCK MOTOR VEHICLE, FRONT END AT ANGLE",,N,Raining,Wet,Dark - Street Lights On,,,,28,From opposite direction - one left turn - one straight,0,0,N
2300,1,-122.3171835,47.55418716,2619,16998,16998,1793052,Matched,Block,,12TH AVE S BETWEEN S BENNETT ST AND S LUCILE ST,,,1,Property Damage Only Collision,Parked Car,2,0,0,2,2004/06/28 00:00:00+00,6/28/2004 12:31:00 PM,Mid-Block (not related to intersection),11,"MOTOR VEHICLE STRUCK MOTOR VEHICLE, FRONT END AT ANGLE",,0,Clear,Dry,Daylight,,4180020.0,,20,One car leaving parked position,0,0,N
2301,1,-122.3772591,47.65399125,2620,17838,17838,1482532,Matched,Intersection,26482.0,15TH EMERSON RP AND W EMERSON ST,,,1,Property Damage Only Collision,Sideswipe,5,0,0,2,2004/04/27 00:00:00+00,4/27/2004 5:13:00 PM,At Intersection (intersection related),11,"MOTOR VEHICLE STRUCK MOTOR VEHICLE, FRONT END AT ANGLE",,0,Raining,Wet,Daylight,,4118022.0,,81,Same direction -- both turning left -- both moving -- sideswipe,0,0,N
2302,1,-122.27538929999999,47.5446951,2622,194500,194600,E427715,Matched,Block,,46TH AVE S BETWEEN S EDDY ST AND S MORGAN ST, ,,1,Property Damage Only Collision,Parked Car,0,0,0,2,2015/05/26 00:00:00+00,5/26/2015 2:45:00 AM,Mid-Block (not related to intersection),14,"MOTOR VEHICLE STRUCK MOTOR VEHICLE, REAR END",,N,Overcast,Dry,Dark - Street Lights On,,,,32,One parked--one moving,0,0,Y
2303,2,-122.3357817,47.60587262,2623,17058,17058,1215894,Matched,Intersection,29613.0,2ND AVE AND SPRING ST,,,2,Injury Collision,Angles,5,0,0,2,2004/03/21 00:00:00+00,3/21/2004 2:00:00 AM,At Intersection (intersection related),11,"MOTOR VEHICLE STRUCK MOTOR VEHICLE, FRONT END AT ANGLE",,0,Clear,Dry,Dark - Street Lights On,,4081018.0,,10,Entering at angle,0,0,N
2304,1,-122.34968190000001,47.61524909,2624,259800,260440,E746531,Matched,Intersection,29685.0,1ST AVE AND VINE ST, ,,1,Property Damage Only Collision,Angles,4,0,0,2,2017/12/11 00:00:00+00,12/11/2017 10:40:00 AM,At Intersection (intersection related),11,"MOTOR VEHICLE STRUCK MOTOR VEHICLE, FRONT END AT ANGLE",,N,Clear,Dry,Daylight,,,,10,Entering at angle,0,0,N
2305,2,-122.3099351,47.59379007,2625,17913,17913,1477940,Matched,Block,,RAINIER AVE S BETWEEN S CHARLES S ST AND S NORMAN ST,,,2,Injury Collision,Rear Ended,5,0,0,2,2004/07/26 00:00:00+00,7/26/2004 10:47:00 PM,Mid-Block (but intersection related),14,"MOTOR VEHICLE STRUCK MOTOR VEHICLE, REAR END",,0,Clear,Dry,Dark - Street Lights On,,4208016.0,,14,From same direction - both going straight - one stopped - rear-end,0,0,N
2306,2,-122.2922648,47.72647542,2626,17804,17804,C649697,Matched,Intersection,36031.0,LAKE CITY WAY NE AND NE 135TH ST,,,2,Injury Collision,Angles,2,0,0,2,2004/12/01 00:00:00+00,12/1/2004,At Intersection (intersection related),11,"MOTOR VEHICLE STRUCK MOTOR VEHICLE, FRONT END AT ANGLE",,0,Raining,Wet,Dark - Street Lights On,,4336038.0,,10,Entering at angle,0,0,N
2307,2,-122.3018648,47.71931617,2627,17149,17149,1782185,Matched,Intersection,36606.0,25TH AVE NE AND NE 125TH ST,,,2,Injury Collision,Cycles,2,0,1,1,2004/06/21 00:00:00+00,6/21/2004 3:06:00 PM,At Intersection (intersection related),18,"MOTOR VEHICLE STRUCK PEDALCYCLIST, FRONT END AT ANGLE",,0,Clear,Dry,Daylight,Y,4173012.0,,45,Vehicle - Pedalcyclist,0,0,N
2308,2,-122.35449340000001,47.64831023,2628,318300,319800,E915899,Matched,Intersection,27046.0,NICKERSON ST AND WARREN AVE N, ,,2,Injury Collision,Angles,2,0,0,2,2019/04/24 00:00:00+00,4/24/2019 9:25:00 AM,At Intersection (intersection related),11,"MOTOR VEHICLE STRUCK MOTOR VEHICLE, FRONT END AT ANGLE",Y,N,Clear,Dry,Daylight,,,,10,Entering at angle,0,0,N
2309,1,-122.37060749999999,47.54283237,2630,17445,17445,1798454,Matched,Intersection,34016.0,HIGH POINT DR SW AND SYLVAN WAY SW,,,1,Property Damage Only Collision,Angles,3,0,0,2,2004/09/13 00:00:00+00,9/13/2004 5:34:00 PM,At Intersection (intersection related),11,"MOTOR VEHICLE STRUCK MOTOR VEHICLE, FRONT END AT ANGLE",,0,Clear,Dry,Daylight,,4257034.0,,10,Entering at angle,0,0,N
2310,2,-122.3127162,47.56428277,2631,17412,17412,1772981,Matched,Block,,16TH AVE S BETWEEN S NEVADA ST AND S COLUMBIAN WAY,,,2,Injury Collision,Other,1,0,0,1,2004/06/24 00:00:00+00,6/24/2004 10:26:00 AM,Mid-Block (not related to intersection),28,MOTOR VEHICLE RAN OFF ROAD - HIT FIXED OBJECT,Y,0,Overcast,Dry,Daylight,,4176020.0,,50,Fixed object,0,0,N
2311,1,-122.39142659999999,47.51634057,2632,16497,16497,3380587,Matched,Block,,MARINE VIEW DR SW BETWEEN 45TH AVE SW AND 46TH AVE SW, ,,1,Property Damage Only Collision,Other,1,0,0,1,2013/04/07 00:00:00+00,4/7/2013 3:18:00 AM,Mid-Block (not related to intersection),28,MOTOR VEHICLE RAN OFF ROAD - HIT FIXED OBJECT,,N,Raining,Wet,Dark - Street Lights On,,,,50,Fixed object,0,0,N
2312,1,-122.33327309999999,47.51867269,2633,17050,17050,1798160,Matched,Block,,MYERS WAY S BETWEEN OLSON PL SW AND CITY LIMITS,,,1,Property Damage Only Collision,Rear Ended,2,0,0,2,2004/06/10 00:00:00+00,6/10/2004 11:00:00 AM,Mid-Block (but intersection related),14,"MOTOR VEHICLE STRUCK MOTOR VEHICLE, REAR END",,0,Overcast,Wet,Daylight,,4162015.0,,14,From same direction - both going straight - one stopped - rear-end,0,0,N
2313,1,-122.3223656,47.61049781,2634,16583,16583,3561262,Matched,Block,,MADISON ST BETWEEN SUMMIT AVE AND BOYLSTON AVE, ,,1,Property Damage Only Collision,Sideswipe,2,0,0,2,2013/04/06 00:00:00+00,4/6/2013 11:30:00 AM,Mid-Block (not related to intersection),11,"MOTOR VEHICLE STRUCK MOTOR VEHICLE, FRONT END AT ANGLE",,N,Raining,Wet,Daylight,,,,11,From same direction - both going straight - both moving - sideswipe,0,0,N
2314,1,-122.31458119999999,47.62765658,2637,17790,17790,1217185,Matched,Intersection,28968.0,14TH AVE E AND E WARD ST,,,1,Property Damage Only Collision,Angles,2,0,0,2,2004/08/08 00:00:00+00,8/8/2004,At Intersection (intersection related),11,"MOTOR VEHICLE STRUCK MOTOR VEHICLE, FRONT END AT ANGLE",,0,Clear,Dry,Daylight,,4221002.0,Y,10,Entering at angle,0,0,N
2315,2,-122.3543998,47.66979447,2639,16885,16885,3608726,Matched,Intersection,25632.0,PHINNEY AVE N AND N 56TH ST, ,,2,Injury Collision,Angles,2,0,0,2,2013/04/13 00:00:00+00,4/13/2013 3:20:00 PM,At Intersection (intersection related),11,"MOTOR VEHICLE STRUCK MOTOR VEHICLE, FRONT END AT ANGLE",,N,Unknown,Snow/Slush,Daylight,,,,10,Entering at angle,0,0,N
2316,1,-122.3172254,47.59876333,2640,17273,17273,1788517,Matched,Block,,12TH AVE S BETWEEN S JACKSON ST AND S KING ST,,,1,Property Damage Only Collision,Sideswipe,2,0,0,2,2004/02/24 00:00:00+00,2/24/2004 9:21:00 AM,Mid-Block (not related to intersection),16,"MOTOR VEHICLE STRUCK MOTOR VEHICLE, LEFT SIDE SIDESWIPE",,0,Clear,Wet,Daylight,,4055010.0,,11,From same direction - both going straight - both moving - sideswipe,0,0,N
2317,2,-122.3289675,47.59919689,2641,197100,197220,3696599,Matched,Intersection,30509.0,4TH AVE S AND S JACKSON ST, ,,2,Injury Collision,Angles,6,0,0,2,2015/07/02 00:00:00+00,7/2/2015 5:15:00 PM,At Intersection (intersection related),11,"MOTOR VEHICLE STRUCK MOTOR VEHICLE, FRONT END AT ANGLE",,N,Clear,Dry,Daylight,,,,10,Entering at angle,0,0,N
2318,2,-122.26925870000001,47.67938845,2642,17958,17958,1780121,Matched,Block,,NE 70TH ST BETWEEN 54TH E AVE NE AND 55TH AVE NE,,,2,Injury Collision,Parked Car,2,0,0,2,2004/04/22 00:00:00+00,4/22/2004 10:33:00 PM,Mid-Block (not related to intersection),14,"MOTOR VEHICLE STRUCK MOTOR VEHICLE, REAR END",Y,0,Clear,Dry,Dark - Street Lights On,,4113032.0,,32,One parked--one moving,0,0,N
2319,1,-122.3551447,47.51919567,2643,17796,17796,1481222,Matched,Intersection,35051.0,16TH AVE SW AND SW CAMBRIDGE ST,,,1,Property Damage Only Collision,Angles,2,0,0,2,2004/06/18 00:00:00+00,6/18/2004 1:16:00 PM,At Intersection (intersection related),11,"MOTOR VEHICLE STRUCK MOTOR VEHICLE, FRONT END AT ANGLE",,0,Clear,Dry,Daylight,,4170014.0,,10,Entering at angle,0,0,N
2320,1,-122.3858591,47.58119072,2644,16709,16709,3505036,Matched,Block,,SW ADMIRAL WAY BETWEEN 42ND AVE SW AND CALIFORNIA AVE SW, ,,1,Property Damage Only Collision,Rear Ended,3,0,0,2,2013/04/09 00:00:00+00,4/9/2013 6:28:00 AM,Mid-Block (but intersection related),15,"MOTOR VEHICLE STRUCK MOTOR VEHICLE, RIGHT SIDE SIDESWIPE",Y,N,Clear,Dry,Daylight,,,,14,From same direction - both going straight - one stopped - rear-end,0,0,N
2321,2,-122.3049896,47.61147434,2645,316400,317900,3814593,Unmatched,Block,,21ST AVE BETWEEN E MARION ST AND E UNION ST, ,,2,Injury Collision,,1,0,0,0,2019/03/16 00:00:00+00,3/16/2019,Mid-Block (not related to intersection),14,"MOTOR VEHICLE STRUCK MOTOR VEHICLE, REAR END",,,,,,,,, ,,0,0,Y
2322,2,-122.290568,47.68576663,2646,17102,17102,1792189,Matched,Block,,35TH AVE NE BETWEEN NE 77TH ST AND NE 80TH ST,,,2,Injury Collision,Rear Ended,6,0,0,2,2004/12/28 00:00:00+00,12/28/2004 2:30:00 PM,Mid-Block (not related to intersection),14,"MOTOR VEHICLE STRUCK MOTOR VEHICLE, REAR END",,1,Clear,Dry,Daylight,,4363022.0,,14,From same direction - both going straight - one stopped - rear-end,0,0,N
2323,1,-122.32947079999998,47.6132329,2647,330600,332100,EA23292,Matched,Block,,PIKE ST BETWEEN TERRY AVE AND BOREN AVE, ,,1,Property Damage Only Collision,Sideswipe,2,0,0,2,2020/01/23 00:00:00+00,1/23/2020 8:54:00 AM,Mid-Block (not related to intersection),11,"MOTOR VEHICLE STRUCK MOTOR VEHICLE, FRONT END AT ANGLE",,N,Raining,Wet,Daylight,,,,11,From same direction - both going straight - both moving - sideswipe,0,0,N
2324,1,-122.3024334,47.60215623,2648,17739,17739,1216926,Matched,Block,,23RD AVE BETWEEN E YESLER WAY AND E FIR ST,,,1,Property Damage Only Collision,Rear Ended,5,0,0,2,2004/07/30 00:00:00+00,7/30/2004 2:15:00 PM,Mid-Block (but intersection related),14,"MOTOR VEHICLE STRUCK MOTOR VEHICLE, REAR END",,0,Clear,Dry,Daylight,,4212010.0,,13,From same direction - both going straight - both moving - rear-end,0,0,N
2325,1,-122.3928685,47.66905866,2649,320400,321900,E931618,Matched,Block,,28TH AVE NW BETWEEN NW MARKET ST AND NW 56TH ST, ,,1,Property Damage Only Collision,Parked Car,2,0,0,2,2019/06/18 00:00:00+00,6/18/2019 5:30:00 PM,Mid-Block (not related to intersection),11,"MOTOR VEHICLE STRUCK MOTOR VEHICLE, FRONT END AT ANGLE",,N,Clear,Dry,Daylight,,,,32,One parked--one moving,0,0,Y
2326,1,-122.290568,47.68576663,2651,301800,303020,E835372,Matched,Block,,35TH AVE NE BETWEEN NE 77TH ST AND NE 80TH ST, ,,1,Property Damage Only Collision,Sideswipe,2,0,0,2,2018/08/22 00:00:00+00,8/22/2018 4:00:00 PM,Mid-Block (not related to intersection),11,"MOTOR VEHICLE STRUCK MOTOR VEHICLE, FRONT END AT ANGLE",,N,Fog/Smog/Smoke,Dry,Daylight,,,,11,From same direction - both going straight - both moving - sideswipe,0,0,N
2327,1,-122.3336357,47.6219867,2652,17206,17206,1777236,Matched,Block,,HARRISON ST BETWEEN FAIRVIEW AVE N AND MINOR AVE N,,,1,Property Damage Only Collision,Parked Car,3,0,0,3,2004/07/21 00:00:00+00,7/21/2004 9:26:00 AM,Mid-Block (not related to intersection),14,"MOTOR VEHICLE STRUCK MOTOR VEHICLE, REAR END",,0,Clear,Dry,Daylight,,4203017.0,Y,32,One parked--one moving,0,0,N
2328,1,-122.2776129,47.53154601,2653,16713,16713,3672300,Matched,Block,,S KENYON ST BETWEEN RENTON AVE S AND 44TH PL S, ,,1,Property Damage Only Collision,Parked Car,4,0,0,2,2013/04/09 00:00:00+00,4/9/2013 5:05:00 PM,Mid-Block (not related to intersection),16,"MOTOR VEHICLE STRUCK MOTOR VEHICLE, LEFT SIDE SIDESWIPE",,N,Clear,Dry,Daylight,,,,32,One parked--one moving,0,0,N
2329,1,-122.412623,47.57854819,2654,17821,17821,1781751,Matched,Block,,ALKI AVE SW BETWEEN 62ND AVE SW AND 63RD AVE SW,,,1,Property Damage Only Collision,Other,1,0,0,1,2004/01/01 00:00:00+00,1/1/2004,Mid-Block (but intersection related),28,MOTOR VEHICLE RAN OFF ROAD - HIT FIXED OBJECT,Y,0,Overcast,Dry,Daylight,,4001004.0,,50,Fixed object,0,0,N
2330,1,-122.34462420000001,47.6991652,2655,17164,17164,1778794,Matched,Block,,AURORA AVE N BETWEEN N 96TH N ST AND N 97TH ST,,,1,Property Damage Only Collision,Left Turn,2,0,0,2,2004/07/06 00:00:00+00,7/6/2004,Mid-Block (but intersection related),11,"MOTOR VEHICLE STRUCK MOTOR VEHICLE, FRONT END AT ANGLE",,0,Raining,Wet,Daylight,,4188015.0,,15,From same direction - one left turn - one straight,0,0,N
2331,1,-122.36968,47.66866158,2656,319800,321300,E913550,Matched,Block,,NW MARKET ST BETWEEN 9TH AVE NW AND 11TH AVE NW, ,,1,Property Damage Only Collision,Rear Ended,3,0,0,2,2019/04/12 00:00:00+00,4/12/2019 9:40:00 AM,Mid-Block (not related to intersection),14,"MOTOR VEHICLE STRUCK MOTOR VEHICLE, REAR END",,N,Clear,Dry,Daylight,,,,13,From same direction - both going straight - both moving - rear-end,0,0,N
2332,1,-122.3157406,47.66856649,2657,17899,17899,1780789,Matched,Block,,NE 55TH ST BETWEEN 11TH AVE NE AND 12TH AVE NE,,,1,Property Damage Only Collision,Sideswipe,2,0,0,2,2004/04/28 00:00:00+00,4/28/2004 10:18:00 AM,Mid-Block (not related to intersection),16,"MOTOR VEHICLE STRUCK MOTOR VEHICLE, LEFT SIDE SIDESWIPE",,0,Clear,Dry,Daylight,,4119008.0,,12,From same direction - both going straight - one stopped - sideswipe,0,0,N
2333,1,-122.381229,47.56140654,2658,304200,305440,3745474,Matched,Intersection,606534.0,39TH AVE SW AND FAUNTLEROY WAY SW, ,,1,Property Damage Only Collision,Angles,2,0,0,2,2018/10/05 00:00:00+00,10/5/2018 2:38:00 PM,At Intersection (intersection related),11,"MOTOR VEHICLE STRUCK MOTOR VEHICLE, FRONT END AT ANGLE",,N,Raining,Wet,Daylight,,,,10,Entering at angle,0,0,N
2334,1,-122.3125337,47.66308772,2659,16424,16424,3609133,Matched,Block,,NE 47TH ST BETWEEN UNIVERSITY WAY NE AND 15TH AVE NE, ,,1,Property Damage Only Collision,Parked Car,2,0,0,2,2013/03/28 00:00:00+00,3/28/2013 9:15:00 AM,Mid-Block (not related to intersection),16,"MOTOR VEHICLE STRUCK MOTOR VEHICLE, LEFT SIDE SIDESWIPE",Y,N,Clear,Dry,Daylight,,,,32,One parked--one moving,0,0,N
2335,2,-122.28579909999999,47.662062,2660,16952,16952,C629678,Matched,Block,,SAND POINT WAY NE BETWEEN NE 45TH ST AND 40TH AVE NE,,,2,Injury Collision,Rear Ended,2,0,0,2,2004/03/17 00:00:00+00,3/17/2004 11:51:00 AM,Mid-Block (but intersection related),14,"MOTOR VEHICLE STRUCK MOTOR VEHICLE, REAR END",,0,Raining,Wet,Daylight,,4077035.0,,14,From same direction - both going straight - one stopped - rear-end,0,0,N
2336,2,-122.34964029999999,47.61857911,2661,309200,310480,E880054,Matched,Block,,DENNY WAY BETWEEN BROAD ST AND 4TH AVE, ,,2,Injury Collision,Rear Ended,3,0,0,2,2019/01/04 00:00:00+00,1/4/2019 12:21:00 PM,Mid-Block (not related to intersection),14,"MOTOR VEHICLE STRUCK MOTOR VEHICLE, REAR END",Y,N,Clear,Dry,Daylight,,,,14,From same direction - both going straight - one stopped - rear-end,0,0,N
2337,1,-122.3453665,47.70505326,2662,17732,17732,C628895,Matched,Block,,N 105TH ST BETWEEN WHITMAN AVE N AND AURORA AVE N,,,1,Property Damage Only Collision,Sideswipe,2,0,0,2,2004/01/02 00:00:00+00,1/2/2004,Mid-Block (not related to intersection),14,"MOTOR VEHICLE STRUCK MOTOR VEHICLE, REAR END",,0,Overcast,Dry,Daylight,,4002081.0,,11,From same direction - both going straight - both moving - sideswipe,0,0,N