,SEVERITYCODE,X,Y,OBJECTID,INCKEY,COLDETKEY,REPORTNO,STATUS,ADDRTYPE,INTKEY,LOCATION,EXCEPTRSNCODE,EXCEPTRSNDESC,SEVERITYCODE.1,SEVERITYDESC,COLLISIONTYPE,PERSONCOUNT,PEDCOUNT,PEDCYLCOUNT,VEHCOUNT,INCDATE,INCDTTM,JUNCTIONTYPE,SDOT_COLCODE,SDOT_COLDESC,INATTENTIONIND,UNDERINFL,WEATHER,ROADCOND,LIGHTCOND,PEDROWNOTGRNT,SDOTCOLNUM,SPEEDING,ST_COLCODE,ST_COLDESC,SEGLANEKEY,CROSSWALKKEY,HITPARKEDCAR
2338,1,-122.33327120000001,47.60396425,2663,17541,17541,1776234,Matched,Block,,COLUMBIA ST BETWEEN 2ND AVE AND 3RD AVE,,,1,Property Damage Only Collision,Sideswipe,2,0,0,2,2004/02/03 00:00:00+00,2/3/2004,Mid-Block (not related to intersection),16,"MOTOR VEHICLE STRUCK MOTOR VEHICLE, LEFT SIDE SIDESWIPE",,0,Clear,Dry,Daylight,,4034012.0,,12,From same direction - both going straight - one stopped - sideswipe,0,0,N
2339,2,-122.2594527,47.5068968,2664,17034,17034,1786450,Matched,Block,,59TH AVE S BETWEEN S PRENTICE S ST AND S BANGOR ST,,,2,Injury Collision,Parked Car,3,1,0,2,2004/03/26 00:00:00+00,3/26/2004 4:22:00 PM,Mid-Block (not related to intersection),16,"MOTOR VEHICLE STRUCK MOTOR VEHICLE, LEFT SIDE SIDESWIPE",,0,Raining,Wet,Daylight,,4086004.0,,32,One parked--one moving,0,0,N
2340,1,-122.34357549999999,47.62670593,2666,214900,215160,519541,Unmatched,Block,,AURORA AVE N BETWEEN VALLEY ST AND ALOHA ST, ,,1,Property Damage Only Collision,,2,0,0,0,2016/02/26 00:00:00+00,2/26/2016,Mid-Block (not related to intersection),14,"MOTOR VEHICLE STRUCK MOTOR VEHICLE, REAR END",,,,,,,,, ,,0,0,N
2341,2,-122.28173659999999,47.53796439,2667,16922,16922,1779631,Matched,Block,,M L KING JR WR WAY S BETWEEN S MYRTLE ST AND S OTHELLO ST,,,2,Injury Collision,Rear Ended,5,0,0,3,2004/06/12 00:00:00+00,6/12/2004 3:37:00 PM,Mid-Block (not related to intersection),14,"MOTOR VEHICLE STRUCK MOTOR VEHICLE, REAR END",,0,Overcast,Dry,Daylight,,4164032.0,,14,From same direction - both going straight - one stopped - rear-end,0,0,N
2342,1,-122.28821059999999,47.56418493,2668,216900,217180,3735362,Matched,Block,,RAINIER AVE S BETWEEN S GENESEE N ST AND S GENESEE S ST, ,,1,Property Damage Only Collision,Other,1,0,0,1,2016/03/31 00:00:00+00,3/31/2016 9:25:00 PM,Mid-Block (not related to intersection),28,MOTOR VEHICLE RAN OFF ROAD - HIT FIXED OBJECT,,N,Clear,Dry,Dark - Street Lights On,,,,50,Fixed object,0,0,N
2343,1,-122.374974,47.55104557,2669,17808,17808,1789183,Matched,Block,,34TH AVE SW BETWEEN SW FINDLAY ST AND SW JUNEAU ST,,,1,Property Damage Only Collision,Parked Car,2,0,0,2,2004/01/17 00:00:00+00,1/17/2004 10:00:00 AM,Driveway Junction,16,"MOTOR VEHICLE STRUCK MOTOR VEHICLE, LEFT SIDE SIDESWIPE",,0,Clear,Dry,Daylight,,4017016.0,,32,One parked--one moving,0,0,N
2344,1,-122.33073119999999,47.68687766,2670,17296,17296,1778546,Matched,Block,,N 80TH ST BETWEEN CORLISS W AVE N AND CORLISS E AVE N,,,1,Property Damage Only Collision,Parked Car,3,0,0,2,2004/04/23 00:00:00+00,4/23/2004 9:18:00 AM,Mid-Block (but intersection related),11,"MOTOR VEHICLE STRUCK MOTOR VEHICLE, FRONT END AT ANGLE",,0,Overcast,Dry,Daylight,,4114015.0,,32,One parked--one moving,0,0,N
2345,1,-122.28848470000001,47.55119502,2671,319200,320700,E922167,Matched,Block,,S ORCAS ST BETWEEN 35TH E AVE S AND M L KING JR WR WAY S, ,,1,Property Damage Only Collision,Parked Car,2,0,0,2,2019/05/19 00:00:00+00,5/19/2019 5:53:00 PM,Mid-Block (not related to intersection),13,"MOTOR VEHICLE STRUCK MOTOR VEHICLE, LEFT SIDE AT ANGLE",,N,Clear,Dry,Daylight,,,,32,One parked--one moving,0,0,Y
2346,2,-122.29390690000001,47.71927117,2673,17859,17859,1780494,Matched,Intersection,36600.0,32ND AVE NE AND NE 125TH ST,,,2,Injury Collision,Left Turn,2,0,0,2,2004/07/23 00:00:00+00,7/23/2004 9:30:00 PM,At Intersection (intersection related),11,"MOTOR VEHICLE STRUCK MOTOR VEHICLE, FRONT END AT ANGLE",,0,Clear,Dry,Dark - Street Lights On,,4205006.0,Y,28,From opposite direction - one left turn - one straight,0,0,N
2347,1,-122.3055202,47.69393093,2674,324200,325700,E948699,Matched,Intersection,37751.0,LAKE CITY WAY NE AND NE 90TH ST, ,,1,Property Damage Only Collision,Parked Car,2,0,0,2,2019/07/19 00:00:00+00,7/19/2019 1:54:00 AM,At Intersection (intersection related),14,"MOTOR VEHICLE STRUCK MOTOR VEHICLE, REAR END",,N,Raining,Wet,Dark - Street Lights On,,,,32,One parked--one moving,0,0,Y
2348,2,-122.3374312,47.61330061,2675,16818,16818,3208661,Matched,Intersection,29555.0,STEWART ST AND WESTLAKE AVE, ,,2,Injury Collision,Other,1,0,0,1,2013/04/14 00:00:00+00,4/14/2013 1:14:00 AM,At Intersection (intersection related),28,MOTOR VEHICLE RAN OFF ROAD - HIT FIXED OBJECT,,Y,Raining,Wet,Dark - Street Lights On,,,,50,Fixed object,0,0,N
2349,2,-122.29580370000001,47.71831402,2676,16941,16941,1794409,Matched,Block,,LAKE CITY WAY NE BETWEEN 30TH N AVE NE AND 31ST AVE NE,,,2,Injury Collision,Rear Ended,3,0,0,3,2004/11/04 00:00:00+00,11/4/2004,Mid-Block (but intersection related),14,"MOTOR VEHICLE STRUCK MOTOR VEHICLE, REAR END",,0,Clear,Dry,Daylight,,4309024.0,,14,From same direction - both going straight - one stopped - rear-end,0,0,N
2350,1,-122.35826589999999,47.63838322,2677,16733,16733,3562739,Matched,Intersection,27824.0,1ST AVE W AND W BOSTON ST, ,,1,Property Damage Only Collision,Angles,5,0,0,2,2013/04/08 00:00:00+00,4/8/2013 7:44:00 AM,At Intersection (intersection related),11,"MOTOR VEHICLE STRUCK MOTOR VEHICLE, FRONT END AT ANGLE",,N,Clear,Wet,Daylight,,,,10,Entering at angle,0,0,N
2351,1,-122.354708,47.66214169,2679,17927,17927,1080140,Matched,Block,,N 46TH ST BETWEEN GREENWOOD S AVE N AND PHINNEY AVE N,,,1,Property Damage Only Collision,Other,2,0,0,2,2004/10/05 00:00:00+00,10/5/2004,Driveway Junction,11,"MOTOR VEHICLE STRUCK MOTOR VEHICLE, FRONT END AT ANGLE",,0,Overcast,Dry,Daylight,,4279049.0,,22,One car leaving driveway access,0,0,N
2352,1,-122.32681240000001,47.61465177,2680,213500,213760,3704138,Matched,Block,,BELLEVUE AVE BETWEEN E PIKE ST AND E PINE ST, ,,1,Property Damage Only Collision,Parked Car,2,0,0,2,2016/02/07 00:00:00+00,2/7/2016 2:00:00 PM,Mid-Block (not related to intersection),14,"MOTOR VEHICLE STRUCK MOTOR VEHICLE, REAR END",,N,Unknown,Unknown,Daylight,,,,32,One parked--one moving,0,0,Y
2353,2,-122.31971429999999,47.60352506,2681,17129,17129,1798936,Matched,Block,,BOREN AVE BETWEEN E FIR ST AND E ALDER ST,,,2,Injury Collision,Cycles,2,0,1,1,2004/09/03 00:00:00+00,9/3/2004,Mid-Block (not related to intersection),18,"MOTOR VEHICLE STRUCK PEDALCYCLIST, FRONT END AT ANGLE",,0,Clear,Dry,Dark - Street Lights On,,4247008.0,,45,Vehicle - Pedalcyclist,0,0,N
2354,1,-122.3304653,47.54438649,2682,197400,197520,E432465,Matched,Block,,EAST MARGINAL WAY S BETWEEN S MICHIGAN ST AND 4TH AVE S, ,,1,Property Damage Only Collision,Sideswipe,5,0,0,2,2015/06/10 00:00:00+00,6/10/2015 8:25:00 AM,Mid-Block (not related to intersection),11,"MOTOR VEHICLE STRUCK MOTOR VEHICLE, FRONT END AT ANGLE",Y,N,Clear,Dry,Daylight,,,,11,From same direction - both going straight - both moving - sideswipe,0,0,N
2355,1,-122.3134017,47.58199984,2683,17916,17916,1779485,Matched,Block,,15TH AVE S BETWEEN S COLLEGE ST AND S BAYVIEW ST,,,1,Property Damage Only Collision,Parked Car,2,0,0,2,2004/02/26 00:00:00+00,2/26/2004 7:00:00 PM,Mid-Block (not related to intersection),13,"MOTOR VEHICLE STRUCK MOTOR VEHICLE, LEFT SIDE AT ANGLE",,0,Other,Unknown,Unknown,,4057020.0,,32,One parked--one moving,0,0,N
2356,2,-122.3118263,47.59626403,2686,317500,319000,3750826,Matched,Block,,RAINIER AVE S BETWEEN S LANE ST AND S DEARBORN ST, ,,2,Injury Collision,Rear Ended,2,0,0,2,2019/04/01 00:00:00+00,4/1/2019 4:47:00 PM,Mid-Block (not related to intersection),14,"MOTOR VEHICLE STRUCK MOTOR VEHICLE, REAR END",Y,N,Clear,Dry,Daylight,,,,13,From same direction - both going straight - both moving - rear-end,0,0,N
2357,2,-122.300766,47.61294164,2687,17339,17339,1220239,Matched,Block,,E UNION ST BETWEEN 24TH AVE AND 25TH AVE,,,2,Injury Collision,Rear Ended,2,0,0,2,2004/09/23 00:00:00+00,9/23/2004 8:45:00 AM,Mid-Block (not related to intersection),14,"MOTOR VEHICLE STRUCK MOTOR VEHICLE, REAR END",Y,0,Raining,Wet,Daylight,,4267025.0,,14,From same direction - both going straight - one stopped - rear-end,0,0,N
2358,2,-122.3513027,47.63994564,2688,16747,16747,3208660,Matched,Intersection,28102.0,MCGRAW ST AND MCGRAW NR ST, ,,2,Injury Collision,Angles,2,0,0,2,2013/04/10 00:00:00+00,4/10/2013 8:45:00 PM,At Intersection (intersection related),11,"MOTOR VEHICLE STRUCK MOTOR VEHICLE, FRONT END AT ANGLE",,N,Overcast,Dry,Dark - Street Lights On,,,,10,Entering at angle,0,0,N
2359,2,-122.3116188,47.68667635,2689,17451,17451,1079805,Matched,Block,,NE 80TH ST BETWEEN 15TH AVE NE AND 16TH AVE NE,,,2,Injury Collision,Angles,2,0,0,2,2004/07/06 00:00:00+00,7/6/2004,Mid-Block (but intersection related),11,"MOTOR VEHICLE STRUCK MOTOR VEHICLE, FRONT END AT ANGLE",,1,Raining,Wet,Daylight,,4188032.0,Y,10,Entering at angle,0,0,N
2360,1,-122.3472116,47.690203499999996,2690,17851,17851,1221167,Matched,Block,,LINDEN AVE N BETWEEN N 84TH ST AND N 85TH ST,,,1,Property Damage Only Collision,Parked Car,3,0,0,3,2004/03/08 00:00:00+00,3/8/2004,Mid-Block (not related to intersection),16,"MOTOR VEHICLE STRUCK MOTOR VEHICLE, LEFT SIDE SIDESWIPE",,0,Unknown,Unknown,Dark - No Street Lights,,4068006.0,,32,One parked--one moving,0,0,N
2361,1,-122.3119998,47.6220849,2691,16650,16650,3615292,Matched,Block,,E HARRISON ST BETWEEN 15TH N AVE E AND 16TH AVE E,NEI,"Not Enough Information, or Insufficient Location Information",1,Property Damage Only Collision,Parked Car,2,0,0,2,2013/04/07 00:00:00+00,4/7/2013 6:00:00 PM,Mid-Block (not related to intersection),0,NOT ENOUGH INFORMATION / NOT APPLICABLE,,N,Unknown,Unknown,Daylight,,,,32,One parked--one moving,0,0,N
2362,1,-122.32811219999999,47.61006788,2692,16908,16908,3581419,Matched,Block,,SENECA ST BETWEEN 9TH AVE AND TERRY AVE, ,,1,Property Damage Only Collision,Other,2,0,0,2,2013/04/12 00:00:00+00,4/12/2013 7:40:00 AM,Mid-Block (but intersection related),11,"MOTOR VEHICLE STRUCK MOTOR VEHICLE, FRONT END AT ANGLE",,N,Clear,Dry,Daylight,,,,23,From same direction - all others,0,0,N
2363,1,-122.2865143,47.57762552,2693,322500,324000,E939150,Matched,Block,,MOUNT ST HELENS PL S BETWEEN S MCCLELLAN ST AND S RIDGEWAY PL, ,,1,Property Damage Only Collision,Parked Car,2,0,0,2,2019/06/06 00:00:00+00,6/6/2019 5:31:00 PM,Mid-Block (not related to intersection),16,"MOTOR VEHICLE STRUCK MOTOR VEHICLE, LEFT SIDE SIDESWIPE",,N,Overcast,Dry,Daylight,,,,32,One parked--one moving,0,0,Y
2364,1,-122.29155729999998,47.60647974,2694,16933,16933,1795933,Matched,Block,,32ND AVE BETWEEN E JEFFERSON ST AND E JAMES ST,,,1,Property Damage Only Collision,Parked Car,2,0,0,2,2004/11/02 00:00:00+00,11/2/2004,Driveway Junction,12,"MOTOR VEHICLE STRUCK MOTOR VEHICLE, RIGHT SIDE AT ANGLE",,0,Raining,Wet,Daylight,,4307015.0,,32,One parked--one moving,0,0,N
2365,1,-122.3646547,47.69064792,2695,16552,16552,3612936,Matched,Block,,NW 85TH ST BETWEEN 6TH AVE NW AND 8TH AVE NW, ,,1,Property Damage Only Collision,Head On,4,0,0,4,2013/04/04 00:00:00+00,4/4/2013 5:33:00 PM,Mid-Block (not related to intersection),14,"MOTOR VEHICLE STRUCK MOTOR VEHICLE, REAR END",,N,Raining,Wet,Daylight,,,Y,30,From opposite direction - all others,0,0,N
2366,1,-122.3468001,47.68366976,2696,17648,17648,1782090,Matched,Block,,LINDEN AVE N BETWEEN N 75TH ST AND N 76TH ST,,,1,Property Damage Only Collision,Sideswipe,2,0,0,2,2004/09/18 00:00:00+00,9/18/2004 12:50:00 PM,Mid-Block (not related to intersection),11,"MOTOR VEHICLE STRUCK MOTOR VEHICLE, FRONT END AT ANGLE",,0,Raining,Wet,Daylight,,4262019.0,,26,From opposite direction - both going straight - sideswipe,0,0,N
2367,1,-122.2715034,47.51904835,2698,17169,17169,1793655,Matched,Intersection,35299.0,RENTON AVE S AND S FLETCHER ST,,,1,Property Damage Only Collision,Angles,2,0,0,2,2004/07/09 00:00:00+00,7/9/2004,At Intersection (intersection related),11,"MOTOR VEHICLE STRUCK MOTOR VEHICLE, FRONT END AT ANGLE",,0,Clear,Dry,Dark - Street Lights On,,4191040.0,,10,Entering at angle,0,0,N
2368,2,,,2699,197300,197420,3739799,Matched,Block,,ALASKAN WY VI SB BETWEEN COLUMBIA ST ON RP AND ALASKAN WY VI SB EFR OFF RP, ,,2,Injury Collision,Rear Ended,3,0,0,2,2015/07/12 00:00:00+00,7/12/2015 12:48:00 PM,Mid-Block (not related to intersection),14,"MOTOR VEHICLE STRUCK MOTOR VEHICLE, REAR END",Y,N,Clear,Dry,Daylight,,,,14,From same direction - both going straight - one stopped - rear-end,0,0,N
2369,1,-122.3787711,47.56326378,2701,17963,17963,1798355,Matched,Intersection,31925.0,37TH AVE SW AND FAUNTLEROY WAY SW,,,1,Property Damage Only Collision,Left Turn,2,0,0,2,2004/05/25 00:00:00+00,5/25/2004 4:25:00 PM,At Intersection (intersection related),11,"MOTOR VEHICLE STRUCK MOTOR VEHICLE, FRONT END AT ANGLE",,0,Raining,Wet,Dawn,,4146039.0,,28,From opposite direction - one left turn - one straight,0,0,N
2370,1,-122.35530630000001,47.69150544,2703,16962,16962,1794802,Matched,Block,,GREENWOOD AVE N BETWEEN N 85TH ST AND N 87TH ST,,,1,Property Damage Only Collision,Sideswipe,3,0,0,2,2004/09/23 00:00:00+00,9/23/2004 5:35:00 PM,Mid-Block (not related to intersection),16,"MOTOR VEHICLE STRUCK MOTOR VEHICLE, LEFT SIDE SIDESWIPE",,0,Clear,Dry,Daylight,,4267015.0,,12,From same direction - both going straight - one stopped - sideswipe,0,0,N
2371,1,-122.30893540000001,47.57192439,2704,16567,16567,3672294,Matched,Block,,S SPOKANE ST BETWEEN ALAMO PL S AND BEACON AVE S, ,,1,Property Damage Only Collision,Rear Ended,3,0,0,2,2013/04/04 00:00:00+00,4/4/2013 5:00:00 PM,Mid-Block (not related to intersection),14,"MOTOR VEHICLE STRUCK MOTOR VEHICLE, REAR END",Y,N,Raining,Wet,Daylight,,,,14,From same direction - both going straight - one stopped - rear-end,0,0,N
2372,1,,,2705,17441,17441,467354,Matched,Block,,1ST AV S OFF RP BETWEEN ALASKAN WY VI SB AND S ROYAL BROUGHAM WAY,,,1,Property Damage Only Collision,Rear Ended,0,0,0,2,2004/06/08 00:00:00+00,6/8/2004,Mid-Block (but intersection related),14,"MOTOR VEHICLE STRUCK MOTOR VEHICLE, REAR END",,0,Clear,Dry,Daylight,,4160010.0,,13,From same direction - both going straight - both moving - rear-end,0,0,N
2373,1,-122.3477905,47.73322022,2706,17659,17659,1773806,Matched,Block,,LINDEN AVE N BETWEEN N 143RD ST AND N 145TH ST,,,1,Property Damage Only Collision,Other,1,0,0,1,2004/01/14 00:00:00+00,1/14/2004 8:20:00 AM,Mid-Block (not related to intersection),28,MOTOR VEHICLE RAN OFF ROAD - HIT FIXED OBJECT,Y,0,Raining,Wet,Daylight,,4014061.0,,50,Fixed object,0,0,N
2374,1,-122.3458666,47.690566700000005,2707,325900,327400,3376168,Unmatched,Block,,N 85TH ST BETWEEN LINDEN AVE N AND AURORA AVE N, ,,1,Property Damage Only Collision,,4,0,0,0,2019/11/10 00:00:00+00,11/10/2019,Mid-Block (not related to intersection),14,"MOTOR VEHICLE STRUCK MOTOR VEHICLE, REAR END",,,,,,,,, ,,0,0,N
2375,1,-122.2500305,47.50727601,2708,318100,319600,3815268,Matched,Block,,67TH AVE S BETWEEN S PRENTICE ST AND S BANGOR ST, ,,1,Property Damage Only Collision,Parked Car,2,0,0,2,2019/04/21 00:00:00+00,4/21/2019 10:00:00 PM,Mid-Block (not related to intersection),15,"MOTOR VEHICLE STRUCK MOTOR VEHICLE, RIGHT SIDE SIDESWIPE",,N,Clear,Dry,Dark - Street Lights On,,,,32,One parked--one moving,0,0,Y
2376,1,-122.3532855,47.69241234,2709,17340,17340,1220796,Matched,Block,,N 87TH ST BETWEEN PHINNEY AVE N AND DAYTON AVE N,,,1,Property Damage Only Collision,Parked Car,2,0,0,2,2004/03/01 00:00:00+00,3/1/2004,Mid-Block (not related to intersection),26,MOTOR VEHICLE STRUCK OBJECT IN ROAD,,0,Clear,Dry,Dark - Street Lights On,,4061014.0,,32,One parked--one moving,0,0,N
2377,2,-122.30292069999999,47.58501879,2711,17846,17846,1793202,Matched,Block,,23RD AVE S BETWEEN S PLUM ST AND RAINIER AVE S,,,2,Injury Collision,Rear Ended,4,0,0,3,2004/07/30 00:00:00+00,7/30/2004 2:05:00 PM,Mid-Block (but intersection related),14,"MOTOR VEHICLE STRUCK MOTOR VEHICLE, REAR END",,0,Clear,Dry,Daylight,,4212025.0,,14,From same direction - both going straight - one stopped - rear-end,0,0,N
2378,2,-122.3462687,47.62446291,2712,17192,17192,1059602,Matched,Intersection,28913.0,MERCER ST AND TAYLOR AVE N,,,2,Injury Collision,Angles,3,0,0,2,2004/11/20 00:00:00+00,11/20/2004 10:34:00 PM,At Intersection (intersection related),11,"MOTOR VEHICLE STRUCK MOTOR VEHICLE, FRONT END AT ANGLE",,0,Clear,Dry,Dark - Street Lights On,,4325018.0,,10,Entering at angle,0,0,N
2379,2,-122.3089678,47.59923897,2713,16679,16679,3476498,Matched,Intersection,30752.0,18TH AVE S AND S JACKSON ST, ,,2,Injury Collision,Angles,3,0,0,2,2013/04/07 00:00:00+00,4/7/2013 2:03:00 PM,At Intersection (intersection related),11,"MOTOR VEHICLE STRUCK MOTOR VEHICLE, FRONT END AT ANGLE",,N,Raining,Wet,Daylight,,,,10,Entering at angle,0,0,N
2380,1,-122.30061609999998,47.66797835,2714,17325,17325,1793863,Matched,Intersection,25940.0,25TH AVE NE AND NE 54TH ST,,,1,Property Damage Only Collision,Angles,3,0,0,2,2004/09/02 00:00:00+00,9/2/2004,At Intersection (intersection related),11,"MOTOR VEHICLE STRUCK MOTOR VEHICLE, FRONT END AT ANGLE",,0,Clear,Dry,Daylight,,4246022.0,,10,Entering at angle,0,0,N
2381,1,-122.3159446,47.65361705,2715,308200,309480,E869928,Matched,Block,,NE PACIFIC ST BETWEEN NE BOAT ST AND BROOKLYN AVE NE, ,,1,Property Damage Only Collision,Rear Ended,8,0,0,4,2018/12/05 00:00:00+00,12/5/2018 6:25:00 PM,Mid-Block (not related to intersection),14,"MOTOR VEHICLE STRUCK MOTOR VEHICLE, REAR END",,N,Clear,Dry,Dark - Street Lights On,,,,14,From same direction - both going straight - one stopped - rear-end,0,0,N
2382,2,-122.3612977,47.5360414,2716,17646,17646,1781671,Matched,Block,,DELRIDGE WAY SW BETWEEN SYLVAN WAY SW AND SW WEBSTER ST,,,2,Injury Collision,Rear Ended,3,0,0,2,2004/06/11 00:00:00+00,6/11/2004 2:22:00 PM,Mid-Block (not related to intersection),14,"MOTOR VEHICLE STRUCK MOTOR VEHICLE, REAR END",,0,Clear,Dry,Daylight,,4163041.0,,14,From same direction - both going straight - one stopped - rear-end,0,0,N
2383,2,-122.30905770000001,47.57456744,2717,17535,17535,1771605,Matched,Block,,BEACON AVE S BETWEEN S HANFORD ST AND S HORTON ST,,,2,Injury Collision,Cycles,2,0,1,1,2004/05/12 00:00:00+00,5/12/2004 5:17:00 PM,Mid-Block (not related to intersection),51,PEDALCYCLIST STRUCK MOTOR VEHICLE FRONT END AT ANGLE,,0,Clear,Dry,Daylight,,4133006.0,,45,Vehicle - Pedalcyclist,0,0,N
2384,1,-122.3254643,47.60969373,2719,234500,234900,E634247,Matched,Block,,BOREN AVE BETWEEN MADISON ST AND SPRING ST, ,,1,Property Damage Only Collision,Sideswipe,3,0,0,2,2017/01/14 00:00:00+00,1/14/2017 1:38:00 PM,Mid-Block (not related to intersection),11,"MOTOR VEHICLE STRUCK MOTOR VEHICLE, FRONT END AT ANGLE",,N,Overcast,Dry,Daylight,,,,11,From same direction - both going straight - both moving - sideswipe,0,0,N
2385,1,-122.3965478,47.57840419,2720,17952,17952,1781361,Matched,Block,,GARLOUGH AVE SW BETWEEN SW ADMIRAL W WAY AND SW STEVENS ST,,,1,Property Damage Only Collision,Other,1,0,0,1,2004/06/12 00:00:00+00,6/12/2004 11:00:00 PM,Mid-Block (but intersection related),28,MOTOR VEHICLE RAN OFF ROAD - HIT FIXED OBJECT,,0,Unknown,Unknown,Dark - Street Lights On,,4164002.0,,50,Fixed object,0,0,N
2386,1,-122.27874440000001,47.53889203,2723,16442,16442,3672291,Matched,Block,,S MYRTLE ST BETWEEN 43RD AVE S AND 44TH AVE S, ,,1,Property Damage Only Collision,Other,2,0,0,2,2013/03/27 00:00:00+00,3/27/2013 5:30:00 PM,Mid-Block (but intersection related),28,MOTOR VEHICLE RAN OFF ROAD - HIT FIXED OBJECT,Y,N,Clear,Dry,Dusk,,,,50,Fixed object,0,0,N
2387,1,-122.31260159999998,47.62444521,2725,16813,16813,3593816,Matched,Intersection,28990.0,15TH AVE E AND E MERCER N ST, ,,1,Property Damage Only Collision,Other,1,0,0,1,2013/04/11 00:00:00+00,4/11/2013 8:00:00 PM,At Intersection (intersection related),28,MOTOR VEHICLE RAN OFF ROAD - HIT FIXED OBJECT,,Y,Clear,Dry,Dusk,,,,50,Fixed object,0,0,N
2388,1,-122.32212990000001,47.61522608,2726,17735,17735,1214397,Matched,Intersection,29735.0,HARVARD AVE AND E PINE ST,,,1,Property Damage Only Collision,Left Turn,2,0,0,2,2004/02/26 00:00:00+00,2/26/2004 9:15:00 PM,At Intersection (intersection related),11,"MOTOR VEHICLE STRUCK MOTOR VEHICLE, FRONT END AT ANGLE",,0,Raining,Wet,Dark - Street Lights On,,4057027.0,,28,From opposite direction - one left turn - one straight,0,0,N
2389,1,-122.3990305,47.69304294,2727,16903,16903,3609019,Matched,Block,,GOLDEN GARDENS DR NW BETWEEN 32ND AVE NW AND LOYAL AVE NW, ,,1,Property Damage Only Collision,Other,1,0,0,1,2013/04/14 00:00:00+00,4/14/2013 6:00:00 PM,Mid-Block (not related to intersection),28,MOTOR VEHICLE RAN OFF ROAD - HIT FIXED OBJECT,,N,Clear,Dry,Daylight,,,,50,Fixed object,0,0,N
2390,1,-122.3423227,47.62757213,2728,321200,322700,E940067,Matched,Block,,DEXTER AVE N BETWEEN ALOHA ST AND WARD ST, ,,1,Property Damage Only Collision,Rear Ended,2,0,0,2,2019/07/12 00:00:00+00,7/12/2019 2:20:00 PM,Mid-Block (not related to intersection),14,"MOTOR VEHICLE STRUCK MOTOR VEHICLE, REAR END",Y,N,Clear,Dry,Daylight,,,,13,From same direction - both going straight - both moving - rear-end,0,0,N
2391,2,-122.3466941,47.6422552,2729,16927,16927,1783627,Matched,Block,,HALLADAY ST BETWEEN AURORA AVE N AND BIRCH AVE N,,,2,Injury Collision,Rear Ended,3,0,0,2,2004/08/25 00:00:00+00,8/25/2004 4:22:00 PM,Mid-Block (but intersection related),14,"MOTOR VEHICLE STRUCK MOTOR VEHICLE, REAR END",,0,Raining,Wet,Daylight,,4238039.0,,74,Same direction -- both turning right -- one stopped -- rear end,0,0,N
2392,1,-122.31207930000001,47.68304587,2730,16720,16720,3507869,Matched,Intersection,24426.0,15TH AVE NE AND NE 75TH ST, ,,1,Property Damage Only Collision,Left Turn,3,0,0,2,2013/04/08 00:00:00+00,4/8/2013 7:05:00 AM,At Intersection (intersection related),11,"MOTOR VEHICLE STRUCK MOTOR VEHICLE, FRONT END AT ANGLE",Y,N,Overcast,Wet,Daylight,,,,28,From opposite direction - one left turn - one straight,0,0,N
2393,1,-122.3035537,47.61621367,2733,16648,16648,3476794,Matched,Block,,22ND AVE BETWEEN E PINE ST AND E OLIVE ST, ,,1,Property Damage Only Collision,Parked Car,2,0,0,2,2013/04/08 00:00:00+00,4/8/2013 3:15:00 PM,Mid-Block (not related to intersection),16,"MOTOR VEHICLE STRUCK MOTOR VEHICLE, LEFT SIDE SIDESWIPE",Y,N,Clear,Dry,Daylight,,,,32,One parked--one moving,0,0,N
2394,1,-122.3207386,47.60219546,2734,17467,17467,1198185,Matched,Block,,BROADWAY BETWEEN YESLER WAY AND E FIR ST,,,1,Property Damage Only Collision,Parked Car,2,0,0,2,2004/11/16 00:00:00+00,11/16/2004 1:59:00 PM,Mid-Block (not related to intersection),11,"MOTOR VEHICLE STRUCK MOTOR VEHICLE, FRONT END AT ANGLE",,0,Unknown,Unknown,Unknown,,4321022.0,,32,One parked--one moving,0,0,N
2395,1,-122.30682279999999,47.69575928,2741,16894,16894,3613349,Matched,Intersection,37739.0,20TH AVE NE AND NE 92ND ST, ,,1,Property Damage Only Collision,Other,2,0,0,1,2013/04/14 00:00:00+00,4/14/2013 4:10:00 AM,At Intersection (intersection related),27,MOTOR VEHICLE RAN OFF ROAD - NO COLLISION,,N,Overcast,Wet,Dark - Street Lights On,,,,50,Fixed object,0,0,N
2396,1,-122.3295808,47.54925641,2742,17256,17256,1775096,Matched,Block,,4TH AVE S BETWEEN S FIDALGO ST AND S FRONT ST,,,1,Property Damage Only Collision,Sideswipe,2,0,0,2,2004/01/28 00:00:00+00,1/28/2004 1:58:00 PM,Mid-Block (not related to intersection),16,"MOTOR VEHICLE STRUCK MOTOR VEHICLE, LEFT SIDE SIDESWIPE",,0,Overcast,Dry,Daylight,,4028021.0,,11,From same direction - both going straight - both moving - sideswipe,0,0,N
2397,1,-122.3204094,47.61523807,2743,214000,214260,3704205,Matched,Block,,E PINE ST BETWEEN BROADWAY AND NAGLE PL, ,,1,Property Damage Only Collision,Cycles,2,0,1,1,2016/02/20 00:00:00+00,2/20/2016 10:37:00 PM,,18,"MOTOR VEHICLE STRUCK PEDALCYCLIST, FRONT END AT ANGLE",Y,N,Clear,Dry,Dark - Street Lights Off,,,,45,Vehicle - Pedalcyclist,10402,0,N
2398,1,-122.3186692,47.55101695,2744,17373,17373,1781332,Matched,Block,,AIRPORT WAY S BETWEEN S CARSTENS PL AND S HOMER ST,,,1,Property Damage Only Collision,Other,3,0,0,2,2004/04/28 00:00:00+00,4/28/2004 1:37:00 PM,Driveway Junction,11,"MOTOR VEHICLE STRUCK MOTOR VEHICLE, FRONT END AT ANGLE",,0,Clear,Dry,Daylight,,4119024.0,,22,One car leaving driveway access,0,0,N