,SEVERITYCODE,X,Y,OBJECTID,INCKEY,COLDETKEY,REPORTNO,STATUS,ADDRTYPE,INTKEY,LOCATION,EXCEPTRSNCODE,EXCEPTRSNDESC,SEVERITYCODE.1,SEVERITYDESC,COLLISIONTYPE,PERSONCOUNT,PEDCOUNT,PEDCYLCOUNT,VEHCOUNT,INCDATE,INCDTTM,JUNCTIONTYPE,SDOT_COLCODE,SDOT_COLDESC,INATTENTIONIND,UNDERINFL,WEATHER,ROADCOND,LIGHTCOND,PEDROWNOTGRNT,SDOTCOLNUM,SPEEDING,ST_COLCODE,ST_COLDESC,SEGLANEKEY,CROSSWALKKEY,HITPARKEDCAR
2399,1,-122.34488619999999,47.63229915,2745,216700,216980,E528710,Matched,Block,,GALER ST BETWEEN 6TH AVE N AND DEAD END 4, ,,1,Property Damage Only Collision,Other,5,0,0,5,2016/03/27 00:00:00+00,3/27/2016 10:19:00 PM,Mid-Block (not related to intersection),14,"MOTOR VEHICLE STRUCK MOTOR VEHICLE, REAR END",,N,Clear,Dry,Dark - Street Lights On,,,,56,Breakage of any part of the vehicle resulting in injury or in further property damage,0,0,N
2400,1,-122.2721868,47.54158539,2746,17809,17809,1789426,Matched,Block,,RAINIER AVE S BETWEEN S HOLLY ST AND S WILLOW ST,,,1,Property Damage Only Collision,Rear Ended,3,0,0,3,2004/08/26 00:00:00+00,8/26/2004 6:39:00 PM,Mid-Block (but intersection related),11,"MOTOR VEHICLE STRUCK MOTOR VEHICLE, FRONT END AT ANGLE",Y,0,Clear,Dry,Dusk,,4239015.0,,14,From same direction - both going straight - one stopped - rear-end,0,0,N
2401,1,-122.40998959999999,47.57931722,2747,17154,17154,1788930,Matched,Block,,ALKI AVE SW BETWEEN 60TH AVE SW AND 61ST AVE SW,,,1,Property Damage Only Collision,Parked Car,2,0,0,2,2004/03/28 00:00:00+00,3/28/2004 3:56:00 AM,Mid-Block (not related to intersection),14,"MOTOR VEHICLE STRUCK MOTOR VEHICLE, REAR END",,0,Clear,Dry,Dark - Street Lights On,,4088029.0,,32,One parked--one moving,0,0,N
2402,2,-122.28209479999998,47.54600376,2750,17419,17419,1786056,Matched,Block,,S GRAHAM ST BETWEEN 39TH AVE S AND 42ND AVE S,,,2,Injury Collision,Rear Ended,2,0,0,2,2004/04/23 00:00:00+00,4/23/2004 2:44:00 PM,Mid-Block (but intersection related),14,"MOTOR VEHICLE STRUCK MOTOR VEHICLE, REAR END",,0,Overcast,Wet,Daylight,,4114019.0,,14,From same direction - both going straight - one stopped - rear-end,0,0,N
2403,1,-122.3134622,47.56724307,2751,16515,16515,3502165,Matched,Intersection,32287.0,15TH AVE S AND S DAKOTA ST, ,,1,Property Damage Only Collision,Left Turn,4,0,0,3,2013/04/05 00:00:00+00,4/5/2013 7:42:00 AM,At Intersection (intersection related),11,"MOTOR VEHICLE STRUCK MOTOR VEHICLE, FRONT END AT ANGLE",,N,Raining,Wet,Daylight,,,,28,From opposite direction - one left turn - one straight,0,0,N
2404,2,-122.38758729999999,47.67128071,2752,16410,16410,3501331,Matched,Block,,24TH AVE NW BETWEEN NW 58TH ST AND NW 59TH ST, ,,2,Injury Collision,Pedestrian,2,1,0,1,2013/04/02 00:00:00+00,4/2/2013 3:05:00 PM,Mid-Block (not related to intersection),24,MOTOR VEHCILE STRUCK PEDESTRIAN,,N,Clear,Dry,Daylight,,,,0,Vehicle going straight hits pedestrian,0,0,N
2405,1,-122.28528109999999,47.54569398,2753,17088,17088,1779423,Matched,Block,,M L KING JR ER WAY S BETWEEN S GRAHAM ST AND S EDDY ST,,,1,Property Damage Only Collision,Rear Ended,3,0,0,2,2004/11/26 00:00:00+00,11/26/2004 11:56:00 PM,Mid-Block (not related to intersection),14,"MOTOR VEHICLE STRUCK MOTOR VEHICLE, REAR END",,0,Raining,Wet,Dark - Street Lights On,,4331015.0,,13,From same direction - both going straight - both moving - rear-end,0,0,N
2406,1,-122.32807859999998,47.60416123,2754,16544,16544,3643828,Matched,Intersection,29973.0,6TH AVE AND JAMES ST, ,,1,Property Damage Only Collision,Angles,5,0,0,2,2013/04/07 00:00:00+00,4/7/2013 8:07:00 AM,At Intersection (intersection related),11,"MOTOR VEHICLE STRUCK MOTOR VEHICLE, FRONT END AT ANGLE",,N,Raining,Wet,Daylight,,,,10,Entering at angle,0,0,N
2407,2,-122.3159446,47.65361705,2755,16919,16919,1634926,Matched,Block,,NE PACIFIC ST BETWEEN NE BOAT ST AND BROOKLYN AVE NE,,,2,Injury Collision,Rear Ended,2,0,0,2,2004/01/31 00:00:00+00,1/31/2004 6:50:00 PM,Mid-Block (not related to intersection),14,"MOTOR VEHICLE STRUCK MOTOR VEHICLE, REAR END",,0,Overcast,Wet,Dark - Street Lights On,,4031048.0,,14,From same direction - both going straight - one stopped - rear-end,0,0,N
2408,1,-122.31816880000001,47.61583703,2756,17138,17138,1079759,Matched,Block,,11TH AVE BETWEEN E PINE ST AND E OLIVE ST,,,1,Property Damage Only Collision,Parked Car,2,0,0,2,2004/07/27 00:00:00+00,7/27/2004 1:30:00 PM,Mid-Block (not related to intersection),13,"MOTOR VEHICLE STRUCK MOTOR VEHICLE, LEFT SIDE AT ANGLE",,0,Clear,Dry,Daylight,,4209040.0,,32,One parked--one moving,0,0,N
2409,1,-122.37755359999998,47.66570701,2757,17678,17678,1773844,Matched,Block,,NW 51ST ST BETWEEN 15TH AVE NW AND 17TH AVE NW,,,1,Property Damage Only Collision,Parked Car,2,0,0,2,2004/05/04 00:00:00+00,5/4/2004,Mid-Block (but intersection related),13,"MOTOR VEHICLE STRUCK MOTOR VEHICLE, LEFT SIDE AT ANGLE",Y,0,Clear,Dry,Daylight,,4125016.0,,32,One parked--one moving,0,0,N
2410,1,-122.3200982,47.63266446,2758,213600,213860,3704178,Matched,Block,,10TH AVE E BETWEEN E GALER ST AND E GARFIELD ST, ,,1,Property Damage Only Collision,Rear Ended,2,0,0,2,2016/02/16 00:00:00+00,2/16/2016 3:16:00 PM,Mid-Block (but intersection related),14,"MOTOR VEHICLE STRUCK MOTOR VEHICLE, REAR END",Y,N,Clear,Dry,Daylight,,,,13,From same direction - both going straight - both moving - rear-end,0,0,N
2411,1,-122.32271409999998,47.55336118,2760,235700,236140,3545367,Matched,Block,,S LUCILE ST BETWEEN 7TH AVE S AND 8TH AVE S, ,,1,Property Damage Only Collision,Angles,2,0,0,2,2017/02/09 00:00:00+00,2/9/2017 10:25:00 AM,Mid-Block (not related to intersection),11,"MOTOR VEHICLE STRUCK MOTOR VEHICLE, FRONT END AT ANGLE",,N,Raining,Wet,Daylight,,,,10,Entering at angle,0,0,N
2412,1,-122.26999540000001,47.52165888,2761,17777,17777,1771519,Matched,Block,,RAINIER AVE S BETWEEN S DIRECTOR S ST AND S FISHER PL,,,1,Property Damage Only Collision,Other,2,0,0,2,2004/08/02 00:00:00+00,8/2/2004,Driveway Junction,11,"MOTOR VEHICLE STRUCK MOTOR VEHICLE, FRONT END AT ANGLE",Y,0,Clear,Dry,Daylight,,4215010.0,,22,One car leaving driveway access,0,0,N
2413,2,-122.3234155,47.61523114,2762,17495,17495,1788699,Matched,Intersection,29734.0,BOYLSTON AVE AND E PINE ST,,,2,Injury Collision,Pedestrian,3,2,0,1,2004/03/17 00:00:00+00,3/17/2004 2:46:00 PM,At Intersection (but not related to intersection),24,MOTOR VEHCILE STRUCK PEDESTRIAN,Y,0,Clear,Dry,Daylight,,4077011.0,,2,Vehicle turning left hits pedestrian,0,0,N
2414,1,-122.28205679999999,47.51990297,2764,317400,318900,3814896,Matched,Block,,CARKEEK DR S BETWEEN 41ST AVE S AND 40TH AVE S, ,,1,Property Damage Only Collision,Other,1,0,0,1,2019/03/30 00:00:00+00,3/30/2019 4:35:00 AM,Mid-Block (not related to intersection),28,MOTOR VEHICLE RAN OFF ROAD - HIT FIXED OBJECT,,N,Clear,Dry,Dark - Street Lights On,,,,50,Fixed object,0,0,N
2415,1,-122.38388870000001,47.58117586,2766,16579,16579,3553739,Matched,Intersection,31064.0,41ST AVE SW AND SW ADMIRAL WAY, ,,1,Property Damage Only Collision,Angles,2,0,0,2,2013/04/06 00:00:00+00,4/6/2013 1:51:00 PM,At Intersection (intersection related),11,"MOTOR VEHICLE STRUCK MOTOR VEHICLE, FRONT END AT ANGLE",,N,Clear,Wet,Daylight,,,,10,Entering at angle,0,0,N
2416,1,-122.323242,47.70744141,2767,17443,17443,1782095,Matched,Block,,5TH AVE NE BETWEEN NE 106TH ST AND NE NORTHGATE WAY,,,1,Property Damage Only Collision,Rear Ended,2,0,0,2,2004/10/12 00:00:00+00,10/12/2004 4:08:00 PM,Mid-Block (but intersection related),14,"MOTOR VEHICLE STRUCK MOTOR VEHICLE, REAR END",,0,Clear,Dry,Daylight,,4286011.0,,14,From same direction - both going straight - one stopped - rear-end,0,0,N
2417,2,-122.3292794,47.59030786,2768,17848,17848,1474748,Matched,Intersection,163340.0,4TH AVE SB OFF RP AND EDGAR MARTINEZ DR S,,,2,Injury Collision,Sideswipe,4,0,0,2,2004/07/25 00:00:00+00,7/25/2004 2:32:00 AM,At Intersection (intersection related),16,"MOTOR VEHICLE STRUCK MOTOR VEHICLE, LEFT SIDE SIDESWIPE",Y,1,Clear,Dry,Dark - Street Lights On,,4207026.0,,81,Same direction -- both turning left -- both moving -- sideswipe,0,0,N
2418,1,-122.3662888,47.67598307,2769,16833,16833,3501801,Matched,Block,,NW 65TH ST BETWEEN 8TH AVE NW AND DIVISION AVE NW, ,,1,Property Damage Only Collision,Other,2,0,0,2,2013/04/13 00:00:00+00,4/13/2013 6:56:00 PM,Mid-Block (but intersection related),11,"MOTOR VEHICLE STRUCK MOTOR VEHICLE, FRONT END AT ANGLE",,N,Raining,Wet,Daylight,,,,23,From same direction - all others,0,0,N
2419,1,-122.36419679999999,47.62489166,2770,16911,16911,3582040,Matched,Block,,W MERCER PL BETWEEN W MERCER ST AND 6TH AVE W, ,,1,Property Damage Only Collision,Sideswipe,2,0,0,2,2013/04/14 00:00:00+00,4/14/2013 7:43:00 PM,Mid-Block (not related to intersection),11,"MOTOR VEHICLE STRUCK MOTOR VEHICLE, FRONT END AT ANGLE",,N,Overcast,Dry,Dark - Street Lights On,,,,11,From same direction - both going straight - both moving - sideswipe,0,0,N
2420,1,-122.3109494,47.59511628,2771,301400,302640,E831664,Matched,Block,,RAINIER AVE S BETWEEN S DEARBORN ST AND S CHARLES N ST, ,,1,Property Damage Only Collision,Sideswipe,3,0,0,2,2018/08/24 00:00:00+00,8/24/2018 12:36:00 PM,Mid-Block (not related to intersection),14,"MOTOR VEHICLE STRUCK MOTOR VEHICLE, REAR END",,N,Clear,Dry,Daylight,,,,12,From same direction - both going straight - one stopped - sideswipe,0,0,N
2421,1,-122.31833629999998,47.64384005,2772,17078,17078,1180719,Matched,Block,,11TH AVE E BETWEEN E ROANOKE ST AND E EDGAR ST,,,1,Property Damage Only Collision,Parked Car,2,0,0,2,2004/01/07 00:00:00+00,1/7/2004,Mid-Block (not related to intersection),14,"MOTOR VEHICLE STRUCK MOTOR VEHICLE, REAR END",,0,Sleet/Hail/Freezing Rain,Snow/Slush,Daylight,,4007007.0,Y,32,One parked--one moving,0,0,N
2422,1,-122.33945859999999,47.60905305,2773,16714,16714,3581938,Matched,Block,,PIKE ST BETWEEN 1ST AVE AND 2ND AVE, ,,1,Property Damage Only Collision,Other,2,0,0,2,2013/04/09 00:00:00+00,4/9/2013 1:13:00 PM,Mid-Block (but intersection related),11,"MOTOR VEHICLE STRUCK MOTOR VEHICLE, FRONT END AT ANGLE",,N,Clear,Dry,Daylight,,,,23,From same direction - all others,0,0,N
2423,2,-122.26956489999999,47.67575235,2774,17647,17647,1782053,Matched,Intersection,24878.0,54TH AVE NE AND NE 65TH ST,,,2,Injury Collision,Angles,2,0,0,2,2004/04/22 00:00:00+00,4/22/2004 10:12:00 AM,At Intersection (intersection related),11,"MOTOR VEHICLE STRUCK MOTOR VEHICLE, FRONT END AT ANGLE",,0,Clear,Dry,Daylight,,4113026.0,,10,Entering at angle,0,0,N
2424,1,-122.34679150000001,47.53262667,2775,17822,17822,1781775,Matched,Block,,HIGHLAND PARK WAY SW BETWEEN SW PORTLAND ST AND 9TH AVE SW,,,1,Property Damage Only Collision,Parked Car,2,0,0,2,2004/09/09 00:00:00+00,9/9/2004,Driveway Junction,14,"MOTOR VEHICLE STRUCK MOTOR VEHICLE, REAR END",,0,Clear,Dry,Daylight,,4253020.0,,32,One parked--one moving,0,0,N
2425,1,-122.3355713,47.52178311,2776,17305,17305,1789033,Matched,Block,,OLSON PL SW BETWEEN 1ST AVE S AND 2ND AVE SW,,,1,Property Damage Only Collision,Rear Ended,2,0,0,2,2004/03/03 00:00:00+00,3/3/2004,Mid-Block (but intersection related),14,"MOTOR VEHICLE STRUCK MOTOR VEHICLE, REAR END",Y,0,Raining,Wet,Dawn,,4063016.0,,14,From same direction - both going straight - one stopped - rear-end,0,0,N
2426,2,-122.3767929,47.68687813,2777,195900,196000,E435185,Matched,Intersection,23882.0,15TH AVE NW AND NW 80TH ST, ,,2,Injury Collision,Angles,0,0,0,2,2015/06/18 00:00:00+00,6/18/2015 4:39:00 PM,At Intersection (intersection related),11,"MOTOR VEHICLE STRUCK MOTOR VEHICLE, FRONT END AT ANGLE",,N,Clear,Dry,Daylight,,,,10,Entering at angle,0,0,N
2427,1,-122.3201615,47.60169934,2778,17765,17765,1788303,Matched,Block,,E YESLER WAY BETWEEN BROADWAY AND 10TH AVE,,,1,Property Damage Only Collision,Rear Ended,4,0,0,2,2004/07/06 00:00:00+00,7/6/2004,Mid-Block (but intersection related),14,"MOTOR VEHICLE STRUCK MOTOR VEHICLE, REAR END",,0,Raining,Wet,Daylight,,4188027.0,,14,From same direction - both going straight - one stopped - rear-end,0,0,N
2428,2,-122.2906615,47.71262465,2779,16692,16692,3501876,Matched,Block,,35TH AVE NE BETWEEN NE 115TH ST AND 34TH AVE NE, ,,2,Injury Collision,Head On,2,0,0,2,2013/04/07 00:00:00+00,4/7/2013 8:56:00 AM,Mid-Block (not related to intersection),11,"MOTOR VEHICLE STRUCK MOTOR VEHICLE, FRONT END AT ANGLE",,N,Raining,Wet,Daylight,,,,24,From opposite direction - both moving - head-on,0,0,N
2429,1,-122.3756924,47.54831958,2780,16796,16796,3505063,Matched,Block,,SW RAYMOND ST BETWEEN 34TH AVE SW AND 35TH AVE SW, ,,1,Property Damage Only Collision,Parked Car,2,0,0,2,2013/04/11 00:00:00+00,4/11/2013 10:43:00 AM,Mid-Block (not related to intersection),11,"MOTOR VEHICLE STRUCK MOTOR VEHICLE, FRONT END AT ANGLE",Y,N,Raining,Wet,Daylight,,,,20,One car leaving parked position,0,0,N
2430,1,-122.29532649999999,47.68304813,2781,17245,17245,1773764,Matched,Block,,NE 75TH ST BETWEEN 30TH AVE NE AND 31ST AVE NE,,,1,Property Damage Only Collision,Other,1,0,0,1,2004/01/28 00:00:00+00,1/28/2004 8:40:00 AM,Mid-Block (but intersection related),28,MOTOR VEHICLE RAN OFF ROAD - HIT FIXED OBJECT,,0,Raining,Wet,Daylight,,4028049.0,,50,Fixed object,0,0,N
2431,1,-122.3555447,47.72232421,2782,309500,310780,E881920,Matched,Block,,GREENWOOD AVE N BETWEEN N 127TH ST AND N 130TH ST, ,,1,Property Damage Only Collision,Rear Ended,2,0,0,2,2019/01/10 00:00:00+00,1/10/2019 4:22:00 PM,Mid-Block (but intersection related),14,"MOTOR VEHICLE STRUCK MOTOR VEHICLE, REAR END",Y,N,Clear,Wet,Daylight,,,,14,From same direction - both going straight - one stopped - rear-end,0,0,N
2432,1,-122.312114,47.61528236,2784,17037,17037,1787137,Matched,Block,,E PINE ST BETWEEN 15TH AVE AND 16TH AVE,,,1,Property Damage Only Collision,Rear Ended,3,0,0,2,2004/04/20 00:00:00+00,4/20/2004 12:03:00 PM,Mid-Block (but intersection related),14,"MOTOR VEHICLE STRUCK MOTOR VEHICLE, REAR END",,0,Clear,Dry,Daylight,,4111022.0,,14,From same direction - both going straight - one stopped - rear-end,0,0,N
2433,2,-122.33431159999999,47.60846026,2785,17268,17268,537842,Matched,Block,,UNIVERSITY ST BETWEEN 4TH AVE AND 5TH AVE,,,2,Injury Collision,Pedestrian,0,1,0,1,2004/03/19 00:00:00+00,3/19/2004 9:09:00 AM,Mid-Block (not related to intersection),24,MOTOR VEHCILE STRUCK PEDESTRIAN,,0,Clear,Dry,Daylight,Y,4079005.0,,3,Vehicle backing hits pedestrian,0,0,N
2434,1,,,2786,16777,16777,3501906,Matched,Intersection,157970.0,35TH AVE SW AND FAUNTLEROY N WAY SW, ,,1,Property Damage Only Collision,Sideswipe,2,0,0,2,2013/04/11 00:00:00+00,4/11/2013 6:27:00 AM,At Intersection (intersection related),16,"MOTOR VEHICLE STRUCK MOTOR VEHICLE, LEFT SIDE SIDESWIPE",,N,Overcast,Wet,Dawn,,,,11,From same direction - both going straight - both moving - sideswipe,0,0,N
2435,2,-122.338197,47.606835,2787,17207,17207,1777285,Matched,Intersection,29604.0,1ST AVE AND UNIVERSITY ST,,,2,Injury Collision,Pedestrian,2,1,0,1,2004/01/14 00:00:00+00,1/14/2004 2:26:00 PM,At Intersection (intersection related),24,MOTOR VEHCILE STRUCK PEDESTRIAN,,0,Raining,Wet,Daylight,,4014062.0,,0,Vehicle going straight hits pedestrian,0,0,N
2436,2,-122.28173659999999,47.53796439,2789,17948,17948,1771483,Matched,Block,,M L KING JR WR WAY S BETWEEN S MYRTLE ST AND S OTHELLO ST,,,2,Injury Collision,Rear Ended,5,0,0,3,2004/03/24 00:00:00+00,3/24/2004 3:00:00 PM,Mid-Block (not related to intersection),14,"MOTOR VEHICLE STRUCK MOTOR VEHICLE, REAR END",,0,Raining,Wet,Daylight,,4084023.0,Y,14,From same direction - both going straight - one stopped - rear-end,0,0,N
2437,1,-122.3203804,47.69994383,2790,17295,17295,1476107,Matched,Block,,8TH AVE NE BETWEEN NE 97TH ST AND NE 98TH ST,,,1,Property Damage Only Collision,Parked Car,2,0,0,2,2004/05/18 00:00:00+00,5/18/2004 4:35:00 PM,Mid-Block (not related to intersection),12,"MOTOR VEHICLE STRUCK MOTOR VEHICLE, RIGHT SIDE AT ANGLE",,0,Clear,Dry,Daylight,,4139033.0,,32,One parked--one moving,0,0,N
2438,1,-122.3499463,47.51733018,2791,319400,320900,3752755,Matched,Block,,SW ROXBURY ST BETWEEN 11TH AVE SW AND 12TH AVE SW, ,,1,Property Damage Only Collision,Rear Ended,4,0,0,3,2019/05/25 00:00:00+00,5/25/2019 5:01:00 PM,Mid-Block (not related to intersection),14,"MOTOR VEHICLE STRUCK MOTOR VEHICLE, REAR END",,N,Raining,Wet,Daylight,,,,14,From same direction - both going straight - one stopped - rear-end,0,0,N
2439,2,-122.39284369999999,47.52258737,2792,17907,17907,1795492,Matched,Block,,FAUNTLEROY WAY SW BETWEEN SW BARTON ST AND SW WILDWOOD PL,,,2,Injury Collision,Rear Ended,2,0,0,2,2004/11/09 00:00:00+00,11/9/2004,Driveway Junction,11,"MOTOR VEHICLE STRUCK MOTOR VEHICLE, FRONT END AT ANGLE",,0,Clear,Dry,Dark - Street Lights On,,4314003.0,,13,From same direction - both going straight - both moving - rear-end,0,0,N
2440,1,-122.356977,47.63413623,2793,17855,17855,1777346,Matched,Block,,QUEEN ANNE AVE N BETWEEN GARFIELD ST AND BLAINE ST,,,1,Property Damage Only Collision,Parked Car,2,0,0,2,2004/05/22 00:00:00+00,5/22/2004 12:54:00 PM,Mid-Block (not related to intersection),11,"MOTOR VEHICLE STRUCK MOTOR VEHICLE, FRONT END AT ANGLE",,0,Unknown,Unknown,Unknown,,4143034.0,,32,One parked--one moving,0,0,N
2441,2,-122.33759199999999,47.61120737,2794,324000,325500,3793292,Matched,Intersection,29579.0,4TH AVE AND PINE ST, ,,2,Injury Collision,Angles,4,0,0,2,2019/09/28 00:00:00+00,9/28/2019 5:30:00 AM,At Intersection (intersection related),11,"MOTOR VEHICLE STRUCK MOTOR VEHICLE, FRONT END AT ANGLE",,N,Overcast,Wet,,,,,10,Entering at angle,0,0,N
2442,1,-122.29840630000001,47.60086529,2795,315000,316480,3814628,Matched,Block,,S WASHINGTON ST BETWEEN 26TH AVE S AND 27TH AVE S, ,,1,Property Damage Only Collision,Angles,4,0,0,2,2019/02/08 00:00:00+00,2/8/2019 2:18:00 PM,Mid-Block (but intersection related),11,"MOTOR VEHICLE STRUCK MOTOR VEHICLE, FRONT END AT ANGLE",,N,Snowing,Ice,Daylight,,,,10,Entering at angle,0,0,N
2443,2,-122.29475490000002,47.54264794,2796,17235,17235,1787959,Matched,Intersection,34329.0,SHAFFER AVE S AND S HOLLY ST,,,2,Injury Collision,Angles,4,0,0,2,2004/05/24 00:00:00+00,5/24/2004 8:09:00 AM,At Intersection (intersection related),11,"MOTOR VEHICLE STRUCK MOTOR VEHICLE, FRONT END AT ANGLE",,0,Clear,Dry,Daylight,,4145032.0,,10,Entering at angle,0,0,N
2444,1,-122.32079499999999,47.54741455,2798,17780,17780,1781285,Matched,Block,,S BAILEY ST BETWEEN CORSON AVE S AND CARLETON AVE S,,,1,Property Damage Only Collision,Other,1,0,0,1,2004/03/23 00:00:00+00,3/23/2004 1:01:00 AM,Mid-Block (not related to intersection),28,MOTOR VEHICLE RAN OFF ROAD - HIT FIXED OBJECT,,1,Clear,Dry,Dark - Street Lights On,,4083011.0,Y,50,Fixed object,0,0,N
2445,1,-122.3694394,47.56688812,2799,17579,17579,1798227,Matched,Block,,SW DAKOTA ST BETWEEN 28TH AVE SW AND 30TH AVE SW,,,1,Property Damage Only Collision,Parked Car,2,0,0,2,2004/07/08 00:00:00+00,7/8/2004,Mid-Block (not related to intersection),16,"MOTOR VEHICLE STRUCK MOTOR VEHICLE, LEFT SIDE SIDESWIPE",,0,Clear,Dry,Daylight,,4190008.0,,32,One parked--one moving,0,0,N
2446,2,-122.36519890000001,47.52468198,2800,17398,17398,1798272,Matched,Block,,SW TRENTON ST BETWEEN 25TH AVE SW AND 26TH AVE SW,,,2,Injury Collision,Other,2,0,0,2,2004/11/30 00:00:00+00,11/30/2004 3:13:00 PM,Driveway Junction,11,"MOTOR VEHICLE STRUCK MOTOR VEHICLE, FRONT END AT ANGLE",,0,Raining,Wet,Daylight,,4335015.0,,22,One car leaving driveway access,0,0,N
2447,2,-122.37621100000001,47.67308878,2801,17170,17170,1793707,Matched,Intersection,25393.0,15TH AVE NW AND NW 61ST ST,,,2,Injury Collision,Cycles,2,0,1,1,2004/05/27 00:00:00+00,5/27/2004 8:15:00 PM,At Intersection (intersection related),18,"MOTOR VEHICLE STRUCK PEDALCYCLIST, FRONT END AT ANGLE",,0,Raining,Wet,Dusk,Y,4148045.0,,45,Vehicle - Pedalcyclist,0,0,N
2448,1,-122.3175591,47.68710314,2802,16839,16839,3466542,Matched,Block,,ROOSEVELT WAY NE BETWEEN NE 80TH ST AND NE 81ST ST, ,,1,Property Damage Only Collision,Sideswipe,3,0,0,2,2013/04/13 00:00:00+00,4/13/2013 10:19:00 AM,Mid-Block (not related to intersection),11,"MOTOR VEHICLE STRUCK MOTOR VEHICLE, FRONT END AT ANGLE",,N,Clear,Dry,Daylight,,,,11,From same direction - both going straight - both moving - sideswipe,0,0,N
2449,1,-122.26998909999999,47.53210531,2803,194700,194800,E422459,Matched,Block,,RAINIER AVE S BETWEEN S CHICAGO ST AND S KENYON ST, ,,1,Property Damage Only Collision,Pedestrian,0,1,0,1,2015/02/19 00:00:00+00,2/19/2015,Mid-Block (not related to intersection),24,MOTOR VEHCILE STRUCK PEDESTRIAN,,N,Unknown,Unknown,Unknown,,,,0,Vehicle going straight hits pedestrian,0,523387,N
2450,1,-122.2935186,47.61824595,2804,17202,17202,1074792,Matched,Block,,30TH AVE BETWEEN E HOWELL ST AND E DENNY WAY,,,1,Property Damage Only Collision,Parked Car,2,0,0,2,2004/11/08 00:00:00+00,11/8/2004,Mid-Block (not related to intersection),13,"MOTOR VEHICLE STRUCK MOTOR VEHICLE, LEFT SIDE AT ANGLE",,0,Unknown,Unknown,Dark - Street Lights On,,4313028.0,,32,One parked--one moving,0,0,N
2451,1,-122.3339072,47.648607500000004,2805,235500,235940,3769638,Matched,Block,,MERIDIAN AVE N BETWEEN N 34TH ST AND N 35TH ST, ,,1,Property Damage Only Collision,Sideswipe,3,0,0,2,2017/02/01 00:00:00+00,2/1/2017 6:04:00 PM,Mid-Block (not related to intersection),11,"MOTOR VEHICLE STRUCK MOTOR VEHICLE, FRONT END AT ANGLE",Y,N,Clear,Dry,Dark - Street Lights On,,,,26,From opposite direction - both going straight - sideswipe,0,0,N
2452,2,-122.3194781,47.60220054,2806,17911,17911,1198313,Matched,Block,,10TH AVE BETWEEN E YESLER WAY AND E FIR ST,,,2,Injury Collision,Parked Car,5,0,0,5,2004/11/21 00:00:00+00,11/21/2004 3:15:00 PM,Mid-Block (not related to intersection),14,"MOTOR VEHICLE STRUCK MOTOR VEHICLE, REAR END",,1,Clear,Dry,Daylight,,4326030.0,,32,One parked--one moving,0,0,N
2453,2,-122.3659125,47.517363200000005,2807,17507,17507,1781107,Matched,Intersection,34902.0,26TH AVE SW AND SW ROXBURY ST,,,2,Injury Collision,Left Turn,3,0,0,2,2004/05/01 00:00:00+00,5/1/2004,At Intersection (intersection related),11,"MOTOR VEHICLE STRUCK MOTOR VEHICLE, FRONT END AT ANGLE",,0,Clear,Dry,Daylight,,4122010.0,,28,From opposite direction - one left turn - one straight,0,0,N
2454,1,-122.3569193,47.63898918,2808,17007,17007,1213597,Matched,Block,,QUEEN ANNE AVE N BETWEEN BOSTON ST AND MCGRAW ST,,,1,Property Damage Only Collision,Parked Car,3,0,0,2,2004/12/14 00:00:00+00,12/14/2004 12:45:00 PM,Mid-Block (not related to intersection),11,"MOTOR VEHICLE STRUCK MOTOR VEHICLE, FRONT END AT ANGLE",Y,0,Overcast,Wet,Daylight,,4349010.0,,32,One parked--one moving,0,0,N
2455,2,-122.3368227,47.53945803,2809,16763,16763,3465381,Matched,Block,,2ND AV SW TURN RD BETWEEN HIGHLAND PARK WAY SW AND 2ND AVE SW, ,,2,Injury Collision,Rear Ended,4,0,0,2,2013/04/09 00:00:00+00,4/9/2013 2:02:00 PM,Mid-Block (but intersection related),14,"MOTOR VEHICLE STRUCK MOTOR VEHICLE, REAR END",Y,N,Clear,Dry,Daylight,,,,74,Same direction -- both turning right -- one stopped -- rear end,0,0,N
2456,2,-122.37685379999999,47.51838477,2810,17335,17335,1788806,Matched,Block,,35TH AVE SW BETWEEN SW CAMBRIDGE ST AND SW ROXBURY ST,,,2,Injury Collision,Rear Ended,2,0,0,2,2004/08/24 00:00:00+00,8/24/2004 5:51:00 PM,Mid-Block (but intersection related),14,"MOTOR VEHICLE STRUCK MOTOR VEHICLE, REAR END",,1,Raining,Wet,Daylight,,4237016.0,,14,From same direction - both going straight - one stopped - rear-end,0,0,N
2457,1,-122.31941189999999,47.60478098,2811,16905,16905,3606000,Matched,Block,,10TH AVE BETWEEN E ALDER ST AND E TERRACE ST, ,,1,Property Damage Only Collision,Parked Car,2,0,0,2,2013/04/14 00:00:00+00,4/14/2013 8:00:00 AM,Mid-Block (not related to intersection),16,"MOTOR VEHICLE STRUCK MOTOR VEHICLE, LEFT SIDE SIDESWIPE",,N,Unknown,Unknown,Unknown,,,,32,One parked--one moving,0,0,N
2458,2,-122.3341865,47.5996259,2812,16776,16776,3562743,Matched,Block,,1ST AVE S BETWEEN S MAIN ST AND S JACKSON ST, ,,2,Injury Collision,Cycles,2,0,1,1,2013/04/11 00:00:00+00,4/11/2013 2:09:00 PM,Mid-Block (not related to intersection),18,"MOTOR VEHICLE STRUCK PEDALCYCLIST, FRONT END AT ANGLE",,N,Raining,Wet,Daylight,Y,,,45,Vehicle - Pedalcyclist,36127,0,N