,SEVERITYCODE,X,Y,OBJECTID,INCKEY,COLDETKEY,REPORTNO,STATUS,ADDRTYPE,INTKEY,LOCATION,EXCEPTRSNCODE,EXCEPTRSNDESC,SEVERITYCODE.1,SEVERITYDESC,COLLISIONTYPE,PERSONCOUNT,PEDCOUNT,PEDCYLCOUNT,VEHCOUNT,INCDATE,INCDTTM,JUNCTIONTYPE,SDOT_COLCODE,SDOT_COLDESC,INATTENTIONIND,UNDERINFL,WEATHER,ROADCOND,LIGHTCOND,PEDROWNOTGRNT,SDOTCOLNUM,SPEEDING,ST_COLCODE,ST_COLDESC,SEGLANEKEY,CROSSWALKKEY,HITPARKEDCAR
2459,1,-122.3181122,47.61260313,2813,17355,17355,1789979,Matched,Block,,11TH AVE BETWEEN E MADISON ST AND E UNION ST,,,1,Property Damage Only Collision,Parked Car,2,0,0,2,2004/02/21 00:00:00+00,2/21/2004 12:07:00 AM,Mid-Block (not related to intersection),13,"MOTOR VEHICLE STRUCK MOTOR VEHICLE, LEFT SIDE AT ANGLE",,1,Clear,Dry,Dark - Street Lights On,,4052003.0,,32,One parked--one moving,0,0,N
2460,1,-122.3402425,47.60872513,2814,16716,16716,3599484,Matched,Block,,PIKE ST BETWEEN PIKE PL AND 1ST AVE, ,,1,Property Damage Only Collision,Parked Car,3,0,0,3,2013/04/09 00:00:00+00,4/9/2013 10:53:00 PM,Mid-Block (not related to intersection),16,"MOTOR VEHICLE STRUCK MOTOR VEHICLE, LEFT SIDE SIDESWIPE",,N,Clear,Dry,Dark - Street Lights On,,,,32,One parked--one moving,0,0,N
2461,2,-122.3134288,47.56951676,2815,17816,17816,1771859,Matched,Block,,15TH AVE S BETWEEN 15TH AVS TURN RD AND S COLUMBIAN N WAY,,,2,Injury Collision,Rear Ended,3,0,0,2,2004/05/21 00:00:00+00,5/21/2004 5:07:00 PM,Mid-Block (but intersection related),14,"MOTOR VEHICLE STRUCK MOTOR VEHICLE, REAR END",Y,0,Overcast,Dry,Daylight,,4142013.0,,14,From same direction - both going straight - one stopped - rear-end,0,0,N
2462,1,-122.31302859999998,47.67021294,2816,17016,17016,1778947,Matched,Block,,UNIVERSITY WAY NE BETWEEN NE 56TH ST AND NE RAVENNA EB BV,,,1,Property Damage Only Collision,Parked Car,2,0,0,2,2004/08/10 00:00:00+00,8/10/2004 12:35:00 PM,Mid-Block (not related to intersection),11,"MOTOR VEHICLE STRUCK MOTOR VEHICLE, FRONT END AT ANGLE",,0,Clear,Dry,Daylight,,4223025.0,,32,One parked--one moving,0,0,N
2463,1,-122.31142040000002,47.61909533,2817,16642,16642,3476557,Matched,Block,,16TH AVE E BETWEEN E DENNY WAY AND E JOHN ST, ,,1,Property Damage Only Collision,Parked Car,2,0,0,2,2013/04/08 00:00:00+00,4/8/2013 12:43:00 PM,Mid-Block (not related to intersection),14,"MOTOR VEHICLE STRUCK MOTOR VEHICLE, REAR END",Y,N,Overcast,Dry,Daylight,,,,32,One parked--one moving,0,0,N
2464,1,-122.2888636,47.533058000000004,2818,17756,17756,1784178,Matched,Intersection,268932.0,BEACON ER AVE S AND S PORTLAND ST,,,1,Property Damage Only Collision,Angles,3,0,0,2,2004/12/12 00:00:00+00,12/12/2004 8:42:00 AM,At Intersection (intersection related),11,"MOTOR VEHICLE STRUCK MOTOR VEHICLE, FRONT END AT ANGLE",Y,0,Clear,Dry,Daylight,,4347014.0,,10,Entering at angle,0,0,N
2465,2,-122.345027,47.72776725,2819,16695,16695,3501993,Matched,Block,,AURORA AVE N BETWEEN N 135TH ST AND N 137TH ST, ,,2,Injury Collision,Rear Ended,3,0,0,2,2013/04/06 00:00:00+00,4/6/2013 10:53:00 AM,Mid-Block (not related to intersection),14,"MOTOR VEHICLE STRUCK MOTOR VEHICLE, REAR END",,N,Raining,Wet,Daylight,,,,14,From same direction - both going straight - one stopped - rear-end,0,0,N
2466,2,-122.37888980000001,47.66472535,2820,16422,16422,3609018,Matched,Block,,17TH AVE NW BETWEEN NW 49TH ST AND NW 50TH ST, ,,2,Injury Collision,Parked Car,3,0,0,3,2013/03/28 00:00:00+00,3/28/2013 6:23:00 PM,Mid-Block (not related to intersection),11,"MOTOR VEHICLE STRUCK MOTOR VEHICLE, FRONT END AT ANGLE",,N,Clear,Dry,Daylight,,,,20,One car leaving parked position,0,0,N
2467,1,-122.32288159999999,47.66315189,2821,16958,16958,1780438,Matched,Intersection,25796.0,5TH AVE NE AND NE 47TH ST,,,1,Property Damage Only Collision,Other,1,0,0,1,2004/05/31 00:00:00+00,5/31/2004 5:01:00 AM,At Intersection (intersection related),0,NOT ENOUGH INFORMATION / NOT APPLICABLE,,0,Raining,Wet,Dark - Street Lights On,,4152005.0,,50,Fixed object,0,0,N
2468,2,-122.2771932,47.55006585,2822,329100,330600,3837951,Unmatched,Block,,RAINIER AVE S BETWEEN S MEAD ST AND S JUNEAU ST, ,,2,Injury Collision,,4,0,0,0,2020/02/19 00:00:00+00,2/19/2020,Mid-Block (not related to intersection),14,"MOTOR VEHICLE STRUCK MOTOR VEHICLE, REAR END",,,,,,,,, ,,0,0,N
2469,1,-122.3290568,47.58719993,2823,17782,17782,1777621,Matched,Block,,4TH AVE S BETWEEN S MASSACHUSETTS ST AND S HOLGATE ST,,,1,Property Damage Only Collision,Rear Ended,2,0,0,2,2004/07/23 00:00:00+00,7/23/2004 1:20:00 PM,Mid-Block (not related to intersection),14,"MOTOR VEHICLE STRUCK MOTOR VEHICLE, REAR END",,0,Clear,Dry,Daylight,,4205028.0,,14,From same direction - both going straight - one stopped - rear-end,0,0,N
2470,1,-122.32648640000001,47.61633966,2824,17878,17878,1790030,Matched,Block,,E OLIVE ST BETWEEN BELLEVUE AVE AND CRAWFORD PL,,,1,Property Damage Only Collision,Parked Car,2,0,0,2,2004/02/29 00:00:00+00,2/29/2004 9:36:00 AM,Mid-Block (but intersection related),14,"MOTOR VEHICLE STRUCK MOTOR VEHICLE, REAR END",,0,Clear,Dry,Dark - Street Lights On,,4060027.0,,32,One parked--one moving,0,0,N
2471,1,-122.33428799999999,47.62469378,2825,17837,17837,1071971,Matched,Intersection,28760.0,FAIRVIEW AVE N AND MERCER ST,,,1,Property Damage Only Collision,Other,2,0,0,2,2004/01/04 00:00:00+00,1/4/2004,At Intersection (intersection related),11,"MOTOR VEHICLE STRUCK MOTOR VEHICLE, FRONT END AT ANGLE",,0,Clear,Dry,Daylight,,4004015.0,,23,From same direction - all others,0,0,N
2472,1,-122.33055890000001,47.61684047,2826,16892,16892,3549516,Matched,Intersection,29850.0,HOWELL ST AND MINOR AVE, ,,1,Property Damage Only Collision,Sideswipe,2,0,0,2,2013/04/12 00:00:00+00,4/12/2013 12:38:00 PM,At Intersection (intersection related),11,"MOTOR VEHICLE STRUCK MOTOR VEHICLE, FRONT END AT ANGLE",,N,Overcast,Dry,Daylight,,,,11,From same direction - both going straight - both moving - sideswipe,0,0,N
2473,2,-122.37010420000001,47.54143442,2827,16837,16837,3465385,Matched,Block,,SYLVAN WAY SW BETWEEN HIGH POINT DR SW AND SW SYLVAN HEIGHTS DR, ,,2,Injury Collision,Head On,3,0,0,2,2013/04/14 00:00:00+00,4/14/2013 12:05:00 AM,Mid-Block (not related to intersection),11,"MOTOR VEHICLE STRUCK MOTOR VEHICLE, FRONT END AT ANGLE",,Y,Raining,Wet,Dark - Street Lights On,,,Y,30,From opposite direction - all others,0,0,N
2474,2,-122.29020290000001,47.66941629,2828,195000,195100,3576869,Matched,Block,,35TH AVE NE BETWEEN NE 55TH ST AND NE 57TH ST, ,,2,Injury Collision,Sideswipe,3,0,0,2,2015/06/08 00:00:00+00,6/8/2015 3:30:00 PM,Mid-Block (not related to intersection),11,"MOTOR VEHICLE STRUCK MOTOR VEHICLE, FRONT END AT ANGLE",,N,Clear,Dry,Daylight,,,,26,From opposite direction - both going straight - sideswipe,0,0,N
2475,1,-122.3124304,47.70852841,2829,17203,17203,1220476,Matched,Intersection,36506.0,15TH AVE NE AND NE NORTHGATE WAY,,,1,Property Damage Only Collision,Angles,4,0,0,2,2004/08/10 00:00:00+00,8/10/2004 2:45:00 PM,At Intersection (intersection related),11,"MOTOR VEHICLE STRUCK MOTOR VEHICLE, FRONT END AT ANGLE",,0,Clear,Dry,Daylight,,4223036.0,,10,Entering at angle,0,0,N
2476,2,-122.3285622,47.61223876,2830,326600,328100,E988504,Matched,Block,,UNION ST BETWEEN TERRY AVE AND BOREN AVE, ,,2,Injury Collision,Angles,2,0,0,2,2019/11/26 00:00:00+00,11/26/2019 12:50:00 PM,Driveway Junction,11,"MOTOR VEHICLE STRUCK MOTOR VEHICLE, FRONT END AT ANGLE",,N,Clear,Dry,Daylight,,,,10,Entering at angle,0,0,N
2477,1,-122.31350379999999,47.61996234,2831,17633,17633,1783793,Matched,Intersection,29058.0,E JOHN ST AND E JOHN SR ST,,,1,Property Damage Only Collision,Other,2,0,0,2,2004/08/19 00:00:00+00,8/19/2004 8:20:00 AM,At Intersection (intersection related),11,"MOTOR VEHICLE STRUCK MOTOR VEHICLE, FRONT END AT ANGLE",,0,Clear,Dry,Daylight,,4232002.0,,21,One car entering driveway access,0,0,N
2478,1,-122.38951340000001,47.51987504,2832,17509,17509,1795476,Matched,Block,,44TH AVE SW BETWEEN SW WILDWOOD PL AND SW FLETCHER ST,,,1,Property Damage Only Collision,Parked Car,2,0,0,2,2004/09/27 00:00:00+00,9/27/2004 6:15:00 PM,Driveway Junction,13,"MOTOR VEHICLE STRUCK MOTOR VEHICLE, LEFT SIDE AT ANGLE",,0,Clear,Dry,Dusk,,4271016.0,,32,One parked--one moving,0,0,N
2479,1,-122.3355713,47.52178311,2834,16761,16761,3380834,Matched,Block,,OLSON PL SW BETWEEN 1ST AVE S AND 2ND AVE SW, ,,1,Property Damage Only Collision,Rear Ended,5,0,0,3,2013/04/10 00:00:00+00,4/10/2013 8:38:00 AM,Mid-Block (not related to intersection),14,"MOTOR VEHICLE STRUCK MOTOR VEHICLE, REAR END",,N,Raining,Wet,Daylight,,,Y,14,From same direction - both going straight - one stopped - rear-end,0,0,N
2480,1,-122.3442059,47.571562899999996,2836,17559,17559,1781531,Matched,Intersection,32164.0,S SPOKANE ST AND S SPOKANE NR ST,,,1,Property Damage Only Collision,Sideswipe,2,0,0,2,2004/03/14 00:00:00+00,3/14/2004 11:30:00 AM,At Intersection (intersection related),16,"MOTOR VEHICLE STRUCK MOTOR VEHICLE, LEFT SIDE SIDESWIPE",,0,Overcast,Dry,Daylight,,4074014.0,,11,From same direction - both going straight - both moving - sideswipe,0,0,N
2481,1,-122.3443753,47.61680223,2837,16495,16495,3643910,Unmatched,Intersection,29532.0,5TH AVE AND BATTERY ST, ,,1,Property Damage Only Collision,,1,0,0,0,2013/04/03 00:00:00+00,4/3/2013,At Intersection (intersection related),28,MOTOR VEHICLE RAN OFF ROAD - HIT FIXED OBJECT,,,,,,,,, ,,0,0,N
2482,1,-122.31711059999999,47.66129534,2838,16513,16513,3501513,Matched,Block,,NE 45TH ST BETWEEN ROOSEVELT WAY NE AND 11TH AVE NE, ,,1,Property Damage Only Collision,Rear Ended,5,0,0,3,2013/04/06 00:00:00+00,4/6/2013 4:29:00 PM,Mid-Block (not related to intersection),14,"MOTOR VEHICLE STRUCK MOTOR VEHICLE, REAR END",,N,Raining,Wet,Daylight,,,,14,From same direction - both going straight - one stopped - rear-end,0,0,N
2483,1,-122.2714578,47.53695391,2839,16397,16397,3672156,Matched,Block,,S OTHELLO ST BETWEEN 48TH AVE S AND RAINIER AVE S, ,,1,Property Damage Only Collision,Rear Ended,2,0,0,2,2013/04/03 00:00:00+00,4/3/2013 3:08:00 PM,Mid-Block (not related to intersection),14,"MOTOR VEHICLE STRUCK MOTOR VEHICLE, REAR END",,N,Clear,Dry,Daylight,,,,13,From same direction - both going straight - both moving - rear-end,0,0,N
2484,2,-122.34752900000001,47.62974057,2840,17225,17225,1212964,Matched,Intersection,28843.0,5TH AVE N AND HIGHLAND DR,,,2,Injury Collision,Angles,2,0,0,2,2004/04/14 00:00:00+00,4/14/2004 7:10:00 AM,At Intersection (intersection related),11,"MOTOR VEHICLE STRUCK MOTOR VEHICLE, FRONT END AT ANGLE",,0,Overcast,Dry,Daylight,,4105035.0,,10,Entering at angle,0,0,N
2485,1,-122.37049479999999,47.66365748,2841,16723,16723,3508247,Matched,Block,,NW LEARY WAY BETWEEN LEARY WAY NW AND 11TH AVE NW, ,,1,Property Damage Only Collision,Parked Car,2,0,0,2,2013/04/09 00:00:00+00,4/9/2013 12:30:00 PM,Mid-Block (not related to intersection),16,"MOTOR VEHICLE STRUCK MOTOR VEHICLE, LEFT SIDE SIDESWIPE",,N,Overcast,Dry,Daylight,,,,20,One car leaving parked position,0,0,N
2486,1,-122.31741840000001,47.61258274,2843,17831,17831,1772569,Matched,Block,,E MADISON ST BETWEEN 11TH AVE AND 12TH AVE,,,1,Property Damage Only Collision,Rear Ended,3,0,0,2,2004/08/21 00:00:00+00,8/21/2004 3:57:00 PM,Mid-Block (but intersection related),14,"MOTOR VEHICLE STRUCK MOTOR VEHICLE, REAR END",,0,Raining,Wet,Daylight,,4234037.0,,14,From same direction - both going straight - one stopped - rear-end,0,0,N
2487,1,-122.3134622,47.56724307,2844,233200,233600,E616236,Matched,Intersection,32287.0,15TH AVE S AND S DAKOTA ST, ,,1,Property Damage Only Collision,Left Turn,4,0,0,2,2016/12/02 00:00:00+00,12/2/2016 7:59:00 AM,At Intersection (intersection related),14,"MOTOR VEHICLE STRUCK MOTOR VEHICLE, REAR END",,N,Raining,Wet,Dawn,,,,28,From opposite direction - one left turn - one straight,0,0,N
2488,1,,,2845,17132,17132,1181461,Matched,Block,,ALASKAN WY VI NB BETWEEN S ROYAL BROUGHAM WAY ON RP AND SENECA ST OFF RP,,,1,Property Damage Only Collision,Rear Ended,2,0,0,2,2004/01/09 00:00:00+00,1/9/2004,Mid-Block (not related to intersection),14,"MOTOR VEHICLE STRUCK MOTOR VEHICLE, REAR END",,0,Raining,Wet,Dark - Street Lights On,,4009039.0,,14,From same direction - both going straight - one stopped - rear-end,0,0,N
2489,1,-122.3471621,47.61375831,2846,198500,198640,3734364,Matched,Block,,1ST AVE BETWEEN BELL ST AND BATTERY ST, ,,1,Property Damage Only Collision,Parked Car,2,0,0,2,2015/07/21 00:00:00+00,7/21/2015 2:00:00 PM,Mid-Block (not related to intersection),13,"MOTOR VEHICLE STRUCK MOTOR VEHICLE, LEFT SIDE AT ANGLE",,N,Clear,Dry,Daylight,,,,32,One parked--one moving,0,0,N
2490,2,-122.3450771,47.73230966,2847,17961,17961,1931314,Matched,Intersection,35721.0,AURORA AVE N AND N 143RD ST,,,2,Injury Collision,Angles,2,0,0,2,2004/12/18 00:00:00+00,12/18/2004 6:49:00 PM,At Intersection (intersection related),11,"MOTOR VEHICLE STRUCK MOTOR VEHICLE, FRONT END AT ANGLE",,0,Overcast,Dry,Dark - Street Lights On,,4353041.0,,10,Entering at angle,0,0,N
2491,2,-122.3941128,47.58030327,2848,17797,17797,1798277,Matched,Block,,49TH AVE SW BETWEEN SW WAITE W ST AND SW ADMIRAL WAY,,,2,Injury Collision,Parked Car,2,0,0,2,2004/07/22 00:00:00+00,7/22/2004 7:06:00 AM,Mid-Block (not related to intersection),14,"MOTOR VEHICLE STRUCK MOTOR VEHICLE, REAR END",,1,Clear,Dry,Dark - Street Lights On,,4204038.0,,32,One parked--one moving,0,0,N
2492,1,-122.39003600000001,47.54190543,2849,305900,307180,3731755,Matched,Block,,FAUNTLEROY WAY SW BETWEEN SW WILLOW ST AND SW MILLS ST, ,,1,Property Damage Only Collision,Parked Car,2,0,0,2,2018/10/20 00:00:00+00,10/20/2018 5:00:00 AM,Mid-Block (not related to intersection),14,"MOTOR VEHICLE STRUCK MOTOR VEHICLE, REAR END",,N,Clear,Dry,Dark - Street Lights On,,,,32,One parked--one moving,0,0,Y
2493,1,-122.33224409999998,47.61207057,2850,16604,16604,3581936,Matched,Intersection,29893.0,8TH AVE AND PIKE ST, ,,1,Property Damage Only Collision,Angles,4,0,0,2,2013/04/06 00:00:00+00,4/6/2013 11:38:00 AM,At Intersection (intersection related),11,"MOTOR VEHICLE STRUCK MOTOR VEHICLE, FRONT END AT ANGLE",,N,Raining,Wet,Daylight,,,,10,Entering at angle,0,0,N
2494,2,-122.34683500000001,47.67598485,2851,17108,17108,1782080,Matched,Intersection,25577.0,AURORA AVE N AND WEST GREEN LAKE WAY N,,,2,Injury Collision,Rear Ended,2,0,0,2,2004/06/14 00:00:00+00,6/14/2004 5:30:00 PM,At Intersection (intersection related),14,"MOTOR VEHICLE STRUCK MOTOR VEHICLE, REAR END",,0,Clear,Dry,Daylight,,4166015.0,,14,From same direction - both going straight - one stopped - rear-end,0,0,N
2495,2,-122.33026480000001,47.60171616,2852,311600,312960,E885748,Matched,Intersection,30487.0,3RD AVE AND YESLER WAY, ,,2,Injury Collision,Pedestrian,2,1,0,1,2019/01/11 00:00:00+00,1/11/2019 8:24:00 AM,At Intersection (intersection related),24,MOTOR VEHCILE STRUCK PEDESTRIAN,,N,Overcast,Dry,Daylight,,,,1,Vehicle turning right hits pedestrian,0,0,N
2496,2,-122.34874609999999,47.6146958,2854,17853,17853,1777142,Matched,Intersection,29691.0,1ST AVE AND WALL ST,,,2,Injury Collision,Left Turn,2,0,0,2,2004/03/28 00:00:00+00,3/28/2004 12:30:00 AM,At Intersection (intersection related),11,"MOTOR VEHICLE STRUCK MOTOR VEHICLE, FRONT END AT ANGLE",,0,Clear,Dry,Dark - Street Lights On,,4088005.0,,28,From opposite direction - one left turn - one straight,0,0,N
2497,2,-122.3445908,47.6963601,2855,320500,322000,3753844,Matched,Intersection,37328.0,AURORA AVE N AND N 93RD ST, ,,2,Injury Collision,Left Turn,3,0,0,2,2019/06/21 00:00:00+00,6/21/2019 4:11:00 PM,At Intersection (intersection related),11,"MOTOR VEHICLE STRUCK MOTOR VEHICLE, FRONT END AT ANGLE",,N,Clear,Dry,Daylight,,,,28,From opposite direction - one left turn - one straight,0,0,N
2498,1,-122.31843559999999,47.59750452,2856,17322,17322,1789840,Matched,Block,,S WELLER ST BETWEEN 10TH AVE S AND 12TH AVE S,,,1,Property Damage Only Collision,Parked Car,3,0,0,3,2004/03/10 00:00:00+00,3/10/2004 3:34:00 PM,Mid-Block (not related to intersection),15,"MOTOR VEHICLE STRUCK MOTOR VEHICLE, RIGHT SIDE SIDESWIPE",Y,0,Clear,Dry,Daylight,,4070011.0,,32,One parked--one moving,0,0,N
2499,2,-122.3340179,47.61771364,2857,301600,302821,3811577,Matched,Intersection,29525.0,BOREN AVE AND VIRGINIA ST, ,,2,Injury Collision,Pedestrian,3,1,0,1,2018/08/28 00:00:00+00,8/28/2018 11:32:00 AM,At Intersection (intersection related),24,MOTOR VEHCILE STRUCK PEDESTRIAN,Y,N,Clear,Dry,Daylight,Y,,,1,Vehicle turning right hits pedestrian,0,0,N
2500,1,-122.3096304,47.67130477,2858,17218,17218,1079892,Matched,Intersection,25998.0,17TH AVE NE AND NE 58TH ST,,,1,Property Damage Only Collision,Other,1,0,0,1,2004/10/22 00:00:00+00,10/22/2004 2:49:00 AM,At Intersection (intersection related),28,MOTOR VEHICLE RAN OFF ROAD - HIT FIXED OBJECT,,0,Clear,Dry,Dark - Street Lights On,,4296017.0,,50,Fixed object,0,0,N
2501,1,-122.3566896,47.62719239,2859,307000,308280,E862332,Matched,Intersection,28605.0,ALOHA ST AND QUEEN ANNE AVE N, ,,1,Property Damage Only Collision,Angles,2,0,0,2,2018/11/08 00:00:00+00,11/8/2018 4:26:00 PM,At Intersection (intersection related),11,"MOTOR VEHICLE STRUCK MOTOR VEHICLE, FRONT END AT ANGLE",,N,Clear,Dry,Dusk,,,,10,Entering at angle,0,0,N
2502,2,-122.3326533,47.7086545,2860,17939,17939,1794180,Matched,Block,,N NORTHGATE WAY BETWEEN MERIDIAN AVE N AND CORLISS AVE N,,,2,Injury Collision,Other,2,0,0,2,2004/10/06 00:00:00+00,10/6/2004,Driveway Junction,11,"MOTOR VEHICLE STRUCK MOTOR VEHICLE, FRONT END AT ANGLE",,0,Overcast,Dry,Daylight,,4280017.0,,21,One car entering driveway access,0,0,N
2503,1,-122.3207987,47.61523531,2861,17819,17819,1772153,Matched,Intersection,29736.0,BROADWAY AND E PINE ST,,,1,Property Damage Only Collision,Pedestrian,2,1,0,1,2004/03/26 00:00:00+00,3/26/2004 11:30:00 PM,At Intersection (intersection related),24,MOTOR VEHCILE STRUCK PEDESTRIAN,,0,Raining,Wet,Dark - Street Lights On,Y,4086006.0,,2,Vehicle turning left hits pedestrian,0,0,N
2504,2,-122.38676159999999,47.57472511,2862,17024,17024,1319849,Matched,Block,,CALIFORNIA AVE SW BETWEEN SW HANFORD ST AND SW HINDS N ST,,,2,Injury Collision,Parked Car,3,0,0,3,2004/08/14 00:00:00+00,8/14/2004 1:50:00 AM,Mid-Block (not related to intersection),16,"MOTOR VEHICLE STRUCK MOTOR VEHICLE, LEFT SIDE SIDESWIPE",Y,0,Clear,Dry,Dark - Street Lights On,,4227009.0,,32,One parked--one moving,0,0,N
2505,1,-122.32681240000001,47.61465177,2863,17616,17616,1781953,Matched,Block,,BELLEVUE AVE BETWEEN E PIKE ST AND E PINE ST,,,1,Property Damage Only Collision,Parked Car,2,0,0,2,2004/04/13 00:00:00+00,4/13/2004 11:30:00 PM,Mid-Block (not related to intersection),12,"MOTOR VEHICLE STRUCK MOTOR VEHICLE, RIGHT SIDE AT ANGLE",,0,Other,Unknown,Dark - Street Lights On,,4104029.0,,32,One parked--one moving,0,0,N
2506,2,-122.33522830000001,47.60610427,2864,16518,16518,3503940,Matched,Block,,SPRING ST BETWEEN 2ND AVE AND 3RD AVE, ,,2,Injury Collision,Other,4,0,0,2,2013/04/05 00:00:00+00,4/5/2013 10:32:00 AM,Mid-Block (not related to intersection),14,"MOTOR VEHICLE STRUCK MOTOR VEHICLE, REAR END",,N,Clear,Dry,Daylight,,,,23,From same direction - all others,0,0,N
2507,1,,,2867,16743,16743,3615004,Matched,,,,NEI,"Not Enough Information, or Insufficient Location Information",1,Property Damage Only Collision,Parked Car,2,0,0,2,2013/04/08 00:00:00+00,4/8/2013 12:30:00 PM,,0,NOT ENOUGH INFORMATION / NOT APPLICABLE,,N,Overcast,Dry,Daylight,,,,32,One parked--one moving,0,0,N
2508,1,-122.3222382,47.60364596,2868,17881,17881,1074788,Matched,Block,,ALDER ST BETWEEN 9TH AVE AND TERRY AVE,,,1,Property Damage Only Collision,Parked Car,2,0,0,2,2004/07/20 00:00:00+00,7/20/2004 12:08:00 PM,Mid-Block (not related to intersection),11,"MOTOR VEHICLE STRUCK MOTOR VEHICLE, FRONT END AT ANGLE",Y,0,Clear,Dry,Daylight,,4202031.0,,32,One parked--one moving,0,0,N
2509,1,-122.3364139,47.68781239,2869,17698,17698,1782575,Matched,Block,,WALLINGFORD AVE N BETWEEN N 80TH ST AND N 82ND ST,,,1,Property Damage Only Collision,Parked Car,2,0,0,2,2004/01/15 00:00:00+00,1/15/2004 2:20:00 PM,Mid-Block (not related to intersection),16,"MOTOR VEHICLE STRUCK MOTOR VEHICLE, LEFT SIDE SIDESWIPE",Y,0,Raining,Wet,Daylight,,4015027.0,,32,One parked--one moving,0,0,N
2510,1,-122.29746850000001,47.59739387,2870,17035,17035,1786892,Matched,Block,,M L KING JR WAY S BETWEEN S KING ST AND S LANE ST,,,1,Property Damage Only Collision,Parked Car,2,0,0,2,2004/05/29 00:00:00+00,5/29/2004 5:38:00 PM,Mid-Block (not related to intersection),16,"MOTOR VEHICLE STRUCK MOTOR VEHICLE, LEFT SIDE SIDESWIPE",Y,0,Clear,Dry,Daylight,,4150024.0,,32,One parked--one moving,0,0,N
2511,1,-122.3434717,47.63473486,2871,17267,17267,1777561,Matched,Block,,AURORA AVE N BETWEEN GARFIELD ST AND HOWE ST,,,1,Property Damage Only Collision,Rear Ended,5,0,0,2,2004/07/21 00:00:00+00,7/21/2004 3:58:00 PM,Mid-Block (not related to intersection),14,"MOTOR VEHICLE STRUCK MOTOR VEHICLE, REAR END",,0,Clear,Dry,Daylight,,4203041.0,,13,From same direction - both going straight - both moving - rear-end,0,0,N
2512,1,-122.34671409999999,47.66212924,2872,16771,16771,3501877,Matched,Block,,N 46 UPPER ST BETWEEN AURORA AVE N AND WHITMAN AVE N, ,,1,Property Damage Only Collision,Other,1,0,0,1,2013/04/07 00:00:00+00,4/7/2013 3:20:00 PM,Mid-Block (not related to intersection),26,MOTOR VEHICLE STRUCK OBJECT IN ROAD,,N,Raining,Wet,Daylight,,,,50,Fixed object,0,0,N
2513,1,-122.34469409999998,47.70505121,2874,217100,217380,3767159,Matched,Intersection,36360.0,AURORA AVE N AND N NORTHGATE WAY, ,,1,Property Damage Only Collision,Left Turn,2,0,0,2,2016/04/01 00:00:00+00,4/1/2016 10:30:00 PM,At Intersection (intersection related),11,"MOTOR VEHICLE STRUCK MOTOR VEHICLE, FRONT END AT ANGLE",,N,Clear,Dry,Dark - Street Lights On,,,,29,From opposite direction - one left turn - one right turn,0,0,N
2514,2,-122.33131370000001,47.70864592,2876,17299,17299,1778891,Matched,Intersection,36585.0,CORLISS AVE N AND N NORTHGATE WAY,,,2,Injury Collision,Left Turn,2,0,0,2,2004/05/25 00:00:00+00,5/25/2004 1:30:00 AM,At Intersection (intersection related),11,"MOTOR VEHICLE STRUCK MOTOR VEHICLE, FRONT END AT ANGLE",,0,Clear,Dry,Dark - Street Lights On,,4146004.0,,28,From opposite direction - one left turn - one straight,0,0,N
2515,2,-122.2991597,47.57967346,2877,318400,319900,3805726,Matched,Block,,RAINIER AVE S BETWEEN S BAYVIEW ST AND S MCCLELLAN ST, ,,2,Injury Collision,Rear Ended,2,0,0,2,2019/04/28 00:00:00+00,4/28/2019 3:55:00 AM,Mid-Block (but intersection related),14,"MOTOR VEHICLE STRUCK MOTOR VEHICLE, REAR END",,N,Clear,Dry,Dark - Street Lights On,,,,14,From same direction - both going straight - one stopped - rear-end,0,0,N
2516,1,-122.324487,47.60862448,2878,17612,17612,1772159,Matched,Intersection,29922.0,BOREN AVE AND MARION ST,,,1,Property Damage Only Collision,Cycles,2,0,1,1,2004/06/15 00:00:00+00,6/15/2004 8:15:00 AM,At Intersection (intersection related),18,"MOTOR VEHICLE STRUCK PEDALCYCLIST, FRONT END AT ANGLE",,0,Clear,Dry,Daylight,Y,4167029.0,,45,Vehicle - Pedalcyclist,0,0,N
2517,1,-122.3179126,47.66312116,2879,17713,17713,C632113,Matched,Block,,NE 47TH ST BETWEEN 9TH AVE NE AND ROOSEVELT WAY NE,,,1,Property Damage Only Collision,Parked Car,2,0,0,2,2004/04/20 00:00:00+00,4/20/2004 5:50:00 PM,Mid-Block (not related to intersection),13,"MOTOR VEHICLE STRUCK MOTOR VEHICLE, LEFT SIDE AT ANGLE",,0,Overcast,Dry,Daylight,,4111036.0,,32,One parked--one moving,0,0,N
2518,2,-122.30963729999999,47.59425142,2880,302600,303840,3814184,Matched,Block,,S CHARLES ST BETWEEN RAINIER S AVE S AND HIAWATHA PL S, ,,2,Injury Collision,Rear Ended,2,0,0,2,2018/08/28 00:00:00+00,8/28/2018 7:53:00 AM,Mid-Block (not related to intersection),14,"MOTOR VEHICLE STRUCK MOTOR VEHICLE, REAR END",Y,N,Clear,Dry,Daylight,,,,14,From same direction - both going straight - one stopped - rear-end,0,0,N
2519,2,-122.3312676,47.61267608,2881,16752,16752,3548992,Matched,Block,,9TH AVE BETWEEN PIKE ST AND 9TH AV I5 EXPRESS ON RP, ,,2,Injury Collision,Sideswipe,3,0,0,2,2013/04/10 00:00:00+00,4/10/2013 10:05:00 AM,Mid-Block (not related to intersection),15,"MOTOR VEHICLE STRUCK MOTOR VEHICLE, RIGHT SIDE SIDESWIPE",,N,Raining,Wet,Daylight,,,,12,From same direction - both going straight - one stopped - sideswipe,0,0,N