,SEVERITYCODE,X,Y,OBJECTID,INCKEY,COLDETKEY,REPORTNO,STATUS,ADDRTYPE,INTKEY,LOCATION,EXCEPTRSNCODE,EXCEPTRSNDESC,SEVERITYCODE.1,SEVERITYDESC,COLLISIONTYPE,PERSONCOUNT,PEDCOUNT,PEDCYLCOUNT,VEHCOUNT,INCDATE,INCDTTM,JUNCTIONTYPE,SDOT_COLCODE,SDOT_COLDESC,INATTENTIONIND,UNDERINFL,WEATHER,ROADCOND,LIGHTCOND,PEDROWNOTGRNT,SDOTCOLNUM,SPEEDING,ST_COLCODE,ST_COLDESC,SEGLANEKEY,CROSSWALKKEY,HITPARKEDCAR
2520,1,-122.3421452,47.71353972,2883,16559,16559,3645765,Matched,Block,,STONE AVE N BETWEEN N 115TH ST AND DEAD END 1,NEI,"Not Enough Information, or Insufficient Location Information",1,Property Damage Only Collision,Parked Car,2,0,0,2,2013/04/04 00:00:00+00,4/4/2013 3:00:00 PM,,0,NOT ENOUGH INFORMATION / NOT APPLICABLE,,N,Raining,Wet,Daylight,,,,32,One parked--one moving,0,0,N
2521,1,-122.34495679999999,47.72139178,2884,17288,17288,C649617,Matched,Intersection,35840.0,AURORA AVE N AND N 127TH ST,,,1,Property Damage Only Collision,Head On,2,0,0,2,2004/11/08 00:00:00+00,11/8/2004,At Intersection (intersection related),11,"MOTOR VEHICLE STRUCK MOTOR VEHICLE, FRONT END AT ANGLE",,0,Clear,Dry,Daylight,,4313036.0,,30,From opposite direction - all others,0,0,N
2522,2,-122.3763071,47.55196128,2885,17843,17843,1798537,Matched,Intersection,32807.0,35TH AVE SW AND SW FINDLAY ST,,,2,Injury Collision,Left Turn,3,0,0,2,2004/07/08 00:00:00+00,7/8/2004,At Intersection (intersection related),11,"MOTOR VEHICLE STRUCK MOTOR VEHICLE, FRONT END AT ANGLE",,0,Clear,Dry,Dark - Street Lights On,,4190007.0,,28,From opposite direction - one left turn - one straight,0,0,N
2523,1,-122.3660347,47.69786483,2886,16975,16975,1079911,Matched,Intersection,37149.0,8TH AVE NW AND NW 95TH ST,,,1,Property Damage Only Collision,Angles,2,0,0,2,2004/07/31 00:00:00+00,7/31/2004 10:43:00 AM,At Intersection (intersection related),11,"MOTOR VEHICLE STRUCK MOTOR VEHICLE, FRONT END AT ANGLE",,0,Clear,Dry,Daylight,,4213002.0,,10,Entering at angle,0,0,N
2524,2,-122.31489750000001,47.61527742,2887,277900,278800,3702350,Matched,Block,,E PINE ST BETWEEN 13TH AVE AND 14TH AVE, ,,2,Injury Collision,Rear Ended,2,0,0,2,2018/03/20 00:00:00+00,3/20/2018 2:58:00 PM,Mid-Block (not related to intersection),14,"MOTOR VEHICLE STRUCK MOTOR VEHICLE, REAR END",,N,Clear,Dry,Daylight,,,,14,From same direction - both going straight - one stopped - rear-end,0,0,N
2525,1,-122.33648400000001,47.61167201,2889,260200,260900,3753720,Matched,Intersection,29577.0,5TH AVE AND PINE ST, ,,1,Property Damage Only Collision,Angles,2,0,0,2,2017/12/16 00:00:00+00,12/16/2017 4:26:00 AM,At Intersection (intersection related),11,"MOTOR VEHICLE STRUCK MOTOR VEHICLE, FRONT END AT ANGLE",,N,Clear,Dry,Dark - Street Lights On,,,,10,Entering at angle,0,0,N
2526,1,-122.27766409999998,47.55117602,2891,16921,16921,1779564,Matched,Intersection,33512.0,RAINIER AVE S AND S ORCAS ST,,,1,Property Damage Only Collision,Left Turn,5,0,0,2,2004/04/03 00:00:00+00,4/3/2004,At Intersection (intersection related),11,"MOTOR VEHICLE STRUCK MOTOR VEHICLE, FRONT END AT ANGLE",,0,Clear,Dry,Daylight,,4094023.0,,28,From opposite direction - one left turn - one straight,0,0,N
2527,2,-122.3209062,47.62198807,2893,17151,17151,1074721,Matched,Intersection,29024.0,BROADWAY E AND E HARRISON ST,,,2,Injury Collision,Rear Ended,4,0,0,3,2004/10/14 00:00:00+00,10/14/2004 10:28:00 PM,At Intersection (but not related to intersection),14,"MOTOR VEHICLE STRUCK MOTOR VEHICLE, REAR END",Y,0,Clear,Dry,Dark - Street Lights On,,4288014.0,,14,From same direction - both going straight - one stopped - rear-end,0,0,N
2528,1,-122.3205597,47.62525509,2894,16449,16449,3476616,Matched,Block,,E ROY ST BETWEEN BROADWAY E  E AND 10TH W AVE E, ,,1,Property Damage Only Collision,Angles,2,0,0,2,2013/04/04 00:00:00+00,4/4/2013 9:49:00 PM,Driveway Junction,11,"MOTOR VEHICLE STRUCK MOTOR VEHICLE, FRONT END AT ANGLE",,N,Raining,Wet,Dark - Street Lights On,,,,10,Entering at angle,0,0,N
2529,2,-122.398366,47.67582465,2895,17341,17341,1221171,Matched,Intersection,24033.0,32ND AVE NW AND NW 65TH ST,,,2,Injury Collision,Angles,3,0,0,2,2004/04/02 00:00:00+00,4/2/2004,At Intersection (intersection related),11,"MOTOR VEHICLE STRUCK MOTOR VEHICLE, FRONT END AT ANGLE",,0,Clear,Dry,Daylight,,4093016.0,,10,Entering at angle,0,0,N
2530,1,-122.36618840000001,47.66470909,2896,17744,17744,1775725,Matched,Block,,8TH AVE NW BETWEEN NW 49TH ST AND NW 50TH ST,,,1,Property Damage Only Collision,Parked Car,2,0,0,2,2004/03/27 00:00:00+00,3/27/2004 10:00:00 AM,Mid-Block (not related to intersection),14,"MOTOR VEHICLE STRUCK MOTOR VEHICLE, REAR END",,0,Unknown,Unknown,Unknown,,4087026.0,,32,One parked--one moving,0,0,N
2531,2,-122.2792189,47.52261507,2899,16907,16907,3579477,Matched,Block,,M L KING JR ER WAY S BETWEEN S HENDERSON ST AND S DIRECTOR ST, ,,2,Injury Collision,Rear Ended,2,0,0,2,2013/04/13 00:00:00+00,4/13/2013 9:07:00 PM,Mid-Block (but intersection related),14,"MOTOR VEHICLE STRUCK MOTOR VEHICLE, REAR END",,N,Raining,Wet,Dark - Street Lights On,,,,14,From same direction - both going straight - one stopped - rear-end,0,0,N
2532,1,-122.30294669999999,47.58365857,2900,16582,16582,3672162,Matched,Intersection,31564.0,23RD AVE S AND S WALKER ST, ,,1,Property Damage Only Collision,Sideswipe,3,0,0,2,2013/04/05 00:00:00+00,4/5/2013 9:28:00 PM,At Intersection (intersection related),11,"MOTOR VEHICLE STRUCK MOTOR VEHICLE, FRONT END AT ANGLE",,N,Raining,Wet,Dark - Street Lights On,,,,11,From same direction - both going straight - both moving - sideswipe,0,0,N
2533,1,-122.2972209,47.60005362,2901,16935,16935,1790005,Matched,Block,,M L KING JR WAY S BETWEEN S WASHINGTON ST AND S JACKSON ST,,,1,Property Damage Only Collision,Rear Ended,5,0,0,2,2004/05/04 00:00:00+00,5/4/2004,Mid-Block (but intersection related),14,"MOTOR VEHICLE STRUCK MOTOR VEHICLE, REAR END",Y,0,Clear,Dry,Daylight,,4125024.0,,14,From same direction - both going straight - one stopped - rear-end,0,0,N
2534,2,-122.3499119,47.69057898,2902,328200,329700,EA06797,Matched,Intersection,37464.0,FREMONT AVE N AND N 85TH ST, ,,2,Injury Collision,Left Turn,3,0,0,2,2020/01/22 00:00:00+00,1/22/2020 6:48:00 PM,At Intersection (intersection related),11,"MOTOR VEHICLE STRUCK MOTOR VEHICLE, FRONT END AT ANGLE",,N,Overcast,Wet,Dark - Street Lights On,,,,28,From opposite direction - one left turn - one straight,0,0,N
2535,1,-122.3539429,47.65212542,2903,16920,16920,1781064,Matched,Block,,N 36TH ST BETWEEN PHINNEY AVE N AND FRANCIS AVE N,,,1,Property Damage Only Collision,Rear Ended,3,0,0,3,2004/02/22 00:00:00+00,2/22/2004 12:02:00 AM,Mid-Block (but intersection related),14,"MOTOR VEHICLE STRUCK MOTOR VEHICLE, REAR END",,1,Clear,Dry,Dark - Street Lights On,,4053009.0,,14,From same direction - both going straight - one stopped - rear-end,0,0,N
2536,1,-122.35797959999998,47.69022299,2904,16994,16994,1781069,Matched,Block,,1ST AVE NW BETWEEN NW 84TH ST AND NW 85TH ST,,,1,Property Damage Only Collision,Parked Car,2,0,0,2,2004/06/06 00:00:00+00,6/6/2004,Mid-Block (not related to intersection),36,DRIVERLESS VEHICLE STRUCK MOTOR VEHICLE LEFT SIDE SIDESWIPE,,0,Overcast,Wet,Dark - Street Lights On,,4158034.0,,32,One parked--one moving,0,0,N
2537,2,-122.2977275,47.58928407,2906,16884,16884,3549243,Matched,Block,,M L KING JR WAY S BETWEEN MOUNTAINS TO SOUND TRL AND S MASSACHUSETTS ST, ,,2,Injury Collision,Rear Ended,3,0,0,2,2013/04/12 00:00:00+00,4/12/2013 9:07:00 AM,Mid-Block (not related to intersection),14,"MOTOR VEHICLE STRUCK MOTOR VEHICLE, REAR END",,N,Overcast,Dry,Daylight,,,,14,From same direction - both going straight - one stopped - rear-end,0,0,N
2538,1,-122.32377279999999,47.59347649,2908,255300,255940,3589822,Matched,Block,,7TH AVE S BETWEEN S PLUMMER ST AND AIRPORT NB WAY S, ,,1,Property Damage Only Collision,Sideswipe,2,0,0,2,2017/11/20 00:00:00+00,11/20/2017 3:43:00 PM,Mid-Block (not related to intersection),11,"MOTOR VEHICLE STRUCK MOTOR VEHICLE, FRONT END AT ANGLE",,N,Clear,Dry,Daylight,,,,11,From same direction - both going straight - both moving - sideswipe,0,0,N
2539,1,-122.38343,47.67528511,2910,17501,17501,1782301,Matched,Block,,NW 64TH ST BETWEEN 20TH AVE NW AND 22ND AVE NW,,,1,Property Damage Only Collision,Parked Car,2,0,0,2,2004/03/06 00:00:00+00,3/6/2004,Mid-Block (not related to intersection),16,"MOTOR VEHICLE STRUCK MOTOR VEHICLE, LEFT SIDE SIDESWIPE",,0,Overcast,Dry,Unknown,,4066014.0,,32,One parked--one moving,0,0,N
2540,1,-122.3650878,47.66146174,2911,305400,306680,E848172,Matched,Block,,NW 45TH ST BETWEEN 6TH AVE NW AND 8TH AVE NW, ,,1,Property Damage Only Collision,Parked Car,2,0,0,2,2018/10/08 00:00:00+00,10/8/2018 4:19:00 AM,Mid-Block (not related to intersection),11,"MOTOR VEHICLE STRUCK MOTOR VEHICLE, FRONT END AT ANGLE",,N,Raining,Wet,Dark - Street Lights On,,,,32,One parked--one moving,0,0,N
2541,1,-122.3234439,47.60412807,2912,16433,16433,3645755,Matched,Block,,9TH AVE BETWEEN ALDER ST AND JEFFERSON ST, ,,1,Property Damage Only Collision,Parked Car,2,0,0,2,2013/03/27 00:00:00+00,3/27/2013 1:00:00 PM,Mid-Block (not related to intersection),0,NOT ENOUGH INFORMATION / NOT APPLICABLE,,N,Clear,Dry,Daylight,,,,32,One parked--one moving,0,0,N
2542,1,-122.34469409999998,47.70505121,2913,16960,16960,1794615,Matched,Intersection,36360.0,AURORA AVE N AND N NORTHGATE WAY,,,1,Property Damage Only Collision,Angles,3,0,0,2,2004/11/13 00:00:00+00,11/13/2004 1:38:00 AM,At Intersection (intersection related),11,"MOTOR VEHICLE STRUCK MOTOR VEHICLE, FRONT END AT ANGLE",,0,Overcast,Wet,Dark - Street Lights On,,4318005.0,,10,Entering at angle,0,0,N
2543,1,-122.33062369999999,47.60358939,2914,16573,16573,3644026,Matched,Block,,4TH AVE BETWEEN JAMES ST AND CHERRY ST, ,,1,Property Damage Only Collision,Sideswipe,2,0,0,2,2013/04/05 00:00:00+00,4/5/2013 3:39:00 PM,Mid-Block (not related to intersection),16,"MOTOR VEHICLE STRUCK MOTOR VEHICLE, LEFT SIDE SIDESWIPE",Y,N,Clear,Dry,Daylight,,,,11,From same direction - both going straight - both moving - sideswipe,0,0,N
2544,1,-122.3222382,47.60364596,2915,17740,17740,1216977,Matched,Block,,ALDER ST BETWEEN 9TH AVE AND TERRY AVE,,,1,Property Damage Only Collision,Parked Car,2,0,0,2,2004/09/08 00:00:00+00,9/8/2004,Mid-Block (not related to intersection),11,"MOTOR VEHICLE STRUCK MOTOR VEHICLE, FRONT END AT ANGLE",,0,Overcast,Wet,Daylight,,4252019.0,,32,One parked--one moving,0,0,N
2545,1,-122.32341609999999,47.64318602,2916,16834,16834,3605991,Matched,Intersection,28208.0,BOYLSTON AVE E AND E ROANOKE ST, ,,1,Property Damage Only Collision,Angles,2,0,0,2,2013/04/13 00:00:00+00,4/13/2013 2:17:00 AM,At Intersection (intersection related),11,"MOTOR VEHICLE STRUCK MOTOR VEHICLE, FRONT END AT ANGLE",,N,Raining,Wet,Dark - Street Lights On,,,,10,Entering at angle,0,0,N
2546,1,-122.3597002,47.61998687,2917,17390,17390,1213899,Matched,Block,,WESTERN AVE W BETWEEN 2ND AVE W AND ELLIOTT ER AVE W,,,1,Property Damage Only Collision,Parked Car,2,0,0,2,2004/10/16 00:00:00+00,10/16/2004 11:59:00 AM,Mid-Block (not related to intersection),14,"MOTOR VEHICLE STRUCK MOTOR VEHICLE, REAR END",Y,0,Overcast,Wet,Daylight,,4290050.0,,32,One parked--one moving,0,0,N
2547,1,-122.26369140000001,47.682926200000004,2918,323100,324600,E956891,Matched,Intersection,24995.0,SAND POINT WAY NE AND NE 75TH ST, ,,1,Property Damage Only Collision,Angles,4,0,0,4,2019/09/03 00:00:00+00,9/3/2019 9:27:00 PM,At Intersection (intersection related),11,"MOTOR VEHICLE STRUCK MOTOR VEHICLE, FRONT END AT ANGLE",,N,Clear,Dry,Dark - Street Lights On,,,,10,Entering at angle,0,0,N
2548,1,-122.30075819999999,47.68304743,2919,17360,17360,C649321,Matched,Intersection,24661.0,25TH AVE NE AND NE 75TH ST,,,1,Property Damage Only Collision,Left Turn,2,0,0,2,2004/10/15 00:00:00+00,10/15/2004 7:45:00 PM,At Intersection (intersection related),11,"MOTOR VEHICLE STRUCK MOTOR VEHICLE, FRONT END AT ANGLE",,0,Overcast,Dry,Dark - Street Lights On,,4289035.0,,28,From opposite direction - one left turn - one straight,0,0,N
2549,2,-122.3156578,47.67497952,2920,307100,308380,E861128,Matched,Intersection,25697.0,12TH AVE NE AND NE 64TH ST, ,,2,Injury Collision,Pedestrian,2,1,0,1,2018/11/09 00:00:00+00,11/9/2018 5:32:00 PM,At Intersection (intersection related),24,MOTOR VEHCILE STRUCK PEDESTRIAN,,N,Clear,Dry,Dark - Street Lights On,Y,,,0,Vehicle going straight hits pedestrian,0,0,N
2550,2,-122.3821241,47.67528319,2921,17605,17605,1205195,Matched,Intersection,25109.0,20TH AVE NW AND NW 64TH ST,,,2,Injury Collision,Angles,5,0,0,2,2004/01/08 00:00:00+00,1/8/2004,At Intersection (intersection related),11,"MOTOR VEHICLE STRUCK MOTOR VEHICLE, FRONT END AT ANGLE",,0,Overcast,Wet,Dark - Street Lights On,,4008019.0,,10,Entering at angle,0,0,N
2551,1,-122.3350196,47.61090829,2922,17555,17555,1783756,Matched,Block,,PIKE ST BETWEEN 5TH AVE AND 6TH AVE,,,1,Property Damage Only Collision,Sideswipe,2,0,0,2,2004/08/25 00:00:00+00,8/25/2004 9:20:00 PM,Mid-Block (not related to intersection),16,"MOTOR VEHICLE STRUCK MOTOR VEHICLE, LEFT SIDE SIDESWIPE",,0,Overcast,Dry,Dark - Street Lights On,,4238019.0,,11,From same direction - both going straight - both moving - sideswipe,0,0,N
2552,1,-122.30194009999998,47.73382926,2923,320800,322300,E918014,Matched,Intersection,35996.0,25TH AVE NE AND NE 145TH ST, ,,1,Property Damage Only Collision,Left Turn,3,0,0,3,2019/04/30 00:00:00+00,4/30/2019 4:39:00 PM,At Intersection (intersection related),11,"MOTOR VEHICLE STRUCK MOTOR VEHICLE, FRONT END AT ANGLE",,N,Clear,Dry,Daylight,,,,28,From opposite direction - one left turn - one straight,0,0,N
2553,1,-122.3436285,47.72321114,2924,17194,17194,1930884,Matched,Block,,N 130TH ST BETWEEN AURORA AVE N AND STONE AVE N,,,1,Property Damage Only Collision,Rear Ended,2,0,0,2,2004/12/25 00:00:00+00,12/25/2004 1:20:00 PM,Mid-Block (but intersection related),14,"MOTOR VEHICLE STRUCK MOTOR VEHICLE, REAR END",,0,Raining,Wet,Daylight,,4360010.0,,14,From same direction - both going straight - one stopped - rear-end,0,0,N
2554,1,-122.27140120000001,47.52330888,2925,16586,16586,3672330,Matched,Intersection,35277.0,50TH AVE S AND S HENDERSON ST, ,,1,Property Damage Only Collision,Rear Ended,4,0,0,2,2013/04/05 00:00:00+00,4/5/2013 3:51:00 PM,At Intersection (intersection related),14,"MOTOR VEHICLE STRUCK MOTOR VEHICLE, REAR END",Y,N,Clear,Dry,Daylight,,,,14,From same direction - both going straight - one stopped - rear-end,0,0,N
2555,2,-122.3200588,47.64135501,2926,17083,17083,1772166,Matched,Intersection,28221.0,10TH AVE E AND E MILLER ST,,,2,Injury Collision,Rear Ended,5,0,0,3,2004/06/27 00:00:00+00,6/27/2004 10:36:00 AM,At Intersection (but not related to intersection),14,"MOTOR VEHICLE STRUCK MOTOR VEHICLE, REAR END",,0,Clear,Dry,Daylight,,4179022.0,,14,From same direction - both going straight - one stopped - rear-end,0,0,N
2556,1,-122.37888500000001,47.66729661,2927,16722,16722,3508246,Matched,Block,,17TH AVE NW BETWEEN NW 53RD ST AND BARNES AVE NW, ,,1,Property Damage Only Collision,Parked Car,2,0,0,2,2013/04/08 00:00:00+00,4/8/2013 4:17:00 PM,Mid-Block (not related to intersection),11,"MOTOR VEHICLE STRUCK MOTOR VEHICLE, FRONT END AT ANGLE",,N,Clear,Dry,Daylight,,,,32,One parked--one moving,0,0,N
2557,1,-122.3212832,47.62775071,2929,17930,17930,1772664,Matched,Block,,BROADWAY E BETWEEN E ALOHA ST AND E PROSPECT ST,,,1,Property Damage Only Collision,Parked Car,2,0,0,2,2004/05/12 00:00:00+00,5/12/2004 7:53:00 PM,Mid-Block (not related to intersection),13,"MOTOR VEHICLE STRUCK MOTOR VEHICLE, LEFT SIDE AT ANGLE",,0,Clear,Dry,Daylight,,4133016.0,,32,One parked--one moving,0,0,N
2558,2,-122.31545759999999,47.60805331,2930,17276,17276,1788642,Matched,Intersection,29794.0,13TH AVE AND E CHERRY ST,,,2,Injury Collision,Angles,2,0,0,2,2004/02/02 00:00:00+00,2/2/2004,At Intersection (intersection related),11,"MOTOR VEHICLE STRUCK MOTOR VEHICLE, FRONT END AT ANGLE",,0,Overcast,Wet,Daylight,,4033006.0,,10,Entering at angle,0,0,N
2559,1,-122.37621409999998,47.66905469,2931,257900,258560,E743353,Matched,Block,,15TH AVE NW BETWEEN NW MARKET ST AND NW 56TH ST, ,,1,Property Damage Only Collision,Sideswipe,3,0,0,2,2017/11/30 00:00:00+00,11/30/2017 8:47:00 AM,Mid-Block (not related to intersection),11,"MOTOR VEHICLE STRUCK MOTOR VEHICLE, FRONT END AT ANGLE",,N,Raining,Wet,Daylight,,,,11,From same direction - both going straight - both moving - sideswipe,0,0,N
2560,2,-122.3292794,47.59030786,2933,17657,17657,1213410,Matched,Intersection,163340.0,4TH AVE SB OFF RP AND EDGAR MARTINEZ DR S,,,2,Injury Collision,Other,1,0,0,1,2004/07/25 00:00:00+00,7/25/2004 3:23:00 AM,At Intersection (intersection related),28,MOTOR VEHICLE RAN OFF ROAD - HIT FIXED OBJECT,Y,1,Clear,Dry,Dark - Street Lights On,,4207014.0,,50,Fixed object,0,0,N
2561,1,-122.3126443,47.6219465,2934,16533,16533,3549174,Matched,Intersection,29032.0,15TH AVE E AND E HARRISON S ST, ,,1,Property Damage Only Collision,Left Turn,6,0,0,2,2013/04/07 00:00:00+00,4/7/2013 12:57:00 PM,At Intersection (intersection related),11,"MOTOR VEHICLE STRUCK MOTOR VEHICLE, FRONT END AT ANGLE",,N,Raining,Wet,Daylight,,,,15,From same direction - one left turn - one straight,0,0,N
2562,1,-122.31565790000002,47.67287979,2935,16452,16452,3501512,Matched,Block,,12TH AVE NE BETWEEN NE 61ST ST AND NE 62ND ST, ,,1,Property Damage Only Collision,Parked Car,2,0,0,2,2013/04/04 00:00:00+00,4/4/2013 5:42:00 PM,Mid-Block (not related to intersection),31,DRIVERLESS VEHICLE STRUCK MOTOR VEHICLE FRONT END AT ANGLE,,N,Raining,Wet,Daylight,,,,32,One parked--one moving,0,0,N
2563,2,-122.3805483,47.68685238,2936,16961,16961,1794678,Matched,Block,,NW 80TH ST BETWEEN 18TH AVE NW AND 19TH AVE NW,,,2,Injury Collision,Rear Ended,4,0,0,3,2004/10/02 00:00:00+00,10/2/2004,Mid-Block (but intersection related),14,"MOTOR VEHICLE STRUCK MOTOR VEHICLE, REAR END",Y,0,Clear,Dry,Daylight,,4276027.0,,14,From same direction - both going straight - one stopped - rear-end,0,0,N
2564,1,-122.37744950000001,47.56407714,2937,330900,332400,EA30090,Matched,Intersection,31929.0,36TH AVE SW AND SW AVALON WAY, ,,1,Property Damage Only Collision,Left Turn,3,0,0,2,2020/04/16 00:00:00+00,4/16/2020 11:21:00 AM,At Intersection (intersection related),11,"MOTOR VEHICLE STRUCK MOTOR VEHICLE, FRONT END AT ANGLE",,N,Clear,Dry,Daylight,,,,28,From opposite direction - one left turn - one straight,0,0,N
2565,1,-122.3200531,47.6758521,2939,17183,17183,1780242,Matched,Intersection,24495.0,8TH AVE NE AND NE 65TH ST,,,1,Property Damage Only Collision,Angles,2,0,0,2,2004/02/11 00:00:00+00,2/11/2004 2:51:00 PM,At Intersection (intersection related),11,"MOTOR VEHICLE STRUCK MOTOR VEHICLE, FRONT END AT ANGLE",,0,Clear,Dry,Daylight,,4042007.0,,10,Entering at angle,0,0,N
2566,2,-122.3398131,47.51853247,2940,16509,16509,3465581,Matched,Block,,SW CAMBRIDGE PL BETWEEN OLSON PL SW AND 4TH AVE SW, ,,2,Injury Collision,Other,1,0,0,1,2013/04/04 00:00:00+00,4/4/2013 1:24:00 PM,Mid-Block (not related to intersection),28,MOTOR VEHICLE RAN OFF ROAD - HIT FIXED OBJECT,,N,Raining,Wet,Daylight,,,,50,Fixed object,0,0,N
2567,1,-122.3177869,47.62426392,2941,16936,16936,1799036,Matched,Intersection,29004.0,11TH AVE E AND E MERCER ST,,,1,Property Damage Only Collision,Left Turn,3,0,0,2,2004/09/11 00:00:00+00,9/11/2004 12:53:00 PM,At Intersection (intersection related),11,"MOTOR VEHICLE STRUCK MOTOR VEHICLE, FRONT END AT ANGLE",,0,Clear,Dry,Daylight,,4255029.0,Y,28,From opposite direction - one left turn - one straight,0,0,N
2568,1,-122.3151939,47.65981608,2942,16536,16536,3612956,Matched,Block,,NE 43RD ST BETWEEN 12TH AVE NE AND DEAD END 1, ,,1,Property Damage Only Collision,Parked Car,2,0,0,2,2013/04/07 00:00:00+00,4/7/2013 5:50:00 PM,Mid-Block (not related to intersection),11,"MOTOR VEHICLE STRUCK MOTOR VEHICLE, FRONT END AT ANGLE",,N,Clear,Wet,Dark - Street Lights On,,,,32,One parked--one moving,0,0,N
2569,1,-122.30950759999999,47.66215991,2943,17493,17493,1776112,Matched,Block,,17TH NB AVE NE BETWEEN NE 45TH ST AND NE 47TH ST,,,1,Property Damage Only Collision,Parked Car,2,0,0,2,2004/08/09 00:00:00+00,8/9/2004,Mid-Block (not related to intersection),16,"MOTOR VEHICLE STRUCK MOTOR VEHICLE, LEFT SIDE SIDESWIPE",,0,Clear,Dry,Dark - Street Lights On,,4222040.0,,32,One parked--one moving,0,0,N
2570,2,-122.3406636,47.70597064,2944,17670,17670,1793711,Matched,Block,,INTERLAKE AVE N BETWEEN N NORTHGATE WAY AND N 107TH ST,,,2,Injury Collision,Other,2,0,0,2,2004/06/01 00:00:00+00,6/1/2004,Driveway Junction,11,"MOTOR VEHICLE STRUCK MOTOR VEHICLE, FRONT END AT ANGLE",,0,Unknown,Unknown,Daylight,,4153010.0,,22,One car leaving driveway access,0,0,N
2571,2,-122.31272479999998,47.54977251,2945,17027,17027,1771616,Matched,Block,,SWIFT AVE S BETWEEN 15TH AVE S AND 16TH AVE S,,,2,Injury Collision,Head On,3,0,0,2,2004/07/03 00:00:00+00,7/3/2004,Mid-Block (not related to intersection),11,"MOTOR VEHICLE STRUCK MOTOR VEHICLE, FRONT END AT ANGLE",,0,Clear,Dry,Daylight,,4185017.0,,24,From opposite direction - both moving - head-on,0,0,N
2572,1,-122.31964359999999,47.5983479,2946,320100,321600,E928972,Matched,Intersection,30431.0,10TH AVE S AND S KING ST, ,,1,Property Damage Only Collision,Sideswipe,2,0,0,2,2019/06/06 00:00:00+00,6/6/2019 7:35:00 AM,At Intersection (intersection related),11,"MOTOR VEHICLE STRUCK MOTOR VEHICLE, FRONT END AT ANGLE",Y,N,Clear,Dry,Daylight,,,,71,Same direction -- both turning right -- both moving -- sideswipe,0,0,N
2573,1,-122.4087788,47.57588016,2947,17905,17905,1781078,Matched,Block,,SW ADMIRAL WAY BETWEEN 59TH AVE SW AND 60TH AVE SW,,,1,Property Damage Only Collision,Parked Car,2,0,0,2,2004/02/14 00:00:00+00,2/14/2004 12:53:00 AM,Mid-Block (not related to intersection),13,"MOTOR VEHICLE STRUCK MOTOR VEHICLE, LEFT SIDE AT ANGLE",,0,Raining,Wet,Dark - Street Lights On,,4045041.0,,32,One parked--one moving,0,0,N
2574,2,-122.31418659999999,47.66644343,2948,16522,16522,3507789,Matched,Intersection,25783.0,BROOKLYN AVE NE AND NE 52ND ST, ,,2,Injury Collision,Angles,4,0,0,2,2013/04/05 00:00:00+00,4/5/2013 6:10:00 PM,At Intersection (intersection related),11,"MOTOR VEHICLE STRUCK MOTOR VEHICLE, FRONT END AT ANGLE",,N,Raining,Wet,Dusk,,,,10,Entering at angle,0,0,N
2575,1,-122.3291236,47.6086581,2949,16602,16602,3581417,Matched,Intersection,29926.0,8TH AVE AND SPRING ST, ,,1,Property Damage Only Collision,Angles,2,0,0,2,2013/04/07 00:00:00+00,4/7/2013 11:11:00 AM,At Intersection (intersection related),11,"MOTOR VEHICLE STRUCK MOTOR VEHICLE, FRONT END AT ANGLE",Y,N,Raining,Wet,Daylight,,,,10,Entering at angle,0,0,N
2576,1,-122.33431440000001,47.54562469,2950,17097,17097,1788792,Matched,Block,,1ST S AVE S BETWEEN 1ST N AVE S AND S FRONT ST,,,1,Property Damage Only Collision,Rear Ended,6,0,0,2,2004/05/10 00:00:00+00,5/10/2004 11:42:00 AM,Mid-Block (but intersection related),14,"MOTOR VEHICLE STRUCK MOTOR VEHICLE, REAR END",,0,Raining,Wet,Daylight,,4131002.0,,14,From same direction - both going straight - one stopped - rear-end,0,0,N
2577,2,-122.27707099999999,47.54601824,2951,309100,310380,E876922,Matched,Block,,S GRAHAM ST BETWEEN 44TH AVE S AND RAINIER AVE S, ,,2,Injury Collision,Parked Car,2,0,0,2,2018/12/22 00:00:00+00,12/22/2018 7:41:00 PM,Mid-Block (not related to intersection),14,"MOTOR VEHICLE STRUCK MOTOR VEHICLE, REAR END",,N,Raining,Wet,Dark - Street Lights On,,,Y,32,One parked--one moving,0,0,Y
2578,1,-122.32660109999999,47.62470227,2952,17875,17875,1789738,Matched,Block,,BELLEVUE AVE E BETWEEN E MERCER ST AND E ROY ST,,,1,Property Damage Only Collision,Other,2,0,0,1,2004/01/18 00:00:00+00,1/18/2004 12:25:00 AM,Mid-Block (but intersection related),28,MOTOR VEHICLE RAN OFF ROAD - HIT FIXED OBJECT,,0,Clear,Dry,Dark - Street Lights On,,4018007.0,,50,Fixed object,0,0,N
2579,2,-122.3302757,47.61495363,2953,17542,17542,1776434,Matched,Block,,BOREN AVE BETWEEN PINE ST AND OLIVE WAY,,,2,Injury Collision,Rear Ended,6,0,0,3,2004/03/07 00:00:00+00,3/7/2004,Mid-Block (not related to intersection),14,"MOTOR VEHICLE STRUCK MOTOR VEHICLE, REAR END",,1,Raining,Wet,Dark - Street Lights On,,4067025.0,,13,From same direction - both going straight - both moving - rear-end,0,0,N