,SEVERITYCODE,X,Y,OBJECTID,INCKEY,COLDETKEY,REPORTNO,STATUS,ADDRTYPE,INTKEY,LOCATION,EXCEPTRSNCODE,EXCEPTRSNDESC,SEVERITYCODE.1,SEVERITYDESC,COLLISIONTYPE,PERSONCOUNT,PEDCOUNT,PEDCYLCOUNT,VEHCOUNT,INCDATE,INCDTTM,JUNCTIONTYPE,SDOT_COLCODE,SDOT_COLDESC,INATTENTIONIND,UNDERINFL,WEATHER,ROADCOND,LIGHTCOND,PEDROWNOTGRNT,SDOTCOLNUM,SPEEDING,ST_COLCODE,ST_COLDESC,SEGLANEKEY,CROSSWALKKEY,HITPARKEDCAR
2580,2,-122.3174511,47.66219804,2954,17344,17344,1080378,Matched,Block,,ROOSEVELT WAY NE BETWEEN NE 45TH ST AND NE 47TH ST,,,2,Injury Collision,Pedestrian,3,1,0,2,2004/06/27 00:00:00+00,6/27/2004 5:14:00 PM,Mid-Block (not related to intersection),24,MOTOR VEHCILE STRUCK PEDESTRIAN,,0,Clear,Dry,Daylight,,4179008.0,,0,Vehicle going straight hits pedestrian,0,0,N
2581,1,-122.3344372,47.66503562,2955,16844,16844,3501907,Matched,Block,,N 50TH ST BETWEEN BURKE AVE N AND MERIDIAN AVE N, ,,1,Property Damage Only Collision,Rear Ended,3,0,0,2,2013/04/12 00:00:00+00,4/12/2013 12:10:00 PM,Mid-Block (but intersection related),14,"MOTOR VEHICLE STRUCK MOTOR VEHICLE, REAR END",Y,N,Overcast,Dry,Daylight,,,,14,From same direction - both going straight - one stopped - rear-end,0,0,N
2582,2,-122.3034131,47.57192258,2956,16665,16665,3671972,Matched,Intersection,32541.0,23RD AVE S AND S SPOKANE ST, ,,2,Injury Collision,Other,2,0,0,1,2013/04/08 00:00:00+00,4/8/2013 5:32:00 AM,At Intersection (intersection related),28,MOTOR VEHICLE RAN OFF ROAD - HIT FIXED OBJECT,,N,Raining,Wet,Dark - Street Lights On,,,,50,Fixed object,0,0,N
2583,1,-122.4094098,47.57680636,2957,17212,17212,1481314,Matched,Block,,60TH AVE SW BETWEEN SW STEVENS ST AND SW ADMIRAL WAY,,,1,Property Damage Only Collision,Parked Car,2,0,0,2,2004/01/14 00:00:00+00,1/14/2004 9:00:00 AM,Mid-Block (not related to intersection),16,"MOTOR VEHICLE STRUCK MOTOR VEHICLE, LEFT SIDE SIDESWIPE",,0,Raining,Wet,Daylight,,4014023.0,,32,One parked--one moving,0,0,N
2584,1,-122.3436842,47.62471211,2958,236600,237040,3747596,Matched,Block,,AURORA AVE N BETWEEN AURORA AV SB OFF RP AND ROY ST, ,,1,Property Damage Only Collision,Rear Ended,2,0,0,2,2017/03/02 00:00:00+00,3/2/2017 2:49:00 PM,Mid-Block (not related to intersection),14,"MOTOR VEHICLE STRUCK MOTOR VEHICLE, REAR END",,N,Overcast,Wet,Daylight,,,,14,From same direction - both going straight - one stopped - rear-end,0,0,N
2585,2,-122.30339609999999,47.57250689999999,2959,17950,17950,1771624,Matched,Block,,23RD AVE S BETWEEN S HINDS ST AND S SPOKANE ST,,,2,Injury Collision,Other,2,0,0,1,2004/08/21 00:00:00+00,8/21/2004 6:29:00 PM,Mid-Block (not related to intersection),28,MOTOR VEHICLE RAN OFF ROAD - HIT FIXED OBJECT,,0,Overcast,Wet,Daylight,,4234008.0,Y,50,Fixed object,0,0,N
2586,1,-122.34228519999999,47.63498836,2960,17153,17153,1482352,Matched,Block,,DEXTER AVE N BETWEEN HAYES ST AND HOWE ST,,,1,Property Damage Only Collision,Rear Ended,3,0,0,2,2004/03/08 00:00:00+00,3/8/2004,Mid-Block (not related to intersection),14,"MOTOR VEHICLE STRUCK MOTOR VEHICLE, REAR END",Y,0,Clear,Dry,Dusk,,4068011.0,,14,From same direction - both going straight - one stopped - rear-end,0,0,N
2587,1,-122.33503190000002,47.60421435,2961,16614,16614,3645772,Matched,Block,,MARION ST BETWEEN 1ST AVE AND 2ND AVE,NEI,"Not Enough Information, or Insufficient Location Information",1,Property Damage Only Collision,Parked Car,2,0,0,2,2013/04/06 00:00:00+00,4/6/2013 4:00:00 PM,Mid-Block (not related to intersection),0,NOT ENOUGH INFORMATION / NOT APPLICABLE,,N,Unknown,Unknown,Unknown,,,,32,One parked--one moving,0,0,N
2588,1,-122.3220166,47.62256199,2963,17424,17424,1772056,Matched,Block,,HARVARD AVE E BETWEEN E HARRISON ST AND E REPUBLICAN ST,,,1,Property Damage Only Collision,Rear Ended,2,0,0,2,2004/03/22 00:00:00+00,3/22/2004 6:00:00 PM,Mid-Block (but intersection related),14,"MOTOR VEHICLE STRUCK MOTOR VEHICLE, REAR END",,0,Unknown,Unknown,Unknown,,4082005.0,,14,From same direction - both going straight - one stopped - rear-end,0,0,N
2589,1,-122.27066869999999,47.52613435,2964,323400,324900,3806957,Matched,Block,,S CLOVERDALE ST BETWEEN 50TH AVE S AND RAINIER AVE S, ,,1,Property Damage Only Collision,Other,1,0,0,1,2019/09/15 00:00:00+00,9/15/2019 4:07:00 AM,Mid-Block (not related to intersection),26,MOTOR VEHICLE STRUCK OBJECT IN ROAD,,N,Raining,Wet,Dark - Street Lights On,,,Y,50,Fixed object,0,0,N
2590,1,-122.31755159999999,47.71043953,2965,16594,16594,3507871,Matched,Block,,PINEHURST WAY NE BETWEEN ROOSEVELT N WAY NE AND NE 113TH ST, ,,1,Property Damage Only Collision,Other,1,0,0,1,2013/04/09 00:00:00+00,4/9/2013 1:47:00 AM,Mid-Block (not related to intersection),26,MOTOR VEHICLE STRUCK OBJECT IN ROAD,,N,Overcast,Dry,Dark - Street Lights On,,,,50,Fixed object,0,0,N
2591,1,-122.3033251,47.57835108,2966,17231,17231,1774996,Matched,Intersection,31631.0,23RD AVE S AND S MCCLELLAN ST,,,1,Property Damage Only Collision,Angles,4,0,0,2,2004/08/25 00:00:00+00,8/25/2004 10:24:00 PM,At Intersection (intersection related),11,"MOTOR VEHICLE STRUCK MOTOR VEHICLE, FRONT END AT ANGLE",,0,Overcast,Dry,Dark - Street Lights On,,4238035.0,,10,Entering at angle,0,0,N
2592,1,-122.271247,47.540249700000004,2967,16557,16557,3672157,Unmatched,Block,,RAINIER AVE S BETWEEN S WILLOW ST AND S FRONTENAC ST, ,,1,Property Damage Only Collision,,1,0,0,0,2013/04/04 00:00:00+00,4/4/2013,Mid-Block (not related to intersection),28,MOTOR VEHICLE RAN OFF ROAD - HIT FIXED OBJECT,,,,,,,,, ,,0,0,N
2593,2,-122.34721640000001,47.68911248,2968,16856,16856,3608751,Matched,Intersection,24273.0,LINDEN AVE N AND N 83RD ST, ,,2,Injury Collision,Angles,2,0,0,2,2013/04/12 00:00:00+00,4/12/2013 2:05:00 PM,At Intersection (intersection related),11,"MOTOR VEHICLE STRUCK MOTOR VEHICLE, FRONT END AT ANGLE",,N,Raining,Wet,Daylight,,,,10,Entering at angle,0,0,N
2594,1,-122.3553395,47.69421686,2969,17694,17694,1782305,Matched,Intersection,37438.0,GREENWOOD AVE N AND N 90TH ST,,,1,Property Damage Only Collision,Angles,5,0,0,3,2004/03/07 00:00:00+00,3/7/2004,At Intersection (intersection related),11,"MOTOR VEHICLE STRUCK MOTOR VEHICLE, FRONT END AT ANGLE",,0,Clear,Dry,Daylight,,4067004.0,,10,Entering at angle,0,0,N
2595,1,-122.28785490000001,47.53034343,2970,253500,254140,3818273,Matched,Block,,BEACON ER AVE S BETWEEN S MONROE ST AND S ROSE ST, ,,1,Property Damage Only Collision,Rear Ended,2,0,0,2,2017/11/11 00:00:00+00,11/11/2017 7:06:00 AM,Mid-Block (not related to intersection),11,"MOTOR VEHICLE STRUCK MOTOR VEHICLE, FRONT END AT ANGLE",,N,Raining,Wet,Dawn,,,,13,From same direction - both going straight - both moving - rear-end,0,0,N
2596,2,-122.31251499999999,47.54816749,2971,17270,17270,1775382,Matched,Intersection,33383.0,CORGIAT DR S AND S ALBRO PL,,,2,Injury Collision,Angles,3,0,0,2,2004/04/10 00:00:00+00,4/10/2004 4:50:00 PM,At Intersection (intersection related),11,"MOTOR VEHICLE STRUCK MOTOR VEHICLE, FRONT END AT ANGLE",,0,Clear,Dry,Daylight,,4101028.0,,10,Entering at angle,0,0,N
2597,2,-122.3273547,47.61686167,2972,197700,197820,3707435,Matched,Block,,E OLIVE WAY BETWEEN MELROSE AVE AND BELLEVUE AVE, ,,2,Injury Collision,Parked Car,2,0,0,2,2015/07/11 00:00:00+00,7/11/2015 2:09:00 AM,Mid-Block (not related to intersection),13,"MOTOR VEHICLE STRUCK MOTOR VEHICLE, LEFT SIDE AT ANGLE",,N,Clear,Dry,Dark - Street Lights On,,,,32,One parked--one moving,0,0,N
2598,2,-122.3470335,47.68104928,2973,17479,17479,1780846,Matched,Intersection,24330.0,LINDEN AVE N AND N 72ND ST,,,2,Injury Collision,Angles,2,0,0,2,2004/09/24 00:00:00+00,9/24/2004 8:50:00 AM,At Intersection (intersection related),11,"MOTOR VEHICLE STRUCK MOTOR VEHICLE, FRONT END AT ANGLE",,0,Overcast,Dry,Daylight,,4268057.0,,10,Entering at angle,0,0,N
2599,1,-122.3163345,47.66492767,2974,17663,17663,1080191,Matched,Intersection,25790.0,11TH AVE NE AND NE 50TH ST,,,1,Property Damage Only Collision,Sideswipe,3,0,0,2,2004/10/04 00:00:00+00,10/4/2004,At Intersection (intersection related),16,"MOTOR VEHICLE STRUCK MOTOR VEHICLE, LEFT SIDE SIDESWIPE",,0,Clear,Dry,Dark - Street Lights On,,4278011.0,,11,From same direction - both going straight - both moving - sideswipe,0,0,N
2600,1,-122.30277,47.60800896,2975,17012,17012,538774,Matched,Intersection,30173.0,23RD AVE AND E CHERRY ST,,,1,Property Damage Only Collision,Left Turn,0,0,0,2,2004/03/15 00:00:00+00,3/15/2004 11:43:00 AM,At Intersection (intersection related),11,"MOTOR VEHICLE STRUCK MOTOR VEHICLE, FRONT END AT ANGLE",,0,Clear,Dry,Daylight,,4075014.0,,28,From opposite direction - one left turn - one straight,0,0,N
2601,2,-122.2833653,47.55579822,2976,16820,16820,3608498,Matched,Block,,RAINIER AVE S BETWEEN 39TH N AVE S AND 39TH S AVE S, ,,2,Injury Collision,Angles,4,0,0,3,2013/04/06 00:00:00+00,4/6/2013 5:50:00 PM,Mid-Block (not related to intersection),11,"MOTOR VEHICLE STRUCK MOTOR VEHICLE, FRONT END AT ANGLE",,N,Overcast,Dry,Daylight,,,,10,Entering at angle,0,0,N
2602,1,-122.2923788,47.72558660000001,2978,17886,17886,1782244,Matched,Block,,LAKE CITY WAY NE BETWEEN NE 133RD ST AND NE 135TH ST,,,1,Property Damage Only Collision,Parked Car,3,0,0,3,2004/07/05 00:00:00+00,7/5/2004,Mid-Block (not related to intersection),14,"MOTOR VEHICLE STRUCK MOTOR VEHICLE, REAR END",,0,Clear,Dry,Daylight,,4187012.0,,32,One parked--one moving,0,0,N
2603,1,-122.28815,47.61520486,2979,17409,17409,1772633,Matched,Intersection,30250.0,35TH AVE AND E PINE ST,,,1,Property Damage Only Collision,Angles,6,0,0,2,2004/05/29 00:00:00+00,5/29/2004 8:00:00 AM,At Intersection (intersection related),11,"MOTOR VEHICLE STRUCK MOTOR VEHICLE, FRONT END AT ANGLE",,0,Overcast,Dry,Daylight,,4150027.0,,10,Entering at angle,0,0,N
2604,1,-122.38517250000001,47.58118609,2980,16835,16835,3380699,Matched,Intersection,31065.0,42ND AVE SW AND SW ADMIRAL WAY, ,,1,Property Damage Only Collision,Left Turn,3,0,0,3,2013/04/13 00:00:00+00,4/13/2013 2:32:00 PM,At Intersection (intersection related),11,"MOTOR VEHICLE STRUCK MOTOR VEHICLE, FRONT END AT ANGLE",,N,Raining,Wet,Daylight,,,,28,From opposite direction - one left turn - one straight,0,0,N
2605,1,-122.3142281,47.52223073,2982,16673,16673,3380697,Matched,Block,,S DIRECTOR ST BETWEEN 14TH AVE S AND 15TH PL S, ,,1,Property Damage Only Collision,Parked Car,2,0,0,2,2013/04/09 00:00:00+00,4/9/2013 7:22:00 AM,Mid-Block (not related to intersection),11,"MOTOR VEHICLE STRUCK MOTOR VEHICLE, FRONT END AT ANGLE",,N,Clear,Dry,Daylight,,,,32,One parked--one moving,0,0,N
2606,1,-122.34608519999999,47.53924765,2983,17077,17077,1795486,Matched,Block,,HIGHLAND PARK WAY SW BETWEEN WEST MARGINAL WAY SW AND SW OTHELLO ST,,,1,Property Damage Only Collision,Sideswipe,2,0,0,2,2004/10/08 00:00:00+00,10/8/2004,Mid-Block (not related to intersection),16,"MOTOR VEHICLE STRUCK MOTOR VEHICLE, LEFT SIDE SIDESWIPE",,0,Raining,Wet,Dark - Street Lights On,,4282054.0,Y,11,From same direction - both going straight - both moving - sideswipe,0,0,N
2607,1,-122.33238829999999,47.60384051,2984,16548,16548,3643916,Matched,Block,,3RD AVE BETWEEN CHERRY ST AND COLUMBIA ST, ,,1,Property Damage Only Collision,Sideswipe,2,0,0,2,2013/04/06 00:00:00+00,4/6/2013 7:39:00 AM,Mid-Block (not related to intersection),16,"MOTOR VEHICLE STRUCK MOTOR VEHICLE, LEFT SIDE SIDESWIPE",,N,Unknown,Unknown,Unknown,,,,12,From same direction - both going straight - one stopped - sideswipe,0,0,N
2608,2,-122.3341251,47.54266773,2986,17828,17828,2004902,Matched,Block,,1ST AV S BR NB BETWEEN POINT B AND POINT A,,,2,Injury Collision,Rear Ended,2,0,0,2,2004/03/26 00:00:00+00,3/26/2004 6:50:00 AM,Mid-Block (not related to intersection),14,"MOTOR VEHICLE STRUCK MOTOR VEHICLE, REAR END",,0,Clear,Dry,Daylight,,4086058.0,Y,14,From same direction - both going straight - one stopped - rear-end,0,0,N
2609,1,-122.3247335,47.59835128,2987,17312,17312,1776428,Matched,Block,,S KING ST BETWEEN MAYNARD AVE S AND MAYNARD AL S,,,1,Property Damage Only Collision,Other,2,0,0,2,2004/02/21 00:00:00+00,2/21/2004 9:15:00 PM,Mid-Block (but intersection related),11,"MOTOR VEHICLE STRUCK MOTOR VEHICLE, FRONT END AT ANGLE",,0,Clear,Dry,Dark - Street Lights On,,4052023.0,,23,From same direction - all others,0,0,N
2610,1,-122.34357549999999,47.62670593,2988,196400,196497,3346522,Matched,Block,,AURORA AVE N BETWEEN VALLEY ST AND ALOHA ST, ,,1,Property Damage Only Collision,Rear Ended,2,0,0,2,2015/06/30 00:00:00+00,6/30/2015 6:03:00 PM,Mid-Block (not related to intersection),14,"MOTOR VEHICLE STRUCK MOTOR VEHICLE, REAR END",Y,N,Clear,Dry,Daylight,,,,14,From same direction - both going straight - one stopped - rear-end,0,0,N
2611,1,-122.30109270000001,47.60216463,2989,17767,17767,1788738,Matched,Block,,24TH AVE BETWEEN E YESLER WAY AND E FIR ST,,,1,Property Damage Only Collision,Parked Car,3,0,0,2,2004/05/05 00:00:00+00,5/5/2004,Mid-Block (not related to intersection),11,"MOTOR VEHICLE STRUCK MOTOR VEHICLE, FRONT END AT ANGLE",Y,0,Clear,Dry,Daylight,,4126035.0,,32,One parked--one moving,0,0,N
2612,2,-122.36180359999999,47.63132861,2990,17654,17654,1212973,Matched,Intersection,28564.0,4TH AVE W AND W LEE ST,,,2,Injury Collision,Angles,2,0,0,2,2004/07/19 00:00:00+00,7/19/2004 9:01:00 AM,At Intersection (intersection related),11,"MOTOR VEHICLE STRUCK MOTOR VEHICLE, FRONT END AT ANGLE",,0,Clear,Dry,Daylight,,4201005.0,,10,Entering at angle,0,0,N
2613,1,-122.3397689,47.62087893,2991,16699,16699,3599346,Matched,Intersection,28790.0,9TH AVE N AND THOMAS ST, ,,1,Property Damage Only Collision,Angles,2,0,0,2,2013/04/09 00:00:00+00,4/9/2013 10:59:00 AM,At Intersection (intersection related),11,"MOTOR VEHICLE STRUCK MOTOR VEHICLE, FRONT END AT ANGLE",Y,N,Clear,Dry,Daylight,,,,10,Entering at angle,0,0,N
2614,1,-122.3646941,47.62764275,2992,16784,16784,3562742,Matched,Block,,6TH AVE W BETWEEN W OLYMPIC W PL AND W KINNEAR PL, ,,1,Property Damage Only Collision,Parked Car,3,0,0,3,2013/03/31 00:00:00+00,3/31/2013 9:54:00 AM,Driveway Junction,0,NOT ENOUGH INFORMATION / NOT APPLICABLE,,N,Clear,Dry,Daylight,,,,32,One parked--one moving,0,0,N
2615,1,-122.3346068,47.60291078,2993,16959,16959,1794613,Matched,Block,,1ST AVE BETWEEN CHERRY ST AND COLUMBIA ST,,,1,Property Damage Only Collision,Rear Ended,2,0,0,2,2004/10/30 00:00:00+00,10/30/2004 5:45:00 PM,Mid-Block (but intersection related),14,"MOTOR VEHICLE STRUCK MOTOR VEHICLE, REAR END",,0,Clear,Dry,Daylight,,4304021.0,,14,From same direction - both going straight - one stopped - rear-end,0,0,N
2616,1,-122.27827979999999,47.52331462,2994,310800,312120,3815092,Matched,Block,,S HENDERSON ST BETWEEN M L KING JR ER WAY S AND CHIEF SEALTH TRL, ,,1,Property Damage Only Collision,Rear Ended,4,0,0,2,2019/01/12 00:00:00+00,1/12/2019 10:56:00 AM,Mid-Block (not related to intersection),14,"MOTOR VEHICLE STRUCK MOTOR VEHICLE, REAR END",,N,Clear,Dry,Daylight,,,,14,From same direction - both going straight - one stopped - rear-end,0,0,N
2617,1,-122.3044,47.65006045,2996,17178,17178,1789772,Matched,Block,,MONTLAKE BLVD NE BETWEEN NE PACIFIC ST AND NE PACIFIC PL,,,1,Property Damage Only Collision,Rear Ended,3,0,0,3,2004/11/24 00:00:00+00,11/24/2004 5:34:00 PM,Mid-Block (but intersection related),14,"MOTOR VEHICLE STRUCK MOTOR VEHICLE, REAR END",,0,Raining,Wet,Dark - Street Lights On,,4329035.0,,14,From same direction - both going straight - one stopped - rear-end,0,0,N
2618,2,-122.36042450000001,47.53369186,2997,16506,16506,3380710,Matched,Intersection,33984.0,DELRIDGE WAY SW AND SW HOLDEN ST, ,,2,Injury Collision,Angles,3,0,0,2,2013/04/04 00:00:00+00,4/4/2013 11:46:00 AM,At Intersection (intersection related),11,"MOTOR VEHICLE STRUCK MOTOR VEHICLE, FRONT END AT ANGLE",,N,Raining,Wet,Daylight,,,,10,Entering at angle,0,0,N
2619,2,-122.395728,47.68491455,2998,17065,17065,1780215,Matched,Intersection,23977.0,30TH AVE NW AND NW 77TH ST,,,2,Injury Collision,Angles,2,0,0,2,2004/01/31 00:00:00+00,1/31/2004 5:10:00 PM,At Intersection (intersection related),11,"MOTOR VEHICLE STRUCK MOTOR VEHICLE, FRONT END AT ANGLE",,0,Raining,Wet,Dark - Street Lights On,,4031026.0,,10,Entering at angle,0,0,N
2620,1,-122.3165127,47.67582215,3000,17671,17671,1793851,Matched,Block,,NE 65TH ST BETWEEN ROOSEVELT WAY NE AND 12TH AVE NE,,,1,Property Damage Only Collision,Rear Ended,3,0,0,3,2004/07/28 00:00:00+00,7/28/2004 7:21:00 PM,Mid-Block (not related to intersection),14,"MOTOR VEHICLE STRUCK MOTOR VEHICLE, REAR END",Y,0,Clear,Dry,Daylight,,4210013.0,,14,From same direction - both going straight - one stopped - rear-end,0,0,N
2621,2,-122.29668159999999,47.57614674,3001,17026,17026,1771478,Matched,Block,,M L KING JR WAY S BETWEEN RAINIER AVE S AND S WINTHROP ST,,,2,Injury Collision,Angles,4,0,0,2,2004/03/19 00:00:00+00,3/19/2004 9:37:00 PM,Mid-Block (but intersection related),11,"MOTOR VEHICLE STRUCK MOTOR VEHICLE, FRONT END AT ANGLE",,0,Clear,Dry,Dark - Street Lights On,,4079008.0,Y,10,Entering at angle,0,0,N
2622,2,-122.30100149999998,47.65974446,3002,16805,16805,3503263,Matched,Block,,25TH AVE NE BETWEEN MONTLAKE BLVD NE AND NE 44TH ST, ,,2,Injury Collision,Parked Car,3,0,0,2,2013/04/11 00:00:00+00,4/11/2013 6:10:00 PM,Mid-Block (not related to intersection),11,"MOTOR VEHICLE STRUCK MOTOR VEHICLE, FRONT END AT ANGLE",Y,N,Clear,Dry,Daylight,,,,32,One parked--one moving,0,0,N
2623,2,-122.35483729999999,47.54832347,3003,17620,17620,1774849,Matched,Block,,16TH AVE SW BETWEEN SW FINDLAY ST AND SW MORGAN ST,,,2,Injury Collision,Other,4,0,0,2,2004/05/11 00:00:00+00,5/11/2004 10:34:00 AM,Driveway Junction,11,"MOTOR VEHICLE STRUCK MOTOR VEHICLE, FRONT END AT ANGLE",,0,Clear,Dry,Daylight,,4132026.0,,21,One car entering driveway access,0,0,N
2624,1,-122.38795659999998,47.54474608,3004,16521,16521,3505354,Unmatched,Block,,FAUNTLEROY WAY SW BETWEEN CALIFORNIA AVE SW AND 44TH AVE SW, ,,1,Property Damage Only Collision,,2,0,0,0,2013/04/05 00:00:00+00,4/5/2013,Mid-Block (not related to intersection),11,"MOTOR VEHICLE STRUCK MOTOR VEHICLE, FRONT END AT ANGLE",,,,,,,,, ,,0,0,N
2625,1,-122.3174422,47.60351535,3006,16951,16951,1180869,Matched,Block,,E SPRUCE ST BETWEEN 11TH AVE AND 12TH AVE,,,1,Property Damage Only Collision,Parked Car,2,0,0,2,2004/03/09 00:00:00+00,3/9/2004,Driveway Junction,16,"MOTOR VEHICLE STRUCK MOTOR VEHICLE, LEFT SIDE SIDESWIPE",,0,Clear,Dry,Unknown,,4069002.0,,32,One parked--one moving,0,0,N
2626,1,-122.3800778,47.56166957,3007,16568,16568,3615272,Matched,Block,,38TH AVE SW BETWEEN FAUNTLEROY WAY SW AND SW ALASKA ST,NEI,"Not Enough Information, or Insufficient Location Information",1,Property Damage Only Collision,Parked Car,2,0,0,2,2013/04/04 00:00:00+00,4/4/2013 9:30:00 AM,Mid-Block (not related to intersection),0,NOT ENOUGH INFORMATION / NOT APPLICABLE,,N,Unknown,Unknown,Unknown,,,,32,One parked--one moving,0,0,N
2627,1,-122.37366429999999,47.64181453,3008,17726,17726,1783376,Matched,Block,,13TH AVE W BETWEEN W WHEELER ST AND W RAYE ST,,,1,Property Damage Only Collision,Other,5,0,0,2,2004/07/08 00:00:00+00,7/8/2004,Driveway Junction,11,"MOTOR VEHICLE STRUCK MOTOR VEHICLE, FRONT END AT ANGLE",,0,Clear,Dry,Daylight,,4190011.0,,22,One car leaving driveway access,0,0,N
2628,1,-122.3350196,47.61090829,3009,17406,17406,1482458,Matched,Block,,PIKE ST BETWEEN 5TH AVE AND 6TH AVE,,,1,Property Damage Only Collision,Other,1,0,0,1,2004/11/16 00:00:00+00,11/16/2004 9:25:00 PM,Driveway Junction,28,MOTOR VEHICLE RAN OFF ROAD - HIT FIXED OBJECT,,0,Overcast,Dry,Dark - Street Lights On,,4321008.0,,50,Fixed object,0,0,N
2629,1,-122.316961,47.68310483,3010,17345,17345,1068834,Matched,Intersection,24509.0,LAKE CITY WAY NE AND NE 75TH ST,,,1,Property Damage Only Collision,Left Turn,3,0,0,2,2004/05/08 00:00:00+00,5/8/2004,At Intersection (intersection related),11,"MOTOR VEHICLE STRUCK MOTOR VEHICLE, FRONT END AT ANGLE",,0,Clear,Dry,Daylight,,4129008.0,,28,From opposite direction - one left turn - one straight,0,0,N
2630,1,-122.3435477,47.6275805,3012,214800,215060,3777775,Unmatched,Block,,AURORA AVE N BETWEEN ALOHA ST AND WARD ST,NEI,"Not Enough Information, or Insufficient Location Information",1,Property Damage Only Collision,,1,0,0,0,2016/02/26 00:00:00+00,2/26/2016,Mid-Block (not related to intersection),0,NOT ENOUGH INFORMATION / NOT APPLICABLE,,,,,,,,, ,,0,0,N
2631,2,-122.37621509999998,47.66827913,3013,17376,17376,1794071,Matched,Block,,15TH AVE NW BETWEEN NW 54TH ST AND NW MARKET ST,,,2,Injury Collision,Rear Ended,3,0,0,3,2004/08/18 00:00:00+00,8/18/2004 5:07:00 PM,Mid-Block (but intersection related),14,"MOTOR VEHICLE STRUCK MOTOR VEHICLE, REAR END",,1,Clear,Dry,Daylight,,4231013.0,,14,From same direction - both going straight - one stopped - rear-end,0,0,N
2632,2,-122.3559936,47.54687472,3014,236700,237133,3755178,Matched,Block,,17TH AVE SW BETWEEN DEAD END 3 AND SW GRAHAM ST, ,,2,Injury Collision,Other,1,0,0,1,2017/03/09 00:00:00+00,3/9/2017 8:11:00 AM,Mid-Block (not related to intersection),26,MOTOR VEHICLE STRUCK OBJECT IN ROAD,,N,Clear,Wet,Daylight,,,,50,Fixed object,0,0,N
2633,2,-122.3302243,47.60819781,3016,17017,17017,1213880,Matched,Intersection,29927.0,7TH AVE AND SPRING ST,,,2,Injury Collision,Angles,2,0,0,2,2004/07/02 00:00:00+00,7/2/2004,At Intersection (intersection related),11,"MOTOR VEHICLE STRUCK MOTOR VEHICLE, FRONT END AT ANGLE",,0,Clear,Dry,Dark - Street Lights On,,4184026.0,,10,Entering at angle,0,0,N
2634,1,-122.3482257,47.62455294,3017,318700,320200,3750433,Matched,Block,,MERCER ST BETWEEN 4TH AVE N AND 5TH AVE N, ,,1,Property Damage Only Collision,Sideswipe,2,0,0,2,2019/05/03 00:00:00+00,5/3/2019 10:40:00 AM,Mid-Block (not related to intersection),11,"MOTOR VEHICLE STRUCK MOTOR VEHICLE, FRONT END AT ANGLE",,N,Clear,Dry,Daylight,,,,11,From same direction - both going straight - both moving - sideswipe,0,0,N
2635,2,-122.35534890000001,47.69512229,3018,17614,17614,1781833,Matched,Block,,GREENWOOD AVE N BETWEEN N 90TH ST AND N 92ND ST,,,2,Injury Collision,Other,2,0,0,2,2004/07/22 00:00:00+00,7/22/2004 7:45:00 PM,Driveway Junction,11,"MOTOR VEHICLE STRUCK MOTOR VEHICLE, FRONT END AT ANGLE",,0,Clear,Dry,Daylight,,4204028.0,,21,One car entering driveway access,0,0,N
2636,1,-122.35002639999999,47.66021511,3019,17972,17972,1794754,Matched,Intersection,26939.0,FREMONT AVE N AND N 44TH ST,,,1,Property Damage Only Collision,Angles,3,0,0,2,2004/11/22 00:00:00+00,11/22/2004 2:51:00 PM,At Intersection (intersection related),11,"MOTOR VEHICLE STRUCK MOTOR VEHICLE, FRONT END AT ANGLE",Y,0,Clear,Dry,Daylight,,4327026.0,,10,Entering at angle,0,0,N
2637,1,-122.36089550000001,47.64580295,3020,16872,16872,3506131,Matched,Intersection,27766.0,3RD AVE W AND W FULTON ST, ,,1,Property Damage Only Collision,Left Turn,3,0,0,2,2013/04/13 00:00:00+00,4/13/2013 11:18:00 AM,At Intersection (intersection related),11,"MOTOR VEHICLE STRUCK MOTOR VEHICLE, FRONT END AT ANGLE",Y,N,Clear,Dry,Daylight,,,,28,From opposite direction - one left turn - one straight,0,0,N
2638,1,-122.3436235,47.62583781,3021,319500,321000,3750505,Matched,Block,,AURORA AVE N BETWEEN ROY ST AND VALLEY ST, ,,1,Property Damage Only Collision,Sideswipe,2,0,0,2,2019/03/19 00:00:00+00,3/19/2019 5:22:00 PM,Mid-Block (not related to intersection),14,"MOTOR VEHICLE STRUCK MOTOR VEHICLE, REAR END",Y,N,Clear,Dry,Daylight,,,,11,From same direction - both going straight - both moving - sideswipe,0,0,N
2639,2,-122.2857135,47.60062884,3022,17462,17462,1216806,Matched,Block,,LAKESIDE AVE S BETWEEN E YESLER WAY AND S LESCHI PL,,,2,Injury Collision,Rear Ended,2,0,0,2,2004/06/30 00:00:00+00,6/30/2004 6:20:00 PM,Mid-Block (not related to intersection),14,"MOTOR VEHICLE STRUCK MOTOR VEHICLE, REAR END",Y,0,Clear,Dry,Daylight,,4182003.0,,14,From same direction - both going straight - one stopped - rear-end,0,0,N
2640,1,-122.342754,47.6489803,3023,304300,305540,E833171,Matched,Block,,STONE WAY N BETWEEN N 34TH ST AND N 35TH ST, ,,1,Property Damage Only Collision,Rear Ended,2,0,0,2,2018/07/13 00:00:00+00,7/13/2018 9:41:00 AM,Mid-Block (not related to intersection),14,"MOTOR VEHICLE STRUCK MOTOR VEHICLE, REAR END",Y,N,Clear,Dry,Daylight,,,,14,From same direction - both going straight - one stopped - rear-end,0,0,N