,SEVERITYCODE,X,Y,OBJECTID,INCKEY,COLDETKEY,REPORTNO,STATUS,ADDRTYPE,INTKEY,LOCATION,EXCEPTRSNCODE,EXCEPTRSNDESC,SEVERITYCODE.1,SEVERITYDESC,COLLISIONTYPE,PERSONCOUNT,PEDCOUNT,PEDCYLCOUNT,VEHCOUNT,INCDATE,INCDTTM,JUNCTIONTYPE,SDOT_COLCODE,SDOT_COLDESC,INATTENTIONIND,UNDERINFL,WEATHER,ROADCOND,LIGHTCOND,PEDROWNOTGRNT,SDOTCOLNUM,SPEEDING,ST_COLCODE,ST_COLDESC,SEGLANEKEY,CROSSWALKKEY,HITPARKEDCAR
2641,1,-122.38666640000001,47.57815338,3024,16759,16759,3380609,Matched,Block,,CALIFORNIA AVE SW BETWEEN SW LANDER ST AND SW STEVENS ST, ,,1,Property Damage Only Collision,Rear Ended,2,0,0,2,2013/04/10 00:00:00+00,4/10/2013 3:58:00 PM,Mid-Block (but intersection related),14,"MOTOR VEHICLE STRUCK MOTOR VEHICLE, REAR END",Y,N,Clear,Dry,Daylight,,,,14,From same direction - both going straight - one stopped - rear-end,0,0,N
2642,2,-122.29618810000001,47.57834715,3025,17090,17090,1779563,Matched,Intersection,31481.0,M L KING JR WAY S AND S MCCLELLAN ST,,,2,Injury Collision,Left Turn,4,0,0,2,2004/03/29 00:00:00+00,3/29/2004 2:37:00 PM,At Intersection (intersection related),11,"MOTOR VEHICLE STRUCK MOTOR VEHICLE, FRONT END AT ANGLE",,0,Clear,Dry,Daylight,,4089007.0,,28,From opposite direction - one left turn - one straight,0,0,N
2643,1,-122.2854202,47.53887927,3026,16741,16741,3671767,Matched,Block,,S MYRTLE ST BETWEEN 37TH AVE S AND 38TH AVE S, ,,1,Property Damage Only Collision,Parked Car,2,0,0,2,2013/04/09 00:00:00+00,4/9/2013 11:00:00 PM,Mid-Block (not related to intersection),14,"MOTOR VEHICLE STRUCK MOTOR VEHICLE, REAR END",,N,Unknown,Unknown,Dark - Street Lights On,,,,32,One parked--one moving,0,0,N
2644,1,-122.368357,47.62658452,3027,17584,17584,1794396,Matched,Intersection,28700.0,ELLIOTT AVE W AND W MERCER PL,,,1,Property Damage Only Collision,Angles,5,0,0,2,2004/11/26 00:00:00+00,11/26/2004 9:11:00 PM,At Intersection (intersection related),11,"MOTOR VEHICLE STRUCK MOTOR VEHICLE, FRONT END AT ANGLE",,0,Raining,Wet,Dark - Street Lights On,,4331009.0,,10,Entering at angle,0,0,N
2645,1,-122.3274886,47.68165808,3028,17695,17695,1782395,Matched,Intersection,24573.0,LATONA AVE NE AND EAST GREEN LAKE DR N,,,1,Property Damage Only Collision,Angles,3,0,0,2,2004/09/19 00:00:00+00,9/19/2004 9:11:00 AM,At Intersection (intersection related),11,"MOTOR VEHICLE STRUCK MOTOR VEHICLE, FRONT END AT ANGLE",Y,0,Clear,Wet,Daylight,,4263017.0,,10,Entering at angle,0,0,N
2646,1,-122.25889380000001,47.50612182,3029,17030,17030,1779063,Matched,Block,,S BANGOR ST BETWEEN 59TH AVE S AND 60TH AVE S,,,1,Property Damage Only Collision,Rear Ended,2,0,0,2,2004/02/18 00:00:00+00,2/18/2004 8:19:00 AM,Mid-Block (not related to intersection),14,"MOTOR VEHICLE STRUCK MOTOR VEHICLE, REAR END",,0,Overcast,Wet,Daylight,,4049025.0,,14,From same direction - both going straight - one stopped - rear-end,0,0,N
2647,1,-122.29627140000001,47.71752335,3030,16840,16840,3501853,Matched,Block,,LAKE CITY WAY NE BETWEEN NE 123RD ST AND 30TH N AVE NE, ,,1,Property Damage Only Collision,Sideswipe,3,0,0,3,2013/04/13 00:00:00+00,4/13/2013 3:00:00 PM,Mid-Block (but intersection related),16,"MOTOR VEHICLE STRUCK MOTOR VEHICLE, LEFT SIDE SIDESWIPE",,N,Raining,Wet,Daylight,,,,12,From same direction - both going straight - one stopped - sideswipe,0,0,N
2648,1,-122.37644499999999,47.54468257,3031,215100,215360,E521006,Matched,Intersection,34008.0,35TH AVE SW AND SW MORGAN ST, ,,1,Property Damage Only Collision,Left Turn,2,0,0,2,2016/03/03 00:00:00+00,3/3/2016 7:30:00 AM,At Intersection (but not related to intersection),11,"MOTOR VEHICLE STRUCK MOTOR VEHICLE, FRONT END AT ANGLE",,N,Clear,Wet,Dark - No Street Lights,,,,28,From opposite direction - one left turn - one straight,0,0,N
2649,1,-122.35919779999999,47.63181858,3033,17372,17372,1781219,Matched,Block,,2ND AVE W BETWEEN W LEE ST AND W GALER E ST,,,1,Property Damage Only Collision,Parked Car,2,0,0,2,2004/10/16 00:00:00+00,10/16/2004 3:00:00 PM,Mid-Block (not related to intersection),16,"MOTOR VEHICLE STRUCK MOTOR VEHICLE, LEFT SIDE SIDESWIPE",,0,Unknown,Unknown,Daylight,,4290003.0,,32,One parked--one moving,0,0,N
2650,1,-122.3255142,47.61408851,3034,217000,217280,3704426,Matched,Intersection,29875.0,SUMMIT AVE AND E PIKE ST, ,,1,Property Damage Only Collision,Angles,2,0,0,2,2016/04/01 00:00:00+00,4/1/2016 10:23:00 PM,At Intersection (intersection related),11,"MOTOR VEHICLE STRUCK MOTOR VEHICLE, FRONT END AT ANGLE",,N,Clear,Dry,Dark - Street Lights On,,,,10,Entering at angle,0,0,N
2651,1,-122.2726358,47.53796967,3035,17815,17815,1771763,Matched,Block,,48TH AVE S BETWEEN S ORCHARD ST AND S GARDEN ST,,,1,Property Damage Only Collision,Parked Car,2,0,0,2,2004/09/26 00:00:00+00,9/26/2004 7:54:00 AM,Mid-Block (not related to intersection),14,"MOTOR VEHICLE STRUCK MOTOR VEHICLE, REAR END",,0,Clear,Dry,Unknown,,4270032.0,,32,One parked--one moving,0,0,N
2652,1,-122.305019,47.60902404,3036,16862,16862,2617497,Matched,Intersection,30171.0,21ST AVE AND E COLUMBIA ST, ,,1,Property Damage Only Collision,Angles,3,0,0,2,2013/04/12 00:00:00+00,4/12/2013 8:29:00 AM,At Intersection (intersection related),14,"MOTOR VEHICLE STRUCK MOTOR VEHICLE, REAR END",,N,Overcast,Dry,Daylight,,,,10,Entering at angle,0,0,N
2653,1,-122.3895146,47.56023457,3037,318900,320400,3752568,Matched,Block,,45TH AVE SW BETWEEN SW ALASKA ST AND SW EDMUNDS ST, ,,1,Property Damage Only Collision,Parked Car,2,0,0,2,2019/05/10 00:00:00+00,5/10/2019 7:47:00 AM,Mid-Block (not related to intersection),14,"MOTOR VEHICLE STRUCK MOTOR VEHICLE, REAR END",Y,N,Clear,Dry,Unknown,,,,32,One parked--one moving,0,0,Y
2654,2,-122.3063645,47.58911506,3038,17454,17454,1793064,Matched,Block,,RAINIER AVE S BETWEEN I90 EB OFF RP AND RAINIER NB I90 EB ON RP,,,2,Injury Collision,Rear Ended,2,0,0,2,2004/09/01 00:00:00+00,9/1/2004,Mid-Block (not related to intersection),14,"MOTOR VEHICLE STRUCK MOTOR VEHICLE, REAR END",,0,Clear,Dry,Daylight,,4245005.0,,14,From same direction - both going straight - one stopped - rear-end,0,0,N
2655,1,-122.3142281,47.52223073,3039,17708,17708,1198369,Matched,Block,,S DIRECTOR ST BETWEEN 14TH AVE S AND 15TH PL S,,,1,Property Damage Only Collision,Other,2,0,0,2,2004/12/09 00:00:00+00,12/9/2004,Driveway Junction,11,"MOTOR VEHICLE STRUCK MOTOR VEHICLE, FRONT END AT ANGLE",,0,Raining,Wet,Dark - Street Lights On,,4344054.0,,21,One car entering driveway access,0,0,N
2656,1,-122.31797579999999,47.63658396,3040,16681,16681,3476517,Matched,Block,,11TH AVE E BETWEEN E HOWE ST AND E NEWTON ST, ,,1,Property Damage Only Collision,Parked Car,2,0,0,2,2013/04/09 00:00:00+00,4/9/2013 7:50:00 AM,Mid-Block (not related to intersection),14,"MOTOR VEHICLE STRUCK MOTOR VEHICLE, REAR END",,N,Unknown,Dry,Unknown,,,,32,One parked--one moving,0,0,N
2657,2,-122.33662609999999,47.55267926,3041,16814,16814,3579451,Matched,Block,,EAST MARGINAL WAY S BETWEEN S LUCILE ST AND S ORCAS ST, ,,2,Injury Collision,Sideswipe,2,0,0,2,2013/04/10 00:00:00+00,4/10/2013 6:15:00 PM,Mid-Block (not related to intersection),16,"MOTOR VEHICLE STRUCK MOTOR VEHICLE, LEFT SIDE SIDESWIPE",,N,Clear,Dry,Daylight,,,,11,From same direction - both going straight - both moving - sideswipe,0,0,N
2658,1,-122.3156117,47.61936083,3042,17082,17082,1772079,Matched,Block,,13TH AVE E BETWEEN E DENNY WAY AND E JOHN ST,,,1,Property Damage Only Collision,Parked Car,2,0,0,2,2004/03/28 00:00:00+00,3/28/2004 10:00:00 PM,Mid-Block (but intersection related),16,"MOTOR VEHICLE STRUCK MOTOR VEHICLE, LEFT SIDE SIDESWIPE",Y,0,Clear,Dry,Dark - Street Lights On,,4088032.0,,32,One parked--one moving,0,0,N
2659,1,-122.30162759999999,47.70562143,3043,16734,16734,3568638,Matched,Block,,LAKE CITY WAY NE BETWEEN 24TH AVE NE AND NE 107TH ST, ,,1,Property Damage Only Collision,Rear Ended,4,0,0,2,2013/04/07 00:00:00+00,4/7/2013 2:15:00 PM,Mid-Block (not related to intersection),14,"MOTOR VEHICLE STRUCK MOTOR VEHICLE, REAR END",,N,Raining,Wet,Daylight,,,,13,From same direction - both going straight - both moving - rear-end,0,0,N
2660,1,-122.3192088,47.70856922,3044,17278,17278,1773995,Matched,Block,,NE NORTHGATE WAY BETWEEN 8TH AVE NE AND ROOSEVELT WAY NE,,,1,Property Damage Only Collision,Angles,3,0,0,2,2004/06/29 00:00:00+00,6/29/2004 11:05:00 AM,Driveway Junction,11,"MOTOR VEHICLE STRUCK MOTOR VEHICLE, FRONT END AT ANGLE",,0,Clear,Dry,Daylight,,4181021.0,,10,Entering at angle,0,0,N
2661,1,-122.37754939999999,47.66867108,3046,213700,213960,3786756,Matched,Block,,NW MARKET ST BETWEEN 15TH AVE NW AND 17TH AVE NW, ,,1,Property Damage Only Collision,Sideswipe,2,0,0,2,2016/02/14 00:00:00+00,2/14/2016 4:10:00 PM,Mid-Block (not related to intersection),11,"MOTOR VEHICLE STRUCK MOTOR VEHICLE, FRONT END AT ANGLE",,N,Overcast,Wet,Dusk,,,,11,From same direction - both going straight - both moving - sideswipe,0,0,N
2662,1,-122.34608519999999,47.53924765,3047,17272,17272,1775474,Matched,Block,,HIGHLAND PARK WAY SW BETWEEN WEST MARGINAL WAY SW AND SW OTHELLO ST,,,1,Property Damage Only Collision,Other,1,0,0,1,2004/08/06 00:00:00+00,8/6/2004,Mid-Block (not related to intersection),28,MOTOR VEHICLE RAN OFF ROAD - HIT FIXED OBJECT,,0,Raining,Wet,Daylight,,4219062.0,,50,Fixed object,0,0,N
2663,2,-122.312377,47.57947121,3048,235300,235740,3626580,Matched,Intersection,31602.0,BEACON AVE S AND S LANDER ST, ,,2,Injury Collision,Pedestrian,2,1,0,1,2017/02/08 00:00:00+00,2/8/2017 3:35:00 PM,At Intersection (intersection related),24,MOTOR VEHCILE STRUCK PEDESTRIAN,,N,Unknown,Unknown,Unknown,,,,0,Vehicle going straight hits pedestrian,0,522814,N
2664,2,-122.3371216,47.62578951,3049,17775,17775,1213376,Matched,Intersection,28745.0,TERRY AVE N AND VALLEY ST,,,2,Injury Collision,Left Turn,3,0,0,2,2004/01/20 00:00:00+00,1/20/2004 3:05:00 PM,At Intersection (intersection related),11,"MOTOR VEHICLE STRUCK MOTOR VEHICLE, FRONT END AT ANGLE",,0,Clear,Dry,Daylight,,4020007.0,,28,From opposite direction - one left turn - one straight,0,0,N
2665,1,-122.3290598,47.60523285,3050,17661,17661,1795853,Matched,Block,,6TH AVE BETWEEN CHERRY ST AND COLUMBIA ST,,,1,Property Damage Only Collision,Rear Ended,5,0,0,2,2004/09/24 00:00:00+00,9/24/2004 7:58:00 PM,Mid-Block (but intersection related),14,"MOTOR VEHICLE STRUCK MOTOR VEHICLE, REAR END",,0,Clear,Dry,Dark - Street Lights On,,4268029.0,,14,From same direction - both going straight - one stopped - rear-end,0,0,N
2666,1,-122.33251940000001,47.6023056,3051,17148,17148,1772289,Matched,Intersection,30482.0,2ND AVE AND JAMES ST,,,1,Property Damage Only Collision,Angles,5,0,0,2,2004/05/01 00:00:00+00,5/1/2004,At Intersection (intersection related),11,"MOTOR VEHICLE STRUCK MOTOR VEHICLE, FRONT END AT ANGLE",,0,Clear,Dry,Daylight,,4122003.0,,10,Entering at angle,0,0,N
2667,2,-122.34456499999999,47.69418567,3053,16974,16974,1079630,Matched,Intersection,37340.0,AURORA AVE N AND N 90TH ST,,,2,Injury Collision,Left Turn,6,0,0,2,2004/07/15 00:00:00+00,7/15/2004 6:00:00 PM,At Intersection (intersection related),11,"MOTOR VEHICLE STRUCK MOTOR VEHICLE, FRONT END AT ANGLE",,0,Clear,Dry,Daylight,,4197007.0,,28,From opposite direction - one left turn - one straight,0,0,N
2668,1,-122.3322566,47.60537425,3054,17598,17598,1777167,Matched,Intersection,29953.0,4TH AVE AND MARION ST,,,1,Property Damage Only Collision,Sideswipe,3,0,0,2,2004/07/19 00:00:00+00,7/19/2004 4:00:00 PM,At Intersection (intersection related),11,"MOTOR VEHICLE STRUCK MOTOR VEHICLE, FRONT END AT ANGLE",,0,Clear,Dry,Daylight,,4201013.0,,71,Same direction -- both turning right -- both moving -- sideswipe,0,0,N
2669,1,-122.28594740000001,47.54706873,3056,16654,16654,3671744,Matched,Block,,M L KING JR ER WAY S BETWEEN 37TH AVE S AND S GRAHAM ST, ,,1,Property Damage Only Collision,Rear Ended,3,0,0,2,2013/04/07 00:00:00+00,4/7/2013 11:46:00 AM,Mid-Block (not related to intersection),14,"MOTOR VEHICLE STRUCK MOTOR VEHICLE, REAR END",,N,Raining,Wet,Daylight,,,,13,From same direction - both going straight - both moving - rear-end,0,0,N
2670,1,-122.2975068,47.5961278,3057,16913,16913,3593817,Matched,Block,,M L KING JR WAY S BETWEEN S LANE ST AND S DEARBORN ST, ,,1,Property Damage Only Collision,Parked Car,2,0,0,2,2013/04/12 00:00:00+00,4/12/2013 8:30:00 AM,Mid-Block (not related to intersection),16,"MOTOR VEHICLE STRUCK MOTOR VEHICLE, LEFT SIDE SIDESWIPE",,N,Clear,Dry,Daylight,,,,32,One parked--one moving,0,0,N
2671,1,-122.24243349999999,47.51100594,3058,322800,324300,3806877,Matched,Block,,RAINIER AVE S BETWEEN 72ND AVE S AND 75TH AVE S, ,,1,Property Damage Only Collision,Parked Car,2,0,0,2,2019/08/22 00:00:00+00,8/22/2019 11:05:00 PM,Mid-Block (not related to intersection),14,"MOTOR VEHICLE STRUCK MOTOR VEHICLE, REAR END",,N,Clear,Dry,Dark - Street Lights On,,,,32,One parked--one moving,0,0,Y
2672,1,-122.3331477,47.61661284,3060,16725,16725,3548989,Matched,Block,,STEWART ST BETWEEN TERRY AVE AND BOREN AVE, ,,1,Property Damage Only Collision,Sideswipe,2,0,0,2,2013/04/08 00:00:00+00,4/8/2013 7:30:00 AM,Mid-Block (but intersection related),11,"MOTOR VEHICLE STRUCK MOTOR VEHICLE, FRONT END AT ANGLE",,N,Clear,Wet,Daylight,,,,11,From same direction - both going straight - both moving - sideswipe,0,0,N
2673,2,-122.305972,47.64970388,3061,17937,17937,1794039,Matched,Intersection,27302.0,UNIV HOSPITAL DR AND NE PACIFIC ST,,,2,Injury Collision,Other,3,0,0,2,2004/07/26 00:00:00+00,7/26/2004 2:52:00 PM,At Intersection (intersection related),11,"MOTOR VEHICLE STRUCK MOTOR VEHICLE, FRONT END AT ANGLE",,0,Clear,Dry,Daylight,,4208026.0,,21,One car entering driveway access,0,0,N
2674,1,-122.28868829999999,47.53271373,3062,17931,17931,1772748,Matched,Block,,BEACON ER AVE S BETWEEN S PORTLAND ST AND S CHICAGO ST,,,1,Property Damage Only Collision,Parked Car,2,0,0,2,2004/06/19 00:00:00+00,6/19/2004 12:00:00 PM,Mid-Block (not related to intersection),14,"MOTOR VEHICLE STRUCK MOTOR VEHICLE, REAR END",,0,Clear,Dry,Daylight,,4171031.0,,32,One parked--one moving,0,0,N
2675,1,-122.3929362,47.64461184,3063,16889,16889,3549370,Matched,Intersection,27635.0,28TH AVE W AND W ARMOUR ST, ,,1,Property Damage Only Collision,Other,2,0,0,2,2013/04/13 00:00:00+00,4/13/2013 11:03:00 AM,At Intersection (intersection related),11,"MOTOR VEHICLE STRUCK MOTOR VEHICLE, FRONT END AT ANGLE",,N,Clear,Dry,Daylight,,,,23,From same direction - all others,0,0,N
2676,1,-122.3534473,47.62457414,3064,234300,234700,E554863,Unmatched,Block,,MERCER ST BETWEEN WARREN AVE N AND 2ND AVE N,NEI,"Not Enough Information, or Insufficient Location Information",1,Property Damage Only Collision,,2,0,0,0,2016/06/17 00:00:00+00,6/17/2016,Mid-Block (not related to intersection),0,NOT ENOUGH INFORMATION / NOT APPLICABLE,,,,,,,,, ,,0,0,N
2677,1,-122.37676110000001,47.67682047,3065,17475,17475,1794001,Matched,Block,,15TH AVE NW BETWEEN NW 65TH ST AND NW 67TH ST,,,1,Property Damage Only Collision,Sideswipe,3,0,0,3,2004/06/11 00:00:00+00,6/11/2004 7:10:00 AM,Mid-Block (not related to intersection),16,"MOTOR VEHICLE STRUCK MOTOR VEHICLE, LEFT SIDE SIDESWIPE",,0,Raining,Wet,Daylight,,4163030.0,,11,From same direction - both going straight - both moving - sideswipe,0,0,N
2678,1,-122.3619874,47.69135671,3067,16526,16526,3504377,Matched,Block,,NW 86TH ST BETWEEN 3RD AVE NW AND 6TH AVE NW, ,,1,Property Damage Only Collision,Sideswipe,2,0,0,2,2013/04/07 00:00:00+00,4/7/2013 12:39:00 AM,Mid-Block (not related to intersection),16,"MOTOR VEHICLE STRUCK MOTOR VEHICLE, LEFT SIDE SIDESWIPE",,N,Raining,Wet,Dark - Street Lights On,,,,26,From opposite direction - both going straight - sideswipe,0,0,N
2679,1,-122.3242936,47.60673262,3068,317200,318700,E907583,Matched,Intersection,29941.0,CHERRY ST AND TERRY AVE, ,,1,Property Damage Only Collision,Angles,2,0,0,2,2019/03/08 00:00:00+00,3/8/2019 9:45:00 AM,At Intersection (intersection related),11,"MOTOR VEHICLE STRUCK MOTOR VEHICLE, FRONT END AT ANGLE",,N,Overcast,Wet,Daylight,,,,10,Entering at angle,0,0,N
2680,1,-122.37260719999999,47.57900158,3069,17106,17106,1781354,Matched,Block,,HARBOR AVE SW BETWEEN SW FLORIDA ST AND SW HARBOR LN,,,1,Property Damage Only Collision,Other,2,0,0,2,2004/04/22 00:00:00+00,4/22/2004 3:17:00 PM,Driveway Junction,11,"MOTOR VEHICLE STRUCK MOTOR VEHICLE, FRONT END AT ANGLE",Y,0,Clear,Dry,Daylight,,4113035.0,,22,One car leaving driveway access,0,0,N
2681,1,-122.32474769999999,47.61968083,3070,16739,16739,3606003,Matched,Block,,E JOHN ST BETWEEN SUMMIT AVE E AND E OLIVE WAY, ,,1,Property Damage Only Collision,Parked Car,2,0,0,2,2013/04/10 00:00:00+00,4/10/2013 7:35:00 AM,Mid-Block (not related to intersection),11,"MOTOR VEHICLE STRUCK MOTOR VEHICLE, FRONT END AT ANGLE",,N,Raining,Wet,Daylight,,,,32,One parked--one moving,0,0,N
2682,2,-122.3557095,47.53368181,3073,322200,323700,3587815,Matched,Block,,SW HOLDEN ST BETWEEN 16TH AVE SW AND 17TH AVE SW, ,,2,Injury Collision,Angles,4,0,0,2,2019/08/09 00:00:00+00,8/9/2019 12:56:00 PM,Driveway Junction,11,"MOTOR VEHICLE STRUCK MOTOR VEHICLE, FRONT END AT ANGLE",Y,N,Clear,Dry,Daylight,,,,10,Entering at angle,0,0,N
2683,1,-122.3550389,47.63316591,3074,17066,17066,1059937,Matched,Block,,GARFIELD ST BETWEEN 1ST S AVE N AND WARREN AVE N,,,1,Property Damage Only Collision,Parked Car,2,0,0,2,2004/12/19 00:00:00+00,12/19/2004 9:39:00 AM,Mid-Block (not related to intersection),13,"MOTOR VEHICLE STRUCK MOTOR VEHICLE, LEFT SIDE AT ANGLE",,0,Overcast,Wet,Dark - Street Lights On,,4354008.0,,32,One parked--one moving,0,0,N
2684,2,-122.315619,47.6199463,3075,306700,307980,E847228,Matched,Intersection,29056.0,13TH AVE E AND E JOHN ST, ,,2,Injury Collision,Angles,2,0,0,2,2018/09/10 00:00:00+00,9/10/2018 8:53:00 AM,At Intersection (intersection related),11,"MOTOR VEHICLE STRUCK MOTOR VEHICLE, FRONT END AT ANGLE",Y,N,Overcast,Dry,Daylight,,,,10,Entering at angle,0,0,N
2685,2,-122.34095390000002,47.63227123,3077,17019,17019,1214113,Matched,Intersection,28709.0,GALER ST AND WESTLAKE S AVE N,,,2,Injury Collision,Rear Ended,2,0,0,2,2004/09/14 00:00:00+00,9/14/2004 10:32:00 AM,At Intersection (intersection related),14,"MOTOR VEHICLE STRUCK MOTOR VEHICLE, REAR END",Y,0,Clear,Dry,Daylight,,4258013.0,,14,From same direction - both going straight - one stopped - rear-end,0,0,N
2686,1,-122.2927852,47.56007559,3078,16464,16464,3550156,Matched,Block,,M L KING JR ER WAY S BETWEEN S ALASKA ST AND S ANGELINE ST, ,,1,Property Damage Only Collision,Rear Ended,2,0,0,2,2013/04/04 00:00:00+00,4/4/2013 3:10:00 PM,Mid-Block (but intersection related),14,"MOTOR VEHICLE STRUCK MOTOR VEHICLE, REAR END",,N,Raining,Wet,Daylight,,,,14,From same direction - both going straight - one stopped - rear-end,0,0,N
2687,2,-122.3326533,47.7086545,3080,16519,16519,3503143,Matched,Block,,N NORTHGATE WAY BETWEEN MERIDIAN AVE N AND CORLISS AVE N, ,,2,Injury Collision,Rear Ended,3,0,0,2,2013/04/06 00:00:00+00,4/6/2013 6:10:00 AM,Mid-Block (but intersection related),14,"MOTOR VEHICLE STRUCK MOTOR VEHICLE, REAR END",,N,Raining,Wet,Dawn,,,,14,From same direction - both going straight - one stopped - rear-end,0,0,N
2688,2,-122.27003540000001,47.51494582,3082,17092,17092,1779663,Matched,Block,,51ST AVE S BETWEEN S PILGRIM ST AND S BOND ST,,,2,Injury Collision,Parked Car,3,0,0,2,2004/03/28 00:00:00+00,3/28/2004 3:18:00 PM,Mid-Block (not related to intersection),14,"MOTOR VEHICLE STRUCK MOTOR VEHICLE, REAR END",,0,Clear,Dry,Daylight,,4088030.0,,19,One car entering parked position,0,0,N
2689,1,-122.28524250000001,47.55825221,3083,16563,16563,3672160,Matched,Block,,RAINIER AVE S BETWEEN S EDMUNDS ST AND S FERDINAND ST, ,,1,Property Damage Only Collision,Parked Car,2,0,0,2,2013/04/04 00:00:00+00,4/4/2013 9:13:00 PM,Mid-Block (but intersection related),16,"MOTOR VEHICLE STRUCK MOTOR VEHICLE, LEFT SIDE SIDESWIPE",,N,Raining,Wet,Dark - Street Lights On,,,,32,One parked--one moving,0,0,N
2690,1,-122.32080790000002,47.61581795,3085,17586,17586,1181096,Matched,Block,,BROADWAY BETWEEN E PINE ST AND XW E OLIVE ST,,,1,Property Damage Only Collision,Parked Car,2,0,0,2,2004/02/24 00:00:00+00,2/24/2004 12:50:00 PM,Mid-Block (not related to intersection),11,"MOTOR VEHICLE STRUCK MOTOR VEHICLE, FRONT END AT ANGLE",,0,Overcast,Wet,Daylight,,4055032.0,,32,One parked--one moving,0,0,N
2691,2,-122.29136480000001,47.71731678,3086,17539,17539,1773753,Matched,Intersection,36608.0,35TH AVE NE AND NE 123RD ST,,,2,Injury Collision,Angles,8,0,0,5,2004/01/11 00:00:00+00,1/11/2004 12:57:00 PM,At Intersection (intersection related),11,"MOTOR VEHICLE STRUCK MOTOR VEHICLE, FRONT END AT ANGLE",,0,Clear,Dry,Daylight,,4011004.0,,10,Entering at angle,0,0,N
2692,1,-122.3168271,47.66857356,3087,16898,16898,3613511,Matched,Block,,NE 55TH ST BETWEEN ROOSEVELT WAY NE AND 11TH AVE NE, ,,1,Property Damage Only Collision,Angles,3,0,0,2,2013/04/14 00:00:00+00,4/14/2013 12:36:00 AM,Mid-Block (not related to intersection),11,"MOTOR VEHICLE STRUCK MOTOR VEHICLE, FRONT END AT ANGLE",,N,Raining,Wet,Dark - Street Lights Off,,,,10,Entering at angle,0,0,N
2693,1,-122.3842517,47.55296471,3089,195500,195577,3736151,Matched,Block,,41ST AVE SW BETWEEN SW BRANDON ST AND SW FINDLAY ST,NEI,"Not Enough Information, or Insufficient Location Information",1,Property Damage Only Collision,Parked Car,2,0,0,2,2015/06/06 00:00:00+00,6/6/2015 10:00:00 PM,,0,NOT ENOUGH INFORMATION / NOT APPLICABLE,,N,Unknown,Unknown,Unknown,,,,32,One parked--one moving,0,0,Y
2694,1,-122.3174038,47.66493734,3091,216500,216780,3767128,Matched,Intersection,25789.0,ROOSEVELT WAY NE AND NE 50TH ST, ,,1,Property Damage Only Collision,Left Turn,4,0,0,2,2016/03/25 00:00:00+00,3/25/2016 7:32:00 AM,At Intersection (intersection related),11,"MOTOR VEHICLE STRUCK MOTOR VEHICLE, FRONT END AT ANGLE",,N,Clear,Dry,Daylight,,,,28,From opposite direction - one left turn - one straight,0,0,N
2695,1,-122.36174270000001,47.57054165,3092,17786,17786,1790499,Matched,Block,,DELRIDGE WAY SW BETWEEN W SEATTLE BR WB OFF RP AND SW CHARLESTOWN ST,,,1,Property Damage Only Collision,Other,1,0,0,1,2004/10/30 00:00:00+00,10/30/2004 8:25:00 AM,Mid-Block (not related to intersection),26,MOTOR VEHICLE STRUCK OBJECT IN ROAD,,0,Clear,Dry,Daylight,,4304007.0,,50,Fixed object,0,0,N
2696,2,-122.3762163,47.66752673,3093,17664,17664,1080254,Matched,Block,,15TH AVE NW BETWEEN NW 53RD ST AND NW 54TH ST,,,2,Injury Collision,Other,2,0,0,2,2004/07/01 00:00:00+00,7/1/2004,Driveway Junction,11,"MOTOR VEHICLE STRUCK MOTOR VEHICLE, FRONT END AT ANGLE",,0,Clear,Dry,Daylight,,4183025.0,,22,One car leaving driveway access,0,0,N
2697,1,-122.2776129,47.53154601,3095,16616,16616,3211137,Matched,Block,,S KENYON ST BETWEEN RENTON AVE S AND 44TH PL S, ,,1,Property Damage Only Collision,Angles,5,0,0,2,2013/04/08 00:00:00+00,4/8/2013 6:40:00 PM,Driveway Junction,11,"MOTOR VEHICLE STRUCK MOTOR VEHICLE, FRONT END AT ANGLE",,N,Clear,Dry,Dusk,,,,10,Entering at angle,0,0,N
2698,2,-122.32192040000001,47.70858579,3096,17453,17453,1079859,Matched,Block,,NE NORTHGATE WAY BETWEEN 5TH AVE NE AND 8TH AVE NE,,,2,Injury Collision,Other,3,0,0,2,2004/08/26 00:00:00+00,8/26/2004 12:12:00 PM,Driveway Junction,11,"MOTOR VEHICLE STRUCK MOTOR VEHICLE, FRONT END AT ANGLE",,0,Clear,Dry,Daylight,,4239007.0,,22,One car leaving driveway access,0,0,N
2699,1,-122.36047909999999,47.52469335,3098,324100,325600,E965806,Matched,Intersection,34861.0,DELRIDGE WAY SW AND SW TRENTON ST, ,,1,Property Damage Only Collision,Angles,2,0,0,2,2019/09/26 00:00:00+00,9/26/2019 10:10:00 AM,At Intersection (intersection related),11,"MOTOR VEHICLE STRUCK MOTOR VEHICLE, FRONT END AT ANGLE",,N,Clear,Dry,Daylight,,,,10,Entering at angle,0,0,N
2700,1,-122.3833909,47.65663263,3099,313500,314940,3750384,Matched,Block,,21ST AVE W BETWEEN W EMERSON PL AND W ELMORE ST, ,,1,Property Damage Only Collision,Head On,5,0,0,4,2019/02/06 00:00:00+00,2/6/2019 3:01:00 PM,Mid-Block (not related to intersection),11,"MOTOR VEHICLE STRUCK MOTOR VEHICLE, FRONT END AT ANGLE",,N,Clear,Dry,Daylight,,,,30,From opposite direction - all others,0,0,N
2701,1,-122.30328770000001,47.59979969,3101,307700,308980,E866199,Matched,Block,,22ND AVE S BETWEEN S MAIN ST AND S JACKSON ST, ,,1,Property Damage Only Collision,Parked Car,2,0,0,2,2018/11/27 00:00:00+00,11/27/2018 6:21:00 PM,Mid-Block (not related to intersection),14,"MOTOR VEHICLE STRUCK MOTOR VEHICLE, REAR END",,N,Raining,Wet,Dark - Street Lights On,,,,32,One parked--one moving,0,0,Y