,SEVERITYCODE,X,Y,OBJECTID,INCKEY,COLDETKEY,REPORTNO,STATUS,ADDRTYPE,INTKEY,LOCATION,EXCEPTRSNCODE,EXCEPTRSNDESC,SEVERITYCODE.1,SEVERITYDESC,COLLISIONTYPE,PERSONCOUNT,PEDCOUNT,PEDCYLCOUNT,VEHCOUNT,INCDATE,INCDTTM,JUNCTIONTYPE,SDOT_COLCODE,SDOT_COLDESC,INATTENTIONIND,UNDERINFL,WEATHER,ROADCOND,LIGHTCOND,PEDROWNOTGRNT,SDOTCOLNUM,SPEEDING,ST_COLCODE,ST_COLDESC,SEGLANEKEY,CROSSWALKKEY,HITPARKEDCAR
2702,1,-122.3355713,47.52178311,3104,233700,234100,3692766,Matched,Block,,OLSON PL SW BETWEEN 1ST AVE S AND 2ND AVE SW, ,,1,Property Damage Only Collision,Rear Ended,4,0,0,2,2017/01/17 00:00:00+00,1/17/2017 12:47:00 PM,Mid-Block (but intersection related),14,"MOTOR VEHICLE STRUCK MOTOR VEHICLE, REAR END",,N,Raining,Wet,Daylight,,,,14,From same direction - both going straight - one stopped - rear-end,0,0,N
2703,1,-122.345027,47.72776725,3105,16848,16848,3502740,Matched,Block,,AURORA AVE N BETWEEN N 135TH ST AND N 137TH ST, ,,1,Property Damage Only Collision,Rear Ended,4,0,0,3,2013/04/13 00:00:00+00,4/13/2013 11:05:00 AM,Mid-Block (not related to intersection),14,"MOTOR VEHICLE STRUCK MOTOR VEHICLE, REAR END",Y,N,Clear,Dry,Daylight,,,,14,From same direction - both going straight - one stopped - rear-end,0,0,N
2704,1,-122.37568909999999,47.69448839,3108,17970,17970,1794608,Matched,Block,,HOLMAN RD NW BETWEEN NW 90TH ST AND MARY AVE NW,,,1,Property Damage Only Collision,Rear Ended,2,0,0,2,2004/10/13 00:00:00+00,10/13/2004 7:23:00 PM,Mid-Block (but intersection related),14,"MOTOR VEHICLE STRUCK MOTOR VEHICLE, REAR END",,0,Clear,Dry,Dark - Street Lights On,,4287019.0,,14,From same direction - both going straight - one stopped - rear-end,0,0,N
2705,1,-122.37678329999999,47.68414673,3109,305500,306780,3705982,Matched,Block,,15TH AVE NW BETWEEN NW 75TH ST AND NW 77TH ST, ,,1,Property Damage Only Collision,Sideswipe,4,0,0,4,2018/10/05 00:00:00+00,10/5/2018 9:05:00 PM,Mid-Block (not related to intersection),11,"MOTOR VEHICLE STRUCK MOTOR VEHICLE, FRONT END AT ANGLE",,N,Overcast,Wet,Dark - Street Lights On,,,,11,From same direction - both going straight - both moving - sideswipe,0,0,N
2706,1,-122.3659125,47.517363200000005,3110,16826,16826,3465582,Matched,Intersection,34902.0,26TH AVE SW AND SW ROXBURY ST, ,,1,Property Damage Only Collision,Left Turn,2,0,0,2,2013/04/12 00:00:00+00,4/12/2013 9:06:00 PM,At Intersection (intersection related),11,"MOTOR VEHICLE STRUCK MOTOR VEHICLE, FRONT END AT ANGLE",,N,Raining,Wet,Dark - Street Lights On,,,,28,From opposite direction - one left turn - one straight,0,0,N
2707,2,-122.33649150000001,47.53405084,3111,17111,17111,1798567,Matched,Block,,1ST AVE S BETWEEN 2ND AVE SW AND 2ND AV SW ON RP,,,2,Injury Collision,Rear Ended,2,0,0,2,2004/10/28 00:00:00+00,10/28/2004 3:48:00 PM,Mid-Block (but intersection related),14,"MOTOR VEHICLE STRUCK MOTOR VEHICLE, REAR END",,0,Overcast,Dry,Daylight,,4302058.0,,14,From same direction - both going straight - one stopped - rear-end,0,0,N
2708,2,-122.3873483,47.53260231,3112,331100,332600,3838179,Unmatched,Block,,CALIFORNIA AVE SW BETWEEN SW PORTLAND ST AND SW KENYON ST, ,,2,Injury Collision,,1,0,0,0,2020/05/04 00:00:00+00,5/4/2020,Mid-Block (not related to intersection),14,"MOTOR VEHICLE STRUCK MOTOR VEHICLE, REAR END",,,,,,,,, ,,0,0,N
2709,2,-122.33310390000001,47.60797946,3113,17599,17599,1777189,Matched,Intersection,29929.0,5TH AVE AND SENECA ST,,,2,Injury Collision,Pedestrian,2,1,0,1,2004/12/02 00:00:00+00,12/2/2004,At Intersection (intersection related),24,MOTOR VEHCILE STRUCK PEDESTRIAN,,0,Clear,Dry,Daylight,Y,4337019.0,,1,Vehicle turning right hits pedestrian,0,0,N
2710,2,-122.317228,47.59833759,3116,300800,302020,3753802,Matched,Intersection,30430.0,12TH AVE S AND S KING ST, ,,2,Injury Collision,Pedestrian,2,1,0,1,2018/08/24 00:00:00+00,8/24/2018 5:38:00 PM,At Intersection (intersection related),24,MOTOR VEHCILE STRUCK PEDESTRIAN,Y,N,Clear,Dry,Daylight,Y,,,2,Vehicle turning left hits pedestrian,0,0,N
2711,1,-122.33005929999999,47.61639311,3117,17075,17075,1328707,Matched,Block,,MINOR AVE BETWEEN OLIVE WAY AND HOWELL ST,,,1,Property Damage Only Collision,Parked Car,3,0,0,3,2004/08/27 00:00:00+00,8/27/2004 1:52:00 AM,Mid-Block (not related to intersection),14,"MOTOR VEHICLE STRUCK MOTOR VEHICLE, REAR END",Y,1,Clear,Dry,Dark - Street Lights On,,4240029.0,,32,One parked--one moving,0,0,N
2712,2,-122.3143013,47.54770866,3118,306900,308180,3811187,Matched,Block,,AIRPORT WAY S BETWEEN 13TH AVE S AND S HARDY ST, ,,2,Injury Collision,Head On,2,0,0,2,2018/11/15 00:00:00+00,11/15/2018 5:38:00 PM,Mid-Block (not related to intersection),11,"MOTOR VEHICLE STRUCK MOTOR VEHICLE, FRONT END AT ANGLE",,Y,Clear,Dry,Dark - Street Lights On,,,,24,From opposite direction - both moving - head-on,0,0,N
2713,1,-122.3241865,47.5620098,3119,17643,17643,1476687,Matched,Intersection,32384.0,7TH AVE S AND S SNOQUALMIE ST,,,1,Property Damage Only Collision,Angles,2,0,0,2,2004/09/20 00:00:00+00,9/20/2004 10:07:00 PM,At Intersection (intersection related),11,"MOTOR VEHICLE STRUCK MOTOR VEHICLE, FRONT END AT ANGLE",,0,Clear,Dry,Dark - Street Lights On,,4264017.0,,10,Entering at angle,0,0,N
2714,1,-122.29479029999999,47.53666678,3120,17974,17974,1793253,Matched,Block,,S OTHELLO ST BETWEEN MILITARY RD S AND BEACON WR AVE S,,,1,Property Damage Only Collision,Rear Ended,4,0,0,2,2004/06/20 00:00:00+00,6/20/2004 6:28:00 PM,Mid-Block (not related to intersection),14,"MOTOR VEHICLE STRUCK MOTOR VEHICLE, REAR END",,0,Clear,Dry,Daylight,,4172007.0,,13,From same direction - both going straight - both moving - rear-end,0,0,N
2715,1,-122.27891969999999,47.52520624,3121,17025,17025,1771372,Matched,Block,,M L KING JR WR WAY S BETWEEN S CLOVERDALE ST AND S TRENTON ST,,,1,Property Damage Only Collision,Sideswipe,2,0,0,2,2004/03/19 00:00:00+00,3/19/2004 3:33:00 PM,Mid-Block (not related to intersection),16,"MOTOR VEHICLE STRUCK MOTOR VEHICLE, LEFT SIDE SIDESWIPE",,0,Clear,Dry,Daylight,,4079014.0,,11,From same direction - both going straight - both moving - sideswipe,0,0,N
2716,1,-122.33195420000001,47.66137796,3123,302500,303740,E839135,Matched,Block,,N 45TH ST BETWEEN BAGLEY AVE N AND CORLISS AVE N, ,,1,Property Damage Only Collision,Rear Ended,3,0,0,2,2018/09/06 00:00:00+00,9/6/2018 8:23:00 AM,Mid-Block (but intersection related),14,"MOTOR VEHICLE STRUCK MOTOR VEHICLE, REAR END",Y,N,Clear,Dry,Daylight,,,,13,From same direction - both going straight - both moving - rear-end,0,0,N
2717,1,-122.3342135,47.607515,3124,16415,16415,3645764,Matched,Intersection,29932.0,4TH AVE AND SENECA ST,NEI,"Not Enough Information, or Insufficient Location Information",1,Property Damage Only Collision,Sideswipe,2,0,0,2,2013/04/02 00:00:00+00,4/2/2013 8:30:00 AM,At Intersection (intersection related),0,NOT ENOUGH INFORMATION / NOT APPLICABLE,,N,Unknown,Unknown,Daylight,,,,71,Same direction -- both turning right -- both moving -- sideswipe,0,0,N
2718,1,-122.34046670000001,47.60931643,3127,17140,17140,1776783,Matched,Block,,1ST AVE BETWEEN PIKE ST AND PINE ST,,,1,Property Damage Only Collision,Parked Car,2,0,0,2,2004/06/06 00:00:00+00,6/6/2004,Mid-Block (not related to intersection),13,"MOTOR VEHICLE STRUCK MOTOR VEHICLE, LEFT SIDE AT ANGLE",,0,Other,Unknown,Daylight,,4158038.0,,32,One parked--one moving,0,0,N
2719,1,-122.33072299999999,47.61849176,3129,278000,278900,E780521,Matched,Intersection,29168.0,DENNY WAY AND STEWART ST, ,,1,Property Damage Only Collision,Sideswipe,2,0,0,2,2018/03/16 00:00:00+00,3/16/2018 7:54:00 AM,At Intersection (intersection related),11,"MOTOR VEHICLE STRUCK MOTOR VEHICLE, FRONT END AT ANGLE",Y,N,Clear,Dry,Daylight,,,,11,From same direction - both going straight - both moving - sideswipe,0,0,N
2720,2,-122.3956281,47.64319456,3130,17135,17135,1182136,Matched,Intersection,27642.0,30TH AVE W AND W RAYE ST,,,2,Injury Collision,Angles,3,0,0,3,2004/01/19 00:00:00+00,1/19/2004 2:39:00 PM,At Intersection (intersection related),11,"MOTOR VEHICLE STRUCK MOTOR VEHICLE, FRONT END AT ANGLE",,0,Clear,Dry,Daylight,,4019020.0,,10,Entering at angle,0,0,N
2721,1,-122.36523340000001,47.5392503,3131,234900,235300,3692769,Matched,Block,,SYLVAN WAY SW BETWEEN SW SYLVAN HEIGHTS DR AND SW ORCHARD ST, ,,1,Property Damage Only Collision,Other,1,0,0,1,2017/02/01 00:00:00+00,2/1/2017 8:55:00 AM,Mid-Block (not related to intersection),28,MOTOR VEHICLE RAN OFF ROAD - HIT FIXED OBJECT,,N,Clear,Ice,Daylight,,,,50,Fixed object,0,0,N
2722,2,-122.3473007,47.64502969,3132,17632,17632,1783781,Matched,Block,,WESTLAKE AVE N BETWEEN NEWELL ST AND NICKERSON ST,,,2,Injury Collision,Rear Ended,5,0,0,2,2004/08/07 00:00:00+00,8/7/2004,Mid-Block (not related to intersection),14,"MOTOR VEHICLE STRUCK MOTOR VEHICLE, REAR END",,0,Clear,Dry,Daylight,,4220011.0,,13,From same direction - both going straight - both moving - rear-end,0,0,N
2723,1,-122.3450771,47.73230966,3133,17505,17505,1930753,Matched,Intersection,35721.0,AURORA AVE N AND N 143RD ST,,,1,Property Damage Only Collision,Angles,2,0,0,2,2004/12/18 00:00:00+00,12/18/2004 12:39:00 PM,At Intersection (intersection related),11,"MOTOR VEHICLE STRUCK MOTOR VEHICLE, FRONT END AT ANGLE",,0,Clear,Dry,Daylight,,4353017.0,,10,Entering at angle,0,0,N
2724,2,-122.3396742,47.57151424,3134,326000,327500,E983912,Matched,Block,,EAST MARGINAL WAY S BETWEEN S SPOKANE NR ST AND S SPOKANE SR ST, ,,2,Injury Collision,Sideswipe,2,0,0,2,2019/11/15 00:00:00+00,11/15/2019 8:49:00 PM,Mid-Block (not related to intersection),11,"MOTOR VEHICLE STRUCK MOTOR VEHICLE, FRONT END AT ANGLE",Y,N,Clear,Dry,Dark - Street Lights On,,,,11,From same direction - both going straight - both moving - sideswipe,0,0,N
2725,1,,,3135,16609,16609,3582019,Matched,Block,,BATTERY ST TUNNEL SB BETWEEN AURORA AVE N AND ALASKAN WY VI SB, ,,1,Property Damage Only Collision,Sideswipe,2,0,0,2,2013/04/07 00:00:00+00,4/7/2013 1:07:00 AM,Mid-Block (not related to intersection),11,"MOTOR VEHICLE STRUCK MOTOR VEHICLE, FRONT END AT ANGLE",,N,Raining,Wet,Dark - Street Lights On,,,,11,From same direction - both going straight - both moving - sideswipe,0,0,N
2726,1,-122.3348001,47.59829282,3136,17342,17342,1777503,Matched,Block,,S KING ST BETWEEN ALASKAN E RDWY WAY S AND 1ST AVE S,,,1,Property Damage Only Collision,Parked Car,2,0,0,2,2004/02/11 00:00:00+00,2/11/2004 11:30:00 PM,Mid-Block (not related to intersection),11,"MOTOR VEHICLE STRUCK MOTOR VEHICLE, FRONT END AT ANGLE",,0,Clear,Dry,Dark - Street Lights On,,4042026.0,,32,One parked--one moving,0,0,N
2727,1,-122.32938610000001,47.60558932,3137,16811,16811,3613347,Matched,Intersection,29955.0,6TH AVE AND COLUMBIA ST,NEI,"Not Enough Information, or Insufficient Location Information",1,Property Damage Only Collision,Right Turn,2,0,0,2,2013/04/11 00:00:00+00,4/11/2013 3:00:00 PM,At Intersection (intersection related),0,NOT ENOUGH INFORMATION / NOT APPLICABLE,,N,Unknown,Unknown,Daylight,,,,16,From same direction - one right turn - one straight,0,0,N
2728,2,-122.3767615,47.52107001,3138,17446,17446,1798460,Matched,Intersection,34741.0,35TH AVE SW AND SW BARTON ST,,,2,Injury Collision,Angles,4,0,0,2,2004/10/20 00:00:00+00,10/20/2004 2:01:00 PM,At Intersection (intersection related),11,"MOTOR VEHICLE STRUCK MOTOR VEHICLE, FRONT END AT ANGLE",,0,Clear,Dry,Daylight,,4294010.0,,10,Entering at angle,0,0,N
2729,1,-122.29811059999999,47.58306883,3139,17552,17552,1783954,Matched,Block,,M L KING JR WAY S BETWEEN S WALKER ST AND S BAYVIEW N ST,,,1,Property Damage Only Collision,Rear Ended,5,0,0,2,2004/11/18 00:00:00+00,11/18/2004 8:40:00 AM,Mid-Block (not related to intersection),14,"MOTOR VEHICLE STRUCK MOTOR VEHICLE, REAR END",,0,Clear,Dry,Daylight,,4323024.0,,13,From same direction - both going straight - both moving - rear-end,0,0,N
2730,2,-122.35198090000002,47.61602046,3140,16657,16657,3599462,Matched,Block,,CLAY ST BETWEEN WESTERN AVE AND 1ST AVE, ,,2,Injury Collision,Parked Car,2,0,0,2,2013/04/08 00:00:00+00,4/8/2013 6:06:00 PM,Mid-Block (not related to intersection),11,"MOTOR VEHICLE STRUCK MOTOR VEHICLE, FRONT END AT ANGLE",,N,Clear,Dry,Daylight,,,,20,One car leaving parked position,0,0,N
2731,2,-122.29699070000001,47.581267,3141,16906,16906,3579476,Matched,Intersection,31507.0,M L KING JR WAY S AND S BAYVIEW S ST, ,,2,Injury Collision,Angles,2,0,0,2,2013/04/13 00:00:00+00,4/13/2013 8:22:00 AM,At Intersection (intersection related),11,"MOTOR VEHICLE STRUCK MOTOR VEHICLE, FRONT END AT ANGLE",,N,Overcast,Dry,Daylight,,,,10,Entering at angle,0,0,N
2732,1,-122.3167805,47.60620305,3142,300900,302120,3814139,Matched,Intersection,29809.0,12TH AVE AND E JEFFERSON ST, ,,1,Property Damage Only Collision,Pedestrian,2,1,0,1,2018/08/26 00:00:00+00,8/26/2018 8:21:00 PM,At Intersection (intersection related),24,MOTOR VEHCILE STRUCK PEDESTRIAN,,N,Raining,Wet,Dark - Street Lights On,Y,,,2,Vehicle turning left hits pedestrian,0,521030,N
2733,1,-122.34469409999998,47.70505121,3144,327600,329100,E975808,Matched,Intersection,36360.0,AURORA AVE N AND N NORTHGATE WAY, ,,1,Property Damage Only Collision,Sideswipe,3,0,0,2,2019/10/15 00:00:00+00,10/15/2019 11:52:00 AM,At Intersection (intersection related),11,"MOTOR VEHICLE STRUCK MOTOR VEHICLE, FRONT END AT ANGLE",,N,Overcast,Dry,Daylight,,,,12,From same direction - both going straight - one stopped - sideswipe,0,0,N
2734,1,-122.3035051,47.632737799999994,3146,17527,17527,1198261,Matched,Block,,22ND AVE E BETWEEN E GALER ST AND E CRESCENT DR,,,1,Property Damage Only Collision,Parked Car,3,0,0,2,2004/10/28 00:00:00+00,10/28/2004 10:05:00 AM,Mid-Block (not related to intersection),11,"MOTOR VEHICLE STRUCK MOTOR VEHICLE, FRONT END AT ANGLE",,0,Overcast,Wet,Daylight,,4302039.0,,20,One car leaving parked position,0,0,N
2735,2,-122.3893064,47.5793322,3147,17306,17306,1789119,Matched,Intersection,31165.0,45TH AVE SW AND SW LANDER ST,,,2,Injury Collision,Angles,4,0,0,2,2004/06/12 00:00:00+00,6/12/2004 12:34:00 PM,At Intersection (intersection related),11,"MOTOR VEHICLE STRUCK MOTOR VEHICLE, FRONT END AT ANGLE",,0,Clear,Dry,Daylight,,4164027.0,,10,Entering at angle,0,0,N
2736,1,-122.32275619999999,47.64318967,3148,196500,196600,E425132,Matched,Block,,E ROANOKE ST BETWEEN BOYLSTON AVE E AND HARVARD AVE E, ,,1,Property Damage Only Collision,Rear Ended,4,0,0,3,2015/05/15 00:00:00+00,5/15/2015 9:30:00 AM,Mid-Block (but intersection related),14,"MOTOR VEHICLE STRUCK MOTOR VEHICLE, REAR END",Y,N,Clear,Dry,Daylight,,,,14,From same direction - both going straight - one stopped - rear-end,0,0,N
2737,1,-122.3062455,47.61290962,3149,17469,17469,1772237,Matched,Intersection,30146.0,20TH AVE AND E UNION ST,,,1,Property Damage Only Collision,Left Turn,4,0,0,2,2004/04/13 00:00:00+00,4/13/2004 4:39:00 PM,At Intersection (intersection related),11,"MOTOR VEHICLE STRUCK MOTOR VEHICLE, FRONT END AT ANGLE",,0,Clear,Dry,Daylight,,4104021.0,,28,From opposite direction - one left turn - one straight,0,0,N
2738,1,-122.3475966,47.62149011,3153,17363,17363,1784892,Matched,Block,,5TH AVE N BETWEEN BROAD ST AND HARRISON ST,,,1,Property Damage Only Collision,Sideswipe,2,0,0,2,2004/09/09 00:00:00+00,9/9/2004,Mid-Block (not related to intersection),11,"MOTOR VEHICLE STRUCK MOTOR VEHICLE, FRONT END AT ANGLE",,0,Clear,Dry,Daylight,,4253031.0,,11,From same direction - both going straight - both moving - sideswipe,0,0,N
2739,1,-122.3514625,47.58463259,3154,329900,331400,E998453,Matched,Block,,SW FLORIDA NR ST BETWEEN DEAD END AND 13TH AVE SW, ,,1,Property Damage Only Collision,Angles,2,0,0,2,2019/12/23 00:00:00+00,12/23/2019 9:13:00 AM,Driveway Junction,11,"MOTOR VEHICLE STRUCK MOTOR VEHICLE, FRONT END AT ANGLE",,N,Unknown,Wet,Daylight,,,,10,Entering at angle,0,0,N
2740,1,-122.3618348,47.52377556,3157,17264,17264,1790467,Matched,Block,,22ND AVE SW BETWEEN SW TRENTON ST AND SW HENDERSON ST,,,1,Property Damage Only Collision,Other,2,0,0,2,2004/07/06 00:00:00+00,7/6/2004,Driveway Junction,11,"MOTOR VEHICLE STRUCK MOTOR VEHICLE, FRONT END AT ANGLE",,0,Raining,Wet,Daylight,,4188008.0,,22,One car leaving driveway access,0,0,N
2741,1,-122.34228190000002,47.63264960000001,3158,321500,323000,3811842,Matched,Block,,DEXTER AVE N BETWEEN GALER ST AND GARFIELD S ST, ,,1,Property Damage Only Collision,Parked Car,2,0,0,2,2019/07/14 00:00:00+00,7/14/2019 3:51:00 PM,Mid-Block (not related to intersection),14,"MOTOR VEHICLE STRUCK MOTOR VEHICLE, REAR END",,N,Clear,Dry,Daylight,,,,32,One parked--one moving,0,0,Y
2742,1,-122.351115,47.53413004,3159,17213,17213,1482061,Matched,Block,,SW HOLDEN ST BETWEEN 12TH AVE SW AND 13TH AVE SW,,,1,Property Damage Only Collision,Parked Car,2,0,0,2,2004/02/11 00:00:00+00,2/11/2004 9:30:00 PM,Mid-Block (not related to intersection),14,"MOTOR VEHICLE STRUCK MOTOR VEHICLE, REAR END",Y,0,Clear,Dry,Dark - Street Lights On,,4042034.0,,32,One parked--one moving,0,0,N
2743,1,-122.3119933,47.66126195,3160,307300,308580,E862641,Matched,Intersection,27061.0,15TH AVE NE AND NE 45TH ST, ,,1,Property Damage Only Collision,Sideswipe,2,0,0,2,2018/11/09 00:00:00+00,11/9/2018 7:42:00 AM,At Intersection (intersection related),11,"MOTOR VEHICLE STRUCK MOTOR VEHICLE, FRONT END AT ANGLE",,N,Clear,Dry,Daylight,,,,27,From opposite direction - both going straight - one stopped - sideswipe,0,0,N
2744,1,-122.3458631,47.61299081,3161,17515,17515,1482401,Matched,Block,,1ST AVE BETWEEN BLANCHARD ST AND BELL ST,,,1,Property Damage Only Collision,Parked Car,2,0,0,2,2004/03/01 00:00:00+00,3/1/2004,Mid-Block (not related to intersection),16,"MOTOR VEHICLE STRUCK MOTOR VEHICLE, LEFT SIDE SIDESWIPE",,0,Clear,Dry,Dark - Street Lights On,,4061009.0,,32,One parked--one moving,0,0,N
2745,1,-122.3436865,47.67152758,3162,17013,17013,1778776,Matched,Block,,WEST GREEN LAKE WAY N BETWEEN GREEN LAKE TURN RD AND N 63RD ST,,,1,Property Damage Only Collision,Rear Ended,2,0,0,2,2004/03/19 00:00:00+00,3/19/2004 6:09:00 PM,Mid-Block (not related to intersection),14,"MOTOR VEHICLE STRUCK MOTOR VEHICLE, REAR END",,0,Clear,Dry,Unknown,,4079030.0,,14,From same direction - both going straight - one stopped - rear-end,0,0,N
2746,1,-122.3252936,47.61965058,3163,16646,16646,3615377,Matched,Intersection,29156.0,SUMMIT AVE E AND E JOHN ST,NEI,"Not Enough Information, or Insufficient Location Information",1,Property Damage Only Collision,Parked Car,2,0,0,2,2013/04/01 00:00:00+00,4/1/2013 12:00:00 PM,At Intersection (intersection related),0,NOT ENOUGH INFORMATION / NOT APPLICABLE,,N,Unknown,Unknown,Unknown,,,,32,One parked--one moving,0,0,N
2747,2,-122.3201524,47.54735691,3164,17461,17461,1215383,Matched,Intersection,33134.0,CARLETON AVE S AND S BAILEY ST,,,2,Injury Collision,Left Turn,3,0,0,2,2004/03/07 00:00:00+00,3/7/2004,At Intersection (intersection related),11,"MOTOR VEHICLE STRUCK MOTOR VEHICLE, FRONT END AT ANGLE",,0,Clear,Dry,Dark - Street Lights On,,4067003.0,,28,From opposite direction - one left turn - one straight,0,0,N
2748,2,-122.36115159999999,47.52469174,3165,324900,326400,3746905,Matched,Block,,SW TRENTON ST BETWEEN DELRIDGE WAY SW AND 22ND AVE SW, ,,2,Injury Collision,Parked Car,4,0,0,4,2019/10/19 00:00:00+00,10/19/2019 12:12:00 AM,Mid-Block (not related to intersection),14,"MOTOR VEHICLE STRUCK MOTOR VEHICLE, REAR END",Y,N,Raining,Wet,Dark - Street Lights On,,,,32,One parked--one moving,0,0,N
2749,1,-122.3126788,47.71941404,3167,16956,16956,1779838,Matched,Intersection,36427.0,15TH AVE NE AND NE 125TH ST,,,1,Property Damage Only Collision,Left Turn,2,0,0,2,2004/01/04 00:00:00+00,1/4/2004,At Intersection (intersection related),15,"MOTOR VEHICLE STRUCK MOTOR VEHICLE, RIGHT SIDE SIDESWIPE",,0,Clear,Dry,Daylight,,4004008.0,,29,From opposite direction - one left turn - one right turn,0,0,N
2750,1,-122.3203247,47.69539349,3169,17639,17639,527091,Matched,Block,,8TH AVE NE BETWEEN NE 91ST ST AND NE 92ND ST,,,1,Property Damage Only Collision,Parked Car,0,0,0,2,2004/04/16 00:00:00+00,4/16/2004 11:30:00 PM,Mid-Block (not related to intersection),16,"MOTOR VEHICLE STRUCK MOTOR VEHICLE, LEFT SIDE SIDESWIPE",,0,Clear,Dry,Dark - Street Lights On,,4107011.0,,32,One parked--one moving,0,0,N
2751,1,-122.31323400000001,47.6143061,3170,17873,17873,1779311,Matched,Block,,E MADISON ST BETWEEN E PIKE ST AND 15TH AVE,,,1,Property Damage Only Collision,Sideswipe,2,0,0,2,2004/10/05 00:00:00+00,10/5/2004,Mid-Block (but intersection related),11,"MOTOR VEHICLE STRUCK MOTOR VEHICLE, FRONT END AT ANGLE",Y,0,Overcast,Dry,Daylight,,4279025.0,,11,From same direction - both going straight - both moving - sideswipe,0,0,N
2752,1,-122.34608519999999,47.53924765,3171,17687,17687,1788868,Matched,Block,,HIGHLAND PARK WAY SW BETWEEN WEST MARGINAL WAY SW AND SW OTHELLO ST,,,1,Property Damage Only Collision,Other,5,0,0,2,2004/02/15 00:00:00+00,2/15/2004 11:48:00 AM,Mid-Block (not related to intersection),11,"MOTOR VEHICLE STRUCK MOTOR VEHICLE, FRONT END AT ANGLE",,0,Clear,Dry,Daylight,,4046020.0,,23,From same direction - all others,0,0,N
2753,1,-122.29182859999999,47.61760008,3172,17350,17350,1216654,Matched,Block,,E HOWELL ST BETWEEN 31ST AVE AND 32ND AVE,,,1,Property Damage Only Collision,Parked Car,2,0,0,2,2004/06/16 00:00:00+00,6/16/2004 1:16:00 AM,Mid-Block (not related to intersection),14,"MOTOR VEHICLE STRUCK MOTOR VEHICLE, REAR END",,0,Clear,Dry,Dark - Street Lights On,,4168008.0,,32,One parked--one moving,0,0,N
2754,1,-122.31460630000001,47.62608594,3173,16842,16842,3476392,Matched,Intersection,28987.0,14TH AVE E AND E VALLEY ST, ,,1,Property Damage Only Collision,Angles,2,0,0,2,2013/04/13 00:00:00+00,4/13/2013 5:19:00 PM,At Intersection (intersection related),11,"MOTOR VEHICLE STRUCK MOTOR VEHICLE, FRONT END AT ANGLE",,N,Sleet/Hail/Freezing Rain,Other,Daylight,,,,10,Entering at angle,0,0,N
2755,1,-122.343471,47.71231577,3174,213000,213280,3786978,Matched,Block,,N 115TH ST BETWEEN AURORA AVE N AND STONE AVE N, ,,1,Property Damage Only Collision,Angles,2,0,0,2,2016/02/04 00:00:00+00,2/4/2016 2:18:00 PM,Driveway Junction,11,"MOTOR VEHICLE STRUCK MOTOR VEHICLE, FRONT END AT ANGLE",,N,Overcast,Dry,Daylight,,,,10,Entering at angle,0,0,N
2756,1,-122.31429409999998,47.57162520000001,3175,17375,17375,1779615,Matched,Block,,S SPOKANE ST BETWEEN S COLUMBIAN WAY AND HINDS PL S,,,1,Property Damage Only Collision,Sideswipe,2,0,0,2,2004/09/14 00:00:00+00,9/14/2004 6:06:00 PM,Mid-Block (not related to intersection),16,"MOTOR VEHICLE STRUCK MOTOR VEHICLE, LEFT SIDE SIDESWIPE",,0,Raining,Wet,Daylight,,4258041.0,,11,From same direction - both going straight - both moving - sideswipe,0,0,N
2757,1,-122.3567002,47.62601546,3176,259900,260560,3578834,Matched,Block,,QUEEN ANNE AVE N BETWEEN W ROY ST AND VALLEY ST, ,,1,Property Damage Only Collision,Rear Ended,6,0,0,2,2017/12/13 00:00:00+00,12/13/2017 11:32:00 PM,Mid-Block (not related to intersection),14,"MOTOR VEHICLE STRUCK MOTOR VEHICLE, REAR END",,Y,Clear,Dry,Dark - Street Lights On,,,,14,From same direction - both going straight - one stopped - rear-end,0,0,N
2758,1,-122.3399116,47.66138572,3177,17484,17484,1773680,Matched,Block,,N 45TH ST BETWEEN INTERLAKE AVE N AND WOODLAWN W AVE N,,,1,Property Damage Only Collision,Parked Car,2,0,0,2,2004/02/07 00:00:00+00,2/7/2004,Mid-Block (not related to intersection),14,"MOTOR VEHICLE STRUCK MOTOR VEHICLE, REAR END",,0,Overcast,Dry,Dark - Street Lights On,,4038016.0,,32,One parked--one moving,0,0,N
2759,2,-122.3320622,47.60348389,3178,17920,17920,1790176,Matched,Intersection,30481.0,3RD AVE AND CHERRY ST,,,2,Injury Collision,Pedestrian,2,1,0,1,2004/03/04 00:00:00+00,3/4/2004,At Intersection (intersection related),24,MOTOR VEHCILE STRUCK PEDESTRIAN,Y,0,Unknown,Unknown,Daylight,,4064028.0,,1,Vehicle turning right hits pedestrian,0,0,N
2760,1,-122.3373358,47.59073208,3180,16768,16768,3599392,Matched,Intersection,30385.0,ALASKAN WAY S AND S ATLANTIC ST, ,,1,Property Damage Only Collision,Sideswipe,2,0,0,2,2013/04/11 00:00:00+00,4/11/2013 1:36:00 PM,At Intersection (intersection related),11,"MOTOR VEHICLE STRUCK MOTOR VEHICLE, FRONT END AT ANGLE",,N,Overcast,Dry,Daylight,,,,71,Same direction -- both turning right -- both moving -- sideswipe,0,0,N