,SEVERITYCODE,X,Y,OBJECTID,INCKEY,COLDETKEY,REPORTNO,STATUS,ADDRTYPE,INTKEY,LOCATION,EXCEPTRSNCODE,EXCEPTRSNDESC,SEVERITYCODE.1,SEVERITYDESC,COLLISIONTYPE,PERSONCOUNT,PEDCOUNT,PEDCYLCOUNT,VEHCOUNT,INCDATE,INCDTTM,JUNCTIONTYPE,SDOT_COLCODE,SDOT_COLDESC,INATTENTIONIND,UNDERINFL,WEATHER,ROADCOND,LIGHTCOND,PEDROWNOTGRNT,SDOTCOLNUM,SPEEDING,ST_COLCODE,ST_COLDESC,SEGLANEKEY,CROSSWALKKEY,HITPARKEDCAR
2761,1,-122.3016125,47.70312332,3181,16972,16972,1795002,Matched,Block,,LAKE CITY WAY NE BETWEEN FISCHER PL NE AND NE 104TH WAY,,,1,Property Damage Only Collision,Sideswipe,2,0,0,2,2004/09/16 00:00:00+00,9/16/2004 5:30:00 PM,Mid-Block (but intersection related),11,"MOTOR VEHICLE STRUCK MOTOR VEHICLE, FRONT END AT ANGLE",,0,Raining,Wet,Daylight,,4260050.0,,26,From opposite direction - both going straight - sideswipe,0,0,N
2762,1,-122.371003,47.62858892,3184,16472,16472,3643912,Matched,Intersection,28695.0,ELLIOTT AVE W AND W PROSPECT ST, ,,1,Property Damage Only Collision,Left Turn,2,0,0,2,2013/04/04 00:00:00+00,4/4/2013 9:02:00 AM,At Intersection (intersection related),11,"MOTOR VEHICLE STRUCK MOTOR VEHICLE, FRONT END AT ANGLE",,N,Raining,Wet,Daylight,,,,28,From opposite direction - one left turn - one straight,0,0,N
2763,1,-122.33058290000001,47.665017399999996,3185,17195,17195,1931184,Matched,Intersection,25873.0,SUNNYSIDE AVE N AND N 50TH ST,,,1,Property Damage Only Collision,Angles,2,0,0,2,2004/11/23 00:00:00+00,11/23/2004 3:06:00 PM,At Intersection (intersection related),11,"MOTOR VEHICLE STRUCK MOTOR VEHICLE, FRONT END AT ANGLE",,0,Raining,Wet,Daylight,,4328032.0,,10,Entering at angle,0,0,N
2764,1,-122.29672690000001,47.57197984,3187,17089,17089,1779507,Matched,Intersection,32427.0,M L KING JR ER WAY S AND S WALDEN ST,,,1,Property Damage Only Collision,Angles,2,0,0,2,2004/09/15 00:00:00+00,9/15/2004 10:55:00 AM,At Intersection (intersection related),11,"MOTOR VEHICLE STRUCK MOTOR VEHICLE, FRONT END AT ANGLE",Y,0,Clear,Dry,Daylight,,4259026.0,,10,Entering at angle,0,0,N
2765,1,-122.2856311,47.54605725,3188,328100,329600,3851939,Unmatched,Intersection,33645.0,M L KING JR WR WAY S AND S GRAHAM ST, ,,1,Property Damage Only Collision,,1,0,0,0,2020/01/18 00:00:00+00,1/18/2020,At Intersection (intersection related),11,"MOTOR VEHICLE STRUCK MOTOR VEHICLE, FRONT END AT ANGLE",,,,,,,,, ,,0,0,N
2766,1,-122.3224869,47.60225021,3189,17280,17280,1856429,Matched,Block,,8TH AVE BETWEEN YESLER WAY AND E FIR ST,,,1,Property Damage Only Collision,Parked Car,3,0,0,2,2004/07/01 00:00:00+00,7/1/2004,Mid-Block (not related to intersection),14,"MOTOR VEHICLE STRUCK MOTOR VEHICLE, REAR END",,0,Clear,Dry,Daylight,,4183003.0,Y,32,One parked--one moving,0,0,N
2767,2,-122.33098909999998,47.68267636,3190,17683,17683,1774122,Matched,Block,,EAST GREEN LAKE DR N BETWEEN CORLISS AVE N AND BAGLEY AVE N,,,2,Injury Collision,Rear Ended,2,0,0,2,2004/07/25 00:00:00+00,7/25/2004 3:02:00 PM,Mid-Block (but intersection related),14,"MOTOR VEHICLE STRUCK MOTOR VEHICLE, REAR END",,0,Clear,Dry,Daylight,,4207004.0,,14,From same direction - both going straight - one stopped - rear-end,0,0,N
2768,1,-122.2781409,47.54780496,3195,305800,307080,E850978,Matched,Block,,44TH AVE S BETWEEN S RAYMOND ST AND S SPENCER ST,NEI,"Not Enough Information, or Insufficient Location Information",1,Property Damage Only Collision,Parked Car,2,0,0,2,2018/10/13 00:00:00+00,10/13/2018 8:00:00 AM,Mid-Block (not related to intersection),13,"MOTOR VEHICLE STRUCK MOTOR VEHICLE, LEFT SIDE AT ANGLE",,N,Unknown,Unknown,Unknown,,,,32,One parked--one moving,0,0,Y
2769,2,-122.30635179999999,47.60167383,3196,16611,16611,3593848,Matched,Intersection,30730.0,20TH AVE AND E YESLER WAY, ,,2,Injury Collision,Left Turn,2,0,0,2,2013/04/06 00:00:00+00,4/6/2013 12:22:00 PM,At Intersection (intersection related),11,"MOTOR VEHICLE STRUCK MOTOR VEHICLE, FRONT END AT ANGLE",,N,Raining,Wet,Daylight,,,,28,From opposite direction - one left turn - one straight,0,0,N
2770,1,-122.39211540000001,47.56845685,3197,17104,17104,1781676,Matched,Intersection,31971.0,47TH AVE SW AND SW ANDOVER ST,,,1,Property Damage Only Collision,Angles,2,0,0,2,2004/02/13 00:00:00+00,2/13/2004 7:49:00 AM,At Intersection (intersection related),11,"MOTOR VEHICLE STRUCK MOTOR VEHICLE, FRONT END AT ANGLE",,0,Clear,Dry,Daylight,,4044011.0,,10,Entering at angle,0,0,N
2771,1,-122.35516489999999,47.51736038,3198,16577,16577,3553738,Matched,Intersection,35058.0,DELRIDGE WAY SW AND SW ROXBURY ST, ,,1,Property Damage Only Collision,Left Turn,3,0,0,2,2013/04/06 00:00:00+00,4/6/2013 11:29:00 AM,At Intersection (intersection related),11,"MOTOR VEHICLE STRUCK MOTOR VEHICLE, FRONT END AT ANGLE",,N,Clear,Dry,Daylight,,,,29,From opposite direction - one left turn - one right turn,0,0,N
2772,1,-122.32212040000002,47.61464477,3199,17743,17743,1775591,Matched,Block,,HARVARD AVE BETWEEN E PIKE ST AND E PINE ST,,,1,Property Damage Only Collision,Parked Car,2,0,0,2,2004/02/01 00:00:00+00,2/1/2004,Mid-Block (not related to intersection),11,"MOTOR VEHICLE STRUCK MOTOR VEHICLE, FRONT END AT ANGLE",,0,Clear,Dry,Daylight,,4032007.0,,32,One parked--one moving,0,0,N
2773,1,-122.3154598,47.60773613,3200,16829,16829,3605988,Matched,Block,,13TH AVE BETWEEN E JAMES CT AND E CHERRY ST, ,,1,Property Damage Only Collision,Parked Car,2,0,0,2,2013/04/12 00:00:00+00,4/12/2013 1:08:00 PM,Mid-Block (not related to intersection),11,"MOTOR VEHICLE STRUCK MOTOR VEHICLE, FRONT END AT ANGLE",Y,N,Clear,Dry,Daylight,,,,32,One parked--one moving,0,0,N
2774,1,-122.30884479999999,47.61570181,3202,16678,16678,3476164,Matched,Block,,18TH AVE BETWEEN E PINE ST AND E MADISON ST, ,,1,Property Damage Only Collision,Angles,3,0,0,3,2013/04/09 00:00:00+00,4/9/2013 12:10:00 PM,Mid-Block (not related to intersection),11,"MOTOR VEHICLE STRUCK MOTOR VEHICLE, FRONT END AT ANGLE",,N,Overcast,Dry,Daylight,,,,10,Entering at angle,0,0,N
2775,1,-122.30332450000002,47.57793997,3203,17081,17081,1771885,Matched,Block,,23RD AVE S BETWEEN S MCCLELLAN ST AND S FOREST ST,,,1,Property Damage Only Collision,Rear Ended,2,0,0,2,2004/03/11 00:00:00+00,3/11/2004 7:50:00 AM,Mid-Block (but intersection related),14,"MOTOR VEHICLE STRUCK MOTOR VEHICLE, REAR END",Y,0,Clear,Dry,Daylight,,4071004.0,,14,From same direction - both going straight - one stopped - rear-end,0,0,N
2776,1,-122.29698870000001,47.56861146,3204,16542,16542,3565112,Matched,Block,,M L KING JR WR WAY S BETWEEN S BRADFORD ST AND S ANDOVER ST, ,,1,Property Damage Only Collision,Other,1,0,0,1,2013/04/05 00:00:00+00,4/5/2013 9:45:00 PM,Mid-Block (not related to intersection),28,MOTOR VEHICLE RAN OFF ROAD - HIT FIXED OBJECT,,Y,Raining,Wet,Dark - Street Lights On,,,,50,Fixed object,0,0,N
2777,2,-122.28613840000001,47.63028815,3206,16914,16914,3593818,Matched,Block,,E MADISON ST BETWEEN 36TH AVE E AND 37TH AVE E, ,,2,Injury Collision,Rear Ended,3,0,0,3,2013/04/12 00:00:00+00,4/12/2013 12:21:00 PM,Mid-Block (but intersection related),14,"MOTOR VEHICLE STRUCK MOTOR VEHICLE, REAR END",,N,Overcast,Dry,Daylight,,,,13,From same direction - both going straight - both moving - rear-end,0,0,N
2778,1,-122.3246152,47.7086028,3207,17973,17973,1794779,Matched,Block,,NE NORTHGATE WAY BETWEEN 3RD AVE NE AND 5TH AVE NE,,,1,Property Damage Only Collision,Rear Ended,2,0,0,2,2004/11/29 00:00:00+00,11/29/2004 9:19:00 PM,Mid-Block (not related to intersection),14,"MOTOR VEHICLE STRUCK MOTOR VEHICLE, REAR END",,0,Raining,Wet,Dark - Street Lights On,,4334011.0,,13,From same direction - both going straight - both moving - rear-end,0,0,N
2779,1,-122.281842,47.66585049,3208,17166,17166,1778888,Matched,Block,,SAND POINT WAY NE BETWEEN NE 50TH ST AND NE 52ND ST,,,1,Property Damage Only Collision,Rear Ended,2,0,0,2,2004/03/27 00:00:00+00,3/27/2004 8:02:00 PM,Mid-Block (not related to intersection),14,"MOTOR VEHICLE STRUCK MOTOR VEHICLE, REAR END",,0,Raining,Wet,Dark - Street Lights On,,4087014.0,,14,From same direction - both going straight - one stopped - rear-end,0,0,N
2780,1,-122.3762226,47.65698919,3209,16466,16466,3581416,Matched,Block,,BALLARD BR BETWEEN 15TH AVE W AND POINT A, ,,1,Property Damage Only Collision,Head On,2,0,0,2,2013/04/04 00:00:00+00,4/4/2013 8:05:00 AM,Mid-Block (not related to intersection),11,"MOTOR VEHICLE STRUCK MOTOR VEHICLE, FRONT END AT ANGLE",,N,Clear,Wet,Daylight,,,,30,From opposite direction - all others,0,0,N
2781,1,-122.3435924,47.71957199,3211,304500,305760,E835462,Matched,Block,,N 125TH ST BETWEEN AURORA AVE N AND STONE AVE N, ,,1,Property Damage Only Collision,Other,2,0,0,2,2018/08/13 00:00:00+00,8/13/2018 9:13:00 AM,Mid-Block (not related to intersection),14,"MOTOR VEHICLE STRUCK MOTOR VEHICLE, REAR END",,N,Clear,Dry,Daylight,,,,23,From same direction - all others,0,0,N
2782,2,-122.29253770000001,47.58798381,3212,16439,16439,3672288,Matched,Intersection,31396.0,31ST AVE S AND S MASSACHUSETTS ST, ,,2,Injury Collision,Angles,2,0,0,2,2013/03/27 00:00:00+00,3/27/2013 10:20:00 AM,At Intersection (intersection related),11,"MOTOR VEHICLE STRUCK MOTOR VEHICLE, FRONT END AT ANGLE",,N,Clear,Dry,Daylight,,,,10,Entering at angle,0,0,N
2783,1,-122.33943909999998,47.56132285,3213,17383,17383,1198129,Matched,Block,,EAST MARGINAL WAY S BETWEEN DIAGONAL AVE S AND S ALASKA ST,,,1,Property Damage Only Collision,Other,1,0,0,1,2004/11/18 00:00:00+00,11/18/2004 5:54:00 AM,Mid-Block (but intersection related),28,MOTOR VEHICLE RAN OFF ROAD - HIT FIXED OBJECT,Y,0,Raining,Wet,Dark - Street Lights On,,4323003.0,,50,Fixed object,0,0,N
2784,1,-122.28329129999999,47.54318328,3214,16572,16572,3672327,Matched,Intersection,34531.0,39TH AVE S AND S WARSAW ST, ,,1,Property Damage Only Collision,Angles,2,0,0,2,2013/04/04 00:00:00+00,4/4/2013 8:00:00 AM,At Intersection (intersection related),11,"MOTOR VEHICLE STRUCK MOTOR VEHICLE, FRONT END AT ANGLE",Y,N,Overcast,Wet,Daylight,,,,10,Entering at angle,0,0,N
2785,2,-122.2989527,47.71298996,3216,17544,17544,1776685,Matched,Intersection,36638.0,27TH AVE NE AND LAKE CITY WAY NE,,,2,Injury Collision,Rear Ended,4,0,0,3,2004/11/29 00:00:00+00,11/29/2004 4:45:00 PM,At Intersection (but not related to intersection),14,"MOTOR VEHICLE STRUCK MOTOR VEHICLE, REAR END",Y,0,Clear,Dry,Dark - Street Lights On,,4334026.0,,14,From same direction - both going straight - one stopped - rear-end,0,0,N
2786,1,-122.30277,47.60800896,3217,17348,17348,1478281,Matched,Intersection,30173.0,23RD AVE AND E CHERRY ST,,,1,Property Damage Only Collision,Angles,2,0,0,2,2004/10/08 00:00:00+00,10/8/2004,At Intersection (intersection related),11,"MOTOR VEHICLE STRUCK MOTOR VEHICLE, FRONT END AT ANGLE",,0,Raining,Wet,Daylight,,4282027.0,,10,Entering at angle,0,0,N
2787,1,-122.32857079999998,47.70590438,3218,17263,17263,1778418,Matched,Block,,1ST AVE NE BETWEEN NE 105TH ST AND I5 NB 1ST AV NE OFF RP,,,1,Property Damage Only Collision,Sideswipe,2,0,0,2,2004/01/14 00:00:00+00,1/14/2004 11:15:00 PM,Mid-Block (not related to intersection),28,MOTOR VEHICLE RAN OFF ROAD - HIT FIXED OBJECT,,0,Raining,Wet,Dark - Street Lights On,,4014006.0,Y,12,From same direction - both going straight - one stopped - sideswipe,0,0,N
2788,1,-122.3608773,47.65082921,3219,16769,16769,3643801,Matched,Intersection,26688.0,3RD AVE W AND W NICKERSON ST, ,,1,Property Damage Only Collision,Left Turn,2,0,0,2,2013/04/11 00:00:00+00,4/11/2013 10:08:00 PM,At Intersection (intersection related),11,"MOTOR VEHICLE STRUCK MOTOR VEHICLE, FRONT END AT ANGLE",,N,Clear,Dry,Dark - Street Lights On,,,,28,From opposite direction - one left turn - one straight,0,0,N
2789,2,-122.34509709999999,47.73412843,3220,17356,17356,1804378,Matched,Intersection,35704.0,AURORA AVE N AND N 145TH ST,,,2,Injury Collision,Angles,2,0,0,2,2004/09/26 00:00:00+00,9/26/2004 11:55:00 AM,At Intersection (intersection related),11,"MOTOR VEHICLE STRUCK MOTOR VEHICLE, FRONT END AT ANGLE",,0,Overcast,Dry,Daylight,,4270036.0,,10,Entering at angle,0,0,N
2790,1,-122.356706,47.62501857,3221,260300,261000,E747412,Matched,Block,,QUEEN ANNE AVE N BETWEEN MERCER ST AND ROY ST, ,,1,Property Damage Only Collision,Parked Car,3,0,0,2,2017/12/14 00:00:00+00,12/14/2017 10:02:00 AM,Mid-Block (not related to intersection),11,"MOTOR VEHICLE STRUCK MOTOR VEHICLE, FRONT END AT ANGLE",Y,N,Overcast,Dry,Daylight,,,,19,One car entering parked position,0,0,N
2791,1,-122.37902690000001,47.56306905,3222,17944,17944,C649677,Matched,Block,,FAUNTLEROY WAY SW BETWEEN 37TH AVE SW AND SW OREGON ST,,,1,Property Damage Only Collision,Rear Ended,2,0,0,2,2004/11/28 00:00:00+00,11/28/2004 5:00:00 PM,Mid-Block (but intersection related),14,"MOTOR VEHICLE STRUCK MOTOR VEHICLE, REAR END",,0,Clear,Dry,Daylight,,4333036.0,,14,From same direction - both going straight - one stopped - rear-end,0,0,N
2792,1,-122.32092309999999,47.65202595,3223,16864,16864,3504322,Matched,Block,,UNIVERSITY BR BETWEEN FUHRMAN AVE E AND POINT A, ,,1,Property Damage Only Collision,Head On,3,0,0,2,2013/04/13 00:00:00+00,4/13/2013 6:00:00 PM,Mid-Block (not related to intersection),11,"MOTOR VEHICLE STRUCK MOTOR VEHICLE, FRONT END AT ANGLE",,N,Raining,Wet,Daylight,,,Y,30,From opposite direction - all others,0,0,N
2793,2,-122.3295613,47.55228284,3224,16633,16633,3617431,Matched,Block,,4TH AVE S BETWEEN S FINDLAY ST AND S ORCAS ST, ,,2,Injury Collision,Sideswipe,4,0,0,2,2013/04/06 00:00:00+00,4/6/2013 2:40:00 PM,Mid-Block (not related to intersection),11,"MOTOR VEHICLE STRUCK MOTOR VEHICLE, FRONT END AT ANGLE",,N,Raining,Wet,Daylight,,,,11,From same direction - both going straight - both moving - sideswipe,0,0,N
2794,1,-122.3123242,47.55059186,3226,17423,17423,1771934,Matched,Block,,16TH AVE S BETWEEN S ORCAS ST AND S JUNEAU ST,,,1,Property Damage Only Collision,Rear Ended,2,0,0,2,2004/04/13 00:00:00+00,4/13/2004 7:00:00 PM,Mid-Block (but intersection related),14,"MOTOR VEHICLE STRUCK MOTOR VEHICLE, REAR END",,0,Clear,Dry,Daylight,,4104027.0,,14,From same direction - both going straight - one stopped - rear-end,0,0,N
2795,1,-122.3102686,47.60042245,3227,16684,16684,3476772,Matched,Block,,17TH AVE S BETWEEN S WASHINGTON ST AND S MAIN ST, ,,1,Property Damage Only Collision,Parked Car,2,0,0,2,2013/04/06 00:00:00+00,4/6/2013 4:00:00 AM,Mid-Block (not related to intersection),11,"MOTOR VEHICLE STRUCK MOTOR VEHICLE, FRONT END AT ANGLE",,N,Raining,Wet,Dark - Street Lights On,,,,32,One parked--one moving,0,0,N
2796,2,-122.3326402,47.60916022,3228,16756,16756,3581710,Matched,Intersection,29914.0,6TH AVE AND UNIVERSITY ST, ,,2,Injury Collision,Angles,3,0,0,2,2013/04/08 00:00:00+00,4/8/2013 10:25:00 PM,At Intersection (intersection related),11,"MOTOR VEHICLE STRUCK MOTOR VEHICLE, FRONT END AT ANGLE",,Y,Clear,Dry,Dark - Street Lights On,,,,10,Entering at angle,0,0,N
2797,1,-122.30527040000001,47.64429117,3230,308600,309880,E872656,Matched,Block,,MONTLAKE BV ON RP BETWEEN SR520 WB AND MONTLAKE BLVD E, ,,1,Property Damage Only Collision,Rear Ended,4,0,0,2,2018/12/10 00:00:00+00,12/10/2018 11:55:00 AM,Mid-Block (but intersection related),14,"MOTOR VEHICLE STRUCK MOTOR VEHICLE, REAR END",Y,N,Clear,Wet,Daylight,,,,14,From same direction - both going straight - one stopped - rear-end,0,0,N
2798,1,-122.38491640000001,47.52362923,3231,234400,234800,3386090,Matched,Block,,41ST AVE SW BETWEEN SW TRENTON ST AND SW CONCORD ST, ,,1,Property Damage Only Collision,Parked Car,2,0,0,2,2016/11/26 00:00:00+00,11/26/2016 9:53:00 PM,Mid-Block (not related to intersection),11,"MOTOR VEHICLE STRUCK MOTOR VEHICLE, FRONT END AT ANGLE",Y,N,Raining,Wet,,,,,32,One parked--one moving,0,0,N
2799,2,-122.2875459,47.56175885,3232,17757,17757,1784205,Matched,Block,,RAINIER AVE S BETWEEN S OREGON ST AND S ALASKA ST,,,2,Injury Collision,Sideswipe,4,0,0,2,2004/10/13 00:00:00+00,10/13/2004 9:52:00 AM,Mid-Block (not related to intersection),16,"MOTOR VEHICLE STRUCK MOTOR VEHICLE, LEFT SIDE SIDESWIPE",,0,Clear,Dry,Daylight,,4287036.0,,11,From same direction - both going straight - both moving - sideswipe,0,0,N
2800,2,-122.32172779999999,47.67842568,3233,16691,16691,3501828,Matched,Block,,WEEDIN PL NE BETWEEN NE 68TH ST AND NE 69TH ST, ,,2,Injury Collision,Angles,2,0,0,2,2013/04/06 00:00:00+00,4/6/2013 2:02:00 PM,Mid-Block (not related to intersection),11,"MOTOR VEHICLE STRUCK MOTOR VEHICLE, FRONT END AT ANGLE",,N,Clear,Dry,Daylight,,,,10,Entering at angle,0,0,N
2801,1,,,3235,17366,17366,1785160,Matched,Intersection,30559.0,6TH AVE S AND S ATLANTIC ST,,,1,Property Damage Only Collision,Other,2,0,0,2,2004/09/25 00:00:00+00,9/25/2004 8:49:00 PM,At Intersection (intersection related),11,"MOTOR VEHICLE STRUCK MOTOR VEHICLE, FRONT END AT ANGLE",,1,Clear,Dry,Dark - Street Lights On,,4269023.0,Y,22,One car leaving driveway access,0,0,N
2802,2,-122.3285257,47.70318004,3237,17882,17882,1079742,Matched,Intersection,37555.0,1ST AVE NE AND NE 103RD ST,,,2,Injury Collision,Angles,2,0,0,2,2004/08/23 00:00:00+00,8/23/2004 4:00:00 PM,At Intersection (intersection related),11,"MOTOR VEHICLE STRUCK MOTOR VEHICLE, FRONT END AT ANGLE",,0,Clear,Dry,Daylight,,4236022.0,,10,Entering at angle,0,0,N
2803,2,-122.40188570000001,47.57761338,3239,17126,17126,528275,Matched,Block,,SW STEVENS ST BETWEEN 53RD AVE SW AND SW ADMIRAL WAY,,,2,Injury Collision,Other,0,0,0,1,2004/06/17 00:00:00+00,6/17/2004 10:31:00 PM,Mid-Block (not related to intersection),28,MOTOR VEHICLE RAN OFF ROAD - HIT FIXED OBJECT,,0,Clear,Dry,Dark - Street Lights On,,4169028.0,,50,Fixed object,0,0,N
2804,1,-122.3046833,47.58690986,3240,16666,16666,3671973,Matched,Intersection,31533.0,RAINIER AVE S AND S GRAND ST, ,,1,Property Damage Only Collision,Angles,2,0,0,2,2013/04/08 00:00:00+00,4/8/2013 7:44:00 AM,At Intersection (intersection related),11,"MOTOR VEHICLE STRUCK MOTOR VEHICLE, FRONT END AT ANGLE",,N,Overcast,Wet,Daylight,,,,10,Entering at angle,0,0,N
2805,1,-122.3347703,47.60728193,3241,16930,16930,1795401,Matched,Block,,SENECA ST BETWEEN 3RD AVE AND 4TH AVE,,,1,Property Damage Only Collision,Parked Car,2,0,0,2,2004/10/22 00:00:00+00,10/22/2004 5:30:00 PM,Mid-Block (not related to intersection),14,"MOTOR VEHICLE STRUCK MOTOR VEHICLE, REAR END",,0,Clear,Dry,Daylight,,4296042.0,,32,One parked--one moving,0,0,N
2806,1,-122.32573980000001,47.68005857,3242,235900,236340,3787373,Matched,Block,,EAST GREEN LAKE DR N BETWEEN NE RAVENNA EB BV AND NE 72ND ST, ,,1,Property Damage Only Collision,Parked Car,2,0,0,2,2017/02/24 00:00:00+00,2/24/2017 2:47:00 PM,Mid-Block (not related to intersection),11,"MOTOR VEHICLE STRUCK MOTOR VEHICLE, FRONT END AT ANGLE",,N,Clear,Dry,Daylight,,,,20,One car leaving parked position,0,0,N
2807,1,-122.3516219,47.72140813,3244,16867,16867,3504323,Matched,Intersection,35835.0,EVANSTON AVE N AND N 127TH ST, ,,1,Property Damage Only Collision,Angles,2,0,0,2,2013/04/13 00:00:00+00,4/13/2013 9:08:00 PM,At Intersection (intersection related),11,"MOTOR VEHICLE STRUCK MOTOR VEHICLE, FRONT END AT ANGLE",,N,Overcast,Wet,Dark - Street Lights On,,,,10,Entering at angle,0,0,N
2808,2,-122.35742350000001,47.64965732,3246,17456,17456,1482687,Matched,Block,,NICKERSON ST BETWEEN QUEEN ANNE AVE N AND CREMONA ST,,,2,Injury Collision,Other,2,0,0,2,2004/10/15 00:00:00+00,10/15/2004 6:10:00 AM,Driveway Junction,11,"MOTOR VEHICLE STRUCK MOTOR VEHICLE, FRONT END AT ANGLE",,0,Overcast,Dry,Dark - Street Lights On,,4289023.0,,22,One car leaving driveway access,0,0,N
2809,2,-122.35554669999999,47.72323367,3247,17561,17561,1774058,Matched,Intersection,35821.0,GREENWOOD AVE N AND N 130TH ST,,,2,Injury Collision,Angles,6,0,0,2,2004/03/17 00:00:00+00,3/17/2004 9:00:00 PM,At Intersection (intersection related),11,"MOTOR VEHICLE STRUCK MOTOR VEHICLE, FRONT END AT ANGLE",,1,Clear,Dry,Dark - Street Lights On,,4077015.0,Y,10,Entering at angle,0,0,N
2810,2,-122.34188219999999,47.61767496,3248,302000,303220,E835702,Matched,Block,,7TH AVE BETWEEN BELL ST AND DEXTER AVE, ,,2,Injury Collision,Cycles,2,0,1,1,2018/09/04 00:00:00+00,9/4/2018 4:06:00 PM,Mid-Block (not related to intersection),11,"MOTOR VEHICLE STRUCK MOTOR VEHICLE, FRONT END AT ANGLE",,N,Clear,Dry,Daylight,,,,5,Vehicle Strikes Pedalcyclist,0,0,N
2811,2,-122.3421814,47.54035298,3249,16758,16758,2824993,Matched,Intersection,34082.0,HIGHLAND PARK WAY SW AND WEST MARGINAL WAY SW, ,,2,Injury Collision,Angles,3,0,0,3,2013/04/10 00:00:00+00,4/10/2013 9:03:00 AM,At Intersection (intersection related),11,"MOTOR VEHICLE STRUCK MOTOR VEHICLE, FRONT END AT ANGLE",,N,Raining,Wet,Daylight,,,,10,Entering at angle,0,0,N
2812,1,-122.32079979999999,47.73402776,3251,329000,330500,E984739,Matched,Intersection,35862.0,NE 145TH ST AND 8TH AVE NE, ,,1,Property Damage Only Collision,Left Turn,2,0,0,2,2019/11/21 00:00:00+00,11/21/2019 10:55:00 AM,At Intersection (intersection related),11,"MOTOR VEHICLE STRUCK MOTOR VEHICLE, FRONT END AT ANGLE",,N,Clear,Dry,Daylight,,,,28,From opposite direction - one left turn - one straight,0,0,N
2813,1,-122.3854551,47.56287464,3252,17638,17638,1795351,Matched,Intersection,31905.0,42ND AVE SW AND SW OREGON ST,,,1,Property Damage Only Collision,Left Turn,4,0,0,3,2004/10/17 00:00:00+00,10/17/2004 12:54:00 PM,At Intersection (intersection related),11,"MOTOR VEHICLE STRUCK MOTOR VEHICLE, FRONT END AT ANGLE",,0,Raining,Wet,Daylight,,4291026.0,,28,From opposite direction - one left turn - one straight,0,0,N
2814,1,-122.32209990000001,47.64826734,3254,17691,17691,1772430,Matched,Block,,HARVARD AVE E BETWEEN E GWINN PL AND E ALLISON ST,,,1,Property Damage Only Collision,Rear Ended,3,0,0,2,2004/09/23 00:00:00+00,9/23/2004 12:05:00 AM,Mid-Block (not related to intersection),14,"MOTOR VEHICLE STRUCK MOTOR VEHICLE, REAR END",,0,Clear,Dry,Dark - Street Lights On,,4267004.0,,14,From same direction - both going straight - one stopped - rear-end,0,0,N
2815,1,-122.2809217,47.53705051,3255,17032,17032,1793569,Matched,Block,,S OTHELLO ST BETWEEN M L KING JR ER WAY S AND 42ND AVE S,,,1,Property Damage Only Collision,Rear Ended,2,0,0,2,2004/10/26 00:00:00+00,10/26/2004 3:40:00 PM,Mid-Block (not related to intersection),14,"MOTOR VEHICLE STRUCK MOTOR VEHICLE, REAR END",,0,Clear,Dry,Daylight,,4300022.0,,14,From same direction - both going straight - one stopped - rear-end,0,0,N
2816,1,-122.33508700000002,47.70049597,3257,253000,253600,3746687,Matched,Block,,COLLEGE WAY N BETWEEN N 97TH ST AND N 100TH ST, ,,1,Property Damage Only Collision,Rear Ended,3,0,0,2,2017/11/09 00:00:00+00,11/9/2017 10:02:00 AM,Mid-Block (not related to intersection),14,"MOTOR VEHICLE STRUCK MOTOR VEHICLE, REAR END",,N,Raining,Wet,Daylight,,,,14,From same direction - both going straight - one stopped - rear-end,0,0,N
2817,1,,,3258,17063,17063,1321682,Matched,Block,,BATTERY ST TUNNEL NB BETWEEN ALASKAN WY VI NB AND AURORA AVE N,,,1,Property Damage Only Collision,Other,1,0,0,1,2004/06/18 00:00:00+00,6/18/2004 2:18:00 AM,Mid-Block (not related to intersection),26,MOTOR VEHICLE STRUCK OBJECT IN ROAD,,1,Raining,Wet,Dark - Street Lights On,,4170001.0,Y,50,Fixed object,0,0,N
2818,1,-122.30056950000001,47.57261158,3259,198400,198540,3736279,Matched,Block,,25TH AVE S BETWEEN S HINDS ST AND S SPOKANE ST,NEI,"Not Enough Information, or Insufficient Location Information",1,Property Damage Only Collision,Parked Car,2,0,0,2,2015/07/19 00:00:00+00,7/19/2015 5:00:00 PM,,0,NOT ENOUGH INFORMATION / NOT APPLICABLE,,N,Clear,Dry,Unknown,,,,32,One parked--one moving,0,0,N
2819,2,-122.344004,47.73412929,3260,17477,17477,1762909,Matched,Intersection,35702.0,MIDVALE AVE N AND N 145TH ST,,,2,Injury Collision,Other,4,0,0,2,2004/12/30 00:00:00+00,12/30/2004 1:17:00 PM,At Intersection (intersection related),11,"MOTOR VEHICLE STRUCK MOTOR VEHICLE, FRONT END AT ANGLE",,0,Raining,Wet,Daylight,,4365035.0,,21,One car entering driveway access,0,0,N
2820,1,-122.3396675,47.57132832,3261,17922,17922,1790823,Matched,Intersection,32162.0,EAST MARGINAL WAY S AND S SPOKANE SR ST,,,1,Property Damage Only Collision,Right Turn,2,0,0,2,2004/12/08 00:00:00+00,12/8/2004,At Intersection (intersection related),11,"MOTOR VEHICLE STRUCK MOTOR VEHICLE, FRONT END AT ANGLE",,0,Raining,Wet,Daylight,,4343011.0,,16,From same direction - one right turn - one straight,0,0,N