,SEVERITYCODE,X,Y,OBJECTID,INCKEY,COLDETKEY,REPORTNO,STATUS,ADDRTYPE,INTKEY,LOCATION,EXCEPTRSNCODE,EXCEPTRSNDESC,SEVERITYCODE.1,SEVERITYDESC,COLLISIONTYPE,PERSONCOUNT,PEDCOUNT,PEDCYLCOUNT,VEHCOUNT,INCDATE,INCDTTM,JUNCTIONTYPE,SDOT_COLCODE,SDOT_COLDESC,INATTENTIONIND,UNDERINFL,WEATHER,ROADCOND,LIGHTCOND,PEDROWNOTGRNT,SDOTCOLNUM,SPEEDING,ST_COLCODE,ST_COLDESC,SEGLANEKEY,CROSSWALKKEY,HITPARKEDCAR
2821,2,-122.3017939,47.63871354,3262,17289,17289,C649718,Matched,Intersection,28370.0,24TH AVE E AND E BOSTON ST,,,2,Injury Collision,Rear Ended,2,0,0,2,2004/12/04 00:00:00+00,12/4/2004,At Intersection (intersection related),14,"MOTOR VEHICLE STRUCK MOTOR VEHICLE, REAR END",,0,Overcast,Wet,Daylight,,4339077.0,,14,From same direction - both going straight - one stopped - rear-end,0,0,N
2822,2,-122.29302040000002,47.56009254,3263,16764,16764,3672333,Matched,Block,,M L KING JR WR WAY S BETWEEN S ALASKA ST AND S ANGELINE ST, ,,2,Injury Collision,Rear Ended,4,0,0,2,2013/04/11 00:00:00+00,4/11/2013 3:04:00 PM,Mid-Block (not related to intersection),14,"MOTOR VEHICLE STRUCK MOTOR VEHICLE, REAR END",Y,N,Clear,Dry,Daylight,,,,14,From same direction - both going straight - one stopped - rear-end,0,0,N
2823,1,-122.38945770000001,47.59406406,3264,17110,17110,1798554,Matched,Block,,ALKI AVE SW BETWEEN SW RHODE ISLAND ST AND SW JERSEY ST,,,1,Property Damage Only Collision,Parked Car,2,0,0,2,2004/07/16 00:00:00+00,7/16/2004 2:34:00 PM,Mid-Block (not related to intersection),14,"MOTOR VEHICLE STRUCK MOTOR VEHICLE, REAR END",,0,Clear,Dry,Daylight,,4198034.0,,32,One parked--one moving,0,0,N
2824,1,-122.33179809999999,47.60655275,3265,17746,17746,1776200,Matched,Intersection,29948.0,5TH AVE AND MADISON ST,,,1,Property Damage Only Collision,Angles,3,0,0,2,2004/10/02 00:00:00+00,10/2/2004,At Intersection (intersection related),11,"MOTOR VEHICLE STRUCK MOTOR VEHICLE, FRONT END AT ANGLE",,0,Clear,Dry,Daylight,,4276026.0,,10,Entering at angle,0,0,N
2825,1,-122.32635549999999,47.60045148,3268,17190,17190,664811,Matched,Block,,6TH AVE S BETWEEN S WASHINGTON ST AND S MAIN ST,,,1,Property Damage Only Collision,Rear Ended,0,0,0,2,2004/08/06 00:00:00+00,8/6/2004,Mid-Block (but intersection related),14,"MOTOR VEHICLE STRUCK MOTOR VEHICLE, REAR END",,0,Raining,Wet,Daylight,,4219010.0,,14,From same direction - both going straight - one stopped - rear-end,0,0,N
2826,1,-122.3232392,47.5470245,3269,16584,16584,3617429,Matched,Block,,S MICHIGAN ST BETWEEN 7TH AVE S AND CORSON AVE S, ,,1,Property Damage Only Collision,Head On,2,0,0,2,2013/04/05 00:00:00+00,4/5/2013 1:32:00 PM,Mid-Block (not related to intersection),14,"MOTOR VEHICLE STRUCK MOTOR VEHICLE, REAR END",,N,Overcast,Dry,Daylight,,,,30,From opposite direction - all others,0,0,N
2827,2,-122.3893064,47.5793322,3270,16948,16948,1210673,Matched,Intersection,31165.0,45TH AVE SW AND SW LANDER ST,,,2,Injury Collision,Angles,2,0,0,2,2004/01/12 00:00:00+00,1/12/2004 5:44:00 PM,At Intersection (intersection related),11,"MOTOR VEHICLE STRUCK MOTOR VEHICLE, FRONT END AT ANGLE",,0,Raining,Wet,Dark - Street Lights On,,4012005.0,,10,Entering at angle,0,0,N
2828,1,-122.34696869999999,47.61856847,3271,16726,16726,3548990,Matched,Block,,DENNY WAY BETWEEN 5TH AVE AND TAYLOR AVE N, ,,1,Property Damage Only Collision,Sideswipe,3,0,0,3,2013/04/08 00:00:00+00,4/8/2013 7:44:00 AM,Mid-Block (but intersection related),14,"MOTOR VEHICLE STRUCK MOTOR VEHICLE, REAR END",,N,Clear,Dry,Daylight,,,,12,From same direction - both going straight - one stopped - sideswipe,0,0,N
2829,1,-122.3189581,47.69584206,3272,16918,16918,1780512,Matched,Block,,NE 92ND ST BETWEEN 8TH AVE NE AND ROOSEVELT WAY NE,,,1,Property Damage Only Collision,Parked Car,2,0,0,2,2004/04/25 00:00:00+00,4/25/2004 5:00:00 AM,Mid-Block (not related to intersection),16,"MOTOR VEHICLE STRUCK MOTOR VEHICLE, LEFT SIDE SIDESWIPE",,0,Unknown,Unknown,Unknown,,4116048.0,,32,One parked--one moving,0,0,N
2830,1,-122.318868,47.61875416,3273,17141,17141,1472946,Matched,Block,,E DENNY WAY BETWEEN 10TH AVE E AND 11TH AVE,,,1,Property Damage Only Collision,Parked Car,2,0,0,2,2004/07/05 00:00:00+00,7/5/2004,Mid-Block (not related to intersection),11,"MOTOR VEHICLE STRUCK MOTOR VEHICLE, FRONT END AT ANGLE",,0,Unknown,Unknown,Unknown,,4187027.0,,32,One parked--one moving,0,0,N
2831,2,-122.3168821,47.61701503,3274,17677,17677,1772379,Matched,Block,,12TH AVE BETWEEN E OLIVE ST AND E HOWELL ST,,,2,Injury Collision,Parked Car,2,0,0,2,2004/05/01 00:00:00+00,5/1/2004,Mid-Block (not related to intersection),26,MOTOR VEHICLE STRUCK OBJECT IN ROAD,,0,Clear,Dry,Daylight,,4122026.0,,32,One parked--one moving,0,0,N
2832,2,-122.3417986,47.68549854,3275,16883,16883,3608802,Matched,Intersection,24240.0,STONE AVE N AND N 78TH ST, ,,2,Injury Collision,Angles,2,0,0,2,2013/04/13 00:00:00+00,4/13/2013 6:32:00 PM,At Intersection (intersection related),14,"MOTOR VEHICLE STRUCK MOTOR VEHICLE, REAR END",,N,Raining,Wet,Daylight,,,,10,Entering at angle,0,0,N
2833,1,-122.30765670000001,47.60167609,3276,17127,17127,1798831,Matched,Intersection,30729.0,19TH AVE AND E YESLER WAY,,,1,Property Damage Only Collision,Left Turn,2,0,0,2,2004/09/25 00:00:00+00,9/25/2004 11:18:00 AM,At Intersection (intersection related),11,"MOTOR VEHICLE STRUCK MOTOR VEHICLE, FRONT END AT ANGLE",,0,Clear,Dry,Daylight,,4269032.0,,28,From opposite direction - one left turn - one straight,0,0,N
2834,1,-122.3631232,47.56199176,3277,196200,196300,3695133,Matched,Block,,DELRIDGE WAY SW BETWEEN SW OREGON ST AND SW ALASKA ST, ,,1,Property Damage Only Collision,Parked Car,3,0,0,2,2015/06/27 00:00:00+00,6/27/2015 1:57:00 AM,Mid-Block (not related to intersection),13,"MOTOR VEHICLE STRUCK MOTOR VEHICLE, LEFT SIDE AT ANGLE",,N,Clear,Dry,Dark - Street Lights On,,,,32,One parked--one moving,0,0,Y
2835,1,-122.32752450000001,47.60439327,3278,17624,17624,1790011,Matched,Block,,JAMES ST BETWEEN 6TH AVE AND 7TH AVE,,,1,Property Damage Only Collision,Angles,2,0,0,2,2004/11/26 00:00:00+00,11/26/2004 10:45:00 PM,Mid-Block (but intersection related),11,"MOTOR VEHICLE STRUCK MOTOR VEHICLE, FRONT END AT ANGLE",,0,Raining,Wet,Dark - Street Lights On,,4331012.0,Y,10,Entering at angle,0,0,N
2836,1,-122.3122111,47.57929088,3280,16531,16531,3545997,Matched,Block,,BEACON AVE S BETWEEN S LANDER ST AND 16TH AVE S, ,,1,Property Damage Only Collision,Rear Ended,3,0,0,3,2013/04/05 00:00:00+00,4/5/2013 8:09:00 AM,Mid-Block (not related to intersection),14,"MOTOR VEHICLE STRUCK MOTOR VEHICLE, REAR END",Y,N,Overcast,Wet,Daylight,,,,14,From same direction - both going straight - one stopped - rear-end,0,0,N
2837,1,-122.3239119,47.67756433,3281,16451,16451,3501511,Matched,Intersection,24594.0,NE 68TH ST AND NE RAVENNA EB BV, ,,1,Property Damage Only Collision,Angles,2,0,0,2,2013/04/04 00:00:00+00,4/4/2013 11:16:00 AM,At Intersection (intersection related),11,"MOTOR VEHICLE STRUCK MOTOR VEHICLE, FRONT END AT ANGLE",,N,Raining,Wet,Daylight,,,,10,Entering at angle,0,0,N
2838,1,-122.34464569999999,47.70097596,3282,17241,17241,1317772,Matched,Block,,AURORA AVE N BETWEEN N 98TH ST AND N 100TH ST,,,1,Property Damage Only Collision,Other,2,0,0,2,2004/03/15 00:00:00+00,3/15/2004 4:29:00 PM,Driveway Junction,14,"MOTOR VEHICLE STRUCK MOTOR VEHICLE, REAR END",,0,Overcast,Dry,Daylight,,4075029.0,,22,One car leaving driveway access,0,0,N
2839,2,-122.36046,47.5282836,3283,330500,332000,EA26388,Matched,Intersection,34843.0,DELRIDGE WAY SW AND SW THISTLE ST, ,,2,Injury Collision,Left Turn,5,0,0,3,2020/01/06 00:00:00+00,1/6/2020 6:56:00 PM,At Intersection (intersection related),11,"MOTOR VEHICLE STRUCK MOTOR VEHICLE, FRONT END AT ANGLE",,N,Raining,Wet,Dark - Street Lights On,,,,28,From opposite direction - one left turn - one straight,0,0,N
2840,2,-122.3600994,47.52286134,3284,17436,17436,1789105,Matched,Intersection,34871.0,DELRIDGE WAY SW AND SW HENDERSON ST,,,2,Injury Collision,Left Turn,5,0,0,2,2004/01/13 00:00:00+00,1/13/2004 2:50:00 PM,At Intersection (intersection related),11,"MOTOR VEHICLE STRUCK MOTOR VEHICLE, FRONT END AT ANGLE",,0,Raining,Wet,Daylight,,4013039.0,,28,From opposite direction - one left turn - one straight,0,0,N
2841,1,-122.29618880000001,47.62347605,3285,16831,16831,3605990,Matched,Intersection,29253.0,28TH AVE E AND E MADISON ST, ,,1,Property Damage Only Collision,Rear Ended,2,0,0,2,2013/04/12 00:00:00+00,4/12/2013 10:56:00 PM,At Intersection (intersection related),14,"MOTOR VEHICLE STRUCK MOTOR VEHICLE, REAR END",,N,Raining,Wet,Dark - Street Lights On,,,,13,From same direction - both going straight - both moving - rear-end,0,0,N
2842,1,-122.30950759999999,47.66215991,3286,17397,17397,1797167,Matched,Block,,17TH NB AVE NE BETWEEN NE 45TH ST AND NE 47TH ST,,,1,Property Damage Only Collision,Parked Car,2,0,0,2,2004/11/02 00:00:00+00,11/2/2004,Mid-Block (not related to intersection),15,"MOTOR VEHICLE STRUCK MOTOR VEHICLE, RIGHT SIDE SIDESWIPE",,0,Overcast,Unknown,Dark - Street Lights On,,4307001.0,,32,One parked--one moving,0,0,N
2843,1,-122.3139567,47.61400479,3289,16538,16538,3559688,Matched,Block,,E MADISON ST BETWEEN 14TH AVE AND E PIKE ST, ,,1,Property Damage Only Collision,Sideswipe,2,0,0,2,2013/04/05 00:00:00+00,4/5/2013 7:30:00 PM,Mid-Block (not related to intersection),11,"MOTOR VEHICLE STRUCK MOTOR VEHICLE, FRONT END AT ANGLE",,N,Raining,Wet,Dusk,,,,11,From same direction - both going straight - both moving - sideswipe,0,0,N
2844,2,-122.2927852,47.56007559,3290,17491,17491,1784530,Matched,Block,,M L KING JR ER WAY S BETWEEN S ALASKA ST AND S ANGELINE ST,,,2,Injury Collision,Rear Ended,2,0,0,2,2004/10/28 00:00:00+00,10/28/2004 4:45:00 PM,Mid-Block (but intersection related),14,"MOTOR VEHICLE STRUCK MOTOR VEHICLE, REAR END",Y,0,Raining,Wet,Daylight,,4302004.0,,14,From same direction - both going straight - one stopped - rear-end,0,0,N
2845,1,-122.29101029999998,47.57075993,3291,16916,16916,3671747,Matched,Block,,33RD AVE S BETWEEN S SPOKANE ST AND RAINIER AVE S, ,,1,Property Damage Only Collision,Parked Car,2,0,0,2,2013/04/14 00:00:00+00,4/14/2013 4:50:00 PM,Mid-Block (not related to intersection),14,"MOTOR VEHICLE STRUCK MOTOR VEHICLE, REAR END",,N,Clear,Dry,Daylight,,,,32,One parked--one moving,0,0,N
2846,2,-122.28992290000001,47.56888238,3292,17817,17817,1771880,Matched,Block,,RAINIER AVE S BETWEEN S CHARLESTOWN ST AND S ANDOVER ST,,,2,Injury Collision,Other,2,0,0,2,2004/03/03 00:00:00+00,3/3/2004,Driveway Junction,11,"MOTOR VEHICLE STRUCK MOTOR VEHICLE, FRONT END AT ANGLE",,0,Raining,Wet,Daylight,,4063017.0,,22,One car leaving driveway access,0,0,N
2847,1,-122.2843571,47.54245955,3293,16874,16874,3671746,Matched,Block,,S HOLLY ST BETWEEN 38TH AVE S AND M L KING JR WR WAY S, ,,1,Property Damage Only Collision,Angles,2,0,0,2,2013/04/13 00:00:00+00,4/13/2013 6:38:00 PM,Mid-Block (not related to intersection),11,"MOTOR VEHICLE STRUCK MOTOR VEHICLE, FRONT END AT ANGLE",Y,N,Overcast,Wet,Daylight,,,,10,Entering at angle,0,0,N
2848,2,-122.3209367,47.62466033,3294,319700,321200,3795257,Matched,Block,,BROADWAY E BETWEEN E MERCER ST AND E ROY E ST, ,,2,Injury Collision,Sideswipe,6,0,0,3,2019/05/31 00:00:00+00,5/31/2019 9:10:00 PM,Mid-Block (not related to intersection),11,"MOTOR VEHICLE STRUCK MOTOR VEHICLE, FRONT END AT ANGLE",Y,N,Clear,Dry,Dusk,,,,26,From opposite direction - both going straight - sideswipe,0,0,N
2849,1,-122.3124575,47.66944401,3295,17903,17903,1780968,Matched,Block,,NE 56TH ST BETWEEN UNIVERSITY WAY NE AND 15TH AVE NE,,,1,Property Damage Only Collision,Parked Car,2,0,0,2,2004/01/13 00:00:00+00,1/13/2004 9:30:00 AM,Mid-Block (not related to intersection),11,"MOTOR VEHICLE STRUCK MOTOR VEHICLE, FRONT END AT ANGLE",,0,Unknown,Unknown,Unknown,,4013025.0,,32,One parked--one moving,0,0,N
2850,1,-122.31964109999998,47.59876597,3296,324500,326000,E968671,Matched,Block,,10TH AVE S BETWEEN S JACKSON ST AND S KING ST, ,,1,Property Damage Only Collision,Parked Car,2,0,0,2,2019/10/03 00:00:00+00,10/3/2019 10:17:00 AM,Mid-Block (not related to intersection),11,"MOTOR VEHICLE STRUCK MOTOR VEHICLE, FRONT END AT ANGLE",,N,Clear,Dry,Daylight,,,,20,One car leaving parked position,0,0,N
2851,2,-122.3342037,47.62613482,3297,16753,16753,3562740,Matched,Block,,FAIRVIEW AVE N BETWEEN VALLEY UPPER ST AND FAIRVIEW PL N, ,,2,Injury Collision,Other,2,0,0,2,2013/04/10 00:00:00+00,4/10/2013 3:49:00 PM,Mid-Block (not related to intersection),11,"MOTOR VEHICLE STRUCK MOTOR VEHICLE, FRONT END AT ANGLE",,N,Clear,Dry,Daylight,,,,23,From same direction - all others,0,0,N
2852,1,-122.31572279999999,47.62196013,3298,17385,17385,1198429,Matched,Intersection,29029.0,13TH AVE E AND E HARRISON ST,,,1,Property Damage Only Collision,Angles,2,0,0,2,2004/11/22 00:00:00+00,11/22/2004 12:51:00 PM,At Intersection (intersection related),11,"MOTOR VEHICLE STRUCK MOTOR VEHICLE, FRONT END AT ANGLE",,0,Clear,Dry,Daylight,,4327032.0,,10,Entering at angle,0,0,N
2853,2,-122.26817209999999,47.56285512,3299,330300,331800,EA25882,Matched,Intersection,35573.0,LAKE WASHINGTON BLVD S AND S GENESEE WAY, ,,2,Injury Collision,Rear Ended,3,0,0,2,2020/03/20 00:00:00+00,3/20/2020 6:18:00 PM,At Intersection (intersection related),14,"MOTOR VEHICLE STRUCK MOTOR VEHICLE, REAR END",,N,Clear,Dry,Daylight,,,,13,From same direction - both going straight - both moving - rear-end,0,0,N
2854,1,-122.3072952,47.62381477,3300,17282,17282,1216764,Matched,Block,,19TH AVE E BETWEEN E REPUBLICAN ST AND E MERCER ST,,,1,Property Damage Only Collision,Parked Car,2,0,0,2,2004/07/16 00:00:00+00,7/16/2004 10:08:00 AM,Mid-Block (not related to intersection),16,"MOTOR VEHICLE STRUCK MOTOR VEHICLE, LEFT SIDE SIDESWIPE",,0,Clear,Dry,Daylight,,4198032.0,,32,One parked--one moving,0,0,N
2855,1,-122.37343100000001,47.69062367,3301,17697,17697,1782492,Matched,Block,,NW 85TH ST BETWEEN 13TH AVE NW AND 14TH AVE NW,,,1,Property Damage Only Collision,Angles,2,0,0,2,2004/04/05 00:00:00+00,4/5/2004,Driveway Junction,11,"MOTOR VEHICLE STRUCK MOTOR VEHICLE, FRONT END AT ANGLE",,0,Clear,Dry,Daylight,,4096023.0,,10,Entering at angle,0,0,N
2856,2,-122.3286131,47.7077206,3302,17172,17172,1782227,Matched,Block,,1ST AVE NE BETWEEN I5 NB 1ST AV NE OFF RP AND NE NORTHGATE WAY,,,2,Injury Collision,Rear Ended,6,0,0,3,2004/03/27 00:00:00+00,3/27/2004 2:48:00 PM,Mid-Block (but intersection related),14,"MOTOR VEHICLE STRUCK MOTOR VEHICLE, REAR END",,0,Overcast,Dry,Daylight,,4087020.0,,14,From same direction - both going straight - one stopped - rear-end,0,0,N
2857,2,-122.33371869999999,47.66503572,3303,16976,16976,1080027,Matched,Intersection,25525.0,MERIDIAN AVE N AND N 50TH ST,,,2,Injury Collision,Angles,3,0,0,2,2004/06/29 00:00:00+00,6/29/2004 7:14:00 AM,At Intersection (intersection related),11,"MOTOR VEHICLE STRUCK MOTOR VEHICLE, FRONT END AT ANGLE",,0,Clear,Dry,Daylight,,4181031.0,,10,Entering at angle,0,0,N
2858,1,-122.31964779999998,47.61294151,3304,16505,16505,3329793,Matched,Block,,E UNION ST BETWEEN BROADWAY CT AND 10TH AVE, ,,1,Property Damage Only Collision,Sideswipe,2,0,0,2,2013/04/05 00:00:00+00,4/5/2013 10:50:00 PM,Mid-Block (not related to intersection),14,"MOTOR VEHICLE STRUCK MOTOR VEHICLE, REAR END",,N,Raining,Wet,Dark - Street Lights On,,,,11,From same direction - both going straight - both moving - sideswipe,0,0,N
2859,1,-122.3255547,47.66934671,3305,16924,16924,1779738,Matched,Intersection,25846.0,LATONA AVE NE AND NE 56TH ST,,,1,Property Damage Only Collision,Angles,2,0,0,2,2004/05/17 00:00:00+00,5/17/2004 6:17:00 PM,At Intersection (intersection related),11,"MOTOR VEHICLE STRUCK MOTOR VEHICLE, FRONT END AT ANGLE",,0,Clear,Dry,Daylight,,4138018.0,,10,Entering at angle,0,0,N
2860,1,-122.38244740000002,47.58811716,3306,236200,236640,3744680,Matched,Block,,SW MASSACHUSETTS ST BETWEEN ARCH AVE SW AND FERRY AVE SW, ,,1,Property Damage Only Collision,Parked Car,2,0,0,2,2017/02/16 00:00:00+00,2/16/2017 3:30:00 PM,Mid-Block (not related to intersection),12,"MOTOR VEHICLE STRUCK MOTOR VEHICLE, RIGHT SIDE AT ANGLE",,N,Overcast,Dry,Daylight,,,,32,One parked--one moving,0,0,Y
2861,2,-122.36545929999998,47.56472543,3308,17158,17158,1789439,Matched,Intersection,32061.0,26TH AVE SW AND SW GENESEE ST,,,2,Injury Collision,Pedestrian,2,1,0,1,2004/11/22 00:00:00+00,11/22/2004 7:12:00 AM,At Intersection (intersection related),24,MOTOR VEHCILE STRUCK PEDESTRIAN,,0,Overcast,Dry,Dawn,Y,4327033.0,,2,Vehicle turning left hits pedestrian,0,0,N
2862,2,-122.34694329999999,47.64225512,3309,16460,16460,3506128,Matched,Intersection,28085.0,AURORA AVE N AND HALLADAY ST, ,,2,Injury Collision,Rear Ended,4,0,0,2,2013/04/04 00:00:00+00,4/4/2013 4:20:00 PM,At Intersection (intersection related),14,"MOTOR VEHICLE STRUCK MOTOR VEHICLE, REAR END",Y,N,Raining,Wet,Daylight,,,,74,Same direction -- both turning right -- one stopped -- rear end,0,0,N
2863,1,-122.34976640000001,47.73231424,3310,17458,17458,1211447,Matched,Block,,N 143RD ST BETWEEN EVANSTON AVE N AND LINDEN AVE N,,,1,Property Damage Only Collision,Parked Car,2,0,0,2,2004/02/20 00:00:00+00,2/20/2004 9:12:00 PM,Mid-Block (but intersection related),14,"MOTOR VEHICLE STRUCK MOTOR VEHICLE, REAR END",Y,1,Clear,Dry,Dark - Street Lights On,,4051014.0,,32,One parked--one moving,0,0,N
2864,2,-122.34803909999998,47.61779536,3311,17856,17856,1777432,Matched,Intersection,29654.0,4TH AVE AND CEDAR ST,,,2,Injury Collision,Angles,3,0,0,2,2004/04/18 00:00:00+00,4/18/2004 10:26:00 AM,At Intersection (intersection related),11,"MOTOR VEHICLE STRUCK MOTOR VEHICLE, FRONT END AT ANGLE",,0,Clear,Dry,Daylight,,4109016.0,,10,Entering at angle,0,0,N
2865,2,-122.34448870000001,47.63758771,3312,302400,303638,3703917,Matched,Block,,AURORA AVE N BETWEEN HOWE ST AND LYNN ST, ,,2,Injury Collision,Other,1,0,0,1,2018/09/09 00:00:00+00,9/9/2018 11:42:00 PM,Mid-Block (not related to intersection),28,MOTOR VEHICLE RAN OFF ROAD - HIT FIXED OBJECT,,N,Raining,Wet,Dark - Street Lights On,,,Y,50,Fixed object,0,0,N
2866,1,-122.3629537,47.55448438,3313,313300,314740,3742602,Matched,Block,,DELRIDGE WAY SW BETWEEN PUGET BLVD SW AND SW BRANDON ST, ,,1,Property Damage Only Collision,Angles,3,0,0,2,2019/02/08 00:00:00+00,2/8/2019 6:36:00 AM,,11,"MOTOR VEHICLE STRUCK MOTOR VEHICLE, FRONT END AT ANGLE",,N,Clear,Dry,Dark - Street Lights On,,,,10,Entering at angle,0,0,N
2867,2,-122.3471621,47.61375831,3314,17229,17229,1182023,Matched,Block,,1ST AVE BETWEEN BELL ST AND BATTERY ST,,,2,Injury Collision,Other,6,0,0,2,2004/02/18 00:00:00+00,2/18/2004 10:45:00 PM,Mid-Block (not related to intersection),11,"MOTOR VEHICLE STRUCK MOTOR VEHICLE, FRONT END AT ANGLE",,0,Overcast,Dry,Dark - Street Lights On,,4049014.0,,23,From same direction - all others,0,0,N
2868,1,-122.34974740000001,47.64958973,3315,16738,16738,3645775,Matched,Intersection,27039.0,FREMONT AVE N AND N 34TH ST,NEI,"Not Enough Information, or Insufficient Location Information",1,Property Damage Only Collision,Parked Car,2,0,0,2,2013/04/10 00:00:00+00,4/10/2013 1:00:00 PM,At Intersection (intersection related),0,NOT ENOUGH INFORMATION / NOT APPLICABLE,,N,Clear,Dry,Daylight,,,,32,One parked--one moving,0,0,N
2869,1,-122.32031140000001,47.6594615,3316,16861,16861,3613510,Matched,Block,,NE 43RD ST BETWEEN 7TH AVE NE AND 8TH AVE NE, ,,1,Property Damage Only Collision,Parked Car,2,0,0,2,2013/04/12 00:00:00+00,4/12/2013 10:23:00 PM,Mid-Block (not related to intersection),14,"MOTOR VEHICLE STRUCK MOTOR VEHICLE, REAR END",,N,Raining,Wet,Dark - Street Lights On,,,,32,One parked--one moving,0,0,N
2870,2,-122.2713549,47.52613085,3317,17690,17690,1787792,Matched,Intersection,35248.0,50TH AVE S AND S CLOVERDALE ST,,,2,Injury Collision,Angles,3,0,0,2,2004/01/25 00:00:00+00,1/25/2004 9:11:00 AM,At Intersection (intersection related),11,"MOTOR VEHICLE STRUCK MOTOR VEHICLE, FRONT END AT ANGLE",Y,0,Clear,Dry,Daylight,,4025005.0,,10,Entering at angle,0,0,N
2871,2,-122.33734799999999,47.52047166,3318,253800,254440,E734746,Matched,Block,,OLSON PL SW BETWEEN 2ND AVE SW AND 3RD AVE SW, ,,2,Injury Collision,Head On,4,0,0,2,2017/11/05 00:00:00+00,11/5/2017 10:25:00 AM,Mid-Block (not related to intersection),11,"MOTOR VEHICLE STRUCK MOTOR VEHICLE, FRONT END AT ANGLE",Y,N,Raining,Wet,Daylight,,,,30,From opposite direction - all others,0,0,N
2872,1,-122.3045906,47.64824143,3319,16988,16988,1634940,Matched,Block,,MONTLAKE BR BETWEEN POINT A AND NE PACIFIC ST,,,1,Property Damage Only Collision,Rear Ended,5,0,0,2,2004/03/24 00:00:00+00,3/24/2004 11:58:00 AM,Mid-Block (not related to intersection),14,"MOTOR VEHICLE STRUCK MOTOR VEHICLE, REAR END",,0,Raining,Wet,Daylight,,4084036.0,,14,From same direction - both going straight - one stopped - rear-end,0,0,N
2873,1,-122.307336,47.73297973,3320,260100,260780,E747132,Matched,Block,,20TH AVE NE BETWEEN NE 143RD ST AND NE 145TH ST,NEI,"Not Enough Information, or Insufficient Location Information",1,Property Damage Only Collision,Parked Car,2,0,0,2,2017/12/14 00:00:00+00,12/14/2017 3:00:00 AM,,0,NOT ENOUGH INFORMATION / NOT APPLICABLE,,N,Unknown,Unknown,Unknown,,,,32,One parked--one moving,0,0,N
2874,2,-122.3528437,47.52101768,3321,17915,17915,1482012,Matched,Intersection,35044.0,14TH AVE SW AND SW BARTON ST,,,2,Injury Collision,Angles,3,0,0,2,2004/02/03 00:00:00+00,2/3/2004,At Intersection (intersection related),11,"MOTOR VEHICLE STRUCK MOTOR VEHICLE, FRONT END AT ANGLE",,0,Overcast,Dry,Daylight,,4034018.0,Y,10,Entering at angle,0,0,N
2875,2,-122.3781598,47.573130799999994,3322,17662,17662,1790690,Matched,Intersection,31834.0,37TH AVE SW AND SW HINDS ST,,,2,Injury Collision,Angles,3,0,0,2,2004/10/30 00:00:00+00,10/30/2004 9:50:00 AM,At Intersection (intersection related),11,"MOTOR VEHICLE STRUCK MOTOR VEHICLE, FRONT END AT ANGLE",,0,Clear,Dry,Daylight,,4304035.0,,10,Entering at angle,0,0,N
2876,1,-122.3659723,47.66024832,3323,326100,327600,3812754,Matched,Block,,LEARY WAY NW BETWEEN NW BRIGHT ST AND 8TH AVE NW, ,,1,Property Damage Only Collision,Rear Ended,2,0,0,2,2019/11/15 00:00:00+00,11/15/2019 9:37:00 PM,Mid-Block (not related to intersection),14,"MOTOR VEHICLE STRUCK MOTOR VEHICLE, REAR END",,Y,Clear,Dry,Dark - Street Lights On,,,,14,From same direction - both going straight - one stopped - rear-end,0,0,N
2877,1,-122.3466941,47.6422552,3324,318200,319700,E913803,Matched,Block,,HALLADAY ST BETWEEN AURORA AVE N AND BIRCH AVE N, ,,1,Property Damage Only Collision,Right Turn,2,0,0,2,2019/04/22 00:00:00+00,4/22/2019 8:40:00 AM,Mid-Block (but intersection related),14,"MOTOR VEHICLE STRUCK MOTOR VEHICLE, REAR END",Y,N,Clear,Dry,Daylight,,,,16,From same direction - one right turn - one straight,0,0,N
2878,1,-122.37749850000002,47.64846703,3326,17601,17601,1777341,Matched,Intersection,26470.0,16TH AVE W AND W DRAVUS ST,,,1,Property Damage Only Collision,Left Turn,2,0,0,2,2004/04/28 00:00:00+00,4/28/2004 2:42:00 PM,At Intersection (intersection related),11,"MOTOR VEHICLE STRUCK MOTOR VEHICLE, FRONT END AT ANGLE",,0,Clear,Dry,Daylight,,4119007.0,,28,From opposite direction - one left turn - one straight,0,0,N
2879,2,-122.32635079999999,47.60170997,3328,16468,16468,3599121,Matched,Intersection,30486.0,6TH AVE AND YESLER WAY, ,,2,Injury Collision,Left Turn,2,0,0,2,2013/04/04 00:00:00+00,4/4/2013 1:21:00 PM,At Intersection (intersection related),11,"MOTOR VEHICLE STRUCK MOTOR VEHICLE, FRONT END AT ANGLE",,N,Raining,Wet,Daylight,,,,28,From opposite direction - one left turn - one straight,0,0,N
2880,1,-122.31470459999998,47.66644437,3329,17317,17317,1329240,Matched,Block,,NE 52ND ST BETWEEN 12TH AVE NE AND BROOKLYN AVE NE,,,1,Property Damage Only Collision,Other,1,0,0,1,2004/02/10 00:00:00+00,2/10/2004 11:19:00 AM,Mid-Block (but intersection related),28,MOTOR VEHICLE RAN OFF ROAD - HIT FIXED OBJECT,,0,Clear,Dry,Daylight,,4041006.0,,50,Fixed object,0,0,N
2881,1,-122.31156740000002,47.60217944,3330,16511,16511,3476770,Matched,Block,,16TH AVE BETWEEN E YESLER WAY AND E FIR W ST, ,,1,Property Damage Only Collision,Angles,5,0,0,2,2013/04/06 00:00:00+00,4/6/2013 1:19:00 PM,Driveway Junction,11,"MOTOR VEHICLE STRUCK MOTOR VEHICLE, FRONT END AT ANGLE",,N,Raining,Wet,Daylight,,,,10,Entering at angle,0,0,N