,SEVERITYCODE,X,Y,OBJECTID,INCKEY,COLDETKEY,REPORTNO,STATUS,ADDRTYPE,INTKEY,LOCATION,EXCEPTRSNCODE,EXCEPTRSNDESC,SEVERITYCODE.1,SEVERITYDESC,COLLISIONTYPE,PERSONCOUNT,PEDCOUNT,PEDCYLCOUNT,VEHCOUNT,INCDATE,INCDTTM,JUNCTIONTYPE,SDOT_COLCODE,SDOT_COLDESC,INATTENTIONIND,UNDERINFL,WEATHER,ROADCOND,LIGHTCOND,PEDROWNOTGRNT,SDOTCOLNUM,SPEEDING,ST_COLCODE,ST_COLDESC,SEGLANEKEY,CROSSWALKKEY,HITPARKEDCAR
2882,1,-122.32031299999998,47.61135552,3333,17649,17649,1798806,Matched,Block,,E MADISON ST BETWEEN BROADWAY AND BROADWAY CT,,,1,Property Damage Only Collision,Sideswipe,2,0,0,2,2004/08/22 00:00:00+00,8/22/2004 2:43:00 AM,Mid-Block (not related to intersection),16,"MOTOR VEHICLE STRUCK MOTOR VEHICLE, LEFT SIDE SIDESWIPE",,0,Raining,Wet,Dark - Street Lights On,,4235037.0,,11,From same direction - both going straight - both moving - sideswipe,0,0,N
2883,2,-122.3609466,47.72507634,3334,17684,17684,1785152,Matched,Intersection,35618.0,3RD AVE NW AND NW 132ND ST,,,2,Injury Collision,Angles,3,0,0,2,2004/12/04 00:00:00+00,12/4/2004,At Intersection (intersection related),11,"MOTOR VEHICLE STRUCK MOTOR VEHICLE, FRONT END AT ANGLE",,0,Raining,Wet,Dark - Street Lights On,,4339041.0,,10,Entering at angle,0,0,N
2884,1,-122.2968219,47.53919549,3335,17313,17313,1776451,Matched,Block,,BEACON WR AVE S BETWEEN 28TH AVE S AND S MYRTLE ST,,,1,Property Damage Only Collision,Rear Ended,2,0,0,2,2004/01/20 00:00:00+00,1/20/2004 6:30:00 PM,Mid-Block (but intersection related),14,"MOTOR VEHICLE STRUCK MOTOR VEHICLE, REAR END",,0,Overcast,Dry,Dark - Street Lights On,,4020023.0,,14,From same direction - both going straight - one stopped - rear-end,0,0,N
2885,1,-122.3235915,47.71948581,3336,256500,257140,E741518,Matched,Intersection,36435.0,5TH AVE NE AND NE 125TH ST, ,,1,Property Damage Only Collision,Angles,3,0,0,2,2017/11/29 00:00:00+00,11/29/2017 5:24:00 PM,At Intersection (intersection related),11,"MOTOR VEHICLE STRUCK MOTOR VEHICLE, FRONT END AT ANGLE",,N,Clear,Dry,Dark - Street Lights On,,,,10,Entering at angle,0,0,N
2886,1,-122.36619099999999,47.66048198,3339,17840,17840,1781959,Matched,Intersection,26607.0,8TH AVE NW AND LEARY WAY NW,,,1,Property Damage Only Collision,Left Turn,2,0,0,2,2004/05/10 00:00:00+00,5/10/2004 2:28:00 PM,At Intersection (intersection related),11,"MOTOR VEHICLE STRUCK MOTOR VEHICLE, FRONT END AT ANGLE",,0,Raining,Wet,Daylight,,4131011.0,,28,From opposite direction - one left turn - one straight,0,0,N
2887,2,-122.3311972,47.61839084,3340,17252,17252,1214004,Matched,Block,,YALE AVE BETWEEN STEWART ST AND DENNY WAY,,,2,Injury Collision,Rear Ended,2,0,0,2,2004/06/21 00:00:00+00,6/21/2004 5:31:00 PM,Mid-Block (but intersection related),14,"MOTOR VEHICLE STRUCK MOTOR VEHICLE, REAR END",,0,Clear,Dry,Daylight,,4173008.0,,14,From same direction - both going straight - one stopped - rear-end,0,0,N
2888,1,-122.2826025,47.53978646,3341,233000,233400,3755089,Matched,Block,,M L KING JR WR WAY S BETWEEN S WILLOW ST AND S MYRTLE ST, ,,1,Property Damage Only Collision,Rear Ended,4,0,0,2,2016/12/21 00:00:00+00,12/21/2016 6:08:00 PM,Mid-Block (but intersection related),14,"MOTOR VEHICLE STRUCK MOTOR VEHICLE, REAR END",Y,N,Overcast,Dry,Dark - Street Lights On,,,,14,From same direction - both going straight - one stopped - rear-end,0,0,N
2889,2,-122.3805565,47.66299765,3342,17199,17199,1794730,Matched,Block,,SHILSHOLE AVE NW BETWEEN 17TH AVE NW AND NW DOCK PL,,,2,Injury Collision,Rear Ended,2,0,0,2,2004/11/03 00:00:00+00,11/3/2004,Mid-Block (but intersection related),14,"MOTOR VEHICLE STRUCK MOTOR VEHICLE, REAR END",,0,Clear,Dry,Daylight,,4308027.0,,14,From same direction - both going straight - one stopped - rear-end,0,0,N
2890,1,-122.3081877,47.71937352,3343,258800,259460,E745035,Matched,Block,,NE 125TH ST BETWEEN 19TH AVE NE AND 20TH AVE NE, ,,1,Property Damage Only Collision,Other,3,0,0,2,2017/12/09 00:00:00+00,12/9/2017 9:37:00 AM,Mid-Block (not related to intersection),28,MOTOR VEHICLE RAN OFF ROAD - HIT FIXED OBJECT,,N,Clear,Ice,Daylight,,,,50,Fixed object,0,0,N
2891,1,-122.3108159,47.66397982,3345,17801,17801,1783656,Matched,Block,,16TH AVE NE BETWEEN NE 47TH ST AND NE 50TH ST,,,1,Property Damage Only Collision,Parked Car,2,0,0,2,2004/08/20 00:00:00+00,8/20/2004 7:30:00 PM,Mid-Block (not related to intersection),15,"MOTOR VEHICLE STRUCK MOTOR VEHICLE, RIGHT SIDE SIDESWIPE",,0,Clear,Dry,Daylight,,4233024.0,,32,One parked--one moving,0,0,N
2892,1,-122.2999625,47.60391136,3346,17145,17145,1772178,Matched,Block,,25TH AVE BETWEEN E SPRUCE ST AND E ALDER ST,,,1,Property Damage Only Collision,Parked Car,3,0,0,2,2004/03/30 00:00:00+00,3/30/2004 2:15:00 PM,Mid-Block (but intersection related),16,"MOTOR VEHICLE STRUCK MOTOR VEHICLE, LEFT SIDE SIDESWIPE",,0,Clear,Dry,Daylight,,4090026.0,,32,One parked--one moving,0,0,N
2893,2,-122.2463885,47.499708700000006,3347,16447,16447,3672353,Matched,Block,,S 115TH ST BETWEEN 70TH PL S AND 71ST PL S, ,,2,Injury Collision,Parked Car,3,0,0,3,2013/03/28 00:00:00+00,3/28/2013 9:04:00 PM,Mid-Block (not related to intersection),14,"MOTOR VEHICLE STRUCK MOTOR VEHICLE, REAR END",,N,Clear,Dry,Dark - Street Lights On,,,,32,One parked--one moving,0,0,N
2894,1,-122.3709267,47.57103065,3349,17449,17449,1795151,Matched,Block,,ADMIRAL AVALON RP BETWEEN 30TH AVE SW AND SW AVALON WAY,,,1,Property Damage Only Collision,Other,3,0,0,2,2004/09/20 00:00:00+00,9/20/2004 10:31:00 AM,Mid-Block (but intersection related),11,"MOTOR VEHICLE STRUCK MOTOR VEHICLE, FRONT END AT ANGLE",,0,Clear,Dry,Daylight,,4264024.0,,23,From same direction - all others,0,0,N
2895,1,-122.32736100000001,47.60840868,3351,16473,16473,3548986,Matched,Intersection,29925.0,9TH AVE AND MADISON ST, ,,1,Property Damage Only Collision,Angles,4,0,0,2,2013/04/03 00:00:00+00,4/3/2013 11:20:00 AM,At Intersection (intersection related),11,"MOTOR VEHICLE STRUCK MOTOR VEHICLE, FRONT END AT ANGLE",,N,Clear,Dry,Daylight,,,,10,Entering at angle,0,0,N
2896,2,-122.34542820000001,47.51822098,3352,17049,17049,1798085,Matched,Block,,8TH AVE SW BETWEEN SW CAMBRIDGE ST AND SW ROXBURY ST,,,2,Injury Collision,Other,3,0,0,2,2004/06/27 00:00:00+00,6/27/2004 1:15:00 PM,Driveway Junction,14,"MOTOR VEHICLE STRUCK MOTOR VEHICLE, REAR END",Y,0,Clear,Dry,Daylight,,4179023.0,,21,One car entering driveway access,0,0,N
2897,1,-122.4075795,47.56537195,3353,313900,315380,3745785,Matched,Block,,BEACH DR SW BETWEEN SW DOUGLAS PL AND SW GENESEE ST, ,,1,Property Damage Only Collision,Parked Car,2,0,0,2,2019/02/21 00:00:00+00,2/21/2019 5:49:00 PM,Mid-Block (not related to intersection),11,"MOTOR VEHICLE STRUCK MOTOR VEHICLE, FRONT END AT ANGLE",,N,Clear,Dry,Dark - Street Lights On,,,Y,32,One parked--one moving,0,0,N
2898,1,-122.32075929999999,47.61067507,3354,16937,16937,1790061,Matched,Block,,BROADWAY BETWEEN MARION ST AND MADISON ST,,,1,Property Damage Only Collision,Other,3,0,0,2,2004/04/25 00:00:00+00,4/25/2004 11:59:00 PM,Mid-Block (not related to intersection),11,"MOTOR VEHICLE STRUCK MOTOR VEHICLE, FRONT END AT ANGLE",,0,Clear,Dry,Dark - Street Lights On,,4116023.0,,23,From same direction - all others,0,0,N
2899,1,,,3355,16554,16554,3644079,Unmatched,Block,,BATTERY ST TUNNEL NB BETWEEN ALASKAN WY VI NB AND AURORA AVE N, ,,1,Property Damage Only Collision,,1,0,0,0,2013/04/06 00:00:00+00,4/6/2013,Mid-Block (not related to intersection),26,MOTOR VEHICLE STRUCK OBJECT IN ROAD,,,,,,,,, ,,0,0,N
2900,1,-122.27063340000001,47.52024383,3357,17934,17934,1772945,Matched,Block,,S BARTON PL BETWEEN 50TH S AVE S AND 51ST AVE S,,,1,Property Damage Only Collision,Sideswipe,2,0,0,2,2004/10/22 00:00:00+00,10/22/2004 4:55:00 PM,Mid-Block (but intersection related),16,"MOTOR VEHICLE STRUCK MOTOR VEHICLE, LEFT SIDE SIDESWIPE",,0,Overcast,Dry,Daylight,,4296037.0,,72,Same direction -- both turning right -- one stopped -- sideswipe,0,0,N
2901,1,-122.342092,47.66420913,3358,16886,16886,3613348,Matched,Block,,STONE AVE N BETWEEN GREEN LAKE WAY N AND N 49TH ST, ,,1,Property Damage Only Collision,Parked Car,2,0,0,2,2013/04/13 00:00:00+00,4/13/2013 5:35:00 PM,Mid-Block (not related to intersection),16,"MOTOR VEHICLE STRUCK MOTOR VEHICLE, LEFT SIDE SIDESWIPE",,N,Overcast,Wet,Daylight,,,,32,One parked--one moving,0,0,N
2902,1,-122.3175712,47.59582098,3359,16852,16852,3605996,Matched,Block,,S DEARBORN ST BETWEEN DEARBORN ST OFF RP AND 13TH AVE S, ,,1,Property Damage Only Collision,Rear Ended,2,0,0,2,2013/04/13 00:00:00+00,4/13/2013 4:10:00 PM,Mid-Block (not related to intersection),14,"MOTOR VEHICLE STRUCK MOTOR VEHICLE, REAR END",,N,Raining,Wet,Daylight,,,,14,From same direction - both going straight - one stopped - rear-end,0,0,N
2903,1,-122.3762212,47.66370133,3360,233900,234300,3747582,Matched,Block,,BALLARD BR BETWEEN BALLARD BR OFF RP AND 15TH AVE NW, ,,1,Property Damage Only Collision,Sideswipe,2,0,0,2,2017/01/15 00:00:00+00,1/15/2017 3:01:00 PM,Mid-Block (not related to intersection),11,"MOTOR VEHICLE STRUCK MOTOR VEHICLE, FRONT END AT ANGLE",,N,Clear,Dry,Daylight,,,,11,From same direction - both going straight - both moving - sideswipe,0,0,N
2904,2,-122.37889320000001,47.66395682,3361,17763,17763,1317774,Matched,Intersection,25181.0,LEARY AVE NW AND NW LEARY WAY,,,2,Injury Collision,Other,3,0,0,2,2004/03/29 00:00:00+00,3/29/2004 4:11:00 PM,At Intersection (intersection related),11,"MOTOR VEHICLE STRUCK MOTOR VEHICLE, FRONT END AT ANGLE",,0,Clear,Dry,Daylight,,4089013.0,,23,From same direction - all others,0,0,N
2905,1,-122.38322050000001,47.67839153,3362,17966,17966,1205254,Matched,Block,,21ST AVE NW BETWEEN NW 67TH ST AND NW SLOOP PL,,,1,Property Damage Only Collision,Parked Car,2,0,0,2,2004/06/27 00:00:00+00,6/27/2004 7:03:00 PM,Mid-Block (not related to intersection),13,"MOTOR VEHICLE STRUCK MOTOR VEHICLE, LEFT SIDE AT ANGLE",,0,Unknown,Unknown,Unknown,,4179012.0,,32,One parked--one moving,0,0,N
2906,1,-122.3979892,47.55261312,3363,16534,16534,3553737,Matched,Block,,BEACH DR SW BETWEEN SW SHORE PL AND SW JUNEAU ST, ,,1,Property Damage Only Collision,Parked Car,0,0,0,2,2013/04/06 00:00:00+00,4/6/2013 12:35:00 AM,Mid-Block (not related to intersection),11,"MOTOR VEHICLE STRUCK MOTOR VEHICLE, FRONT END AT ANGLE",,N,Raining,Wet,Dark - Street Lights On,,,,32,One parked--one moving,0,0,N
2907,2,-122.3290487,47.59239438,3364,16597,16597,3550126,Matched,Intersection,30553.0,4TH AVE S AND S ROYAL BROUGHAM WAY, ,,2,Injury Collision,Rear Ended,5,0,0,2,2013/04/02 00:00:00+00,4/2/2013 5:55:00 PM,At Intersection (intersection related),14,"MOTOR VEHICLE STRUCK MOTOR VEHICLE, REAR END",,N,Clear,Dry,Dusk,,,,13,From same direction - both going straight - both moving - rear-end,0,0,N
2908,1,-122.33271440000001,47.60419712,3365,17365,17365,1785092,Matched,Intersection,29970.0,3RD AVE AND COLUMBIA ST,,,1,Property Damage Only Collision,Angles,2,0,0,2,2004/10/23 00:00:00+00,10/23/2004 2:25:00 PM,At Intersection (intersection related),11,"MOTOR VEHICLE STRUCK MOTOR VEHICLE, FRONT END AT ANGLE",,0,Clear,Dry,Daylight,,4297035.0,,10,Entering at angle,0,0,N
2909,2,-122.34523490000002,47.61613769,3366,330700,332200,3852282,Matched,Intersection,29672.0,4TH AVE AND BATTERY ST, ,,2,Injury Collision,Angles,2,0,0,2,2020/04/09 00:00:00+00,4/9/2020 7:35:00 PM,At Intersection (intersection related),11,"MOTOR VEHICLE STRUCK MOTOR VEHICLE, FRONT END AT ANGLE",,N,Clear,Dry,Dusk,,,,10,Entering at angle,0,0,N
2910,2,-122.3045906,47.64824143,3367,17592,17592,1780436,Matched,Block,,MONTLAKE BR BETWEEN POINT A AND NE PACIFIC ST,,,2,Injury Collision,Rear Ended,4,0,0,3,2004/05/07 00:00:00+00,5/7/2004,Mid-Block (not related to intersection),14,"MOTOR VEHICLE STRUCK MOTOR VEHICLE, REAR END",Y,0,Raining,Wet,Daylight,,4128030.0,,14,From same direction - both going straight - one stopped - rear-end,0,0,N
2911,1,-122.29740079999999,47.71561399,3368,320200,321700,E930167,Matched,Intersection,36622.0,LAKE CITY WAY NE AND NE 120TH ST, ,,1,Property Damage Only Collision,Left Turn,4,0,0,2,2019/06/12 00:00:00+00,6/12/2019 10:00:00 AM,At Intersection (intersection related),11,"MOTOR VEHICLE STRUCK MOTOR VEHICLE, FRONT END AT ANGLE",,N,Clear,Dry,Daylight,,,,28,From opposite direction - one left turn - one straight,0,0,N
2912,1,-122.32505379999999,47.59961176,3369,16901,16901,3573652,Matched,Block,,MAYNARD AVE S BETWEEN S MAIN ST AND S JACKSON ST, ,,1,Property Damage Only Collision,Parked Car,2,0,0,2,2013/04/14 00:00:00+00,4/14/2013 1:19:00 PM,Mid-Block (not related to intersection),11,"MOTOR VEHICLE STRUCK MOTOR VEHICLE, FRONT END AT ANGLE",,N,Clear,Dry,Daylight,,,,19,One car entering parked position,0,0,N
2913,2,-122.3344363,47.61561648,3371,17211,17211,1479620,Matched,Intersection,29538.0,9TH AVE AND STEWART ST,,,2,Injury Collision,Angles,3,0,0,2,2004/04/18 00:00:00+00,4/18/2004 1:14:00 AM,At Intersection (intersection related),11,"MOTOR VEHICLE STRUCK MOTOR VEHICLE, FRONT END AT ANGLE",,1,Clear,Dry,Dark - Street Lights On,,4109017.0,,10,Entering at angle,0,0,N
2914,1,-122.3761087,47.64846829,3372,306600,307880,E844764,Matched,Intersection,26774.0,15TH AV W NB OFF RP AND W DRAVUS ST, ,,1,Property Damage Only Collision,Sideswipe,2,0,0,2,2018/09/28 00:00:00+00,9/28/2018 2:45:00 PM,At Intersection (intersection related),14,"MOTOR VEHICLE STRUCK MOTOR VEHICLE, REAR END",,N,Clear,Dry,Daylight,,,,11,From same direction - both going straight - both moving - sideswipe,0,0,N
2915,2,-122.31416189999999,47.60168876,3373,16915,16915,3593850,Matched,Intersection,30408.0,14TH AVE AND E YESLER WAY, ,,2,Injury Collision,Left Turn,4,0,0,2,2013/04/13 00:00:00+00,4/13/2013 2:06:00 AM,At Intersection (intersection related),11,"MOTOR VEHICLE STRUCK MOTOR VEHICLE, FRONT END AT ANGLE",,N,Raining,Wet,Dark - Street Lights On,,,,28,From opposite direction - one left turn - one straight,0,0,N
2916,1,-122.324564,47.65552862,3374,17971,17971,1794704,Matched,Intersection,27228.0,4TH AVE NE AND NE 40TH ST,,,1,Property Damage Only Collision,Angles,2,0,0,2,2004/10/27 00:00:00+00,10/27/2004 9:52:00 AM,At Intersection (intersection related),11,"MOTOR VEHICLE STRUCK MOTOR VEHICLE, FRONT END AT ANGLE",,0,Clear,Dry,Daylight,,4301024.0,,10,Entering at angle,0,0,N
2917,1,-122.28079709999999,47.53623841,3375,17028,17028,1771617,Matched,Block,,M L KING JR ER WAY S BETWEEN S OTHELLO ST AND RENTON S AVE S,,,1,Property Damage Only Collision,Sideswipe,4,0,0,2,2004/07/04 00:00:00+00,7/4/2004,Mid-Block (but intersection related),16,"MOTOR VEHICLE STRUCK MOTOR VEHICLE, LEFT SIDE SIDESWIPE",,0,Clear,Dry,Daylight,,4186023.0,,11,From same direction - both going straight - both moving - sideswipe,0,0,N
2918,2,-122.37441729999999,47.51928889,3376,16797,16797,3380714,Matched,Block,,32ND AVE SW BETWEEN SW BARTON ST AND SW ROXBURY ST, ,,2,Injury Collision,Head On,3,0,0,2,2013/04/11 00:00:00+00,4/11/2013 2:30:00 PM,Mid-Block (not related to intersection),11,"MOTOR VEHICLE STRUCK MOTOR VEHICLE, FRONT END AT ANGLE",Y,N,Clear,Dry,Daylight,,,Y,25,From opposite direction - one stopped - head-on,0,0,N
2919,2,-122.3275165,47.579809399999995,3377,17761,17761,1316817,Matched,Intersection,31391.0,5TH AVE S AND S LANDER ST,,,2,Injury Collision,Angles,4,0,0,2,2004/01/25 00:00:00+00,1/25/2004 9:49:00 AM,At Intersection (intersection related),11,"MOTOR VEHICLE STRUCK MOTOR VEHICLE, FRONT END AT ANGLE",,0,Clear,Dry,Daylight,,4025003.0,,10,Entering at angle,0,0,N
2920,1,-122.366178,47.66865339,3378,16694,16694,3501903,Matched,Intersection,25419.0,8TH AVE NW AND NW MARKET ST, ,,1,Property Damage Only Collision,Angles,2,0,0,2,2013/04/09 00:00:00+00,4/9/2013 8:57:00 PM,At Intersection (intersection related),11,"MOTOR VEHICLE STRUCK MOTOR VEHICLE, FRONT END AT ANGLE",,N,Clear,Dry,Dark - Street Lights On,,,,10,Entering at angle,0,0,N
2921,2,-122.37676110000001,47.67682047,3379,16591,16591,3501429,Matched,Block,,15TH AVE NW BETWEEN NW 65TH ST AND NW 67TH ST, ,,2,Injury Collision,Rear Ended,4,0,0,3,2013/04/03 00:00:00+00,4/3/2013 1:22:00 PM,Mid-Block (not related to intersection),14,"MOTOR VEHICLE STRUCK MOTOR VEHICLE, REAR END",Y,N,Clear,Dry,Daylight,,,,14,From same direction - both going straight - one stopped - rear-end,0,0,N
2922,1,-122.3167818,47.60218827,3380,17387,17387,1198453,Matched,Block,,12TH AVE BETWEEN E YESLER WAY AND E FIR ST,,,1,Property Damage Only Collision,Rear Ended,2,0,0,2,2004/11/23 00:00:00+00,11/23/2004 8:34:00 PM,Mid-Block (but intersection related),14,"MOTOR VEHICLE STRUCK MOTOR VEHICLE, REAR END",Y,0,Raining,Wet,Dark - Street Lights On,,4328016.0,,14,From same direction - both going straight - one stopped - rear-end,0,0,N
2923,1,-122.35414750000001,47.61859702,3381,16571,16571,3643855,Matched,Intersection,29662.0,DENNY WAY AND WARREN AVE N, ,,1,Property Damage Only Collision,Angles,2,0,0,2,2013/04/05 00:00:00+00,4/5/2013 1:02:00 PM,At Intersection (intersection related),11,"MOTOR VEHICLE STRUCK MOTOR VEHICLE, FRONT END AT ANGLE",,N,Clear,Dry,Daylight,,,,10,Entering at angle,0,0,N
2924,1,-122.35181409999998,47.65414176,3382,17733,17733,1773901,Matched,Block,,N 39TH ST BETWEEN DAYTON E AVE N AND EVANSTON AVE N,,,1,Property Damage Only Collision,Other,4,0,0,4,2004/01/06 00:00:00+00,1/6/2004,Mid-Block (not related to intersection),16,"MOTOR VEHICLE STRUCK MOTOR VEHICLE, LEFT SIDE SIDESWIPE",,0,Snowing,Ice,Daylight,,4006005.0,,23,From same direction - all others,0,0,N
2925,1,-122.29581259999999,47.56486101,3384,17346,17346,1771426,Matched,Block,,M L KING JR ER WAY S BETWEEN S ADAMS ST AND S NEVADA ST,,,1,Property Damage Only Collision,Rear Ended,3,0,0,2,2004/02/11 00:00:00+00,2/11/2004 11:45:00 AM,Mid-Block (but intersection related),14,"MOTOR VEHICLE STRUCK MOTOR VEHICLE, REAR END",Y,0,Clear,Dry,Daylight,,4042033.0,,14,From same direction - both going straight - one stopped - rear-end,0,0,N
2926,2,-122.3436865,47.67152758,3385,16838,16838,3501829,Matched,Block,,WEST GREEN LAKE WAY N BETWEEN GREEN LAKE TURN RD AND N 63RD ST, ,,2,Injury Collision,Left Turn,2,0,0,2,2013/04/12 00:00:00+00,4/12/2013 3:41:00 PM,Driveway Junction,11,"MOTOR VEHICLE STRUCK MOTOR VEHICLE, FRONT END AT ANGLE",,N,Raining,Wet,Daylight,,,,28,From opposite direction - one left turn - one straight,0,0,N
2927,1,,,3386,215200,215460,E510700,Matched,,,,NEI,"Not Enough Information, or Insufficient Location Information",1,Property Damage Only Collision,Rear Ended,2,0,0,2,2016/01/26 00:00:00+00,1/26/2016 5:39:00 PM,,0,NOT ENOUGH INFORMATION / NOT APPLICABLE,,N,Overcast,Wet,Dark - Street Lights On,,,,14,From same direction - both going straight - one stopped - rear-end,0,0,N
2928,2,-122.28924180000001,47.55386065,3387,16668,16668,3672177,Matched,Block,,M L KING JR ER WAY S BETWEEN S BENNETT ST AND S BRANDON ST, ,,2,Injury Collision,Sideswipe,2,0,0,2,2013/04/08 00:00:00+00,4/8/2013 8:03:00 AM,Mid-Block (not related to intersection),14,"MOTOR VEHICLE STRUCK MOTOR VEHICLE, REAR END",,N,Overcast,Wet,Daylight,,,,11,From same direction - both going straight - both moving - sideswipe,0,0,N
2929,1,-122.35801229999998,47.62515146,3390,17947,17947,1321848,Matched,Block,,1ST AVE W BETWEEN W MERCER ST AND W ROY ST,,,1,Property Damage Only Collision,Other,4,0,0,2,2004/04/24 00:00:00+00,4/24/2004 11:44:00 PM,Mid-Block (not related to intersection),11,"MOTOR VEHICLE STRUCK MOTOR VEHICLE, FRONT END AT ANGLE",,0,Clear,Dry,Dark - Street Lights On,,4115009.0,,23,From same direction - all others,0,0,N
2930,2,-122.3288936,47.7249847,3391,16866,16866,3608781,Matched,Intersection,35958.0,1ST AVE NE AND NE 133RD ST, ,,2,Injury Collision,Angles,2,0,0,2,2013/04/12 00:00:00+00,4/12/2013 9:28:00 AM,At Intersection (intersection related),11,"MOTOR VEHICLE STRUCK MOTOR VEHICLE, FRONT END AT ANGLE",,N,Overcast,Dry,Daylight,,,,10,Entering at angle,0,0,N
2931,2,-122.3406625,47.66138558,3392,16456,16456,3501988,Matched,Intersection,26793.0,INTERLAKE AVE N AND N 45TH ST, ,,2,Injury Collision,Angles,3,0,0,2,2013/04/04 00:00:00+00,4/4/2013 9:32:00 AM,At Intersection (intersection related),11,"MOTOR VEHICLE STRUCK MOTOR VEHICLE, FRONT END AT ANGLE",,N,Overcast,Wet,Daylight,,,,10,Entering at angle,0,0,N
2932,1,-122.3020236,47.61530817,3393,17893,17893,1477939,Matched,Block,,E PINE ST BETWEEN 23RD AVE AND 24TH AVE,,,1,Property Damage Only Collision,Parked Car,2,0,0,2,2004/03/14 00:00:00+00,3/14/2004 9:00:00 PM,Mid-Block (not related to intersection),13,"MOTOR VEHICLE STRUCK MOTOR VEHICLE, LEFT SIDE AT ANGLE",,0,Clear,Dry,Dark - Street Lights On,,4074017.0,,32,One parked--one moving,0,0,N
2933,1,-122.3390531,47.51917316,3395,302300,303520,E838564,Matched,Block,,OLSON PL SW BETWEEN 3RD AVE SW AND SW CAMBRIDGE PL, ,,1,Property Damage Only Collision,Other,1,0,0,1,2018/09/08 00:00:00+00,9/8/2018 3:47:00 AM,Mid-Block (not related to intersection),26,MOTOR VEHICLE STRUCK OBJECT IN ROAD,,N,Raining,Wet,Dark - Street Lights On,,,,50,Fixed object,0,0,N
2934,2,-122.300619,47.66852575,3398,329200,330700,3836286,Unmatched,Intersection,25939.0,25TH AVE NE AND NE 55TH ST, ,,2,Injury Collision,,2,0,0,0,2020/02/18 00:00:00+00,2/18/2020,At Intersection (intersection related),11,"MOTOR VEHICLE STRUCK MOTOR VEHICLE, FRONT END AT ANGLE",,,,,,,,, ,,0,0,N
2935,1,-122.32594569999999,47.62198429,3399,16854,16854,3605998,Matched,Block,,E HARRISON ST BETWEEN BELLEVUE AVE E AND SUMMIT AVE E, ,,1,Property Damage Only Collision,Parked Car,2,0,0,2,2013/04/12 00:00:00+00,4/12/2013 9:30:00 AM,Mid-Block (not related to intersection),11,"MOTOR VEHICLE STRUCK MOTOR VEHICLE, FRONT END AT ANGLE",,N,Clear,Dry,Daylight,,,,32,One parked--one moving,0,0,N
2936,1,-122.3511232,47.65500977,3400,17928,17928,1080209,Matched,Block,,EVANSTON AVE N BETWEEN N BOWDOIN PL AND N 40TH ST,,,1,Property Damage Only Collision,Parked Car,2,0,0,2,2004/09/12 00:00:00+00,9/12/2004 2:00:00 PM,Mid-Block (not related to intersection),14,"MOTOR VEHICLE STRUCK MOTOR VEHICLE, REAR END",,0,Clear,Dry,Daylight,,4256007.0,,32,One parked--one moving,0,0,N
2937,1,-122.2966916,47.57439805,3401,213800,214060,E514555,Matched,Block,,M L KING JR ER WAY S BETWEEN S HANFORD S ST AND CLAREMONT AVE S, ,,1,Property Damage Only Collision,Rear Ended,3,0,0,2,2016/02/11 00:00:00+00,2/11/2016 7:18:00 AM,Mid-Block (but intersection related),14,"MOTOR VEHICLE STRUCK MOTOR VEHICLE, REAR END",Y,N,Overcast,Wet,Daylight,,,,14,From same direction - both going straight - one stopped - rear-end,0,0,N
2938,2,-122.3364503,47.69141065,3402,16992,16992,1780894,Matched,Block,,WALLINGFORD AVE N BETWEEN N 85TH ST AND N 88TH ST,,,2,Injury Collision,Rear Ended,3,0,0,2,2004/10/15 00:00:00+00,10/15/2004 10:16:00 PM,Mid-Block (but intersection related),14,"MOTOR VEHICLE STRUCK MOTOR VEHICLE, REAR END",Y,0,Clear,Dry,Dark - Street Lights On,,4289013.0,,14,From same direction - both going straight - one stopped - rear-end,0,0,N
2939,2,-122.31425379999999,47.68606261,3404,17476,17476,1780236,Matched,Block,,LAKE CITY WAY NE BETWEEN 12TH AVE NE AND NE 80TH ST,,,2,Injury Collision,Other,2,0,0,2,2004/01/08 00:00:00+00,1/8/2004,Mid-Block (not related to intersection),11,"MOTOR VEHICLE STRUCK MOTOR VEHICLE, FRONT END AT ANGLE",Y,0,Raining,Wet,Daylight,,4008010.0,,21,One car entering driveway access,0,0,N
2940,2,-122.30183259999998,47.61966817,3406,17008,17008,1795837,Matched,Block,,E MADISON ST BETWEEN 23RD AVE E AND 24TH AVE E,,,2,Injury Collision,Rear Ended,2,0,0,2,2004/09/29 00:00:00+00,9/29/2004 8:36:00 AM,Mid-Block (but intersection related),14,"MOTOR VEHICLE STRUCK MOTOR VEHICLE, REAR END",,0,Clear,Dry,Daylight,,4273015.0,,14,From same direction - both going straight - one stopped - rear-end,0,0,N
2941,2,-122.34228020000002,47.72321072,3407,317600,319100,3796145,Matched,Intersection,35762.0,STONE AVE N AND N 130TH ST, ,,2,Injury Collision,Pedestrian,2,1,0,1,2019/04/11 00:00:00+00,4/11/2019 11:04:00 AM,At Intersection (intersection related),24,MOTOR VEHCILE STRUCK PEDESTRIAN,,N,Raining,Wet,Daylight,Y,,,2,Vehicle turning left hits pedestrian,0,524133,N
2942,1,-122.3196085,47.61164921,3408,17337,17337,1789637,Matched,Block,,E MADISON ST BETWEEN BROADWAY CT AND 10TH AVE,,,1,Property Damage Only Collision,Parked Car,2,0,0,2,2004/09/09 00:00:00+00,9/9/2004,Mid-Block (not related to intersection),11,"MOTOR VEHICLE STRUCK MOTOR VEHICLE, FRONT END AT ANGLE",Y,0,Clear,Dry,Daylight,,4253005.0,,19,One car entering parked position,0,0,N