,SEVERITYCODE,X,Y,OBJECTID,INCKEY,COLDETKEY,REPORTNO,STATUS,ADDRTYPE,INTKEY,LOCATION,EXCEPTRSNCODE,EXCEPTRSNDESC,SEVERITYCODE.1,SEVERITYDESC,COLLISIONTYPE,PERSONCOUNT,PEDCOUNT,PEDCYLCOUNT,VEHCOUNT,INCDATE,INCDTTM,JUNCTIONTYPE,SDOT_COLCODE,SDOT_COLDESC,INATTENTIONIND,UNDERINFL,WEATHER,ROADCOND,LIGHTCOND,PEDROWNOTGRNT,SDOTCOLNUM,SPEEDING,ST_COLCODE,ST_COLDESC,SEGLANEKEY,CROSSWALKKEY,HITPARKEDCAR
2943,1,-122.32210900000001,47.64448971,3409,309600,310880,E881649,Matched,Intersection,28200.0,HARVARD AVE E AND E EDGAR ST, ,,1,Property Damage Only Collision,Left Turn,5,0,0,2,2019/01/10 00:00:00+00,1/10/2019 4:48:00 PM,At Intersection (intersection related),11,"MOTOR VEHICLE STRUCK MOTOR VEHICLE, FRONT END AT ANGLE",,N,Raining,Wet,Dark - Street Lights On,,,,28,From opposite direction - one left turn - one straight,0,0,N
2944,1,-122.27746119999999,47.55080402,3410,17597,17597,1227117,Matched,Block,,RAINIER AVE S BETWEEN S ORCAS ST AND S MEAD ST,,,1,Property Damage Only Collision,Rear Ended,5,0,0,2,2004/04/24 00:00:00+00,4/24/2004 9:05:00 AM,Mid-Block (not related to intersection),14,"MOTOR VEHICLE STRUCK MOTOR VEHICLE, REAR END",,0,Clear,Dry,Daylight,,4115025.0,,14,From same direction - both going straight - one stopped - rear-end,0,0,N
2945,1,-122.3771017,47.57118348,3411,17556,17556,1781306,Matched,Intersection,31850.0,36TH AVE SW AND SW MANNING ST,,,1,Property Damage Only Collision,Angles,3,0,0,2,2004/06/18 00:00:00+00,6/18/2004 4:53:00 AM,At Intersection (intersection related),11,"MOTOR VEHICLE STRUCK MOTOR VEHICLE, FRONT END AT ANGLE",,0,Clear,Dry,Dawn,,4170013.0,,10,Entering at angle,0,0,N
2946,2,-122.30829070000001,47.60616717,3412,16470,16470,3605985,Matched,Block,,E JEFFERSON ST BETWEEN 18TH AVE AND 19TH AVE, ,,2,Injury Collision,Parked Car,3,0,0,2,2013/04/04 00:00:00+00,4/4/2013 10:00:00 AM,Mid-Block (not related to intersection),11,"MOTOR VEHICLE STRUCK MOTOR VEHICLE, FRONT END AT ANGLE",,N,Raining,Wet,Daylight,,,,32,One parked--one moving,0,0,N
2947,1,-122.37492959999999,47.58412242,3413,17046,17046,1781463,Matched,Block,,HARBOR AVE SW BETWEEN SW BRONSON WAY AND LOTUS AVE SW,,,1,Property Damage Only Collision,Rear Ended,2,0,0,2,2004/02/18 00:00:00+00,2/18/2004 9:06:00 AM,Mid-Block (not related to intersection),14,"MOTOR VEHICLE STRUCK MOTOR VEHICLE, REAR END",Y,0,Overcast,Wet,Daylight,,4049024.0,,14,From same direction - both going straight - one stopped - rear-end,0,0,N
2948,1,-122.32244469999999,47.59918613,3414,322600,324100,3750467,Matched,Intersection,30425.0,8TH AVE S AND S JACKSON ST, ,,1,Property Damage Only Collision,Sideswipe,3,0,0,2,2019/08/18 00:00:00+00,8/18/2019 8:07:00 PM,At Intersection (intersection related),11,"MOTOR VEHICLE STRUCK MOTOR VEHICLE, FRONT END AT ANGLE",Y,N,Clear,Dry,Dark - Street Lights On,,,,11,From same direction - both going straight - both moving - sideswipe,0,0,N
2949,1,-122.3471621,47.61375831,3415,17220,17220,1482714,Matched,Block,,1ST AVE BETWEEN BELL ST AND BATTERY ST,,,1,Property Damage Only Collision,Parked Car,2,0,0,2,2004/05/29 00:00:00+00,5/29/2004 10:00:00 AM,Mid-Block (not related to intersection),11,"MOTOR VEHICLE STRUCK MOTOR VEHICLE, FRONT END AT ANGLE",,0,Unknown,Unknown,Dark - Street Lights On,,4150036.0,,32,One parked--one moving,0,0,N
2950,2,-122.3561572,47.70472613,3416,16721,16721,3507870,Matched,Block,,HOLMAN RD N BETWEEN N 104TH ST AND GREENWOOD AVE N, ,,2,Injury Collision,Sideswipe,2,0,0,2,2013/04/08 00:00:00+00,4/8/2013 8:27:00 AM,Mid-Block (not related to intersection),11,"MOTOR VEHICLE STRUCK MOTOR VEHICLE, FRONT END AT ANGLE",,N,Overcast,Dry,Daylight,,,,11,From same direction - both going straight - both moving - sideswipe,0,0,N
2951,1,-122.3506425,47.51916972,3417,17642,17642,1476165,Matched,Intersection,35055.0,12TH AVE SW AND SW CAMBRIDGE ST,,,1,Property Damage Only Collision,Angles,3,0,0,2,2004/07/18 00:00:00+00,7/18/2004 7:30:00 PM,At Intersection (intersection related),11,"MOTOR VEHICLE STRUCK MOTOR VEHICLE, FRONT END AT ANGLE",,0,Clear,Dry,Daylight,,4200010.0,,10,Entering at angle,0,0,N
2952,1,-122.376597,47.53648226,3418,17820,17820,1781701,Matched,Block,,35TH AVE SW BETWEEN SW OTHELLO ST AND SW WEBSTER ST,,,1,Property Damage Only Collision,Rear Ended,2,0,0,2,2004/01/27 00:00:00+00,1/27/2004 9:19:00 AM,Mid-Block (not related to intersection),14,"MOTOR VEHICLE STRUCK MOTOR VEHICLE, REAR END",,0,Clear,Dry,Daylight,,4027021.0,,14,From same direction - both going straight - one stopped - rear-end,0,0,N
2953,1,-122.32588759999999,47.6426092,3419,17308,17308,1789658,Matched,Block,,EASTLAKE AVE E BETWEEN E LOUISA ST AND E ROANOKE ST,,,1,Property Damage Only Collision,Sideswipe,2,0,0,2,2004/01/15 00:00:00+00,1/15/2004 5:36:00 PM,Mid-Block (but intersection related),16,"MOTOR VEHICLE STRUCK MOTOR VEHICLE, LEFT SIDE SIDESWIPE",,0,Clear,Wet,Dark - Street Lights On,,4015004.0,,11,From same direction - both going straight - both moving - sideswipe,0,0,N
2954,2,-122.3607787,47.67420776,3420,234700,235100,3762295,Matched,Intersection,25259.0,3RD AVE NW AND NW 62ND ST, ,,2,Injury Collision,Angles,3,0,0,2,2016/11/26 00:00:00+00,11/26/2016 4:06:00 PM,At Intersection (intersection related),11,"MOTOR VEHICLE STRUCK MOTOR VEHICLE, FRONT END AT ANGLE",,N,Raining,Wet,Dark - Street Lights On,,,,10,Entering at angle,0,0,N
2955,1,-122.3421634,47.66102734,3421,17626,17626,1794526,Matched,Block,,STONE WAY N BETWEEN N ALLEN PL AND N 45TH ST,,,1,Property Damage Only Collision,Other,1,0,0,1,2004/09/29 00:00:00+00,9/29/2004 9:03:00 AM,Mid-Block (but intersection related),28,MOTOR VEHICLE RAN OFF ROAD - HIT FIXED OBJECT,,0,Overcast,Dry,Daylight,,4273026.0,,50,Fixed object,0,0,N
2956,2,-122.3255956,47.7340692,3422,17503,17503,1804834,Matched,Intersection,166204.0,145TH ST ON RP AND NE 145TH ST,,,2,Injury Collision,Left Turn,2,0,0,2,2004/03/02 00:00:00+00,3/2/2004,At Intersection (intersection related),11,"MOTOR VEHICLE STRUCK MOTOR VEHICLE, FRONT END AT ANGLE",,0,Clear,Dry,Daylight,,4062034.0,,28,From opposite direction - one left turn - one straight,0,0,N
2957,1,-122.39802790000002,47.66103615,3423,16530,16530,3546292,Matched,Block,,W GOVERNMENT WAY BETWEEN W FORT ST AND 32ND N AVE W, ,,1,Property Damage Only Collision,Parked Car,2,0,0,2,2013/04/06 00:00:00+00,4/6/2013 12:01:00 AM,Mid-Block (not related to intersection),14,"MOTOR VEHICLE STRUCK MOTOR VEHICLE, REAR END",,N,Unknown,Unknown,Unknown,,,,32,One parked--one moving,0,0,N
2958,1,-122.3341865,47.5996259,3424,317100,318600,E908212,Unmatched,Block,,1ST AVE S BETWEEN S MAIN ST AND S JACKSON ST, ,,1,Property Damage Only Collision,,3,0,0,0,2019/03/20 00:00:00+00,3/20/2019,Mid-Block (not related to intersection),11,"MOTOR VEHICLE STRUCK MOTOR VEHICLE, FRONT END AT ANGLE",,,,,,,,, ,,0,0,N
2959,2,-122.3768061,47.69060911,3425,16963,16963,1199641,Matched,Intersection,37265.0,15TH AVE NW AND NW 85TH ST,,,2,Injury Collision,Pedestrian,2,1,0,1,2004/02/24 00:00:00+00,2/24/2004 11:00:00 AM,At Intersection (intersection related),24,MOTOR VEHCILE STRUCK PEDESTRIAN,,0,Clear,Dry,Daylight,Y,4055003.0,,1,Vehicle turning right hits pedestrian,0,0,N
2960,1,-122.35136010000001,47.6185864,3427,17435,17435,1783701,Matched,Intersection,29659.0,3RD AVE AND DENNY WAY,,,1,Property Damage Only Collision,Angles,2,0,0,2,2004/07/30 00:00:00+00,7/30/2004 7:23:00 PM,At Intersection (intersection related),11,"MOTOR VEHICLE STRUCK MOTOR VEHICLE, FRONT END AT ANGLE",,0,Clear,Dry,Daylight,,4212018.0,,10,Entering at angle,0,0,N
2961,1,-122.368357,47.62658452,3428,17039,17039,1787591,Matched,Intersection,28700.0,ELLIOTT AVE W AND W MERCER PL,,,1,Property Damage Only Collision,Rear Ended,2,0,0,2,2004/09/28 00:00:00+00,9/28/2004 4:30:00 PM,At Intersection (intersection related),16,"MOTOR VEHICLE STRUCK MOTOR VEHICLE, LEFT SIDE SIDESWIPE",,0,Clear,Dry,Daylight,,4272029.0,,73,Same direction -- both turning right -- both moving -- rear end,0,0,N
2962,1,-122.2927852,47.56007559,3429,322000,323500,3815425,Matched,Block,,M L KING JR ER WAY S BETWEEN S ALASKA ST AND S ANGELINE ST, ,,1,Property Damage Only Collision,Rear Ended,3,0,0,2,2019/07/29 00:00:00+00,7/29/2019 7:50:00 PM,Mid-Block (but intersection related),14,"MOTOR VEHICLE STRUCK MOTOR VEHICLE, REAR END",,N,Clear,Dry,Daylight,,,,14,From same direction - both going straight - one stopped - rear-end,0,0,N
2963,2,-122.3297765,47.60937181,3431,306500,307780,E856097,Matched,Intersection,29916.0,8TH AVE AND SENECA ST, ,,2,Injury Collision,Pedestrian,2,1,0,1,2018/10/15 00:00:00+00,10/15/2018 2:08:00 PM,At Intersection (intersection related),24,MOTOR VEHCILE STRUCK PEDESTRIAN,,N,Clear,Dry,Daylight,Y,,,2,Vehicle turning left hits pedestrian,0,521935,N
2964,1,-122.3625695,47.66864996,3433,16865,16865,3608780,Matched,Block,,NW MARKET ST BETWEEN NW 55TH ST AND 5TH AVE NW, ,,1,Property Damage Only Collision,Other,1,0,0,1,2013/04/12 00:00:00+00,4/12/2013 2:20:00 AM,Mid-Block (not related to intersection),26,MOTOR VEHICLE STRUCK OBJECT IN ROAD,,Y,Clear,Dry,Dark - Street Lights On,,,,50,Fixed object,0,0,N
2965,1,-122.32692279999999,47.6343614,3434,16640,16640,3465924,Matched,Block,,FAIRVIEW AVE E BETWEEN E GARFIELD ST AND E BLAINE ST, ,,1,Property Damage Only Collision,Parked Car,2,0,0,2,2013/04/08 00:00:00+00,4/8/2013 5:42:00 PM,Mid-Block (not related to intersection),14,"MOTOR VEHICLE STRUCK MOTOR VEHICLE, REAR END",Y,N,Overcast,Dry,Daylight,,,,32,One parked--one moving,0,0,N
2966,1,-122.30276440000002,47.60563158,3435,17463,17463,1216872,Matched,Block,,23RD AVE BETWEEN E TERRACE ST AND E JEFFERSON ST,,,1,Property Damage Only Collision,Rear Ended,2,0,0,2,2004/07/22 00:00:00+00,7/22/2004 8:58:00 AM,Mid-Block (but intersection related),14,"MOTOR VEHICLE STRUCK MOTOR VEHICLE, REAR END",Y,0,Clear,Dry,Daylight,,4204019.0,,13,From same direction - both going straight - both moving - rear-end,0,0,N
2967,2,-122.34234740000002,47.62460833,3436,303600,304860,E842992,Matched,Block,,DEXTER AVE N BETWEEN MERCER ST AND BROAD ST, ,,2,Injury Collision,Rear Ended,7,0,0,3,2018/09/25 00:00:00+00,9/25/2018 4:12:00 PM,Mid-Block (not related to intersection),14,"MOTOR VEHICLE STRUCK MOTOR VEHICLE, REAR END",,N,Clear,Dry,Daylight,,,,14,From same direction - both going straight - one stopped - rear-end,0,0,N
2968,1,-122.34043249999999,47.61971258,3437,314900,316380,E896715,Matched,Block,,JOHN ST BETWEEN 8TH AVE N AND 9TH AVE N, ,,1,Property Damage Only Collision,Parked Car,2,0,0,2,2019/02/25 00:00:00+00,2/25/2019 2:00:00 PM,Mid-Block (not related to intersection),11,"MOTOR VEHICLE STRUCK MOTOR VEHICLE, FRONT END AT ANGLE",Y,N,Clear,Dry,Daylight,,,,32,One parked--one moving,0,0,Y
2969,1,-122.3436982,47.61913665,3439,328700,330200,EA12103,Unmatched,Block,,7TH SB AVE N BETWEEN DENNY WAY AND JOHN ST, ,,1,Property Damage Only Collision,,2,0,0,0,2020/01/30 00:00:00+00,1/30/2020,Mid-Block (not related to intersection),11,"MOTOR VEHICLE STRUCK MOTOR VEHICLE, FRONT END AT ANGLE",,,,,,,,, ,,0,0,N
2970,1,-122.3181502,47.61467304,3440,17784,17784,1778104,Matched,Block,,11TH AVE BETWEEN E PIKE ST AND E PINE ST,,,1,Property Damage Only Collision,Parked Car,2,0,0,2,2004/01/31 00:00:00+00,1/31/2004 4:00:00 PM,Mid-Block (not related to intersection),11,"MOTOR VEHICLE STRUCK MOTOR VEHICLE, FRONT END AT ANGLE",,0,Unknown,Unknown,Unknown,,4031050.0,,32,One parked--one moving,0,0,N
2971,2,-122.3929706,47.53751961,3443,17965,17965,1203775,Matched,Block,,47TH AVE SW BETWEEN SW OTHELLO ST AND SW FONTANELLE ST,,,2,Injury Collision,Other,1,0,0,1,2004/04/06 00:00:00+00,4/6/2004,Mid-Block (but intersection related),28,MOTOR VEHICLE RAN OFF ROAD - HIT FIXED OBJECT,,1,Overcast,Dry,Daylight,,4097024.0,,50,Fixed object,0,0,N
2972,1,-122.35077659999999,47.70435413,3445,17370,17370,1771669,Matched,Intersection,37383.0,EVANSTON AVE N AND N 104TH ST,,,1,Property Damage Only Collision,Angles,2,0,0,2,2004/05/30 00:00:00+00,5/30/2004 8:00:00 AM,At Intersection (intersection related),11,"MOTOR VEHICLE STRUCK MOTOR VEHICLE, FRONT END AT ANGLE",,0,Unknown,Unknown,Daylight,,4151005.0,,10,Entering at angle,0,0,N
2973,1,-122.30765670000001,47.60167609,3446,16575,16575,3645767,Matched,Intersection,30729.0,19TH AVE AND E YESLER WAY,NEI,"Not Enough Information, or Insufficient Location Information",1,Property Damage Only Collision,Rear Ended,3,0,0,2,2013/04/05 00:00:00+00,4/5/2013 11:50:00 AM,At Intersection (intersection related),0,NOT ENOUGH INFORMATION / NOT APPLICABLE,,N,Raining,Wet,Daylight,,,,13,From same direction - both going straight - both moving - rear-end,0,0,N
2974,2,-122.334521,47.64918644,3447,17737,17737,1774283,Matched,Block,,N 35TH ST BETWEEN BURKE AVE N AND MERIDIAN AVE N,,,2,Injury Collision,Parked Car,3,0,0,3,2004/05/28 00:00:00+00,5/28/2004 11:59:00 AM,Mid-Block (not related to intersection),11,"MOTOR VEHICLE STRUCK MOTOR VEHICLE, FRONT END AT ANGLE",Y,0,Overcast,Wet,Daylight,,4149047.0,,32,One parked--one moving,0,0,N
2975,1,-122.4009258,47.64682271,3448,17180,17180,1482504,Matched,Intersection,27438.0,34TH AVE W AND W BARRETT ST,,,1,Property Damage Only Collision,Angles,2,0,0,2,2004/05/27 00:00:00+00,5/27/2004 1:02:00 PM,At Intersection (intersection related),11,"MOTOR VEHICLE STRUCK MOTOR VEHICLE, FRONT END AT ANGLE",,0,Raining,Wet,Daylight,,4148019.0,,10,Entering at angle,0,0,N
2976,1,-122.38854939999999,47.58118568,3449,16499,16499,3380608,Matched,Block,,SW ADMIRAL WAY BETWEEN 44TH AVE SW AND 45TH AVE SW, ,,1,Property Damage Only Collision,Right Turn,2,0,0,2,2013/04/07 00:00:00+00,4/7/2013 4:47:00 PM,Driveway Junction,14,"MOTOR VEHICLE STRUCK MOTOR VEHICLE, REAR END",Y,N,Overcast,Wet,Daylight,,,,16,From same direction - one right turn - one straight,0,0,N
2977,1,-122.29112420000001,47.62247316,3450,17070,17070,1216881,Matched,Intersection,29465.0,32ND AVE E AND E HARRISON ST,,,1,Property Damage Only Collision,Angles,4,0,0,3,2004/09/15 00:00:00+00,9/15/2004 5:30:00 PM,At Intersection (intersection related),11,"MOTOR VEHICLE STRUCK MOTOR VEHICLE, FRONT END AT ANGLE",,0,Clear,Dry,Daylight,,4259015.0,Y,10,Entering at angle,0,0,N
2978,2,-122.37877160000001,47.56108125,3451,16537,16537,3553741,Matched,Intersection,31922.0,37TH AVE SW AND SW ALASKA ST, ,,2,Injury Collision,Angles,3,0,0,2,2013/04/06 00:00:00+00,4/6/2013 5:54:00 PM,At Intersection (intersection related),11,"MOTOR VEHICLE STRUCK MOTOR VEHICLE, FRONT END AT ANGLE",,N,Overcast,Wet,Daylight,,,,10,Entering at angle,0,0,N
2979,1,-122.3244128,47.59667327,3453,16878,16878,2618853,Matched,Block,,S LANE ST BETWEEN MAYNARD AVE S AND 7TH AVE S, ,,1,Property Damage Only Collision,Other,2,0,0,2,2013/04/13 00:00:00+00,4/13/2013 11:01:00 PM,Mid-Block (not related to intersection),11,"MOTOR VEHICLE STRUCK MOTOR VEHICLE, FRONT END AT ANGLE",,N,Raining,Wet,Dark - Street Lights On,,,,23,From same direction - all others,0,0,N
2980,1,-122.3660138,47.69426013,3454,16462,16462,3508186,Matched,Intersection,37158.0,8TH AVE NW AND NW 90TH ST, ,,1,Property Damage Only Collision,Angles,2,0,0,2,2013/04/04 00:00:00+00,4/4/2013 3:50:00 PM,At Intersection (intersection related),11,"MOTOR VEHICLE STRUCK MOTOR VEHICLE, FRONT END AT ANGLE",,N,Raining,Wet,Daylight,,,,10,Entering at angle,0,0,N
2981,2,-122.347315,47.66465278,3455,17617,17617,1774294,Matched,Block,,AURORA AVE N BETWEEN N 49TH ST AND N 50 UPPER ST,,,2,Injury Collision,Rear Ended,5,0,0,2,2004/07/15 00:00:00+00,7/15/2004 2:51:00 PM,Mid-Block (but intersection related),14,"MOTOR VEHICLE STRUCK MOTOR VEHICLE, REAR END",Y,0,Clear,Dry,Daylight,,4197014.0,,13,From same direction - both going straight - both moving - rear-end,0,0,N
2982,2,-122.3235687,47.72257717,3456,16524,16524,3503145,Matched,Block,,5TH AVE NE BETWEEN 130TH ST OFF RP AND NE 130TH ST, ,,2,Injury Collision,Rear Ended,2,0,0,2,2013/04/07 00:00:00+00,4/7/2013 4:00:00 PM,Mid-Block (but intersection related),14,"MOTOR VEHICLE STRUCK MOTOR VEHICLE, REAR END",,N,Raining,Wet,Daylight,,,,14,From same direction - both going straight - one stopped - rear-end,0,0,N
2983,1,-122.2870307,47.56410439,3457,16589,16589,2825049,Matched,Intersection,32714.0,36TH AVE S AND S GENESEE ST, ,,1,Property Damage Only Collision,Rear Ended,2,0,0,2,2013/04/05 00:00:00+00,4/5/2013 11:48:00 AM,At Intersection (intersection related),14,"MOTOR VEHICLE STRUCK MOTOR VEHICLE, REAR END",,N,Clear,Dry,Daylight,,,,14,From same direction - both going straight - one stopped - rear-end,0,0,N
2984,1,-122.3133572,47.68668897,3458,17382,17382,1931001,Matched,Intersection,24398.0,LAKE CITY WAY NE AND NE 80TH ST,,,1,Property Damage Only Collision,Left Turn,2,0,0,2,2004/11/19 00:00:00+00,11/19/2004 1:47:00 PM,At Intersection (intersection related),11,"MOTOR VEHICLE STRUCK MOTOR VEHICLE, FRONT END AT ANGLE",,0,Clear,Dry,Daylight,,4324025.0,Y,28,From opposite direction - one left turn - one straight,0,0,N
2985,1,-122.3982634,47.66006748,3460,17727,17727,1783380,Matched,Intersection,26491.0,32ND AVE W AND W GOVERNMENT S WAY,,,1,Property Damage Only Collision,Angles,9,0,0,2,2004/08/09 00:00:00+00,8/9/2004,At Intersection (intersection related),11,"MOTOR VEHICLE STRUCK MOTOR VEHICLE, FRONT END AT ANGLE",,0,Clear,Dry,Daylight,,4222018.0,,10,Entering at angle,0,0,N
2986,1,-122.29959579999999,47.67577535,3461,17842,17842,1782119,Matched,Intersection,24696.0,26TH AVE NE AND NE 65TH ST,,,1,Property Damage Only Collision,Angles,2,0,0,2,2004/07/20 00:00:00+00,7/20/2004 9:16:00 PM,At Intersection (intersection related),11,"MOTOR VEHICLE STRUCK MOTOR VEHICLE, FRONT END AT ANGLE",,1,Clear,Dry,Dark - Street Lights On,,4202010.0,,10,Entering at angle,0,0,N
2987,1,-122.3532855,47.69241234,3462,17171,17171,1793713,Matched,Block,,N 87TH ST BETWEEN PHINNEY AVE N AND DAYTON AVE N,,,1,Property Damage Only Collision,Parked Car,2,0,0,2,2004/06/06 00:00:00+00,6/6/2004,Mid-Block (not related to intersection),16,"MOTOR VEHICLE STRUCK MOTOR VEHICLE, LEFT SIDE SIDESWIPE",,0,Clear,Dry,Daylight,,4158020.0,,32,One parked--one moving,0,0,N
2988,1,-122.3104057,47.6887506,3464,214100,214360,E515274,Matched,Block,,LAKE CITY WAY NE BETWEEN NE 82ND ST AND 17TH AVE NE, ,,1,Property Damage Only Collision,Sideswipe,2,0,0,2,2016/02/12 00:00:00+00,2/12/2016 2:35:00 PM,Mid-Block (but intersection related),11,"MOTOR VEHICLE STRUCK MOTOR VEHICLE, FRONT END AT ANGLE",,N,Clear,Wet,Daylight,,,,11,From same direction - both going straight - both moving - sideswipe,0,0,N
2989,1,-122.3534111,47.65200488,3466,216600,216880,3767155,Matched,Intersection,27023.0,FRANCIS AVE N AND N 36TH ST, ,,1,Property Damage Only Collision,Parked Car,4,0,0,3,2016/03/27 00:00:00+00,3/27/2016 6:05:00 PM,At Intersection (intersection related),11,"MOTOR VEHICLE STRUCK MOTOR VEHICLE, FRONT END AT ANGLE",,N,Overcast,Wet,Daylight,,,,20,One car leaving parked position,0,0,N
2990,1,-122.33484540000002,47.59239745,3467,17945,17945,C649751,Matched,Block,,S ROYAL BROUGHAM WAY BETWEEN EAST FRONTAGE RD S AND 1ST AVE S,,,1,Property Damage Only Collision,Other,2,0,0,2,2004/12/07 00:00:00+00,12/7/2004,Mid-Block (but intersection related),11,"MOTOR VEHICLE STRUCK MOTOR VEHICLE, FRONT END AT ANGLE",,0,Clear,Dry,Dark - Street Lights On,,4342068.0,,23,From same direction - all others,0,0,N
2991,1,-122.33684040000001,47.53450658,3468,17156,17156,1789232,Matched,Block,,2ND AVE SW BETWEEN 2ND AV SW OFF RP AND 1ST AVE S,,,1,Property Damage Only Collision,Other,1,0,0,1,2004/04/25 00:00:00+00,4/25/2004 12:22:00 AM,Mid-Block (not related to intersection),28,MOTOR VEHICLE RAN OFF ROAD - HIT FIXED OBJECT,,0,Clear,Dry,Dark - Street Lights On,,4116006.0,,50,Fixed object,0,0,N
2992,1,-122.32406920000001,47.63972666,3470,17611,17611,1772078,Matched,Block,,E LYNN ST BETWEEN FRANKLIN AVE E AND BOYLSTON AVE E,,,1,Property Damage Only Collision,Parked Car,3,0,0,3,2004/03/24 00:00:00+00,3/24/2004 9:30:00 AM,Driveway Junction,31,DRIVERLESS VEHICLE STRUCK MOTOR VEHICLE FRONT END AT ANGLE,,0,Clear,Dry,Daylight,,4084005.0,,32,One parked--one moving,0,0,N
2993,1,-122.2979321,47.62229674,3471,16683,16683,3476771,Unmatched,Block,,E MADISON ST BETWEEN 26TH AVE E AND 27TH S AVE E, ,,1,Property Damage Only Collision,,1,0,0,0,2013/04/07 00:00:00+00,4/7/2013,Mid-Block (not related to intersection),28,MOTOR VEHICLE RAN OFF ROAD - HIT FIXED OBJECT,,,,,,,,, ,,0,0,N
2994,1,-122.2839074,47.71736902,3472,16816,16816,3333011,Matched,Intersection,36802.0,SAND POINT WAY NE AND NE 123RD ST, ,,1,Property Damage Only Collision,Angles,2,0,0,2,2013/04/12 00:00:00+00,4/12/2013 7:28:00 PM,At Intersection (intersection related),11,"MOTOR VEHICLE STRUCK MOTOR VEHICLE, FRONT END AT ANGLE",,N,Raining,Wet,Dark - Street Lights On,,,,10,Entering at angle,0,0,N
2995,1,-122.2860443,47.56347218,3474,16737,16737,3615382,Matched,Block,,37TH AVE S BETWEEN S GENESEE ST AND S OREGON ST,NEI,"Not Enough Information, or Insufficient Location Information",1,Property Damage Only Collision,Parked Car,2,0,0,2,2013/04/10 00:00:00+00,4/10/2013 1:30:00 PM,,0,NOT ENOUGH INFORMATION / NOT APPLICABLE,,N,Unknown,Unknown,Unknown,,,,32,One parked--one moving,0,0,N
2996,1,-122.34353300000001,47.65473538,3475,17279,17279,1079956,Matched,Block,,MIDVALE AVE N BETWEEN N 39TH E ST AND N 40TH ST,,,1,Property Damage Only Collision,Parked Car,2,0,0,2,2004/06/29 00:00:00+00,6/29/2004 12:00:00 PM,Mid-Block (not related to intersection),13,"MOTOR VEHICLE STRUCK MOTOR VEHICLE, LEFT SIDE AT ANGLE",,0,Clear,Dry,Daylight,,4181040.0,,32,One parked--one moving,0,0,N
2997,1,-122.29922109999998,47.61891506,3477,232800,233200,E624780,Matched,Block,,E DENNY WAY BETWEEN 25TH AVE AND 26TH AVE, ,,1,Property Damage Only Collision,Parked Car,2,0,0,2,2016/11/20 00:00:00+00,11/20/2016 12:00:00 PM,Mid-Block (not related to intersection),14,"MOTOR VEHICLE STRUCK MOTOR VEHICLE, REAR END",,N,Raining,Wet,Daylight,,,,32,One parked--one moving,0,0,Y
2998,1,-122.35541940000002,47.62268599,3478,17131,17131,1181393,Matched,Block,,1ST AVE N BETWEEN HARRISON ST AND REPUBLICAN ST,,,1,Property Damage Only Collision,Rear Ended,2,0,0,2,2004/09/05 00:00:00+00,9/5/2004,Mid-Block (but intersection related),14,"MOTOR VEHICLE STRUCK MOTOR VEHICLE, REAR END",Y,0,Clear,Dry,Dark - Street Lights On,,4249006.0,,14,From same direction - both going straight - one stopped - rear-end,0,0,N
2999,1,-122.3121365,47.65597537,3480,17054,17054,1793860,Matched,Intersection,27144.0,15TH AVE NE AND NE CAMPUS EB PY,,,1,Property Damage Only Collision,Right Turn,6,0,0,2,2004/08/27 00:00:00+00,8/27/2004 12:56:00 PM,At Intersection (intersection related),11,"MOTOR VEHICLE STRUCK MOTOR VEHICLE, FRONT END AT ANGLE",,0,Clear,Dry,Daylight,,4240015.0,,16,From same direction - one right turn - one straight,0,0,N
3000,1,-122.3102926,47.66126026,3481,17636,17636,1635225,Matched,Block,,NE 45TH ST BETWEEN 16TH AVE NE AND 17TH SB AVE NE,,,1,Property Damage Only Collision,Rear Ended,2,0,0,2,2004/12/01 00:00:00+00,12/1/2004,Mid-Block (but intersection related),14,"MOTOR VEHICLE STRUCK MOTOR VEHICLE, REAR END",,0,Clear,Wet,Dark - Street Lights On,,4336033.0,,14,From same direction - both going straight - one stopped - rear-end,0,0,N
3001,1,-122.32974399999999,47.60346437,3483,17293,17293,1474743,Matched,Block,,JAMES ST BETWEEN 4TH AVE AND 5TH AVE,,,1,Property Damage Only Collision,Other,1,0,0,1,2004/05/22 00:00:00+00,5/22/2004 10:50:00 PM,Mid-Block (not related to intersection),28,MOTOR VEHICLE RAN OFF ROAD - HIT FIXED OBJECT,,0,Clear,Dry,Dark - Street Lights On,,4143011.0,,50,Fixed object,0,0,N
3002,1,-122.3235754,47.72166742,3484,16822,16822,3333012,Matched,Block,,5TH AVE NE BETWEEN NE 127TH ST AND 130TH ST OFF RP, ,,1,Property Damage Only Collision,Right Turn,2,0,0,2,2013/04/12 00:00:00+00,4/12/2013 7:36:00 PM,Driveway Junction,11,"MOTOR VEHICLE STRUCK MOTOR VEHICLE, FRONT END AT ANGLE",,N,Raining,Wet,Dark - Street Lights On,,,,16,From same direction - one right turn - one straight,0,0,N
3003,1,-122.35555179999999,47.72550284,3485,16973,16973,1079624,Matched,Intersection,35818.0,GREENWOOD AVE N AND N 133RD ST,,,1,Property Damage Only Collision,Right Turn,2,0,0,2,2004/10/13 00:00:00+00,10/13/2004 3:41:00 PM,At Intersection (intersection related),11,"MOTOR VEHICLE STRUCK MOTOR VEHICLE, FRONT END AT ANGLE",,0,Clear,Dry,Daylight,,4287032.0,,16,From same direction - one right turn - one straight,0,0,N