,SEVERITYCODE,X,Y,OBJECTID,INCKEY,COLDETKEY,REPORTNO,STATUS,ADDRTYPE,INTKEY,LOCATION,EXCEPTRSNCODE,EXCEPTRSNDESC,SEVERITYCODE.1,SEVERITYDESC,COLLISIONTYPE,PERSONCOUNT,PEDCOUNT,PEDCYLCOUNT,VEHCOUNT,INCDATE,INCDTTM,JUNCTIONTYPE,SDOT_COLCODE,SDOT_COLDESC,INATTENTIONIND,UNDERINFL,WEATHER,ROADCOND,LIGHTCOND,PEDROWNOTGRNT,SDOTCOLNUM,SPEEDING,ST_COLCODE,ST_COLDESC,SEGLANEKEY,CROSSWALKKEY,HITPARKEDCAR
3004,1,-122.2866875,47.58048529999999,3486,16580,16580,3672329,Matched,Block,,CASCADIA AVE S BETWEEN MOUNT BAKER DR S AND MOUNT ST HELENS PL S, ,,1,Property Damage Only Collision,Other,1,0,0,1,2013/04/05 00:00:00+00,4/5/2013 11:42:00 AM,Mid-Block (not related to intersection),28,MOTOR VEHICLE RAN OFF ROAD - HIT FIXED OBJECT,,N,Clear,Dry,Daylight,,,,50,Fixed object,0,0,N
3005,1,-122.3168692,47.66493251,3487,17889,17889,1793889,Matched,Block,,NE 50TH ST BETWEEN ROOSEVELT WAY NE AND 11TH AVE NE,,,1,Property Damage Only Collision,Other,3,0,0,1,2004/11/18 00:00:00+00,11/18/2004 12:11:00 AM,Mid-Block (not related to intersection),28,MOTOR VEHICLE RAN OFF ROAD - HIT FIXED OBJECT,,1,Raining,Wet,Dark - Street Lights On,,4323004.0,,50,Fixed object,0,0,N
3006,1,-122.36617890000001,47.66828157,3488,17413,17413,1782989,Matched,Block,,8TH AVE NW BETWEEN NW 54TH ST AND NW MARKET ST,,,1,Property Damage Only Collision,Other,1,0,0,1,2004/05/13 00:00:00+00,5/13/2004 8:03:00 AM,Mid-Block (but intersection related),28,MOTOR VEHICLE RAN OFF ROAD - HIT FIXED OBJECT,Y,0,Clear,Dry,Daylight,,4134001.0,,50,Fixed object,0,0,N
3007,2,-122.3702416,47.6312875,3489,320700,322200,3751013,Matched,Block,,OLYMPIC WAY W BETWEEN W LEE ST AND 10TH AVE W, ,,2,Injury Collision,Rear Ended,2,0,0,2,2019/06/28 00:00:00+00,6/28/2019 8:56:00 PM,Mid-Block (but intersection related),14,"MOTOR VEHICLE STRUCK MOTOR VEHICLE, REAR END",,Y,Clear,Dry,Dusk,,,,14,From same direction - both going straight - one stopped - rear-end,0,0,N
3008,1,-122.37529029999999,47.52556455,3490,17048,17048,1781625,Matched,Block,,34TH AVE SW BETWEEN SW CLOVERDALE ST AND SW TRENTON ST,,,1,Property Damage Only Collision,Parked Car,2,0,0,2,2004/11/30 00:00:00+00,11/30/2004 1:00:00 AM,Mid-Block (not related to intersection),11,"MOTOR VEHICLE STRUCK MOTOR VEHICLE, FRONT END AT ANGLE",,0,Unknown,Unknown,Unknown,,4335034.0,,32,One parked--one moving,0,0,N
3009,1,,,3491,322400,323900,E950265,Matched,Alley,,, ,,1,Property Damage Only Collision,Parked Car,2,0,0,2,2019/08/14 00:00:00+00,8/14/2019 2:30:00 PM,,0,NOT ENOUGH INFORMATION / NOT APPLICABLE,,N,Clear,Dry,Daylight,,,,32,One parked--one moving,0,0,N
3010,1,-122.3245186,47.66498115,3493,326900,328400,3824454,Matched,Block,,NE 50TH ST BETWEEN LATONA E AVE NE AND 4TH AVE NE, ,,1,Property Damage Only Collision,Sideswipe,2,0,0,2,2019/11/16 00:00:00+00,11/16/2019 10:24:00 AM,Mid-Block (not related to intersection),11,"MOTOR VEHICLE STRUCK MOTOR VEHICLE, FRONT END AT ANGLE",,N,Overcast,Dry,Daylight,,,,11,From same direction - both going straight - both moving - sideswipe,0,0,N
3011,2,-122.27508700000001,47.51671033,3494,17486,17486,1784054,Matched,Block,,BEACON AVE S BETWEEN S FLETCHER ST AND S BOND ST,,,2,Injury Collision,Head On,4,0,0,2,2004/12/04 00:00:00+00,12/4/2004,Mid-Block (not related to intersection),11,"MOTOR VEHICLE STRUCK MOTOR VEHICLE, FRONT END AT ANGLE",,0,Raining,Wet,Daylight,,4339017.0,Y,24,From opposite direction - both moving - head-on,0,0,N
3012,1,-122.36599299999999,47.69065541,3495,17977,17977,1778788,Matched,Intersection,37181.0,8TH AVE NW AND NW 85TH ST,,,1,Property Damage Only Collision,Left Turn,3,0,0,2,2004/06/22 00:00:00+00,6/22/2004 4:50:00 PM,At Intersection (intersection related),11,"MOTOR VEHICLE STRUCK MOTOR VEHICLE, FRONT END AT ANGLE",,0,Clear,Dry,Daylight,,4174023.0,,28,From opposite direction - one left turn - one straight,0,0,N
3013,1,-122.3637963,47.62873936,3496,16879,16879,3546294,Matched,Block,,W PROSPECT ST BETWEEN 5TH AVE W AND 6TH AVE W, ,,1,Property Damage Only Collision,Parked Car,2,0,0,2,2013/04/12 00:00:00+00,4/12/2013 1:30:00 AM,Mid-Block (not related to intersection),11,"MOTOR VEHICLE STRUCK MOTOR VEHICLE, FRONT END AT ANGLE",,N,Unknown,Unknown,Unknown,,,,32,One parked--one moving,0,0,N
3014,1,-122.357975,47.68620434,3497,233800,234200,3767196,Matched,Intersection,24063.0,1ST AVE NW AND NW 79TH ST, ,,1,Property Damage Only Collision,Angles,3,0,0,3,2017/01/23 00:00:00+00,1/23/2017 8:55:00 PM,At Intersection (intersection related),11,"MOTOR VEHICLE STRUCK MOTOR VEHICLE, FRONT END AT ANGLE",,N,Clear,Dry,Dark - Street Lights On,,,,10,Entering at angle,0,0,N
3015,1,-122.3046125,47.645975,3499,16697,16697,3503262,Matched,Block,,MONTLAKE BLVD E BETWEEN E HAMLIN ST AND E SHELBY ST, ,,1,Property Damage Only Collision,Other,2,0,0,2,2013/04/06 00:00:00+00,4/6/2013 5:45:00 PM,Mid-Block (not related to intersection),11,"MOTOR VEHICLE STRUCK MOTOR VEHICLE, FRONT END AT ANGLE",,N,Raining,Wet,Daylight,,,Y,50,Fixed object,0,0,N
3016,1,-122.364295,47.55450639,3500,316800,318300,3692633,Matched,Block,,25TH AVE SW BETWEEN PUGET BLVD SW AND SW BRANDON ST, ,,1,Property Damage Only Collision,Parked Car,3,0,0,2,2019/03/28 00:00:00+00,3/28/2019 6:10:00 PM,Mid-Block (not related to intersection),11,"MOTOR VEHICLE STRUCK MOTOR VEHICLE, FRONT END AT ANGLE",,N,Clear,Dry,Daylight,,,,32,One parked--one moving,0,0,Y
3017,1,-122.3205065,47.53904119,3501,17240,17240,1317270,Matched,Block,,ELLIS AVE S BETWEEN S MYRTLE ST AND EAST MARGINAL WAY S,,,1,Property Damage Only Collision,Other,2,0,0,2,2004/05/15 00:00:00+00,5/15/2004 8:30:00 PM,Driveway Junction,11,"MOTOR VEHICLE STRUCK MOTOR VEHICLE, FRONT END AT ANGLE",,0,Overcast,Dry,Daylight,,4136018.0,,21,One car entering driveway access,0,0,N
3018,1,-122.2862688,47.55048666,3502,329400,330900,EA18376,Unmatched,Block,,37TH AVE S BETWEEN S ORCAS ST AND S JUNEAU ST, ,,1,Property Damage Only Collision,,1,0,0,0,2020/02/26 00:00:00+00,2/26/2020,Mid-Block (not related to intersection),28,MOTOR VEHICLE RAN OFF ROAD - HIT FIXED OBJECT,,,,,,,,, ,,0,0,N
3019,1,-122.3394385,47.56232364,3504,17041,17041,1787920,Matched,Intersection,32192.0,DIAGONAL AVE S AND EAST MARGINAL WAY S,,,1,Property Damage Only Collision,Sideswipe,2,0,0,2,2004/07/10 00:00:00+00,7/10/2004 7:54:00 AM,At Intersection (intersection related),16,"MOTOR VEHICLE STRUCK MOTOR VEHICLE, LEFT SIDE SIDESWIPE",,0,Clear,Dry,Daylight,,4192034.0,,11,From same direction - both going straight - both moving - sideswipe,0,0,N
3020,2,-122.31197140000002,47.67781402,3506,16778,16778,3608776,Matched,Block,,15TH AVE NE BETWEEN NE 68TH S ST AND NE 68TH N ST, ,,2,Injury Collision,Rear Ended,2,0,0,2,2013/04/11 00:00:00+00,4/11/2013 8:40:00 AM,Mid-Block (not related to intersection),14,"MOTOR VEHICLE STRUCK MOTOR VEHICLE, REAR END",Y,N,Raining,Wet,Daylight,,,,14,From same direction - both going straight - one stopped - rear-end,0,0,N
3021,1,-122.32442309999999,47.60519799,3507,17209,17209,1477837,Matched,Block,,9TH AVE BETWEEN JEFFERSON ST AND JAMES ST,,,1,Property Damage Only Collision,Parked Car,2,0,0,2,2004/08/18 00:00:00+00,8/18/2004 3:15:00 PM,Driveway Junction,11,"MOTOR VEHICLE STRUCK MOTOR VEHICLE, FRONT END AT ANGLE",,0,Clear,Dry,Daylight,,4231030.0,,20,One car leaving parked position,0,0,N
3022,2,-122.34691709999998,47.624469299999994,3508,262300,263060,E750706,Matched,Block,,MERCER ST BETWEEN 5TH AVE N AND TAYLOR AVE N, ,,2,Injury Collision,Cycles,2,0,1,1,2017/12/20 00:00:00+00,12/20/2017 6:15:00 PM,Mid-Block (not related to intersection),18,"MOTOR VEHICLE STRUCK PEDALCYCLIST, FRONT END AT ANGLE",,N,Unknown,Unknown,Unknown,Y,,,45,Vehicle - Pedalcyclist,0,0,N
3023,1,-122.3194561,47.61466378,3509,17810,17810,1789518,Matched,Block,,10TH AVE BETWEEN E PIKE ST AND E PINE ST,,,1,Property Damage Only Collision,Parked Car,2,0,0,2,2004/07/31 00:00:00+00,7/31/2004 4:00:00 AM,Mid-Block (not related to intersection),11,"MOTOR VEHICLE STRUCK MOTOR VEHICLE, FRONT END AT ANGLE",,0,Clear,Dry,Dark - Street Lights On,,4213015.0,,32,One parked--one moving,0,0,N
3024,1,-122.3627314,47.70139041,3510,16871,16871,3504422,Matched,Block,,HOLMAN RD NW BETWEEN 6TH AVE NW AND 4TH AVE NW, ,,1,Property Damage Only Collision,Sideswipe,2,0,0,2,2013/04/13 00:00:00+00,4/13/2013 9:17:00 AM,Mid-Block (not related to intersection),14,"MOTOR VEHICLE STRUCK MOTOR VEHICLE, REAR END",,N,Overcast,Dry,Daylight,,,,11,From same direction - both going straight - both moving - sideswipe,0,0,N
3025,1,-122.3591107,47.52738878,3511,319600,321100,3752681,Matched,Block,,20TH AVE SW BETWEEN SW THISTLE ST AND SW CLOVERDALE ST, ,,1,Property Damage Only Collision,Parked Car,2,0,0,2,2019/05/28 00:00:00+00,5/28/2019 3:59:00 PM,Mid-Block (not related to intersection),15,"MOTOR VEHICLE STRUCK MOTOR VEHICLE, RIGHT SIDE SIDESWIPE",Y,N,Clear,Dry,Daylight,,,,32,One parked--one moving,0,0,N
3026,1,-122.35756629999999,47.61795105,3512,17759,17759,1316769,Matched,Block,,ELLIOTT AVE BETWEEN BAY ST AND W DENNY WAY,,,1,Property Damage Only Collision,Parked Car,2,0,0,2,2004/03/02 00:00:00+00,3/2/2004,Mid-Block (not related to intersection),16,"MOTOR VEHICLE STRUCK MOTOR VEHICLE, LEFT SIDE SIDESWIPE",,0,Clear,Dry,Daylight,,4062002.0,,32,One parked--one moving,0,0,N
3027,2,-122.2975068,47.5961278,3513,301900,303120,3814161,Matched,Block,,M L KING JR WAY S BETWEEN S LANE ST AND S DEARBORN ST, ,,2,Injury Collision,Rear Ended,3,0,0,2,2018/08/19 00:00:00+00,8/19/2018 11:23:00 PM,Mid-Block (not related to intersection),14,"MOTOR VEHICLE STRUCK MOTOR VEHICLE, REAR END",,N,Clear,Dry,Dark - Street Lights On,,,Y,14,From same direction - both going straight - one stopped - rear-end,0,0,N
3028,1,-122.3698722,47.69063892,3514,16755,16755,3507872,Matched,Block,,NW 85TH ST BETWEEN 10TH AVE NW AND 11TH AVE NW, ,,1,Property Damage Only Collision,Parked Car,2,0,0,2,2013/04/10 00:00:00+00,4/10/2013 8:27:00 AM,Mid-Block (not related to intersection),14,"MOTOR VEHICLE STRUCK MOTOR VEHICLE, REAR END",,N,Raining,Wet,Daylight,,,,32,One parked--one moving,0,0,N
3029,1,-122.38565590000002,47.54937852,3515,17238,17238,1317217,Matched,Block,,42ND AVE SW BETWEEN SW JUNEAU ST AND SW RAYMOND ST,,,1,Property Damage Only Collision,Parked Car,2,0,0,2,2004/01/27 00:00:00+00,1/27/2004 2:30:00 AM,Mid-Block (not related to intersection),12,"MOTOR VEHICLE STRUCK MOTOR VEHICLE, RIGHT SIDE AT ANGLE",Y,0,Clear,Dry,Dark - Street Lights On,,4027001.0,,32,One parked--one moving,0,0,N
3030,1,-122.3309288,47.59919974,3516,16732,16732,3562711,Matched,Block,,S JACKSON ST BETWEEN 2ND AVE S AND 3RD AVE S, ,,1,Property Damage Only Collision,Sideswipe,3,0,0,2,2013/04/08 00:00:00+00,4/8/2013 10:32:00 AM,Mid-Block (not related to intersection),11,"MOTOR VEHICLE STRUCK MOTOR VEHICLE, FRONT END AT ANGLE",,N,Clear,Dry,Daylight,,,,11,From same direction - both going straight - both moving - sideswipe,0,0,N
3031,1,-122.3254428,47.67551897,3517,17637,17637,1780994,Matched,Block,,LATONA AVE NE BETWEEN NE 64TH ST AND NE 65TH E ST,,,1,Property Damage Only Collision,Parked Car,2,0,0,2,2004/06/26 00:00:00+00,6/26/2004 9:00:00 AM,Mid-Block (not related to intersection),14,"MOTOR VEHICLE STRUCK MOTOR VEHICLE, REAR END",Y,0,Clear,Dry,Daylight,,4178017.0,,32,One parked--one moving,0,0,N
3032,1,-122.38601899999999,47.53148829,3519,17399,17399,1798282,Matched,Block,,SW MONROE ST BETWEEN 41ST AVE SW AND CALIFORNIA AVE SW,,,1,Property Damage Only Collision,Parked Car,2,0,0,2,2004/08/09 00:00:00+00,8/9/2004,Mid-Block (not related to intersection),16,"MOTOR VEHICLE STRUCK MOTOR VEHICLE, LEFT SIDE SIDESWIPE",,0,Clear,Dry,Dark - Street Lights On,,4222016.0,,32,One parked--one moving,0,0,N
3033,1,-122.36260990000001,47.57135437,3520,17029,17029,1781280,Matched,Block,,SW SPOKANE SR ST BETWEEN CHELAN AVE SW AND SW SPOKANE CR ST,,,1,Property Damage Only Collision,Rear Ended,2,0,0,2,2004/02/24 00:00:00+00,2/24/2004 7:53:00 AM,Mid-Block (but intersection related),14,"MOTOR VEHICLE STRUCK MOTOR VEHICLE, REAR END",Y,0,Raining,Wet,Daylight,,4055011.0,,14,From same direction - both going straight - one stopped - rear-end,0,0,N
3034,2,-122.3660203,47.67777044,3521,16980,16980,1794158,Matched,Intersection,24205.0,8TH AVE NW AND NW 67TH ST,,,2,Injury Collision,Angles,3,0,0,2,2004/10/13 00:00:00+00,10/13/2004 3:20:00 PM,At Intersection (intersection related),11,"MOTOR VEHICLE STRUCK MOTOR VEHICLE, FRONT END AT ANGLE",,0,Clear,Dry,Daylight,,4287026.0,,10,Entering at angle,0,0,N
3035,1,-122.31319750000002,47.53426725,3523,17205,17205,1227724,Matched,Intersection,34391.0,16TH AVE S AND EAST MARGINAL WAY S,,,1,Property Damage Only Collision,Sideswipe,2,0,0,2,2004/04/27 00:00:00+00,4/27/2004 10:10:00 AM,At Intersection (intersection related),16,"MOTOR VEHICLE STRUCK MOTOR VEHICLE, LEFT SIDE SIDESWIPE",,0,Overcast,Dry,Daylight,,4118019.0,,71,Same direction -- both turning right -- both moving -- sideswipe,0,0,N
3036,1,-122.31597509999999,47.54858799,3524,235600,236040,3782586,Matched,Intersection,33127.0,13TH AVE S AND AIRPORT WAY S, ,,1,Property Damage Only Collision,Left Turn,2,0,0,2,2017/02/03 00:00:00+00,2/3/2017 2:00:00 PM,At Intersection (intersection related),11,"MOTOR VEHICLE STRUCK MOTOR VEHICLE, FRONT END AT ANGLE",,N,Raining,Wet,Daylight,,,,28,From opposite direction - one left turn - one straight,0,0,N
3037,1,-122.3450953,47.73397284,3525,17478,17478,1780669,Matched,Block,,AURORA AVE N BETWEEN ROOSEVELT WAY N AND N 145TH ST,,,1,Property Damage Only Collision,Rear Ended,4,0,0,3,2004/02/11 00:00:00+00,2/11/2004 2:00:00 PM,Mid-Block (but intersection related),14,"MOTOR VEHICLE STRUCK MOTOR VEHICLE, REAR END",,0,Clear,Dry,Daylight,,4042011.0,,14,From same direction - both going straight - one stopped - rear-end,0,0,N
3038,2,-122.3727505,47.68507393,3526,17506,17506,1781042,Matched,Intersection,24147.0,13TH AVE NW AND NW 77TH ST,,,2,Injury Collision,Angles,5,0,0,2,2004/06/27 00:00:00+00,6/27/2004 5:35:00 PM,At Intersection (intersection related),11,"MOTOR VEHICLE STRUCK MOTOR VEHICLE, FRONT END AT ANGLE",,0,Clear,Dry,Daylight,,4179006.0,Y,10,Entering at angle,0,0,N
3039,2,-122.35449979999999,47.6473284,3527,325800,327300,E979938,Matched,Block,,WARREN AVE N BETWEEN FLORENTIA ST AND ETRURIA ST, ,,2,Injury Collision,Sideswipe,2,0,0,2,2019/11/07 00:00:00+00,11/7/2019 7:48:00 AM,Mid-Block (not related to intersection),11,"MOTOR VEHICLE STRUCK MOTOR VEHICLE, FRONT END AT ANGLE",,N,Clear,Dry,Daylight,,,,11,From same direction - both going straight - both moving - sideswipe,0,0,N
3040,1,-122.3115774,47.59922460000001,3528,16615,16615,3605986,Matched,Intersection,30748.0,16TH AVE S AND S JACKSON ST, ,,1,Property Damage Only Collision,Other,1,0,0,1,2013/04/06 00:00:00+00,4/6/2013 3:04:00 AM,At Intersection (intersection related),28,MOTOR VEHICLE RAN OFF ROAD - HIT FIXED OBJECT,,N,Raining,Dry,Dark - Street Lights On,,,,50,Fixed object,0,0,N
3041,1,-122.34495840000001,47.68256595,3529,17116,17116,1794135,Matched,Intersection,24314.0,WINONA AVE N AND N 74TH ST,,,1,Property Damage Only Collision,Other,2,0,0,2,2004/09/13 00:00:00+00,9/13/2004 7:44:00 AM,At Intersection (intersection related),11,"MOTOR VEHICLE STRUCK MOTOR VEHICLE, FRONT END AT ANGLE",,0,Raining,Wet,Dawn,,4257012.0,,23,From same direction - all others,0,0,N
3042,2,-122.3283756,47.60699792,3530,17898,17898,1319923,Matched,Block,,MARION ST BETWEEN 7TH AVE AND 8TH AVE,,,2,Injury Collision,Other,1,0,0,1,2004/02/03 00:00:00+00,2/3/2004,Mid-Block (not related to intersection),26,MOTOR VEHICLE STRUCK OBJECT IN ROAD,,0,Clear,Dry,Daylight,,4034014.0,,50,Fixed object,0,0,N
3043,1,-122.34756809999999,47.62449513,3532,16474,16474,3581708,Matched,Intersection,28914.0,5TH AVE N AND MERCER ST, ,,1,Property Damage Only Collision,Angles,4,0,0,2,2013/04/03 00:00:00+00,4/3/2013 8:30:00 PM,At Intersection (intersection related),11,"MOTOR VEHICLE STRUCK MOTOR VEHICLE, FRONT END AT ANGLE",,N,Clear,Dry,Dark - Street Lights On,,,,10,Entering at angle,0,0,N
3044,1,-122.3046603,47.62481033,3533,17047,17047,1781551,Matched,Block,,21ST AVE E BETWEEN E MERCER ST AND E ROY ST,,,1,Property Damage Only Collision,Parked Car,2,0,0,2,2004/01/25 00:00:00+00,1/25/2004 6:00:00 AM,Mid-Block (not related to intersection),14,"MOTOR VEHICLE STRUCK MOTOR VEHICLE, REAR END",,0,Other,Unknown,Unknown,,4025016.0,,32,One parked--one moving,0,0,N
3045,2,-122.3583071,47.65310982,3534,313200,314640,3810535,Matched,Block,,NW 36TH ST BETWEEN 1ST AVE NW AND LEARY WAY NW, ,,2,Injury Collision,Other,1,0,0,1,2019/02/04 00:00:00+00,2/4/2019 9:52:00 AM,Mid-Block (not related to intersection),28,MOTOR VEHICLE RAN OFF ROAD - HIT FIXED OBJECT,Y,N,Snowing,Snow/Slush,Daylight,,,Y,50,Fixed object,0,0,N
3046,1,-122.3466941,47.6422552,3535,17085,17085,1480523,Matched,Block,,HALLADAY ST BETWEEN AURORA AVE N AND BIRCH AVE N,,,1,Property Damage Only Collision,Rear Ended,2,0,0,2,2004/09/22 00:00:00+00,9/22/2004 6:53:00 AM,Mid-Block (but intersection related),14,"MOTOR VEHICLE STRUCK MOTOR VEHICLE, REAR END",,0,Overcast,Dry,Daylight,,4266005.0,,74,Same direction -- both turning right -- one stopped -- rear end,0,0,N
3047,1,-122.331429,47.61794165,3536,16727,16727,3549406,Matched,Block,,STEWART ST BETWEEN MINOR AVE AND YALE AVE, ,,1,Property Damage Only Collision,Parked Car,2,0,0,2,2013/04/10 00:00:00+00,4/10/2013 12:01:00 AM,Mid-Block (not related to intersection),11,"MOTOR VEHICLE STRUCK MOTOR VEHICLE, FRONT END AT ANGLE",,N,Clear,Dry,Dark - Street Lights On,,,,32,One parked--one moving,0,0,N
3048,2,-122.3025936,47.58837465,3538,17533,17533,1771517,Matched,Intersection,31514.0,23RD AVE S AND S MASSACHUSETTS ST,,,2,Injury Collision,Left Turn,3,0,0,2,2004/07/03 00:00:00+00,7/3/2004,At Intersection (intersection related),11,"MOTOR VEHICLE STRUCK MOTOR VEHICLE, FRONT END AT ANGLE",,0,Clear,Dry,Daylight,,4185020.0,,28,From opposite direction - one left turn - one straight,0,0,N
3049,1,-122.3252922,47.67687281,3539,16990,16990,1780715,Matched,Block,,4TH AVE NE BETWEEN NE 65TH ST AND WOODLAWN S AVE NE,,,1,Property Damage Only Collision,Parked Car,2,0,0,2,2004/02/11 00:00:00+00,2/11/2004 9:30:00 AM,Mid-Block (not related to intersection),16,"MOTOR VEHICLE STRUCK MOTOR VEHICLE, LEFT SIDE SIDESWIPE",,0,Unknown,Unknown,Unknown,,4042008.0,,32,One parked--one moving,0,0,N
3050,1,-122.30292800000001,47.58410158,3540,215500,215760,3726348,Matched,Block,,23RD AVE S BETWEEN RAINIER AVE S AND S WALKER ST, ,,1,Property Damage Only Collision,Rear Ended,3,0,0,3,2016/03/10 00:00:00+00,3/10/2016 11:03:00 AM,Mid-Block (but intersection related),14,"MOTOR VEHICLE STRUCK MOTOR VEHICLE, REAR END",,N,Overcast,Wet,Daylight,,,,14,From same direction - both going straight - one stopped - rear-end,0,0,N
3051,2,-122.34089250000001,47.61239803,3541,17959,17959,1333794,Matched,Intersection,29563.0,3RD AVE AND VIRGINIA ST,,,2,Injury Collision,Left Turn,2,0,0,2,2004/02/08 00:00:00+00,2/8/2004,At Intersection (intersection related),11,"MOTOR VEHICLE STRUCK MOTOR VEHICLE, FRONT END AT ANGLE",,0,Overcast,Wet,Daylight,,4039009.0,,28,From opposite direction - one left turn - one straight,0,0,N
3052,2,-122.3023787,47.71932084,3542,17658,17658,1773730,Matched,Block,,NE 125TH ST BETWEEN 24TH E AVE NE AND 25TH AVE NE,,,2,Injury Collision,Rear Ended,4,0,0,2,2004/01/21 00:00:00+00,1/21/2004 6:30:00 PM,Mid-Block (but intersection related),14,"MOTOR VEHICLE STRUCK MOTOR VEHICLE, REAR END",Y,0,Clear,Dry,Dark - Street Lights On,,4021002.0,,14,From same direction - both going straight - one stopped - rear-end,0,0,N
3053,2,-122.3179209,47.66494073,3543,16701,16701,3504771,Matched,Block,,NE 50TH ST BETWEEN 9TH AVE NE AND ROOSEVELT WAY NE, ,,2,Injury Collision,Rear Ended,3,0,0,2,2013/04/07 00:00:00+00,4/7/2013 1:45:00 PM,Mid-Block (but intersection related),14,"MOTOR VEHICLE STRUCK MOTOR VEHICLE, REAR END",,N,Raining,Wet,Daylight,,,,13,From same direction - both going straight - both moving - rear-end,0,0,N
3054,2,-122.34114479999998,47.66503632,3544,16453,16453,3501827,Matched,Block,,N 50TH ST BETWEEN STONE AVE N AND GREEN LAKE WAY N, ,,2,Injury Collision,Cycles,2,0,1,1,2013/04/04 00:00:00+00,4/4/2013 5:05:00 PM,Mid-Block (not related to intersection),54,PEDALCYCLIST STRUCK MOTOR VEHICLE REAR END,,N,Raining,Wet,Daylight,,,Y,45,Vehicle - Pedalcyclist,21592,0,N
3055,1,-122.3348033,47.60480289,3545,17099,17099,1071219,Matched,Block,,2ND AVE BETWEEN MARION ST AND MADISON ST,,,1,Property Damage Only Collision,Parked Car,2,0,0,2,2004/04/21 00:00:00+00,4/21/2004 2:00:00 PM,Mid-Block (not related to intersection),11,"MOTOR VEHICLE STRUCK MOTOR VEHICLE, FRONT END AT ANGLE",Y,0,Clear,Dry,Daylight,,4112026.0,,32,One parked--one moving,0,0,N
3056,1,-122.36195190000001,47.62212956,3546,16746,16746,3208657,Matched,Intersection,28649.0,4TH AVE W AND W HARRISON ST, ,,1,Property Damage Only Collision,Angles,2,0,0,2,2013/04/10 00:00:00+00,4/10/2013 5:45:00 PM,At Intersection (intersection related),11,"MOTOR VEHICLE STRUCK MOTOR VEHICLE, FRONT END AT ANGLE",,N,Clear,Dry,Daylight,,,,10,Entering at angle,0,0,N
3057,1,-122.2753174,47.53301138,3547,16896,16896,3579276,Matched,Block,,46TH AVE S BETWEEN S HOLDEN S ST AND S CHICAGO ST, ,,1,Property Damage Only Collision,Parked Car,2,0,0,2,2013/04/14 00:00:00+00,4/14/2013 9:18:00 AM,Mid-Block (not related to intersection),11,"MOTOR VEHICLE STRUCK MOTOR VEHICLE, FRONT END AT ANGLE",,N,Clear,Wet,Daylight,,,Y,32,One parked--one moving,0,0,N
3058,2,-122.38430430000001,47.68131967,3548,16843,16843,3501634,Matched,Intersection,23908.0,22ND AVE NW AND NW 73RD ST, ,,2,Injury Collision,Angles,2,0,0,2,2013/04/14 00:00:00+00,4/14/2013 9:00:00 PM,At Intersection (intersection related),11,"MOTOR VEHICLE STRUCK MOTOR VEHICLE, FRONT END AT ANGLE",,Y,Clear,Dry,Dark - Street Lights On,,,Y,10,Entering at angle,0,0,N
3059,1,-122.3167797,47.60980944,3549,195300,195400,3736142,Matched,Block,,12TH AVE BETWEEN E COLUMBIA ST AND E MARION ST,NEI,"Not Enough Information, or Insufficient Location Information",1,Property Damage Only Collision,Parked Car,2,0,0,2,2015/06/06 00:00:00+00,6/6/2015 9:00:00 AM,,0,NOT ENOUGH INFORMATION / NOT APPLICABLE,,N,Unknown,Unknown,Unknown,,,,32,One parked--one moving,0,0,Y
3060,1,-122.3390531,47.51917316,3551,261500,262240,3744138,Matched,Block,,OLSON PL SW BETWEEN 3RD AVE SW AND SW CAMBRIDGE PL, ,,1,Property Damage Only Collision,Other,1,0,0,1,2017/12/18 00:00:00+00,12/18/2017 12:50:00 PM,Mid-Block (not related to intersection),28,MOTOR VEHICLE RAN OFF ROAD - HIT FIXED OBJECT,,N,Raining,Wet,Daylight,,,,50,Fixed object,0,0,N
3061,1,-122.30227849999999,47.63302962,3553,17511,17511,1795860,Matched,Block,,E CRESCENT DR BETWEEN 22ND AVE E AND E GALER E ST,,,1,Property Damage Only Collision,Parked Car,2,0,0,2,2004/10/22 00:00:00+00,10/22/2004 3:40:00 PM,Mid-Block (not related to intersection),13,"MOTOR VEHICLE STRUCK MOTOR VEHICLE, LEFT SIDE AT ANGLE",,0,Raining,Wet,Daylight,,4296023.0,,32,One parked--one moving,0,0,N
3062,1,-122.3362293,47.60971758,3554,326300,327800,E986066,Matched,Block,,4TH AVE BETWEEN UNION ST AND PIKE ST, ,,1,Property Damage Only Collision,Rear Ended,3,0,0,2,2019/11/15 00:00:00+00,11/15/2019 8:15:00 AM,Mid-Block (not related to intersection),14,"MOTOR VEHICLE STRUCK MOTOR VEHICLE, REAR END",,N,Overcast,Wet,Daylight,,,,14,From same direction - both going straight - one stopped - rear-end,0,0,N
3063,1,-122.31335659999999,47.57819458,3555,16634,16634,3617432,Matched,Block,,15TH AVE S BETWEEN S MCCLELLAN ST AND S FOREST ST, ,,1,Property Damage Only Collision,Parked Car,3,0,0,2,2013/04/06 00:00:00+00,4/6/2013 5:19:00 PM,Mid-Block (not related to intersection),11,"MOTOR VEHICLE STRUCK MOTOR VEHICLE, FRONT END AT ANGLE",Y,N,Raining,Wet,Daylight,,,,20,One car leaving parked position,0,0,N
3064,1,-122.32364059999999,47.68679541,3556,17452,17452,1079853,Matched,Block,,NE 80TH ST BETWEEN 4TH AVE NE AND 5TH AVE NE,,,1,Property Damage Only Collision,Sideswipe,3,0,0,2,2004/07/11 00:00:00+00,7/11/2004 2:31:00 PM,Mid-Block (not related to intersection),16,"MOTOR VEHICLE STRUCK MOTOR VEHICLE, LEFT SIDE SIDESWIPE",,0,Clear,Dry,Daylight,,4193007.0,,11,From same direction - both going straight - both moving - sideswipe,0,0,N