,SEVERITYCODE,X,Y,OBJECTID,INCKEY,COLDETKEY,REPORTNO,STATUS,ADDRTYPE,INTKEY,LOCATION,EXCEPTRSNCODE,EXCEPTRSNDESC,SEVERITYCODE.1,SEVERITYDESC,COLLISIONTYPE,PERSONCOUNT,PEDCOUNT,PEDCYLCOUNT,VEHCOUNT,INCDATE,INCDTTM,JUNCTIONTYPE,SDOT_COLCODE,SDOT_COLDESC,INATTENTIONIND,UNDERINFL,WEATHER,ROADCOND,LIGHTCOND,PEDROWNOTGRNT,SDOTCOLNUM,SPEEDING,ST_COLCODE,ST_COLDESC,SEGLANEKEY,CROSSWALKKEY,HITPARKEDCAR
3065,2,-122.34456499999999,47.69418567,3558,16514,16514,3501992,Matched,Intersection,37340.0,AURORA AVE N AND N 90TH ST, ,,2,Injury Collision,Left Turn,2,0,0,2,2013/04/06 00:00:00+00,4/6/2013 1:37:00 AM,At Intersection (intersection related),11,"MOTOR VEHICLE STRUCK MOTOR VEHICLE, FRONT END AT ANGLE",,Y,Raining,Wet,Dark - Street Lights On,,,,28,From opposite direction - one left turn - one straight,0,0,N
3066,1,-122.3660347,47.69786483,3559,16749,16749,3501904,Matched,Intersection,37149.0,8TH AVE NW AND NW 95TH ST, ,,1,Property Damage Only Collision,Angles,4,0,0,2,2013/04/10 00:00:00+00,4/10/2013 8:04:00 AM,At Intersection (intersection related),11,"MOTOR VEHICLE STRUCK MOTOR VEHICLE, FRONT END AT ANGLE",,N,Overcast,Wet,Daylight,,,,10,Entering at angle,0,0,N
3067,1,-122.29771809999998,47.71561998,3560,16944,16944,1079801,Matched,Block,,NE 120TH ST BETWEEN 28TH AVE NE AND LAKE CITY WAY NE,,,1,Property Damage Only Collision,Other,4,0,0,2,2004/07/01 00:00:00+00,7/1/2004,Driveway Junction,11,"MOTOR VEHICLE STRUCK MOTOR VEHICLE, FRONT END AT ANGLE",,0,Overcast,Dry,Daylight,,4183013.0,,22,One car leaving driveway access,0,0,N
3068,1,-122.3962949,47.5593749,3561,307900,309180,3746085,Matched,Intersection,32850.0,50TH AVE SW AND SW EDMUNDS ST, ,,1,Property Damage Only Collision,Angles,4,0,0,3,2018/12/10 00:00:00+00,12/10/2018 7:00:00 PM,At Intersection (intersection related),11,"MOTOR VEHICLE STRUCK MOTOR VEHICLE, FRONT END AT ANGLE",,N,Raining,Wet,Dark - Street Lights On,,,,10,Entering at angle,0,0,N
3069,2,-122.3260688,47.63486593,3562,16855,16855,3503468,Matched,Block,,E BLAINE ST BETWEEN FAIRVIEW AVE E AND EASTLAKE AVE E, ,,2,Injury Collision,Parked Car,5,3,0,2,2013/04/14 00:00:00+00,4/14/2013 1:40:00 AM,Mid-Block (not related to intersection),11,"MOTOR VEHICLE STRUCK MOTOR VEHICLE, FRONT END AT ANGLE",,N,Clear,Dry,Dark - Street Lights On,,,,32,One parked--one moving,0,0,N
3070,1,-122.2910185,47.68304844,3563,17679,17679,1773924,Matched,Block,,NE 75TH ST BETWEEN 34TH AVE NE AND 35TH AVE NE,,,1,Property Damage Only Collision,Sideswipe,3,0,0,2,2004/02/18 00:00:00+00,2/18/2004 7:25:00 AM,Mid-Block (but intersection related),16,"MOTOR VEHICLE STRUCK MOTOR VEHICLE, LEFT SIDE SIDESWIPE",,0,Overcast,Wet,Daylight,,4049011.0,,12,From same direction - both going straight - one stopped - sideswipe,0,0,N
3071,1,-122.33937579999998,47.61853819,3564,278400,279300,E777564,Matched,Intersection,29511.0,9TH AVE AND DENNY WAY, ,,1,Property Damage Only Collision,Other,5,0,0,2,2018/02/18 00:00:00+00,2/18/2018 6:06:00 PM,At Intersection (intersection related),11,"MOTOR VEHICLE STRUCK MOTOR VEHICLE, FRONT END AT ANGLE",Y,N,Snowing,Dry,Dark - Street Lights On,,,,23,From same direction - all others,0,0,N
3072,2,-122.3390723,47.57150647,3565,16985,16985,1785774,Matched,Block,,WEST SEATTLE BR EB BETWEEN 1ST AV S OFF RP AND SPOKANE ST - W SEA B RP,,,2,Injury Collision,Sideswipe,6,0,0,2,2004/06/16 00:00:00+00,6/16/2004 9:00:00 PM,Mid-Block (not related to intersection),11,"MOTOR VEHICLE STRUCK MOTOR VEHICLE, FRONT END AT ANGLE",,0,Clear,Dry,Daylight,,4168032.0,Y,11,From same direction - both going straight - both moving - sideswipe,0,0,N
3073,1,-122.29429209999999,47.622502399999995,3566,198600,198757,3642359,Matched,Block,,E HARRISON ST BETWEEN 29TH AVE E AND DEWEY PL E, ,,1,Property Damage Only Collision,Parked Car,2,0,0,2,2015/07/27 00:00:00+00,7/27/2015 12:32:00 PM,Mid-Block (but intersection related),12,"MOTOR VEHICLE STRUCK MOTOR VEHICLE, RIGHT SIDE AT ANGLE",Y,N,Clear,Dry,Daylight,,,,32,One parked--one moving,0,0,Y
3074,2,-122.33419599999999,47.58927175,3569,306000,307280,E852560,Matched,Block,,1ST AVE S BETWEEN S ATLANTIC ST AND S MASSACHUSETTS ST, ,,2,Injury Collision,Other,2,0,0,2,2018/10/15 00:00:00+00,10/15/2018 6:04:00 PM,Mid-Block (not related to intersection),11,"MOTOR VEHICLE STRUCK MOTOR VEHICLE, FRONT END AT ANGLE",,N,Clear,Dry,Dusk,,,,23,From same direction - all others,0,0,N
3075,2,-122.28129320000001,47.537042299999996,3570,16824,16824,3372968,Matched,Intersection,34562.0,M L KING JR WR WAY S AND S OTHELLO ST, ,,2,Injury Collision,Angles,3,0,0,2,2013/04/14 00:00:00+00,4/14/2013 7:55:00 PM,At Intersection (intersection related),11,"MOTOR VEHICLE STRUCK MOTOR VEHICLE, FRONT END AT ANGLE",Y,N,Clear,Dry,Dusk,,,,10,Entering at angle,0,0,N
3076,1,-122.3576236,47.63595585,3571,16971,16971,1794843,Matched,Block,,W HOWE ST BETWEEN QUEEN ANNE AVE N AND 1ST AVE W,,,1,Property Damage Only Collision,Parked Car,2,0,0,2,2004/12/06 00:00:00+00,12/6/2004,Mid-Block (not related to intersection),11,"MOTOR VEHICLE STRUCK MOTOR VEHICLE, FRONT END AT ANGLE",,0,Unknown,Unknown,Unknown,,4341043.0,,32,One parked--one moving,0,0,N
3077,1,-122.299567,47.54291008,3573,17749,17749,1788073,Matched,Intersection,34306.0,BEACON WR AVE S AND S HOLLY N ST,,,1,Property Damage Only Collision,Angles,2,0,0,2,2004/04/13 00:00:00+00,4/13/2004 7:50:00 AM,At Intersection (intersection related),11,"MOTOR VEHICLE STRUCK MOTOR VEHICLE, FRONT END AT ANGLE",Y,0,Clear,Dry,Daylight,,4104023.0,,10,Entering at angle,0,0,N
3078,1,-122.3454206,47.61155633,3574,17551,17551,1783188,Matched,Block,,WESTERN AVE BETWEEN LENORA ST AND BLANCHARD ST,,,1,Property Damage Only Collision,Rear Ended,8,0,0,2,2004/06/26 00:00:00+00,6/26/2004 2:49:00 PM,Mid-Block (but intersection related),14,"MOTOR VEHICLE STRUCK MOTOR VEHICLE, REAR END",,0,Clear,Dry,Daylight,,4178036.0,,14,From same direction - both going straight - one stopped - rear-end,0,0,N
3079,1,-122.3511598,47.64440229,3575,320600,322100,3795894,Matched,Block,,NEWELL ST BETWEEN 3RD AVE N AND NOB HILL AVE N, ,,1,Property Damage Only Collision,Parked Car,2,0,0,2,2019/06/22 00:00:00+00,6/22/2019 5:15:00 PM,Mid-Block (not related to intersection),11,"MOTOR VEHICLE STRUCK MOTOR VEHICLE, FRONT END AT ANGLE",Y,N,Clear,Dry,Daylight,,,,32,One parked--one moving,0,0,Y
3080,1,-122.3285257,47.70318004,3576,17323,17323,1792197,Matched,Intersection,37555.0,1ST AVE NE AND NE 103RD ST,,,1,Property Damage Only Collision,Left Turn,4,0,0,2,2004/12/31 00:00:00+00,12/31/2004 11:56:00 AM,At Intersection (intersection related),11,"MOTOR VEHICLE STRUCK MOTOR VEHICLE, FRONT END AT ANGLE",,0,Unknown,Unknown,Daylight,,4366027.0,,28,From opposite direction - one left turn - one straight,0,0,N
3081,1,-122.38115390000002,47.53969853,3577,16670,16670,3672178,Matched,Block,,SW MYRTLE ST BETWEEN 38TH AVE SW AND 39TH AVE SW, ,,1,Property Damage Only Collision,Other,3,0,0,1,2013/04/08 00:00:00+00,4/8/2013 11:16:00 AM,Mid-Block (not related to intersection),28,MOTOR VEHICLE RAN OFF ROAD - HIT FIXED OBJECT,Y,N,Clear,Dry,Daylight,,,,50,Fixed object,0,0,N
3082,2,-122.355301,47.68911343,3578,17073,17073,1775718,Matched,Intersection,24268.0,GREENWOOD AVE N AND N 83RD ST,,,2,Injury Collision,Angles,2,0,0,2,2004/01/28 00:00:00+00,1/28/2004 5:52:00 PM,At Intersection (intersection related),11,"MOTOR VEHICLE STRUCK MOTOR VEHICLE, FRONT END AT ANGLE",,0,Raining,Wet,Dark - Street Lights On,,4028025.0,,10,Entering at angle,0,0,N
3083,1,-122.30793670000001,47.54698098,3579,16719,16719,3671766,Matched,Intersection,33396.0,SWIFT AVE S AND S GRAHAM ST, ,,1,Property Damage Only Collision,Angles,2,0,0,2,2013/04/10 00:00:00+00,4/10/2013 12:20:00 PM,At Intersection (intersection related),11,"MOTOR VEHICLE STRUCK MOTOR VEHICLE, FRONT END AT ANGLE",,N,Clear,Dry,Daylight,,,,10,Entering at angle,0,0,N
3084,1,-122.298592,47.71359991,3580,17644,17644,1778742,Matched,Block,,LAKE CITY WAY NE BETWEEN 27TH AVE NE AND NE 117TH ST,,,1,Property Damage Only Collision,Rear Ended,2,0,0,2,2004/01/02 00:00:00+00,1/2/2004,Mid-Block (not related to intersection),14,"MOTOR VEHICLE STRUCK MOTOR VEHICLE, REAR END",,0,Overcast,Ice,Daylight,,4002062.0,,13,From same direction - both going straight - both moving - rear-end,0,0,N
3085,1,-122.32083689999999,47.65946261,3581,17824,17824,1326838,Matched,Intersection,27082.0,7TH AVE NE AND NE 43RD ST,,,1,Property Damage Only Collision,Left Turn,2,0,0,2,2004/07/02 00:00:00+00,7/2/2004,At Intersection (intersection related),11,"MOTOR VEHICLE STRUCK MOTOR VEHICLE, FRONT END AT ANGLE",,0,Overcast,Dry,Dark - Street Lights On,,4184011.0,Y,15,From same direction - one left turn - one straight,0,0,N
3086,1,-122.27710079999999,47.63802428,3582,17307,17307,1789488,Matched,Block,,43RD AVE E BETWEEN E NEWTON ST AND E LYNN ST,,,1,Property Damage Only Collision,Parked Car,2,0,0,2,2004/01/12 00:00:00+00,1/12/2004 6:30:00 AM,Mid-Block (not related to intersection),11,"MOTOR VEHICLE STRUCK MOTOR VEHICLE, FRONT END AT ANGLE",,0,Overcast,Wet,Unknown,,4012016.0,,32,One parked--one moving,0,0,N
3087,1,-122.33649960000001,47.69595939,3583,216000,216260,3591292,Matched,Intersection,37332.0,WALLINGFORD AVE N AND N 92ND ST, ,,1,Property Damage Only Collision,Sideswipe,3,0,0,2,2016/03/18 00:00:00+00,3/18/2016 2:09:00 PM,At Intersection (intersection related),11,"MOTOR VEHICLE STRUCK MOTOR VEHICLE, FRONT END AT ANGLE",,N,Clear,Dry,Daylight,,,,71,Same direction -- both turning right -- both moving -- sideswipe,0,0,N
3088,1,-122.3046125,47.645975,3584,17623,17623,1789881,Matched,Block,,MONTLAKE BLVD E BETWEEN E HAMLIN ST AND E SHELBY ST,,,1,Property Damage Only Collision,Rear Ended,4,0,0,2,2004/02/14 00:00:00+00,2/14/2004 8:05:00 PM,Mid-Block (but intersection related),14,"MOTOR VEHICLE STRUCK MOTOR VEHICLE, REAR END",Y,0,Raining,Wet,Dark - Street Lights On,,4045003.0,,14,From same direction - both going straight - one stopped - rear-end,0,0,N
3089,1,-122.37343100000001,47.69062367,3585,16523,16523,3507865,Matched,Block,,NW 85TH ST BETWEEN 13TH AVE NW AND 14TH AVE NW, ,,1,Property Damage Only Collision,Sideswipe,4,0,0,2,2013/04/05 00:00:00+00,4/5/2013 4:56:00 PM,Mid-Block (not related to intersection),11,"MOTOR VEHICLE STRUCK MOTOR VEHICLE, FRONT END AT ANGLE",,N,Raining,Wet,Daylight,,,,11,From same direction - both going straight - both moving - sideswipe,0,0,N
3090,1,-122.29497040000001,47.61295618,3586,316600,318100,3585875,Matched,Block,,E UNION ST BETWEEN M L KING JR WAY AND 30TH AVE, ,,1,Property Damage Only Collision,Sideswipe,2,0,0,2,2019/03/26 00:00:00+00,3/26/2019 8:15:00 AM,Mid-Block (not related to intersection),11,"MOTOR VEHICLE STRUCK MOTOR VEHICLE, FRONT END AT ANGLE",,N,Clear,Dry,Daylight,,,,11,From same direction - both going straight - both moving - sideswipe,0,0,Y
3091,1,-122.3287335,47.60487637,3587,17244,17244,1213426,Matched,Intersection,29963.0,6TH AVE AND CHERRY ST,,,1,Property Damage Only Collision,Angles,4,0,0,2,2004/02/07 00:00:00+00,2/7/2004,At Intersection (intersection related),11,"MOTOR VEHICLE STRUCK MOTOR VEHICLE, FRONT END AT ANGLE",,0,Overcast,Dry,Dark - Street Lights On,,4038015.0,,10,Entering at angle,0,0,N
3092,2,-122.3767962,47.68779988,3588,309400,310680,E880852,Matched,Block,,15TH AVE NW BETWEEN NW 80TH ST AND NW 83RD ST, ,,2,Injury Collision,Left Turn,2,0,0,2,2019/01/09 00:00:00+00,1/9/2019 3:11:00 PM,Mid-Block (not related to intersection),11,"MOTOR VEHICLE STRUCK MOTOR VEHICLE, FRONT END AT ANGLE",,N,Raining,Wet,Daylight,,,,28,From opposite direction - one left turn - one straight,0,0,N
3093,1,-122.269921,47.55262164,3589,17434,17434,1793584,Matched,Intersection,33489.0,51ST AVE S AND S LUCILE ST,,,1,Property Damage Only Collision,Angles,2,0,0,2,2004/11/02 00:00:00+00,11/2/2004,At Intersection (intersection related),11,"MOTOR VEHICLE STRUCK MOTOR VEHICLE, FRONT END AT ANGLE",,0,Overcast,Wet,Dark - Street Lights On,,4307006.0,,10,Entering at angle,0,0,N
3094,2,-122.38284180000001,47.6334878,3590,17407,17407,1482479,Matched,Block,,MAGNOLIA BR BETWEEN MAGNOLIA EB W BR AND W GARFIELD ST OFF RP,,,2,Injury Collision,Other,2,0,0,2,2004/07/17 00:00:00+00,7/17/2004 2:40:00 AM,Mid-Block (not related to intersection),11,"MOTOR VEHICLE STRUCK MOTOR VEHICLE, FRONT END AT ANGLE",,0,Clear,Dry,Dark - Street Lights On,,4199039.0,,23,From same direction - all others,0,0,N
3095,2,-122.3364055,47.68691831,3591,17394,17394,1774143,Matched,Intersection,24233.0,WALLINGFORD AVE N AND N 80TH ST,,,2,Injury Collision,Left Turn,3,0,0,2,2004/06/21 00:00:00+00,6/21/2004 4:52:00 PM,At Intersection (intersection related),11,"MOTOR VEHICLE STRUCK MOTOR VEHICLE, FRONT END AT ANGLE",,0,Clear,Dry,Daylight,,4173011.0,,28,From opposite direction - one left turn - one straight,0,0,N
3096,2,-122.2729855,47.52612512,3592,17262,17262,1779385,Matched,Block,,S CLOVERDALE ST BETWEEN 47TH AVE S AND 48TH AVE S,,,2,Injury Collision,Other,2,0,0,1,2004/02/23 00:00:00+00,2/23/2004 1:11:00 PM,Mid-Block (but intersection related),28,MOTOR VEHICLE RAN OFF ROAD - HIT FIXED OBJECT,,0,Overcast,Wet,Daylight,,4054012.0,Y,50,Fixed object,0,0,N
3097,1,-122.29505990000001,47.56086211,3593,16667,16667,3672176,Matched,Intersection,32501.0,S ALASKA PL AND S ALASKA ST, ,,1,Property Damage Only Collision,Pedestrian,2,1,0,1,2013/04/08 00:00:00+00,4/8/2013 6:45:00 AM,At Intersection (intersection related),24,MOTOR VEHCILE STRUCK PEDESTRIAN,,N,Overcast,Wet,Daylight,Y,,,1,Vehicle turning right hits pedestrian,0,0,N
3098,1,-122.32752450000001,47.60439327,3594,16928,16928,1783629,Matched,Block,,JAMES ST BETWEEN 6TH AVE AND 7TH AVE,,,1,Property Damage Only Collision,Angles,3,0,0,3,2004/09/17 00:00:00+00,9/17/2004 4:48:00 PM,Mid-Block (but intersection related),11,"MOTOR VEHICLE STRUCK MOTOR VEHICLE, FRONT END AT ANGLE",,0,Clear,Dry,Daylight,,4261045.0,,10,Entering at angle,0,0,N
3099,2,-122.3478132,47.6141441,3595,217200,217480,3791598,Matched,Intersection,29700.0,1ST AVE AND BATTERY ST, ,,2,Injury Collision,Angles,2,0,0,2,2016/03/31 00:00:00+00,3/31/2016 3:15:00 PM,At Intersection (intersection related),11,"MOTOR VEHICLE STRUCK MOTOR VEHICLE, FRONT END AT ANGLE",,N,Clear,Dry,Daylight,,,,10,Entering at angle,0,0,N
3100,1,,,3597,16868,16868,3503732,Matched,Block,,MERCER ST BETWEEN BROAD ST EB OFF RP AND 9TH AVE N, ,,1,Property Damage Only Collision,Sideswipe,2,0,0,2,2013/04/12 00:00:00+00,4/12/2013 5:25:00 PM,Mid-Block (but intersection related),11,"MOTOR VEHICLE STRUCK MOTOR VEHICLE, FRONT END AT ANGLE",Y,N,Raining,Wet,Daylight,,,,11,From same direction - both going straight - both moving - sideswipe,0,0,N
3101,1,-122.3174433,47.60268714,3598,319900,321400,E927365,Matched,Block,,E FIR ST BETWEEN 11TH AVE AND 12TH AVE, ,,1,Property Damage Only Collision,Parked Car,2,0,0,2,2019/06/02 00:00:00+00,6/2/2019 9:00:00 PM,Mid-Block (not related to intersection),14,"MOTOR VEHICLE STRUCK MOTOR VEHICLE, REAR END",,N,Unknown,Unknown,Unknown,,,,32,One parked--one moving,0,0,Y
3102,1,-122.3156821,47.59919952,3601,302700,303940,E839676,Matched,Block,,S JACKSON ST BETWEEN 12TH AVE S AND 14TH AVE S, ,,1,Property Damage Only Collision,Other,2,0,0,2,2018/09/18 00:00:00+00,9/18/2018 1:26:00 PM,Mid-Block (not related to intersection),11,"MOTOR VEHICLE STRUCK MOTOR VEHICLE, FRONT END AT ANGLE",,N,Clear,Dry,Daylight,,,,41,Vehicle Strikes Railway Vehicle,0,0,N
3103,1,-122.33027309999999,47.59864684,3602,16430,16430,3643898,Matched,Block,,3RD AVE S BETWEEN DEAD END AND S KING ST, ,,1,Property Damage Only Collision,Sideswipe,3,0,0,2,2013/03/27 00:00:00+00,3/27/2013 9:56:00 PM,Mid-Block (not related to intersection),16,"MOTOR VEHICLE STRUCK MOTOR VEHICLE, LEFT SIDE SIDESWIPE",,N,Clear,Dry,Dark - Street Lights On,,,,12,From same direction - both going straight - one stopped - sideswipe,0,0,N
3104,1,-122.3146497,47.57188856,3604,16555,16555,3671683,Matched,Block,,S COLUMBIAN WAY BETWEEN 14TH AVE S AND S SPOKANE ST, ,,1,Property Damage Only Collision,Other,3,0,0,2,2013/04/04 00:00:00+00,4/4/2013 8:11:00 AM,Mid-Block (but intersection related),14,"MOTOR VEHICLE STRUCK MOTOR VEHICLE, REAR END",,N,Raining,Wet,Daylight,,,,23,From same direction - all others,0,0,N
3105,1,-122.3485976,47.66139154,3605,17285,17285,1080368,Matched,Intersection,26923.0,LINDEN AVE N AND N 45TH ST,,,1,Property Damage Only Collision,Angles,3,0,0,2,2004/07/23 00:00:00+00,7/23/2004 5:17:00 PM,At Intersection (intersection related),11,"MOTOR VEHICLE STRUCK MOTOR VEHICLE, FRONT END AT ANGLE",,0,Clear,Dry,Daylight,,4205019.0,,10,Entering at angle,0,0,N
3106,2,-122.3792854,47.56287228,3606,17844,17844,1798553,Matched,Intersection,31926.0,FAUNTLEROY WAY SW AND SW OREGON ST,,,2,Injury Collision,Angles,4,0,0,2,2004/07/02 00:00:00+00,7/2/2004,At Intersection (intersection related),11,"MOTOR VEHICLE STRUCK MOTOR VEHICLE, FRONT END AT ANGLE",,0,Overcast,Dry,Daylight,,4184008.0,,10,Entering at angle,0,0,N
3107,1,-122.3768028,47.68966537,3607,17119,17119,C645979,Matched,Block,,15TH AVE NW BETWEEN NW 83RD ST AND NW 85TH ST,,,1,Property Damage Only Collision,Rear Ended,2,0,0,2,2004/06/26 00:00:00+00,6/26/2004 10:30:00 AM,Mid-Block (but intersection related),14,"MOTOR VEHICLE STRUCK MOTOR VEHICLE, REAR END",,0,Clear,Dry,Daylight,,4178047.0,,14,From same direction - both going straight - one stopped - rear-end,0,0,N
3108,1,-122.3186692,47.55101695,3608,254800,255440,3784720,Matched,Block,,AIRPORT WAY S BETWEEN S CARSTENS PL AND S HOMER ST, ,,1,Property Damage Only Collision,Sideswipe,2,0,0,2,2017/11/18 00:00:00+00,11/18/2017 2:20:00 PM,Mid-Block (not related to intersection),11,"MOTOR VEHICLE STRUCK MOTOR VEHICLE, FRONT END AT ANGLE",,N,Clear,Dry,Daylight,,,,11,From same direction - both going straight - both moving - sideswipe,0,0,N
3109,1,-122.3436285,47.72321114,3609,17055,17055,1079913,Matched,Block,,N 130TH ST BETWEEN AURORA AVE N AND STONE AVE N,,,1,Property Damage Only Collision,Rear Ended,2,0,0,2,2004/08/02 00:00:00+00,8/2/2004,Mid-Block (but intersection related),14,"MOTOR VEHICLE STRUCK MOTOR VEHICLE, REAR END",,1,Clear,Dry,Daylight,,4215005.0,,14,From same direction - both going straight - one stopped - rear-end,0,0,N
3110,2,-122.31271890000001,47.61996729999999,3610,235000,235400,3736928,Matched,Intersection,29059.0,15TH AVE E AND E JOHN ST, ,,2,Injury Collision,Pedestrian,2,1,0,1,2017/02/01 00:00:00+00,2/1/2017 11:41:00 AM,At Intersection (intersection related),24,MOTOR VEHCILE STRUCK PEDESTRIAN,,N,Clear,Dry,Daylight,,,,3,Vehicle backing hits pedestrian,0,520810,N
3111,2,-122.30592220000001,47.57192339,3612,17799,17799,1474219,Matched,Block,,S SPOKANE ST BETWEEN 19TH AVE S AND 20TH AVE S,,,2,Injury Collision,Rear Ended,5,0,0,2,2004/03/17 00:00:00+00,3/17/2004 8:47:00 AM,Mid-Block (not related to intersection),14,"MOTOR VEHICLE STRUCK MOTOR VEHICLE, REAR END",,0,Raining,Wet,Daylight,,4077001.0,,14,From same direction - both going straight - one stopped - rear-end,0,0,N
3112,2,-122.33754429999999,47.60612176,3613,17152,17152,1482323,Matched,Intersection,29611.0,1ST AVE AND SENECA ST,,,2,Injury Collision,Angles,3,0,0,2,2004/07/12 00:00:00+00,7/12/2004 9:53:00 AM,At Intersection (intersection related),11,"MOTOR VEHICLE STRUCK MOTOR VEHICLE, FRONT END AT ANGLE",,0,Clear,Dry,Daylight,,4194025.0,,10,Entering at angle,0,0,N
3113,2,-122.3762121,47.67126589,3614,16450,16450,3501333,Matched,Block,,15TH AVE NW BETWEEN NW 58TH ST AND NW 59TH ST, ,,2,Injury Collision,Rear Ended,2,0,0,2,2013/04/04 00:00:00+00,4/4/2013 3:37:00 PM,Mid-Block (not related to intersection),14,"MOTOR VEHICLE STRUCK MOTOR VEHICLE, REAR END",,N,Raining,Wet,Daylight,,,,13,From same direction - both going straight - both moving - rear-end,0,0,N
3114,2,-122.34467040000001,47.70305817,3615,17246,17246,1773944,Matched,Block,,AURORA AVE N BETWEEN N 102ND ST AND N 103RD S ST,,,2,Injury Collision,Rear Ended,4,0,0,2,2004/05/14 00:00:00+00,5/14/2004 4:16:00 PM,Mid-Block (not related to intersection),14,"MOTOR VEHICLE STRUCK MOTOR VEHICLE, REAR END",,0,Clear,Dry,Daylight,,4135032.0,,14,From same direction - both going straight - one stopped - rear-end,0,0,N
3115,1,-122.3018648,47.71931617,3616,17447,17447,1794780,Matched,Intersection,36606.0,25TH AVE NE AND NE 125TH ST,,,1,Property Damage Only Collision,Left Turn,2,0,0,2,2004/12/01 00:00:00+00,12/1/2004,At Intersection (intersection related),11,"MOTOR VEHICLE STRUCK MOTOR VEHICLE, FRONT END AT ANGLE",,0,Clear,Wet,Dark - Street Lights On,,4336012.0,,28,From opposite direction - one left turn - one straight,0,0,N
3116,1,-122.30339779999998,47.66757818,3618,16493,16493,3615271,Matched,Block,,RAVENNA AVE NE BETWEEN NE 53RD ST AND NE 54TH E ST,NEI,"Not Enough Information, or Insufficient Location Information",1,Property Damage Only Collision,Parked Car,2,0,0,2,2013/04/03 00:00:00+00,4/3/2013 8:30:00 PM,,0,NOT ENOUGH INFORMATION / NOT APPLICABLE,,N,Unknown,Unknown,Unknown,,,,32,One parked--one moving,0,0,N
3117,2,-122.3450771,47.73230966,3619,17052,17052,1793797,Matched,Intersection,35721.0,AURORA AVE N AND N 143RD ST,,,2,Injury Collision,Left Turn,4,0,0,2,2004/10/23 00:00:00+00,10/23/2004 2:23:00 PM,At Intersection (intersection related),11,"MOTOR VEHICLE STRUCK MOTOR VEHICLE, FRONT END AT ANGLE",,0,Clear,Dry,Daylight,,4297026.0,,28,From opposite direction - one left turn - one straight,0,0,N
3118,1,-122.3569935,47.63290142,3620,16417,16417,3582066,Matched,Block,,QUEEN ANNE AVE N BETWEEN W GALER ST AND GARFIELD ST, ,,1,Property Damage Only Collision,Parked Car,2,0,0,2,2013/03/28 00:00:00+00,3/28/2013 12:00:00 PM,Mid-Block (not related to intersection),11,"MOTOR VEHICLE STRUCK MOTOR VEHICLE, FRONT END AT ANGLE",,N,Clear,Dry,Daylight,,,,32,One parked--one moving,0,0,N
3119,2,-122.3368348,47.66138638,3621,17326,17326,1793914,Matched,Block,,N 45TH ST BETWEEN DENSMORE E AVE N AND WALLINGFORD AVE N,,,2,Injury Collision,Rear Ended,2,0,0,2,2004/10/20 00:00:00+00,10/20/2004 11:57:00 AM,Mid-Block (but intersection related),14,"MOTOR VEHICLE STRUCK MOTOR VEHICLE, REAR END",Y,0,Clear,Dry,Daylight,,4294017.0,,14,From same direction - both going straight - one stopped - rear-end,0,0,N
3120,1,-122.32807859999998,47.60416123,3622,16546,16546,3599122,Matched,Intersection,29973.0,6TH AVE AND JAMES ST, ,,1,Property Damage Only Collision,Left Turn,2,0,0,2,2013/04/05 00:00:00+00,4/5/2013 2:45:00 PM,At Intersection (intersection related),11,"MOTOR VEHICLE STRUCK MOTOR VEHICLE, FRONT END AT ANGLE",,N,Overcast,Dry,Daylight,,,,28,From opposite direction - one left turn - one straight,0,0,N
3121,2,-122.2978374,47.57793916,3623,16999,16999,1793162,Matched,Block,,RAINIER AVE S BETWEEN S MCCLELLAN ST AND S FOREST ST,,,2,Injury Collision,Other,1,0,0,1,2004/07/20 00:00:00+00,7/20/2004 11:00:00 AM,Mid-Block (but intersection related),28,MOTOR VEHICLE RAN OFF ROAD - HIT FIXED OBJECT,,0,Clear,Dry,Daylight,,4202006.0,,50,Fixed object,0,0,N
3122,1,-122.37275520000001,47.695158299999996,3625,17309,17309,1218766,Matched,Block,,13TH AVE NW BETWEEN NW 90TH ST AND NW 92ND ST,,,1,Property Damage Only Collision,Parked Car,2,0,0,2,2004/08/17 00:00:00+00,8/17/2004 7:54:00 PM,Driveway Junction,28,MOTOR VEHICLE RAN OFF ROAD - HIT FIXED OBJECT,,0,Clear,Dry,Daylight,,4230019.0,,32,One parked--one moving,0,0,N
3123,1,-122.32246909999999,47.6030567,3626,17274,17274,1788540,Matched,Block,,9TH AVE BETWEEN E FIR ST AND ALDER ST,,,1,Property Damage Only Collision,Parked Car,2,0,0,2,2004/09/09 00:00:00+00,9/9/2004,Mid-Block (not related to intersection),14,"MOTOR VEHICLE STRUCK MOTOR VEHICLE, REAR END",,0,Clear,Dry,Daylight,,4253011.0,,32,One parked--one moving,0,0,N
3124,2,-122.32624960000001,47.60887338,3627,258000,258660,E743313,Matched,Intersection,29924.0,MADISON ST AND TERRY AVE, ,,2,Injury Collision,Pedestrian,2,1,0,1,2017/11/15 00:00:00+00,11/15/2017 5:06:00 PM,At Intersection (intersection related),24,MOTOR VEHCILE STRUCK PEDESTRIAN,,N,Clear,Dry,Dark - Street Lights On,,,,1,Vehicle turning right hits pedestrian,0,523646,N