,SEVERITYCODE,X,Y,OBJECTID,INCKEY,COLDETKEY,REPORTNO,STATUS,ADDRTYPE,INTKEY,LOCATION,EXCEPTRSNCODE,EXCEPTRSNDESC,SEVERITYCODE.1,SEVERITYDESC,COLLISIONTYPE,PERSONCOUNT,PEDCOUNT,PEDCYLCOUNT,VEHCOUNT,INCDATE,INCDTTM,JUNCTIONTYPE,SDOT_COLCODE,SDOT_COLDESC,INATTENTIONIND,UNDERINFL,WEATHER,ROADCOND,LIGHTCOND,PEDROWNOTGRNT,SDOTCOLNUM,SPEEDING,ST_COLCODE,ST_COLDESC,SEGLANEKEY,CROSSWALKKEY,HITPARKEDCAR
3125,1,-122.3186765,47.60087632,3628,17468,17468,1772202,Matched,Block,,S WASHINGTON ST BETWEEN 10TH AVE S AND DEAD END 3,,,1,Property Damage Only Collision,Parked Car,2,0,0,2,2004/04/01 00:00:00+00,4/1/2004,Mid-Block (not related to intersection),14,"MOTOR VEHICLE STRUCK MOTOR VEHICLE, REAR END",,0,Clear,Dry,Daylight,,4092021.0,,20,One car leaving parked position,0,0,N
3126,1,-122.3195608,47.66222066,3629,17502,17502,1782303,Matched,Block,,8TH AVE NE BETWEEN NE 45TH E ST AND NE 47TH ST,,,1,Property Damage Only Collision,Parked Car,2,0,0,2,2004/03/07 00:00:00+00,3/7/2004,Mid-Block (not related to intersection),11,"MOTOR VEHICLE STRUCK MOTOR VEHICLE, FRONT END AT ANGLE",,0,Raining,Wet,Dark - Street Lights On,,4067017.0,,32,One parked--one moving,0,0,N
3127,1,-122.3234439,47.60412807,3630,325300,326800,E975870,Matched,Block,,9TH AVE BETWEEN ALDER ST AND JEFFERSON ST, ,,1,Property Damage Only Collision,Parked Car,2,0,0,2,2019/10/28 00:00:00+00,10/28/2019 10:40:00 AM,Mid-Block (not related to intersection),11,"MOTOR VEHICLE STRUCK MOTOR VEHICLE, FRONT END AT ANGLE",,N,Clear,Dry,Daylight,,,,20,One car leaving parked position,0,0,N
3128,2,-122.29400559999999,47.5729186,3631,16438,16438,3672123,Matched,Intersection,32416.0,RAINIER AVE S AND S WALDEN ST, ,,2,Injury Collision,Left Turn,2,0,0,2,2013/03/28 00:00:00+00,3/28/2013 4:00:00 PM,At Intersection (intersection related),11,"MOTOR VEHICLE STRUCK MOTOR VEHICLE, FRONT END AT ANGLE",,N,Clear,Dry,Daylight,,,Y,28,From opposite direction - one left turn - one straight,0,0,N
3129,1,-122.29364029999999,47.54264726,3632,17103,17103,1793333,Matched,Intersection,34330.0,30TH AVE S AND S HOLLY ST,,,1,Property Damage Only Collision,Angles,2,0,0,2,2004/09/22 00:00:00+00,9/22/2004 3:14:00 PM,At Intersection (intersection related),11,"MOTOR VEHICLE STRUCK MOTOR VEHICLE, FRONT END AT ANGLE",,0,Raining,Wet,Daylight,,4266010.0,,10,Entering at angle,0,0,N
3130,1,-122.3208342,47.66003431,3633,16576,16576,3613508,Matched,Block,,7TH AVE NE BETWEEN NE 43RD ST AND NE 45TH ST OFF RP, ,,1,Property Damage Only Collision,Sideswipe,3,0,0,2,2013/04/05 00:00:00+00,4/5/2013 11:04:00 PM,Mid-Block (not related to intersection),11,"MOTOR VEHICLE STRUCK MOTOR VEHICLE, FRONT END AT ANGLE",,N,Raining,Wet,Dark - Street Lights On,,,,11,From same direction - both going straight - both moving - sideswipe,0,0,N
3131,2,-122.30750479999999,47.61289827,3634,17741,17741,1217005,Matched,Intersection,30145.0,19TH AVE AND E UNION ST,,,2,Injury Collision,Cycles,2,0,1,1,2004/08/18 00:00:00+00,8/18/2004 5:07:00 PM,At Intersection (intersection related),18,"MOTOR VEHICLE STRUCK PEDALCYCLIST, FRONT END AT ANGLE",,0,Clear,Dry,Daylight,,4231018.0,,45,Vehicle - Pedalcyclist,0,0,N
3132,2,-122.32729180000001,47.61849470000001,3635,16827,16827,3476165,Matched,Block,,E DENNY WAY BETWEEN MELROSE AVE AND BELLEVUE AVE, ,,2,Injury Collision,Rear Ended,3,0,0,2,2013/04/12 00:00:00+00,4/12/2013 8:23:00 PM,Mid-Block (but intersection related),14,"MOTOR VEHICLE STRUCK MOTOR VEHICLE, REAR END",,N,Raining,Wet,Dark - Street Lights On,,,Y,14,From same direction - both going straight - one stopped - rear-end,0,0,N
3133,1,-122.2915544,47.55492466,3637,16677,16677,3467211,Matched,Block,,32ND AVE S BETWEEN S DAWSON ST AND S BENNETT ST, ,,1,Property Damage Only Collision,Parked Car,2,0,0,2,2013/04/09 00:00:00+00,4/9/2013 2:00:00 PM,Mid-Block (not related to intersection),15,"MOTOR VEHICLE STRUCK MOTOR VEHICLE, RIGHT SIDE SIDESWIPE",,N,Overcast,Dry,Daylight,,,,32,One parked--one moving,0,0,N
3134,1,-122.31215490000001,47.68667653,3639,326800,328300,E993551,Unmatched,Intersection,24397.0,15TH AVE NE AND NE 80TH ST, ,,1,Property Damage Only Collision,,2,0,0,0,2019/12/12 00:00:00+00,12/12/2019,At Intersection (intersection related),11,"MOTOR VEHICLE STRUCK MOTOR VEHICLE, FRONT END AT ANGLE",,,,,,,,, ,,0,0,N
3135,1,-122.3530991,47.61859303,3641,17976,17976,1324973,Matched,Block,,DENNY WAY BETWEEN 2ND WR AVE AND 2ND AVE,,,1,Property Damage Only Collision,Left Turn,4,0,0,2,2004/05/05 00:00:00+00,5/5/2004,Mid-Block (but intersection related),11,"MOTOR VEHICLE STRUCK MOTOR VEHICLE, FRONT END AT ANGLE",,0,Clear,Dry,Dark - Street Lights On,,4126040.0,,28,From opposite direction - one left turn - one straight,0,0,N
3136,2,-122.3326533,47.7086545,3642,16877,16877,3507818,Matched,Block,,N NORTHGATE WAY BETWEEN MERIDIAN AVE N AND CORLISS AVE N, ,,2,Injury Collision,Rear Ended,6,0,0,3,2013/04/14 00:00:00+00,4/14/2013 6:45:00 PM,Mid-Block (but intersection related),14,"MOTOR VEHICLE STRUCK MOTOR VEHICLE, REAR END",Y,N,Clear,Dry,Daylight,,,,14,From same direction - both going straight - one stopped - rear-end,0,0,N
3137,2,-122.3700423,47.54713482,3643,16639,16639,3465557,Matched,Intersection,515249.0,29TH AVE SW AND SW GRAHAM ST, ,,2,Injury Collision,Angles,3,0,0,2,2013/04/08 00:00:00+00,4/8/2013 10:15:00 AM,At Intersection (intersection related),11,"MOTOR VEHICLE STRUCK MOTOR VEHICLE, FRONT END AT ANGLE",,N,Clear,Dry,Daylight,,,,10,Entering at angle,0,0,N
3138,1,-122.36427859999999,47.6395963,3644,17902,17902,1780917,Matched,Block,,W MCGRAW ST BETWEEN 5TH AVE W AND 6TH AVE W,,,1,Property Damage Only Collision,Parked Car,2,0,0,2,2004/02/27 00:00:00+00,2/27/2004 12:01:00 AM,Mid-Block (not related to intersection),13,"MOTOR VEHICLE STRUCK MOTOR VEHICLE, LEFT SIDE AT ANGLE",,0,Overcast,Wet,Unknown,,4058036.0,,32,One parked--one moving,0,0,N
3139,1,-122.34459509999999,47.69672073,3645,324300,325800,3641783,Matched,Block,,AURORA AVE N BETWEEN N 93RD ST AND N 94TH ST, ,,1,Property Damage Only Collision,Rear Ended,2,0,0,2,2019/10/04 00:00:00+00,10/4/2019 1:02:00 AM,Mid-Block (not related to intersection),14,"MOTOR VEHICLE STRUCK MOTOR VEHICLE, REAR END",Y,N,Clear,Dry,Dark - Street Lights On,,,,14,From same direction - both going straight - one stopped - rear-end,0,0,N
3140,2,-122.290798,47.72094486,3646,16592,16592,3501852,Matched,Block,,35TH AVE NE BETWEEN NE 125TH ST AND NE 130TH S ST, ,,2,Injury Collision,Angles,3,0,0,3,2013/04/06 00:00:00+00,4/6/2013 5:22:00 PM,Mid-Block (not related to intersection),11,"MOTOR VEHICLE STRUCK MOTOR VEHICLE, FRONT END AT ANGLE",,N,Raining,Wet,Daylight,,,,10,Entering at angle,0,0,N
3141,1,-122.3326533,47.7086545,3647,17093,17093,1779712,Matched,Block,,N NORTHGATE WAY BETWEEN MERIDIAN AVE N AND CORLISS AVE N,,,1,Property Damage Only Collision,Pedestrian,2,1,0,1,2004/03/17 00:00:00+00,3/17/2004 4:19:00 PM,Driveway Junction,24,MOTOR VEHCILE STRUCK PEDESTRIAN,,0,Overcast,Dry,Daylight,,4077010.0,,0,Vehicle going straight hits pedestrian,0,0,N
3142,1,-122.2807788,47.55118995,3648,16742,16742,3671950,Matched,Intersection,33513.0,42ND AVE S AND S ORCAS ST, ,,1,Property Damage Only Collision,Pedestrian,3,1,0,1,2013/04/09 00:00:00+00,4/9/2013 6:03:00 PM,At Intersection (intersection related),24,MOTOR VEHCILE STRUCK PEDESTRIAN,,N,Clear,Dry,Daylight,Y,,,0,Vehicle going straight hits pedestrian,0,524998,N
3143,1,-122.33911909999999,47.62087652,3649,17730,17730,1783602,Matched,Block,,THOMAS ST BETWEEN 9TH AVE N AND WESTLAKE AVE N,,,1,Property Damage Only Collision,Other,1,0,0,1,2004/08/05 00:00:00+00,8/5/2004,Mid-Block (but intersection related),48,DRIVERLESS VEHICLE RAN OFF ROAD - HIT FIXED OBJECT,,0,Clear,Dry,Daylight,,4218025.0,,50,Fixed object,0,0,N
3144,2,-122.32637379999998,47.59583727,3650,17545,17545,1777048,Matched,Intersection,30542.0,6TH AVE S AND S DEARBORN ST,,,2,Injury Collision,Cycles,1,0,1,0,2004/06/17 00:00:00+00,6/17/2004 11:12:00 AM,At Intersection (intersection related),51,PEDALCYCLIST STRUCK MOTOR VEHICLE FRONT END AT ANGLE,,0,Clear,Dry,Daylight,,4169017.0,,45,Vehicle - Pedalcyclist,0,0,N
3145,1,-122.38557990000001,47.66814081,3651,16893,16893,3552600,Matched,Block,,BALLARD AVE NW BETWEEN 22ND AVE NW AND NW MARKET ST, ,,1,Property Damage Only Collision,Parked Car,2,0,0,2,2013/04/13 00:00:00+00,4/13/2013 9:40:00 PM,Mid-Block (not related to intersection),14,"MOTOR VEHICLE STRUCK MOTOR VEHICLE, REAR END",Y,Y,Raining,Wet,Dark - Street Lights On,,,,32,One parked--one moving,0,0,N
3146,1,-122.33127820000001,47.604305,3652,17254,17254,1216971,Matched,Block,,4TH AVE BETWEEN CHERRY ST AND COLUMBIA ST,,,1,Property Damage Only Collision,Other,2,0,0,2,2004/08/31 00:00:00+00,8/31/2004 6:21:00 PM,Driveway Junction,14,"MOTOR VEHICLE STRUCK MOTOR VEHICLE, REAR END",,0,Clear,Dry,Daylight,,4244016.0,,21,One car entering driveway access,0,0,N
3147,1,-122.30292069999999,47.58501879,3653,16664,16664,3671809,Matched,Block,,23RD AVE S BETWEEN S PLUM ST AND RAINIER AVE S, ,,1,Property Damage Only Collision,Rear Ended,0,0,0,2,2013/04/08 00:00:00+00,4/8/2013 7:50:00 AM,Mid-Block (not related to intersection),14,"MOTOR VEHICLE STRUCK MOTOR VEHICLE, REAR END",,N,Overcast,Dry,Daylight,,,,14,From same direction - both going straight - one stopped - rear-end,0,0,N
3148,2,-122.3386774,47.55659137,3654,17198,17198,1198130,Matched,Block,,EAST MARGINAL WAY S BETWEEN S HUDSON ST AND S DAWSON ST,,,2,Injury Collision,Other,1,0,0,1,2004/11/28 00:00:00+00,11/28/2004 4:49:00 AM,Mid-Block (not related to intersection),28,MOTOR VEHICLE RAN OFF ROAD - HIT FIXED OBJECT,Y,0,Clear,Dry,Dark - Street Lights On,,4333025.0,,50,Fixed object,0,0,N
3149,2,-122.3775074,47.65033985,3655,217300,217580,3326321,Matched,Intersection,26463.0,16TH AVE W AND W BERTONA ST, ,,2,Injury Collision,Angles,2,0,0,2,2016/04/12 00:00:00+00,4/12/2016 4:28:00 PM,At Intersection (intersection related),11,"MOTOR VEHICLE STRUCK MOTOR VEHICLE, FRONT END AT ANGLE",,N,Raining,Wet,Daylight,,,,10,Entering at angle,0,0,N
3150,2,-122.33230309999999,47.73412131,3656,17439,17439,C645434,Matched,Block,,N 145TH ST BETWEEN BAGLEY AVE N AND CORLISS AVE N,,,2,Injury Collision,Rear Ended,2,0,0,2,2004/05/27 00:00:00+00,5/27/2004 11:45:00 AM,Mid-Block (not related to intersection),14,"MOTOR VEHICLE STRUCK MOTOR VEHICLE, REAR END",,0,Raining,Wet,Daylight,,4148060.0,,13,From same direction - both going straight - both moving - rear-end,0,0,N
3151,2,-122.3133944,47.58298195,3657,16655,16655,3672331,Matched,Intersection,31285.0,15TH AVE S AND S COLLEGE ST, ,,2,Injury Collision,Angles,3,0,0,2,2013/04/07 00:00:00+00,4/7/2013 10:45:00 AM,At Intersection (intersection related),11,"MOTOR VEHICLE STRUCK MOTOR VEHICLE, FRONT END AT ANGLE",,N,Raining,Wet,Daylight,,,,10,Entering at angle,0,0,N
3152,1,-122.2966582,47.66124886,3658,17396,17396,1797101,Matched,Intersection,288752.0,U VILLAGE DR AND NE 45TH ST,,,1,Property Damage Only Collision,Other,3,0,0,2,2004/10/23 00:00:00+00,10/23/2004 2:48:00 PM,At Intersection (intersection related),11,"MOTOR VEHICLE STRUCK MOTOR VEHICLE, FRONT END AT ANGLE",,0,Clear,Dry,Daylight,,4297036.0,,21,One car entering driveway access,0,0,N
3153,2,-122.39886429999999,47.58541137,3659,16669,16669,3505267,Matched,Block,,ALKI AVE SW BETWEEN SW ILLINOIS ST AND BONAIR DR SW, ,,2,Injury Collision,Angles,2,0,0,2,2013/04/07 00:00:00+00,4/7/2013 10:30:00 PM,Driveway Junction,11,"MOTOR VEHICLE STRUCK MOTOR VEHICLE, FRONT END AT ANGLE",,Y,Overcast,Dry,Dark - Street Lights On,,,,10,Entering at angle,0,0,N
3154,1,-122.290798,47.72094486,3660,16934,16934,1796877,Matched,Block,,35TH AVE NE BETWEEN NE 125TH ST AND NE 130TH S ST,,,1,Property Damage Only Collision,Left Turn,2,0,0,2,2004/10/26 00:00:00+00,10/26/2004 4:18:00 PM,Driveway Junction,11,"MOTOR VEHICLE STRUCK MOTOR VEHICLE, FRONT END AT ANGLE",,0,Clear,Dry,Daylight,,4300008.0,,28,From opposite direction - one left turn - one straight,0,0,N
3155,1,-122.34691709999998,47.624469299999994,3661,327300,328800,3752481,Matched,Block,,MERCER ST BETWEEN 5TH AVE N AND TAYLOR AVE N, ,,1,Property Damage Only Collision,Other,1,0,0,1,2019/12/16 00:00:00+00,12/16/2019 7:33:00 PM,Mid-Block (not related to intersection),26,MOTOR VEHICLE STRUCK OBJECT IN ROAD,,N,Overcast,Dry,Dark - Street Lights On,,,,50,Fixed object,0,0,N
3156,1,-122.3065023,47.66563879,3662,17938,17938,1794041,Matched,Block,,20TH AVE NE BETWEEN NE 50TH ST AND NE 52ND ST,,,1,Property Damage Only Collision,Parked Car,2,0,0,2,2004/07/05 00:00:00+00,7/5/2004,Mid-Block (not related to intersection),11,"MOTOR VEHICLE STRUCK MOTOR VEHICLE, FRONT END AT ANGLE",,0,Clear,Dry,Daylight,,4187030.0,,32,One parked--one moving,0,0,N
3157,1,-122.3390723,47.57150647,3663,17673,17673,1197778,Matched,Block,,WEST SEATTLE BR EB BETWEEN 1ST AV S OFF RP AND SPOKANE ST - W SEA B RP,,,1,Property Damage Only Collision,Rear Ended,2,0,0,2,2004/11/19 00:00:00+00,11/19/2004 6:06:00 AM,Mid-Block (not related to intersection),14,"MOTOR VEHICLE STRUCK MOTOR VEHICLE, REAR END",,0,Clear,Dry,Dark - Street Lights On,,4324038.0,,13,From same direction - both going straight - both moving - rear-end,0,0,N
3158,1,-122.32922279999998,47.60960332,3665,16643,16643,3643959,Matched,Block,,SENECA ST BETWEEN 8TH AVE AND 9TH AVE, ,,1,Property Damage Only Collision,Parked Car,2,0,0,2,2013/04/02 00:00:00+00,4/2/2013 10:21:00 AM,Mid-Block (not related to intersection),14,"MOTOR VEHICLE STRUCK MOTOR VEHICLE, REAR END",,N,Clear,Dry,Daylight,,,,32,One parked--one moving,0,0,N
3159,1,-122.36147749999999,47.66779456,3666,17901,17901,1780889,Matched,Block,,NW MARKET ST BETWEEN 3RD AVE NW AND NW 55TH ST,,,1,Property Damage Only Collision,Other,1,0,0,1,2004/08/05 00:00:00+00,8/5/2004,Mid-Block (but intersection related),26,MOTOR VEHICLE STRUCK OBJECT IN ROAD,,0,Clear,Dry,Daylight,,4218002.0,Y,50,Fixed object,0,0,N
3160,1,-122.3050362,47.60474707,3669,17096,17096,1788750,Matched,Block,,21ST AVE BETWEEN E ALDER ST AND E TERRACE ST,,,1,Property Damage Only Collision,Parked Car,2,0,0,2,2004/09/28 00:00:00+00,9/28/2004 7:00:00 PM,Mid-Block (not related to intersection),11,"MOTOR VEHICLE STRUCK MOTOR VEHICLE, FRONT END AT ANGLE",,0,Clear,Dry,Dark - Street Lights On,,4272002.0,,32,One parked--one moving,0,0,N
3161,1,-122.329187,47.60369752,3670,309300,310580,E880520,Matched,Intersection,29972.0,5TH AVE AND JAMES ST, ,,1,Property Damage Only Collision,Angles,2,0,0,2,2019/01/08 00:00:00+00,1/8/2019 11:50:00 AM,At Intersection (intersection related),11,"MOTOR VEHICLE STRUCK MOTOR VEHICLE, FRONT END AT ANGLE",,N,Raining,Wet,Daylight,,,,10,Entering at angle,0,0,N
3162,1,-122.29243999999998,47.62601779999999,3671,17876,17876,1789884,Matched,Intersection,29238.0,LAKE WASHINGTON BLVD E AND E MADISON ST,,,1,Property Damage Only Collision,Left Turn,2,0,0,2,2004/04/20 00:00:00+00,4/20/2004 8:58:00 PM,At Intersection (intersection related),11,"MOTOR VEHICLE STRUCK MOTOR VEHICLE, FRONT END AT ANGLE",,0,Overcast,Dry,Dark - Street Lights On,,4111019.0,,28,From opposite direction - one left turn - one straight,0,0,N
3163,2,-122.3565108,47.5173613,3672,17699,17699,1789329,Matched,Intersection,34911.0,17TH AVE SW AND SW ROXBURY ST,,,2,Injury Collision,Left Turn,2,0,0,2,2004/01/29 00:00:00+00,1/29/2004 8:36:00 AM,At Intersection (intersection related),11,"MOTOR VEHICLE STRUCK MOTOR VEHICLE, FRONT END AT ANGLE",,0,Unknown,Wet,Daylight,,4029012.0,Y,28,From opposite direction - one left turn - one straight,0,0,N
3164,1,-122.35447679999999,47.65182846,3673,17036,17036,1787066,Matched,Block,,PHINNEY AVE N BETWEEN N 35TH ST AND N 36TH ST,,,1,Property Damage Only Collision,Parked Car,2,0,0,2,2004/01/01 00:00:00+00,1/1/2004,Mid-Block (not related to intersection),14,"MOTOR VEHICLE STRUCK MOTOR VEHICLE, REAR END",,0,Unknown,Ice,Dark - Street Lights On,,4001021.0,,32,One parked--one moving,0,0,N
3165,2,-122.34453909999998,47.69201179,3674,17261,17261,1778336,Matched,Intersection,37365.0,AURORA AVE N AND N 87TH ST,,,2,Injury Collision,Rear Ended,4,0,0,3,2004/01/02 00:00:00+00,1/2/2004,At Intersection (but not related to intersection),14,"MOTOR VEHICLE STRUCK MOTOR VEHICLE, REAR END",Y,0,Overcast,Dry,Dark - Street Lights On,,4002004.0,,14,From same direction - both going straight - one stopped - rear-end,0,0,N
3166,1,-122.3868564,47.55841117,3675,16507,16507,3380915,Matched,Block,,CALIFORNIA AVE SW BETWEEN ERSKINE WAY SW AND SW HUDSON ST, ,,1,Property Damage Only Collision,Angles,2,0,0,2,2013/04/06 00:00:00+00,4/6/2013 12:25:00 PM,Driveway Junction,11,"MOTOR VEHICLE STRUCK MOTOR VEHICLE, FRONT END AT ANGLE",,N,Raining,Wet,Daylight,,,,10,Entering at angle,0,0,N
3167,1,-122.3095165,47.61290343,3676,17354,17354,1789823,Matched,Block,,E UNION ST BETWEEN 17TH AVE AND 18TH AVE,,,1,Property Damage Only Collision,Parked Car,2,0,0,2,2004/03/19 00:00:00+00,3/19/2004 5:30:00 PM,Mid-Block (not related to intersection),16,"MOTOR VEHICLE STRUCK MOTOR VEHICLE, LEFT SIDE SIDESWIPE",,0,Unknown,Unknown,Unknown,,4079011.0,,32,One parked--one moving,0,0,N
3168,2,-122.3032814,47.60616932,3678,17523,17523,1217169,Matched,Block,,E JEFFERSON ST BETWEEN 22ND AVE AND 23RD AVE,,,2,Injury Collision,Pedestrian,2,1,0,1,2004/11/22 00:00:00+00,11/22/2004 12:00:00 PM,Mid-Block (not related to intersection),24,MOTOR VEHCILE STRUCK PEDESTRIAN,,0,Unknown,Dry,Daylight,,4327034.0,Y,1,Vehicle turning right hits pedestrian,0,0,N
3169,1,-122.2794624,47.66795816,3679,17020,17020,1774165,Matched,Block,,SAND POINT WAY NE BETWEEN NE 52ND ST AND 47TH AVE NE,,,1,Property Damage Only Collision,Rear Ended,6,0,0,3,2004/04/12 00:00:00+00,4/12/2004 8:15:00 AM,Mid-Block (not related to intersection),14,"MOTOR VEHICLE STRUCK MOTOR VEHICLE, REAR END",,0,Overcast,Dry,Daylight,,4103017.0,,14,From same direction - both going straight - one stopped - rear-end,0,0,N
3170,1,-122.34368459999999,47.62089317,3680,16635,16635,3643728,Matched,Intersection,28787.0,7TH AVE N AND THOMAS ST, ,,1,Property Damage Only Collision,Angles,2,0,0,2,2013/04/05 00:00:00+00,4/5/2013 5:46:00 PM,At Intersection (intersection related),11,"MOTOR VEHICLE STRUCK MOTOR VEHICLE, FRONT END AT ANGLE",,N,Raining,Wet,Daylight,,,,10,Entering at angle,0,0,N
3171,1,-122.32474769999999,47.61968083,3681,17754,17754,1773390,Matched,Block,,E JOHN ST BETWEEN SUMMIT AVE E AND E OLIVE WAY,,,1,Property Damage Only Collision,Parked Car,2,0,0,2,2004/04/23 00:00:00+00,4/23/2004 10:00:00 AM,Mid-Block (not related to intersection),11,"MOTOR VEHICLE STRUCK MOTOR VEHICLE, FRONT END AT ANGLE",,0,Raining,Wet,Daylight,,4114022.0,,32,One parked--one moving,0,0,N
3172,1,-122.3201136,47.61408042,3683,16682,16682,3476741,Matched,Block,,E PIKE ST BETWEEN BROADWAY AND 10TH AVE, ,,1,Property Damage Only Collision,Rear Ended,2,0,0,2,2013/04/08 00:00:00+00,4/8/2013 5:53:00 PM,Mid-Block (not related to intersection),14,"MOTOR VEHICLE STRUCK MOTOR VEHICLE, REAR END",,N,Clear,Dry,Daylight,,,,14,From same direction - both going straight - one stopped - rear-end,0,0,N
3173,1,-122.3402308,47.69143932,3684,16595,16595,3508244,Matched,Block,,INTERLAKE AVE N BETWEEN N 85TH E ST AND N 88TH ST, ,,1,Property Damage Only Collision,Parked Car,2,0,0,2,2013/04/06 00:00:00+00,4/6/2013 1:43:00 PM,Mid-Block (not related to intersection),11,"MOTOR VEHICLE STRUCK MOTOR VEHICLE, FRONT END AT ANGLE",,N,Raining,Wet,Daylight,,,,32,One parked--one moving,0,0,N
3174,1,-122.31816880000001,47.61583703,3685,17232,17232,1786949,Matched,Block,,11TH AVE BETWEEN E PINE ST AND E OLIVE ST,,,1,Property Damage Only Collision,Other,2,0,0,2,2004/01/14 00:00:00+00,1/14/2004 5:30:00 PM,Mid-Block (but intersection related),11,"MOTOR VEHICLE STRUCK MOTOR VEHICLE, FRONT END AT ANGLE",,0,Raining,Wet,Dark - Street Lights On,,4014042.0,,23,From same direction - all others,0,0,N
3175,1,-122.2974318,47.59864753,3686,16735,16735,3672201,Matched,Block,,M L KING JR WAY S BETWEEN S JACKSON ST AND S KING ST, ,,1,Property Damage Only Collision,Rear Ended,3,0,0,2,2013/04/10 00:00:00+00,4/10/2013 10:17:00 AM,Mid-Block (not related to intersection),14,"MOTOR VEHICLE STRUCK MOTOR VEHICLE, REAR END",,N,Raining,Wet,Daylight,,,Y,14,From same direction - both going straight - one stopped - rear-end,0,0,N
3176,1,-122.33130600000001,47.54488142,3687,16996,16996,1795535,Matched,Intersection,34222.0,EAST MARGINAL WAY S AND S MICHIGAN ST,,,1,Property Damage Only Collision,Angles,6,0,0,2,2004/10/17 00:00:00+00,10/17/2004 1:57:00 AM,At Intersection (intersection related),11,"MOTOR VEHICLE STRUCK MOTOR VEHICLE, FRONT END AT ANGLE",,0,Raining,Wet,Dark - Street Lights On,,4291040.0,,10,Entering at angle,0,0,N
3177,2,-122.3025521,47.64280163,3688,17688,17688,1787312,Matched,Block,,EAST MONTLAKE PL E BETWEEN 24TH AVE E AND E ROANOKE ST,,,2,Injury Collision,Head On,2,0,0,2,2004/10/08 00:00:00+00,10/8/2004,Mid-Block (but intersection related),11,"MOTOR VEHICLE STRUCK MOTOR VEHICLE, FRONT END AT ANGLE",,0,Raining,Wet,Daylight,,4282006.0,,30,From opposite direction - all others,0,0,N
3178,2,-122.30679750000002,47.65012306,3690,212700,212980,3062271,Matched,Block,,NE PACIFIC ST BETWEEN NE PACIFIC PL AND UNIV HOSPITAL DR,NEI,"Not Enough Information, or Insufficient Location Information",2,Injury Collision,Rear Ended,3,0,0,2,2015/04/14 00:00:00+00,4/14/2015 12:53:00 PM,,0,NOT ENOUGH INFORMATION / NOT APPLICABLE,Y,N,Clear,Dry,Daylight,,,,14,From same direction - both going straight - one stopped - rear-end,0,0,N
3179,1,-122.3393811,47.61267734,3691,16926,16926,1783436,Matched,Block,,4TH AVE BETWEEN STEWART ST AND VIRGINIA ST,,,1,Property Damage Only Collision,Right Turn,2,0,0,2,2004/09/27 00:00:00+00,9/27/2004 10:00:00 AM,Mid-Block (but intersection related),16,"MOTOR VEHICLE STRUCK MOTOR VEHICLE, LEFT SIDE SIDESWIPE",,0,Clear,Dry,Daylight,,4271024.0,,16,From same direction - one right turn - one straight,0,0,N
3180,1,-122.3570594,47.53368464,3692,197900,198020,E441399,Matched,Block,,SW HOLDEN ST BETWEEN 17TH AVE SW AND 18TH AVE SW, ,,1,Property Damage Only Collision,Parked Car,0,0,0,2,2015/07/09 00:00:00+00,7/9/2015 9:04:00 AM,Mid-Block (not related to intersection),14,"MOTOR VEHICLE STRUCK MOTOR VEHICLE, REAR END",,N,Clear,Dry,Daylight,,,,32,One parked--one moving,0,0,Y
3181,2,-122.3494529,47.71777058,3693,17480,17480,1773419,Matched,Intersection,36369.0,NORTH PARK AVE N AND N 122ND ST,,,2,Injury Collision,Angles,3,0,0,2,2004/06/14 00:00:00+00,6/14/2004 1:54:00 PM,At Intersection (intersection related),11,"MOTOR VEHICLE STRUCK MOTOR VEHICLE, FRONT END AT ANGLE",,0,Clear,Dry,Daylight,,4166027.0,,10,Entering at angle,0,0,N
3182,1,-122.33437959999999,47.60350072,3694,17803,17803,C649667,Matched,Block,,COLUMBIA ST BETWEEN 1ST AVE AND 2ND AVE,,,1,Property Damage Only Collision,Sideswipe,2,0,0,2,2004/12/01 00:00:00+00,12/1/2004,Mid-Block (but intersection related),14,"MOTOR VEHICLE STRUCK MOTOR VEHICLE, REAR END",,0,Overcast,Dry,Daylight,,4336035.0,,11,From same direction - both going straight - both moving - sideswipe,0,0,N
3183,1,-122.31512269999999,47.62842113,3695,17147,17147,1772288,Matched,Block,,E PROSPECT ST BETWEEN 13TH AVE E AND 14TH AVE E,,,1,Property Damage Only Collision,Sideswipe,4,0,0,2,2004/04/27 00:00:00+00,4/27/2004 3:45:00 PM,Mid-Block (not related to intersection),16,"MOTOR VEHICLE STRUCK MOTOR VEHICLE, LEFT SIDE SIDESWIPE",,0,Raining,Wet,Daylight,,4118015.0,,26,From opposite direction - both going straight - sideswipe,0,0,N
3184,1,-122.2937773,47.62511156,3696,16821,16821,3287448,Matched,Block,,E MADISON ST BETWEEN 29TH E AVE E AND LAKE WASHINGTON BLVD E, ,,1,Property Damage Only Collision,Rear Ended,2,0,0,2,2013/04/14 00:00:00+00,4/14/2013 6:13:00 PM,Mid-Block (not related to intersection),14,"MOTOR VEHICLE STRUCK MOTOR VEHICLE, REAR END",,N,Clear,Dry,Daylight,,,,14,From same direction - both going straight - one stopped - rear-end,0,0,N
3185,1,-122.3081877,47.71937352,3697,17250,17250,1782312,Matched,Block,,NE 125TH ST BETWEEN 19TH AVE NE AND 20TH AVE NE,,,1,Property Damage Only Collision,Rear Ended,2,0,0,2,2004/05/16 00:00:00+00,5/16/2004 12:23:00 PM,Mid-Block (not related to intersection),14,"MOTOR VEHICLE STRUCK MOTOR VEHICLE, REAR END",Y,0,Overcast,Dry,Daylight,,4137015.0,,14,From same direction - both going straight - one stopped - rear-end,0,0,N