,SEVERITYCODE,X,Y,OBJECTID,INCKEY,COLDETKEY,REPORTNO,STATUS,ADDRTYPE,INTKEY,LOCATION,EXCEPTRSNCODE,EXCEPTRSNDESC,SEVERITYCODE.1,SEVERITYDESC,COLLISIONTYPE,PERSONCOUNT,PEDCOUNT,PEDCYLCOUNT,VEHCOUNT,INCDATE,INCDTTM,JUNCTIONTYPE,SDOT_COLCODE,SDOT_COLDESC,INATTENTIONIND,UNDERINFL,WEATHER,ROADCOND,LIGHTCOND,PEDROWNOTGRNT,SDOTCOLNUM,SPEEDING,ST_COLCODE,ST_COLDESC,SEGLANEKEY,CROSSWALKKEY,HITPARKEDCAR
3186,1,-122.2747047,47.66398943,3698,17887,17887,1782690,Matched,Block,,49TH AVE NE BETWEEN NE 47TH ST AND NE 50TH ST,,,1,Property Damage Only Collision,Parked Car,2,0,0,2,2004/08/29 00:00:00+00,8/29/2004 11:17:00 PM,Mid-Block (not related to intersection),12,"MOTOR VEHICLE STRUCK MOTOR VEHICLE, RIGHT SIDE AT ANGLE",,0,Clear,Dry,Dark - Street Lights On,,4242005.0,,32,One parked--one moving,0,0,N
3187,1,-122.27002479999999,47.51685114,3700,16661,16661,3615380,Matched,Intersection,35472.0,51ST AVE S AND S ROXBURY ST,NEI,"Not Enough Information, or Insufficient Location Information",1,Property Damage Only Collision,Angles,2,0,0,2,2013/04/08 00:00:00+00,4/8/2013 6:15:00 PM,At Intersection (intersection related),0,NOT ENOUGH INFORMATION / NOT APPLICABLE,,N,Unknown,Unknown,Unknown,,,,10,Entering at angle,0,0,N
3188,1,,,3701,16909,16909,3581939,Matched,,,,NEI,"Not Enough Information, or Insufficient Location Information",1,Property Damage Only Collision,Parked Car,2,0,0,2,2013/04/12 00:00:00+00,4/12/2013 6:00:00 PM,,0,NOT ENOUGH INFORMATION / NOT APPLICABLE,,N,Unknown,Unknown,Unknown,,,,32,One parked--one moving,0,0,N
3189,1,-122.29707690000001,47.57694363,3702,16420,16420,3615307,Unmatched,Block,,RAINIER AVE S BETWEEN S FOREST ST AND M L KING JR WAY S,NEI,"Not Enough Information, or Insufficient Location Information",1,Property Damage Only Collision,,1,0,0,0,2013/01/04 00:00:00+00,1/4/2013,Mid-Block (not related to intersection),0,NOT ENOUGH INFORMATION / NOT APPLICABLE,,,,,,,,, ,,0,0,N
3190,1,-122.3037389,47.60166928,3704,327900,329400,EA01215,Unmatched,Intersection,30732.0,22ND AVE AND E YESLER WAY, ,,1,Property Damage Only Collision,,2,0,0,0,2019/12/29 00:00:00+00,12/29/2019,At Intersection (intersection related),11,"MOTOR VEHICLE STRUCK MOTOR VEHICLE, FRONT END AT ANGLE",,,,,,,,, ,,0,0,N
3191,1,-122.31425379999999,47.68606261,3706,17834,17834,1068846,Matched,Block,,LAKE CITY WAY NE BETWEEN 12TH AVE NE AND NE 80TH ST,,,1,Property Damage Only Collision,Other,4,0,0,4,2004/09/01 00:00:00+00,9/1/2004,Mid-Block (not related to intersection),28,MOTOR VEHICLE RAN OFF ROAD - HIT FIXED OBJECT,Y,0,Raining,Wet,Daylight,,4245002.0,,50,Fixed object,0,0,N
3192,2,-122.28344309999999,47.55121795,3707,16882,16882,3672056,Matched,Intersection,33616.0,39TH AVE S AND S ORCAS ST, ,,2,Injury Collision,Left Turn,3,0,0,2,2013/04/13 00:00:00+00,4/13/2013 6:45:00 PM,At Intersection (intersection related),11,"MOTOR VEHICLE STRUCK MOTOR VEHICLE, FRONT END AT ANGLE",,N,Clear,Dry,Daylight,,,,28,From opposite direction - one left turn - one straight,0,0,N
3193,1,-122.3393811,47.61267734,3708,215600,215860,3737612,Matched,Block,,4TH AVE BETWEEN STEWART ST AND VIRGINIA ST, ,,1,Property Damage Only Collision,Parked Car,3,0,0,2,2016/03/12 00:00:00+00,3/12/2016 3:10:00 PM,Mid-Block (not related to intersection),14,"MOTOR VEHICLE STRUCK MOTOR VEHICLE, REAR END",,N,Clear,Dry,Daylight,,,,32,One parked--one moving,0,0,N
3194,1,-122.32519840000002,47.64650426,3709,17764,17764,1788148,Matched,Block,,EASTLAKE AVE E BETWEEN E HAMLIN ST AND E SHELBY ST,,,1,Property Damage Only Collision,Rear Ended,2,0,0,2,2004/07/16 00:00:00+00,7/16/2004 6:20:00 PM,Mid-Block (not related to intersection),14,"MOTOR VEHICLE STRUCK MOTOR VEHICLE, REAR END",Y,0,Clear,Dry,Daylight,,4198015.0,,14,From same direction - both going straight - one stopped - rear-end,0,0,N
3195,1,-122.33835,47.60951672,3710,17964,17964,1186613,Matched,Block,,PIKE ST BETWEEN 2ND AVE AND 3RD AVE,,,1,Property Damage Only Collision,Sideswipe,3,0,0,2,2004/12/05 00:00:00+00,12/5/2004,Mid-Block (but intersection related),16,"MOTOR VEHICLE STRUCK MOTOR VEHICLE, LEFT SIDE SIDESWIPE",,0,Clear,Wet,Dark - Street Lights On,,4340035.0,,81,Same direction -- both turning left -- both moving -- sideswipe,0,0,N
3196,1,-122.312648,47.71850674,3711,16702,16702,3609134,Matched,Block,,15TH AVE NE BETWEEN NE 123RD ST AND NE 125TH ST, ,,1,Property Damage Only Collision,Angles,4,0,0,2,2013/04/07 00:00:00+00,4/7/2013 1:19:00 PM,Mid-Block (not related to intersection),11,"MOTOR VEHICLE STRUCK MOTOR VEHICLE, FRONT END AT ANGLE",,N,Raining,Wet,Daylight,,,,10,Entering at angle,0,0,N
3197,1,-122.28801100000001,47.56345665,3712,16445,16445,3672351,Matched,Block,,RAINIER AVE S BETWEEN S GENESEE S ST AND S OREGON ST, ,,1,Property Damage Only Collision,Rear Ended,3,0,0,2,2013/03/27 00:00:00+00,3/27/2013 3:59:00 PM,Mid-Block (not related to intersection),14,"MOTOR VEHICLE STRUCK MOTOR VEHICLE, REAR END",,N,Overcast,Wet,Daylight,,,,14,From same direction - both going straight - one stopped - rear-end,0,0,N
3198,1,-122.32771389999999,47.68892656,3714,312000,313378,3809988,Matched,Block,,BANNER WAY NE BETWEEN 85TH ST ON RP AND NE 85TH ST OFF RP, ,,1,Property Damage Only Collision,Other,1,0,0,1,2019/01/22 00:00:00+00,1/22/2019 10:01:00 PM,Mid-Block (not related to intersection),26,MOTOR VEHICLE STRUCK OBJECT IN ROAD,,N,Raining,Wet,Dark - Street Lights On,,,,50,Fixed object,0,0,N
3199,1,-122.4008963,47.65586599,3715,17880,17880,C649300,Matched,Intersection,26346.0,34TH AVE W AND W THURMAN ST,,,1,Property Damage Only Collision,Angles,2,0,0,2,2004/10/14 00:00:00+00,10/14/2004 2:50:00 PM,At Intersection (intersection related),11,"MOTOR VEHICLE STRUCK MOTOR VEHICLE, FRONT END AT ANGLE",,0,Overcast,Dry,Daylight,,4288046.0,,10,Entering at angle,0,0,N
3200,1,-122.3502611,47.61735087,3716,17391,17391,1213969,Matched,Block,,CLAY ST BETWEEN 2ND AVE AND 3RD AVE,,,1,Property Damage Only Collision,Parked Car,2,0,0,2,2004/11/01 00:00:00+00,11/1/2004,Mid-Block (not related to intersection),13,"MOTOR VEHICLE STRUCK MOTOR VEHICLE, LEFT SIDE AT ANGLE",Y,0,Clear,Dry,Dark - Street Lights On,,4306006.0,,32,One parked--one moving,0,0,N
3201,1,-122.3457028,47.61641416,3717,321300,322800,3751015,Matched,Block,,4TH AVE BETWEEN BATTERY ST AND WALL ST, ,,1,Property Damage Only Collision,Parked Car,5,0,0,2,2019/07/10 00:00:00+00,7/10/2019 4:45:00 PM,Mid-Block (not related to intersection),15,"MOTOR VEHICLE STRUCK MOTOR VEHICLE, RIGHT SIDE SIDESWIPE",,N,Overcast,Wet,Daylight,,,,32,One parked--one moving,0,0,N
3202,1,-122.4039884,47.58063628,3718,17071,17071,1775316,Matched,Block,,56TH AVE SW BETWEEN ALKI AVE SW AND SW LANDER ST,,,1,Property Damage Only Collision,Rear Ended,2,0,0,2,2004/04/25 00:00:00+00,4/25/2004 2:30:00 PM,Mid-Block (not related to intersection),14,"MOTOR VEHICLE STRUCK MOTOR VEHICLE, REAR END",Y,0,Clear,Dry,Daylight,,4116015.0,,13,From same direction - both going straight - both moving - rear-end,0,0,N
3203,1,-122.3023388,47.601667299999995,3719,16718,16718,3615384,Matched,Intersection,30733.0,23RD AVE AND E YESLER WAY,NEI,"Not Enough Information, or Insufficient Location Information",1,Property Damage Only Collision,Sideswipe,2,0,0,2,2013/04/10 00:00:00+00,4/10/2013 5:12:00 PM,At Intersection (intersection related),0,NOT ENOUGH INFORMATION / NOT APPLICABLE,,N,Unknown,Unknown,Unknown,,,,11,From same direction - both going straight - both moving - sideswipe,0,0,N
3204,1,-122.27960300000001,47.63911648,3720,17818,17818,1772084,Matched,Intersection,28482.0,41ST AVE E AND E LYNN ST,,,1,Property Damage Only Collision,Angles,2,0,0,2,2004/04/11 00:00:00+00,4/11/2004 11:56:00 PM,At Intersection (intersection related),11,"MOTOR VEHICLE STRUCK MOTOR VEHICLE, FRONT END AT ANGLE",,0,Clear,Dry,Dark - No Street Lights,,4102004.0,,10,Entering at angle,0,0,N
3205,1,-122.29627140000001,47.71752335,3721,17163,17163,1778708,Matched,Block,,LAKE CITY WAY NE BETWEEN NE 123RD ST AND 30TH N AVE NE,,,1,Property Damage Only Collision,Sideswipe,2,0,0,2,2004/04/08 00:00:00+00,4/8/2004,Mid-Block (but intersection related),14,"MOTOR VEHICLE STRUCK MOTOR VEHICLE, REAR END",,0,Clear,Dry,Daylight,,4099002.0,,12,From same direction - both going straight - one stopped - sideswipe,0,0,N
3206,2,-122.3450853,47.73306346,3722,319300,320800,3733529,Matched,Block,,AURORA AVE N BETWEEN N 143RD ST AND ROOSEVELT WAY N, ,,2,Injury Collision,Rear Ended,2,0,0,2,2019/05/20 00:00:00+00,5/20/2019 10:21:00 AM,Mid-Block (not related to intersection),14,"MOTOR VEHICLE STRUCK MOTOR VEHICLE, REAR END",,N,Raining,Wet,Daylight,,,,14,From same direction - both going straight - one stopped - rear-end,0,0,N
3207,1,-122.2973251,47.60425576,3723,17622,17622,1789780,Matched,Block,,E ALDER ST BETWEEN 27TH AVE AND M L KING JR WAY,,,1,Property Damage Only Collision,Parked Car,2,0,0,2,2004/01/13 00:00:00+00,1/13/2004 2:10:00 PM,Mid-Block (not related to intersection),16,"MOTOR VEHICLE STRUCK MOTOR VEHICLE, LEFT SIDE SIDESWIPE",,0,Clear,Dry,Daylight,,4013027.0,,32,One parked--one moving,0,0,N
3208,2,-122.2892054,47.61649591,3724,16698,16698,3593849,Matched,Intersection,30234.0,34TH AVE AND E OLIVE ST, ,,2,Injury Collision,Angles,2,0,0,2,2013/04/09 00:00:00+00,4/9/2013 5:28:00 PM,At Intersection (intersection related),11,"MOTOR VEHICLE STRUCK MOTOR VEHICLE, FRONT END AT ANGLE",,N,Clear,Dry,Dusk,,,,10,Entering at angle,0,0,N
3209,2,-122.3006173,47.66825205,3725,16423,16423,3609131,Matched,Block,,25TH AVE NE BETWEEN NE 54TH ST AND NE 55TH ST, ,,2,Injury Collision,Rear Ended,2,0,0,2,2013/03/27 00:00:00+00,3/27/2013 3:39:00 PM,Mid-Block (not related to intersection),14,"MOTOR VEHICLE STRUCK MOTOR VEHICLE, REAR END",Y,N,Raining,Wet,Daylight,,,,14,From same direction - both going straight - one stopped - rear-end,0,0,N
3210,1,-122.33326570000001,47.58610328,3727,16745,16745,3208656,Matched,Intersection,31346.0,OCCIDENTAL AVE S AND S HOLGATE ST, ,,1,Property Damage Only Collision,Angles,2,0,0,2,2013/04/10 00:00:00+00,4/10/2013 2:48:00 PM,At Intersection (intersection related),11,"MOTOR VEHICLE STRUCK MOTOR VEHICLE, FRONT END AT ANGLE",,N,Clear,Dry,Daylight,,,,10,Entering at angle,0,0,N
3211,1,-122.29600220000002,47.59448493,3729,17403,17403,1074637,Matched,Block,,S CHARLES ST BETWEEN 28TH AVE S AND 29TH AVE S,,,1,Property Damage Only Collision,Parked Car,2,0,0,2,2004/04/04 00:00:00+00,4/4/2004,Mid-Block (not related to intersection),11,"MOTOR VEHICLE STRUCK MOTOR VEHICLE, FRONT END AT ANGLE",,0,Clear,Dry,Dark - Street Lights On,,4095007.0,,32,One parked--one moving,0,0,N
3212,1,-122.3493968,47.70506547,3730,17175,17175,1782379,Matched,Block,,N 105TH ST BETWEEN FREMONT AVE N AND NORTH PARK AVE N,,,1,Property Damage Only Collision,Rear Ended,5,0,0,3,2004/04/16 00:00:00+00,4/16/2004 9:49:00 AM,Mid-Block (but intersection related),14,"MOTOR VEHICLE STRUCK MOTOR VEHICLE, REAR END",Y,0,Raining,Wet,Daylight,,4107018.0,,14,From same direction - both going straight - one stopped - rear-end,0,0,N
3213,1,-122.3037144,47.60952225,3731,17253,17253,1216887,Matched,Block,,22ND AVE BETWEEN E COLUMBIA ST AND E MARION ST,,,1,Property Damage Only Collision,Parked Car,2,0,0,2,2004/12/23 00:00:00+00,12/23/2004 5:09:00 PM,Mid-Block (not related to intersection),13,"MOTOR VEHICLE STRUCK MOTOR VEHICLE, LEFT SIDE AT ANGLE",,0,Clear,Dry,Dark - Street Lights On,,4358020.0,,32,One parked--one moving,0,0,N
3214,1,-122.329058,47.5850737,3732,215000,215260,E521261,Matched,Block,,4TH AVE S BETWEEN S HOLGATE ST AND S WALKER ST, ,,1,Property Damage Only Collision,Rear Ended,3,0,0,2,2016/02/29 00:00:00+00,2/29/2016 8:28:00 AM,Mid-Block (but intersection related),14,"MOTOR VEHICLE STRUCK MOTOR VEHICLE, REAR END",Y,N,Clear,Wet,Daylight,,,,14,From same direction - both going straight - one stopped - rear-end,0,0,N
3215,1,-122.35483729999999,47.54832347,3733,17197,17197,1198102,Matched,Block,,16TH AVE SW BETWEEN SW FINDLAY ST AND SW MORGAN ST,,,1,Property Damage Only Collision,Parked Car,2,0,0,2,2004/11/04 00:00:00+00,11/4/2004,Mid-Block (not related to intersection),11,"MOTOR VEHICLE STRUCK MOTOR VEHICLE, FRONT END AT ANGLE",,0,Clear,Dry,Daylight,,4309034.0,,32,One parked--one moving,0,0,N
3216,1,-122.3681058,47.57148216,3734,261000,261720,3742171,Matched,Block,,WEST SEATTLE BR EB BETWEEN 26TH AV SW ON RP AND POINT A, ,,1,Property Damage Only Collision,Sideswipe,3,0,0,2,2017/12/18 00:00:00+00,12/18/2017 9:48:00 PM,Mid-Block (not related to intersection),14,"MOTOR VEHICLE STRUCK MOTOR VEHICLE, REAR END",,N,Raining,Wet,Dark - Street Lights On,,,,11,From same direction - both going straight - both moving - sideswipe,0,0,N
3217,1,-122.3258372,47.57155151,3736,17155,17155,1789095,Matched,Block,,S SPOKANE CR ST BETWEEN 6TH AVE S AND W SEA BR WB - 6TH AV S RP,,,1,Property Damage Only Collision,Left Turn,2,0,0,2,2004/05/21 00:00:00+00,5/21/2004 6:43:00 AM,Mid-Block (but intersection related),16,"MOTOR VEHICLE STRUCK MOTOR VEHICLE, LEFT SIDE SIDESWIPE",,0,Overcast,Dry,Daylight,,4142021.0,,15,From same direction - one left turn - one straight,0,0,N
3218,1,-122.34018390000001,47.51880776,3737,16638,16638,3465380,Matched,Block,,4TH AVE SW BETWEEN SW CAMBRIDGE ST AND SW CAMBRIDGE PL, ,,1,Property Damage Only Collision,Other,2,0,0,1,2013/04/07 00:00:00+00,4/7/2013 7:32:00 PM,Mid-Block (not related to intersection),28,MOTOR VEHICLE RAN OFF ROAD - HIT FIXED OBJECT,,N,Overcast,Wet,Daylight,,,,50,Fixed object,0,0,N
3219,2,-122.31786170000001,47.709173799999995,3738,17457,17457,1205172,Matched,Block,,ROOSEVELT WAY NE BETWEEN NE NORTHGATE WAY AND PINEHURST S WAY NE,,,2,Injury Collision,Other,1,0,0,1,2004/05/12 00:00:00+00,5/12/2004 11:30:00 PM,Mid-Block (but intersection related),28,MOTOR VEHICLE RAN OFF ROAD - HIT FIXED OBJECT,,1,Clear,Dry,Dark - Street Lights On,,4133026.0,,50,Fixed object,0,0,N
3220,2,-122.2700596,47.51099185,3739,17421,17421,1771913,Matched,Block,,51ST AVE S BETWEEN S GAZELLE ST AND S RYAN WAY,,,2,Injury Collision,Parked Car,2,0,0,2,2004/07/08 00:00:00+00,7/8/2004,Mid-Block (not related to intersection),14,"MOTOR VEHICLE STRUCK MOTOR VEHICLE, REAR END",,0,Clear,Dry,Daylight,,4190021.0,,32,One parked--one moving,0,0,N
3221,1,-122.26158229999999,47.520264399999995,3740,323300,324800,E958662,Matched,Intersection,35452.0,57TH AVE S AND RAINIER AVE S, ,,1,Property Damage Only Collision,Sideswipe,3,0,0,2,2019/09/07 00:00:00+00,9/7/2019 11:15:00 AM,At Intersection (intersection related),11,"MOTOR VEHICLE STRUCK MOTOR VEHICLE, FRONT END AT ANGLE",,N,Overcast,Dry,Daylight,,,,11,From same direction - both going straight - both moving - sideswipe,0,0,N
3222,2,-122.32641670000001,47.60485688,3741,313000,314440,E888821,Matched,Block,,JAMES ST BETWEEN 7TH AVE AND 8TH AVE, ,,2,Injury Collision,Rear Ended,2,0,0,2,2018/12/18 00:00:00+00,12/18/2018 2:22:00 PM,Mid-Block (not related to intersection),14,"MOTOR VEHICLE STRUCK MOTOR VEHICLE, REAR END",,N,Raining,Wet,Daylight,,,,14,From same direction - both going straight - one stopped - rear-end,0,0,N
3223,2,,,3742,16945,16945,1482222,Matched,Block,,ALASKAN WY VI NB BETWEEN S ROYAL BROUGHAM WAY ON RP AND SENECA ST OFF RP,,,2,Injury Collision,Rear Ended,3,0,0,3,2004/07/27 00:00:00+00,7/27/2004 9:30:00 AM,Mid-Block (not related to intersection),14,"MOTOR VEHICLE STRUCK MOTOR VEHICLE, REAR END",,0,Clear,Dry,Daylight,,4209034.0,,13,From same direction - both going straight - both moving - rear-end,0,0,N
3224,2,-122.27746119999999,47.55080402,3743,16556,16556,3672050,Matched,Block,,RAINIER AVE S BETWEEN S ORCAS ST AND S MEAD ST, ,,2,Injury Collision,Rear Ended,3,0,0,2,2013/04/04 00:00:00+00,4/4/2013 7:04:00 PM,Mid-Block (but intersection related),14,"MOTOR VEHICLE STRUCK MOTOR VEHICLE, REAR END",,N,Overcast,Wet,Daylight,,,,14,From same direction - both going straight - one stopped - rear-end,0,0,N
3225,1,-122.38615800000001,47.66743302,3744,17143,17143,1476149,Matched,Block,,SHILSHOLE AVE NW BETWEEN 22ND AVE NW AND 24TH AVE NW,,,1,Property Damage Only Collision,Rear Ended,2,0,0,2,2004/06/03 00:00:00+00,6/3/2004,Mid-Block (not related to intersection),14,"MOTOR VEHICLE STRUCK MOTOR VEHICLE, REAR END",,0,Clear,Dry,Daylight,,4155011.0,,13,From same direction - both going straight - both moving - rear-end,0,0,N
3226,1,-122.37358090000001,47.67162889,3745,17682,17682,1774071,Matched,Intersection,25401.0,14TH AVE NW AND NW 59TH ST,,,1,Property Damage Only Collision,Angles,2,0,0,2,2004/11/19 00:00:00+00,11/19/2004 9:50:00 AM,At Intersection (intersection related),11,"MOTOR VEHICLE STRUCK MOTOR VEHICLE, FRONT END AT ANGLE",,0,Clear,Dry,Daylight,,4324039.0,,10,Entering at angle,0,0,N
3227,1,-122.30183259999998,47.61966817,3746,233100,233500,3771905,Matched,Block,,E MADISON ST BETWEEN 23RD AVE E AND 24TH AVE E, ,,1,Property Damage Only Collision,Rear Ended,3,0,0,2,2016/12/21 00:00:00+00,12/21/2016 11:59:00 AM,Mid-Block (but intersection related),14,"MOTOR VEHICLE STRUCK MOTOR VEHICLE, REAR END",,N,Clear,Dry,Daylight,,,,13,From same direction - both going straight - both moving - rear-end,0,0,N
3228,1,-122.3304653,47.54438649,3747,17271,17271,1775393,Matched,Block,,EAST MARGINAL WAY S BETWEEN S MICHIGAN ST AND 4TH AVE S,,,1,Property Damage Only Collision,Left Turn,2,0,0,2,2004/05/25 00:00:00+00,5/25/2004 3:30:00 PM,Mid-Block (but intersection related),11,"MOTOR VEHICLE STRUCK MOTOR VEHICLE, FRONT END AT ANGLE",,0,Overcast,Dry,Daylight,,4146036.0,,15,From same direction - one left turn - one straight,0,0,N
3229,1,-122.3820679,47.55022964,3749,17914,17914,1481916,Matched,Block,,SW JUNEAU ST BETWEEN 39TH AVE SW AND FAUNTLEROY WAY SW,,,1,Property Damage Only Collision,Parked Car,2,0,0,2,2004/03/05 00:00:00+00,3/5/2004,Mid-Block (not related to intersection),13,"MOTOR VEHICLE STRUCK MOTOR VEHICLE, LEFT SIDE AT ANGLE",Y,0,Clear,Dry,Daylight,,4065016.0,,32,One parked--one moving,0,0,N
3230,2,-122.33635090000001,47.64804509,3752,16823,16823,3612890,Matched,Intersection,26906.0,WALLINGFORD AVE N AND N 34TH ST, ,,2,Injury Collision,Left Turn,2,0,0,2,2013/04/02 00:00:00+00,4/2/2013 9:35:00 AM,At Intersection (intersection related),11,"MOTOR VEHICLE STRUCK MOTOR VEHICLE, FRONT END AT ANGLE",,N,Clear,Dry,Daylight,,,,28,From opposite direction - one left turn - one straight,0,0,N
3231,2,-122.32269170000001,47.65551734,3754,16812,16812,3608778,Matched,Intersection,27123.0,6TH AVE NE AND NE 40TH ST, ,,2,Injury Collision,Angles,3,0,0,2,2013/04/11 00:00:00+00,4/11/2013 10:50:00 PM,At Intersection (intersection related),11,"MOTOR VEHICLE STRUCK MOTOR VEHICLE, FRONT END AT ANGLE",,Y,Clear,Dry,Dark - Street Lights On,,,,10,Entering at angle,0,0,N
3232,2,-122.2897425,47.65843202,3755,17883,17883,1635268,Matched,Block,,NE 41ST ST BETWEEN MARY GATES MEMORIAL DR NE AND 36TH AVE NE,,,2,Injury Collision,Other,1,0,0,1,2004/08/15 00:00:00+00,8/15/2004 1:03:00 AM,Mid-Block (but intersection related),28,MOTOR VEHICLE RAN OFF ROAD - HIT FIXED OBJECT,,0,Clear,Dry,Dark - Street Lights On,,4228002.0,Y,50,Fixed object,0,0,N
3233,1,-122.2887116,47.66114364,3756,17813,17813,1794172,Matched,Block,,NE 45TH ST BETWEEN 36TH AVE NE AND 37TH AVE NE,,,1,Property Damage Only Collision,Sideswipe,2,0,0,2,2004/11/07 00:00:00+00,11/7/2004,Mid-Block (but intersection related),16,"MOTOR VEHICLE STRUCK MOTOR VEHICLE, LEFT SIDE SIDESWIPE",,0,Clear,Dry,Daylight,,4312007.0,,11,From same direction - both going straight - both moving - sideswipe,0,0,N
3234,1,-122.2997468,47.6605222,3757,17014,17014,1778885,Matched,Block,,MONTLAKE BLVD NE BETWEEN NE 44TH ST AND NE 45TH ST RP,,,1,Property Damage Only Collision,Rear Ended,3,0,0,2,2004/01/03 00:00:00+00,1/3/2004,Mid-Block (but intersection related),14,"MOTOR VEHICLE STRUCK MOTOR VEHICLE, REAR END",,0,Clear,Dry,Dark - Street Lights On,,4003009.0,,14,From same direction - both going straight - one stopped - rear-end,0,0,N
3235,1,-122.3132159,47.65231345,3758,16458,16458,3503261,Matched,Block,,15TH AVE NE BETWEEN NE BOAT W ST AND NE PACIFIC ST, ,,1,Property Damage Only Collision,Sideswipe,4,0,0,2,2013/04/04 00:00:00+00,4/4/2013 10:30:00 AM,Mid-Block (not related to intersection),11,"MOTOR VEHICLE STRUCK MOTOR VEHICLE, FRONT END AT ANGLE",Y,N,Raining,Wet,Daylight,,,,11,From same direction - both going straight - both moving - sideswipe,0,0,N
3236,2,-122.39248640000001,47.58080132,3759,17613,17613,1781703,Matched,Block,,SW ADMIRAL WAY BETWEEN 47TH AVE SW AND 48TH AVE SW,,,2,Injury Collision,Other,2,0,0,2,2004/03/15 00:00:00+00,3/15/2004 8:06:00 AM,Driveway Junction,11,"MOTOR VEHICLE STRUCK MOTOR VEHICLE, FRONT END AT ANGLE",,0,Overcast,Dry,Daylight,,4075018.0,,22,One car leaving driveway access,0,0,N
3237,1,-122.3063645,47.58911506,3760,17709,17709,1198440,Matched,Block,,RAINIER AVE S BETWEEN I90 EB OFF RP AND RAINIER NB I90 EB ON RP,,,1,Property Damage Only Collision,Other,2,0,0,2,2004/11/29 00:00:00+00,11/29/2004 10:20:00 AM,Mid-Block (but intersection related),11,"MOTOR VEHICLE STRUCK MOTOR VEHICLE, FRONT END AT ANGLE",,0,Clear,Dry,Daylight,,4334003.0,,23,From same direction - all others,0,0,N
3238,1,-122.30761809999998,47.60860368,3761,16687,16687,3476796,Matched,Block,,19TH AVE BETWEEN E CHERRY ST AND E COLUMBIA ST, ,,1,Property Damage Only Collision,Sideswipe,2,0,0,2,2013/04/09 00:00:00+00,4/9/2013 1:35:00 PM,Mid-Block (not related to intersection),16,"MOTOR VEHICLE STRUCK MOTOR VEHICLE, LEFT SIDE SIDESWIPE",,N,Overcast,Dry,Daylight,,,,12,From same direction - both going straight - one stopped - sideswipe,0,0,N
3239,2,-122.33418999999999,47.59568374,3763,17228,17228,1181746,Matched,Intersection,30391.0,1ST AVE S AND RAILROAD S WAY S,,,2,Injury Collision,Pedestrian,2,1,0,1,2004/07/20 00:00:00+00,7/20/2004 1:45:00 PM,At Intersection (intersection related),24,MOTOR VEHCILE STRUCK PEDESTRIAN,,0,Clear,Dry,Daylight,Y,4202035.0,,0,Vehicle going straight hits pedestrian,0,0,N
3240,1,-122.33298980000001,47.62139219,3764,328600,330100,EA05950,Unmatched,Block,,MINOR AVE N BETWEEN THOMAS ST AND HARRISON ST, ,,1,Property Damage Only Collision,,2,0,0,0,2020/01/21 00:00:00+00,1/21/2020,Mid-Block (not related to intersection),13,"MOTOR VEHICLE STRUCK MOTOR VEHICLE, LEFT SIDE AT ANGLE",,,,,,,,, ,,0,0,Y
3241,2,-122.30138390000002,47.6164795,3765,16853,16853,3605997,Matched,Intersection,29990.0,24TH AVE AND E OLIVE ST, ,,2,Injury Collision,Angles,3,0,0,2,2013/04/13 00:00:00+00,4/13/2013 8:49:00 PM,At Intersection (intersection related),11,"MOTOR VEHICLE STRUCK MOTOR VEHICLE, FRONT END AT ANGLE",,N,Raining,Wet,Dark - Street Lights On,,,,10,Entering at angle,0,0,N
3242,2,-122.3290565,47.57980945,3767,253300,253940,3589820,Matched,Intersection,31369.0,4TH AVE S AND S LANDER ST, ,,2,Injury Collision,Angles,3,0,0,2,2017/11/11 00:00:00+00,11/11/2017 8:37:00 AM,At Intersection (intersection related),11,"MOTOR VEHICLE STRUCK MOTOR VEHICLE, FRONT END AT ANGLE",,N,Overcast,Wet,Daylight,,,,10,Entering at angle,0,0,N
3243,1,-122.3015461,47.70756594,3768,16989,16989,1780500,Matched,Block,,LAKE CITY WAY NE BETWEEN NE 107TH ST AND NE 110TH ST,,,1,Property Damage Only Collision,Rear Ended,2,0,0,2,2004/09/25 00:00:00+00,9/25/2004 8:48:00 PM,Mid-Block (not related to intersection),14,"MOTOR VEHICLE STRUCK MOTOR VEHICLE, REAR END",,0,Clear,Dry,Dark - Street Lights On,,4269008.0,Y,13,From same direction - both going straight - both moving - rear-end,0,0,N
3244,1,-122.3107531,47.58635362,3769,216200,216480,3786748,Matched,Intersection,31539.0,17TH AVE S AND S HOLGATE ST, ,,1,Property Damage Only Collision,Pedestrian,3,2,0,1,2016/03/21 00:00:00+00,3/21/2016 9:46:00 AM,At Intersection (intersection related),24,MOTOR VEHCILE STRUCK PEDESTRIAN,,N,Raining,Wet,Daylight,,,,2,Vehicle turning left hits pedestrian,0,31539,N
3245,1,-122.31323400000001,47.6143061,3770,17909,17909,1198193,Matched,Block,,E MADISON ST BETWEEN E PIKE ST AND 15TH AVE,,,1,Property Damage Only Collision,Sideswipe,2,0,0,2,2004/11/20 00:00:00+00,11/20/2004 7:30:00 PM,Mid-Block (not related to intersection),16,"MOTOR VEHICLE STRUCK MOTOR VEHICLE, LEFT SIDE SIDESWIPE",,0,Clear,Dry,Dark - Street Lights On,,4325012.0,,11,From same direction - both going straight - both moving - sideswipe,0,0,N