,SEVERITYCODE,X,Y,OBJECTID,INCKEY,COLDETKEY,REPORTNO,STATUS,ADDRTYPE,INTKEY,LOCATION,EXCEPTRSNCODE,EXCEPTRSNDESC,SEVERITYCODE.1,SEVERITYDESC,COLLISIONTYPE,PERSONCOUNT,PEDCOUNT,PEDCYLCOUNT,VEHCOUNT,INCDATE,INCDTTM,JUNCTIONTYPE,SDOT_COLCODE,SDOT_COLDESC,INATTENTIONIND,UNDERINFL,WEATHER,ROADCOND,LIGHTCOND,PEDROWNOTGRNT,SDOTCOLNUM,SPEEDING,ST_COLCODE,ST_COLDESC,SEGLANEKEY,CROSSWALKKEY,HITPARKEDCAR
3246,2,-122.3421717,47.60963411,3771,17806,17806,1777060,Matched,Intersection,29595.0,PIKE PL AND STEWART ST,,,2,Injury Collision,Pedestrian,2,1,0,1,2004/04/09 00:00:00+00,4/9/2004,At Intersection (intersection related),24,MOTOR VEHCILE STRUCK PEDESTRIAN,,0,Clear,Dry,Daylight,,4100011.0,,1,Vehicle turning right hits pedestrian,0,0,N
3247,1,-122.2976338,47.56547033,3772,325400,326900,3820920,Matched,Block,,29TH AVE S BETWEEN S DAKOTA ST AND S ADAMS ST, ,,1,Property Damage Only Collision,Parked Car,2,0,0,2,2019/11/02 00:00:00+00,11/2/2019 5:31:00 PM,Mid-Block (not related to intersection),14,"MOTOR VEHICLE STRUCK MOTOR VEHICLE, REAR END",Y,N,Clear,Dry,Dusk,,,,32,One parked--one moving,0,0,N
3248,1,-122.33029750000001,47.60323265,3773,318000,319500,E911439,Matched,Intersection,30479.0,4TH AVE AND JAMES ST, ,,1,Property Damage Only Collision,Right Turn,2,0,0,2,2019/04/12 00:00:00+00,4/12/2019 5:56:00 PM,At Intersection (intersection related),11,"MOTOR VEHICLE STRUCK MOTOR VEHICLE, FRONT END AT ANGLE",,N,Clear,Dry,Daylight,,,,16,From same direction - one right turn - one straight,0,0,N
3249,1,-122.35956429999999,47.70438708,3774,17113,17113,1779816,Matched,Block,,NW 104TH ST BETWEEN N 104TH ST AND 3RD AVE NW,,,1,Property Damage Only Collision,Parked Car,2,0,0,2,2004/04/03 00:00:00+00,4/3/2004,Mid-Block (not related to intersection),14,"MOTOR VEHICLE STRUCK MOTOR VEHICLE, REAR END",,0,Unknown,Unknown,Dark - Street Lights On,,4094041.0,,32,One parked--one moving,0,0,N
3250,2,-122.3500029,47.66504075,3775,17604,17604,1205161,Matched,Intersection,25655.0,FREMONT AVE N AND N 50TH ST,,,2,Injury Collision,Other,1,0,0,1,2004/05/08 00:00:00+00,5/8/2004,At Intersection (intersection related),29,MOTOR VEHICLE OVERTURNED IN ROAD,,1,Overcast,Dry,Dark - Street Lights On,,4129031.0,,52,Vehicle overturned,0,0,N
3251,1,-122.3434932,47.61855579,3776,17414,17414,1783181,Matched,Block,,DENNY WAY BETWEEN BOREALIS AVE AND 7TH AVE,,,1,Property Damage Only Collision,Other,2,0,0,2,2004/06/18 00:00:00+00,6/18/2004 6:39:00 PM,Mid-Block (not related to intersection),11,"MOTOR VEHICLE STRUCK MOTOR VEHICLE, FRONT END AT ANGLE",Y,1,Clear,Dry,Daylight,,4170040.0,,23,From same direction - all others,0,0,N
3252,1,-122.33647820000002,47.62468353,3777,16467,16467,3582038,Matched,Block,,MERCER NR ST BETWEEN TERRY AVE N AND BOREN AVE N, ,,1,Property Damage Only Collision,Sideswipe,2,0,0,2,2013/04/04 00:00:00+00,4/4/2013 7:26:00 PM,Mid-Block (but intersection related),11,"MOTOR VEHICLE STRUCK MOTOR VEHICLE, FRONT END AT ANGLE",,N,Raining,Wet,Dusk,,,,11,From same direction - both going straight - both moving - sideswipe,0,0,N
3253,1,-122.3174134,47.67947022,3778,17188,17188,1793915,Matched,Intersection,24464.0,ROOSEVELT WAY NE AND NE 70TH ST,,,1,Property Damage Only Collision,Angles,2,0,0,2,2004/10/20 00:00:00+00,10/20/2004 10:20:00 PM,At Intersection (intersection related),11,"MOTOR VEHICLE STRUCK MOTOR VEHICLE, FRONT END AT ANGLE",,0,Clear,Dry,Dark - Street Lights On,,4294013.0,,10,Entering at angle,0,0,N
3254,1,-122.3258412,47.70316024,3779,16512,16512,3501991,Matched,Intersection,504366.0,3RD AVE NE AND NE 103RD ST,NEI,"Not Enough Information, or Insufficient Location Information",1,Property Damage Only Collision,Left Turn,3,0,0,2,2013/04/05 00:00:00+00,4/5/2013 8:49:00 PM,At Intersection (intersection related),0,NOT ENOUGH INFORMATION / NOT APPLICABLE,,N,Raining,Wet,Dark - Street Lights On,,,,28,From opposite direction - one left turn - one straight,0,0,N
3255,2,-122.32891310000001,47.61346582,3780,17215,17215,1772651,Matched,Intersection,29878.0,BOREN AVE AND PIKE ST,,,2,Injury Collision,Angles,3,0,0,2,2004/05/07 00:00:00+00,5/7/2004,At Intersection (intersection related),11,"MOTOR VEHICLE STRUCK MOTOR VEHICLE, FRONT END AT ANGLE",,0,Raining,Wet,Dawn,,4128045.0,,10,Entering at angle,0,0,N
3256,2,-122.3321327,47.53414777,3781,307500,308780,3745806,Matched,Intersection,34281.0,WEST MARGINAL WAY S AND S HOLDEN ST, ,,2,Injury Collision,Angles,3,0,0,2,2018/11/08 00:00:00+00,11/8/2018 4:04:00 PM,At Intersection (intersection related),11,"MOTOR VEHICLE STRUCK MOTOR VEHICLE, FRONT END AT ANGLE",Y,N,Overcast,Dry,Dark - Street Lights On,,,,10,Entering at angle,0,0,N
3257,2,-122.3109494,47.59511628,3782,17494,17494,1788094,Matched,Block,,RAINIER AVE S BETWEEN S DEARBORN ST AND S CHARLES N ST,,,2,Injury Collision,Other,1,0,0,1,2004/08/18 00:00:00+00,8/18/2004 4:54:00 PM,Mid-Block (not related to intersection),28,MOTOR VEHICLE RAN OFF ROAD - HIT FIXED OBJECT,,0,Clear,Dry,Daylight,,4231021.0,,50,Fixed object,0,0,N
3258,1,-122.3051014,47.55970981,3783,17933,17933,1772916,Matched,Block,,S COLUMBIAN WAY BETWEEN COLUMBIA DR S AND BEACON WR AVE S,,,1,Property Damage Only Collision,Angles,2,0,0,2,2004/05/27 00:00:00+00,5/27/2004 7:35:00 AM,Driveway Junction,11,"MOTOR VEHICLE STRUCK MOTOR VEHICLE, FRONT END AT ANGLE",,0,Unknown,Unknown,Daylight,,4148052.0,,10,Entering at angle,0,0,N
3259,1,-122.30679750000002,47.65012306,3784,17315,17315,1326835,Matched,Block,,NE PACIFIC ST BETWEEN NE PACIFIC PL AND UNIV HOSPITAL DR,,,1,Property Damage Only Collision,Rear Ended,2,0,0,2,2004/06/15 00:00:00+00,6/15/2004 7:12:00 PM,Mid-Block (but intersection related),14,"MOTOR VEHICLE STRUCK MOTOR VEHICLE, REAR END",,0,Clear,Dry,Daylight,,4167003.0,,14,From same direction - both going straight - one stopped - rear-end,0,0,N
3260,1,-122.40998959999999,47.57931722,3785,257800,258460,3742159,Matched,Block,,ALKI AVE SW BETWEEN 60TH AVE SW AND 61ST AVE SW, ,,1,Property Damage Only Collision,Parked Car,2,0,0,2,2017/12/04 00:00:00+00,12/4/2017 10:41:00 AM,Mid-Block (not related to intersection),14,"MOTOR VEHICLE STRUCK MOTOR VEHICLE, REAR END",Y,N,Clear,Dry,Daylight,,,,32,One parked--one moving,0,0,Y
3261,1,-122.33072299999999,47.61849176,3788,16532,16532,3548987,Matched,Intersection,29168.0,DENNY WAY AND STEWART ST, ,,1,Property Damage Only Collision,Rear Ended,2,0,0,2,2013/04/05 00:00:00+00,4/5/2013 7:07:00 AM,At Intersection (intersection related),14,"MOTOR VEHICLE STRUCK MOTOR VEHICLE, REAR END",Y,N,Raining,Wet,Daylight,,,,14,From same direction - both going straight - one stopped - rear-end,0,0,N
3262,1,-122.3304262,47.62139465,3790,17367,17367,1785255,Matched,Block,,YALE AVE N BETWEEN THOMAS ST AND HARRISON ST,,,1,Property Damage Only Collision,Parked Car,2,0,0,2,2004/11/16 00:00:00+00,11/16/2004 10:45:00 PM,Mid-Block (not related to intersection),16,"MOTOR VEHICLE STRUCK MOTOR VEHICLE, LEFT SIDE SIDESWIPE",,0,Unknown,Unknown,Unknown,,4321003.0,,32,One parked--one moving,0,0,N
3263,1,-122.3127486,47.73395173,3791,312700,314140,E869133,Matched,Intersection,35851.0,15TH AVE NE AND NE 145TH ST, ,,1,Property Damage Only Collision,Rear Ended,2,0,0,2,2018/11/27 00:00:00+00,11/27/2018 7:41:00 AM,At Intersection (but not related to intersection),14,"MOTOR VEHICLE STRUCK MOTOR VEHICLE, REAR END",,N,Raining,Wet,Daylight,,,,13,From same direction - both going straight - both moving - rear-end,0,0,N
3264,1,-122.369099,47.6353506,3792,17593,17593,1213711,Matched,Block,,9TH AVE W BETWEEN W BLAINE ST AND W HOWE ST,,,1,Property Damage Only Collision,Parked Car,2,0,0,2,2004/05/21 00:00:00+00,5/21/2004 2:10:00 PM,Mid-Block (not related to intersection),14,"MOTOR VEHICLE STRUCK MOTOR VEHICLE, REAR END",,0,Clear,Dry,Daylight,,4142019.0,,32,One parked--one moving,0,0,N
3265,2,-122.30825290000001,47.57192408,3793,16902,16902,3579301,Matched,Intersection,32536.0,BEACON AVE S AND S SPOKANE ST, ,,2,Injury Collision,Angles,4,0,0,3,2013/04/14 00:00:00+00,4/14/2013 11:34:00 AM,At Intersection (intersection related),11,"MOTOR VEHICLE STRUCK MOTOR VEHICLE, FRONT END AT ANGLE",,N,Clear,Dry,Daylight,,,,10,Entering at angle,0,0,N
3266,1,-122.3050923,47.67002879,3794,321400,322900,3813527,Unmatched,Intersection,26003.0,PARK RD NE AND NE PARK RD, ,,1,Property Damage Only Collision,,1,0,0,0,2019/07/07 00:00:00+00,7/7/2019,At Intersection (intersection related),14,"MOTOR VEHICLE STRUCK MOTOR VEHICLE, REAR END",,,,,,,,, ,,0,0,N
3267,1,-122.4066957,47.64171085,3795,17069,17069,1478434,Matched,Block,,CRESTMONT PL W BETWEEN 38TH AVE W AND 39TH AVE W,,,1,Property Damage Only Collision,Parked Car,2,0,0,2,2004/04/05 00:00:00+00,4/5/2004,Mid-Block (not related to intersection),16,"MOTOR VEHICLE STRUCK MOTOR VEHICLE, LEFT SIDE SIDESWIPE",,0,Unknown,Unknown,Unknown,,4096009.0,,32,One parked--one moving,0,0,N
3268,1,-122.3219169,47.59583136,3796,16535,16535,3548988,Matched,Block,,S DEARBORN ST BETWEEN 8TH AVE S AND DEARBORN OFF RP, ,,1,Property Damage Only Collision,Rear Ended,4,0,0,2,2013/04/05 00:00:00+00,4/5/2013 9:50:00 AM,Mid-Block (not related to intersection),14,"MOTOR VEHICLE STRUCK MOTOR VEHICLE, REAR END",Y,N,Clear,Dry,Daylight,,,,13,From same direction - both going straight - both moving - rear-end,0,0,N
3269,2,-122.3044,47.65006045,3798,17021,17021,1774494,Matched,Block,,MONTLAKE BLVD NE BETWEEN NE PACIFIC ST AND NE PACIFIC PL,,,2,Injury Collision,Rear Ended,2,0,0,2,2004/05/27 00:00:00+00,5/27/2004 11:32:00 AM,Mid-Block (but intersection related),14,"MOTOR VEHICLE STRUCK MOTOR VEHICLE, REAR END",,0,Raining,Wet,Daylight,,4148002.0,,14,From same direction - both going straight - one stopped - rear-end,0,0,N
3270,1,-122.3358807,47.60681732,3800,17466,17466,1186611,Matched,Block,,SENECA ST BETWEEN 2ND AVE AND 3RD AVE,,,1,Property Damage Only Collision,Parked Car,2,0,0,2,2004/06/21 00:00:00+00,6/21/2004 12:43:00 AM,Mid-Block (not related to intersection),11,"MOTOR VEHICLE STRUCK MOTOR VEHICLE, FRONT END AT ANGLE",,0,Clear,Dry,Dark - Street Lights On,,4173002.0,,32,One parked--one moving,0,0,N
3271,2,-122.36073529999999,47.70148713,3801,16690,16690,3501551,Matched,Intersection,37122.0,3RD AVE NW AND NW 100TH ST, ,,2,Injury Collision,Angles,2,0,0,2,2013/04/07 00:00:00+00,4/7/2013 9:12:00 AM,At Intersection (intersection related),11,"MOTOR VEHICLE STRUCK MOTOR VEHICLE, FRONT END AT ANGLE",,N,Raining,Wet,Daylight,,,,10,Entering at angle,0,0,N
3272,1,-122.3381048,47.60341979,3802,315500,316980,3578804,Matched,Block,,ALASKAN WAY BETWEEN MARION ST AND MADISON ST, ,,1,Property Damage Only Collision,Sideswipe,2,0,0,2,2018/12/14 00:00:00+00,12/14/2018 5:22:00 PM,Mid-Block (not related to intersection),11,"MOTOR VEHICLE STRUCK MOTOR VEHICLE, FRONT END AT ANGLE",,N,Raining,Wet,Dark - Street Lights On,,,,11,From same direction - both going straight - both moving - sideswipe,0,0,N
3273,1,-122.3258868,47.64319064,3803,17095,17095,1788694,Matched,Intersection,28300.0,EASTLAKE AVE E AND E ROANOKE ST,,,1,Property Damage Only Collision,Angles,3,0,0,2,2004/02/17 00:00:00+00,2/17/2004 4:30:00 PM,At Intersection (intersection related),11,"MOTOR VEHICLE STRUCK MOTOR VEHICLE, FRONT END AT ANGLE",,0,Overcast,Dry,Daylight,,4048028.0,,10,Entering at angle,0,0,N
3274,2,-122.3423613,47.62322375,3804,16731,16731,3560966,Matched,Intersection,28775.0,DEXTER AVE N AND REPUBLICAN ST, ,,2,Injury Collision,Angles,2,0,0,2,2013/04/09 00:00:00+00,4/9/2013 8:30:00 AM,At Intersection (intersection related),11,"MOTOR VEHICLE STRUCK MOTOR VEHICLE, FRONT END AT ANGLE",,N,Clear,Dry,Daylight,,,,10,Entering at angle,0,0,N
3275,1,-122.4008949,47.65677248,3805,17725,17725,1783192,Matched,Block,,34TH AVE W BETWEEN W THURMAN ST AND W ELMORE ST,,,1,Property Damage Only Collision,Other,4,0,0,2,2004/07/06 00:00:00+00,7/6/2004,Driveway Junction,11,"MOTOR VEHICLE STRUCK MOTOR VEHICLE, FRONT END AT ANGLE",,0,Clear,Wet,Daylight,,4188023.0,,22,One car leaving driveway access,0,0,N
3276,1,-122.35004199999999,47.70217002,3806,17839,17839,1779883,Matched,Intersection,37404.0,FREMONT AVE N AND N 101ST ST,,,1,Property Damage Only Collision,Angles,2,0,0,2,2004/01/08 00:00:00+00,1/8/2004,At Intersection (intersection related),11,"MOTOR VEHICLE STRUCK MOTOR VEHICLE, FRONT END AT ANGLE",,0,Raining,Wet,Dark - Street Lights On,,4008015.0,,10,Entering at angle,0,0,N
3277,1,-122.3238142,47.62511806,3807,17177,17177,1797011,Matched,Block,,E ROY ST BETWEEN BELMONT AVE E AND BOYLSTON W AVE E,,,1,Property Damage Only Collision,Other,1,0,0,1,2004/12/18 00:00:00+00,12/18/2004 2:03:00 AM,Mid-Block (but intersection related),28,MOTOR VEHICLE RAN OFF ROAD - HIT FIXED OBJECT,,0,Clear,Wet,Dark - Street Lights On,,4353045.0,,50,Fixed object,0,0,N
3278,1,-122.37529920000001,47.50818977,3808,17257,17257,1775304,Matched,Block,,SW 106TH ST BETWEEN 34TH AVE SW AND 35TH AVE SW,,,1,Property Damage Only Collision,Rear Ended,2,0,0,2,2004/03/10 00:00:00+00,3/10/2004 8:29:00 AM,Mid-Block (not related to intersection),14,"MOTOR VEHICLE STRUCK MOTOR VEHICLE, REAR END",,0,Clear,Dry,Daylight,,4070009.0,,13,From same direction - both going straight - both moving - rear-end,0,0,N
3279,2,-122.355298,47.68438165,3809,194800,194900,E423624,Matched,Block,,GREENWOOD AVE N BETWEEN N 76TH ST AND N 77TH ST, ,,2,Injury Collision,Cycles,0,0,1,1,2015/05/08 00:00:00+00,5/8/2015 1:20:00 PM,,0,NOT ENOUGH INFORMATION / NOT APPLICABLE,,N,Clear,Dry,Daylight,,,,45,Vehicle - Pedalcyclist,4477,0,Y
3280,2,-122.36471609999998,47.65894425,3810,17061,17061,C649618,Matched,Intersection,26627.0,LEARY WAY NW AND NW 43RD ST,,,2,Injury Collision,Angles,2,0,0,2,2004/11/08 00:00:00+00,11/8/2004,At Intersection (intersection related),11,"MOTOR VEHICLE STRUCK MOTOR VEHICLE, FRONT END AT ANGLE",,0,Overcast,Dry,Daylight,,4313037.0,,10,Entering at angle,0,0,N
3281,1,-122.32845800000001,47.61296791,3813,17802,17802,C649598,Matched,Block,,BOREN AVE BETWEEN UNION ST AND PIKE ST,,,1,Property Damage Only Collision,Sideswipe,2,0,0,2,2004/11/20 00:00:00+00,11/20/2004 11:15:00 AM,Mid-Block (but intersection related),11,"MOTOR VEHICLE STRUCK MOTOR VEHICLE, FRONT END AT ANGLE",,0,Overcast,Dry,Daylight,,4325042.0,,11,From same direction - both going straight - both moving - sideswipe,0,0,N
3282,2,-122.345027,47.72776725,3814,17292,17292,1473245,Matched,Block,,AURORA AVE N BETWEEN N 135TH ST AND N 137TH ST,,,2,Injury Collision,Rear Ended,4,0,0,2,2004/12/15 00:00:00+00,12/15/2004 8:34:00 PM,Mid-Block (but intersection related),14,"MOTOR VEHICLE STRUCK MOTOR VEHICLE, REAR END",,0,Clear,Dry,Dark - Street Lights On,,4350009.0,Y,14,From same direction - both going straight - one stopped - rear-end,0,0,N
3283,2,-122.2915557,47.55095458,3815,16765,16765,3671827,Matched,Intersection,33624.0,32ND AVE S AND S ORCAS ST, ,,2,Injury Collision,Angles,2,0,0,2,2013/04/11 00:00:00+00,4/11/2013 9:15:00 AM,At Intersection (intersection related),11,"MOTOR VEHICLE STRUCK MOTOR VEHICLE, FRONT END AT ANGLE",,N,Raining,Wet,Daylight,,,,10,Entering at angle,0,0,N
3284,1,-122.2685352,47.54248608,3816,17609,17609,1771958,Matched,Block,,S HOLLY ST BETWEEN 51ST AVE S AND 52ND AVE S,,,1,Property Damage Only Collision,Other,1,0,0,1,2004/03/17 00:00:00+00,3/17/2004 7:37:00 AM,Mid-Block (but intersection related),28,MOTOR VEHICLE RAN OFF ROAD - HIT FIXED OBJECT,,0,Overcast,Wet,Daylight,,4077028.0,Y,50,Fixed object,0,0,N
3285,2,-122.2963585,47.72290005,3817,17861,17861,1794908,Matched,Intersection,36054.0,30TH AVE NE AND NE 130TH ST,,,2,Injury Collision,Angles,5,0,0,2,2004/12/03 00:00:00+00,12/3/2004,At Intersection (intersection related),11,"MOTOR VEHICLE STRUCK MOTOR VEHICLE, FRONT END AT ANGLE",,0,Clear,Dry,Daylight,,4338024.0,,10,Entering at angle,0,0,N
3286,1,-122.3232392,47.5470245,3818,16517,16517,3502346,Matched,Block,,S MICHIGAN ST BETWEEN 7TH AVE S AND CORSON AVE S, ,,1,Property Damage Only Collision,Rear Ended,2,0,0,2,2013/04/06 00:00:00+00,4/6/2013 1:29:00 PM,Mid-Block (not related to intersection),14,"MOTOR VEHICLE STRUCK MOTOR VEHICLE, REAR END",Y,N,Raining,Wet,Daylight,,,,13,From same direction - both going straight - both moving - rear-end,0,0,N
3287,1,-122.3505655,47.53297486,3819,16412,16412,3553987,Matched,Block,,12TH AVE SW BETWEEN SW HOLDEN ST AND SW KENYON ST, ,,1,Property Damage Only Collision,Parked Car,2,0,0,2,2013/04/01 00:00:00+00,4/1/2013 3:00:00 PM,Mid-Block (not related to intersection),11,"MOTOR VEHICLE STRUCK MOTOR VEHICLE, FRONT END AT ANGLE",,N,Clear,Dry,Daylight,,,,32,One parked--one moving,0,0,N
3288,2,-122.31678000000001,47.60922659,3821,308100,309380,3814399,Matched,Intersection,29791.0,12TH AVE AND E COLUMBIA ST, ,,2,Injury Collision,Pedestrian,2,1,0,1,2018/12/10 00:00:00+00,12/10/2018 12:46:00 PM,At Intersection (intersection related),24,MOTOR VEHCILE STRUCK PEDESTRIAN,Y,N,Clear,Dry,Daylight,Y,,,0,Vehicle going straight hits pedestrian,0,0,N
3289,2,-122.31335659999999,47.57819458,3822,17001,17001,1793378,Matched,Block,,15TH AVE S BETWEEN S MCCLELLAN ST AND S FOREST ST,,,2,Injury Collision,Rear Ended,4,0,0,2,2004/09/06 00:00:00+00,9/6/2004,Mid-Block (but intersection related),14,"MOTOR VEHICLE STRUCK MOTOR VEHICLE, REAR END",,0,Overcast,Dry,Daylight,,4250006.0,,14,From same direction - both going straight - one stopped - rear-end,0,0,N
3290,1,-122.32701580000001,47.59919385,3823,17826,17826,1334394,Matched,Block,,S JACKSON ST BETWEEN 5TH AVE S AND 6TH AVE S,,,1,Property Damage Only Collision,Parked Car,2,0,0,2,2004/01/03 00:00:00+00,1/3/2004,Mid-Block (not related to intersection),11,"MOTOR VEHICLE STRUCK MOTOR VEHICLE, FRONT END AT ANGLE",,0,Snowing,Wet,Daylight,,4003016.0,,32,One parked--one moving,0,0,N
3291,2,-122.29364270000002,47.72198541,3825,16991,16991,1780749,Matched,Block,,LAKE CITY WAY NE BETWEEN NE 127TH ST AND NE 130TH ST,,,2,Injury Collision,Rear Ended,2,0,0,2,2004/01/01 00:00:00+00,1/1/2004,Mid-Block (but intersection related),14,"MOTOR VEHICLE STRUCK MOTOR VEHICLE, REAR END",,0,Raining,Wet,Daylight,,4001005.0,,14,From same direction - both going straight - one stopped - rear-end,0,0,N
3292,1,-122.28868020000002,47.56589896,3827,17778,17778,1771689,Matched,Block,,RAINIER AVE S BETWEEN S DAKOTA ST AND S ADAMS ST,,,1,Property Damage Only Collision,Rear Ended,2,0,0,2,2004/02/23 00:00:00+00,2/23/2004 2:45:00 PM,Mid-Block (not related to intersection),14,"MOTOR VEHICLE STRUCK MOTOR VEHICLE, REAR END",Y,0,Clear,Dry,Daylight,,4054028.0,,14,From same direction - both going straight - one stopped - rear-end,0,0,N
3293,1,-122.33623290000001,47.65739924,3828,17969,17969,1780336,Matched,Block,,WALLINGFORD AVE N BETWEEN N 41ST ST AND N 42ND ST,,,1,Property Damage Only Collision,Parked Car,2,0,0,2,2004/01/04 00:00:00+00,1/4/2004,Mid-Block (not related to intersection),14,"MOTOR VEHICLE STRUCK MOTOR VEHICLE, REAR END",,0,Clear,Dry,Daylight,,4004005.0,,32,One parked--one moving,0,0,N
3294,1,-122.3656929,47.6246028,3829,16706,16706,3643777,Matched,Intersection,28640.0,ELLIOTT AVE W AND W MERCER ST,NEI,"Not Enough Information, or Insufficient Location Information",1,Property Damage Only Collision,Sideswipe,6,0,0,3,2013/04/09 00:00:00+00,4/9/2013 9:20:00 PM,At Intersection (intersection related),0,NOT ENOUGH INFORMATION / NOT APPLICABLE,,N,Clear,Dry,Dark - Street Lights On,,,,27,From opposite direction - both going straight - one stopped - sideswipe,0,0,N
3295,1,-122.35336559999999,47.61625304,3830,16607,16607,3582018,Matched,Intersection,29678.0,BROAD ST AND WESTERN AVE, ,,1,Property Damage Only Collision,Angles,3,0,0,2,2013/04/06 00:00:00+00,4/6/2013 9:01:00 PM,At Intersection (intersection related),11,"MOTOR VEHICLE STRUCK MOTOR VEHICLE, FRONT END AT ANGLE",,N,Overcast,Dry,Dark - Street Lights On,,,,10,Entering at angle,0,0,N
3296,1,-122.3184327,47.59918656,3834,17410,17410,1772674,Matched,Block,,S JACKSON ST BETWEEN 10TH AVE S AND 12TH AVE S,,,1,Property Damage Only Collision,Other,3,0,0,2,2004/06/11 00:00:00+00,6/11/2004 3:14:00 PM,Driveway Junction,11,"MOTOR VEHICLE STRUCK MOTOR VEHICLE, FRONT END AT ANGLE",,0,Overcast,Dry,Daylight,,4163036.0,,21,One car entering driveway access,0,0,N
3297,1,-122.2938322,47.73195476,3835,16471,16471,3608882,Matched,Intersection,36002.0,32ND AVE NE AND NE 143RD ST, ,,1,Property Damage Only Collision,Angles,5,0,0,2,2013/04/04 00:00:00+00,4/4/2013 8:56:00 PM,At Intersection (intersection related),11,"MOTOR VEHICLE STRUCK MOTOR VEHICLE, FRONT END AT ANGLE",,N,Clear,Wet,Dark - Street Lights On,,,,10,Entering at angle,0,0,N
3298,2,-122.3475918,47.62207494,3836,17193,17193,1059853,Matched,Intersection,28925.0,5TH AVE N AND HARRISON ST,,,2,Injury Collision,Angles,7,0,0,3,2004/12/04 00:00:00+00,12/4/2004,At Intersection (intersection related),11,"MOTOR VEHICLE STRUCK MOTOR VEHICLE, FRONT END AT ANGLE",,0,Raining,Wet,Daylight,,4339020.0,,10,Entering at angle,0,0,N
3299,1,-122.2980507,47.58831183,3838,17216,17216,1772886,Matched,Intersection,31402.0,M L KING JR WAY S AND S MASSACHUSETTS ST,,,1,Property Damage Only Collision,Angles,3,0,0,2,2004/05/18 00:00:00+00,5/18/2004 10:58:00 AM,At Intersection (intersection related),11,"MOTOR VEHICLE STRUCK MOTOR VEHICLE, FRONT END AT ANGLE",Y,0,Clear,Dry,Daylight,,4139015.0,,10,Entering at angle,0,0,N
3300,1,-122.328603,47.60640979,3839,16540,16540,3562769,Matched,Block,,7TH AVE BETWEEN COLUMBIA ST AND MARION ST, ,,1,Property Damage Only Collision,Rear Ended,5,0,0,2,2013/04/05 00:00:00+00,4/5/2013 10:30:00 AM,Mid-Block (not related to intersection),14,"MOTOR VEHICLE STRUCK MOTOR VEHICLE, REAR END",Y,N,Clear,Dry,Daylight,,,,14,From same direction - both going straight - one stopped - rear-end,0,0,N
3301,2,-122.3767994,47.68872437,3840,17645,17645,1781804,Matched,Intersection,23860.0,15TH AVE NW AND NW 83RD ST,,,2,Injury Collision,Left Turn,2,0,0,2,2004/05/26 00:00:00+00,5/26/2004 4:35:00 PM,At Intersection (intersection related),11,"MOTOR VEHICLE STRUCK MOTOR VEHICLE, FRONT END AT ANGLE",,0,Overcast,Dry,Daylight,,4147038.0,,28,From opposite direction - one left turn - one straight,0,0,N
3302,1,-122.3822271,47.65497874,3841,17975,17975,1069927,Matched,Block,,W EMERSON PL BETWEEN FISHERMAN TERM DR AND 21ST AVE W,,,1,Property Damage Only Collision,Rear Ended,3,0,0,2,2004/11/02 00:00:00+00,11/2/2004,Mid-Block (but intersection related),14,"MOTOR VEHICLE STRUCK MOTOR VEHICLE, REAR END",Y,0,Raining,Wet,Dark - Street Lights On,,4307040.0,,14,From same direction - both going straight - one stopped - rear-end,0,0,N
3303,1,-122.3325341,47.52616995,3842,16875,16875,3504832,Matched,Block,,CLOVERDALE ST OFF RP BETWEEN SR509 NB CLOVERDALE RP AND S CLOVERDALE ST, ,,1,Property Damage Only Collision,Other,1,0,0,1,2013/04/14 00:00:00+00,4/14/2013 2:07:00 AM,Mid-Block (not related to intersection),28,MOTOR VEHICLE RAN OFF ROAD - HIT FIXED OBJECT,,Y,Overcast,Wet,Dark - Street Lights On,,,,50,Fixed object,0,0,N
3304,1,-122.30205520000001,47.64208263,3843,257400,258060,E730762,Matched,Block,,24TH AVE E BETWEEN E MILLER ST AND EAST MONTLAKE PL E, ,,1,Property Damage Only Collision,Head On,3,0,0,2,2017/09/17 00:00:00+00,9/17/2017 6:43:00 PM,Mid-Block (not related to intersection),11,"MOTOR VEHICLE STRUCK MOTOR VEHICLE, FRONT END AT ANGLE",,N,Raining,Wet,Dusk,,,,30,From opposite direction - all others,0,0,N
3305,1,-122.31212590000001,47.695342600000004,3845,16693,16693,3501901,Matched,Block,,15TH AVE NE BETWEEN NE 91ST ST AND NE 92ND ST, ,,1,Property Damage Only Collision,Rear Ended,3,0,0,2,2013/04/08 00:00:00+00,4/8/2013 9:10:00 PM,Mid-Block (not related to intersection),14,"MOTOR VEHICLE STRUCK MOTOR VEHICLE, REAR END",,Y,Clear,Dry,Dark - Street Lights On,,,,14,From same direction - both going straight - one stopped - rear-end,0,0,N
3306,1,-122.26686129999999,47.53352947,3846,16437,16437,3672046,Matched,Block,,SEWARD PARK AVE S BETWEEN S FONTANELLE PL AND S KENYON ST, ,,1,Property Damage Only Collision,Parked Car,2,0,0,2,2013/03/29 00:00:00+00,3/29/2013 3:00:00 PM,Mid-Block (not related to intersection),16,"MOTOR VEHICLE STRUCK MOTOR VEHICLE, LEFT SIDE SIDESWIPE",,N,Unknown,Unknown,Daylight,,,,32,One parked--one moving,0,0,N