,SEVERITYCODE,X,Y,OBJECTID,INCKEY,COLDETKEY,REPORTNO,STATUS,ADDRTYPE,INTKEY,LOCATION,EXCEPTRSNCODE,EXCEPTRSNDESC,SEVERITYCODE.1,SEVERITYDESC,COLLISIONTYPE,PERSONCOUNT,PEDCOUNT,PEDCYLCOUNT,VEHCOUNT,INCDATE,INCDTTM,JUNCTIONTYPE,SDOT_COLCODE,SDOT_COLDESC,INATTENTIONIND,UNDERINFL,WEATHER,ROADCOND,LIGHTCOND,PEDROWNOTGRNT,SDOTCOLNUM,SPEEDING,ST_COLCODE,ST_COLDESC,SEGLANEKEY,CROSSWALKKEY,HITPARKEDCAR
3307,2,-122.3937342,47.55123448,3847,16965,16965,1203773,Matched,Block,,48TH AVE SW BETWEEN SW FINDLAY ST AND SW JUNEAU ST,,,2,Injury Collision,Parked Car,2,0,0,2,2004/03/19 00:00:00+00,3/19/2004 12:40:00 AM,Mid-Block (not related to intersection),14,"MOTOR VEHICLE STRUCK MOTOR VEHICLE, REAR END",,1,Overcast,Dry,Dark - Street Lights On,,4079003.0,Y,32,One parked--one moving,0,0,N
3308,1,-122.32863429999999,47.70862872,3848,16564,16564,3615274,Matched,Intersection,36586.0,1ST AVE NE AND NE NORTHGATE WAY,NEI,"Not Enough Information, or Insufficient Location Information",1,Property Damage Only Collision,Other,2,0,0,2,2013/04/04 00:00:00+00,4/4/2013 4:00:00 PM,At Intersection (intersection related),0,NOT ENOUGH INFORMATION / NOT APPLICABLE,,N,Unknown,Unknown,Unknown,,,,23,From same direction - all others,0,0,N
3309,1,-122.3528348,47.61917538,3849,17442,17442,C645433,Matched,Block,,2ND AVE N BETWEEN DENNY WAY AND JOHN ST,,,1,Property Damage Only Collision,Other,2,0,0,2,2004/06/19 00:00:00+00,6/19/2004 12:00:00 PM,Mid-Block (but intersection related),11,"MOTOR VEHICLE STRUCK MOTOR VEHICLE, FRONT END AT ANGLE",,0,Clear,Dry,Daylight,,4171035.0,,23,From same direction - all others,0,0,N
3310,2,-122.3550385,47.5327754,3850,17042,17042,1790232,Matched,Block,,16TH AVE SW BETWEEN SW HOLDEN ST AND SW KENYON ST,,,2,Injury Collision,Other,4,0,0,2,2004/05/12 00:00:00+00,5/12/2004 5:30:00 PM,Driveway Junction,16,"MOTOR VEHICLE STRUCK MOTOR VEHICLE, LEFT SIDE SIDESWIPE",,0,Clear,Dry,Daylight,,4133011.0,,21,One car entering driveway access,0,0,N
3311,2,,,3851,17265,17265,C650857,Matched,Block,,BATTERY ST TUNNEL NB BETWEEN ALASKAN WY VI NB AND AURORA AVE N,,,2,Injury Collision,Rear Ended,3,0,0,2,2004/12/29 00:00:00+00,12/29/2004 3:45:00 PM,Mid-Block (not related to intersection),14,"MOTOR VEHICLE STRUCK MOTOR VEHICLE, REAR END",,0,Raining,Wet,Other,,4364065.0,,13,From same direction - both going straight - both moving - rear-end,0,0,N
3312,2,,,3852,16774,16774,3553742,Unmatched,Alley,,, ,,2,Injury Collision,,2,0,0,0,2013/04/10 00:00:00+00,4/10/2013,,0,NOT ENOUGH INFORMATION / NOT APPLICABLE,,,,,,,,, ,,0,0,N
3313,1,-122.3259678,47.70910524,3854,326400,327900,E986968,Matched,Block,,3RD AVE NE BETWEEN NE NORTHGATE WAY AND NE 112TH ST, ,,1,Property Damage Only Collision,Sideswipe,2,0,0,2,2019/11/25 00:00:00+00,11/25/2019 6:10:00 PM,Mid-Block (not related to intersection),14,"MOTOR VEHICLE STRUCK MOTOR VEHICLE, REAR END",,Y,Raining,Wet,Dark - Street Lights On,,,,11,From same direction - both going straight - both moving - sideswipe,0,0,N
3314,1,-122.31246409999999,47.65297596,3855,17669,17669,1793687,Matched,Intersection,27149.0,15TH AVE NE AND NE PACIFIC ST,,,1,Property Damage Only Collision,Angles,2,0,0,2,2004/06/23 00:00:00+00,6/23/2004 8:50:00 AM,At Intersection (intersection related),11,"MOTOR VEHICLE STRUCK MOTOR VEHICLE, FRONT END AT ANGLE",Y,0,Clear,Dry,Daylight,,4175004.0,,10,Entering at angle,0,0,N
3315,1,-122.2933783,47.64080441,3856,17161,17161,C647518,Matched,Block,,E FOSTER ISLAND RD BETWEEN ARBORETUM DR E AND DEAD END,,,1,Property Damage Only Collision,Other,2,0,0,2,2004/08/14 00:00:00+00,8/14/2004 2:00:00 PM,Driveway Junction,11,"MOTOR VEHICLE STRUCK MOTOR VEHICLE, FRONT END AT ANGLE",,0,Clear,Dry,Daylight,,4227041.0,,21,One car entering driveway access,0,0,N
3316,1,-122.2705097,47.54698389,3860,17316,17316,1327158,Matched,Block,,S BATEMAN ST BETWEEN DEAD END 3 AND 51ST AVE S,,,1,Property Damage Only Collision,Parked Car,2,0,0,2,2004/04/28 00:00:00+00,4/28/2004 8:50:00 PM,Mid-Block (not related to intersection),33,DRIVERLESS VEHICLE STRUCK MOTOR VEHICLE LEFT SIDE AT ANGLE,,0,Clear,Dry,Unknown,,4119001.0,,32,One parked--one moving,0,0,N
3317,2,-122.3720305,47.54101778,3861,16508,16508,3380711,Unmatched,Block,,31ST AVE SW BETWEEN SW HOLLY ST AND SW MYRTLE E ST, ,,2,Injury Collision,,1,0,0,0,2013/04/05 00:00:00+00,4/5/2013,Mid-Block (not related to intersection),28,MOTOR VEHICLE RAN OFF ROAD - HIT FIXED OBJECT,,,,,,,,, ,,0,0,N
3318,1,-122.3610919,47.53795417,3862,16932,16932,1795708,Matched,Intersection,33963.0,DELRIDGE WAY SW AND SW ORCHARD ST,,,1,Property Damage Only Collision,Left Turn,2,0,0,2,2004/12/17 00:00:00+00,12/17/2004 7:15:00 AM,At Intersection (intersection related),11,"MOTOR VEHICLE STRUCK MOTOR VEHICLE, FRONT END AT ANGLE",,0,Overcast,Wet,Dark - Street Lights On,,4352041.0,,28,From opposite direction - one left turn - one straight,0,0,N
3319,2,-122.35931470000001,47.69061787,3863,16550,16550,3612935,Matched,Block,,NW 85TH ST BETWEEN 1ST AVE NW AND 3RD AVE NW, ,,2,Injury Collision,Left Turn,4,0,0,2,2013/04/04 00:00:00+00,4/4/2013 2:07:00 PM,Mid-Block (not related to intersection),11,"MOTOR VEHICLE STRUCK MOTOR VEHICLE, FRONT END AT ANGLE",,N,Raining,Wet,Daylight,,,,28,From opposite direction - one left turn - one straight,0,0,N
3320,1,-122.24254180000001,47.50105146,3864,17489,17489,1784326,Matched,Block,,WOODLEY AVE S BETWEEN LAKE RIDGE DR S AND S 115TH ST,,,1,Property Damage Only Collision,Parked Car,2,0,0,2,2004/11/13 00:00:00+00,11/13/2004 3:39:00 PM,Mid-Block (not related to intersection),11,"MOTOR VEHICLE STRUCK MOTOR VEHICLE, FRONT END AT ANGLE",,0,Overcast,Dry,Daylight,,4318009.0,,32,One parked--one moving,0,0,N
3321,1,-122.30765420000002,47.60391666,3865,17676,17676,1772198,Matched,Block,,19TH AVE BETWEEN E SPRUCE ST AND E ALDER ST,,,1,Property Damage Only Collision,Parked Car,2,0,0,2,2004/07/25 00:00:00+00,7/25/2004 1:10:00 PM,Mid-Block (not related to intersection),11,"MOTOR VEHICLE STRUCK MOTOR VEHICLE, FRONT END AT ANGLE",,0,Clear,Dry,Daylight,,4207009.0,,32,One parked--one moving,0,0,N
3322,1,-122.27050690000002,47.53796121,3866,17168,17168,1793507,Matched,Block,,RAINIER AVE S BETWEEN S ORCHARD ST AND S GARDEN ST,,,1,Property Damage Only Collision,Rear Ended,2,0,0,2,2004/09/24 00:00:00+00,9/24/2004 5:50:00 PM,Mid-Block (not related to intersection),14,"MOTOR VEHICLE STRUCK MOTOR VEHICLE, REAR END",,0,Clear,Dry,Daylight,,4268056.0,,13,From same direction - both going straight - both moving - rear-end,0,0,N
3323,2,-122.2855095,47.56411701,3867,196900,197020,E428336,Matched,Block,,S GENESEE ST BETWEEN 37TH AVE S AND 38TH AVE S, ,,2,Injury Collision,Rear Ended,0,0,0,2,2015/05/18 00:00:00+00,5/18/2015 6:35:00 PM,Mid-Block (not related to intersection),14,"MOTOR VEHICLE STRUCK MOTOR VEHICLE, REAR END",,N,Clear,Dry,Daylight,,,,14,From same direction - both going straight - one stopped - rear-end,0,0,N
3324,2,-122.31722279999998,47.59918906,3868,17473,17473,1772603,Matched,Intersection,30427.0,12TH AVE S AND S JACKSON ST,,,2,Injury Collision,Left Turn,4,0,0,2,2004/05/27 00:00:00+00,5/27/2004 2:29:00 PM,At Intersection (intersection related),11,"MOTOR VEHICLE STRUCK MOTOR VEHICLE, FRONT END AT ANGLE",,0,Raining,Wet,Daylight,,4148034.0,,28,From opposite direction - one left turn - one straight,0,0,N
3325,1,-122.302761,47.61002299,3869,17653,17653,1856645,Matched,Intersection,30051.0,23RD AVE AND E MARION ST,,,1,Property Damage Only Collision,Angles,3,0,0,2,2004/03/27 00:00:00+00,3/27/2004 10:10:00 PM,At Intersection (intersection related),11,"MOTOR VEHICLE STRUCK MOTOR VEHICLE, FRONT END AT ANGLE",,0,Raining,Wet,Dark - Street Lights On,,4087025.0,,10,Entering at angle,0,0,N
3326,1,-122.3554313,47.66214268,3870,16529,16529,3508209,Matched,Intersection,25685.0,GREENWOOD AVE N AND N 46TH S ST, ,,1,Property Damage Only Collision,Rear Ended,2,0,0,2,2013/04/06 00:00:00+00,4/6/2013 12:19:00 AM,At Intersection (intersection related),14,"MOTOR VEHICLE STRUCK MOTOR VEHICLE, REAR END",,Y,Raining,Wet,Dark - Street Lights On,,,,14,From same direction - both going straight - one stopped - rear-end,0,0,N
3327,2,-122.37614280000001,47.63766086,3871,16783,16783,3581418,Matched,Intersection,27940.0,15TH AVE W AND W ARMORY WAY, ,,2,Injury Collision,Left Turn,3,0,0,2,2013/04/10 00:00:00+00,4/10/2013 8:20:00 AM,At Intersection (intersection related),11,"MOTOR VEHICLE STRUCK MOTOR VEHICLE, FRONT END AT ANGLE",,N,Raining,Wet,Daylight,,,,28,From opposite direction - one left turn - one straight,0,0,N
3328,2,-122.3225825,47.53983222,3872,17098,17098,1788802,Matched,Intersection,34188.0,CARLETON AVE S AND EAST MARGINAL WAY S,,,2,Injury Collision,Left Turn,2,0,0,2,2004/02/28 00:00:00+00,2/28/2004 1:55:00 AM,At Intersection (intersection related),11,"MOTOR VEHICLE STRUCK MOTOR VEHICLE, FRONT END AT ANGLE",,0,Clear,Dry,Dark - Street Lights On,,4059006.0,,28,From opposite direction - one left turn - one straight,0,0,N
3329,1,-122.3341988,47.58397886,3875,17389,17389,1213811,Matched,Intersection,31350.0,1ST AVE S AND S WALKER ST,,,1,Property Damage Only Collision,Other,3,0,0,3,2004/07/28 00:00:00+00,7/28/2004 4:21:00 PM,At Intersection (intersection related),14,"MOTOR VEHICLE STRUCK MOTOR VEHICLE, REAR END",,0,Clear,Dry,Daylight,,4210008.0,,21,One car entering driveway access,0,0,N
3330,1,-122.28110420000002,47.53705159,3877,321800,323300,E945271,Unmatched,Intersection,486567.0,M L KING JR ER WAY S AND S OTHELLO ST, ,,1,Property Damage Only Collision,,1,0,0,0,2019/07/30 00:00:00+00,7/30/2019,At Intersection (intersection related),14,"MOTOR VEHICLE STRUCK MOTOR VEHICLE, REAR END",,,,,,,,, ,,0,0,N
3331,1,-122.3294442,47.59239427,3878,17208,17208,1777287,Matched,Block,,S ROYAL BROUGHAM WAY BETWEEN 3RD AVE S AND 4TH AVE S,,,1,Property Damage Only Collision,Other,2,0,0,2,2004/01/29 00:00:00+00,1/29/2004 2:59:00 PM,Driveway Junction,11,"MOTOR VEHICLE STRUCK MOTOR VEHICLE, FRONT END AT ANGLE",,0,Raining,Wet,Daylight,,4029021.0,,21,One car entering driveway access,0,0,N
3332,2,-122.37612340000001,47.66366435,3879,327200,328700,E994851,Matched,Intersection,25468.0,15TH NB AVE NW AND NW LEARY WAY, ,,2,Injury Collision,Left Turn,2,0,0,2,2019/12/11 00:00:00+00,12/11/2019 1:15:00 PM,At Intersection (intersection related),11,"MOTOR VEHICLE STRUCK MOTOR VEHICLE, FRONT END AT ANGLE",,N,Clear,Wet,Daylight,,,,28,From opposite direction - one left turn - one straight,0,0,N
3333,1,-122.32896509999999,47.60003602,3880,17665,17665,1318320,Matched,Intersection,30502.0,4TH AVE S AND S MAIN ST,,,1,Property Damage Only Collision,Sideswipe,2,0,0,2,2004/05/22 00:00:00+00,5/22/2004 4:20:00 PM,At Intersection (intersection related),16,"MOTOR VEHICLE STRUCK MOTOR VEHICLE, LEFT SIDE SIDESWIPE",,0,Clear,Dry,Daylight,,4143040.0,,81,Same direction -- both turning left -- both moving -- sideswipe,0,0,N
3334,2,-122.3555447,47.72232421,3881,17015,17015,1778923,Matched,Block,,GREENWOOD AVE N BETWEEN N 127TH ST AND N 130TH ST,,,2,Injury Collision,Rear Ended,3,0,0,3,2004/02/13 00:00:00+00,2/13/2004 1:20:00 PM,Mid-Block (not related to intersection),14,"MOTOR VEHICLE STRUCK MOTOR VEHICLE, REAR END",Y,0,Clear,Dry,Daylight,,4044023.0,,14,From same direction - both going straight - one stopped - rear-end,0,0,N
3335,1,-122.2577425,47.50903608,3882,16649,16649,3671971,Matched,Block,,RENTON AVE S BETWEEN S RYAN ST AND S PRENTICE N ST, ,,1,Property Damage Only Collision,Parked Car,4,0,0,2,2013/04/07 00:00:00+00,4/7/2013 3:37:00 PM,Mid-Block (not related to intersection),11,"MOTOR VEHICLE STRUCK MOTOR VEHICLE, FRONT END AT ANGLE",,N,Raining,Wet,Daylight,,,,20,One car leaving parked position,0,0,N
3336,2,-122.28528109999999,47.54569398,3883,17758,17758,C649428,Matched,Block,,M L KING JR ER WAY S BETWEEN S GRAHAM ST AND S EDDY ST,,,2,Injury Collision,Rear Ended,2,0,0,2,2004/10/20 00:00:00+00,10/20/2004 1:15:00 PM,Mid-Block (not related to intersection),14,"MOTOR VEHICLE STRUCK MOTOR VEHICLE, REAR END",,0,Clear,Sand/Mud/Dirt,Daylight,,4294038.0,,14,From same direction - both going straight - one stopped - rear-end,0,0,N
3337,1,-122.3413331,47.61383119,3884,325100,326600,3793478,Matched,Intersection,29548.0,4TH AVE AND LENORA ST, ,,1,Property Damage Only Collision,Sideswipe,3,0,0,2,2019/10/26 00:00:00+00,10/26/2019 10:18:00 PM,At Intersection (intersection related),11,"MOTOR VEHICLE STRUCK MOTOR VEHICLE, FRONT END AT ANGLE",,N,Clear,Dry,Dark - Street Lights On,,,,11,From same direction - both going straight - both moving - sideswipe,0,0,N
3338,1,-122.33908989999999,47.62469131,3885,16431,16431,3643958,Matched,Block,,MERCER NR ST BETWEEN 9TH AVE N AND WESTLAKE AVE N, ,,1,Property Damage Only Collision,Sideswipe,2,0,0,2,2013/03/27 00:00:00+00,3/27/2013 6:56:00 AM,Mid-Block (not related to intersection),11,"MOTOR VEHICLE STRUCK MOTOR VEHICLE, FRONT END AT ANGLE",,N,Clear,Dry,Daylight,,,,11,From same direction - both going straight - both moving - sideswipe,0,0,N
3339,1,-122.270274,47.53695788,3886,17091,17091,1779611,Matched,Intersection,34470.0,RAINIER AVE S AND S OTHELLO ST,,,1,Property Damage Only Collision,Left Turn,2,0,0,2,2004/09/08 00:00:00+00,9/8/2004,At Intersection (intersection related),11,"MOTOR VEHICLE STRUCK MOTOR VEHICLE, FRONT END AT ANGLE",,0,Raining,Wet,Daylight,,4252004.0,,28,From opposite direction - one left turn - one straight,0,0,N
3340,1,-122.31215490000001,47.68667653,3887,328500,330000,EA09897,Unmatched,Intersection,24397.0,15TH AVE NE AND NE 80TH ST, ,,1,Property Damage Only Collision,,3,0,0,0,2020/01/29 00:00:00+00,1/29/2020,At Intersection (intersection related),11,"MOTOR VEHICLE STRUCK MOTOR VEHICLE, FRONT END AT ANGLE",,,,,,,,, ,,0,0,N
3341,2,-122.35250649999999,47.61691834,3890,17401,17401,1069901,Matched,Intersection,29665.0,1ST AVE AND BROAD ST,,,2,Injury Collision,Angles,3,0,0,2,2004/07/11 00:00:00+00,7/11/2004 6:40:00 PM,At Intersection (intersection related),11,"MOTOR VEHICLE STRUCK MOTOR VEHICLE, FRONT END AT ANGLE",,0,Clear,Dry,Daylight,,4193027.0,,10,Entering at angle,0,0,N
3342,1,-122.4081635,47.57305102,3891,17352,17352,1482121,Matched,Block,,59TH AVE SW BETWEEN 59TH AVE SW TURN AND SW SPOKANE ST,,,1,Property Damage Only Collision,Parked Car,2,0,0,2,2004/07/30 00:00:00+00,7/30/2004 2:10:00 AM,Mid-Block (but intersection related),14,"MOTOR VEHICLE STRUCK MOTOR VEHICLE, REAR END",,0,Clear,Dry,Dark - Street Lights On,,4212028.0,,32,One parked--one moving,0,0,N
3343,2,-122.3342153,47.55379742,3892,16979,16979,1783933,Matched,Block,,1ST AVE S BETWEEN S BRANDON ST AND S LUCILE ST,,,2,Injury Collision,Rear Ended,3,0,0,3,2004/12/15 00:00:00+00,12/15/2004 5:09:00 PM,Mid-Block (but intersection related),14,"MOTOR VEHICLE STRUCK MOTOR VEHICLE, REAR END",,0,Overcast,Dry,Dark - Street Lights On,,4350007.0,,14,From same direction - both going straight - one stopped - rear-end,0,0,N
3344,2,-122.3055636,47.69438599,3893,214500,214760,3695478,Matched,Block,,LAKE CITY WAY NE BETWEEN NE 90TH ST AND NE 91ST ST, ,,2,Injury Collision,Rear Ended,2,0,0,2,2016/02/29 00:00:00+00,2/29/2016 7:50:00 AM,Mid-Block (but intersection related),14,"MOTOR VEHICLE STRUCK MOTOR VEHICLE, REAR END",Y,N,Raining,Wet,Daylight,,,,14,From same direction - both going straight - one stopped - rear-end,0,0,N
3345,1,,,3894,17062,17062,C649661,Matched,,,,NEI,"Not Enough Information, or Insufficient Location Information",1,Property Damage Only Collision,Parked Car,2,0,0,2,2004/11/27 00:00:00+00,11/27/2004 11:45:00 PM,,0,NOT ENOUGH INFORMATION / NOT APPLICABLE,,0,Other,Other,Unknown,,4332046.0,,32,One parked--one moving,0,0,N
3346,2,-122.3547752,47.56872401,3897,17807,17807,1789045,Matched,Block,,WEST MARGINAL WAY SW BETWEEN MARGINAL SB PL SW AND SW ANDOVER ST,,,2,Injury Collision,Other,2,0,0,2,2004/08/24 00:00:00+00,8/24/2004 9:35:00 AM,Mid-Block (but intersection related),11,"MOTOR VEHICLE STRUCK MOTOR VEHICLE, FRONT END AT ANGLE",,0,Raining,Wet,Daylight,,4237003.0,,23,From same direction - all others,0,0,N
3347,1,-122.38335259999998,47.64751804,3898,17009,17009,1097211,Matched,Block,,21ST AVE W BETWEEN W BARRETT ST AND W DRAVUS ST,,,1,Property Damage Only Collision,Parked Car,2,0,0,2,2004/09/06 00:00:00+00,9/6/2004,Mid-Block (not related to intersection),13,"MOTOR VEHICLE STRUCK MOTOR VEHICLE, LEFT SIDE AT ANGLE",,0,Clear,Dry,Dark - No Street Lights,,4250019.0,,32,One parked--one moving,0,0,N
3348,1,-122.3216018,47.52646149,3899,319100,320600,3752679,Matched,Block,,S CLOVERDALE ST BETWEEN 8TH AVE S AND 10TH AVE S, ,,1,Property Damage Only Collision,Parked Car,3,0,0,3,2019/05/18 00:00:00+00,5/18/2019 2:28:00 AM,Mid-Block (not related to intersection),14,"MOTOR VEHICLE STRUCK MOTOR VEHICLE, REAR END",,N,Clear,Dry,Dark - Street Lights On,,,,32,One parked--one moving,0,0,Y
3349,2,-122.3394763,47.67154158,3900,17615,17615,1781910,Matched,Block,,EAST GREEN LAKE WAY N BETWEEN N 57TH ST AND KENWOOD PL N,,,2,Injury Collision,Parked Car,3,0,0,2,2004/07/02 00:00:00+00,7/2/2004,Mid-Block (not related to intersection),11,"MOTOR VEHICLE STRUCK MOTOR VEHICLE, FRONT END AT ANGLE",,0,Clear,Dry,Daylight,,4184019.0,,20,One car leaving parked position,0,0,N
3350,2,-122.33545659999999,47.60046899,3902,16475,16475,3581769,Matched,Block,,ALASKAN E RDWY WAY S BETWEEN S WASHINGTON ST AND S MAIN ST, ,,2,Injury Collision,Rear Ended,3,0,0,3,2013/04/03 00:00:00+00,4/3/2013 8:33:00 AM,Mid-Block (not related to intersection),14,"MOTOR VEHICLE STRUCK MOTOR VEHICLE, REAR END",,N,Clear,Dry,Daylight,,,,13,From same direction - both going straight - both moving - rear-end,0,0,N
3351,1,-122.3336587,47.60774722,3903,323700,325200,3547755,Matched,Block,,SENECA ST BETWEEN 4TH AVE AND 5TH AVE, ,,1,Property Damage Only Collision,Sideswipe,2,0,0,2,2019/09/20 00:00:00+00,9/20/2019 11:05:00 PM,Mid-Block (not related to intersection),11,"MOTOR VEHICLE STRUCK MOTOR VEHICLE, FRONT END AT ANGLE",Y,N,Clear,Dry,Dark - Street Lights On,,,,11,From same direction - both going straight - both moving - sideswipe,0,0,N
3352,1,-122.31422169999999,47.59147475,3904,16588,16588,3615275,Matched,Block,,15TH AVE S BETWEEN GOLF DR S AND S ATLANTIC ST,NEI,"Not Enough Information, or Insufficient Location Information",1,Property Damage Only Collision,Parked Car,2,0,0,2,2013/04/05 00:00:00+00,4/5/2013 10:00:00 AM,Mid-Block (not related to intersection),0,NOT ENOUGH INFORMATION / NOT APPLICABLE,,N,Unknown,Unknown,Unknown,,,,32,One parked--one moving,0,0,N
3353,2,-122.354708,47.66214169,3905,17224,17224,1212542,Matched,Block,,N 46TH ST BETWEEN GREENWOOD S AVE N AND PHINNEY AVE N,,,2,Injury Collision,Other,1,0,0,1,2004/08/22 00:00:00+00,8/22/2004 2:27:00 AM,Mid-Block (not related to intersection),28,MOTOR VEHICLE RAN OFF ROAD - HIT FIXED OBJECT,,1,Raining,Standing Water,Dark - Street Lights On,,4235013.0,,50,Fixed object,0,0,N
3354,2,-122.33917360000001,47.61372707,3906,16547,16547,3643914,Matched,Intersection,29549.0,5TH AVE AND VIRGINIA ST, ,,2,Injury Collision,Angles,3,0,0,2,2013/04/04 00:00:00+00,4/4/2013 2:37:00 PM,At Intersection (intersection related),11,"MOTOR VEHICLE STRUCK MOTOR VEHICLE, FRONT END AT ANGLE",Y,N,Raining,Wet,Daylight,,,,10,Entering at angle,0,0,N
3355,1,-122.3645317,47.52376854,3907,16858,16858,3615297,Matched,Block,,25TH AVE SW BETWEEN SW TRENTON ST AND SW HENDERSON ST,NEI,"Not Enough Information, or Insufficient Location Information",1,Property Damage Only Collision,Parked Car,2,0,0,2,2013/04/12 00:00:00+00,4/12/2013 1:00:00 PM,,0,NOT ENOUGH INFORMATION / NOT APPLICABLE,,N,Unknown,Wet,Daylight,,,,32,One parked--one moving,0,0,N
3356,1,-122.2854432,47.55865579,3908,17932,17932,1772803,Matched,Intersection,33568.0,RAINIER AVE S AND S EDMUNDS ST,,,1,Property Damage Only Collision,Pedestrian,2,1,0,1,2004/05/19 00:00:00+00,5/19/2004 7:30:00 AM,At Intersection (intersection related),24,MOTOR VEHCILE STRUCK PEDESTRIAN,,0,Clear,Dry,Daylight,,4140034.0,,0,Vehicle going straight hits pedestrian,0,0,N
3357,1,,,3909,17130,17130,1799158,Matched,Block,,8TH AVE S BETWEEN YESLER WAY AND DEAD END 1,,,1,Property Damage Only Collision,Parked Car,3,0,0,3,2004/10/21 00:00:00+00,10/21/2004 12:37:00 PM,Mid-Block (not related to intersection),31,DRIVERLESS VEHICLE STRUCK MOTOR VEHICLE FRONT END AT ANGLE,,0,Overcast,Dry,Daylight,,4295005.0,,32,One parked--one moving,0,0,N
3358,1,-122.2808113,47.53299172,3910,215800,216060,E523305,Matched,Block,,M L KING JR WR WAY S BETWEEN S HOLDEN ST AND S CHICAGO ST, ,,1,Property Damage Only Collision,Other,3,0,0,2,2016/03/10 00:00:00+00,3/10/2016 12:14:00 PM,Mid-Block (not related to intersection),25,MOTOR VEHICLE STRUCK TRAIN,,N,Raining,Wet,Daylight,,,,40,Railway Vehicle Strikes Vehicle,0,0,N
3359,1,-122.3629991,47.55101311,3911,17953,17953,1781305,Matched,Block,,DELRIDGE WAY SW BETWEEN SW FINDLAY ST AND SW JUNEAU ST,,,1,Property Damage Only Collision,Rear Ended,2,0,0,2,2004/06/11 00:00:00+00,6/11/2004 9:15:00 AM,Mid-Block (not related to intersection),14,"MOTOR VEHICLE STRUCK MOTOR VEHICLE, REAR END",Y,0,Overcast,Dry,Daylight,,4163046.0,,14,From same direction - both going straight - one stopped - rear-end,0,0,N
3360,2,-122.33508159999998,47.65430975,3913,16703,16703,3613224,Matched,Intersection,26856.0,BURKE AVE N AND N 39TH ST, ,,2,Injury Collision,Angles,2,0,0,2,2013/03/27 00:00:00+00,3/27/2013 2:40:00 PM,At Intersection (intersection related),11,"MOTOR VEHICLE STRUCK MOTOR VEHICLE, FRONT END AT ANGLE",,N,Overcast,Dry,Daylight,,,,10,Entering at angle,0,0,N
3361,1,-122.3397085,47.62628156,3914,16605,16605,3582017,Matched,Block,,9TH AVE N BETWEEN ROY ST AND WESTLAKE AVE N, ,,1,Property Damage Only Collision,Sideswipe,3,0,0,2,2013/04/06 00:00:00+00,4/6/2013 12:50:00 PM,Mid-Block (not related to intersection),11,"MOTOR VEHICLE STRUCK MOTOR VEHICLE, FRONT END AT ANGLE",,N,Raining,Wet,Daylight,,,,11,From same direction - both going straight - both moving - sideswipe,0,0,N
3362,1,-122.3237396,47.60696420000001,3915,17243,17243,1213392,Matched,Block,,CHERRY ST BETWEEN TERRY AVE AND BOREN AVE,,,1,Property Damage Only Collision,Parked Car,2,0,0,2,2004/05/16 00:00:00+00,5/16/2004 3:00:00 PM,Mid-Block (not related to intersection),16,"MOTOR VEHICLE STRUCK MOTOR VEHICLE, LEFT SIDE SIDESWIPE",,0,Clear,Dry,Daylight,,4137012.0,,32,One parked--one moving,0,0,N
3363,1,-122.2965188,47.73378577,3916,331200,332700,EA20421,Matched,Intersection,35990.0,30TH AVE NE AND NE 145TH ST, ,,1,Property Damage Only Collision,Other,1,0,0,1,2020/02/29 00:00:00+00,2/29/2020 1:10:00 AM,At Intersection (intersection related),26,MOTOR VEHICLE STRUCK OBJECT IN ROAD,,N,Overcast,Wet,Dark - Street Lights On,,,,50,Fixed object,0,0,N
3364,1,-122.2851165,47.68235109,3917,17448,17448,1795026,Matched,Block,,40TH AVE NE BETWEEN NE 73RD N ST AND NE 75TH ST,,,1,Property Damage Only Collision,Cycles,2,0,1,1,2004/09/19 00:00:00+00,9/19/2004 3:01:00 PM,Mid-Block (not related to intersection),21,"MOTOR VEHICLE STRUCK PEDALCYCLIST, REAR END",,1,Clear,Dry,Daylight,Y,4263009.0,,45,Vehicle - Pedalcyclist,0,0,N
3365,2,-122.35077659999999,47.70435413,3918,16651,16651,3504378,Matched,Intersection,37383.0,EVANSTON AVE N AND N 104TH ST, ,,2,Injury Collision,Angles,3,0,0,2,2013/04/08 00:00:00+00,4/8/2013 7:00:00 PM,At Intersection (intersection related),11,"MOTOR VEHICLE STRUCK MOTOR VEHICLE, FRONT END AT ANGLE",,N,Clear,Dry,Dusk,,,,10,Entering at angle,0,0,N
3366,1,-122.3152797,47.68308626,3919,17181,17181,1780085,Matched,Intersection,24429.0,12TH AVE NE AND NE 75TH ST,,,1,Property Damage Only Collision,Angles,2,0,0,2,2004/01/30 00:00:00+00,1/30/2004 12:55:00 PM,At Intersection (intersection related),11,"MOTOR VEHICLE STRUCK MOTOR VEHICLE, FRONT END AT ANGLE",,0,Clear,Dry,Daylight,,4030028.0,,10,Entering at angle,0,0,N
3367,1,-122.35843249999999,47.66394731,3920,322300,323800,E928790,Matched,Block,,NW MARKET ST BETWEEN NW 48TH ST AND NW 49TH ST, ,,1,Property Damage Only Collision,Rear Ended,3,0,0,2,2019/05/25 00:00:00+00,5/25/2019 12:50:00 PM,Mid-Block (not related to intersection),14,"MOTOR VEHICLE STRUCK MOTOR VEHICLE, REAR END",,N,Raining,Wet,Daylight,,,,13,From same direction - both going straight - both moving - rear-end,0,0,N
3368,1,-122.41497379999998,47.64468511,3921,17221,17221,1784653,Matched,Block,,MAGNOLIA LN W BETWEEN DEAD END AND W ARMOUR ST,,,1,Property Damage Only Collision,Parked Car,2,0,0,2,2004/10/20 00:00:00+00,10/20/2004 1:00:00 PM,Mid-Block (not related to intersection),12,"MOTOR VEHICLE STRUCK MOTOR VEHICLE, RIGHT SIDE AT ANGLE",,0,Unknown,Unknown,Daylight,,4294011.0,,32,One parked--one moving,0,0,N