,SEVERITYCODE,X,Y,OBJECTID,INCKEY,COLDETKEY,REPORTNO,STATUS,ADDRTYPE,INTKEY,LOCATION,EXCEPTRSNCODE,EXCEPTRSNDESC,SEVERITYCODE.1,SEVERITYDESC,COLLISIONTYPE,PERSONCOUNT,PEDCOUNT,PEDCYLCOUNT,VEHCOUNT,INCDATE,INCDTTM,JUNCTIONTYPE,SDOT_COLCODE,SDOT_COLDESC,INATTENTIONIND,UNDERINFL,WEATHER,ROADCOND,LIGHTCOND,PEDROWNOTGRNT,SDOTCOLNUM,SPEEDING,ST_COLCODE,ST_COLDESC,SEGLANEKEY,CROSSWALKKEY,HITPARKEDCAR
3369,1,-122.31335659999999,47.57819458,3922,16711,16711,3671974,Matched,Block,,15TH AVE S BETWEEN S MCCLELLAN ST AND S FOREST ST, ,,1,Property Damage Only Collision,Rear Ended,3,0,0,2,2013/04/09 00:00:00+00,4/9/2013 9:30:00 AM,Mid-Block (not related to intersection),14,"MOTOR VEHICLE STRUCK MOTOR VEHICLE, REAR END",Y,N,Clear,Dry,Daylight,,,,14,From same direction - both going straight - one stopped - rear-end,0,0,N
3370,1,-122.3421634,47.66102734,3923,17940,17940,1794202,Matched,Block,,STONE WAY N BETWEEN N ALLEN PL AND N 45TH ST,,,1,Property Damage Only Collision,Rear Ended,2,0,0,2,2004/07/16 00:00:00+00,7/16/2004 6:30:00 PM,Mid-Block (but intersection related),14,"MOTOR VEHICLE STRUCK MOTOR VEHICLE, REAR END",,0,Clear,Dry,Daylight,,4198040.0,,14,From same direction - both going straight - one stopped - rear-end,0,0,N
3371,1,-122.3142101,47.66490847,3925,16876,16876,3507790,Matched,Intersection,25792.0,BROOKLYN AVE NE AND NE 50TH ST, ,,1,Property Damage Only Collision,Angles,3,0,0,2,2013/04/12 00:00:00+00,4/12/2013 3:14:00 PM,At Intersection (intersection related),11,"MOTOR VEHICLE STRUCK MOTOR VEHICLE, FRONT END AT ANGLE",,N,Overcast,Dry,Daylight,,,,10,Entering at angle,0,0,N
3372,1,-122.36506370000001,47.62461386,3926,16463,16463,3549369,Matched,Block,,W MERCER ST BETWEEN 6TH AVE W AND ELLIOTT AVE W, ,,1,Property Damage Only Collision,Sideswipe,2,0,0,2,2013/04/04 00:00:00+00,4/4/2013 4:44:00 PM,Mid-Block (but intersection related),14,"MOTOR VEHICLE STRUCK MOTOR VEHICLE, REAR END",,N,Raining,Wet,Daylight,,,,11,From same direction - both going straight - both moving - sideswipe,0,0,N
3373,2,-122.36289550000001,47.54666824,3927,17619,17619,1774846,Matched,Intersection,32968.0,24TH AVE SW AND DELRIDGE WAY SW,,,2,Injury Collision,Pedestrian,2,1,0,1,2004/04/29 00:00:00+00,4/29/2004 7:13:00 AM,At Intersection (intersection related),24,MOTOR VEHCILE STRUCK PEDESTRIAN,,0,Clear,Dry,Daylight,Y,4120012.0,,1,Vehicle turning right hits pedestrian,0,0,N
3374,1,-122.32072790000001,47.661319,3928,303100,304340,E841902,Matched,Intersection,27070.0,7TH AVE NE AND NE 45TH ST, ,,1,Property Damage Only Collision,Sideswipe,2,0,0,2,2018/09/21 00:00:00+00,9/21/2018 11:01:00 PM,At Intersection (intersection related),11,"MOTOR VEHICLE STRUCK MOTOR VEHICLE, FRONT END AT ANGLE",,N,Raining,Wet,Dark - Street Lights On,,,,71,Same direction -- both turning right -- both moving -- sideswipe,0,0,N
3375,1,-122.3137311,47.57162762,3929,316700,318200,3750646,Matched,Block,,S SPOKANE ST BETWEEN HINDS PL S AND 15TH AVE S, ,,1,Property Damage Only Collision,Other,2,0,0,2,2019/03/27 00:00:00+00,3/27/2019 3:40:00 PM,Mid-Block (not related to intersection),11,"MOTOR VEHICLE STRUCK MOTOR VEHICLE, FRONT END AT ANGLE",,N,Clear,Dry,Daylight,,,,23,From same direction - all others,0,0,N
3376,2,-122.2621818,47.52019046,3931,329700,331200,EA20352,Unmatched,Block,,RAINIER AVE S BETWEEN SEWARD PARK AVE S AND 57TH AVE S, ,,2,Injury Collision,,3,0,0,0,2020/03/01 00:00:00+00,3/1/2020,Mid-Block (not related to intersection),11,"MOTOR VEHICLE STRUCK MOTOR VEHICLE, FRONT END AT ANGLE",,,,,,,,, ,,0,0,N
3377,1,-122.33420190000001,47.57772754,3933,17546,17546,1777112,Matched,Intersection,31373.0,1ST AVE S AND S FOREST ST,,,1,Property Damage Only Collision,Right Turn,2,0,0,2,2004/01/23 00:00:00+00,1/23/2004 1:40:00 PM,At Intersection (intersection related),11,"MOTOR VEHICLE STRUCK MOTOR VEHICLE, FRONT END AT ANGLE",,0,Raining,Wet,Daylight,,4023019.0,,16,From same direction - one right turn - one straight,0,0,N
3378,1,-122.38162009999999,47.55292972,3934,17033,17033,1775068,Matched,Block,,FAUNTLEROY WAY SW BETWEEN SW BRANDON ST AND SW FINDLAY ST,,,1,Property Damage Only Collision,Parked Car,3,0,0,3,2004/01/20 00:00:00+00,1/20/2004 10:35:00 AM,Mid-Block (not related to intersection),14,"MOTOR VEHICLE STRUCK MOTOR VEHICLE, REAR END",Y,0,Clear,Dry,Daylight,,4020005.0,,32,One parked--one moving,0,0,N
3379,1,-122.3888652,47.67018833,3936,16770,16770,3615027,Matched,Block,,NW 57TH ST BETWEEN 24TH AVE NW AND 26TH AVE NW,NEI,"Not Enough Information, or Insufficient Location Information",1,Property Damage Only Collision,Parked Car,2,0,0,2,2013/04/11 00:00:00+00,4/11/2013 4:00:00 PM,Mid-Block (not related to intersection),0,NOT ENOUGH INFORMATION / NOT APPLICABLE,,N,Unknown,Unknown,Unknown,,,,32,One parked--one moving,0,0,N
3380,1,-122.3887533,47.63734607,3937,17067,17067,1478274,Matched,Block,,THORNDYKE AVE W BETWEEN W NEWTON ST AND W CROCKETT ST,,,1,Property Damage Only Collision,Parked Car,2,0,0,2,2004/04/15 00:00:00+00,4/15/2004 3:24:00 PM,Mid-Block (not related to intersection),14,"MOTOR VEHICLE STRUCK MOTOR VEHICLE, REAR END",,0,Clear,Dry,Daylight,,4106022.0,,32,One parked--one moving,0,0,N
3381,2,-122.2919705,47.57039062,3939,17668,17668,1793647,Matched,Block,,RAINIER AVE S BETWEEN S COURT ST AND 33RD AVE S,,,2,Injury Collision,Rear Ended,2,0,0,2,2004/09/28 00:00:00+00,9/28/2004 3:48:00 PM,Mid-Block (not related to intersection),14,"MOTOR VEHICLE STRUCK MOTOR VEHICLE, REAR END",,0,Clear,Dry,Daylight,,4272031.0,,14,From same direction - both going straight - one stopped - rear-end,0,0,N
3382,2,-122.35618249999999,47.66237446,3940,16863,16863,3504321,Matched,Intersection,336874.0,N 46TH ST AND N MARKET E ST, ,,2,Injury Collision,Other,1,0,0,1,2013/03/13 00:00:00+00,3/13/2013 9:10:00 AM,At Intersection (intersection related),28,MOTOR VEHICLE RAN OFF ROAD - HIT FIXED OBJECT,Y,N,Clear,Dry,Daylight,,,,50,Fixed object,0,0,N
3383,1,-122.3583071,47.65310982,3941,318800,320300,E912004,Matched,Block,,NW 36TH ST BETWEEN 1ST AVE NW AND LEARY WAY NW, ,,1,Property Damage Only Collision,Parked Car,3,0,0,2,2019/03/11 00:00:00+00,3/11/2019 5:34:00 AM,Mid-Block (not related to intersection),16,"MOTOR VEHICLE STRUCK MOTOR VEHICLE, LEFT SIDE SIDESWIPE",Y,N,Clear,Dry,Dark - Street Lights On,,,,32,One parked--one moving,0,0,N
3384,1,-122.25246399999999,47.50444075,3943,17420,17420,1771788,Matched,Block,,RENTON AVE S BETWEEN S HAZEL ST AND S FOUNTAIN ST,,,1,Property Damage Only Collision,Parked Car,4,0,0,4,2004/12/05 00:00:00+00,12/5/2004,Mid-Block (not related to intersection),14,"MOTOR VEHICLE STRUCK MOTOR VEHICLE, REAR END",,0,Unknown,Unknown,Unknown,,4340023.0,,32,One parked--one moving,0,0,N
3385,1,-122.31271890000001,47.61996729999999,3944,16686,16686,3476795,Matched,Intersection,29059.0,15TH AVE E AND E JOHN ST, ,,1,Property Damage Only Collision,Other,1,0,0,1,2013/04/09 00:00:00+00,4/9/2013 2:08:00 AM,At Intersection (intersection related),28,MOTOR VEHICLE RAN OFF ROAD - HIT FIXED OBJECT,,Y,Clear,Dry,Dark - Street Lights On,,,Y,50,Fixed object,0,0,N
3386,1,-122.33754429999999,47.60612176,3945,16596,16596,3550107,Matched,Intersection,29611.0,1ST AVE AND SENECA ST, ,,1,Property Damage Only Collision,Angles,3,0,0,2,2013/04/05 00:00:00+00,4/5/2013 8:20:00 AM,At Intersection (intersection related),11,"MOTOR VEHICLE STRUCK MOTOR VEHICLE, FRONT END AT ANGLE",Y,N,Overcast,Dry,Daylight,,,,10,Entering at angle,0,0,N
3387,1,-122.3121789,47.65413544,3947,328900,330400,EA14198,Unmatched,Block,,15TH AVE NE BETWEEN NE PACIFIC ST AND NE 40TH ST, ,,1,Property Damage Only Collision,,2,0,0,0,2020/02/07 00:00:00+00,2/7/2020,Mid-Block (not related to intersection),11,"MOTOR VEHICLE STRUCK MOTOR VEHICLE, FRONT END AT ANGLE",,,,,,,,, ,,0,0,N
3388,1,-122.3164832,47.60040526,3948,17877,17877,1790004,Matched,Block,,BOREN AVE S BETWEEN 12TH AVE S AND S MAIN ST,,,1,Property Damage Only Collision,Rear Ended,7,0,0,2,2004/04/09 00:00:00+00,4/9/2004,Mid-Block (but intersection related),14,"MOTOR VEHICLE STRUCK MOTOR VEHICLE, REAR END",,0,Clear,Dry,Daylight,,4100007.0,,14,From same direction - both going straight - one stopped - rear-end,0,0,N
3389,1,-122.31426189999999,47.66218831,3949,17841,17841,1782083,Matched,Block,,BROOKLYN AVE NE BETWEEN NE 45TH ST AND NE 47TH ST,,,1,Property Damage Only Collision,Parked Car,3,0,0,2,2004/06/23 00:00:00+00,6/23/2004 9:33:00 PM,Driveway Junction,14,"MOTOR VEHICLE STRUCK MOTOR VEHICLE, REAR END",,0,Clear,Dry,Dark - Street Lights On,,4175031.0,,32,One parked--one moving,0,0,N
3390,1,-122.3313425,47.60773005,3950,17258,17258,1777590,Matched,Intersection,29934.0,6TH AVE AND SPRING ST,,,1,Property Damage Only Collision,Angles,3,0,0,2,2004/12/20 00:00:00+00,12/20/2004 3:25:00 PM,At Intersection (intersection related),11,"MOTOR VEHICLE STRUCK MOTOR VEHICLE, FRONT END AT ANGLE",,0,Overcast,Dry,Daylight,,4355032.0,,10,Entering at angle,0,0,N
3391,1,-122.3341108,47.60991762,3951,213200,213480,E511188,Matched,Block,,UNION ST BETWEEN 5TH AVE AND 6TH AVE,NEI,"Not Enough Information, or Insufficient Location Information",1,Property Damage Only Collision,Parked Car,2,0,0,2,2016/01/31 00:00:00+00,1/31/2016,,0,NOT ENOUGH INFORMATION / NOT APPLICABLE,,N,Clear,Dry,Dark - Street Lights On,,,,32,One parked--one moving,0,0,N
3392,1,,,3953,198000,198120,3701847,Matched,Alley,,, ,,1,Property Damage Only Collision,Parked Car,2,0,0,2,2015/07/15 00:00:00+00,7/15/2015 11:25:00 AM,,0,NOT ENOUGH INFORMATION / NOT APPLICABLE,Y,N,Clear,Dry,Daylight,,,,32,One parked--one moving,0,0,N
3393,1,-122.3623578,47.62185645,3954,17776,17776,1213399,Matched,Block,,ELLIOTT AVE W BETWEEN 4TH AVE W AND W HARRISON ST,,,1,Property Damage Only Collision,Rear Ended,2,0,0,2,2004/08/23 00:00:00+00,8/23/2004 5:40:00 PM,Mid-Block (but intersection related),14,"MOTOR VEHICLE STRUCK MOTOR VEHICLE, REAR END",Y,0,Overcast,Dry,Daylight,,4236016.0,,14,From same direction - both going straight - one stopped - rear-end,0,0,N
3394,1,-122.32458559999999,47.60956945,3955,17921,17921,1790333,Matched,Block,,MADISON ST BETWEEN BOREN AVE AND MINOR AVE,,,1,Property Damage Only Collision,Rear Ended,2,0,0,2,2004/05/21 00:00:00+00,5/21/2004 9:10:00 AM,Mid-Block (but intersection related),14,"MOTOR VEHICLE STRUCK MOTOR VEHICLE, REAR END",,0,Overcast,Dry,Daylight,,4142028.0,,14,From same direction - both going straight - one stopped - rear-end,0,0,N
3395,2,-122.3019065,47.70945197,3956,17150,17150,1072709,Matched,Block,,NE NORTHGATE WAY BETWEEN 24TH AVE NE AND LAKE CITY WAY NE,,,2,Injury Collision,Rear Ended,2,0,0,2,2004/03/26 00:00:00+00,3/26/2004 11:04:00 AM,Mid-Block (but intersection related),14,"MOTOR VEHICLE STRUCK MOTOR VEHICLE, REAR END",,0,Overcast,Dry,Daylight,,4086043.0,,14,From same direction - both going straight - one stopped - rear-end,0,0,N
3396,1,-122.3026942,47.61354827,3957,16448,16448,3287447,Matched,Block,,23RD AVE BETWEEN E UNION ST AND E PIKE ST, ,,1,Property Damage Only Collision,Rear Ended,4,0,0,2,2013/04/04 00:00:00+00,4/4/2013 11:06:00 AM,Mid-Block (not related to intersection),14,"MOTOR VEHICLE STRUCK MOTOR VEHICLE, REAR END",Y,N,Overcast,Wet,Daylight,,,,14,From same direction - both going straight - one stopped - rear-end,0,0,N
3397,1,-122.3450918,47.66056624,3958,17115,17115,1794118,Matched,Block,,N ALLEN PL BETWEEN WHITMAN AVE N AND WOODLAND PARK AVE N,,,1,Property Damage Only Collision,Parked Car,3,0,0,3,2004/11/15 00:00:00+00,11/15/2004 12:43:00 PM,Mid-Block (not related to intersection),34,DRIVERLESS VEHICLE STRUCK MOTOR VEHICLE REAR END,,0,Overcast,Wet,Daylight,,4320026.0,,32,One parked--one moving,0,0,N
3398,1,-122.30263670000001,47.61590079,3959,17885,17885,1772543,Matched,Block,,23RD AVE BETWEEN E PINE ST AND E OLIVE S ST,,,1,Property Damage Only Collision,Other,1,0,0,1,2004/06/13 00:00:00+00,6/13/2004 2:05:00 AM,Mid-Block (not related to intersection),28,MOTOR VEHICLE RAN OFF ROAD - HIT FIXED OBJECT,,0,Raining,Wet,Dark - Street Lights On,,4165004.0,,50,Fixed object,0,0,N
3399,1,-122.3377905,47.61505626,3960,17550,17550,1783185,Matched,Block,,WESTLAKE AVE BETWEEN VIRGINIA ST AND 7TH AVE,,,1,Property Damage Only Collision,Angles,2,0,0,2,2004/06/19 00:00:00+00,6/19/2004 5:06:00 PM,Mid-Block (but intersection related),26,MOTOR VEHICLE STRUCK OBJECT IN ROAD,,0,Clear,Dry,Daylight,,4171004.0,,10,Entering at angle,0,0,N
3400,2,-122.343675,47.62206083,3961,320900,322400,E923837,Matched,Intersection,28784.0,7TH AVE N AND HARRISON ST, ,,2,Injury Collision,Left Turn,4,0,0,2,2019/04/26 00:00:00+00,4/26/2019 9:08:00 PM,At Intersection (intersection related),11,"MOTOR VEHICLE STRUCK MOTOR VEHICLE, FRONT END AT ANGLE",,N,Clear,Dry,Dark - Street Lights On,,,,28,From opposite direction - one left turn - one straight,0,0,N
3401,1,-122.276959,47.65557042,3962,17318,17318,1329522,Matched,Intersection,27363.0,47TH AVE NE AND NE 38TH S ST,,,1,Property Damage Only Collision,Left Turn,4,0,0,2,2004/04/21 00:00:00+00,4/21/2004 8:15:00 AM,At Intersection (intersection related),11,"MOTOR VEHICLE STRUCK MOTOR VEHICLE, FRONT END AT ANGLE",,0,Clear,Dry,Daylight,,4112006.0,,29,From opposite direction - one left turn - one right turn,0,0,N
3402,1,-122.350726,47.63783293,3965,328000,329500,E982938,Matched,Block,,NOB HILL AVE N BETWEEN CROCKETT ST AND BOSTON ST, ,,1,Property Damage Only Collision,Parked Car,2,0,0,2,2019/10/10 00:00:00+00,10/10/2019 2:30:00 PM,Mid-Block (not related to intersection),11,"MOTOR VEHICLE STRUCK MOTOR VEHICLE, FRONT END AT ANGLE",,N,Clear,Dry,Daylight,,,,32,One parked--one moving,0,0,Y
3403,2,-122.3068582,47.69076844,3966,17892,17892,1068842,Matched,Block,,20TH AVE NE BETWEEN NE 85TH ST AND LAKE CITY WAY NE,,,2,Injury Collision,Sideswipe,3,0,0,2,2004/06/16 00:00:00+00,6/16/2004 6:45:00 AM,Mid-Block (but intersection related),11,"MOTOR VEHICLE STRUCK MOTOR VEHICLE, FRONT END AT ANGLE",,0,Clear,Dry,Daylight,,4168022.0,,26,From opposite direction - both going straight - sideswipe,0,0,N
3404,1,-122.31827129999999,47.65945707,3967,17714,17714,1773588,Matched,Block,,NE 43RD ST BETWEEN 9TH AVE NE AND ROOSEVELT S WAY NE,,,1,Property Damage Only Collision,Parked Car,2,0,0,2,2004/05/06 00:00:00+00,5/6/2004,Mid-Block (not related to intersection),14,"MOTOR VEHICLE STRUCK MOTOR VEHICLE, REAR END",Y,0,Clear,Dry,Daylight,,4127015.0,,32,One parked--one moving,0,0,N
3405,2,-122.34481370000002,47.71231922,3969,314700,316200,E896134,Matched,Intersection,36342.0,AURORA AVE N AND N 115TH ST, ,,2,Injury Collision,Pedestrian,3,1,0,1,2019/02/15 00:00:00+00,2/15/2019 1:00:00 PM,At Intersection (intersection related),24,MOTOR VEHCILE STRUCK PEDESTRIAN,,Y,Overcast,Wet,Daylight,,,,2,Vehicle turning left hits pedestrian,0,0,N
3406,1,-122.31285729999999,47.5992175,3971,308500,309780,E871527,Matched,Block,,S JACKSON ST BETWEEN 14TH AVE S AND 16TH AVE S, ,,1,Property Damage Only Collision,Sideswipe,3,0,0,2,2018/12/06 00:00:00+00,12/6/2018 9:50:00 AM,Mid-Block (but intersection related),11,"MOTOR VEHICLE STRUCK MOTOR VEHICLE, FRONT END AT ANGLE",Y,N,Clear,Dry,Daylight,,,,11,From same direction - both going straight - both moving - sideswipe,0,0,N
3407,1,-122.3520862,47.66501672,3972,17640,17640,1475613,Matched,Block,,N 50TH ST BETWEEN DAYTON AVE N AND EVANSTON AVE N,,,1,Property Damage Only Collision,Rear Ended,2,0,0,2,2004/06/05 00:00:00+00,6/5/2004,Mid-Block (not related to intersection),14,"MOTOR VEHICLE STRUCK MOTOR VEHICLE, REAR END",Y,0,Clear,Dry,Daylight,,4157018.0,,14,From same direction - both going straight - one stopped - rear-end,0,0,N
3408,1,-122.3156578,47.67456687,3974,17836,17836,1220304,Matched,Block,,12TH AVE NE BETWEEN NE 63RD ST AND NE 64TH ST,,,1,Property Damage Only Collision,Other,4,0,0,2,2004/08/22 00:00:00+00,8/22/2004 7:01:00 PM,Driveway Junction,11,"MOTOR VEHICLE STRUCK MOTOR VEHICLE, FRONT END AT ANGLE",,0,Overcast,Dry,Daylight,,4235021.0,,21,One car entering driveway access,0,0,N
3409,2,-122.3417749,47.61526498,3975,16890,16890,3546236,Matched,Intersection,29534.0,5TH AVE AND BLANCHARD ST, ,,2,Injury Collision,Sideswipe,4,0,0,2,2013/04/13 00:00:00+00,4/13/2013 2:41:00 PM,At Intersection (intersection related),11,"MOTOR VEHICLE STRUCK MOTOR VEHICLE, FRONT END AT ANGLE",,N,Raining,Wet,Daylight,,,,11,From same direction - both going straight - both moving - sideswipe,0,0,N
3410,1,-122.3024125,47.62557125,3977,252800,253400,E730744,Matched,Block,,23RD AVE E BETWEEN E ROY ST AND E VALLEY ST, ,,1,Property Damage Only Collision,Rear Ended,3,0,0,2,2017/11/03 00:00:00+00,11/3/2017 2:58:00 PM,Mid-Block (not related to intersection),14,"MOTOR VEHICLE STRUCK MOTOR VEHICLE, REAR END",,N,Overcast,Wet,Daylight,,,,14,From same direction - both going straight - one stopped - rear-end,0,0,N
3411,1,-122.3374511,47.66577347,3978,17196,17196,1931229,Matched,Block,,N 51ST ST BETWEEN WOODLAWN AVE N AND WALLINGFORD AVE N,,,1,Property Damage Only Collision,Parked Car,2,0,0,2,2004/11/21 00:00:00+00,11/21/2004 5:19:00 PM,Mid-Block (but intersection related),15,"MOTOR VEHICLE STRUCK MOTOR VEHICLE, RIGHT SIDE SIDESWIPE",,0,Clear,Dry,Dark - Street Lights On,,4326011.0,,32,One parked--one moving,0,0,N
3412,1,-122.32686310000001,47.55185904,3979,235400,235840,3782582,Matched,Intersection,33180.0,6TH AVE S AND S ORCAS ST, ,,1,Property Damage Only Collision,Angles,3,0,0,2,2017/01/28 00:00:00+00,1/28/2017 10:23:00 AM,At Intersection (intersection related),11,"MOTOR VEHICLE STRUCK MOTOR VEHICLE, FRONT END AT ANGLE",,N,Overcast,Dry,Daylight,,,,10,Entering at angle,0,0,N
3413,1,-122.34398759999999,47.69055853,3980,17483,17483,1773640,Matched,Block,,N 85TH ST BETWEEN AURORA AVE N AND NESBIT AVE N,,,1,Property Damage Only Collision,Sideswipe,2,0,0,2,2004/04/30 00:00:00+00,4/30/2004 1:21:00 PM,Mid-Block (not related to intersection),16,"MOTOR VEHICLE STRUCK MOTOR VEHICLE, LEFT SIDE SIDESWIPE",,0,Clear,Dry,Daylight,,4121032.0,,11,From same direction - both going straight - both moving - sideswipe,0,0,N
3414,2,-122.2904019,47.68032385,3981,17925,17925,1796951,Matched,Block,,35TH AVE NE BETWEEN NE 70TH ST AND NE 73RD ST,,,2,Injury Collision,Pedestrian,2,1,0,1,2004/11/03 00:00:00+00,11/3/2004,Driveway Junction,24,MOTOR VEHCILE STRUCK PEDESTRIAN,,0,Clear,Dry,Daylight,Y,4308005.0,,1,Vehicle turning right hits pedestrian,0,0,N
3415,1,-122.33591080000001,47.60004611,3982,17010,17010,1213395,Matched,Intersection,30363.0,ALASKAN WAY S AND S MAIN ST,,,1,Property Damage Only Collision,Angles,2,0,0,2,2004/07/01 00:00:00+00,7/1/2004,At Intersection (intersection related),0,NOT ENOUGH INFORMATION / NOT APPLICABLE,,0,Clear,Dry,Daylight,,4183007.0,,10,Entering at angle,0,0,N
3416,1,-122.28626259999999,47.55159666,3983,16636,16636,3372668,Matched,Block,,37TH AVE S BETWEEN S FINDLAY ST AND S ORCAS ST, ,,1,Property Damage Only Collision,Other,1,0,0,1,2013/04/07 00:00:00+00,4/7/2013 2:30:00 PM,Mid-Block (not related to intersection),0,NOT ENOUGH INFORMATION / NOT APPLICABLE,,N,Raining,Wet,Daylight,,,,50,Fixed object,0,0,N
3417,1,-122.3168692,47.66493251,3984,17112,17112,1779726,Matched,Block,,NE 50TH ST BETWEEN ROOSEVELT WAY NE AND 11TH AVE NE,,,1,Property Damage Only Collision,Sideswipe,4,0,0,2,2004/01/04 00:00:00+00,1/4/2004,Mid-Block (but intersection related),16,"MOTOR VEHICLE STRUCK MOTOR VEHICLE, LEFT SIDE SIDESWIPE",,0,Clear,Dry,Daylight,,4004006.0,,11,From same direction - both going straight - both moving - sideswipe,0,0,N
3418,2,-122.34012720000001,47.6106223,3985,17602,17602,1777433,Matched,Block,,2ND AVE BETWEEN PINE ST AND STEWART ST,,,2,Injury Collision,Pedestrian,2,1,0,1,2004/06/08 00:00:00+00,6/8/2004,Mid-Block (not related to intersection),24,MOTOR VEHCILE STRUCK PEDESTRIAN,,0,Clear,Dry,Daylight,,4160028.0,,2,Vehicle turning left hits pedestrian,0,0,N
3419,1,,,3987,16660,16660,3615378,Matched,,,,NEI,"Not Enough Information, or Insufficient Location Information",1,Property Damage Only Collision,Sideswipe,3,0,0,2,2013/04/08 00:00:00+00,4/8/2013 6:30:00 AM,,0,NOT ENOUGH INFORMATION / NOT APPLICABLE,,N,Unknown,Unknown,Unknown,,,,11,From same direction - both going straight - both moving - sideswipe,0,0,N
3420,1,-122.3254643,47.60969373,3989,312800,314240,3814549,Matched,Block,,BOREN AVE BETWEEN MADISON ST AND SPRING ST, ,,1,Property Damage Only Collision,Sideswipe,2,0,0,2,2019/01/28 00:00:00+00,1/28/2019 6:20:00 PM,Mid-Block (not related to intersection),16,"MOTOR VEHICLE STRUCK MOTOR VEHICLE, LEFT SIDE SIDESWIPE",,N,Clear,Dry,Dark - Street Lights On,,,,11,From same direction - both going straight - both moving - sideswipe,0,0,N
3421,1,-122.35897759999999,47.55608676,3990,17084,17084,1781664,Matched,Block,,SW DAWSON ST BETWEEN 18TH AVE SW AND 21ST AVE SW,,,1,Property Damage Only Collision,Other,1,0,0,1,2004/04/06 00:00:00+00,4/6/2004,Mid-Block (not related to intersection),28,MOTOR VEHICLE RAN OFF ROAD - HIT FIXED OBJECT,,0,Clear,Dry,Daylight,,4097015.0,Y,50,Fixed object,0,0,N
3422,1,-122.35897759999999,47.55608676,3991,327700,329200,3856187,Matched,Block,,SW DAWSON ST BETWEEN 18TH AVE SW AND 21ST AVE SW, ,,1,Property Damage Only Collision,Other,1,0,0,1,2020/01/08 00:00:00+00,1/8/2020 8:59:00 PM,Mid-Block (not related to intersection),28,MOTOR VEHICLE RAN OFF ROAD - HIT FIXED OBJECT,,N,Clear,Wet,Dark - Street Lights On,,,Y,50,Fixed object,0,0,N
3423,1,-122.33943909999998,47.56132285,3992,17136,17136,1188114,Matched,Block,,EAST MARGINAL WAY S BETWEEN DIAGONAL AVE S AND S ALASKA ST,,,1,Property Damage Only Collision,Rear Ended,6,0,0,2,2004/01/08 00:00:00+00,1/8/2004,Mid-Block (not related to intersection),14,"MOTOR VEHICLE STRUCK MOTOR VEHICLE, REAR END",,1,Overcast,Wet,Daylight,,4008007.0,,13,From same direction - both going straight - both moving - rear-end,0,0,N
3424,2,-122.3341923,47.59403973,3994,17311,17311,1776233,Matched,Block,,1ST AVE S BETWEEN RAILROAD S WAY S AND S ROYAL BROUGHAM WAY,,,2,Injury Collision,Rear Ended,3,0,0,2,2004/02/01 00:00:00+00,2/1/2004,Mid-Block (not related to intersection),14,"MOTOR VEHICLE STRUCK MOTOR VEHICLE, REAR END",,0,Clear,Dry,Daylight,,4032022.0,,14,From same direction - both going straight - one stopped - rear-end,0,0,N
3425,1,-122.33643020000001,47.6082597,3995,17134,17134,1182068,Matched,Block,,3RD AVE BETWEEN UNIVERSITY ST AND UNION ST,,,1,Property Damage Only Collision,Parked Car,4,0,0,2,2004/07/17 00:00:00+00,7/17/2004 10:55:00 PM,Mid-Block (not related to intersection),16,"MOTOR VEHICLE STRUCK MOTOR VEHICLE, LEFT SIDE SIDESWIPE",,0,Clear,Dry,Dark - Street Lights On,,4199014.0,,32,One parked--one moving,0,0,N
3426,1,-122.3109494,47.59511628,3996,255600,256240,3702203,Matched,Block,,RAINIER AVE S BETWEEN S DEARBORN ST AND S CHARLES N ST, ,,1,Property Damage Only Collision,Right Turn,3,0,0,2,2017/11/24 00:00:00+00,11/24/2017 5:45:00 PM,Driveway Junction,11,"MOTOR VEHICLE STRUCK MOTOR VEHICLE, FRONT END AT ANGLE",Y,N,Overcast,Wet,Dark - Street Lights On,,,,16,From same direction - one right turn - one straight,0,0,N
3427,1,-122.321048,47.59834479,3998,17655,17655,1213257,Matched,Block,,S KING ST BETWEEN 8TH AVE S AND 10TH AVE S,,,1,Property Damage Only Collision,Parked Car,2,0,0,2,2004/09/03 00:00:00+00,9/3/2004,Mid-Block (not related to intersection),31,DRIVERLESS VEHICLE STRUCK MOTOR VEHICLE FRONT END AT ANGLE,,0,Clear,Dry,Daylight,,4247027.0,,32,One parked--one moving,0,0,N
3428,2,-122.3355713,47.52178311,3999,16527,16527,3505486,Matched,Block,,OLSON PL SW BETWEEN 1ST AVE S AND 2ND AVE SW, ,,2,Injury Collision,Rear Ended,3,0,0,2,2013/04/06 00:00:00+00,4/6/2013 2:41:00 PM,Mid-Block (but intersection related),14,"MOTOR VEHICLE STRUCK MOTOR VEHICLE, REAR END",Y,N,Overcast,Wet,Daylight,,,,14,From same direction - both going straight - one stopped - rear-end,0,0,N
3429,2,-122.32807859999998,47.60416123,4000,16612,16612,3598983,Matched,Intersection,29973.0,6TH AVE AND JAMES ST, ,,2,Injury Collision,Left Turn,2,0,0,2,2013/04/07 00:00:00+00,4/7/2013 8:07:00 AM,At Intersection (intersection related),11,"MOTOR VEHICLE STRUCK MOTOR VEHICLE, FRONT END AT ANGLE",,N,Raining,Wet,Daylight,,,,28,From opposite direction - one left turn - one straight,0,0,N