,SEVERITYCODE,X,Y,OBJECTID,INCKEY,COLDETKEY,REPORTNO,STATUS,ADDRTYPE,INTKEY,LOCATION,EXCEPTRSNCODE,EXCEPTRSNDESC,SEVERITYCODE.1,SEVERITYDESC,COLLISIONTYPE,PERSONCOUNT,PEDCOUNT,PEDCYLCOUNT,VEHCOUNT,INCDATE,INCDTTM,JUNCTIONTYPE,SDOT_COLCODE,SDOT_COLDESC,INATTENTIONIND,UNDERINFL,WEATHER,ROADCOND,LIGHTCOND,PEDROWNOTGRNT,SDOTCOLNUM,SPEEDING,ST_COLCODE,ST_COLDESC,SEGLANEKEY,CROSSWALKKEY,HITPARKEDCAR
3430,2,-122.25246399999999,47.50444075,4002,16574,16574,3672328,Matched,Block,,RENTON AVE S BETWEEN S HAZEL ST AND S FOUNTAIN ST, ,,2,Injury Collision,Rear Ended,3,0,0,2,2013/04/04 00:00:00+00,4/4/2013 10:43:00 AM,Mid-Block (not related to intersection),14,"MOTOR VEHICLE STRUCK MOTOR VEHICLE, REAR END",,N,Raining,Wet,Daylight,,,,13,From same direction - both going straight - both moving - rear-end,0,0,N
3431,1,-122.34240190000001,47.61855016,4003,17440,17440,C645413,Matched,Intersection,29515.0,DENNY WAY AND DEXTER AVE,,,1,Property Damage Only Collision,Left Turn,2,0,0,2,2004/06/03 00:00:00+00,6/3/2004,At Intersection (intersection related),11,"MOTOR VEHICLE STRUCK MOTOR VEHICLE, FRONT END AT ANGLE",,0,Unknown,Unknown,Daylight,,4155040.0,,28,From opposite direction - one left turn - one straight,0,0,N
3432,2,-122.38474779999999,47.66705499,4004,320300,321800,3796481,Matched,Block,,22ND AVE NW BETWEEN SHILSHOLE AVE NW AND BALLARD AVE NW, ,,2,Injury Collision,Head On,5,0,0,4,2019/06/15 00:00:00+00,6/15/2019 6:28:00 PM,Mid-Block (not related to intersection),14,"MOTOR VEHICLE STRUCK MOTOR VEHICLE, REAR END",Y,N,Clear,Dry,Dusk,,,,30,From opposite direction - all others,0,0,N
3433,1,-122.2879588,47.54608596,4005,16904,16904,3579454,Matched,Block,,S GRAHAM ST BETWEEN 33RD AVE S AND M L KING JR WR WAY S, ,,1,Property Damage Only Collision,Sideswipe,2,0,0,2,2013/04/12 00:00:00+00,4/12/2013 4:54:00 PM,Mid-Block (not related to intersection),11,"MOTOR VEHICLE STRUCK MOTOR VEHICLE, FRONT END AT ANGLE",,N,Raining,Wet,Daylight,,,,11,From same direction - both going straight - both moving - sideswipe,0,0,N
3434,1,-122.3370415,47.66503511,4006,16510,16510,3501990,Matched,Block,,N 50TH ST BETWEEN DENSMORE AVE N AND WALLINGFORD AVE N, ,,1,Property Damage Only Collision,Rear Ended,3,0,0,3,2013/04/05 00:00:00+00,4/5/2013 2:17:00 PM,Mid-Block (not related to intersection),14,"MOTOR VEHICLE STRUCK MOTOR VEHICLE, REAR END",Y,N,Clear,Dry,Daylight,,,,14,From same direction - both going straight - one stopped - rear-end,0,0,N
3435,1,-122.35154990000001,47.61635383,4007,17329,17329,1060003,Matched,Intersection,29677.0,1ST AVE AND CLAY ST,,,1,Property Damage Only Collision,Left Turn,4,0,0,2,2004/11/28 00:00:00+00,11/28/2004 5:05:00 PM,At Intersection (intersection related),11,"MOTOR VEHICLE STRUCK MOTOR VEHICLE, FRONT END AT ANGLE",,0,Clear,Dry,Dark - Street Lights On,,4333005.0,,28,From opposite direction - one left turn - one straight,0,0,N
3436,1,-122.37632040000001,47.66366393,4008,307200,308480,E863188,Matched,Intersection,25187.0,15TH SB AVE NW AND NW LEARY WAY, ,,1,Property Damage Only Collision,Other,1,0,0,1,2018/11/20 00:00:00+00,11/20/2018 1:56:00 PM,At Intersection (intersection related),28,MOTOR VEHICLE RAN OFF ROAD - HIT FIXED OBJECT,Y,N,Clear,Dry,Daylight,,,,50,Fixed object,0,0,N
3437,1,-122.34132620000001,47.69326087,4009,17941,17941,1794263,Matched,Block,,STONE AVE N BETWEEN N 88TH ST AND N 90TH E ST,,,1,Property Damage Only Collision,Parked Car,3,0,0,2,2004/12/28 00:00:00+00,12/28/2004 4:47:00 AM,Mid-Block (not related to intersection),11,"MOTOR VEHICLE STRUCK MOTOR VEHICLE, FRONT END AT ANGLE",,0,Clear,Other,Unknown,,4363030.0,Y,32,One parked--one moving,0,0,N
3438,1,-122.35646969999999,47.52103205,4010,17674,17674,1197901,Matched,Intersection,34888.0,17TH AVE SW AND SW BARTON ST,,,1,Property Damage Only Collision,Other,2,0,0,2,2004/11/29 00:00:00+00,11/29/2004 11:18:00 PM,At Intersection (intersection related),26,MOTOR VEHICLE STRUCK OBJECT IN ROAD,,0,Raining,Wet,Dark - Street Lights On,,4334007.0,Y,50,Fixed object,0,0,N
3439,1,-122.36347260000001,47.67088501,4011,17165,17165,1778838,Matched,Block,,NW 58TH ST BETWEEN 5TH AVE NW AND 6TH AVE NW,,,1,Property Damage Only Collision,Parked Car,2,0,0,2,2004/05/28 00:00:00+00,5/28/2004 9:17:00 AM,Mid-Block (but intersection related),15,"MOTOR VEHICLE STRUCK MOTOR VEHICLE, RIGHT SIDE SIDESWIPE",,0,Raining,Wet,Daylight,,4149017.0,,32,One parked--one moving,0,0,N
3440,2,-122.3344372,47.66503562,4012,16461,16461,3507864,Matched,Block,,N 50TH ST BETWEEN BURKE AVE N AND MERIDIAN AVE N, ,,2,Injury Collision,Rear Ended,2,0,0,2,2013/04/04 00:00:00+00,4/4/2013 7:31:00 AM,Mid-Block (not related to intersection),14,"MOTOR VEHICLE STRUCK MOTOR VEHICLE, REAR END",,N,Raining,Wet,Daylight,,,,13,From same direction - both going straight - both moving - rear-end,0,0,N
3441,2,-122.3235006,47.58610117,4013,17621,17621,1777513,Matched,Intersection,31242.0,S HOLGATE BR AND S HOLGATE ST,,,2,Injury Collision,Right Turn,4,0,0,2,2004/05/24 00:00:00+00,5/24/2004 1:35:00 PM,At Intersection (intersection related),11,"MOTOR VEHICLE STRUCK MOTOR VEHICLE, FRONT END AT ANGLE",,0,Clear,Dry,Daylight,,4145006.0,,16,From same direction - one right turn - one straight,0,0,N
3442,2,-122.27975590000001,47.53423263,4014,303300,304559,3810918,Matched,Block,,RENTON AVE S BETWEEN S WEBSTER W ST AND 43RD AVE S, ,,2,Injury Collision,Rear Ended,4,0,0,4,2018/09/13 00:00:00+00,9/13/2018 7:27:00 PM,Mid-Block (not related to intersection),14,"MOTOR VEHICLE STRUCK MOTOR VEHICLE, REAR END",,N,Overcast,Dry,Dusk,,,Y,13,From same direction - both going straight - both moving - rear-end,0,0,N
3443,1,-122.3184327,47.59918656,4016,17094,17094,1788092,Matched,Block,,S JACKSON ST BETWEEN 10TH AVE S AND 12TH AVE S,,,1,Property Damage Only Collision,Other,2,0,0,2,2004/07/24 00:00:00+00,7/24/2004 10:47:00 AM,Driveway Junction,11,"MOTOR VEHICLE STRUCK MOTOR VEHICLE, FRONT END AT ANGLE",,0,Clear,Dry,Daylight,,4206034.0,,22,One car leaving driveway access,0,0,N
3444,2,-122.33943970000001,47.56031932,4017,16569,16569,3672296,Unmatched,Intersection,33031.0,EAST MARGINAL WAY S AND S ALASKA ST, ,,2,Injury Collision,,3,0,0,0,2013/04/06 00:00:00+00,4/6/2013,At Intersection (intersection related),11,"MOTOR VEHICLE STRUCK MOTOR VEHICLE, FRONT END AT ANGLE",,,,,,,,, ,,0,0,N
3445,1,-122.33044709999999,47.545109100000005,4018,17581,17581,1798392,Matched,Block,,S MICHIGAN ST BETWEEN EAST MARGINAL WAY S AND 4TH AVE S,,,1,Property Damage Only Collision,Sideswipe,4,0,0,2,2004/10/26 00:00:00+00,10/26/2004 3:29:00 PM,Mid-Block (not related to intersection),16,"MOTOR VEHICLE STRUCK MOTOR VEHICLE, LEFT SIDE SIDESWIPE",,0,Clear,Dry,Daylight,,4300027.0,,11,From same direction - both going straight - both moving - sideswipe,0,0,N
3446,1,-122.28579909999999,47.662062,4019,17696,17696,1782453,Matched,Block,,SAND POINT WAY NE BETWEEN NE 45TH ST AND 40TH AVE NE,,,1,Property Damage Only Collision,Sideswipe,3,0,0,2,2004/03/20 00:00:00+00,3/20/2004 5:58:00 PM,Mid-Block (but intersection related),11,"MOTOR VEHICLE STRUCK MOTOR VEHICLE, FRONT END AT ANGLE",,0,Clear,Dry,Dusk,,4080024.0,,11,From same direction - both going straight - both moving - sideswipe,0,0,N
3447,1,-122.3263683,47.68094478,4020,17176,17176,1782396,Matched,Block,,EAST GREEN LAKE DR N BETWEEN NE MAPLE LEAF PL AND 4TH AVE NE,,,1,Property Damage Only Collision,Parked Car,2,0,0,2,2004/09/25 00:00:00+00,9/25/2004 4:20:00 AM,Mid-Block (not related to intersection),13,"MOTOR VEHICLE STRUCK MOTOR VEHICLE, LEFT SIDE AT ANGLE",Y,0,Overcast,Dry,Dark - Street Lights On,,4269026.0,,32,One parked--one moving,0,0,N
3448,2,-122.37338390000002,47.56749548,4021,17255,17255,1775090,Matched,Block,,WEST SEATTLE BR EB BETWEEN POINT A AND FAUNTLEROY WAY SW,,,2,Injury Collision,Other,2,0,0,1,2004/01/05 00:00:00+00,1/5/2004,Mid-Block (not related to intersection),26,MOTOR VEHICLE STRUCK OBJECT IN ROAD,,0,Overcast,Dry,Daylight,,4005008.0,Y,50,Fixed object,0,0,N
3449,1,-122.30894199999999,47.60616997,4022,16663,16663,3645768,Matched,Intersection,30192.0,18TH AVE AND E JEFFERSON ST,NEI,"Not Enough Information, or Insufficient Location Information",1,Property Damage Only Collision,Cycles,2,0,1,1,2013/04/08 00:00:00+00,4/8/2013 5:40:00 PM,At Intersection (intersection related),0,NOT ENOUGH INFORMATION / NOT APPLICABLE,,N,Unknown,Unknown,Daylight,,,,45,Vehicle - Pedalcyclist,10022,0,N
3450,1,-122.3821267,47.66944665,4023,16925,16925,1794073,Matched,Intersection,25137.0,20TH AVE NW AND NW 56TH ST,,,1,Property Damage Only Collision,Sideswipe,2,0,0,2,2004/08/24 00:00:00+00,8/24/2004 12:00:00 PM,At Intersection (intersection related),11,"MOTOR VEHICLE STRUCK MOTOR VEHICLE, FRONT END AT ANGLE",,0,Raining,Wet,Daylight,,4237027.0,,71,Same direction -- both turning right -- both moving -- sideswipe,0,0,N
3451,1,-122.34481370000002,47.71231922,4024,236900,237340,E651004,Matched,Intersection,36342.0,AURORA AVE N AND N 115TH ST, ,,1,Property Damage Only Collision,Left Turn,2,0,0,2,2017/03/13 00:00:00+00,3/13/2017 3:07:00 PM,At Intersection (intersection related),14,"MOTOR VEHICLE STRUCK MOTOR VEHICLE, REAR END",,N,Raining,Wet,Daylight,,,,28,From opposite direction - one left turn - one straight,0,0,N
3452,2,-122.3406875,47.66428987,4025,17812,17812,1794120,Matched,Intersection,25545.0,STONE WAY N AND N 49TH ST,,,2,Injury Collision,Angles,5,0,0,3,2004/11/28 00:00:00+00,11/28/2004 3:40:00 PM,At Intersection (intersection related),11,"MOTOR VEHICLE STRUCK MOTOR VEHICLE, FRONT END AT ANGLE",,0,Clear,Dry,Daylight,,4333010.0,,10,Entering at angle,0,0,N
3453,1,-122.382733,47.6905907,4027,16457,16457,3501989,Matched,Block,,NW 85TH ST BETWEEN 20TH AVE NW AND 21ST AVE NW, ,,1,Property Damage Only Collision,Parked Car,2,0,0,2,2013/04/04 00:00:00+00,4/4/2013 10:15:00 PM,Mid-Block (not related to intersection),14,"MOTOR VEHICLE STRUCK MOTOR VEHICLE, REAR END",,N,Raining,Wet,Dark - Street Lights On,,,,32,One parked--one moving,0,0,N
3454,2,-122.27529240000001,47.69931964,4028,17752,17752,1211448,Matched,Intersection,37802.0,49TH AVE NE AND NE 97TH ST,,,2,Injury Collision,Angles,2,0,0,2,2004/01/09 00:00:00+00,1/9/2004,At Intersection (intersection related),11,"MOTOR VEHICLE STRUCK MOTOR VEHICLE, FRONT END AT ANGLE",,0,Raining,Wet,Dark - Street Lights On,,4009011.0,,10,Entering at angle,0,0,N
3455,1,-122.4062226,47.57636222,4029,17418,17418,1774841,Matched,Block,,SW WINTHROP ST BETWEEN 57TH AVE SW AND SW HANFORD ST,,,1,Property Damage Only Collision,Parked Car,2,0,0,2,2004/04/01 00:00:00+00,4/1/2004,Mid-Block (not related to intersection),14,"MOTOR VEHICLE STRUCK MOTOR VEHICLE, REAR END",,0,Clear,Dry,Dark - Street Lights On,,4092009.0,,32,One parked--one moving,0,0,N
3456,1,-122.3195419,47.66495046,4030,16688,16688,3501514,Matched,Intersection,25787.0,8TH AVE NE AND NE 50TH ST, ,,1,Property Damage Only Collision,Left Turn,6,0,0,2,2013/04/07 00:00:00+00,4/7/2013 1:45:00 PM,At Intersection (intersection related),11,"MOTOR VEHICLE STRUCK MOTOR VEHICLE, FRONT END AT ANGLE",,N,Raining,Wet,Daylight,,,,28,From opposite direction - one left turn - one straight,0,0,N
3457,1,-122.322809,47.61755853,4031,16419,16419,3615288,Matched,Block,,E HOWELL ST BETWEEN BOYLSTON S AVE AND HARVARD AVE,NEI,"Not Enough Information, or Insufficient Location Information",1,Property Damage Only Collision,Parked Car,2,0,0,2,2013/04/01 00:00:00+00,4/1/2013 7:45:00 PM,,0,NOT ENOUGH INFORMATION / NOT APPLICABLE,,N,Clear,Dry,Unknown,,,,32,One parked--one moving,0,0,N
3458,2,,,4032,17227,17227,1181463,Matched,Block,,AURORA AVE N BETWEEN BATTERY ST TUNNEL NB AND THOMAS ST,,,2,Injury Collision,Other,3,0,0,2,2004/05/10 00:00:00+00,5/10/2004 11:42:00 AM,Mid-Block (not related to intersection),11,"MOTOR VEHICLE STRUCK MOTOR VEHICLE, FRONT END AT ANGLE",,0,Raining,Wet,Daylight,,4131007.0,Y,23,From same direction - all others,0,0,N
3459,2,-122.3427497,47.61855196,4033,328400,329900,3852427,Unmatched,Block,,DENNY WAY BETWEEN 7TH NB AVE N AND DEXTER AVE, ,,2,Injury Collision,,2,0,0,0,2020/01/27 00:00:00+00,1/27/2020,Mid-Block (not related to intersection),14,"MOTOR VEHICLE STRUCK MOTOR VEHICLE, REAR END",,,,,,,,, ,,0,0,N
3460,1,-122.32956850000001,47.55147565,4034,16995,16995,1795485,Matched,Block,,4TH AVE S BETWEEN S ORCAS ST AND S MEAD ST,,,1,Property Damage Only Collision,Parked Car,2,0,0,2,2004/10/08 00:00:00+00,10/8/2004,Mid-Block (not related to intersection),11,"MOTOR VEHICLE STRUCK MOTOR VEHICLE, FRONT END AT ANGLE",,0,Overcast,Wet,Daylight,,4282070.0,,20,One car leaving parked position,0,0,N
3461,2,-122.2981446,47.58364221,4036,233500,233900,3756176,Matched,Intersection,31451.0,M L KING JR WAY S AND S WALKER ST, ,,2,Injury Collision,Right Turn,3,0,0,2,2017/01/09 00:00:00+00,1/9/2017 6:32:00 PM,At Intersection (intersection related),11,"MOTOR VEHICLE STRUCK MOTOR VEHICLE, FRONT END AT ANGLE",,N,Raining,Wet,Dark - Street Lights On,,,,16,From same direction - one right turn - one straight,0,0,N
3462,1,-122.317228,47.59833759,4037,16849,16849,3605994,Matched,Intersection,30430.0,12TH AVE S AND S KING ST, ,,1,Property Damage Only Collision,Angles,2,0,0,2,2013/04/13 00:00:00+00,4/13/2013 8:57:00 AM,At Intersection (intersection related),11,"MOTOR VEHICLE STRUCK MOTOR VEHICLE, FRONT END AT ANGLE",,N,Overcast,Dry,Daylight,,,,10,Entering at angle,0,0,N
3463,1,-122.333527,47.53616843,4038,216400,216680,E524495,Matched,Block,,WEST MARGINAL WAY S BETWEEN 1ST AVE S AND S HOLDEN ST,NEI,"Not Enough Information, or Insufficient Location Information",1,Property Damage Only Collision,Other,0,0,0,1,2016/03/04 00:00:00+00,3/4/2016 4:44:00 PM,,0,NOT ENOUGH INFORMATION / NOT APPLICABLE,,N,Raining,Wet,Daylight,,,,50,Fixed object,0,0,N
3464,1,-122.3214679,47.62199103,4039,17910,17910,1198269,Matched,Block,,E HARRISON ST BETWEEN HARVARD AVE E AND BROADWAY E,,,1,Property Damage Only Collision,Parked Car,2,0,0,2,2004/10/31 00:00:00+00,10/31/2004 11:59:00 AM,Mid-Block (not related to intersection),13,"MOTOR VEHICLE STRUCK MOTOR VEHICLE, LEFT SIDE AT ANGLE",,0,Overcast,Dry,Dark - No Street Lights,,4305034.0,,32,One parked--one moving,0,0,N
3465,1,-122.27133880000001,47.53592623,4041,325600,327100,E978582,Matched,Block,,S FONTANELLE ST BETWEEN 48TH AVE S AND RAINIER AVE S, ,,1,Property Damage Only Collision,Other,3,0,0,3,2019/10/23 00:00:00+00,10/23/2019 2:55:00 AM,Mid-Block (but intersection related),28,MOTOR VEHICLE RAN OFF ROAD - HIT FIXED OBJECT,Y,N,Clear,Dry,Dark - Street Lights On,,,,50,Fixed object,0,0,N
3466,1,-122.3762145,47.66866691,4042,16819,16819,3503144,Matched,Intersection,25416.0,15TH AVE NW AND NW MARKET ST, ,,1,Property Damage Only Collision,Angles,2,0,0,2,2013/04/07 00:00:00+00,4/7/2013 1:37:00 AM,At Intersection (intersection related),11,"MOTOR VEHICLE STRUCK MOTOR VEHICLE, FRONT END AT ANGLE",,Y,Raining,Wet,Dark - Street Lights On,,,,10,Entering at angle,0,0,N
3467,1,-122.3371315,47.62454774,4043,17248,17248,1784754,Matched,Intersection,28763.0,MERCER SR ST AND TERRY AVE N,,,1,Property Damage Only Collision,Left Turn,2,0,0,2,2004/09/06 00:00:00+00,9/6/2004,At Intersection (intersection related),11,"MOTOR VEHICLE STRUCK MOTOR VEHICLE, FRONT END AT ANGLE",,0,Clear,Dry,Daylight,,4250008.0,,15,From same direction - one left turn - one straight,0,0,N
3468,1,-122.342395,47.65628393,4044,17606,17606,1212045,Matched,Block,,STONE WAY N BETWEEN N LUCAS PL AND N 41ST S ST,,,1,Property Damage Only Collision,Rear Ended,5,0,0,2,2004/07/04 00:00:00+00,7/4/2004,Mid-Block (not related to intersection),14,"MOTOR VEHICLE STRUCK MOTOR VEHICLE, REAR END",,0,Clear,Dry,Dark - Street Lights On,,4186007.0,,13,From same direction - both going straight - both moving - rear-end,0,0,N
3469,1,-122.3526096,47.67781167,4045,17850,17850,1220413,Matched,Intersection,24353.0,DAYTON AVE N AND N 67TH ST,,,1,Property Damage Only Collision,Angles,2,0,0,2,2004/09/22 00:00:00+00,9/22/2004 6:08:00 PM,At Intersection (intersection related),11,"MOTOR VEHICLE STRUCK MOTOR VEHICLE, FRONT END AT ANGLE",,0,Overcast,Wet,Daylight,,4266022.0,Y,10,Entering at angle,0,0,N
3470,2,-122.3001108,47.61293721,4046,16830,16830,3476391,Matched,Intersection,30025.0,25TH AVE AND E UNION ST, ,,2,Injury Collision,Other,2,0,0,2,2013/04/12 00:00:00+00,4/12/2013 2:00:00 PM,At Intersection (intersection related),11,"MOTOR VEHICLE STRUCK MOTOR VEHICLE, FRONT END AT ANGLE",,N,Raining,Wet,Daylight,,,,23,From same direction - all others,0,0,N
3471,1,-122.35775520000001,47.52918148,4048,16675,16675,3380713,Matched,Block,,18TH AVE SW BETWEEN SW ELMGROVE ST AND SW THISTLE ST, ,,1,Property Damage Only Collision,Parked Car,2,0,0,2,2013/04/08 00:00:00+00,4/8/2013 12:00:00 PM,Mid-Block (not related to intersection),11,"MOTOR VEHICLE STRUCK MOTOR VEHICLE, FRONT END AT ANGLE",,N,Clear,Dry,Daylight,,,,32,One parked--one moving,0,0,N
3472,2,-122.3332682,47.5967848,4050,308400,309680,3795954,Matched,Block,,OCCIDENTAL AVE S BETWEEN S KING W ST AND RAILROAD WAY S, ,,2,Injury Collision,Pedestrian,2,1,0,1,2018/12/16 00:00:00+00,12/16/2018 12:11:00 AM,Mid-Block (not related to intersection),24,MOTOR VEHCILE STRUCK PEDESTRIAN,,N,Raining,Wet,Dark - Street Lights On,,,,0,Vehicle going straight hits pedestrian,0,0,N
3473,2,-122.28366799999999,47.52787048,4051,17788,17788,C649455,Matched,Intersection,35339.0,39TH AVE S AND S THISTLE ST,,,2,Injury Collision,Angles,2,0,0,2,2004/11/02 00:00:00+00,11/2/2004,At Intersection (intersection related),11,"MOTOR VEHICLE STRUCK MOTOR VEHICLE, FRONT END AT ANGLE",,0,Unknown,Unknown,Unknown,,4307058.0,,10,Entering at angle,0,0,N
3474,2,-122.2946969,47.72018507,4052,17532,17532,1105424,Matched,Block,,LAKE CITY WAY NE BETWEEN NE 125TH ST AND NE 127TH ST,,,2,Injury Collision,Rear Ended,6,0,0,3,2004/11/26 00:00:00+00,11/26/2004 7:13:00 PM,Mid-Block (not related to intersection),14,"MOTOR VEHICLE STRUCK MOTOR VEHICLE, REAR END",,0,Raining,Wet,Dark - Street Lights On,,4331001.0,,14,From same direction - both going straight - one stopped - rear-end,0,0,N
3475,1,-122.334253,47.6181844,4053,17314,17314,1776946,Matched,Block,,FAIRVIEW AVE BETWEEN BOREN AVE AND DENNY WAY,,,1,Property Damage Only Collision,Sideswipe,3,0,0,2,2004/06/12 00:00:00+00,6/12/2004 12:09:00 AM,Driveway Junction,16,"MOTOR VEHICLE STRUCK MOTOR VEHICLE, LEFT SIDE SIDESWIPE",,0,Clear,Dry,Dark - Street Lights On,,4164045.0,,11,From same direction - both going straight - both moving - sideswipe,0,0,N
3476,2,-122.3567002,47.62601546,4054,195600,195680,3575018,Matched,Block,,QUEEN ANNE AVE N BETWEEN W ROY ST AND VALLEY ST, ,,2,Injury Collision,Rear Ended,2,0,0,2,2015/06/15 00:00:00+00,6/15/2015 11:06:00 PM,Mid-Block (but intersection related),14,"MOTOR VEHICLE STRUCK MOTOR VEHICLE, REAR END",,Y,Clear,Dry,Dark - Street Lights On,,,,14,From same direction - both going straight - one stopped - rear-end,0,0,N
3477,1,-122.3924625,47.68310277,4056,17795,17795,1480703,Matched,Block,,NW 75TH ST BETWEEN EARL AVE NW AND 28TH AVE NW,,,1,Property Damage Only Collision,Parked Car,2,0,0,2,2004/06/15 00:00:00+00,6/15/2004 9:00:00 PM,Mid-Block (but intersection related),13,"MOTOR VEHICLE STRUCK MOTOR VEHICLE, LEFT SIDE AT ANGLE",,0,Clear,Dry,Dusk,,4167002.0,,32,One parked--one moving,0,0,N
3478,1,-122.35654509999999,47.66149128,4057,16782,16782,3615026,Matched,Intersection,26593.0,PALATINE AVE N AND N 45TH W ST,NEI,"Not Enough Information, or Insufficient Location Information",1,Property Damage Only Collision,Other,1,0,0,1,2013/04/10 00:00:00+00,4/10/2013 2:00:00 PM,At Intersection (intersection related),0,NOT ENOUGH INFORMATION / NOT APPLICABLE,,N,Unknown,Unknown,Unknown,,,,50,Fixed object,0,0,N
3479,1,-122.28439640000002,47.562833399999995,4058,16964,16964,1203750,Matched,Block,,S OREGON ST BETWEEN 38TH AVE S AND 39TH AVE S,,,1,Property Damage Only Collision,Other,1,0,0,1,2004/01/26 00:00:00+00,1/26/2004 7:25:00 PM,Mid-Block (not related to intersection),28,MOTOR VEHICLE RAN OFF ROAD - HIT FIXED OBJECT,,0,Clear,Dry,Dark - Street Lights On,,4026005.0,,50,Fixed object,0,0,N
3480,1,-122.31565810000001,47.67242533,4059,310500,311820,3810101,Matched,Intersection,25725.0,12TH AVE NE AND NE 61ST ST, ,,1,Property Damage Only Collision,Other,1,0,0,1,2019/01/07 00:00:00+00,1/7/2019 2:00:00 AM,At Intersection (intersection related),28,MOTOR VEHICLE RAN OFF ROAD - HIT FIXED OBJECT,,N,Overcast,Wet,Dark - Street Lights On,,,,50,Fixed object,0,0,N
3481,1,-122.320223,47.62614457,4060,17738,17738,1216861,Matched,Block,,10TH AVE E BETWEEN E ROY W ST AND E ALOHA ST,,,1,Property Damage Only Collision,Parked Car,2,0,0,2,2004/07/09 00:00:00+00,7/9/2004,Mid-Block (not related to intersection),16,"MOTOR VEHICLE STRUCK MOTOR VEHICLE, LEFT SIDE SIDESWIPE",,0,Clear,Dry,Daylight,,4191031.0,,32,One parked--one moving,0,0,N
3482,2,-122.3443753,47.61680223,4061,17392,17392,1214109,Matched,Intersection,29532.0,5TH AVE AND BATTERY ST,,,2,Injury Collision,Angles,3,0,0,2,2004/07/21 00:00:00+00,7/21/2004 9:45:00 AM,At Intersection (intersection related),11,"MOTOR VEHICLE STRUCK MOTOR VEHICLE, FRONT END AT ANGLE",,0,Clear,Dry,Daylight,,4203014.0,,10,Entering at angle,0,0,N
3483,1,-122.3867104,47.52852323,4062,16504,16504,3380712,Matched,Block,,SW THISTLE ST BETWEEN 42ND AVE SW AND CALIFORNIA AVE SW, ,,1,Property Damage Only Collision,Other,4,0,0,1,2013/04/07 00:00:00+00,4/7/2013 12:06:00 AM,Mid-Block (but intersection related),26,MOTOR VEHICLE STRUCK OBJECT IN ROAD,,N,Raining,Wet,Dark - Street Lights On,,,Y,50,Fixed object,0,0,N
3484,1,-122.280736,47.55642241,4063,17210,17210,1478723,Matched,Block,,42ND AVE S BETWEEN S HUDSON ST AND S FARRAR ST,,,1,Property Damage Only Collision,Parked Car,3,0,0,2,2004/01/24 00:00:00+00,1/24/2004 5:47:00 PM,Mid-Block (not related to intersection),12,"MOTOR VEHICLE STRUCK MOTOR VEHICLE, RIGHT SIDE AT ANGLE",,0,Clear,Dry,Dark - Street Lights On,,4024006.0,,32,One parked--one moving,0,0,N
3485,2,-122.3315979,47.5903106,4064,16541,16541,3643754,Matched,Block,,EDGAR MARTINEZ DR S BETWEEN OCCIDENTAL AVE S AND S ATLANTIC ST OFF RP, ,,2,Injury Collision,Rear Ended,4,0,0,3,2013/04/06 00:00:00+00,4/6/2013 11:37:00 PM,Mid-Block (but intersection related),14,"MOTOR VEHICLE STRUCK MOTOR VEHICLE, REAR END",,N,Raining,Wet,Dark - Street Lights On,,,,14,From same direction - both going straight - one stopped - rear-end,0,0,N
3486,1,-122.3500054,47.65819511,4065,17531,17531,1080255,Matched,Block,,FREMONT AVE N BETWEEN N 42ND ST AND N MOTOR PL,,,1,Property Damage Only Collision,Other,1,0,0,1,2004/07/02 00:00:00+00,7/2/2004,Mid-Block (not related to intersection),26,MOTOR VEHICLE STRUCK OBJECT IN ROAD,,0,Clear,Dry,Daylight,,4184016.0,,50,Fixed object,0,0,N
3487,1,-122.3761541,47.63965455,4066,17304,17304,1777012,Matched,Block,,15TH AVE W BETWEEN W BOSTON ST AND W WHEELER ST,,,1,Property Damage Only Collision,Parked Car,2,0,0,2,2004/03/26 00:00:00+00,3/26/2004 4:54:00 PM,Mid-Block (not related to intersection),14,"MOTOR VEHICLE STRUCK MOTOR VEHICLE, REAR END",Y,0,Raining,Wet,Daylight,,4086046.0,,32,One parked--one moving,0,0,N
3488,1,-122.3743534,47.54831237,4067,16803,16803,3615031,Matched,Block,,SW RAYMOND ST BETWEEN 32ND AVE SW AND 34TH AVE SW,NEI,"Not Enough Information, or Insufficient Location Information",1,Property Damage Only Collision,Parked Car,2,0,0,2,2013/04/11 00:00:00+00,4/11/2013 11:45:00 PM,Mid-Block (not related to intersection),0,NOT ENOUGH INFORMATION / NOT APPLICABLE,,N,Clear,Unknown,Dark - Street Lights On,,,,32,One parked--one moving,0,0,N
3489,1,-122.35931470000001,47.69061787,4068,17618,17618,1774639,Matched,Block,,NW 85TH ST BETWEEN 1ST AVE NW AND 3RD AVE NW,,,1,Property Damage Only Collision,Rear Ended,2,0,0,2,2004/03/26 00:00:00+00,3/26/2004 10:00:00 PM,Mid-Block (but intersection related),14,"MOTOR VEHICLE STRUCK MOTOR VEHICLE, REAR END",,0,Raining,Wet,Dark - Street Lights On,,4086013.0,Y,14,From same direction - both going straight - one stopped - rear-end,0,0,N