,SEVERITYCODE,X,Y,OBJECTID,INCKEY,COLDETKEY,REPORTNO,STATUS,ADDRTYPE,INTKEY,LOCATION,EXCEPTRSNCODE,EXCEPTRSNDESC,SEVERITYCODE.1,SEVERITYDESC,COLLISIONTYPE,PERSONCOUNT,PEDCOUNT,PEDCYLCOUNT,VEHCOUNT,INCDATE,INCDTTM,JUNCTIONTYPE,SDOT_COLCODE,SDOT_COLDESC,INATTENTIONIND,UNDERINFL,WEATHER,ROADCOND,LIGHTCOND,PEDROWNOTGRNT,SDOTCOLNUM,SPEEDING,ST_COLCODE,ST_COLDESC,SEGLANEKEY,CROSSWALKKEY,HITPARKEDCAR
3490,1,-122.36303170000001,47.54838526,4069,17792,17792,1776793,Matched,Block,,DELRIDGE WAY SW BETWEEN SW JUNEAU ST AND 24TH AVE SW,,,1,Property Damage Only Collision,Rear Ended,2,0,0,2,2004/07/30 00:00:00+00,7/30/2004 8:20:00 AM,Mid-Block (but intersection related),14,"MOTOR VEHICLE STRUCK MOTOR VEHICLE, REAR END",,0,Clear,Dry,Daylight,,4212046.0,,13,From same direction - both going straight - both moving - rear-end,0,0,N
3491,1,-122.3248747,47.68245283,4071,16887,16887,3508248,Matched,Block,,4TH AVE NE BETWEEN WOODLAWN N AVE NE AND NE 75TH ST, ,,1,Property Damage Only Collision,Parked Car,2,0,0,2,2013/04/13 00:00:00+00,4/13/2013 10:00:00 PM,Mid-Block (not related to intersection),13,"MOTOR VEHICLE STRUCK MOTOR VEHICLE, LEFT SIDE AT ANGLE",,N,Overcast,Wet,Unknown,,,,32,One parked--one moving,0,0,N
3492,1,-122.3402308,47.69143932,4072,16845,16845,3501994,Matched,Block,,INTERLAKE AVE N BETWEEN N 85TH E ST AND N 88TH ST, ,,1,Property Damage Only Collision,Parked Car,2,0,0,2,2013/04/12 00:00:00+00,4/12/2013 6:28:00 AM,Mid-Block (not related to intersection),13,"MOTOR VEHICLE STRUCK MOTOR VEHICLE, LEFT SIDE AT ANGLE",,N,Overcast,Dry,Dark - Street Lights On,,,,32,One parked--one moving,0,0,N
3493,1,-122.3656929,47.6246028,4073,234200,234600,E629840,Matched,Intersection,28640.0,ELLIOTT AVE W AND W MERCER ST, ,,1,Property Damage Only Collision,Rear Ended,2,0,0,2,2017/01/09 00:00:00+00,1/9/2017 8:12:00 AM,At Intersection (intersection related),14,"MOTOR VEHICLE STRUCK MOTOR VEHICLE, REAR END",Y,N,Clear,Wet,Daylight,,,,14,From same direction - both going straight - one stopped - rear-end,0,0,N
3494,2,-122.3606534,47.68364075,4075,17968,17968,1780216,Matched,Block,,3RD AVE NW BETWEEN NW 75TH ST AND NW 76TH ST,,,2,Injury Collision,Parked Car,4,0,0,2,2004/02/05 00:00:00+00,2/5/2004,Mid-Block (not related to intersection),14,"MOTOR VEHICLE STRUCK MOTOR VEHICLE, REAR END",Y,0,Overcast,Dry,Daylight,,4036009.0,,32,One parked--one moving,0,0,N
3495,1,,,4076,16704,16704,3615326,Matched,,,,NEI,"Not Enough Information, or Insufficient Location Information",1,Property Damage Only Collision,Parked Car,2,0,0,2,2013/04/08 00:00:00+00,4/8/2013 8:25:00 AM,,0,NOT ENOUGH INFORMATION / NOT APPLICABLE,,N,Unknown,Unknown,Unknown,,,,32,One parked--one moving,0,0,N
3496,2,-122.3274614,47.57142017,4077,16786,16786,3672125,Matched,Intersection,32366.0,5TH AVE S AND S SPOKANE SR ST, ,,2,Injury Collision,Angles,3,0,0,2,2013/04/03 00:00:00+00,4/3/2013 10:10:00 AM,At Intersection (intersection related),11,"MOTOR VEHICLE STRUCK MOTOR VEHICLE, FRONT END AT ANGLE",,N,Clear,Dry,Daylight,,,,10,Entering at angle,0,0,N
3497,1,-122.31430559999998,47.66054297,4078,17242,17242,1319625,Matched,Block,,BROOKLYN AVE NE BETWEEN NE 43RD ST AND NE 45TH ST,,,1,Property Damage Only Collision,Angles,4,0,0,2,2004/05/15 00:00:00+00,5/15/2004 12:41:00 AM,Mid-Block (but intersection related),16,"MOTOR VEHICLE STRUCK MOTOR VEHICLE, LEFT SIDE SIDESWIPE",,0,Clear,Dry,Dark - Street Lights On,,4136004.0,,10,Entering at angle,0,0,N
3498,1,-122.31188130000001,47.66854,4079,330800,332300,EA10397,Matched,Intersection,26013.0,15TH AVE NE AND NE 55TH ST, ,,1,Property Damage Only Collision,Angles,6,0,0,4,2020/01/23 00:00:00+00,1/23/2020 4:20:00 PM,At Intersection (intersection related),11,"MOTOR VEHICLE STRUCK MOTOR VEHICLE, FRONT END AT ANGLE",,N,Raining,Wet,Daylight,,,,10,Entering at angle,0,0,N
3499,1,,,4080,17594,17594,1213761,Matched,Block,,BATTERY ST TUNNEL NB BETWEEN ALASKAN WY VI NB AND AURORA AVE N,,,1,Property Damage Only Collision,Other,2,0,0,1,2004/03/28 00:00:00+00,3/28/2004 2:28:00 AM,Mid-Block (not related to intersection),26,MOTOR VEHICLE STRUCK OBJECT IN ROAD,Y,0,Overcast,Dry,Dark - Street Lights On,,4088008.0,Y,50,Fixed object,0,0,N
3500,1,-122.33418799999998,47.59920483,4081,16828,16828,3599347,Matched,Intersection,30365.0,1ST AVE S AND S JACKSON ST, ,,1,Property Damage Only Collision,Sideswipe,2,0,0,2,2013/04/12 00:00:00+00,4/12/2013 3:50:00 PM,At Intersection (intersection related),11,"MOTOR VEHICLE STRUCK MOTOR VEHICLE, FRONT END AT ANGLE",,N,Raining,Wet,Daylight,,,,71,Same direction -- both turning right -- both moving -- sideswipe,0,0,N
3501,1,,,4082,17393,17393,1214129,Matched,Block,,ALASKAN WY VI NB BETWEEN BATTERY ST TUN ON RP AND WESTERN AV OFF RP,,,1,Property Damage Only Collision,Other,1,0,0,1,2004/05/25 00:00:00+00,5/25/2004 10:06:00 PM,Mid-Block (not related to intersection),26,MOTOR VEHICLE STRUCK OBJECT IN ROAD,,0,Raining,Wet,Dark - Street Lights On,,4146033.0,Y,50,Fixed object,0,0,N
3502,1,-122.28881940000001,47.56179613,4084,17214,17214,1779343,Matched,Block,,35TH AVE S BETWEEN S OREGON ST AND S ALASKA ST,,,1,Property Damage Only Collision,Parked Car,2,0,0,2,2004/05/29 00:00:00+00,5/29/2004 9:00:00 PM,Mid-Block (not related to intersection),14,"MOTOR VEHICLE STRUCK MOTOR VEHICLE, REAR END",,0,Unknown,Unknown,Unknown,,4150005.0,,32,One parked--one moving,0,0,N
3503,1,-122.37019369999999,47.57155935,4085,327100,328600,3824403,Matched,Block,,WEST SEATTLE BR WB BETWEEN SW ADMIRAL WY OFF RP AND POINT A, ,,1,Property Damage Only Collision,Other,1,0,0,1,2019/12/21 00:00:00+00,12/21/2019 2:12:00 PM,Mid-Block (not related to intersection),26,MOTOR VEHICLE STRUCK OBJECT IN ROAD,,N,Raining,Wet,Daylight,,,,50,Fixed object,0,0,N
3504,2,-122.29032620000001,47.56976927,4086,16917,16917,3672334,Matched,Block,,S CHARLESTOWN ST BETWEEN RAINIER AVE S AND 34TH AVE S, ,,2,Injury Collision,Angles,3,0,0,2,2013/04/12 00:00:00+00,4/12/2013 6:31:00 PM,Driveway Junction,11,"MOTOR VEHICLE STRUCK MOTOR VEHICLE, FRONT END AT ANGLE",,N,Clear,Dry,Daylight,,,,10,Entering at angle,0,0,N
3505,1,-122.3735885,47.66866537,4087,17524,17524,1218595,Matched,Intersection,25423.0,14TH AVE NW AND NW MARKET ST,,,1,Property Damage Only Collision,Sideswipe,2,0,0,2,2004/05/12 00:00:00+00,5/12/2004 2:09:00 PM,At Intersection (intersection related),11,"MOTOR VEHICLE STRUCK MOTOR VEHICLE, FRONT END AT ANGLE",,0,Clear,Dry,Daylight,,4133025.0,,11,From same direction - both going straight - both moving - sideswipe,0,0,N
3506,1,-122.32752450000001,47.60439327,4088,17023,17023,1316775,Matched,Block,,JAMES ST BETWEEN 6TH AVE AND 7TH AVE,,,1,Property Damage Only Collision,Rear Ended,2,0,0,2,2004/07/23 00:00:00+00,7/23/2004 11:50:00 AM,Mid-Block (but intersection related),14,"MOTOR VEHICLE STRUCK MOTOR VEHICLE, REAR END",Y,0,Clear,Dry,Daylight,,4205036.0,,14,From same direction - both going straight - one stopped - rear-end,0,0,N
3507,2,-122.38541670000001,47.69058226,4089,16465,16465,3569125,Matched,Intersection,36977.0,23RD AVE NW AND NW 85TH ST, ,,2,Injury Collision,Cycles,2,0,1,1,2013/04/04 00:00:00+00,4/4/2013 7:30:00 AM,At Intersection (intersection related),23,"MOTOR VEHICLE STRUCK PEDALCYCLIST, LEFT SIDE SIDESWIPE",,N,Unknown,Unknown,Daylight,Y,,,45,Vehicle - Pedalcyclist,0,0,N
3508,1,-122.3604743,47.52559091,4090,17762,17762,1317272,Matched,Block,,DELRIDGE WAY SW BETWEEN SW CLOVERDALE ST AND SW TRENTON ST,,,1,Property Damage Only Collision,Other,3,0,0,2,2004/10/16 00:00:00+00,10/16/2004 9:24:00 PM,Driveway Junction,14,"MOTOR VEHICLE STRUCK MOTOR VEHICLE, REAR END",Y,0,Overcast,Wet,Dusk,,4290028.0,,21,One car entering driveway access,0,0,N
3509,2,-122.31678459999999,47.613496500000004,4091,303500,304760,3814186,Matched,Block,,12TH AVE BETWEEN E MADISON ST AND E PIKE ST, ,,2,Injury Collision,Cycles,2,0,1,1,2018/09/18 00:00:00+00,9/18/2018 10:09:00 AM,Mid-Block (not related to intersection),21,"MOTOR VEHICLE STRUCK PEDALCYCLIST, REAR END",,N,Overcast,Dry,Daylight,,,,5,Vehicle Strikes Pedalcyclist,0,0,N
3510,1,-122.32353570000001,47.62092486,4092,314800,316300,3814551,Unmatched,Block,,E THOMAS ST BETWEEN BELMONT AVE E AND BOYLSTON AVE E, ,,1,Property Damage Only Collision,,3,0,0,0,2019/02/05 00:00:00+00,2/5/2019,Mid-Block (not related to intersection),14,"MOTOR VEHICLE STRUCK MOTOR VEHICLE, REAR END",,,,,,,,, ,,0,0,N
3511,2,-122.3290596,47.56964963,4094,330100,331600,3857187,Unmatched,Intersection,531030.0,4TH AVE S AND W SEA BR EB 4 AV OFF RP, ,,2,Injury Collision,,1,0,0,0,2020/02/17 00:00:00+00,2/17/2020,At Intersection (intersection related),11,"MOTOR VEHICLE STRUCK MOTOR VEHICLE, FRONT END AT ANGLE",,,,,,,,, ,,0,0,N
3512,1,-122.31208799999999,47.71578591,4095,17583,17583,1780023,Matched,Block,,NE 120TH ST BETWEEN 15TH AVE NE AND PINEHURST WAY NE,,,1,Property Damage Only Collision,Rear Ended,2,0,0,2,2004/05/05 00:00:00+00,5/5/2004,Mid-Block (but intersection related),14,"MOTOR VEHICLE STRUCK MOTOR VEHICLE, REAR END",Y,0,Clear,Dry,Daylight,,4126031.0,,14,From same direction - both going straight - one stopped - rear-end,0,0,N
3513,1,-122.3762145,47.66866691,4096,17543,17543,1776681,Matched,Intersection,25416.0,15TH AVE NW AND NW MARKET ST,,,1,Property Damage Only Collision,Sideswipe,4,0,0,2,2004/10/05 00:00:00+00,10/5/2004,At Intersection (intersection related),11,"MOTOR VEHICLE STRUCK MOTOR VEHICLE, FRONT END AT ANGLE",,0,Raining,Wet,Dark - Street Lights On,,4279030.0,,81,Same direction -- both turning left -- both moving -- sideswipe,0,0,N
3514,2,-122.2875459,47.56175885,4097,17031,17031,1779101,Matched,Block,,RAINIER AVE S BETWEEN S OREGON ST AND S ALASKA ST,,,2,Injury Collision,Rear Ended,4,0,0,4,2004/01/28 00:00:00+00,1/28/2004 11:00:00 AM,Mid-Block (not related to intersection),14,"MOTOR VEHICLE STRUCK MOTOR VEHICLE, REAR END",,0,Raining,Wet,Daylight,,4028047.0,,14,From same direction - both going straight - one stopped - rear-end,0,0,N
3515,1,-122.31287590000001,47.55475571,4098,16841,16841,3467473,Matched,Block,,S BENNETT ST BETWEEN 15TH AVE S AND 16TH AVE S, ,,1,Property Damage Only Collision,Parked Car,2,0,0,2,2013/04/14 00:00:00+00,4/14/2013 10:35:00 PM,Mid-Block (not related to intersection),16,"MOTOR VEHICLE STRUCK MOTOR VEHICLE, LEFT SIDE SIDESWIPE",Y,N,Clear,Dry,Dark - Street Lights On,,,,32,One parked--one moving,0,0,N
3516,1,-122.31348670000001,47.69580645,4099,195200,195300,E430070,Matched,Block,,NE 92ND ST BETWEEN 12TH AVE NE AND 15TH AVE NE, ,,1,Property Damage Only Collision,Parked Car,0,0,0,2,2015/06/04 00:00:00+00,6/4/2015 1:05:00 AM,Mid-Block (not related to intersection),11,"MOTOR VEHICLE STRUCK MOTOR VEHICLE, FRONT END AT ANGLE",,N,Clear,Dry,Dark - Street Lights On,,,,32,One parked--one moving,0,0,Y
3517,2,-122.3219169,47.59583136,4100,16502,16502,2791490,Matched,Block,,S DEARBORN ST BETWEEN 8TH AVE S AND DEARBORN OFF RP, ,,2,Injury Collision,Rear Ended,2,0,0,2,2013/04/05 00:00:00+00,4/5/2013 5:50:00 AM,Mid-Block (not related to intersection),14,"MOTOR VEHICLE STRUCK MOTOR VEHICLE, REAR END",Y,N,Raining,Wet,Dark - Street Lights On,,,Y,14,From same direction - both going straight - one stopped - rear-end,0,0,N
3518,1,-122.3767773,47.70026373,4101,16923,16923,1779684,Matched,Block,,15TH AVE NW BETWEEN NW 96TH ST AND NW 100TH ST,,,1,Property Damage Only Collision,Other,1,0,0,1,2004/07/28 00:00:00+00,7/28/2004 1:51:00 AM,Mid-Block (not related to intersection),28,MOTOR VEHICLE RAN OFF ROAD - HIT FIXED OBJECT,Y,0,Clear,Dry,Dark - Street Lights Off,,4210036.0,,50,Fixed object,0,0,N
3519,1,-122.31426100000002,47.61645088,4102,216800,217080,E530264,Matched,Intersection,29727.0,14TH AVE AND E OLIVE ST, ,,1,Property Damage Only Collision,Parked Car,2,0,0,2,2016/04/01 00:00:00+00,4/1/2016 9:53:00 AM,At Intersection (but not related to intersection),14,"MOTOR VEHICLE STRUCK MOTOR VEHICLE, REAR END",,N,Clear,Dry,Daylight,,,,32,One parked--one moving,0,0,N
3520,1,-122.38611609999998,47.56108911,4103,17951,17951,1781252,Matched,Block,,SW ALASKA ST BETWEEN 42ND AVE SW AND CALIFORNIA AVE SW,,,1,Property Damage Only Collision,Parked Car,2,0,0,2,2004/03/01 00:00:00+00,3/1/2004,Mid-Block (not related to intersection),13,"MOTOR VEHICLE STRUCK MOTOR VEHICLE, LEFT SIDE AT ANGLE",Y,0,Unknown,Unknown,Unknown,,4061023.0,,32,One parked--one moving,0,0,N
3521,1,-122.3122094,47.60618397,4104,17159,17159,1789490,Matched,Block,,E JEFFERSON ST BETWEEN 15TH AVE AND 16TH AVE,,,1,Property Damage Only Collision,Parked Car,2,0,0,2,2004/01/14 00:00:00+00,1/14/2004 4:30:00 PM,Mid-Block (not related to intersection),11,"MOTOR VEHICLE STRUCK MOTOR VEHICLE, FRONT END AT ANGLE",,0,Raining,Wet,Daylight,,4014013.0,,32,One parked--one moving,0,0,N
3522,1,-122.290798,47.72094486,4105,16455,16455,3501987,Matched,Block,,35TH AVE NE BETWEEN NE 125TH ST AND NE 130TH S ST, ,,1,Property Damage Only Collision,Left Turn,2,0,0,2,2013/04/04 00:00:00+00,4/4/2013 7:48:00 AM,Mid-Block (but intersection related),14,"MOTOR VEHICLE STRUCK MOTOR VEHICLE, REAR END",,N,Raining,Wet,Daylight,,,,29,From opposite direction - one left turn - one right turn,0,0,N
3523,1,-122.31283570000001,47.71398062,4106,17895,17895,1318112,Matched,Intersection,36469.0,PINEHURST WAY NE AND NE 117TH ST,,,1,Property Damage Only Collision,Angles,2,0,0,2,2004/02/29 00:00:00+00,2/29/2004 10:23:00 AM,At Intersection (intersection related),11,"MOTOR VEHICLE STRUCK MOTOR VEHICLE, FRONT END AT ANGLE",,0,Clear,Dry,Daylight,,4060016.0,,10,Entering at angle,0,0,N
3524,2,-122.29618810000001,47.57834715,4107,17422,17422,1771914,Matched,Intersection,31481.0,M L KING JR WAY S AND S MCCLELLAN ST,,,2,Injury Collision,Left Turn,6,0,0,2,2004/07/08 00:00:00+00,7/8/2004,At Intersection (intersection related),11,"MOTOR VEHICLE STRUCK MOTOR VEHICLE, FRONT END AT ANGLE",,0,Clear,Dry,Daylight,,4190014.0,,28,From opposite direction - one left turn - one straight,0,0,N
3525,1,-122.34803909999998,47.61779536,4108,16516,16516,3503938,Matched,Intersection,29654.0,4TH AVE AND CEDAR ST, ,,1,Property Damage Only Collision,Angles,2,0,0,2,2013/04/05 00:00:00+00,4/5/2013 6:49:00 AM,At Intersection (intersection related),11,"MOTOR VEHICLE STRUCK MOTOR VEHICLE, FRONT END AT ANGLE",,N,Overcast,Wet,Daylight,,,,10,Entering at angle,0,0,N
3526,1,-122.36074270000002,47.70239956,4109,16817,16817,3608801,Matched,Intersection,37116.0,3RD AVE NW AND HOLMAN RD NW, ,,1,Property Damage Only Collision,Left Turn,2,0,0,2,2013/04/09 00:00:00+00,4/9/2013 5:04:00 PM,At Intersection (intersection related),11,"MOTOR VEHICLE STRUCK MOTOR VEHICLE, FRONT END AT ANGLE",,N,Clear,Dry,Daylight,,,,28,From opposite direction - one left turn - one straight,0,0,N
3527,1,-122.32563300000001,47.61848878,4111,329300,330800,EA17592,Unmatched,Intersection,29162.0,E DENNY WAY AND E OLIVE WAY, ,,1,Property Damage Only Collision,,3,0,0,0,2020/02/21 00:00:00+00,2/21/2020,At Intersection (intersection related),11,"MOTOR VEHICLE STRUCK MOTOR VEHICLE, FRONT END AT ANGLE",,,,,,,,, ,,0,0,N
3528,2,-122.29746850000001,47.59739387,4112,16860,16860,3615030,Matched,Block,,M L KING JR WAY S BETWEEN S KING ST AND S LANE ST,NEI,"Not Enough Information, or Insufficient Location Information",2,Injury Collision,Rear Ended,2,0,0,2,2013/04/12 00:00:00+00,4/12/2013 11:10:00 AM,,0,NOT ENOUGH INFORMATION / NOT APPLICABLE,,N,Clear,Unknown,Daylight,,,,14,From same direction - both going straight - one stopped - rear-end,0,0,N
3529,1,-122.3122124,47.68942459,4113,17540,17540,1773801,Matched,Block,,15TH AVE NE BETWEEN NE 82ND ST AND NE 85TH ST,,,1,Property Damage Only Collision,Parked Car,2,0,0,2,2004/01/11 00:00:00+00,1/11/2004 2:00:00 AM,Mid-Block (not related to intersection),16,"MOTOR VEHICLE STRUCK MOTOR VEHICLE, LEFT SIDE SIDESWIPE",,0,Unknown,Unknown,Unknown,,4011017.0,,32,One parked--one moving,0,0,N
3530,1,-122.33442420000002,47.54463232,4114,252700,253300,E722617,Matched,Block,,1ST AV S SB ON RP BETWEEN 1ST AV S BR SB AND S FRONT ST ON RP, ,,1,Property Damage Only Collision,Rear Ended,0,0,0,2,2017/10/07 00:00:00+00,10/7/2017 4:05:00 AM,Mid-Block (not related to intersection),14,"MOTOR VEHICLE STRUCK MOTOR VEHICLE, REAR END",,N,Raining,Wet,Dark - Street Lights On,,,,13,From same direction - both going straight - both moving - rear-end,0,0,N
3531,1,-122.3202524,47.66131589,4115,16846,16846,3503107,Matched,Block,,NE 45TH ST BETWEEN 7TH AVE NE AND 8TH W AVE NE, ,,1,Property Damage Only Collision,Sideswipe,3,0,0,2,2013/04/12 00:00:00+00,4/12/2013 10:34:00 AM,Mid-Block (but intersection related),11,"MOTOR VEHICLE STRUCK MOTOR VEHICLE, FRONT END AT ANGLE",,N,Overcast,Dry,Daylight,,,,71,Same direction -- both turning right -- both moving -- sideswipe,0,0,N
3532,1,-122.3417749,47.61526498,4116,216300,216580,3791369,Matched,Intersection,29534.0,5TH AVE AND BLANCHARD ST, ,,1,Property Damage Only Collision,Left Turn,2,0,0,2,2016/03/23 00:00:00+00,3/23/2016 3:50:00 PM,At Intersection (intersection related),11,"MOTOR VEHICLE STRUCK MOTOR VEHICLE, FRONT END AT ANGLE",Y,N,Clear,Dry,Daylight,,,,15,From same direction - one left turn - one straight,0,0,N
3533,1,-122.28792079999998,47.55123925,4118,17917,17917,1779551,Matched,Intersection,485825.0,M L KING JR ER WAY S AND S ORCAS ST,,,1,Property Damage Only Collision,Left Turn,2,0,0,2,2004/01/14 00:00:00+00,1/14/2004 6:50:00 AM,At Intersection (intersection related),11,"MOTOR VEHICLE STRUCK MOTOR VEHICLE, FRONT END AT ANGLE",,0,Raining,Wet,Dark - Street Lights On,,4014056.0,,28,From opposite direction - one left turn - one straight,0,0,N
3534,1,-122.272167,47.54247936,4119,17011,17011,1771292,Matched,Block,,S HOLLY ST BETWEEN RAINIER AVE S AND 49TH AVE S,,,1,Property Damage Only Collision,Parked Car,2,0,0,2,2004/07/14 00:00:00+00,7/14/2004 4:30:00 PM,Driveway Junction,13,"MOTOR VEHICLE STRUCK MOTOR VEHICLE, LEFT SIDE AT ANGLE",,0,Clear,Dry,Daylight,,4196028.0,,32,One parked--one moving,0,0,N
3535,1,-122.3459997,47.70143394,4121,17343,17343,1080351,Matched,Block,,N 100TH ST BETWEEN LINDEN AVE N AND AURORA AVE N,,,1,Property Damage Only Collision,Other,2,0,0,2,2004/06/18 00:00:00+00,6/18/2004 5:00:00 PM,Mid-Block (not related to intersection),11,"MOTOR VEHICLE STRUCK MOTOR VEHICLE, FRONT END AT ANGLE",,0,Clear,Dry,Daylight,,4170030.0,,22,One car leaving driveway access,0,0,N
3536,1,-122.3320659,47.61655713,4122,312600,314040,3812489,Matched,Block,,BOREN AVE BETWEEN HOWELL ST AND STEWART ST, ,,1,Property Damage Only Collision,Other,2,0,0,1,2018/12/22 00:00:00+00,12/22/2018 11:59:00 PM,Mid-Block (not related to intersection),26,MOTOR VEHICLE STRUCK OBJECT IN ROAD,Y,N,Raining,Wet,Dark - Street Lights On,,,,50,Fixed object,0,0,N
3537,1,-122.2965188,47.73378577,4123,17884,17884,1728162,Matched,Intersection,35990.0,30TH AVE NE AND NE 145TH ST,,,1,Property Damage Only Collision,Angles,3,0,0,2,2004/04/15 00:00:00+00,4/15/2004 5:41:00 PM,At Intersection (intersection related),11,"MOTOR VEHICLE STRUCK MOTOR VEHICLE, FRONT END AT ANGLE",,0,Clear,Dry,Daylight,,4106025.0,,10,Entering at angle,0,0,N
3538,1,-122.28346909999999,47.55905358,4124,17411,17411,1772686,Matched,Block,,39TH AVE S BETWEEN S ANGELINE ST AND S EDMUNDS ST,,,1,Property Damage Only Collision,Other,2,0,0,2,2004/12/25 00:00:00+00,12/25/2004 2:30:00 AM,Mid-Block (but intersection related),28,MOTOR VEHICLE RAN OFF ROAD - HIT FIXED OBJECT,,0,Unknown,Unknown,Unknown,,4360005.0,Y,50,Fixed object,0,0,N
3539,1,-122.39368370000001,47.668651399999995,4125,16832,16832,3501552,Matched,Block,,NW MARKET ST BETWEEN 28TH AVE NW AND NW 54TH ST, ,,1,Property Damage Only Collision,Angles,2,0,0,2,2013/04/12 00:00:00+00,4/12/2013 10:14:00 AM,Driveway Junction,11,"MOTOR VEHICLE STRUCK MOTOR VEHICLE, FRONT END AT ANGLE",,N,Clear,Dry,Daylight,,,,10,Entering at angle,0,0,N
3540,2,-122.3555713,47.73413032,4127,322700,324200,E952154,Matched,Intersection,35778.0,GREENWOOD AVE N AND N 145TH ST, ,,2,Injury Collision,Left Turn,2,0,0,2,2019/08/15 00:00:00+00,8/15/2019 10:34:00 AM,At Intersection (intersection related),11,"MOTOR VEHICLE STRUCK MOTOR VEHICLE, FRONT END AT ANGLE",,N,Clear,Dry,Daylight,,,,28,From opposite direction - one left turn - one straight,0,0,N
3541,1,-122.29155349999999,47.55529415,4129,327800,329300,3857103,Unmatched,Intersection,33583.0,32ND AVE S AND S DAWSON ST, ,,1,Property Damage Only Collision,,2,0,0,0,2020/01/12 00:00:00+00,1/12/2020,At Intersection (intersection related),11,"MOTOR VEHICLE STRUCK MOTOR VEHICLE, FRONT END AT ANGLE",,,,,,,,, ,,0,0,N
3542,2,-122.289705,47.51640341,4130,17936,17936,1779626,Matched,Block,,AIRPORT WAY S BETWEEN CITY LIMITS C AND S NORFOLK ST,,,2,Injury Collision,Rear Ended,2,0,0,2,2004/01/15 00:00:00+00,1/15/2004 4:25:00 PM,Mid-Block (but intersection related),14,"MOTOR VEHICLE STRUCK MOTOR VEHICLE, REAR END",,0,Raining,Wet,Dusk,,4015031.0,,14,From same direction - both going straight - one stopped - rear-end,0,0,N
3543,2,-122.30553770000002,47.55985332,4131,17978,17978,1779614,Matched,Intersection,33305.0,COLUMBIA DR S AND S COLUMBIAN WAY,,,2,Injury Collision,Head On,7,0,0,3,2004/09/13 00:00:00+00,9/13/2004 4:31:00 PM,At Intersection (intersection related),11,"MOTOR VEHICLE STRUCK MOTOR VEHICLE, FRONT END AT ANGLE",,0,Clear,Dry,Daylight,,4257022.0,,30,From opposite direction - all others,0,0,N
3544,2,-122.3623345,47.63474219,4132,16881,16881,3549175,Matched,Intersection,27846.0,4TH AVE W AND W BLAINE ST, ,,2,Injury Collision,Angles,5,0,0,2,2013/04/13 00:00:00+00,4/13/2013 2:57:00 PM,At Intersection (intersection related),11,"MOTOR VEHICLE STRUCK MOTOR VEHICLE, FRONT END AT ANGLE",,N,Raining,Wet,Daylight,,,,10,Entering at angle,0,0,N
3545,1,-122.2559054,47.50820034,4133,257300,257940,E729765,Matched,Intersection,38235.0,62ND AVE S AND S PRENTICE ST, ,,1,Property Damage Only Collision,Angles,2,0,0,2,2017/08/11 00:00:00+00,8/11/2017 2:57:00 PM,At Intersection (intersection related),11,"MOTOR VEHICLE STRUCK MOTOR VEHICLE, FRONT END AT ANGLE",Y,N,Clear,Dry,Daylight,,,,10,Entering at angle,0,0,N
3546,1,-122.33001019999999,47.61225859,4134,17471,17471,1772340,Matched,Block,,HUBBELL PL BETWEEN 9TH AVE AND PIKE ST,,,1,Property Damage Only Collision,Parked Car,2,0,0,2,2004/06/10 00:00:00+00,6/10/2004 10:54:00 AM,Mid-Block (not related to intersection),13,"MOTOR VEHICLE STRUCK MOTOR VEHICLE, LEFT SIDE AT ANGLE",,0,Overcast,Dry,Unknown,,4162019.0,,32,One parked--one moving,0,0,N
3547,2,-122.34485249999999,47.71477675,4135,17967,17967,1773617,Matched,Intersection,36339.0,AURORA AVE N AND N 117TH PL,,,2,Injury Collision,Pedestrian,2,1,0,1,2004/06/07 00:00:00+00,6/7/2004,At Intersection (intersection related),24,MOTOR VEHCILE STRUCK PEDESTRIAN,,0,Overcast,Dry,Daylight,Y,4159023.0,,1,Vehicle turning right hits pedestrian,0,0,N
3548,1,-122.31687920000002,47.70855484,4136,16599,16599,3568636,Matched,Block,,NE NORTHGATE WAY BETWEEN ROOSEVELT WAY NE AND 11TH AVE NE, ,,1,Property Damage Only Collision,Other,3,0,0,2,2013/04/06 00:00:00+00,4/6/2013 2:00:00 PM,Driveway Junction,11,"MOTOR VEHICLE STRUCK MOTOR VEHICLE, FRONT END AT ANGLE",,N,Clear,Dry,Daylight,,,,23,From same direction - all others,0,0,N
3549,1,-122.3550291,47.53411905,4137,17105,17105,1781767,Matched,Block,,16TH AVE SW BETWEEN SW AUSTIN ST AND SW HOLDEN ST,,,1,Property Damage Only Collision,Rear Ended,3,0,0,2,2004/05/12 00:00:00+00,5/12/2004 4:20:00 PM,Mid-Block (but intersection related),14,"MOTOR VEHICLE STRUCK MOTOR VEHICLE, REAR END",Y,0,Clear,Dry,Daylight,,4133012.0,,14,From same direction - both going straight - one stopped - rear-end,0,0,N
3550,1,-122.3421452,47.71353972,4138,16565,16565,3615289,Matched,Block,,STONE AVE N BETWEEN N 115TH ST AND DEAD END 1,NEI,"Not Enough Information, or Insufficient Location Information",1,Property Damage Only Collision,Parked Car,2,0,0,2,2013/04/04 00:00:00+00,4/4/2013 3:50:00 PM,Mid-Block (not related to intersection),0,NOT ENOUGH INFORMATION / NOT APPLICABLE,,N,Unknown,Unknown,Unknown,,,,32,One parked--one moving,0,0,N
3551,1,-122.36328259999999,47.56834746,4140,17043,17043,1790262,Matched,Intersection,32046.0,DELRIDGE WAY SW AND SW ANDOVER ST,,,1,Property Damage Only Collision,Angles,2,0,0,2,2004/04/25 00:00:00+00,4/25/2004 9:15:00 AM,At Intersection (intersection related),11,"MOTOR VEHICLE STRUCK MOTOR VEHICLE, FRONT END AT ANGLE",Y,0,Clear,Dry,Daylight,,4116031.0,,10,Entering at angle,0,0,N