,SEVERITYCODE,X,Y,OBJECTID,INCKEY,COLDETKEY,REPORTNO,STATUS,ADDRTYPE,INTKEY,LOCATION,EXCEPTRSNCODE,EXCEPTRSNDESC,SEVERITYCODE.1,SEVERITYDESC,COLLISIONTYPE,PERSONCOUNT,PEDCOUNT,PEDCYLCOUNT,VEHCOUNT,INCDATE,INCDTTM,JUNCTIONTYPE,SDOT_COLCODE,SDOT_COLDESC,INATTENTIONIND,UNDERINFL,WEATHER,ROADCOND,LIGHTCOND,PEDROWNOTGRNT,SDOTCOLNUM,SPEEDING,ST_COLCODE,ST_COLDESC,SEGLANEKEY,CROSSWALKKEY,HITPARKEDCAR
3552,2,-122.3762226,47.65698919,4141,322100,323600,E926973,Matched,Block,,BALLARD BR BETWEEN 15TH AVE W AND POINT A, ,,2,Injury Collision,Other,5,0,0,2,2019/05/30 00:00:00+00,5/30/2019 2:46:00 PM,Mid-Block (not related to intersection),11,"MOTOR VEHICLE STRUCK MOTOR VEHICLE, FRONT END AT ANGLE",,N,Clear,Dry,Daylight,,,,23,From same direction - all others,0,0,N
3553,1,-122.32137250000001,47.65589078,4143,327400,328900,3803251,Matched,Block,,NE 40 UPPER ST BETWEEN PASADENA PL NE AND 7TH AVE NE, ,,1,Property Damage Only Collision,Parked Car,3,0,0,3,2019/12/23 00:00:00+00,12/23/2019 9:33:00 AM,Mid-Block (not related to intersection),14,"MOTOR VEHICLE STRUCK MOTOR VEHICLE, REAR END",,N,Clear,Dry,Daylight,,,,32,One parked--one moving,0,0,Y
3554,2,-122.2477686,47.51123597,4145,16869,16869,3671768,Matched,Block,,RAINIER AVE S BETWEEN 68TH AVE S AND CORNELL AVE S, ,,2,Injury Collision,Other,1,0,0,1,2013/04/12 00:00:00+00,4/12/2013 7:30:00 AM,Mid-Block (not related to intersection),28,MOTOR VEHICLE RAN OFF ROAD - HIT FIXED OBJECT,,Y,Clear,Dry,Dark - Street Lights On,,,,50,Fixed object,0,0,N
3555,1,-122.3473364,47.66030643,4147,17904,17904,1781070,Matched,Block,,AURORA AVE N BETWEEN N 44TH ST AND GREEN LAKE WAY N,,,1,Property Damage Only Collision,Other,1,0,0,1,2004/07/02 00:00:00+00,7/2/2004,Mid-Block (not related to intersection),28,MOTOR VEHICLE RAN OFF ROAD - HIT FIXED OBJECT,,0,Clear,Dry,Dark - Street Lights On,,4184002.0,,50,Fixed object,0,0,N
3556,1,-122.290798,47.72094486,4148,303000,304240,E841507,Unmatched,Block,,35TH AVE NE BETWEEN NE 125TH ST AND NE 130TH S ST, ,,1,Property Damage Only Collision,,1,0,0,0,2018/09/24 00:00:00+00,9/24/2018,Driveway Junction,11,"MOTOR VEHICLE STRUCK MOTOR VEHICLE, FRONT END AT ANGLE",,,,,,,,, ,,0,0,N
3557,2,-122.373595,47.66256693,4150,16957,16957,1780415,Matched,Block,,14TH AVE NW BETWEEN NW 46TH ST AND NW BALLARD WAY,,,2,Injury Collision,Rear Ended,2,0,0,2,2004/02/06 00:00:00+00,2/6/2004,Mid-Block (but intersection related),14,"MOTOR VEHICLE STRUCK MOTOR VEHICLE, REAR END",,0,Overcast,Wet,Dark - Street Lights On,,4037014.0,,14,From same direction - both going straight - one stopped - rear-end,0,0,N
3558,1,-122.3235754,47.72166742,4152,17641,17641,1475649,Matched,Block,,5TH AVE NE BETWEEN NE 127TH ST AND 130TH ST OFF RP,,,1,Property Damage Only Collision,Other,1,0,0,1,2004/06/09 00:00:00+00,6/9/2004,Mid-Block (not related to intersection),28,MOTOR VEHICLE RAN OFF ROAD - HIT FIXED OBJECT,,0,Raining,Wet,Dark - Street Lights Off,,4161029.0,Y,50,Fixed object,0,0,N
3559,1,-122.33418799999998,47.59920483,4155,16899,16899,3561263,Matched,Intersection,30365.0,1ST AVE S AND S JACKSON ST, ,,1,Property Damage Only Collision,Left Turn,2,0,0,2,2013/04/12 00:00:00+00,4/12/2013 5:40:00 PM,At Intersection (intersection related),11,"MOTOR VEHICLE STRUCK MOTOR VEHICLE, FRONT END AT ANGLE",,N,Raining,Wet,Daylight,,,,28,From opposite direction - one left turn - one straight,0,0,N
3560,1,-122.30115159999998,47.54428439,4156,16981,16981,1784216,Matched,Block,,S MORGAN ST BETWEEN 24TH AVE S AND BEACON WR S AVE S,,,1,Property Damage Only Collision,Parked Car,5,0,0,4,2004/10/30 00:00:00+00,10/30/2004 7:04:00 PM,Mid-Block (not related to intersection),28,MOTOR VEHICLE RAN OFF ROAD - HIT FIXED OBJECT,,1,Clear,Dry,Dark - Street Lights On,,4304013.0,,32,One parked--one moving,0,0,N
3561,1,-122.36064750000001,47.69062539,4157,195400,195500,3582194,Matched,Intersection,37184.0,3RD AVE NW AND NW 85TH ST, ,,1,Property Damage Only Collision,Angles,2,0,0,2,2015/06/13 00:00:00+00,6/13/2015 7:45:00 PM,At Intersection (intersection related),11,"MOTOR VEHICLE STRUCK MOTOR VEHICLE, FRONT END AT ANGLE",,N,Clear,Dry,Daylight,,,,10,Entering at angle,0,0,N
3562,2,-122.3195817,47.60169832,4159,326700,328200,E991616,Matched,Intersection,30412.0,10TH AVE AND E YESLER WAY, ,,2,Injury Collision,Cycles,2,0,1,1,2019/12/09 00:00:00+00,12/9/2019 4:37:00 PM,At Intersection (intersection related),24,MOTOR VEHCILE STRUCK PEDESTRIAN,,N,Clear,Dry,Dark - Street Lights On,Y,,,5,Vehicle Strikes Pedalcyclist,0,0,N
3563,1,-122.3801969,47.55931622,4160,17785,17785,1790417,Matched,Block,,38TH WR AVE SW BETWEEN SW ALASKA ST AND SW HUDSON ST,,,1,Property Damage Only Collision,Parked Car,2,0,0,2,2004/09/08 00:00:00+00,9/8/2004,Mid-Block (not related to intersection),31,DRIVERLESS VEHICLE STRUCK MOTOR VEHICLE FRONT END AT ANGLE,,0,Clear,Dry,Daylight,,4252010.0,,32,One parked--one moving,0,0,N
3564,1,-122.36074709999998,47.70294137,4161,17660,17660,1773818,Matched,Block,,3RD AVE NW BETWEEN HOLMAN RD NW AND NW 103RD S ST,,,1,Property Damage Only Collision,Parked Car,2,0,0,2,2004/05/01 00:00:00+00,5/1/2004,Mid-Block (but intersection related),11,"MOTOR VEHICLE STRUCK MOTOR VEHICLE, FRONT END AT ANGLE",,0,Clear,Dry,Dark - Street Lights On,,4122021.0,,32,One parked--one moving,0,0,N
3565,2,-122.29618880000001,47.62347605,4162,17291,17291,1472875,Matched,Intersection,29253.0,28TH AVE E AND E MADISON ST,,,2,Injury Collision,Cycles,2,0,1,1,2004/06/10 00:00:00+00,6/10/2004 5:06:00 PM,At Intersection (intersection related),18,"MOTOR VEHICLE STRUCK PEDALCYCLIST, FRONT END AT ANGLE",,0,Clear,Dry,Daylight,Y,4162021.0,,45,Vehicle - Pedalcyclist,0,0,N
3566,1,-122.2819884,47.53888841,4163,16637,16637,3372669,Matched,Intersection,486565.0,M L KING JR ER WAY S AND S MYRTLE ST, ,,1,Property Damage Only Collision,Right Turn,2,0,0,2,2013/04/07 00:00:00+00,4/7/2013 5:12:00 PM,At Intersection (intersection related),11,"MOTOR VEHICLE STRUCK MOTOR VEHICLE, FRONT END AT ANGLE",,N,Overcast,Wet,Daylight,,,,16,From same direction - one right turn - one straight,0,0,N
3567,2,-122.3252496,47.6794347,4164,17459,17459,1212063,Matched,Block,,NE RAVENNA WB BV BETWEEN NE 71ST ST AND WOODLAWN AVE NE,,,2,Injury Collision,Rear Ended,4,0,0,3,2004/08/21 00:00:00+00,8/21/2004 5:10:00 PM,Mid-Block (not related to intersection),14,"MOTOR VEHICLE STRUCK MOTOR VEHICLE, REAR END",,0,Raining,Wet,Daylight,,4234021.0,,14,From same direction - both going straight - one stopped - rear-end,0,0,N
3568,2,-122.3763824,47.64844865,4165,17854,17854,1777311,Matched,Block,,15TH AVE W BETWEEN 15TH AV W NB OFF RP AND W BERTONA ST,,,2,Injury Collision,Rear Ended,4,0,0,2,2004/02/24 00:00:00+00,2/24/2004 6:33:00 PM,Mid-Block (not related to intersection),14,"MOTOR VEHICLE STRUCK MOTOR VEHICLE, REAR END",Y,0,Clear,Dry,Dark - Street Lights On,,4055033.0,,13,From same direction - both going straight - both moving - rear-end,0,0,N
3569,1,-122.3259598,47.606036100000004,4166,302100,303320,E818123,Matched,Block,,CHERRY ST BETWEEN 8TH AVE AND 9TH AVE, ,,1,Property Damage Only Collision,Parked Car,2,0,0,2,2018/06/11 00:00:00+00,6/11/2018 12:58:00 PM,Mid-Block (not related to intersection),14,"MOTOR VEHICLE STRUCK MOTOR VEHICLE, REAR END",,N,Clear,Dry,Daylight,,,,32,One parked--one moving,0,0,N
3570,2,-122.3449719,47.72275671,4167,16750,16750,3501905,Matched,Block,,AURORA AVE N BETWEEN N 128TH ST AND N 130TH ST, ,,2,Injury Collision,Rear Ended,5,0,0,2,2013/04/10 00:00:00+00,4/10/2013 9:21:00 PM,Mid-Block (not related to intersection),14,"MOTOR VEHICLE STRUCK MOTOR VEHICLE, REAR END",Y,N,Clear,Dry,Dark - Street Lights On,,,,14,From same direction - both going straight - one stopped - rear-end,0,0,N
3571,1,-122.30605609999999,47.61994373,4168,17331,17331,1217280,Matched,Block,,20TH AVE E BETWEEN E JOHN S ST AND E JOHN SR ST,,,1,Property Damage Only Collision,Parked Car,2,0,0,2,2004/08/10 00:00:00+00,8/10/2004 6:30:00 PM,Mid-Block (not related to intersection),16,"MOTOR VEHICLE STRUCK MOTOR VEHICLE, LEFT SIDE SIDESWIPE",,0,Clear,Dry,Daylight,,4223003.0,,32,One parked--one moving,0,0,N
3572,2,-122.3735909,47.66643106,4169,328300,329800,EA08394,Matched,Intersection,25436.0,14TH AVE NW AND NW 52ND ST, ,,2,Injury Collision,Angles,3,0,0,2,2020/01/24 00:00:00+00,1/24/2020 9:11:00 AM,At Intersection (intersection related),11,"MOTOR VEHICLE STRUCK MOTOR VEHICLE, FRONT END AT ANGLE",,N,Raining,Wet,Daylight,,,,10,Entering at angle,0,0,N
3573,2,,,4171,17685,17685,1785201,Matched,Alley,,,,,2,Injury Collision,Pedestrian,2,1,0,1,2004/10/09 00:00:00+00,10/9/2004,Mid-Block (not related to intersection),24,MOTOR VEHCILE STRUCK PEDESTRIAN,,0,Clear,Dry,Daylight,,4283015.0,,0,Vehicle going straight hits pedestrian,0,0,N
3574,2,-122.311117,47.68850436,4172,16689,16689,3501515,Matched,Intersection,24713.0,16TH AVE NE AND NE 82ND ST, ,,2,Injury Collision,Angles,4,0,0,2,2013/04/07 00:00:00+00,4/7/2013 3:17:00 PM,At Intersection (intersection related),11,"MOTOR VEHICLE STRUCK MOTOR VEHICLE, FRONT END AT ANGLE",,N,Raining,Wet,Daylight,,,,10,Entering at angle,0,0,N
3575,1,-122.33734869999999,47.60423027,4173,16757,16757,3581937,Matched,Intersection,29619.0,MADISON ST AND WESTERN AVE, ,,1,Property Damage Only Collision,Other,3,0,0,2,2013/04/07 00:00:00+00,4/7/2013 4:27:00 PM,At Intersection (intersection related),11,"MOTOR VEHICLE STRUCK MOTOR VEHICLE, FRONT END AT ANGLE",,N,Raining,Wet,Daylight,,,,23,From same direction - all others,0,0,N
3576,1,-122.3229412,47.66170139,4175,329500,331000,EA19538,Matched,Block,,5TH AVE NE BETWEEN NE 45TH ST AND 45TH ST OFF RP, ,,1,Property Damage Only Collision,Rear Ended,2,0,0,2,2020/02/24 00:00:00+00,2/24/2020 8:04:00 AM,Mid-Block (not related to intersection),14,"MOTOR VEHICLE STRUCK MOTOR VEHICLE, REAR END",,N,Clear,Dry,Daylight,,,,13,From same direction - both going straight - both moving - rear-end,0,0,N
3577,1,-122.33309809999999,47.60965503,4177,17405,17405,1482353,Matched,Block,,6TH AVE BETWEEN UNIVERSITY ST AND UNION ST,,,1,Property Damage Only Collision,Sideswipe,4,0,0,2,2004/03/10 00:00:00+00,3/10/2004 3:51:00 PM,Mid-Block (not related to intersection),16,"MOTOR VEHICLE STRUCK MOTOR VEHICLE, LEFT SIDE SIDESWIPE",,0,Clear,Dry,Daylight,,4070008.0,,11,From same direction - both going straight - both moving - sideswipe,0,0,N
3578,2,-122.3449769,47.72321155,4178,17174,17174,1782378,Matched,Intersection,35828.0,AURORA AVE N AND N 130TH ST,,,2,Injury Collision,Angles,2,0,0,2,2004/03/22 00:00:00+00,3/22/2004 6:39:00 AM,At Intersection (intersection related),11,"MOTOR VEHICLE STRUCK MOTOR VEHICLE, FRONT END AT ANGLE",,0,Clear,Dry,Daylight,,4082008.0,,10,Entering at angle,0,0,N
3579,2,-122.3232755,47.70859413,4179,17117,17117,1794182,Matched,Intersection,36499.0,5TH AVE NE AND NE NORTHGATE WAY,,,2,Injury Collision,Angles,7,0,0,4,2004/10/18 00:00:00+00,10/18/2004 2:39:00 PM,At Intersection (intersection related),11,"MOTOR VEHICLE STRUCK MOTOR VEHICLE, FRONT END AT ANGLE",,0,Overcast,Dry,Daylight,,4292034.0,,10,Entering at angle,0,0,N
3580,1,-122.3336067,47.61356024,4180,214300,214560,3703647,Matched,Block,,8TH AVE BETWEEN PINE ST AND OLIVE WAY, ,,1,Property Damage Only Collision,Sideswipe,2,0,0,2,2016/02/25 00:00:00+00,2/25/2016 1:15:00 PM,Mid-Block (but intersection related),11,"MOTOR VEHICLE STRUCK MOTOR VEHICLE, FRONT END AT ANGLE",Y,N,Clear,Dry,Daylight,,,,11,From same direction - both going straight - both moving - sideswipe,0,0,N
3581,2,-122.2974033,47.69750927,4181,17377,17377,1794233,Matched,Block,,NE 95TH ST BETWEEN 27TH AVE NE AND 30TH AVE NE,,,2,Injury Collision,Rear Ended,2,0,0,2,2004/11/05 00:00:00+00,11/5/2004,Mid-Block (but intersection related),14,"MOTOR VEHICLE STRUCK MOTOR VEHICLE, REAR END",,0,Fog/Smog/Smoke,Wet,Daylight,,4310018.0,,14,From same direction - both going straight - one stopped - rear-end,0,0,N
3582,1,-122.28538689999999,47.55704307,4182,236500,236940,E648850,Matched,Block,,S HUDSON ST BETWEEN 37TH AVE S AND RAINIER AVE S, ,,1,Property Damage Only Collision,Other,0,0,0,2,2017/03/06 00:00:00+00,3/6/2017 10:22:00 AM,Driveway Junction,11,"MOTOR VEHICLE STRUCK MOTOR VEHICLE, FRONT END AT ANGLE",,N,Overcast,Dry,Daylight,,,,23,From same direction - all others,0,0,N
3583,1,-122.37208829999999,47.62943789,4184,17018,17018,1214087,Matched,Block,,ELLIOTT AVE W BETWEEN W PROSPECT ST AND W LEE ST,,,1,Property Damage Only Collision,Sideswipe,2,0,0,2,2004/06/23 00:00:00+00,6/23/2004 11:02:00 PM,Mid-Block (but intersection related),16,"MOTOR VEHICLE STRUCK MOTOR VEHICLE, LEFT SIDE SIDESWIPE",Y,0,Clear,Dry,Dark - Street Lights On,,4175008.0,,11,From same direction - both going straight - both moving - sideswipe,0,0,N
3584,1,-122.32114890000001,47.65945988,4185,16760,16760,3612957,Matched,Block,,NE 43RD ST BETWEEN DEAD END 1 AND 7TH AVE NE, ,,1,Property Damage Only Collision,Parked Car,2,0,0,2,2013/04/11 00:00:00+00,4/11/2013 8:19:00 PM,Mid-Block (not related to intersection),14,"MOTOR VEHICLE STRUCK MOTOR VEHICLE, REAR END",,N,Clear,Dry,Dusk,,,,32,One parked--one moving,0,0,N
3585,1,-122.31876319999999,47.60620728,4186,17894,17894,1316767,Matched,Block,,E JEFFERSON ST BETWEEN 10TH AVE AND 11TH AVE,,,1,Property Damage Only Collision,Other,2,0,0,2,2004/02/04 00:00:00+00,2/4/2004,Driveway Junction,11,"MOTOR VEHICLE STRUCK MOTOR VEHICLE, FRONT END AT ANGLE",,0,Raining,Wet,Daylight,,4035015.0,,22,One car leaving driveway access,0,0,N
3586,1,-122.37887509999999,47.55835152,4187,17707,17707,1198003,Matched,Block,,37TH AVE SW BETWEEN SW EDMUNDS ST AND SW HUDSON ST,,,1,Property Damage Only Collision,Parked Car,2,0,0,2,2004/11/17 00:00:00+00,11/17/2004 12:54:00 PM,Mid-Block (not related to intersection),16,"MOTOR VEHICLE STRUCK MOTOR VEHICLE, LEFT SIDE SIDESWIPE",,0,Clear,Dry,Daylight,,4322018.0,Y,32,One parked--one moving,0,0,N
3587,1,-122.3156821,47.59919952,4188,16685,16685,3476791,Matched,Block,,S JACKSON ST BETWEEN 12TH AVE S AND 14TH AVE S, ,,1,Property Damage Only Collision,Other,4,0,0,2,2013/04/07 00:00:00+00,4/7/2013 2:35:00 PM,Mid-Block (not related to intersection),11,"MOTOR VEHICLE STRUCK MOTOR VEHICLE, FRONT END AT ANGLE",,N,Clear,Dry,Daylight,,,,23,From same direction - all others,0,0,N
3588,1,-122.3056979,47.6016727,4191,308700,309980,3814294,Matched,Block,,E YESLER WAY BETWEEN 20TH AVE AND 21ST AVE, ,,1,Property Damage Only Collision,Parked Car,3,0,0,3,2018/12/22 00:00:00+00,12/22/2018 11:30:00 PM,Mid-Block (not related to intersection),11,"MOTOR VEHICLE STRUCK MOTOR VEHICLE, FRONT END AT ANGLE",,N,Overcast,Dry,Dark - Street Lights On,,,,32,One parked--one moving,0,0,Y
3589,2,-122.3346656,47.60968542,4192,16859,16859,3503736,Matched,Intersection,29913.0,5TH AVE AND UNION ST, ,,2,Injury Collision,Angles,2,0,0,2,2013/04/14 00:00:00+00,4/14/2013 6:22:00 PM,At Intersection (intersection related),11,"MOTOR VEHICLE STRUCK MOTOR VEHICLE, FRONT END AT ANGLE",,N,Clear,Dry,Daylight,,,,10,Entering at angle,0,0,N
3590,2,-122.31025890000002,47.5942141,4193,17833,17833,1216929,Matched,Block,,RAINIER AVE S BETWEEN S CHARLES N ST AND S CHARLES S ST,,,2,Injury Collision,Rear Ended,2,0,0,2,2004/08/28 00:00:00+00,8/28/2004 5:30:00 PM,Mid-Block (but intersection related),14,"MOTOR VEHICLE STRUCK MOTOR VEHICLE, REAR END",,0,Clear,Dry,Daylight,,4241037.0,,14,From same direction - both going straight - one stopped - rear-end,0,0,N
3591,1,-122.3205817,47.65247742,4194,252500,253100,3748142,Matched,Intersection,27166.0,UNIVERSITY BR AND POINT A, ,,1,Property Damage Only Collision,Other,1,0,0,1,2017/11/04 00:00:00+00,11/4/2017 1:15:00 PM,At Intersection (intersection related),26,MOTOR VEHICLE STRUCK OBJECT IN ROAD,Y,N,Raining,Wet,Daylight,,,,50,Fixed object,0,0,N
3592,1,-122.3539097,47.64804078,4195,17133,17133,1181683,Matched,Block,,NICKERSON ST BETWEEN WARREN AVE N AND ETRURIA ST,,,1,Property Damage Only Collision,Parked Car,2,0,0,2,2004/01/19 00:00:00+00,1/19/2004 9:21:00 AM,Mid-Block (not related to intersection),14,"MOTOR VEHICLE STRUCK MOTOR VEHICLE, REAR END",,0,Overcast,Wet,Daylight,,4019023.0,,32,One parked--one moving,0,0,N
3593,1,-122.37888629999999,47.66657418,4196,197600,197720,E434924,Matched,Block,,17TH AVE NW BETWEEN NW 52ND ST AND NW IONE PL, ,,1,Property Damage Only Collision,Other,1,0,0,1,2015/06/15 00:00:00+00,6/15/2015 6:12:00 PM,Mid-Block (not related to intersection),14,"MOTOR VEHICLE STRUCK MOTOR VEHICLE, REAR END",,N,Clear,Dry,Daylight,,,,50,Fixed object,0,0,N
3594,1,-122.3526492,47.67647539,4197,17631,17631,1773637,Matched,Block,,DAYTON AVE N BETWEEN N 65TH W ST AND N 66TH ST,,,1,Property Damage Only Collision,Parked Car,26,0,0,3,2004/03/26 00:00:00+00,3/26/2004 3:58:00 PM,Mid-Block (but intersection related),11,"MOTOR VEHICLE STRUCK MOTOR VEHICLE, FRONT END AT ANGLE",Y,0,Raining,Wet,Daylight,,4086035.0,,32,One parked--one moving,0,0,N
3595,2,-122.30414009999998,47.55883751,4198,17918,17918,1779554,Matched,Block,,BEACON ER AVE S BETWEEN S COLUMBIAN WAY AND S FERDINAND N ST,,,2,Injury Collision,Other,2,0,0,2,2004/01/23 00:00:00+00,1/23/2004 6:10:00 PM,Driveway Junction,11,"MOTOR VEHICLE STRUCK MOTOR VEHICLE, FRONT END AT ANGLE",,0,Raining,Dry,Dark - Street Lights On,,4023031.0,,22,One car leaving driveway access,0,0,N
3596,1,-122.3768061,47.69060911,4199,17294,17294,1475614,Matched,Intersection,37265.0,15TH AVE NW AND NW 85TH ST,,,1,Property Damage Only Collision,Angles,2,0,0,2,2004/06/11 00:00:00+00,6/11/2004 3:45:00 PM,At Intersection (intersection related),11,"MOTOR VEHICLE STRUCK MOTOR VEHICLE, FRONT END AT ANGLE",,0,Clear,Dry,Daylight,,4163032.0,,10,Entering at angle,0,0,N
3597,1,,,4200,16613,16613,3645771,Matched,,,,NEI,"Not Enough Information, or Insufficient Location Information",1,Property Damage Only Collision,Parked Car,2,0,0,2,2013/04/06 00:00:00+00,4/6/2013 4:00:00 PM,,0,NOT ENOUGH INFORMATION / NOT APPLICABLE,,N,Unknown,Unknown,Unknown,,,,32,One parked--one moving,0,0,N
3598,1,-122.35530200000001,47.6821781,4201,17109,17109,1782086,Matched,Block,,GREENWOOD AVE N BETWEEN N 73RD ST AND N 74TH ST,,,1,Property Damage Only Collision,Parked Car,2,0,0,2,2004/08/24 00:00:00+00,8/24/2004 12:57:00 PM,Mid-Block (not related to intersection),11,"MOTOR VEHICLE STRUCK MOTOR VEHICLE, FRONT END AT ANGLE",,0,Overcast,Dry,Daylight,,4237028.0,,20,One car leaving parked position,0,0,N
3599,1,-122.3443025,47.62541059,4202,16809,16809,3615008,Matched,Block,,ROY ST BETWEEN 6TH AVE N AND AURORA AVE N,NEI,"Not Enough Information, or Insufficient Location Information",1,Property Damage Only Collision,Parked Car,2,0,0,2,2013/04/11 00:00:00+00,4/11/2013 12:00:00 PM,Mid-Block (not related to intersection),0,NOT ENOUGH INFORMATION / NOT APPLICABLE,,N,Overcast,Unknown,Daylight,,,,32,One parked--one moving,0,0,N
3600,1,-122.33131370000001,47.70864592,4203,17444,17444,1782105,Matched,Intersection,36585.0,CORLISS AVE N AND N NORTHGATE WAY,,,1,Property Damage Only Collision,Angles,3,0,0,2,2004/04/18 00:00:00+00,4/18/2004 8:45:00 AM,At Intersection (intersection related),11,"MOTOR VEHICLE STRUCK MOTOR VEHICLE, FRONT END AT ANGLE",,0,Clear,Dry,Daylight,,4109001.0,,10,Entering at angle,0,0,N
3601,1,-122.34564420000001,47.612272999999995,4204,17415,17415,1783179,Matched,Block,,BLANCHARD ST BETWEEN WESTERN AVE AND 1ST AVE,,,1,Property Damage Only Collision,Parked Car,2,0,0,2,2004/06/17 00:00:00+00,6/17/2004 1:36:00 AM,Mid-Block (not related to intersection),11,"MOTOR VEHICLE STRUCK MOTOR VEHICLE, FRONT END AT ANGLE",,0,Clear,Dry,Dark - Street Lights On,,4169002.0,,32,One parked--one moving,0,0,N
3602,2,-122.3042449,47.58451194,4205,16653,16653,3672297,Matched,Intersection,31561.0,22ND AVE S AND S HILL ST, ,,2,Injury Collision,Angles,2,0,0,2,2013/04/07 00:00:00+00,4/7/2013 9:55:00 AM,At Intersection (intersection related),11,"MOTOR VEHICLE STRUCK MOTOR VEHICLE, FRONT END AT ANGLE",,N,Raining,Wet,Daylight,,,,10,Entering at angle,0,0,N
3603,1,-122.3666446,47.68144536,4206,17187,17187,1220415,Matched,Block,,NW 73RD ST BETWEEN 8TH S AVE NW AND DIBBLE AVE NW,,,1,Property Damage Only Collision,Parked Car,2,0,0,2,2004/09/12 00:00:00+00,9/12/2004 12:30:00 AM,Mid-Block (not related to intersection),15,"MOTOR VEHICLE STRUCK MOTOR VEHICLE, RIGHT SIDE SIDESWIPE",,0,Unknown,Unknown,Dark - Street Lights On,,4256001.0,,32,One parked--one moving,0,0,N
3604,2,-122.3632965,47.56744416,4207,16676,16676,3465558,Matched,Block,,DELRIDGE WAY SW BETWEEN SW ANDOVER ST AND SW DAKOTA ST, ,,2,Injury Collision,Rear Ended,5,0,0,5,2013/04/09 00:00:00+00,4/9/2013 8:09:00 AM,Mid-Block (not related to intersection),14,"MOTOR VEHICLE STRUCK MOTOR VEHICLE, REAR END",,N,Overcast,Dry,Daylight,,,,13,From same direction - both going straight - both moving - rear-end,0,0,N
3605,2,-122.33835,47.60951672,4208,17079,17079,1777462,Matched,Block,,PIKE ST BETWEEN 2ND AVE AND 3RD AVE,,,2,Injury Collision,Pedestrian,2,1,0,1,2004/02/10 00:00:00+00,2/10/2004 3:54:00 PM,Driveway Junction,24,MOTOR VEHCILE STRUCK PEDESTRIAN,Y,0,Clear,Dry,Daylight,Y,4041005.0,,3,Vehicle backing hits pedestrian,0,0,N
3606,1,-122.3561067,47.61860457,4209,16724,16724,3546509,Matched,Block,,DENNY WAY BETWEEN QUEEN ANNE AVE N AND 1ST AVE, ,,1,Property Damage Only Collision,Sideswipe,2,0,0,2,2013/04/09 00:00:00+00,4/9/2013 1:00:00 PM,Mid-Block (not related to intersection),11,"MOTOR VEHICLE STRUCK MOTOR VEHICLE, FRONT END AT ANGLE",,N,Clear,Dry,Daylight,,,,11,From same direction - both going straight - both moving - sideswipe,0,0,N
3607,1,-122.31569099999999,47.57297957,4212,17167,17167,1778984,Matched,Block,,S COLUMBIAN EB WAY BETWEEN I5 SB COLLECTOR AND 14TH AVE S,,,1,Property Damage Only Collision,Sideswipe,3,0,0,2,2004/01/13 00:00:00+00,1/13/2004 3:00:00 PM,Mid-Block (not related to intersection),16,"MOTOR VEHICLE STRUCK MOTOR VEHICLE, LEFT SIDE SIDESWIPE",,0,Clear,Dry,Dusk,,4013031.0,,11,From same direction - both going straight - both moving - sideswipe,0,0,N
3608,1,-122.3288757,47.73136045,4213,234000,234400,3767573,Matched,Block,,1ST AVE NE BETWEEN NE 140TH ST AND N 143RD ST, ,,1,Property Damage Only Collision,Other,1,0,0,1,2017/01/08 00:00:00+00,1/8/2017 1:50:00 AM,Mid-Block (not related to intersection),26,MOTOR VEHICLE STRUCK OBJECT IN ROAD,,Y,Clear,Dry,Dark - Street Lights On,,,,50,Fixed object,0,0,N
3609,1,,,4215,17496,17496,1788734,Matched,Intersection,484921.0,32ND AVE S AND M L KING JR ER WAY S,,,1,Property Damage Only Collision,Angles,2,0,0,2,2004/03/25 00:00:00+00,3/25/2004 10:30:00 AM,At Intersection (intersection related),11,"MOTOR VEHICLE STRUCK MOTOR VEHICLE, FRONT END AT ANGLE",,0,Raining,Wet,Daylight,,4085018.0,,10,Entering at angle,0,0,N
3610,1,-122.3969496,47.64460745,4216,306400,307680,3811610,Matched,Intersection,27638.0,31ST AVE W AND W ARMOUR ST, ,,1,Property Damage Only Collision,Angles,2,0,0,2,2018/11/04 00:00:00+00,11/4/2018 3:17:00 PM,At Intersection (intersection related),11,"MOTOR VEHICLE STRUCK MOTOR VEHICLE, FRONT END AT ANGLE",,N,Clear,Dry,Daylight,,,,10,Entering at angle,0,0,N
3611,1,-122.39830570000001,47.6839895,4217,16795,16795,3608783,Matched,Block,,32ND AVE NW BETWEEN NW 75TH ST AND NW 77TH ST, ,,1,Property Damage Only Collision,Parked Car,2,0,0,2,2013/04/15 00:00:00+00,4/15/2013 12:23:00 AM,Mid-Block (not related to intersection),11,"MOTOR VEHICLE STRUCK MOTOR VEHICLE, FRONT END AT ANGLE",Y,N,Clear,Dry,Dark - Street Lights On,,,,32,One parked--one moving,0,0,N
3612,1,-122.34889799999999,47.6171311,4218,17362,17362,1784760,Matched,Intersection,29669.0,3RD AVE AND CEDAR ST,,,1,Property Damage Only Collision,Angles,3,0,0,3,2004/09/18 00:00:00+00,9/18/2004 4:17:00 PM,At Intersection (intersection related),11,"MOTOR VEHICLE STRUCK MOTOR VEHICLE, FRONT END AT ANGLE",,0,Clear,Dry,Daylight,,4262016.0,,10,Entering at angle,0,0,N
3613,1,-122.32044669999999,47.70312211,4220,17595,17595,1220549,Matched,Intersection,37476.0,8TH AVE NE AND NE 103RD ST,,,1,Property Damage Only Collision,Angles,3,0,0,2,2004/12/11 00:00:00+00,12/11/2004 4:09:00 PM,At Intersection (intersection related),11,"MOTOR VEHICLE STRUCK MOTOR VEHICLE, FRONT END AT ANGLE",,0,Clear,Dry,Dusk,,4346019.0,,10,Entering at angle,0,0,N