,SEVERITYCODE,X,Y,OBJECTID,INCKEY,COLDETKEY,REPORTNO,STATUS,ADDRTYPE,INTKEY,LOCATION,EXCEPTRSNCODE,EXCEPTRSNDESC,SEVERITYCODE.1,SEVERITYDESC,COLLISIONTYPE,PERSONCOUNT,PEDCOUNT,PEDCYLCOUNT,VEHCOUNT,INCDATE,INCDTTM,JUNCTIONTYPE,SDOT_COLCODE,SDOT_COLDESC,INATTENTIONIND,UNDERINFL,WEATHER,ROADCOND,LIGHTCOND,PEDROWNOTGRNT,SDOTCOLNUM,SPEEDING,ST_COLCODE,ST_COLDESC,SEGLANEKEY,CROSSWALKKEY,HITPARKEDCAR
3614,1,-122.33401040000001,47.61064592,4221,17179,17179,1482453,Matched,Block,,6TH AVE BETWEEN UNION ST AND PIKE ST,,,1,Property Damage Only Collision,Sideswipe,2,0,0,2,2004/04/21 00:00:00+00,4/21/2004 12:30:00 AM,Mid-Block (not related to intersection),11,"MOTOR VEHICLE STRUCK MOTOR VEHICLE, FRONT END AT ANGLE",,1,Clear,Dry,Dark - Street Lights On,,4112001.0,,11,From same direction - both going straight - both moving - sideswipe,0,0,N
3615,1,-122.3172254,47.59876333,4222,17266,17266,1798780,Matched,Block,,12TH AVE S BETWEEN S JACKSON ST AND S KING ST,,,1,Property Damage Only Collision,Sideswipe,3,0,0,2,2004/09/30 00:00:00+00,9/30/2004 10:20:00 AM,Mid-Block (not related to intersection),11,"MOTOR VEHICLE STRUCK MOTOR VEHICLE, FRONT END AT ANGLE",,0,Clear,Dry,Daylight,,4274022.0,,11,From same direction - both going straight - both moving - sideswipe,0,0,N
3616,1,-122.3070043,47.60167496,4223,16779,16779,3593861,Matched,Block,,E YESLER WAY BETWEEN 19TH AVE AND 20TH AVE, ,,1,Property Damage Only Collision,Sideswipe,2,0,0,2,2013/04/11 00:00:00+00,4/11/2013 11:26:00 AM,Mid-Block (not related to intersection),11,"MOTOR VEHICLE STRUCK MOTOR VEHICLE, FRONT END AT ANGLE",,N,Raining,Wet,Daylight,,,,11,From same direction - both going straight - both moving - sideswipe,0,0,N
3617,1,-122.3404034,47.62321651,4224,17068,17068,1478368,Matched,Block,,REPUBLICAN ST BETWEEN 8TH AVE N AND 9TH AVE N,,,1,Property Damage Only Collision,Parked Car,3,0,0,2,2004/06/09 00:00:00+00,6/9/2004,Mid-Block (not related to intersection),11,"MOTOR VEHICLE STRUCK MOTOR VEHICLE, FRONT END AT ANGLE",Y,0,Clear,Dry,Daylight,,4161032.0,,20,One car leaving parked position,0,0,N
3618,1,-122.30635020000001,47.60351265,4225,326500,328000,E987786,Matched,Intersection,30214.0,20TH AVE AND E SPRUCE ST, ,,1,Property Damage Only Collision,Angles,2,0,0,2,2019/11/27 00:00:00+00,11/27/2019 8:45:00 AM,At Intersection (intersection related),14,"MOTOR VEHICLE STRUCK MOTOR VEHICLE, REAR END",,N,Clear,Dry,Daylight,,,,10,Entering at angle,0,0,N
3619,2,-122.34856,47.68693988,4226,17811,17811,1793989,Matched,Block,,N 80TH ST BETWEEN FREMONT AVE N AND LINDEN AVE N,,,2,Injury Collision,Rear Ended,4,0,0,4,2004/10/14 00:00:00+00,10/14/2004 9:45:00 AM,Mid-Block (but intersection related),14,"MOTOR VEHICLE STRUCK MOTOR VEHICLE, REAR END",Y,0,Clear,Dry,Daylight,,4288027.0,,14,From same direction - both going straight - one stopped - rear-end,0,0,N
3620,1,-122.33643130000002,47.68960506,4227,17297,17297,1778644,Matched,Block,,WALLINGFORD AVE N BETWEEN N 82ND ST AND N 85TH ST,,,1,Property Damage Only Collision,Parked Car,2,0,0,2,2004/06/03 00:00:00+00,6/3/2004,Mid-Block (but intersection related),14,"MOTOR VEHICLE STRUCK MOTOR VEHICLE, REAR END",,0,Clear,Dry,Daylight,,4155020.0,Y,32,One parked--one moving,0,0,N
3621,1,-122.3158572,47.60169182,4228,16807,16807,3285589,Matched,Block,,E YESLER WAY BETWEEN 12TH AVE AND 13TH AVE, ,,1,Property Damage Only Collision,Parked Car,2,0,0,2,2013/04/12 00:00:00+00,4/12/2013 8:24:00 PM,Mid-Block (not related to intersection),13,"MOTOR VEHICLE STRUCK MOTOR VEHICLE, LEFT SIDE AT ANGLE",Y,N,Raining,Wet,Dark - Street Lights On,,,,32,One parked--one moving,0,0,N
3622,1,-122.3240797,47.52589466,4231,323600,325100,E934450,Matched,Block,,WEST MARGINAL SB WAY S BETWEEN KENYON ON RP AND SR99 SB OFF RP, ,,1,Property Damage Only Collision,Other,2,0,0,2,2019/06/21 00:00:00+00,6/21/2019 2:55:00 AM,Mid-Block (not related to intersection),26,MOTOR VEHICLE STRUCK OBJECT IN ROAD,Y,Y,Clear,Dry,Dark - Street Lights On,,,,17,Strikes or Was Struck by Object from the Load of Another Vehicle,0,0,N
3623,1,-122.28970679999999,47.53409893,4232,315200,316680,3815351,Matched,Block,,BEACON WR AVE S BETWEEN S AUSTIN ST AND S HOLDEN ST, ,,1,Property Damage Only Collision,Parked Car,2,0,0,2,2019/02/13 00:00:00+00,2/13/2019 11:00:00 PM,Mid-Block (not related to intersection),14,"MOTOR VEHICLE STRUCK MOTOR VEHICLE, REAR END",,N,Snowing,Snow/Slush,Unknown,,,,32,One parked--one moving,0,0,Y
3624,2,-122.36446200000002,47.65163751,4233,16955,16955,1482608,Matched,Intersection,26684.0,6TH AVE W AND W NICKERSON ST,,,2,Injury Collision,Angles,2,0,0,2,2004/05/25 00:00:00+00,5/25/2004 9:08:00 PM,At Intersection (intersection related),11,"MOTOR VEHICLE STRUCK MOTOR VEHICLE, FRONT END AT ANGLE",,0,Raining,Wet,Dark - Street Lights On,,4146045.0,,10,Entering at angle,0,0,N
3625,2,-122.3146497,47.57188856,4234,16560,16560,3672159,Matched,Block,,S COLUMBIAN WAY BETWEEN 14TH AVE S AND S SPOKANE ST, ,,2,Injury Collision,Rear Ended,2,0,0,2,2013/04/04 00:00:00+00,4/4/2013 4:59:00 PM,Driveway Junction,11,"MOTOR VEHICLE STRUCK MOTOR VEHICLE, FRONT END AT ANGLE",,N,Raining,Wet,Daylight,,,,14,From same direction - both going straight - one stopped - rear-end,0,0,N
3626,1,-122.28410120000001,47.55645048,4235,17779,17779,1771696,Matched,Block,,RAINIER AVE S BETWEEN S HUDSON ST AND 39TH N AVE S,,,1,Property Damage Only Collision,Rear Ended,2,0,0,2,2004/04/09 00:00:00+00,4/9/2004,Mid-Block (but intersection related),14,"MOTOR VEHICLE STRUCK MOTOR VEHICLE, REAR END",Y,0,Clear,Dry,Daylight,,4100033.0,,14,From same direction - both going straight - one stopped - rear-end,0,0,N
3627,1,-122.34764979999999,47.61186755,4236,17731,17731,1783661,Matched,Block,,ELLIOTT AVE BETWEEN ELLIOTT AV ON RP AND BELL ST,,,1,Property Damage Only Collision,Rear Ended,3,0,0,2,2004/11/30 00:00:00+00,11/30/2004 7:05:00 AM,Mid-Block (but intersection related),14,"MOTOR VEHICLE STRUCK MOTOR VEHICLE, REAR END",,0,Raining,Wet,Dawn,,4335011.0,,14,From same direction - both going straight - one stopped - rear-end,0,0,N
3628,2,-122.3027274,47.61226406,4237,17686,17686,1786838,Matched,Block,,23RD AVE BETWEEN E SPRING ST AND E UNION ST,,,2,Injury Collision,Other,3,0,0,2,2004/04/19 00:00:00+00,4/19/2004 9:19:00 AM,Mid-Block (but intersection related),14,"MOTOR VEHICLE STRUCK MOTOR VEHICLE, REAR END",,0,Raining,Wet,Daylight,,4110013.0,,21,One car entering driveway access,0,0,N
3629,1,-122.3174884,47.614099100000004,4239,16836,16836,3605993,Matched,Block,,E PIKE ST BETWEEN 11TH AVE AND 12TH AVE, ,,1,Property Damage Only Collision,Other,3,0,0,2,2013/04/13 00:00:00+00,4/13/2013 3:06:00 AM,Mid-Block (not related to intersection),11,"MOTOR VEHICLE STRUCK MOTOR VEHICLE, FRONT END AT ANGLE",Y,N,Unknown,Unknown,Dark - Street Lights On,,,,23,From same direction - all others,0,0,N
3630,1,-122.33013729999999,47.60724758,4240,194600,194700,3681501,Matched,Block,,MADISON ST BETWEEN 6TH AVE AND 7TH AVE, ,,1,Property Damage Only Collision,Sideswipe,2,0,0,2,2015/05/01 00:00:00+00,5/1/2015 11:02:00 AM,Mid-Block (not related to intersection),11,"MOTOR VEHICLE STRUCK MOTOR VEHICLE, FRONT END AT ANGLE",Y,N,Clear,Dry,Daylight,,,,12,From same direction - both going straight - one stopped - sideswipe,0,0,Y
3631,1,-122.27893,47.54244693,4241,17374,17374,1779588,Matched,Block,,S HOLLY ST BETWEEN 43RD AVE S AND 44TH AVE S,,,1,Property Damage Only Collision,Parked Car,2,0,0,2,2004/02/11 00:00:00+00,2/11/2004 4:00:00 PM,Mid-Block (not related to intersection),13,"MOTOR VEHICLE STRUCK MOTOR VEHICLE, LEFT SIDE AT ANGLE",,0,Clear,Dry,Daylight,,4042037.0,,32,One parked--one moving,0,0,N
3632,2,-122.3456535,47.61403982,4242,258700,259360,3753712,Matched,Intersection,29702.0,2ND AVE AND BELL ST, ,,2,Injury Collision,Pedestrian,2,1,0,1,2017/12/07 00:00:00+00,12/7/2017 9:24:00 PM,At Intersection (intersection related),24,MOTOR VEHCILE STRUCK PEDESTRIAN,,N,Clear,Dry,Dark - Street Lights On,,,,2,Vehicle turning left hits pedestrian,0,521005,N
3633,1,-122.29155729999998,47.60647974,4245,17146,17146,1772196,Matched,Block,,32ND AVE BETWEEN E JEFFERSON ST AND E JAMES ST,,,1,Property Damage Only Collision,Parked Car,2,0,0,2,2004/07/13 00:00:00+00,7/13/2004 4:00:00 AM,Mid-Block (not related to intersection),16,"MOTOR VEHICLE STRUCK MOTOR VEHICLE, LEFT SIDE SIDESWIPE",,0,Clear,Dry,Daylight,,4195014.0,,32,One parked--one moving,0,0,N
3634,1,-122.41711289999999,47.57730184,4246,16767,16767,3465383,Matched,Block,,ALKI AVE SW BETWEEN 64TH PL SW AND POINT PL SW, ,,1,Property Damage Only Collision,Parked Car,5,0,0,4,2013/04/07 00:00:00+00,4/7/2013 11:35:00 PM,Mid-Block (not related to intersection),11,"MOTOR VEHICLE STRUCK MOTOR VEHICLE, FRONT END AT ANGLE",,N,Overcast,Wet,Dark - Street Lights On,,,,32,One parked--one moving,0,0,N
3635,1,-122.3419688,47.70232796,4248,17455,17455,1079923,Matched,Block,,STONE AVE N BETWEEN N 100TH ST AND N 103RD ST,,,1,Property Damage Only Collision,Other,4,0,0,1,2004/09/04 00:00:00+00,9/4/2004,Mid-Block (not related to intersection),28,MOTOR VEHICLE RAN OFF ROAD - HIT FIXED OBJECT,,0,Clear,Dry,Daylight,,4248019.0,,50,Fixed object,0,0,N
3636,1,-122.33091129999998,47.55527559,4250,321000,322500,E938669,Matched,Block,,3RD AVE S BETWEEN S DAWSON ST AND S BENNETT ST, ,,1,Property Damage Only Collision,Parked Car,2,0,0,2,2019/07/07 00:00:00+00,7/7/2019,Mid-Block (not related to intersection),11,"MOTOR VEHICLE STRUCK MOTOR VEHICLE, FRONT END AT ANGLE",,N,Unknown,Dry,Unknown,,,,32,One parked--one moving,0,0,Y
3637,1,-122.36779640000002,47.68911041,4251,17051,17051,1793745,Matched,Block,,NW 83RD ST BETWEEN DIBBLE AVE NW AND 9TH N AVE NW,,,1,Property Damage Only Collision,Parked Car,2,0,0,2,2004/12/05 00:00:00+00,12/5/2004,Mid-Block (but intersection related),14,"MOTOR VEHICLE STRUCK MOTOR VEHICLE, REAR END",,0,Overcast,Wet,Dark - Street Lights On,,4340020.0,,32,One parked--one moving,0,0,N
3638,1,-122.3441436,47.61432035,4252,16585,16585,3562738,Matched,Block,,3RD AVE BETWEEN BLANCHARD ST AND BELL ST, ,,1,Property Damage Only Collision,Rear Ended,2,0,0,2,2013/04/06 00:00:00+00,4/6/2013 5:31:00 PM,Mid-Block (but intersection related),14,"MOTOR VEHICLE STRUCK MOTOR VEHICLE, REAR END",Y,N,Raining,Dry,Daylight,,,,14,From same direction - both going straight - one stopped - rear-end,0,0,N
3639,1,-122.37619029999999,47.56305586,4253,17086,17086,1481322,Matched,Block,,35TH AVE SW BETWEEN SW AVALON WAY AND SW SNOQUALMIE ST,,,1,Property Damage Only Collision,Rear Ended,5,0,0,2,2004/04/06 00:00:00+00,4/6/2004,Driveway Junction,14,"MOTOR VEHICLE STRUCK MOTOR VEHICLE, REAR END",,0,Clear,Dry,Daylight,,4097017.0,,13,From same direction - both going straight - both moving - rear-end,0,0,N
3640,1,-122.30127,47.66313985,4254,16729,16729,3551423,Matched,Block,,NE 47TH ST BETWEEN 24TH AVE NE AND 25TH AVE NE, ,,1,Property Damage Only Collision,Cycles,2,0,1,1,2013/04/08 00:00:00+00,4/8/2013 2:36:00 PM,Mid-Block (but intersection related),18,"MOTOR VEHICLE STRUCK PEDALCYCLIST, FRONT END AT ANGLE",,N,Overcast,Dry,Daylight,,,,45,Vehicle - Pedalcyclist,0,0,N
3641,1,-122.31789409999999,47.53708811,4255,17144,17144,1197832,Matched,Block,,EAST MARGINAL WAY S BETWEEN ELLIS AVE S AND S WEBSTER ST,,,1,Property Damage Only Collision,Other,1,0,0,1,2004/12/05 00:00:00+00,12/5/2004,Mid-Block (not related to intersection),0,NOT ENOUGH INFORMATION / NOT APPLICABLE,,0,Raining,Wet,Dark - Street Lights On,,4340010.0,,50,Fixed object,0,0,N
3642,2,-122.32007560000001,47.63782614,4259,17470,17470,1772256,Matched,Block,,10TH AVE E BETWEEN E NEWTON ST AND E BOSTON ST,,,2,Injury Collision,Parked Car,2,0,0,2,2004/04/18 00:00:00+00,4/18/2004 9:41:00 PM,Mid-Block (not related to intersection),14,"MOTOR VEHICLE STRUCK MOTOR VEHICLE, REAR END",,0,Overcast,Dry,Dark - Street Lights On,,4109011.0,,32,One parked--one moving,0,0,N
3643,1,-122.3768207,47.51701742,4260,17798,17798,1798380,Matched,Block,,35TH AVE SW BETWEEN SW ROXBURY ST AND SW 97TH ST,,,1,Property Damage Only Collision,Sideswipe,2,0,0,2,2004/07/09 00:00:00+00,7/9/2004,Mid-Block (not related to intersection),16,"MOTOR VEHICLE STRUCK MOTOR VEHICLE, LEFT SIDE SIDESWIPE",,0,Clear,Dry,Daylight,,4191010.0,,11,From same direction - both going straight - both moving - sideswipe,0,0,N
3644,1,-122.27732560000001,47.66309129999999,4261,16705,16705,3615381,Matched,Intersection,26176.0,47TH AVE NE AND NE 47TH ST,NEI,"Not Enough Information, or Insufficient Location Information",1,Property Damage Only Collision,Parked Car,2,0,0,2,2013/03/30 00:00:00+00,3/30/2013 11:30:00 PM,At Intersection (intersection related),0,NOT ENOUGH INFORMATION / NOT APPLICABLE,,N,Unknown,Unknown,Unknown,,,,32,One parked--one moving,0,0,N
3645,1,-122.33909990000001,47.68621355,4262,16454,16454,3501926,Matched,Intersection,24238.0,ASHWORTH AVE N AND GREEN LAKE DR N, ,,1,Property Damage Only Collision,Sideswipe,2,0,0,2,2013/04/04 00:00:00+00,4/4/2013 4:33:00 PM,At Intersection (intersection related),11,"MOTOR VEHICLE STRUCK MOTOR VEHICLE, FRONT END AT ANGLE",,N,Raining,Wet,Daylight,,,,71,Same direction -- both turning right -- both moving -- sideswipe,0,0,N
3646,2,-122.35766170000001,47.65296539,4263,17107,17107,1781957,Matched,Intersection,26679.0,1ST AVE NW AND NW 36TH ST,,,2,Injury Collision,Left Turn,2,0,0,2,2004/04/26 00:00:00+00,4/26/2004 5:39:00 PM,At Intersection (intersection related),11,"MOTOR VEHICLE STRUCK MOTOR VEHICLE, FRONT END AT ANGLE",,0,Clear,Dry,Daylight,,4117016.0,,28,From opposite direction - one left turn - one straight,0,0,N
3647,2,-122.32904690000001,47.59538697,4264,12923,12923,1776526,Matched,Block,,4TH AVE S BETWEEN SEATTLE BLVD S AND I90 WB 4TH AV OFF RP,,,2,Injury Collision,Cycles,2,0,1,1,2004/04/21 00:00:00+00,4/21/2004 12:45:00 PM,Driveway Junction,18,"MOTOR VEHICLE STRUCK PEDALCYCLIST, FRONT END AT ANGLE",,0,Clear,Wet,Daylight,,4112025.0,,45,Vehicle - Pedalcyclist,0,0,N
3648,1,-122.2834105,47.54972661,4265,17748,17748,1787987,Matched,Intersection,33631.0,39TH AVE S AND S JUNEAU ST,,,1,Property Damage Only Collision,Angles,4,0,0,2,2004/06/05 00:00:00+00,6/5/2004,At Intersection (intersection related),11,"MOTOR VEHICLE STRUCK MOTOR VEHICLE, FRONT END AT ANGLE",,0,Overcast,Dry,Daylight,,4157007.0,,10,Entering at angle,0,0,N
3649,1,-122.3270088,47.60087213,4266,16656,16656,3599123,Matched,Block,,S WASHINGTON ST BETWEEN 5TH AVE S AND 6TH AVE S, ,,1,Property Damage Only Collision,Parked Car,2,0,0,2,2013/04/08 00:00:00+00,4/8/2013 12:36:00 PM,Mid-Block (not related to intersection),14,"MOTOR VEHICLE STRUCK MOTOR VEHICLE, REAR END",Y,N,Clear,Dry,Daylight,,,,32,One parked--one moving,0,0,N
3650,1,-122.3169283,47.61993671,4267,17038,17038,1787242,Matched,Intersection,29055.0,12TH AVE E AND E JOHN ST,,,1,Property Damage Only Collision,Angles,2,0,0,2,2004/01/14 00:00:00+00,1/14/2004 6:16:00 PM,At Intersection (intersection related),11,"MOTOR VEHICLE STRUCK MOTOR VEHICLE, FRONT END AT ANGLE",,0,Raining,Wet,Dark - Street Lights On,,4014039.0,Y,10,Entering at angle,0,0,N
3651,2,-122.3121355,47.69488785,4268,300600,301800,E828613,Matched,Intersection,37533.0,15TH AVE NE AND NE 91ST ST, ,,2,Injury Collision,Angles,3,0,0,2,2018/08/16 00:00:00+00,8/16/2018 8:15:00 AM,At Intersection (intersection related),11,"MOTOR VEHICLE STRUCK MOTOR VEHICLE, FRONT END AT ANGLE",,N,Overcast,Dry,Daylight,,,,10,Entering at angle,0,0,N
3652,1,-122.3208342,47.66003431,4270,16539,16539,3613509,Matched,Block,,7TH AVE NE BETWEEN NE 43RD ST AND NE 45TH ST OFF RP, ,,1,Property Damage Only Collision,Parked Car,3,0,0,2,2013/04/07 00:00:00+00,4/7/2013 1:25:00 AM,Mid-Block (not related to intersection),11,"MOTOR VEHICLE STRUCK MOTOR VEHICLE, FRONT END AT ANGLE",,N,Raining,Wet,Dark - Street Lights On,,,,32,One parked--one moving,0,0,N
3653,1,-122.38838419999999,47.65093669,4271,17942,17942,1069502,Matched,Block,,25TH AVE W BETWEEN W BERTONA ST AND W GROVER ST,,,1,Property Damage Only Collision,Parked Car,2,0,0,2,2004/10/31 00:00:00+00,10/31/2004 12:00:00 PM,Mid-Block (not related to intersection),16,"MOTOR VEHICLE STRUCK MOTOR VEHICLE, LEFT SIDE SIDESWIPE",Y,0,Clear,Dry,Daylight,,4305005.0,,32,One parked--one moving,0,0,N
3654,1,-122.3888649,47.67091802,4272,17324,17324,1793756,Matched,Block,,NW 58TH ST BETWEEN 24TH AVE NW AND 26TH AVE NW,,,1,Property Damage Only Collision,Parked Car,2,0,0,2,2004/07/24 00:00:00+00,7/24/2004 4:30:00 AM,Mid-Block (not related to intersection),16,"MOTOR VEHICLE STRUCK MOTOR VEHICLE, LEFT SIDE SIDESWIPE",,0,Clear,Dry,Daylight,,4206029.0,,32,One parked--one moving,0,0,N
3655,1,-122.3166652,47.65791543,4273,17675,17675,1772180,Matched,Block,,11TH AVE NE BETWEEN EASTLAKE AVE NE AND NE 42ND ST,,,1,Property Damage Only Collision,Parked Car,2,0,0,2,2004/03/30 00:00:00+00,3/30/2004 7:20:00 PM,Mid-Block (not related to intersection),14,"MOTOR VEHICLE STRUCK MOTOR VEHICLE, REAR END",,0,Clear,Dry,Unknown,,4090018.0,,32,One parked--one moving,0,0,N
3656,1,-122.36548229999998,47.56200463,4275,16799,16799,3465382,Matched,Block,,26TH AVE SW BETWEEN SW OREGON ST AND SW ALASKA ST, ,,1,Property Damage Only Collision,Parked Car,2,0,0,2,2013/04/11 00:00:00+00,4/11/2013 11:33:00 AM,Mid-Block (not related to intersection),16,"MOTOR VEHICLE STRUCK MOTOR VEHICLE, LEFT SIDE SIDESWIPE",,N,Overcast,Dry,Daylight,,,,32,One parked--one moving,0,0,N
3657,2,-122.3761803,47.63326969,4276,17760,17760,1316780,Matched,Block,,15TH AVE W BETWEEN MAGNOLIA BR OFF RP AND MAGNOLIA BR,,,2,Injury Collision,Rear Ended,4,0,0,3,2004/05/07 00:00:00+00,5/7/2004,Mid-Block (but intersection related),14,"MOTOR VEHICLE STRUCK MOTOR VEHICLE, REAR END",,0,Clear,Dry,Dark - Street Lights On,,4128008.0,,14,From same direction - both going straight - one stopped - rear-end,0,0,N
3658,1,-122.3766159,47.53408699,4277,324800,326300,3746885,Matched,Intersection,34053.0,35TH AVE SW AND SW IDA ST, ,,1,Property Damage Only Collision,Angles,2,0,0,2,2019/10/21 00:00:00+00,10/21/2019 10:31:00 PM,At Intersection (intersection related),11,"MOTOR VEHICLE STRUCK MOTOR VEHICLE, FRONT END AT ANGLE",,N,Raining,Wet,Dark - Street Lights On,,,,10,Entering at angle,0,0,N
3659,1,-122.3577754,47.52469977,4278,16780,16780,3380836,Matched,Intersection,34859.0,18TH AVE SW AND SW TRENTON ST, ,,1,Property Damage Only Collision,Angles,3,0,0,2,2013/04/11 00:00:00+00,4/11/2013 9:15:00 AM,At Intersection (intersection related),11,"MOTOR VEHICLE STRUCK MOTOR VEHICLE, FRONT END AT ANGLE",,N,Raining,Wet,Daylight,,,,10,Entering at angle,0,0,N
3660,1,-122.3143166,47.61995563,4279,17234,17234,1787246,Matched,Intersection,29057.0,14TH AVE E AND E JOHN ST,,,1,Property Damage Only Collision,Angles,2,0,0,2,2004/02/26 00:00:00+00,2/26/2004 3:30:00 PM,At Intersection (intersection related),11,"MOTOR VEHICLE STRUCK MOTOR VEHICLE, FRONT END AT ANGLE",,1,Raining,Wet,Daylight,,4057008.0,,10,Entering at angle,0,0,N
3661,1,-122.34531170000001,47.61735578,4280,330200,331700,EA24681,Matched,Intersection,29671.0,5TH AVE AND WALL ST, ,,1,Property Damage Only Collision,Angles,2,0,0,2,2020/03/16 00:00:00+00,3/16/2020 11:59:00 AM,At Intersection (intersection related),11,"MOTOR VEHICLE STRUCK MOTOR VEHICLE, FRONT END AT ANGLE",,N,Clear,Dry,Daylight,,,,10,Entering at angle,0,0,N
3662,1,-122.3246186,47.60708825,4281,233400,233800,E626505,Matched,Block,,TERRY AVE BETWEEN CHERRY ST AND COLUMBIA ST, ,,1,Property Damage Only Collision,Parked Car,2,0,0,2,2016/12/21 00:00:00+00,12/21/2016 8:00:00 PM,Mid-Block (not related to intersection),11,"MOTOR VEHICLE STRUCK MOTOR VEHICLE, FRONT END AT ANGLE",,N,Clear,Dry,Dark - No Street Lights,,,,32,One parked--one moving,0,0,N
3663,1,-122.32635079999999,47.60170997,4282,16847,16847,3503574,Matched,Intersection,30486.0,6TH AVE AND YESLER WAY, ,,1,Property Damage Only Collision,Left Turn,2,0,0,2,2013/04/12 00:00:00+00,4/12/2013 8:13:00 AM,At Intersection (intersection related),11,"MOTOR VEHICLE STRUCK MOTOR VEHICLE, FRONT END AT ANGLE",,N,Clear,Dry,Daylight,,,,28,From opposite direction - one left turn - one straight,0,0,N
3664,1,-122.37710259999999,47.67600003,4283,216100,216380,3777935,Matched,Block,,NW 65TH ST BETWEEN 15TH AVE NW AND 16TH AVE NW, ,,1,Property Damage Only Collision,Rear Ended,2,0,0,2,2016/03/18 00:00:00+00,3/18/2016 12:00:00 PM,Mid-Block (but intersection related),14,"MOTOR VEHICLE STRUCK MOTOR VEHICLE, REAR END",Y,N,Clear,Dry,Daylight,,,,14,From same direction - both going straight - one stopped - rear-end,0,0,N
3665,1,-122.33149409999999,47.61554762,4284,17474,17474,1772604,Matched,Block,,OLIVE WAY BETWEEN TERRY AVE AND BOREN AVE,,,1,Property Damage Only Collision,Sideswipe,2,0,0,2,2004/05/27 00:00:00+00,5/27/2004 5:45:00 PM,Mid-Block (not related to intersection),11,"MOTOR VEHICLE STRUCK MOTOR VEHICLE, FRONT END AT ANGLE",,0,Overcast,Dry,Daylight,,4148012.0,,11,From same direction - both going straight - both moving - sideswipe,0,0,N
3666,2,-122.34110079999999,47.61134764,4285,17656,17656,1213372,Matched,Block,,2ND AVE BETWEEN STEWART ST AND VIRGINIA ST,,,2,Injury Collision,Parked Car,2,0,0,2,2004/07/12 00:00:00+00,7/12/2004 1:00:00 PM,Mid-Block (not related to intersection),11,"MOTOR VEHICLE STRUCK MOTOR VEHICLE, FRONT END AT ANGLE",,0,Clear,Dry,Daylight,,4194008.0,,20,One car leaving parked position,0,0,N
3667,1,-122.35012340000002,47.63740848,4286,306200,307480,E854788,Matched,Block,,CROCKETT ST BETWEEN NOB HILL AVE N AND 4TH AVE N, ,,1,Property Damage Only Collision,Parked Car,2,0,0,2,2018/10/22 00:00:00+00,10/22/2018 7:00:00 AM,Mid-Block (not related to intersection),12,"MOTOR VEHICLE STRUCK MOTOR VEHICLE, RIGHT SIDE AT ANGLE",,N,Clear,Dry,Daylight,,,,32,One parked--one moving,0,0,Y
3668,1,-122.345017,47.72685956,4287,16825,16825,3615032,Matched,Intersection,35812.0,AURORA AVE N AND N 135TH ST,NEI,"Not Enough Information, or Insufficient Location Information",1,Property Damage Only Collision,Rear Ended,2,0,0,2,2013/03/28 00:00:00+00,3/28/2013 7:25:00 AM,At Intersection (intersection related),0,NOT ENOUGH INFORMATION / NOT APPLICABLE,,N,Unknown,Unknown,Daylight,,,,13,From same direction - both going straight - both moving - rear-end,0,0,N
3669,1,-122.3290598,47.60523285,4288,16970,16970,1213258,Matched,Block,,6TH AVE BETWEEN CHERRY ST AND COLUMBIA ST,,,1,Property Damage Only Collision,Sideswipe,2,0,0,2,2004/09/03 00:00:00+00,9/3/2004,Mid-Block (not related to intersection),16,"MOTOR VEHICLE STRUCK MOTOR VEHICLE, LEFT SIDE SIDESWIPE",,0,Clear,Dry,Daylight,,4247026.0,,11,From same direction - both going straight - both moving - sideswipe,0,0,N
3670,1,-122.2826025,47.53978646,4289,311700,313060,E887286,Matched,Block,,M L KING JR WR WAY S BETWEEN S WILLOW ST AND S MYRTLE ST, ,,1,Property Damage Only Collision,Rear Ended,5,0,0,3,2019/01/03 00:00:00+00,1/3/2019 7:10:00 PM,Mid-Block (not related to intersection),14,"MOTOR VEHICLE STRUCK MOTOR VEHICLE, REAR END",,N,Overcast,Wet,Dusk,,,,14,From same direction - both going straight - one stopped - rear-end,0,0,N
3671,1,-122.3130624,47.66566826,4290,17888,17888,1793701,Matched,Block,,UNIVERSITY WAY NE BETWEEN NE 50TH ST AND NE 52ND ST,,,1,Property Damage Only Collision,Parked Car,2,0,0,2,2004/05/18 00:00:00+00,5/18/2004 9:11:00 PM,Mid-Block (not related to intersection),11,"MOTOR VEHICLE STRUCK MOTOR VEHICLE, FRONT END AT ANGLE",,0,Clear,Dry,Dusk,,4139011.0,,32,One parked--one moving,0,0,N
3672,1,-122.37632250000001,47.55105175,4291,17558,17558,1781498,Matched,Block,,35TH AVE SW BETWEEN SW FINDLAY ST AND SW JUNEAU ST,,,1,Property Damage Only Collision,Sideswipe,2,0,0,2,2004/04/15 00:00:00+00,4/15/2004 9:00:00 PM,Mid-Block (not related to intersection),11,"MOTOR VEHICLE STRUCK MOTOR VEHICLE, FRONT END AT ANGLE",,0,Clear,Dry,Dark - Street Lights On,,4106026.0,,26,From opposite direction - both going straight - sideswipe,0,0,N
3673,1,-122.31503020000001,47.59960074,4292,16469,16469,3605983,Matched,Block,,BOREN AVE S BETWEEN S MAIN ST AND RAINIER AVE S, ,,1,Property Damage Only Collision,Sideswipe,2,0,0,2,2013/04/04 00:00:00+00,4/4/2013 8:16:00 AM,Mid-Block (but intersection related),14,"MOTOR VEHICLE STRUCK MOTOR VEHICLE, REAR END",,N,Overcast,Wet,Daylight,,,,11,From same direction - both going straight - both moving - sideswipe,0,0,N