,SEVERITYCODE,X,Y,OBJECTID,INCKEY,COLDETKEY,REPORTNO,STATUS,ADDRTYPE,INTKEY,LOCATION,EXCEPTRSNCODE,EXCEPTRSNDESC,SEVERITYCODE.1,SEVERITYDESC,COLLISIONTYPE,PERSONCOUNT,PEDCOUNT,PEDCYLCOUNT,VEHCOUNT,INCDATE,INCDTTM,JUNCTIONTYPE,SDOT_COLCODE,SDOT_COLDESC,INATTENTIONIND,UNDERINFL,WEATHER,ROADCOND,LIGHTCOND,PEDROWNOTGRNT,SDOTCOLNUM,SPEEDING,ST_COLCODE,ST_COLDESC,SEGLANEKEY,CROSSWALKKEY,HITPARKEDCAR
3674,1,-122.35935819999999,47.61978515,4293,16910,16910,3582020,Unmatched,Intersection,28663.0,2ND AVE W AND WESTERN AVE W, ,,1,Property Damage Only Collision,,2,0,0,0,2013/04/13 00:00:00+00,4/13/2013,At Intersection (intersection related),11,"MOTOR VEHICLE STRUCK MOTOR VEHICLE, FRONT END AT ANGLE",,,,,,,,, ,,0,0,N
3675,2,-122.3607973,47.66433621,4294,300700,301920,E829342,Matched,Intersection,25351.0,3RD AVE NW AND NW 49TH ST, ,,2,Injury Collision,Angles,3,0,0,2,2018/08/02 00:00:00+00,8/2/2018 12:41:00 PM,At Intersection (intersection related),11,"MOTOR VEHICLE STRUCK MOTOR VEHICLE, FRONT END AT ANGLE",,N,Raining,Wet,Daylight,,,,10,Entering at angle,0,0,N
3676,1,-122.30414009999998,47.55883751,4296,306800,308080,E856600,Matched,Block,,BEACON ER AVE S BETWEEN S COLUMBIAN WAY AND S FERDINAND N ST, ,,1,Property Damage Only Collision,Angles,2,0,0,2,2018/10/17 00:00:00+00,10/17/2018 12:45:00 PM,Driveway Junction,11,"MOTOR VEHICLE STRUCK MOTOR VEHICLE, FRONT END AT ANGLE",,N,Clear,Dry,Daylight,,,,10,Entering at angle,0,0,N
3677,1,-122.3003425,47.62926002,4298,17825,17825,1327975,Matched,Intersection,29206.0,25TH AVE E AND E PROSPECT ST,,,1,Property Damage Only Collision,Other,1,0,0,1,2004/07/02 00:00:00+00,7/2/2004,At Intersection (intersection related),28,MOTOR VEHICLE RAN OFF ROAD - HIT FIXED OBJECT,,0,Overcast,Dry,Daylight,,4184009.0,,50,Fixed object,0,0,N
3678,1,,,4299,17022,17022,C649283,Matched,Intersection,273882.0,SOUTH AND UNKNOWN,,,1,Property Damage Only Collision,Rear Ended,2,0,0,2,2004/10/13 00:00:00+00,10/13/2004 3:45:00 PM,At Intersection (but not related to intersection),0,NOT ENOUGH INFORMATION / NOT APPLICABLE,,0,Unknown,Unknown,Unknown,,4287044.0,,14,From same direction - both going straight - one stopped - rear-end,0,0,N
3679,1,-122.3321327,47.53414777,4300,234100,234500,3782607,Matched,Intersection,34281.0,WEST MARGINAL WAY S AND S HOLDEN ST, ,,1,Property Damage Only Collision,Left Turn,4,0,0,2,2017/01/13 00:00:00+00,1/13/2017 12:14:00 AM,At Intersection (intersection related),11,"MOTOR VEHICLE STRUCK MOTOR VEHICLE, FRONT END AT ANGLE",,N,Clear,Dry,Dark - Street Lights On,,,,28,From opposite direction - one left turn - one straight,0,0,N
3680,1,-122.28595990000002,47.52241262,4301,17460,17460,1773126,Matched,Block,,37TH AVE S BETWEEN BEACON WR AVE S AND S BARTON ST,,,1,Property Damage Only Collision,Other,2,0,0,2,2004/09/20 00:00:00+00,9/20/2004 3:58:00 PM,Mid-Block (not related to intersection),15,"MOTOR VEHICLE STRUCK MOTOR VEHICLE, RIGHT SIDE SIDESWIPE",,0,Clear,Dry,Daylight,,4264005.0,,23,From same direction - all others,0,0,N
3681,1,-122.3454222,47.57151858,4302,16520,16520,3504875,Matched,Block,,SW SPOKANE ST BETWEEN S SPOKANE ST AND SW KLICKITAT SR WAY, ,,1,Property Damage Only Collision,Sideswipe,4,0,0,2,2013/04/06 00:00:00+00,4/6/2013 11:04:00 AM,Mid-Block (not related to intersection),11,"MOTOR VEHICLE STRUCK MOTOR VEHICLE, FRONT END AT ANGLE",,N,Raining,Wet,Daylight,,,,11,From same direction - both going straight - both moving - sideswipe,0,0,N
3682,2,-122.31737179999999,47.66784032,4303,316300,317800,3706017,Matched,Block,,ROOSEVELT WAY NE BETWEEN NE 53RD ST AND NE 55TH ST, ,,2,Injury Collision,Parked Car,2,0,0,2,2019/03/13 00:00:00+00,3/13/2019 8:58:00 PM,Mid-Block (not related to intersection),11,"MOTOR VEHICLE STRUCK MOTOR VEHICLE, FRONT END AT ANGLE",,Y,Clear,Dry,Dark - Street Lights On,,,,32,One parked--one moving,0,0,N
3683,1,-122.3140366,47.57947659,4304,16966,16966,1773176,Matched,Block,,S LANDER ST BETWEEN 14TH AVE S AND 15TH AVE S,,,1,Property Damage Only Collision,Parked Car,2,0,0,2,2004/12/11 00:00:00+00,12/11/2004 2:15:00 AM,Mid-Block (not related to intersection),12,"MOTOR VEHICLE STRUCK MOTOR VEHICLE, RIGHT SIDE AT ANGLE",,0,Raining,Wet,Dark - Street Lights On,,4346008.0,,32,One parked--one moving,0,0,N
3684,1,-122.30003789999999,47.54540584,4305,329600,331100,E993458,Matched,Intersection,167416.0,BEACON ER AVE S AND S EDDY ST, ,,1,Property Damage Only Collision,Angles,3,0,0,2,2019/12/06 00:00:00+00,12/6/2019 5:20:00 PM,At Intersection (intersection related),11,"MOTOR VEHICLE STRUCK MOTOR VEHICLE, FRONT END AT ANGLE",Y,N,Overcast,Wet,Dusk,,,,10,Entering at angle,0,0,N
3685,1,-122.28820490000001,47.66117528,4306,17736,17736,1774146,Matched,Intersection,27398.0,37TH AVE NE AND NE 45TH ST,,,1,Property Damage Only Collision,Angles,2,0,0,2,2004/06/29 00:00:00+00,6/29/2004 3:51:00 PM,At Intersection (intersection related),11,"MOTOR VEHICLE STRUCK MOTOR VEHICLE, FRONT END AT ANGLE",,0,Clear,Dry,Daylight,,4181035.0,,10,Entering at angle,0,0,N
3686,1,-122.3355713,47.52178311,4307,17548,17548,1789406,Matched,Block,,OLSON PL SW BETWEEN 1ST AVE S AND 2ND AVE SW,,,1,Property Damage Only Collision,Rear Ended,2,0,0,2,2004/09/08 00:00:00+00,9/8/2004,Mid-Block (but intersection related),14,"MOTOR VEHICLE STRUCK MOTOR VEHICLE, REAR END",,0,Clear,Dry,Dawn,,4252042.0,Y,14,From same direction - both going straight - one stopped - rear-end,0,0,N
3687,1,-122.3379551,47.71834173,4308,17395,17395,1797027,Matched,Block,,DENSMORE AVE N BETWEEN N 122ND ST AND N 125TH ST,,,1,Property Damage Only Collision,Other,1,0,0,1,2004/10/28 00:00:00+00,10/28/2004 11:16:00 PM,Mid-Block (but intersection related),28,MOTOR VEHICLE RAN OFF ROAD - HIT FIXED OBJECT,,0,Raining,Wet,Dark - Street Lights On,,4302016.0,Y,50,Fixed object,0,0,N
3688,1,-122.3340608,47.61405656,4310,16773,16773,3582039,Matched,Intersection,29869.0,HOWELL ST AND OLIVE WAY, ,,1,Property Damage Only Collision,Left Turn,3,0,0,2,2013/04/09 00:00:00+00,4/9/2013 9:09:00 PM,At Intersection (intersection related),11,"MOTOR VEHICLE STRUCK MOTOR VEHICLE, FRONT END AT ANGLE",,N,Clear,Dry,Dark - Street Lights On,,,,15,From same direction - one left turn - one straight,0,0,N
3689,1,-122.3509705,47.53909402,4311,16929,16929,1795459,Matched,Block,,SW MYRTLE ST BETWEEN 12TH AVE SW AND 13TH AVE SW,,,1,Property Damage Only Collision,Other,1,0,0,1,2004/11/19 00:00:00+00,11/19/2004 7:58:00 AM,Mid-Block (not related to intersection),13,"MOTOR VEHICLE STRUCK MOTOR VEHICLE, LEFT SIDE AT ANGLE",,0,Clear,Dry,Daylight,,4324043.0,,51,Other object,0,0,N
3690,2,-122.32926680000001,47.61468893,4313,17946,17946,1321791,Matched,Block,,PINE ST BETWEEN BOREN AVE AND MINOR AVE,,,2,Injury Collision,Cycles,2,0,1,1,2004/08/22 00:00:00+00,8/22/2004 10:08:00 PM,Mid-Block (not related to intersection),18,"MOTOR VEHICLE STRUCK PEDALCYCLIST, FRONT END AT ANGLE",,0,Raining,Wet,Dark - Street Lights On,,4235015.0,,45,Vehicle - Pedalcyclist,0,0,N
3691,1,-122.2864886,47.5601082,4314,17301,17301,1779113,Matched,Block,,RAINIER AVE S BETWEEN S ALASKA ST AND S ANGELINE ST,,,1,Property Damage Only Collision,Sideswipe,2,0,0,2,2004/08/04 00:00:00+00,8/4/2004,Mid-Block (not related to intersection),16,"MOTOR VEHICLE STRUCK MOTOR VEHICLE, LEFT SIDE SIDESWIPE",,0,Clear,Dry,Daylight,,4217037.0,,11,From same direction - both going straight - both moving - sideswipe,0,0,N
3692,1,-122.3290565,47.57980945,4315,16801,16801,3615028,Matched,Intersection,31369.0,4TH AVE S AND S LANDER ST,NEI,"Not Enough Information, or Insufficient Location Information",1,Property Damage Only Collision,Rear Ended,2,0,0,2,2013/04/11 00:00:00+00,4/11/2013 8:10:00 AM,At Intersection (intersection related),0,NOT ENOUGH INFORMATION / NOT APPLICABLE,,N,Unknown,Unknown,Daylight,,,,14,From same direction - both going straight - one stopped - rear-end,0,0,N
3693,2,-122.3503553,47.61858192,4316,17755,17755,1783770,Matched,Intersection,29657.0,BROAD ST AND DENNY WAY,,,2,Injury Collision,Angles,3,0,0,2,2004/11/06 00:00:00+00,11/6/2004,At Intersection (intersection related),14,"MOTOR VEHICLE STRUCK MOTOR VEHICLE, REAR END",,0,Clear,Dry,Dark - Street Lights On,,4311005.0,,10,Entering at angle,0,0,N
3694,2,-122.33760819999999,47.71957002,4317,17560,17560,1774021,Matched,Block,,N 125TH ST BETWEEN DENSMORE AVE N AND DEAD END,,,2,Injury Collision,Other,2,0,0,1,2004/03/27 00:00:00+00,3/27/2004 12:11:00 AM,Mid-Block (not related to intersection),28,MOTOR VEHICLE RAN OFF ROAD - HIT FIXED OBJECT,,1,Raining,Wet,Dark - Street Lights On,,4087002.0,Y,50,Fixed object,0,0,N
3695,1,-122.3273554,47.60337147,4318,16680,16680,3476500,Unmatched,Block,,6TH AVE BETWEEN 6TH AV ON RP AND JEFFERSON ST, ,,1,Property Damage Only Collision,,1,0,0,0,2013/04/09 00:00:00+00,4/9/2013,Mid-Block (not related to intersection),28,MOTOR VEHICLE RAN OFF ROAD - HIT FIXED OBJECT,,,,,,,,, ,,0,0,N
3696,2,-122.3290487,47.59334116,4319,16429,16429,3643827,Matched,Block,,4TH AVE S BETWEEN I90 WB 4TH AV OFF RP AND S ROYAL BROUGHAM WAY, ,,2,Injury Collision,Other,2,0,0,2,2013/03/28 00:00:00+00,3/28/2013 6:41:00 AM,Mid-Block (but intersection related),11,"MOTOR VEHICLE STRUCK MOTOR VEHICLE, FRONT END AT ANGLE",,N,Raining,Wet,Daylight,,,,23,From same direction - all others,0,0,N
3697,2,-122.3093145,47.57873954,4321,16558,16558,3672158,Matched,Intersection,31625.0,18TH AVE S AND S MCCLELLAN ST, ,,2,Injury Collision,Angles,2,0,0,2,2013/04/04 00:00:00+00,4/4/2013 3:23:00 PM,At Intersection (intersection related),11,"MOTOR VEHICLE STRUCK MOTOR VEHICLE, FRONT END AT ANGLE",,N,Raining,Wet,Daylight,,,,10,Entering at angle,0,0,N
3698,1,-122.36450090000001,47.53370043,4322,17787,17787,1790803,Matched,Block,,SW HOLDEN ST BETWEEN 24TH AVE SW AND 26TH AVE SW,,,1,Property Damage Only Collision,Parked Car,2,0,0,2,2004/08/20 00:00:00+00,8/20/2004 6:00:00 PM,Mid-Block (not related to intersection),11,"MOTOR VEHICLE STRUCK MOTOR VEHICLE, FRONT END AT ANGLE",,0,Clear,Dry,Daylight,,4233015.0,,32,One parked--one moving,0,0,N
3699,2,-122.3291236,47.6086581,4323,17287,17287,1217029,Matched,Intersection,29926.0,8TH AVE AND SPRING ST,,,2,Injury Collision,Angles,2,0,0,2,2004/07/31 00:00:00+00,7/31/2004 9:36:00 AM,At Intersection (intersection related),11,"MOTOR VEHICLE STRUCK MOTOR VEHICLE, FRONT END AT ANGLE",,0,Clear,Dry,Daylight,,4213032.0,,10,Entering at angle,0,0,N
3700,2,-122.3761733,47.64385527,4325,17349,17349,1478450,Matched,Block,,15TH AVE W BETWEEN GILMAN UPPER DR W AND W ARMOUR ST,,,2,Injury Collision,Rear Ended,3,0,0,2,2004/10/08 00:00:00+00,10/8/2004,Mid-Block (not related to intersection),14,"MOTOR VEHICLE STRUCK MOTOR VEHICLE, REAR END",,0,Raining,Wet,Daylight,,4282082.0,Y,13,From same direction - both going straight - both moving - rear-end,0,0,N
3701,2,-122.34489609999999,47.717173100000004,4326,16978,16978,1773619,Matched,Block,,AURORA AVE N BETWEEN N 117TH PL AND N 125TH ST,,,2,Injury Collision,Other,3,0,0,2,2004/06/07 00:00:00+00,6/7/2004,Driveway Junction,11,"MOTOR VEHICLE STRUCK MOTOR VEHICLE, FRONT END AT ANGLE",,0,Overcast,Dry,Daylight,,4159031.0,,21,One car entering driveway access,0,0,N
3702,1,-122.3188145,47.61524975,4327,232900,233300,3771864,Matched,Block,,E PINE ST BETWEEN 10TH AVE AND 11TH AVE, ,,1,Property Damage Only Collision,Parked Car,2,0,0,2,2016/11/22 00:00:00+00,11/22/2016,Mid-Block (not related to intersection),11,"MOTOR VEHICLE STRUCK MOTOR VEHICLE, FRONT END AT ANGLE",,N,Raining,Wet,Dark - Street Lights On,,,,20,One car leaving parked position,0,0,N
3703,1,-122.34232420000001,47.64097829,4329,198200,198340,3734300,Matched,Block,,WESTLAKE EAST RDWY AVE N BETWEEN MCGRAW ST AND HALLADAY ST,NEI,"Not Enough Information, or Insufficient Location Information",1,Property Damage Only Collision,Parked Car,2,0,0,2,2015/07/11 00:00:00+00,7/11/2015 6:00:00 PM,,14,"MOTOR VEHICLE STRUCK MOTOR VEHICLE, REAR END",Y,N,Unknown,Unknown,Unknown,,,,32,One parked--one moving,0,0,Y
3704,1,-122.349999,47.61309087,4330,17774,17774,1212747,Matched,Block,,ELLIOTT AVE BETWEEN BATTERY ST AND WALL ST,,,1,Property Damage Only Collision,Sideswipe,5,0,0,4,2004/01/14 00:00:00+00,1/14/2004 12:25:00 PM,Mid-Block (not related to intersection),16,"MOTOR VEHICLE STRUCK MOTOR VEHICLE, LEFT SIDE SIDESWIPE",,0,Raining,Wet,Daylight,,4014029.0,,11,From same direction - both going straight - both moving - sideswipe,0,0,N
3705,2,-122.35870600000001,47.61940404,4331,17919,17919,1777824,Matched,Block,,WESTERN AVE W BETWEEN 1ST AVE W AND 2ND AVE W,,,2,Injury Collision,Rear Ended,3,0,0,3,2004/04/20 00:00:00+00,4/20/2004 7:06:00 AM,Mid-Block (not related to intersection),14,"MOTOR VEHICLE STRUCK MOTOR VEHICLE, REAR END",,0,Clear,Wet,Daylight,,4111009.0,,13,From same direction - both going straight - both moving - rear-end,0,0,N
3706,1,-122.3573611,47.61860942,4332,17005,17005,1482408,Matched,Intersection,28666.0,WESTERN AVE W AND W DENNY WAY,,,1,Property Damage Only Collision,Sideswipe,3,0,0,2,2004/05/06 00:00:00+00,5/6/2004,At Intersection (intersection related),16,"MOTOR VEHICLE STRUCK MOTOR VEHICLE, LEFT SIDE SIDESWIPE",,0,Clear,Dry,Dark - Street Lights On,,4127008.0,,11,From same direction - both going straight - both moving - sideswipe,0,0,N
3707,2,-122.3290919,47.60275157,4333,319000,320500,3578821,Matched,Block,,JEFFERSON ST BETWEEN 4TH AVE AND 5TH AVE, ,,2,Injury Collision,Sideswipe,2,0,0,2,2019/05/12 00:00:00+00,5/12/2019 11:31:00 AM,Mid-Block (not related to intersection),11,"MOTOR VEHICLE STRUCK MOTOR VEHICLE, FRONT END AT ANGLE",,N,Clear,Dry,Daylight,,,,11,From same direction - both going straight - both moving - sideswipe,0,0,N
3708,1,-122.29744860000001,47.58188855,4334,16967,16967,1773251,Matched,Block,,M L KING JR WAY S BETWEEN S BAYVIEW N ST AND S BAYVIEW S ST,,,1,Property Damage Only Collision,Rear Ended,3,0,0,2,2004/09/14 00:00:00+00,9/14/2004 4:58:00 PM,Mid-Block (but intersection related),14,"MOTOR VEHICLE STRUCK MOTOR VEHICLE, REAR END",,0,Raining,Wet,Daylight,,4258049.0,,14,From same direction - both going straight - one stopped - rear-end,0,0,N
3709,1,-122.34921399999999,47.61497245,4336,17845,17845,1798631,Matched,Block,,1ST AVE BETWEEN WALL ST AND VINE ST,,,1,Property Damage Only Collision,Parked Car,2,0,0,2,2004/12/04 00:00:00+00,12/4/2004,Mid-Block (not related to intersection),16,"MOTOR VEHICLE STRUCK MOTOR VEHICLE, LEFT SIDE SIDESWIPE",,0,Raining,Wet,Dark - Street Lights On,,4339039.0,,32,One parked--one moving,0,0,N
3710,2,-122.29053119999999,47.6974588,4337,16494,16494,3597407,Matched,Intersection,37899.0,35TH AVE NE AND NE 95TH ST, ,,2,Injury Collision,Cycles,2,0,1,1,2013/04/03 00:00:00+00,4/3/2013 1:40:00 PM,At Intersection (intersection related),18,"MOTOR VEHICLE STRUCK PEDALCYCLIST, FRONT END AT ANGLE",,N,Clear,Dry,Daylight,Y,,,45,Vehicle - Pedalcyclist,0,524610,N
3711,1,-122.3554149,47.70146108,4338,17053,17053,1793806,Matched,Intersection,37396.0,GREENWOOD AVE N AND N 100TH ST,,,1,Property Damage Only Collision,Angles,2,0,0,2,2004/08/20 00:00:00+00,8/20/2004 3:18:00 PM,At Intersection (intersection related),11,"MOTOR VEHICLE STRUCK MOTOR VEHICLE, FRONT END AT ANGLE",,0,Overcast,Dry,Daylight,,4233036.0,,10,Entering at angle,0,0,N
3712,1,-122.37619879999998,47.5174801,4339,16581,16581,3553740,Matched,Block,,SW ROXBURY ST BETWEEN 34TH AVE SW AND 35TH AVE SW, ,,1,Property Damage Only Collision,Rear Ended,2,0,0,2,2013/04/06 00:00:00+00,4/6/2013 4:11:00 PM,Mid-Block (not related to intersection),14,"MOTOR VEHICLE STRUCK MOTOR VEHICLE, REAR END",,N,Raining,Wet,Daylight,,,,14,From same direction - both going straight - one stopped - rear-end,0,0,N
3713,1,-122.3172254,47.59876333,4340,17080,17080,1181282,Matched,Block,,12TH AVE S BETWEEN S JACKSON ST AND S KING ST,,,1,Property Damage Only Collision,Sideswipe,3,0,0,2,2004/03/27 00:00:00+00,3/27/2004 3:44:00 PM,Mid-Block (but intersection related),16,"MOTOR VEHICLE STRUCK MOTOR VEHICLE, LEFT SIDE SIDESWIPE",,0,Raining,Wet,Daylight,,4087033.0,,11,From same direction - both going straight - both moving - sideswipe,0,0,N
3714,2,-122.29389609999998,47.72289928,4341,16549,16549,3609043,Matched,Block,,NE 130TH ST BETWEEN 31ST AVE NE AND LAKE CITY WAY NE, ,,2,Injury Collision,Angles,2,0,0,2,2013/04/05 00:00:00+00,4/5/2013 12:24:00 PM,Mid-Block (not related to intersection),11,"MOTOR VEHICLE STRUCK MOTOR VEHICLE, FRONT END AT ANGLE",,N,Overcast,Dry,Daylight,,,,10,Entering at angle,0,0,N
3715,1,-122.3226591,47.55081879,4342,16997,16997,1795537,Matched,Block,,PADILLA PL S BETWEEN S HOMER ST AND S ORCAS ST,,,1,Property Damage Only Collision,Parked Car,2,0,0,2,2004/10/22 00:00:00+00,10/22/2004 7:40:00 PM,Mid-Block (but intersection related),16,"MOTOR VEHICLE STRUCK MOTOR VEHICLE, LEFT SIDE SIDESWIPE",,0,Clear,Dry,Dark - Street Lights On,,4296008.0,,32,One parked--one moving,0,0,N
3716,2,-122.3159446,47.65361705,4343,17680,17680,1774007,Matched,Block,,NE PACIFIC ST BETWEEN NE BOAT ST AND BROOKLYN AVE NE,,,2,Injury Collision,Pedestrian,2,1,0,1,2004/03/11 00:00:00+00,3/11/2004 12:22:00 PM,Mid-Block (not related to intersection),24,MOTOR VEHCILE STRUCK PEDESTRIAN,,0,Clear,Dry,Daylight,Y,4071008.0,,0,Vehicle going straight hits pedestrian,0,0,N
3717,1,-122.3629395,47.63959676,4344,16888,16888,3599166,Matched,Block,,W MCGRAW ST BETWEEN 4TH AVE W AND 5TH AVE W, ,,1,Property Damage Only Collision,Parked Car,2,0,0,2,2013/04/14 00:00:00+00,4/14/2013 12:28:00 PM,Mid-Block (not related to intersection),14,"MOTOR VEHICLE STRUCK MOTOR VEHICLE, REAR END",,N,Clear,Dry,Unknown,,,,32,One parked--one moving,0,0,N
3718,2,-122.3291236,47.6086581,4345,17275,17275,1788620,Matched,Intersection,29926.0,8TH AVE AND SPRING ST,,,2,Injury Collision,Angles,2,0,0,2,2004/03/02 00:00:00+00,3/2/2004,At Intersection (intersection related),11,"MOTOR VEHICLE STRUCK MOTOR VEHICLE, FRONT END AT ANGLE",,0,Clear,Dry,Daylight,,4062027.0,,10,Entering at angle,0,0,N
3719,1,-122.3740957,47.68689238,4346,196000,196100,3738638,Matched,Intersection,24130.0,14TH AVE NW AND NW 80TH ST, ,,1,Property Damage Only Collision,Angles,5,0,0,4,2015/06/21 00:00:00+00,6/21/2015 7:36:00 PM,At Intersection (intersection related),11,"MOTOR VEHICLE STRUCK MOTOR VEHICLE, FRONT END AT ANGLE",,N,Clear,Dry,Daylight,,,,10,Entering at angle,0,0,N
3720,2,-122.2948372,47.61761524,4347,17472,17472,1772389,Matched,Intersection,29982.0,29TH AVE AND E HOWELL ST,,,2,Injury Collision,Angles,3,0,0,2,2004/05/07 00:00:00+00,5/7/2004,At Intersection (intersection related),11,"MOTOR VEHICLE STRUCK MOTOR VEHICLE, FRONT END AT ANGLE",,0,Overcast,Wet,Daylight,,4128041.0,Y,10,Entering at angle,0,0,N
3721,2,-122.2952331,47.71927875,4348,17504,17504,1930679,Matched,Intersection,36601.0,LAKE CITY WAY NE AND NE 125TH ST,,,2,Injury Collision,Pedestrian,2,1,0,1,2004/12/04 00:00:00+00,12/4/2004,At Intersection (intersection related),24,MOTOR VEHCILE STRUCK PEDESTRIAN,,0,Raining,Wet,Dark - Street Lights On,Y,4339005.0,,1,Vehicle turning right hits pedestrian,0,0,N
3722,1,-122.3292812,47.56748037,4349,305600,306880,E849639,Matched,Block,,4TH AVE S BETWEEN S INDUSTRIAL EB WAY AND DIAGONAL AVE S, ,,1,Property Damage Only Collision,Sideswipe,2,0,0,2,2018/09/28 00:00:00+00,9/28/2018 7:47:00 AM,Mid-Block (not related to intersection),14,"MOTOR VEHICLE STRUCK MOTOR VEHICLE, REAR END",Y,N,Clear,Dry,Daylight,,,,11,From same direction - both going straight - both moving - sideswipe,0,0,N
3723,1,-122.27766409999998,47.55117602,4350,16446,16446,3672352,Matched,Intersection,33512.0,RAINIER AVE S AND S ORCAS ST, ,,1,Property Damage Only Collision,Left Turn,2,0,0,2,2013/03/28 00:00:00+00,3/28/2013 5:47:00 PM,At Intersection (intersection related),11,"MOTOR VEHICLE STRUCK MOTOR VEHICLE, FRONT END AT ANGLE",,N,Clear,Dry,Daylight,,,,28,From opposite direction - one left turn - one straight,0,0,N
3724,2,-122.2513864,47.50344105,4352,16578,16578,3672295,Matched,Block,,RENTON AVE S BETWEEN S FOUNTAIN ST AND S FOUNTAIN PL, ,,2,Injury Collision,Rear Ended,3,0,0,2,2013/04/05 00:00:00+00,4/5/2013 12:33:00 PM,Mid-Block (not related to intersection),14,"MOTOR VEHICLE STRUCK MOTOR VEHICLE, REAR END",Y,N,Clear,Dry,Daylight,,,,14,From same direction - both going straight - one stopped - rear-end,0,0,N
3725,1,-122.351724,47.56030603,4355,17044,17044,1790477,Matched,Block,,WEST MARGINAL WAY SW BETWEEN SW ALASKA ST AND SW EDMUNDS ST,,,1,Property Damage Only Collision,Other,2,0,0,2,2004/06/10 00:00:00+00,6/10/2004 6:59:00 AM,Driveway Junction,11,"MOTOR VEHICLE STRUCK MOTOR VEHICLE, FRONT END AT ANGLE",,0,Overcast,Wet,Daylight,,4162026.0,,22,One car leaving driveway access,0,0,N
3726,1,-122.3867767,47.56201042,4356,16674,16674,3380698,Matched,Block,,CALIFORNIA AVE SW BETWEEN SW OREGON ST AND SW ALASKA ST, ,,1,Property Damage Only Collision,Parked Car,5,0,0,2,2013/04/09 00:00:00+00,4/9/2013 2:41:00 PM,Mid-Block (not related to intersection),16,"MOTOR VEHICLE STRUCK MOTOR VEHICLE, LEFT SIDE SIDESWIPE",Y,N,Overcast,Dry,Daylight,,,,32,One parked--one moving,0,0,N
3727,2,-122.37419369999999,47.5640756,4358,16712,16712,3505268,Matched,Block,,SW AVALON WAY BETWEEN SW GENESEE ST AND 35TH AVE SW, ,,2,Injury Collision,Angles,2,0,0,2,2013/04/08 00:00:00+00,4/8/2013 3:23:00 PM,Driveway Junction,14,"MOTOR VEHICLE STRUCK MOTOR VEHICLE, REAR END",,N,Clear,Dry,Daylight,,,,10,Entering at angle,0,0,N
3728,1,-122.3435477,47.6275805,4361,16880,16880,3549132,Matched,Block,,AURORA AVE N BETWEEN ALOHA ST AND WARD ST, ,,1,Property Damage Only Collision,Other,1,0,0,1,2013/04/13 00:00:00+00,4/13/2013 5:09:00 PM,Mid-Block (not related to intersection),28,MOTOR VEHICLE RAN OFF ROAD - HIT FIXED OBJECT,,N,Sleet/Hail/Freezing Rain,Snow/Slush,Daylight,,,,50,Fixed object,0,0,N
3729,2,-122.3652216,47.65049597,4362,16806,16806,3548950,Matched,Block,,W BERTONA ST BETWEEN 6TH AVE W AND IRONDALE AVE W, ,,2,Injury Collision,Rear Ended,3,0,0,2,2013/04/11 00:00:00+00,4/11/2013 10:27:00 AM,Mid-Block (not related to intersection),14,"MOTOR VEHICLE STRUCK MOTOR VEHICLE, REAR END",,N,Raining,Wet,Daylight,,,,14,From same direction - both going straight - one stopped - rear-end,0,0,N
3730,1,-122.3295862,47.54669393,4363,17464,17464,1775395,Matched,Block,,4TH AVE S BETWEEN S FRONT ST AND S MICHIGAN ST,,,1,Property Damage Only Collision,Rear Ended,2,0,0,2,2004/05/26 00:00:00+00,5/26/2004 5:15:00 PM,Driveway Junction,14,"MOTOR VEHICLE STRUCK MOTOR VEHICLE, REAR END",Y,0,Raining,Wet,Daylight,,4147046.0,,13,From same direction - both going straight - both moving - rear-end,0,0,N
3731,1,-122.3140426,47.71942296,4364,324400,325900,E950320,Matched,Intersection,36428.0,14TH AVE NE AND NE 125TH ST, ,,1,Property Damage Only Collision,Sideswipe,4,0,0,3,2019/07/28 00:00:00+00,7/28/2019 2:12:00 PM,At Intersection (but not related to intersection),11,"MOTOR VEHICLE STRUCK MOTOR VEHICLE, FRONT END AT ANGLE",,N,Clear,Dry,Daylight,,,,11,From same direction - both going straight - both moving - sideswipe,0,0,N
3732,1,-122.2938322,47.73195476,4365,16593,16593,3501902,Matched,Intersection,36002.0,32ND AVE NE AND NE 143RD ST, ,,1,Property Damage Only Collision,Angles,2,0,0,2,2013/04/09 00:00:00+00,4/9/2013 12:36:00 AM,At Intersection (intersection related),11,"MOTOR VEHICLE STRUCK MOTOR VEHICLE, FRONT END AT ANGLE",,N,Overcast,Dry,Dark - Street Lights On,,,,10,Entering at angle,0,0,N
3733,1,-122.35007379999999,47.61430799,4367,309000,310280,E876715,Matched,Block,,WESTERN AVE BETWEEN WALL ST AND VINE ST, ,,1,Property Damage Only Collision,Rear Ended,3,0,0,2,2018/12/20 00:00:00+00,12/20/2018 2:21:00 PM,Mid-Block (not related to intersection),14,"MOTOR VEHICLE STRUCK MOTOR VEHICLE, REAR END",,N,Raining,Wet,Daylight,,,,13,From same direction - both going straight - both moving - rear-end,0,0,N
3734,1,-122.300605,47.66626672,4368,17872,17872,1778966,Matched,Intersection,25949.0,25TH AVE NE AND NE BLAKELEY ST,,,1,Property Damage Only Collision,Left Turn,5,0,0,2,2004/02/14 00:00:00+00,2/14/2004 3:55:00 PM,At Intersection (intersection related),11,"MOTOR VEHICLE STRUCK MOTOR VEHICLE, FRONT END AT ANGLE",,0,Clear,Dry,Daylight,,4045015.0,,28,From opposite direction - one left turn - one straight,0,0,N