,SEVERITYCODE,X,Y,OBJECTID,INCKEY,COLDETKEY,REPORTNO,STATUS,ADDRTYPE,INTKEY,LOCATION,EXCEPTRSNCODE,EXCEPTRSNDESC,SEVERITYCODE.1,SEVERITYDESC,COLLISIONTYPE,PERSONCOUNT,PEDCOUNT,PEDCYLCOUNT,VEHCOUNT,INCDATE,INCDTTM,JUNCTIONTYPE,SDOT_COLCODE,SDOT_COLDESC,INATTENTIONIND,UNDERINFL,WEATHER,ROADCOND,LIGHTCOND,PEDROWNOTGRNT,SDOTCOLNUM,SPEEDING,ST_COLCODE,ST_COLDESC,SEGLANEKEY,CROSSWALKKEY,HITPARKEDCAR
3858,1,-122.36092350000001,47.71690667,4531,18841,18841,1220505,Matched,Block,,3RD AVE NW BETWEEN NW 120TH ST AND NW 122ND ST,,,1,Property Damage Only Collision,Other,1,0,0,1,2004/09/11 00:00:00+00,9/11/2004 2:10:00 AM,Mid-Block (not related to intersection),28,MOTOR VEHICLE RAN OFF ROAD - HIT FIXED OBJECT,,0,Unknown,Unknown,Unknown,,4255023.0,,50,Fixed object,0,0,N
3859,2,-122.3295679,47.66136625,4532,18130,18130,1782456,Matched,Block,,N 45TH ST BETWEEN SUNNYSIDE AVE N AND EASTERN AVE N,,,2,Injury Collision,Rear Ended,6,0,0,2,2004/03/26 00:00:00+00,3/26/2004 1:25:00 PM,Mid-Block (not related to intersection),14,"MOTOR VEHICLE STRUCK MOTOR VEHICLE, REAR END",,0,Overcast,Dry,Daylight,,4086041.0,,13,From same direction - both going straight - both moving - rear-end,0,0,N
3860,1,-122.3167547,47.62311418,4533,18468,18468,1787197,Matched,Intersection,29015.0,12TH AVE E AND E REPUBLICAN ST,,,1,Property Damage Only Collision,Angles,2,0,0,2,2004/04/20 00:00:00+00,4/20/2004 5:48:00 PM,At Intersection (intersection related),11,"MOTOR VEHICLE STRUCK MOTOR VEHICLE, FRONT END AT ANGLE",,0,Clear,Dry,Daylight,,4111025.0,,10,Entering at angle,0,0,N
3861,1,-122.3212581,47.61297213,4534,18049,18049,C650850,Matched,Block,,E UNION ST BETWEEN SENECA ST AND BROADWAY,,,1,Property Damage Only Collision,Other,2,0,0,2,2004/12/27 00:00:00+00,12/27/2004 11:30:00 AM,Driveway Junction,11,"MOTOR VEHICLE STRUCK MOTOR VEHICLE, FRONT END AT ANGLE",,0,Unknown,Dry,Daylight,,4362037.0,,22,One car leaving driveway access,0,0,N
3862,2,-122.3450853,47.73306346,4535,19103,19103,1779710,Matched,Block,,AURORA AVE N BETWEEN N 143RD ST AND ROOSEVELT WAY N,,,2,Injury Collision,Other,3,0,0,2,2004/03/05 00:00:00+00,3/5/2004,Driveway Junction,11,"MOTOR VEHICLE STRUCK MOTOR VEHICLE, FRONT END AT ANGLE",,0,Clear,Dry,Daylight,,4065025.0,,21,One car entering driveway access,0,0,N
3863,1,-122.3060159,47.68304701,4536,17995,17995,1795058,Matched,Block,,NE 75TH ST BETWEEN 20TH AVE NE AND 21ST AVE NE,,,1,Property Damage Only Collision,Head On,3,0,0,2,2004/11/25 00:00:00+00,11/25/2004 3:01:00 PM,Mid-Block (not related to intersection),11,"MOTOR VEHICLE STRUCK MOTOR VEHICLE, FRONT END AT ANGLE",,0,Raining,Wet,Daylight,,4330023.0,Y,30,From opposite direction - all others,0,0,N
3864,1,-122.38050459999998,47.67382449,4537,18435,18435,1774643,Matched,Block,,NW 62ND ST BETWEEN 17TH AVE NW AND 20TH AVE NW,,,1,Property Damage Only Collision,Parked Car,3,0,0,3,2004/05/17 00:00:00+00,5/17/2004 1:00:00 AM,Mid-Block (not related to intersection),16,"MOTOR VEHICLE STRUCK MOTOR VEHICLE, LEFT SIDE SIDESWIPE",,0,Clear,Dry,Dark - Street Lights On,,4138037.0,Y,32,One parked--one moving,0,0,N
3865,1,-122.3761688,47.67866922,4538,18882,18882,1328921,Matched,Block,,MARY AVE NW BETWEEN NW 67TH ST AND NW 70TH W ST,,,1,Property Damage Only Collision,Parked Car,2,0,0,2,2004/05/20 00:00:00+00,5/20/2004 4:00:00 AM,Mid-Block (not related to intersection),14,"MOTOR VEHICLE STRUCK MOTOR VEHICLE, REAR END",,0,Unknown,Unknown,Unknown,,4141017.0,,32,One parked--one moving,0,0,N
3866,1,-122.3294274,47.67795775,4539,18246,18246,1209445,Matched,Block,,SUNNYSIDE AVE N BETWEEN WOODLAWN AVE N AND EAST GREEN LAKE WAY N,,,1,Property Damage Only Collision,Parked Car,2,0,0,2,2004/04/14 00:00:00+00,4/14/2004 9:17:00 PM,Mid-Block (not related to intersection),12,"MOTOR VEHICLE STRUCK MOTOR VEHICLE, RIGHT SIDE AT ANGLE",,0,Overcast,Dry,Dark - Street Lights On,,4105014.0,,32,One parked--one moving,0,0,N
3867,2,-122.2765772,47.52425408,4540,18067,18067,1771370,Matched,Intersection,35264.0,RENTON AVE S AND S TRENTON ST,,,2,Injury Collision,Angles,2,0,0,2,2004/03/18 00:00:00+00,3/18/2004 4:15:00 PM,At Intersection (intersection related),11,"MOTOR VEHICLE STRUCK MOTOR VEHICLE, FRONT END AT ANGLE",,0,Overcast,Wet,Daylight,,4078031.0,,10,Entering at angle,0,0,N
3868,1,-122.27758159999999,47.636074799999996,4541,19093,19093,1782212,Matched,Block,,E MADISON ST BETWEEN E HOWE ST AND 43RD AVE E,,,1,Property Damage Only Collision,Other,1,0,0,1,2004/06/10 00:00:00+00,6/10/2004 10:30:00 AM,Mid-Block (not related to intersection),28,MOTOR VEHICLE RAN OFF ROAD - HIT FIXED OBJECT,,0,Overcast,Wet,Daylight,,4162023.0,,50,Fixed object,0,0,N
3869,2,-122.36064809999999,47.68983525,4544,18350,18350,1773914,Matched,Intersection,24045.0,3RD AVE NW AND NW 84TH ST,,,2,Injury Collision,Angles,6,0,0,4,2004/01/15 00:00:00+00,1/15/2004 4:47:00 PM,At Intersection (intersection related),11,"MOTOR VEHICLE STRUCK MOTOR VEHICLE, FRONT END AT ANGLE",,0,Raining,Wet,Dusk,,4015011.0,,10,Entering at angle,0,0,N
3870,1,-122.3510072,47.61486017,4545,18314,18314,1794046,Matched,Block,,WESTERN AVE BETWEEN VINE ST AND CEDAR ST,,,1,Property Damage Only Collision,Rear Ended,2,0,0,2,2004/08/03 00:00:00+00,8/3/2004,Mid-Block (not related to intersection),14,"MOTOR VEHICLE STRUCK MOTOR VEHICLE, REAR END",,0,Clear,Dry,Daylight,,4216036.0,,13,From same direction - both going straight - both moving - rear-end,0,0,N
3871,2,-122.3357817,47.60587262,4546,18262,18262,1776185,Matched,Intersection,29613.0,2ND AVE AND SPRING ST,,,2,Injury Collision,Angles,5,0,0,2,2004/04/30 00:00:00+00,4/30/2004 3:48:00 PM,At Intersection (intersection related),11,"MOTOR VEHICLE STRUCK MOTOR VEHICLE, FRONT END AT ANGLE",,0,Clear,Dry,Daylight,,4121042.0,,10,Entering at angle,0,0,N
3872,2,-122.40096509999998,47.64318668,4547,18290,18290,1478436,Matched,Intersection,27464.0,34TH AVE W AND W RAYE ST,,,2,Injury Collision,Angles,5,0,0,2,2004/06/11 00:00:00+00,6/11/2004 8:40:00 AM,At Intersection (intersection related),11,"MOTOR VEHICLE STRUCK MOTOR VEHICLE, FRONT END AT ANGLE",,0,Raining,Wet,Daylight,,4163049.0,,10,Entering at angle,0,0,N
3873,1,-122.317228,47.59833759,4548,18734,18734,1788613,Matched,Intersection,30430.0,12TH AVE S AND S KING ST,,,1,Property Damage Only Collision,Angles,3,0,0,2,2004/01/10 00:00:00+00,1/10/2004 1:25:00 PM,At Intersection (intersection related),11,"MOTOR VEHICLE STRUCK MOTOR VEHICLE, FRONT END AT ANGLE",,0,Overcast,Wet,Daylight,,4010022.0,,10,Entering at angle,0,0,N
3874,1,,,4550,18376,18376,1777819,Matched,Block,,ALASKAN WY VI SB BETWEEN COLUMBIA ST ON RP AND ALASKAN WY VI SB EFR OFF RP,,,1,Property Damage Only Collision,Other,1,0,0,1,2004/03/13 00:00:00+00,3/13/2004 5:06:00 AM,Mid-Block (not related to intersection),26,MOTOR VEHICLE STRUCK OBJECT IN ROAD,,0,Clear,Dry,Dark - Street Lights On,,4073002.0,Y,50,Fixed object,0,0,N
3875,1,-122.28783359999998,47.58250907,4551,18057,18057,1181121,Matched,Block,,LAKE PARK DR S BETWEEN LAKE WASHINGTON BLVD S AND SHORELAND DR S,,,1,Property Damage Only Collision,Rear Ended,2,0,0,2,2004/01/13 00:00:00+00,1/13/2004 12:00:00 PM,Mid-Block (but intersection related),14,"MOTOR VEHICLE STRUCK MOTOR VEHICLE, REAR END",,0,Clear,Wet,Daylight,,4013021.0,,14,From same direction - both going straight - one stopped - rear-end,0,0,N
3876,1,-122.3131081,47.70853181,4552,18804,18804,1773970,Matched,Block,,NE NORTHGATE WAY BETWEEN 14TH AVE NE AND 15TH AVE NE,,,1,Property Damage Only Collision,Rear Ended,6,0,0,2,2004/07/21 00:00:00+00,7/21/2004 4:40:00 PM,Mid-Block (but intersection related),14,"MOTOR VEHICLE STRUCK MOTOR VEHICLE, REAR END",,0,Clear,Dry,Daylight,,4203027.0,,14,From same direction - both going straight - one stopped - rear-end,0,0,N
3877,1,-122.3554386,47.62035192,4553,19083,19083,1069382,Matched,Block,,1ST AVE N BETWEEN JOHN ST AND THOMAS ST,,,1,Property Damage Only Collision,Parked Car,2,0,0,2,2004/12/05 00:00:00+00,12/5/2004,Mid-Block (not related to intersection),14,"MOTOR VEHICLE STRUCK MOTOR VEHICLE, REAR END",,0,Overcast,Dry,Dark - Street Lights On,,4340037.0,,32,One parked--one moving,0,0,N
3878,1,-122.3533283,47.65958845,4554,18967,18967,1773503,Matched,Block,,FRANCIS AVE N BETWEEN N 43RD ST AND N 44TH ST,,,1,Property Damage Only Collision,Parked Car,2,0,0,2,2004/02/08 00:00:00+00,2/8/2004,Mid-Block (not related to intersection),16,"MOTOR VEHICLE STRUCK MOTOR VEHICLE, LEFT SIDE SIDESWIPE",Y,0,Unknown,Unknown,Dark - Street Lights On,,4039001.0,,32,One parked--one moving,0,0,N
3879,1,-122.364672,47.68252427,4555,18138,18138,1794495,Matched,Block,,NW 74TH ST BETWEEN 6TH AVE NW AND 8TH AVE NW,,,1,Property Damage Only Collision,Parked Car,2,0,0,2,2004/10/22 00:00:00+00,10/22/2004 12:08:00 AM,Mid-Block (not related to intersection),14,"MOTOR VEHICLE STRUCK MOTOR VEHICLE, REAR END",,0,Unknown,Unknown,Unknown,,4296045.0,,32,One parked--one moving,0,0,N
3880,1,-122.38573410000001,47.54666332,4556,18031,18031,1790215,Matched,Intersection,32835.0,42ND AVE SW AND SW GRAHAM ST,,,1,Property Damage Only Collision,Angles,2,0,0,2,2004/12/13 00:00:00+00,12/13/2004 11:59:00 AM,At Intersection (intersection related),11,"MOTOR VEHICLE STRUCK MOTOR VEHICLE, FRONT END AT ANGLE",,0,Overcast,Wet,Daylight,,4348007.0,,10,Entering at angle,0,0,N
3881,1,-122.32863429999999,47.70862872,4558,18254,18254,1476113,Matched,Intersection,36586.0,1ST AVE NE AND NE NORTHGATE WAY,,,1,Property Damage Only Collision,Angles,2,0,0,2,2004/07/11 00:00:00+00,7/11/2004 3:00:00 PM,At Intersection (intersection related),11,"MOTOR VEHICLE STRUCK MOTOR VEHICLE, FRONT END AT ANGLE",,0,Clear,Dry,Daylight,,4193010.0,,10,Entering at angle,0,0,N
3882,2,-122.34046399999998,47.61272928,4559,17426,17426,1777431,Matched,Block,,VIRGINIA ST BETWEEN 3RD AVE AND 4TH AVE,,,2,Injury Collision,Rear Ended,3,0,0,2,2004/03/28 00:00:00+00,3/28/2004 11:01:00 AM,Mid-Block (but intersection related),14,"MOTOR VEHICLE STRUCK MOTOR VEHICLE, REAR END",Y,0,Clear,Dry,Daylight,,4088023.0,,14,From same direction - both going straight - one stopped - rear-end,0,0,N
3883,1,-122.3311216,47.6691956,4560,18801,18801,1797040,Matched,Block,,N 56TH ST BETWEEN KIRKWOOD PL N AND KENSINGTON PL N,,,1,Property Damage Only Collision,Angles,3,0,0,3,2004/11/22 00:00:00+00,11/22/2004 11:35:00 AM,Driveway Junction,11,"MOTOR VEHICLE STRUCK MOTOR VEHICLE, FRONT END AT ANGLE",,0,Clear,Wet,Daylight,,4327025.0,,10,Entering at angle,0,0,N
3884,1,-122.3284354,47.68225379,4561,18853,18853,1204695,Matched,Block,,EAST GREEN LAKE DR N BETWEEN LATONA AVE NE AND SUNNYSIDE AVE N,,,1,Property Damage Only Collision,Rear Ended,5,0,0,3,2004/03/08 00:00:00+00,3/8/2004,Mid-Block (but intersection related),14,"MOTOR VEHICLE STRUCK MOTOR VEHICLE, REAR END",Y,0,Clear,Dry,Daylight,,4068048.0,,14,From same direction - both going straight - one stopped - rear-end,0,0,N
3885,1,-122.3623189,47.63595524,4563,18336,18336,1069526,Matched,Intersection,27839.0,4TH AVE W AND W HOWE ST,,,1,Property Damage Only Collision,Other,2,0,0,2,2004/11/01 00:00:00+00,11/1/2004,At Intersection (intersection related),26,MOTOR VEHICLE STRUCK OBJECT IN ROAD,,0,Raining,Wet,Daylight,,4306002.0,,65,Vehicle Struck by City Road or Construction Machinery,0,0,N
3886,1,-122.3512527,47.68693981,4564,18907,18907,1794126,Matched,Block,,N 80TH ST BETWEEN DAYTON AVE N AND FREMONT AVE N,,,1,Property Damage Only Collision,Rear Ended,2,0,0,2,2004/07/22 00:00:00+00,7/22/2004 5:16:00 PM,Mid-Block (not related to intersection),14,"MOTOR VEHICLE STRUCK MOTOR VEHICLE, REAR END",,0,Clear,Dry,Daylight,,4204031.0,,14,From same direction - both going straight - one stopped - rear-end,0,0,N
3887,1,-122.34593829999999,47.69636259,4565,18961,18961,1209441,Matched,Block,,N 93RD ST BETWEEN LINDEN AVE N AND AURORA AVE N,,,1,Property Damage Only Collision,Parked Car,2,0,0,2,2004/04/13 00:00:00+00,4/13/2004 5:00:00 PM,Mid-Block (not related to intersection),14,"MOTOR VEHICLE STRUCK MOTOR VEHICLE, REAR END",Y,0,Clear,Dry,Daylight,,4104008.0,,32,One parked--one moving,0,0,N
3888,1,-122.33979,47.51790542,4566,18022,18022,1795601,Matched,Block,,OLSON PL SW BETWEEN SW CAMBRIDGE PL AND SW ROXBURY ST,,,1,Property Damage Only Collision,Other,2,0,0,1,2004/10/19 00:00:00+00,10/19/2004 2:03:00 AM,Mid-Block (but intersection related),28,MOTOR VEHICLE RAN OFF ROAD - HIT FIXED OBJECT,,0,Raining,Wet,Dark - Street Lights On,,4293033.0,Y,50,Fixed object,0,0,N
3889,1,-122.3467727,47.53103159,4568,18242,18242,1775346,Matched,Block,,9TH AVE SW BETWEEN HIGHLAND PARK WAY SW AND SW ELMGROVE ST,,,1,Property Damage Only Collision,Other,2,0,0,2,2004/10/03 00:00:00+00,10/3/2004,Mid-Block (not related to intersection),28,MOTOR VEHICLE RAN OFF ROAD - HIT FIXED OBJECT,,0,Clear,Dry,Daylight,,4277017.0,,50,Fixed object,0,0,N
3890,1,-122.37135579999999,47.54411286,4569,18348,18348,1789205,Matched,Intersection,34012.0,SYLVAN WAY SW AND SW MORGAN E ST,,,1,Property Damage Only Collision,Rear Ended,2,0,0,2,2004/03/01 00:00:00+00,3/1/2004,At Intersection (intersection related),14,"MOTOR VEHICLE STRUCK MOTOR VEHICLE, REAR END",Y,0,Clear,Dry,Daylight,,4061015.0,,13,From same direction - both going straight - both moving - rear-end,0,0,N
3891,2,-122.3321327,47.53414777,4571,18544,18544,1789377,Matched,Intersection,34281.0,WEST MARGINAL WAY S AND S HOLDEN ST,,,2,Injury Collision,Angles,5,0,0,3,2004/08/25 00:00:00+00,8/25/2004 6:50:00 PM,At Intersection (intersection related),11,"MOTOR VEHICLE STRUCK MOTOR VEHICLE, FRONT END AT ANGLE",,1,Raining,Wet,Daylight,,4238007.0,,10,Entering at angle,0,0,N
3892,2,-122.264371,47.51681814,4572,18220,18220,1776357,Matched,Block,,S ROXBURY ST BETWEEN LINDSAY PL S AND 55TH AVE S,,,2,Injury Collision,Parked Car,2,0,0,2,2004/01/10 00:00:00+00,1/10/2004 10:23:00 PM,Mid-Block (not related to intersection),11,"MOTOR VEHICLE STRUCK MOTOR VEHICLE, FRONT END AT ANGLE",,1,Clear,Wet,Dark - Street Lights On,,4010019.0,,32,One parked--one moving,0,0,N
3893,2,-122.3023388,47.5464261,4573,18182,18182,1786054,Matched,Intersection,33402.0,24TH AVE S AND S GRAHAM ST,,,2,Injury Collision,Left Turn,3,0,0,2,2004/04/20 00:00:00+00,4/20/2004 6:02:00 PM,At Intersection (intersection related),11,"MOTOR VEHICLE STRUCK MOTOR VEHICLE, FRONT END AT ANGLE",,0,Clear,Dry,Daylight,,4111002.0,,28,From opposite direction - one left turn - one straight,0,0,N
3894,1,-122.33401040000001,47.61064592,4574,18122,18122,1784926,Matched,Block,,6TH AVE BETWEEN UNION ST AND PIKE ST,,,1,Property Damage Only Collision,Parked Car,2,0,0,2,2004/09/17 00:00:00+00,9/17/2004 10:00:00 AM,Mid-Block (not related to intersection),15,"MOTOR VEHICLE STRUCK MOTOR VEHICLE, RIGHT SIDE SIDESWIPE",Y,0,Clear,Dry,Daylight,,4261052.0,,32,One parked--one moving,0,0,N
3895,1,-122.38548349999999,47.56019691,4575,18151,18151,1481924,Matched,Block,,42ND AVE SW BETWEEN SW ALASKA ST AND SW EDMUNDS ST,,,1,Property Damage Only Collision,Parked Car,2,0,0,2,2004/04/05 00:00:00+00,4/5/2004,Mid-Block (not related to intersection),11,"MOTOR VEHICLE STRUCK MOTOR VEHICLE, FRONT END AT ANGLE",,0,Clear,Dry,Daylight,,4096018.0,,32,One parked--one moving,0,0,N
3896,2,-122.32861059999999,47.6296551,4576,18881,18881,1327969,Matched,Block,,EASTLAKE AVE E BETWEEN PROSPECT ST AND E NELSON PL,,,2,Injury Collision,Other,1,0,0,1,2004/01/02 00:00:00+00,1/2/2004,Mid-Block (not related to intersection),28,MOTOR VEHICLE RAN OFF ROAD - HIT FIXED OBJECT,,0,Overcast,Ice,Daylight,,4002031.0,,50,Fixed object,0,0,N
3897,1,-122.32871170000001,47.61492109,4577,18860,18860,1790033,Matched,Intersection,29864.0,MINOR AVE AND PINE ST,,,1,Property Damage Only Collision,Angles,2,0,0,2,2004/03/13 00:00:00+00,3/13/2004 4:15:00 AM,At Intersection (intersection related),11,"MOTOR VEHICLE STRUCK MOTOR VEHICLE, FRONT END AT ANGLE",,0,Clear,Dry,Dark - Street Lights On,,4073022.0,,10,Entering at angle,0,0,N
3898,1,-122.3331535,47.66029394,4578,18378,18378,1778475,Matched,Block,,N 44TH ST BETWEEN MERIDIAN AVE N AND BAGLEY AVE N,,,1,Property Damage Only Collision,Parked Car,2,0,0,2,2004/01/30 00:00:00+00,1/30/2004 9:20:00 PM,Mid-Block (not related to intersection),14,"MOTOR VEHICLE STRUCK MOTOR VEHICLE, REAR END",,0,Unknown,Unknown,Unknown,,4030014.0,,32,One parked--one moving,0,0,N
3899,1,-122.33574159999999,47.69049554,4579,18054,18054,1080337,Matched,Block,,N 85TH ST BETWEEN WALLINGFORD AVE N AND BURKE AVE N,,,1,Property Damage Only Collision,Rear Ended,2,0,0,2,2004/07/28 00:00:00+00,7/28/2004 2:05:00 PM,Mid-Block (but intersection related),14,"MOTOR VEHICLE STRUCK MOTOR VEHICLE, REAR END",,0,Clear,Dry,Daylight,,4210018.0,,14,From same direction - both going straight - one stopped - rear-end,0,0,N
3900,1,-122.31311570000001,47.66218058,4580,19092,19092,1931355,Matched,Block,,UNIVERSITY WAY NE BETWEEN NE 45TH ST AND NE 47TH ST,,,1,Property Damage Only Collision,Parked Car,2,0,0,2,2004/11/03 00:00:00+00,11/3/2004,Mid-Block (not related to intersection),16,"MOTOR VEHICLE STRUCK MOTOR VEHICLE, LEFT SIDE SIDESWIPE",Y,0,Clear,Dry,Daylight,,4308032.0,,32,One parked--one moving,0,0,N
3901,1,-122.31061820000001,47.69032971,4581,18778,18778,C629904,Matched,Block,,NE 85TH ST BETWEEN 16TH AVE NE AND 17TH W AVE NE,,,1,Property Damage Only Collision,Other,2,0,0,2,2004/03/24 00:00:00+00,3/24/2004 4:15:00 PM,Driveway Junction,11,"MOTOR VEHICLE STRUCK MOTOR VEHICLE, FRONT END AT ANGLE",,0,Overcast,Dry,Daylight,,4084042.0,,22,One car leaving driveway access,0,0,N
3902,1,-122.3372165,47.60576386,4583,18494,18494,1776179,Matched,Block,,1ST AVE BETWEEN SPRING ST AND SENECA ST,,,1,Property Damage Only Collision,Other,1,0,0,1,2004/02/11 00:00:00+00,2/11/2004 1:52:00 PM,Mid-Block (but intersection related),28,MOTOR VEHICLE RAN OFF ROAD - HIT FIXED OBJECT,,0,Clear,Dry,Daylight,,4042005.0,,50,Fixed object,0,0,N
3903,1,-122.3173632,47.67497937,4584,18486,18486,1328899,Matched,Intersection,25698.0,ROOSEVELT WAY NE AND NE 64TH ST,,,1,Property Damage Only Collision,Angles,2,0,0,2,2004/02/19 00:00:00+00,2/19/2004 2:52:00 PM,At Intersection (intersection related),11,"MOTOR VEHICLE STRUCK MOTOR VEHICLE, FRONT END AT ANGLE",,0,Clear,Dry,Daylight,Y,4050012.0,,10,Entering at angle,0,0,N
3904,1,-122.30310630000001,47.55452601,4585,18765,18765,1772829,Matched,Block,,BEACON WR AVE S BETWEEN S BENNETT ST AND S BRANDON ST,,,1,Property Damage Only Collision,Parked Car,2,0,0,2,2004/04/17 00:00:00+00,4/17/2004 9:08:00 AM,Mid-Block (not related to intersection),16,"MOTOR VEHICLE STRUCK MOTOR VEHICLE, LEFT SIDE SIDESWIPE",Y,0,Clear,Dry,Daylight,,4108033.0,,32,One parked--one moving,0,0,N
3905,2,-122.29284140000001,47.72379376,4586,18407,18407,1079632,Matched,Block,,LAKE CITY WAY NE BETWEEN NE 130TH ST AND NE 133RD ST,,,2,Injury Collision,Other,4,0,0,2,2004/07/16 00:00:00+00,7/16/2004 10:04:00 AM,Driveway Junction,11,"MOTOR VEHICLE STRUCK MOTOR VEHICLE, FRONT END AT ANGLE",,0,Clear,Dry,Daylight,,4198026.0,,21,One car entering driveway access,0,0,N
3906,2,-122.355429,47.62151945,4587,18147,18147,C649716,Matched,Block,,1ST AVE N BETWEEN THOMAS ST AND HARRISON ST,,,2,Injury Collision,Other,3,0,0,3,2004/12/04 00:00:00+00,12/4/2004,Driveway Junction,11,"MOTOR VEHICLE STRUCK MOTOR VEHICLE, FRONT END AT ANGLE",,0,Raining,Wet,Daylight,,4339074.0,,21,One car entering driveway access,0,0,N
3907,1,-122.33693799999999,47.72994445,4588,19019,19019,1774254,Matched,Intersection,35728.0,ROOSEVELT WAY N AND WALLINGFORD AVE N,,,1,Property Damage Only Collision,Angles,4,0,0,2,2004/05/14 00:00:00+00,5/14/2004 12:26:00 PM,At Intersection (intersection related),11,"MOTOR VEHICLE STRUCK MOTOR VEHICLE, FRONT END AT ANGLE",,0,Clear,Dry,Daylight,,4135028.0,,10,Entering at angle,0,0,N
3908,1,-122.3555529,47.72595395,4589,18855,18855,1212056,Matched,Block,,GREENWOOD AVE N BETWEEN N 133RD ST AND N 134TH ST,,,1,Property Damage Only Collision,Rear Ended,2,0,0,2,2004/05/12 00:00:00+00,5/12/2004 11:50:00 AM,Mid-Block (not related to intersection),14,"MOTOR VEHICLE STRUCK MOTOR VEHICLE, REAR END",,0,Clear,Dry,Daylight,,4133021.0,,14,From same direction - both going straight - one stopped - rear-end,0,0,N
3909,1,-122.3365155,47.618525399999996,4590,18088,18088,1069458,Matched,Block,,DENNY WAY BETWEEN TERRY AVE AND BOREN AVE N,,,1,Property Damage Only Collision,Rear Ended,2,0,0,2,2004/11/22 00:00:00+00,11/22/2004 5:45:00 PM,Mid-Block (but intersection related),14,"MOTOR VEHICLE STRUCK MOTOR VEHICLE, REAR END",,0,Overcast,Dry,Dark - Street Lights On,,4327021.0,,13,From same direction - both going straight - both moving - rear-end,0,0,N
3910,2,-122.3659647,47.65198248,4591,18952,18952,1482580,Matched,Block,,W NICKERSON ST BETWEEN 6TH AVE W AND 8TH AVE W,,,2,Injury Collision,Rear Ended,2,0,0,2,2004/06/05 00:00:00+00,6/5/2004,Mid-Block (not related to intersection),14,"MOTOR VEHICLE STRUCK MOTOR VEHICLE, REAR END",Y,0,Clear,Dry,Daylight,,4157019.0,,13,From same direction - both going straight - both moving - rear-end,0,0,N
3911,1,-122.38207879999999,47.57692728,4592,19049,19049,1790260,Matched,Intersection,31088.0,FAIRMOUNT AVE SW AND SW STEVENS ST,,,1,Property Damage Only Collision,Angles,3,0,0,2,2004/04/19 00:00:00+00,4/19/2004 7:40:00 AM,At Intersection (intersection related),11,"MOTOR VEHICLE STRUCK MOTOR VEHICLE, FRONT END AT ANGLE",,0,Raining,Wet,Daylight,,4110018.0,,10,Entering at angle,0,0,N
3912,1,-122.3029351,47.70072151,4593,18823,18823,1797153,Matched,Block,,LAKE CITY WAY NE BETWEEN NE 98TH ST AND NE 100TH ST,,,1,Property Damage Only Collision,Rear Ended,3,0,0,2,2004/10/22 00:00:00+00,10/22/2004 11:24:00 PM,Mid-Block (but intersection related),14,"MOTOR VEHICLE STRUCK MOTOR VEHICLE, REAR END",Y,0,Overcast,Wet,Dark - Street Lights On,,4296030.0,,14,From same direction - both going straight - one stopped - rear-end,0,0,N
3913,1,-122.3121365,47.65597537,4594,18382,18382,1780377,Matched,Intersection,27144.0,15TH AVE NE AND NE CAMPUS EB PY,,,1,Property Damage Only Collision,Angles,3,0,0,2,2004/02/18 00:00:00+00,2/18/2004 8:38:00 AM,At Intersection (intersection related),11,"MOTOR VEHICLE STRUCK MOTOR VEHICLE, FRONT END AT ANGLE",,0,Overcast,Wet,Daylight,,4049032.0,,10,Entering at angle,0,0,N
3914,1,-122.3652379,47.51736339,4595,18461,18461,1774781,Matched,Block,,SW ROXBURY ST BETWEEN 25TH AVE SW AND 26TH AVE SW,,,1,Property Damage Only Collision,Other,1,0,0,1,2004/04/02 00:00:00+00,4/2/2004,Mid-Block (but intersection related),28,MOTOR VEHICLE RAN OFF ROAD - HIT FIXED OBJECT,,0,Clear,Dry,Daylight,,4093035.0,,50,Fixed object,0,0,N
3915,2,-122.3146497,47.57188856,4596,18658,18658,1771834,Matched,Block,,S COLUMBIAN WAY BETWEEN 14TH AVE S AND S SPOKANE ST,,,2,Injury Collision,Rear Ended,2,0,0,2,2004/06/24 00:00:00+00,6/24/2004 10:11:00 PM,Mid-Block (but intersection related),16,"MOTOR VEHICLE STRUCK MOTOR VEHICLE, LEFT SIDE SIDESWIPE",,0,Clear,Dry,Dark - Street Lights On,,4176021.0,,73,Same direction -- both turning right -- both moving -- rear end,0,0,N
3916,1,-122.32904620000001,47.59648601,4597,18924,18924,1790003,Matched,Intersection,30538.0,4TH AVE S AND SEATTLE BLVD S,,,1,Property Damage Only Collision,Angles,2,0,0,2,2004/04/01 00:00:00+00,4/1/2004,At Intersection (intersection related),0,NOT ENOUGH INFORMATION / NOT APPLICABLE,,0,Clear,Dry,Daylight,,4092038.0,,10,Entering at angle,0,0,N
3917,1,-122.2924723,47.70391689,4598,18673,18673,1782049,Matched,Block,,NE 104TH ST BETWEEN 32ND AVE NE AND 35TH AVE NE,,,1,Property Damage Only Collision,Parked Car,2,0,0,2,2004/08/07 00:00:00+00,8/7/2004,Mid-Block (but intersection related),28,MOTOR VEHICLE RAN OFF ROAD - HIT FIXED OBJECT,,0,Raining,Wet,Dark - Street Lights On,,4220034.0,,32,One parked--one moving,0,0,N
3918,1,-122.3558189,47.66224455,4599,18493,18493,1776152,Matched,Block,,N MARKET ST BETWEEN N 46TH E ST AND GREENWOOD AVE N,,,1,Property Damage Only Collision,Sideswipe,2,0,0,2,2004/03/12 00:00:00+00,3/12/2004 9:30:00 PM,Mid-Block (but intersection related),11,"MOTOR VEHICLE STRUCK MOTOR VEHICLE, FRONT END AT ANGLE",,0,Clear,Dry,Dark - Street Lights On,,4072043.0,,11,From same direction - both going straight - both moving - sideswipe,0,0,N
3919,1,,,4603,19015,19015,531038,Matched,Alley,,,,,1,Property Damage Only Collision,Other,0,0,0,1,2004/09/21 00:00:00+00,9/21/2004 4:52:00 PM,Mid-Block (not related to intersection),0,NOT ENOUGH INFORMATION / NOT APPLICABLE,Y,0,Clear,Dry,Daylight,,4265002.0,,50,Fixed object,0,0,N