,SEVERITYCODE,X,Y,OBJECTID,INCKEY,COLDETKEY,REPORTNO,STATUS,ADDRTYPE,INTKEY,LOCATION,EXCEPTRSNCODE,EXCEPTRSNDESC,SEVERITYCODE.1,SEVERITYDESC,COLLISIONTYPE,PERSONCOUNT,PEDCOUNT,PEDCYLCOUNT,VEHCOUNT,INCDATE,INCDTTM,JUNCTIONTYPE,SDOT_COLCODE,SDOT_COLDESC,INATTENTIONIND,UNDERINFL,WEATHER,ROADCOND,LIGHTCOND,PEDROWNOTGRNT,SDOTCOLNUM,SPEEDING,ST_COLCODE,ST_COLDESC,SEGLANEKEY,CROSSWALKKEY,HITPARKEDCAR
3920,1,-122.37087509999999,47.50820079,4604,18555,18555,1781128,Matched,Intersection,38111.0,SEOLA BEACH DR SW AND SW 106TH ST,,,1,Property Damage Only Collision,Parked Car,2,0,0,2,2004/03/01 00:00:00+00,3/1/2004,At Intersection (intersection related),14,"MOTOR VEHICLE STRUCK MOTOR VEHICLE, REAR END",,0,Clear,Dry,Unknown,,4061001.0,,32,One parked--one moving,0,0,N
3921,1,-122.3146605,47.57819791,4605,18090,18090,1779489,Matched,Block,,14TH AVE S BETWEEN S MCCLELLAN ST AND S FOREST ST,,,1,Property Damage Only Collision,Sideswipe,3,0,0,2,2004/04/05 00:00:00+00,4/5/2004,Mid-Block (not related to intersection),16,"MOTOR VEHICLE STRUCK MOTOR VEHICLE, LEFT SIDE SIDESWIPE",Y,0,Clear,Dry,Daylight,,4096020.0,,12,From same direction - both going straight - one stopped - sideswipe,0,0,N
3922,1,-122.3500102,47.66467101,4606,18954,18954,1779922,Matched,Block,,FREMONT AVE N BETWEEN N 49TH ST AND N 50TH ST,,,1,Property Damage Only Collision,Parked Car,2,0,0,2,2004/05/17 00:00:00+00,5/17/2004 11:48:00 AM,Mid-Block (not related to intersection),11,"MOTOR VEHICLE STRUCK MOTOR VEHICLE, FRONT END AT ANGLE",,0,Unknown,Unknown,Unknown,,4138026.0,,32,One parked--one moving,0,0,N
3923,1,-122.37034209999999,47.63685564,4609,18421,18421,1777332,Matched,Block,,10TH AVE W BETWEEN W HOWE ST AND W CROCKETT ST,,,1,Property Damage Only Collision,Parked Car,2,0,0,2,2004/02/17 00:00:00+00,2/17/2004 9:15:00 AM,Mid-Block (not related to intersection),11,"MOTOR VEHICLE STRUCK MOTOR VEHICLE, FRONT END AT ANGLE",,0,Clear,Dry,Daylight,,4048023.0,,32,One parked--one moving,0,0,N
3924,2,-122.3397406,47.62454416,4610,18027,18027,1777987,Matched,Intersection,28765.0,9TH AVE N AND MERCER SR ST,,,2,Injury Collision,Angles,2,0,0,2,2004/05/18 00:00:00+00,5/18/2004 3:54:00 PM,At Intersection (intersection related),11,"MOTOR VEHICLE STRUCK MOTOR VEHICLE, FRONT END AT ANGLE",,0,Clear,Dry,Daylight,,4139012.0,,10,Entering at angle,0,0,N
3925,1,-122.36090220000001,47.64410189,4611,18896,18896,1777508,Matched,Intersection,27778.0,3RD AVE W AND W NEWELL ST,,,1,Property Damage Only Collision,Angles,2,0,0,2,2004/02/25 00:00:00+00,2/25/2004 5:05:00 PM,At Intersection (intersection related),11,"MOTOR VEHICLE STRUCK MOTOR VEHICLE, FRONT END AT ANGLE",,0,Clear,Dry,Dusk,,4056002.0,,10,Entering at angle,0,0,N
3926,1,,,4612,18394,18394,1777423,Matched,Block,,ALASKAN WY VI SB BETWEEN COLUMBIA ST ON RP AND ALASKAN WY VI SB EFR OFF RP,,,1,Property Damage Only Collision,Rear Ended,2,0,0,2,2004/05/22 00:00:00+00,5/22/2004 2:00:00 PM,Mid-Block (not related to intersection),14,"MOTOR VEHICLE STRUCK MOTOR VEHICLE, REAR END",,0,Raining,Wet,Daylight,,4143010.0,,13,From same direction - both going straight - both moving - rear-end,0,0,N
3927,1,-122.30621540000001,47.61409263,4613,17864,17864,1799163,Matched,Block,,20TH AVE BETWEEN E UNION ST AND E PINE ST,,,1,Property Damage Only Collision,Other,2,0,0,2,2004/11/30 00:00:00+00,11/30/2004 3:00:00 PM,Mid-Block (not related to intersection),11,"MOTOR VEHICLE STRUCK MOTOR VEHICLE, FRONT END AT ANGLE",,0,Other,Unknown,Daylight,,4335006.0,,22,One car leaving driveway access,0,0,N
3928,2,-122.34462959999999,47.69961937,4614,19060,19060,1793761,Matched,Intersection,37312.0,AURORA AVE N AND N 97TH ST,,,2,Injury Collision,Angles,2,0,0,2,2004/09/16 00:00:00+00,9/16/2004 5:29:00 PM,At Intersection (intersection related),11,"MOTOR VEHICLE STRUCK MOTOR VEHICLE, FRONT END AT ANGLE",,0,Raining,Wet,Daylight,,4260033.0,,10,Entering at angle,0,0,N
3929,1,-122.35169440000001,47.53189507,4616,18358,18358,1317267,Matched,Intersection,34163.0,13TH AVE SW AND SW KENYON ST,,,1,Property Damage Only Collision,Angles,3,0,0,3,2004/03/26 00:00:00+00,3/26/2004 8:25:00 PM,At Intersection (intersection related),11,"MOTOR VEHICLE STRUCK MOTOR VEHICLE, FRONT END AT ANGLE",,0,Overcast,Wet,Dark - Street Lights On,,4086014.0,,10,Entering at angle,0,0,N
3930,2,-122.25934299999999,47.55104978,4617,18190,18190,1772885,Matched,Intersection,33710.0,LAKE WASHINGTON BLVD S AND S ORCAS ST,,,2,Injury Collision,Cycles,2,0,1,1,2004/05/17 00:00:00+00,5/17/2004 6:49:00 PM,At Intersection (intersection related),18,"MOTOR VEHICLE STRUCK PEDALCYCLIST, FRONT END AT ANGLE",Y,0,Clear,Dry,Daylight,Y,4138008.0,,45,Vehicle - Pedalcyclist,0,0,N
3931,1,-122.26999029999999,47.5346718,4618,18770,18770,1771291,Matched,Intersection,34479.0,RAINIER AVE S AND S AUSTIN ST,,,1,Property Damage Only Collision,Angles,7,0,0,2,2004/03/26 00:00:00+00,3/26/2004 4:51:00 PM,At Intersection (intersection related),11,"MOTOR VEHICLE STRUCK MOTOR VEHICLE, FRONT END AT ANGLE",,0,Raining,Wet,Daylight,,4086032.0,,10,Entering at angle,0,0,N
3932,2,-122.31188130000001,47.66854,4619,18958,18958,1780381,Matched,Intersection,26013.0,15TH AVE NE AND NE 55TH ST,,,2,Injury Collision,Angles,3,0,0,2,2004/03/20 00:00:00+00,3/20/2004 9:07:00 PM,At Intersection (intersection related),11,"MOTOR VEHICLE STRUCK MOTOR VEHICLE, FRONT END AT ANGLE",,0,Clear,Dry,Dark - Street Lights On,,4080009.0,,10,Entering at angle,0,0,N
3933,1,-122.3322566,47.60537425,4620,18025,18025,1777767,Matched,Intersection,29953.0,4TH AVE AND MARION ST,,,1,Property Damage Only Collision,Angles,5,0,0,3,2004/01/17 00:00:00+00,1/17/2004 1:06:00 PM,At Intersection (intersection related),11,"MOTOR VEHICLE STRUCK MOTOR VEHICLE, FRONT END AT ANGLE",,0,Clear,Dry,Daylight,,4017003.0,,10,Entering at angle,0,0,N
3934,2,-122.33469509999999,47.53989316,4621,18891,18891,1754961,Matched,Block,,1ST AV S BR NB BETWEEN POINT A AND SR509 NB,,,2,Injury Collision,Rear Ended,3,0,0,3,2004/06/01 00:00:00+00,6/1/2004,Mid-Block (not related to intersection),14,"MOTOR VEHICLE STRUCK MOTOR VEHICLE, REAR END",,0,Clear,Dry,Daylight,,4153038.0,Y,14,From same direction - both going straight - one stopped - rear-end,0,0,N
3935,1,-122.3369223,47.65050456,4622,19012,19012,1080229,Matched,Block,,N 36TH ST BETWEEN DENSMORE AVE N AND WALLINGFORD AVE N,,,1,Property Damage Only Collision,Parked Car,2,0,0,2,2004/11/22 00:00:00+00,11/22/2004 7:44:00 AM,Mid-Block (not related to intersection),14,"MOTOR VEHICLE STRUCK MOTOR VEHICLE, REAR END",,0,Clear,Dry,Daylight,,4327047.0,,32,One parked--one moving,0,0,N
3936,1,-122.31195159999999,47.66398823,4624,18513,18513,C650796,Matched,Block,,15TH AVE NE BETWEEN NE 47TH ST AND NE 50TH ST,,,1,Property Damage Only Collision,Rear Ended,2,0,0,2,2004/12/10 00:00:00+00,12/10/2004 6:15:00 PM,Mid-Block (not related to intersection),14,"MOTOR VEHICLE STRUCK MOTOR VEHICLE, REAR END",,0,Raining,Wet,Dark - Street Lights On,,4345084.0,,14,From same direction - both going straight - one stopped - rear-end,0,0,N
3937,1,-122.3027274,47.61226406,4625,18635,18635,1788470,Matched,Block,,23RD AVE BETWEEN E SPRING ST AND E UNION ST,,,1,Property Damage Only Collision,Sideswipe,2,0,0,2,2004/09/10 00:00:00+00,9/10/2004 11:04:00 AM,Mid-Block (not related to intersection),11,"MOTOR VEHICLE STRUCK MOTOR VEHICLE, FRONT END AT ANGLE",,0,Clear,Dry,Daylight,,4254027.0,,11,From same direction - both going straight - both moving - sideswipe,0,0,N
3938,1,-122.34913970000001,47.6137554,4626,18988,18988,1785028,Matched,Block,,WESTERN AVE BETWEEN BATTERY ST AND WALL ST,,,1,Property Damage Only Collision,Parked Car,2,0,0,2,2004/10/22 00:00:00+00,10/22/2004 10:59:00 PM,Mid-Block (not related to intersection),14,"MOTOR VEHICLE STRUCK MOTOR VEHICLE, REAR END",,1,Clear,Dry,Dark - Street Lights On,,4296016.0,,32,One parked--one moving,0,0,N
3939,2,-122.30843030000001,47.57250753,4627,18069,18069,1771406,Matched,Block,,BEACON AVE S BETWEEN S HINDS ST AND S SPOKANE ST,,,2,Injury Collision,Other,2,0,0,2,2004/03/06 00:00:00+00,3/6/2004,Mid-Block (but intersection related),11,"MOTOR VEHICLE STRUCK MOTOR VEHICLE, FRONT END AT ANGLE",,0,Clear,Dry,Daylight,,4066013.0,,23,From same direction - all others,0,0,N
3940,1,-122.2986092,47.54632636,4628,18045,18045,1793332,Matched,Block,,S GRAHAM ST BETWEEN BEACON ER AVE S AND 28TH AVE S,,,1,Property Damage Only Collision,Parked Car,2,0,0,2,2004/09/20 00:00:00+00,9/20/2004 11:22:00 PM,Mid-Block (not related to intersection),16,"MOTOR VEHICLE STRUCK MOTOR VEHICLE, LEFT SIDE SIDESWIPE",,0,Unknown,Dry,Unknown,,4264016.0,,32,One parked--one moving,0,0,N
3941,2,-122.3275509,47.61197567,4629,18123,18123,1772391,Matched,Block,,BOREN AVE BETWEEN UNIVERSITY ST AND UNION ST,,,2,Injury Collision,Rear Ended,2,0,0,2,2004/05/07 00:00:00+00,5/7/2004,Mid-Block (not related to intersection),14,"MOTOR VEHICLE STRUCK MOTOR VEHICLE, REAR END",,0,Overcast,Wet,Daylight,,4128050.0,,13,From same direction - both going straight - both moving - rear-end,0,0,N
3942,2,-122.38145619999999,47.56110747,4630,18014,18014,1333995,Matched,Intersection,31920.0,FAUNTLEROY WAY SW AND SW ALASKA ST,,,2,Injury Collision,Other,1,0,0,1,2004/07/10 00:00:00+00,7/10/2004 9:00:00 AM,At Intersection (intersection related),29,MOTOR VEHICLE OVERTURNED IN ROAD,,0,Clear,Oil,Daylight,,4192003.0,,52,Vehicle overturned,0,0,N
3943,1,,,4632,18705,18705,1205316,Matched,Alley,,,,,1,Property Damage Only Collision,Other,1,0,0,1,2004/04/30 00:00:00+00,4/30/2004 12:14:00 PM,,0,NOT ENOUGH INFORMATION / NOT APPLICABLE,Y,0,Clear,Dry,Daylight,,4121030.0,,50,Fixed object,0,0,N
3944,1,-122.3325818,47.60572989,4633,18375,18375,1213879,Matched,Block,,4TH AVE BETWEEN MARION ST AND MADISON ST,,,1,Property Damage Only Collision,Sideswipe,2,0,0,2,2004/06/24 00:00:00+00,6/24/2004 10:09:00 AM,Mid-Block (not related to intersection),16,"MOTOR VEHICLE STRUCK MOTOR VEHICLE, LEFT SIDE SIDESWIPE",,0,Clear,Dry,Daylight,,4176007.0,,11,From same direction - both going straight - both moving - sideswipe,0,0,N
3945,2,-122.32391000000001,47.59242872,4634,18342,18342,1072230,Matched,Intersection,30555.0,AIRPORT WAY S AND S ROYAL BROUGHAM WAY,,,2,Injury Collision,Angles,2,0,0,2,2004/05/14 00:00:00+00,5/14/2004 4:15:00 PM,At Intersection (intersection related),11,"MOTOR VEHICLE STRUCK MOTOR VEHICLE, FRONT END AT ANGLE",,0,Clear,Dry,Daylight,,4135013.0,,10,Entering at angle,0,0,N
3946,1,-122.4060645,47.67241515,4635,18805,18805,1774011,Matched,Block,,SEAVIEW AVE NW BETWEEN 38TH AVE NW AND NW 61ST ST,,,1,Property Damage Only Collision,Other,1,0,0,1,2004/03/12 00:00:00+00,3/12/2004 11:19:00 PM,Mid-Block (not related to intersection),28,MOTOR VEHICLE RAN OFF ROAD - HIT FIXED OBJECT,,1,Clear,Dry,Dark - Street Lights On,,4072008.0,,50,Fixed object,0,0,N
3947,1,-122.30332630000001,47.57629546,4636,18777,18777,1771609,Matched,Block,,23RD AVE S BETWEEN S STEVENS ST AND S WINTHROP ST,,,1,Property Damage Only Collision,Rear Ended,3,0,0,2,2004/05/27 00:00:00+00,5/27/2004 3:50:00 PM,Mid-Block (but intersection related),14,"MOTOR VEHICLE STRUCK MOTOR VEHICLE, REAR END",Y,0,Raining,Wet,Daylight,,4148027.0,,14,From same direction - both going straight - one stopped - rear-end,0,0,N
3948,1,-122.2389494,47.51050158,4637,18670,18670,1772902,Matched,Block,,RAINIER AVE S BETWEEN 75TH AVE S AND CITY LIMITS,,,1,Property Damage Only Collision,Parked Car,2,0,0,2,2004/04/19 00:00:00+00,4/19/2004 9:58:00 PM,Mid-Block (not related to intersection),14,"MOTOR VEHICLE STRUCK MOTOR VEHICLE, REAR END",,0,Raining,Wet,Dark - Street Lights On,,4110007.0,,32,One parked--one moving,0,0,N
3949,1,-122.3192088,47.70856922,4638,18723,18723,1794173,Matched,Block,,NE NORTHGATE WAY BETWEEN 8TH AVE NE AND ROOSEVELT WAY NE,,,1,Property Damage Only Collision,Rear Ended,3,0,0,3,2004/11/09 00:00:00+00,11/9/2004,Mid-Block (but intersection related),14,"MOTOR VEHICLE STRUCK MOTOR VEHICLE, REAR END",,0,Clear,Dry,Dusk,,4314024.0,,14,From same direction - both going straight - one stopped - rear-end,0,0,N
3950,1,-122.3119837,47.62326036,4639,18039,18039,1216817,Matched,Block,,E REPUBLICAN ST BETWEEN 15TH N AVE E AND 16TH AVE E,,,1,Property Damage Only Collision,Parked Car,2,0,0,2,2004/07/15 00:00:00+00,7/15/2004 2:00:00 AM,Mid-Block (not related to intersection),11,"MOTOR VEHICLE STRUCK MOTOR VEHICLE, FRONT END AT ANGLE",,0,Unknown,Unknown,Unknown,,4197024.0,,32,One parked--one moving,0,0,N
3951,1,-122.2757977,47.66829657,4640,18759,18759,1219863,Matched,Intersection,26145.0,PRINCETON AVE NE AND SAND POINT WAY NE,,,1,Property Damage Only Collision,Angles,2,0,0,2,2004/12/29 00:00:00+00,12/29/2004 6:25:00 PM,At Intersection (intersection related),11,"MOTOR VEHICLE STRUCK MOTOR VEHICLE, FRONT END AT ANGLE",,0,Overcast,Wet,Dark - Street Lights On,,4364014.0,,10,Entering at angle,0,0,N
3952,1,-122.3423382,47.62583103,4641,18120,18120,1784766,Matched,Block,,DEXTER AVE N BETWEEN ROY ST AND VALLEY ST,,,1,Property Damage Only Collision,Sideswipe,2,0,0,2,2004/09/30 00:00:00+00,9/30/2004 1:09:00 PM,Mid-Block (but intersection related),11,"MOTOR VEHICLE STRUCK MOTOR VEHICLE, FRONT END AT ANGLE",,0,Clear,Dry,Daylight,,4274004.0,,11,From same direction - both going straight - both moving - sideswipe,0,0,N
3953,2,-122.3334501,47.54664079,4643,18870,18870,1790266,Matched,Block,,EAST MARGINAL WAY S BETWEEN 1ST AV S BR NB AND S FRONT ST,,,2,Injury Collision,Rear Ended,2,0,0,2,2004/06/23 00:00:00+00,6/23/2004 9:55:00 AM,Mid-Block (but intersection related),14,"MOTOR VEHICLE STRUCK MOTOR VEHICLE, REAR END",Y,0,Clear,Dry,Daylight,,4175028.0,,14,From same direction - both going straight - one stopped - rear-end,0,0,N
3954,1,-122.3872247,47.54397488,4646,19055,19055,1797929,Matched,Block,,CALIFORNIA AVE SW BETWEEN FAUNTLEROY WAY SW AND SW HOLLY ST,,,1,Property Damage Only Collision,Sideswipe,2,0,0,2,2004/09/23 00:00:00+00,9/23/2004 9:45:00 AM,Driveway Junction,16,"MOTOR VEHICLE STRUCK MOTOR VEHICLE, LEFT SIDE SIDESWIPE",,0,Overcast,Wet,Daylight,,4267036.0,,11,From same direction - both going straight - both moving - sideswipe,0,0,N
3955,1,-122.38758870000001,47.6858857,4647,19116,19116,1781842,Matched,Block,,24TH AVE NW BETWEEN NW 77TH ST AND NW 80TH ST,,,1,Property Damage Only Collision,Parked Car,2,0,0,2,2004/10/23 00:00:00+00,10/23/2004 3:36:00 AM,Mid-Block (not related to intersection),14,"MOTOR VEHICLE STRUCK MOTOR VEHICLE, REAR END",Y,0,Raining,Wet,Dark - Street Lights On,,4297007.0,,32,One parked--one moving,0,0,N
3956,1,-122.34493,47.62846294,4648,18170,18170,1775624,Matched,Block,,6TH AVE N BETWEEN WARD ST AND PROSPECT ST,,,1,Property Damage Only Collision,Parked Car,2,0,0,2,2004/07/10 00:00:00+00,7/10/2004 8:00:00 PM,Mid-Block (but intersection related),14,"MOTOR VEHICLE STRUCK MOTOR VEHICLE, REAR END",,0,Clear,Dry,Daylight,,4192008.0,,32,One parked--one moving,0,0,N
3957,2,-122.376777,47.68230841,4649,18893,18893,1781043,Matched,Block,,15TH AVE NW BETWEEN NW 73RD ST AND NW 75TH ST,,,2,Injury Collision,Rear Ended,3,0,0,3,2004/06/30 00:00:00+00,6/30/2004 2:39:00 PM,Mid-Block (not related to intersection),14,"MOTOR VEHICLE STRUCK MOTOR VEHICLE, REAR END",Y,0,Clear,Dry,Daylight,,4182015.0,,14,From same direction - both going straight - one stopped - rear-end,0,0,N
3958,1,-122.2902243,47.62751775,4650,18402,18402,1790622,Matched,Block,,E MADISON ST BETWEEN 32ND AVE E AND 33RD AVE E,,,1,Property Damage Only Collision,Parked Car,3,0,0,3,2004/12/07 00:00:00+00,12/7/2004,Mid-Block (not related to intersection),16,"MOTOR VEHICLE STRUCK MOTOR VEHICLE, LEFT SIDE SIDESWIPE",,0,Raining,Wet,Dark - Street Lights On,,4342049.0,,32,One parked--one moving,0,0,N
3959,1,-122.3475826,47.62324273,4653,18844,18844,880092,Matched,Intersection,28922.0,5TH AVE N AND REPUBLICAN ST,,,1,Property Damage Only Collision,Left Turn,0,0,0,2,2004/03/06 00:00:00+00,3/6/2004,At Intersection (intersection related),11,"MOTOR VEHICLE STRUCK MOTOR VEHICLE, FRONT END AT ANGLE",,0,Clear,Dry,Daylight,,4066019.0,,28,From opposite direction - one left turn - one straight,0,0,N
3960,2,-122.32675970000001,47.5861751,4654,18364,18364,1482622,Matched,Block,,S HOLGATE ST BETWEEN 5TH AVE S AND 6TH AVE S,,,2,Injury Collision,Sideswipe,5,0,0,2,2004/06/26 00:00:00+00,6/26/2004 5:05:00 PM,Mid-Block (but intersection related),15,"MOTOR VEHICLE STRUCK MOTOR VEHICLE, RIGHT SIDE SIDESWIPE",,0,Clear,Dry,Daylight,,4178006.0,,12,From same direction - both going straight - one stopped - sideswipe,0,0,N
3961,1,-122.30588870000001,47.58849081,4655,18043,18043,1792999,Matched,Block,,RAINIER AVE S BETWEEN RAINIER NB I90 EB ON RP AND S MASSACHUSETTS ST,,,1,Property Damage Only Collision,Rear Ended,4,0,0,2,2004/10/25 00:00:00+00,10/25/2004 3:00:00 PM,Mid-Block (but intersection related),14,"MOTOR VEHICLE STRUCK MOTOR VEHICLE, REAR END",,0,Clear,Dry,Daylight,,4299022.0,,14,From same direction - both going straight - one stopped - rear-end,0,0,N
3962,1,-122.26676429999999,47.51984487,4656,18616,18616,1479595,Matched,Block,,RAINIER AVE S BETWEEN 52ND AVE S AND 53RD AVE S,,,1,Property Damage Only Collision,Rear Ended,2,0,0,2,2004/05/28 00:00:00+00,5/28/2004 1:57:00 PM,Mid-Block (but intersection related),14,"MOTOR VEHICLE STRUCK MOTOR VEHICLE, REAR END",,0,Overcast,Wet,Daylight,,4149041.0,,14,From same direction - both going straight - one stopped - rear-end,0,0,N
3963,1,-122.3315717,47.60087925,4658,18596,18596,1182107,Matched,Intersection,30491.0,2ND AVE S AND S WASHINGTON ST,,,1,Property Damage Only Collision,Angles,3,0,0,2,2004/09/19 00:00:00+00,9/19/2004 12:11:00 AM,At Intersection (intersection related),11,"MOTOR VEHICLE STRUCK MOTOR VEHICLE, FRONT END AT ANGLE",,0,Overcast,Dry,Dark - Street Lights On,,4263012.0,,10,Entering at angle,0,0,N
3964,1,-122.32929209999999,47.61844935,4659,18477,18477,1243530,Matched,Block,,DENNY WAY BETWEEN STEWART ST AND MELROSE AVE,,,1,Property Damage Only Collision,Sideswipe,2,0,0,2,2004/08/06 00:00:00+00,8/6/2004,Mid-Block (not related to intersection),16,"MOTOR VEHICLE STRUCK MOTOR VEHICLE, LEFT SIDE SIDESWIPE",,0,Raining,Wet,Daylight,,4219001.0,,11,From same direction - both going straight - both moving - sideswipe,0,0,N
3965,2,-122.3146497,47.57188856,4661,19042,19042,1787598,Matched,Block,,S COLUMBIAN WAY BETWEEN 14TH AVE S AND S SPOKANE ST,,,2,Injury Collision,Other,1,0,0,1,2004/11/15 00:00:00+00,11/15/2004 12:09:00 PM,Mid-Block (not related to intersection),28,MOTOR VEHICLE RAN OFF ROAD - HIT FIXED OBJECT,,0,Overcast,Wet,Daylight,,4320043.0,Y,50,Fixed object,0,0,N
3966,1,-122.3445163,47.68947438,4662,18395,18395,1777479,Matched,Block,,AURORA AVE N BETWEEN GREEN LAKE DR N AND N 84TH ST,,,1,Property Damage Only Collision,Sideswipe,2,0,0,2,2004/03/05 00:00:00+00,3/5/2004,Mid-Block (but intersection related),16,"MOTOR VEHICLE STRUCK MOTOR VEHICLE, LEFT SIDE SIDESWIPE",,1,Clear,Dry,Dark - Street Lights On,,4065021.0,,11,From same direction - both going straight - both moving - sideswipe,0,0,N
3967,1,-122.3396682,47.62714632,4663,17562,17562,1784826,Matched,Intersection,28734.0,WESTLAKE AVE N AND ALOHA ST,,,1,Property Damage Only Collision,Left Turn,4,0,0,2,2004/09/08 00:00:00+00,9/8/2004,Ramp Junction,11,"MOTOR VEHICLE STRUCK MOTOR VEHICLE, FRONT END AT ANGLE",,1,Clear,Dry,Dark - Street Lights On,,4252006.0,,15,From same direction - one left turn - one straight,0,0,N
3968,1,-122.34625919999999,47.625418100000005,4664,18945,18945,1212962,Matched,Intersection,28889.0,ROY ST AND TAYLOR AVE N,,,1,Property Damage Only Collision,Angles,2,0,0,2,2004/03/17 00:00:00+00,3/17/2004 7:05:00 AM,At Intersection (intersection related),11,"MOTOR VEHICLE STRUCK MOTOR VEHICLE, FRONT END AT ANGLE",,0,Raining,Wet,Daylight,,4077003.0,,10,Entering at angle,0,0,N
3969,1,-122.34803909999998,47.61779536,4665,18541,18541,1777179,Matched,Intersection,29654.0,4TH AVE AND CEDAR ST,,,1,Property Damage Only Collision,Angles,2,0,0,2,2004/02/09 00:00:00+00,2/9/2004,At Intersection (intersection related),11,"MOTOR VEHICLE STRUCK MOTOR VEHICLE, FRONT END AT ANGLE",,0,Clear,Dry,Daylight,,4040019.0,,10,Entering at angle,0,0,N
3970,1,-122.36713,47.65926911,4666,18082,18082,1793853,Matched,Block,,NW 43RD ST BETWEEN 8TH N AVE NW AND 9TH AVE NW,,,1,Property Damage Only Collision,Parked Car,2,0,0,2,2004/07/29 00:00:00+00,7/29/2004 1:20:00 PM,Mid-Block (but intersection related),14,"MOTOR VEHICLE STRUCK MOTOR VEHICLE, REAR END",Y,0,Clear,Dry,Daylight,,4211004.0,,32,One parked--one moving,0,0,N
3971,1,-122.2853874,47.53702877,4667,18333,18333,1787888,Matched,Block,,S OTHELLO ST BETWEEN S MYRTLE PL AND 38TH AVE S,,,1,Property Damage Only Collision,Rear Ended,2,0,0,2,2004/10/05 00:00:00+00,10/5/2004,Mid-Block (not related to intersection),14,"MOTOR VEHICLE STRUCK MOTOR VEHICLE, REAR END",Y,0,Fog/Smog/Smoke,Dry,Daylight,,4279054.0,,14,From same direction - both going straight - one stopped - rear-end,0,0,N
3972,1,-122.3138362,47.678034499999995,4668,18904,18904,1779821,Matched,Block,,NE 68TH ST BETWEEN 12TH AVE NE AND 15TH N AVE NE,,,1,Property Damage Only Collision,Parked Car,2,0,0,2,2004/06/09 00:00:00+00,6/9/2004,Mid-Block (not related to intersection),12,"MOTOR VEHICLE STRUCK MOTOR VEHICLE, RIGHT SIDE AT ANGLE",,0,Unknown,Unknown,Unknown,,4161011.0,,32,One parked--one moving,0,0,N
3973,1,,,4671,18597,18597,1186847,Matched,Block,,BATTERY ST TUNNEL NB BETWEEN ALASKAN WY VI NB AND AURORA AVE N,,,1,Property Damage Only Collision,Other,1,0,0,1,2004/05/25 00:00:00+00,5/25/2004 9:30:00 PM,Mid-Block (not related to intersection),26,MOTOR VEHICLE STRUCK OBJECT IN ROAD,,0,Raining,Wet,Dark - Street Lights On,,4146032.0,,50,Fixed object,0,0,N
3974,1,-122.3025521,47.64280163,4673,18105,18105,1772278,Matched,Block,,EAST MONTLAKE PL E BETWEEN 24TH AVE E AND E ROANOKE ST,,,1,Property Damage Only Collision,Rear Ended,4,0,0,3,2004/04/21 00:00:00+00,4/21/2004 4:59:00 PM,Mid-Block (not related to intersection),14,"MOTOR VEHICLE STRUCK MOTOR VEHICLE, REAR END",Y,0,Clear,Dry,Daylight,,4112012.0,Y,13,From same direction - both going straight - both moving - rear-end,0,0,N
3975,1,-122.3227747,47.61522862,4674,18349,18349,1789487,Matched,Block,,E PINE ST BETWEEN BOYLSTON AVE AND HARVARD AVE,,,1,Property Damage Only Collision,Parked Car,2,0,0,2,2004/01/02 00:00:00+00,1/2/2004,Mid-Block (not related to intersection),14,"MOTOR VEHICLE STRUCK MOTOR VEHICLE, REAR END",,0,Unknown,Unknown,Unknown,,4002008.0,,32,One parked--one moving,0,0,N
3976,1,-122.33414979999999,47.60408847,4675,18932,18932,1773953,Matched,Block,,2ND AVE BETWEEN COLUMBIA ST AND MARION ST,,,1,Property Damage Only Collision,Rear Ended,3,0,0,3,2004/01/06 00:00:00+00,1/6/2004,Mid-Block (but intersection related),14,"MOTOR VEHICLE STRUCK MOTOR VEHICLE, REAR END",,0,Snowing,Snow/Slush,Daylight,,4006039.0,Y,14,From same direction - both going straight - one stopped - rear-end,0,0,N
3977,1,-122.33486629999999,47.60822792,4676,18982,18982,1482701,Matched,Intersection,29931.0,4TH AVE AND UNIVERSITY ST,,,1,Property Damage Only Collision,Sideswipe,2,0,0,2,2004/05/06 00:00:00+00,5/6/2004,At Intersection (intersection related),16,"MOTOR VEHICLE STRUCK MOTOR VEHICLE, LEFT SIDE SIDESWIPE",,0,Clear,Dry,Daylight,,4127005.0,,71,Same direction -- both turning right -- both moving -- sideswipe,0,0,N
3978,2,-122.3027274,47.61226406,4678,18185,18185,1198428,Matched,Block,,23RD AVE BETWEEN E SPRING ST AND E UNION ST,,,2,Injury Collision,Other,2,0,0,2,2004/11/22 00:00:00+00,11/22/2004 7:59:00 AM,Driveway Junction,14,"MOTOR VEHICLE STRUCK MOTOR VEHICLE, REAR END",,0,Overcast,Dry,Daylight,,4327012.0,,22,One car leaving driveway access,0,0,N
3979,1,,,4679,18419,18419,1784615,Matched,Block,,ALASKAN WY VI SB BETWEEN ELLIOTT AV ON RP AND COLUMBIA ST ON RP,,,1,Property Damage Only Collision,Other,3,0,0,2,2004/11/15 00:00:00+00,11/15/2004 12:39:00 PM,Mid-Block (not related to intersection),26,MOTOR VEHICLE STRUCK OBJECT IN ROAD,,0,Overcast,Wet,Daylight,,4320009.0,Y,50,Fixed object,0,0,N