,SEVERITYCODE,X,Y,OBJECTID,INCKEY,COLDETKEY,REPORTNO,STATUS,ADDRTYPE,INTKEY,LOCATION,EXCEPTRSNCODE,EXCEPTRSNDESC,SEVERITYCODE.1,SEVERITYDESC,COLLISIONTYPE,PERSONCOUNT,PEDCOUNT,PEDCYLCOUNT,VEHCOUNT,INCDATE,INCDTTM,JUNCTIONTYPE,SDOT_COLCODE,SDOT_COLDESC,INATTENTIONIND,UNDERINFL,WEATHER,ROADCOND,LIGHTCOND,PEDROWNOTGRNT,SDOTCOLNUM,SPEEDING,ST_COLCODE,ST_COLDESC,SEGLANEKEY,CROSSWALKKEY,HITPARKEDCAR
3980,1,-122.3031749,47.61293724,4681,18740,18740,1789820,Matched,Block,,E UNION ST BETWEEN 22ND AVE AND 23RD AVE,,,1,Property Damage Only Collision,Rear Ended,2,0,0,2,2004/03/02 00:00:00+00,3/2/2004,Mid-Block (but intersection related),14,"MOTOR VEHICLE STRUCK MOTOR VEHICLE, REAR END",,0,Clear,Dry,Daylight,,4062028.0,,14,From same direction - both going straight - one stopped - rear-end,0,0,N
3981,1,-122.3134679,47.55410054,4682,18858,18858,1773267,Matched,Block,,15TH AVE S BETWEEN S BENNETT ST AND S LUCILE ST,,,1,Property Damage Only Collision,Parked Car,2,0,0,2,2004/11/24 00:00:00+00,11/24/2004 3:00:00 PM,Mid-Block (not related to intersection),16,"MOTOR VEHICLE STRUCK MOTOR VEHICLE, LEFT SIDE SIDESWIPE",,0,Raining,Wet,Dusk,,4329048.0,,32,One parked--one moving,0,0,N
3982,1,-122.34454779999999,47.69273738,4684,18052,18052,1080308,Matched,Intersection,37353.0,AURORA AVE N AND N 88TH N ST,,,1,Property Damage Only Collision,Left Turn,3,0,0,2,2004/07/24 00:00:00+00,7/24/2004 1:55:00 PM,At Intersection (intersection related),11,"MOTOR VEHICLE STRUCK MOTOR VEHICLE, FRONT END AT ANGLE",,0,Clear,Dry,Daylight,,4206008.0,,28,From opposite direction - one left turn - one straight,0,0,N
3983,1,-122.3174134,47.67947022,4685,18806,18806,1774030,Matched,Intersection,24464.0,ROOSEVELT WAY NE AND NE 70TH ST,,,1,Property Damage Only Collision,Sideswipe,2,0,0,2,2004/03/01 00:00:00+00,3/1/2004,At Intersection (intersection related),16,"MOTOR VEHICLE STRUCK MOTOR VEHICLE, LEFT SIDE SIDESWIPE",,0,Clear,Dry,Daylight,,4061021.0,,71,Same direction -- both turning right -- both moving -- sideswipe,0,0,N
3984,1,-122.31678000000001,47.60774153,4686,18923,18923,1789825,Matched,Block,,12TH AVE BETWEEN E JAMES CT AND E CHERRY ST,,,1,Property Damage Only Collision,Rear Ended,2,0,0,2,2004/04/05 00:00:00+00,4/5/2004,Mid-Block (but intersection related),14,"MOTOR VEHICLE STRUCK MOTOR VEHICLE, REAR END",Y,0,Clear,Dry,Daylight,,4096005.0,,14,From same direction - both going straight - one stopped - rear-end,0,0,N
3985,1,-122.312648,47.71850674,4687,18970,18970,1773779,Matched,Block,,15TH AVE NE BETWEEN NE 123RD ST AND NE 125TH ST,,,1,Property Damage Only Collision,Other,2,0,0,2,2004/09/09 00:00:00+00,9/9/2004,Driveway Junction,11,"MOTOR VEHICLE STRUCK MOTOR VEHICLE, FRONT END AT ANGLE",,0,Overcast,Dry,Daylight,,4253017.0,,22,One car leaving driveway access,0,0,N
3986,1,-122.2929979,47.57899645,4688,18727,18727,1773320,Matched,Block,,31ST AVE S BETWEEN S LANDER ST AND S MCCLELLAN ST,,,1,Property Damage Only Collision,Other,1,0,0,1,2004/11/13 00:00:00+00,11/13/2004 3:30:00 AM,Mid-Block (but intersection related),28,MOTOR VEHICLE RAN OFF ROAD - HIT FIXED OBJECT,,0,Unknown,Wet,Dark - Street Lights On,,4318003.0,,50,Fixed object,0,0,N
3987,1,-122.3324513,47.60726631,4689,18319,18319,1776268,Matched,Intersection,29933.0,5TH AVE AND SPRING ST,,,1,Property Damage Only Collision,Angles,4,0,0,2,2004/04/11 00:00:00+00,4/11/2004 12:38:00 PM,At Intersection (intersection related),11,"MOTOR VEHICLE STRUCK MOTOR VEHICLE, FRONT END AT ANGLE",,0,Clear,Dry,Daylight,,4102015.0,,10,Entering at angle,0,0,N
3988,1,-122.3333889,47.52679399,4690,18760,18760,1197982,Matched,Block,,S CLOVERDALE ST BETWEEN 1ST AVE S AND CLOVERDALE ST OFF RP,,,1,Property Damage Only Collision,Other,2,0,0,2,2004/12/28 00:00:00+00,12/28/2004 8:31:00 AM,Mid-Block (not related to intersection),11,"MOTOR VEHICLE STRUCK MOTOR VEHICLE, FRONT END AT ANGLE",,0,Fog/Smog/Smoke,Dry,Daylight,,4363020.0,,23,From same direction - all others,0,0,N
3989,2,-122.271247,47.540249700000004,4691,18258,18258,1793560,Matched,Block,,RAINIER AVE S BETWEEN S WILLOW ST AND S FRONTENAC ST,,,2,Injury Collision,Other,1,0,0,1,2004/09/26 00:00:00+00,9/26/2004 2:41:00 AM,Mid-Block (not related to intersection),28,MOTOR VEHICLE RAN OFF ROAD - HIT FIXED OBJECT,,0,Clear,Dry,Dark - Street Lights On,,4270031.0,,50,Fixed object,0,0,N
3990,1,-122.3109494,47.59511628,4692,18430,18430,1213956,Matched,Block,,RAINIER AVE S BETWEEN S DEARBORN ST AND S CHARLES N ST,,,1,Property Damage Only Collision,Sideswipe,3,0,0,2,2004/05/03 00:00:00+00,5/3/2004,Mid-Block (but intersection related),11,"MOTOR VEHICLE STRUCK MOTOR VEHICLE, FRONT END AT ANGLE",,0,Clear,Dry,Daylight,,4124020.0,,11,From same direction - both going straight - both moving - sideswipe,0,0,N
3991,1,-122.340864,47.51727685,4694,18550,18550,1690471,Matched,Block,,SW ROXBURY ST BETWEEN OLSON PL SW AND 5TH AVE SW,,,1,Property Damage Only Collision,Sideswipe,2,0,0,2,2004/03/07 00:00:00+00,3/7/2004,Mid-Block (not related to intersection),16,"MOTOR VEHICLE STRUCK MOTOR VEHICLE, LEFT SIDE SIDESWIPE",,0,Raining,Wet,Dark - Street Lights On,,4067030.0,,11,From same direction - both going straight - both moving - sideswipe,0,0,N
3992,2,-122.33425790000001,47.61909105,4695,18523,18523,1776218,Matched,Block,,FAIRVIEW AVE N BETWEEN DENNY WAY AND JOHN ST,,,2,Injury Collision,Sideswipe,6,0,0,2,2004/10/09 00:00:00+00,10/9/2004,Mid-Block (but intersection related),11,"MOTOR VEHICLE STRUCK MOTOR VEHICLE, FRONT END AT ANGLE",,0,Overcast,Dry,Dark - Street Lights On,,4283022.0,,71,Same direction -- both turning right -- both moving -- sideswipe,0,0,N
3993,1,-122.27746119999999,47.55080402,4696,18620,18620,1779582,Matched,Block,,RAINIER AVE S BETWEEN S ORCAS ST AND S MEAD ST,,,1,Property Damage Only Collision,Sideswipe,2,0,0,2,2004/01/27 00:00:00+00,1/27/2004 1:40:00 PM,Mid-Block (not related to intersection),11,"MOTOR VEHICLE STRUCK MOTOR VEHICLE, FRONT END AT ANGLE",,0,Clear,Dry,Daylight,,4027017.0,,11,From same direction - both going straight - both moving - sideswipe,0,0,N
3994,2,-122.31323400000001,47.6143061,4698,18439,18439,1789813,Matched,Block,,E MADISON ST BETWEEN E PIKE ST AND 15TH AVE,,,2,Injury Collision,Rear Ended,4,0,0,3,2004/01/08 00:00:00+00,1/8/2004,Mid-Block (but intersection related),14,"MOTOR VEHICLE STRUCK MOTOR VEHICLE, REAR END",Y,1,Raining,Wet,Dark - Street Lights On,,4008018.0,,14,From same direction - both going straight - one stopped - rear-end,0,0,N
3995,2,,,4699,18590,18590,1477565,Matched,,,,NEI,"Not Enough Information, or Insufficient Location Information",2,Injury Collision,Pedestrian,2,1,0,1,2004/01/20 00:00:00+00,1/20/2004 2:00:00 PM,,0,NOT ENOUGH INFORMATION / NOT APPLICABLE,,0,Clear,Dry,Daylight,Y,4020009.0,,0,Vehicle going straight hits pedestrian,0,0,N
3996,1,-122.3841314,47.56573785,4700,18399,18399,1790403,Matched,Block,,41ST AVE SW BETWEEN SW DAKOTA ST AND DEAD END 2,,,1,Property Damage Only Collision,Parked Car,2,0,0,2,2004/04/29 00:00:00+00,4/29/2004 12:01:00 AM,Mid-Block (not related to intersection),13,"MOTOR VEHICLE STRUCK MOTOR VEHICLE, LEFT SIDE AT ANGLE",,0,Clear,Dry,Unknown,,4120020.0,,32,One parked--one moving,0,0,N
3997,1,-122.3565892,47.63182723,4702,18795,18795,1783612,Matched,Block,,QUEEN ANNE AVE N BETWEEN W LEE ST AND W GALER ST,,,1,Property Damage Only Collision,Rear Ended,2,0,0,2,2004/10/11 00:00:00+00,10/11/2004 9:22:00 PM,Mid-Block (but intersection related),14,"MOTOR VEHICLE STRUCK MOTOR VEHICLE, REAR END",,0,Clear,Dry,Dark - Street Lights On,,4285010.0,,14,From same direction - both going straight - one stopped - rear-end,0,0,N
3998,1,-122.2808142,47.54110699,4703,18539,18539,1227620,Matched,Block,,42ND AVE S BETWEEN S BRIGHTON ST AND S WILLOW ST,,,1,Property Damage Only Collision,Parked Car,3,0,0,3,2004/07/23 00:00:00+00,7/23/2004 1:20:00 PM,Mid-Block (not related to intersection),16,"MOTOR VEHICLE STRUCK MOTOR VEHICLE, LEFT SIDE SIDESWIPE",Y,1,Clear,Dry,Daylight,,4205013.0,,32,One parked--one moving,0,0,N
3999,1,-122.27035349999998,47.53730025,4704,18006,18006,1787875,Matched,Block,,RAINIER AVE S BETWEEN S GARDEN ST AND S OTHELLO ST,,,1,Property Damage Only Collision,Other,3,0,0,2,2004/01/02 00:00:00+00,1/2/2004,Mid-Block (but intersection related),14,"MOTOR VEHICLE STRUCK MOTOR VEHICLE, REAR END",,0,Raining,Wet,Dark - Street Lights On,,4002048.0,,23,From same direction - all others,0,0,N
4000,2,-122.3446123,47.6981696,4705,18084,18084,871679,Matched,Block,,AURORA AVE N BETWEEN N 95TH ST AND N 96TH S ST,,,2,Injury Collision,Other,1,0,0,1,2004/09/02 00:00:00+00,9/2/2004,Mid-Block (but intersection related),28,MOTOR VEHICLE RAN OFF ROAD - HIT FIXED OBJECT,,0,Clear,Dry,Dark - Street Lights On,,4246005.0,,50,Fixed object,0,0,N
4001,1,-122.3831991,47.66640927,4706,18328,18328,1773734,Matched,Intersection,25165.0,BALLARD AVE NW AND NW VERNON PL,,,1,Property Damage Only Collision,Angles,2,0,0,2,2004/02/15 00:00:00+00,2/15/2004 8:49:00 AM,At Intersection (intersection related),11,"MOTOR VEHICLE STRUCK MOTOR VEHICLE, FRONT END AT ANGLE",,0,Raining,Wet,Daylight,,4046011.0,,10,Entering at angle,0,0,N
4002,2,-122.3449619,47.72184683,4708,17998,17998,1079748,Matched,Block,,AURORA AVE N BETWEEN N 127TH ST AND N 128TH ST,,,2,Injury Collision,Rear Ended,6,0,0,3,2004/09/26 00:00:00+00,9/26/2004 1:46:00 PM,Mid-Block (not related to intersection),14,"MOTOR VEHICLE STRUCK MOTOR VEHICLE, REAR END",,0,Clear,Dry,Daylight,,4270007.0,,14,From same direction - both going straight - one stopped - rear-end,0,0,N
4003,1,-122.3458631,47.61299081,4710,18582,18582,1784891,Matched,Block,,1ST AVE BETWEEN BLANCHARD ST AND BELL ST,,,1,Property Damage Only Collision,Rear Ended,2,0,0,2,2004/09/09 00:00:00+00,9/9/2004,Mid-Block (not related to intersection),14,"MOTOR VEHICLE STRUCK MOTOR VEHICLE, REAR END",,0,Clear,Dry,Dark - Street Lights On,,4253003.0,,14,From same direction - both going straight - one stopped - rear-end,0,0,N
4004,2,-122.3865836,47.58025274,4711,18863,18863,C649440,Matched,Block,,CALIFORNIA AVE SW BETWEEN SW ADMIRAL WAY AND SW LANDER ST,,,2,Injury Collision,Other,3,0,0,2,2004/10/21 00:00:00+00,10/21/2004 6:05:00 PM,Driveway Junction,11,"MOTOR VEHICLE STRUCK MOTOR VEHICLE, FRONT END AT ANGLE",,0,Clear,Dry,Daylight,,4295027.0,,22,One car leaving driveway access,0,0,N
4005,1,-122.38149340000001,47.66613265,4712,18389,18389,1220411,Matched,Block,,LEARY AVE NW BETWEEN NW IONE PL AND 20TH AVE NW,,,1,Property Damage Only Collision,Sideswipe,3,0,0,2,2004/09/07 00:00:00+00,9/7/2004,Mid-Block (not related to intersection),16,"MOTOR VEHICLE STRUCK MOTOR VEHICLE, LEFT SIDE SIDESWIPE",,0,Clear,Dry,Daylight,,4251015.0,,11,From same direction - both going straight - both moving - sideswipe,0,0,N
4006,2,-122.3141939,47.61340616,4714,19106,19106,1788331,Matched,Block,,14TH AVE BETWEEN E UNION ST AND E MADISON ST,,,2,Injury Collision,Parked Car,2,0,0,2,2004/01/02 00:00:00+00,1/2/2004,Mid-Block (not related to intersection),14,"MOTOR VEHICLE STRUCK MOTOR VEHICLE, REAR END",Y,0,Overcast,Wet,Dark - Street Lights On,,4002046.0,,32,One parked--one moving,0,0,N
4007,2,-122.3342137,47.55741244,4715,19072,19072,1790698,Matched,Intersection,33021.0,1ST AVE S AND S HUDSON ST,,,2,Injury Collision,Left Turn,4,0,0,2,2004/12/04 00:00:00+00,12/4/2004,At Intersection (intersection related),14,"MOTOR VEHICLE STRUCK MOTOR VEHICLE, REAR END",,0,Overcast,Wet,Dusk,,4339015.0,,15,From same direction - one left turn - one straight,0,0,N
4008,1,-122.31774509999998,47.70310383,4716,18351,18351,1773979,Matched,Intersection,37477.0,ROOSEVELT WAY NE AND NE 103RD ST,,,1,Property Damage Only Collision,Left Turn,3,0,0,3,2004/03/08 00:00:00+00,3/8/2004,At Intersection (intersection related),11,"MOTOR VEHICLE STRUCK MOTOR VEHICLE, FRONT END AT ANGLE",,0,Clear,Dry,Daylight,,4068021.0,,28,From opposite direction - one left turn - one straight,0,0,N
4009,2,-122.33251940000001,47.6023056,4717,18483,18483,C650762,Matched,Intersection,30482.0,2ND AVE AND JAMES ST,,,2,Injury Collision,Angles,2,0,0,2,2004/12/10 00:00:00+00,12/10/2004 8:15:00 AM,At Intersection (intersection related),11,"MOTOR VEHICLE STRUCK MOTOR VEHICLE, FRONT END AT ANGLE",,0,Overcast,Wet,Daylight,,4345076.0,,10,Entering at angle,0,0,N
4010,1,-122.38043629999999,47.66523532,4718,18269,18269,1773638,Matched,Block,,LEARY AVE NW BETWEEN NW DOCK PL AND NW IONE PL,,,1,Property Damage Only Collision,Head On,3,0,0,2,2004/03/27 00:00:00+00,3/27/2004 2:27:00 PM,Mid-Block (not related to intersection),11,"MOTOR VEHICLE STRUCK MOTOR VEHICLE, FRONT END AT ANGLE",,0,Overcast,Dry,Daylight,,4087021.0,,30,From opposite direction - all others,0,0,N
4011,1,-122.37888090000001,47.67599449,4723,18458,18458,1781949,Matched,Intersection,23952.0,17TH AVE NW AND NW 65TH ST,,,1,Property Damage Only Collision,Angles,2,0,0,2,2004/11/09 00:00:00+00,11/9/2004,At Intersection (intersection related),11,"MOTOR VEHICLE STRUCK MOTOR VEHICLE, FRONT END AT ANGLE",,0,Overcast,Dry,Daylight,,4314021.0,,10,Entering at angle,0,0,N
4012,1,-122.3983199,47.66905911,4725,18972,18972,1773833,Matched,Block,,32ND AVE NW BETWEEN NW MARKET ST AND NW 56TH ST,,,1,Property Damage Only Collision,Parked Car,2,0,0,2,2004/02/17 00:00:00+00,2/17/2004 12:00:00 PM,Mid-Block (not related to intersection),11,"MOTOR VEHICLE STRUCK MOTOR VEHICLE, FRONT END AT ANGLE",,0,Unknown,Unknown,Unknown,,4048033.0,,32,One parked--one moving,0,0,N
4013,1,-122.335574,47.6106779,4726,18721,18721,1482764,Matched,Intersection,29576.0,5TH AVE AND PIKE ST,,,1,Property Damage Only Collision,Angles,2,0,0,2,2004/07/24 00:00:00+00,7/24/2004 2:17:00 PM,At Intersection (intersection related),11,"MOTOR VEHICLE STRUCK MOTOR VEHICLE, FRONT END AT ANGLE",,0,Clear,Dry,Daylight,,4206032.0,,10,Entering at angle,0,0,N
4014,2,-122.3450058,47.61856055,4727,18026,18026,1777866,Matched,Intersection,29575.0,6TH AVE AND DENNY WAY,,,2,Injury Collision,Pedestrian,2,1,0,1,2004/08/09 00:00:00+00,8/9/2004,At Intersection (intersection related),24,MOTOR VEHCILE STRUCK PEDESTRIAN,,0,Clear,Dry,Dark - Street Lights On,,4222021.0,,0,Vehicle going straight hits pedestrian,0,0,N
4015,1,-122.34564420000001,47.612272999999995,4728,18895,18895,1777502,Matched,Block,,BLANCHARD ST BETWEEN WESTERN AVE AND 1ST AVE,,,1,Property Damage Only Collision,Parked Car,2,0,0,2,2004/02/11 00:00:00+00,2/11/2004 9:43:00 PM,Mid-Block (not related to intersection),13,"MOTOR VEHICLE STRUCK MOTOR VEHICLE, LEFT SIDE AT ANGLE",,0,Clear,Dry,Dark - Street Lights On,,4042027.0,,32,One parked--one moving,0,0,N
4016,2,-122.31590800000001,47.60000811,4729,18515,18515,1216804,Matched,Intersection,30422.0,BOREN AVE S AND S MAIN ST,,,2,Injury Collision,Angles,3,0,0,2,2004/06/29 00:00:00+00,6/29/2004 9:52:00 AM,At Intersection (intersection related),11,"MOTOR VEHICLE STRUCK MOTOR VEHICLE, FRONT END AT ANGLE",,0,Clear,Dry,Daylight,,4181006.0,,10,Entering at angle,0,0,N
4017,2,-122.3783024,47.662207099999996,4731,18975,18975,1795005,Matched,Intersection,25184.0,SHILSHOLE AVE NW AND NW 46TH ST,,,2,Injury Collision,Cycles,2,0,1,1,2004/09/22 00:00:00+00,9/22/2004 7:58:00 AM,At Intersection (intersection related),51,PEDALCYCLIST STRUCK MOTOR VEHICLE FRONT END AT ANGLE,,0,Overcast,Dry,Daylight,,4266008.0,,45,Vehicle - Pedalcyclist,0,0,N
4018,1,-122.28147539999999,47.69233287,4733,18176,18176,1329270,Matched,Block,,NE 88TH ST BETWEEN 42ND AVE NE AND DEAD END 2,,,1,Property Damage Only Collision,Parked Car,3,0,0,3,2004/04/27 00:00:00+00,4/27/2004 4:00:00 AM,Mid-Block (not related to intersection),16,"MOTOR VEHICLE STRUCK MOTOR VEHICLE, LEFT SIDE SIDESWIPE",,0,Clear,Dry,Dark - Street Lights On,,4118025.0,,32,One parked--one moving,0,0,N
4019,1,-122.3121451,47.69443304,4734,18128,18128,1782353,Matched,Block,,15TH AVE NE BETWEEN NE 90TH ST AND NE 91ST ST,,,1,Property Damage Only Collision,Parked Car,2,0,0,2,2004/04/13 00:00:00+00,4/13/2004 3:53:00 PM,Mid-Block (not related to intersection),14,"MOTOR VEHICLE STRUCK MOTOR VEHICLE, REAR END",,0,Clear,Dry,Daylight,,4104018.0,,32,One parked--one moving,0,0,N
4020,1,-122.2933814,47.59272031,4736,19022,19022,1074646,Matched,Block,,30TH AVE S BETWEEN S NORMAN ST AND S JUDKINS ST,,,1,Property Damage Only Collision,Parked Car,2,0,0,2,2004/10/30 00:00:00+00,10/30/2004 11:50:00 PM,Mid-Block (not related to intersection),14,"MOTOR VEHICLE STRUCK MOTOR VEHICLE, REAR END",,0,Clear,Dry,Dark - Street Lights On,,4304005.0,,32,One parked--one moving,0,0,N
4021,2,-122.3172254,47.59876333,4737,18554,18554,1074770,Matched,Block,,12TH AVE S BETWEEN S JACKSON ST AND S KING ST,,,2,Injury Collision,Head On,3,0,0,2,2004/03/28 00:00:00+00,3/28/2004 6:50:00 PM,Mid-Block (but intersection related),11,"MOTOR VEHICLE STRUCK MOTOR VEHICLE, FRONT END AT ANGLE",,1,Clear,Dry,Dark - Street Lights On,,4088017.0,,25,From opposite direction - one stopped - head-on,0,0,N
4022,1,-122.35465420000001,47.69421491,4738,18381,18381,1780370,Matched,Block,,N 90TH ST BETWEEN GREENWOOD AVE N AND PHINNEY AVE N,,,1,Property Damage Only Collision,Parked Car,3,0,0,3,2004/11/09 00:00:00+00,11/9/2004,Mid-Block (not related to intersection),11,"MOTOR VEHICLE STRUCK MOTOR VEHICLE, FRONT END AT ANGLE",,0,Overcast,Dry,Daylight,,4314022.0,,32,One parked--one moving,0,0,N
4023,1,,,4739,18194,18194,1773017,Matched,Alley,,,,,1,Property Damage Only Collision,Parked Car,4,0,0,2,2004/06/17 00:00:00+00,6/17/2004 6:18:00 PM,Mid-Block (not related to intersection),0,NOT ENOUGH INFORMATION / NOT APPLICABLE,,0,Clear,Dry,Daylight,,4169013.0,,20,One car leaving parked position,0,0,N
4024,1,-122.2677358,47.53793775,4740,18651,18651,1772729,Matched,Block,,S ORCHARD ST BETWEEN ORCHARD S PL S AND SEWARD PARK AVE S,,,1,Property Damage Only Collision,Other,4,0,0,1,2004/04/29 00:00:00+00,4/29/2004 11:41:00 AM,Mid-Block (but intersection related),28,MOTOR VEHICLE RAN OFF ROAD - HIT FIXED OBJECT,,0,Clear,Dry,Daylight,,4120014.0,Y,52,Vehicle overturned,0,0,N
4025,1,-122.3213966,47.58188481,4741,18783,18783,1213130,Matched,Intersection,31290.0,AIRPORT WAY S AND S STACY ST,,,1,Property Damage Only Collision,Angles,3,0,0,2,2004/02/16 00:00:00+00,2/16/2004 10:50:00 AM,At Intersection (intersection related),11,"MOTOR VEHICLE STRUCK MOTOR VEHICLE, FRONT END AT ANGLE",,0,Raining,Wet,Daylight,,4047001.0,,10,Entering at angle,0,0,N
4026,1,-122.30305190000001,47.55105958,4742,18669,18669,1772890,Matched,Block,,S ORCAS ST BETWEEN 23RD AVE S AND BEACON WR AVE S,,,1,Property Damage Only Collision,Other,1,0,0,1,2004/05/28 00:00:00+00,5/28/2004 5:40:00 PM,Mid-Block (not related to intersection),0,NOT ENOUGH INFORMATION / NOT APPLICABLE,,0,Clear,Dry,Daylight,,4149035.0,,50,Fixed object,0,0,N
4027,1,-122.3279435,47.56739037,4743,18283,18283,1223672,Matched,Block,,S INDUSTRIAL WB WAY BETWEEN 4TH AVE S AND 6TH AVE S,,,1,Property Damage Only Collision,Other,2,0,0,2,2004/11/22 00:00:00+00,11/22/2004 2:51:00 PM,Driveway Junction,11,"MOTOR VEHICLE STRUCK MOTOR VEHICLE, FRONT END AT ANGLE",,0,Overcast,Dry,Daylight,,4327009.0,,21,One car entering driveway access,0,0,N
4028,2,-122.3480257,47.61309056,4744,18028,18028,1778149,Matched,Block,,WESTERN AVE BETWEEN BELL ST AND BATTERY ST,,,2,Injury Collision,Rear Ended,4,0,0,2,2004/09/02 00:00:00+00,9/2/2004,Mid-Block (not related to intersection),14,"MOTOR VEHICLE STRUCK MOTOR VEHICLE, REAR END",Y,0,Clear,Dry,Daylight,,4246033.0,,14,From same direction - both going straight - one stopped - rear-end,0,0,N
4029,1,-122.3312087,47.617225,4745,19045,19045,1856638,Matched,Block,,MINOR AVE BETWEEN HOWELL ST AND STEWART ST,,,1,Property Damage Only Collision,Parked Car,2,0,0,2,2004/02/04 00:00:00+00,2/4/2004,Driveway Junction,11,"MOTOR VEHICLE STRUCK MOTOR VEHICLE, FRONT END AT ANGLE",Y,0,Clear,Dry,Daylight,,4035005.0,,32,One parked--one moving,0,0,N
4030,1,-122.3668047,47.71124613,4746,18259,18259,1775484,Matched,Block,,NW CARKEEK PARK RD BETWEEN 8TH AVE NW AND 9TH AVE NW,,,1,Property Damage Only Collision,Other,1,0,0,1,2004/04/10 00:00:00+00,4/10/2004 1:10:00 AM,Mid-Block (not related to intersection),28,MOTOR VEHICLE RAN OFF ROAD - HIT FIXED OBJECT,,0,Clear,Dry,Dark - No Street Lights,,4101016.0,Y,50,Fixed object,0,0,N
4031,1,-122.3024506,47.66125276,4749,18694,18694,1780450,Matched,Block,,NE 45TH ST BETWEEN 21ST AVE NE AND NE 45TH ST RP,,,1,Property Damage Only Collision,Rear Ended,2,0,0,2,2004/08/31 00:00:00+00,8/31/2004 5:30:00 PM,Mid-Block (not related to intersection),14,"MOTOR VEHICLE STRUCK MOTOR VEHICLE, REAR END",,0,Overcast,Unknown,Daylight,,4244032.0,,14,From same direction - both going straight - one stopped - rear-end,0,0,N
4032,2,-122.3290497,47.59428794,4750,18374,18374,1213853,Matched,Intersection,30566.0,4TH AVE S AND I90 WB 4TH AV OFF RP,,,2,Injury Collision,Rear Ended,2,0,0,2,2004/06/10 00:00:00+00,6/10/2004 10:36:00 AM,At Intersection (intersection related),14,"MOTOR VEHICLE STRUCK MOTOR VEHICLE, REAR END",Y,0,Clear,Wet,Daylight,,4162024.0,,14,From same direction - both going straight - one stopped - rear-end,0,0,N
4033,1,-122.36042450000001,47.53369186,4751,19052,19052,1781549,Matched,Intersection,33984.0,DELRIDGE WAY SW AND SW HOLDEN ST,,,1,Property Damage Only Collision,Angles,2,0,0,2,2004/09/01 00:00:00+00,9/1/2004,At Intersection (intersection related),11,"MOTOR VEHICLE STRUCK MOTOR VEHICLE, FRONT END AT ANGLE",,0,Clear,Dry,Daylight,,4245013.0,,10,Entering at angle,0,0,N
4034,1,-122.3385635,47.66138633,4752,18964,18964,1773376,Matched,Intersection,26790.0,WOODLAWN AVE N AND N 45TH E ST,,,1,Property Damage Only Collision,Angles,2,0,0,2,2004/02/06 00:00:00+00,2/6/2004,At Intersection (intersection related),11,"MOTOR VEHICLE STRUCK MOTOR VEHICLE, FRONT END AT ANGLE",,0,Clear,Dry,Daylight,,4037033.0,,10,Entering at angle,0,0,N
4035,1,-122.3255956,47.7340692,4753,18159,18159,1903609,Matched,Intersection,166204.0,145TH ST ON RP AND NE 145TH ST,,,1,Property Damage Only Collision,Left Turn,2,0,0,2,2004/12/06 00:00:00+00,12/6/2004,At Intersection (intersection related),11,"MOTOR VEHICLE STRUCK MOTOR VEHICLE, FRONT END AT ANGLE",,0,Raining,Wet,Dark - Street Lights On,,4341001.0,,28,From opposite direction - one left turn - one straight,0,0,N
4036,1,-122.37260719999999,47.57900158,4754,19037,19037,1785847,Matched,Block,,HARBOR AVE SW BETWEEN SW FLORIDA ST AND SW HARBOR LN,,,1,Property Damage Only Collision,Other,1,0,0,1,2004/06/30 00:00:00+00,6/30/2004 10:20:00 AM,Mid-Block (not related to intersection),28,MOTOR VEHICLE RAN OFF ROAD - HIT FIXED OBJECT,Y,0,Clear,Dry,Daylight,,4182020.0,,50,Fixed object,0,0,N
4037,1,-122.33910060000001,47.57527209,4755,18401,18401,1790479,Matched,Block,,ALASKAN WY VI NB BETWEEN ALASKAN WY VI NB ON RP AND S LANDER ST,,,1,Property Damage Only Collision,Other,1,0,0,1,2004/07/03 00:00:00+00,7/3/2004,Mid-Block (but intersection related),28,MOTOR VEHICLE RAN OFF ROAD - HIT FIXED OBJECT,,0,Raining,Wet,Daylight,,4185001.0,Y,50,Fixed object,0,0,N
4038,2,-122.3373936,47.61266535,4757,18640,18640,1069831,Matched,Intersection,29567.0,5TH AVE AND OLIVE WAY,,,2,Injury Collision,Sideswipe,2,0,0,2,2004/10/21 00:00:00+00,10/21/2004 9:10:00 AM,At Intersection (intersection related),16,"MOTOR VEHICLE STRUCK MOTOR VEHICLE, LEFT SIDE SIDESWIPE",,0,Overcast,Dry,Daylight,,4295014.0,,11,From same direction - both going straight - both moving - sideswipe,0,0,N
4039,2,-122.29373729999999,47.61294414,4758,18542,18542,1789995,Matched,Intersection,30021.0,30TH AVE AND E UNION ST,,,2,Injury Collision,Angles,3,0,0,2,2004/04/20 00:00:00+00,4/20/2004 4:05:00 PM,At Intersection (intersection related),11,"MOTOR VEHICLE STRUCK MOTOR VEHICLE, FRONT END AT ANGLE",,0,Clear,Dry,Daylight,,4111024.0,,10,Entering at angle,0,0,N
4040,1,-122.36763090000001,47.63347062,4759,18131,18131,1482510,Matched,Block,,8TH AVE W BETWEEN W GALER ST AND W BLAINE UPPER ST,,,1,Property Damage Only Collision,Parked Car,2,0,0,2,2004/07/17 00:00:00+00,7/17/2004 5:08:00 PM,Mid-Block (not related to intersection),16,"MOTOR VEHICLE STRUCK MOTOR VEHICLE, LEFT SIDE SIDESWIPE",,0,Clear,Dry,Daylight,,4199030.0,,32,One parked--one moving,0,0,N
4041,1,-122.386804,47.56021698,4760,18464,18464,1785973,Matched,Block,,CALIFORNIA AVE SW BETWEEN SW ALASKA ST AND ERSKINE WAY SW,,,1,Property Damage Only Collision,Parked Car,2,0,0,2,2004/08/23 00:00:00+00,8/23/2004 5:14:00 PM,Mid-Block (not related to intersection),14,"MOTOR VEHICLE STRUCK MOTOR VEHICLE, REAR END",,0,Clear,Dry,Daylight,,4236032.0,,32,One parked--one moving,0,0,N