,SEVERITYCODE,X,Y,OBJECTID,INCKEY,COLDETKEY,REPORTNO,STATUS,ADDRTYPE,INTKEY,LOCATION,EXCEPTRSNCODE,EXCEPTRSNDESC,SEVERITYCODE.1,SEVERITYDESC,COLLISIONTYPE,PERSONCOUNT,PEDCOUNT,PEDCYLCOUNT,VEHCOUNT,INCDATE,INCDTTM,JUNCTIONTYPE,SDOT_COLCODE,SDOT_COLDESC,INATTENTIONIND,UNDERINFL,WEATHER,ROADCOND,LIGHTCOND,PEDROWNOTGRNT,SDOTCOLNUM,SPEEDING,ST_COLCODE,ST_COLDESC,SEGLANEKEY,CROSSWALKKEY,HITPARKEDCAR
4042,1,-122.3599728,47.62459538,4761,18327,18327,1213398,Matched,Block,,W MERCER ST BETWEEN 2ND AVE W AND 3RD AVE W,,,1,Property Damage Only Collision,Right Turn,3,0,0,2,2004/07/26 00:00:00+00,7/26/2004 5:00:00 PM,Mid-Block (but intersection related),11,"MOTOR VEHICLE STRUCK MOTOR VEHICLE, FRONT END AT ANGLE",,0,Clear,Dry,Daylight,,4208009.0,,16,From same direction - one right turn - one straight,0,0,N
4043,1,-122.2769409,47.52611905,4762,19101,19101,1779527,Matched,Intersection,35253.0,RENTON AVE S AND S CLOVERDALE ST,,,1,Property Damage Only Collision,Left Turn,2,0,0,2,2004/01/30 00:00:00+00,1/30/2004 12:22:00 PM,At Intersection (intersection related),11,"MOTOR VEHICLE STRUCK MOTOR VEHICLE, FRONT END AT ANGLE",,0,Overcast,Dry,Daylight,,4030013.0,,28,From opposite direction - one left turn - one straight,0,0,N
4044,2,-122.3208989,47.62153197,4763,18413,18413,1790084,Matched,Block,,BROADWAY E BETWEEN E THOMAS ST AND E HARRISON ST,,,2,Injury Collision,Rear Ended,7,0,0,3,2004/03/08 00:00:00+00,3/8/2004,Mid-Block (not related to intersection),14,"MOTOR VEHICLE STRUCK MOTOR VEHICLE, REAR END",,0,Clear,Dry,Daylight,,4068017.0,,13,From same direction - both going straight - both moving - rear-end,0,0,N
4045,2,-122.34624840000002,47.62671434,4765,18877,18877,C649683,Matched,Block,,TAYLOR AVE N BETWEEN VALLEY ST AND ALOHA ST,,,2,Injury Collision,Rear Ended,2,0,0,2,2004/11/30 00:00:00+00,11/30/2004 7:48:00 AM,Mid-Block (but intersection related),14,"MOTOR VEHICLE STRUCK MOTOR VEHICLE, REAR END",,0,Overcast,Wet,Daylight,,4335040.0,,14,From same direction - both going straight - one stopped - rear-end,0,0,N
4046,1,,,4766,19005,19005,C649771,Matched,Block,,BATTERY ST TUN ON RP BETWEEN BELL ST AND ALASKAN WY VI NB,,,1,Property Damage Only Collision,Rear Ended,2,0,0,2,2004/12/16 00:00:00+00,12/16/2004 5:30:00 PM,Mid-Block (but intersection related),14,"MOTOR VEHICLE STRUCK MOTOR VEHICLE, REAR END",,0,Unknown,Unknown,Unknown,,4351039.0,,14,From same direction - both going straight - one stopped - rear-end,0,0,N
4047,1,-122.28079709999999,47.53623841,4767,18391,18391,1227617,Matched,Block,,M L KING JR ER WAY S BETWEEN S OTHELLO ST AND RENTON S AVE S,,,1,Property Damage Only Collision,Sideswipe,4,0,0,2,2004/06/28 00:00:00+00,6/28/2004 2:49:00 PM,Mid-Block (but intersection related),11,"MOTOR VEHICLE STRUCK MOTOR VEHICLE, FRONT END AT ANGLE",,0,Clear,Dry,Daylight,,4180001.0,,11,From same direction - both going straight - both moving - sideswipe,0,0,N
4048,1,-122.3895146,47.56023457,4768,18459,18459,1798487,Matched,Block,,45TH AVE SW BETWEEN SW ALASKA ST AND SW EDMUNDS ST,,,1,Property Damage Only Collision,Parked Car,2,0,0,2,2004/08/22 00:00:00+00,8/22/2004 2:00:00 PM,Mid-Block (not related to intersection),16,"MOTOR VEHICLE STRUCK MOTOR VEHICLE, LEFT SIDE SIDESWIPE",,0,Unknown,Unknown,Unknown,,4235025.0,,32,One parked--one moving,0,0,N
4049,1,-122.3136719,47.66309573,4769,19089,19089,1775912,Matched,Block,,NE 47TH ST BETWEEN BROOKLYN AVE NE AND UNIVERSITY WAY NE,,,1,Property Damage Only Collision,Angles,2,0,0,2,2004/01/22 00:00:00+00,1/22/2004 1:07:00 PM,Driveway Junction,11,"MOTOR VEHICLE STRUCK MOTOR VEHICLE, FRONT END AT ANGLE",,0,Clear,Dry,Daylight,,4022017.0,Y,10,Entering at angle,0,0,N
4050,2,-122.3362571,47.65564871,4771,18838,18838,1220402,Matched,Intersection,26842.0,WALLINGFORD AVE N AND N 40TH ST,,,2,Injury Collision,Angles,4,0,0,2,2004/08/07 00:00:00+00,8/7/2004,At Intersection (intersection related),11,"MOTOR VEHICLE STRUCK MOTOR VEHICLE, FRONT END AT ANGLE",,0,Clear,Dry,Daylight,,4220017.0,,10,Entering at angle,0,0,N
4051,1,-122.33329609999998,47.64918004,4772,18076,18076,1781977,Matched,Block,,N 35TH ST BETWEEN MERIDIAN AVE N AND BAGLEY AVE N,,,1,Property Damage Only Collision,Parked Car,3,0,0,3,2004/04/23 00:00:00+00,4/23/2004 10:01:00 AM,Mid-Block (not related to intersection),11,"MOTOR VEHICLE STRUCK MOTOR VEHICLE, FRONT END AT ANGLE",,0,Clear,Dry,Daylight,,4114027.0,,32,One parked--one moving,0,0,N
4052,1,-122.32724180000001,47.62428391,4773,18321,18321,1776552,Matched,Block,,E MERCER ST BETWEEN MELROSE AVE E AND BELLEVUE AVE E,,,1,Property Damage Only Collision,Parked Car,2,0,0,2,2004/08/03 00:00:00+00,8/3/2004,Mid-Block (not related to intersection),11,"MOTOR VEHICLE STRUCK MOTOR VEHICLE, FRONT END AT ANGLE",,0,Clear,Dry,Daylight,,4216001.0,,32,One parked--one moving,0,0,N
4053,1,-122.32729180000001,47.61849470000001,4774,18411,18411,1790069,Matched,Block,,E DENNY WAY BETWEEN MELROSE AVE AND BELLEVUE AVE,,,1,Property Damage Only Collision,Sideswipe,2,0,0,2,2004/10/25 00:00:00+00,10/25/2004 5:15:00 PM,Mid-Block (not related to intersection),16,"MOTOR VEHICLE STRUCK MOTOR VEHICLE, LEFT SIDE SIDESWIPE",Y,0,Clear,Dry,Daylight,,4299016.0,,11,From same direction - both going straight - both moving - sideswipe,0,0,N
4054,1,-122.37616969999999,47.64294366,4776,19018,19018,1213901,Matched,Intersection,27900.0,15TH AVE W AND GILMAN UPPER DR W,,,1,Property Damage Only Collision,Left Turn,2,0,0,2,2004/05/15 00:00:00+00,5/15/2004 2:32:00 PM,At Intersection (intersection related),11,"MOTOR VEHICLE STRUCK MOTOR VEHICLE, FRONT END AT ANGLE",,0,Overcast,Dry,Daylight,,4136012.0,,28,From opposite direction - one left turn - one straight,0,0,N
4055,2,-122.3287335,47.60487637,4778,18233,18233,1471164,Matched,Intersection,29963.0,6TH AVE AND CHERRY ST,,,2,Injury Collision,Angles,4,0,0,2,2004/05/16 00:00:00+00,5/16/2004 2:33:00 AM,At Intersection (intersection related),11,"MOTOR VEHICLE STRUCK MOTOR VEHICLE, FRONT END AT ANGLE",,1,Raining,Wet,Dark - Street Lights On,,4137019.0,,10,Entering at angle,0,0,N
4056,2,-122.3386774,47.55659137,4779,18646,18646,1197980,Matched,Block,,EAST MARGINAL WAY S BETWEEN S HUDSON ST AND S DAWSON ST,,,2,Injury Collision,Rear Ended,3,0,0,3,2004/12/09 00:00:00+00,12/9/2004,Mid-Block (but intersection related),14,"MOTOR VEHICLE STRUCK MOTOR VEHICLE, REAR END",,0,Raining,Wet,Dark - Street Lights On,,4344018.0,,13,From same direction - both going straight - both moving - rear-end,0,0,N
4057,1,-122.30371840000001,47.60851477,4780,18625,18625,1772377,Matched,Block,,22ND AVE BETWEEN E CHERRY ST AND E COLUMBIA ST,,,1,Property Damage Only Collision,Sideswipe,4,0,0,2,2004/04/30 00:00:00+00,4/30/2004 3:30:00 PM,Mid-Block (not related to intersection),11,"MOTOR VEHICLE STRUCK MOTOR VEHICLE, FRONT END AT ANGLE",,0,Clear,Dry,Daylight,,4121029.0,,11,From same direction - both going straight - both moving - sideswipe,0,0,N
4058,1,-122.30568149999999,47.60616634,4781,19069,19069,1216633,Matched,Block,,E JEFFERSON ST BETWEEN 20TH AVE AND 21ST AVE,,,1,Property Damage Only Collision,Parked Car,4,0,0,4,2004/06/16 00:00:00+00,6/16/2004 9:58:00 AM,Mid-Block (not related to intersection),14,"MOTOR VEHICLE STRUCK MOTOR VEHICLE, REAR END",Y,0,Clear,Dry,Daylight,,4168017.0,,32,One parked--one moving,0,0,N
4059,1,-122.3399503,47.65538179,4782,18728,18728,1773595,Matched,Block,,ASHWORTH AVE N BETWEEN N DOROTHY PL AND N 40TH ST,,,1,Property Damage Only Collision,Parked Car,2,0,0,2,2004/08/07 00:00:00+00,8/7/2004,Mid-Block (not related to intersection),11,"MOTOR VEHICLE STRUCK MOTOR VEHICLE, FRONT END AT ANGLE",,0,Unknown,Unknown,Unknown,,4220001.0,,32,One parked--one moving,0,0,N
4060,2,-122.3350498,47.69867736,4783,18453,18453,1781810,Matched,Block,,COLLEGE WAY N BETWEEN N 95TH ST AND N 97TH ST,,,2,Injury Collision,Sideswipe,2,0,0,2,2004/07/01 00:00:00+00,7/1/2004,Mid-Block (not related to intersection),14,"MOTOR VEHICLE STRUCK MOTOR VEHICLE, REAR END",,0,Clear,Dry,Daylight,,4183026.0,,11,From same direction - both going straight - both moving - sideswipe,0,0,N
4061,1,-122.33428799999999,47.62469378,4784,18894,18894,1777394,Matched,Intersection,28760.0,FAIRVIEW AVE N AND MERCER ST,,,1,Property Damage Only Collision,Angles,2,0,0,2,2004/01/24 00:00:00+00,1/24/2004 1:36:00 AM,At Intersection (intersection related),11,"MOTOR VEHICLE STRUCK MOTOR VEHICLE, FRONT END AT ANGLE",,0,Raining,Wet,Dark - Street Lights On,,4024024.0,,10,Entering at angle,0,0,N
4062,2,-122.3024996,47.6202073,4785,18398,18398,1787068,Matched,Intersection,29380.0,23RD AVE E AND E JOHN ST,,,2,Injury Collision,Left Turn,3,0,0,2,2004/01/04 00:00:00+00,1/4/2004,At Intersection (intersection related),11,"MOTOR VEHICLE STRUCK MOTOR VEHICLE, FRONT END AT ANGLE",,0,Clear,Dry,Daylight,,4004014.0,,28,From opposite direction - one left turn - one straight,0,0,N
4063,1,-122.31841990000001,47.66130395,4786,17869,17869,1778665,Matched,Intersection,27067.0,9TH AVE NE AND NE 45TH E ST,,,1,Property Damage Only Collision,Left Turn,2,0,0,2,2004/04/18 00:00:00+00,4/18/2004 12:26:00 PM,At Intersection (intersection related),11,"MOTOR VEHICLE STRUCK MOTOR VEHICLE, FRONT END AT ANGLE",,0,Clear,Dry,Daylight,,4109021.0,,28,From opposite direction - one left turn - one straight,0,0,N
4064,1,-122.29886,47.66122223,4788,18553,18553,1780773,Matched,Block,,NE 45TH ST BETWEEN NE 45TH ST RP AND MONTLAKE BLVD NE,,,1,Property Damage Only Collision,Sideswipe,2,0,0,2,2004/03/25 00:00:00+00,3/25/2004 2:01:00 PM,Mid-Block (but intersection related),16,"MOTOR VEHICLE STRUCK MOTOR VEHICLE, LEFT SIDE SIDESWIPE",,0,Raining,Wet,Daylight,,4085012.0,,11,From same direction - both going straight - both moving - sideswipe,0,0,N
4065,1,-122.34175259999998,47.61173309,4789,18226,18226,1777069,Matched,Intersection,29562.0,2ND AVE AND VIRGINIA ST,,,1,Property Damage Only Collision,Angles,2,0,0,2,2004/06/17 00:00:00+00,6/17/2004 3:30:00 PM,At Intersection (intersection related),11,"MOTOR VEHICLE STRUCK MOTOR VEHICLE, FRONT END AT ANGLE",,0,Clear,Dry,Daylight,,4169006.0,,10,Entering at angle,0,0,N
4066,2,-122.30277439999999,47.60686782,4790,18331,18331,1789990,Matched,Intersection,30186.0,23RD AVE AND E JAMES ST,,,2,Injury Collision,Left Turn,3,0,0,2,2004/04/01 00:00:00+00,4/1/2004,At Intersection (intersection related),11,"MOTOR VEHICLE STRUCK MOTOR VEHICLE, FRONT END AT ANGLE",,0,Clear,Dry,Daylight,,4092035.0,,28,From opposite direction - one left turn - one straight,0,0,N
4067,2,-122.28874779999998,47.56614569,4791,19102,19102,1779581,Matched,Intersection,32695.0,RAINIER AVE S AND S DAKOTA ST,,,2,Injury Collision,Pedestrian,4,1,0,1,2004/01/21 00:00:00+00,1/21/2004 12:52:00 PM,At Intersection (intersection related),24,MOTOR VEHCILE STRUCK PEDESTRIAN,,0,Clear,Dry,Daylight,Y,4021003.0,,0,Vehicle going straight hits pedestrian,0,0,N
4068,2,-122.3472943,47.64717249,4794,18884,18884,1333836,Matched,Block,,AURORA BR BETWEEN RAYE ST AND BRIDGE WAY N,,,2,Injury Collision,Rear Ended,2,0,0,2,2004/05/27 00:00:00+00,5/27/2004 3:41:00 PM,Mid-Block (not related to intersection),11,"MOTOR VEHICLE STRUCK MOTOR VEHICLE, FRONT END AT ANGLE",,0,Raining,Wet,Daylight,,4148028.0,,13,From same direction - both going straight - both moving - rear-end,0,0,N
4069,1,-122.3693664,47.68417187,4795,18388,18388,1220409,Matched,Block,,10TH AVE NW BETWEEN NW 75TH ST AND NW 77TH ST,,,1,Property Damage Only Collision,Parked Car,2,0,0,2,2004/09/01 00:00:00+00,9/1/2004,Mid-Block (but intersection related),13,"MOTOR VEHICLE STRUCK MOTOR VEHICLE, LEFT SIDE AT ANGLE",,0,Unknown,Unknown,Dark - No Street Lights,,4245029.0,,32,One parked--one moving,0,0,N
4070,2,-122.306357,47.59925471,4796,18210,18210,1786969,Matched,Intersection,30754.0,20TH AVE S AND S JACKSON ST,,,2,Injury Collision,Angles,2,0,0,2,2004/11/26 00:00:00+00,11/26/2004 7:03:00 AM,At Intersection (intersection related),11,"MOTOR VEHICLE STRUCK MOTOR VEHICLE, FRONT END AT ANGLE",,0,Overcast,Dry,Daylight,,4331030.0,,10,Entering at angle,0,0,N
4071,1,-122.3561572,47.70472613,4797,18931,18931,1475323,Matched,Block,,HOLMAN RD N BETWEEN N 104TH ST AND GREENWOOD AVE N,,,1,Property Damage Only Collision,Other,1,0,0,1,2004/01/02 00:00:00+00,1/2/2004,Mid-Block (not related to intersection),28,MOTOR VEHICLE RAN OFF ROAD - HIT FIXED OBJECT,,0,Overcast,Ice,Dark - Street Lights On,,4002030.0,Y,50,Fixed object,0,0,N
4072,1,-122.3870909,47.55030084,4799,17979,17979,1789110,Matched,Intersection,32813.0,CALIFORNIA AVE SW AND SW JUNEAU ST,,,1,Property Damage Only Collision,Angles,3,0,0,2,2004/03/02 00:00:00+00,3/2/2004,At Intersection (intersection related),11,"MOTOR VEHICLE STRUCK MOTOR VEHICLE, FRONT END AT ANGLE",,0,Clear,Dry,Daylight,,4062013.0,,10,Entering at angle,0,0,N
4073,1,-122.3365952,47.6157212,4800,17429,17429,1482665,Matched,Intersection,29537.0,8TH AVE AND VIRGINIA ST,,,1,Property Damage Only Collision,Angles,22,0,0,2,2004/05/09 00:00:00+00,5/9/2004,At Intersection (intersection related),11,"MOTOR VEHICLE STRUCK MOTOR VEHICLE, FRONT END AT ANGLE",,0,Clear,Dry,Dusk,,4130008.0,,10,Entering at angle,0,0,N
4074,1,-122.3859777,47.65032438,4801,18946,18946,1213046,Matched,Intersection,26468.0,23RD AVE W AND W BERTONA ST,,,1,Property Damage Only Collision,Angles,2,0,0,2,2004/02/19 00:00:00+00,2/19/2004 12:10:00 PM,At Intersection (intersection related),11,"MOTOR VEHICLE STRUCK MOTOR VEHICLE, FRONT END AT ANGLE",,0,Clear,Dry,Daylight,,4050008.0,,10,Entering at angle,0,0,N
4075,1,-122.30825290000001,47.57192408,4803,18091,18091,1779511,Matched,Intersection,32536.0,BEACON AVE S AND S SPOKANE ST,,,1,Property Damage Only Collision,Left Turn,8,0,0,2,2004/10/31 00:00:00+00,10/31/2004 8:38:00 AM,At Intersection (intersection related),11,"MOTOR VEHICLE STRUCK MOTOR VEHICLE, FRONT END AT ANGLE",,0,Clear,Dry,Daylight,,4305013.0,,28,From opposite direction - one left turn - one straight,0,0,N
4076,2,-122.29212,47.55900908,4804,18619,18619,1779502,Matched,Block,,M L KING JR ER WAY S BETWEEN S ANGELINE ST AND S EDMUNDS ST,,,2,Injury Collision,Rear Ended,3,0,0,2,2004/04/16 00:00:00+00,4/16/2004 8:21:00 AM,Mid-Block (not related to intersection),14,"MOTOR VEHICLE STRUCK MOTOR VEHICLE, REAR END",Y,0,Raining,Wet,Daylight,,4107029.0,,14,From same direction - both going straight - one stopped - rear-end,0,0,N
4077,1,-122.3569935,47.63290142,4807,18743,18743,1780339,Matched,Block,,QUEEN ANNE AVE N BETWEEN W GALER ST AND GARFIELD ST,,,1,Property Damage Only Collision,Parked Car,2,0,0,2,2004/02/15 00:00:00+00,2/15/2004 12:45:00 PM,Mid-Block (not related to intersection),11,"MOTOR VEHICLE STRUCK MOTOR VEHICLE, FRONT END AT ANGLE",,0,Overcast,Dry,Daylight,,4046017.0,,32,One parked--one moving,0,0,N
4078,1,-122.29771809999998,47.71561998,4808,18480,18480,1318116,Matched,Block,,NE 120TH ST BETWEEN 28TH AVE NE AND LAKE CITY WAY NE,,,1,Property Damage Only Collision,Rear Ended,6,0,0,2,2004/04/16 00:00:00+00,4/16/2004 7:29:00 AM,Mid-Block (but intersection related),14,"MOTOR VEHICLE STRUCK MOTOR VEHICLE, REAR END",,0,Overcast,Wet,Daylight,,4107016.0,Y,14,From same direction - both going straight - one stopped - rear-end,0,0,N
4079,2,-122.2943965,47.57343082,4809,18068,18068,1771394,Matched,Block,,RAINIER AVE S BETWEEN S BYRON ST AND S WALDEN ST,,,2,Injury Collision,Rear Ended,3,0,0,2,2004/05/25 00:00:00+00,5/25/2004 1:10:00 PM,Mid-Block (not related to intersection),14,"MOTOR VEHICLE STRUCK MOTOR VEHICLE, REAR END",,0,Clear,Dry,Daylight,,4146020.0,,14,From same direction - both going straight - one stopped - rear-end,0,0,N
4080,1,-122.32423229999999,47.66570568,4810,18637,18637,1794133,Matched,Block,,NE 51ST ST BETWEEN LATONA AVE NE AND 5TH AVE NE,,,1,Property Damage Only Collision,Parked Car,2,0,0,2,2004/07/20 00:00:00+00,7/20/2004 11:00:00 PM,Mid-Block (not related to intersection),15,"MOTOR VEHICLE STRUCK MOTOR VEHICLE, RIGHT SIDE SIDESWIPE",,0,Clear,Dry,Dark - Street Lights On,,4202044.0,,32,One parked--one moving,0,0,N
4081,2,-122.35826589999999,47.63838322,4813,18361,18361,1321213,Matched,Intersection,27824.0,1ST AVE W AND W BOSTON ST,,,2,Injury Collision,Angles,4,0,0,2,2004/06/28 00:00:00+00,6/28/2004 9:30:00 AM,At Intersection (intersection related),11,"MOTOR VEHICLE STRUCK MOTOR VEHICLE, FRONT END AT ANGLE",,0,Clear,Dry,Daylight,,4180027.0,,10,Entering at angle,0,0,N
4082,1,-122.336533,47.6075304,4814,18527,18527,1777043,Matched,Block,,UNIVERSITY ST BETWEEN 2ND AVE AND 3RD AVE,,,1,Property Damage Only Collision,Other,4,0,0,2,2004/05/24 00:00:00+00,5/24/2004 4:32:00 PM,Mid-Block (not related to intersection),11,"MOTOR VEHICLE STRUCK MOTOR VEHICLE, FRONT END AT ANGLE",,0,Clear,Dry,Daylight,,4145014.0,,23,From same direction - all others,0,0,N
4083,1,-122.3208416,47.65849092,4815,18906,18906,1794110,Matched,Block,,7TH AVE NE BETWEEN NE 42ND ST AND NE 43RD ST,,,1,Property Damage Only Collision,Parked Car,2,0,0,2,2004/10/16 00:00:00+00,10/16/2004 11:35:00 AM,Mid-Block (not related to intersection),11,"MOTOR VEHICLE STRUCK MOTOR VEHICLE, FRONT END AT ANGLE",,0,Raining,Wet,Daylight,,4290031.0,,20,One car leaving parked position,0,0,N
4084,1,-122.2477686,47.51123597,4816,18272,18272,1783876,Matched,Block,,RAINIER AVE S BETWEEN 68TH AVE S AND CORNELL AVE S,,,1,Property Damage Only Collision,Other,6,0,0,1,2004/10/23 00:00:00+00,10/23/2004 5:01:00 PM,Mid-Block (not related to intersection),26,MOTOR VEHICLE STRUCK OBJECT IN ROAD,,1,Clear,Dry,Daylight,,4297044.0,,50,Fixed object,0,0,N
4085,2,-122.354873,47.71959953,4817,18155,18155,1782473,Matched,Block,,N 125TH ST BETWEEN GREENWOOD AVE N AND PHINNEY AVE N,,,2,Injury Collision,Other,2,0,0,2,2004/07/22 00:00:00+00,7/22/2004 1:40:00 PM,Driveway Junction,11,"MOTOR VEHICLE STRUCK MOTOR VEHICLE, FRONT END AT ANGLE",,0,Clear,Dry,Daylight,,4204018.0,,21,One car entering driveway access,0,0,N
4086,2,-122.39832150000001,47.68865697,4818,18587,18587,1793722,Matched,Block,,32ND AVE NW BETWEEN NW 80TH ST AND NW 85TH ST,,,2,Injury Collision,Sideswipe,2,0,0,2,2004/09/23 00:00:00+00,9/23/2004 1:57:00 PM,Mid-Block (not related to intersection),11,"MOTOR VEHICLE STRUCK MOTOR VEHICLE, FRONT END AT ANGLE",,0,Clear,Dry,Daylight,,4267027.0,,26,From opposite direction - both going straight - sideswipe,0,0,N
4087,1,-122.2708793,47.51805305,4819,18565,18565,1779270,Matched,Intersection,35300.0,50TH AVE S AND RENTON AVE S,,,1,Property Damage Only Collision,Other,3,0,0,2,2004/07/04 00:00:00+00,7/4/2004,At Intersection (intersection related),11,"MOTOR VEHICLE STRUCK MOTOR VEHICLE, FRONT END AT ANGLE",,0,Clear,Dry,Dusk,,4186022.0,,22,One car leaving driveway access,0,0,N
4088,1,-122.3296081,47.59030825,4821,18344,18344,1777124,Matched,Block,,EDGAR MARTINEZ DR S BETWEEN S ATLANTIC ST OFF RP AND 4TH AVE SB OFF RP,,,1,Property Damage Only Collision,Sideswipe,2,0,0,2,2004/03/10 00:00:00+00,3/10/2004 1:16:00 PM,Mid-Block (but intersection related),11,"MOTOR VEHICLE STRUCK MOTOR VEHICLE, FRONT END AT ANGLE",,0,Clear,Dry,Daylight,,4070030.0,,11,From same direction - both going straight - both moving - sideswipe,0,0,N
4089,1,-122.32513909999999,47.60933797,4822,19086,19086,1216876,Matched,Intersection,29920.0,BOREN AVE AND MADISON ST,,,1,Property Damage Only Collision,Angles,3,0,0,2,2004/07/03 00:00:00+00,7/3/2004,At Intersection (intersection related),11,"MOTOR VEHICLE STRUCK MOTOR VEHICLE, FRONT END AT ANGLE",Y,0,Raining,Wet,Daylight,,4185023.0,,10,Entering at angle,0,0,N
4090,1,-122.3378176,47.61853058,4823,19082,19082,1068340,Matched,Block,,DENNY WAY BETWEEN WESTLAKE AVE AND TERRY AVE,,,1,Property Damage Only Collision,Sideswipe,2,0,0,2,2004/07/01 00:00:00+00,7/1/2004,Mid-Block (but intersection related),14,"MOTOR VEHICLE STRUCK MOTOR VEHICLE, REAR END",,0,Clear,Dry,Dark - Street Lights On,,4183009.0,,12,From same direction - both going straight - one stopped - sideswipe,0,0,N
4091,1,-122.3419688,47.70232796,4824,18980,18980,1079952,Matched,Block,,STONE AVE N BETWEEN N 100TH ST AND N 103RD ST,,,1,Property Damage Only Collision,Parked Car,2,0,0,2,2004/06/26 00:00:00+00,6/26/2004 11:15:00 PM,Mid-Block (not related to intersection),11,"MOTOR VEHICLE STRUCK MOTOR VEHICLE, FRONT END AT ANGLE",,0,Clear,Dry,Dark - Street Lights On,,4178016.0,,32,One parked--one moving,0,0,N
4092,2,-122.3002615,47.58111836,4825,18073,18073,1771695,Matched,Block,,RAINIER AVE S BETWEEN 25TH AVE S AND S BAYVIEW ST,,,2,Injury Collision,Rear Ended,6,0,0,4,2004/03/29 00:00:00+00,3/29/2004 1:25:00 PM,Driveway Junction,14,"MOTOR VEHICLE STRUCK MOTOR VEHICLE, REAR END",Y,0,Clear,Dry,Daylight,,4089024.0,,14,From same direction - both going straight - one stopped - rear-end,0,0,N
4093,1,-122.3394165,47.55847119,4826,18041,18041,1775247,Matched,Block,,EAST MARGINAL WAY S BETWEEN XW ALASKA AND S HUDSON ST,,,1,Property Damage Only Collision,Angles,3,0,0,2,2004/05/03 00:00:00+00,5/3/2004,Driveway Junction,11,"MOTOR VEHICLE STRUCK MOTOR VEHICLE, FRONT END AT ANGLE",,0,Clear,Dry,Daylight,,4124028.0,,10,Entering at angle,0,0,N
4094,1,-122.29212609999999,47.60418127,4828,18266,18266,1788497,Matched,Block,,E ALDER ST BETWEEN 31ST AVE AND 32ND S AVE,,,1,Property Damage Only Collision,Other,2,0,0,2,2004/04/16 00:00:00+00,4/16/2004 9:38:00 PM,Mid-Block (but intersection related),28,MOTOR VEHICLE RAN OFF ROAD - HIT FIXED OBJECT,,0,Clear,Dry,Dark - Street Lights On,,4107001.0,Y,50,Fixed object,0,0,N
4095,1,-122.37366429999999,47.64181453,4829,18431,18431,1214051,Matched,Block,,13TH AVE W BETWEEN W WHEELER ST AND W RAYE ST,,,1,Property Damage Only Collision,Parked Car,2,0,0,2,2004/05/08 00:00:00+00,5/8/2004,Mid-Block (not related to intersection),14,"MOTOR VEHICLE STRUCK MOTOR VEHICLE, REAR END",,0,Overcast,Wet,Daylight,,4129035.0,,32,One parked--one moving,0,0,N
4096,1,-122.2984129,47.72110622,4830,18730,18730,1773687,Matched,Block,,NE 127TH ST BETWEEN 27TH AVE NE AND 28TH AVE NE,,,1,Property Damage Only Collision,Other,1,0,0,1,2004/05/24 00:00:00+00,5/24/2004 12:01:00 AM,Mid-Block (but intersection related),28,MOTOR VEHICLE RAN OFF ROAD - HIT FIXED OBJECT,Y,0,Clear,Dry,Dark - Street Lights On,,4145034.0,,50,Fixed object,0,0,N
4097,2,-122.3554386,47.62035192,4831,18861,18861,1790088,Matched,Block,,1ST AVE N BETWEEN JOHN ST AND THOMAS ST,,,2,Injury Collision,Other,3,0,0,2,2004/04/03 00:00:00+00,4/3/2004,Mid-Block (but intersection related),11,"MOTOR VEHICLE STRUCK MOTOR VEHICLE, FRONT END AT ANGLE",,0,Unknown,Dry,Unknown,,4094030.0,,23,From same direction - all others,0,0,N
4098,1,-122.270248,47.66127386,4832,18224,18224,1777019,Matched,Block,,NE 45TH ST BETWEEN DEAD END AND 54TH AVE NE,,,1,Property Damage Only Collision,Other,2,0,0,2,2004/04/14 00:00:00+00,4/14/2004 11:48:00 AM,Driveway Junction,11,"MOTOR VEHICLE STRUCK MOTOR VEHICLE, FRONT END AT ANGLE",,0,Unknown,Unknown,Daylight,,4105030.0,,22,One car leaving driveway access,0,0,N
4099,1,-122.3290571,47.57876776,4833,18953,18953,1482668,Matched,Block,,4TH AVE S BETWEEN S LANDER ST AND S FOREST ST,,,1,Property Damage Only Collision,Other,2,0,0,2,2004/05/11 00:00:00+00,5/11/2004 3:43:00 PM,Driveway Junction,11,"MOTOR VEHICLE STRUCK MOTOR VEHICLE, FRONT END AT ANGLE",,0,Clear,Dry,Daylight,,4132010.0,,22,One car leaving driveway access,0,0,N
4100,1,-122.3401308,47.51727252,4834,19056,19056,1798027,Matched,Intersection,34984.0,OLSON PL SW AND SW ROXBURY ST,,,1,Property Damage Only Collision,Left Turn,2,0,0,2,2004/10/23 00:00:00+00,10/23/2004 8:34:00 PM,At Intersection (intersection related),11,"MOTOR VEHICLE STRUCK MOTOR VEHICLE, FRONT END AT ANGLE",,0,Clear,Dry,Dark - Street Lights On,,4297023.0,,28,From opposite direction - one left turn - one straight,0,0,N
4101,1,-122.366301,47.71602463,4835,18969,18969,1773526,Matched,Intersection,36285.0,8TH AVE NW AND NW 120TH ST,,,1,Property Damage Only Collision,Angles,4,0,0,2,2004/01/31 00:00:00+00,1/31/2004 4:03:00 PM,At Intersection (intersection related),11,"MOTOR VEHICLE STRUCK MOTOR VEHICLE, FRONT END AT ANGLE",Y,0,Raining,Wet,Daylight,,4031022.0,,10,Entering at angle,0,0,N