,SEVERITYCODE,X,Y,OBJECTID,INCKEY,COLDETKEY,REPORTNO,STATUS,ADDRTYPE,INTKEY,LOCATION,EXCEPTRSNCODE,EXCEPTRSNDESC,SEVERITYCODE.1,SEVERITYDESC,COLLISIONTYPE,PERSONCOUNT,PEDCOUNT,PEDCYLCOUNT,VEHCOUNT,INCDATE,INCDTTM,JUNCTIONTYPE,SDOT_COLCODE,SDOT_COLDESC,INATTENTIONIND,UNDERINFL,WEATHER,ROADCOND,LIGHTCOND,PEDROWNOTGRNT,SDOTCOLNUM,SPEEDING,ST_COLCODE,ST_COLDESC,SEGLANEKEY,CROSSWALKKEY,HITPARKEDCAR
4102,1,-122.3068908,47.54695005,4836,18423,18423,1771886,Matched,Block,,S GRAHAM ST BETWEEN SWIFT AVE S AND 21ST AVE S,,,1,Property Damage Only Collision,Sideswipe,2,0,0,2,2004/06/27 00:00:00+00,6/27/2004 11:00:00 PM,Mid-Block (not related to intersection),11,"MOTOR VEHICLE STRUCK MOTOR VEHICLE, FRONT END AT ANGLE",,0,Clear,Dry,Dark - Street Lights On,,4179003.0,,26,From opposite direction - both going straight - sideswipe,0,0,N
4103,2,-122.36564879999999,47.54558861,4837,18309,18309,1481997,Matched,Block,,26TH AVE SW BETWEEN SW GRAHAM ST AND DEAD END 1,,,2,Injury Collision,Other,3,0,0,2,2004/03/06 00:00:00+00,3/6/2004,Mid-Block (not related to intersection),11,"MOTOR VEHICLE STRUCK MOTOR VEHICLE, FRONT END AT ANGLE",Y,0,Clear,Dry,Daylight,,4066017.0,,23,From same direction - all others,0,0,N
4104,2,-122.32157659999999,47.67586486,4838,18755,18755,1080082,Matched,Block,,NE 65TH ST BETWEEN NE RAVENNA WB BV AND OSWEGO PL NE,,,2,Injury Collision,Rear Ended,2,0,0,2,2004/07/13 00:00:00+00,7/13/2004 3:49:00 PM,Mid-Block (not related to intersection),14,"MOTOR VEHICLE STRUCK MOTOR VEHICLE, REAR END",,0,Clear,Dry,Daylight,,4195016.0,,14,From same direction - both going straight - one stopped - rear-end,0,0,N
4105,1,,,4839,18110,18110,1069977,Matched,Block,,ALASKAN WAY S BETWEEN S ROYAL BROUGHAM WAY AND S ATLANTIC ST,,,1,Property Damage Only Collision,Rear Ended,3,0,0,2,2004/09/25 00:00:00+00,9/25/2004 5:05:00 PM,Mid-Block (not related to intersection),14,"MOTOR VEHICLE STRUCK MOTOR VEHICLE, REAR END",Y,0,Clear,Dry,Daylight,,4269025.0,,13,From same direction - both going straight - both moving - rear-end,0,0,N
4106,1,-122.3348659,47.615284499999994,4840,17722,17722,1772756,Matched,Block,,STEWART ST BETWEEN 8TH AVE AND 9TH AVE,,,1,Property Damage Only Collision,Parked Car,3,0,0,2,2004/05/18 00:00:00+00,5/18/2004 1:29:00 PM,Mid-Block (not related to intersection),11,"MOTOR VEHICLE STRUCK MOTOR VEHICLE, FRONT END AT ANGLE",,0,Clear,Dry,Daylight,,4139021.0,,20,One car leaving parked position,0,0,N
4107,1,-122.3553922,47.66744698,4841,19059,19059,1793735,Matched,Block,,GREENWOOD AVE N BETWEEN N 53RD ST AND N 54TH ST,,,1,Property Damage Only Collision,Parked Car,2,0,0,2,2004/05/27 00:00:00+00,5/27/2004 4:00:00 PM,Mid-Block (not related to intersection),11,"MOTOR VEHICLE STRUCK MOTOR VEHICLE, FRONT END AT ANGLE",,0,Clear,Dry,Daylight,,4148055.0,,32,One parked--one moving,0,0,N
4108,1,-122.3326533,47.7086545,4842,18986,18986,1774062,Matched,Block,,N NORTHGATE WAY BETWEEN MERIDIAN AVE N AND CORLISS AVE N,,,1,Property Damage Only Collision,Other,2,0,0,2,2004/06/10 00:00:00+00,6/10/2004 9:10:00 AM,Driveway Junction,11,"MOTOR VEHICLE STRUCK MOTOR VEHICLE, FRONT END AT ANGLE",,0,Raining,Wet,Daylight,,4162004.0,,22,One car leaving driveway access,0,0,N
4109,2,-122.35113390000002,47.57094178,4845,18609,18609,1781163,Matched,Block,,WEST SEATTLE BR EB BETWEEN ALASKAN WY VI NB ON RP AND DELRIDGE-W SEATTLE BR EB ON RP,,,2,Injury Collision,Sideswipe,3,0,0,2,2004/10/19 00:00:00+00,10/19/2004 6:49:00 AM,Mid-Block (not related to intersection),16,"MOTOR VEHICLE STRUCK MOTOR VEHICLE, LEFT SIDE SIDESWIPE",,0,Raining,Wet,Dark - Street Lights On,,4293027.0,,11,From same direction - both going straight - both moving - sideswipe,0,0,N
4110,1,-122.3487037,47.70289043,4847,18445,18445,1212324,Matched,Block,,N 102ND ST BETWEEN FREMONT AVE N AND LINDEN AVE N,,,1,Property Damage Only Collision,Parked Car,2,0,0,2,2004/03/18 00:00:00+00,3/18/2004 11:59:00 AM,Mid-Block (not related to intersection),12,"MOTOR VEHICLE STRUCK MOTOR VEHICLE, RIGHT SIDE AT ANGLE",,0,Unknown,Unknown,Unknown,,4078017.0,,32,One parked--one moving,0,0,N
4111,1,-122.34596499999999,47.65343706,4848,18886,18886,1931331,Matched,Block,,WHITMAN AVE N BETWEEN N 38TH ST AND N 39TH ST,,,1,Property Damage Only Collision,Parked Car,2,0,0,2,2004/11/26 00:00:00+00,11/26/2004 4:08:00 PM,Mid-Block (not related to intersection),13,"MOTOR VEHICLE STRUCK MOTOR VEHICLE, LEFT SIDE AT ANGLE",,0,Unknown,Unknown,Unknown,,4331029.0,,32,One parked--one moving,0,0,N
4112,1,-122.2947629,47.66124551,4850,18099,18099,1794103,Matched,Block,,NE 45TH ST BETWEEN U VILLAGE DR AND NE 45TH PL,,,1,Property Damage Only Collision,Cycles,2,0,1,1,2004/08/30 00:00:00+00,8/30/2004 2:50:00 PM,Driveway Junction,18,"MOTOR VEHICLE STRUCK PEDALCYCLIST, FRONT END AT ANGLE",,0,Clear,Dry,Daylight,Y,4243002.0,,45,Vehicle - Pedalcyclist,0,0,N
4113,1,-122.31422859999998,47.58146973,4851,18060,18060,1771852,Matched,Block,,BEACON AVE S BETWEEN 14TH AVE S AND S BAYVIEW ST,,,1,Property Damage Only Collision,Other,2,0,0,2,2004/03/29 00:00:00+00,3/29/2004 4:34:00 PM,Driveway Junction,11,"MOTOR VEHICLE STRUCK MOTOR VEHICLE, FRONT END AT ANGLE",,0,Clear,Dry,Daylight,,4089023.0,,21,One car entering driveway access,0,0,N
4114,1,-122.31728079999999,47.59268663,4852,19108,19108,1788616,Matched,Block,,12TH AVE S BETWEEN S CHARLES S ST AND S JUDKINS ST,,,1,Property Damage Only Collision,Parked Car,3,0,0,3,2004/01/27 00:00:00+00,1/27/2004 4:00:00 PM,Mid-Block (not related to intersection),13,"MOTOR VEHICLE STRUCK MOTOR VEHICLE, LEFT SIDE AT ANGLE",,0,Clear,Dry,Daylight,,4027009.0,,32,One parked--one moving,0,0,N
4115,1,-122.3480257,47.61309056,4853,18983,18983,1482707,Matched,Block,,WESTERN AVE BETWEEN BELL ST AND BATTERY ST,,,1,Property Damage Only Collision,Rear Ended,2,0,0,2,2004/05/10 00:00:00+00,5/10/2004 1:40:00 PM,Mid-Block (not related to intersection),14,"MOTOR VEHICLE STRUCK MOTOR VEHICLE, REAR END",,0,Raining,Wet,Daylight,,4131048.0,,14,From same direction - both going straight - one stopped - rear-end,0,0,N
4116,1,-122.3209367,47.62466033,4858,18879,18879,1326987,Matched,Block,,BROADWAY E BETWEEN E MERCER ST AND E ROY E ST,,,1,Property Damage Only Collision,Sideswipe,3,0,0,2,2004/05/13 00:00:00+00,5/13/2004 9:01:00 PM,Mid-Block (not related to intersection),16,"MOTOR VEHICLE STRUCK MOTOR VEHICLE, LEFT SIDE SIDESWIPE",,0,Clear,Dry,Dark - Street Lights On,,4134009.0,,11,From same direction - both going straight - both moving - sideswipe,0,0,N
4117,1,-122.3528348,47.61917538,4859,18997,18997,1780778,Matched,Block,,2ND AVE N BETWEEN DENNY WAY AND JOHN ST,,,1,Property Damage Only Collision,Parked Car,2,0,0,2,2004/01/29 00:00:00+00,1/29/2004 5:10:00 PM,Mid-Block (not related to intersection),13,"MOTOR VEHICLE STRUCK MOTOR VEHICLE, LEFT SIDE AT ANGLE",,0,Raining,Wet,Dusk,,4029031.0,,32,One parked--one moving,0,0,N
4118,1,-122.3369369,47.649198600000005,4860,18232,18232,566944,Matched,Block,,N 35TH ST BETWEEN DENSMORE AVE N AND WALLINGFORD AVE N,,,1,Property Damage Only Collision,Parked Car,0,0,0,2,2004/04/20 00:00:00+00,4/20/2004 7:38:00 AM,Mid-Block (not related to intersection),11,"MOTOR VEHICLE STRUCK MOTOR VEHICLE, FRONT END AT ANGLE",,0,Overcast,Wet,Dark - Street Lights On,,4111007.0,,32,One parked--one moving,0,0,N
4119,1,-122.3156445,47.67980152,4862,18811,18811,C647474,Matched,Block,,12TH AVE NE BETWEEN NE 70TH ST AND NE 71ST ST,,,1,Property Damage Only Collision,Left Turn,2,0,0,2,2004/08/14 00:00:00+00,8/14/2004 12:30:00 PM,Mid-Block (but intersection related),16,"MOTOR VEHICLE STRUCK MOTOR VEHICLE, LEFT SIDE SIDESWIPE",,0,Clear,Dry,Daylight,,4227035.0,,15,From same direction - one left turn - one straight,0,0,N
4120,1,-122.3346656,47.60968542,4864,18665,18665,1482651,Matched,Intersection,29913.0,5TH AVE AND UNION ST,,,1,Property Damage Only Collision,Left Turn,4,0,0,2,2004/04/24 00:00:00+00,4/24/2004 5:15:00 PM,At Intersection (intersection related),11,"MOTOR VEHICLE STRUCK MOTOR VEHICLE, FRONT END AT ANGLE",,0,Clear,Dry,Daylight,,4115020.0,,15,From same direction - one left turn - one straight,0,0,N
4121,1,-122.28284740000002,47.72280968,4865,18136,18136,1780483,Matched,Block,,42ND AVE NE BETWEEN NE 125TH ST AND NE 135TH ST,,,1,Property Damage Only Collision,Other,1,0,0,1,2004/01/22 00:00:00+00,1/22/2004 8:14:00 PM,Mid-Block (not related to intersection),28,MOTOR VEHICLE RAN OFF ROAD - HIT FIXED OBJECT,,0,Raining,Wet,Dark - Street Lights On,,4022010.0,,50,Fixed object,0,0,N
4122,1,-122.32472379999999,47.63305604,4866,18485,18485,1327970,Matched,Block,,FRANKLIN AVE E BETWEEN E GALER ST AND E GARFIELD ST,,,1,Property Damage Only Collision,Parked Car,2,0,0,2,2004/02/10 00:00:00+00,2/10/2004 7:20:00 AM,Mid-Block (not related to intersection),16,"MOTOR VEHICLE STRUCK MOTOR VEHICLE, LEFT SIDE SIDESWIPE",,0,Clear,Dry,Daylight,,4041016.0,,32,One parked--one moving,0,0,N
4123,2,-122.32481299999999,47.60898123,4867,18606,18606,1856602,Matched,Block,,BOREN AVE BETWEEN MARION ST AND MADISON ST,,,2,Injury Collision,Rear Ended,2,0,0,2,2004/04/19 00:00:00+00,4/19/2004 5:32:00 PM,Mid-Block (not related to intersection),14,"MOTOR VEHICLE STRUCK MOTOR VEHICLE, REAR END",,0,Raining,Wet,Daylight,,4110054.0,,13,From same direction - both going straight - both moving - rear-end,0,0,N
4124,2,-122.371398,47.51742557,4868,18406,18406,1795202,Matched,Intersection,34961.0,30TH AVE SW AND SW ROXBURY ST,,,2,Injury Collision,Left Turn,2,0,0,2,2004/10/05 00:00:00+00,10/5/2004,At Intersection (intersection related),11,"MOTOR VEHICLE STRUCK MOTOR VEHICLE, FRONT END AT ANGLE",,0,Raining,Wet,Dusk,,4279063.0,,28,From opposite direction - one left turn - one straight,0,0,N
4125,1,-122.38692409999999,47.55608009,4870,18529,18529,1790401,Matched,Block,,CALIFORNIA AVE SW BETWEEN SW DAWSON N ST AND SW DAWSON S ST,,,1,Property Damage Only Collision,Other,2,0,0,2,2004/04/24 00:00:00+00,4/24/2004 11:55:00 AM,Driveway Junction,11,"MOTOR VEHICLE STRUCK MOTOR VEHICLE, FRONT END AT ANGLE",,0,Clear,Dry,Daylight,,4115006.0,,22,One car leaving driveway access,0,0,N
4126,1,-122.378404,47.68686592,4874,18561,18561,1778630,Matched,Block,,NW 80TH ST BETWEEN 16TH AVE NW AND 17TH AVE NW,,,1,Property Damage Only Collision,Parked Car,2,0,0,2,2004/03/31 00:00:00+00,3/31/2004 8:10:00 AM,Mid-Block (not related to intersection),16,"MOTOR VEHICLE STRUCK MOTOR VEHICLE, LEFT SIDE SIDESWIPE",,0,Overcast,Dry,Daylight,,4091015.0,,32,One parked--one moving,0,0,N
4127,2,-122.3568999,47.64143366,4875,18377,18377,1778019,Matched,Intersection,27800.0,QUEEN ANNE AVE N AND SMITH ST,,,2,Injury Collision,Angles,3,0,0,2,2004/04/18 00:00:00+00,4/18/2004 8:35:00 PM,At Intersection (intersection related),11,"MOTOR VEHICLE STRUCK MOTOR VEHICLE, FRONT END AT ANGLE",,0,Overcast,Dry,Dark - Street Lights On,,4109018.0,,10,Entering at angle,0,0,N
4128,1,-122.27708020000001,47.63990076,4877,19085,19085,1216838,Matched,Block,,43RD AVE E BETWEEN E LYNN ST AND E MCGILVRA ST,,,1,Property Damage Only Collision,Parked Car,2,0,0,2,2004/11/13 00:00:00+00,11/13/2004 11:00:00 AM,Mid-Block (not related to intersection),13,"MOTOR VEHICLE STRUCK MOTOR VEHICLE, LEFT SIDE AT ANGLE",,0,Clear,Dry,Dark - Street Lights On,,4318018.0,,32,One parked--one moving,0,0,N
4129,2,-122.34499679999999,47.72503555,4879,18681,18681,1781803,Matched,Block,,AURORA AVE N BETWEEN N 130TH ST AND N 135TH ST,,,2,Injury Collision,Rear Ended,3,0,0,3,2004/05/22 00:00:00+00,5/22/2004 3:05:00 PM,Mid-Block (not related to intersection),14,"MOTOR VEHICLE STRUCK MOTOR VEHICLE, REAR END",,0,Overcast,Wet,Daylight,,4143041.0,,14,From same direction - both going straight - one stopped - rear-end,0,0,N
4130,1,-122.3637754,47.65797587,4880,18724,18724,1796903,Matched,Block,,LEARY WAY NW BETWEEN 6TH S AVE NW AND 6TH N AVE NW,,,1,Property Damage Only Collision,Parked Car,2,0,0,2,2004/11/02 00:00:00+00,11/2/2004,Mid-Block (not related to intersection),16,"MOTOR VEHICLE STRUCK MOTOR VEHICLE, LEFT SIDE SIDESWIPE",,0,Raining,Wet,Daylight,,4307014.0,,32,One parked--one moving,0,0,N
4131,1,-122.2871378,47.67941515,4881,18179,18179,1774595,Matched,Intersection,24953.0,38TH AVE NE AND NE 70TH ST,,,1,Property Damage Only Collision,Left Turn,2,0,0,2,2004/02/14 00:00:00+00,2/14/2004 3:48:00 PM,At Intersection (intersection related),11,"MOTOR VEHICLE STRUCK MOTOR VEHICLE, FRONT END AT ANGLE",,0,Overcast,Wet,Daylight,,4045016.0,,28,From opposite direction - one left turn - one straight,0,0,N
4132,1,-122.3399822,47.70504485,4883,18408,18408,1079909,Matched,Block,,N NORTHGATE WAY BETWEEN INTERLAKE AVE N AND ASHWORTH AVE N,,,1,Property Damage Only Collision,Rear Ended,3,0,0,3,2004/07/25 00:00:00+00,7/25/2004 3:24:00 PM,Mid-Block (but intersection related),14,"MOTOR VEHICLE STRUCK MOTOR VEHICLE, REAR END",Y,0,Clear,Dry,Daylight,,4207035.0,,14,From same direction - both going straight - one stopped - rear-end,0,0,N
4133,2,-122.3232898,47.70908629,4884,18146,18146,C649711,Matched,Block,,5TH AVE NE BETWEEN NE NORTHGATE WAY AND NE 112TH S ST,,,2,Injury Collision,Sideswipe,2,0,0,2,2004/12/03 00:00:00+00,12/3/2004,Mid-Block (but intersection related),11,"MOTOR VEHICLE STRUCK MOTOR VEHICLE, FRONT END AT ANGLE",,0,Clear,Dry,Dark - Street Lights On,,4338042.0,,11,From same direction - both going straight - both moving - sideswipe,0,0,N
4134,1,-122.34114070000001,47.65488104,4885,18573,18573,1220171,Matched,Block,,INTERLAKE AVE N BETWEEN N 39TH ST AND N 40TH ST,,,1,Property Damage Only Collision,Parked Car,2,0,0,2,2004/09/14 00:00:00+00,9/14/2004 12:30:00 PM,Mid-Block (not related to intersection),13,"MOTOR VEHICLE STRUCK MOTOR VEHICLE, LEFT SIDE AT ANGLE",,0,Snowing,Unknown,Unknown,,4258027.0,,32,One parked--one moving,0,0,N
4135,1,-122.31678079999999,47.60538049,4886,18854,18854,1211596,Matched,Block,,12TH AVE BETWEEN E TERRACE ST AND E REMINGTON CT,,,1,Property Damage Only Collision,Rear Ended,2,0,0,2,2004/10/27 00:00:00+00,10/27/2004 5:40:00 PM,Mid-Block (not related to intersection),14,"MOTOR VEHICLE STRUCK MOTOR VEHICLE, REAR END",Y,0,Clear,Dry,Daylight,,4301019.0,,14,From same direction - both going straight - one stopped - rear-end,0,0,N
4136,2,-122.34892520000001,47.61857627,4888,18949,18949,1482413,Matched,Intersection,29656.0,4TH AVE AND DENNY WAY,,,2,Injury Collision,Angles,3,0,0,2,2004/08/03 00:00:00+00,8/3/2004,At Intersection (intersection related),11,"MOTOR VEHICLE STRUCK MOTOR VEHICLE, FRONT END AT ANGLE",,0,Clear,Dry,Dark - Street Lights On,,4216011.0,,10,Entering at angle,0,0,N
4137,2,-122.3443753,47.61680223,4889,18915,18915,1783764,Matched,Intersection,29532.0,5TH AVE AND BATTERY ST,,,2,Injury Collision,Angles,3,0,0,2,2004/09/28 00:00:00+00,9/28/2004 7:35:00 PM,At Intersection (intersection related),11,"MOTOR VEHICLE STRUCK MOTOR VEHICLE, FRONT END AT ANGLE",,0,Clear,Dry,Dusk,,4272010.0,,10,Entering at angle,0,0,N
4138,1,-122.2883703,47.56281944,4890,18830,18830,1779377,Matched,Block,,S OREGON ST BETWEEN 35TH AVE S AND RAINIER AVE S,,,1,Property Damage Only Collision,Parked Car,2,0,0,2,2004/01/05 00:00:00+00,1/5/2004,Mid-Block (not related to intersection),16,"MOTOR VEHICLE STRUCK MOTOR VEHICLE, LEFT SIDE SIDESWIPE",,0,Snowing,Snow/Slush,Dark - Street Lights Off,,4005001.0,,32,One parked--one moving,0,0,N
4139,1,-122.3149098,47.52690544,4891,18166,18166,1775381,Matched,Block,,14TH AVE S BETWEEN DALLAS AVE S AND S CLOVERDALE ST,,,1,Property Damage Only Collision,Other,2,0,0,2,2004/02/28 00:00:00+00,2/28/2004 4:15:00 PM,Driveway Junction,11,"MOTOR VEHICLE STRUCK MOTOR VEHICLE, FRONT END AT ANGLE",,0,Clear,Dry,Daylight,,4059023.0,,21,One car entering driveway access,0,0,N
4140,1,-122.340346,47.62713743,4892,18601,18601,1785598,Matched,Block,,ALOHA ST BETWEEN 8TH AVE N AND 9TH AVE N,,,1,Property Damage Only Collision,Parked Car,2,0,0,2,2004/07/20 00:00:00+00,7/20/2004 5:00:00 PM,Mid-Block (not related to intersection),13,"MOTOR VEHICLE STRUCK MOTOR VEHICLE, LEFT SIDE AT ANGLE",,0,Clear,Dry,Daylight,,4202042.0,,32,One parked--one moving,0,0,N
4141,1,-122.30721969999999,47.59022957,4893,18112,18112,1074713,Matched,Block,,RAINIER AVE S BETWEEN MTS N RAINIER CONNCT TRL AND I90 EB OFF RP,,,1,Property Damage Only Collision,Rear Ended,3,0,0,3,2004/08/10 00:00:00+00,8/10/2004 4:50:00 PM,Mid-Block (not related to intersection),14,"MOTOR VEHICLE STRUCK MOTOR VEHICLE, REAR END",,0,Clear,Dry,Daylight,,4223038.0,,13,From same direction - both going straight - both moving - rear-end,0,0,N
4142,1,-122.3312087,47.617225,4896,18845,18845,1777183,Matched,Block,,MINOR AVE BETWEEN HOWELL ST AND STEWART ST,,,1,Property Damage Only Collision,Parked Car,2,0,0,2,2004/03/22 00:00:00+00,3/22/2004 11:28:00 AM,Mid-Block (not related to intersection),11,"MOTOR VEHICLE STRUCK MOTOR VEHICLE, FRONT END AT ANGLE",,0,Clear,Dry,Daylight,,4082009.0,,20,One car leaving parked position,0,0,N
4143,1,-122.3390138,47.60500937,4897,18083,18083,664802,Matched,Block,,ALASKAN E RDWY WAY BETWEEN SPRING ST AND SENECA ST,,,1,Property Damage Only Collision,Parked Car,0,0,0,2,2004/07/31 00:00:00+00,7/31/2004 2:04:00 PM,Mid-Block (but intersection related),11,"MOTOR VEHICLE STRUCK MOTOR VEHICLE, FRONT END AT ANGLE",,0,Overcast,Dry,Daylight,,4213022.0,,19,One car entering parked position,0,0,N
4144,1,-122.3747847,47.69061784,4900,19121,19121,1794178,Matched,Block,,NW 85TH ST BETWEEN 14TH AVE NW AND MARY AVE NW,,,1,Property Damage Only Collision,Parked Car,2,0,0,2,2004/07/27 00:00:00+00,7/27/2004 7:00:00 PM,Mid-Block (not related to intersection),13,"MOTOR VEHICLE STRUCK MOTOR VEHICLE, LEFT SIDE AT ANGLE",,0,Clear,Dry,Daylight,,4209041.0,,32,One parked--one moving,0,0,N
4145,1,-122.3429132,47.69055035,4901,18157,18157,1782839,Matched,Block,,N 85TH ST BETWEEN NESBIT AVE N AND MIDVALE AVE N,,,1,Property Damage Only Collision,Rear Ended,2,0,0,2,2004/04/07 00:00:00+00,4/7/2004,Mid-Block (not related to intersection),14,"MOTOR VEHICLE STRUCK MOTOR VEHICLE, REAR END",Y,0,Clear,Dry,Daylight,,4098018.0,,14,From same direction - both going straight - one stopped - rear-end,0,0,N
4146,1,-122.3283588,47.61369803,4902,19039,19039,1787224,Matched,Block,,PIKE ST BETWEEN BOREN AVE AND MELROSE AVE,,,1,Property Damage Only Collision,Parked Car,2,0,0,2,2004/05/09 00:00:00+00,5/9/2004,Mid-Block (not related to intersection),13,"MOTOR VEHICLE STRUCK MOTOR VEHICLE, LEFT SIDE AT ANGLE",,0,Clear,Dry,Dark - Street Lights On,,4130011.0,,32,One parked--one moving,0,0,N
4147,1,-122.30683020000001,47.64640162,4903,18865,18865,1320344,Matched,Block,,E SHELBY ST BETWEEN WEST PARK DR E AND MONTLAKE BLVD E,,,1,Property Damage Only Collision,Parked Car,2,0,0,2,2004/05/11 00:00:00+00,5/11/2004 6:35:00 PM,Mid-Block (not related to intersection),13,"MOTOR VEHICLE STRUCK MOTOR VEHICLE, LEFT SIDE AT ANGLE",,0,Clear,Dry,Daylight,,4132019.0,,32,One parked--one moving,0,0,N
4148,2,-122.3496081,47.61916165,4907,18677,18677,1783761,Matched,Block,,BROAD ST BETWEEN DENNY WAY AND 4TH AVE N,,,2,Injury Collision,Rear Ended,4,0,0,2,2004/09/13 00:00:00+00,9/13/2004 9:13:00 PM,Mid-Block (but intersection related),14,"MOTOR VEHICLE STRUCK MOTOR VEHICLE, REAR END",Y,0,Overcast,Dry,Dark - Street Lights On,,4257038.0,,14,From same direction - both going straight - one stopped - rear-end,0,0,N
4149,1,-122.3627247,47.70312048,4908,18077,18077,1782060,Matched,Block,,NW 100TH PL BETWEEN 4TH AVE NW AND 6TH AVE NW,,,1,Property Damage Only Collision,Other,1,0,0,1,2004/09/13 00:00:00+00,9/13/2004 1:51:00 PM,Mid-Block (not related to intersection),48,DRIVERLESS VEHICLE RAN OFF ROAD - HIT FIXED OBJECT,,0,Raining,Wet,Daylight,,4257020.0,,50,Fixed object,0,0,N
4150,1,-122.39031740000001,47.6867848,4909,18482,18482,C649747,Matched,Block,,NW 80TH ST BETWEEN 26TH AVE NW AND 27TH AVE NW,,,1,Property Damage Only Collision,Parked Car,2,0,0,2,2004/12/07 00:00:00+00,12/7/2004,Mid-Block (not related to intersection),11,"MOTOR VEHICLE STRUCK MOTOR VEHICLE, FRONT END AT ANGLE",,0,Raining,Wet,Dusk,,4342063.0,,20,One car leaving parked position,0,0,N
4151,1,-122.35113390000002,47.57094178,4910,17994,17994,C629700,Matched,Block,,WEST SEATTLE BR EB BETWEEN ALASKAN WY VI NB ON RP AND DELRIDGE-W SEATTLE BR EB ON RP,,,1,Property Damage Only Collision,Sideswipe,2,0,0,2,2004/03/09 00:00:00+00,3/9/2004,Mid-Block (not related to intersection),14,"MOTOR VEHICLE STRUCK MOTOR VEHICLE, REAR END",,0,Raining,Wet,Daylight,,4069030.0,,11,From same direction - both going straight - both moving - sideswipe,0,0,N
4152,1,-122.3326533,47.7086545,4912,18583,18583,1080334,Matched,Block,,N NORTHGATE WAY BETWEEN MERIDIAN AVE N AND CORLISS AVE N,,,1,Property Damage Only Collision,Other,4,0,0,3,2004/06/20 00:00:00+00,6/20/2004 7:38:00 PM,Driveway Junction,11,"MOTOR VEHICLE STRUCK MOTOR VEHICLE, FRONT END AT ANGLE",,0,Clear,Dry,Daylight,,4172011.0,,21,One car entering driveway access,0,0,N
4153,1,-122.3485372,47.64149911,4914,18505,18505,1777769,Matched,Block,,SMITH ST BETWEEN 4TH AVE N AND DEAD END,,,1,Property Damage Only Collision,Parked Car,2,0,0,2,2004/01/17 00:00:00+00,1/17/2004 11:30:00 PM,Mid-Block (not related to intersection),14,"MOTOR VEHICLE STRUCK MOTOR VEHICLE, REAR END",Y,0,Unknown,Dry,Dark - No Street Lights,,4017004.0,,32,One parked--one moving,0,0,N
4154,1,-122.3520862,47.66501672,4918,18822,18822,1199990,Matched,Block,,N 50TH ST BETWEEN DAYTON AVE N AND EVANSTON AVE N,,,1,Property Damage Only Collision,Rear Ended,2,0,0,2,2004/02/27 00:00:00+00,2/27/2004 5:28:00 PM,Mid-Block (not related to intersection),14,"MOTOR VEHICLE STRUCK MOTOR VEHICLE, REAR END",Y,0,Clear,Dry,Daylight,,4058027.0,,13,From same direction - both going straight - both moving - rear-end,0,0,N
4155,1,-122.32563300000001,47.61848878,4919,18425,18425,1772002,Matched,Intersection,29162.0,E DENNY WAY AND E OLIVE WAY,,,1,Property Damage Only Collision,Left Turn,2,0,0,2,2004/03/18 00:00:00+00,3/18/2004 9:49:00 PM,At Intersection (intersection related),11,"MOTOR VEHICLE STRUCK MOTOR VEHICLE, FRONT END AT ANGLE",,0,Overcast,Wet,Dark - Street Lights On,,4078019.0,,15,From same direction - one left turn - one straight,0,0,N
4156,2,-122.35227340000002,47.52101391,4920,18032,18032,1790307,Matched,Block,,SW BARTON ST BETWEEN 13TH AVE SW AND 14TH AVE SW,,,2,Injury Collision,Parked Car,2,0,0,2,2004/09/06 00:00:00+00,9/6/2004,Mid-Block (not related to intersection),14,"MOTOR VEHICLE STRUCK MOTOR VEHICLE, REAR END",,0,Clear,Dry,Daylight,,4250011.0,,32,One parked--one moving,0,0,N
4157,1,-122.33428799999999,47.62469378,4924,18579,18579,1784770,Matched,Intersection,28760.0,FAIRVIEW AVE N AND MERCER ST,,,1,Property Damage Only Collision,Sideswipe,2,0,0,2,2004/10/06 00:00:00+00,10/6/2004,At Intersection (intersection related),16,"MOTOR VEHICLE STRUCK MOTOR VEHICLE, LEFT SIDE SIDESWIPE",,0,Clear,Dry,Daylight,,4280022.0,,81,Same direction -- both turning left -- both moving -- sideswipe,0,0,N
4158,1,-122.34154109999999,47.61278151,4925,18849,18849,1777360,Matched,Block,,3RD AVE BETWEEN VIRGINIA ST AND LENORA ST,,,1,Property Damage Only Collision,Sideswipe,2,0,0,2,2004/01/05 00:00:00+00,1/5/2004,Mid-Block (not related to intersection),16,"MOTOR VEHICLE STRUCK MOTOR VEHICLE, LEFT SIDE SIDESWIPE",,0,Overcast,Dry,Daylight,,4005005.0,,11,From same direction - both going straight - both moving - sideswipe,0,0,N
4159,2,-122.2909068,47.72646364,4926,18520,18520,1219928,Matched,Intersection,36173.0,35TH AVE NE AND ERICKSON PL NE,,,2,Injury Collision,Angles,4,0,0,2,2004/08/25 00:00:00+00,8/25/2004 12:09:00 AM,At Intersection (intersection related),11,"MOTOR VEHICLE STRUCK MOTOR VEHICLE, FRONT END AT ANGLE",,0,Overcast,Dry,Dark - Street Lights On,,4238003.0,Y,10,Entering at angle,0,0,N
4160,1,-122.3200993,47.54571818,4927,18774,18774,1771397,Matched,Block,,S EDDY ST BETWEEN CARLETON AVE S AND FLORA AVE S,,,1,Property Damage Only Collision,Parked Car,5,0,0,2,2004/06/11 00:00:00+00,6/11/2004 4:00:00 PM,Mid-Block (but intersection related),16,"MOTOR VEHICLE STRUCK MOTOR VEHICLE, LEFT SIDE SIDESWIPE",Y,0,Clear,Dry,Daylight,,4163044.0,,32,One parked--one moving,0,0,N