,SEVERITYCODE,X,Y,OBJECTID,INCKEY,COLDETKEY,REPORTNO,STATUS,ADDRTYPE,INTKEY,LOCATION,EXCEPTRSNCODE,EXCEPTRSNDESC,SEVERITYCODE.1,SEVERITYDESC,COLLISIONTYPE,PERSONCOUNT,PEDCOUNT,PEDCYLCOUNT,VEHCOUNT,INCDATE,INCDTTM,JUNCTIONTYPE,SDOT_COLCODE,SDOT_COLDESC,INATTENTIONIND,UNDERINFL,WEATHER,ROADCOND,LIGHTCOND,PEDROWNOTGRNT,SDOTCOLNUM,SPEEDING,ST_COLCODE,ST_COLDESC,SEGLANEKEY,CROSSWALKKEY,HITPARKEDCAR
4161,1,-122.3245396,47.73406131,4929,18018,18018,1944330,Matched,Block,,NE 145TH ST BETWEEN 145TH ST ON RP AND 5TH AVE NE,,,1,Property Damage Only Collision,Other,5,0,0,1,2004/09/14 00:00:00+00,9/14/2004 6:23:00 PM,Mid-Block (not related to intersection),28,MOTOR VEHICLE RAN OFF ROAD - HIT FIXED OBJECT,,0,Raining,Wet,Dusk,,4258002.0,Y,50,Fixed object,0,0,N
4162,1,-122.3099351,47.59379007,4930,18591,18591,1477723,Matched,Block,,RAINIER AVE S BETWEEN S CHARLES S ST AND S NORMAN ST,,,1,Property Damage Only Collision,Sideswipe,2,0,0,2,2004/06/07 00:00:00+00,6/7/2004,Mid-Block (not related to intersection),16,"MOTOR VEHICLE STRUCK MOTOR VEHICLE, LEFT SIDE SIDESWIPE",,0,Overcast,Wet,Daylight,,4159014.0,,11,From same direction - both going straight - both moving - sideswipe,0,0,N
4163,1,-122.3259598,47.606036100000004,4931,17983,17983,1771989,Matched,Block,,CHERRY ST BETWEEN 8TH AVE AND 9TH AVE,,,1,Property Damage Only Collision,Parked Car,2,0,0,2,2004/05/14 00:00:00+00,5/14/2004 4:20:00 PM,Mid-Block (not related to intersection),11,"MOTOR VEHICLE STRUCK MOTOR VEHICLE, FRONT END AT ANGLE",,0,Clear,Dry,Daylight,,4135008.0,,32,One parked--one moving,0,0,N
4164,1,-122.3174497,47.68120704,4932,17432,17432,1794477,Matched,Block,,ROOSEVELT WAY NE BETWEEN NE 72ND ST AND NE 73RD ST,,,1,Property Damage Only Collision,Sideswipe,2,0,0,2,2004/10/04 00:00:00+00,10/4/2004,Mid-Block (not related to intersection),16,"MOTOR VEHICLE STRUCK MOTOR VEHICLE, LEFT SIDE SIDESWIPE",,0,Fog/Smog/Smoke,Dry,Daylight,,4278030.0,,11,From same direction - both going straight - both moving - sideswipe,0,0,N
4165,1,-122.30793670000001,47.54698098,4933,18798,18798,1771628,Matched,Intersection,33396.0,SWIFT AVE S AND S GRAHAM ST,,,1,Property Damage Only Collision,Left Turn,2,0,0,2,2004/02/02 00:00:00+00,2/2/2004,At Intersection (intersection related),11,"MOTOR VEHICLE STRUCK MOTOR VEHICLE, FRONT END AT ANGLE",,0,Overcast,Dry,Dark - Street Lights Off,,4033023.0,,28,From opposite direction - one left turn - one straight,0,0,N
4166,1,-122.33594529999999,47.61533686,4934,18847,18847,1777290,Matched,Block,,8TH AVE BETWEEN STEWART ST AND VIRGINIA ST,,,1,Property Damage Only Collision,Rear Ended,2,0,0,2,2004/03/15 00:00:00+00,3/15/2004 7:21:00 AM,Mid-Block (but intersection related),14,"MOTOR VEHICLE STRUCK MOTOR VEHICLE, REAR END",Y,0,Clear,Dry,Daylight,,4075005.0,,13,From same direction - both going straight - both moving - rear-end,0,0,N
4167,2,-122.2807928,47.53153737,4936,18465,18465,1786449,Matched,Intersection,34501.0,M L KING JR WR WAY S AND S KENYON ST,,,2,Injury Collision,Pedestrian,2,1,0,1,2004/03/20 00:00:00+00,3/20/2004 4:07:00 PM,At Intersection (intersection related),24,MOTOR VEHCILE STRUCK PEDESTRIAN,,0,Clear,Dry,Daylight,Y,4080006.0,,2,Vehicle turning left hits pedestrian,0,0,N
4168,1,-122.32406920000001,47.63972666,4937,18050,18050,1795859,Matched,Block,,E LYNN ST BETWEEN FRANKLIN AVE E AND BOYLSTON AVE E,,,1,Property Damage Only Collision,Parked Car,2,0,0,2,2004/10/06 00:00:00+00,10/6/2004,Mid-Block (not related to intersection),13,"MOTOR VEHICLE STRUCK MOTOR VEHICLE, LEFT SIDE AT ANGLE",,0,Overcast,Dry,Daylight,,4280019.0,,32,One parked--one moving,0,0,N
4169,1,-122.29220249999999,47.67398093,4939,18874,18874,C650046,Matched,Intersection,25891.0,33RD AVE NE AND NE 62ND ST,,,1,Property Damage Only Collision,Parked Car,2,0,0,2,2004/11/04 00:00:00+00,11/4/2004,At Intersection (intersection related),11,"MOTOR VEHICLE STRUCK MOTOR VEHICLE, FRONT END AT ANGLE",,0,Overcast,Dry,Daylight,,4309039.0,,20,One car leaving parked position,0,0,N
4170,2,-122.3250569,47.59877133,4941,18225,18225,1777045,Matched,Block,,MAYNARD AVE S BETWEEN S JACKSON ST AND S KING ST,,,2,Injury Collision,Pedestrian,2,1,0,1,2004/05/29 00:00:00+00,5/29/2004 12:44:00 PM,Mid-Block (not related to intersection),24,MOTOR VEHCILE STRUCK PEDESTRIAN,Y,0,Clear,Dry,Daylight,,4150022.0,,0,Vehicle going straight hits pedestrian,0,0,N
4171,1,-122.26998429999999,47.52704457,4942,18776,18776,1771557,Matched,Block,,RAINIER AVE S BETWEEN S THISTLE ST AND S CLOVERDALE ST,,,1,Property Damage Only Collision,Rear Ended,2,0,0,2,2004/04/20 00:00:00+00,4/20/2004 8:27:00 AM,Mid-Block (not related to intersection),14,"MOTOR VEHICLE STRUCK MOTOR VEHICLE, REAR END",,0,Clear,Dry,Daylight,,4111029.0,,14,From same direction - both going straight - one stopped - rear-end,0,0,N
4172,1,-122.3259748,47.58617471,4943,18663,18663,1482332,Matched,Intersection,31349.0,6TH AVE S AND S HOLGATE ST,,,1,Property Damage Only Collision,Angles,3,0,0,2,2004/03/14 00:00:00+00,3/14/2004 8:00:00 AM,At Intersection (intersection related),11,"MOTOR VEHICLE STRUCK MOTOR VEHICLE, FRONT END AT ANGLE",,0,Clear,Dry,Daylight,,4074021.0,,10,Entering at angle,0,0,N
4173,2,-122.33202890000001,47.64985041,4944,18171,18171,1775823,Matched,Block,,N PACIFIC ST BETWEEN N 35TH ST AND N 36TH ST,,,2,Injury Collision,Rear Ended,2,0,0,2,2004/04/14 00:00:00+00,4/14/2004 5:28:00 PM,Mid-Block (but intersection related),14,"MOTOR VEHICLE STRUCK MOTOR VEHICLE, REAR END",Y,0,Clear,Dry,Daylight,,4105013.0,,14,From same direction - both going straight - one stopped - rear-end,0,0,N
4174,2,-122.3449719,47.72275671,4945,18749,18749,1796652,Matched,Block,,AURORA AVE N BETWEEN N 128TH ST AND N 130TH ST,,,2,Injury Collision,Rear Ended,5,0,0,3,2004/12/19 00:00:00+00,12/19/2004 3:20:00 PM,Mid-Block (not related to intersection),14,"MOTOR VEHICLE STRUCK MOTOR VEHICLE, REAR END",Y,1,Raining,Wet,Daylight,,4354006.0,,14,From same direction - both going straight - one stopped - rear-end,0,0,N
4175,2,-122.34849109999999,47.67278859,4946,18256,18256,1778633,Matched,Intersection,25614.0,LINDEN AVE N AND WOODLAND S PL N,,,2,Injury Collision,Angles,7,0,0,2,2004/04/10 00:00:00+00,4/10/2004 12:45:00 PM,At Intersection (intersection related),11,"MOTOR VEHICLE STRUCK MOTOR VEHICLE, FRONT END AT ANGLE",,0,Clear,Dry,Daylight,,4101017.0,,10,Entering at angle,0,0,N
4176,1,-122.3449719,47.72275671,4947,17431,17431,1780141,Matched,Block,,AURORA AVE N BETWEEN N 128TH ST AND N 130TH ST,,,1,Property Damage Only Collision,Rear Ended,3,0,0,2,2004/02/08 00:00:00+00,2/8/2004,Mid-Block (not related to intersection),14,"MOTOR VEHICLE STRUCK MOTOR VEHICLE, REAR END",Y,0,Clear,Dry,Daylight,,4039020.0,,14,From same direction - both going straight - one stopped - rear-end,0,0,N
4177,1,-122.33623840000001,47.60469505,4950,18222,18222,1776477,Matched,Intersection,29621.0,1ST AVE AND MADISON ST,,,1,Property Damage Only Collision,Sideswipe,2,0,0,2,2004/03/23 00:00:00+00,3/23/2004 4:15:00 PM,At Intersection (intersection related),16,"MOTOR VEHICLE STRUCK MOTOR VEHICLE, LEFT SIDE SIDESWIPE",,0,Raining,Wet,Daylight,,4083015.0,,11,From same direction - both going straight - both moving - sideswipe,0,0,N
4178,2,-122.3342037,47.62613482,4951,18324,18324,1213377,Matched,Block,,FAIRVIEW AVE N BETWEEN VALLEY UPPER ST AND FAIRVIEW PL N,,,2,Injury Collision,Sideswipe,2,0,0,2,2004/01/26 00:00:00+00,1/26/2004 12:05:00 PM,Mid-Block (but intersection related),11,"MOTOR VEHICLE STRUCK MOTOR VEHICLE, FRONT END AT ANGLE",,0,Overcast,Dry,Daylight,,4026013.0,,11,From same direction - both going straight - both moving - sideswipe,0,0,N
4179,1,-122.3246152,47.7086028,4952,18615,18615,1797173,Matched,Block,,NE NORTHGATE WAY BETWEEN 3RD AVE NE AND 5TH AVE NE,,,1,Property Damage Only Collision,Sideswipe,2,0,0,2,2004/11/22 00:00:00+00,11/22/2004 6:00:00 PM,Mid-Block (not related to intersection),16,"MOTOR VEHICLE STRUCK MOTOR VEHICLE, LEFT SIDE SIDESWIPE",,0,Clear,Dry,Dark - Street Lights On,,4327022.0,,12,From same direction - both going straight - one stopped - sideswipe,0,0,N
4180,2,-122.3182662,47.65547083,4953,18164,18164,1931179,Matched,Intersection,27112.0,EASTLAKE AVE NE AND UNIVERSITY BR,,,2,Injury Collision,Angles,2,0,0,2,2004/11/08 00:00:00+00,11/8/2004,At Intersection (intersection related),11,"MOTOR VEHICLE STRUCK MOTOR VEHICLE, FRONT END AT ANGLE",Y,0,Clear,Dry,Dark - Street Lights On,,4313007.0,,10,Entering at angle,0,0,N
4181,2,-122.36095970000001,47.54122048,4954,18746,18746,1781116,Matched,Block,,DELRIDGE WAY SW BETWEEN SW WILLOW ST AND CROFT PL SW,,,2,Injury Collision,Other,2,0,0,2,2004/10/05 00:00:00+00,10/5/2004,Driveway Junction,11,"MOTOR VEHICLE STRUCK MOTOR VEHICLE, FRONT END AT ANGLE",,0,Raining,Wet,Dark - Street Lights On,,4279058.0,,22,One car leaving driveway access,0,0,N
4182,2,-122.32131340000001,47.60599116,4955,18240,18240,1217019,Matched,Block,,JEFFERSON ST BETWEEN BOREN AVE AND BROADWAY,,,2,Injury Collision,Other,5,0,0,3,2004/11/22 00:00:00+00,11/22/2004 11:14:00 AM,Driveway Junction,11,"MOTOR VEHICLE STRUCK MOTOR VEHICLE, FRONT END AT ANGLE",,0,Overcast,Dry,Daylight,,4327037.0,,22,One car leaving driveway access,0,0,N
4183,2,-122.37125159999998,47.52647507,4956,18792,18792,1788909,Matched,Intersection,34932.0,30TH AVE SW AND SW CLOVERDALE ST,,,2,Injury Collision,Angles,2,0,0,2,2004/02/24 00:00:00+00,2/24/2004 1:50:00 PM,At Intersection (intersection related),11,"MOTOR VEHICLE STRUCK MOTOR VEHICLE, FRONT END AT ANGLE",,0,Overcast,Dry,Daylight,,4055035.0,Y,10,Entering at angle,0,0,N
4184,1,-122.3175591,47.68710314,4957,18678,18678,1780239,Matched,Block,,ROOSEVELT WAY NE BETWEEN NE 80TH ST AND NE 81ST ST,,,1,Property Damage Only Collision,Parked Car,2,0,0,2,2004/01/02 00:00:00+00,1/2/2004,Mid-Block (not related to intersection),16,"MOTOR VEHICLE STRUCK MOTOR VEHICLE, LEFT SIDE SIDESWIPE",,0,Sleet/Hail/Freezing Rain,Ice,Dawn,,4002005.0,,32,One parked--one moving,0,0,N
4185,2,-122.34974740000001,47.64958973,4958,18495,18495,1776182,Matched,Intersection,27039.0,FREMONT AVE N AND N 34TH ST,,,2,Injury Collision,Rear Ended,2,0,0,2,2004/03/03 00:00:00+00,3/3/2004,Ramp Junction,14,"MOTOR VEHICLE STRUCK MOTOR VEHICLE, REAR END",,0,Clear,Dry,Daylight,,4063007.0,,14,From same direction - both going straight - one stopped - rear-end,0,0,N
4186,2,-122.257034,47.51335807,4959,18484,18484,1327432,Matched,Intersection,38190.0,61ST AVE S AND S NORFOLK ST,,,2,Injury Collision,Angles,8,0,0,2,2004/05/03 00:00:00+00,5/3/2004,At Intersection (intersection related),11,"MOTOR VEHICLE STRUCK MOTOR VEHICLE, FRONT END AT ANGLE",,0,Clear,Dry,Daylight,,4124018.0,,10,Entering at angle,0,0,N
4187,2,-122.3066987,47.62048527,4960,18125,18125,1772629,Matched,Block,,E THOMAS ST BETWEEN 19TH AVE E AND 20TH AVE E,,,2,Injury Collision,Pedestrian,2,1,0,1,2004/05/28 00:00:00+00,5/28/2004 10:09:00 PM,Mid-Block (not related to intersection),24,MOTOR VEHCILE STRUCK PEDESTRIAN,,0,Clear,Wet,Dark - Street Lights On,,4149004.0,,0,Vehicle going straight hits pedestrian,0,0,N
4188,1,-122.2648432,47.50311096,4962,18584,18584,1771417,Matched,Block,,55TH AVE S BETWEEN S FOUNTAIN ST AND S LEO ST,,,1,Property Damage Only Collision,Other,1,0,0,1,2004/07/31 00:00:00+00,7/31/2004 3:36:00 AM,Mid-Block (but intersection related),28,MOTOR VEHICLE RAN OFF ROAD - HIT FIXED OBJECT,,0,Clear,Dry,Dark - Street Lights On,,4213016.0,,50,Fixed object,0,0,N
4189,1,-122.2561155,47.51845265,4963,19001,19001,1793170,Matched,Block,,RAINIER AVE S BETWEEN S CARVER ST AND S KEPPLER ST,,,1,Property Damage Only Collision,Other,3,0,0,1,2004/12/03 00:00:00+00,12/3/2004,Mid-Block (not related to intersection),28,MOTOR VEHICLE RAN OFF ROAD - HIT FIXED OBJECT,,0,Clear,Dry,Dark - Street Lights On,,4338005.0,,50,Fixed object,0,0,N
4190,1,,,4964,18501,18501,1321218,Matched,Block,,ALASKAN WY VI NB BETWEEN S ROYAL BROUGHAM WAY ON RP AND SENECA ST OFF RP,,,1,Property Damage Only Collision,Other,2,0,0,1,2004/08/06 00:00:00+00,8/6/2004,Mid-Block (but intersection related),16,"MOTOR VEHICLE STRUCK MOTOR VEHICLE, LEFT SIDE SIDESWIPE",,0,Raining,Wet,Daylight,,4219035.0,,50,Fixed object,0,0,N
4191,1,-122.3244612,47.55980608,4965,18463,18463,1774890,Matched,Block,,S EDMUNDS ST BETWEEN DEAD END 1 AND AIRPORT WAY S,,,1,Property Damage Only Collision,Parked Car,2,0,0,2,2004/04/24 00:00:00+00,4/24/2004 2:52:00 PM,Mid-Block (not related to intersection),11,"MOTOR VEHICLE STRUCK MOTOR VEHICLE, FRONT END AT ANGLE",,0,Clear,Dry,Daylight,,4115012.0,,32,One parked--one moving,0,0,N
4192,1,-122.33321299999999,47.60201533,4967,18782,18782,1213012,Matched,Block,,JAMES ST BETWEEN YESLER WAY AND 2ND AVE,,,1,Property Damage Only Collision,Parked Car,2,0,0,2,2004/07/18 00:00:00+00,7/18/2004 11:30:00 AM,Mid-Block (not related to intersection),16,"MOTOR VEHICLE STRUCK MOTOR VEHICLE, LEFT SIDE SIDESWIPE",,0,Clear,Dry,Dark - Street Lights On,,4200016.0,,32,One parked--one moving,0,0,N
4193,1,-122.34479520000001,47.71119659,4968,18825,18825,1797169,Matched,Block,,AURORA AVE N BETWEEN N 112TH ST AND N 115TH ST,,,1,Property Damage Only Collision,Rear Ended,4,0,0,2,2004/11/16 00:00:00+00,11/16/2004 6:29:00 PM,Mid-Block (but intersection related),14,"MOTOR VEHICLE STRUCK MOTOR VEHICLE, REAR END",Y,0,Overcast,Wet,Dark - Street Lights On,,4321012.0,,14,From same direction - both going straight - one stopped - rear-end,0,0,N
4194,1,-122.36388170000001,47.62586164,4969,18422,18422,880089,Matched,Block,,W ROY ST BETWEEN 5TH AVE W AND DEAD END 1,,,1,Property Damage Only Collision,Parked Car,0,0,0,2,2004/02/23 00:00:00+00,2/23/2004 7:00:00 AM,Mid-Block (not related to intersection),13,"MOTOR VEHICLE STRUCK MOTOR VEHICLE, LEFT SIDE AT ANGLE",Y,0,Unknown,Unknown,Unknown,,4054022.0,,32,One parked--one moving,0,0,N
4195,1,-122.3761893,47.5640766,4971,19040,19040,1787483,Matched,Intersection,31899.0,35TH AVE SW AND SW AVALON WAY,,,1,Property Damage Only Collision,Left Turn,3,0,0,2,2004/02/05 00:00:00+00,2/5/2004,At Intersection (intersection related),11,"MOTOR VEHICLE STRUCK MOTOR VEHICLE, FRONT END AT ANGLE",,0,Overcast,Dry,Dark - Street Lights On,,4036019.0,,28,From opposite direction - one left turn - one straight,0,0,N
4196,1,-122.3602603,47.63959716,4972,18116,18116,1213558,Matched,Block,,W MCGRAW ST BETWEEN W MCGRAW E PL AND W MCGRAW W PL,,,1,Property Damage Only Collision,Parked Car,3,0,0,2,2004/04/09 00:00:00+00,4/9/2004,Mid-Block (but intersection related),11,"MOTOR VEHICLE STRUCK MOTOR VEHICLE, FRONT END AT ANGLE",,0,Clear,Dry,Daylight,,4100005.0,,19,One car entering parked position,0,0,N
4197,1,-122.32947079999998,47.6132329,4973,17720,17720,1216679,Matched,Block,,PIKE ST BETWEEN TERRY AVE AND BOREN AVE,,,1,Property Damage Only Collision,Parked Car,2,0,0,2,2004/06/21 00:00:00+00,6/21/2004 10:16:00 PM,Mid-Block (not related to intersection),13,"MOTOR VEHICLE STRUCK MOTOR VEHICLE, LEFT SIDE AT ANGLE",,0,Clear,Dry,Dark - Street Lights On,,4173022.0,,32,One parked--one moving,0,0,N
4198,2,-122.3331667,47.61482124,4974,18639,18639,1069691,Matched,Intersection,29868.0,9TH AVE AND HOWELL ST,,,2,Injury Collision,Pedestrian,2,1,0,1,2004/12/07 00:00:00+00,12/7/2004,At Intersection (intersection related),24,MOTOR VEHCILE STRUCK PEDESTRIAN,,0,Raining,Wet,Dark - Street Lights On,Y,4342016.0,,2,Vehicle turning left hits pedestrian,0,0,N
4199,1,-122.30325719999999,47.58501971,4976,18371,18371,1771856,Matched,Block,,RAINIER AVE S BETWEEN S PLUM ST AND 23RD AVE S,,,1,Property Damage Only Collision,Rear Ended,2,0,0,2,2004/05/03 00:00:00+00,5/3/2004,Mid-Block (not related to intersection),14,"MOTOR VEHICLE STRUCK MOTOR VEHICLE, REAR END",,0,Clear,Dry,Daylight,,4124009.0,,14,From same direction - both going straight - one stopped - rear-end,0,0,N
4200,1,,,4977,18914,18914,1783750,Matched,Block,,BATTERY ST TUNNEL NB BETWEEN ALASKAN WY VI NB AND AURORA AVE N,,,1,Property Damage Only Collision,Other,1,0,0,1,2004/11/25 00:00:00+00,11/25/2004 2:35:00 PM,Mid-Block (not related to intersection),26,MOTOR VEHICLE STRUCK OBJECT IN ROAD,,0,Raining,Dry,Daylight,,4330002.0,,50,Fixed object,0,0,N
4201,2,-122.32327,47.55980818,4978,18820,18820,1481199,Matched,Intersection,33064.0,AIRPORT WAY S AND S EDMUNDS ST,,,2,Injury Collision,Left Turn,2,0,0,2,2004/02/05 00:00:00+00,2/5/2004,At Intersection (intersection related),29,MOTOR VEHICLE OVERTURNED IN ROAD,,0,Overcast,Wet,Dark - Street Lights On,,4036003.0,,28,From opposite direction - one left turn - one straight,0,0,N
4202,2,-122.3202524,47.66131589,4979,18158,18158,1782918,Matched,Block,,NE 45TH ST BETWEEN 7TH AVE NE AND 8TH W AVE NE,,,2,Injury Collision,Sideswipe,2,0,0,2,2004/05/03 00:00:00+00,5/3/2004,Mid-Block (not related to intersection),11,"MOTOR VEHICLE STRUCK MOTOR VEHICLE, FRONT END AT ANGLE",,0,Clear,Dry,Daylight,,4124033.0,,11,From same direction - both going straight - both moving - sideswipe,0,0,N
4203,2,-122.29047890000001,47.68304824,4980,18745,18745,1780987,Matched,Intersection,24933.0,35TH AVE NE AND NE 75TH ST,,,2,Injury Collision,Left Turn,4,0,0,2,2004/01/29 00:00:00+00,1/29/2004 8:30:00 AM,At Intersection (intersection related),11,"MOTOR VEHICLE STRUCK MOTOR VEHICLE, FRONT END AT ANGLE",,0,Raining,Wet,Daylight,,4029028.0,,28,From opposite direction - one left turn - one straight,0,0,N
4204,2,-122.291854,47.558265999999996,4981,17980,17980,1771828,Matched,Block,,M L KING JR WR WAY S BETWEEN S EDMUNDS ST AND S FERDINAND ST,,,2,Injury Collision,Rear Ended,2,0,0,2,2004/05/01 00:00:00+00,5/1/2004,Mid-Block (but intersection related),14,"MOTOR VEHICLE STRUCK MOTOR VEHICLE, REAR END",,0,Clear,Dry,Dark - Street Lights On,,4122030.0,,13,From same direction - both going straight - both moving - rear-end,0,0,N
4205,1,-122.28073529999999,47.53704901,4982,18511,18511,1793177,Matched,Intersection,34465.0,42ND AVE S AND S OTHELLO ST,,,1,Property Damage Only Collision,Angles,7,0,0,2,2004/07/12 00:00:00+00,7/12/2004 5:52:00 PM,At Intersection (intersection related),11,"MOTOR VEHICLE STRUCK MOTOR VEHICLE, FRONT END AT ANGLE",,0,Clear,Dry,Daylight,,4194016.0,,10,Entering at angle,0,0,N
4206,2,-122.3550324,47.53368043,4983,19109,19109,1788787,Matched,Intersection,34147.0,16TH AVE SW AND SW HOLDEN ST,,,2,Injury Collision,Left Turn,7,0,0,3,2004/03/15 00:00:00+00,3/15/2004 6:02:00 PM,At Intersection (intersection related),11,"MOTOR VEHICLE STRUCK MOTOR VEHICLE, FRONT END AT ANGLE",,0,Overcast,Dry,Dusk,,4075019.0,,28,From opposite direction - one left turn - one straight,0,0,N
4207,1,-122.3323402,47.61966366,4984,18538,18538,1475121,Matched,Block,,JOHN ST BETWEEN MINOR AVE N AND PONTIUS E AVE N,,,1,Property Damage Only Collision,Parked Car,2,0,0,2,2004/06/03 00:00:00+00,6/3/2004,Driveway Junction,13,"MOTOR VEHICLE STRUCK MOTOR VEHICLE, LEFT SIDE AT ANGLE",,0,Clear,Dry,Daylight,,4155024.0,,32,One parked--one moving,0,0,N
4208,2,-122.33850420000002,47.66503529999999,4985,18002,18002,1318046,Matched,Intersection,25529.0,WOODLAWN AVE N AND N 50TH E ST,,,2,Injury Collision,Angles,2,0,0,2,2004/04/16 00:00:00+00,4/16/2004 6:10:00 PM,At Intersection (intersection related),11,"MOTOR VEHICLE STRUCK MOTOR VEHICLE, FRONT END AT ANGLE",,0,Clear,Dry,Daylight,,4107045.0,,10,Entering at angle,0,0,N
4209,1,-122.28779009999998,47.59515255,4989,18267,18267,1788512,Matched,Block,,LAKESIDE AVE S BETWEEN S DEARBORN ST AND S CHARLES ST,,,1,Property Damage Only Collision,Parked Car,2,0,0,2,2004/01/23 00:00:00+00,1/23/2004 7:00:00 AM,Driveway Junction,13,"MOTOR VEHICLE STRUCK MOTOR VEHICLE, LEFT SIDE AT ANGLE",,0,Raining,Wet,Dawn,,4023007.0,,32,One parked--one moving,0,0,N
4210,1,-122.33656470000001,47.60505166,4990,18152,18152,1482656,Matched,Block,,1ST AVE BETWEEN MADISON ST AND SPRING ST,,,1,Property Damage Only Collision,Parked Car,2,0,0,2,2004/04/30 00:00:00+00,4/30/2004 12:55:00 PM,Mid-Block (not related to intersection),16,"MOTOR VEHICLE STRUCK MOTOR VEHICLE, LEFT SIDE SIDESWIPE",,0,Clear,Dry,Daylight,,4121025.0,,32,One parked--one moving,0,0,N
4211,1,-122.31273629999998,47.73303741,4991,18738,18738,1782320,Matched,Block,,15TH AVE NE BETWEEN NE 143RD ST AND NE 145TH ST,,,1,Property Damage Only Collision,Rear Ended,2,0,0,2,2004/06/14 00:00:00+00,6/14/2004 12:10:00 PM,Mid-Block (but intersection related),14,"MOTOR VEHICLE STRUCK MOTOR VEHICLE, REAR END",,0,Overcast,Dry,Daylight,,4166009.0,,14,From same direction - both going straight - one stopped - rear-end,0,0,N
4212,1,-122.3063507,47.60217365,4992,18864,18864,1319924,Matched,Block,,20TH AVE BETWEEN E YESLER WAY AND E FIR ST,,,1,Property Damage Only Collision,Parked Car,2,0,0,2,2004/02/09 00:00:00+00,2/9/2004,Mid-Block (but intersection related),11,"MOTOR VEHICLE STRUCK MOTOR VEHICLE, FRONT END AT ANGLE",,0,Unknown,Unknown,Unknown,,4040003.0,,32,One parked--one moving,0,0,N
4213,1,-122.3333419,47.67432354,4993,18386,18386,1794726,Matched,Block,,WOODLAWN AVE N BETWEEN MERIDIAN AVE N AND N 63RD N ST,,,1,Property Damage Only Collision,Parked Car,2,0,0,2,2004/09/26 00:00:00+00,9/26/2004 2:00:00 AM,Mid-Block (not related to intersection),11,"MOTOR VEHICLE STRUCK MOTOR VEHICLE, FRONT END AT ANGLE",,0,Unknown,Unknown,Unknown,,4270020.0,,32,One parked--one moving,0,0,N
4214,2,-122.3355713,47.52178311,4995,18659,18659,1781765,Matched,Block,,OLSON PL SW BETWEEN 1ST AVE S AND 2ND AVE SW,,,2,Injury Collision,Other,1,0,0,1,2004/04/24 00:00:00+00,4/24/2004 12:44:00 PM,Mid-Block (but intersection related),29,MOTOR VEHICLE OVERTURNED IN ROAD,,0,Clear,Dry,Daylight,,4115011.0,,52,Vehicle overturned,0,0,N
4215,1,-122.28173659999999,47.53796439,4996,19078,19078,1771276,Matched,Block,,M L KING JR WR WAY S BETWEEN S MYRTLE ST AND S OTHELLO ST,,,1,Property Damage Only Collision,Other,2,0,0,2,2004/01/23 00:00:00+00,1/23/2004 6:23:00 PM,Driveway Junction,11,"MOTOR VEHICLE STRUCK MOTOR VEHICLE, FRONT END AT ANGLE",,0,Raining,Wet,Dark - Street Lights On,,4023029.0,,22,One car leaving driveway access,0,0,N
4216,1,-122.2857135,47.60062884,4998,18498,18498,1788294,Matched,Block,,LAKESIDE AVE S BETWEEN E YESLER WAY AND S LESCHI PL,,,1,Property Damage Only Collision,Parked Car,2,0,0,2,2004/05/20 00:00:00+00,5/20/2004 8:02:00 PM,Mid-Block (not related to intersection),11,"MOTOR VEHICLE STRUCK MOTOR VEHICLE, FRONT END AT ANGLE",,0,Clear,Dry,Daylight,,4141032.0,,32,One parked--one moving,0,0,N
4217,2,-122.33636429999999,47.64687883,4999,18175,18175,1328900,Matched,Block,,N NORTHLAKE WAY BETWEEN DENSMORE AVE N AND BURKE AVE N,,,2,Injury Collision,Other,6,0,0,4,2004/02/27 00:00:00+00,2/27/2004 11:17:00 AM,Driveway Junction,11,"MOTOR VEHICLE STRUCK MOTOR VEHICLE, FRONT END AT ANGLE",Y,0,Clear,Wet,Daylight,,4058039.0,,22,One car leaving driveway access,0,0,N
4218,2,-122.3252862,47.6397269,5000,18265,18265,1788459,Matched,Block,,E LYNN ST BETWEEN EASTLAKE AVE E AND FRANKLIN AVE E,,,2,Injury Collision,Rear Ended,2,0,0,2,2004/05/10 00:00:00+00,5/10/2004 11:35:00 AM,Mid-Block (but intersection related),14,"MOTOR VEHICLE STRUCK MOTOR VEHICLE, REAR END",Y,0,Raining,Wet,Daylight,,4131031.0,,14,From same direction - both going straight - one stopped - rear-end,0,0,N
4219,1,-122.28073529999999,47.53704901,5001,18291,18291,1771778,Matched,Intersection,34465.0,42ND AVE S AND S OTHELLO ST,,,1,Property Damage Only Collision,Other,5,0,0,2,2004/06/26 00:00:00+00,6/26/2004 3:30:00 PM,At Intersection (intersection related),11,"MOTOR VEHICLE STRUCK MOTOR VEHICLE, FRONT END AT ANGLE",,0,Clear,Dry,Daylight,,4178034.0,,21,One car entering driveway access,0,0,N
4220,1,-122.3095748,47.60267667,5002,18732,18732,1788100,Matched,Block,,E FIR ST BETWEEN 17TH AVE AND 18TH AVE,,,1,Property Damage Only Collision,Parked Car,2,0,0,2,2004/11/27 00:00:00+00,11/27/2004 12:45:00 PM,Mid-Block (not related to intersection),14,"MOTOR VEHICLE STRUCK MOTOR VEHICLE, REAR END",,0,Overcast,Dry,Daylight,,4332029.0,,32,One parked--one moving,0,0,N
4221,1,-122.3450853,47.73306346,5004,18908,18908,1794185,Matched,Block,,AURORA AVE N BETWEEN N 143RD ST AND ROOSEVELT WAY N,,,1,Property Damage Only Collision,Other,2,0,0,2,2004/11/29 00:00:00+00,11/29/2004 5:20:00 PM,Mid-Block (not related to intersection),11,"MOTOR VEHICLE STRUCK MOTOR VEHICLE, FRONT END AT ANGLE",,0,Raining,Wet,Dark - Street Lights On,,4334013.0,,21,One car entering driveway access,0,0,N