,SEVERITYCODE,X,Y,OBJECTID,INCKEY,COLDETKEY,REPORTNO,STATUS,ADDRTYPE,INTKEY,LOCATION,EXCEPTRSNCODE,EXCEPTRSNDESC,SEVERITYCODE.1,SEVERITYDESC,COLLISIONTYPE,PERSONCOUNT,PEDCOUNT,PEDCYLCOUNT,VEHCOUNT,INCDATE,INCDTTM,JUNCTIONTYPE,SDOT_COLCODE,SDOT_COLDESC,INATTENTIONIND,UNDERINFL,WEATHER,ROADCOND,LIGHTCOND,PEDROWNOTGRNT,SDOTCOLNUM,SPEEDING,ST_COLCODE,ST_COLDESC,SEGLANEKEY,CROSSWALKKEY,HITPARKEDCAR
4222,1,-122.37485659999999,47.66366306,5006,18015,18015,1931276,Matched,Block,,NW LEARY WAY BETWEEN 14TH AVE NW AND 15TH NB AVE NW,,,1,Property Damage Only Collision,Parked Car,2,0,0,2,2004/11/11 00:00:00+00,11/11/2004 3:00:00 PM,Mid-Block (not related to intersection),16,"MOTOR VEHICLE STRUCK MOTOR VEHICLE, LEFT SIDE SIDESWIPE",,0,Clear,Dry,Daylight,,4316039.0,,32,One parked--one moving,0,0,N
4223,1,-122.339672,47.60621776,5007,18878,18878,C649714,Matched,Block,,UNIVERSITY ST BETWEEN ALASKAN E RDWY WAY AND WESTERN AVE,,,1,Property Damage Only Collision,Parked Car,2,0,0,2,2004/12/04 00:00:00+00,12/4/2004,Driveway Junction,13,"MOTOR VEHICLE STRUCK MOTOR VEHICLE, LEFT SIDE AT ANGLE",,0,Unknown,Wet,Daylight,,4339072.0,,32,One parked--one moving,0,0,N
4224,1,-122.33796809999998,47.61242345,5008,18567,18567,1793602,Matched,Block,,OLIVE WAY BETWEEN 4TH AVE AND 5TH AVE,,,1,Property Damage Only Collision,Parked Car,2,0,0,2,2004/07/22 00:00:00+00,7/22/2004 9:20:00 AM,Mid-Block (not related to intersection),11,"MOTOR VEHICLE STRUCK MOTOR VEHICLE, FRONT END AT ANGLE",,0,Clear,Dry,Daylight,,4204034.0,,32,One parked--one moving,0,0,N
4225,1,-122.3381467,47.61097516,5009,18101,18101,1181465,Matched,Block,,PINE ST BETWEEN 3RD AVE AND 4TH AVE,,,1,Property Damage Only Collision,Rear Ended,6,0,0,2,2004/05/16 00:00:00+00,5/16/2004 1:45:00 PM,Mid-Block (not related to intersection),14,"MOTOR VEHICLE STRUCK MOTOR VEHICLE, REAR END",,0,Overcast,Dry,Daylight,,4137022.0,,13,From same direction - both going straight - both moving - rear-end,0,0,N
4226,1,-122.2905935,47.55615233,5010,18202,18202,1793230,Matched,Block,,M L KING JR WR WAY S BETWEEN S HUDSON ST AND S DAWSON ST,,,1,Property Damage Only Collision,Other,1,0,0,1,2004/10/27 00:00:00+00,10/27/2004 1:07:00 AM,Mid-Block (not related to intersection),14,"MOTOR VEHICLE STRUCK MOTOR VEHICLE, REAR END",Y,0,Clear,Dry,Dark - Street Lights On,,4301004.0,,66,Vehicle Hits Other Road or Construction Machinery,0,0,N
4227,1,-122.29639240000002,47.60086351,5011,19107,19107,1788435,Matched,Block,,S WASHINGTON ST BETWEEN M L KING JR WAY S AND 28TH AVE S,,,1,Property Damage Only Collision,Parked Car,2,0,0,2,2004/07/13 00:00:00+00,7/13/2004 8:00:00 PM,Mid-Block (but intersection related),16,"MOTOR VEHICLE STRUCK MOTOR VEHICLE, LEFT SIDE SIDESWIPE",,0,Clear,Dry,Dark - Street Lights On,,4195028.0,,32,One parked--one moving,0,0,N
4228,1,-122.33745420000001,47.61505675,5012,18676,18676,1783751,Matched,Intersection,29540.0,7TH AVE AND VIRGINIA ST,,,1,Property Damage Only Collision,Angles,3,0,0,2,2004/08/01 00:00:00+00,8/1/2004,At Intersection (intersection related),11,"MOTOR VEHICLE STRUCK MOTOR VEHICLE, FRONT END AT ANGLE",,0,Clear,Dry,Daylight,,4214015.0,,10,Entering at angle,0,0,N
4229,1,-122.3686106,47.66401810000001,5014,18316,18316,1218472,Matched,Block,,9TH AVE NW BETWEEN NW 48TH ST AND NW 49TH ST,,,1,Property Damage Only Collision,Parked Car,2,0,0,2,2004/04/28 00:00:00+00,4/28/2004 10:10:00 AM,Mid-Block (but intersection related),11,"MOTOR VEHICLE STRUCK MOTOR VEHICLE, FRONT END AT ANGLE",,0,Clear,Dry,Daylight,,4119033.0,,32,One parked--one moving,0,0,N
4230,1,-122.3049896,47.61147434,5016,17569,17569,1477845,Matched,Block,,21ST AVE BETWEEN E MARION ST AND E UNION ST,,,1,Property Damage Only Collision,Head On,2,0,0,2,2004/09/03 00:00:00+00,9/3/2004,Mid-Block (but intersection related),11,"MOTOR VEHICLE STRUCK MOTOR VEHICLE, FRONT END AT ANGLE",,0,Clear,Dry,Daylight,,4247017.0,,30,From opposite direction - all others,0,0,N
4231,1,-122.33021940000002,47.55563983,5018,18557,18557,1795406,Matched,Block,,S DAWSON ST BETWEEN 3RD AVE S AND 4TH AVE S,,,1,Property Damage Only Collision,Other,1,0,0,1,2004/11/30 00:00:00+00,11/30/2004 1:30:00 PM,Mid-Block (but intersection related),28,MOTOR VEHICLE RAN OFF ROAD - HIT FIXED OBJECT,,0,Raining,Wet,Daylight,,4335035.0,,50,Fixed object,0,0,N
4232,2,-122.31350659999998,47.56391747,5019,18507,18507,1793643,Matched,Block,,15TH AVE S BETWEEN S COLUMBIAN S WAY AND S OREGON ST,,,2,Injury Collision,Rear Ended,2,0,0,2,2004/09/16 00:00:00+00,9/16/2004 6:23:00 PM,Mid-Block (not related to intersection),14,"MOTOR VEHICLE STRUCK MOTOR VEHICLE, REAR END",,0,Raining,Wet,Daylight,,4260005.0,,14,From same direction - both going straight - one stopped - rear-end,0,0,N
4233,1,-122.28483700000001,47.55744456,5020,18059,18059,1771835,Matched,Block,,RAINIER AVE S BETWEEN S FERDINAND ST AND S HUDSON ST,,,1,Property Damage Only Collision,Sideswipe,3,0,0,2,2004/07/12 00:00:00+00,7/12/2004 9:00:00 PM,Mid-Block (not related to intersection),16,"MOTOR VEHICLE STRUCK MOTOR VEHICLE, LEFT SIDE SIDESWIPE",,0,Clear,Dry,Daylight,,4194030.0,,11,From same direction - both going straight - both moving - sideswipe,0,0,N
4234,2,-122.3411327,47.61004447,5021,18808,18808,1784762,Matched,Block,,1ST AVE BETWEEN PINE ST AND STEWART ST,,,2,Injury Collision,Rear Ended,3,0,0,2,2004/09/19 00:00:00+00,9/19/2004 5:54:00 PM,Mid-Block (but intersection related),14,"MOTOR VEHICLE STRUCK MOTOR VEHICLE, REAR END",,0,Clear,Dry,Daylight,,4263015.0,,14,From same direction - both going straight - one stopped - rear-end,0,0,N
4235,1,-122.30276119999999,47.5992779,5023,19070,19070,1216884,Matched,Block,,S JACKSON ST BETWEEN 22ND AVE S AND 23RD AVE S,,,1,Property Damage Only Collision,Rear Ended,2,0,0,2,2004/12/02 00:00:00+00,12/2/2004,Mid-Block (but intersection related),14,"MOTOR VEHICLE STRUCK MOTOR VEHICLE, REAR END",,0,Clear,Dry,Daylight,,4337002.0,,14,From same direction - both going straight - one stopped - rear-end,0,0,N
4236,1,-122.36269509999998,47.62214027,5024,18868,18868,1777815,Matched,Intersection,28648.0,ELLIOTT AVE W AND W HARRISON ST,,,1,Property Damage Only Collision,Angles,5,0,0,2,2004/02/14 00:00:00+00,2/14/2004 10:41:00 AM,At Intersection (intersection related),11,"MOTOR VEHICLE STRUCK MOTOR VEHICLE, FRONT END AT ANGLE",,0,Overcast,Wet,Daylight,,4045030.0,,10,Entering at angle,0,0,N
4237,2,-122.3467503,47.527386299999996,5025,18168,18168,1775460,Matched,Block,,9TH AVE SW BETWEEN SW THISTLE ST AND SW CLOVERDALE ST,,,2,Injury Collision,Parked Car,3,0,0,3,2004/03/27 00:00:00+00,3/27/2004 1:59:00 AM,Mid-Block (not related to intersection),14,"MOTOR VEHICLE STRUCK MOTOR VEHICLE, REAR END",,1,Overcast,Wet,Dark - Street Lights On,,4087028.0,,32,One parked--one moving,0,0,N
4238,1,-122.3475918,47.62207494,5026,19048,19048,1778261,Matched,Intersection,28925.0,5TH AVE N AND HARRISON ST,,,1,Property Damage Only Collision,Rear Ended,3,0,0,2,2004/07/16 00:00:00+00,7/16/2004 10:30:00 PM,At Intersection (intersection related),14,"MOTOR VEHICLE STRUCK MOTOR VEHICLE, REAR END",Y,0,Clear,Dry,Dark - Street Lights On,,4198027.0,,14,From same direction - both going straight - one stopped - rear-end,0,0,N
4239,2,-122.3235687,47.72257717,5028,17427,17427,1781785,Matched,Block,,5TH AVE NE BETWEEN 130TH ST OFF RP AND NE 130TH ST,,,2,Injury Collision,Rear Ended,2,0,0,2,2004/06/10 00:00:00+00,6/10/2004 11:22:00 PM,Mid-Block (but intersection related),14,"MOTOR VEHICLE STRUCK MOTOR VEHICLE, REAR END",,0,Raining,Wet,Dark - Street Lights On,,4162006.0,,14,From same direction - both going straight - one stopped - rear-end,0,0,N
4240,2,-122.32391000000001,47.59242872,5029,18947,18947,1213133,Matched,Intersection,30555.0,AIRPORT WAY S AND S ROYAL BROUGHAM WAY,,,2,Injury Collision,Angles,2,0,0,2,2004/06/01 00:00:00+00,6/1/2004,At Intersection (intersection related),11,"MOTOR VEHICLE STRUCK MOTOR VEHICLE, FRONT END AT ANGLE",,0,Clear,Dry,Daylight,,4153026.0,,10,Entering at angle,0,0,N
4241,1,-122.3604858,47.62029302,5030,18989,18989,1785032,Matched,Block,,ELLIOTT AVE W BETWEEN ELLIOTT ER AVE W AND W THOMAS S ST,,,1,Property Damage Only Collision,Rear Ended,3,0,0,2,2004/10/23 00:00:00+00,10/23/2004 8:30:00 PM,Mid-Block (not related to intersection),14,"MOTOR VEHICLE STRUCK MOTOR VEHICLE, REAR END",,0,Clear,Dry,Dark - Street Lights On,,4297010.0,,14,From same direction - both going straight - one stopped - rear-end,0,0,N
4242,2,-122.3553676,47.69693316,5031,18366,18366,1779996,Matched,Block,,GREENWOOD AVE N BETWEEN N 92ND ST AND N 95TH ST,,,2,Injury Collision,Pedestrian,2,1,0,1,2004/12/10 00:00:00+00,12/10/2004 5:23:00 PM,Mid-Block (but intersection related),24,MOTOR VEHCILE STRUCK PEDESTRIAN,,0,Raining,Wet,Dark - Street Lights On,,4345012.0,,0,Vehicle going straight hits pedestrian,0,0,N
4243,2,-122.30263670000001,47.61590079,5032,18188,18188,1772657,Matched,Block,,23RD AVE BETWEEN E PINE ST AND E OLIVE S ST,,,2,Injury Collision,Other,2,0,0,1,2004/05/10 00:00:00+00,5/10/2004 7:58:00 AM,Mid-Block (not related to intersection),26,MOTOR VEHICLE STRUCK OBJECT IN ROAD,Y,0,Overcast,Dry,Daylight,,4131004.0,,50,Fixed object,0,0,N
4244,1,-122.31142720000001,47.66126147,5034,18962,18962,1211948,Matched,Block,,NE 45TH ST BETWEEN 15TH AVE NE AND 16TH AVE NE,,,1,Property Damage Only Collision,Sideswipe,2,0,0,2,2004/10/04 00:00:00+00,10/4/2004,Mid-Block (but intersection related),15,"MOTOR VEHICLE STRUCK MOTOR VEHICLE, RIGHT SIDE SIDESWIPE",,0,Clear,Dry,Dark - Street Lights On,,4278009.0,,12,From same direction - both going straight - one stopped - sideswipe,0,0,N
4245,1,-122.32074920000001,47.60571969,5035,18020,18020,1790838,Matched,Block,,BROADWAY BETWEEN TERRACE ST AND JEFFERSON ST,,,1,Property Damage Only Collision,Parked Car,2,0,0,2,2004/10/25 00:00:00+00,10/25/2004 6:00:00 PM,Mid-Block (not related to intersection),13,"MOTOR VEHICLE STRUCK MOTOR VEHICLE, LEFT SIDE AT ANGLE",,0,Overcast,Dry,Dusk,,4299001.0,,32,One parked--one moving,0,0,N
4246,1,-122.3498847,47.65088991,5036,19035,19035,1793679,Matched,Block,,FREMONT AVE N BETWEEN FREMONT PL N AND N 36TH ST,,,1,Property Damage Only Collision,Parked Car,2,0,0,2,2004/05/18 00:00:00+00,5/18/2004 1:03:00 AM,Mid-Block (not related to intersection),11,"MOTOR VEHICLE STRUCK MOTOR VEHICLE, FRONT END AT ANGLE",,0,Overcast,Dry,Dark - Street Lights On,,4139035.0,,32,One parked--one moving,0,0,N
4247,1,-122.36793159999999,47.52103011,5038,18517,18517,C646032,Matched,Block,,SW BARTON ST BETWEEN 26TH AVE SW AND 29TH AVE SW,,,1,Property Damage Only Collision,Other,2,0,0,2,2004/07/05 00:00:00+00,7/5/2004,Driveway Junction,11,"MOTOR VEHICLE STRUCK MOTOR VEHICLE, FRONT END AT ANGLE",,0,Clear,Dry,Dusk,,4187034.0,,22,One car leaving driveway access,0,0,N
4248,1,-122.28801100000001,47.56345665,5039,19113,19113,1792997,Matched,Block,,RAINIER AVE S BETWEEN S GENESEE S ST AND S OREGON ST,,,1,Property Damage Only Collision,Rear Ended,3,0,0,2,2004/10/09 00:00:00+00,10/9/2004,Mid-Block (not related to intersection),14,"MOTOR VEHICLE STRUCK MOTOR VEHICLE, REAR END",,0,Clear,Dry,Dusk,,4283023.0,,14,From same direction - both going straight - one stopped - rear-end,0,0,N
4249,1,-122.3288813,47.63030028,5040,18687,18687,1216649,Matched,Block,,FAIRVIEW AVE N BETWEEN YALE AVE N AND FAIRVIEW AVE E,,,1,Property Damage Only Collision,Sideswipe,2,0,0,2,2004/09/16 00:00:00+00,9/16/2004 11:15:00 PM,Mid-Block (but intersection related),14,"MOTOR VEHICLE STRUCK MOTOR VEHICLE, REAR END",,0,Raining,Wet,Dark - Street Lights On,,4260022.0,,11,From same direction - both going straight - both moving - sideswipe,0,0,N
4250,2,-122.32285490000001,47.60683918,5043,18412,18412,1790077,Matched,Block,,BOREN AVE BETWEEN JAMES ST AND CHERRY ST,,,2,Injury Collision,Rear Ended,3,0,0,3,2004/03/02 00:00:00+00,3/2/2004,Mid-Block (but intersection related),14,"MOTOR VEHICLE STRUCK MOTOR VEHICLE, REAR END",Y,0,Clear,Dry,Daylight,,4062016.0,,14,From same direction - both going straight - one stopped - rear-end,0,0,N
4251,2,-122.29272409999999,47.59497811,5045,19028,19028,1771619,Matched,Block,,31ST AVE S BETWEEN S LANE ST AND S NORMAN ST,,,2,Injury Collision,Pedestrian,4,1,0,3,2004/07/15 00:00:00+00,7/15/2004 11:45:00 AM,Mid-Block (not related to intersection),24,MOTOR VEHCILE STRUCK PEDESTRIAN,,0,Clear,Dry,Daylight,,4197004.0,,0,Vehicle going straight hits pedestrian,0,0,N
4252,1,-122.3162054,47.69764538,5047,18383,18383,1780489,Matched,Block,,NE 95TH ST BETWEEN ROOSEVELT WAY NE AND 12TH AVE NE,,,1,Property Damage Only Collision,Parked Car,3,0,0,3,2004/05/29 00:00:00+00,5/29/2004 11:10:00 PM,Mid-Block (not related to intersection),11,"MOTOR VEHICLE STRUCK MOTOR VEHICLE, FRONT END AT ANGLE",,0,Overcast,Dry,Dark - Street Lights On,,4150009.0,Y,32,One parked--one moving,0,0,N
4253,2,-122.3034131,47.57192258,5049,18657,18657,1771827,Matched,Intersection,32541.0,23RD AVE S AND S SPOKANE ST,,,2,Injury Collision,Other,1,0,0,1,2004/04/08 00:00:00+00,4/8/2004,At Intersection (but not related to intersection),26,MOTOR VEHICLE STRUCK OBJECT IN ROAD,,0,Clear,Dry,Dark - Street Lights On,,4099001.0,,50,Fixed object,0,0,N
4254,2,-122.3168635,47.61584669,5050,18922,18922,1789874,Matched,Block,,12TH AVE BETWEEN E PINE ST AND E OLIVE ST,,,2,Injury Collision,Other,2,0,0,2,2004/06/08 00:00:00+00,6/8/2004,Driveway Junction,11,"MOTOR VEHICLE STRUCK MOTOR VEHICLE, FRONT END AT ANGLE",,0,Clear,Dry,Daylight,,4160027.0,,22,One car leaving driveway access,0,0,N
4255,1,-122.31820619999999,47.61817357,5053,18038,18038,1216803,Matched,Block,,11TH AVE BETWEEN E HOWELL ST AND E DENNY WAY,,,1,Property Damage Only Collision,Parked Car,2,0,0,2,2004/06/29 00:00:00+00,6/29/2004 7:30:00 AM,Mid-Block (not related to intersection),11,"MOTOR VEHICLE STRUCK MOTOR VEHICLE, FRONT END AT ANGLE",,0,Clear,Dry,Dark - Street Lights On,,4181030.0,,32,One parked--one moving,0,0,N
4256,1,-122.31131289999999,47.61510565,5054,18763,18763,1198401,Matched,Block,,E MADISON ST BETWEEN 16TH AVE AND E PINE ST,,,1,Property Damage Only Collision,Rear Ended,2,0,0,2,2004/11/10 00:00:00+00,11/10/2004 9:31:00 AM,Mid-Block (but intersection related),14,"MOTOR VEHICLE STRUCK MOTOR VEHICLE, REAR END",,0,Clear,Dry,Daylight,,4315018.0,,14,From same direction - both going straight - one stopped - rear-end,0,0,N
4257,1,-122.35866659999999,47.62458989,5055,18115,18115,1213516,Matched,Block,,W MERCER ST BETWEEN 1ST AVE W AND 2ND AVE W,,,1,Property Damage Only Collision,Other,4,0,0,2,2004/05/27 00:00:00+00,5/27/2004 8:50:00 AM,Driveway Junction,11,"MOTOR VEHICLE STRUCK MOTOR VEHICLE, FRONT END AT ANGLE",,0,Raining,Wet,Daylight,,4148024.0,,22,One car leaving driveway access,0,0,N
4258,1,-122.32786399999999,47.61778205,5056,18145,18145,C649700,Matched,Block,,MELROSE AVE BETWEEN E OLIVE PL AND E DENNY WAY,,,1,Property Damage Only Collision,Other,2,0,0,2,2004/12/02 00:00:00+00,12/2/2004,Driveway Junction,11,"MOTOR VEHICLE STRUCK MOTOR VEHICLE, FRONT END AT ANGLE",,0,Unknown,Unknown,Unknown,,4337032.0,,22,One car leaving driveway access,0,0,N
4259,1,-122.3351655,47.66249570000001,5057,18577,18577,1773929,Matched,Block,,BURKE AVE N BETWEEN N 46TH ST AND N 47TH ST,,,1,Property Damage Only Collision,Parked Car,2,0,0,2,2004/01/14 00:00:00+00,1/14/2004 5:00:00 PM,Mid-Block (not related to intersection),16,"MOTOR VEHICLE STRUCK MOTOR VEHICLE, LEFT SIDE SIDESWIPE",,0,Clear,Wet,Dark - Street Lights On,,4014016.0,,32,One parked--one moving,0,0,N
4260,1,-122.2864886,47.5601082,5061,18910,18910,1773107,Matched,Block,,RAINIER AVE S BETWEEN S ALASKA ST AND S ANGELINE ST,,,1,Property Damage Only Collision,Sideswipe,2,0,0,2,2004/07/28 00:00:00+00,7/28/2004 1:20:00 PM,Mid-Block (but intersection related),16,"MOTOR VEHICLE STRUCK MOTOR VEHICLE, LEFT SIDE SIDESWIPE",,0,Clear,Dry,Daylight,,4210033.0,,12,From same direction - both going straight - one stopped - sideswipe,0,0,N
4261,1,-122.39869409999999,47.55751948,5062,18828,18828,1798387,Matched,Block,,SW HUDSON ST BETWEEN AUTUMN LN SW AND SW JACOBSEN RD,,,1,Property Damage Only Collision,Other,1,0,0,1,2004/09/08 00:00:00+00,9/8/2004,Mid-Block (but intersection related),28,MOTOR VEHICLE RAN OFF ROAD - HIT FIXED OBJECT,,0,Raining,Wet,Daylight,,4252008.0,,51,Other object,0,0,N
4262,1,-122.2903358,47.71732389,5063,18137,18137,1794456,Matched,Block,,NE 123RD ST BETWEEN 35TH AVE NE AND 36TH AVE NE,,,1,Property Damage Only Collision,Parked Car,4,0,0,4,2004/10/01 00:00:00+00,10/1/2004,Mid-Block (not related to intersection),16,"MOTOR VEHICLE STRUCK MOTOR VEHICLE, LEFT SIDE SIDESWIPE",,0,Clear,Dry,Dark - Street Lights On,,4275021.0,,32,One parked--one moving,0,0,N
4263,1,-122.33420079999999,47.57981114,5064,18174,18174,1325849,Matched,Intersection,31372.0,1ST AVE S AND S LANDER ST,,,1,Property Damage Only Collision,Left Turn,2,0,0,2,2004/04/22 00:00:00+00,4/22/2004 2:16:00 PM,At Intersection (intersection related),11,"MOTOR VEHICLE STRUCK MOTOR VEHICLE, FRONT END AT ANGLE",,0,Clear,Dry,Daylight,,4113038.0,,28,From opposite direction - one left turn - one straight,0,0,N
4264,1,-122.29050840000001,47.68395151,5066,18107,18107,1779688,Matched,Block,,35TH AVE NE BETWEEN NE 75TH ST AND NE 77TH ST,,,1,Property Damage Only Collision,Rear Ended,2,0,0,2,2004/08/06 00:00:00+00,8/6/2004,Mid-Block (not related to intersection),14,"MOTOR VEHICLE STRUCK MOTOR VEHICLE, REAR END",Y,0,Overcast,Wet,Daylight,,4219028.0,,14,From same direction - both going straight - one stopped - rear-end,0,0,N
4265,1,-122.35801229999998,47.62515146,5067,17717,17717,C645460,Matched,Block,,1ST AVE W BETWEEN W MERCER ST AND W ROY ST,,,1,Property Damage Only Collision,Parked Car,2,0,0,2,2004/05/28 00:00:00+00,5/28/2004 10:00:00 PM,Mid-Block (not related to intersection),12,"MOTOR VEHICLE STRUCK MOTOR VEHICLE, RIGHT SIDE AT ANGLE",,0,Overcast,Wet,Dark - Street Lights On,,4149062.0,,32,One parked--one moving,0,0,N
4266,1,-122.33373130000001,47.59031235,5068,18642,18642,1072245,Matched,Block,,EDGAR MARTINEZ DR S BETWEEN 1ST AVE S AND OCCIDENTAL AVE S,,,1,Property Damage Only Collision,Right Turn,4,0,0,2,2004/08/12 00:00:00+00,8/12/2004 3:53:00 PM,Mid-Block (but intersection related),11,"MOTOR VEHICLE STRUCK MOTOR VEHICLE, FRONT END AT ANGLE",Y,0,Clear,Dry,Daylight,,4225018.0,,16,From same direction - one right turn - one straight,0,0,N
4267,1,-122.3253222,47.6251184,5069,18688,18688,1798804,Matched,Intersection,29114.0,SUMMIT AVE E AND E ROY ST,,,1,Property Damage Only Collision,Angles,4,0,0,2,2004/08/21 00:00:00+00,8/21/2004 4:15:00 PM,At Intersection (intersection related),11,"MOTOR VEHICLE STRUCK MOTOR VEHICLE, FRONT END AT ANGLE",,0,Raining,Wet,Daylight,,4234031.0,,10,Entering at angle,0,0,N
4268,1,-122.31579009999999,47.71943437,5071,18334,18334,1794234,Matched,Block,,NE 125TH ST BETWEEN 11TH AVE NE AND 12TH AVE NE,,,1,Property Damage Only Collision,Rear Ended,3,0,0,2,2004/11/06 00:00:00+00,11/6/2004,Mid-Block (not related to intersection),14,"MOTOR VEHICLE STRUCK MOTOR VEHICLE, REAR END",,0,Raining,Wet,Daylight,,4311003.0,,14,From same direction - both going straight - one stopped - rear-end,0,0,N
4269,1,-122.37217199999999,47.66866365,5072,18768,18768,1080214,Matched,Block,,NW MARKET ST BETWEEN 11TH AVE NW AND 14TH AVE NW,,,1,Property Damage Only Collision,Other,2,0,0,2,2004/10/05 00:00:00+00,10/5/2004,Driveway Junction,14,"MOTOR VEHICLE STRUCK MOTOR VEHICLE, REAR END",Y,0,Overcast,Dry,Daylight,,4279007.0,,22,One car leaving driveway access,0,0,N
4270,1,-122.350628,47.69058114,5075,18955,18955,1779925,Matched,Block,,N 85TH ST BETWEEN EVANSTON AVE N AND FREMONT AVE N,,,1,Property Damage Only Collision,Other,2,0,0,2,2004/06/10 00:00:00+00,6/10/2004 10:55:00 AM,Driveway Junction,11,"MOTOR VEHICLE STRUCK MOTOR VEHICLE, FRONT END AT ANGLE",,0,Overcast,Dry,Daylight,,4162018.0,,22,One car leaving driveway access,0,0,N
4271,2,-122.3555406,47.72050806,5076,18622,18622,1779683,Matched,Block,,GREENWOOD AVE N BETWEEN N 125TH ST AND N 127TH ST,,,2,Injury Collision,Rear Ended,5,0,0,3,2004/06/12 00:00:00+00,6/12/2004 9:18:00 PM,Driveway Junction,14,"MOTOR VEHICLE STRUCK MOTOR VEHICLE, REAR END",,1,Raining,Wet,Dark - Street Lights On,,4164015.0,,13,From same direction - both going straight - both moving - rear-end,0,0,N
4272,1,-122.3864803,47.54499682,5077,19067,19067,C645548,Matched,Block,,FAUNTLEROY WAY SW BETWEEN 42ND AVE SW AND CALIFORNIA AVE SW,,,1,Property Damage Only Collision,Rear Ended,2,0,0,2,2004/06/17 00:00:00+00,6/17/2004 6:47:00 PM,Mid-Block (but intersection related),14,"MOTOR VEHICLE STRUCK MOTOR VEHICLE, REAR END",,0,Clear,Dry,Daylight,,4169040.0,,14,From same direction - both going straight - one stopped - rear-end,0,0,N
4273,1,-122.356706,47.62501857,5078,18279,18279,1220296,Matched,Block,,QUEEN ANNE AVE N BETWEEN MERCER ST AND ROY ST,,,1,Property Damage Only Collision,Parked Car,2,0,0,2,2004/10/28 00:00:00+00,10/28/2004 8:45:00 AM,Mid-Block (but intersection related),16,"MOTOR VEHICLE STRUCK MOTOR VEHICLE, LEFT SIDE SIDESWIPE",,0,Overcast,Dry,Daylight,,4302003.0,,32,One parked--one moving,0,0,N
4274,1,-122.3257199,47.59667531,5079,18449,18449,1213136,Matched,Block,,S LANE ST BETWEEN 6TH AVE S AND MAYNARD AVE S,,,1,Property Damage Only Collision,Parked Car,2,0,0,2,2004/10/05 00:00:00+00,10/5/2004,Mid-Block (not related to intersection),11,"MOTOR VEHICLE STRUCK MOTOR VEHICLE, FRONT END AT ANGLE",,0,Unknown,Unknown,Unknown,,4279034.0,,32,One parked--one moving,0,0,N
4275,1,,,5080,19047,19047,1777878,Matched,Block,,BATTERY ST TUNNEL SB BETWEEN AURORA AVE N AND ALASKAN WY VI SB,,,1,Property Damage Only Collision,Other,1,0,0,1,2004/07/17 00:00:00+00,7/17/2004 10:29:00 PM,Mid-Block (not related to intersection),29,MOTOR VEHICLE OVERTURNED IN ROAD,,0,Clear,Sand/Mud/Dirt,Dark - Street Lights On,,4199006.0,,52,Vehicle overturned,0,0,N
4276,1,,,5081,18396,18396,1774310,Matched,Alley,,,,,1,Property Damage Only Collision,Other,1,0,0,1,2004/07/14 00:00:00+00,7/14/2004 2:17:00 AM,,0,NOT ENOUGH INFORMATION / NOT APPLICABLE,,0,Clear,Dry,Dark - Street Lights On,,4196002.0,Y,50,Fixed object,0,0,N
4277,1,-122.31956729999999,47.66131146,5083,18944,18944,1212337,Matched,Intersection,337035.0,8TH AVE NE AND NE 45TH E ST,,,1,Property Damage Only Collision,Head On,2,0,0,2,2004/06/10 00:00:00+00,6/10/2004 3:00:00 AM,At Intersection (intersection related),11,"MOTOR VEHICLE STRUCK MOTOR VEHICLE, FRONT END AT ANGLE",,0,Clear,Dry,Dark - Street Lights On,,4162010.0,,25,From opposite direction - one stopped - head-on,0,0,N
4278,1,-122.3767615,47.52107001,5084,18545,18545,1789433,Matched,Intersection,34741.0,35TH AVE SW AND SW BARTON ST,,,1,Property Damage Only Collision,Angles,2,0,0,2,2004/10/19 00:00:00+00,10/19/2004 7:14:00 AM,At Intersection (intersection related),11,"MOTOR VEHICLE STRUCK MOTOR VEHICLE, FRONT END AT ANGLE",,0,Raining,Wet,Dawn,,4293030.0,,10,Entering at angle,0,0,N
4279,1,-122.30649220000001,47.66721476,5085,18223,18223,1776755,Matched,Block,,20TH AVE NE BETWEEN NE 52ND ST AND NE 54TH ST,,,1,Property Damage Only Collision,Other,3,0,0,2,2004/12/01 00:00:00+00,12/1/2004,Driveway Junction,11,"MOTOR VEHICLE STRUCK MOTOR VEHICLE, FRONT END AT ANGLE",Y,0,Clear,Dry,Daylight,,4336031.0,,22,One car leaving driveway access,0,0,N
4280,2,-122.2699882,47.52994139,5086,18191,18191,1772938,Matched,Block,,RAINIER AVE S BETWEEN S ELMGROVE ST AND S ROSE N ST,,,2,Injury Collision,Sideswipe,6,0,0,2,2004/06/20 00:00:00+00,6/20/2004 5:10:00 PM,Mid-Block (not related to intersection),16,"MOTOR VEHICLE STRUCK MOTOR VEHICLE, LEFT SIDE SIDESWIPE",,0,Clear,Dry,Daylight,,4172009.0,,11,From same direction - both going straight - both moving - sideswipe,0,0,N
4281,2,-122.27003540000001,47.51494582,5087,18771,18771,1771381,Matched,Block,,51ST AVE S BETWEEN S PILGRIM ST AND S BOND ST,,,2,Injury Collision,Rear Ended,4,0,0,3,2004/01/31 00:00:00+00,1/31/2004 10:47:00 AM,Mid-Block (not related to intersection),14,"MOTOR VEHICLE STRUCK MOTOR VEHICLE, REAR END",,0,Overcast,Wet,Daylight,,4031033.0,,14,From same direction - both going straight - one stopped - rear-end,0,0,N
4282,1,-122.3577102,47.61881611,5088,18815,18815,882648,Matched,Block,,WESTERN AVE W BETWEEN W DENNY WAY AND 1ST AVE W,,,1,Property Damage Only Collision,Parked Car,0,0,0,2,2004/01/12 00:00:00+00,1/12/2004 8:00:00 PM,Mid-Block (not related to intersection),13,"MOTOR VEHICLE STRUCK MOTOR VEHICLE, LEFT SIDE AT ANGLE",,0,Other,Unknown,Unknown,,4012007.0,,32,One parked--one moving,0,0,N