,SEVERITYCODE,X,Y,OBJECTID,INCKEY,COLDETKEY,REPORTNO,STATUS,ADDRTYPE,INTKEY,LOCATION,EXCEPTRSNCODE,EXCEPTRSNDESC,SEVERITYCODE.1,SEVERITYDESC,COLLISIONTYPE,PERSONCOUNT,PEDCOUNT,PEDCYLCOUNT,VEHCOUNT,INCDATE,INCDTTM,JUNCTIONTYPE,SDOT_COLCODE,SDOT_COLDESC,INATTENTIONIND,UNDERINFL,WEATHER,ROADCOND,LIGHTCOND,PEDROWNOTGRNT,SDOTCOLNUM,SPEEDING,ST_COLCODE,ST_COLDESC,SEGLANEKEY,CROSSWALKKEY,HITPARKEDCAR
4283,1,-122.32041570000001,47.62426819,5089,18438,18438,1789805,Matched,Block,,E MERCER ST BETWEEN BROADWAY E AND 10TH AVE E,,,1,Property Damage Only Collision,Other,5,0,0,2,2004/01/02 00:00:00+00,1/2/2004,Driveway Junction,11,"MOTOR VEHICLE STRUCK MOTOR VEHICLE, FRONT END AT ANGLE",,0,Raining,Wet,Dark - Street Lights On,,4002061.0,,21,One car entering driveway access,0,0,N
4284,1,-122.2991597,47.57967346,5091,18564,18564,1779097,Matched,Block,,RAINIER AVE S BETWEEN S BAYVIEW ST AND S MCCLELLAN ST,,,1,Property Damage Only Collision,Other,3,0,0,2,2004/11/11 00:00:00+00,11/11/2004 6:03:00 PM,Driveway Junction,11,"MOTOR VEHICLE STRUCK MOTOR VEHICLE, FRONT END AT ANGLE",,0,Clear,Dry,Dark - Street Lights On,,4316009.0,,22,One car leaving driveway access,0,0,N
4285,2,-122.34407069999999,47.64312027,5092,18104,18104,1186514,Matched,Block,,WESTLAKE AVE N BETWEEN HALLADAY ST AND NEWELL ST,,,2,Injury Collision,Other,1,0,0,1,2004/05/29 00:00:00+00,5/29/2004 2:00:00 AM,Mid-Block (not related to intersection),26,MOTOR VEHICLE STRUCK OBJECT IN ROAD,,1,Overcast,Dry,Dark - Street Lights On,,4150002.0,Y,50,Fixed object,0,0,N
4286,1,-122.31430559999998,47.66054297,5094,18790,18790,1776686,Matched,Block,,BROOKLYN AVE NE BETWEEN NE 43RD ST AND NE 45TH ST,,,1,Property Damage Only Collision,Rear Ended,5,0,0,2,2004/11/30 00:00:00+00,11/30/2004 10:43:00 PM,Mid-Block (but intersection related),14,"MOTOR VEHICLE STRUCK MOTOR VEHICLE, REAR END",,1,Clear,Dry,Dark - Street Lights On,,4335001.0,,14,From same direction - both going straight - one stopped - rear-end,0,0,N
4287,2,-122.37622240000002,47.65980336,5095,18984,18984,1482859,Matched,Block,,BALLARD BR BETWEEN POINT A AND POINT B,,,2,Injury Collision,Head On,7,0,0,4,2004/06/09 00:00:00+00,6/9/2004,Mid-Block (not related to intersection),11,"MOTOR VEHICLE STRUCK MOTOR VEHICLE, FRONT END AT ANGLE",,0,Clear,Dry,Daylight,,4161001.0,,25,From opposite direction - one stopped - head-on,0,0,N
4288,1,-122.33486629999999,47.60822792,5096,18216,18216,1783230,Matched,Intersection,29931.0,4TH AVE AND UNIVERSITY ST,,,1,Property Damage Only Collision,Sideswipe,2,0,0,2,2004/06/21 00:00:00+00,6/21/2004 8:54:00 AM,At Intersection (intersection related),11,"MOTOR VEHICLE STRUCK MOTOR VEHICLE, FRONT END AT ANGLE",,0,Clear,Dry,Daylight,,4173005.0,,71,Same direction -- both turning right -- both moving -- sideswipe,0,0,N
4289,1,-122.32596840000001,47.59239324,5097,18323,18323,1212773,Matched,Intersection,30554.0,6TH AVE S AND S ROYAL BROUGHAM WAY,,,1,Property Damage Only Collision,Left Turn,2,0,0,2,2004/11/12 00:00:00+00,11/12/2004 3:15:00 PM,At Intersection (intersection related),11,"MOTOR VEHICLE STRUCK MOTOR VEHICLE, FRONT END AT ANGLE",,0,Clear,Dry,Daylight,,4317033.0,,28,From opposite direction - one left turn - one straight,0,0,N
4290,1,-122.3875874,47.67091621,5098,18270,18270,1773642,Matched,Intersection,25132.0,24TH AVE NW AND NW 58TH ST,,,1,Property Damage Only Collision,Left Turn,2,0,0,2,2004/05/08 00:00:00+00,5/8/2004,At Intersection (intersection related),11,"MOTOR VEHICLE STRUCK MOTOR VEHICLE, FRONT END AT ANGLE",,0,Raining,Wet,Daylight,,4129013.0,,28,From opposite direction - one left turn - one straight,0,0,N
4291,2,-122.26414709999999,47.54426392,5099,18153,18153,560818,Matched,Intersection,34609.0,SEWARD PARK S AVE S AND S MORGAN ST,,,2,Injury Collision,Angles,0,0,0,2,2004/05/05 00:00:00+00,5/5/2004,At Intersection (intersection related),11,"MOTOR VEHICLE STRUCK MOTOR VEHICLE, FRONT END AT ANGLE",,0,Clear,Dry,Dark - Street Lights On,,4126016.0,,10,Entering at angle,0,0,N
4292,1,-122.2947425,47.54439165,5100,18585,18585,1771511,Matched,Intersection,34298.0,SHAFFER AVE S AND S MORGAN ST,,,1,Property Damage Only Collision,Angles,2,0,0,2,2004/05/28 00:00:00+00,5/28/2004 2:24:00 PM,At Intersection (intersection related),11,"MOTOR VEHICLE STRUCK MOTOR VEHICLE, FRONT END AT ANGLE",,0,Raining,Wet,Daylight,,4149042.0,,10,Entering at angle,0,0,N
4293,1,-122.3822538,47.58065837,5101,18707,18707,1775189,Matched,Block,,FAIRMOUNT AVE SW BETWEEN SW PRINCE ST AND SW FOREST ST,,,1,Property Damage Only Collision,Head On,8,0,0,2,2004/04/03 00:00:00+00,4/3/2004,Mid-Block (not related to intersection),27,MOTOR VEHICLE RAN OFF ROAD - NO COLLISION,,0,Clear,Dry,Daylight,,4094016.0,Y,30,From opposite direction - all others,0,0,N
4294,1,,,5102,18504,18504,1777618,Matched,Block,,1ST AVE S BETWEEN 1ST AVS ON N RP AND S ROYAL BROUGHAM WAY,,,1,Property Damage Only Collision,Rear Ended,3,0,0,2,2004/06/28 00:00:00+00,6/28/2004 1:18:00 PM,Mid-Block (but intersection related),14,"MOTOR VEHICLE STRUCK MOTOR VEHICLE, REAR END",,0,Clear,Dry,Daylight,,4180026.0,,14,From same direction - both going straight - one stopped - rear-end,0,0,N
4295,1,-122.3312087,47.617225,5103,18343,18343,1777071,Matched,Block,,MINOR AVE BETWEEN HOWELL ST AND STEWART ST,,,1,Property Damage Only Collision,Parked Car,2,0,0,2,2004/11/02 00:00:00+00,11/2/2004,Mid-Block (not related to intersection),13,"MOTOR VEHICLE STRUCK MOTOR VEHICLE, LEFT SIDE AT ANGLE",,0,Clear,Wet,Dark - Street Lights On,,4307004.0,,32,One parked--one moving,0,0,N
4296,1,-122.26815890000002,47.52330258,5104,18656,18656,1787725,Matched,Block,,S HENDERSON ST BETWEEN RAINIER AVE S AND 53RD AVE S,,,1,Property Damage Only Collision,Other,1,0,0,1,2004/02/18 00:00:00+00,2/18/2004 1:19:00 AM,Mid-Block (not related to intersection),26,MOTOR VEHICLE STRUCK OBJECT IN ROAD,,0,Overcast,Wet,Dark - Street Lights On,,4049021.0,Y,50,Fixed object,0,0,N
4297,1,-122.30384380000001,47.66832497,5105,19079,19079,1773993,Matched,Block,,RAVENNA AVE NE BETWEEN NE 55TH ST AND RAVENNA PL NE,,,1,Property Damage Only Collision,Rear Ended,2,0,0,2,2004/06/16 00:00:00+00,6/16/2004 4:32:00 PM,Mid-Block (but intersection related),14,"MOTOR VEHICLE STRUCK MOTOR VEHICLE, REAR END",,0,Clear,Dry,Daylight,,4168025.0,,14,From same direction - both going straight - one stopped - rear-end,0,0,N
4298,1,-122.3076355,47.60616435,5106,18833,18833,1472872,Matched,Intersection,30191.0,19TH AVE AND E JEFFERSON ST,,,1,Property Damage Only Collision,Angles,3,0,0,2,2004/04/14 00:00:00+00,4/14/2004 11:44:00 AM,At Intersection (intersection related),11,"MOTOR VEHICLE STRUCK MOTOR VEHICLE, FRONT END AT ANGLE",Y,0,Clear,Dry,Daylight,,4105040.0,,10,Entering at angle,0,0,N
4299,1,-122.3167813,47.60393727,5107,18426,18426,1772168,Matched,Block,,12TH AVE BETWEEN E SPRUCE ST AND E ALDER ST,,,1,Property Damage Only Collision,Parked Car,4,0,0,4,2004/06/29 00:00:00+00,6/29/2004 12:25:00 PM,Mid-Block (not related to intersection),13,"MOTOR VEHICLE STRUCK MOTOR VEHICLE, LEFT SIDE AT ANGLE",,0,Clear,Dry,Daylight,,4181005.0,,32,One parked--one moving,0,0,N
4300,1,-122.386804,47.56021698,5108,18040,18040,1775188,Matched,Block,,CALIFORNIA AVE SW BETWEEN SW ALASKA ST AND ERSKINE WAY SW,,,1,Property Damage Only Collision,Sideswipe,2,0,0,2,2004/03/31 00:00:00+00,3/31/2004 1:00:00 PM,Mid-Block (not related to intersection),16,"MOTOR VEHICLE STRUCK MOTOR VEHICLE, LEFT SIDE SIDESWIPE",,0,Clear,Dry,Daylight,,4091022.0,,12,From same direction - both going straight - one stopped - sideswipe,0,0,N
4301,2,-122.27043300000001,47.53764263,5109,18764,18764,1772711,Matched,Intersection,34469.0,RAINIER AVE S AND S GARDEN ST,,,2,Injury Collision,Angles,3,0,0,2,2004/06/08 00:00:00+00,6/8/2004,At Intersection (intersection related),11,"MOTOR VEHICLE STRUCK MOTOR VEHICLE, FRONT END AT ANGLE",,0,Clear,Dry,Daylight,,4160022.0,,10,Entering at angle,0,0,N
4302,2,-122.35541459999999,47.62327152,5110,18113,18113,1482441,Matched,Intersection,28920.0,1ST AVE N AND REPUBLICAN ST,,,2,Injury Collision,Left Turn,2,0,0,2,2004/05/18 00:00:00+00,5/18/2004 4:36:00 PM,At Intersection (intersection related),11,"MOTOR VEHICLE STRUCK MOTOR VEHICLE, FRONT END AT ANGLE",,0,Clear,Dry,Unknown,,4139025.0,,28,From opposite direction - one left turn - one straight,0,0,N
4303,1,-122.36860449999999,47.66866123,5111,18139,18139,1794577,Matched,Intersection,25420.0,9TH AVE NW AND NW MARKET ST,,,1,Property Damage Only Collision,Left Turn,2,0,0,2,2004/09/25 00:00:00+00,9/25/2004 4:09:00 PM,At Intersection (intersection related),11,"MOTOR VEHICLE STRUCK MOTOR VEHICLE, FRONT END AT ANGLE",,0,Clear,Dry,Daylight,,4269013.0,,29,From opposite direction - one left turn - one right turn,0,0,N
4304,1,-122.3334501,47.54664079,5112,18872,18872,1790488,Matched,Block,,EAST MARGINAL WAY S BETWEEN 1ST AV S BR NB AND S FRONT ST,,,1,Property Damage Only Collision,Other,1,0,0,1,2004/09/11 00:00:00+00,9/11/2004 4:28:00 AM,Mid-Block (not related to intersection),28,MOTOR VEHICLE RAN OFF ROAD - HIT FIXED OBJECT,,0,Overcast,Wet,Dark - Street Lights On,,4255032.0,,50,Fixed object,0,0,N
4305,2,-122.34228440000001,47.72368694,5113,18552,18552,1780642,Matched,Block,,STONE AVE N BETWEEN N 130TH ST AND N 131ST ST,,,2,Injury Collision,Rear Ended,3,0,0,2,2004/01/16 00:00:00+00,1/16/2004 12:21:00 PM,Mid-Block (but intersection related),14,"MOTOR VEHICLE STRUCK MOTOR VEHICLE, REAR END",,0,Overcast,Dry,Daylight,,4016021.0,,14,From same direction - both going straight - one stopped - rear-end,0,0,N
4306,1,-122.33352909999999,47.60088238,5114,18370,18370,C632162,Matched,Block,,S WASHINGTON ST BETWEEN 1ST AVE S AND OCCIDENTAL AVE S,,,1,Property Damage Only Collision,Parked Car,2,0,0,2,2004/04/26 00:00:00+00,4/26/2004 4:00:00 PM,Mid-Block (not related to intersection),11,"MOTOR VEHICLE STRUCK MOTOR VEHICLE, FRONT END AT ANGLE",,0,Clear,Dry,Daylight,,4117032.0,,20,One car leaving parked position,0,0,N
4307,1,-122.35399220000001,47.52011036,5115,18917,18917,1781098,Matched,Block,,15TH AVE SW BETWEEN SW BARTON ST AND SW CAMBRIDGE ST,,,1,Property Damage Only Collision,Parked Car,2,0,0,2,2004/12/07 00:00:00+00,12/7/2004,Mid-Block (not related to intersection),14,"MOTOR VEHICLE STRUCK MOTOR VEHICLE, REAR END",Y,0,Raining,Wet,Dark - Street Lights On,,4342024.0,,32,One parked--one moving,0,0,N
4308,1,-122.33277759999999,47.60762288,5117,18450,18450,1213429,Matched,Block,,5TH AVE BETWEEN SPRING ST AND SENECA ST,,,1,Property Damage Only Collision,Sideswipe,2,0,0,2,2004/05/28 00:00:00+00,5/28/2004 8:49:00 PM,Mid-Block (not related to intersection),16,"MOTOR VEHICLE STRUCK MOTOR VEHICLE, LEFT SIDE SIDESWIPE",,0,Raining,Wet,Dusk,,4149021.0,,11,From same direction - both going straight - both moving - sideswipe,0,0,N
4309,1,-122.2832874,47.54156762,5118,18901,18901,1779594,Matched,Block,,M L KING JR ER WAY S BETWEEN S HOLLY ST AND S WILLOW ST,,,1,Property Damage Only Collision,Rear Ended,2,0,0,2,2004/03/07 00:00:00+00,3/7/2004,Mid-Block (not related to intersection),14,"MOTOR VEHICLE STRUCK MOTOR VEHICLE, REAR END",Y,0,Clear,Dry,Daylight,,4067012.0,,13,From same direction - both going straight - both moving - rear-end,0,0,N
4310,2,-122.32929209999999,47.61844935,5119,18109,18109,1069711,Matched,Block,,DENNY WAY BETWEEN STEWART ST AND MELROSE AVE,,,2,Injury Collision,Head On,3,0,0,3,2004/12/04 00:00:00+00,12/4/2004,Mid-Block (not related to intersection),11,"MOTOR VEHICLE STRUCK MOTOR VEHICLE, FRONT END AT ANGLE",,0,Raining,Wet,Dark - Street Lights On,,4339035.0,,30,From opposite direction - all others,0,0,N
4311,1,-122.3131081,47.70853181,5120,17433,17433,1794701,Matched,Block,,NE NORTHGATE WAY BETWEEN 14TH AVE NE AND 15TH AVE NE,,,1,Property Damage Only Collision,Sideswipe,2,0,0,2,2004/09/24 00:00:00+00,9/24/2004 5:00:00 PM,Mid-Block (not related to intersection),16,"MOTOR VEHICLE STRUCK MOTOR VEHICLE, LEFT SIDE SIDESWIPE",,0,Unknown,Unknown,Unknown,,4268003.0,,11,From same direction - both going straight - both moving - sideswipe,0,0,N
4312,1,-122.3351727,47.61359553,5121,18638,18638,1069476,Matched,Intersection,29553.0,7TH AVE AND OLIVE WAY,,,1,Property Damage Only Collision,Angles,2,0,0,2,2004/11/23 00:00:00+00,11/23/2004 12:40:00 PM,At Intersection (intersection related),11,"MOTOR VEHICLE STRUCK MOTOR VEHICLE, FRONT END AT ANGLE",,0,Overcast,Dry,Daylight,,4328043.0,,10,Entering at angle,0,0,N
4313,1,-122.36234209999999,47.65649812,5122,18987,18987,1774072,Matched,Block,,LEARY WAY NW BETWEEN NW 40TH ST AND NW 41ST ST,,,1,Property Damage Only Collision,Other,3,0,0,2,2004/11/20 00:00:00+00,11/20/2004 8:35:00 AM,Driveway Junction,11,"MOTOR VEHICLE STRUCK MOTOR VEHICLE, FRONT END AT ANGLE",,0,Clear,Dry,Daylight,,4325035.0,,21,One car entering driveway access,0,0,N
4314,2,-122.31276000000001,47.59749164,5123,18469,18469,1787267,Matched,Intersection,30437.0,RAINIER AVE S AND S WELLER ST,,,2,Injury Collision,Pedestrian,2,1,0,1,2004/01/30 00:00:00+00,1/30/2004 6:20:00 PM,At Intersection (intersection related),24,MOTOR VEHCILE STRUCK PEDESTRIAN,,0,Clear,Dry,Dark - Street Lights Off,Y,4030009.0,,1,Vehicle turning right hits pedestrian,0,0,N
4315,2,-122.32936740000001,47.613961700000004,5124,18048,18048,C650834,Matched,Block,,BOREN AVE BETWEEN PIKE ST AND PINE ST,,,2,Injury Collision,Rear Ended,3,0,0,3,2004/12/21 00:00:00+00,12/21/2004 3:15:00 PM,Mid-Block (but intersection related),14,"MOTOR VEHICLE STRUCK MOTOR VEHICLE, REAR END",,0,Unknown,Dry,Daylight,,4356041.0,,14,From same direction - both going straight - one stopped - rear-end,0,0,N
4316,2,-122.31026489999999,47.60168055,5126,18307,18307,1789829,Matched,Intersection,30727.0,17TH AVE AND E YESLER WAY,,,2,Injury Collision,Angles,2,0,0,2,2004/01/23 00:00:00+00,1/23/2004 9:11:00 AM,At Intersection (intersection related),11,"MOTOR VEHICLE STRUCK MOTOR VEHICLE, FRONT END AT ANGLE",,0,Raining,Wet,Daylight,,4023008.0,,10,Entering at angle,0,0,N
4317,2,-122.3234439,47.60412807,5127,19038,19038,1788584,Matched,Block,,9TH AVE BETWEEN ALDER ST AND JEFFERSON ST,,,2,Injury Collision,Parked Car,2,0,0,2,2004/06/01 00:00:00+00,6/1/2004,Mid-Block (not related to intersection),14,"MOTOR VEHICLE STRUCK MOTOR VEHICLE, REAR END",Y,1,Clear,Dry,Dark - Street Lights On,,4153003.0,,32,One parked--one moving,0,0,N
4318,2,-122.32267959999999,47.67675924,5128,18478,18478,1316944,Matched,Block,,NE RAVENNA WB BV BETWEEN NE 68TH ST AND NE 65TH ST,,,2,Injury Collision,Parked Car,3,0,0,2,2004/04/01 00:00:00+00,4/1/2004,Mid-Block (not related to intersection),11,"MOTOR VEHICLE STRUCK MOTOR VEHICLE, FRONT END AT ANGLE",,0,Clear,Dry,Daylight,,4092040.0,,20,One car leaving parked position,0,0,N
4319,1,-122.3847426,47.66945414,5129,18206,18206,C650823,Matched,Intersection,25140.0,22ND AVE NW AND NW 56TH ST,,,1,Property Damage Only Collision,Angles,2,0,0,2,2004/12/19 00:00:00+00,12/19/2004 2:00:00 PM,At Intersection (intersection related),11,"MOTOR VEHICLE STRUCK MOTOR VEHICLE, FRONT END AT ANGLE",,0,Overcast,Wet,Daylight,,4354043.0,,10,Entering at angle,0,0,N
4320,2,-122.3452133,47.61260646,5130,18784,18784,1213481,Matched,Intersection,29703.0,1ST AVE AND BLANCHARD ST,,,2,Injury Collision,Left Turn,2,0,0,2,2004/08/13 00:00:00+00,8/13/2004 12:03:00 PM,At Intersection (intersection related),11,"MOTOR VEHICLE STRUCK MOTOR VEHICLE, FRONT END AT ANGLE",,0,Clear,Dry,Daylight,,4226016.0,,28,From opposite direction - one left turn - one straight,0,0,N
4321,2,-122.26998959999999,47.53096562,5131,19075,19075,C649728,Matched,Block,,RAINIER AVE S BETWEEN S KENYON ST AND S ELMGROVE ST,,,2,Injury Collision,Rear Ended,2,0,0,2,2004/12/06 00:00:00+00,12/6/2004,Mid-Block (not related to intersection),14,"MOTOR VEHICLE STRUCK MOTOR VEHICLE, REAR END",,0,Raining,Wet,Daylight,,4341048.0,,14,From same direction - both going straight - one stopped - rear-end,0,0,N
4322,1,-122.3163345,47.66492767,5132,18075,18075,1781887,Matched,Intersection,25790.0,11TH AVE NE AND NE 50TH ST,,,1,Property Damage Only Collision,Cycles,2,0,1,1,2004/10/12 00:00:00+00,10/12/2004 5:58:00 PM,At Intersection (intersection related),18,"MOTOR VEHICLE STRUCK PEDALCYCLIST, FRONT END AT ANGLE",,0,Clear,Dry,Dusk,,4286032.0,,45,Vehicle - Pedalcyclist,0,0,N
4323,1,-122.36702360000001,47.62559265,5133,18481,18481,1319618,Matched,Block,,ELLIOTT AVE W BETWEEN W MERCER ST AND W MERCER PL,,,1,Property Damage Only Collision,Parked Car,2,0,0,2,2004/05/03 00:00:00+00,5/3/2004,Mid-Block (not related to intersection),14,"MOTOR VEHICLE STRUCK MOTOR VEHICLE, REAR END",,0,Clear,Dry,Daylight,,4124030.0,,32,One parked--one moving,0,0,N
4324,2,-122.34483429999999,47.71354798,5135,18434,18434,1774241,Matched,Block,,AURORA AVE N BETWEEN N 115TH ST AND N 117TH PL,,,2,Injury Collision,Rear Ended,6,0,0,2,2004/10/03 00:00:00+00,10/3/2004,Mid-Block (but intersection related),14,"MOTOR VEHICLE STRUCK MOTOR VEHICLE, REAR END",Y,0,Clear,Dry,Daylight,,4277016.0,,14,From same direction - both going straight - one stopped - rear-end,0,0,N
4325,2,-122.35287360000001,47.71415258,5136,18586,18586,1793677,Matched,Intersection,36381.0,DAYTON AVE N AND N 117TH ST,,,2,Injury Collision,Angles,2,0,0,2,2004/05/18 00:00:00+00,5/18/2004 6:47:00 PM,At Intersection (intersection related),11,"MOTOR VEHICLE STRUCK MOTOR VEHICLE, FRONT END AT ANGLE",,0,Clear,Dry,Daylight,,4139018.0,,10,Entering at angle,0,0,N
4326,1,-122.36945049999999,47.56616435,5137,18559,18559,1476170,Matched,Block,,SW ADAMS ST BETWEEN 28TH AVE SW AND 30TH AVE SW,,,1,Property Damage Only Collision,Parked Car,2,0,0,2,2004/11/03 00:00:00+00,11/3/2004,Mid-Block (not related to intersection),16,"MOTOR VEHICLE STRUCK MOTOR VEHICLE, LEFT SIDE SIDESWIPE",,0,Clear,Dry,Dark - Street Lights On,,4308016.0,,32,One parked--one moving,0,0,N
4327,2,-122.29890309999999,47.60429552,5138,18499,18499,1788457,Matched,Intersection,30099.0,26TH AVE AND E ALDER ST,,,2,Injury Collision,Angles,3,0,0,2,2004/04/14 00:00:00+00,4/14/2004 11:44:00 AM,At Intersection (intersection related),11,"MOTOR VEHICLE STRUCK MOTOR VEHICLE, FRONT END AT ANGLE",,0,Clear,Wet,Daylight,,4105038.0,,10,Entering at angle,0,0,N
4328,1,-122.3399116,47.66138572,5139,18017,18017,1930856,Matched,Block,,N 45TH ST BETWEEN INTERLAKE AVE N AND WOODLAWN W AVE N,,,1,Property Damage Only Collision,Sideswipe,2,0,0,2,2004/12/01 00:00:00+00,12/1/2004,Mid-Block (not related to intersection),11,"MOTOR VEHICLE STRUCK MOTOR VEHICLE, FRONT END AT ANGLE",,0,Overcast,Wet,Dark - Street Lights On,,4336011.0,,11,From same direction - both going straight - both moving - sideswipe,0,0,N
4329,1,-122.29517779999999,47.57445453,5140,19032,19032,1779263,Matched,Block,,RAINIER AVE S BETWEEN S HANFORD ST AND S BYRON ST,,,1,Property Damage Only Collision,Other,1,0,0,1,2004/04/03 00:00:00+00,4/3/2004,Mid-Block (not related to intersection),28,MOTOR VEHICLE RAN OFF ROAD - HIT FIXED OBJECT,,0,Clear,Dry,Dark - Street Lights On,,4094002.0,,50,Fixed object,0,0,N
4330,2,-122.3561067,47.61860457,5141,19006,19006,1060130,Matched,Block,,DENNY WAY BETWEEN QUEEN ANNE AVE N AND 1ST AVE,,,2,Injury Collision,Rear Ended,3,0,0,3,2004/12/23 00:00:00+00,12/23/2004 1:44:00 PM,Mid-Block (but intersection related),14,"MOTOR VEHICLE STRUCK MOTOR VEHICLE, REAR END",Y,0,Clear,Dry,Daylight,,4358033.0,,14,From same direction - both going straight - one stopped - rear-end,0,0,N
4331,1,-122.3495325,47.61281477,5142,18103,18103,1182135,Matched,Intersection,29705.0,BATTERY ST AND ELLIOTT AVE,,,1,Property Damage Only Collision,Head On,2,0,0,2,2004/01/06 00:00:00+00,1/6/2004,At Intersection (but not related to intersection),16,"MOTOR VEHICLE STRUCK MOTOR VEHICLE, LEFT SIDE SIDESWIPE",,0,Snowing,Snow/Slush,Daylight,,4006007.0,Y,30,From opposite direction - all others,0,0,N
4332,1,-122.31275590000001,47.58101178,5143,18509,18509,1792990,Matched,Block,,S BAYVIEW ST BETWEEN 15TH AVE S AND 16TH AVE S,,,1,Property Damage Only Collision,Head On,3,0,0,2,2004/09/03 00:00:00+00,9/3/2004,Mid-Block (not related to intersection),11,"MOTOR VEHICLE STRUCK MOTOR VEHICLE, FRONT END AT ANGLE",,0,Clear,Dry,Daylight,,4247022.0,,30,From opposite direction - all others,0,0,N
4333,1,-122.32389599999999,47.61133635,5144,18937,18937,1198207,Matched,Block,,SUMMIT AVE BETWEEN SPRING ST AND SENECA ST,,,1,Property Damage Only Collision,Rear Ended,2,0,0,2,2004/10/29 00:00:00+00,10/29/2004 9:00:00 AM,Mid-Block (but intersection related),14,"MOTOR VEHICLE STRUCK MOTOR VEHICLE, REAR END",Y,0,Overcast,Dry,Daylight,,4303033.0,,14,From same direction - both going straight - one stopped - rear-end,0,0,N
4334,1,-122.34455200000001,47.69309789,5145,18979,18979,1079877,Matched,Block,,AURORA AVE N BETWEEN N 88TH N ST AND N 89TH ST,,,1,Property Damage Only Collision,Other,4,0,0,3,2004/07/09 00:00:00+00,7/9/2004,Driveway Junction,11,"MOTOR VEHICLE STRUCK MOTOR VEHICLE, FRONT END AT ANGLE",,0,Clear,Dry,Daylight,,4191011.0,,21,One car entering driveway access,0,0,N
4335,1,-122.2931547,47.60319145,5146,18492,18492,1216873,Matched,Block,,E SPRUCE ST BETWEEN 30TH S AVE AND 31ST AVE,,,1,Property Damage Only Collision,Parked Car,2,0,0,2,2004/07/26 00:00:00+00,7/26/2004 8:29:00 AM,Mid-Block (not related to intersection),11,"MOTOR VEHICLE STRUCK MOTOR VEHICLE, FRONT END AT ANGLE",,0,Clear,Dry,Daylight,,4208003.0,,32,One parked--one moving,0,0,N
4336,2,-122.3894795,47.56475795,5147,18535,18535,1333992,Matched,Intersection,31988.0,45TH AVE SW AND SW GENESEE ST,,,2,Injury Collision,Angles,3,0,0,2,2004/03/18 00:00:00+00,3/18/2004 11:19:00 AM,At Intersection (intersection related),11,"MOTOR VEHICLE STRUCK MOTOR VEHICLE, FRONT END AT ANGLE",,0,Overcast,Dry,Daylight,,4078014.0,,10,Entering at angle,0,0,N
4337,1,-122.3376013,47.72867204,5148,18268,18268,1773620,Matched,Block,,N 137TH ST BETWEEN DENSMORE AVE N AND WALLINGFORD AVE N,,,1,Property Damage Only Collision,Parked Car,2,0,0,2,2004/06/08 00:00:00+00,6/8/2004,Mid-Block (not related to intersection),16,"MOTOR VEHICLE STRUCK MOTOR VEHICLE, LEFT SIDE SIDESWIPE",,0,Clear,Dry,Daylight,,4160006.0,,32,One parked--one moving,0,0,N
4338,1,-122.3395594,47.60832456,5149,18013,18013,1333847,Matched,Block,,1ST AVE BETWEEN UNION ST AND PIKE ST,,,1,Property Damage Only Collision,Parked Car,2,0,0,2,2004/07/10 00:00:00+00,7/10/2004 8:23:00 PM,Driveway Junction,14,"MOTOR VEHICLE STRUCK MOTOR VEHICLE, REAR END",,0,Unknown,Dry,Dusk,,4192009.0,,32,One parked--one moving,0,0,N
4339,1,-122.33236540000001,47.6650279,5150,18883,18883,1328923,Matched,Block,,N 50TH ST BETWEEN MERIDIAN AVE N AND KEYSTONE WR PL N,,,1,Property Damage Only Collision,Rear Ended,2,0,0,2,2004/07/09 00:00:00+00,7/9/2004,Mid-Block (but intersection related),14,"MOTOR VEHICLE STRUCK MOTOR VEHICLE, REAR END",,0,Clear,Dry,Daylight,,4191025.0,,13,From same direction - both going straight - both moving - rear-end,0,0,N
4340,2,-122.3473133,47.69872155,5151,18996,18996,1780542,Matched,Intersection,37420.0,LINDEN AVE N AND N 96TH ST,,,2,Injury Collision,Angles,3,0,0,2,2004/04/03 00:00:00+00,4/3/2004,At Intersection (intersection related),11,"MOTOR VEHICLE STRUCK MOTOR VEHICLE, FRONT END AT ANGLE",,0,Clear,Dry,Daylight,,4094034.0,,10,Entering at angle,0,0,N
4341,1,-122.3450631,47.73103864,5152,18506,18506,1973334,Matched,Intersection,35722.0,AURORA AVE N AND N 141ST ST,,,1,Property Damage Only Collision,Left Turn,3,0,0,3,2004/09/07 00:00:00+00,9/7/2004,At Intersection (intersection related),11,"MOTOR VEHICLE STRUCK MOTOR VEHICLE, FRONT END AT ANGLE",Y,0,Clear,Dry,Daylight,,4251014.0,,28,From opposite direction - one left turn - one straight,0,0,N
4342,2,-122.35669309999999,47.6267531,5153,18340,18340,1069801,Matched,Block,,QUEEN ANNE AVE N BETWEEN VALLEY ST AND ALOHA ST,,,2,Injury Collision,Rear Ended,7,0,0,3,2004/10/16 00:00:00+00,10/16/2004 9:32:00 PM,Mid-Block (but intersection related),14,"MOTOR VEHICLE STRUCK MOTOR VEHICLE, REAR END",,0,Raining,Wet,Dark - No Street Lights,,4290015.0,,14,From same direction - both going straight - one stopped - rear-end,0,0,N