,SEVERITYCODE,X,Y,OBJECTID,INCKEY,COLDETKEY,REPORTNO,STATUS,ADDRTYPE,INTKEY,LOCATION,EXCEPTRSNCODE,EXCEPTRSNDESC,SEVERITYCODE.1,SEVERITYDESC,COLLISIONTYPE,PERSONCOUNT,PEDCOUNT,PEDCYLCOUNT,VEHCOUNT,INCDATE,INCDTTM,JUNCTIONTYPE,SDOT_COLCODE,SDOT_COLDESC,INATTENTIONIND,UNDERINFL,WEATHER,ROADCOND,LIGHTCOND,PEDROWNOTGRNT,SDOTCOLNUM,SPEEDING,ST_COLCODE,ST_COLDESC,SEGLANEKEY,CROSSWALKKEY,HITPARKEDCAR
4343,1,-122.3847426,47.67018313,5154,18803,18803,1773948,Matched,Intersection,25139.0,22ND AVE NW AND NW 57TH ST,,,1,Property Damage Only Collision,Angles,2,0,0,2,2004/09/22 00:00:00+00,9/22/2004 6:47:00 PM,At Intersection (intersection related),11,"MOTOR VEHICLE STRUCK MOTOR VEHICLE, FRONT END AT ANGLE",,0,Clear,Dry,Dark - Street Lights On,,4266025.0,,10,Entering at angle,0,0,N
4344,1,-122.3495322,47.72738769,5156,18974,18974,1795004,Matched,Block,,NORTH PARK AVE N BETWEEN DEAD END 2 AND N 137TH ST,,,1,Property Damage Only Collision,Parked Car,2,0,0,2,2004/09/20 00:00:00+00,9/20/2004 1:00:00 PM,Mid-Block (not related to intersection),13,"MOTOR VEHICLE STRUCK MOTOR VEHICLE, LEFT SIDE AT ANGLE",,0,Other,Unknown,Other,,4264003.0,,32,One parked--one moving,0,0,N
4345,1,-122.28136880000001,47.69872798,5157,18866,18866,1320607,Matched,Block,,44TH AVE NE BETWEEN NE 95TH ST AND 43RD PL NE,,,1,Property Damage Only Collision,Parked Car,2,0,0,2,2004/09/26 00:00:00+00,9/26/2004 12:07:00 AM,Mid-Block (not related to intersection),33,DRIVERLESS VEHICLE STRUCK MOTOR VEHICLE LEFT SIDE AT ANGLE,,0,Clear,Dry,Dark - Street Lights On,,4270029.0,,32,One parked--one moving,0,0,N
4346,1,-122.3315808,47.59828765,5158,18320,18320,1776486,Matched,Intersection,30520.0,2ND AVE S AND S KING ST,,,1,Property Damage Only Collision,Rear Ended,2,0,0,2,2004/06/27 00:00:00+00,6/27/2004 2:51:00 AM,At Intersection (but not related to intersection),14,"MOTOR VEHICLE STRUCK MOTOR VEHICLE, REAR END",,0,Clear,Dry,Dark - Street Lights On,,4179035.0,,14,From same direction - both going straight - one stopped - rear-end,0,0,N
4347,1,-122.2753237,47.53418337,5162,18580,18580,1784859,Matched,Block,,46TH AVE S BETWEEN S AUSTIN ST AND S HOLDEN N ST,,,1,Property Damage Only Collision,Other,1,0,0,1,2004/11/08 00:00:00+00,11/8/2004,Mid-Block (not related to intersection),28,MOTOR VEHICLE RAN OFF ROAD - HIT FIXED OBJECT,,0,Clear,Dry,Dark - No Street Lights,,4313005.0,,50,Fixed object,0,0,N
4348,2,-122.282835,47.66488955,5163,18551,18551,1780535,Matched,Intersection,26239.0,SAND POINT WAY NE AND NE 50TH ST,,,2,Injury Collision,Right Turn,4,0,0,3,2004/03/11 00:00:00+00,3/11/2004 7:43:00 AM,At Intersection (intersection related),11,"MOTOR VEHICLE STRUCK MOTOR VEHICLE, FRONT END AT ANGLE",,0,Clear,Dry,Daylight,,4071013.0,,16,From same direction - one right turn - one straight,0,0,N
4349,2,-122.32084509999999,47.61815405,5164,18518,18518,1217081,Matched,Block,,BROADWAY BETWEEN E HOWELL ST AND E DENNY WAY,,,2,Injury Collision,Rear Ended,2,0,0,2,2004/07/30 00:00:00+00,7/30/2004 12:07:00 PM,Mid-Block (but intersection related),14,"MOTOR VEHICLE STRUCK MOTOR VEHICLE, REAR END",Y,1,Clear,Dry,Daylight,,4212009.0,,14,From same direction - both going straight - one stopped - rear-end,0,0,N
4350,1,-122.2771748,47.5267845,5165,18772,18772,1771385,Matched,Block,,RENTON AVE S BETWEEN S CAMANO PL AND S CLOVERDALE ST,,,1,Property Damage Only Collision,Rear Ended,3,0,0,2,2004/03/26 00:00:00+00,3/26/2004 9:34:00 AM,Mid-Block (but intersection related),14,"MOTOR VEHICLE STRUCK MOTOR VEHICLE, REAR END",,0,Raining,Wet,Daylight,,4086029.0,Y,14,From same direction - both going straight - one stopped - rear-end,0,0,N
4351,1,-122.31197949999999,47.66217279999999,5166,19119,19119,1779730,Matched,Block,,15TH AVE NE BETWEEN NE 45TH ST AND NE 47TH ST,,,1,Property Damage Only Collision,Other,2,0,0,1,2004/05/09 00:00:00+00,5/9/2004,Mid-Block (but intersection related),28,MOTOR VEHICLE RAN OFF ROAD - HIT FIXED OBJECT,Y,0,Clear,Dry,Daylight,,4130007.0,,50,Fixed object,0,0,N
4352,2,-122.35133700000002,47.64624848,5169,18393,18393,1777320,Matched,Block,,3RD AVE N BETWEEN FULTON ST AND FLORENTIA ST,,,2,Injury Collision,Other,1,0,0,1,2004/04/12 00:00:00+00,4/12/2004 2:57:00 PM,Mid-Block (not related to intersection),28,MOTOR VEHICLE RAN OFF ROAD - HIT FIXED OBJECT,,0,Clear,Dry,Daylight,,4103012.0,,50,Fixed object,0,0,N
4353,1,-122.34564420000001,47.612272999999995,5170,17865,17865,1181382,Matched,Block,,BLANCHARD ST BETWEEN WESTERN AVE AND 1ST AVE,,,1,Property Damage Only Collision,Parked Car,2,0,0,2,2004/06/24 00:00:00+00,6/24/2004 11:00:00 PM,Mid-Block (not related to intersection),14,"MOTOR VEHICLE STRUCK MOTOR VEHICLE, REAR END",,0,Clear,Dry,Dark - Street Lights On,,4176023.0,,32,One parked--one moving,0,0,N
4354,2,-122.3707646,47.66504255,5172,18543,18543,1773632,Matched,Intersection,25445.0,11TH AVE NW AND NW 50TH ST,,,2,Injury Collision,Angles,2,0,0,2,2004/02/09 00:00:00+00,2/9/2004,At Intersection (intersection related),11,"MOTOR VEHICLE STRUCK MOTOR VEHICLE, FRONT END AT ANGLE",,0,Clear,Dry,Daylight,,4040011.0,,10,Entering at angle,0,0,N
4355,2,,,5173,18085,18085,1059977,Matched,Block,,ALASKAN WY VI NB BETWEEN S ROYAL BROUGHAM WAY ON RP AND SENECA ST OFF RP,,,2,Injury Collision,Other,1,0,0,1,2004/12/29 00:00:00+00,12/29/2004 3:20:00 PM,Mid-Block (not related to intersection),29,MOTOR VEHICLE OVERTURNED IN ROAD,,0,Raining,Wet,Daylight,,4364035.0,,52,Vehicle overturned,0,0,N
4356,1,-122.2662508,47.50069579,5174,18184,18184,1786262,Matched,Block,,LUTHER AVE S BETWEEN S AVON ST AND S AUGUSTA ST,,,1,Property Damage Only Collision,Parked Car,2,0,0,2,2004/01/11 00:00:00+00,1/11/2004 11:30:00 AM,Mid-Block (not related to intersection),16,"MOTOR VEHICLE STRUCK MOTOR VEHICLE, LEFT SIDE SIDESWIPE",,0,Unknown,Unknown,Unknown,,4011016.0,,32,One parked--one moving,0,0,N
4357,1,-122.408731,47.57771566,5175,18611,18611,1781372,Matched,Block,,SW STEVENS ST BETWEEN 59TH AVE SW AND 60TH AVE SW,,,1,Property Damage Only Collision,Parked Car,2,0,0,2,2004/08/20 00:00:00+00,8/20/2004 8:30:00 PM,Mid-Block (not related to intersection),13,"MOTOR VEHICLE STRUCK MOTOR VEHICLE, LEFT SIDE AT ANGLE",,0,Clear,Dry,Dark - Street Lights Off,,4233013.0,,32,One parked--one moving,0,0,N
4358,1,-122.34803909999998,47.61779536,5176,18132,18132,1482537,Matched,Intersection,29654.0,4TH AVE AND CEDAR ST,,,1,Property Damage Only Collision,Angles,3,0,0,2,2004/05/03 00:00:00+00,5/3/2004,At Intersection (intersection related),11,"MOTOR VEHICLE STRUCK MOTOR VEHICLE, FRONT END AT ANGLE",,0,Clear,Dry,Daylight,,4124007.0,,10,Entering at angle,0,0,N
4359,2,-122.28110420000002,47.53705159,5178,19023,19023,C649407,Matched,Intersection,486567.0,M L KING JR ER WAY S AND S OTHELLO ST,,,2,Injury Collision,Angles,3,0,0,2,2004/11/01 00:00:00+00,11/1/2004,At Intersection (intersection related),11,"MOTOR VEHICLE STRUCK MOTOR VEHICLE, FRONT END AT ANGLE",,0,Overcast,Wet,Daylight,,4306068.0,,10,Entering at angle,0,0,N
4360,1,-122.32635549999999,47.60045148,5179,19009,19009,1213818,Matched,Block,,6TH AVE S BETWEEN S WASHINGTON ST AND S MAIN ST,,,1,Property Damage Only Collision,Parked Car,2,0,0,2,2004/09/03 00:00:00+00,9/3/2004,Mid-Block (not related to intersection),11,"MOTOR VEHICLE STRUCK MOTOR VEHICLE, FRONT END AT ANGLE",,0,Unknown,Dry,Unknown,,4247035.0,,32,One parked--one moving,0,0,N
4361,1,-122.2927852,47.56007559,5181,18061,18061,1771938,Matched,Block,,M L KING JR ER WAY S BETWEEN S ALASKA ST AND S ANGELINE ST,,,1,Property Damage Only Collision,Sideswipe,2,0,0,2,2004/05/07 00:00:00+00,5/7/2004,Mid-Block (but intersection related),16,"MOTOR VEHICLE STRUCK MOTOR VEHICLE, LEFT SIDE SIDESWIPE",,0,Clear,Dry,Daylight,,4128047.0,,11,From same direction - both going straight - both moving - sideswipe,0,0,N
4362,1,-122.3324513,47.60726631,5182,18634,18634,1181693,Matched,Intersection,29933.0,5TH AVE AND SPRING ST,,,1,Property Damage Only Collision,Angles,3,0,0,2,2004/04/29 00:00:00+00,4/29/2004 7:36:00 PM,At Intersection (intersection related),11,"MOTOR VEHICLE STRUCK MOTOR VEHICLE, FRONT END AT ANGLE",,0,Clear,Dry,Daylight,,4120022.0,,10,Entering at angle,0,0,N
4363,1,-122.313402,47.57236273,5183,19074,19074,C650058,Matched,Block,,15TH AVE S BETWEEN S HINDS ST AND S SPOKANE ST,,,1,Property Damage Only Collision,Sideswipe,2,0,0,2,2004/11/10 00:00:00+00,11/10/2004 11:05:00 PM,Mid-Block (not related to intersection),16,"MOTOR VEHICLE STRUCK MOTOR VEHICLE, LEFT SIDE SIDESWIPE",,0,Clear,Dry,Dark - Street Lights On,,4315037.0,,11,From same direction - both going straight - both moving - sideswipe,0,0,N
4364,1,-122.3215394,47.61990298,5185,18315,18315,1217328,Matched,Block,,E OLIVE WAY BETWEEN HARVARD AVE E AND BROADWAY E,,,1,Property Damage Only Collision,Rear Ended,2,0,0,2,2004/08/17 00:00:00+00,8/17/2004 3:33:00 PM,Mid-Block (not related to intersection),14,"MOTOR VEHICLE STRUCK MOTOR VEHICLE, REAR END",Y,0,Clear,Dry,Daylight,,4230029.0,,13,From same direction - both going straight - both moving - rear-end,0,0,N
4365,1,-122.32440090000001,47.60170912,5186,18274,18274,1784128,Matched,Block,,YESLER WAY BETWEEN 6TH AVE AND 8TH AVE,,,1,Property Damage Only Collision,Parked Car,2,0,0,2,2004/12/03 00:00:00+00,12/3/2004,Mid-Block (not related to intersection),11,"MOTOR VEHICLE STRUCK MOTOR VEHICLE, FRONT END AT ANGLE",,0,Overcast,Dry,Daylight,,4338014.0,,32,One parked--one moving,0,0,N
4366,1,-122.3842523,47.59461779,5190,18098,18098,1798153,Matched,Block,,HARBOR AVE SW BETWEEN ALKI AVE SW AND SW CALIFORNIA PL,,,1,Property Damage Only Collision,Parked Car,2,0,0,2,2004/06/05 00:00:00+00,6/5/2004,Mid-Block (not related to intersection),13,"MOTOR VEHICLE STRUCK MOTOR VEHICLE, LEFT SIDE AT ANGLE",,0,Overcast,Wet,Dark - Street Lights On,,4157029.0,,32,One parked--one moving,0,0,N
4367,1,-122.32041540000002,47.62312721,5191,18460,18460,1798548,Matched,Block,,E REPUBLICAN ST BETWEEN BROADWAY E AND 10TH AVE E,,,1,Property Damage Only Collision,Parked Car,2,0,0,2,2004/09/13 00:00:00+00,9/13/2004 5:00:00 PM,Mid-Block (not related to intersection),16,"MOTOR VEHICLE STRUCK MOTOR VEHICLE, LEFT SIDE SIDESWIPE",,0,Clear,Dry,Daylight,,4257026.0,,32,One parked--one moving,0,0,N
4368,1,-122.33511000000001,47.70141155,5192,19064,19064,566947,Matched,Intersection,37292.0,COLLEGE WAY N AND N 100TH ST,,,1,Property Damage Only Collision,Rear Ended,0,0,0,2,2004/05/04 00:00:00+00,5/4/2004,At Intersection (intersection related),14,"MOTOR VEHICLE STRUCK MOTOR VEHICLE, REAR END",,0,Clear,Dry,Daylight,,4125038.0,,73,Same direction -- both turning right -- both moving -- rear end,0,0,N
4369,2,-122.3121726,47.68751645,5193,18781,18781,1212345,Matched,Intersection,24387.0,15TH AVE NE AND LAKE CITY WAY NE,,,2,Injury Collision,Angles,2,0,0,2,2004/10/05 00:00:00+00,10/5/2004,At Intersection (intersection related),11,"MOTOR VEHICLE STRUCK MOTOR VEHICLE, FRONT END AT ANGLE",,0,Fog/Smog/Smoke,Dry,Dark - Street Lights On,,4279046.0,,10,Entering at angle,0,0,N
4370,1,-122.3287335,47.60487637,5195,18725,18725,1747170,Matched,Intersection,29963.0,6TH AVE AND CHERRY ST,,,1,Property Damage Only Collision,Left Turn,2,0,0,2,2004/05/08 00:00:00+00,5/8/2004,At Intersection (intersection related),11,"MOTOR VEHICLE STRUCK MOTOR VEHICLE, FRONT END AT ANGLE",,0,Clear,Dry,Dark - Street Lights On,,4129045.0,,15,From same direction - one left turn - one straight,0,0,N
4371,2,-122.32143889999999,47.54750295,5196,18451,18451,1781762,Matched,Intersection,33135.0,CORSON AVE S AND S MICHIGAN ST,,,2,Injury Collision,Left Turn,2,0,0,2,2004/03/20 00:00:00+00,3/20/2004 11:45:00 AM,At Intersection (intersection related),11,"MOTOR VEHICLE STRUCK MOTOR VEHICLE, FRONT END AT ANGLE",,0,Clear,Dry,Daylight,,4080012.0,,28,From opposite direction - one left turn - one straight,0,0,N
4372,1,-122.3072366,47.63146005,5197,18898,18898,1189625,Matched,Block,,19TH AVE E BETWEEN E HIGHLAND DR AND E GALER ST,,,1,Property Damage Only Collision,Parked Car,2,0,0,2,2004/07/27 00:00:00+00,7/27/2004 10:30:00 AM,Mid-Block (not related to intersection),11,"MOTOR VEHICLE STRUCK MOTOR VEHICLE, FRONT END AT ANGLE",,0,Clear,Dry,Daylight,,4209037.0,,32,One parked--one moving,0,0,N
4373,2,-122.28931920000001,47.55249815,5199,17724,17724,1773016,Matched,Intersection,33608.0,35TH AVE S AND S LUCILE ST,,,2,Injury Collision,Angles,3,0,0,2,2004/06/12 00:00:00+00,6/12/2004 6:35:00 PM,At Intersection (intersection related),11,"MOTOR VEHICLE STRUCK MOTOR VEHICLE, FRONT END AT ANGLE",,0,Raining,Wet,Daylight,,4164031.0,,10,Entering at angle,0,0,N
4374,2,-122.2941607,47.7210914,5200,19062,19062,1793808,Matched,Intersection,36067.0,LAKE CITY WAY NE AND NE 127TH ST,,,2,Injury Collision,Left Turn,4,0,0,3,2004/09/08 00:00:00+00,9/8/2004,At Intersection (intersection related),11,"MOTOR VEHICLE STRUCK MOTOR VEHICLE, FRONT END AT ANGLE",,0,Overcast,Wet,Daylight,,4252029.0,,28,From opposite direction - one left turn - one straight,0,0,N
4375,1,-122.2924031,47.7328465,5201,18991,18991,1079662,Matched,Block,,LAKE CITY WAY NE BETWEEN NE 143RD ST AND NE 145TH ST,,,1,Property Damage Only Collision,Other,2,0,0,2,2004/10/06 00:00:00+00,10/6/2004,Driveway Junction,11,"MOTOR VEHICLE STRUCK MOTOR VEHICLE, FRONT END AT ANGLE",,0,Clear,Dry,Dark - Street Lights On,,4280008.0,,21,One car entering driveway access,0,0,N
4376,2,-122.28079709999999,47.53623841,5202,18092,18092,1779552,Matched,Block,,M L KING JR ER WAY S BETWEEN S OTHELLO ST AND RENTON S AVE S,,,2,Injury Collision,Rear Ended,6,0,0,3,2004/01/14 00:00:00+00,1/14/2004 4:46:00 PM,Mid-Block (not related to intersection),14,"MOTOR VEHICLE STRUCK MOTOR VEHICLE, REAR END",Y,0,Raining,Wet,Dark - Street Lights On,,4014027.0,,14,From same direction - both going straight - one stopped - rear-end,0,0,N
4377,1,-122.2819915,47.61577009,5203,18623,18623,1772250,Matched,Block,,40TH AVE BETWEEN E PINE ST AND E OLIVE ST,,,1,Property Damage Only Collision,Other,2,0,0,1,2004/05/04 00:00:00+00,5/4/2004,Mid-Block (not related to intersection),28,MOTOR VEHICLE RAN OFF ROAD - HIT FIXED OBJECT,,1,Clear,Dry,Dark - Street Lights On,,4125032.0,,50,Fixed object,0,0,N
4378,1,-122.33356200000001,47.60680129,5204,18662,18662,1482330,Matched,Intersection,29949.0,4TH AVE AND SPRING ST,,,1,Property Damage Only Collision,Angles,2,0,0,2,2004/03/12 00:00:00+00,3/12/2004 9:45:00 PM,At Intersection (intersection related),11,"MOTOR VEHICLE STRUCK MOTOR VEHICLE, FRONT END AT ANGLE",,0,Clear,Dry,Dark - Street Lights On,,4072020.0,,10,Entering at angle,0,0,N
4379,1,-122.3742527,47.65399729,5205,18305,18305,1777329,Matched,Block,,W EMERSON ST BETWEEN 13TH AVE W AND 14TH AVE W,,,1,Property Damage Only Collision,Parked Car,2,0,0,2,2004/01/28 00:00:00+00,1/28/2004 12:15:00 PM,Mid-Block (not related to intersection),15,"MOTOR VEHICLE STRUCK MOTOR VEHICLE, RIGHT SIDE SIDESWIPE",,0,Unknown,Unknown,Unknown,,4028030.0,,32,One parked--one moving,0,0,N
4380,1,-122.29117409999999,47.71381352,5206,18744,18744,1780528,Matched,Block,,35TH AVE NE BETWEEN 34TH AVE NE AND 33RD PL NE,,,1,Property Damage Only Collision,Parked Car,2,0,0,2,2004/01/02 00:00:00+00,1/2/2004,Mid-Block (not related to intersection),14,"MOTOR VEHICLE STRUCK MOTOR VEHICLE, REAR END",,0,Clear,Ice,Daylight,,4002070.0,Y,32,One parked--one moving,0,0,N
4381,1,-122.26900819999999,47.52682077,5207,18192,18192,1772958,Matched,Block,,S CLOVERDALE PL BETWEEN RAINIER AVE S AND GRATTAN PL S,,,1,Property Damage Only Collision,Parked Car,2,0,0,2,2004/10/11 00:00:00+00,10/11/2004 12:00:00 PM,Mid-Block (not related to intersection),11,"MOTOR VEHICLE STRUCK MOTOR VEHICLE, FRONT END AT ANGLE",,0,Clear,Dry,Daylight,,4285004.0,,32,One parked--one moving,0,0,N
4382,2,-122.3505942,47.65095696,5208,18652,18652,1774637,Matched,Block,,FREMONT PL N BETWEEN FREMONT AVE N AND N 36TH ST,,,2,Injury Collision,Rear Ended,3,0,0,2,2004/02/02 00:00:00+00,2/2/2004,Mid-Block (not related to intersection),14,"MOTOR VEHICLE STRUCK MOTOR VEHICLE, REAR END",,0,Overcast,Dry,Dark - Street Lights On,,4033017.0,,14,From same direction - both going straight - one stopped - rear-end,0,0,N
4383,2,-122.3493106,47.66213444,5209,18629,18629,1782390,Matched,Block,,N 46TH ST BETWEEN FREMONT AVE N AND LINDEN AVE N,,,2,Injury Collision,Other,2,0,0,2,2004/07/13 00:00:00+00,7/13/2004 9:22:00 AM,Driveway Junction,11,"MOTOR VEHICLE STRUCK MOTOR VEHICLE, FRONT END AT ANGLE",Y,0,Clear,Dry,Daylight,,4195017.0,,22,One car leaving driveway access,0,0,N
4384,2,-122.3341832,47.60046507,5210,18829,18829,1777511,Matched,Block,,1ST AVE S BETWEEN S WASHINGTON ST AND S MAIN ST,,,2,Injury Collision,Parked Car,4,2,0,2,2004/05/22 00:00:00+00,5/22/2004 2:28:00 AM,Mid-Block (not related to intersection),16,"MOTOR VEHICLE STRUCK MOTOR VEHICLE, LEFT SIDE SIDESWIPE",,0,Clear,Dry,Dark - Street Lights On,,4143005.0,,32,One parked--one moving,0,0,N
4385,1,-122.3054675,47.66216401,5211,18280,18280,1220458,Matched,Block,,21ST AVE NE BETWEEN NE 45TH ST AND NE 47TH ST,,,1,Property Damage Only Collision,Parked Car,2,0,0,2,2004/09/09 00:00:00+00,9/9/2004,Mid-Block (not related to intersection),16,"MOTOR VEHICLE STRUCK MOTOR VEHICLE, LEFT SIDE SIDESWIPE",,0,Clear,Dry,Dark - Street Lights On,,4253015.0,,32,One parked--one moving,0,0,N
4386,1,-122.32589540000001,47.63824706,5212,18172,18172,1788661,Matched,Intersection,28314.0,EASTLAKE AVE E AND E BOSTON ST,,,1,Property Damage Only Collision,Angles,2,0,0,2,2004/01/23 00:00:00+00,1/23/2004 3:35:00 PM,At Intersection (intersection related),11,"MOTOR VEHICLE STRUCK MOTOR VEHICLE, FRONT END AT ANGLE",,0,Raining,Wet,Daylight,,4023040.0,,10,Entering at angle,0,0,N
4387,1,-122.3599728,47.62459538,5213,18754,18754,C632001,Matched,Block,,W MERCER ST BETWEEN 2ND AVE W AND 3RD AVE W,,,1,Property Damage Only Collision,Rear Ended,2,0,0,2,2004/03/17 00:00:00+00,3/17/2004 7:10:00 AM,Mid-Block (but intersection related),14,"MOTOR VEHICLE STRUCK MOTOR VEHICLE, REAR END",,0,Raining,Wet,Daylight,,4077040.0,,14,From same direction - both going straight - one stopped - rear-end,0,0,N
4388,1,-122.3256433,47.66134675,5215,18286,18286,661946,Matched,Block,,NE 45TH ST BETWEEN THACKERAY PL NE AND LATONA AVE NE,,,1,Property Damage Only Collision,Parked Car,0,0,0,2,2004/01/25 00:00:00+00,1/25/2004 6:30:00 PM,Mid-Block (not related to intersection),11,"MOTOR VEHICLE STRUCK MOTOR VEHICLE, FRONT END AT ANGLE",,0,Clear,Dry,Dark - Street Lights On,,4025012.0,,20,One car leaving parked position,0,0,N
4389,1,-122.3501877,47.61613307,5217,18692,18692,1181390,Matched,Block,,CEDAR ST BETWEEN 1ST AVE AND 2ND AVE,,,1,Property Damage Only Collision,Rear Ended,3,0,0,2,2004/08/24 00:00:00+00,8/24/2004 8:47:00 PM,Mid-Block (not related to intersection),14,"MOTOR VEHICLE STRUCK MOTOR VEHICLE, REAR END",,0,Raining,Wet,Dark - Street Lights On,,4237010.0,,14,From same direction - both going straight - one stopped - rear-end,0,0,N
4390,1,-122.3124834,47.66643204,5218,18524,18524,1776532,Matched,Block,,NE 52ND ST BETWEEN UNIVERSITY WAY NE AND 15TH AVE NE,,,1,Property Damage Only Collision,Other,1,0,0,1,2004/10/02 00:00:00+00,10/2/2004,Mid-Block (not related to intersection),28,MOTOR VEHICLE RAN OFF ROAD - HIT FIXED OBJECT,,1,Clear,Dry,Dark - Street Lights On,,4276006.0,,50,Fixed object,0,0,N
4391,2,-122.38647900000001,47.58299527,5219,19050,19050,1781368,Matched,Intersection,31049.0,CALIFORNIA AVE SW AND SW COLLEGE ST,,,2,Injury Collision,Angles,2,0,0,2,2004/08/21 00:00:00+00,8/21/2004 3:16:00 PM,At Intersection (intersection related),11,"MOTOR VEHICLE STRUCK MOTOR VEHICLE, FRONT END AT ANGLE",,0,Raining,Wet,Daylight,,4234017.0,,10,Entering at angle,0,0,N
4392,1,-122.3477905,47.73322022,5220,18965,18965,1773377,Matched,Block,,LINDEN AVE N BETWEEN N 143RD ST AND N 145TH ST,,,1,Property Damage Only Collision,Parked Car,3,0,0,2,2004/02/06 00:00:00+00,2/6/2004,Mid-Block (but intersection related),14,"MOTOR VEHICLE STRUCK MOTOR VEHICLE, REAR END",,0,Overcast,Sand/Mud/Dirt,Daylight,,4037023.0,Y,32,One parked--one moving,0,0,N
4393,2,-122.3875847,47.6759485,5221,18444,18444,1480705,Matched,Intersection,23943.0,24TH AVE NW AND NW 65TH ST,,,2,Injury Collision,Angles,2,0,0,2,2004/10/02 00:00:00+00,10/2/2004,At Intersection (intersection related),11,"MOTOR VEHICLE STRUCK MOTOR VEHICLE, FRONT END AT ANGLE",,0,Clear,Dry,Dark - Street Lights On,,4276008.0,,10,Entering at angle,0,0,N
4394,2,-122.3207987,47.61523531,5222,18593,18593,1799134,Matched,Intersection,29736.0,BROADWAY AND E PINE ST,,,2,Injury Collision,Pedestrian,2,1,0,1,2004/10/07 00:00:00+00,10/7/2004,At Intersection (intersection related),24,MOTOR VEHCILE STRUCK PEDESTRIAN,,0,Clear,Dry,Daylight,,4281005.0,,0,Vehicle going straight hits pedestrian,0,0,N
4395,1,-122.2978374,47.57793916,5223,17981,17981,1771857,Matched,Block,,RAINIER AVE S BETWEEN S MCCLELLAN ST AND S FOREST ST,,,1,Property Damage Only Collision,Rear Ended,2,0,0,2,2004/05/05 00:00:00+00,5/5/2004,Mid-Block (but intersection related),14,"MOTOR VEHICLE STRUCK MOTOR VEHICLE, REAR END",,0,Clear,Dry,Unknown,,4126010.0,,14,From same direction - both going straight - one stopped - rear-end,0,0,N
4396,2,-122.36303170000001,47.54838526,5225,18793,18793,1788933,Matched,Block,,DELRIDGE WAY SW BETWEEN SW JUNEAU ST AND 24TH AVE SW,,,2,Injury Collision,Rear Ended,5,0,0,2,2004/04/18 00:00:00+00,4/18/2004 10:29:00 AM,Mid-Block (but intersection related),14,"MOTOR VEHICLE STRUCK MOTOR VEHICLE, REAR END",Y,0,Clear,Dry,Daylight,,4109019.0,,13,From same direction - both going straight - both moving - rear-end,0,0,N
4397,2,-122.32851370000002,47.70227194,5227,18134,18134,1780246,Matched,Block,,1ST AVE NE BETWEEN NE 100TH ST AND NE 103RD ST,,,2,Injury Collision,Rear Ended,2,0,0,2,2004/03/09 00:00:00+00,3/9/2004,Mid-Block (not related to intersection),14,"MOTOR VEHICLE STRUCK MOTOR VEHICLE, REAR END",Y,0,Overcast,Dry,Dusk,,4069026.0,,14,From same direction - both going straight - one stopped - rear-end,0,0,N
4398,2,-122.35696979999999,47.63474278,5228,18363,18363,1482511,Matched,Intersection,27842.0,BLAINE ST AND QUEEN ANNE AVE N,,,2,Injury Collision,Cycles,2,0,1,1,2004/07/20 00:00:00+00,7/20/2004 5:53:00 PM,At Intersection (intersection related),18,"MOTOR VEHICLE STRUCK PEDALCYCLIST, FRONT END AT ANGLE",,0,Clear,Dry,Daylight,Y,4202033.0,,45,Vehicle - Pedalcyclist,0,0,N
4399,1,-122.35866100000001,47.62572106,5229,18534,18534,C649643,Matched,Block,,W ROY ST BETWEEN 1ST AVE W AND 2ND AVE W,,,1,Property Damage Only Collision,Other,2,0,0,2,2004/11/24 00:00:00+00,11/24/2004 2:40:00 PM,Driveway Junction,11,"MOTOR VEHICLE STRUCK MOTOR VEHICLE, FRONT END AT ANGLE",,0,Raining,Wet,Daylight,,4329067.0,,22,One car leaving driveway access,0,0,N
4400,1,-122.32835659999999,47.55339267,5230,18610,18610,1781347,Matched,Intersection,33169.0,5TH AVE S AND S LUCILE ST,,,1,Property Damage Only Collision,Right Turn,2,0,0,2,2004/07/19 00:00:00+00,7/19/2004 1:30:00 PM,At Intersection (intersection related),11,"MOTOR VEHICLE STRUCK MOTOR VEHICLE, FRONT END AT ANGLE",,0,Clear,Dry,Daylight,,4201026.0,,16,From same direction - one right turn - one straight,0,0,N
4401,2,-122.3351293,47.60515932,5231,18417,18417,1783788,Matched,Intersection,29614.0,2ND AVE AND MADISON ST,,,2,Injury Collision,Angles,5,0,0,2,2004/08/10 00:00:00+00,8/10/2004 10:08:00 PM,At Intersection (intersection related),11,"MOTOR VEHICLE STRUCK MOTOR VEHICLE, FRONT END AT ANGLE",,0,Clear,Dry,Dark - Street Lights On,,4223015.0,,10,Entering at angle,0,0,N
4402,1,-122.3942263,47.65135904,5232,18297,18297,1213476,Matched,Intersection,26565.0,29TH AVE W AND W GROVER ST,,,1,Property Damage Only Collision,Angles,3,0,0,2,2004/02/18 00:00:00+00,2/18/2004 12:30:00 PM,At Intersection (intersection related),11,"MOTOR VEHICLE STRUCK MOTOR VEHICLE, FRONT END AT ANGLE",,0,Clear,Dry,Daylight,,4049006.0,Y,10,Entering at angle,0,0,N
4403,1,-122.3367605,47.60694242,5233,19026,19026,1316818,Matched,Block,,2ND AVE BETWEEN SENECA ST AND UNIVERSITY ST,,,1,Property Damage Only Collision,Other,1,0,0,1,2004/01/27 00:00:00+00,1/27/2004 6:00:00 AM,Mid-Block (not related to intersection),28,MOTOR VEHICLE RAN OFF ROAD - HIT FIXED OBJECT,,0,Clear,Dry,Dark - Street Lights On,,4027026.0,,50,Fixed object,0,0,N