,SEVERITYCODE,X,Y,OBJECTID,INCKEY,COLDETKEY,REPORTNO,STATUS,ADDRTYPE,INTKEY,LOCATION,EXCEPTRSNCODE,EXCEPTRSNDESC,SEVERITYCODE.1,SEVERITYDESC,COLLISIONTYPE,PERSONCOUNT,PEDCOUNT,PEDCYLCOUNT,VEHCOUNT,INCDATE,INCDTTM,JUNCTIONTYPE,SDOT_COLCODE,SDOT_COLDESC,INATTENTIONIND,UNDERINFL,WEATHER,ROADCOND,LIGHTCOND,PEDROWNOTGRNT,SDOTCOLNUM,SPEEDING,ST_COLCODE,ST_COLDESC,SEGLANEKEY,CROSSWALKKEY,HITPARKEDCAR
4404,1,-122.2998626,47.54393349,5234,18566,18566,1793528,Matched,Block,,BEACON WR AVE S BETWEEN S MORGAN S ST AND S WARSAW ST,,,1,Property Damage Only Collision,Parked Car,2,0,0,2,2004/08/15 00:00:00+00,8/15/2004 1:25:00 AM,Mid-Block (not related to intersection),14,"MOTOR VEHICLE STRUCK MOTOR VEHICLE, REAR END",,0,Clear,Dry,Dark - Street Lights On,,4228019.0,,32,One parked--one moving,0,0,N
4405,1,-122.29319369999999,47.72289907,5235,18476,18476,1227972,Matched,Intersection,36052.0,LAKE CITY WAY NE AND NE 130TH ST,,,1,Property Damage Only Collision,Angles,2,0,0,2,2004/07/10 00:00:00+00,7/10/2004 7:08:00 PM,At Intersection (intersection related),11,"MOTOR VEHICLE STRUCK MOTOR VEHICLE, FRONT END AT ANGLE",Y,0,Clear,Dry,Daylight,,4192015.0,,10,Entering at angle,0,0,N
4406,1,-122.37613229999998,47.50280683,5236,18347,18347,1789204,Matched,Intersection,38044.0,35TH AVE SW AND SW 112TH ST,,,1,Property Damage Only Collision,Angles,3,0,0,2,2004/02/03 00:00:00+00,2/3/2004,At Intersection (intersection related),11,"MOTOR VEHICLE STRUCK MOTOR VEHICLE, FRONT END AT ANGLE",,0,Clear,Dry,Daylight,,4034017.0,,10,Entering at angle,0,0,N
4407,1,-122.3475837,47.57144716,5237,19091,19091,1333989,Matched,Block,,SW SPOKANE ST BETWEEN SW KLICKITAT SR WAY AND 11TH CR AVE SW,,,1,Property Damage Only Collision,Other,3,0,0,1,2004/01/23 00:00:00+00,1/23/2004 5:00:00 AM,Mid-Block (not related to intersection),28,MOTOR VEHICLE RAN OFF ROAD - HIT FIXED OBJECT,Y,0,Raining,Wet,Dark - Street Lights On,,4023034.0,,50,Fixed object,0,0,N
4408,1,-122.31157479999999,47.60000588,5239,18978,18978,1074771,Matched,Intersection,30740.0,16TH AVE S AND S MAIN ST,,,1,Property Damage Only Collision,Angles,2,0,0,2,2004/04/04 00:00:00+00,4/4/2004,At Intersection (intersection related),11,"MOTOR VEHICLE STRUCK MOTOR VEHICLE, FRONT END AT ANGLE",,0,Clear,Dry,Daylight,,4095014.0,,10,Entering at angle,0,0,N
4409,2,-122.3324513,47.60726631,5241,18177,18177,1334400,Matched,Intersection,29933.0,5TH AVE AND SPRING ST,,,2,Injury Collision,Pedestrian,2,1,0,1,2004/03/11 00:00:00+00,3/11/2004 12:54:00 PM,At Intersection (intersection related),24,MOTOR VEHCILE STRUCK PEDESTRIAN,,0,Clear,Dry,Daylight,Y,4071035.0,,2,Vehicle turning left hits pedestrian,0,0,N
4410,1,-122.33310390000001,47.60797946,5242,17987,17987,1783852,Matched,Intersection,29929.0,5TH AVE AND SENECA ST,,,1,Property Damage Only Collision,Pedestrian,2,1,0,1,2004/08/09 00:00:00+00,8/9/2004,At Intersection (intersection related),24,MOTOR VEHCILE STRUCK PEDESTRIAN,,0,Clear,Dry,Daylight,,4222024.0,,0,Vehicle going straight hits pedestrian,0,0,N
4411,2,-122.3062143,47.5944945,5243,18288,18288,1477721,Matched,Intersection,30790.0,20TH AVE S AND S CHARLES ST,,,2,Injury Collision,Angles,3,0,0,2,2004/03/05 00:00:00+00,3/5/2004,At Intersection (intersection related),11,"MOTOR VEHICLE STRUCK MOTOR VEHICLE, FRONT END AT ANGLE",,0,Overcast,Wet,Daylight,,4065030.0,,10,Entering at angle,0,0,N
4412,1,-122.2851578,47.68304307,5244,18578,18578,1773965,Matched,Intersection,24926.0,40TH AVE NE AND NE 75TH ST,,,1,Property Damage Only Collision,Sideswipe,2,0,0,2,2004/05/11 00:00:00+00,5/11/2004 1:57:00 PM,At Intersection (intersection related),16,"MOTOR VEHICLE STRUCK MOTOR VEHICLE, LEFT SIDE SIDESWIPE",,0,Clear,Dry,Daylight,,4132007.0,,71,Same direction -- both turning right -- both moving -- sideswipe,0,0,N
4413,1,-122.30363490000002,47.61931523,5246,18234,18234,1472420,Matched,Block,,22ND AVE E BETWEEN E MADISON ST AND E JOHN ST,,,1,Property Damage Only Collision,Parked Car,3,0,0,3,2004/07/01 00:00:00+00,7/1/2004,Mid-Block (not related to intersection),16,"MOTOR VEHICLE STRUCK MOTOR VEHICLE, LEFT SIDE SIDESWIPE",,1,Clear,Dry,Daylight,,4183004.0,,32,One parked--one moving,0,0,N
4414,2,-122.3141653,47.60619196,5248,18626,18626,1772501,Matched,Intersection,29805.0,14TH AVE AND E JEFFERSON ST,,,2,Injury Collision,Angles,4,0,0,2,2004/05/13 00:00:00+00,5/13/2004 2:31:00 PM,At Intersection (intersection related),11,"MOTOR VEHICLE STRUCK MOTOR VEHICLE, FRONT END AT ANGLE",,0,Clear,Dry,Daylight,,4134005.0,,10,Entering at angle,0,0,N
4415,1,-122.3397406,47.62454416,5249,18664,18664,1482529,Matched,Intersection,28765.0,9TH AVE N AND MERCER SR ST,,,1,Property Damage Only Collision,Left Turn,4,0,0,2,2004/04/23 00:00:00+00,4/23/2004 12:09:00 AM,At Intersection (intersection related),11,"MOTOR VEHICLE STRUCK MOTOR VEHICLE, FRONT END AT ANGLE",,0,Clear,Dry,Dark - Street Lights On,,4114002.0,,15,From same direction - one left turn - one straight,0,0,N
4416,1,-122.33224409999998,47.61207057,5250,18867,18867,1777520,Matched,Intersection,29893.0,8TH AVE AND PIKE ST,,,1,Property Damage Only Collision,Right Turn,4,0,0,2,2004/06/12 00:00:00+00,6/12/2004 3:51:00 PM,At Intersection (intersection related),14,"MOTOR VEHICLE STRUCK MOTOR VEHICLE, REAR END",,0,Overcast,Dry,Daylight,,4164041.0,,16,From same direction - one right turn - one straight,0,0,N
4417,1,-122.32803179999999,47.57151955,5251,18030,18030,1790206,Matched,Block,,WEST SEATTLE BR EB BETWEEN W SEATTLE BR - I5 SB RP AND W SEA BR EB 4 AV OFF RP,,,1,Property Damage Only Collision,Rear Ended,2,0,0,2,2004/07/10 00:00:00+00,7/10/2004 3:14:00 PM,Mid-Block (not related to intersection),14,"MOTOR VEHICLE STRUCK MOTOR VEHICLE, REAR END",Y,0,Raining,Wet,Daylight,,4192014.0,,14,From same direction - both going straight - one stopped - rear-end,0,0,N
4418,2,-122.2932403,47.56080845,5253,18249,18249,1773331,Matched,Intersection,484891.0,M L KING JR ER WAY S AND S ALASKA ST,,,2,Injury Collision,Angles,2,0,0,2,2004/11/23 00:00:00+00,11/23/2004 2:28:00 PM,At Intersection (intersection related),11,"MOTOR VEHICLE STRUCK MOTOR VEHICLE, FRONT END AT ANGLE",,0,Raining,Wet,Daylight,,4328002.0,,10,Entering at angle,0,0,N
4419,1,-122.3130624,47.66566826,5254,17870,17870,1778667,Matched,Block,,UNIVERSITY WAY NE BETWEEN NE 50TH ST AND NE 52ND ST,,,1,Property Damage Only Collision,Parked Car,2,0,0,2,2004/04/22 00:00:00+00,4/22/2004 5:40:00 PM,Mid-Block (not related to intersection),11,"MOTOR VEHICLE STRUCK MOTOR VEHICLE, FRONT END AT ANGLE",,0,Clear,Dry,Daylight,,4113019.0,,32,One parked--one moving,0,0,N
4420,1,-122.2788815,47.51516103,5255,18794,18794,1772951,Matched,Block,,M L KING JR ER WAY S BETWEEN MERTON WAY S AND S NORFOLK ST,,,1,Property Damage Only Collision,Other,6,0,0,2,2004/07/07 00:00:00+00,7/7/2004,Driveway Junction,14,"MOTOR VEHICLE STRUCK MOTOR VEHICLE, REAR END",,0,Clear,Dry,Daylight,,4189007.0,,21,One car entering driveway access,0,0,N
4421,1,,,5256,18699,18699,1794962,Matched,,,,NEI,"Not Enough Information, or Insufficient Location Information",1,Property Damage Only Collision,Parked Car,2,0,0,2,2004/11/19 00:00:00+00,11/19/2004 5:30:00 PM,Mid-Block (but intersection related),13,"MOTOR VEHICLE STRUCK MOTOR VEHICLE, LEFT SIDE AT ANGLE",,0,Unknown,Unknown,Daylight,,4324013.0,,32,One parked--one moving,0,0,N
4422,1,-122.33428799999999,47.62469378,5257,18228,18228,1798906,Matched,Intersection,28760.0,FAIRVIEW AVE N AND MERCER ST,,,1,Property Damage Only Collision,Pedestrian,2,1,0,1,2004/08/22 00:00:00+00,8/22/2004 7:30:00 AM,At Intersection (intersection related),24,MOTOR VEHCILE STRUCK PEDESTRIAN,,0,Raining,Wet,Unknown,,4235011.0,,0,Vehicle going straight hits pedestrian,0,0,N
4423,2,-122.302222,47.5955707,5258,18332,18332,1789996,Matched,Intersection,30786.0,23RD AVE S AND S DEARBORN ST,,,2,Injury Collision,Left Turn,3,0,0,2,2004/04/24 00:00:00+00,4/24/2004 2:03:00 PM,At Intersection (intersection related),11,"MOTOR VEHICLE STRUCK MOTOR VEHICLE, FRONT END AT ANGLE",,0,Clear,Dry,Daylight,,4115007.0,,28,From opposite direction - one left turn - one straight,0,0,N
4424,2,-122.34367979999999,47.621477,5260,18661,18661,1073633,Matched,Block,,7TH AVE N BETWEEN THOMAS ST AND HARRISON ST,,,2,Injury Collision,Rear Ended,2,0,0,2,2004/01/05 00:00:00+00,1/5/2004,Mid-Block (not related to intersection),14,"MOTOR VEHICLE STRUCK MOTOR VEHICLE, REAR END",Y,0,Clear,Dry,Dusk,,4005010.0,,14,From same direction - both going straight - one stopped - rear-end,0,0,N
4425,1,-122.2929898,47.62719136,5262,19031,19031,1779095,Matched,Block,,LAKE WASHINGTON BLVD E BETWEEN E MADISON ST AND ARBORETUM DR E,,,1,Property Damage Only Collision,Parked Car,2,0,0,2,2004/10/09 00:00:00+00,10/9/2004,Mid-Block (not related to intersection),14,"MOTOR VEHICLE STRUCK MOTOR VEHICLE, REAR END",,0,Unknown,Unknown,Daylight,,4283049.0,,32,One parked--one moving,0,0,N
4426,1,-122.3604696,47.52648847,5263,18473,18473,1481174,Matched,Intersection,34850.0,DELRIDGE WAY SW AND SW CLOVERDALE ST,,,1,Property Damage Only Collision,Angles,3,0,0,2,2004/05/14 00:00:00+00,5/14/2004 6:06:00 PM,At Intersection (intersection related),11,"MOTOR VEHICLE STRUCK MOTOR VEHICLE, FRONT END AT ANGLE",,0,Clear,Dry,Daylight,,4135017.0,,10,Entering at angle,0,0,N
4427,1,-122.37835290000001,47.67599586,5264,18062,18062,1220483,Matched,Block,,NW 65TH ST BETWEEN 16TH AVE NW AND 17TH AVE NW,,,1,Property Damage Only Collision,Parked Car,2,0,0,2,2004/09/14 00:00:00+00,9/14/2004 6:59:00 AM,Mid-Block (not related to intersection),14,"MOTOR VEHICLE STRUCK MOTOR VEHICLE, REAR END",,0,Unknown,Unknown,Unknown,,4258019.0,,32,One parked--one moving,0,0,N
4428,1,-122.3159256,47.59623987,5265,18791,18791,1788831,Matched,Block,,13TH AVE S BETWEEN S LANE ST AND S DEARBORN ST,,,1,Property Damage Only Collision,Parked Car,2,0,0,2,2004/02/16 00:00:00+00,2/16/2004 12:00:00 PM,Driveway Junction,11,"MOTOR VEHICLE STRUCK MOTOR VEHICLE, FRONT END AT ANGLE",,0,Raining,Wet,Daylight,,4047005.0,,32,One parked--one moving,0,0,N
4429,1,-122.33865120000002,47.60733158,5266,18540,18540,1777162,Matched,Block,,1ST AVE BETWEEN UNIVERSITY ST AND UNION ST,,,1,Property Damage Only Collision,Sideswipe,2,0,0,2,2004/06/06 00:00:00+00,6/6/2004,Mid-Block (not related to intersection),16,"MOTOR VEHICLE STRUCK MOTOR VEHICLE, LEFT SIDE SIDESWIPE",,0,Overcast,Dry,Daylight,,4158036.0,,12,From same direction - both going straight - one stopped - sideswipe,0,0,N
4430,1,-122.3257916,47.61005181,5267,18079,18079,1799026,Matched,Intersection,29906.0,BOREN AVE AND SPRING ST,,,1,Property Damage Only Collision,Rear Ended,2,0,0,2,2004/09/10 00:00:00+00,9/10/2004 8:07:00 AM,At Intersection (intersection related),14,"MOTOR VEHICLE STRUCK MOTOR VEHICLE, REAR END",,0,Clear,Dry,Daylight,,4254028.0,,14,From same direction - both going straight - one stopped - rear-end,0,0,N
4431,2,-122.2915939,47.60450585,5271,18880,18880,1326988,Matched,Intersection,30092.0,32ND AVE AND E ALDER N ST,,,2,Injury Collision,Cycles,2,0,1,1,2004/05/14 00:00:00+00,5/14/2004 7:43:00 PM,At Intersection (intersection related),18,"MOTOR VEHICLE STRUCK PEDALCYCLIST, FRONT END AT ANGLE",,0,Clear,Dry,Daylight,,4135042.0,,45,Vehicle - Pedalcyclist,0,0,N
4432,1,-122.28881609999999,47.57376736,5272,18857,18857,1773258,Matched,Intersection,32631.0,35TH AVE S AND S HORTON ST,,,1,Property Damage Only Collision,Angles,2,0,0,2,2004/10/30 00:00:00+00,10/30/2004 2:14:00 PM,At Intersection (intersection related),11,"MOTOR VEHICLE STRUCK MOTOR VEHICLE, FRONT END AT ANGLE",,0,Clear,Dry,Daylight,,4304024.0,,10,Entering at angle,0,0,N
4433,1,-122.31545759999999,47.60805331,5273,18380,18380,1790122,Matched,Intersection,29794.0,13TH AVE AND E CHERRY ST,,,1,Property Damage Only Collision,Angles,4,0,0,2,2004/04/10 00:00:00+00,4/10/2004 4:41:00 PM,At Intersection (intersection related),11,"MOTOR VEHICLE STRUCK MOTOR VEHICLE, FRONT END AT ANGLE",,0,Clear,Dry,Daylight,,4101012.0,,10,Entering at angle,0,0,N
4434,2,-122.27651509999998,47.52378124,5274,18058,18058,1771759,Matched,Block,,RENTON AVE S BETWEEN S TRENTON ST AND S HENDERSON ST,,,2,Injury Collision,Head On,3,0,0,2,2004/08/27 00:00:00+00,8/27/2004 8:39:00 AM,Mid-Block (not related to intersection),11,"MOTOR VEHICLE STRUCK MOTOR VEHICLE, FRONT END AT ANGLE",,0,Overcast,Dry,Daylight,,4240010.0,,30,From opposite direction - all others,0,0,N
4435,1,-122.2915544,47.55492466,5275,19090,19090,1325995,Matched,Block,,32ND AVE S BETWEEN S DAWSON ST AND S BENNETT ST,,,1,Property Damage Only Collision,Parked Car,3,0,0,3,2004/05/01 00:00:00+00,5/1/2004,Mid-Block (not related to intersection),14,"MOTOR VEHICLE STRUCK MOTOR VEHICLE, REAR END",,0,Clear,Dry,Dark - No Street Lights,,4122006.0,,32,One parked--one moving,0,0,N
4436,2,-122.3425346,47.64096165,5276,18632,18632,1214077,Matched,Block,,WESTLAKE AVE N BETWEEN MCGRAW ST AND HALLADAY ST,,,2,Injury Collision,Rear Ended,2,0,0,2,2004/05/19 00:00:00+00,5/19/2004 9:57:00 AM,Mid-Block (not related to intersection),14,"MOTOR VEHICLE STRUCK MOTOR VEHICLE, REAR END",Y,0,Clear,Dry,Daylight,,4140011.0,,14,From same direction - both going straight - one stopped - rear-end,0,0,N
4437,1,-122.35870600000001,47.61940404,5277,18536,18536,535310,Matched,Block,,WESTERN AVE W BETWEEN 1ST AVE W AND 2ND AVE W,,,1,Property Damage Only Collision,Parked Car,0,0,0,2,2004/02/14 00:00:00+00,2/14/2004 2:14:00 AM,Mid-Block (not related to intersection),14,"MOTOR VEHICLE STRUCK MOTOR VEHICLE, REAR END",Y,0,Raining,Wet,Dark - Street Lights On,,4045037.0,,32,One parked--one moving,0,0,N
4438,1,-122.3288338,47.67833485,5278,18245,18245,1204696,Matched,Block,,EAST GREEN LAKE WAY N BETWEEN SUNNYSIDE AVE N AND 1ST AVE NE,,,1,Property Damage Only Collision,Rear Ended,4,0,0,3,2004/04/02 00:00:00+00,4/2/2004,Mid-Block (but intersection related),14,"MOTOR VEHICLE STRUCK MOTOR VEHICLE, REAR END",,0,Clear,Dry,Daylight,,4093030.0,,14,From same direction - both going straight - one stopped - rear-end,0,0,N
4439,1,-122.30893629999998,47.60709669,5279,18209,18209,1786868,Matched,Block,,18TH AVE BETWEEN E JEFFERSON ST AND E CHERRY ST,,,1,Property Damage Only Collision,Parked Car,2,0,0,2,2004/07/22 00:00:00+00,7/22/2004 11:48:00 AM,Mid-Block (not related to intersection),0,NOT ENOUGH INFORMATION / NOT APPLICABLE,,0,Clear,Dry,Daylight,,4204039.0,,32,One parked--one moving,0,0,N
4440,2,-122.29633989999999,47.7174074,5280,19111,19111,1080251,Matched,Intersection,36612.0,LAKE CITY WAY NE AND NE 123RD ST,,,2,Injury Collision,Left Turn,2,0,0,2,2004/06/25 00:00:00+00,6/25/2004 11:40:00 PM,At Intersection (intersection related),11,"MOTOR VEHICLE STRUCK MOTOR VEHICLE, FRONT END AT ANGLE",,1,Clear,Dry,Dark - Street Lights On,,4177016.0,,28,From opposite direction - one left turn - one straight,0,0,N
4441,2,-122.35157360000001,47.71596294,5281,18842,18842,1220511,Matched,Intersection,36374.0,EVANSTON AVE N AND N 120TH ST,,,2,Injury Collision,Angles,3,0,0,2,2004/09/23 00:00:00+00,9/23/2004 5:33:00 PM,At Intersection (intersection related),11,"MOTOR VEHICLE STRUCK MOTOR VEHICLE, FRONT END AT ANGLE",,0,Clear,Dry,Daylight,,4267043.0,,10,Entering at angle,0,0,N
4442,2,-122.3200798,47.6372518,5283,18467,18467,1786942,Matched,Intersection,28258.0,10TH AVE E AND E NEWTON ST,,,2,Injury Collision,Cycles,2,0,1,1,2004/01/11 00:00:00+00,1/11/2004 3:51:00 PM,At Intersection (intersection related),18,"MOTOR VEHICLE STRUCK PEDALCYCLIST, FRONT END AT ANGLE",,0,Clear,Dry,Daylight,Y,4011003.0,,45,Vehicle - Pedalcyclist,0,0,N
4443,1,-122.3872007,47.58118763,5284,18530,18530,1790421,Matched,Block,,SW ADMIRAL WAY BETWEEN CALIFORNIA AVE SW AND 44TH AVE SW,,,1,Property Damage Only Collision,Other,2,0,0,2,2004/09/21 00:00:00+00,9/21/2004 2:57:00 PM,Mid-Block (but intersection related),11,"MOTOR VEHICLE STRUCK MOTOR VEHICLE, FRONT END AT ANGLE",,0,Clear,Dry,Daylight,,4265023.0,,23,From same direction - all others,0,0,N
4444,1,-122.300619,47.66852575,5287,18156,18156,1782767,Matched,Intersection,25939.0,25TH AVE NE AND NE 55TH ST,,,1,Property Damage Only Collision,Left Turn,3,0,0,2,2004/07/08 00:00:00+00,7/8/2004,At Intersection (intersection related),11,"MOTOR VEHICLE STRUCK MOTOR VEHICLE, FRONT END AT ANGLE",,0,Other,Dry,Daylight,,4190003.0,,28,From opposite direction - one left turn - one straight,0,0,N
4445,1,-122.3542243,47.61558794,5288,18876,18876,C649679,Matched,Intersection,29680.0,BROAD ST AND ELLIOTT AVE,,,1,Property Damage Only Collision,Angles,2,0,0,2,2004/11/29 00:00:00+00,11/29/2004 9:10:00 AM,At Intersection (intersection related),11,"MOTOR VEHICLE STRUCK MOTOR VEHICLE, FRONT END AT ANGLE",,0,Overcast,Dry,Daylight,,4334040.0,,10,Entering at angle,0,0,N
4446,2,-122.3351293,47.60515932,5289,19008,19008,1213764,Matched,Intersection,29614.0,2ND AVE AND MADISON ST,,,2,Injury Collision,Angles,3,0,0,2,2004/03/28 00:00:00+00,3/28/2004 3:01:00 PM,At Intersection (intersection related),11,"MOTOR VEHICLE STRUCK MOTOR VEHICLE, FRONT END AT ANGLE",,0,Clear,Dry,Daylight,,4088027.0,,10,Entering at angle,0,0,N
4447,1,-122.34467340000002,47.64157906,5290,18503,18503,1777560,Matched,Block,,DEXTER AVE N BETWEEN WHEELER ST AND HALLADAY ST,,,1,Property Damage Only Collision,Other,3,0,0,2,2004/07/20 00:00:00+00,7/20/2004 2:28:00 PM,Driveway Junction,11,"MOTOR VEHICLE STRUCK MOTOR VEHICLE, FRONT END AT ANGLE",,0,Clear,Dry,Daylight,,4202041.0,,21,One car entering driveway access,0,0,N
4448,2,-122.32954129999999,47.55452043,5291,18345,18345,1789056,Matched,Block,,4TH AVE S BETWEEN S BENNETT ST AND S BRANDON ST,,,2,Injury Collision,Rear Ended,3,0,0,2,2004/01/09 00:00:00+00,1/9/2004,Mid-Block (but intersection related),14,"MOTOR VEHICLE STRUCK MOTOR VEHICLE, REAR END",Y,0,Overcast,Wet,Daylight,,4009017.0,,13,From same direction - both going straight - both moving - rear-end,0,0,N
4449,1,-122.3153176,47.59833442,5292,19087,19087,1216982,Matched,Block,,S KING ST BETWEEN 12TH AVE S AND RAINIER AVE S,,,1,Property Damage Only Collision,Parked Car,2,0,0,2,2004/11/26 00:00:00+00,11/26/2004 3:30:00 PM,Mid-Block (not related to intersection),14,"MOTOR VEHICLE STRUCK MOTOR VEHICLE, REAR END",,0,Overcast,Dry,Daylight,,4331027.0,,32,One parked--one moving,0,0,N
4450,2,-122.3122232,47.60168456,5296,18036,18036,1216731,Matched,Block,,E YESLER WAY BETWEEN 15TH AVE AND 16TH AVE,,,2,Injury Collision,Parked Car,2,0,0,2,2004/06/27 00:00:00+00,6/27/2004 3:27:00 AM,Mid-Block (not related to intersection),14,"MOTOR VEHICLE STRUCK MOTOR VEHICLE, REAR END",,1,Clear,Dry,Dark - Street Lights On,,4179038.0,,32,One parked--one moving,0,0,N
4451,1,-122.30625959999999,47.54557493,5297,18608,18608,1771705,Matched,Block,,SWIFT AVE S BETWEEN SWIFT AV OFF RP AND S EDDY ST,,,1,Property Damage Only Collision,Rear Ended,2,0,0,2,2004/03/25 00:00:00+00,3/25/2004 4:30:00 PM,Mid-Block (but intersection related),14,"MOTOR VEHICLE STRUCK MOTOR VEHICLE, REAR END",,0,Raining,Wet,Daylight,,4085029.0,,13,From same direction - both going straight - both moving - rear-end,0,0,N
4452,1,-122.4009926,47.64004088,5298,18261,18261,1776184,Matched,Block,,34TH AVE W BETWEEN W MCGRAW ST AND W SMITH S ST,,,1,Property Damage Only Collision,Parked Car,2,0,0,2,2004/03/12 00:00:00+00,3/12/2004 7:57:00 PM,Mid-Block (not related to intersection),11,"MOTOR VEHICLE STRUCK MOTOR VEHICLE, FRONT END AT ANGLE",,0,Clear,Dry,Dark - Street Lights On,,4072001.0,,32,One parked--one moving,0,0,N
4453,1,-122.34889799999999,47.6171311,5299,18432,18432,1214130,Matched,Intersection,29669.0,3RD AVE AND CEDAR ST,,,1,Property Damage Only Collision,Angles,5,0,0,2,2004/05/26 00:00:00+00,5/26/2004 12:14:00 AM,At Intersection (intersection related),11,"MOTOR VEHICLE STRUCK MOTOR VEHICLE, FRONT END AT ANGLE",,0,Clear,Wet,Dark - Street Lights On,,4147005.0,,10,Entering at angle,0,0,N
4454,1,-122.3395594,47.60832456,5300,19013,19013,1334023,Matched,Block,,1ST AVE BETWEEN UNION ST AND PIKE ST,,,1,Property Damage Only Collision,Sideswipe,3,0,0,2,2004/10/24 00:00:00+00,10/24/2004 3:10:00 AM,Mid-Block (not related to intersection),16,"MOTOR VEHICLE STRUCK MOTOR VEHICLE, LEFT SIDE SIDESWIPE",,0,Clear,Dry,Dark - Street Lights On,,4298031.0,,11,From same direction - both going straight - both moving - sideswipe,0,0,N
4455,1,-122.36290490000002,47.71418885,5301,18998,18998,1780840,Matched,Block,,NW 117TH ST BETWEEN 4TH AVE NW AND 6TH AVE NW,,,1,Property Damage Only Collision,Parked Car,2,0,0,2,2004/08/06 00:00:00+00,8/6/2004,Mid-Block (but intersection related),28,MOTOR VEHICLE RAN OFF ROAD - HIT FIXED OBJECT,,1,Overcast,Wet,Daylight,,4219007.0,,32,One parked--one moving,0,0,N
4456,1,-122.29625359999999,47.59863202,5302,18368,18368,1789513,Matched,Block,,28TH AVE S BETWEEN S JACKSON ST AND S KING ST,,,1,Property Damage Only Collision,Parked Car,2,0,0,2,2004/02/11 00:00:00+00,2/11/2004 6:30:00 PM,Mid-Block (not related to intersection),14,"MOTOR VEHICLE STRUCK MOTOR VEHICLE, REAR END",,0,Clear,Dry,Dark - Street Lights On,,4042025.0,,32,One parked--one moving,0,0,N
4457,1,-122.37888190000001,47.67272766,5305,18973,18973,1773835,Matched,Block,,17TH AVE NW BETWEEN NW 60TH ST AND NW 61ST ST,,,1,Property Damage Only Collision,Parked Car,2,0,0,2,2004/03/11 00:00:00+00,3/11/2004 2:30:00 PM,Mid-Block (not related to intersection),14,"MOTOR VEHICLE STRUCK MOTOR VEHICLE, REAR END",,0,Unknown,Unknown,Daylight,,4071001.0,,32,One parked--one moving,0,0,N
4458,2,-122.34068300000001,47.61344689,5306,18722,18722,1482775,Matched,Block,,4TH AVE BETWEEN VIRGINIA ST AND LENORA ST,,,2,Injury Collision,Pedestrian,2,1,0,1,2004/09/20 00:00:00+00,9/20/2004 4:00:00 PM,Driveway Junction,24,MOTOR VEHCILE STRUCK PEDESTRIAN,,0,Clear,Dry,Daylight,Y,4264028.0,,1,Vehicle turning right hits pedestrian,0,0,N
4459,2,-122.3445693,47.6945466,5307,18454,18454,1781813,Matched,Block,,AURORA AVE N BETWEEN N 90TH ST AND N 91ST ST,,,2,Injury Collision,Rear Ended,4,0,0,3,2004/07/30 00:00:00+00,7/30/2004 1:30:00 PM,Mid-Block (not related to intersection),14,"MOTOR VEHICLE STRUCK MOTOR VEHICLE, REAR END",Y,0,Clear,Dry,Daylight,,4212039.0,,14,From same direction - both going straight - one stopped - rear-end,0,0,N
4460,1,-122.3239041,47.55262687,5309,18250,18250,1789023,Matched,Intersection,33105.0,7TH AVE S AND S FINDLAY ST,,,1,Property Damage Only Collision,Right Turn,2,0,0,2,2004/01/27 00:00:00+00,1/27/2004 6:30:00 PM,At Intersection (intersection related),11,"MOTOR VEHICLE STRUCK MOTOR VEHICLE, FRONT END AT ANGLE",,1,Clear,Dry,Dark - Street Lights On,,4027022.0,,16,From same direction - one right turn - one straight,0,0,N
4461,2,-122.31264209999999,47.62208838,5310,17863,17863,1799147,Matched,Intersection,29033.0,15TH AVE E AND E HARRISON N ST,,,2,Injury Collision,Pedestrian,2,1,0,1,2004/10/14 00:00:00+00,10/14/2004 3:54:00 PM,At Intersection (intersection related),24,MOTOR VEHCILE STRUCK PEDESTRIAN,,0,Clear,Dry,Daylight,,4288022.0,,2,Vehicle turning left hits pedestrian,0,0,N
4462,1,-122.3046668,47.68304716,5312,18698,18698,1794826,Matched,Block,,NE 75TH ST BETWEEN 21ST AVE NE AND RAVENNA AVE NE,,,1,Property Damage Only Collision,Rear Ended,2,0,0,2,2004/09/16 00:00:00+00,9/16/2004 4:51:00 PM,Mid-Block (not related to intersection),14,"MOTOR VEHICLE STRUCK MOTOR VEHICLE, REAR END",,0,Raining,Wet,Daylight,,4260032.0,,13,From same direction - both going straight - both moving - rear-end,0,0,N
4463,1,-122.3363382,47.64919566,5314,18455,18455,1781917,Matched,Intersection,26903.0,WALLINGFORD AVE N AND N 35TH ST,,,1,Property Damage Only Collision,Angles,2,0,0,2,2004/08/21 00:00:00+00,8/21/2004 4:55:00 PM,At Intersection (intersection related),11,"MOTOR VEHICLE STRUCK MOTOR VEHICLE, FRONT END AT ANGLE",,0,Raining,Wet,Daylight,,4234028.0,,10,Entering at angle,0,0,N
4464,1,-122.32173700000001,47.59918458,5315,18769,18769,1069339,Matched,Block,,S JACKSON ST BETWEEN 8TH AVE S AND 9TH AVE S,,,1,Property Damage Only Collision,Rear Ended,2,0,0,2,2004/11/16 00:00:00+00,11/16/2004 4:09:00 PM,Mid-Block (not related to intersection),14,"MOTOR VEHICLE STRUCK MOTOR VEHICLE, REAR END",Y,0,Clear,Wet,Dusk,,4321009.0,,14,From same direction - both going straight - one stopped - rear-end,0,0,N