,SEVERITYCODE,X,Y,OBJECTID,INCKEY,COLDETKEY,REPORTNO,STATUS,ADDRTYPE,INTKEY,LOCATION,EXCEPTRSNCODE,EXCEPTRSNDESC,SEVERITYCODE.1,SEVERITYDESC,COLLISIONTYPE,PERSONCOUNT,PEDCOUNT,PEDCYLCOUNT,VEHCOUNT,INCDATE,INCDTTM,JUNCTIONTYPE,SDOT_COLCODE,SDOT_COLDESC,INATTENTIONIND,UNDERINFL,WEATHER,ROADCOND,LIGHTCOND,PEDROWNOTGRNT,SDOTCOLNUM,SPEEDING,ST_COLCODE,ST_COLDESC,SEGLANEKEY,CROSSWALKKEY,HITPARKEDCAR
4465,2,-122.26835030000001,47.56641242,5318,18885,18885,1334213,Matched,Block,,LAKE WASHINGTON BLVD S BETWEEN 51ST AVE S AND S ADAMS ST,,,2,Injury Collision,Other,2,0,0,2,2004/04/24 00:00:00+00,4/24/2004 4:10:00 PM,Driveway Junction,11,"MOTOR VEHICLE STRUCK MOTOR VEHICLE, FRONT END AT ANGLE",,0,Clear,Dry,Daylight,,4115023.0,,22,One car leaving driveway access,0,0,N
4466,2,-122.34021609999998,47.60736381,5320,18102,18102,1182090,Matched,Intersection,29606.0,UNION ST AND WESTERN AVE,,,2,Injury Collision,Pedestrian,2,1,0,1,2004/11/18 00:00:00+00,11/18/2004 12:25:00 PM,At Intersection (intersection related),24,MOTOR VEHCILE STRUCK PEDESTRIAN,,0,Overcast,Dry,Daylight,Y,4323029.0,,0,Vehicle going straight hits pedestrian,0,0,N
4467,2,-122.31075120000001,47.66944449,5321,18064,18064,1778750,Matched,Intersection,26011.0,16TH AVE NE AND NE 56TH ST,,,2,Injury Collision,Angles,2,0,0,2,2004/05/29 00:00:00+00,5/29/2004 10:16:00 AM,At Intersection (intersection related),11,"MOTOR VEHICLE STRUCK MOTOR VEHICLE, FRONT END AT ANGLE",,0,Clear,Dry,Daylight,,4150019.0,,10,Entering at angle,0,0,N
4468,1,-122.34731509999999,47.65205986,5322,19112,19112,1792178,Matched,Block,,AURORA AVE N BETWEEN BRIDGE WAY N AND N 38 UPPER ST,,,1,Property Damage Only Collision,Other,1,0,0,1,2004/12/18 00:00:00+00,12/18/2004 10:32:00 AM,Mid-Block (but intersection related),28,MOTOR VEHICLE RAN OFF ROAD - HIT FIXED OBJECT,,1,Overcast,Other,Daylight,,4353011.0,Y,50,Fixed object,0,0,N
4469,1,-122.3290487,47.59334116,5323,18837,18837,1213647,Matched,Block,,4TH AVE S BETWEEN I90 WB 4TH AV OFF RP AND S ROYAL BROUGHAM WAY,,,1,Property Damage Only Collision,Rear Ended,2,0,0,2,2004/12/17 00:00:00+00,12/17/2004 5:13:00 PM,Mid-Block (not related to intersection),14,"MOTOR VEHICLE STRUCK MOTOR VEHICLE, REAR END",,0,Clear,Dry,Dusk,,4352043.0,,14,From same direction - both going straight - one stopped - rear-end,0,0,N
4470,1,-122.3226007,47.654514299999995,5324,18490,18490,C645416,Matched,Intersection,27125.0,6TH AVE NE AND NE NORTHLAKE WAY,,,1,Property Damage Only Collision,Rear Ended,2,0,0,2,2004/06/03 00:00:00+00,6/3/2004,At Intersection (intersection related),14,"MOTOR VEHICLE STRUCK MOTOR VEHICLE, REAR END",,0,Clear,Dry,Daylight,,4155042.0,,14,From same direction - both going straight - one stopped - rear-end,0,0,N
4471,1,-122.38213,47.668675799999995,5326,18129,18129,1782356,Matched,Intersection,25152.0,20TH AVE NW AND NW MARKET ST,,,1,Property Damage Only Collision,Left Turn,4,0,0,2,2004/04/30 00:00:00+00,4/30/2004 4:40:00 PM,At Intersection (intersection related),11,"MOTOR VEHICLE STRUCK MOTOR VEHICLE, FRONT END AT ANGLE",,0,Clear,Dry,Daylight,,4121031.0,,28,From opposite direction - one left turn - one straight,0,0,N
4472,2,-122.3422757,47.7226917,5327,18433,18433,1774195,Matched,Block,,STONE AVE N BETWEEN N 128TH ST AND N 130TH ST,,,2,Injury Collision,Parked Car,3,0,0,3,2004/10/02 00:00:00+00,10/2/2004,Mid-Block (not related to intersection),11,"MOTOR VEHICLE STRUCK MOTOR VEHICLE, FRONT END AT ANGLE",Y,0,Clear,Dry,Daylight,,4276028.0,Y,32,One parked--one moving,0,0,N
4473,1,-122.30438629999999,47.60267112,5328,19027,19027,1319925,Matched,Block,,E FIR ST BETWEEN 21ST AVE AND 22ND AVE,,,1,Property Damage Only Collision,Parked Car,2,0,0,2,2004/02/21 00:00:00+00,2/21/2004 10:22:00 AM,Mid-Block (not related to intersection),14,"MOTOR VEHICLE STRUCK MOTOR VEHICLE, REAR END",,0,Clear,Dry,Daylight,,4052006.0,,32,One parked--one moving,0,0,N
4474,1,-122.33656470000001,47.60505166,5331,18341,18341,1071221,Matched,Block,,1ST AVE BETWEEN MADISON ST AND SPRING ST,,,1,Property Damage Only Collision,Parked Car,2,0,0,2,2004/06/16 00:00:00+00,6/16/2004 10:56:00 AM,Mid-Block (not related to intersection),11,"MOTOR VEHICLE STRUCK MOTOR VEHICLE, FRONT END AT ANGLE",,0,Clear,Dry,Daylight,,4168023.0,,32,One parked--one moving,0,0,N
4475,1,-122.34835509999999,47.61563755,5332,18948,18948,1482320,Matched,Block,,2ND AVE BETWEEN WALL ST AND VINE ST,,,1,Property Damage Only Collision,Parked Car,2,0,0,2,2004/05/26 00:00:00+00,5/26/2004 7:18:00 AM,Mid-Block (not related to intersection),13,"MOTOR VEHICLE STRUCK MOTOR VEHICLE, LEFT SIDE AT ANGLE",,0,Overcast,Wet,Daylight,,4147013.0,,32,One parked--one moving,0,0,N
4476,1,-122.3016858,47.62817646,5333,18630,18630,1799176,Matched,Intersection,29216.0,24TH AVE E AND TURNER WAY E,,,1,Property Damage Only Collision,Other,1,0,0,1,2004/10/08 00:00:00+00,10/8/2004,At Intersection (intersection related),26,MOTOR VEHICLE STRUCK OBJECT IN ROAD,,0,Raining,Wet,Dark - Street Lights On,,4282014.0,,50,Fixed object,0,0,N
4477,2,-122.35164590000001,47.61758358,5334,18667,18667,1776962,Matched,Intersection,29666.0,2ND AVE AND BROAD ST,,,2,Injury Collision,Left Turn,2,0,0,2,2004/03/16 00:00:00+00,3/16/2004 11:05:00 AM,At Intersection (intersection related),11,"MOTOR VEHICLE STRUCK MOTOR VEHICLE, FRONT END AT ANGLE",,0,Clear,Dry,Daylight,,4076015.0,,28,From opposite direction - one left turn - one straight,0,0,N
4478,2,-122.35164590000001,47.61758358,5335,18428,18428,1213852,Matched,Intersection,29666.0,2ND AVE AND BROAD ST,,,2,Injury Collision,Left Turn,2,0,0,2,2004/06/07 00:00:00+00,6/7/2004,At Intersection (intersection related),11,"MOTOR VEHICLE STRUCK MOTOR VEHICLE, FRONT END AT ANGLE",,0,Raining,Wet,Daylight,,4159033.0,,28,From opposite direction - one left turn - one straight,0,0,N
4479,2,-122.2916865,47.62652805,5336,18037,18037,1216773,Matched,Block,,E MADISON ST BETWEEN LAKE WASHINGTON BLVD E AND 32ND AVE E,,,2,Injury Collision,Cycles,3,0,1,1,2004/08/04 00:00:00+00,8/4/2004,Mid-Block (not related to intersection),56,PEDALCYCLIST STRUCK MOTOR VEHICLE LEFT SIDE SIDESWIPE,,0,Clear,Dry,Daylight,Y,4217030.0,,45,Vehicle - Pedalcyclist,0,0,N
4480,2,-122.3460864,47.64009495,5339,18287,18287,1059915,Matched,Block,,AURORA AVE N BETWEEN MCGRAW ST AND DEXTER WAY N,,,2,Injury Collision,Rear Ended,2,0,0,2,2004/12/19 00:00:00+00,12/19/2004 12:42:00 AM,Mid-Block (not related to intersection),14,"MOTOR VEHICLE STRUCK MOTOR VEHICLE, REAR END",,1,Clear,Dry,Dark - Street Lights On,,4354025.0,,14,From same direction - both going straight - one stopped - rear-end,0,0,N
4481,2,-122.3436236,47.61752806,5340,18850,18850,1777377,Matched,Intersection,29519.0,BOREALIS AVE AND BATTERY ST,,,2,Injury Collision,Angles,4,0,0,2,2004/01/01 00:00:00+00,1/1/2004,At Intersection (intersection related),11,"MOTOR VEHICLE STRUCK MOTOR VEHICLE, FRONT END AT ANGLE",,1,Raining,Wet,Dark - Street Lights On,,4001020.0,,10,Entering at angle,0,0,N
4482,1,-122.33326869999999,47.59383727,5341,18227,18227,1777123,Matched,Block,,OCCIDENTAL AVE S BETWEEN RAILROAD WAY S AND S ROYAL BROUGHAM WAY,,,1,Property Damage Only Collision,Right Turn,2,0,0,2,2004/03/05 00:00:00+00,3/5/2004,Mid-Block (but intersection related),11,"MOTOR VEHICLE STRUCK MOTOR VEHICLE, FRONT END AT ANGLE",,0,Overcast,Dry,Daylight,,4065037.0,,16,From same direction - one right turn - one straight,0,0,N
4483,1,-122.34469409999998,47.70505121,5344,18312,18312,1779717,Matched,Intersection,36360.0,AURORA AVE N AND N NORTHGATE WAY,,,1,Property Damage Only Collision,Sideswipe,3,0,0,2,2004/03/29 00:00:00+00,3/29/2004 2:09:00 PM,At Intersection (intersection related),16,"MOTOR VEHICLE STRUCK MOTOR VEHICLE, LEFT SIDE SIDESWIPE",,0,Clear,Dry,Daylight,,4089017.0,,81,Same direction -- both turning left -- both moving -- sideswipe,0,0,N
4484,2,-122.3059932,47.733875299999994,5345,18753,18753,C630618,Matched,Intersection,36074.0,22ND AVE NE AND NE 145TH ST,,,2,Injury Collision,Left Turn,2,0,0,2,2004/03/08 00:00:00+00,3/8/2004,At Intersection (intersection related),11,"MOTOR VEHICLE STRUCK MOTOR VEHICLE, FRONT END AT ANGLE",,0,Clear,Dry,Daylight,,4068043.0,,28,From opposite direction - one left turn - one straight,0,0,N
4485,1,-122.2779344,47.6766882,5346,18111,18111,1072723,Matched,Block,,47TH AVE NE BETWEEN NE 65TH ST AND NE 68TH ST,,,1,Property Damage Only Collision,Parked Car,2,0,0,2,2004/06/28 00:00:00+00,6/28/2004 10:30:00 PM,Mid-Block (not related to intersection),15,"MOTOR VEHICLE STRUCK MOTOR VEHICLE, RIGHT SIDE SIDESWIPE",,0,Clear,Dry,Unknown,,4180011.0,,32,One parked--one moving,0,0,N
4486,1,-122.32031140000001,47.6594615,5348,18178,18178,1774486,Matched,Block,,NE 43RD ST BETWEEN 7TH AVE NE AND 8TH AVE NE,,,1,Property Damage Only Collision,Parked Car,2,0,0,2,2004/02/28 00:00:00+00,2/28/2004 10:00:00 AM,Mid-Block (not related to intersection),12,"MOTOR VEHICLE STRUCK MOTOR VEHICLE, RIGHT SIDE AT ANGLE",Y,0,Unknown,Unknown,Unknown,,4059018.0,,32,One parked--one moving,0,0,N
4487,1,-122.3983325,47.6716585,5350,18117,18117,1773839,Matched,Intersection,25041.0,32ND AVE NW AND NW 59TH N ST,,,1,Property Damage Only Collision,Left Turn,2,0,0,2,2004/04/03 00:00:00+00,4/3/2004,At Intersection (intersection related),11,"MOTOR VEHICLE STRUCK MOTOR VEHICLE, FRONT END AT ANGLE",,0,Clear,Dry,Daylight,,4094020.0,,28,From opposite direction - one left turn - one straight,0,0,N
4488,1,,,5351,17573,17573,1775717,Matched,,,,NEI,"Not Enough Information, or Insufficient Location Information",1,Property Damage Only Collision,Parked Car,2,0,0,2,2004/01/22 00:00:00+00,1/22/2004 12:57:00 PM,,0,NOT ENOUGH INFORMATION / NOT APPLICABLE,,0,Overcast,Dry,Daylight,,4022028.0,,32,One parked--one moving,0,0,N
4489,1,-122.3162865,47.66857007,5352,18575,18575,1220477,Matched,Intersection,25763.0,11TH AVE NE AND NE 55TH ST,,,1,Property Damage Only Collision,Left Turn,2,0,0,2,2004/08/10 00:00:00+00,8/10/2004 4:38:00 PM,At Intersection (intersection related),11,"MOTOR VEHICLE STRUCK MOTOR VEHICLE, FRONT END AT ANGLE",,0,Clear,Dry,Daylight,,4223027.0,,28,From opposite direction - one left turn - one straight,0,0,N
4490,1,-122.338303,47.61262607,5353,18852,18852,1777428,Matched,Block,,STEWART ST BETWEEN 4TH AVE AND 5TH AVE,,,1,Property Damage Only Collision,Parked Car,2,0,0,2,2004/01/13 00:00:00+00,1/13/2004 8:30:00 AM,Mid-Block (not related to intersection),11,"MOTOR VEHICLE STRUCK MOTOR VEHICLE, FRONT END AT ANGLE",,0,Raining,Wet,Daylight,,4013022.0,,20,One car leaving parked position,0,0,N
4491,1,-122.33437959999999,47.60350072,5354,18526,18526,1777005,Matched,Block,,COLUMBIA ST BETWEEN 1ST AVE AND 2ND AVE,,,1,Property Damage Only Collision,Other,2,0,0,2,2004/01/30 00:00:00+00,1/30/2004 1:40:00 PM,Mid-Block (not related to intersection),11,"MOTOR VEHICLE STRUCK MOTOR VEHICLE, FRONT END AT ANGLE",,0,Clear,Dry,Daylight,,4030034.0,,23,From same direction - all others,0,0,N
4492,2,-122.3659647,47.65198248,5355,18951,18951,1482579,Matched,Block,,W NICKERSON ST BETWEEN 6TH AVE W AND 8TH AVE W,,,2,Injury Collision,Rear Ended,2,0,0,2,2004/06/03 00:00:00+00,6/3/2004,Mid-Block (but intersection related),14,"MOTOR VEHICLE STRUCK MOTOR VEHICLE, REAR END",Y,0,Clear,Dry,Daylight,,4155015.0,,14,From same direction - both going straight - one stopped - rear-end,0,0,N
4493,1,-122.3458631,47.61299081,5357,18666,18666,1482679,Matched,Block,,1ST AVE BETWEEN BLANCHARD ST AND BELL ST,,,1,Property Damage Only Collision,Parked Car,2,0,0,2,2004/05/06 00:00:00+00,5/6/2004,Mid-Block (not related to intersection),13,"MOTOR VEHICLE STRUCK MOTOR VEHICLE, LEFT SIDE AT ANGLE",,0,Unknown,Unknown,Daylight,,4127039.0,,32,One parked--one moving,0,0,N
4494,1,-122.347352,47.52098115,5358,18167,18167,1775457,Matched,Block,,SW BARTON ST BETWEEN 9TH AVE SW AND 10TH AVE SW,,,1,Property Damage Only Collision,Other,1,0,0,1,2004/02/02 00:00:00+00,2/2/2004,Driveway Junction,28,MOTOR VEHICLE RAN OFF ROAD - HIT FIXED OBJECT,,0,Clear,Dry,Dark - Street Lights On,,4033030.0,,50,Fixed object,0,0,N
4495,1,-122.36710929999998,47.57139156,5360,18252,18252,1789461,Matched,Block,,SW SPOKANE SR ST BETWEEN 26TH AV SW ON RP AND SW ADMIRAL SR WAY,,,1,Property Damage Only Collision,Sideswipe,5,0,0,3,2004/11/14 00:00:00+00,11/14/2004 3:30:00 PM,Mid-Block (not related to intersection),11,"MOTOR VEHICLE STRUCK MOTOR VEHICLE, FRONT END AT ANGLE",,0,Raining,Wet,Daylight,,4319014.0,,11,From same direction - both going straight - both moving - sideswipe,0,0,N
4496,2,-122.3175527,47.68673213,5362,18943,18943,1212333,Matched,Intersection,24395.0,ROOSEVELT WAY NE AND NE 80TH ST,,,2,Injury Collision,Left Turn,2,0,0,2,2004/01/15 00:00:00+00,1/15/2004 8:59:00 AM,At Intersection (intersection related),11,"MOTOR VEHICLE STRUCK MOTOR VEHICLE, FRONT END AT ANGLE",,0,Overcast,Wet,Daylight,,4015016.0,,28,From opposite direction - one left turn - one straight,0,0,N
4497,1,-122.3458581,47.6854948,5363,18840,18840,1220481,Matched,Block,,N 78TH ST BETWEEN LINDEN AVE N AND AURORA AVE N,,,1,Property Damage Only Collision,Parked Car,2,0,0,2,2004/09/03 00:00:00+00,9/3/2004,Driveway Junction,11,"MOTOR VEHICLE STRUCK MOTOR VEHICLE, FRONT END AT ANGLE",,0,Clear,Dry,Daylight,,4247002.0,,32,One parked--one moving,0,0,N
4498,2,-122.3324513,47.60726631,5364,18362,18362,1072239,Matched,Intersection,29933.0,5TH AVE AND SPRING ST,,,2,Injury Collision,Cycles,2,0,1,1,2004/07/12 00:00:00+00,7/12/2004 4:20:00 PM,At Intersection (intersection related),18,"MOTOR VEHICLE STRUCK PEDALCYCLIST, FRONT END AT ANGLE",,0,Clear,Dry,Daylight,,4194004.0,,45,Vehicle - Pedalcyclist,0,0,N
4499,1,-122.32441599999999,47.59583433,5368,18308,18308,1480916,Matched,Block,,S DEARBORN ST BETWEEN MAYNARD AVE S AND 7TH AVE S,,,1,Property Damage Only Collision,Rear Ended,6,0,0,2,2004/07/17 00:00:00+00,7/17/2004 8:14:00 PM,Mid-Block (but intersection related),14,"MOTOR VEHICLE STRUCK MOTOR VEHICLE, REAR END",,0,Clear,Dry,Dusk,,4199012.0,,14,From same direction - both going straight - one stopped - rear-end,0,0,N
4500,2,-122.3121182,47.65651262,5369,18887,18887,1079779,Matched,Block,,15TH AVE NE BETWEEN NE CAMPUS WB PY AND NE 41ST ST,,,2,Injury Collision,Rear Ended,7,0,0,3,2004/10/09 00:00:00+00,10/9/2004,Mid-Block (but intersection related),14,"MOTOR VEHICLE STRUCK MOTOR VEHICLE, REAR END",,0,Overcast,Wet,Daylight,,4283031.0,,14,From same direction - both going straight - one stopped - rear-end,0,0,N
4501,1,,,5370,18475,18475,1856361,Matched,Block,,BATTERY ST TUNNEL SB BETWEEN AURORA AVE N AND ALASKAN WY VI SB,,,1,Property Damage Only Collision,Other,3,0,0,2,2004/10/08 00:00:00+00,10/8/2004,Mid-Block (not related to intersection),14,"MOTOR VEHICLE STRUCK MOTOR VEHICLE, REAR END",,0,Clear,Wet,Dark - Street Lights On,,4282012.0,Y,23,From same direction - all others,0,0,N
4502,2,-122.30207649999998,47.639894399999996,5371,18211,18211,1787244,Matched,Block,,24TH AVE E BETWEEN E LYNN ST AND E MCGRAW ST,,,2,Injury Collision,Pedestrian,2,1,0,1,2004/02/05 00:00:00+00,2/5/2004,Mid-Block (not related to intersection),24,MOTOR VEHCILE STRUCK PEDESTRIAN,,0,Clear,Dry,Dusk,,4036007.0,,0,Vehicle going straight hits pedestrian,0,0,N
4503,1,-122.3590991,47.53278651,5373,18977,18977,1795152,Matched,Block,,20TH AVE SW BETWEEN SW HOLDEN ST AND SW KENYON ST,,,1,Property Damage Only Collision,Parked Car,2,0,0,2,2004/09/25 00:00:00+00,9/25/2004 11:05:00 PM,Mid-Block (not related to intersection),15,"MOTOR VEHICLE STRUCK MOTOR VEHICLE, RIGHT SIDE SIDESWIPE",,0,Clear,Dry,Dark - Street Lights On,,4269011.0,,32,One parked--one moving,0,0,N
4504,1,-122.29514990000001,47.71823749,5376,18127,18127,1782323,Matched,Block,,31ST AVE NE BETWEEN NE 123RD ST AND LAKE CITY WAY NE,,,1,Property Damage Only Collision,Parked Car,2,0,0,2,2004/07/01 00:00:00+00,7/1/2004,Driveway Junction,13,"MOTOR VEHICLE STRUCK MOTOR VEHICLE, LEFT SIDE AT ANGLE",,0,Clear,Dry,Dark - Street Lights On,,4183035.0,,32,One parked--one moving,0,0,N
4505,2,-122.3271602,47.67844054,5377,18011,18011,1779742,Matched,Block,,EAST GREEN LAKE WAY N BETWEEN 2ND AVE NE AND 4TH AVE NE,,,2,Injury Collision,Rear Ended,3,0,0,2,2004/06/05 00:00:00+00,6/5/2004,Driveway Junction,14,"MOTOR VEHICLE STRUCK MOTOR VEHICLE, REAR END",Y,0,Overcast,Dry,Daylight,,4157020.0,,14,From same direction - both going straight - one stopped - rear-end,0,0,N
4506,1,-122.3350939,47.70816913,5378,18739,18739,1782596,Matched,Block,,N NORTHGATE WAY BETWEEN BURKE AVE N AND MERIDIAN AVE N,,,1,Property Damage Only Collision,Other,1,0,0,1,2004/01/02 00:00:00+00,1/2/2004,Mid-Block (not related to intersection),28,MOTOR VEHICLE RAN OFF ROAD - HIT FIXED OBJECT,,0,Sleet/Hail/Freezing Rain,Ice,Dark - Street Lights On,,4002013.0,,50,Fixed object,0,0,N
4507,1,-122.3390531,47.51917316,5379,18709,18709,1775464,Matched,Block,,OLSON PL SW BETWEEN 3RD AVE SW AND SW CAMBRIDGE PL,,,1,Property Damage Only Collision,Other,1,0,0,1,2004/04/10 00:00:00+00,4/10/2004 12:38:00 AM,Mid-Block (not related to intersection),28,MOTOR VEHICLE RAN OFF ROAD - HIT FIXED OBJECT,,0,Clear,Dry,Dark - Street Lights On,,4101005.0,,50,Fixed object,0,0,N
4508,1,-122.3867716,47.5647203,5382,18654,18654,1774843,Matched,Intersection,31893.0,CALIFORNIA AVE SW AND SW GENESEE ST,,,1,Property Damage Only Collision,Angles,2,0,0,2,2004/04/01 00:00:00+00,4/1/2004,At Intersection (intersection related),11,"MOTOR VEHICLE STRUCK MOTOR VEHICLE, FRONT END AT ANGLE",,0,Clear,Dry,Daylight,,4092010.0,,10,Entering at angle,0,0,N
4509,2,-122.2929898,47.62719136,5383,18627,18627,1772596,Matched,Block,,LAKE WASHINGTON BLVD E BETWEEN E MADISON ST AND ARBORETUM DR E,,,2,Injury Collision,Cycles,2,0,1,1,2004/06/19 00:00:00+00,6/19/2004 11:10:00 AM,Mid-Block (not related to intersection),23,"MOTOR VEHICLE STRUCK PEDALCYCLIST, LEFT SIDE SIDESWIPE",,0,Clear,Dry,Daylight,,4171003.0,,45,Vehicle - Pedalcyclist,0,0,N
4510,2,-122.3027274,47.61226406,5385,18726,18726,1211589,Matched,Block,,23RD AVE BETWEEN E SPRING ST AND E UNION ST,,,2,Injury Collision,Rear Ended,2,0,0,2,2004/09/11 00:00:00+00,9/11/2004 2:08:00 PM,Mid-Block (not related to intersection),14,"MOTOR VEHICLE STRUCK MOTOR VEHICLE, REAR END",,0,Clear,Dry,Daylight,,4255021.0,,14,From same direction - both going straight - one stopped - rear-end,0,0,N
4511,1,-122.32791540000001,47.61457623,5388,18410,18410,1789957,Matched,Block,,MELROSE AVE BETWEEN PIKE ST AND PINE ST,,,1,Property Damage Only Collision,Parked Car,2,0,0,2,2004/08/13 00:00:00+00,8/13/2004 5:15:00 PM,Mid-Block (not related to intersection),11,"MOTOR VEHICLE STRUCK MOTOR VEHICLE, FRONT END AT ANGLE",,0,Clear,Dry,Daylight,,4226023.0,,32,One parked--one moving,0,0,N
4512,1,-122.2914564,47.53238558,5389,18289,18289,1779659,Matched,Block,,S CHICAGO ST BETWEEN DEAD END 3 AND 32ND AVE S,,,1,Property Damage Only Collision,Parked Car,2,0,0,2,2004/03/05 00:00:00+00,3/5/2004,Mid-Block (not related to intersection),13,"MOTOR VEHICLE STRUCK MOTOR VEHICLE, LEFT SIDE AT ANGLE",Y,0,Unknown,Unknown,Unknown,,4065031.0,,32,One parked--one moving,0,0,N
4513,1,-122.28594740000001,47.54706873,5390,18731,18731,1783903,Matched,Block,,M L KING JR ER WAY S BETWEEN 37TH AVE S AND S GRAHAM ST,,,1,Property Damage Only Collision,Other,3,0,0,2,2004/11/02 00:00:00+00,11/2/2004,Driveway Junction,11,"MOTOR VEHICLE STRUCK MOTOR VEHICLE, FRONT END AT ANGLE",Y,0,Clear,Dry,Dark - Street Lights On,,4307044.0,,22,One car leaving driveway access,0,0,N
4514,1,-122.34130970000001,47.60912427,5391,18547,18547,1789548,Matched,Block,,PIKE PL BETWEEN POST AL AND PINE ST,,,1,Property Damage Only Collision,Parked Car,2,0,0,2,2004/10/05 00:00:00+00,10/5/2004,Mid-Block (not related to intersection),11,"MOTOR VEHICLE STRUCK MOTOR VEHICLE, FRONT END AT ANGLE",,0,Unknown,Unknown,Daylight,,4279002.0,,32,One parked--one moving,0,0,N
4515,1,-122.37614860000001,47.63863286,5392,18521,18521,1219981,Matched,Intersection,27932.0,15TH AVE W AND W BOSTON ST,,,1,Property Damage Only Collision,Angles,2,0,0,2,2004/08/26 00:00:00+00,8/26/2004 2:58:00 PM,At Intersection (intersection related),11,"MOTOR VEHICLE STRUCK MOTOR VEHICLE, FRONT END AT ANGLE",,0,Clear,Dry,Daylight,,4239016.0,,10,Entering at angle,0,0,N
4516,2,-122.31246409999999,47.65297596,5394,19117,19117,1781939,Matched,Intersection,27149.0,15TH AVE NE AND NE PACIFIC ST,,,2,Injury Collision,Cycles,6,0,1,1,2004/07/22 00:00:00+00,7/22/2004 9:07:00 AM,At Intersection (intersection related),18,"MOTOR VEHICLE STRUCK PEDALCYCLIST, FRONT END AT ANGLE",,0,Clear,Dry,Daylight,,4204005.0,,45,Vehicle - Pedalcyclist,0,0,N
4517,1,-122.3175087,47.68420176,5396,18888,18888,1079829,Matched,Block,,ROOSEVELT WAY NE BETWEEN NE 75TH ST AND NE 78TH ST,,,1,Property Damage Only Collision,Other,1,0,0,1,2004/07/04 00:00:00+00,7/4/2004,Mid-Block (but intersection related),28,MOTOR VEHICLE RAN OFF ROAD - HIT FIXED OBJECT,,0,Clear,Dry,Dark - Street Lights On,,4186006.0,,50,Fixed object,0,0,N
4518,1,-122.2974318,47.59864753,5397,17984,17984,1771994,Matched,Block,,M L KING JR WAY S BETWEEN S JACKSON ST AND S KING ST,,,1,Property Damage Only Collision,Right Turn,2,0,0,2,2004/06/25 00:00:00+00,6/25/2004 11:21:00 AM,Mid-Block (but intersection related),15,"MOTOR VEHICLE STRUCK MOTOR VEHICLE, RIGHT SIDE SIDESWIPE",,0,Clear,Dry,Daylight,,4177030.0,,16,From same direction - one right turn - one straight,0,0,N
4519,1,-122.2389494,47.51050158,5398,17723,17723,1772987,Matched,Block,,RAINIER AVE S BETWEEN 75TH AVE S AND CITY LIMITS,,,1,Property Damage Only Collision,Parked Car,2,0,0,2,2004/04/25 00:00:00+00,4/25/2004 12:00:00 PM,Mid-Block (not related to intersection),14,"MOTOR VEHICLE STRUCK MOTOR VEHICLE, REAR END",,0,Unknown,Unknown,Unknown,,4116025.0,,32,One parked--one moving,0,0,N
4520,1,-122.3768028,47.68966537,5399,18802,18802,1773936,Matched,Block,,15TH AVE NW BETWEEN NW 83RD ST AND NW 85TH ST,,,1,Property Damage Only Collision,Other,4,0,0,2,2004/03/11 00:00:00+00,3/11/2004 4:55:00 PM,Driveway Junction,11,"MOTOR VEHICLE STRUCK MOTOR VEHICLE, FRONT END AT ANGLE",,0,Clear,Dry,Daylight,,4071026.0,,21,One car entering driveway access,0,0,N
4521,1,-122.34188710000001,47.61854842,5400,18985,18985,1783863,Matched,Block,,DENNY WAY BETWEEN DEXTER AVE AND 8TH AVE,,,1,Property Damage Only Collision,Rear Ended,2,0,0,2,2004/09/05 00:00:00+00,9/5/2004,Mid-Block (but intersection related),14,"MOTOR VEHICLE STRUCK MOTOR VEHICLE, REAR END",Y,1,Clear,Dry,Dark - Street Lights On,,4249004.0,,14,From same direction - both going straight - one stopped - rear-end,0,0,N
4522,1,,,5401,17999,17999,1079991,Matched,Alley,,,,,1,Property Damage Only Collision,Parked Car,2,0,0,2,2004/07/12 00:00:00+00,7/12/2004 8:30:00 AM,,0,NOT ENOUGH INFORMATION / NOT APPLICABLE,,0,Clear,Dry,Daylight,,4194011.0,,32,One parked--one moving,0,0,N
4523,1,-122.3762186,47.66606899,5402,18081,18081,1793682,Matched,Block,,15TH AVE NW BETWEEN NW 51ST ST AND NW 52ND ST,,,1,Property Damage Only Collision,Other,2,0,0,2,2004/06/22 00:00:00+00,6/22/2004 10:10:00 PM,Mid-Block (not related to intersection),26,MOTOR VEHICLE STRUCK OBJECT IN ROAD,,0,Clear,Dry,Dark - Street Lights On,,4174008.0,,50,Fixed object,0,0,N
4524,1,-122.31025890000002,47.5942141,5403,18183,18183,1786103,Matched,Block,,RAINIER AVE S BETWEEN S CHARLES N ST AND S CHARLES S ST,,,1,Property Damage Only Collision,Sideswipe,4,0,0,2,2004/02/04 00:00:00+00,2/4/2004,Mid-Block (not related to intersection),16,"MOTOR VEHICLE STRUCK MOTOR VEHICLE, LEFT SIDE SIDESWIPE",,0,Clear,Dry,Dark - Street Lights On,,4035004.0,,11,From same direction - both going straight - both moving - sideswipe,0,0,N
4525,1,-122.3761883,47.56503852,5404,18613,18613,1781474,Matched,Intersection,31898.0,FAUNTLEROY WAY SW AND WEST SEATTLE BR EB,,,1,Property Damage Only Collision,Left Turn,4,0,0,2,2004/03/12 00:00:00+00,3/12/2004 9:04:00 AM,At Intersection (intersection related),11,"MOTOR VEHICLE STRUCK MOTOR VEHICLE, FRONT END AT ANGLE",,0,Overcast,Dry,Daylight,,4072030.0,,28,From opposite direction - one left turn - one straight,0,0,N
4526,1,-122.3727628,47.69062654,5405,17997,17997,1079620,Matched,Intersection,37268.0,13TH AVE NW AND NW 85TH ST,,,1,Property Damage Only Collision,Angles,4,0,0,2,2004/09/29 00:00:00+00,9/29/2004 5:10:00 PM,At Intersection (intersection related),11,"MOTOR VEHICLE STRUCK MOTOR VEHICLE, FRONT END AT ANGLE",,0,Clear,Dry,Daylight,,4273005.0,,10,Entering at angle,0,0,N