,SEVERITYCODE,X,Y,OBJECTID,INCKEY,COLDETKEY,REPORTNO,STATUS,ADDRTYPE,INTKEY,LOCATION,EXCEPTRSNCODE,EXCEPTRSNDESC,SEVERITYCODE.1,SEVERITYDESC,COLLISIONTYPE,PERSONCOUNT,PEDCOUNT,PEDCYLCOUNT,VEHCOUNT,INCDATE,INCDTTM,JUNCTIONTYPE,SDOT_COLCODE,SDOT_COLDESC,INATTENTIONIND,UNDERINFL,WEATHER,ROADCOND,LIGHTCOND,PEDROWNOTGRNT,SDOTCOLNUM,SPEEDING,ST_COLCODE,ST_COLDESC,SEGLANEKEY,CROSSWALKKEY,HITPARKEDCAR
4527,1,-122.3009996,47.55230397,5407,19030,19030,1779088,Matched,Intersection,33257.0,25TH AVE S AND S LUCILE ST,,,1,Property Damage Only Collision,Other,1,0,0,1,2004/09/08 00:00:00+00,9/8/2004,At Intersection (intersection related),28,MOTOR VEHICLE RAN OFF ROAD - HIT FIXED OBJECT,,0,Raining,Wet,Daylight,,4252007.0,Y,50,Fixed object,0,0,N
4528,2,-122.3282678,47.66500266,5408,18248,18248,1212000,Matched,Intersection,25871.0,1ST AVE NE AND NE 50TH ST,,,2,Injury Collision,Angles,2,0,0,2,2004/02/16 00:00:00+00,2/16/2004 10:40:00 AM,At Intersection (intersection related),11,"MOTOR VEHICLE STRUCK MOTOR VEHICLE, FRONT END AT ANGLE",,0,Raining,Wet,Daylight,,4047027.0,,10,Entering at angle,0,0,N
4529,1,-122.3184327,47.59918656,5410,18929,18929,1072236,Matched,Block,,S JACKSON ST BETWEEN 10TH AVE S AND 12TH AVE S,,,1,Property Damage Only Collision,Parked Car,2,0,0,2,2004/06/13 00:00:00+00,6/13/2004 1:00:00 PM,Mid-Block (not related to intersection),15,"MOTOR VEHICLE STRUCK MOTOR VEHICLE, RIGHT SIDE SIDESWIPE",,0,Overcast,Wet,Daylight,,4165001.0,,32,One parked--one moving,0,0,N
4530,2,-122.3373,47.70587435,5411,18981,18981,1079989,Matched,Block,,N NORTHGATE WAY BETWEEN N 105TH E ST AND N 107TH ST,,,2,Injury Collision,Other,1,0,0,1,2004/07/11 00:00:00+00,7/11/2004 5:51:00 AM,Mid-Block (not related to intersection),28,MOTOR VEHICLE RAN OFF ROAD - HIT FIXED OBJECT,,0,Overcast,Dry,Dawn,,4193002.0,,50,Fixed object,0,0,N
4531,2,-122.3470335,47.68104928,5412,18353,18353,1317775,Matched,Intersection,24330.0,LINDEN AVE N AND N 72ND ST,,,2,Injury Collision,Cycles,2,0,1,1,2004/04/03 00:00:00+00,4/3/2004,At Intersection (intersection related),18,"MOTOR VEHICLE STRUCK PEDALCYCLIST, FRONT END AT ANGLE",,0,Clear,Dry,Daylight,Y,4094003.0,,45,Vehicle - Pedalcyclist,0,0,N
4532,1,-122.3761636,47.64156384,5416,18848,18848,1777313,Matched,Block,,15TH AVE W BETWEEN W WHEELER ST AND GILMAN DR W,,,1,Property Damage Only Collision,Parked Car,2,0,0,2,2004/03/12 00:00:00+00,3/12/2004 1:00:00 PM,Mid-Block (not related to intersection),13,"MOTOR VEHICLE STRUCK MOTOR VEHICLE, LEFT SIDE AT ANGLE",,0,Unknown,Unknown,Daylight,,4072033.0,,32,One parked--one moving,0,0,N
4533,1,-122.34888149999999,47.62398874,5417,18221,18221,1776427,Matched,Block,,4TH AVE N BETWEEN REPUBLICAN ST AND MERCER ST,,,1,Property Damage Only Collision,Other,3,0,0,2,2004/02/12 00:00:00+00,2/12/2004 11:03:00 PM,Mid-Block (but intersection related),11,"MOTOR VEHICLE STRUCK MOTOR VEHICLE, FRONT END AT ANGLE",,1,Clear,Dry,Dark - Street Lights On,,4043026.0,,23,From same direction - all others,0,0,N
4534,1,-122.3207601,47.61121421,5418,18325,18325,1213384,Matched,Block,,BROADWAY BETWEEN MADISON ST AND HARVARD AVE,,,1,Property Damage Only Collision,Left Turn,3,0,0,2,2004/03/28 00:00:00+00,3/28/2004 1:45:00 AM,Mid-Block (but intersection related),16,"MOTOR VEHICLE STRUCK MOTOR VEHICLE, LEFT SIDE SIDESWIPE",,0,Unknown,Unknown,Dark - Street Lights On,,4088012.0,,15,From same direction - one left turn - one straight,0,0,N
4535,1,-122.32520349999999,47.64562309,5421,18594,18594,1181424,Matched,Block,,E HAMLIN ST BETWEEN EASTLAKE AVE E AND FRANKLIN AVE E,,,1,Property Damage Only Collision,Parked Car,2,0,0,2,2004/04/26 00:00:00+00,4/26/2004 9:18:00 AM,Mid-Block (not related to intersection),12,"MOTOR VEHICLE STRUCK MOTOR VEHICLE, RIGHT SIDE AT ANGLE",,0,Unknown,Unknown,Unknown,,4117028.0,,32,One parked--one moving,0,0,N
4536,1,-122.3003213,47.71859546,5424,18936,18936,1199036,Matched,Block,,26TH AVE NE BETWEEN HIRAM PL NE AND NE 125TH ST,,,1,Property Damage Only Collision,Other,1,0,0,1,2004/03/28 00:00:00+00,3/28/2004 2:41:00 AM,Mid-Block (not related to intersection),28,MOTOR VEHICLE RAN OFF ROAD - HIT FIXED OBJECT,,0,Clear,Dry,Dark - Street Lights On,,4088007.0,,50,Fixed object,0,0,N
4537,1,-122.3216834,47.54674636,5426,18497,18497,1798239,Matched,Block,,CORSON AVE S BETWEEN S MICHIGAN ST AND S EDDY ST,,,1,Property Damage Only Collision,Parked Car,2,0,0,2,2004/10/16 00:00:00+00,10/16/2004 11:30:00 PM,Mid-Block (not related to intersection),14,"MOTOR VEHICLE STRUCK MOTOR VEHICLE, REAR END",,0,Other,Unknown,Unknown,,4290011.0,,32,One parked--one moving,0,0,N
4538,1,-122.2986003,47.64148144,5427,18487,18487,1944296,Matched,Block,,LAKE WASHINGTON BLVD E BETWEEN 26TH AVE E AND E MILLER ST,,,1,Property Damage Only Collision,Other,1,0,0,1,2004/09/01 00:00:00+00,9/1/2004,Mid-Block (not related to intersection),26,MOTOR VEHICLE STRUCK OBJECT IN ROAD,,0,Overcast,Wet,Dusk,,4245028.0,Y,50,Fixed object,0,0,N
4539,1,-122.3232755,47.70859413,5428,17993,17993,C630643,Matched,Intersection,36499.0,5TH AVE NE AND NE NORTHGATE WAY,,,1,Property Damage Only Collision,Sideswipe,2,0,0,2,2004/03/09 00:00:00+00,3/9/2004,At Intersection (intersection related),14,"MOTOR VEHICLE STRUCK MOTOR VEHICLE, REAR END",,0,Raining,Wet,Daylight,,4069028.0,,11,From same direction - both going straight - both moving - sideswipe,0,0,N
4540,2,-122.39053229999999,47.58352331,5432,18237,18237,1215381,Matched,Block,,46TH AVE SW BETWEEN SW WALKER ST AND SW COLLEGE ST,,,2,Injury Collision,Parked Car,5,0,0,3,2004/02/21 00:00:00+00,2/21/2004 2:17:00 AM,Mid-Block (not related to intersection),14,"MOTOR VEHICLE STRUCK MOTOR VEHICLE, REAR END",Y,0,Fog/Smog/Smoke,Dry,Dark - Street Lights On,,4052008.0,,32,One parked--one moving,0,0,N
4541,2,-122.31416740000002,47.6129174,5433,18056,18056,1181095,Matched,Intersection,29763.0,14TH AVE AND E UNION ST,,,2,Injury Collision,Left Turn,5,0,0,2,2004/01/10 00:00:00+00,1/10/2004 11:48:00 AM,At Intersection (intersection related),11,"MOTOR VEHICLE STRUCK MOTOR VEHICLE, FRONT END AT ANGLE",,0,Overcast,Wet,Daylight,,4010023.0,,28,From opposite direction - one left turn - one straight,0,0,N
4542,2,-122.37622240000002,47.65980336,5437,18427,18427,1213772,Matched,Block,,BALLARD BR BETWEEN POINT A AND POINT B,,,2,Injury Collision,Sideswipe,2,0,0,2,2004/04/13 00:00:00+00,4/13/2004 5:40:00 PM,Mid-Block (not related to intersection),11,"MOTOR VEHICLE STRUCK MOTOR VEHICLE, FRONT END AT ANGLE",,0,Clear,Dry,Daylight,,4104006.0,,11,From same direction - both going straight - both moving - sideswipe,0,0,N
4543,1,-122.31263919999999,47.65830815,5438,18452,18452,1781779,Matched,Block,,NE 42ND ST BETWEEN UNIVERSITY WAY NE AND 15TH AVE NE,,,1,Property Damage Only Collision,Parked Car,2,0,0,2,2004/05/16 00:00:00+00,5/16/2004 10:45:00 AM,Driveway Junction,13,"MOTOR VEHICLE STRUCK MOTOR VEHICLE, LEFT SIDE AT ANGLE",,0,Overcast,Dry,Daylight,,4137018.0,,32,One parked--one moving,0,0,N
4544,1,-122.35186499999999,47.64688511,5439,19046,19046,1777582,Matched,Block,,FLORENTIA ST BETWEEN MAYFAIR AVE N AND NICKERSON ST,,,1,Property Damage Only Collision,Parked Car,2,0,0,2,2004/07/16 00:00:00+00,7/16/2004 7:40:00 PM,Mid-Block (but intersection related),11,"MOTOR VEHICLE STRUCK MOTOR VEHICLE, FRONT END AT ANGLE",,0,Clear,Dry,Dusk,,4198003.0,,32,One parked--one moving,0,0,N
4545,1,,,5440,18121,18121,1784820,Matched,Block,,AURORA AVE N BETWEEN BATTERY ST TUNNEL NB AND THOMAS ST,,,1,Property Damage Only Collision,Other,2,0,0,1,2004/10/10 00:00:00+00,10/10/2004 9:46:00 PM,Mid-Block (not related to intersection),26,MOTOR VEHICLE STRUCK OBJECT IN ROAD,,0,Clear,Dry,Dark - Street Lights On,,4284004.0,,50,Fixed object,0,0,N
4546,1,-122.3498973,47.67734522,5441,18285,18285,1793762,Matched,Block,,FREMONT AVE N BETWEEN N 66TH ST AND N 67TH ST,,,1,Property Damage Only Collision,Parked Car,2,0,0,2,2004/09/22 00:00:00+00,9/22/2004 4:00:00 PM,Mid-Block (not related to intersection),16,"MOTOR VEHICLE STRUCK MOTOR VEHICLE, LEFT SIDE SIDESWIPE",,0,Overcast,Unknown,Unknown,,4266056.0,,32,One parked--one moving,0,0,N
4547,1,-122.37025790000001,47.55375555,5442,18873,18873,1790706,Matched,Block,,SW BRANDON ST BETWEEN 29TH AVE SW AND 30TH AVE SW,,,1,Property Damage Only Collision,Other,3,0,0,1,2004/07/07 00:00:00+00,7/7/2004,Mid-Block (but intersection related),28,MOTOR VEHICLE RAN OFF ROAD - HIT FIXED OBJECT,,0,Clear,Dry,Dusk,,4189016.0,Y,50,Fixed object,0,0,N
4548,2,-122.33420020000001,47.58085454,5443,18693,18693,1181474,Matched,Block,,1ST AVE S BETWEEN S STACY ST AND S LANDER ST,,,2,Injury Collision,Rear Ended,2,0,0,2,2004/10/22 00:00:00+00,10/22/2004 4:52:00 PM,Mid-Block (but intersection related),14,"MOTOR VEHICLE STRUCK MOTOR VEHICLE, REAR END",Y,0,Clear,Dry,Daylight,,4296012.0,,14,From same direction - both going straight - one stopped - rear-end,0,0,N
4549,1,-122.27681570000001,47.50759188,5444,18089,18089,1477145,Matched,Block,,S RYAN WAY BETWEEN M L KING JR WAY S AND CITY LIMITS,,,1,Property Damage Only Collision,Rear Ended,3,0,0,2,2004/07/19 00:00:00+00,7/19/2004 10:26:00 PM,Mid-Block (but intersection related),14,"MOTOR VEHICLE STRUCK MOTOR VEHICLE, REAR END",,0,Clear,Dry,Dark - Street Lights On,,4201003.0,,14,From same direction - both going straight - one stopped - rear-end,0,0,N
4550,1,-122.35414270000001,47.6191803,5445,18912,18912,1783199,Matched,Block,,WARREN AVE N BETWEEN DENNY WAY AND JOHN ST,,,1,Property Damage Only Collision,Parked Car,2,0,0,2,2004/07/20 00:00:00+00,7/20/2004 10:00:00 PM,Mid-Block (not related to intersection),14,"MOTOR VEHICLE STRUCK MOTOR VEHICLE, REAR END",,0,Unknown,Unknown,Unknown,,4202043.0,,32,One parked--one moving,0,0,N
4551,1,-122.34489609999999,47.717173100000004,5446,18957,18957,1780309,Matched,Block,,AURORA AVE N BETWEEN N 117TH PL AND N 125TH ST,,,1,Property Damage Only Collision,Other,1,0,0,1,2004/11/06 00:00:00+00,11/6/2004,Mid-Block (not related to intersection),0,NOT ENOUGH INFORMATION / NOT APPLICABLE,Y,0,Overcast,Dry,Daylight,,4311007.0,,50,Fixed object,0,0,N
4552,2,-122.33734869999999,47.60423027,5447,18024,18024,1777584,Matched,Intersection,29619.0,MADISON ST AND WESTERN AVE,,,2,Injury Collision,Cycles,5,0,1,1,2004/08/28 00:00:00+00,8/28/2004 3:41:00 PM,At Intersection (intersection related),51,PEDALCYCLIST STRUCK MOTOR VEHICLE FRONT END AT ANGLE,,0,Clear,Dry,Daylight,,4241006.0,,45,Vehicle - Pedalcyclist,0,0,N
4553,2,-122.27830349999999,47.53154302,5448,19034,19034,1793605,Matched,Intersection,34503.0,RENTON AVE S AND S KENYON ST,,,2,Injury Collision,Left Turn,5,0,0,2,2004/08/03 00:00:00+00,8/3/2004,At Intersection (intersection related),11,"MOTOR VEHICLE STRUCK MOTOR VEHICLE, FRONT END AT ANGLE",,0,Clear,Dry,Dusk,,4216015.0,,28,From opposite direction - one left turn - one straight,0,0,N
4554,2,-122.2692612,47.51991971,5449,18255,18255,1476914,Matched,Block,,RAINIER AVE S BETWEEN 51ST AVE S AND STURTEVANT AVE S,,,2,Injury Collision,Rear Ended,2,0,0,2,2004/04/03 00:00:00+00,4/3/2004,Mid-Block (but intersection related),14,"MOTOR VEHICLE STRUCK MOTOR VEHICLE, REAR END",Y,0,Clear,Dry,Daylight,,4094039.0,,14,From same direction - both going straight - one stopped - rear-end,0,0,N
4555,1,-122.3234362,47.6487836,5450,18514,18514,1216826,Matched,Intersection,27278.0,EASTLAKE AVE E AND E ALLISON ST,,,1,Property Damage Only Collision,Parked Car,2,0,0,2,2004/06/29 00:00:00+00,6/29/2004 7:30:00 AM,At Intersection (intersection related),11,"MOTOR VEHICLE STRUCK MOTOR VEHICLE, FRONT END AT ANGLE",,0,Clear,Dry,Daylight,,4181004.0,,20,One car leaving parked position,0,0,N
4556,1,-122.31964109999998,47.59876597,5451,18930,18930,1074762,Matched,Block,,10TH AVE S BETWEEN S JACKSON ST AND S KING ST,,,1,Property Damage Only Collision,Other,2,0,0,2,2004/01/16 00:00:00+00,1/16/2004 2:29:00 PM,Mid-Block (but intersection related),14,"MOTOR VEHICLE STRUCK MOTOR VEHICLE, REAR END",,0,Clear,Dry,Daylight,,4016022.0,,23,From same direction - all others,0,0,N
4557,1,-122.3037322,47.60432793,5453,18005,18005,1787365,Matched,Intersection,30200.0,22ND AVE AND E ALDER ST,,,1,Property Damage Only Collision,Left Turn,2,0,0,2,2004/01/05 00:00:00+00,1/5/2004,At Intersection (intersection related),11,"MOTOR VEHICLE STRUCK MOTOR VEHICLE, FRONT END AT ANGLE",,0,Overcast,Dry,Daylight,,4005017.0,,15,From same direction - one left turn - one straight,0,0,N
4558,2,-122.32997399999999,47.70863743,5454,18471,18471,C632035,Matched,Block,,N NORTHGATE WAY BETWEEN CORLISS AVE N AND 1ST AVE NE,,,2,Injury Collision,Rear Ended,2,0,0,2,2004/05/11 00:00:00+00,5/11/2004 8:45:00 AM,Mid-Block (but intersection related),14,"MOTOR VEHICLE STRUCK MOTOR VEHICLE, REAR END",,0,Overcast,Dry,Daylight,,4132034.0,,14,From same direction - both going straight - one stopped - rear-end,0,0,N
4559,1,-122.3378176,47.61853058,5455,18326,18326,1213387,Matched,Block,,DENNY WAY BETWEEN WESTLAKE AVE AND TERRY AVE,,,1,Property Damage Only Collision,Sideswipe,2,0,0,2,2004/04/28 00:00:00+00,4/28/2004 5:00:00 PM,Mid-Block (but intersection related),16,"MOTOR VEHICLE STRUCK MOTOR VEHICLE, LEFT SIDE SIDESWIPE",,0,Clear,Dry,Daylight,,4119039.0,,11,From same direction - both going straight - both moving - sideswipe,0,0,N
4560,2,-122.32187720000002,47.60576977,5456,19098,19098,1771997,Matched,Intersection,29817.0,BOREN AVE AND JEFFERSON ST,,,2,Injury Collision,Angles,4,0,0,2,2004/11/24 00:00:00+00,11/24/2004 5:31:00 PM,At Intersection (intersection related),11,"MOTOR VEHICLE STRUCK MOTOR VEHICLE, FRONT END AT ANGLE",,0,Raining,Wet,Dark - Street Lights On,,4329036.0,,10,Entering at angle,0,0,N
4561,2,-122.31253249999999,47.67578859,5459,18736,18736,1782236,Matched,Block,,NE 65TH ST BETWEEN 14TH AVE NE AND 15TH AVE NE,,,2,Injury Collision,Rear Ended,3,0,0,3,2004/04/14 00:00:00+00,4/14/2004 3:06:00 PM,Mid-Block (not related to intersection),14,"MOTOR VEHICLE STRUCK MOTOR VEHICLE, REAR END",,0,Clear,Dry,Daylight,,4105015.0,,14,From same direction - both going straight - one stopped - rear-end,0,0,N
4562,1,-122.3822556,47.55382947,5462,18346,18346,1789193,Matched,Block,,SW BRANDON ST BETWEEN FAUNTLEROY WAY SW AND 40TH AVE SW,,,1,Property Damage Only Collision,Parked Car,2,0,0,2,2004/03/18 00:00:00+00,3/18/2004 10:38:00 AM,Mid-Block (not related to intersection),11,"MOTOR VEHICLE STRUCK MOTOR VEHICLE, FRONT END AT ANGLE",,0,Clear,Dry,Unknown,,4078020.0,,32,One parked--one moving,0,0,N
4563,2,-122.3127486,47.73395173,5463,18660,18660,1781972,Matched,Intersection,35851.0,15TH AVE NE AND NE 145TH ST,,,2,Injury Collision,Pedestrian,2,1,0,1,2004/10/19 00:00:00+00,10/19/2004 11:31:00 AM,At Intersection (intersection related),24,MOTOR VEHCILE STRUCK PEDESTRIAN,,0,Raining,Wet,Daylight,,4293039.0,,1,Vehicle turning right hits pedestrian,0,0,N
4564,2,-122.28410120000001,47.55645048,5466,18071,18071,1771580,Matched,Block,,RAINIER AVE S BETWEEN S HUDSON ST AND 39TH N AVE S,,,2,Injury Collision,Rear Ended,3,0,0,2,2004/04/13 00:00:00+00,4/13/2004 1:06:00 PM,Mid-Block (but intersection related),14,"MOTOR VEHICLE STRUCK MOTOR VEHICLE, REAR END",Y,0,Clear,Dry,Daylight,,4104012.0,,14,From same direction - both going straight - one stopped - rear-end,0,0,N
4565,2,-122.33814299999999,47.64805469,5467,18180,18180,1774598,Matched,Block,,N 34TH ST BETWEEN WOODLAWN AVE N AND DENSMORE AVE N,,,2,Injury Collision,Rear Ended,7,0,0,2,2004/02/27 00:00:00+00,2/27/2004 8:46:00 AM,Mid-Block (but intersection related),14,"MOTOR VEHICLE STRUCK MOTOR VEHICLE, REAR END",Y,0,Overcast,Wet,Daylight,,4058040.0,,14,From same direction - both going straight - one stopped - rear-end,0,0,N
4566,1,-122.3373936,47.61266535,5468,18409,18409,1777499,Matched,Intersection,29567.0,5TH AVE AND OLIVE WAY,,,1,Property Damage Only Collision,Sideswipe,2,0,0,2,2004/06/27 00:00:00+00,6/27/2004 2:18:00 AM,At Intersection (intersection related),16,"MOTOR VEHICLE STRUCK MOTOR VEHICLE, LEFT SIDE SIDESWIPE",,0,Clear,Dry,Dark - Street Lights On,,4179014.0,,11,From same direction - both going straight - both moving - sideswipe,0,0,N
4567,1,-122.3100078,47.62385453,5470,18733,18733,1788466,Matched,Block,,17TH AVE E BETWEEN E REPUBLICAN N ST AND E MERCER ST,,,1,Property Damage Only Collision,Parked Car,2,0,0,2,2004/06/25 00:00:00+00,6/25/2004 3:20:00 PM,Mid-Block (but intersection related),16,"MOTOR VEHICLE STRUCK MOTOR VEHICLE, LEFT SIDE SIDESWIPE",,0,Clear,Dry,Daylight,,4177031.0,,32,One parked--one moving,0,0,N
4568,1,-122.3819011,47.54067421,5471,18558,18558,1795451,Matched,Block,,39TH AVE SW BETWEEN SW WILLOW ST AND SW FRONTENAC ST,,,1,Property Damage Only Collision,Parked Car,2,0,0,2,2004/09/27 00:00:00+00,9/27/2004 2:00:00 AM,Mid-Block (not related to intersection),16,"MOTOR VEHICLE STRUCK MOTOR VEHICLE, LEFT SIDE SIDESWIPE",,0,Clear,Dry,Dark - Street Lights On,,4271014.0,,32,One parked--one moving,0,0,N
4569,1,-122.3761923,47.56529384,5472,18231,18231,528274,Matched,Block,,35TH AVE SW BETWEEN FAUNTLEROY N WAY SW AND FAUNTLEROY S WAY SW,,,1,Property Damage Only Collision,Other,0,0,0,1,2004/04/11 00:00:00+00,4/11/2004 2:30:00 AM,Mid-Block (not related to intersection),28,MOTOR VEHICLE RAN OFF ROAD - HIT FIXED OBJECT,,0,Clear,Dry,Dark - Street Lights On,,4102012.0,,50,Fixed object,0,0,N
4570,1,-122.3180378,47.68311776,5473,18956,18956,1780021,Matched,Block,,NE 75TH ST BETWEEN 9TH AVE NE AND ROOSEVELT WAY NE,,,1,Property Damage Only Collision,Rear Ended,2,0,0,2,2004/03/29 00:00:00+00,3/29/2004 8:45:00 AM,Mid-Block (not related to intersection),14,"MOTOR VEHICLE STRUCK MOTOR VEHICLE, REAR END",Y,0,Clear,Dry,Daylight,,4089020.0,,13,From same direction - both going straight - both moving - rear-end,0,0,N
4571,2,-122.3150032,47.59581845,5474,18624,18624,1772264,Matched,Block,,S DEARBORN ST BETWEEN 13TH AVE S AND CORWIN PL S,,,2,Injury Collision,Rear Ended,3,0,0,2,2004/05/19 00:00:00+00,5/19/2004 3:43:00 PM,Mid-Block (not related to intersection),14,"MOTOR VEHICLE STRUCK MOTOR VEHICLE, REAR END",,0,Clear,Dry,Daylight,,4140007.0,,14,From same direction - both going straight - one stopped - rear-end,0,0,N
4572,2,-122.3555713,47.73413032,5475,18971,18971,1773819,Matched,Intersection,35778.0,GREENWOOD AVE N AND N 145TH ST,,,2,Injury Collision,Angles,3,0,0,2,2004/05/03 00:00:00+00,5/3/2004,At Intersection (intersection related),11,"MOTOR VEHICLE STRUCK MOTOR VEHICLE, FRONT END AT ANGLE",,0,Clear,Dry,Daylight,,4124017.0,,10,Entering at angle,0,0,N
4573,2,-122.2701547,47.53644387,5476,18424,18424,1771907,Matched,Block,,RAINIER AVE S BETWEEN S OTHELLO ST AND S FONTANELLE ST,,,2,Injury Collision,Rear Ended,3,0,0,2,2004/06/27 00:00:00+00,6/27/2004 12:22:00 PM,Mid-Block (not related to intersection),14,"MOTOR VEHICLE STRUCK MOTOR VEHICLE, REAR END",,0,Clear,Dry,Daylight,,4179024.0,,13,From same direction - both going straight - both moving - rear-end,0,0,N
4574,1,-122.3676527,47.63775956,5477,18448,18448,1212961,Matched,Intersection,27936.0,8TH AVE W AND W CROCKETT ST,,,1,Property Damage Only Collision,Angles,2,0,0,2,2004/02/13 00:00:00+00,2/13/2004 7:52:00 AM,At Intersection (intersection related),11,"MOTOR VEHICLE STRUCK MOTOR VEHICLE, FRONT END AT ANGLE",,0,Clear,Dry,Daylight,,4044003.0,,10,Entering at angle,0,0,N
4575,2,-122.2807788,47.55118995,5479,18397,18397,1786057,Matched,Intersection,33513.0,42ND AVE S AND S ORCAS ST,,,2,Injury Collision,Angles,4,0,0,2,2004/04/23 00:00:00+00,4/23/2004 3:14:00 PM,At Intersection (intersection related),11,"MOTOR VEHICLE STRUCK MOTOR VEHICLE, FRONT END AT ANGLE",,0,Overcast,Dry,Daylight,,4114020.0,,10,Entering at angle,0,0,N
4576,1,-122.3119268,47.66565918,5480,17868,17868,1476105,Matched,Block,,15TH AVE NE BETWEEN NE 50TH ST AND NE 52ND ST,,,1,Property Damage Only Collision,Sideswipe,3,0,0,2,2004/03/03 00:00:00+00,3/3/2004,Mid-Block (not related to intersection),16,"MOTOR VEHICLE STRUCK MOTOR VEHICLE, LEFT SIDE SIDESWIPE",Y,0,Raining,Wet,Daylight,,4063020.0,,11,From same direction - both going straight - both moving - sideswipe,0,0,N
4577,1,-122.2961163,47.61889933,5482,18546,18546,1789517,Matched,Intersection,29288.0,M L KING JR WAY AND E DENNY WAY,,,1,Property Damage Only Collision,Angles,2,0,0,2,2004/05/07 00:00:00+00,5/7/2004,At Intersection (intersection related),11,"MOTOR VEHICLE STRUCK MOTOR VEHICLE, FRONT END AT ANGLE",,0,Clear,Dry,Daylight,,4128037.0,,10,Entering at angle,0,0,N
4578,2,-122.33647930000001,47.62454525,5483,17989,17989,1784608,Matched,Block,,MERCER SR ST BETWEEN TERRY AVE N AND BOREN AVE N,,,2,Injury Collision,Other,4,0,0,2,2004/09/17 00:00:00+00,9/17/2004 11:28:00 AM,Driveway Junction,11,"MOTOR VEHICLE STRUCK MOTOR VEHICLE, FRONT END AT ANGLE",,0,Clear,Dry,Daylight,,4261020.0,,22,One car leaving driveway access,0,0,N
4579,1,-122.3555703,47.73366663,5484,18140,18140,1794619,Matched,Block,,GREENWOOD AVE N BETWEEN N 144TH ST AND N 145TH ST,,,1,Property Damage Only Collision,Parked Car,2,0,0,2,2004/12/01 00:00:00+00,12/1/2004,Mid-Block (not related to intersection),11,"MOTOR VEHICLE STRUCK MOTOR VEHICLE, FRONT END AT ANGLE",,0,Overcast,Wet,Dark - Street Lights On,,4336002.0,Y,32,One parked--one moving,0,0,N
4580,1,-122.3762226,47.65698919,5485,18576,18576,1213572,Matched,Block,,BALLARD BR BETWEEN 15TH AVE W AND POINT A,,,1,Property Damage Only Collision,Other,1,0,0,1,2004/08/17 00:00:00+00,8/17/2004 7:01:00 AM,Mid-Block (not related to intersection),28,MOTOR VEHICLE RAN OFF ROAD - HIT FIXED OBJECT,Y,0,Clear,Dry,Daylight,,4230042.0,,50,Fixed object,0,0,N
4581,1,-122.31879920000002,47.65682784,5486,18710,18710,1776109,Matched,Block,,9TH AVE NE BETWEEN NE 40TH ALLEY ST AND NE 42ND ST,,,1,Property Damage Only Collision,Parked Car,2,0,0,2,2004/02/20 00:00:00+00,2/20/2004 6:18:00 PM,Driveway Junction,12,"MOTOR VEHICLE STRUCK MOTOR VEHICLE, RIGHT SIDE AT ANGLE",,0,Clear,Dry,Daylight,,4051022.0,,32,One parked--one moving,0,0,N
4582,1,-122.37658940000001,47.53739389,5487,18096,18096,1797908,Matched,Intersection,34034.0,35TH AVE SW AND SW OTHELLO ST,,,1,Property Damage Only Collision,Angles,2,0,0,2,2004/08/09 00:00:00+00,8/9/2004,At Intersection (intersection related),11,"MOTOR VEHICLE STRUCK MOTOR VEHICLE, FRONT END AT ANGLE",,0,Clear,Dry,Daylight,,4222037.0,,10,Entering at angle,0,0,N
4583,2,-122.3472943,47.64717249,5488,18457,18457,1781944,Matched,Block,,AURORA BR BETWEEN RAYE ST AND BRIDGE WAY N,,,2,Injury Collision,Rear Ended,6,0,0,2,2004/10/16 00:00:00+00,10/16/2004 9:35:00 AM,Mid-Block (not related to intersection),14,"MOTOR VEHICLE STRUCK MOTOR VEHICLE, REAR END",,0,Raining,Wet,Daylight,,4290032.0,,14,From same direction - both going straight - one stopped - rear-end,0,0,N
4584,1,-122.3362165,47.65856837,5490,18928,18928,1794333,Matched,Block,,WALLINGFORD AVE N BETWEEN N 42ND ST AND N 43RD ST,,,1,Property Damage Only Collision,Parked Car,2,0,0,2,2004/07/12 00:00:00+00,7/12/2004 4:30:00 PM,Mid-Block (not related to intersection),11,"MOTOR VEHICLE STRUCK MOTOR VEHICLE, FRONT END AT ANGLE",,0,Unknown,Unknown,Unknown,,4194033.0,,32,One parked--one moving,0,0,N
4585,2,-122.25891990000001,47.52002049,5491,18672,18672,1773021,Matched,Block,,RAINIER AVE S BETWEEN ITHACA PL S AND S CARVER ST,,,2,Injury Collision,Other,3,0,0,2,2004/07/11 00:00:00+00,7/11/2004 3:20:00 PM,Driveway Junction,11,"MOTOR VEHICLE STRUCK MOTOR VEHICLE, FRONT END AT ANGLE",,0,Clear,Dry,Daylight,,4193018.0,,22,One car leaving driveway access,0,0,N
4586,1,-122.3580446,47.62094629,5493,18169,18169,1775622,Matched,Intersection,28659.0,1ST AVE W AND W THOMAS ST,,,1,Property Damage Only Collision,Angles,2,0,0,2,2004/06/08 00:00:00+00,6/8/2004,At Intersection (intersection related),11,"MOTOR VEHICLE STRUCK MOTOR VEHICLE, FRONT END AT ANGLE",,0,Clear,Dry,Daylight,,4160003.0,,10,Entering at angle,0,0,N
4587,1,-122.32075390000001,47.66096314,5495,18257,18257,1778935,Matched,Block,,7TH AVE NE BETWEEN NE 45TH ST OFF RP AND NE 45TH ST,,,1,Property Damage Only Collision,Other,2,0,0,2,2004/06/08 00:00:00+00,6/8/2004,Mid-Block (but intersection related),14,"MOTOR VEHICLE STRUCK MOTOR VEHICLE, REAR END",,0,Clear,Dry,Daylight,,4160024.0,,23,From same direction - all others,0,0,N