,SEVERITYCODE,X,Y,OBJECTID,INCKEY,COLDETKEY,REPORTNO,STATUS,ADDRTYPE,INTKEY,LOCATION,EXCEPTRSNCODE,EXCEPTRSNDESC,SEVERITYCODE.1,SEVERITYDESC,COLLISIONTYPE,PERSONCOUNT,PEDCOUNT,PEDCYLCOUNT,VEHCOUNT,INCDATE,INCDTTM,JUNCTIONTYPE,SDOT_COLCODE,SDOT_COLDESC,INATTENTIONIND,UNDERINFL,WEATHER,ROADCOND,LIGHTCOND,PEDROWNOTGRNT,SDOTCOLNUM,SPEEDING,ST_COLCODE,ST_COLDESC,SEGLANEKEY,CROSSWALKKEY,HITPARKEDCAR
4588,2,-122.345698,47.73412856,5496,17871,17871,1778795,Matched,Block,,N 145TH ST BETWEEN WHITMAN AVE N AND AURORA AVE N,,,2,Injury Collision,Other,2,0,0,2,2004/07/25 00:00:00+00,7/25/2004 3:55:00 PM,Driveway Junction,11,"MOTOR VEHICLE STRUCK MOTOR VEHICLE, FRONT END AT ANGLE",,0,Clear,Dry,Daylight,,4207005.0,,22,One car leaving driveway access,0,0,N
4589,1,-122.3134679,47.55410054,5497,18799,18799,1771712,Matched,Block,,15TH AVE S BETWEEN S BENNETT ST AND S LUCILE ST,,,1,Property Damage Only Collision,Parked Car,2,0,0,2,2004/05/06 00:00:00+00,5/6/2004,Mid-Block (not related to intersection),11,"MOTOR VEHICLE STRUCK MOTOR VEHICLE, FRONT END AT ANGLE",Y,0,Clear,Dry,Daylight,,4127012.0,,32,One parked--one moving,0,0,N
4590,1,-122.2971996,47.73379124,5498,18993,18993,1746984,Matched,Block,,NE 145TH ST BETWEEN 28TH AVE NE AND 30TH AVE NE,,,1,Property Damage Only Collision,Angles,3,0,0,2,2004/07/09 00:00:00+00,7/9/2004,Mid-Block (not related to intersection),11,"MOTOR VEHICLE STRUCK MOTOR VEHICLE, FRONT END AT ANGLE",,0,Clear,Dry,Daylight,,4191054.0,,10,Entering at angle,0,0,N
4591,2,-122.3389037,47.60928514,5499,18087,18087,1069454,Matched,Intersection,29592.0,2ND AVE AND PIKE ST,,,2,Injury Collision,Angles,3,0,0,2,2004/11/20 00:00:00+00,11/20/2004 11:24:00 PM,At Intersection (intersection related),11,"MOTOR VEHICLE STRUCK MOTOR VEHICLE, FRONT END AT ANGLE",,1,Clear,Dry,Dark - Street Lights On,,4325021.0,,10,Entering at angle,0,0,N
4592,1,-122.3250713,47.59499594,5500,18337,18337,1069709,Matched,Intersection,30546.0,MAYNARD AVE S AND S CHARLES ST,,,1,Property Damage Only Collision,Left Turn,3,0,0,2,2004/11/15 00:00:00+00,11/15/2004 5:13:00 PM,At Intersection (intersection related),11,"MOTOR VEHICLE STRUCK MOTOR VEHICLE, FRONT END AT ANGLE",,0,Raining,Wet,Dark - Street Lights On,,4320033.0,,15,From same direction - one left turn - one straight,0,0,N
4593,1,-122.3216969,47.69585883,5504,19036,19036,1793686,Matched,Block,,NE 92ND ST BETWEEN 5TH AVE NE AND 8TH AVE NE,,,1,Property Damage Only Collision,Other,1,0,0,1,2004/06/21 00:00:00+00,6/21/2004 1:40:00 PM,Mid-Block (but intersection related),26,MOTOR VEHICLE STRUCK OBJECT IN ROAD,,0,Clear,Dry,Daylight,,4173014.0,,50,Fixed object,0,0,N
4594,2,-122.32853490000002,47.60298463,5505,18474,18474,1214127,Matched,Intersection,30478.0,5TH AVE AND JEFFERSON ST,,,2,Injury Collision,Sideswipe,3,0,0,2,2004/05/25 00:00:00+00,5/25/2004 12:34:00 PM,At Intersection (intersection related),11,"MOTOR VEHICLE STRUCK MOTOR VEHICLE, FRONT END AT ANGLE",,0,Clear,Dry,Daylight,,4146028.0,,11,From same direction - both going straight - both moving - sideswipe,0,0,N
4595,1,-122.36160149999999,47.639597200000004,5506,18063,18063,1474800,Matched,Block,,W MCGRAW ST BETWEEN W MCGRAW W PL AND 4TH AVE W,,,1,Property Damage Only Collision,Parked Car,2,0,0,2,2004/04/17 00:00:00+00,4/17/2004 1:30:00 AM,Mid-Block (not related to intersection),14,"MOTOR VEHICLE STRUCK MOTOR VEHICLE, REAR END",,1,Raining,Wet,Dark - Street Lights On,,4108007.0,,32,One parked--one moving,0,0,N
4596,1,-122.34064840000002,47.70504576,5507,18636,18636,1779714,Matched,Intersection,37278.0,INTERLAKE AVE N AND N NORTHGATE WAY,,,1,Property Damage Only Collision,Left Turn,2,0,0,2,2004/03/26 00:00:00+00,3/26/2004 2:14:00 PM,At Intersection (intersection related),11,"MOTOR VEHICLE STRUCK MOTOR VEHICLE, FRONT END AT ANGLE",,0,Overcast,Wet,Daylight,,4086040.0,,28,From opposite direction - one left turn - one straight,0,0,N
4597,1,-122.3192088,47.70856922,5509,18003,18003,1316880,Matched,Block,,NE NORTHGATE WAY BETWEEN 8TH AVE NE AND ROOSEVELT WAY NE,,,1,Property Damage Only Collision,Other,3,0,0,2,2004/05/11 00:00:00+00,5/11/2004 9:20:00 AM,Driveway Junction,11,"MOTOR VEHICLE STRUCK MOTOR VEHICLE, FRONT END AT ANGLE",,0,Clear,Dry,Daylight,,4132027.0,,22,One car leaving driveway access,0,0,N
4598,1,-122.3725567,47.68235025,5510,18359,18359,1319739,Matched,Block,,13TH AVE NW BETWEEN NW 73RD ST AND NW 75TH ST,,,1,Property Damage Only Collision,Parked Car,2,0,0,2,2004/04/13 00:00:00+00,4/13/2004 9:00:00 PM,Mid-Block (not related to intersection),14,"MOTOR VEHICLE STRUCK MOTOR VEHICLE, REAR END",,0,Unknown,Unknown,Unknown,,4104001.0,,32,One parked--one moving,0,0,N
4599,1,-122.29234199999999,47.73102707,5511,18533,18533,C649609,Matched,Block,,LAKE CITY WAY NE BETWEEN NE 140TH ST AND NE 143RD ST,,,1,Property Damage Only Collision,Sideswipe,2,0,0,2,2004/11/06 00:00:00+00,11/6/2004,Mid-Block (not related to intersection),11,"MOTOR VEHICLE STRUCK MOTOR VEHICLE, FRONT END AT ANGLE",,0,Clear,Wet,Dusk,,4311043.0,,11,From same direction - both going straight - both moving - sideswipe,0,0,N
4600,1,-122.26851140000001,47.52842321,5512,19097,19097,1771890,Matched,Block,,WABASH AVE S BETWEEN S ROSE S ST AND CLOVERDALE PL S,,,1,Property Damage Only Collision,Parked Car,2,0,0,2,2004/12/10 00:00:00+00,12/10/2004 1:00:00 PM,Mid-Block (not related to intersection),16,"MOTOR VEHICLE STRUCK MOTOR VEHICLE, LEFT SIDE SIDESWIPE",,0,Raining,Wet,Daylight,,4345040.0,,32,One parked--one moving,0,0,N
4601,1,-122.3449368,47.71957221,5513,18416,18416,1773684,Matched,Intersection,35847.0,AURORA AVE N AND N 125TH ST,,,1,Property Damage Only Collision,Left Turn,3,0,0,2,2004/05/13 00:00:00+00,5/13/2004 9:00:00 PM,At Intersection (intersection related),11,"MOTOR VEHICLE STRUCK MOTOR VEHICLE, FRONT END AT ANGLE",,0,Clear,Dry,Dark - Street Lights On,,4134028.0,,28,From opposite direction - one left turn - one straight,0,0,N
4602,1,-122.35675149999999,47.61918879,5514,18154,18154,1213715,Matched,Block,,QUEEN ANNE AVE N BETWEEN DENNY WAY AND JOHN ST,,,1,Property Damage Only Collision,Other,2,0,0,2,2004/06/18 00:00:00+00,6/18/2004 1:30:00 AM,Driveway Junction,11,"MOTOR VEHICLE STRUCK MOTOR VEHICLE, FRONT END AT ANGLE",,0,Clear,Dry,Dark - Street Lights On,,4170043.0,,21,One car entering driveway access,0,0,N
4603,1,-122.314672,47.58595269,5515,19029,19029,1771665,Matched,Block,,14TH AVE S BETWEEN S HOLGATE ST AND S PLUM ST,,,1,Property Damage Only Collision,Other,2,0,0,2,2004/03/31 00:00:00+00,3/31/2004 6:03:00 PM,Mid-Block (not related to intersection),28,MOTOR VEHICLE RAN OFF ROAD - HIT FIXED OBJECT,,0,Overcast,Dry,Daylight,,4091003.0,,50,Fixed object,0,0,N
4604,1,-122.318141,47.61409443,5516,18239,18239,1216860,Matched,Intersection,29747.0,11TH AVE AND E PIKE ST,,,1,Property Damage Only Collision,Rear Ended,2,0,0,2,2004/07/09 00:00:00+00,7/9/2004,At Intersection (intersection related),14,"MOTOR VEHICLE STRUCK MOTOR VEHICLE, REAR END",Y,0,Overcast,Wet,Daylight,,4191037.0,,14,From same direction - both going straight - one stopped - rear-end,0,0,N
4605,2,-122.3292622,47.59089977,5517,18199,18199,C647042,Matched,Block,,4TH AVE SB ON RP BETWEEN 4TH AVE S AND EDGAR MARTINEZ DR S,,,2,Injury Collision,Rear Ended,3,0,0,2,2004/08/04 00:00:00+00,8/4/2004,Mid-Block (but intersection related),14,"MOTOR VEHICLE STRUCK MOTOR VEHICLE, REAR END",,0,Clear,Dry,Dark - Street Lights On,,4217040.0,,14,From same direction - both going straight - one stopped - rear-end,0,0,N
4606,2,-122.39476780000001,47.57028851,5518,18655,18655,1774885,Matched,Intersection,31959.0,49TH AVE SW AND SW CHARLESTOWN ST,,,2,Injury Collision,Angles,3,0,0,2,2004/03/26 00:00:00+00,3/26/2004 6:30:00 PM,At Intersection (intersection related),11,"MOTOR VEHICLE STRUCK MOTOR VEHICLE, FRONT END AT ANGLE",Y,0,Raining,Wet,Dusk,,4086007.0,,10,Entering at angle,0,0,N
4607,1,-122.3867767,47.56201042,5519,19076,19076,1798351,Matched,Block,,CALIFORNIA AVE SW BETWEEN SW OREGON ST AND SW ALASKA ST,,,1,Property Damage Only Collision,Parked Car,2,0,0,2,2004/05/22 00:00:00+00,5/22/2004 2:53:00 AM,Mid-Block (not related to intersection),16,"MOTOR VEHICLE STRUCK MOTOR VEHICLE, LEFT SIDE SIDESWIPE",,0,Overcast,Dry,Dark - Street Lights On,,4143023.0,,32,One parked--one moving,0,0,N
4608,1,-122.35542179999999,47.66341129999999,5520,18832,18832,1781937,Matched,Block,,GREENWOOD AVE N BETWEEN N 47TH N ST AND N 48TH ST,,,1,Property Damage Only Collision,Parked Car,3,0,0,2,2004/06/19 00:00:00+00,6/19/2004 11:00:00 AM,Mid-Block (not related to intersection),11,"MOTOR VEHICLE STRUCK MOTOR VEHICLE, FRONT END AT ANGLE",,0,Clear,Dry,Daylight,,4171013.0,,32,One parked--one moving,0,0,N
4609,2,-122.3397351,47.62539318,5521,18496,18496,1776213,Matched,Intersection,28743.0,9TH AVE N AND ROY ST,,,2,Injury Collision,Angles,2,0,0,2,2004/03/13 00:00:00+00,3/13/2004 2:15:00 AM,At Intersection (intersection related),11,"MOTOR VEHICLE STRUCK MOTOR VEHICLE, FRONT END AT ANGLE",,0,Overcast,Wet,Dark - Street Lights On,,4073020.0,,10,Entering at angle,0,0,N
4610,1,-122.35920359999999,47.63131726,5522,18035,18035,1216073,Matched,Intersection,28566.0,2ND AVE W AND W LEE ST,,,1,Property Damage Only Collision,Angles,5,0,0,2,2004/05/28 00:00:00+00,5/28/2004 11:15:00 PM,At Intersection (intersection related),11,"MOTOR VEHICLE STRUCK MOTOR VEHICLE, FRONT END AT ANGLE",,0,Overcast,Dry,Dark - No Street Lights,,4149022.0,,10,Entering at angle,0,0,N
4611,1,-122.26998200000001,47.52473904,5526,18729,18729,1771637,Matched,Block,,RAINIER AVE S BETWEEN S CLOVERDALE ST AND S HENDERSON ST,,,1,Property Damage Only Collision,Rear Ended,2,0,0,2,2004/02/26 00:00:00+00,2/26/2004 11:58:00 PM,Mid-Block (but intersection related),14,"MOTOR VEHICLE STRUCK MOTOR VEHICLE, REAR END",,0,Raining,Wet,Dark - Street Lights On,,4057021.0,,14,From same direction - both going straight - one stopped - rear-end,0,0,N
4612,1,-122.297816,47.71491193,5527,18697,18697,1794710,Matched,Block,,LAKE CITY WAY NE BETWEEN NE 117TH ST AND NE 120TH ST,,,1,Property Damage Only Collision,Other,2,0,0,2,2004/11/09 00:00:00+00,11/9/2004,Driveway Junction,14,"MOTOR VEHICLE STRUCK MOTOR VEHICLE, REAR END",,0,Clear,Dry,Daylight,,4314032.0,,22,One car leaving driveway access,0,0,N
4613,2,-122.30116909999998,47.59557258,5528,18367,18367,1789512,Matched,Intersection,30639.0,24TH AVE S AND S DEARBORN ST,,,2,Injury Collision,Angles,2,0,0,2,2004/01/18 00:00:00+00,1/18/2004 1:41:00 PM,At Intersection (intersection related),11,"MOTOR VEHICLE STRUCK MOTOR VEHICLE, FRONT END AT ANGLE",,0,Overcast,Dry,Daylight,,4018016.0,,10,Entering at angle,0,0,N
4614,2,-122.34045900000001,47.63644438,5529,18950,18950,1482437,Matched,Intersection,28021.0,NEWTON ST AND WESTLAKE AVE N,,,2,Injury Collision,Angles,2,0,0,2,2004/05/12 00:00:00+00,5/12/2004 7:10:00 PM,At Intersection (intersection related),11,"MOTOR VEHICLE STRUCK MOTOR VEHICLE, FRONT END AT ANGLE",,0,Clear,Dry,Daylight,,4133002.0,,10,Entering at angle,0,0,N
4615,1,-122.35198090000002,47.61602046,5530,18913,18913,1783460,Matched,Block,,CLAY ST BETWEEN WESTERN AVE AND 1ST AVE,,,1,Property Damage Only Collision,Parked Car,2,0,0,2,2004/10/13 00:00:00+00,10/13/2004 10:00:00 PM,Mid-Block (not related to intersection),11,"MOTOR VEHICLE STRUCK MOTOR VEHICLE, FRONT END AT ANGLE",,0,Unknown,Unknown,Unknown,,4287040.0,,20,One car leaving parked position,0,0,N
4616,1,-122.2980716,47.53945615,5531,18671,18671,1772905,Matched,Block,,S AVON CREST PL BETWEEN MILITARY RD S AND BEACON WR AVE S,,,1,Property Damage Only Collision,Other,1,0,0,1,2004/05/04 00:00:00+00,5/4/2004,Mid-Block (not related to intersection),48,DRIVERLESS VEHICLE RAN OFF ROAD - HIT FIXED OBJECT,,0,Overcast,Wet,Daylight,,4125006.0,,50,Fixed object,0,0,N
4617,1,-122.28837390000001,47.73283129,5532,18284,18284,1793758,Matched,Block,,37TH AVE NE BETWEEN NE 143RD ST AND NE 145TH ST,,,1,Property Damage Only Collision,Parked Car,2,0,0,2,2004/09/04 00:00:00+00,9/4/2004,Driveway Junction,13,"MOTOR VEHICLE STRUCK MOTOR VEHICLE, LEFT SIDE AT ANGLE",,0,Clear,Dry,Daylight,,4248007.0,,32,One parked--one moving,0,0,N
4618,1,,,5533,18311,18311,1779361,Matched,Intersection,31489.0,RAINIER AVE S AND S STEVENS ST,,,1,Property Damage Only Collision,Left Turn,2,0,0,2,2004/02/27 00:00:00+00,2/27/2004 4:54:00 PM,At Intersection (intersection related),11,"MOTOR VEHICLE STRUCK MOTOR VEHICLE, FRONT END AT ANGLE",,0,Clear,Dry,Daylight,,4058004.0,,28,From opposite direction - one left turn - one straight,0,0,N
4619,1,-122.32641229999999,47.72713035,5535,18108,18108,1794259,Matched,Block,,3RD AVE NE BETWEEN NE 135TH ST AND NE 136TH ST,,,1,Property Damage Only Collision,Other,1,0,0,1,2004/10/19 00:00:00+00,10/19/2004 2:00:00 AM,Mid-Block (not related to intersection),28,MOTOR VEHICLE RAN OFF ROAD - HIT FIXED OBJECT,,0,Clear,Dry,Unknown,,4293034.0,,50,Fixed object,0,0,N
4620,1,-122.34473359999998,47.70745411,5536,17719,17719,1080151,Matched,Block,,AURORA AVE N BETWEEN N 107TH N ST AND N 109TH ST,,,1,Property Damage Only Collision,Rear Ended,2,0,0,2,2004/06/22 00:00:00+00,6/22/2004 3:00:00 PM,Mid-Block (but intersection related),14,"MOTOR VEHICLE STRUCK MOTOR VEHICLE, REAR END",,0,Clear,Dry,Daylight,,4174022.0,,14,From same direction - both going straight - one stopped - rear-end,0,0,N
4621,1,-122.2922807,47.72919974,5537,19058,19058,1793736,Matched,Block,,LAKE CITY WAY NE BETWEEN NE 137TH ST AND NE 140TH ST,,,1,Property Damage Only Collision,Parked Car,2,0,0,2,2004/05/27 00:00:00+00,5/27/2004 10:44:00 PM,Mid-Block (but intersection related),11,"MOTOR VEHICLE STRUCK MOTOR VEHICLE, FRONT END AT ANGLE",,0,Clear,Dry,Dark - Street Lights On,,4148006.0,,20,One car leaving parked position,0,0,N
4622,2,-122.3307357,47.61042056,5538,18690,18690,1795846,Matched,Block,,8TH AVE BETWEEN SENECA ST AND CONVENTION CTR DR,,,2,Injury Collision,Rear Ended,3,0,0,3,2004/11/12 00:00:00+00,11/12/2004 5:11:00 PM,Mid-Block (but intersection related),14,"MOTOR VEHICLE STRUCK MOTOR VEHICLE, REAR END",Y,0,Overcast,Dry,Dusk,,4317029.0,,14,From same direction - both going straight - one stopped - rear-end,0,0,N
4623,1,-122.34078000000001,47.65269418,5541,18905,18905,1779825,Matched,Block,,N 38TH ST BETWEEN INTERLAKE AVE N AND ASHWORTH AVE N,,,1,Property Damage Only Collision,Parked Car,2,0,0,2,2004/06/05 00:00:00+00,6/5/2004,Mid-Block (not related to intersection),11,"MOTOR VEHICLE STRUCK MOTOR VEHICLE, FRONT END AT ANGLE",,0,Unknown,Unknown,Unknown,,4157033.0,,32,One parked--one moving,0,0,N
4624,1,-122.3246538,47.604608299999995,5543,18440,18440,1789855,Matched,Block,,JEFFERSON ST BETWEEN DEAD END 2 AND 9TH AVE,,,1,Property Damage Only Collision,Parked Car,2,0,0,2,2004/01/27 00:00:00+00,1/27/2004 2:00:00 PM,Mid-Block (not related to intersection),16,"MOTOR VEHICLE STRUCK MOTOR VEHICLE, LEFT SIDE SIDESWIPE",,0,Clear,Dry,Daylight,,4027011.0,,32,One parked--one moving,0,0,N
4625,1,-122.3195321,47.64135492,5545,19010,19010,1795863,Matched,Block,,E MILLER ST BETWEEN 10TH AVE E AND FEDERAL AVE E,,,1,Property Damage Only Collision,Parked Car,2,0,0,2,2004/10/19 00:00:00+00,10/19/2004 12:00:00 PM,Mid-Block (not related to intersection),11,"MOTOR VEHICLE STRUCK MOTOR VEHICLE, FRONT END AT ANGLE",,0,Unknown,Unknown,Unknown,,4293042.0,,32,One parked--one moving,0,0,N
4626,2,-122.3390524,47.62637315,5547,18516,18516,1216075,Matched,Block,,WESTLAKE AVE N BETWEEN VALLEY ST AND 9TH AVE N,,,2,Injury Collision,Other,7,0,0,2,2004/06/30 00:00:00+00,6/30/2004 9:45:00 PM,Driveway Junction,14,"MOTOR VEHICLE STRUCK MOTOR VEHICLE, REAR END",Y,0,Clear,Dry,Dark - Street Lights On,,4182004.0,,21,One car entering driveway access,0,0,N
4627,1,-122.3056993,47.60351176,5548,19105,19105,1788291,Matched,Block,,E SPRUCE ST BETWEEN 20TH AVE AND 21ST AVE,,,1,Property Damage Only Collision,Parked Car,2,0,0,2,2004/03/31 00:00:00+00,3/31/2004 4:18:00 PM,Mid-Block (not related to intersection),13,"MOTOR VEHICLE STRUCK MOTOR VEHICLE, LEFT SIDE AT ANGLE",,0,Clear,Dry,Daylight,,4091008.0,,32,One parked--one moving,0,0,N
4628,1,-122.35955700000001,47.57209967,5549,18831,18831,1781612,Matched,Block,,WEST MARGINAL WAY SW BETWEEN SW SPOKANE ST AND WEST MARGINAL TURN RD,,,1,Property Damage Only Collision,Sideswipe,4,0,0,2,2004/07/15 00:00:00+00,7/15/2004 1:00:00 PM,Mid-Block (not related to intersection),16,"MOTOR VEHICLE STRUCK MOTOR VEHICLE, LEFT SIDE SIDESWIPE",,0,Clear,Dry,Daylight,,4197013.0,,11,From same direction - both going straight - both moving - sideswipe,0,0,N
4629,1,-122.29951200000001,47.71204425,5551,18181,18181,1774719,Matched,Intersection,36655.0,LAKE CITY WAY NE AND NE 115TH ST,,,1,Property Damage Only Collision,Cycles,2,0,1,1,2004/05/20 00:00:00+00,5/20/2004 8:50:00 AM,At Intersection (intersection related),18,"MOTOR VEHICLE STRUCK PEDALCYCLIST, FRONT END AT ANGLE",,0,Overcast,Dry,Daylight,Y,4141022.0,,45,Vehicle - Pedalcyclist,0,0,N
4630,1,-122.3660203,47.67777044,5552,19576,19576,1782100,Matched,Intersection,24205.0,8TH AVE NW AND NW 67TH ST,,,1,Property Damage Only Collision,Right Turn,4,0,0,2,2004/11/24 00:00:00+00,11/24/2004 3:14:00 PM,At Intersection (intersection related),11,"MOTOR VEHICLE STRUCK MOTOR VEHICLE, FRONT END AT ANGLE",,0,Raining,Wet,Daylight,,4329038.0,,16,From same direction - one right turn - one straight,0,0,N
4631,1,-122.30547240000001,47.66835318,5553,19614,19614,1778941,Matched,Block,,21ST AVE NE BETWEEN NE 54TH ST AND NE 55TH ST,,,1,Property Damage Only Collision,Parked Car,2,0,0,2,2004/06/30 00:00:00+00,6/30/2004 9:00:00 AM,Mid-Block (not related to intersection),12,"MOTOR VEHICLE STRUCK MOTOR VEHICLE, RIGHT SIDE AT ANGLE",,0,Clear,Dry,Unknown,,4182035.0,,32,One parked--one moving,0,0,N
4632,1,-122.376636,47.53080824,5554,19948,19948,1790302,Matched,Block,,35TH AVE SW BETWEEN SW MONROE ST AND SW ELMGROVE N ST,,,1,Property Damage Only Collision,Parked Car,2,0,0,2,2004/03/18 00:00:00+00,3/18/2004 9:52:00 AM,Mid-Block (not related to intersection),16,"MOTOR VEHICLE STRUCK MOTOR VEHICLE, LEFT SIDE SIDESWIPE",Y,0,Clear,Dry,Daylight,,4078011.0,,32,One parked--one moving,0,0,N
4633,2,-122.32888600000001,47.725550399999996,5555,19692,19692,1780946,Matched,Block,,1ST AVE NE BETWEEN NE 133RD ST AND ROOSEVELT WAY NE,,,2,Injury Collision,Other,1,0,0,1,2004/06/11 00:00:00+00,6/11/2004 10:04:00 AM,Mid-Block (not related to intersection),28,MOTOR VEHICLE RAN OFF ROAD - HIT FIXED OBJECT,,0,Overcast,Dry,Daylight,,4163003.0,,50,Fixed object,0,0,N
4634,1,-122.41169550000001,47.65188305,5556,20642,20642,1777773,Matched,Intersection,26417.0,MAGNOLIA BLVD W AND W RUFFNER S ST,,,1,Property Damage Only Collision,Parked Car,2,0,0,2,2004/01/31 00:00:00+00,1/31/2004 4:00:00 PM,At Intersection (intersection related),16,"MOTOR VEHICLE STRUCK MOTOR VEHICLE, LEFT SIDE SIDESWIPE",,0,Overcast,Dry,Daylight,,4031001.0,,32,One parked--one moving,0,0,N
4635,1,-122.30880400000001,47.57606599,5557,19258,19258,1793108,Matched,Block,,18TH AVE S BETWEEN S STEVENS ST AND S HANFORD ST,,,1,Property Damage Only Collision,Parked Car,2,0,0,2,2004/08/03 00:00:00+00,8/3/2004,Mid-Block (not related to intersection),16,"MOTOR VEHICLE STRUCK MOTOR VEHICLE, LEFT SIDE SIDESWIPE",,0,Clear,Dry,Dark - Street Lights On,,4216010.0,,32,One parked--one moving,0,0,N
4636,1,-122.3860028,47.53291873,5559,20473,20473,1785872,Matched,Block,,SW PORTLAND ST BETWEEN 41ST AVE SW AND CALIFORNIA AVE SW,,,1,Property Damage Only Collision,Parked Car,2,0,0,2,2004/01/10 00:00:00+00,1/10/2004 12:30:00 PM,Mid-Block (not related to intersection),13,"MOTOR VEHICLE STRUCK MOTOR VEHICLE, LEFT SIDE AT ANGLE",,0,Overcast,Wet,Daylight,,4010031.0,,32,One parked--one moving,0,0,N
4637,2,-122.2389494,47.51050158,5560,19623,19623,1787886,Matched,Block,,RAINIER AVE S BETWEEN 75TH AVE S AND CITY LIMITS,,,2,Injury Collision,Other,2,0,0,2,2004/03/16 00:00:00+00,3/16/2004 6:50:00 AM,Driveway Junction,11,"MOTOR VEHICLE STRUCK MOTOR VEHICLE, FRONT END AT ANGLE",,0,Clear,Dry,Daylight,,4076007.0,,22,One car leaving driveway access,0,0,N
4638,1,-122.31136969999999,47.66488852,5561,19435,19435,1079781,Matched,Block,,NE 50TH ST BETWEEN 15TH AVE NE AND 16TH AVE NE,,,1,Property Damage Only Collision,Parked Car,2,0,0,2,2004/10/20 00:00:00+00,10/20/2004 2:46:00 PM,Driveway Junction,14,"MOTOR VEHICLE STRUCK MOTOR VEHICLE, REAR END",,0,Clear,Dry,Daylight,,4294006.0,,32,One parked--one moving,0,0,N
4639,2,-122.3415639,47.69054008,5562,19743,19743,1773464,Matched,Block,,N 85TH ST BETWEEN STONE W AVE N AND STONE E AVE N,,,2,Injury Collision,Rear Ended,4,0,0,2,2004/04/05 00:00:00+00,4/5/2004,Mid-Block (but intersection related),14,"MOTOR VEHICLE STRUCK MOTOR VEHICLE, REAR END",,0,Clear,Dry,Daylight,,4096002.0,,14,From same direction - both going straight - one stopped - rear-end,0,0,N
4640,1,-122.347719,47.72731572,5563,20016,20016,1773502,Matched,Block,,LINDEN AVE N BETWEEN N 135TH ST AND N 137TH S ST,,,1,Property Damage Only Collision,Parked Car,2,0,0,2,2004/02/13 00:00:00+00,2/13/2004 6:00:00 PM,Driveway Junction,11,"MOTOR VEHICLE STRUCK MOTOR VEHICLE, FRONT END AT ANGLE",Y,0,Clear,Dry,Daylight,,4044027.0,,32,One parked--one moving,0,0,N
4641,1,-122.2991597,47.57967346,5566,20226,20226,1793254,Matched,Block,,RAINIER AVE S BETWEEN S BAYVIEW ST AND S MCCLELLAN ST,,,1,Property Damage Only Collision,Sideswipe,2,0,0,2,2004/06/20 00:00:00+00,6/20/2004 7:15:00 PM,Mid-Block (not related to intersection),14,"MOTOR VEHICLE STRUCK MOTOR VEHICLE, REAR END",,0,Clear,Dry,Daylight,,4172021.0,Y,11,From same direction - both going straight - both moving - sideswipe,0,0,N
4642,1,-122.3569193,47.63898918,5568,19628,19628,1213339,Matched,Block,,QUEEN ANNE AVE N BETWEEN BOSTON ST AND MCGRAW ST,,,1,Property Damage Only Collision,Head On,2,0,0,2,2004/01/12 00:00:00+00,1/12/2004 9:20:00 PM,Mid-Block (not related to intersection),11,"MOTOR VEHICLE STRUCK MOTOR VEHICLE, FRONT END AT ANGLE",,0,Raining,Wet,Dark - Street Lights On,,4012004.0,,30,From opposite direction - all others,0,0,N
4643,2,-122.360351,47.620371399999996,5569,19320,19320,1777276,Matched,Block,,WESTERN AVE W BETWEEN ELLIOTT ER AVE W AND 3RD AVE W,,,2,Injury Collision,Sideswipe,10,0,0,4,2004/01/09 00:00:00+00,1/9/2004,Mid-Block (not related to intersection),16,"MOTOR VEHICLE STRUCK MOTOR VEHICLE, LEFT SIDE SIDESWIPE",,1,Raining,Wet,Dark - Street Lights On,,4009018.0,,11,From same direction - both going straight - both moving - sideswipe,0,0,N
4644,1,-122.28842350000001,47.56496219,5570,19913,19913,1477144,Matched,Block,,RAINIER AVE S BETWEEN S ADAMS ST AND S GENESEE N ST,,,1,Property Damage Only Collision,Parked Car,2,0,0,2,2004/07/18 00:00:00+00,7/18/2004 2:00:00 PM,Mid-Block (not related to intersection),0,NOT ENOUGH INFORMATION / NOT APPLICABLE,,0,Clear,Dry,Daylight,,4200009.0,,32,One parked--one moving,0,0,N
4645,1,-122.2744748,47.530306200000005,5571,20326,20326,1779330,Matched,Block,,46TH AVE S BETWEEN S KENYON E ST AND S ROSE ST,,,1,Property Damage Only Collision,Other,2,0,0,2,2004/05/22 00:00:00+00,5/22/2004 4:33:00 PM,Driveway Junction,11,"MOTOR VEHICLE STRUCK MOTOR VEHICLE, FRONT END AT ANGLE",,0,Clear,Dry,Daylight,,4143022.0,,22,One car leaving driveway access,0,0,N
4646,2,-122.3424392,47.65538288,5572,20019,20019,1780348,Matched,Intersection,26848.0,STONE WAY N AND N 40TH ST,,,2,Injury Collision,Pedestrian,2,1,0,1,2004/04/21 00:00:00+00,4/21/2004 2:00:00 PM,At Intersection (intersection related),24,MOTOR VEHCILE STRUCK PEDESTRIAN,,0,Clear,Dry,Daylight,Y,4112003.0,,2,Vehicle turning left hits pedestrian,0,0,N
4647,1,-122.29365420000002,47.54350859,5573,19943,19943,1779418,Matched,Block,,30TH AVE S BETWEEN S MORGAN ST AND S HOLLY ST,,,1,Property Damage Only Collision,Parked Car,4,0,0,4,2004/10/10 00:00:00+00,10/10/2004 2:53:00 AM,Mid-Block (not related to intersection),16,"MOTOR VEHICLE STRUCK MOTOR VEHICLE, LEFT SIDE SIDESWIPE",,1,Clear,Dry,Dark - Street Lights On,,4284011.0,,32,One parked--one moving,0,0,N
4648,1,-122.28129320000001,47.537042299999996,5574,19499,19499,1772790,Matched,Intersection,34562.0,M L KING JR WR WAY S AND S OTHELLO ST,,,1,Property Damage Only Collision,Rear Ended,4,0,0,2,2004/07/10 00:00:00+00,7/10/2004 5:42:00 PM,At Intersection (intersection related),14,"MOTOR VEHICLE STRUCK MOTOR VEHICLE, REAR END",,0,Raining,Wet,Daylight,,4192006.0,,14,From same direction - both going straight - one stopped - rear-end,0,0,N