,SEVERITYCODE,X,Y,OBJECTID,INCKEY,COLDETKEY,REPORTNO,STATUS,ADDRTYPE,INTKEY,LOCATION,EXCEPTRSNCODE,EXCEPTRSNDESC,SEVERITYCODE.1,SEVERITYDESC,COLLISIONTYPE,PERSONCOUNT,PEDCOUNT,PEDCYLCOUNT,VEHCOUNT,INCDATE,INCDTTM,JUNCTIONTYPE,SDOT_COLCODE,SDOT_COLDESC,INATTENTIONIND,UNDERINFL,WEATHER,ROADCOND,LIGHTCOND,PEDROWNOTGRNT,SDOTCOLNUM,SPEEDING,ST_COLCODE,ST_COLDESC,SEGLANEKEY,CROSSWALKKEY,HITPARKEDCAR
4649,1,-122.37747900000001,47.53741567,5575,20177,20177,1790346,Matched,Block,,SW OTHELLO ST BETWEEN 35TH AVE SW AND 36TH N AVE SW,,,1,Property Damage Only Collision,Parked Car,2,0,0,2,2004/09/27 00:00:00+00,9/27/2004 7:46:00 AM,Mid-Block (not related to intersection),16,"MOTOR VEHICLE STRUCK MOTOR VEHICLE, LEFT SIDE SIDESWIPE",,0,Fog/Smog/Smoke,Dry,Dark - Street Lights On,,4271027.0,,32,One parked--one moving,0,0,N
4650,1,-122.3212581,47.61297213,5578,19480,19480,1795928,Matched,Block,,E UNION ST BETWEEN SENECA ST AND BROADWAY,,,1,Property Damage Only Collision,Parked Car,4,0,0,3,2004/09/21 00:00:00+00,9/21/2004 12:15:00 PM,Mid-Block (not related to intersection),11,"MOTOR VEHICLE STRUCK MOTOR VEHICLE, FRONT END AT ANGLE",,0,Clear,Dry,Daylight,,4265010.0,,20,One car leaving parked position,0,0,N
4651,1,-122.3342549,47.61851729,5579,20452,20452,1213780,Matched,Intersection,29504.0,DENNY WAY AND FAIRVIEW AVE,,,1,Property Damage Only Collision,Angles,2,0,0,2,2004/04/14 00:00:00+00,4/14/2004 1:31:00 PM,At Intersection (intersection related),11,"MOTOR VEHICLE STRUCK MOTOR VEHICLE, FRONT END AT ANGLE",,0,Clear,Dry,Daylight,,4105034.0,,10,Entering at angle,0,0,N
4652,1,-122.28386979999999,47.56348627,5581,20834,20834,1798054,Matched,Block,,39TH AVE S BETWEEN S GENESEE ST AND S OREGON ST,,,1,Property Damage Only Collision,Parked Car,2,0,0,2,2004/09/26 00:00:00+00,9/26/2004 7:12:00 AM,Mid-Block (but intersection related),14,"MOTOR VEHICLE STRUCK MOTOR VEHICLE, REAR END",,0,Overcast,Dry,Daylight,,4270033.0,,32,One parked--one moving,0,0,N
4653,1,-122.3254428,47.67551897,5583,19306,19306,1334848,Matched,Block,,LATONA AVE NE BETWEEN NE 64TH ST AND NE 65TH E ST,,,1,Property Damage Only Collision,Sideswipe,3,0,0,2,2004/04/28 00:00:00+00,4/28/2004 10:50:00 PM,Mid-Block (not related to intersection),11,"MOTOR VEHICLE STRUCK MOTOR VEHICLE, FRONT END AT ANGLE",,0,Clear,Dry,Dark - Street Lights On,,4119011.0,,11,From same direction - both going straight - both moving - sideswipe,0,0,N
4654,2,-122.3629991,47.55101311,5587,20080,20080,1775234,Matched,Block,,DELRIDGE WAY SW BETWEEN SW FINDLAY ST AND SW JUNEAU ST,,,2,Injury Collision,Other,1,0,0,1,2004/02/07 00:00:00+00,2/7/2004,Mid-Block (not related to intersection),28,MOTOR VEHICLE RAN OFF ROAD - HIT FIXED OBJECT,Y,0,Clear,Dry,Daylight,,4038001.0,,50,Fixed object,0,0,N
4655,1,-122.3169283,47.61993671,5589,20093,20093,1772029,Matched,Intersection,29055.0,12TH AVE E AND E JOHN ST,,,1,Property Damage Only Collision,Rear Ended,37,0,0,2,2004/03/25 00:00:00+00,3/25/2004 7:26:00 AM,At Intersection (but not related to intersection),14,"MOTOR VEHICLE STRUCK MOTOR VEHICLE, REAR END",,0,Raining,Wet,Daylight,,4085041.0,,13,From same direction - both going straight - both moving - rear-end,0,0,N
4656,1,-122.32075,47.60634077,5590,19838,19838,1772175,Matched,Block,,BROADWAY BETWEEN JEFFERSON ST AND MINOR AVE,,,1,Property Damage Only Collision,Angles,2,0,0,2,2004/12/06 00:00:00+00,12/6/2004,Mid-Block (but intersection related),15,"MOTOR VEHICLE STRUCK MOTOR VEHICLE, RIGHT SIDE SIDESWIPE",,0,Raining,Wet,Daylight,,4341033.0,,10,Entering at angle,0,0,N
4657,1,-122.3423867,47.62030264,5591,20818,20818,1785157,Matched,Block,,DEXTER AVE N BETWEEN JOHN ST AND THOMAS ST,,,1,Property Damage Only Collision,Cycles,2,0,1,1,2004/09/24 00:00:00+00,9/24/2004 8:44:00 AM,Mid-Block (not related to intersection),56,PEDALCYCLIST STRUCK MOTOR VEHICLE LEFT SIDE SIDESWIPE,Y,0,Overcast,Dry,Daylight,,4268008.0,,45,Vehicle - Pedalcyclist,0,0,N
4658,2,-122.2670747,47.53935674,5592,19128,19128,1327157,Matched,Block,,SEWARD PARK AVE S BETWEEN S FRONTENAC ST AND S MYRTLE ST,,,2,Injury Collision,Other,1,0,0,1,2004/03/28 00:00:00+00,3/28/2004 2:00:00 AM,Mid-Block (not related to intersection),28,MOTOR VEHICLE RAN OFF ROAD - HIT FIXED OBJECT,,0,Clear,Dry,Dark - Street Lights On,,4088006.0,,50,Fixed object,0,0,N
4659,1,-122.3118263,47.59626403,5593,19687,19687,1789847,Matched,Block,,RAINIER AVE S BETWEEN S LANE ST AND S DEARBORN ST,,,1,Property Damage Only Collision,Rear Ended,2,0,0,2,2004/04/27 00:00:00+00,4/27/2004 5:25:00 PM,Mid-Block (but intersection related),14,"MOTOR VEHICLE STRUCK MOTOR VEHICLE, REAR END",,0,Clear,Dry,Daylight,,4118020.0,,14,From same direction - both going straight - one stopped - rear-end,0,0,N
4660,1,-122.28792620000002,47.56075087,5594,19779,19779,1781337,Matched,Block,,S ALASKA ST BETWEEN 35TH AVE S AND RAINIER AVE S,,,1,Property Damage Only Collision,Other,2,0,0,2,2004/05/13 00:00:00+00,5/13/2004 9:00:00 AM,Driveway Junction,14,"MOTOR VEHICLE STRUCK MOTOR VEHICLE, REAR END",,0,Clear,Dry,Daylight,,4134014.0,,22,One car leaving driveway access,0,0,N
4661,1,-122.34695320000002,47.61037734,5595,19816,19816,1777061,Matched,Block,,ALASKAN WAY BETWEEN LENORA ST AND BLANCHARD ST,,,1,Property Damage Only Collision,Rear Ended,3,0,0,3,2004/05/12 00:00:00+00,5/12/2004 1:16:00 PM,Mid-Block (but intersection related),14,"MOTOR VEHICLE STRUCK MOTOR VEHICLE, REAR END",,0,Clear,Dry,Daylight,,4133014.0,,14,From same direction - both going straight - one stopped - rear-end,0,0,N
4662,2,-122.32092309999999,47.65202595,5596,20469,20469,1781883,Matched,Block,,UNIVERSITY BR BETWEEN FUHRMAN AVE E AND POINT A,,,2,Injury Collision,Head On,2,0,0,2,2004/07/24 00:00:00+00,7/24/2004 10:34:00 AM,Mid-Block (not related to intersection),26,MOTOR VEHICLE STRUCK OBJECT IN ROAD,,0,Clear,Dry,Daylight,,4206007.0,,30,From opposite direction - all others,0,0,N
4663,2,-122.3288813,47.63030028,5598,19586,19586,1789892,Matched,Block,,FAIRVIEW AVE N BETWEEN YALE AVE N AND FAIRVIEW AVE E,,,2,Injury Collision,Other,4,0,0,2,2004/11/30 00:00:00+00,11/30/2004 11:00:00 PM,Driveway Junction,11,"MOTOR VEHICLE STRUCK MOTOR VEHICLE, FRONT END AT ANGLE",,0,Clear,Dry,Dark - Street Lights On,,4335026.0,,22,One car leaving driveway access,0,0,N
4664,2,-122.3209367,47.62466033,5599,19891,19891,1789694,Matched,Block,,BROADWAY E BETWEEN E MERCER ST AND E ROY E ST,,,2,Injury Collision,Rear Ended,4,0,0,4,2004/07/23 00:00:00+00,7/23/2004 1:26:00 PM,Mid-Block (but intersection related),14,"MOTOR VEHICLE STRUCK MOTOR VEHICLE, REAR END",Y,0,Clear,Dry,Daylight,,4205025.0,,14,From same direction - both going straight - one stopped - rear-end,0,0,N
4665,1,-122.32929209999999,47.61844935,5600,19720,19720,1214011,Matched,Block,,DENNY WAY BETWEEN STEWART ST AND MELROSE AVE,,,1,Property Damage Only Collision,Parked Car,2,0,0,2,2004/07/13 00:00:00+00,7/13/2004 3:14:00 PM,Mid-Block (not related to intersection),15,"MOTOR VEHICLE STRUCK MOTOR VEHICLE, RIGHT SIDE SIDESWIPE",,0,Clear,Dry,Daylight,,4195030.0,,32,One parked--one moving,0,0,N
4666,1,-122.30827659999999,47.60802361,5602,19615,19615,1772104,Matched,Block,,E CHERRY ST BETWEEN 18TH AVE AND 19TH AVE,,,1,Property Damage Only Collision,Parked Car,2,0,0,2,2004/04/06 00:00:00+00,4/6/2004,Mid-Block (not related to intersection),14,"MOTOR VEHICLE STRUCK MOTOR VEHICLE, REAR END",,0,Clear,Dry,Dark - Street Lights On,,4097013.0,,32,One parked--one moving,0,0,N
4667,1,-122.3577102,47.61881611,5604,20353,20353,1776887,Matched,Block,,WESTERN AVE W BETWEEN W DENNY WAY AND 1ST AVE W,,,1,Property Damage Only Collision,Rear Ended,2,0,0,2,2004/04/21 00:00:00+00,4/21/2004 5:51:00 AM,Mid-Block (but intersection related),14,"MOTOR VEHICLE STRUCK MOTOR VEHICLE, REAR END",,0,Clear,Dry,Daylight,,4112014.0,Y,14,From same direction - both going straight - one stopped - rear-end,0,0,N
4668,1,-122.3342811,47.60255533,5605,19252,19252,1777579,Matched,Intersection,30354.0,1ST AVE AND CHERRY ST,,,1,Property Damage Only Collision,Left Turn,3,0,0,2,2004/05/17 00:00:00+00,5/17/2004 12:49:00 PM,At Intersection (intersection related),11,"MOTOR VEHICLE STRUCK MOTOR VEHICLE, FRONT END AT ANGLE",,0,Clear,Dry,Daylight,,4138032.0,,28,From opposite direction - one left turn - one straight,0,0,N
4669,1,-122.33844950000001,47.60878865,5606,19641,19641,1186749,Matched,Block,,2ND AVE BETWEEN UNION ST AND PIKE ST,,,1,Property Damage Only Collision,Parked Car,2,0,0,2,2004/06/16 00:00:00+00,6/16/2004 11:18:00 PM,Driveway Junction,14,"MOTOR VEHICLE STRUCK MOTOR VEHICLE, REAR END",,0,Clear,Dry,Dark - Street Lights On,,4168013.0,,32,One parked--one moving,0,0,N
4670,1,-122.32675970000001,47.5861751,5608,19626,19626,1213141,Matched,Block,,S HOLGATE ST BETWEEN 5TH AVE S AND 6TH AVE S,,,1,Property Damage Only Collision,Sideswipe,2,0,0,2,2004/12/30 00:00:00+00,12/30/2004 1:10:00 PM,Mid-Block (but intersection related),16,"MOTOR VEHICLE STRUCK MOTOR VEHICLE, LEFT SIDE SIDESWIPE",,0,Clear,Wet,Daylight,,4365019.0,,11,From same direction - both going straight - both moving - sideswipe,0,0,N
4671,2,-122.3673912,47.66865732,5609,19436,19436,1079822,Matched,Block,,NW MARKET ST BETWEEN 8TH AVE NW AND 9TH AVE NW,,,2,Injury Collision,Rear Ended,5,0,0,2,2004/09/09 00:00:00+00,9/9/2004,Mid-Block (but intersection related),14,"MOTOR VEHICLE STRUCK MOTOR VEHICLE, REAR END",Y,0,Clear,Dry,Daylight,,4253032.0,,14,From same direction - both going straight - one stopped - rear-end,0,0,N
4672,1,-122.319235,47.65421717,5610,19733,19733,1775989,Matched,Block,,UNIVERSITY BR BETWEEN POINT B AND EASTLAKE AVE NE,,,1,Property Damage Only Collision,Sideswipe,4,0,0,3,2004/01/08 00:00:00+00,1/8/2004,Mid-Block (not related to intersection),16,"MOTOR VEHICLE STRUCK MOTOR VEHICLE, LEFT SIDE SIDESWIPE",,0,Raining,Wet,Dark - Street Lights On,,4008020.0,,11,From same direction - both going straight - both moving - sideswipe,0,0,N
4673,2,-122.3796877,47.56256568,5612,19555,19555,1789182,Matched,Block,,FAUNTLEROY WAY SW BETWEEN SW OREGON ST AND 38TH AVE SW,,,2,Injury Collision,Rear Ended,3,0,0,2,2004/01/16 00:00:00+00,1/16/2004 3:31:00 PM,Mid-Block (but intersection related),14,"MOTOR VEHICLE STRUCK MOTOR VEHICLE, REAR END",,0,Clear,Dry,Daylight,,4016008.0,,14,From same direction - both going straight - one stopped - rear-end,0,0,N
4674,2,,,5613,20742,20742,1210262,Matched,Block,,BROAD ST BETWEEN 5TH AVE N AND TAYLOR AVE N,,,2,Injury Collision,Rear Ended,2,0,0,2,2004/10/14 00:00:00+00,10/14/2004 6:50:00 PM,Mid-Block (but intersection related),16,"MOTOR VEHICLE STRUCK MOTOR VEHICLE, LEFT SIDE SIDESWIPE",,0,Unknown,Unknown,Dark - Street Lights On,,4288031.0,,13,From same direction - both going straight - both moving - rear-end,0,0,N
4675,1,-122.3133666,47.58594854,5614,19978,19978,1771604,Matched,Block,,15TH AVE S BETWEEN S HOLGATE ST AND S PLUM ST,,,1,Property Damage Only Collision,Parked Car,2,0,0,2,2004/05/07 00:00:00+00,5/7/2004,Mid-Block (not related to intersection),14,"MOTOR VEHICLE STRUCK MOTOR VEHICLE, REAR END",,0,Unknown,Dry,Unknown,,4128053.0,,32,One parked--one moving,0,0,N
4676,2,-122.3156821,47.59919952,5615,20342,20342,1790028,Matched,Block,,S JACKSON ST BETWEEN 12TH AVE S AND 14TH AVE S,,,2,Injury Collision,Other,2,0,0,2,2004/02/27 00:00:00+00,2/27/2004 5:01:00 PM,Driveway Junction,11,"MOTOR VEHICLE STRUCK MOTOR VEHICLE, FRONT END AT ANGLE",,0,Clear,Dry,Dusk,,4058009.0,,22,One car leaving driveway access,0,0,N
4677,1,-122.3165709,47.60001112,5616,19250,19250,1216936,Matched,Block,,S MAIN ST BETWEEN 12TH AVE S AND BOREN AVE S,,,1,Property Damage Only Collision,Other,4,0,0,2,2004/09/14 00:00:00+00,9/14/2004 4:28:00 PM,Mid-Block (but intersection related),11,"MOTOR VEHICLE STRUCK MOTOR VEHICLE, FRONT END AT ANGLE",,0,Raining,Wet,Daylight,,4258008.0,,23,From same direction - all others,0,0,N
4678,2,-122.3660017,47.68693636,5619,20756,20756,1782371,Matched,Intersection,24137.0,8TH AVE NW AND NW 80TH ST,,,2,Injury Collision,Angles,5,0,0,2,2004/07/04 00:00:00+00,7/4/2004,At Intersection (intersection related),11,"MOTOR VEHICLE STRUCK MOTOR VEHICLE, FRONT END AT ANGLE",,0,Clear,Dry,Daylight,,4186012.0,,10,Entering at angle,0,0,N
4679,1,-122.32618719999999,47.66078355,5620,19874,19874,1777335,Matched,Block,,THACKERAY PL NE BETWEEN NE 44TH ST AND NE 45TH ST,,,1,Property Damage Only Collision,Parked Car,2,0,0,2,2004/03/01 00:00:00+00,3/1/2004,Mid-Block (not related to intersection),15,"MOTOR VEHICLE STRUCK MOTOR VEHICLE, RIGHT SIDE SIDESWIPE",,0,Clear,Dry,Daylight,,4061025.0,,32,One parked--one moving,0,0,N
4680,1,-122.3767307,47.52196692,5621,20073,20073,1790180,Matched,Block,,35TH AVE SW BETWEEN SW HENDERSON ST AND SW BARTON ST,,,1,Property Damage Only Collision,Other,3,0,0,2,2004/09/18 00:00:00+00,9/18/2004 5:30:00 PM,Driveway Junction,11,"MOTOR VEHICLE STRUCK MOTOR VEHICLE, FRONT END AT ANGLE",,0,Overcast,Wet,Daylight,,4262023.0,,22,One car leaving driveway access,0,0,N
4681,2,-122.3345243,47.70233163,5622,19647,19647,1773864,Matched,Block,,COLLEGE WAY N BETWEEN N 100TH ST AND MERIDIAN AVE N,,,2,Injury Collision,Parked Car,2,0,0,2,2004/06/20 00:00:00+00,6/20/2004 1:25:00 PM,Mid-Block (not related to intersection),14,"MOTOR VEHICLE STRUCK MOTOR VEHICLE, REAR END",Y,0,Clear,Dry,Daylight,,4172015.0,,32,One parked--one moving,0,0,N
4682,1,-122.32507279999999,47.5945769,5623,19954,19954,1795883,Matched,Block,,MAYNARD AVE S BETWEEN S CHARLES ST AND AIRPORT WAY S,,,1,Property Damage Only Collision,Rear Ended,2,0,0,2,2004/10/04 00:00:00+00,10/4/2004,Mid-Block (not related to intersection),14,"MOTOR VEHICLE STRUCK MOTOR VEHICLE, REAR END",,0,Clear,Dry,Daylight,,4278005.0,,14,From same direction - both going straight - one stopped - rear-end,0,0,N
4683,1,-122.3174136,47.66402754,5625,19413,19413,1780115,Matched,Block,,ROOSEVELT WAY NE BETWEEN NE 47TH ST AND NE 50TH ST,,,1,Property Damage Only Collision,Rear Ended,3,0,0,2,2004/02/16 00:00:00+00,2/16/2004 6:13:00 PM,Mid-Block (but intersection related),14,"MOTOR VEHICLE STRUCK MOTOR VEHICLE, REAR END",Y,0,Raining,Wet,Dark - Street Lights On,,4047024.0,,13,From same direction - both going straight - both moving - rear-end,0,0,N
4684,2,-122.39475390000001,47.64864261,5626,19195,19195,1478270,Matched,Block,,W DRAVUS ST BETWEEN 29TH AVE W AND 30 UPPER AVE W,,,2,Injury Collision,Other,1,0,0,1,2004/01/28 00:00:00+00,1/28/2004 6:04:00 PM,Mid-Block (but intersection related),26,MOTOR VEHICLE STRUCK OBJECT IN ROAD,,0,Raining,Wet,Dark - Street Lights On,,4028008.0,Y,50,Fixed object,0,0,N
4685,1,-122.2627862,47.51955821,5628,20625,20625,1779674,Matched,Block,,56TH AVE S BETWEEN RAINIER AVE S AND S FLETCHER ST,,,1,Property Damage Only Collision,Parked Car,2,0,0,2,2004/04/21 00:00:00+00,4/21/2004 9:15:00 PM,Mid-Block (not related to intersection),13,"MOTOR VEHICLE STRUCK MOTOR VEHICLE, LEFT SIDE AT ANGLE",,0,Clear,Dry,Dark - Street Lights On,,4112032.0,,32,One parked--one moving,0,0,N
4686,1,-122.33317530000001,47.65912599,5630,19160,19160,1782383,Matched,Block,,N 43RD ST BETWEEN MERIDIAN AVE N AND BAGLEY AVE N,,,1,Property Damage Only Collision,Parked Car,2,0,0,2,2004/02/23 00:00:00+00,2/23/2004 7:30:00 AM,Mid-Block (not related to intersection),15,"MOTOR VEHICLE STRUCK MOTOR VEHICLE, RIGHT SIDE SIDESWIPE",Y,0,Snowing,Snow/Slush,Unknown,,4054040.0,,32,One parked--one moving,0,0,N
4687,1,-122.32589340000001,47.63898704,5631,20190,20190,1788671,Matched,Block,,EASTLAKE AVE E BETWEEN E BOSTON ST AND E LYNN ST,,,1,Property Damage Only Collision,Other,3,0,0,2,2004/02/28 00:00:00+00,2/28/2004 3:03:00 PM,Driveway Junction,11,"MOTOR VEHICLE STRUCK MOTOR VEHICLE, FRONT END AT ANGLE",,0,Clear,Dry,Daylight,,4059012.0,,22,One car leaving driveway access,0,0,N
4688,1,-122.30801890000001,47.62206823,5632,20734,20734,1079818,Matched,Block,,E HARRISON ST BETWEEN 18TH AVE E AND 19TH AVE E,,,1,Property Damage Only Collision,Parked Car,2,0,0,2,2004/08/30 00:00:00+00,8/30/2004 10:56:00 AM,Mid-Block (not related to intersection),16,"MOTOR VEHICLE STRUCK MOTOR VEHICLE, LEFT SIDE SIDESWIPE",Y,0,Clear,Dry,Daylight,,4243032.0,,32,One parked--one moving,0,0,N
4689,1,-122.26957809999999,47.52922384,5633,20320,20320,1478890,Matched,Block,,WABASH AVE S BETWEEN S ROSE ST AND S ROSE S ST,,,1,Property Damage Only Collision,Rear Ended,4,0,0,2,2004/11/15 00:00:00+00,11/15/2004 5:10:00 PM,Mid-Block (but intersection related),14,"MOTOR VEHICLE STRUCK MOTOR VEHICLE, REAR END",,0,Raining,Wet,Dark - Street Lights On,,4320046.0,,13,From same direction - both going straight - both moving - rear-end,0,0,N
4690,1,-122.32474930000001,47.6055547,5635,19243,19243,1772455,Matched,Intersection,29959.0,9TH AVE AND JAMES ST,,,1,Property Damage Only Collision,Sideswipe,2,0,0,2,2004/05/24 00:00:00+00,5/24/2004 1:48:00 PM,At Intersection (intersection related),11,"MOTOR VEHICLE STRUCK MOTOR VEHICLE, FRONT END AT ANGLE",,0,Clear,Dry,Daylight,,4145008.0,,11,From same direction - both going straight - both moving - sideswipe,0,0,N
4691,1,-122.38679450000001,47.59514845,5636,19608,19608,1781091,Matched,Block,,ALKI AVE SW BETWEEN HARBOR AVE SW AND SW RHODE ISLAND ST,,,1,Property Damage Only Collision,Parked Car,2,0,0,2,2004/04/02 00:00:00+00,4/2/2004,Mid-Block (not related to intersection),11,"MOTOR VEHICLE STRUCK MOTOR VEHICLE, FRONT END AT ANGLE",,1,Clear,Dry,Dark - Street Lights On,,4093040.0,,32,One parked--one moving,0,0,N
4692,1,-122.3044074,47.60716784,5637,20058,20058,1787367,Matched,Block,,E JAMES ST BETWEEN 21ST AVE AND 22ND N AVE,,,1,Property Damage Only Collision,Parked Car,2,0,0,2,2004/02/09 00:00:00+00,2/9/2004,Driveway Junction,11,"MOTOR VEHICLE STRUCK MOTOR VEHICLE, FRONT END AT ANGLE",,0,Clear,Dry,Dark - Street Lights On,,4040002.0,,32,One parked--one moving,0,0,N
4693,1,-122.3077994,47.68395177,5639,19878,19878,1780090,Matched,Block,,19TH AVE NE BETWEEN NE 75TH ST AND NE 77TH ST,,,1,Property Damage Only Collision,Parked Car,2,0,0,2,2004/05/28 00:00:00+00,5/28/2004 1:58:00 PM,Mid-Block (not related to intersection),15,"MOTOR VEHICLE STRUCK MOTOR VEHICLE, RIGHT SIDE SIDESWIPE",,0,Overcast,Wet,Unknown,,4149016.0,,32,One parked--one moving,0,0,N
4694,2,-122.316845,47.61468248,5641,19646,19646,1772332,Matched,Block,,12TH AVE BETWEEN E PIKE ST AND E PINE ST,,,2,Injury Collision,Cycles,2,0,1,1,2004/05/03 00:00:00+00,5/3/2004,Driveway Junction,18,"MOTOR VEHICLE STRUCK PEDALCYCLIST, FRONT END AT ANGLE",,0,Clear,Dry,Daylight,Y,4124027.0,,45,Vehicle - Pedalcyclist,0,0,N
4695,2,-122.2771932,47.55006585,5642,19958,19958,1772728,Matched,Block,,RAINIER AVE S BETWEEN S MEAD ST AND S JUNEAU ST,,,2,Injury Collision,Rear Ended,5,0,0,2,2004/04/24 00:00:00+00,4/24/2004 12:44:00 PM,Mid-Block (not related to intersection),14,"MOTOR VEHICLE STRUCK MOTOR VEHICLE, REAR END",,0,Clear,Dry,Daylight,,4115019.0,,14,From same direction - both going straight - one stopped - rear-end,0,0,N
4696,2,-122.30065149999999,47.67577422,5643,19845,19845,1079660,Matched,Intersection,24695.0,25TH AVE NE AND NE 65TH ST,,,2,Injury Collision,Angles,3,0,0,2,2004/09/17 00:00:00+00,9/17/2004 7:30:00 PM,At Intersection (intersection related),11,"MOTOR VEHICLE STRUCK MOTOR VEHICLE, FRONT END AT ANGLE",,0,Raining,Wet,Daylight,,4261018.0,,10,Entering at angle,0,0,N
4697,1,-122.3469584,47.619737,5644,19141,19141,1472948,Matched,Block,,JOHN ST BETWEEN 5TH AVE N AND TAYLOR AVE N,,,1,Property Damage Only Collision,Parked Car,2,0,0,2,2004/07/14 00:00:00+00,7/14/2004 1:50:00 PM,Mid-Block (not related to intersection),16,"MOTOR VEHICLE STRUCK MOTOR VEHICLE, LEFT SIDE SIDESWIPE",,0,Unknown,Dry,Unknown,,4196043.0,,32,One parked--one moving,0,0,N
4698,1,,,5645,19482,19482,1796659,Matched,Block,,AURORA AVE N BETWEEN BATTERY ST TUNNEL NB AND THOMAS ST,,,1,Property Damage Only Collision,Other,2,0,0,1,2004/12/26 00:00:00+00,12/26/2004 10:30:00 PM,Mid-Block (not related to intersection),26,MOTOR VEHICLE STRUCK OBJECT IN ROAD,,0,Overcast,Dry,Dark - Street Lights On,,4361003.0,,50,Fixed object,0,0,N
4699,1,-122.3148791,47.61411752,5646,20603,20603,1798939,Matched,Block,,E PIKE ST BETWEEN 13TH AVE AND 14TH AVE,,,1,Property Damage Only Collision,Rear Ended,2,0,0,2,2004/09/08 00:00:00+00,9/8/2004,Mid-Block (not related to intersection),14,"MOTOR VEHICLE STRUCK MOTOR VEHICLE, REAR END",,0,Overcast,Wet,Daylight,,4252018.0,,14,From same direction - both going straight - one stopped - rear-end,0,0,N
4700,1,-122.2726422,47.53592258,5647,20274,20274,1779048,Matched,Intersection,34477.0,48TH AVE S AND S FONTANELLE ST,,,1,Property Damage Only Collision,Angles,2,0,0,2,2004/04/12 00:00:00+00,4/12/2004 3:13:00 PM,At Intersection (intersection related),11,"MOTOR VEHICLE STRUCK MOTOR VEHICLE, FRONT END AT ANGLE",,0,Clear,Dry,Daylight,,4103005.0,,10,Entering at angle,0,0,N
4701,1,-122.3663999,47.6259934,5649,19237,19237,1316782,Matched,Block,,W MERCER PL BETWEEN 6TH AVE W AND ELLIOTT AVE W,,,1,Property Damage Only Collision,Sideswipe,2,0,0,2,2004/05/25 00:00:00+00,5/25/2004 8:45:00 AM,Mid-Block (not related to intersection),11,"MOTOR VEHICLE STRUCK MOTOR VEHICLE, FRONT END AT ANGLE",,0,Clear,Dry,Daylight,,4146029.0,,11,From same direction - both going straight - both moving - sideswipe,0,0,N
4702,1,-122.3450771,47.73230966,5650,19594,19594,1773587,Matched,Intersection,35721.0,AURORA AVE N AND N 143RD ST,,,1,Property Damage Only Collision,Left Turn,2,0,0,2,2004/03/24 00:00:00+00,3/24/2004 9:30:00 PM,At Intersection (intersection related),11,"MOTOR VEHICLE STRUCK MOTOR VEHICLE, FRONT END AT ANGLE",,0,Unknown,Wet,Dark - Street Lights On,,4084027.0,,28,From opposite direction - one left turn - one straight,0,0,N
4703,1,-122.30090619999999,47.661888299999994,5651,19746,19746,1773584,Matched,Block,,25TH AVE NE BETWEEN NE 44TH ST AND NE 47TH ST,,,1,Property Damage Only Collision,Parked Car,2,0,0,2,2004/02/27 00:00:00+00,2/27/2004 9:57:00 PM,Mid-Block (not related to intersection),14,"MOTOR VEHICLE STRUCK MOTOR VEHICLE, REAR END",,0,Clear,Dry,Dark - Street Lights On,,4058022.0,,32,One parked--one moving,0,0,N
4704,2,-122.2860912,47.54701438,5652,20443,20443,1784214,Matched,Block,,M L KING JR WR WAY S BETWEEN S RAYMOND ST AND S GRAHAM ST,,,2,Injury Collision,Rear Ended,4,0,0,2,2004/10/23 00:00:00+00,10/23/2004 1:25:00 PM,Mid-Block (not related to intersection),14,"MOTOR VEHICLE STRUCK MOTOR VEHICLE, REAR END",,0,Clear,Dry,Daylight,,4297019.0,,14,From same direction - both going straight - one stopped - rear-end,0,0,N
4705,1,-122.3395594,47.60832456,5655,19946,19946,1778011,Matched,Block,,1ST AVE BETWEEN UNION ST AND PIKE ST,,,1,Property Damage Only Collision,Rear Ended,4,0,0,2,2004/01/31 00:00:00+00,1/31/2004 12:38:00 AM,Mid-Block (but intersection related),14,"MOTOR VEHICLE STRUCK MOTOR VEHICLE, REAR END",Y,0,Clear,Dry,Dark - Street Lights On,,4031043.0,,14,From same direction - both going straight - one stopped - rear-end,0,0,N
4706,1,-122.3237585,47.59709153,5656,19993,19993,1482610,Matched,Block,,7TH AVE S BETWEEN S WELLER ST AND S LANE ST,,,1,Property Damage Only Collision,Parked Car,2,0,0,2,2004/05/27 00:00:00+00,5/27/2004 12:44:00 PM,Mid-Block (not related to intersection),11,"MOTOR VEHICLE STRUCK MOTOR VEHICLE, FRONT END AT ANGLE",,0,Raining,Wet,Daylight,,4148025.0,,20,One car leaving parked position,0,0,N
4707,1,-122.356977,47.63413623,5658,19684,19684,1213767,Matched,Block,,QUEEN ANNE AVE N BETWEEN GARFIELD ST AND BLAINE ST,,,1,Property Damage Only Collision,Parked Car,2,0,0,2,2004/03/30 00:00:00+00,3/30/2004 10:14:00 AM,Mid-Block (not related to intersection),11,"MOTOR VEHICLE STRUCK MOTOR VEHICLE, FRONT END AT ANGLE",Y,0,Overcast,Dry,Daylight,,4090038.0,,19,One car entering parked position,0,0,N
4708,1,-122.3505713,47.61841487,5659,20070,20070,1777551,Matched,Block,,BROAD ST BETWEEN 3RD AVE AND DENNY WAY,,,1,Property Damage Only Collision,Other,2,0,0,2,2004/02/07 00:00:00+00,2/7/2004,Mid-Block (but intersection related),11,"MOTOR VEHICLE STRUCK MOTOR VEHICLE, FRONT END AT ANGLE",,0,Overcast,Dry,Daylight,,4038022.0,,23,From same direction - all others,0,0,N