,SEVERITYCODE,X,Y,OBJECTID,INCKEY,COLDETKEY,REPORTNO,STATUS,ADDRTYPE,INTKEY,LOCATION,EXCEPTRSNCODE,EXCEPTRSNDESC,SEVERITYCODE.1,SEVERITYDESC,COLLISIONTYPE,PERSONCOUNT,PEDCOUNT,PEDCYLCOUNT,VEHCOUNT,INCDATE,INCDTTM,JUNCTIONTYPE,SDOT_COLCODE,SDOT_COLDESC,INATTENTIONIND,UNDERINFL,WEATHER,ROADCOND,LIGHTCOND,PEDROWNOTGRNT,SDOTCOLNUM,SPEEDING,ST_COLCODE,ST_COLDESC,SEGLANEKEY,CROSSWALKKEY,HITPARKEDCAR
4709,2,-122.3814565,47.56018176,5660,20266,20266,1789452,Matched,Block,,FAUNTLEROY WAY SW BETWEEN SW ALASKA ST AND SW EDMUNDS ST,,,2,Injury Collision,Rear Ended,2,0,0,2,2004/09/13 00:00:00+00,9/13/2004 6:19:00 PM,Mid-Block (but intersection related),14,"MOTOR VEHICLE STRUCK MOTOR VEHICLE, REAR END",Y,0,Clear,Dry,Daylight,,4257002.0,,14,From same direction - both going straight - one stopped - rear-end,0,0,N
4710,1,-122.3003527,47.6287115,5662,19373,19373,1198270,Matched,Block,,25TH AVE E BETWEEN E HELEN ST AND E PROSPECT ST,,,1,Property Damage Only Collision,Other,1,0,0,1,2004/11/14 00:00:00+00,11/14/2004 8:35:00 PM,Mid-Block (not related to intersection),28,MOTOR VEHICLE RAN OFF ROAD - HIT FIXED OBJECT,,0,Overcast,Wet,Dark - Street Lights On,,4319011.0,,50,Fixed object,0,0,N
4711,1,-122.3450853,47.73306346,5663,19156,19156,1778924,Matched,Block,,AURORA AVE N BETWEEN N 143RD ST AND ROOSEVELT WAY N,,,1,Property Damage Only Collision,Other,2,0,0,2,2004/02/13 00:00:00+00,2/13/2004 5:16:00 PM,Driveway Junction,11,"MOTOR VEHICLE STRUCK MOTOR VEHICLE, FRONT END AT ANGLE",,0,Clear,Dry,Dark - Street Lights On,,4044019.0,,21,One car entering driveway access,0,0,N
4712,1,-122.3350605,47.66577239,5665,20017,20017,1773596,Matched,Block,,N 51ST ST BETWEEN WALLINGFORD AVE N AND MERIDIAN AVE N,,,1,Property Damage Only Collision,Parked Car,2,0,0,2,2004/08/20 00:00:00+00,8/20/2004 11:33:00 PM,Mid-Block (not related to intersection),16,"MOTOR VEHICLE STRUCK MOTOR VEHICLE, LEFT SIDE SIDESWIPE",,0,Clear,Dry,Dark - Street Lights On,,4233023.0,,32,One parked--one moving,0,0,N
4713,2,-122.33623840000001,47.60469505,5666,19567,19567,1777262,Matched,Intersection,29621.0,1ST AVE AND MADISON ST,,,2,Injury Collision,Angles,2,0,0,2,2004/05/26 00:00:00+00,5/26/2004 3:43:00 PM,At Intersection (intersection related),11,"MOTOR VEHICLE STRUCK MOTOR VEHICLE, FRONT END AT ANGLE",,0,Raining,Wet,Daylight,,4147043.0,,10,Entering at angle,0,0,N
4714,1,-122.2700443,47.5133445,5667,19199,19199,1779349,Matched,Block,,51ST AVE S BETWEEN S BOND ST AND S GAZELLE ST,,,1,Property Damage Only Collision,Parked Car,3,0,0,2,2004/06/05 00:00:00+00,6/5/2004,Mid-Block (not related to intersection),14,"MOTOR VEHICLE STRUCK MOTOR VEHICLE, REAR END",,0,Raining,Wet,Daylight,,4157012.0,,32,One parked--one moving,0,0,N
4715,2,-122.3391953,47.61725907,5669,20356,20356,1777113,Matched,Intersection,29521.0,8TH AVE AND BLANCHARD ST,,,2,Injury Collision,Angles,3,0,0,2,2004/01/26 00:00:00+00,1/26/2004 2:05:00 PM,At Intersection (intersection related),11,"MOTOR VEHICLE STRUCK MOTOR VEHICLE, FRONT END AT ANGLE",,0,Overcast,Dry,Daylight,,4026010.0,,10,Entering at angle,0,0,N
4716,1,-122.32005759999998,47.64227343,5670,19251,19251,1217009,Matched,Block,,10TH AVE E BETWEEN E MILLER ST AND E ROANOKE W ST,,,1,Property Damage Only Collision,Rear Ended,2,0,0,2,2004/10/13 00:00:00+00,10/13/2004 5:20:00 PM,Mid-Block (but intersection related),14,"MOTOR VEHICLE STRUCK MOTOR VEHICLE, REAR END",Y,0,Clear,Dry,Daylight,,4287010.0,,13,From same direction - both going straight - both moving - rear-end,0,0,N
4717,2,-122.32676950000001,47.61112106,5671,19465,19465,1788270,Matched,Block,,BOREN AVE BETWEEN SENECA ST AND UNIVERSITY ST,,,2,Injury Collision,Right Turn,3,0,0,2,2004/03/01 00:00:00+00,3/1/2004,Mid-Block (but intersection related),16,"MOTOR VEHICLE STRUCK MOTOR VEHICLE, LEFT SIDE SIDESWIPE",,0,Clear,Dry,Dark - Street Lights On,,4061007.0,,16,From same direction - one right turn - one straight,0,0,N
4718,1,-122.26585220000001,47.52753369,5672,19224,19224,1786492,Matched,Block,,SEWARD PARK AVE S BETWEEN S GRATTAN ST AND S CLOVERDALE ST,,,1,Property Damage Only Collision,Rear Ended,3,0,0,2,2004/02/08 00:00:00+00,2/8/2004,Mid-Block (not related to intersection),14,"MOTOR VEHICLE STRUCK MOTOR VEHICLE, REAR END",,0,Clear,Wet,Dark - Street Lights On,,4039016.0,,14,From same direction - both going straight - one stopped - rear-end,0,0,N
4719,1,-122.31675619999999,47.61222459,5673,18718,18718,1772463,Matched,Block,,12TH AVE BETWEEN E SPRING ST AND E MADISON ST,,,1,Property Damage Only Collision,Rear Ended,2,0,0,2,2004/06/18 00:00:00+00,6/18/2004 9:30:00 PM,Mid-Block (but intersection related),14,"MOTOR VEHICLE STRUCK MOTOR VEHICLE, REAR END",,0,Clear,Dry,Dark - Street Lights On,,4170037.0,,14,From same direction - both going straight - one stopped - rear-end,0,0,N
4720,1,-122.32650579999999,47.63824718,5674,20032,20032,1217253,Matched,Block,,E BOSTON ST BETWEEN YALE AVE E AND EASTLAKE AVE E,,,1,Property Damage Only Collision,Parked Car,2,0,0,2,2004/08/21 00:00:00+00,8/21/2004 5:00:00 PM,Mid-Block (not related to intersection),16,"MOTOR VEHICLE STRUCK MOTOR VEHICLE, LEFT SIDE SIDESWIPE",,0,Clear,Dry,Daylight,,4234010.0,,32,One parked--one moving,0,0,N
4721,1,-122.33708999999999,47.60433853,5677,19137,19137,1776238,Matched,Block,,MADISON ST BETWEEN WESTERN AVE AND POST AVE,,,1,Property Damage Only Collision,Head On,2,0,0,2,2004/02/21 00:00:00+00,2/21/2004 6:55:00 PM,Mid-Block (not related to intersection),11,"MOTOR VEHICLE STRUCK MOTOR VEHICLE, FRONT END AT ANGLE",Y,0,Clear,Dry,Dark - Street Lights On,,4052016.0,,25,From opposite direction - one stopped - head-on,0,0,N
4722,1,-122.3567002,47.62601546,5678,20599,20599,1059885,Matched,Block,,QUEEN ANNE AVE N BETWEEN W ROY ST AND VALLEY ST,,,1,Property Damage Only Collision,Rear Ended,4,0,0,2,2004/12/04 00:00:00+00,12/4/2004,Mid-Block (not related to intersection),14,"MOTOR VEHICLE STRUCK MOTOR VEHICLE, REAR END",,0,Raining,Wet,Dark - Street Lights On,,4339040.0,,14,From same direction - both going straight - one stopped - rear-end,0,0,N
4723,1,-122.32182879999999,47.62684053,5679,19976,19976,1327973,Matched,Block,,E ALOHA ST BETWEEN HARVARD AVE E AND BROADWAY E,,,1,Property Damage Only Collision,Parked Car,2,0,0,2,2004/05/18 00:00:00+00,5/18/2004 7:10:00 AM,Mid-Block (not related to intersection),13,"MOTOR VEHICLE STRUCK MOTOR VEHICLE, LEFT SIDE AT ANGLE",,0,Other,Unknown,Daylight,,4139037.0,,32,One parked--one moving,0,0,N
4724,2,-122.2807788,47.55118995,5681,19525,19525,1772854,Matched,Intersection,33513.0,42ND AVE S AND S ORCAS ST,,,2,Injury Collision,Angles,6,0,0,2,2004/05/28 00:00:00+00,5/28/2004 7:40:00 AM,At Intersection (intersection related),11,"MOTOR VEHICLE STRUCK MOTOR VEHICLE, FRONT END AT ANGLE",,0,Raining,Wet,Daylight,,4149050.0,,10,Entering at angle,0,0,N
4725,1,-122.32671459999999,47.66135208,5682,19167,19167,1780224,Matched,Block,,NE 45TH ST BETWEEN 2ND AVE NE AND THACKERAY PL NE,,,1,Property Damage Only Collision,Other,1,0,0,1,2004/04/01 00:00:00+00,4/1/2004,Mid-Block (not related to intersection),28,MOTOR VEHICLE RAN OFF ROAD - HIT FIXED OBJECT,,0,Clear,Dry,Dark - Street Lights On,,4092002.0,,50,Fixed object,0,0,N
4726,1,-122.3088712,47.61094676,5685,20022,20022,1780466,Matched,Block,,18TH AVE BETWEEN E MARION ST AND E SPRING ST,,,1,Property Damage Only Collision,Parked Car,2,0,0,2,2004/03/27 00:00:00+00,3/27/2004 9:00:00 PM,Mid-Block (not related to intersection),11,"MOTOR VEHICLE STRUCK MOTOR VEHICLE, FRONT END AT ANGLE",,0,Unknown,Unknown,Unknown,,4087018.0,,32,One parked--one moving,0,0,N
4727,1,-122.36710929999998,47.57139156,5686,19787,19787,1790495,Matched,Block,,SW SPOKANE SR ST BETWEEN 26TH AV SW ON RP AND SW ADMIRAL SR WAY,,,1,Property Damage Only Collision,Rear Ended,3,0,0,3,2004/10/19 00:00:00+00,10/19/2004 7:04:00 AM,Mid-Block (not related to intersection),14,"MOTOR VEHICLE STRUCK MOTOR VEHICLE, REAR END",Y,0,Raining,Wet,Dawn,,4293025.0,,14,From same direction - both going straight - one stopped - rear-end,0,0,N
4728,2,-122.33018829999999,47.52655427,5689,20008,20008,1798158,Matched,Block,,S CLOVERDALE ST BETWEEN CLOVERDALE ST OFF RP AND 5TH AVE S,,,2,Injury Collision,Parked Car,3,0,0,3,2004/06/09 00:00:00+00,6/9/2004,Mid-Block (not related to intersection),14,"MOTOR VEHICLE STRUCK MOTOR VEHICLE, REAR END",Y,0,Raining,Wet,Dark - Street Lights On,,4161004.0,,32,One parked--one moving,0,0,N
4729,1,-122.2836906,47.57887322,5690,19268,19268,1788731,Matched,Block,,LAKE WASHINGTON BLVD S BETWEEN LAKE PARK DR S AND S HORTON NR ST,,,1,Property Damage Only Collision,Cycles,2,0,1,1,2004/01/18 00:00:00+00,1/18/2004 2:39:00 PM,Mid-Block (not related to intersection),23,"MOTOR VEHICLE STRUCK PEDALCYCLIST, LEFT SIDE SIDESWIPE",,0,Overcast,Wet,Daylight,,4018012.0,,45,Vehicle - Pedalcyclist,0,0,N
4730,1,-122.3452248,47.61437118,5691,19328,19328,1069996,Matched,Block,,BELL ST BETWEEN 2ND AVE AND 3RD AVE,,,1,Property Damage Only Collision,Parked Car,2,0,0,2,2004/11/22 00:00:00+00,11/22/2004 10:30:00 PM,Mid-Block (not related to intersection),11,"MOTOR VEHICLE STRUCK MOTOR VEHICLE, FRONT END AT ANGLE",,0,Unknown,Unknown,Dark - Street Lights On,,4327045.0,,32,One parked--one moving,0,0,N
4731,1,-122.30310630000001,47.55452601,5692,19967,19967,1794203,Matched,Block,,BEACON WR AVE S BETWEEN S BENNETT ST AND S BRANDON ST,,,1,Property Damage Only Collision,Parked Car,2,0,0,2,2004/08/10 00:00:00+00,8/10/2004 12:01:00 AM,Mid-Block (not related to intersection),13,"MOTOR VEHICLE STRUCK MOTOR VEHICLE, LEFT SIDE AT ANGLE",,0,Clear,Dry,Dark - Street Lights On,,4223040.0,,32,One parked--one moving,0,0,N
4732,1,-122.3131297,47.66126937,5694,19679,19679,1930951,Matched,Intersection,27062.0,UNIVERSITY WAY NE AND NE 45TH ST,,,1,Property Damage Only Collision,Angles,5,0,0,2,2004/12/04 00:00:00+00,12/4/2004,At Intersection (intersection related),11,"MOTOR VEHICLE STRUCK MOTOR VEHICLE, FRONT END AT ANGLE",,0,Clear,Dry,Dark - Street Lights On,,4339033.0,,10,Entering at angle,0,0,N
4733,1,-122.37489950000001,47.66866614,5695,19446,19446,1775757,Matched,Block,,NW MARKET ST BETWEEN 14TH AVE NW AND 15TH AVE NW,,,1,Property Damage Only Collision,Other,1,0,0,1,2004/01/29 00:00:00+00,1/29/2004 1:31:00 AM,Mid-Block (but intersection related),27,MOTOR VEHICLE RAN OFF ROAD - NO COLLISION,,1,Raining,Wet,Dark - Street Lights On,,4029039.0,,50,Fixed object,0,0,N
4734,1,-122.3023502,47.58934563,5696,19751,19751,1783951,Matched,Block,,23RD AVE S BETWEEN MOUNTAINS TO SOUND TRL AND S MASSACHUSETTS ST,,,1,Property Damage Only Collision,Other,1,0,0,1,2004/11/12 00:00:00+00,11/12/2004 1:05:00 AM,Mid-Block (not related to intersection),28,MOTOR VEHICLE RAN OFF ROAD - HIT FIXED OBJECT,,0,Fog/Smog/Smoke,Unknown,Dark - Street Lights On,,4317003.0,,50,Fixed object,0,0,N
4735,1,-122.27808999999999,47.55339711,5697,20594,20594,1771537,Matched,Block,,S BRANDON ST BETWEEN RAINIER AVE S AND 45TH AVE S,,,1,Property Damage Only Collision,Parked Car,2,0,0,2,2004/05/31 00:00:00+00,5/31/2004 8:00:00 PM,Driveway Junction,11,"MOTOR VEHICLE STRUCK MOTOR VEHICLE, FRONT END AT ANGLE",,0,Overcast,Dry,Dark - Street Lights On,,4152018.0,,32,One parked--one moving,0,0,N
4736,1,-122.3299417,47.60535702,5698,19354,19354,1482367,Matched,Block,,COLUMBIA ST BETWEEN 5TH AVE AND 6TH AVE,,,1,Property Damage Only Collision,Parked Car,2,0,0,2,2004/04/12 00:00:00+00,4/12/2004 3:02:00 PM,Mid-Block (not related to intersection),11,"MOTOR VEHICLE STRUCK MOTOR VEHICLE, FRONT END AT ANGLE",,0,Clear,Dry,Daylight,,4103016.0,,20,One car leaving parked position,0,0,N
4737,1,-122.33049380000001,47.60512615,5700,20136,20136,1182094,Matched,Intersection,29965.0,5TH AVE AND COLUMBIA ST,,,1,Property Damage Only Collision,Angles,2,0,0,2,2004/12/28 00:00:00+00,12/28/2004 8:22:00 PM,At Intersection (intersection related),11,"MOTOR VEHICLE STRUCK MOTOR VEHICLE, FRONT END AT ANGLE",,0,Clear,Dry,Dark - Street Lights On,,4363029.0,,10,Entering at angle,0,0,N
4738,1,-122.3528875,47.61597109,5701,20815,20815,1784753,Matched,Block,,WESTERN AVE BETWEEN CLAY ST AND BROAD ST,,,1,Property Damage Only Collision,Sideswipe,2,0,0,2,2004/08/31 00:00:00+00,8/31/2004 3:40:00 PM,Mid-Block (not related to intersection),16,"MOTOR VEHICLE STRUCK MOTOR VEHICLE, LEFT SIDE SIDESWIPE",,0,Clear,Dry,Daylight,,4244024.0,,11,From same direction - both going straight - both moving - sideswipe,0,0,N
4739,1,-122.27651509999998,47.52378124,5703,19186,19186,1227616,Matched,Block,,RENTON AVE S BETWEEN S TRENTON ST AND S HENDERSON ST,,,1,Property Damage Only Collision,Rear Ended,2,0,0,2,2004/06/26 00:00:00+00,6/26/2004 1:00:00 PM,Mid-Block (but intersection related),14,"MOTOR VEHICLE STRUCK MOTOR VEHICLE, REAR END",,0,Clear,Dry,Daylight,,4178001.0,,14,From same direction - both going straight - one stopped - rear-end,0,0,N
4740,1,-122.33644050000001,47.690500899999996,5704,20204,20204,1774599,Matched,Intersection,37375.0,WALLINGFORD AVE N AND N 85TH ST,,,1,Property Damage Only Collision,Angles,2,0,0,2,2004/03/03 00:00:00+00,3/3/2004,At Intersection (intersection related),11,"MOTOR VEHICLE STRUCK MOTOR VEHICLE, FRONT END AT ANGLE",,0,Raining,Wet,Daylight,,4063024.0,,10,Entering at angle,0,0,N
4741,1,-122.39702040000002,47.68801148,5705,20787,20787,1212090,Matched,Block,,31ST AVE NW BETWEEN NW 80TH ST AND LOYAL WAY NW,,,1,Property Damage Only Collision,Parked Car,2,0,0,2,2004/07/26 00:00:00+00,7/26/2004 1:30:00 AM,Mid-Block (not related to intersection),11,"MOTOR VEHICLE STRUCK MOTOR VEHICLE, FRONT END AT ANGLE",Y,0,Clear,Dry,Dark - Street Lights On,,4208017.0,,32,One parked--one moving,0,0,N
4742,1,-122.2832767,47.54245198,5706,19227,19227,1787766,Matched,Intersection,34530.0,39TH AVE S AND S HOLLY ST,,,1,Property Damage Only Collision,Other,1,0,0,1,2004/01/28 00:00:00+00,1/28/2004 3:00:00 AM,At Intersection (intersection related),28,MOTOR VEHICLE RAN OFF ROAD - HIT FIXED OBJECT,,0,Unknown,Unknown,Dark - Street Lights On,,4028007.0,,50,Fixed object,0,0,N
4743,1,-122.3870305,47.68680684,5707,19437,19437,1079982,Matched,Block,,NW 80TH ST BETWEEN JONES AVE NW AND 24TH AVE NW,,,1,Property Damage Only Collision,Other,1,0,0,1,2004/07/07 00:00:00+00,7/7/2004,Mid-Block (but intersection related),48,DRIVERLESS VEHICLE RAN OFF ROAD - HIT FIXED OBJECT,,0,Clear,Dry,Daylight,,4189028.0,,50,Fixed object,0,0,N
4744,2,-122.27787020000001,47.55155082,5708,20040,20040,1771965,Matched,Block,,RAINIER AVE S BETWEEN S FINDLAY ST AND S ORCAS ST,,,2,Injury Collision,Rear Ended,3,0,0,2,2004/04/05 00:00:00+00,4/5/2004,Mid-Block (but intersection related),14,"MOTOR VEHICLE STRUCK MOTOR VEHICLE, REAR END",Y,0,Clear,Dry,Daylight,,4096019.0,,14,From same direction - both going straight - one stopped - rear-end,0,0,N
4745,2,-122.39790719999999,47.63682341,5709,20161,20161,1482387,Matched,Block,,CLISE PL W BETWEEN MAGNOLIA BLVD W AND W CROCKETT ST,,,2,Injury Collision,Rear Ended,3,0,0,2,2004/08/25 00:00:00+00,8/25/2004 10:54:00 AM,Mid-Block (but intersection related),14,"MOTOR VEHICLE STRUCK MOTOR VEHICLE, REAR END",,0,Clear,Wet,Daylight,,4238054.0,,14,From same direction - both going straight - one stopped - rear-end,0,0,N
4746,1,-122.27766409999998,47.55117602,5710,19281,19281,C650752,Matched,Intersection,33512.0,RAINIER AVE S AND S ORCAS ST,,,1,Property Damage Only Collision,Left Turn,2,0,0,2,2004/12/09 00:00:00+00,12/9/2004,At Intersection (intersection related),16,"MOTOR VEHICLE STRUCK MOTOR VEHICLE, LEFT SIDE SIDESWIPE",,0,Raining,Wet,Dusk,,4344067.0,,15,From same direction - one left turn - one straight,0,0,N
4747,2,-122.28934299999999,47.61162696,5711,19349,19349,1790040,Matched,Intersection,30279.0,34TH AVE AND E SPRING ST,,,2,Injury Collision,Angles,2,0,0,2,2004/10/13 00:00:00+00,10/13/2004 12:05:00 PM,At Intersection (intersection related),11,"MOTOR VEHICLE STRUCK MOTOR VEHICLE, FRONT END AT ANGLE",,0,Clear,Dry,Daylight,,4287008.0,,10,Entering at angle,0,0,N
4748,2,-122.3086426,47.62685862,5712,19988,19988,1789880,Matched,Intersection,29323.0,18TH AVE E AND E ALOHA ST,,,2,Injury Collision,Angles,3,0,0,2,2004/02/10 00:00:00+00,2/10/2004 8:01:00 PM,At Intersection (intersection related),11,"MOTOR VEHICLE STRUCK MOTOR VEHICLE, FRONT END AT ANGLE",,0,Clear,Dry,Dark - Street Lights On,,4041019.0,,10,Entering at angle,0,0,N
4749,1,-122.3333538,47.61160635,5713,20350,20350,1069827,Matched,Intersection,29895.0,7TH AVE AND PIKE ST,,,1,Property Damage Only Collision,Left Turn,3,0,0,2,2004/10/18 00:00:00+00,10/18/2004 7:58:00 PM,At Intersection (intersection related),11,"MOTOR VEHICLE STRUCK MOTOR VEHICLE, FRONT END AT ANGLE",,0,Raining,Wet,Dark - Street Lights On,,4292007.0,,28,From opposite direction - one left turn - one straight,0,0,N
4750,1,-122.328406,47.604518799999994,5714,19390,19390,1072232,Matched,Block,,6TH AVE BETWEEN JAMES ST AND CHERRY ST,,,1,Property Damage Only Collision,Rear Ended,3,0,0,3,2004/06/07 00:00:00+00,6/7/2004,Mid-Block (not related to intersection),14,"MOTOR VEHICLE STRUCK MOTOR VEHICLE, REAR END",Y,0,Raining,Wet,Daylight,,4159027.0,,14,From same direction - both going straight - one stopped - rear-end,0,0,N
4751,1,-122.3859118,47.68131646,5715,19171,19171,1220232,Matched,Block,,NW 73RD ST BETWEEN 23RD AVE NW AND JONES AVE NW,,,1,Property Damage Only Collision,Parked Car,2,0,0,2,2004/08/01 00:00:00+00,8/1/2004,Mid-Block (not related to intersection),12,"MOTOR VEHICLE STRUCK MOTOR VEHICLE, RIGHT SIDE AT ANGLE",,0,Clear,Dry,Dark - Street Lights On,,4214021.0,,32,One parked--one moving,0,0,N
4752,1,-122.32674640000002,47.61811629,5716,19918,19918,C649414,Matched,Block,,BELLEVUE AVE BETWEEN E HOWELL ST AND E DENNY WAY,,,1,Property Damage Only Collision,Parked Car,2,0,0,2,2004/11/01 00:00:00+00,11/1/2004,Mid-Block (but intersection related),11,"MOTOR VEHICLE STRUCK MOTOR VEHICLE, FRONT END AT ANGLE",,0,Raining,Wet,Dark - Street Lights On,,4306075.0,,20,One car leaving parked position,0,0,N
4753,2,-122.30660420000001,47.67943248,5717,19668,19668,1782196,Matched,Intersection,24780.0,20TH AVE NE AND NE 70TH ST,,,2,Injury Collision,Left Turn,2,0,0,2,2004/08/26 00:00:00+00,8/26/2004 5:17:00 PM,At Intersection (intersection related),11,"MOTOR VEHICLE STRUCK MOTOR VEHICLE, FRONT END AT ANGLE",,0,Overcast,Dry,Daylight,,4239019.0,,28,From opposite direction - one left turn - one straight,0,0,N
4754,2,-122.30556229999999,47.58295569,5718,20263,20263,1773252,Matched,Intersection,31577.0,21ST AVE S AND S COLLEGE ST,,,2,Injury Collision,Angles,2,0,0,2,2004/09/20 00:00:00+00,9/20/2004 3:14:00 PM,At Intersection (intersection related),11,"MOTOR VEHICLE STRUCK MOTOR VEHICLE, FRONT END AT ANGLE",,0,Clear,Dry,Daylight,,4264022.0,,10,Entering at angle,0,0,N
4755,1,-122.3409938,47.63099174,5719,19990,19990,1482319,Matched,Block,,WESTLAKE AVE N BETWEEN HIGHLAND DR AND GALER S ST,,,1,Property Damage Only Collision,Rear Ended,2,0,0,2,2004/05/26 00:00:00+00,5/26/2004 6:14:00 AM,Mid-Block (but intersection related),14,"MOTOR VEHICLE STRUCK MOTOR VEHICLE, REAR END",,0,Raining,Wet,Daylight,,4147014.0,,14,From same direction - both going straight - one stopped - rear-end,0,0,N
4756,2,-122.34234199999999,47.62540331,5720,19254,19254,1778046,Matched,Intersection,28741.0,DEXTER AVE N AND ROY ST,,,2,Injury Collision,Left Turn,2,0,0,2,2004/04/11 00:00:00+00,4/11/2004 4:18:00 PM,At Intersection (intersection related),11,"MOTOR VEHICLE STRUCK MOTOR VEHICLE, FRONT END AT ANGLE",Y,0,Clear,Dry,Daylight,,4102003.0,,28,From opposite direction - one left turn - one straight,0,0,N
4757,1,-122.3377446,47.61483186,5721,19636,19636,664813,Matched,Intersection,29541.0,VIRGINIA ST AND WESTLAKE AVE,,,1,Property Damage Only Collision,Angles,0,0,0,2,2004/08/06 00:00:00+00,8/6/2004,At Intersection (intersection related),11,"MOTOR VEHICLE STRUCK MOTOR VEHICLE, FRONT END AT ANGLE",,0,Raining,Dry,Daylight,,4219036.0,,10,Entering at angle,0,0,N
4758,2,-122.38413490000002,47.56287406,5722,20207,20207,1785870,Matched,Intersection,31906.0,41ST AVE SW AND SW OREGON ST,,,2,Injury Collision,Angles,4,0,0,2,2004/01/05 00:00:00+00,1/5/2004,At Intersection (intersection related),11,"MOTOR VEHICLE STRUCK MOTOR VEHICLE, FRONT END AT ANGLE",,0,Overcast,Dry,Daylight,,4005015.0,,10,Entering at angle,0,0,N
4759,2,-122.3223656,47.61049781,5723,20330,20330,1217181,Matched,Block,,MADISON ST BETWEEN SUMMIT AVE AND BOYLSTON AVE,,,2,Injury Collision,Rear Ended,3,0,0,2,2004/08/06 00:00:00+00,8/6/2004,Mid-Block (not related to intersection),14,"MOTOR VEHICLE STRUCK MOTOR VEHICLE, REAR END",,0,Overcast,Wet,Daylight,,4219056.0,,14,From same direction - both going straight - one stopped - rear-end,0,0,N
4760,1,-122.3172274,47.59791858,5725,19448,19448,1772269,Matched,Block,,12TH AVE S BETWEEN S KING ST AND S WELLER ST,,,1,Property Damage Only Collision,Sideswipe,4,0,0,2,2004/05/22 00:00:00+00,5/22/2004 11:51:00 AM,Mid-Block (not related to intersection),16,"MOTOR VEHICLE STRUCK MOTOR VEHICLE, LEFT SIDE SIDESWIPE",,0,Raining,Wet,Daylight,,4143030.0,,11,From same direction - both going straight - both moving - sideswipe,0,0,N
4761,2,-122.3339995,47.54768829,5726,20186,20186,1804800,Matched,Block,,EAST MARGINAL WAY S BETWEEN 1ST AV S BR SB AND 1ST AV S BR NB,,,2,Injury Collision,Other,1,0,0,1,2004/09/23 00:00:00+00,9/23/2004 3:01:00 AM,Mid-Block (but intersection related),28,MOTOR VEHICLE RAN OFF ROAD - HIT FIXED OBJECT,,0,Overcast,Wet,Dark - Street Lights On,,4267001.0,,50,Fixed object,0,0,N
4762,1,-122.34471869999999,47.70654592,5727,20012,20012,1205121,Matched,Intersection,36359.0,AURORA AVE N AND N 107TH S ST,,,1,Property Damage Only Collision,Left Turn,2,0,0,2,2004/05/25 00:00:00+00,5/25/2004 1:15:00 PM,At Intersection (intersection related),11,"MOTOR VEHICLE STRUCK MOTOR VEHICLE, FRONT END AT ANGLE",,0,Clear,Dry,Daylight,,4146031.0,,28,From opposite direction - one left turn - one straight,0,0,N
4763,1,-122.36071319999999,47.69875935,5729,19203,19203,1079670,Matched,Block,,3RD AVE NW BETWEEN NW 95TH ST AND NW 97TH ST,,,1,Property Damage Only Collision,Parked Car,2,0,0,2,2004/11/11 00:00:00+00,11/11/2004 11:49:00 PM,Mid-Block (not related to intersection),14,"MOTOR VEHICLE STRUCK MOTOR VEHICLE, REAR END",,0,Clear,Dry,Unknown,,4316038.0,,32,One parked--one moving,0,0,N
4764,1,-122.3278837,47.624699299999996,5730,19832,19832,1180717,Matched,Block,,MELROSE AVE E BETWEEN E MERCER ST AND E ROY ST,,,1,Property Damage Only Collision,Parked Car,2,0,0,2,2004/01/06 00:00:00+00,1/6/2004,Mid-Block (not related to intersection),14,"MOTOR VEHICLE STRUCK MOTOR VEHICLE, REAR END",,0,Snowing,Snow/Slush,Dark - Street Lights On,,4006015.0,,32,One parked--one moving,0,0,N
4765,1,-122.334976,47.60241534,5731,20645,20645,1794124,Matched,Block,,POST AVE BETWEEN YESLER WAY AND COLUMBIA ST,,,1,Property Damage Only Collision,Parked Car,2,0,0,2,2004/12/02 00:00:00+00,12/2/2004,Mid-Block (not related to intersection),11,"MOTOR VEHICLE STRUCK MOTOR VEHICLE, FRONT END AT ANGLE",,0,Unknown,Unknown,Unknown,,4337006.0,,32,One parked--one moving,0,0,N
4766,1,-122.34090359999999,47.7195715,5732,19535,19535,1797078,Matched,Block,,N 125TH ST BETWEEN STONE AVE N AND ASHWORTH AVE N,,,1,Property Damage Only Collision,Other,2,0,0,2,2004/10/17 00:00:00+00,10/17/2004 9:32:00 PM,Mid-Block (not related to intersection),11,"MOTOR VEHICLE STRUCK MOTOR VEHICLE, FRONT END AT ANGLE",,0,Overcast,Dry,Dark - Street Lights On,,4291025.0,,23,From same direction - all others,0,0,N
4767,2,-122.2966582,47.66124886,5733,19174,19174,1793922,Matched,Intersection,288752.0,U VILLAGE DR AND NE 45TH ST,,,2,Injury Collision,Other,3,0,0,2,2004/10/22 00:00:00+00,10/22/2004 9:22:00 PM,At Intersection (intersection related),11,"MOTOR VEHICLE STRUCK MOTOR VEHICLE, FRONT END AT ANGLE",,0,Overcast,Wet,Dark - Street Lights On,,4296013.0,,22,One car leaving driveway access,0,0,N
4768,2,-122.29751329999999,47.66122149,5735,19366,19366,1794155,Matched,Block,,NE 45TH ST BETWEEN MONTLAKE BLVD NE AND U VILLAGE DR,,,2,Injury Collision,Angles,3,0,0,2,2004/09/24 00:00:00+00,9/24/2004 2:50:00 PM,Driveway Junction,26,MOTOR VEHICLE STRUCK OBJECT IN ROAD,Y,0,Clear,Dry,Daylight,,4268006.0,,10,Entering at angle,0,0,N