,SEVERITYCODE,X,Y,OBJECTID,INCKEY,COLDETKEY,REPORTNO,STATUS,ADDRTYPE,INTKEY,LOCATION,EXCEPTRSNCODE,EXCEPTRSNDESC,SEVERITYCODE.1,SEVERITYDESC,COLLISIONTYPE,PERSONCOUNT,PEDCOUNT,PEDCYLCOUNT,VEHCOUNT,INCDATE,INCDTTM,JUNCTIONTYPE,SDOT_COLCODE,SDOT_COLDESC,INATTENTIONIND,UNDERINFL,WEATHER,ROADCOND,LIGHTCOND,PEDROWNOTGRNT,SDOTCOLNUM,SPEEDING,ST_COLCODE,ST_COLDESC,SEGLANEKEY,CROSSWALKKEY,HITPARKEDCAR
4769,2,-122.3794397,47.52108856,5736,19937,19937,1481495,Matched,Intersection,34743.0,37TH AVE SW AND SW BARTON ST,,,2,Injury Collision,Pedestrian,2,1,0,1,2004/01/10 00:00:00+00,1/10/2004 7:39:00 PM,At Intersection (intersection related),24,MOTOR VEHCILE STRUCK PEDESTRIAN,,0,Overcast,Wet,Dark - Street Lights On,,4010006.0,,0,Vehicle going straight hits pedestrian,0,0,N
4770,1,-122.3143166,47.61995563,5737,18715,18715,1772230,Matched,Intersection,29057.0,14TH AVE E AND E JOHN ST,,,1,Property Damage Only Collision,Angles,2,0,0,2,2004/04/03 00:00:00+00,4/3/2004,At Intersection (intersection related),11,"MOTOR VEHICLE STRUCK MOTOR VEHICLE, FRONT END AT ANGLE",,1,Clear,Dry,Dark - Street Lights On,,4094040.0,,10,Entering at angle,0,0,N
4771,1,-122.35113390000002,47.57094178,5738,20178,20178,1790655,Matched,Block,,WEST SEATTLE BR EB BETWEEN ALASKAN WY VI NB ON RP AND DELRIDGE-W SEATTLE BR EB ON RP,,,1,Property Damage Only Collision,Other,1,0,0,1,2004/06/18 00:00:00+00,6/18/2004 8:41:00 PM,Mid-Block (not related to intersection),29,MOTOR VEHICLE OVERTURNED IN ROAD,,0,Clear,Dry,Daylight,,4170031.0,,52,Vehicle overturned,0,0,N
4772,1,-122.323242,47.70744141,5739,19861,19861,C650835,Matched,Block,,5TH AVE NE BETWEEN NE 106TH ST AND NE NORTHGATE WAY,,,1,Property Damage Only Collision,Other,2,0,0,2,2004/12/21 00:00:00+00,12/21/2004 3:30:00 PM,Driveway Junction,11,"MOTOR VEHICLE STRUCK MOTOR VEHICLE, FRONT END AT ANGLE",,0,Overcast,Wet,Daylight,,4356042.0,,21,One car entering driveway access,0,0,N
4773,1,-122.32525449999999,47.6804027,5740,19277,19277,C649597,Matched,Block,,NE 72ND ST BETWEEN EAST GREEN LAKE DR N AND WOODLAWN AVE NE,,,1,Property Damage Only Collision,Parked Car,2,0,0,2,2004/11/19 00:00:00+00,11/19/2004 7:30:00 PM,Mid-Block (not related to intersection),13,"MOTOR VEHICLE STRUCK MOTOR VEHICLE, LEFT SIDE AT ANGLE",,0,Overcast,Dry,Dark - Street Lights On,,4324056.0,,32,One parked--one moving,0,0,N
4774,1,-122.4113902,47.57591473,5742,20123,20123,1481919,Matched,Block,,SW ADMIRAL WAY BETWEEN 61ST AVE SW AND 62ND AVE SW,,,1,Property Damage Only Collision,Other,1,0,0,1,2004/03/28 00:00:00+00,3/28/2004 11:42:00 AM,Mid-Block (not related to intersection),28,MOTOR VEHICLE RAN OFF ROAD - HIT FIXED OBJECT,Y,0,Clear,Dry,Daylight,,4088019.0,,50,Fixed object,0,0,N
4775,1,-122.30242720000001,47.60432696,5743,20491,20491,1788296,Matched,Intersection,30102.0,23RD AVE AND E ALDER ST,,,1,Property Damage Only Collision,Angles,5,0,0,3,2004/06/04 00:00:00+00,6/4/2004,At Intersection (intersection related),16,"MOTOR VEHICLE STRUCK MOTOR VEHICLE, LEFT SIDE SIDESWIPE",,0,Clear,Dry,Daylight,,4156004.0,,10,Entering at angle,0,0,N
4776,1,-122.3298416,47.60441291,5744,19381,19381,1213756,Matched,Intersection,29964.0,5TH AVE AND CHERRY ST,,,1,Property Damage Only Collision,Angles,3,0,0,2,2004/03/23 00:00:00+00,3/23/2004 10:30:00 PM,At Intersection (intersection related),11,"MOTOR VEHICLE STRUCK MOTOR VEHICLE, FRONT END AT ANGLE",,0,Clear,Dry,Dark - Street Lights On,,4083026.0,,10,Entering at angle,0,0,N
4777,1,-122.3337283,47.598290999999996,5745,19452,19452,1482711,Matched,Block,,S KING ST BETWEEN 1ST AVE S AND OCCIDENTAL W AVE S,,,1,Property Damage Only Collision,Parked Car,2,0,0,2,2004/05/12 00:00:00+00,5/12/2004 3:45:00 PM,Mid-Block (not related to intersection),13,"MOTOR VEHICLE STRUCK MOTOR VEHICLE, LEFT SIDE AT ANGLE",,0,Clear,Dry,Daylight,,4133027.0,,32,One parked--one moving,0,0,N
4778,1,-122.3540985,47.62457552,5746,20054,20054,C649393,Matched,Intersection,28918.0,MERCER ST AND WARREN AVE N,,,1,Property Damage Only Collision,Left Turn,2,0,0,2,2004/10/29 00:00:00+00,10/29/2004 6:00:00 PM,At Intersection (intersection related),11,"MOTOR VEHICLE STRUCK MOTOR VEHICLE, FRONT END AT ANGLE",,0,Unknown,Unknown,Dusk,,4303047.0,,15,From same direction - one left turn - one straight,0,0,N
4779,1,-122.32710449999999,47.64260988,5747,20747,20747,1788142,Matched,Block,,YALE AVE E BETWEEN E LOUISA ST AND E ROANOKE ST,,,1,Property Damage Only Collision,Parked Car,2,0,0,2,2004/03/19 00:00:00+00,3/19/2004 10:10:00 AM,Driveway Junction,0,NOT ENOUGH INFORMATION / NOT APPLICABLE,,0,Clear,Dry,Daylight,,4079040.0,,32,One parked--one moving,0,0,N
4780,2,-122.31246409999999,47.65297596,5748,19730,19730,1774488,Matched,Intersection,27149.0,15TH AVE NE AND NE PACIFIC ST,,,2,Injury Collision,Angles,2,0,0,2,2004/03/05 00:00:00+00,3/5/2004,At Intersection (intersection related),11,"MOTOR VEHICLE STRUCK MOTOR VEHICLE, FRONT END AT ANGLE",,0,Clear,Dry,Daylight,,4065013.0,,10,Entering at angle,0,0,N
4781,1,-122.33917360000001,47.61372707,5749,19783,19783,1778146,Matched,Intersection,29549.0,5TH AVE AND VIRGINIA ST,,,1,Property Damage Only Collision,Angles,2,0,0,2,2004/08/11 00:00:00+00,8/11/2004 11:51:00 AM,At Intersection (intersection related),11,"MOTOR VEHICLE STRUCK MOTOR VEHICLE, FRONT END AT ANGLE",,0,Clear,Dry,Daylight,,4224031.0,,10,Entering at angle,0,0,N
4782,1,,,5750,19220,19220,1181995,Matched,Block,,ALASKAN WY VI SB BETWEEN COLUMBIA ST ON RP AND ALASKAN WY VI SB EFR OFF RP,,,1,Property Damage Only Collision,Other,1,0,0,1,2004/06/04 00:00:00+00,6/4/2004,Mid-Block (not related to intersection),28,MOTOR VEHICLE RAN OFF ROAD - HIT FIXED OBJECT,,1,Clear,Dry,Dark - Street Lights On,,4156007.0,,50,Fixed object,0,0,N
4783,1,-122.35154990000001,47.61635383,5751,20097,20097,1470586,Matched,Intersection,29677.0,1ST AVE AND CLAY ST,,,1,Property Damage Only Collision,Angles,2,0,0,2,2004/04/08 00:00:00+00,4/8/2004,At Intersection (intersection related),11,"MOTOR VEHICLE STRUCK MOTOR VEHICLE, FRONT END AT ANGLE",,0,Clear,Dry,Daylight,,4099010.0,,10,Entering at angle,0,0,N
4784,1,-122.2826025,47.53978646,5752,19702,19702,1772789,Matched,Block,,M L KING JR WR WAY S BETWEEN S WILLOW ST AND S MYRTLE ST,,,1,Property Damage Only Collision,Other,2,0,0,2,2004/07/10 00:00:00+00,7/10/2004 3:31:00 PM,Driveway Junction,14,"MOTOR VEHICLE STRUCK MOTOR VEHICLE, REAR END",,0,Raining,Wet,Daylight,,4192027.0,,21,One car entering driveway access,0,0,N
4785,1,-122.39452949999999,47.65497475,5754,19190,19190,1777340,Matched,Block,,29TH AVE W BETWEEN W EMERSON W ST AND W THURMAN ST,,,1,Property Damage Only Collision,Parked Car,2,0,0,2,2004/04/26 00:00:00+00,4/26/2004 12:00:00 PM,Mid-Block (not related to intersection),15,"MOTOR VEHICLE STRUCK MOTOR VEHICLE, RIGHT SIDE SIDESWIPE",,0,Clear,Dry,Daylight,,4117026.0,,32,One parked--one moving,0,0,N
4786,2,-122.3276652,47.59961587,5756,20485,20485,1324975,Matched,Block,,5TH AVE S BETWEEN S MAIN ST AND S JACKSON ST,,,2,Injury Collision,Pedestrian,2,1,0,1,2004/07/16 00:00:00+00,7/16/2004 7:05:00 PM,Mid-Block (but intersection related),24,MOTOR VEHCILE STRUCK PEDESTRIAN,,1,Clear,Dry,Daylight,,4198011.0,,0,Vehicle going straight hits pedestrian,0,0,N
4787,1,-122.3330797,47.67560548,5758,19159,19159,1782382,Matched,Block,,EAST GREEN LAKE WAY N BETWEEN N 64TH ST AND N 65TH ST,,,1,Property Damage Only Collision,Parked Car,3,0,0,3,2004/05/20 00:00:00+00,5/20/2004 4:38:00 AM,Mid-Block (not related to intersection),14,"MOTOR VEHICLE STRUCK MOTOR VEHICLE, REAR END",Y,1,Clear,Dry,Dark - Street Lights On,,4141023.0,,32,One parked--one moving,0,0,N
4788,2,-122.25162150000001,47.5036592,5760,20444,20444,1784219,Matched,Intersection,38270.0,RENTON AVE S AND S FOUNTAIN ST,,,2,Injury Collision,Rear Ended,3,0,0,2,2004/11/15 00:00:00+00,11/15/2004 10:44:00 PM,At Intersection (but not related to intersection),14,"MOTOR VEHICLE STRUCK MOTOR VEHICLE, REAR END",,0,Overcast,Wet,Dark - Street Lights On,,4320047.0,,13,From same direction - both going straight - both moving - rear-end,0,0,N
4789,2,-122.33943909999998,47.56513798,5762,19197,19197,1481173,Matched,Block,,EAST MARGINAL WAY S BETWEEN S NEVADA ST AND S IDAHO ST,,,2,Injury Collision,Sideswipe,2,0,0,2,2004/05/13 00:00:00+00,5/13/2004 2:37:00 PM,Mid-Block (but intersection related),14,"MOTOR VEHICLE STRUCK MOTOR VEHICLE, REAR END",,0,Clear,Dry,Daylight,,4134024.0,,11,From same direction - both going straight - both moving - sideswipe,0,0,N
4790,1,-122.29633989999999,47.7174074,5763,19793,19793,1219810,Matched,Intersection,36612.0,LAKE CITY WAY NE AND NE 123RD ST,,,1,Property Damage Only Collision,Angles,3,0,0,2,2004/10/28 00:00:00+00,10/28/2004 7:00:00 PM,At Intersection (intersection related),11,"MOTOR VEHICLE STRUCK MOTOR VEHICLE, FRONT END AT ANGLE",,0,Overcast,Wet,Dark - Street Lights On,,4302026.0,,10,Entering at angle,0,0,N
4791,1,-122.32154560000001,47.52980412,5765,20358,20358,1788914,Matched,Block,,S SOUTHERN ST BETWEEN 8TH AVE S AND 10TH AVE S,,,1,Property Damage Only Collision,Parked Car,2,0,0,2,2004/08/09 00:00:00+00,8/9/2004,Driveway Junction,11,"MOTOR VEHICLE STRUCK MOTOR VEHICLE, FRONT END AT ANGLE",,0,Clear,Dry,Daylight,,4222013.0,,32,One parked--one moving,0,0,N
4792,1,-122.3018107,47.62018649,5766,19403,19403,1786847,Matched,Block,,E JOHN ST BETWEEN 23RD AVE E AND 24TH AVE E,,,1,Property Damage Only Collision,Rear Ended,2,0,0,2,2004/07/17 00:00:00+00,7/17/2004 9:50:00 AM,Mid-Block (but intersection related),14,"MOTOR VEHICLE STRUCK MOTOR VEHICLE, REAR END",Y,0,Clear,Dry,Daylight,,4199025.0,,14,From same direction - both going straight - one stopped - rear-end,0,0,N
4793,1,-122.33581699999999,47.62578475,5768,19771,19771,1212823,Matched,Intersection,28746.0,BOREN AVE N AND VALLEY ST,,,1,Property Damage Only Collision,Angles,2,0,0,2,2004/01/18 00:00:00+00,1/18/2004 9:18:00 AM,At Intersection (intersection related),11,"MOTOR VEHICLE STRUCK MOTOR VEHICLE, FRONT END AT ANGLE",,0,Raining,Wet,Daylight,,4018018.0,,10,Entering at angle,0,0,N
4794,1,-122.33421740000001,47.55079771,5769,20472,20472,1775075,Matched,Block,,1ST AVE S BETWEEN S MEAD ST AND S FIDALGO ST,,,1,Property Damage Only Collision,Other,1,0,0,1,2004/03/19 00:00:00+00,3/19/2004 4:36:00 AM,Mid-Block (not related to intersection),28,MOTOR VEHICLE RAN OFF ROAD - HIT FIXED OBJECT,,0,Clear,Dry,Dark - Street Lights On,,4079004.0,,50,Fixed object,0,0,N
4795,1,-122.3108419,47.69305965,5770,19509,19509,1212541,Matched,Block,,NE 89TH ST BETWEEN 15TH AVE NE AND 17TH AVE NE,,,1,Property Damage Only Collision,Parked Car,2,0,0,2,2004/05/25 00:00:00+00,5/25/2004 10:20:00 PM,Mid-Block (not related to intersection),13,"MOTOR VEHICLE STRUCK MOTOR VEHICLE, LEFT SIDE AT ANGLE",,0,Raining,Dry,Dark - Street Lights On,,4146011.0,,32,One parked--one moving,0,0,N
4796,1,-122.3276806,47.59665675,5771,19441,19441,1773110,Matched,Block,,5TH AVE S BETWEEN S WELLER ST AND S DEARBORN ST,,,1,Property Damage Only Collision,Sideswipe,2,0,0,2,2004/08/10 00:00:00+00,8/10/2004 12:30:00 PM,Mid-Block (but intersection related),15,"MOTOR VEHICLE STRUCK MOTOR VEHICLE, RIGHT SIDE SIDESWIPE",,0,Clear,Dry,Daylight,,4223001.0,,27,From opposite direction - both going straight - one stopped - sideswipe,0,0,N
4797,1,-122.32681240000001,47.61465177,5774,19145,19145,1772467,Matched,Block,,BELLEVUE AVE BETWEEN E PIKE ST AND E PINE ST,,,1,Property Damage Only Collision,Parked Car,3,0,0,3,2004/06/24 00:00:00+00,6/24/2004 11:02:00 AM,Mid-Block (not related to intersection),13,"MOTOR VEHICLE STRUCK MOTOR VEHICLE, LEFT SIDE AT ANGLE",,0,Clear,Dry,Daylight,,4176006.0,,32,One parked--one moving,0,0,N
4798,1,-122.3768028,47.68966537,5775,20245,20245,1218770,Matched,Block,,15TH AVE NW BETWEEN NW 83RD ST AND NW 85TH ST,,,1,Property Damage Only Collision,Parked Car,2,0,0,2,2004/09/22 00:00:00+00,9/22/2004 6:45:00 PM,Mid-Block (not related to intersection),14,"MOTOR VEHICLE STRUCK MOTOR VEHICLE, REAR END",,0,Overcast,Wet,Dark - Street Lights On,,4266028.0,Y,32,One parked--one moving,0,0,N
4799,2,-122.3188145,47.61524975,5776,20134,20134,1799139,Matched,Block,,E PINE ST BETWEEN 10TH AVE AND 11TH AVE,,,2,Injury Collision,Head On,3,0,0,3,2004/10/11 00:00:00+00,10/11/2004 12:30:00 PM,Mid-Block (not related to intersection),11,"MOTOR VEHICLE STRUCK MOTOR VEHICLE, FRONT END AT ANGLE",,0,Clear,Dry,Daylight,,4285021.0,,30,From opposite direction - all others,0,0,N
4800,2,-122.2966297,47.57635897,5777,20104,20104,1793483,Matched,Intersection,31495.0,M L KING JR WAY S AND RAINIER AVE S,,,2,Injury Collision,Rear Ended,5,0,0,2,2004/09/05 00:00:00+00,9/5/2004,At Intersection (intersection related),14,"MOTOR VEHICLE STRUCK MOTOR VEHICLE, REAR END",,0,Clear,Dry,Daylight,,4249007.0,,14,From same direction - both going straight - one stopped - rear-end,0,0,N
4801,1,-122.3140264,47.71893572,5778,20759,20759,1762936,Matched,Block,,14TH AVE NE BETWEEN NE 124TH ST AND NE 125TH ST,,,1,Property Damage Only Collision,Other,4,0,0,3,2004/11/27 00:00:00+00,11/27/2004 3:04:00 AM,Mid-Block (but intersection related),28,MOTOR VEHICLE RAN OFF ROAD - HIT FIXED OBJECT,,0,Overcast,Wet,Dark - Street Lights On,,4332043.0,,50,Fixed object,0,0,N
4802,2,-122.3196085,47.61164921,5779,19242,19242,1772268,Matched,Block,,E MADISON ST BETWEEN BROADWAY CT AND 10TH AVE,,,2,Injury Collision,Rear Ended,2,0,0,2,2004/05/20 00:00:00+00,5/20/2004 5:28:00 PM,Mid-Block (not related to intersection),14,"MOTOR VEHICLE STRUCK MOTOR VEHICLE, REAR END",,0,Overcast,Dry,Daylight,,4141030.0,,14,From same direction - both going straight - one stopped - rear-end,0,0,N
4803,2,-122.34391210000001,47.61183729,5781,19759,19759,1316447,Matched,Intersection,29560.0,1ST AVE AND LENORA ST,,,2,Injury Collision,Rear Ended,2,0,0,2,2004/02/26 00:00:00+00,2/26/2004 10:01:00 PM,At Intersection (intersection related),14,"MOTOR VEHICLE STRUCK MOTOR VEHICLE, REAR END",,0,Raining,Wet,Dark - Street Lights On,,4057025.0,,14,From same direction - both going straight - one stopped - rear-end,0,0,N
4804,1,-122.33113390000001,47.61253537,5782,19873,19873,1777157,Matched,Intersection,29883.0,PIKE ST AND CONVENTION PL,,,1,Property Damage Only Collision,Angles,3,0,0,2,2004/01/14 00:00:00+00,1/14/2004 7:04:00 PM,At Intersection (intersection related),11,"MOTOR VEHICLE STRUCK MOTOR VEHICLE, FRONT END AT ANGLE",,0,Raining,Wet,Dark - Street Lights On,,4014009.0,,10,Entering at angle,0,0,N
4805,1,-122.29842579999999,47.54042771,5783,20083,20083,1793226,Matched,Intersection,34317.0,BEACON WR AVE S AND MILITARY RD S,,,1,Property Damage Only Collision,Sideswipe,5,0,0,2,2004/08/24 00:00:00+00,8/24/2004 1:00:00 PM,At Intersection (intersection related),11,"MOTOR VEHICLE STRUCK MOTOR VEHICLE, FRONT END AT ANGLE",,0,Overcast,Wet,Daylight,,4237014.0,,71,Same direction -- both turning right -- both moving -- sideswipe,0,0,N
4806,2,-122.3724854,47.67454357,5784,19502,19502,1080204,Matched,Block,,NW 63RD ST BETWEEN 11TH AVE NW AND 14TH AVE NW,,,2,Injury Collision,Cycles,3,0,1,1,2004/07/25 00:00:00+00,7/25/2004 3:41:00 PM,Driveway Junction,51,PEDALCYCLIST STRUCK MOTOR VEHICLE FRONT END AT ANGLE,,0,Clear,Dry,Daylight,,4207001.0,,45,Vehicle - Pedalcyclist,0,0,N
4807,1,-122.3422834,47.63369315,5785,20034,20034,1777572,Matched,Block,,DEXTER AVE N BETWEEN GARFIELD N ST AND HAYES ST,,,1,Property Damage Only Collision,Parked Car,2,0,0,2,2004/11/12 00:00:00+00,11/12/2004 8:00:00 PM,Mid-Block (not related to intersection),11,"MOTOR VEHICLE STRUCK MOTOR VEHICLE, FRONT END AT ANGLE",,0,Unknown,Unknown,Unknown,,4317002.0,,32,One parked--one moving,0,0,N
4808,2,-122.3604648,47.52738604,5786,19860,19860,1798551,Matched,Block,,DELRIDGE WAY SW BETWEEN SW THISTLE ST AND SW CLOVERDALE ST,,,2,Injury Collision,Rear Ended,3,0,0,2,2004/06/22 00:00:00+00,6/22/2004 3:38:00 PM,Mid-Block (but intersection related),14,"MOTOR VEHICLE STRUCK MOTOR VEHICLE, REAR END",Y,0,Clear,Dry,Daylight,,4174012.0,,13,From same direction - both going straight - both moving - rear-end,0,0,N
4809,1,-122.2981507,47.57835004,5787,20101,20101,1779115,Matched,Intersection,31482.0,RAINIER AVE S AND S MCCLELLAN ST,,,1,Property Damage Only Collision,Angles,3,0,0,2,2004/08/13 00:00:00+00,8/13/2004 3:55:00 AM,At Intersection (intersection related),11,"MOTOR VEHICLE STRUCK MOTOR VEHICLE, FRONT END AT ANGLE",,0,Clear,Dry,Dark - Street Lights On,,4226011.0,,10,Entering at angle,0,0,N
4810,2,-122.306179,47.69393571,5788,19415,19415,1794457,Matched,Block,,NE 90TH ST BETWEEN 20TH AVE NE AND LAKE CITY WAY NE,,,2,Injury Collision,Parked Car,2,0,0,2,2004/11/06 00:00:00+00,11/6/2004,Mid-Block (not related to intersection),14,"MOTOR VEHICLE STRUCK MOTOR VEHICLE, REAR END",,1,Clear,Wet,Dark - Street Lights On,,4311011.0,,32,One parked--one moving,0,0,N
4811,1,-122.35445770000001,47.53549394,5789,19478,19478,1795554,Matched,Block,,SW WEBSTER ST BETWEEN 15TH AVE SW AND 16TH AVE SW,,,1,Property Damage Only Collision,Parked Car,2,0,0,2,2004/10/05 00:00:00+00,10/5/2004,Mid-Block (not related to intersection),13,"MOTOR VEHICLE STRUCK MOTOR VEHICLE, LEFT SIDE AT ANGLE",,0,Clear,Dry,Daylight,,4279061.0,,32,One parked--one moving,0,0,N
4812,1,-122.28110259999998,47.5366282,5791,19977,19977,1771351,Matched,Block,,M L KING JR WR WAY S BETWEEN S OTHELLO ST AND S HOLLY PARK DR,,,1,Property Damage Only Collision,Rear Ended,3,0,0,2,2004/01/28 00:00:00+00,1/28/2004 8:12:00 PM,Mid-Block (but intersection related),14,"MOTOR VEHICLE STRUCK MOTOR VEHICLE, REAR END",,0,Raining,Wet,Dark - Street Lights On,,4028012.0,,14,From same direction - both going straight - one stopped - rear-end,0,0,N
4813,1,-122.3327989,47.61183846,5792,20627,20627,1772328,Matched,Block,,PIKE ST BETWEEN 7TH AVE AND 8TH AVE,,,1,Property Damage Only Collision,Right Turn,3,0,0,2,2004/04/30 00:00:00+00,4/30/2004 6:37:00 PM,Mid-Block (but intersection related),14,"MOTOR VEHICLE STRUCK MOTOR VEHICLE, REAR END",Y,0,Clear,Dry,Daylight,,4121017.0,,16,From same direction - one right turn - one straight,0,0,N
4814,1,-122.30906110000001,47.67120075,5793,19238,19238,1318310,Matched,Block,,NE 58TH ST BETWEEN 17TH AVE NE AND 18TH AVE NE,,,1,Property Damage Only Collision,Parked Car,2,0,0,2,2004/03/25 00:00:00+00,3/25/2004 12:45:00 PM,Mid-Block (not related to intersection),11,"MOTOR VEHICLE STRUCK MOTOR VEHICLE, FRONT END AT ANGLE",,0,Raining,Wet,Daylight,,4085016.0,,32,One parked--one moving,0,0,N
4815,1,-122.3347922,47.54919059,5796,20593,20593,1790582,Matched,Block,,EAST MARGINAL WAY S BETWEEN S FIDALGO ST AND 1ST AVE S,,,1,Property Damage Only Collision,Rear Ended,4,0,0,3,2004/08/11 00:00:00+00,8/11/2004 1:13:00 PM,Mid-Block (not related to intersection),14,"MOTOR VEHICLE STRUCK MOTOR VEHICLE, REAR END",,0,Clear,Dry,Daylight,,4224008.0,,13,From same direction - both going straight - both moving - rear-end,0,0,N
4816,1,-122.3936366,47.6323004,5797,20466,20466,1212960,Matched,Block,,W GALER ST BETWEEN 28TH AVE W AND MAGNOLIA BLVD W,,,1,Property Damage Only Collision,Other,1,0,0,1,2004/02/01 00:00:00+00,2/1/2004,Mid-Block (not related to intersection),28,MOTOR VEHICLE RAN OFF ROAD - HIT FIXED OBJECT,,0,Clear,Dry,Dark - Street Lights On,,4032009.0,,50,Fixed object,0,0,N
4817,1,-122.3452084,47.62445238,5798,19934,19934,1478367,Matched,Block,,MERCER ST BETWEEN TAYLOR AVE N AND 6TH AVE N,,,1,Property Damage Only Collision,Rear Ended,2,0,0,2,2004/06/08 00:00:00+00,6/8/2004,Mid-Block (not related to intersection),14,"MOTOR VEHICLE STRUCK MOTOR VEHICLE, REAR END",,0,Clear,Dry,Daylight,,4160034.0,,14,From same direction - both going straight - one stopped - rear-end,0,0,N
4818,2,-122.3762212,47.66370133,5799,19664,19664,1088240,Matched,Block,,BALLARD BR BETWEEN BALLARD BR OFF RP AND 15TH AVE NW,,,2,Injury Collision,Rear Ended,4,0,0,3,2004/05/16 00:00:00+00,5/16/2004 12:58:00 PM,Mid-Block (not related to intersection),14,"MOTOR VEHICLE STRUCK MOTOR VEHICLE, REAR END",,0,Overcast,Dry,Daylight,,4137016.0,,13,From same direction - both going straight - both moving - rear-end,0,0,N
4819,2,-122.34479520000001,47.71119659,5800,20218,20218,1220380,Matched,Block,,AURORA AVE N BETWEEN N 112TH ST AND N 115TH ST,,,2,Injury Collision,Rear Ended,3,0,0,2,2004/08/06 00:00:00+00,8/6/2004,Mid-Block (not related to intersection),14,"MOTOR VEHICLE STRUCK MOTOR VEHICLE, REAR END",,0,Overcast,Wet,Daylight,,4219029.0,,14,From same direction - both going straight - one stopped - rear-end,0,0,N
4820,2,-122.2892054,47.61649591,5801,20140,20140,1772246,Matched,Intersection,30234.0,34TH AVE AND E OLIVE ST,,,2,Injury Collision,Angles,3,0,0,2,2004/05/04 00:00:00+00,5/4/2004,At Intersection (intersection related),11,"MOTOR VEHICLE STRUCK MOTOR VEHICLE, FRONT END AT ANGLE",,0,Unknown,Dry,Daylight,,4125021.0,,10,Entering at angle,0,0,N
4821,1,-122.37630039999999,47.65305688,5802,20168,20168,1784751,Matched,Block,,15TH EMERSON RP BETWEEN 15TH AV W ON RP AND EMERSON TURN RD,,,1,Property Damage Only Collision,Other,2,0,0,2,2004/08/25 00:00:00+00,8/25/2004 11:52:00 AM,Mid-Block (not related to intersection),11,"MOTOR VEHICLE STRUCK MOTOR VEHICLE, FRONT END AT ANGLE",,0,Overcast,Dry,Daylight,,4238037.0,,50,Fixed object,0,0,N
4822,1,-122.3270706,47.6055717,5804,19645,19645,1772239,Matched,Block,,CHERRY ST BETWEEN 7TH AVE AND 8TH AVE,,,1,Property Damage Only Collision,Parked Car,2,0,0,2,2004/04/28 00:00:00+00,4/28/2004 2:42:00 PM,Driveway Junction,11,"MOTOR VEHICLE STRUCK MOTOR VEHICLE, FRONT END AT ANGLE",,0,Clear,Dry,Daylight,,4119022.0,,32,One parked--one moving,0,0,N
4823,2,-122.35316429999999,47.63741263,5805,20174,20174,1482591,Matched,Intersection,28130.0,2ND AVE N AND CROCKETT ST,,,2,Injury Collision,Angles,2,0,0,2,2004/08/25 00:00:00+00,8/25/2004 4:03:00 PM,At Intersection (intersection related),11,"MOTOR VEHICLE STRUCK MOTOR VEHICLE, FRONT END AT ANGLE",,0,Raining,Wet,Daylight,,4238076.0,,10,Entering at angle,0,0,N
4824,1,-122.36615630000001,47.66079596,5806,20147,20147,1794028,Matched,Intersection,26604.0,8TH AVE NW AND NW 44TH ST,,,1,Property Damage Only Collision,Cycles,2,0,1,1,2004/06/14 00:00:00+00,6/14/2004 3:45:00 PM,At Intersection (intersection related),18,"MOTOR VEHICLE STRUCK PEDALCYCLIST, FRONT END AT ANGLE",,0,Clear,Dry,Dark - Street Lights On,,4166023.0,,45,Vehicle - Pedalcyclist,0,0,N
4825,1,-122.3520997,47.61858907,5808,20744,20744,1783768,Matched,Block,,DENNY WAY BETWEEN 2ND AVE AND 3RD AVE,,,1,Property Damage Only Collision,Rear Ended,4,0,0,2,2004/10/30 00:00:00+00,10/30/2004 12:28:00 AM,Mid-Block (but intersection related),14,"MOTOR VEHICLE STRUCK MOTOR VEHICLE, REAR END",Y,0,Raining,Wet,Dark - Street Lights On,,4304027.0,,14,From same direction - both going straight - one stopped - rear-end,0,0,N
4826,2,-122.3565108,47.5173613,5809,19818,19818,1788971,Matched,Intersection,34911.0,17TH AVE SW AND SW ROXBURY ST,,,2,Injury Collision,Rear Ended,2,0,0,2,2004/01/15 00:00:00+00,1/15/2004 4:45:00 PM,At Intersection (but not related to intersection),14,"MOTOR VEHICLE STRUCK MOTOR VEHICLE, REAR END",Y,0,Raining,Wet,Dusk,,4015041.0,,14,From same direction - both going straight - one stopped - rear-end,0,0,N
4827,1,-122.31953440000001,47.66603568,5810,20346,20346,1794152,Matched,Block,,8TH AVE NE BETWEEN NE 50TH ST AND NE 53RD ST,,,1,Property Damage Only Collision,Other,2,0,0,2,2004/08/14 00:00:00+00,8/14/2004 11:30:00 AM,Driveway Junction,12,"MOTOR VEHICLE STRUCK MOTOR VEHICLE, RIGHT SIDE AT ANGLE",,0,Clear,Dry,Daylight,,4227028.0,,22,One car leaving driveway access,0,0,N
4828,1,-122.3743809,47.56629001,5811,19654,19654,1785874,Matched,Block,,FAUNTLEROY WAY SW BETWEEN SW ANDOVER ST AND WEST SEATTLE BR EB,,,1,Property Damage Only Collision,Parked Car,2,0,0,2,2004/01/07 00:00:00+00,1/7/2004,Mid-Block (not related to intersection),14,"MOTOR VEHICLE STRUCK MOTOR VEHICLE, REAR END",,0,Overcast,Snow/Slush,Unknown,,4007030.0,,32,One parked--one moving,0,0,N
4829,1,-122.3290919,47.60275157,5814,20467,20467,1212975,Matched,Block,,JEFFERSON ST BETWEEN 4TH AVE AND 5TH AVE,,,1,Property Damage Only Collision,Rear Ended,2,0,0,2,2004/08/25 00:00:00+00,8/25/2004 10:28:00 AM,Mid-Block (but intersection related),14,"MOTOR VEHICLE STRUCK MOTOR VEHICLE, REAR END",,0,Raining,Wet,Daylight,,4238033.0,,14,From same direction - both going straight - one stopped - rear-end,0,0,N