,SEVERITYCODE,X,Y,OBJECTID,INCKEY,COLDETKEY,REPORTNO,STATUS,ADDRTYPE,INTKEY,LOCATION,EXCEPTRSNCODE,EXCEPTRSNDESC,SEVERITYCODE.1,SEVERITYDESC,COLLISIONTYPE,PERSONCOUNT,PEDCOUNT,PEDCYLCOUNT,VEHCOUNT,INCDATE,INCDTTM,JUNCTIONTYPE,SDOT_COLCODE,SDOT_COLDESC,INATTENTIONIND,UNDERINFL,WEATHER,ROADCOND,LIGHTCOND,PEDROWNOTGRNT,SDOTCOLNUM,SPEEDING,ST_COLCODE,ST_COLDESC,SEGLANEKEY,CROSSWALKKEY,HITPARKEDCAR
4830,1,-122.33222420000001,47.60088042,5815,20078,20078,1216757,Matched,Block,,S WASHINGTON ST BETWEEN OCCIDENTAL AVE S AND 2ND AVE S,,,1,Property Damage Only Collision,Parked Car,2,0,0,2,2004/07/01 00:00:00+00,7/1/2004,Mid-Block (not related to intersection),11,"MOTOR VEHICLE STRUCK MOTOR VEHICLE, FRONT END AT ANGLE",,0,Unknown,Unknown,Unknown,,4183038.0,,32,One parked--one moving,0,0,N
4831,1,-122.2947965,47.68395262,5816,19214,19214,1212344,Matched,Block,,31ST AVE NE BETWEEN NE 75TH ST AND NE 77TH ST,,,1,Property Damage Only Collision,Sideswipe,2,0,0,2,2004/10/05 00:00:00+00,10/5/2004,Mid-Block (not related to intersection),16,"MOTOR VEHICLE STRUCK MOTOR VEHICLE, LEFT SIDE SIDESWIPE",Y,0,Overcast,Dry,Daylight,,4279045.0,,26,From opposite direction - both going straight - sideswipe,0,0,N
4832,1,-122.3154993,47.61312976,5817,20098,20098,1472380,Matched,Block,,13TH AVE BETWEEN E UNION ST AND E MADISON ST,,,1,Property Damage Only Collision,Parked Car,3,0,0,2,2004/09/16 00:00:00+00,9/16/2004 12:50:00 PM,Mid-Block (not related to intersection),14,"MOTOR VEHICLE STRUCK MOTOR VEHICLE, REAR END",,0,Overcast,Wet,Daylight,,4260025.0,,32,One parked--one moving,0,0,N
4833,1,-122.2963315,47.60423078,5818,19848,19848,1793051,Matched,Block,,E ALDER ST BETWEEN M L KING JR WAY AND 28TH AVE,,,1,Property Damage Only Collision,Parked Car,2,0,0,2,2004/06/13 00:00:00+00,6/13/2004 4:00:00 PM,Mid-Block (not related to intersection),12,"MOTOR VEHICLE STRUCK MOTOR VEHICLE, RIGHT SIDE AT ANGLE",,0,Clear,Dry,Unknown,,4165028.0,,32,One parked--one moving,0,0,N
4834,1,-122.3505254,47.64970651,5819,20816,20816,1784757,Matched,Block,,N 34TH ST BETWEEN EVANSTON AVE N AND FREMONT AVE N,,,1,Property Damage Only Collision,Parked Car,2,0,0,2,2004/09/13 00:00:00+00,9/13/2004 4:21:00 PM,Mid-Block (not related to intersection),16,"MOTOR VEHICLE STRUCK MOTOR VEHICLE, LEFT SIDE SIDESWIPE",,0,Overcast,Dry,Daylight,,4257041.0,,32,One parked--one moving,0,0,N
4835,2,-122.3170966,47.60057361,5820,19262,19262,1216639,Matched,Block,,12TH AVE S BETWEEN BOREN AVE S AND 12TH AVE S TURN RD,,,2,Injury Collision,Rear Ended,4,0,0,3,2004/06/25 00:00:00+00,6/25/2004 9:54:00 AM,Mid-Block (not related to intersection),14,"MOTOR VEHICLE STRUCK MOTOR VEHICLE, REAR END",,0,Clear,Dry,Daylight,,4177032.0,,13,From same direction - both going straight - both moving - rear-end,0,0,N
4836,2,-122.3046125,47.645975,5821,19681,19681,1198203,Matched,Block,,MONTLAKE BLVD E BETWEEN E HAMLIN ST AND E SHELBY ST,,,2,Injury Collision,Rear Ended,3,0,0,2,2004/10/28 00:00:00+00,10/28/2004 8:59:00 AM,Mid-Block (not related to intersection),14,"MOTOR VEHICLE STRUCK MOTOR VEHICLE, REAR END",,0,Overcast,Dry,Daylight,,4302056.0,,14,From same direction - both going straight - one stopped - rear-end,0,0,N
4837,1,-122.29749939999999,47.539905499999996,5822,19774,19774,1771706,Matched,Block,,BEACON ER AVE S BETWEEN 27TH AVE S AND 28TH AVE S,,,1,Property Damage Only Collision,Sideswipe,3,0,0,2,2004/03/31 00:00:00+00,3/31/2004 1:45:00 PM,Mid-Block (not related to intersection),16,"MOTOR VEHICLE STRUCK MOTOR VEHICLE, LEFT SIDE SIDESWIPE",,0,Clear,Dry,Daylight,,4091025.0,,11,From same direction - both going straight - both moving - sideswipe,0,0,N
4838,2,-122.30309879999999,47.61879546,5823,19817,19817,1798878,Matched,Block,,E MADISON ST BETWEEN 22ND AVE E AND 23RD AVE E,,,2,Injury Collision,Rear Ended,3,0,0,3,2004/08/24 00:00:00+00,8/24/2004 7:41:00 AM,Mid-Block (but intersection related),14,"MOTOR VEHICLE STRUCK MOTOR VEHICLE, REAR END",,0,Raining,Dry,Daylight,,4237053.0,Y,14,From same direction - both going straight - one stopped - rear-end,0,0,N
4839,1,-122.36634860000001,47.63534742,5824,20479,20479,1313039,Matched,Block,,7TH AVE W BETWEEN W BLAINE ST AND W HOWE ST,,,1,Property Damage Only Collision,Parked Car,2,0,0,2,2004/06/24 00:00:00+00,6/24/2004 10:30:00 AM,Mid-Block (not related to intersection),16,"MOTOR VEHICLE STRUCK MOTOR VEHICLE, LEFT SIDE SIDESWIPE",,0,Clear,Dry,Unknown,,4176005.0,,32,One parked--one moving,0,0,N
4840,1,-122.29364270000002,47.72198541,5825,19371,19371,1930864,Matched,Block,,LAKE CITY WAY NE BETWEEN NE 127TH ST AND NE 130TH ST,,,1,Property Damage Only Collision,Rear Ended,2,0,0,2,2004/12/22 00:00:00+00,12/22/2004 10:26:00 AM,Mid-Block (but intersection related),14,"MOTOR VEHICLE STRUCK MOTOR VEHICLE, REAR END",,0,Clear,Dry,Daylight,,4357019.0,,14,From same direction - both going straight - one stopped - rear-end,0,0,N
4841,1,-122.3290808,47.69034175,5826,19153,19153,1778741,Matched,Block,,BANNER WAY NE BETWEEN NE 85TH ST OFF RP AND CORLISS WAY N,,,1,Property Damage Only Collision,Other,3,0,0,3,2004/01/02 00:00:00+00,1/2/2004,Mid-Block (not related to intersection),28,MOTOR VEHICLE RAN OFF ROAD - HIT FIXED OBJECT,,0,Overcast,Ice,Dawn,,4002035.0,,50,Fixed object,0,0,N
4842,2,-122.32349450000001,47.73349942,5827,20053,20053,C649437,Matched,Block,,5TH AVE NE BETWEEN 145TH ST OFF RP AND NE 145TH ST,,,2,Injury Collision,Rear Ended,2,0,0,2,2004/10/21 00:00:00+00,10/21/2004 5:00:00 PM,Mid-Block (but intersection related),14,"MOTOR VEHICLE STRUCK MOTOR VEHICLE, REAR END",,0,Clear,Dry,Daylight,,4295024.0,,14,From same direction - both going straight - one stopped - rear-end,0,0,N
4843,2,-122.3175673,47.60144396,5828,20586,20586,1795847,Matched,Block,,BOREN AVE S BETWEEN E YESLER WAY AND 12TH AVE S TURN RD,,,2,Injury Collision,Right Turn,2,0,0,2,2004/11/15 00:00:00+00,11/15/2004 1:22:00 PM,Mid-Block (but intersection related),14,"MOTOR VEHICLE STRUCK MOTOR VEHICLE, REAR END",,0,Overcast,Wet,Daylight,,4320050.0,,16,From same direction - one right turn - one straight,0,0,N
4844,1,-122.35665139999999,47.69151305,5829,19573,19573,1773510,Matched,Block,,PALATINE AVE N BETWEEN N 85TH ST AND N 87TH ST,,,1,Property Damage Only Collision,Parked Car,2,0,0,2,2004/03/16 00:00:00+00,3/16/2004 1:25:00 PM,Mid-Block (not related to intersection),11,"MOTOR VEHICLE STRUCK MOTOR VEHICLE, FRONT END AT ANGLE",,1,Clear,Dry,Daylight,,4076026.0,,32,One parked--one moving,0,0,N
4845,1,-122.3254027,47.60626898,5830,19345,19345,1789988,Matched,Intersection,29942.0,9TH AVE AND CHERRY ST,,,1,Property Damage Only Collision,Angles,2,0,0,2,2004/03/24 00:00:00+00,3/24/2004 4:53:00 PM,At Intersection (intersection related),11,"MOTOR VEHICLE STRUCK MOTOR VEHICLE, FRONT END AT ANGLE",,0,Raining,Wet,Daylight,,4084031.0,,10,Entering at angle,0,0,N
4846,2,-122.3411327,47.61004447,5831,19947,19947,1778114,Matched,Block,,1ST AVE BETWEEN PINE ST AND STEWART ST,,,2,Injury Collision,Rear Ended,3,0,0,2,2004/09/17 00:00:00+00,9/17/2004 10:53:00 PM,Mid-Block (but intersection related),14,"MOTOR VEHICLE STRUCK MOTOR VEHICLE, REAR END",,0,Overcast,Dry,Dark - Street Lights On,,4261015.0,,14,From same direction - both going straight - one stopped - rear-end,0,0,N
4847,2,-122.3505416,47.61458476,5833,20763,20763,1784605,Matched,Intersection,29692.0,VINE ST AND WESTERN AVE,,,2,Injury Collision,Angles,2,0,0,2,2004/08/26 00:00:00+00,8/26/2004 4:09:00 PM,At Intersection (intersection related),11,"MOTOR VEHICLE STRUCK MOTOR VEHICLE, FRONT END AT ANGLE",,0,Clear,Dry,Daylight,,4239006.0,,10,Entering at angle,0,0,N
4848,1,,,5834,19635,19635,664816,Matched,Block,,BATTERY ST TUNNEL NB BETWEEN ALASKAN WY VI NB AND AURORA AVE N,,,1,Property Damage Only Collision,Other,0,0,0,1,2004/08/07 00:00:00+00,8/7/2004,Mid-Block (not related to intersection),26,MOTOR VEHICLE STRUCK OBJECT IN ROAD,,0,Overcast,Dry,Dark - Street Lights On,,4220032.0,,50,Fixed object,0,0,N
4849,1,,,5835,19461,19461,1783782,Matched,Block,,SENECA ST OFF RP BETWEEN ALASKAN WY VI NB AND 1ST AVE,,,1,Property Damage Only Collision,Rear Ended,2,0,0,2,2004/08/07 00:00:00+00,8/7/2004,Mid-Block (but intersection related),14,"MOTOR VEHICLE STRUCK MOTOR VEHICLE, REAR END",Y,0,Clear,Dry,Daylight,,4220020.0,,14,From same direction - both going straight - one stopped - rear-end,0,0,N
4850,1,-122.3228594,47.6801631,5836,20255,20255,1475224,Matched,Intersection,24457.0,5TH AVE NE AND NE 71ST ST,,,1,Property Damage Only Collision,Angles,2,0,0,2,2004/07/06 00:00:00+00,7/6/2004,At Intersection (intersection related),11,"MOTOR VEHICLE STRUCK MOTOR VEHICLE, FRONT END AT ANGLE",,0,Raining,Wet,Daylight,,4188019.0,,10,Entering at angle,0,0,N
4851,1,-122.3648675,47.70432736,5837,20331,20331,1218765,Matched,Block,,ALDERBROOK PL NW BETWEEN 8TH AVE NW AND NW 105TH ST,,,1,Property Damage Only Collision,Parked Car,3,0,0,3,2004/08/03 00:00:00+00,8/3/2004,Mid-Block (not related to intersection),16,"MOTOR VEHICLE STRUCK MOTOR VEHICLE, LEFT SIDE SIDESWIPE",,0,Clear,Dry,Daylight,,4216005.0,,32,One parked--one moving,0,0,N
4852,1,,,5839,18720,18720,1482717,Matched,Block,,1ST AV S ON RP BETWEEN ALASKAN WY VI NB AND 1ST N AVE S,,,1,Property Damage Only Collision,Other,1,0,0,1,2004/06/11 00:00:00+00,6/11/2004 7:28:00 AM,Mid-Block (not related to intersection),28,MOTOR VEHICLE RAN OFF ROAD - HIT FIXED OBJECT,,0,Raining,Wet,Daylight,,4163004.0,Y,50,Fixed object,0,0,N
4853,1,-122.34964029999999,47.61857911,5842,19280,19280,C650744,Matched,Block,,DENNY WAY BETWEEN BROAD ST AND 4TH AVE,,,1,Property Damage Only Collision,Other,2,0,0,2,2004/12/08 00:00:00+00,12/8/2004,Mid-Block (but intersection related),11,"MOTOR VEHICLE STRUCK MOTOR VEHICLE, FRONT END AT ANGLE",,0,Clear,Dry,Dusk,,4343055.0,,22,One car leaving driveway access,0,0,N
4854,1,,,5843,19810,19810,1798290,Matched,Alley,,,,,1,Property Damage Only Collision,Parked Car,3,0,0,3,2004/09/12 00:00:00+00,9/12/2004 2:10:00 AM,,0,NOT ENOUGH INFORMATION / NOT APPLICABLE,,1,Raining,Wet,Dark - Street Lights On,,4256024.0,,32,One parked--one moving,0,0,N
4855,1,-122.297816,47.71491193,5845,20758,20758,1931028,Matched,Block,,LAKE CITY WAY NE BETWEEN NE 117TH ST AND NE 120TH ST,,,1,Property Damage Only Collision,Other,2,0,0,2,2004/11/17 00:00:00+00,11/17/2004 6:01:00 PM,Driveway Junction,11,"MOTOR VEHICLE STRUCK MOTOR VEHICLE, FRONT END AT ANGLE",,0,Clear,Dry,Dark - Street Lights On,,4322014.0,,21,One car entering driveway access,0,0,N
4856,1,-122.33834440000001,47.61775185,5847,19321,19321,1777439,Matched,Intersection,29509.0,BLANCHARD ST AND WESTLAKE AVE,,,1,Property Damage Only Collision,Left Turn,3,0,0,2,2004/08/28 00:00:00+00,8/28/2004 12:45:00 PM,At Intersection (intersection related),11,"MOTOR VEHICLE STRUCK MOTOR VEHICLE, FRONT END AT ANGLE",,0,Clear,Dry,Daylight,,4241039.0,,15,From same direction - one left turn - one straight,0,0,N
4857,2,-122.31342479999999,47.55980475,5848,19754,19754,1784394,Matched,Block,,15TH AVE S BETWEEN S ANGELINE ST AND S FERDINAND ST,,,2,Injury Collision,Rear Ended,3,0,0,3,2004/12/07 00:00:00+00,12/7/2004,Mid-Block (but intersection related),14,"MOTOR VEHICLE STRUCK MOTOR VEHICLE, REAR END",Y,0,Raining,Wet,Dark - Street Lights On,,4342035.0,,14,From same direction - both going straight - one stopped - rear-end,0,0,N
4858,1,-122.4002642,47.58420134,5849,20324,20324,1482122,Matched,Block,,ALKI AVE SW BETWEEN BONAIR DR SW AND 53RD AVE SW,,,1,Property Damage Only Collision,Parked Car,2,0,0,2,2004/08/07 00:00:00+00,8/7/2004,Mid-Block (not related to intersection),14,"MOTOR VEHICLE STRUCK MOTOR VEHICLE, REAR END",,0,Clear,Dry,Daylight,,4220008.0,,32,One parked--one moving,0,0,N
4859,1,-122.30089840000002,47.666264,5850,20021,20021,1780440,Matched,Block,,NE BLAKELEY ST BETWEEN RAVENNA PL NE AND 25TH AVE NE,,,1,Property Damage Only Collision,Other,3,0,0,2,2004/06/02 00:00:00+00,6/2/2004,Driveway Junction,14,"MOTOR VEHICLE STRUCK MOTOR VEHICLE, REAR END",Y,0,Clear,Dry,Daylight,,4154003.0,,22,One car leaving driveway access,0,0,N
4860,1,-122.3200588,47.64135501,5851,19933,19933,1198411,Matched,Intersection,28221.0,10TH AVE E AND E MILLER ST,,,1,Property Damage Only Collision,Angles,4,0,0,4,2004/11/15 00:00:00+00,11/15/2004 7:41:00 AM,At Intersection (intersection related),11,"MOTOR VEHICLE STRUCK MOTOR VEHICLE, FRONT END AT ANGLE",,0,Raining,Wet,Daylight,,4320013.0,Y,10,Entering at angle,0,0,N
4861,2,-122.3499273,47.65203917,5852,19501,19501,1080203,Matched,Block,,FREMONT AVE N BETWEEN N 36TH ST AND N 38TH ST,,,2,Injury Collision,Parked Car,3,0,0,3,2004/07/20 00:00:00+00,7/20/2004 3:09:00 PM,Mid-Block (not related to intersection),11,"MOTOR VEHICLE STRUCK MOTOR VEHICLE, FRONT END AT ANGLE",,0,Clear,Dry,Daylight,,4202012.0,,20,One car leaving parked position,0,0,N
4862,2,-122.2962432,47.57587276,5853,20090,20090,1771306,Matched,Intersection,31494.0,RAINIER AVE S AND S MOUNT BAKER EB BV,,,2,Injury Collision,Left Turn,2,0,0,2,2004/02/13 00:00:00+00,2/13/2004 9:47:00 AM,At Intersection (intersection related),11,"MOTOR VEHICLE STRUCK MOTOR VEHICLE, FRONT END AT ANGLE",,0,Overcast,Wet,Daylight,,4044029.0,,28,From opposite direction - one left turn - one straight,0,0,N
4863,1,-122.3229412,47.66170139,5854,20005,20005,1797035,Matched,Block,,5TH AVE NE BETWEEN NE 45TH ST AND 45TH ST OFF RP,,,1,Property Damage Only Collision,Angles,2,0,0,2,2004/11/01 00:00:00+00,11/1/2004,Mid-Block (but intersection related),11,"MOTOR VEHICLE STRUCK MOTOR VEHICLE, FRONT END AT ANGLE",,0,Raining,Wet,Dark - Street Lights On,,4306034.0,,10,Entering at angle,0,0,N
4864,1,-122.37544950000002,47.69539492,5855,19274,19274,C650057,Matched,Block,,MARY AVE NW BETWEEN HOLMAN RD NW AND NW 92ND ST,,,1,Property Damage Only Collision,Parked Car,2,0,0,2,2004/11/10 00:00:00+00,11/10/2004 7:00:00 PM,Mid-Block (not related to intersection),13,"MOTOR VEHICLE STRUCK MOTOR VEHICLE, LEFT SIDE AT ANGLE",,0,Overcast,Dry,Dark - Street Lights On,,4315036.0,,32,One parked--one moving,0,0,N
4865,2,-122.32159209999999,47.60170192,5859,20484,20484,1319796,Matched,Block,,YESLER WAY BETWEEN 8TH AVE AND BROADWAY,,,2,Injury Collision,Rear Ended,3,0,0,3,2004/03/18 00:00:00+00,3/18/2004 8:39:00 AM,Mid-Block (but intersection related),14,"MOTOR VEHICLE STRUCK MOTOR VEHICLE, REAR END",,0,Overcast,Wet,Daylight,,4078023.0,,14,From same direction - both going straight - one stopped - rear-end,0,0,N
4866,1,-122.3833514,47.52918325,5860,19530,19530,1788968,Matched,Block,,SW ROSE ST BETWEEN 39TH AVE SW AND 41ST AVE SW,,,1,Property Damage Only Collision,Parked Car,2,0,0,2,2004/01/01 00:00:00+00,1/1/2004,Mid-Block (not related to intersection),14,"MOTOR VEHICLE STRUCK MOTOR VEHICLE, REAR END",,0,Overcast,Wet,Dark - Street Lights On,,4001014.0,,32,One parked--one moving,0,0,N
4867,1,-122.32345349999999,47.61814376,5861,19590,19590,1795903,Matched,Block,,BOYLSTON AVE BETWEEN E HOWELL N ST AND E DENNY WAY,,,1,Property Damage Only Collision,Other,1,0,0,1,2004/10/03 00:00:00+00,10/3/2004,Mid-Block (not related to intersection),28,MOTOR VEHICLE RAN OFF ROAD - HIT FIXED OBJECT,,0,Clear,Dry,Dark - Street Lights Off,,4277004.0,,50,Fixed object,0,0,N
4868,2,-122.3292794,47.59030786,5862,20049,20049,1482766,Matched,Intersection,163340.0,4TH AVE SB OFF RP AND EDGAR MARTINEZ DR S,,,2,Injury Collision,Angles,4,0,0,2,2004/07/25 00:00:00+00,7/25/2004 12:31:00 AM,At Intersection (intersection related),11,"MOTOR VEHICLE STRUCK MOTOR VEHICLE, FRONT END AT ANGLE",Y,0,Clear,Dry,Dark - Street Lights On,,4207013.0,,10,Entering at angle,0,0,N
4869,2,-122.3395594,47.60832456,5863,20303,20303,1482410,Matched,Block,,1ST AVE BETWEEN UNION ST AND PIKE ST,,,2,Injury Collision,Rear Ended,2,0,0,2,2004/06/25 00:00:00+00,6/25/2004 2:39:00 AM,Mid-Block (but intersection related),14,"MOTOR VEHICLE STRUCK MOTOR VEHICLE, REAR END",,0,Clear,Dry,Dark - Street Lights On,,4177035.0,,14,From same direction - both going straight - one stopped - rear-end,0,0,N
4870,2,-122.2823449,47.53704402,5864,20613,20613,1771692,Matched,Block,,S OTHELLO ST BETWEEN 39TH AVE S AND M L KING JR WR WAY S,,,2,Injury Collision,Other,4,0,0,2,2004/03/11 00:00:00+00,3/11/2004 6:55:00 PM,Driveway Junction,11,"MOTOR VEHICLE STRUCK MOTOR VEHICLE, FRONT END AT ANGLE",,0,Clear,Dry,Dark - Street Lights Off,,4071031.0,,22,One car leaving driveway access,0,0,N
4871,2,-122.3526205,47.69241034,5865,19206,19206,1079993,Matched,Intersection,37450.0,DAYTON AVE N AND N 87TH ST,,,2,Injury Collision,Angles,2,0,0,2,2004/07/13 00:00:00+00,7/13/2004 8:21:00 PM,At Intersection (intersection related),24,MOTOR VEHCILE STRUCK PEDESTRIAN,Y,0,Clear,Dry,Daylight,,4195010.0,,10,Entering at angle,0,0,N
4872,1,-122.3126271,47.62318292,5867,20139,20139,1772234,Matched,Block,,15TH AVE E BETWEEN E REPUBLICAN S ST AND E REPUBLICAN N ST,,,1,Property Damage Only Collision,Parked Car,2,0,0,2,2004/04/03 00:00:00+00,4/3/2004,Mid-Block (not related to intersection),16,"MOTOR VEHICLE STRUCK MOTOR VEHICLE, LEFT SIDE SIDESWIPE",,0,Clear,Dry,Dark - Street Lights On,,4094009.0,,32,One parked--one moving,0,0,N
4873,2,-122.3331824,47.61851384,5868,20365,20365,1316445,Matched,Block,,DENNY WAY BETWEEN MINOR AVE AND VIRGINIA ST,,,2,Injury Collision,Rear Ended,9,0,0,3,2004/02/14 00:00:00+00,2/14/2004 6:51:00 PM,Mid-Block (not related to intersection),14,"MOTOR VEHICLE STRUCK MOTOR VEHICLE, REAR END",Y,0,Raining,Wet,Dark - Street Lights On,,4045001.0,,14,From same direction - both going straight - one stopped - rear-end,0,0,N
4874,2,-122.387317,47.53546321,5869,19553,19553,1798397,Matched,Block,,CALIFORNIA AVE SW BETWEEN SW WEBSTER ST AND SW AUSTIN ST,,,2,Injury Collision,Parked Car,2,0,0,2,2004/12/29 00:00:00+00,12/29/2004 3:26:00 PM,Mid-Block (not related to intersection),14,"MOTOR VEHICLE STRUCK MOTOR VEHICLE, REAR END",Y,0,Raining,Wet,Daylight,,4364057.0,,32,One parked--one moving,0,0,N
4875,1,-122.3763205,47.663297899999996,5870,19686,19686,1780419,Matched,Block,,15TH SB AVE NW BETWEEN NW BALLARD WAY AND NW LEARY WAY,,,1,Property Damage Only Collision,Other,1,0,0,1,2004/04/18 00:00:00+00,4/18/2004 12:45:00 PM,Mid-Block (but intersection related),26,MOTOR VEHICLE STRUCK OBJECT IN ROAD,,1,Clear,Dry,Daylight,,4109007.0,,50,Fixed object,0,0,N
4876,2,-122.3935808,47.57985933,5871,19777,19777,1781320,Matched,Block,,SW ADMIRAL WAY BETWEEN 48TH AVE SW AND SW LANDER E ST,,,2,Injury Collision,Rear Ended,2,0,0,2,2004/10/05 00:00:00+00,10/5/2004,Mid-Block (not related to intersection),14,"MOTOR VEHICLE STRUCK MOTOR VEHICLE, REAR END",Y,0,Fog/Smog/Smoke,Dry,Dawn,,4279056.0,,14,From same direction - both going straight - one stopped - rear-end,0,0,N
4877,1,-122.34760130000001,47.62090802,5872,19968,19968,1069467,Matched,Intersection,28931.0,5TH AVE N AND BROAD ST,,,1,Property Damage Only Collision,Sideswipe,2,0,0,2,2004/12/08 00:00:00+00,12/8/2004,At Intersection (intersection related),11,"MOTOR VEHICLE STRUCK MOTOR VEHICLE, FRONT END AT ANGLE",,0,Clear,Dry,Daylight,,4343014.0,,11,From same direction - both going straight - both moving - sideswipe,0,0,N
4878,1,-122.38557990000001,47.66814081,5873,20790,20790,1773841,Matched,Block,,BALLARD AVE NW BETWEEN 22ND AVE NW AND NW MARKET ST,,,1,Property Damage Only Collision,Parked Car,2,0,0,2,2004/04/08 00:00:00+00,4/8/2004,Mid-Block (not related to intersection),13,"MOTOR VEHICLE STRUCK MOTOR VEHICLE, LEFT SIDE AT ANGLE",,0,Clear,Dry,Unknown,,4099013.0,,32,One parked--one moving,0,0,N
4879,1,-122.3341251,47.54266773,5874,19677,19677,1926128,Matched,Block,,1ST AV S BR NB BETWEEN POINT B AND POINT A,,,1,Property Damage Only Collision,Other,2,0,0,2,2004/10/05 00:00:00+00,10/5/2004,Mid-Block (not related to intersection),11,"MOTOR VEHICLE STRUCK MOTOR VEHICLE, FRONT END AT ANGLE",,0,Raining,Wet,Dark - Street Lights On,,4279059.0,Y,23,From same direction - all others,0,0,N
4880,1,-122.31612439999999,47.55527859,5875,19302,19302,1776359,Matched,Block,,13TH AVE S BETWEEN S DAWSON ST AND S BENNETT ST,,,1,Property Damage Only Collision,Parked Car,3,0,0,2,2004/01/17 00:00:00+00,1/17/2004 11:27:00 PM,Mid-Block (but intersection related),11,"MOTOR VEHICLE STRUCK MOTOR VEHICLE, FRONT END AT ANGLE",,1,Clear,Dry,Dark - No Street Lights,,4017008.0,,32,One parked--one moving,0,0,N
4881,2,-122.34046670000001,47.60931643,5877,20162,20162,1482409,Matched,Block,,1ST AVE BETWEEN PIKE ST AND PINE ST,,,2,Injury Collision,Rear Ended,4,0,0,3,2004/06/19 00:00:00+00,6/19/2004 10:11:00 PM,Mid-Block (but intersection related),14,"MOTOR VEHICLE STRUCK MOTOR VEHICLE, REAR END",,0,Clear,Dry,Dark - Street Lights On,,4171010.0,,14,From same direction - both going straight - one stopped - rear-end,0,0,N
4882,1,-122.3428202,47.610018,5878,19283,19283,1321784,Matched,Block,,PIKE PL BETWEEN STEWART ST AND VIRGINIA ST,,,1,Property Damage Only Collision,Parked Car,2,0,0,2,2004/08/21 00:00:00+00,8/21/2004 9:10:00 AM,Mid-Block (not related to intersection),13,"MOTOR VEHICLE STRUCK MOTOR VEHICLE, LEFT SIDE AT ANGLE",,0,Overcast,Dry,Daylight,,4234039.0,,32,One parked--one moving,0,0,N
4883,1,-122.34106090000002,47.62263512,5883,19467,19467,1213394,Matched,Block,,8TH AVE N BETWEEN HARRISON ST AND REPUBLICAN ST,,,1,Property Damage Only Collision,Parked Car,3,0,0,2,2004/06/25 00:00:00+00,6/25/2004 1:40:00 PM,Mid-Block (not related to intersection),11,"MOTOR VEHICLE STRUCK MOTOR VEHICLE, FRONT END AT ANGLE",,0,Clear,Dry,Daylight,,4177015.0,,32,One parked--one moving,0,0,N
4884,1,-122.3115285,47.64029575,5885,19129,19129,1798827,Matched,Block,,E MCGRAW ST BETWEEN 15TH AVE E AND 16TH AVE E,,,1,Property Damage Only Collision,Parked Car,2,0,0,2,2004/09/11 00:00:00+00,9/11/2004 3:41:00 PM,Mid-Block (but intersection related),11,"MOTOR VEHICLE STRUCK MOTOR VEHICLE, FRONT END AT ANGLE",Y,0,Clear,Dry,Daylight,,4255027.0,,32,One parked--one moving,0,0,N
4885,1,-122.3006007,47.5463793,5886,19329,19329,1771383,Matched,Intersection,33288.0,BEACON WR AVE S AND S GRAHAM ST,,,1,Property Damage Only Collision,Left Turn,4,0,0,2,2004/02/11 00:00:00+00,2/11/2004 2:43:00 PM,At Intersection (intersection related),11,"MOTOR VEHICLE STRUCK MOTOR VEHICLE, FRONT END AT ANGLE",,0,Clear,Dry,Daylight,,4042003.0,,28,From opposite direction - one left turn - one straight,0,0,N
4886,1,-122.30445309999999,47.71390329,5887,19927,19927,1781008,Matched,Intersection,36726.0,23RD AVE NE AND NE 117TH ST,,,1,Property Damage Only Collision,Other,1,0,0,1,2004/03/08 00:00:00+00,3/8/2004,At Intersection (intersection related),26,MOTOR VEHICLE STRUCK OBJECT IN ROAD,,1,Clear,Dry,Dark - Street Lights On,,4068039.0,,50,Fixed object,0,0,N
4887,1,-122.3134305,47.56916619,5888,20116,20116,1793641,Matched,Intersection,32262.0,15TH AVE S AND S COLUMBIAN N WAY,,,1,Property Damage Only Collision,Left Turn,2,0,0,2,2004/08/18 00:00:00+00,8/18/2004 3:55:00 PM,At Intersection (intersection related),11,"MOTOR VEHICLE STRUCK MOTOR VEHICLE, FRONT END AT ANGLE",,0,Clear,Dry,Daylight,,4231012.0,,28,From opposite direction - one left turn - one straight,0,0,N
4888,1,-122.35707450000001,47.53007763,5889,20621,20621,1481324,Matched,Block,,SW ELMGROVE ST BETWEEN 17TH AVE SW AND 18TH AVE SW,,,1,Property Damage Only Collision,Other,1,0,0,1,2004/04/20 00:00:00+00,4/20/2004 2:00:00 AM,Mid-Block (not related to intersection),28,MOTOR VEHICLE RAN OFF ROAD - HIT FIXED OBJECT,,0,Unknown,Unknown,Dark - Street Lights On,,4111003.0,,50,Fixed object,0,0,N
4889,1,-122.3233691,47.64383634,5890,19674,19674,1789864,Matched,Block,,BOYLSTON AVE E BETWEEN E ROANOKE ST AND BOYLSTON AV E OFF RP,,,1,Property Damage Only Collision,Rear Ended,2,0,0,2,2004/03/23 00:00:00+00,3/23/2004 4:15:00 PM,Mid-Block (but intersection related),14,"MOTOR VEHICLE STRUCK MOTOR VEHICLE, REAR END",,0,Overcast,Wet,Daylight,,4083003.0,,14,From same direction - both going straight - one stopped - rear-end,0,0,N
4890,1,-122.357579,47.72873064,5891,19155,19155,1778897,Matched,Block,,N 137TH ST BETWEEN 1ST AVE NW AND PALATINE AVE N,,,1,Property Damage Only Collision,Parked Car,2,0,0,2,2004/10/03 00:00:00+00,10/3/2004,Driveway Junction,32,DRIVERLESS VEHICLE STRUCK MOTOR VEHICLE RIGHT SIDE AT ANGLE ,,0,Clear,Dry,Daylight,,4277012.0,,32,One parked--one moving,0,0,N