,SEVERITYCODE,X,Y,OBJECTID,INCKEY,COLDETKEY,REPORTNO,STATUS,ADDRTYPE,INTKEY,LOCATION,EXCEPTRSNCODE,EXCEPTRSNDESC,SEVERITYCODE.1,SEVERITYDESC,COLLISIONTYPE,PERSONCOUNT,PEDCOUNT,PEDCYLCOUNT,VEHCOUNT,INCDATE,INCDTTM,JUNCTIONTYPE,SDOT_COLCODE,SDOT_COLDESC,INATTENTIONIND,UNDERINFL,WEATHER,ROADCOND,LIGHTCOND,PEDROWNOTGRNT,SDOTCOLNUM,SPEEDING,ST_COLCODE,ST_COLDESC,SEGLANEKEY,CROSSWALKKEY,HITPARKEDCAR
4891,1,-122.3037472,47.55972549,5897,19698,19698,1772683,Matched,Block,,S COLUMBIAN WAY BETWEEN BEACON ER AVE S AND 24TH AVE S,,,1,Property Damage Only Collision,Other,3,0,0,2,2004/10/27 00:00:00+00,10/27/2004 3:46:00 PM,Driveway Junction,11,"MOTOR VEHICLE STRUCK MOTOR VEHICLE, FRONT END AT ANGLE",,0,Clear,Dry,Daylight,,4301009.0,,22,One car leaving driveway access,0,0,N
4892,1,-122.35282679999999,47.52284947,5898,20644,20644,1790711,Matched,Intersection,35035.0,14TH AVE SW AND SW HENDERSON ST,,,1,Property Damage Only Collision,Angles,2,0,0,2,2004/11/20 00:00:00+00,11/20/2004 1:11:00 AM,At Intersection (intersection related),11,"MOTOR VEHICLE STRUCK MOTOR VEHICLE, FRONT END AT ANGLE",,0,Clear,Dry,Dark - Street Lights On,,4325001.0,Y,10,Entering at angle,0,0,N
4893,1,-122.31153379999999,47.65252817,5899,19633,19633,1080303,Matched,Block,,NE PACIFIC ST BETWEEN 15TH AVE NE AND XW 17 AVNE,,,1,Property Damage Only Collision,Parked Car,3,0,0,2,2004/06/17 00:00:00+00,6/17/2004 6:52:00 PM,Mid-Block (not related to intersection),11,"MOTOR VEHICLE STRUCK MOTOR VEHICLE, FRONT END AT ANGLE",,0,Clear,Dry,Daylight,,4169004.0,,20,One car leaving parked position,0,0,N
4894,1,-122.27893300000001,47.51342479,5900,19463,19463,1784353,Matched,Intersection,38140.0,M L KING JR WR WAY S AND S NORFOLK ST,,,1,Property Damage Only Collision,Sideswipe,3,0,0,2,2004/10/27 00:00:00+00,10/27/2004 9:32:00 AM,At Intersection (intersection related),16,"MOTOR VEHICLE STRUCK MOTOR VEHICLE, LEFT SIDE SIDESWIPE",Y,0,Clear,Dry,Daylight,,4301031.0,,11,From same direction - both going straight - both moving - sideswipe,0,0,N
4895,2,-122.3109494,47.59511628,5902,19226,19226,1787271,Matched,Block,,RAINIER AVE S BETWEEN S DEARBORN ST AND S CHARLES N ST,,,2,Injury Collision,Rear Ended,3,0,0,2,2004/03/08 00:00:00+00,3/8/2004,Mid-Block (not related to intersection),14,"MOTOR VEHICLE STRUCK MOTOR VEHICLE, REAR END",,0,Clear,Dry,Daylight,,4068038.0,,14,From same direction - both going straight - one stopped - rear-end,0,0,N
4896,1,-122.34974890000001,47.64875309,5903,19290,19290,1778627,Matched,Block,,FREMONT AVE N BETWEEN FREMONT BR AND N 34TH ST,,,1,Property Damage Only Collision,Sideswipe,2,0,0,2,2004/03/23 00:00:00+00,3/23/2004 12:24:00 PM,Mid-Block (not related to intersection),16,"MOTOR VEHICLE STRUCK MOTOR VEHICLE, LEFT SIDE SIDESWIPE",,0,Overcast,Dry,Daylight,,4083020.0,,11,From same direction - both going straight - both moving - sideswipe,0,0,N
4897,2,-122.3766045,47.535567900000004,5904,20029,20029,1197929,Matched,Intersection,34043.0,35TH AVE SW AND SW WEBSTER ST,,,2,Injury Collision,Left Turn,2,0,0,2,2004/12/10 00:00:00+00,12/10/2004 7:12:00 PM,At Intersection (intersection related),11,"MOTOR VEHICLE STRUCK MOTOR VEHICLE, FRONT END AT ANGLE",,0,Raining,Wet,Dark - Street Lights On,,4345052.0,,28,From opposite direction - one left turn - one straight,0,0,N
4898,1,-122.38284180000001,47.6334878,5907,20246,20246,1776280,Matched,Block,,MAGNOLIA BR BETWEEN MAGNOLIA EB W BR AND W GARFIELD ST OFF RP,,,1,Property Damage Only Collision,Other,4,0,0,2,2004/04/13 00:00:00+00,4/13/2004 3:10:00 PM,Mid-Block (but intersection related),11,"MOTOR VEHICLE STRUCK MOTOR VEHICLE, FRONT END AT ANGLE",,0,Clear,Dry,Daylight,,4104039.0,,23,From same direction - all others,0,0,N
4899,2,-122.334253,47.6181844,5909,20635,20635,1214015,Matched,Block,,FAIRVIEW AVE BETWEEN BOREN AVE AND DENNY WAY,,,2,Injury Collision,Rear Ended,3,0,0,3,2004/08/12 00:00:00+00,8/12/2004 3:47:00 PM,Mid-Block (but intersection related),14,"MOTOR VEHICLE STRUCK MOTOR VEHICLE, REAR END",,0,Clear,Dry,Daylight,,4225011.0,,14,From same direction - both going straight - one stopped - rear-end,0,0,N
4900,1,-122.33480420000001,47.73413613,5911,19605,19605,1780805,Matched,Block,,N 145TH ST BETWEEN WAYNE PL N AND MERIDIAN AVE N,,,1,Property Damage Only Collision,Rear Ended,2,0,0,2,2004/04/19 00:00:00+00,4/19/2004 3:00:00 PM,Mid-Block (but intersection related),14,"MOTOR VEHICLE STRUCK MOTOR VEHICLE, REAR END",,0,Overcast,Dry,Daylight,,4110012.0,,13,From same direction - both going straight - both moving - rear-end,0,0,N
4901,2,-122.29155349999999,47.55529415,5912,19912,19912,1477142,Matched,Intersection,33583.0,32ND AVE S AND S DAWSON ST,,,2,Injury Collision,Angles,6,0,0,2,2004/07/16 00:00:00+00,7/16/2004 6:06:00 PM,At Intersection (intersection related),11,"MOTOR VEHICLE STRUCK MOTOR VEHICLE, FRONT END AT ANGLE",,0,Clear,Dry,Daylight,,4198019.0,,10,Entering at angle,0,0,N
4902,1,-122.3814565,47.56018176,5913,20323,20323,1482111,Matched,Block,,FAUNTLEROY WAY SW BETWEEN SW ALASKA ST AND SW EDMUNDS ST,,,1,Property Damage Only Collision,Other,1,0,0,1,2004/03/07 00:00:00+00,3/7/2004,Mid-Block (but intersection related),28,MOTOR VEHICLE RAN OFF ROAD - HIT FIXED OBJECT,Y,1,Raining,Wet,Dark - Street Lights On,,4067009.0,Y,50,Fixed object,0,0,N
4903,2,-122.34813490000002,47.62029054,5915,20238,20238,1783261,Matched,Block,,BROAD ST BETWEEN 4TH AVE N AND 5TH AVE N,,,2,Injury Collision,Rear Ended,2,0,0,2,2004/10/10 00:00:00+00,10/10/2004 2:53:00 AM,Mid-Block (but intersection related),14,"MOTOR VEHICLE STRUCK MOTOR VEHICLE, REAR END",,0,Clear,Dry,Daylight,,4284027.0,,14,From same direction - both going straight - one stopped - rear-end,0,0,N
4904,1,-122.3203938,47.65271932,5916,19504,19504,1080394,Matched,Block,,UNIVERSITY BR BETWEEN POINT A AND POINT B,,,1,Property Damage Only Collision,Sideswipe,4,0,0,3,2004/11/24 00:00:00+00,11/24/2004 5:52:00 PM,Mid-Block (not related to intersection),16,"MOTOR VEHICLE STRUCK MOTOR VEHICLE, LEFT SIDE SIDESWIPE",,0,Raining,Wet,Dark - Street Lights On,,4329039.0,,11,From same direction - both going straight - both moving - sideswipe,0,0,N
4905,1,-122.3766369,47.52864876,5917,19805,19805,1781470,Matched,Block,,35TH AVE SW BETWEEN SW ROSE ST AND SW THISTLE ST,,,1,Property Damage Only Collision,Rear Ended,2,0,0,2,2004/02/25 00:00:00+00,2/25/2004 6:09:00 PM,Mid-Block (but intersection related),14,"MOTOR VEHICLE STRUCK MOTOR VEHICLE, REAR END",,0,Overcast,Wet,Dark - Street Lights On,,4056006.0,,14,From same direction - both going straight - one stopped - rear-end,0,0,N
4906,2,-122.33647930000001,47.62454525,5919,19138,19138,1776263,Matched,Block,,MERCER SR ST BETWEEN TERRY AVE N AND BOREN AVE N,,,2,Injury Collision,Other,2,0,0,2,2004/01/26 00:00:00+00,1/26/2004 11:16:00 AM,Driveway Junction,11,"MOTOR VEHICLE STRUCK MOTOR VEHICLE, FRONT END AT ANGLE",,0,Overcast,Dry,Daylight,,4026012.0,,22,One car leaving driveway access,0,0,N
4907,1,-122.32331409999998,47.60566029,5920,19334,19334,1477725,Matched,Block,,TERRY AVE BETWEEN JEFFERSON ST AND JAMES ST,,,1,Property Damage Only Collision,Parked Car,2,0,0,2,2004/11/18 00:00:00+00,11/18/2004 1:25:00 PM,Mid-Block (not related to intersection),16,"MOTOR VEHICLE STRUCK MOTOR VEHICLE, LEFT SIDE SIDESWIPE",,0,Clear,Dry,Daylight,,4323022.0,,32,One parked--one moving,0,0,N
4908,1,-122.3376858,47.66175711,5921,20117,20117,1793921,Matched,Block,,DENSMORE AVE N BETWEEN N 45TH W ST AND N 46TH ST,,,1,Property Damage Only Collision,Parked Car,2,0,0,2,2004/10/22 00:00:00+00,10/22/2004 8:20:00 AM,Mid-Block (not related to intersection),11,"MOTOR VEHICLE STRUCK MOTOR VEHICLE, FRONT END AT ANGLE",,0,Overcast,Wet,Dawn,,4296021.0,,32,One parked--one moving,0,0,N
4909,1,-122.28580520000001,47.67397021,5922,20480,20480,1316768,Matched,Intersection,26185.0,39TH AVE NE AND NE 62ND ST,,,1,Property Damage Only Collision,Angles,2,0,0,2,2004/02/12 00:00:00+00,2/12/2004 3:18:00 PM,At Intersection (intersection related),11,"MOTOR VEHICLE STRUCK MOTOR VEHICLE, FRONT END AT ANGLE",,0,Clear,Dry,Daylight,,4043011.0,,10,Entering at angle,0,0,N
4910,2,-122.3394393,47.56341172,5923,19532,19532,1781202,Matched,Block,,EAST MARGINAL WAY S BETWEEN S IDAHO ST AND DIAGONAL AVE S,,,2,Injury Collision,Rear Ended,2,0,0,2,2004/01/14 00:00:00+00,1/14/2004 6:30:00 PM,Mid-Block (but intersection related),14,"MOTOR VEHICLE STRUCK MOTOR VEHICLE, REAR END",Y,0,Raining,Wet,Dark - Street Lights On,,4014022.0,,14,From same direction - both going straight - one stopped - rear-end,0,0,N
4911,1,-122.34756750000001,47.62492483,5924,19162,19162,1482485,Matched,Block,,5TH AVE N BETWEEN MERCER ST AND ROY ST,,,1,Property Damage Only Collision,Sideswipe,4,0,0,3,2004/09/09 00:00:00+00,9/9/2004,Mid-Block (not related to intersection),16,"MOTOR VEHICLE STRUCK MOTOR VEHICLE, LEFT SIDE SIDESWIPE",,0,Clear,Dry,Dark - No Street Lights,,4253012.0,,11,From same direction - both going straight - both moving - sideswipe,0,0,N
4912,1,-122.26998789999999,47.52281564,5925,19752,19752,1783953,Matched,Block,,RAINIER AVE S BETWEEN S HENDERSON ST AND S DIRECTOR N ST,,,1,Property Damage Only Collision,Sideswipe,2,0,0,2,2004/11/17 00:00:00+00,11/17/2004 8:16:00 PM,Mid-Block (but intersection related),11,"MOTOR VEHICLE STRUCK MOTOR VEHICLE, FRONT END AT ANGLE",,0,Overcast,Dry,Dark - Street Lights On,,4322040.0,,27,From opposite direction - both going straight - one stopped - sideswipe,0,0,N
4913,1,-122.37582890000002,47.64294434,5926,20736,20736,1482756,Matched,Block,,W RAYE ST BETWEEN DEAD END 1 AND 15TH AVE W,,,1,Property Damage Only Collision,Parked Car,2,0,0,2,2004/06/22 00:00:00+00,6/22/2004 3:00:00 PM,Mid-Block (not related to intersection),16,"MOTOR VEHICLE STRUCK MOTOR VEHICLE, LEFT SIDE SIDESWIPE",,0,Unknown,Unknown,Daylight,,4174034.0,,32,One parked--one moving,0,0,N
4914,2,-122.30156540000002,47.63524418,5928,19666,19666,1772546,Matched,Intersection,28375.0,24TH AVE E AND BOYER AVE E,,,2,Injury Collision,Angles,3,0,0,2,2004/06/17 00:00:00+00,6/17/2004 7:36:00 AM,At Intersection (intersection related),11,"MOTOR VEHICLE STRUCK MOTOR VEHICLE, FRONT END AT ANGLE",,0,Clear,Dry,Daylight,,4169025.0,,10,Entering at angle,0,0,N
4915,1,-122.3290919,47.60275157,5929,19797,19797,1776948,Matched,Block,,JEFFERSON ST BETWEEN 4TH AVE AND 5TH AVE,,,1,Property Damage Only Collision,Parked Car,3,0,0,2,2004/07/16 00:00:00+00,7/16/2004 8:35:00 PM,Mid-Block (not related to intersection),15,"MOTOR VEHICLE STRUCK MOTOR VEHICLE, RIGHT SIDE SIDESWIPE",,0,Clear,Dry,Daylight,,4198023.0,,32,One parked--one moving,0,0,N
4916,1,-122.3273465,47.61409129999999,5930,19996,19996,1779914,Matched,Block,,E PIKE ST BETWEEN MELROSE AVE AND BELLEVUE AVE,,,1,Property Damage Only Collision,Parked Car,2,0,0,2,2004/03/18 00:00:00+00,3/18/2004 5:05:00 PM,Mid-Block (not related to intersection),13,"MOTOR VEHICLE STRUCK MOTOR VEHICLE, LEFT SIDE AT ANGLE",,0,Unknown,Unknown,Unknown,,4078037.0,,32,One parked--one moving,0,0,N
4917,2,-122.3317038,47.62081714,5931,19255,19255,1778167,Matched,Intersection,29148.0,PONTIUS AVE N AND THOMAS ST,,,2,Injury Collision,Angles,2,0,0,2,2004/03/10 00:00:00+00,3/10/2004 12:53:00 PM,At Intersection (intersection related),11,"MOTOR VEHICLE STRUCK MOTOR VEHICLE, FRONT END AT ANGLE",,0,Clear,Dry,Daylight,,4070001.0,,10,Entering at angle,0,0,N
4918,2,-122.393417,47.57208162,5934,20618,20618,1797951,Matched,Intersection,31954.0,48TH AVE SW AND SW SPOKANE ST,,,2,Injury Collision,Cycles,2,0,1,1,2004/08/22 00:00:00+00,8/22/2004 8:30:00 PM,At Intersection (intersection related),18,"MOTOR VEHICLE STRUCK PEDALCYCLIST, FRONT END AT ANGLE",,0,Overcast,Wet,Dusk,Y,4235014.0,,45,Vehicle - Pedalcyclist,0,0,N
4919,1,-122.34564420000001,47.612272999999995,5936,19584,19584,1774271,Matched,Block,,BLANCHARD ST BETWEEN WESTERN AVE AND 1ST AVE,,,1,Property Damage Only Collision,Parked Car,2,0,0,2,2004/10/10 00:00:00+00,10/10/2004 10:00:00 PM,Mid-Block (but intersection related),14,"MOTOR VEHICLE STRUCK MOTOR VEHICLE, REAR END",,0,Clear,Dry,Dark - Street Lights On,,4284033.0,,32,One parked--one moving,0,0,N
4920,2,-122.3056082,47.69255512,5937,19744,19744,1773511,Matched,Block,,LAKE CITY WAY NE BETWEEN NE 88TH ST AND NE 89TH ST,,,2,Injury Collision,Other,2,0,0,2,2004/03/16 00:00:00+00,3/16/2004 7:47:00 PM,Driveway Junction,11,"MOTOR VEHICLE STRUCK MOTOR VEHICLE, FRONT END AT ANGLE",,0,Clear,Dry,Dark - Street Lights On,,4076013.0,,22,One car leaving driveway access,0,0,N
4921,1,-122.3478132,47.6141441,5938,20159,20159,1482331,Matched,Intersection,29700.0,1ST AVE AND BATTERY ST,,,1,Property Damage Only Collision,Angles,4,0,0,2,2004/03/14 00:00:00+00,3/14/2004 12:09:00 AM,At Intersection (intersection related),11,"MOTOR VEHICLE STRUCK MOTOR VEHICLE, FRONT END AT ANGLE",,0,Clear,Dry,Dark - Street Lights On,,4074022.0,,10,Entering at angle,0,0,N
4922,1,-122.33271440000001,47.60419712,5939,19568,19568,1777421,Matched,Intersection,29970.0,3RD AVE AND COLUMBIA ST,,,1,Property Damage Only Collision,Angles,2,0,0,2,2004/05/15 00:00:00+00,5/15/2004 11:59:00 AM,At Intersection (intersection related),11,"MOTOR VEHICLE STRUCK MOTOR VEHICLE, FRONT END AT ANGLE",,0,Clear,Dry,Daylight,,4136001.0,,10,Entering at angle,0,0,N
4923,1,-122.30544779999998,47.66399541,5940,19611,19611,1778669,Matched,Block,,21ST AVE NE BETWEEN NE 47TH ST AND NE 50TH ST,,,1,Property Damage Only Collision,Parked Car,2,0,0,2,2004/06/09 00:00:00+00,6/9/2004,Mid-Block (not related to intersection),14,"MOTOR VEHICLE STRUCK MOTOR VEHICLE, REAR END",,0,Unknown,Unknown,Unknown,,4161010.0,,32,One parked--one moving,0,0,N
4924,1,-122.321048,47.59834479,5941,19835,19835,1771881,Matched,Block,,S KING ST BETWEEN 8TH AVE S AND 10TH AVE S,,,1,Property Damage Only Collision,Parked Car,2,0,0,2,2004/03/02 00:00:00+00,3/2/2004,Mid-Block (not related to intersection),13,"MOTOR VEHICLE STRUCK MOTOR VEHICLE, LEFT SIDE AT ANGLE",,0,Unknown,Unknown,Unknown,,4062003.0,,32,One parked--one moving,0,0,N
4925,1,-122.32905459999999,47.58293662,5942,20352,20352,1072228,Matched,Block,,4TH AVE S BETWEEN S WALKER ST AND S STACY ST,,,1,Property Damage Only Collision,Parked Car,2,0,0,2,2004/04/26 00:00:00+00,4/26/2004 2:39:00 PM,Mid-Block (not related to intersection),11,"MOTOR VEHICLE STRUCK MOTOR VEHICLE, FRONT END AT ANGLE",,0,Clear,Dry,Daylight,,4117003.0,Y,19,One car entering parked position,0,0,N
4926,2,-122.3343951,47.66138622,5944,19317,19317,1220800,Matched,Block,,N 45TH ST BETWEEN BURKE AVE N AND MERIDIAN AVE N,,,2,Injury Collision,Pedestrian,5,2,0,1,2004/03/25 00:00:00+00,3/25/2004 11:51:00 PM,Mid-Block (not related to intersection),24,MOTOR VEHCILE STRUCK PEDESTRIAN,,1,Overcast,Wet,Dark - Street Lights On,Y,4085008.0,,0,Vehicle going straight hits pedestrian,0,0,N
4927,1,-122.39270800000001,47.53065876,5945,19921,19921,1319846,Matched,Block,,FAUNTLEROY WAY SW BETWEEN SW MONROE ST AND SW ROSE ST,,,1,Property Damage Only Collision,Parked Car,2,0,0,2,2004/04/22 00:00:00+00,4/22/2004 1:12:00 AM,Mid-Block (not related to intersection),14,"MOTOR VEHICLE STRUCK MOTOR VEHICLE, REAR END",,0,Clear,Dry,Dark - Street Lights On,,4113003.0,,32,One parked--one moving,0,0,N
4928,1,-122.29400559999999,47.5729186,5946,19507,19507,1771288,Matched,Intersection,32416.0,RAINIER AVE S AND S WALDEN ST,,,1,Property Damage Only Collision,Left Turn,4,0,0,2,2004/01/31 00:00:00+00,1/31/2004 9:34:00 AM,At Intersection (intersection related),11,"MOTOR VEHICLE STRUCK MOTOR VEHICLE, FRONT END AT ANGLE",,0,Raining,Dry,Daylight,,4031040.0,,28,From opposite direction - one left turn - one straight,0,0,N
4929,1,,,5947,19434,19434,1079764,Matched,,,,NEI,"Not Enough Information, or Insufficient Location Information",1,Property Damage Only Collision,Parked Car,2,0,0,2,2004/08/27 00:00:00+00,8/27/2004 9:30:00 PM,,0,NOT ENOUGH INFORMATION / NOT APPLICABLE,,0,Unknown,Unknown,Unknown,,4240027.0,,32,One parked--one moving,0,0,N
4930,1,-122.3355865,47.60398224,5948,19884,19884,1186844,Matched,Intersection,29622.0,1ST AVE AND MARION ST,,,1,Property Damage Only Collision,Angles,4,0,0,2,2004/03/20 00:00:00+00,3/20/2004 1:00:00 AM,At Intersection (intersection related),11,"MOTOR VEHICLE STRUCK MOTOR VEHICLE, FRONT END AT ANGLE",,1,Clear,Dry,Dark - Street Lights On,,4080034.0,,10,Entering at angle,0,0,N
4931,1,,,5951,20454,20454,1214003,Matched,Block,,BATTERY ST TUN ON RP BETWEEN BELL ST AND ALASKAN WY VI NB,,,1,Property Damage Only Collision,Rear Ended,2,0,0,2,2004/06/20 00:00:00+00,6/20/2004 6:22:00 PM,Mid-Block (but intersection related),14,"MOTOR VEHICLE STRUCK MOTOR VEHICLE, REAR END",,0,Clear,Dry,Daylight,,4172026.0,,14,From same direction - both going straight - one stopped - rear-end,0,0,N
4932,1,-122.3849665,47.54179459,5952,20124,20124,1482120,Matched,Block,,HEIGHTS AVE SW BETWEEN HEIGHTS PL SW AND 41ST AVE SW,,,1,Property Damage Only Collision,Parked Car,2,0,0,2,2004/07/20 00:00:00+00,7/20/2004 11:30:00 PM,Mid-Block (but intersection related),12,"MOTOR VEHICLE STRUCK MOTOR VEHICLE, RIGHT SIDE AT ANGLE",,0,Clear,Dry,Dark - Street Lights On,,4202020.0,,32,One parked--one moving,0,0,N
4933,1,-122.3237553,47.59793173,5954,19659,19659,1787307,Matched,Block,,7TH AVE S BETWEEN S KING ST AND S WELLER ST,,,1,Property Damage Only Collision,Parked Car,2,0,0,2,2004/03/07 00:00:00+00,3/7/2004,Mid-Block (not related to intersection),11,"MOTOR VEHICLE STRUCK MOTOR VEHICLE, FRONT END AT ANGLE",,0,Other,Unknown,Dark - Street Lights On,,4067031.0,,32,One parked--one moving,0,0,N
4934,1,-122.35316709999998,47.61730798,5955,19454,19454,1482867,Matched,Block,,1ST AVE BETWEEN BROAD ST AND EAGLE ST,,,1,Property Damage Only Collision,Parked Car,2,0,0,2,2004/06/16 00:00:00+00,6/16/2004 3:50:00 AM,Mid-Block (not related to intersection),14,"MOTOR VEHICLE STRUCK MOTOR VEHICLE, REAR END",,0,Clear,Dry,Dark - Street Lights On,,4168035.0,,32,One parked--one moving,0,0,N
4935,2,-122.3324242,47.68267211,5956,20059,20059,1778928,Matched,Block,,EAST GREEN LAKE DR N BETWEEN BAGLEY AVE N AND MERIDIAN AVE N,,,2,Injury Collision,Rear Ended,2,0,0,2,2004/05/23 00:00:00+00,5/23/2004 2:10:00 PM,Mid-Block (not related to intersection),14,"MOTOR VEHICLE STRUCK MOTOR VEHICLE, REAR END",Y,0,Clear,Dry,Daylight,,4144017.0,,14,From same direction - both going straight - one stopped - rear-end,0,0,N
4936,2,-122.32807859999998,47.60416123,5958,19579,19579,1213888,Matched,Intersection,29973.0,6TH AVE AND JAMES ST,,,2,Injury Collision,Angles,2,0,0,2,2004/08/18 00:00:00+00,8/18/2004 8:30:00 AM,At Intersection (intersection related),11,"MOTOR VEHICLE STRUCK MOTOR VEHICLE, FRONT END AT ANGLE",,0,Clear,Dry,Daylight,,4231011.0,,10,Entering at angle,0,0,N
4937,2,-122.3629991,47.55101311,5959,19360,19360,1781461,Matched,Block,,DELRIDGE WAY SW BETWEEN SW FINDLAY ST AND SW JUNEAU ST,,,2,Injury Collision,Rear Ended,2,0,0,2,2004/02/11 00:00:00+00,2/11/2004 2:22:00 PM,Mid-Block (not related to intersection),14,"MOTOR VEHICLE STRUCK MOTOR VEHICLE, REAR END",,1,Clear,Dry,Daylight,,4042035.0,,13,From same direction - both going straight - both moving - rear-end,0,0,N
4938,1,-122.2860912,47.54701438,5960,20091,20091,1771367,Matched,Block,,M L KING JR WR WAY S BETWEEN S RAYMOND ST AND S GRAHAM ST,,,1,Property Damage Only Collision,Other,1,0,0,1,2004/02/23 00:00:00+00,2/23/2004 9:19:00 AM,Mid-Block (not related to intersection),28,MOTOR VEHICLE RAN OFF ROAD - HIT FIXED OBJECT,,0,Clear,Dry,Daylight,,4054001.0,,50,Fixed object,0,0,N
4939,1,-122.28815259999999,47.5661507,5962,19263,19263,1469546,Matched,Block,,S DAKOTA ST BETWEEN RAINIER AVE S AND 36TH AVE S,,,1,Property Damage Only Collision,Right Turn,5,0,0,2,2004/01/11 00:00:00+00,1/11/2004 9:37:00 PM,Mid-Block (but intersection related),16,"MOTOR VEHICLE STRUCK MOTOR VEHICLE, LEFT SIDE SIDESWIPE",,0,Clear,Dry,Dark - Street Lights On,,4011001.0,,16,From same direction - one right turn - one straight,0,0,N
4940,2,-122.31677990000001,47.60864269,5963,19194,19194,1477435,Matched,Block,,12TH AVE BETWEEN E CHERRY ST AND E COLUMBIA ST,,,2,Injury Collision,Other,6,0,0,2,2004/07/19 00:00:00+00,7/19/2004 3:48:00 PM,Driveway Junction,11,"MOTOR VEHICLE STRUCK MOTOR VEHICLE, FRONT END AT ANGLE",,0,Clear,Dry,Daylight,,4201001.0,,22,One car leaving driveway access,0,0,N
4941,1,-122.35957920000001,47.65365014,5964,19364,19364,1794026,Matched,Block,,LEARY WAY NW BETWEEN NW 36TH ST AND NW 39TH ST,,,1,Property Damage Only Collision,Other,2,0,0,1,2004/06/14 00:00:00+00,6/14/2004 2:08:00 AM,Mid-Block (but intersection related),28,MOTOR VEHICLE RAN OFF ROAD - HIT FIXED OBJECT,,1,Clear,Dry,Dark - Street Lights On,,4166019.0,Y,50,Fixed object,0,0,N
4942,2,-122.35828149999999,47.63717009,5965,19293,19293,1777050,Matched,Intersection,27833.0,1ST AVE W AND W CROCKETT ST,,,2,Injury Collision,Angles,2,0,0,2,2004/07/07 00:00:00+00,7/7/2004,At Intersection (intersection related),11,"MOTOR VEHICLE STRUCK MOTOR VEHICLE, FRONT END AT ANGLE",,0,Clear,Dry,Daylight,,4189020.0,,10,Entering at angle,0,0,N
4943,2,-122.3341327,47.71712395,5966,20181,20181,C649351,Matched,Intersection,36543.0,MERIDIAN AVE N AND N 122ND ST,,,2,Injury Collision,Angles,2,0,0,2,2004/11/15 00:00:00+00,11/15/2004 10:20:00 AM,At Intersection (intersection related),11,"MOTOR VEHICLE STRUCK MOTOR VEHICLE, FRONT END AT ANGLE",,0,Overcast,Wet,Daylight,,4320054.0,,10,Entering at angle,0,0,N
4944,1,-122.3886178,47.697402000000004,5967,20145,20145,1793988,Matched,Block,,25TH AVE NW BETWEEN DEAD END 4 AND NW 95TH ST,,,1,Property Damage Only Collision,Parked Car,2,0,0,2,2004/10/14 00:00:00+00,10/14/2004 6:18:00 AM,Mid-Block (not related to intersection),11,"MOTOR VEHICLE STRUCK MOTOR VEHICLE, FRONT END AT ANGLE",,0,Fog/Smog/Smoke,Dry,Dark - Street Lights On,,4288019.0,,32,One parked--one moving,0,0,N
4945,2,-122.3760759,47.63286216,5970,19974,19974,1326165,Matched,Block,,15TH AVE W BETWEEN ELLIOTT AVE W AND MAGNOLIA BR OFF RP,,,2,Injury Collision,Other,2,0,0,2,2004/09/13 00:00:00+00,9/13/2004 9:45:00 PM,Mid-Block (not related to intersection),11,"MOTOR VEHICLE STRUCK MOTOR VEHICLE, FRONT END AT ANGLE",,0,Clear,Dry,Dark - Street Lights On,,4257039.0,,23,From same direction - all others,0,0,N
4946,1,-122.3116922,47.68215112,5973,19173,19173,1793779,Matched,Block,,15TH AVE NE BETWEEN NE 73RD ST AND NE 75TH ST,,,1,Property Damage Only Collision,Parked Car,2,0,0,2,2004/05/20 00:00:00+00,5/20/2004 12:59:00 PM,Mid-Block (not related to intersection),14,"MOTOR VEHICLE STRUCK MOTOR VEHICLE, REAR END",Y,0,Clear,Dry,Daylight,,4141003.0,,32,One parked--one moving,0,0,N
4947,1,-122.3865836,47.58025274,5974,19909,19909,1476682,Matched,Block,,CALIFORNIA AVE SW BETWEEN SW ADMIRAL WAY AND SW LANDER ST,,,1,Property Damage Only Collision,Parked Car,2,0,0,2,2004/08/30 00:00:00+00,8/30/2004 8:42:00 PM,Mid-Block (not related to intersection),16,"MOTOR VEHICLE STRUCK MOTOR VEHICLE, LEFT SIDE SIDESWIPE",Y,0,Clear,Dry,Dark - Street Lights On,,4243008.0,,32,One parked--one moving,0,0,N
4948,2,-122.32904620000001,47.59648601,5976,20164,20164,1213405,Matched,Intersection,30538.0,4TH AVE S AND SEATTLE BLVD S,,,2,Injury Collision,Angles,2,0,0,2,2004/03/02 00:00:00+00,3/2/2004,At Intersection (intersection related),11,"MOTOR VEHICLE STRUCK MOTOR VEHICLE, FRONT END AT ANGLE",,0,Clear,Dry,Dawn,,4062017.0,,10,Entering at angle,0,0,N
4949,2,-122.32076119999999,47.61211136,5977,19932,19932,1198408,Matched,Block,,BROADWAY BETWEEN HARVARD AVE AND E UNION ST,,,2,Injury Collision,Other,2,0,0,1,2004/11/14 00:00:00+00,11/14/2004 10:27:00 PM,Mid-Block (not related to intersection),28,MOTOR VEHICLE RAN OFF ROAD - HIT FIXED OBJECT,,1,Clear,Wet,Dark - Street Lights On,,4319010.0,Y,50,Fixed object,0,0,N
4950,1,-122.37124329999999,47.52918831,5978,19361,19361,1781462,Matched,Block,,30TH AVE SW BETWEEN SW ELMGROVE ST AND SW THISTLE ST,,,1,Property Damage Only Collision,Parked Car,2,0,0,2,2004/02/15 00:00:00+00,2/15/2004 9:32:00 AM,Mid-Block (not related to intersection),14,"MOTOR VEHICLE STRUCK MOTOR VEHICLE, REAR END",,0,Raining,Wet,Daylight,,4046015.0,,32,One parked--one moving,0,0,N