,SEVERITYCODE,X,Y,OBJECTID,INCKEY,COLDETKEY,REPORTNO,STATUS,ADDRTYPE,INTKEY,LOCATION,EXCEPTRSNCODE,EXCEPTRSNDESC,SEVERITYCODE.1,SEVERITYDESC,COLLISIONTYPE,PERSONCOUNT,PEDCOUNT,PEDCYLCOUNT,VEHCOUNT,INCDATE,INCDTTM,JUNCTIONTYPE,SDOT_COLCODE,SDOT_COLDESC,INATTENTIONIND,UNDERINFL,WEATHER,ROADCOND,LIGHTCOND,PEDROWNOTGRNT,SDOTCOLNUM,SPEEDING,ST_COLCODE,ST_COLDESC,SEGLANEKEY,CROSSWALKKEY,HITPARKEDCAR
4951,1,-122.2875459,47.56175885,5979,19802,19802,1779509,Matched,Block,,RAINIER AVE S BETWEEN S OREGON ST AND S ALASKA ST,,,1,Property Damage Only Collision,Rear Ended,3,0,0,3,2004/10/08 00:00:00+00,10/8/2004,Mid-Block (but intersection related),14,"MOTOR VEHICLE STRUCK MOTOR VEHICLE, REAR END",,0,Clear,Wet,Daylight,,4282078.0,,14,From same direction - both going straight - one stopped - rear-end,0,0,N
4952,2,-122.35556820000001,47.73275859,5980,20144,20144,1779786,Matched,Block,,GREENWOOD AVE N BETWEEN N 143RD ST AND N 144TH ST,,,2,Injury Collision,Other,2,0,0,1,2004/04/25 00:00:00+00,4/25/2004 11:50:00 PM,Mid-Block (but intersection related),28,MOTOR VEHICLE RAN OFF ROAD - HIT FIXED OBJECT,,0,Clear,Dry,Dark - Street Lights On,,4116038.0,,50,Fixed object,0,0,N
4953,1,-122.31608770000001,47.65834921,5983,20269,20269,1778672,Matched,Block,,NE 42ND ST BETWEEN 11TH AVE NE AND 12TH AVE NE,,,1,Property Damage Only Collision,Parked Car,2,0,0,2,2004/08/15 00:00:00+00,8/15/2004 3:00:00 AM,Mid-Block (but intersection related),11,"MOTOR VEHICLE STRUCK MOTOR VEHICLE, FRONT END AT ANGLE",,0,Unknown,Unknown,Dark - Street Lights On,,4228015.0,,32,One parked--one moving,0,0,N
4954,1,-122.37527649999998,47.51372382,5984,20477,20477,C649435,Matched,Intersection,38086.0,34TH AVE SW AND SW 100TH ST,,,1,Property Damage Only Collision,Angles,2,0,0,2,2004/10/21 00:00:00+00,10/21/2004 3:15:00 PM,At Intersection (intersection related),11,"MOTOR VEHICLE STRUCK MOTOR VEHICLE, FRONT END AT ANGLE",,0,Clear,Dry,Daylight,,4295022.0,,10,Entering at angle,0,0,N
4955,1,-122.35237830000001,47.64513807,5985,19240,19240,1213260,Matched,Block,,MAYFAIR AVE N BETWEEN NEWELL ST AND FULTON ST,,,1,Property Damage Only Collision,Parked Car,2,0,0,2,2004/09/21 00:00:00+00,9/21/2004 12:47:00 PM,Mid-Block (not related to intersection),12,"MOTOR VEHICLE STRUCK MOTOR VEHICLE, RIGHT SIDE AT ANGLE",,0,Other,Unknown,Daylight,,4265004.0,,32,One parked--one moving,0,0,N
4956,1,-122.32830600000001,47.65841064,5987,20047,20047,1079830,Matched,Block,,1ST AVE NE BETWEEN NE 42ND W ST AND NE 43RD ST,,,1,Property Damage Only Collision,Parked Car,2,0,0,2,2004/07/07 00:00:00+00,7/7/2004,Mid-Block (not related to intersection),16,"MOTOR VEHICLE STRUCK MOTOR VEHICLE, LEFT SIDE SIDESWIPE",,0,Unknown,Unknown,Unknown,,4189030.0,,32,One parked--one moving,0,0,N
4957,1,-122.3126365,47.62259527,5989,20748,20748,1788467,Matched,Block,,15TH AVE E BETWEEN E HARRISON N ST AND E REPUBLICAN S ST,,,1,Property Damage Only Collision,Parked Car,2,0,0,2,2004/06/29 00:00:00+00,6/29/2004 12:01:00 AM,Driveway Junction,11,"MOTOR VEHICLE STRUCK MOTOR VEHICLE, FRONT END AT ANGLE",,0,Clear,Dry,Daylight,,4181037.0,,32,One parked--one moving,0,0,N
4958,2,-122.3608797,47.65041734,5990,19207,19207,1482781,Matched,Intersection,26694.0,3RD AVE W AND W BERTONA ST,,,2,Injury Collision,Cycles,2,0,1,1,2004/08/02 00:00:00+00,8/2/2004,At Intersection (intersection related),18,"MOTOR VEHICLE STRUCK PEDALCYCLIST, FRONT END AT ANGLE",,0,Clear,Dry,Daylight,Y,4215002.0,,45,Vehicle - Pedalcyclist,0,0,N
4959,1,-122.3445163,47.68947438,5992,19837,19837,1781535,Matched,Block,,AURORA AVE N BETWEEN GREEN LAKE DR N AND N 84TH ST,,,1,Property Damage Only Collision,Sideswipe,2,0,0,2,2004/03/25 00:00:00+00,3/25/2004 12:00:00 PM,Mid-Block (not related to intersection),16,"MOTOR VEHICLE STRUCK MOTOR VEHICLE, LEFT SIDE SIDESWIPE",,0,Raining,Wet,Daylight,,4085035.0,,11,From same direction - both going straight - both moving - sideswipe,0,0,N
4960,1,-122.3547845,47.70508156,5994,19323,19323,1080079,Matched,Block,,N 105TH ST BETWEEN GREENWOOD AVE N AND PHINNEY AVE N,,,1,Property Damage Only Collision,Other,2,0,0,2,2004/07/01 00:00:00+00,7/1/2004,Mid-Block (but intersection related),11,"MOTOR VEHICLE STRUCK MOTOR VEHICLE, FRONT END AT ANGLE",,1,Clear,Dry,Dark - Street Lights On,,4183028.0,,23,From same direction - all others,0,0,N
4961,1,-122.34398759999999,47.69055853,5997,19516,19516,1773814,Matched,Block,,N 85TH ST BETWEEN AURORA AVE N AND NESBIT AVE N,,,1,Property Damage Only Collision,Other,2,0,0,2,2004/04/02 00:00:00+00,4/2/2004,Mid-Block (but intersection related),14,"MOTOR VEHICLE STRUCK MOTOR VEHICLE, REAR END",,0,Clear,Dry,Daylight,,4093032.0,,23,From same direction - all others,0,0,N
4962,1,-122.33309809999999,47.60965503,5998,19443,19443,1216428,Matched,Block,,6TH AVE BETWEEN UNIVERSITY ST AND UNION ST,,,1,Property Damage Only Collision,Parked Car,4,0,0,2,2004/08/24 00:00:00+00,8/24/2004 2:45:00 PM,Mid-Block (not related to intersection),14,"MOTOR VEHICLE STRUCK MOTOR VEHICLE, REAR END",Y,0,Overcast,Wet,Daylight,,4237004.0,,32,One parked--one moving,0,0,N
4963,1,-122.32788659999999,47.62511923,6001,19146,19146,1772517,Matched,Intersection,29117.0,MELROSE AVE E AND E ROY ST,,,1,Property Damage Only Collision,Other,1,0,0,1,2004/12/03 00:00:00+00,12/3/2004,At Intersection (intersection related),28,MOTOR VEHICLE RAN OFF ROAD - HIT FIXED OBJECT,Y,1,Clear,Dry,Dark - Street Lights On,,4338001.0,,22,One car leaving driveway access,0,0,N
4964,1,-122.38474550000001,47.66867839,6002,19204,19204,1079743,Matched,Intersection,25145.0,LEARY AVE NW AND NW MARKET ST,,,1,Property Damage Only Collision,Rear Ended,3,0,0,2,2004/08/28 00:00:00+00,8/28/2004 2:27:00 PM,At Intersection (but not related to intersection),14,"MOTOR VEHICLE STRUCK MOTOR VEHICLE, REAR END",,0,Clear,Dry,Daylight,,4241035.0,,14,From same direction - both going straight - one stopped - rear-end,0,0,N
4965,2,-122.24939909999999,47.50435895,6003,19834,19834,1771783,Matched,Block,,68TH AVE S BETWEEN S BANGOR CT AND 66TH AVE S,,,2,Injury Collision,Cycles,2,0,1,1,2004/08/31 00:00:00+00,8/31/2004 5:36:00 PM,Driveway Junction,18,"MOTOR VEHICLE STRUCK PEDALCYCLIST, FRONT END AT ANGLE",,0,Clear,Dry,Daylight,,4244002.0,,45,Vehicle - Pedalcyclist,0,0,N
4966,1,-122.35356019999999,47.5713782,6004,20499,20499,1775305,Matched,Block,,SW SPOKANE BR BETWEEN SW SPOKANE E ST AND SW SPOKANE W ST,,,1,Property Damage Only Collision,Rear Ended,6,0,0,6,2004/03/19 00:00:00+00,3/19/2004 5:42:00 PM,Mid-Block (not related to intersection),14,"MOTOR VEHICLE STRUCK MOTOR VEHICLE, REAR END",Y,0,Clear,Dry,Daylight,,4079022.0,,14,From same direction - both going straight - one stopped - rear-end,0,0,N
4967,1,-122.2701547,47.53644387,6005,19395,19395,1772730,Matched,Block,,RAINIER AVE S BETWEEN S OTHELLO ST AND S FONTANELLE ST,,,1,Property Damage Only Collision,Sideswipe,3,0,0,2,2004/04/29 00:00:00+00,4/29/2004 6:35:00 PM,Mid-Block (but intersection related),11,"MOTOR VEHICLE STRUCK MOTOR VEHICLE, FRONT END AT ANGLE",,0,Clear,Dry,Daylight,,4120017.0,,11,From same direction - both going straight - both moving - sideswipe,0,0,N
4968,1,-122.32863429999999,47.70862872,6007,20251,20251,566949,Matched,Intersection,36586.0,1ST AVE NE AND NE NORTHGATE WAY,,,1,Property Damage Only Collision,Rear Ended,0,0,0,2,2004/05/08 00:00:00+00,5/8/2004,At Intersection (intersection related),14,"MOTOR VEHICLE STRUCK MOTOR VEHICLE, REAR END",,0,Clear,Dry,Daylight,,4129042.0,,14,From same direction - both going straight - one stopped - rear-end,0,0,N
4969,2,-122.31119779999999,47.70851681,6008,19729,19729,1774431,Matched,Block,,NE NORTHGATE WAY BETWEEN 15TH AVE NE AND 17TH AVE NE,,,2,Injury Collision,Rear Ended,4,0,0,2,2004/07/21 00:00:00+00,7/21/2004 4:18:00 PM,Mid-Block (but intersection related),14,"MOTOR VEHICLE STRUCK MOTOR VEHICLE, REAR END",Y,0,Clear,Dry,Daylight,,4203009.0,Y,14,From same direction - both going straight - one stopped - rear-end,0,0,N
4970,1,-122.332799,47.62722135,6010,19222,19222,1189620,Matched,Intersection,29088.0,ALOHA ST AND FAIRVIEW AVE N,,,1,Property Damage Only Collision,Sideswipe,3,0,0,2,2004/05/30 00:00:00+00,5/30/2004 2:52:00 AM,At Intersection (intersection related),16,"MOTOR VEHICLE STRUCK MOTOR VEHICLE, LEFT SIDE SIDESWIPE",,0,Clear,Dry,Dark - Street Lights On,,4151022.0,,11,From same direction - both going straight - both moving - sideswipe,0,0,N
4971,1,-122.29622749999999,47.70754336,6011,20173,20173,1782202,Matched,Block,,30TH AVE NE BETWEEN NE 107TH ST AND NE 110TH ST,,,1,Property Damage Only Collision,Other,2,0,0,1,2004/04/19 00:00:00+00,4/19/2004 5:40:00 PM,Mid-Block (not related to intersection),27,MOTOR VEHICLE RAN OFF ROAD - NO COLLISION,Y,0,Raining,Wet,Dusk,,4110032.0,Y,50,Fixed object,0,0,N
4972,2,-122.32040890000002,47.70130621,6012,19854,19854,1781878,Matched,Intersection,37486.0,8TH AVE NE AND NE 100TH ST,,,2,Injury Collision,Cycles,2,0,1,1,2004/05/05 00:00:00+00,5/5/2004,At Intersection (intersection related),51,PEDALCYCLIST STRUCK MOTOR VEHICLE FRONT END AT ANGLE,,0,Overcast,Dry,Dawn,,4126005.0,,45,Vehicle - Pedalcyclist,0,0,N
4973,1,-122.3815856,47.67598716,6013,19416,19416,1794551,Matched,Block,,NW 65TH ST BETWEEN 19TH AVE NW AND 20TH AVE NW,,,1,Property Damage Only Collision,Parked Car,2,0,0,2,2004/10/09 00:00:00+00,10/9/2004,Mid-Block (not related to intersection),13,"MOTOR VEHICLE STRUCK MOTOR VEHICLE, LEFT SIDE AT ANGLE",,0,Unknown,Unknown,Unknown,,4283038.0,,32,One parked--one moving,0,0,N
4974,1,-122.3554338,47.62093571,6014,20455,20455,1214105,Matched,Intersection,28930.0,1ST AVE N AND THOMAS ST,,,1,Property Damage Only Collision,Left Turn,2,0,0,2,2004/06/26 00:00:00+00,6/26/2004 9:05:00 AM,At Intersection (intersection related),11,"MOTOR VEHICLE STRUCK MOTOR VEHICLE, FRONT END AT ANGLE",,0,Clear,Dry,Daylight,,4178040.0,,15,From same direction - one left turn - one straight,0,0,N
4975,1,-122.3102562,47.66306631,6015,20118,20118,661949,Matched,Block,,NE 47TH ST BETWEEN 16TH AVE NE AND 17TH SB AVE NE,,,1,Property Damage Only Collision,Parked Car,0,0,0,2,2004/02/13 00:00:00+00,2/13/2004 12:01:00 AM,Mid-Block (not related to intersection),11,"MOTOR VEHICLE STRUCK MOTOR VEHICLE, FRONT END AT ANGLE",,0,Other,Unknown,Unknown,,4044031.0,,32,One parked--one moving,0,0,N
4976,1,-122.413377,47.57504091,6016,20640,20640,1798174,Matched,Block,,63RD AVE SW BETWEEN SW ADMIRAL WAY AND SW HINDS ST,,,1,Property Damage Only Collision,Parked Car,2,0,0,2,2004/09/01 00:00:00+00,9/1/2004,Mid-Block (not related to intersection),13,"MOTOR VEHICLE STRUCK MOTOR VEHICLE, LEFT SIDE AT ANGLE",,0,Clear,Dry,Daylight,,4245017.0,,32,One parked--one moving,0,0,N
4977,2,-122.28479479999999,47.54246111,6017,19526,19526,1772995,Matched,Intersection,34526.0,38TH AVE S AND S HOLLY ST,,,2,Injury Collision,Angles,3,0,0,2,2004/09/10 00:00:00+00,9/10/2004 7:49:00 AM,At Intersection (intersection related),11,"MOTOR VEHICLE STRUCK MOTOR VEHICLE, FRONT END AT ANGLE",,0,Clear,Dry,Daylight,,4254031.0,,10,Entering at angle,0,0,N
4978,1,-122.2570233,47.51548193,6018,19597,19597,1784331,Matched,Block,,61ST AVE S BETWEEN WATERS AVE S AND S PILGRIM ST,,,1,Property Damage Only Collision,Parked Car,2,0,0,2,2004/12/12 00:00:00+00,12/12/2004 5:17:00 PM,Mid-Block (not related to intersection),11,"MOTOR VEHICLE STRUCK MOTOR VEHICLE, FRONT END AT ANGLE",,0,Raining,Wet,Dark - Street Lights On,,4347022.0,,32,One parked--one moving,0,0,N
4979,1,-122.37218020000002,47.66365981,6020,20610,20610,1780942,Matched,Block,,NW LEARY WAY BETWEEN 11TH AVE NW AND 14TH AVE NW,,,1,Property Damage Only Collision,Head On,2,0,0,2,2004/04/23 00:00:00+00,4/23/2004 8:50:00 AM,Mid-Block (not related to intersection),11,"MOTOR VEHICLE STRUCK MOTOR VEHICLE, FRONT END AT ANGLE",,0,Clear,Dry,Daylight,,4114017.0,,30,From opposite direction - all others,0,0,N
4980,1,-122.32045690000001,47.64319374,6021,20234,20234,1787248,Matched,Block,,E ROANOKE ST BETWEEN BROADWAY E AND 10TH W AVE E,,,1,Property Damage Only Collision,Other,1,0,0,1,2004/05/24 00:00:00+00,5/24/2004 4:34:00 PM,Mid-Block (but intersection related),28,MOTOR VEHICLE RAN OFF ROAD - HIT FIXED OBJECT,,0,Clear,Dry,Daylight,,4145025.0,,50,Fixed object,0,0,N
4981,1,-122.28874779999998,47.56614569,6024,20003,20003,1793008,Matched,Intersection,32695.0,RAINIER AVE S AND S DAKOTA ST,,,1,Property Damage Only Collision,Sideswipe,2,0,0,2,2004/07/07 00:00:00+00,7/7/2004,At Intersection (intersection related),16,"MOTOR VEHICLE STRUCK MOTOR VEHICLE, LEFT SIDE SIDESWIPE",,0,Clear,Dry,Daylight,,4189011.0,,11,From same direction - both going straight - both moving - sideswipe,0,0,N
4982,2,-122.30151809999998,47.58276299,6025,19959,19959,1772915,Matched,Intersection,31454.0,RAINIER AVE S AND S COLLEGE S ST,,,2,Injury Collision,Left Turn,3,0,0,2,2004/05/27 00:00:00+00,5/27/2004 9:45:00 AM,At Intersection (intersection related),11,"MOTOR VEHICLE STRUCK MOTOR VEHICLE, FRONT END AT ANGLE",,0,Raining,Wet,Daylight,,4148018.0,,28,From opposite direction - one left turn - one straight,0,0,N
4983,1,-122.32290729999998,47.68353785,6026,19266,19266,1775914,Matched,Intersection,24419.0,5TH AVE NE AND NE 76TH ST,,,1,Property Damage Only Collision,Angles,3,0,0,2,2004/01/23 00:00:00+00,1/23/2004 5:02:00 PM,At Intersection (intersection related),11,"MOTOR VEHICLE STRUCK MOTOR VEHICLE, FRONT END AT ANGLE",,0,Raining,Wet,Dark - Street Lights On,,4023003.0,,10,Entering at angle,0,0,N
4984,1,-122.37888290000001,47.67053925,6027,19689,19689,C644817,Matched,Block,,17TH AVE NW BETWEEN NW 57TH ST AND NW 58TH ST,,,1,Property Damage Only Collision,Parked Car,2,0,0,2,2004/05/24 00:00:00+00,5/24/2004 4:50:00 PM,Mid-Block (but intersection related),11,"MOTOR VEHICLE STRUCK MOTOR VEHICLE, FRONT END AT ANGLE",,0,Clear,Dry,Daylight,,4145041.0,,20,One car leaving parked position,0,0,N
4985,1,-122.31578859999999,47.66492253,6028,20202,20202,1774484,Matched,Block,,NE 50TH ST BETWEEN 11TH AVE NE AND 12TH AVE NE,,,1,Property Damage Only Collision,Rear Ended,3,0,0,3,2004/02/04 00:00:00+00,2/4/2004,Driveway Junction,14,"MOTOR VEHICLE STRUCK MOTOR VEHICLE, REAR END",,0,Clear,Dry,Dark - Street Lights On,,4035038.0,,14,From same direction - both going straight - one stopped - rear-end,0,0,N
4986,1,-122.37663789999999,47.52991878,6030,20835,20835,1798407,Matched,Block,,35TH AVE SW BETWEEN SW ELMGROVE S ST AND SW SOUTHERN ST,,,1,Property Damage Only Collision,Parked Car,2,0,0,2,2004/06/26 00:00:00+00,6/26/2004 10:30:00 AM,Mid-Block (not related to intersection),14,"MOTOR VEHICLE STRUCK MOTOR VEHICLE, REAR END",,0,Clear,Dry,Daylight,,4178039.0,,32,One parked--one moving,0,0,N
4987,1,-122.2916748,47.67398189,6033,20051,20051,1080098,Matched,Block,,NE 62ND ST BETWEEN 33RD AVE NE AND 34TH AVE NE,,,1,Property Damage Only Collision,Parked Car,2,0,0,2,2004/10/16 00:00:00+00,10/16/2004 12:01:00 AM,Mid-Block (not related to intersection),16,"MOTOR VEHICLE STRUCK MOTOR VEHICLE, LEFT SIDE SIDESWIPE",,0,Raining,Wet,Dark - Street Lights On,,4290042.0,,32,One parked--one moving,0,0,N
4988,1,-122.3238693,47.53943366,6034,19872,19872,1225875,Matched,Block,,S MYRTLE ST BETWEEN 7TH AVE S AND 8TH AVE S,,,1,Property Damage Only Collision,Parked Car,4,0,0,4,2004/05/03 00:00:00+00,5/3/2004,Mid-Block (but intersection related),11,"MOTOR VEHICLE STRUCK MOTOR VEHICLE, FRONT END AT ANGLE",,0,Clear,Dry,Dark - Street Lights On,,4124026.0,,32,One parked--one moving,0,0,N
4989,2,-122.35773629999998,47.533686100000004,6035,19577,19577,1798541,Matched,Intersection,33987.0,18TH AVE SW AND SW HOLDEN ST,,,2,Injury Collision,Left Turn,3,0,0,3,2004/08/10 00:00:00+00,8/10/2004 11:38:00 AM,At Intersection (intersection related),11,"MOTOR VEHICLE STRUCK MOTOR VEHICLE, FRONT END AT ANGLE",,0,Clear,Dry,Daylight,,4223021.0,,28,From opposite direction - one left turn - one straight,0,0,N
4990,2,-122.3139265,47.59901514,6036,19346,19346,1790085,Matched,Block,,RAINIER AVE S BETWEEN BOREN AVE S AND S JACKSON PL,,,2,Injury Collision,Sideswipe,2,0,0,2,2004/03/08 00:00:00+00,3/8/2004,Mid-Block (not related to intersection),16,"MOTOR VEHICLE STRUCK MOTOR VEHICLE, LEFT SIDE SIDESWIPE",,0,Clear,Dry,Daylight,,4068026.0,,11,From same direction - both going straight - both moving - sideswipe,0,0,N
4991,2,-122.33910060000001,47.57527209,6037,19950,19950,1790484,Matched,Block,,ALASKAN WY VI NB BETWEEN ALASKAN WY VI NB ON RP AND S LANDER ST,,,2,Injury Collision,Other,1,0,0,1,2004/08/07 00:00:00+00,8/7/2004,Mid-Block (but intersection related),28,MOTOR VEHICLE RAN OFF ROAD - HIT FIXED OBJECT,,0,Raining,Wet,Daylight,,4220035.0,Y,50,Fixed object,0,0,N
4992,1,-122.32729180000001,47.61849470000001,6038,19694,19694,1216646,Matched,Block,,E DENNY WAY BETWEEN MELROSE AVE AND BELLEVUE AVE,,,1,Property Damage Only Collision,Rear Ended,2,0,0,2,2004/09/16 00:00:00+00,9/16/2004 2:34:00 PM,Mid-Block (but intersection related),14,"MOTOR VEHICLE STRUCK MOTOR VEHICLE, REAR END",,0,Raining,Wet,Daylight,,4260042.0,,14,From same direction - both going straight - one stopped - rear-end,0,0,N
4993,2,-122.2788815,47.51516103,6039,20762,20762,1784454,Matched,Block,,M L KING JR ER WAY S BETWEEN MERTON WAY S AND S NORFOLK ST,,,2,Injury Collision,Rear Ended,4,0,0,2,2004/09/20 00:00:00+00,9/20/2004 3:12:00 PM,Mid-Block (not related to intersection),14,"MOTOR VEHICLE STRUCK MOTOR VEHICLE, REAR END",Y,0,Clear,Dry,Daylight,,4264010.0,,14,From same direction - both going straight - one stopped - rear-end,0,0,N
4994,1,-122.40359140000001,47.65495324,6040,19630,19630,1213570,Matched,Block,,36TH AVE W BETWEEN W EMERSON ST AND W THURMAN ST,,,1,Property Damage Only Collision,Other,1,0,0,1,2004/08/11 00:00:00+00,8/11/2004 5:29:00 AM,Mid-Block (not related to intersection),28,MOTOR VEHICLE RAN OFF ROAD - HIT FIXED OBJECT,,0,Unknown,Unknown,Unknown,,4224041.0,,50,Fixed object,0,0,N
4995,2,-122.3173632,47.67540298,6041,19182,19182,1780435,Matched,Block,,ROOSEVELT WAY NE BETWEEN NE 64TH ST AND NE 65TH ST,,,2,Injury Collision,Rear Ended,2,0,0,2,2004/04/03 00:00:00+00,4/3/2004,Mid-Block (but intersection related),14,"MOTOR VEHICLE STRUCK MOTOR VEHICLE, REAR END",Y,0,Clear,Dry,Daylight,,4094033.0,,14,From same direction - both going straight - one stopped - rear-end,0,0,N
4996,1,-122.3128956,47.58003338,6042,20253,20253,1474087,Matched,Block,,BEACON AVE S BETWEEN 15TH AVE S AND S LANDER ST,,,1,Property Damage Only Collision,Parked Car,2,0,0,2,2004/01/23 00:00:00+00,1/23/2004 8:30:00 PM,Mid-Block (not related to intersection),13,"MOTOR VEHICLE STRUCK MOTOR VEHICLE, LEFT SIDE AT ANGLE",,0,Raining,Wet,Dark - Street Lights On,,4023026.0,,32,One parked--one moving,0,0,N
4997,1,-122.32997399999999,47.70863743,6043,20617,20617,1797039,Matched,Block,,N NORTHGATE WAY BETWEEN CORLISS AVE N AND 1ST AVE NE,,,1,Property Damage Only Collision,Sideswipe,2,0,0,2,2004/11/02 00:00:00+00,11/2/2004,Mid-Block (not related to intersection),16,"MOTOR VEHICLE STRUCK MOTOR VEHICLE, LEFT SIDE SIDESWIPE",,0,Raining,Wet,Daylight,,4307045.0,,11,From same direction - both going straight - both moving - sideswipe,0,0,N
4998,1,-122.2692612,47.51991971,6044,19508,19508,1771567,Matched,Block,,RAINIER AVE S BETWEEN 51ST AVE S AND STURTEVANT AVE S,,,1,Property Damage Only Collision,Rear Ended,3,0,0,3,2004/11/27 00:00:00+00,11/27/2004 8:06:00 AM,Mid-Block (but intersection related),14,"MOTOR VEHICLE STRUCK MOTOR VEHICLE, REAR END",,0,Clear,Wet,Daylight,,4332027.0,,14,From same direction - both going straight - one stopped - rear-end,0,0,N
4999,1,-122.3380866,47.66503525,6045,19438,19438,1080076,Matched,Block,,N 50TH ST BETWEEN WOODLAWN E AVE N AND DENSMORE AVE N,,,1,Property Damage Only Collision,Rear Ended,3,0,0,2,2004/06/30 00:00:00+00,6/30/2004 2:09:00 PM,Mid-Block (not related to intersection),14,"MOTOR VEHICLE STRUCK MOTOR VEHICLE, REAR END",,0,Overcast,Dry,Daylight,,4182017.0,,13,From same direction - both going straight - both moving - rear-end,0,0,N
5000,1,-122.30432730000001,47.64431282,6046,19893,19893,1787311,Matched,Block,,MONTLAKE BLVD E BETWEEN EAST MONTLAKE PL E AND SR520 WB MONTLAKE BV OFF RP,,,1,Property Damage Only Collision,Sideswipe,6,0,0,2,2004/08/16 00:00:00+00,8/16/2004 12:20:00 PM,Mid-Block (not related to intersection),16,"MOTOR VEHICLE STRUCK MOTOR VEHICLE, LEFT SIDE SIDESWIPE",Y,0,Clear,Dry,Daylight,,4229013.0,,11,From same direction - both going straight - both moving - sideswipe,0,0,N
5001,1,-122.40100840000001,47.639396600000005,6047,19719,19719,1213960,Matched,Block,,34TH AVE W BETWEEN VIEWMONT WAY W AND W MCGRAW ST,,,1,Property Damage Only Collision,Parked Car,3,0,0,2,2004/07/22 00:00:00+00,7/22/2004 1:49:00 PM,Mid-Block (not related to intersection),11,"MOTOR VEHICLE STRUCK MOTOR VEHICLE, FRONT END AT ANGLE",,0,Clear,Dry,Daylight,,4204033.0,,19,One car entering parked position,0,0,N
5002,2,-122.3332256,47.655598600000005,6048,20113,20113,1781919,Matched,Block,,N 40TH ST BETWEEN MERIDIAN AVE N AND BAGLEY AVE N,,,2,Injury Collision,Rear Ended,4,0,0,3,2004/08/26 00:00:00+00,8/26/2004 5:00:00 PM,Mid-Block (but intersection related),14,"MOTOR VEHICLE STRUCK MOTOR VEHICLE, REAR END",Y,0,Clear,Dry,Daylight,,4239018.0,,14,From same direction - both going straight - one stopped - rear-end,0,0,N
5003,2,-122.26158229999999,47.520264399999995,6049,20624,20624,1779658,Matched,Intersection,35452.0,57TH AVE S AND RAINIER AVE S,,,2,Injury Collision,Left Turn,2,0,0,2,2004/03/02 00:00:00+00,3/2/2004,At Intersection (intersection related),11,"MOTOR VEHICLE STRUCK MOTOR VEHICLE, FRONT END AT ANGLE",,0,Clear,Dry,Daylight,,4062015.0,,28,From opposite direction - one left turn - one straight,0,0,N
5004,1,-122.302769,47.73383869,6050,19676,19676,1804258,Matched,Block,,NE 145TH ST BETWEEN 24TH AVE NE AND 25TH AVE NE,,,1,Property Damage Only Collision,Rear Ended,2,0,0,2,2004/01/30 00:00:00+00,1/30/2004 6:57:00 PM,Mid-Block (but intersection related),14,"MOTOR VEHICLE STRUCK MOTOR VEHICLE, REAR END",,0,Overcast,Wet,Dark - Street Lights On,,4030001.0,Y,14,From same direction - both going straight - one stopped - rear-end,0,0,N
5005,2,-122.26202820000002,47.51601007,6051,19157,19157,1779245,Matched,Block,,57TH AVE S BETWEEN S ROXBURY W ST AND S PILGRIM ST,,,2,Injury Collision,Parked Car,5,0,0,2,2004/05/12 00:00:00+00,5/12/2004 8:19:00 PM,Mid-Block (not related to intersection),11,"MOTOR VEHICLE STRUCK MOTOR VEHICLE, FRONT END AT ANGLE",,0,Clear,Dry,Daylight,,4133015.0,,20,One car leaving parked position,0,0,N
5006,1,-122.3408978,47.61061931,6052,19901,19901,1782221,Matched,Block,,STEWART ST BETWEEN 1ST AVE AND 2ND AVE,,,1,Property Damage Only Collision,Parked Car,2,0,0,2,2004/07/17 00:00:00+00,7/17/2004 3:30:00 PM,Driveway Junction,14,"MOTOR VEHICLE STRUCK MOTOR VEHICLE, REAR END",,0,Clear,Dry,Daylight,,4199036.0,,32,One parked--one moving,0,0,N
5007,2,-122.35001329999999,47.65895414,6053,20588,20588,1797006,Matched,Intersection,26949.0,FREMONT AVE N AND N 43RD S ST,,,2,Injury Collision,Pedestrian,2,1,0,1,2004/11/11 00:00:00+00,11/11/2004 6:30:00 PM,At Intersection (intersection related),24,MOTOR VEHCILE STRUCK PEDESTRIAN,,0,Clear,Dry,Dark - Street Lights On,Y,4316027.0,,2,Vehicle turning left hits pedestrian,0,0,N
5008,1,-122.307905,47.63062315,6055,19952,19952,1795782,Matched,Block,,E HIGHLAND DR BETWEEN 18TH S AVE E AND 19TH AVE E,,,1,Property Damage Only Collision,Parked Car,2,0,0,2,2004/09/30 00:00:00+00,9/30/2004 3:20:00 PM,Mid-Block (not related to intersection),14,"MOTOR VEHICLE STRUCK MOTOR VEHICLE, REAR END",,0,Unknown,Unknown,Unknown,,4274012.0,,32,One parked--one moving,0,0,N
5009,2,-122.309371,47.73391357,6056,19998,19998,1944231,Matched,Block,,NE 145TH ST BETWEEN 17TH AVE NE AND 19TH AVE NE,,,2,Injury Collision,Rear Ended,3,0,0,3,2004/10/10 00:00:00+00,10/10/2004 3:56:00 PM,Driveway Junction,14,"MOTOR VEHICLE STRUCK MOTOR VEHICLE, REAR END",,0,Overcast,Dry,Daylight,,4284034.0,Y,14,From same direction - both going straight - one stopped - rear-end,0,0,N
5010,1,,,6057,20361,20361,1784729,Matched,Block,,BATTERY ST TUNNEL SB BETWEEN AURORA AVE N AND ALASKAN WY VI SB,,,1,Property Damage Only Collision,Other,1,0,0,1,2004/11/25 00:00:00+00,11/25/2004 10:08:00 AM,Mid-Block (not related to intersection),26,MOTOR VEHICLE STRUCK OBJECT IN ROAD,,0,Raining,Wet,Daylight,,4330006.0,Y,50,Fixed object,0,0,N