,SEVERITYCODE,X,Y,OBJECTID,INCKEY,COLDETKEY,REPORTNO,STATUS,ADDRTYPE,INTKEY,LOCATION,EXCEPTRSNCODE,EXCEPTRSNDESC,SEVERITYCODE.1,SEVERITYDESC,COLLISIONTYPE,PERSONCOUNT,PEDCOUNT,PEDCYLCOUNT,VEHCOUNT,INCDATE,INCDTTM,JUNCTIONTYPE,SDOT_COLCODE,SDOT_COLDESC,INATTENTIONIND,UNDERINFL,WEATHER,ROADCOND,LIGHTCOND,PEDROWNOTGRNT,SDOTCOLNUM,SPEEDING,ST_COLCODE,ST_COLDESC,SEGLANEKEY,CROSSWALKKEY,HITPARKEDCAR
5011,1,-122.29603300000001,47.68934505,6058,19547,19547,1773756,Matched,Block,,30TH AVE NE BETWEEN NE 82ND ST AND NE 85TH ST,,,1,Property Damage Only Collision,Parked Car,2,0,0,2,2004/01/12 00:00:00+00,1/12/2004 9:00:00 AM,Mid-Block (not related to intersection),16,"MOTOR VEHICLE STRUCK MOTOR VEHICLE, LEFT SIDE SIDESWIPE",,0,Unknown,Unknown,Daylight,,4012029.0,,32,One parked--one moving,0,0,N
5012,1,-122.3419595,47.610682000000004,6059,19640,19640,1186518,Matched,Block,,1ST AVE BETWEEN STEWART ST AND VIRGINIA ST,,,1,Property Damage Only Collision,Sideswipe,2,0,0,2,2004/08/11 00:00:00+00,8/11/2004 9:00:00 PM,Mid-Block (not related to intersection),16,"MOTOR VEHICLE STRUCK MOTOR VEHICLE, LEFT SIDE SIDESWIPE",,0,Clear,Dry,Dark - Street Lights On,,4224049.0,,11,From same direction - both going straight - both moving - sideswipe,0,0,N
5013,1,-122.35140159999999,47.61392026,6060,20071,20071,1777567,Matched,Intersection,29696.0,ELLIOTT AVE AND VINE ST,,,1,Property Damage Only Collision,Angles,2,0,0,2,2004/10/25 00:00:00+00,10/25/2004 4:52:00 PM,At Intersection (intersection related),11,"MOTOR VEHICLE STRUCK MOTOR VEHICLE, FRONT END AT ANGLE",,0,Raining,Wet,Dusk,,4299011.0,,10,Entering at angle,0,0,N
5014,1,-122.36079709999998,47.67015371,6061,20332,20332,1219806,Matched,Block,,3RD AVE NW BETWEEN NW 56TH ST AND NW 58TH ST,,,1,Property Damage Only Collision,Parked Car,2,0,0,2,2004/10/26 00:00:00+00,10/26/2004 5:36:00 PM,Mid-Block (not related to intersection),14,"MOTOR VEHICLE STRUCK MOTOR VEHICLE, REAR END",Y,0,Clear,Dry,Daylight,,4300010.0,,32,One parked--one moving,0,0,N
5015,1,-122.34839170000001,47.63315473,6062,19624,19624,1212972,Matched,Intersection,28174.0,BIGELOW AVE N AND GARFIELD ST,,,1,Property Damage Only Collision,Angles,2,0,0,2,2004/07/14 00:00:00+00,7/14/2004 7:35:00 AM,At Intersection (intersection related),11,"MOTOR VEHICLE STRUCK MOTOR VEHICLE, FRONT END AT ANGLE",,0,Clear,Dry,Daylight,,4196033.0,,10,Entering at angle,0,0,N
5016,1,-122.3411007,47.63427739,6063,19581,19581,1214078,Matched,Block,,8TH AVE N BETWEEN HAYES ST AND DEAD END 1,,,1,Property Damage Only Collision,Other,1,0,0,1,2004/05/19 00:00:00+00,5/19/2004 11:53:00 PM,Mid-Block (not related to intersection),28,MOTOR VEHICLE RAN OFF ROAD - HIT FIXED OBJECT,,0,Clear,Dry,Dark - Street Lights On,,4140002.0,,50,Fixed object,0,0,N
5017,2,-122.36339240000001,47.70105496,6064,19896,19896,1079667,Matched,Intersection,37126.0,6TH AVE NW AND HOLMAN RD NW,,,2,Injury Collision,Pedestrian,3,2,0,1,2004/10/23 00:00:00+00,10/23/2004 11:47:00 PM,At Intersection (intersection related),24,MOTOR VEHCILE STRUCK PEDESTRIAN,,0,Clear,Dry,Dark - Street Lights On,Y,4297008.0,,2,Vehicle turning left hits pedestrian,0,0,N
5018,1,-122.32766880000001,47.59877677,6065,19865,19865,1471163,Matched,Block,,5TH AVE S BETWEEN S JACKSON ST AND S KING ST,,,1,Property Damage Only Collision,Other,2,0,0,1,2004/04/09 00:00:00+00,4/9/2004,Mid-Block (not related to intersection),28,MOTOR VEHICLE RAN OFF ROAD - HIT FIXED OBJECT,,1,Clear,Dry,Dark - Street Lights On,,4100016.0,,50,Fixed object,0,0,N
5019,2,-122.3149098,47.52690544,6066,19149,19149,1788906,Matched,Block,,14TH AVE S BETWEEN DALLAS AVE S AND S CLOVERDALE ST,,,2,Injury Collision,Rear Ended,2,0,0,2,2004/01/12 00:00:00+00,1/12/2004 2:45:00 PM,Mid-Block (not related to intersection),14,"MOTOR VEHICLE STRUCK MOTOR VEHICLE, REAR END",,0,Overcast,Wet,Daylight,,4012037.0,,14,From same direction - both going straight - one stopped - rear-end,0,0,N
5020,2,-122.31545759999999,47.60805331,6067,19343,19343,1789842,Matched,Intersection,29794.0,13TH AVE AND E CHERRY ST,,,2,Injury Collision,Angles,4,0,0,3,2004/03/11 00:00:00+00,3/11/2004 1:09:00 PM,At Intersection (intersection related),11,"MOTOR VEHICLE STRUCK MOTOR VEHICLE, FRONT END AT ANGLE",,0,Clear,Dry,Daylight,,4071011.0,,10,Entering at angle,0,0,N
5021,2,-122.3109494,47.59511628,6068,20108,20108,1771597,Matched,Block,,RAINIER AVE S BETWEEN S DEARBORN ST AND S CHARLES N ST,,,2,Injury Collision,Rear Ended,2,0,0,2,2004/09/22 00:00:00+00,9/22/2004 5:00:00 PM,Mid-Block (not related to intersection),14,"MOTOR VEHICLE STRUCK MOTOR VEHICLE, REAR END",,0,Overcast,Unknown,Daylight,,4266043.0,,13,From same direction - both going straight - both moving - rear-end,0,0,N
5022,1,-122.3378936,47.6164902,6069,19982,19982,1783551,Matched,Intersection,29528.0,LENORA ST AND WESTLAKE AVE,,,1,Property Damage Only Collision,Angles,3,0,0,2,2004/08/24 00:00:00+00,8/24/2004 5:45:00 PM,At Intersection (intersection related),11,"MOTOR VEHICLE STRUCK MOTOR VEHICLE, FRONT END AT ANGLE",Y,0,Overcast,Dry,Daylight,,4237023.0,,10,Entering at angle,0,0,N
5023,2,-122.34448870000001,47.63758771,6070,20355,20355,1777030,Matched,Block,,AURORA AVE N BETWEEN HOWE ST AND LYNN ST,,,2,Injury Collision,Rear Ended,3,0,0,3,2004/01/14 00:00:00+00,1/14/2004 4:20:00 PM,Mid-Block (not related to intersection),14,"MOTOR VEHICLE STRUCK MOTOR VEHICLE, REAR END",,0,Raining,Wet,Dusk,,4014052.0,,14,From same direction - both going straight - one stopped - rear-end,0,0,N
5024,1,-122.3716707,47.56613851,6071,19247,19247,C645495,Matched,Block,,SW AVALON WAY BETWEEN 30TH AVE SW AND SW GENESEE ST,,,1,Property Damage Only Collision,Parked Car,2,0,0,2,2004/06/13 00:00:00+00,6/13/2004 9:15:00 PM,Mid-Block (not related to intersection),11,"MOTOR VEHICLE STRUCK MOTOR VEHICLE, FRONT END AT ANGLE",,0,Clear,Dry,Daylight,,4165032.0,,20,One car leaving parked position,0,0,N
5025,1,-122.3637702,47.62959844,6072,19176,19176,1069505,Matched,Block,,W HIGHLAND DR BETWEEN 5TH AVE W AND 6TH AVE W,,,1,Property Damage Only Collision,Parked Car,2,0,0,2,2004/11/04 00:00:00+00,11/4/2004,Mid-Block (not related to intersection),15,"MOTOR VEHICLE STRUCK MOTOR VEHICLE, RIGHT SIDE SIDESWIPE",,0,Unknown,Unknown,Dark - Street Lights On,,4309037.0,,32,One parked--one moving,0,0,N
5026,2,-122.2851922,47.54516406,6075,19941,19941,1779356,Matched,Block,,M L KING JR WR WAY S BETWEEN S GRAHAM ST AND S MORGAN ST,,,2,Injury Collision,Rear Ended,5,0,0,3,2004/03/02 00:00:00+00,3/2/2004,Mid-Block (not related to intersection),14,"MOTOR VEHICLE STRUCK MOTOR VEHICLE, REAR END",,0,Clear,Dry,Daylight,,4062031.0,,14,From same direction - both going straight - one stopped - rear-end,0,0,N
5027,1,-122.32403400000001,47.62371704,6076,19219,19219,1799103,Matched,Block,,BELMONT AVE E BETWEEN E REPUBLICAN ST AND E MERCER ST,,,1,Property Damage Only Collision,Parked Car,5,0,0,5,2004/09/18 00:00:00+00,9/18/2004 10:22:00 PM,Mid-Block (not related to intersection),16,"MOTOR VEHICLE STRUCK MOTOR VEHICLE, LEFT SIDE SIDESWIPE",,1,Raining,Wet,Dark - Street Lights On,,4262022.0,,32,One parked--one moving,0,0,N
5028,2,-122.3033251,47.57835108,6079,20103,20103,1779240,Matched,Intersection,31631.0,23RD AVE S AND S MCCLELLAN ST,,,2,Injury Collision,Angles,2,0,0,2,2004/01/04 00:00:00+00,1/4/2004,At Intersection (intersection related),11,"MOTOR VEHICLE STRUCK MOTOR VEHICLE, FRONT END AT ANGLE",,0,Clear,Dry,Dawn,,4004004.0,,10,Entering at angle,0,0,N
5029,1,-122.29019270000002,47.66851166,6080,19417,19417,1794626,Matched,Intersection,26213.0,35TH AVE NE AND NE 55TH ST,,,1,Property Damage Only Collision,Angles,5,0,0,2,2004/09/27 00:00:00+00,9/27/2004 1:29:00 PM,At Intersection (intersection related),11,"MOTOR VEHICLE STRUCK MOTOR VEHICLE, FRONT END AT ANGLE",,0,Clear,Dry,Daylight,,4271029.0,,10,Entering at angle,0,0,N
5030,1,-122.323242,47.70744141,6083,19972,19972,C649649,Matched,Block,,5TH AVE NE BETWEEN NE 106TH ST AND NE NORTHGATE WAY,,,1,Property Damage Only Collision,Other,2,0,0,2,2004/11/24 00:00:00+00,11/24/2004 5:45:00 PM,Driveway Junction,11,"MOTOR VEHICLE STRUCK MOTOR VEHICLE, FRONT END AT ANGLE",,0,Raining,Wet,Dark - Street Lights On,,4329073.0,,22,One car leaving driveway access,0,0,N
5031,2,-122.3456535,47.61403982,6084,20488,20488,1333837,Matched,Intersection,29702.0,2ND AVE AND BELL ST,,,2,Injury Collision,Angles,3,0,0,2,2004/05/28 00:00:00+00,5/28/2004 2:15:00 PM,At Intersection (intersection related),11,"MOTOR VEHICLE STRUCK MOTOR VEHICLE, FRONT END AT ANGLE",,0,Raining,Wet,Daylight,,4149045.0,,10,Entering at angle,0,0,N
5032,1,-122.29889650000001,47.60617378,6085,19386,19386,1789981,Matched,Intersection,30086.0,26TH AVE AND E JEFFERSON ST,,,1,Property Damage Only Collision,Other,1,0,0,1,2004/02/22 00:00:00+00,2/22/2004 7:09:00 PM,At Intersection (intersection related),26,MOTOR VEHICLE STRUCK OBJECT IN ROAD,Y,1,Clear,Dry,Dark - Street Lights On,,4053005.0,Y,50,Fixed object,0,0,N
5033,1,-122.29871440000001,47.57835019,6086,19311,19311,1793552,Matched,Block,,S MCCLELLAN ST BETWEEN 26TH AVE S AND RAINIER AVE S,,,1,Property Damage Only Collision,Left Turn,2,0,0,2,2004/08/16 00:00:00+00,8/16/2004 10:35:00 AM,Mid-Block (but intersection related),16,"MOTOR VEHICLE STRUCK MOTOR VEHICLE, LEFT SIDE SIDESWIPE",,0,Clear,Dry,Daylight,,4229002.0,,15,From same direction - one left turn - one straight,0,0,N
5034,1,-122.2700596,47.51099185,6088,20449,20449,1771787,Matched,Block,,51ST AVE S BETWEEN S GAZELLE ST AND S RYAN WAY,,,1,Property Damage Only Collision,Head On,2,0,0,2,2004/11/17 00:00:00+00,11/17/2004 3:02:00 PM,Mid-Block (not related to intersection),15,"MOTOR VEHICLE STRUCK MOTOR VEHICLE, RIGHT SIDE SIDESWIPE",,0,Clear,Dry,Daylight,,4322009.0,,30,From opposite direction - all others,0,0,N
5035,1,-122.3264973,47.61521617,6090,20233,20233,1787222,Matched,Block,,E PINE ST BETWEEN BELLEVUE AVE AND CRAWFORD PL,,,1,Property Damage Only Collision,Rear Ended,3,0,0,2,2004/02/13 00:00:00+00,2/13/2004 12:40:00 AM,Mid-Block (but intersection related),14,"MOTOR VEHICLE STRUCK MOTOR VEHICLE, REAR END",Y,0,Clear,Dry,Dusk,,4044001.0,,14,From same direction - both going straight - one stopped - rear-end,0,0,N
5036,2,-122.3134071,47.59833124,6091,19665,19665,1772456,Matched,Intersection,30429.0,RAINIER AVE S AND S KING ST,,,2,Injury Collision,Angles,2,0,0,2,2004/05/23 00:00:00+00,5/23/2004 10:30:00 AM,At Intersection (intersection related),11,"MOTOR VEHICLE STRUCK MOTOR VEHICLE, FRONT END AT ANGLE",,0,Unknown,Unknown,Daylight,,4144003.0,,10,Entering at angle,0,0,N
5037,1,-122.2875459,47.56175885,6092,20211,20211,1772923,Matched,Block,,RAINIER AVE S BETWEEN S OREGON ST AND S ALASKA ST,,,1,Property Damage Only Collision,Rear Ended,5,0,0,3,2004/08/06 00:00:00+00,8/6/2004,Mid-Block (but intersection related),14,"MOTOR VEHICLE STRUCK MOTOR VEHICLE, REAR END",,0,Clear,Dry,Daylight,,4219050.0,,13,From same direction - both going straight - both moving - rear-end,0,0,N
5038,1,-122.3696989,47.627573600000005,6093,19846,19846,1778106,Matched,Block,,ELLIOTT AVE W BETWEEN W MERCER PL AND W PROSPECT ST,,,1,Property Damage Only Collision,Sideswipe,2,0,0,2,2004/04/05 00:00:00+00,4/5/2004,Mid-Block (but intersection related),16,"MOTOR VEHICLE STRUCK MOTOR VEHICLE, LEFT SIDE SIDESWIPE",,0,Clear,Dry,Dark - Street Lights On,,4096015.0,,11,From same direction - both going straight - both moving - sideswipe,0,0,N
5039,1,-122.30822690000001,47.54520817,6094,20813,20813,1781527,Matched,Block,,CORGIAT DR S BETWEEN 18TH AVE S AND S CORGIAT DR,,,1,Property Damage Only Collision,Parked Car,3,0,0,3,2004/01/05 00:00:00+00,1/5/2004,Driveway Junction,13,"MOTOR VEHICLE STRUCK MOTOR VEHICLE, LEFT SIDE AT ANGLE",,0,Overcast,Dry,Dusk,,4005016.0,,32,One parked--one moving,0,0,N
5040,1,-122.28924359999999,47.56794838,6095,19962,19962,1773012,Matched,Intersection,32690.0,RAINIER AVE S AND S ANDOVER ST,,,1,Property Damage Only Collision,Rear Ended,2,0,0,2,2004/05/25 00:00:00+00,5/25/2004 5:57:00 PM,At Intersection (intersection related),14,"MOTOR VEHICLE STRUCK MOTOR VEHICLE, REAR END",,0,Raining,Wet,Daylight,,4146014.0,,14,From same direction - both going straight - one stopped - rear-end,0,0,N
5041,2,,,6096,19124,19124,1214106,Matched,Alley,,,,,2,Injury Collision,Pedestrian,2,1,0,1,2004/07/11 00:00:00+00,7/11/2004 7:53:00 AM,,0,NOT ENOUGH INFORMATION / NOT APPLICABLE,,1,Clear,Dry,Daylight,,4193001.0,,0,Vehicle going straight hits pedestrian,0,0,N
5042,2,-122.3127581,47.68668275,6097,19472,19472,1782322,Matched,Block,,NE 80TH ST BETWEEN LAKE CITY WAY NE AND 15TH AVE NE,,,2,Injury Collision,Right Turn,2,0,0,2,2004/06/28 00:00:00+00,6/28/2004 8:04:00 PM,Driveway Junction,14,"MOTOR VEHICLE STRUCK MOTOR VEHICLE, REAR END",Y,0,Clear,Dry,Daylight,,4180015.0,,16,From same direction - one right turn - one straight,0,0,N
5043,2,-122.3126874,47.72938561,6098,20063,20063,1329266,Matched,Block,,15TH AVE NE BETWEEN NE 137TH ST AND NE 140TH ST,,,2,Injury Collision,Other,1,0,0,1,2004/03/30 00:00:00+00,3/30/2004 7:06:00 AM,Mid-Block (not related to intersection),28,MOTOR VEHICLE RAN OFF ROAD - HIT FIXED OBJECT,Y,0,Raining,Wet,Daylight,,4090004.0,,50,Fixed object,0,0,N
5044,1,-122.3835216,47.55565652,6099,19812,19812,1856467,Matched,Block,,SW DAWSON ST BETWEEN 40TH AVE SW AND 41ST AVE SW,,,1,Property Damage Only Collision,Parked Car,2,0,0,2,2004/11/07 00:00:00+00,11/7/2004,Mid-Block (but intersection related),14,"MOTOR VEHICLE STRUCK MOTOR VEHICLE, REAR END",,0,Clear,Dry,Dark - Street Lights On,,4312014.0,,32,One parked--one moving,0,0,N
5045,2,-122.32807859999998,47.60416123,6100,20792,20792,1776403,Matched,Intersection,29973.0,6TH AVE AND JAMES ST,,,2,Injury Collision,Left Turn,2,0,0,2,2004/02/12 00:00:00+00,2/12/2004 8:20:00 PM,At Intersection (intersection related),11,"MOTOR VEHICLE STRUCK MOTOR VEHICLE, FRONT END AT ANGLE",,0,Overcast,Dry,Dark - Street Lights On,,4043025.0,,28,From opposite direction - one left turn - one straight,0,0,N
5046,1,-122.33373130000001,47.59031235,6101,19518,19518,1777118,Matched,Block,,EDGAR MARTINEZ DR S BETWEEN 1ST AVE S AND OCCIDENTAL AVE S,,,1,Property Damage Only Collision,Other,1,0,0,1,2004/02/26 00:00:00+00,2/26/2004 11:20:00 AM,Mid-Block (not related to intersection),28,MOTOR VEHICLE RAN OFF ROAD - HIT FIXED OBJECT,,0,Overcast,Dry,Daylight,,4057017.0,,50,Fixed object,0,0,N
5047,1,-122.37964209999998,47.66338968,6103,20182,20182,C649686,Matched,Block,,BALLARD AVE NW BETWEEN NW BALLARD WAY AND NW 48TH ST,,,1,Property Damage Only Collision,Other,2,0,0,2,2004/11/30 00:00:00+00,11/30/2004 11:30:00 AM,Driveway Junction,11,"MOTOR VEHICLE STRUCK MOTOR VEHICLE, FRONT END AT ANGLE",,0,Overcast,Dry,Daylight,,4335043.0,,22,One car leaving driveway access,0,0,N
5048,2,-122.31452979999999,47.57162418,6104,19867,19867,1474212,Matched,Intersection,32247.0,S COLUMBIAN WAY AND S SPOKANE ST,,,2,Injury Collision,Angles,3,0,0,2,2004/02/24 00:00:00+00,2/24/2004 10:00:00 AM,At Intersection (intersection related),11,"MOTOR VEHICLE STRUCK MOTOR VEHICLE, FRONT END AT ANGLE",,0,Clear,Dry,Daylight,,4055025.0,,10,Entering at angle,0,0,N
5049,2,-122.28477959999998,47.66395759,6105,19431,19431,1794857,Matched,Block,,40TH AVE NE BETWEEN SAND POINT WAY NE AND NE 50TH ST,,,2,Injury Collision,Rear Ended,2,0,0,2,2004/11/20 00:00:00+00,11/20/2004 10:53:00 AM,Mid-Block (but intersection related),14,"MOTOR VEHICLE STRUCK MOTOR VEHICLE, REAR END",,0,Clear,Dry,Daylight,,4325017.0,,14,From same direction - both going straight - one stopped - rear-end,0,0,N
5050,1,-122.3283384,47.60947816,6106,19344,19344,1789872,Matched,Block,,9TH AVE BETWEEN SPRING ST AND SENECA ST,,,1,Property Damage Only Collision,Parked Car,2,0,0,2,2004/05/28 00:00:00+00,5/28/2004 12:20:00 PM,Mid-Block (not related to intersection),11,"MOTOR VEHICLE STRUCK MOTOR VEHICLE, FRONT END AT ANGLE",,0,Clear,Dry,Daylight,,4149053.0,,32,One parked--one moving,0,0,N
5051,1,-122.3361223,47.60118905,6107,19796,19796,1776901,Matched,Block,,ALASKAN WAY S BETWEEN YESLER WAY AND PIER 48 ACCESS RD,,,1,Property Damage Only Collision,Other,2,0,0,2,2004/02/29 00:00:00+00,2/29/2004 3:40:00 PM,Mid-Block (not related to intersection),11,"MOTOR VEHICLE STRUCK MOTOR VEHICLE, FRONT END AT ANGLE",,0,Clear,Dry,Daylight,,4060023.0,,23,From same direction - all others,0,0,N
5052,1,-122.26649409999999,47.54026426,6108,19841,19841,1327159,Matched,Block,,SEWARD PARK AVE S BETWEEN S WILLOW ST AND S FRONTENAC ST,,,1,Property Damage Only Collision,Parked Car,2,0,0,2,2004/05/15 00:00:00+00,5/15/2004 8:51:00 PM,Mid-Block (not related to intersection),16,"MOTOR VEHICLE STRUCK MOTOR VEHICLE, LEFT SIDE SIDESWIPE",,0,Clear,Dry,Daylight,,4136017.0,,32,One parked--one moving,0,0,N
5053,2,-122.2925172,47.60164758,6111,19464,19464,1788090,Matched,Intersection,30575.0,31ST AVE AND E YESLER WAY,,,2,Injury Collision,Cycles,3,0,1,1,2004/07/05 00:00:00+00,7/5/2004,At Intersection (intersection related),18,"MOTOR VEHICLE STRUCK PEDALCYCLIST, FRONT END AT ANGLE",Y,0,Clear,Dry,Daylight,,4187007.0,,45,Vehicle - Pedalcyclist,0,0,N
5054,1,-122.3255956,47.7340692,6112,19923,19923,1747033,Matched,Intersection,166204.0,145TH ST ON RP AND NE 145TH ST,,,1,Property Damage Only Collision,Other,1,0,0,1,2004/09/18 00:00:00+00,9/18/2004 12:40:00 PM,At Intersection (intersection related),28,MOTOR VEHICLE RAN OFF ROAD - HIT FIXED OBJECT,,0,Clear,Dry,Daylight,,4262038.0,Y,50,Fixed object,0,0,N
5055,2,-122.33755159999998,47.58937381,6113,19512,19512,1213418,Matched,Block,,ALASKAN WY VI NB BETWEEN S HOLGATE ST AND SR99 REPUBLICAN OFF RP,,,2,Injury Collision,Rear Ended,5,0,0,4,2004/10/05 00:00:00+00,10/5/2004,Mid-Block (not related to intersection),14,"MOTOR VEHICLE STRUCK MOTOR VEHICLE, REAR END",,0,Overcast,Wet,Daylight,,4279050.0,,14,From same direction - both going straight - one stopped - rear-end,0,0,N
5056,1,-122.32695149999999,47.52307766,6115,19732,19732,1775240,Matched,Block,,S HENDERSON ST BETWEEN 5TH AVE S AND 7TH AVE S,,,1,Property Damage Only Collision,Parked Car,2,0,0,2,2004/03/20 00:00:00+00,3/20/2004 3:30:00 AM,Mid-Block (not related to intersection),11,"MOTOR VEHICLE STRUCK MOTOR VEHICLE, FRONT END AT ANGLE",,0,Clear,Dry,Dark - Street Lights On,,4080002.0,,32,One parked--one moving,0,0,N
5057,2,-122.33131370000001,47.70864592,6117,19569,19569,1209444,Matched,Intersection,36585.0,CORLISS AVE N AND N NORTHGATE WAY,,,2,Injury Collision,Angles,2,0,0,2,2004/04/14 00:00:00+00,4/14/2004 10:54:00 AM,At Intersection (intersection related),11,"MOTOR VEHICLE STRUCK MOTOR VEHICLE, FRONT END AT ANGLE",,0,Overcast,Wet,Daylight,,4105028.0,,10,Entering at angle,0,0,N
5058,2,-122.39783249999999,47.54809965,6118,19809,19809,1798270,Matched,Block,,BEACH DR SW BETWEEN SW JUNEAU ST AND ATLAS PL SW,,,2,Injury Collision,Other,1,0,0,1,2004/11/16 00:00:00+00,11/16/2004 12:24:00 PM,Mid-Block (not related to intersection),28,MOTOR VEHICLE RAN OFF ROAD - HIT FIXED OBJECT,,0,Clear,Dry,Daylight,,4321027.0,,50,Fixed object,0,0,N
5059,1,-122.26645500000001,47.53889468,6119,20225,20225,1793183,Matched,Block,,S MYRTLE ST BETWEEN SEWARD PARK AVE S AND BRIGHTON LN S,,,1,Property Damage Only Collision,Parked Car,2,0,0,2,2004/09/18 00:00:00+00,9/18/2004 9:30:00 AM,Mid-Block (not related to intersection),14,"MOTOR VEHICLE STRUCK MOTOR VEHICLE, REAR END",,0,Unknown,Unknown,Unknown,,4262005.0,,32,One parked--one moving,0,0,N
5060,1,-122.35595490000001,47.55192227,6120,20637,20637,1215164,Matched,Block,,17TH AVE SW BETWEEN SW BRANDON ST AND SW JUNEAU ST,,,1,Property Damage Only Collision,Parked Car,2,0,0,2,2004/02/16 00:00:00+00,2/16/2004 1:00:00 AM,Mid-Block (not related to intersection),28,MOTOR VEHICLE RAN OFF ROAD - HIT FIXED OBJECT,,0,Raining,Wet,Unknown,,4047031.0,,32,One parked--one moving,0,0,N
5061,1,-122.34523490000002,47.61613769,6122,19318,19318,1777140,Matched,Intersection,29672.0,4TH AVE AND BATTERY ST,,,1,Property Damage Only Collision,Angles,2,0,0,2,2004/02/23 00:00:00+00,2/23/2004 10:15:00 AM,At Intersection (intersection related),11,"MOTOR VEHICLE STRUCK MOTOR VEHICLE, FRONT END AT ANGLE",,0,Clear,Dry,Daylight,,4054006.0,,10,Entering at angle,0,0,N
5062,1,-122.33584740000002,47.622031299999996,6125,19875,19875,1777396,Matched,Intersection,28778.0,BOREN AVE N AND HARRISON ST,,,1,Property Damage Only Collision,Angles,2,0,0,2,2004/01/28 00:00:00+00,1/28/2004 4:32:00 PM,At Intersection (intersection related),11,"MOTOR VEHICLE STRUCK MOTOR VEHICLE, FRONT END AT ANGLE",,0,Raining,Wet,Dusk,,4028033.0,,10,Entering at angle,0,0,N
5063,2,-122.3629991,47.55101311,6126,19786,19786,1790279,Matched,Block,,DELRIDGE WAY SW BETWEEN SW FINDLAY ST AND SW JUNEAU ST,,,2,Injury Collision,Rear Ended,3,0,0,2,2004/05/24 00:00:00+00,5/24/2004 5:34:00 PM,Mid-Block (but intersection related),14,"MOTOR VEHICLE STRUCK MOTOR VEHICLE, REAR END",,0,Clear,Dry,Daylight,,4145005.0,,14,From same direction - both going straight - one stopped - rear-end,0,0,N
5064,1,-122.28200249999999,47.63216652,6128,20094,20094,1772077,Matched,Block,,E GALER ST BETWEEN 39TH AVE E AND MCGILVRA BLVD E,,,1,Property Damage Only Collision,Other,2,0,0,1,2004/03/21 00:00:00+00,3/21/2004 2:57:00 AM,Mid-Block (but intersection related),28,MOTOR VEHICLE RAN OFF ROAD - HIT FIXED OBJECT,Y,0,Clear,Dry,Dark - Street Lights On,,4081028.0,,50,Fixed object,0,0,N
5065,1,-122.299901,47.59868287,6129,19853,19853,1779628,Matched,Block,,25TH AVE S BETWEEN S JACKSON ST AND S KING ST,,,1,Property Damage Only Collision,Parked Car,2,0,0,2,2004/03/14 00:00:00+00,3/14/2004 3:00:00 PM,Mid-Block (not related to intersection),16,"MOTOR VEHICLE STRUCK MOTOR VEHICLE, LEFT SIDE SIDESWIPE",,0,Unknown,Unknown,Unknown,,4074007.0,,32,One parked--one moving,0,0,N
5066,1,-122.3077253,47.57604052,6131,19340,19340,1481295,Matched,Block,,19TH AVE S BETWEEN S STEVENS ST AND S HANFORD ST,,,1,Property Damage Only Collision,Parked Car,2,0,0,2,2004/01/31 00:00:00+00,1/31/2004 3:00:00 AM,Mid-Block (not related to intersection),16,"MOTOR VEHICLE STRUCK MOTOR VEHICLE, LEFT SIDE SIDESWIPE",,0,Unknown,Unknown,Dark - Street Lights On,,4031034.0,,32,One parked--one moving,0,0,N
5067,1,-122.3761087,47.64846829,6132,20604,20604,1186589,Matched,Intersection,26774.0,15TH AV W NB OFF RP AND W DRAVUS ST,,,1,Property Damage Only Collision,Angles,4,0,0,2,2004/04/27 00:00:00+00,4/27/2004 5:10:00 PM,At Intersection (intersection related),11,"MOTOR VEHICLE STRUCK MOTOR VEHICLE, FRONT END AT ANGLE",,0,Raining,Wet,Dusk,,4118023.0,,10,Entering at angle,0,0,N
5068,1,-122.3694281,47.56761173,6133,19821,19821,1789285,Matched,Block,,SW YANCY ST BETWEEN 28TH AVE SW AND 30TH AVE SW,,,1,Property Damage Only Collision,Parked Car,2,0,0,2,2004/01/21 00:00:00+00,1/21/2004 8:26:00 AM,Mid-Block (not related to intersection),14,"MOTOR VEHICLE STRUCK MOTOR VEHICLE, REAR END",,0,Overcast,Dry,Daylight,,4021025.0,,32,One parked--one moving,0,0,N
5069,2,-122.3383143,47.6143914,6134,19421,19421,1783708,Matched,Intersection,29543.0,6TH AVE AND VIRGINIA ST,,,2,Injury Collision,Pedestrian,2,1,0,1,2004/12/01 00:00:00+00,12/1/2004,At Intersection (intersection related),24,MOTOR VEHCILE STRUCK PEDESTRIAN,,0,Clear,Dry,Dark - Street Lights On,Y,4336019.0,,1,Vehicle turning right hits pedestrian,0,0,N
5070,2,-122.33072299999999,47.61849176,6136,20131,20131,1789546,Matched,Intersection,29168.0,DENNY WAY AND STEWART ST,,,2,Injury Collision,Angles,2,0,0,2,2004/10/10 00:00:00+00,10/10/2004 10:40:00 PM,At Intersection (intersection related),11,"MOTOR VEHICLE STRUCK MOTOR VEHICLE, FRONT END AT ANGLE",,0,Clear,Dry,Dark - Street Lights On,,4284006.0,,10,Entering at angle,0,0,N
5071,1,-122.35007379999999,47.61430799,6138,19388,19388,1069604,Matched,Block,,WESTERN AVE BETWEEN WALL ST AND VINE ST,,,1,Property Damage Only Collision,Rear Ended,2,0,0,2,2004/11/15 00:00:00+00,11/15/2004 1:45:00 PM,Mid-Block (but intersection related),14,"MOTOR VEHICLE STRUCK MOTOR VEHICLE, REAR END",,0,Overcast,Wet,Daylight,,4320017.0,,14,From same direction - both going straight - one stopped - rear-end,0,0,N