,SEVERITYCODE,X,Y,OBJECTID,INCKEY,COLDETKEY,REPORTNO,STATUS,ADDRTYPE,INTKEY,LOCATION,EXCEPTRSNCODE,EXCEPTRSNDESC,SEVERITYCODE.1,SEVERITYDESC,COLLISIONTYPE,PERSONCOUNT,PEDCOUNT,PEDCYLCOUNT,VEHCOUNT,INCDATE,INCDTTM,JUNCTIONTYPE,SDOT_COLCODE,SDOT_COLDESC,INATTENTIONIND,UNDERINFL,WEATHER,ROADCOND,LIGHTCOND,PEDROWNOTGRNT,SDOTCOLNUM,SPEEDING,ST_COLCODE,ST_COLDESC,SEGLANEKEY,CROSSWALKKEY,HITPARKEDCAR
5072,1,,,6139,19322,19322,1777483,Matched,Block,,BATTERY ST TUNNEL NB BETWEEN ALASKAN WY VI NB AND AURORA AVE N,,,1,Property Damage Only Collision,Other,1,0,0,1,2004/03/26 00:00:00+00,3/26/2004 8:31:00 PM,Mid-Block (not related to intersection),26,MOTOR VEHICLE STRUCK OBJECT IN ROAD,,0,Raining,Wet,Dawn,,4086005.0,,50,Fixed object,0,0,N
5073,1,-122.33656470000001,47.60505166,6140,19911,19911,1059982,Matched,Block,,1ST AVE BETWEEN MADISON ST AND SPRING ST,,,1,Property Damage Only Collision,Parked Car,3,0,0,3,2004/12/30 00:00:00+00,12/30/2004 1:55:00 PM,Mid-Block (not related to intersection),16,"MOTOR VEHICLE STRUCK MOTOR VEHICLE, LEFT SIDE SIDESWIPE",,0,Raining,Wet,Daylight,,4365015.0,,32,One parked--one moving,0,0,N
5074,1,-122.2978374,47.57793916,6142,20082,20082,1792989,Matched,Block,,RAINIER AVE S BETWEEN S MCCLELLAN ST AND S FOREST ST,,,1,Property Damage Only Collision,Rear Ended,4,0,0,2,2004/08/09 00:00:00+00,8/9/2004,Mid-Block (not related to intersection),14,"MOTOR VEHICLE STRUCK MOTOR VEHICLE, REAR END",Y,0,Clear,Dry,Daylight,,4222031.0,,14,From same direction - both going straight - one stopped - rear-end,0,0,N
5075,2,-122.3281912,47.67363162,6143,19503,19503,1781907,Matched,Intersection,25821.0,1ST AVE NE AND NE 62ND ST,,,2,Injury Collision,Angles,4,0,0,2,2004/06/20 00:00:00+00,6/20/2004 3:25:00 PM,At Intersection (intersection related),11,"MOTOR VEHICLE STRUCK MOTOR VEHICLE, FRONT END AT ANGLE",,0,Clear,Dry,Daylight,,4172003.0,,10,Entering at angle,0,0,N
5076,1,-122.4146241,47.57697854,6145,19859,19859,1798494,Matched,Block,,64TH AVE SW BETWEEN ALKI AVE SW AND SW ADMIRAL WAY,,,1,Property Damage Only Collision,Parked Car,2,0,0,2,2004/11/23 00:00:00+00,11/23/2004 2:20:00 PM,Mid-Block (not related to intersection),14,"MOTOR VEHICLE STRUCK MOTOR VEHICLE, REAR END",,0,Clear,Dry,Daylight,,4328019.0,,32,One parked--one moving,0,0,N
5077,1,-122.3473838,47.70505939,6146,19275,19275,C649390,Matched,Intersection,36425.0,LINDEN AVE N AND N 105TH ST,,,1,Property Damage Only Collision,Angles,2,0,0,2,2004/11/16 00:00:00+00,11/16/2004 7:25:00 PM,At Intersection (intersection related),11,"MOTOR VEHICLE STRUCK MOTOR VEHICLE, FRONT END AT ANGLE",,0,Clear,Wet,Dark - Street Lights On,,4321040.0,,10,Entering at angle,0,0,N
5078,1,-122.3762533,47.55651741,6148,20451,20451,1781627,Matched,Block,,35TH AVE SW BETWEEN SW HUDSON ST AND SW DAWSON ST,,,1,Property Damage Only Collision,Other,1,0,0,1,2004/03/12 00:00:00+00,3/12/2004 9:14:00 PM,Mid-Block (not related to intersection),28,MOTOR VEHICLE RAN OFF ROAD - HIT FIXED OBJECT,,1,Clear,Dry,Dark - Street Lights On,,4072035.0,Y,50,Fixed object,0,0,N
5079,2,-122.3270706,47.6055717,6149,20122,20122,1477839,Matched,Block,,CHERRY ST BETWEEN 7TH AVE AND 8TH AVE,,,2,Injury Collision,Rear Ended,2,0,0,2,2004/08/20 00:00:00+00,8/20/2004 1:40:00 PM,Mid-Block (but intersection related),14,"MOTOR VEHICLE STRUCK MOTOR VEHICLE, REAR END",Y,1,Clear,Dry,Daylight,,4233011.0,,14,From same direction - both going straight - one stopped - rear-end,0,0,N
5080,2,-122.3377929,47.60974973,6150,20339,20339,1213320,Matched,Intersection,29587.0,3RD AVE AND PIKE ST,,,2,Injury Collision,Pedestrian,3,1,0,1,2004/01/26 00:00:00+00,1/26/2004 10:11:00 PM,At Intersection (intersection related),24,MOTOR VEHCILE STRUCK PEDESTRIAN,,1,Clear,Dry,Dark - Street Lights On,,4026020.0,,0,Vehicle going straight hits pedestrian,0,0,N
5081,2,-122.30432730000001,47.64431282,6151,19236,19236,C649410,Matched,Block,,MONTLAKE BLVD E BETWEEN EAST MONTLAKE PL E AND SR520 WB MONTLAKE BV OFF RP,,,2,Injury Collision,Rear Ended,2,0,0,2,2004/11/01 00:00:00+00,11/1/2004,Mid-Block (but intersection related),14,"MOTOR VEHICLE STRUCK MOTOR VEHICLE, REAR END",,0,Overcast,Dry,Daylight,,4306071.0,,14,From same direction - both going straight - one stopped - rear-end,0,0,N
5082,1,-122.3125635,47.66126567,6154,20446,20446,C628971,Matched,Block,,NE 45TH ST BETWEEN UNIVERSITY WAY NE AND 15TH AVE NE,,,1,Property Damage Only Collision,Rear Ended,3,0,0,3,2004/02/16 00:00:00+00,2/16/2004 12:45:00 PM,Mid-Block (but intersection related),14,"MOTOR VEHICLE STRUCK MOTOR VEHICLE, REAR END",,0,Raining,Wet,Daylight,,4047037.0,,14,From same direction - both going straight - one stopped - rear-end,0,0,N
5083,2,-122.3290487,47.59334116,6155,20318,20318,1777376,Matched,Block,,4TH AVE S BETWEEN I90 WB 4TH AV OFF RP AND S ROYAL BROUGHAM WAY,,,2,Injury Collision,Rear Ended,12,0,0,3,2004/01/01 00:00:00+00,1/1/2004,Mid-Block (but intersection related),14,"MOTOR VEHICLE STRUCK MOTOR VEHICLE, REAR END",,1,Overcast,Wet,Dark - Street Lights On,,4001018.0,,13,From same direction - both going straight - both moving - rear-end,0,0,N
5084,2,-122.3761883,47.56503852,6157,19352,19352,1785595,Matched,Intersection,31898.0,FAUNTLEROY WAY SW AND WEST SEATTLE BR EB,,,2,Injury Collision,Left Turn,3,0,0,2,2004/07/25 00:00:00+00,7/25/2004 12:48:00 AM,At Intersection (intersection related),11,"MOTOR VEHICLE STRUCK MOTOR VEHICLE, FRONT END AT ANGLE",,0,Clear,Dry,Dark - Street Lights On,,4207017.0,,28,From opposite direction - one left turn - one straight,0,0,N
5085,1,-122.34303159999999,47.65918712,6158,20217,20217,1782770,Matched,Block,,N 43RD ST BETWEEN MIDVALE AVE N AND STONE WAY N,,,1,Property Damage Only Collision,Parked Car,2,0,0,2,2004/08/03 00:00:00+00,8/3/2004,Mid-Block (not related to intersection),11,"MOTOR VEHICLE STRUCK MOTOR VEHICLE, FRONT END AT ANGLE",,0,Unknown,Unknown,Daylight,,4216021.0,,32,One parked--one moving,0,0,N
5086,1,-122.28410420000002,47.54603212,6159,19699,19699,1772709,Matched,Block,,S GRAHAM ST BETWEEN 38TH AVE S AND 39TH AVE S,,,1,Property Damage Only Collision,Other,5,0,0,2,2004/05/21 00:00:00+00,5/21/2004 3:32:00 PM,Driveway Junction,14,"MOTOR VEHICLE STRUCK MOTOR VEHICLE, REAR END",,0,Clear,Dry,Daylight,,4142016.0,,21,One car entering driveway access,0,0,N
5087,2,-122.2962223,47.57985835,6160,19961,19961,1773006,Matched,Block,,M L KING JR WAY S BETWEEN S BAYVIEW S ST AND S MCCLELLAN ST,,,2,Injury Collision,Other,3,0,0,3,2004/04/28 00:00:00+00,4/28/2004 10:50:00 AM,Mid-Block (not related to intersection),11,"MOTOR VEHICLE STRUCK MOTOR VEHICLE, FRONT END AT ANGLE",,0,Clear,Dry,Daylight,,4119015.0,Y,23,From same direction - all others,0,0,N
5088,1,-122.3254027,47.60626898,6161,19264,19264,1472553,Matched,Intersection,29942.0,9TH AVE AND CHERRY ST,,,1,Property Damage Only Collision,Angles,2,0,0,2,2004/07/14 00:00:00+00,7/14/2004 2:45:00 PM,At Intersection (intersection related),11,"MOTOR VEHICLE STRUCK MOTOR VEHICLE, FRONT END AT ANGLE",,0,Clear,Dry,Daylight,,4196030.0,Y,10,Entering at angle,0,0,N
5089,2,-122.34646880000001,47.67499106,6163,20203,20203,1774522,Matched,Block,,WEST GREEN LAKE WAY N BETWEEN N 63RD ST AND AURORA AVE N,,,2,Injury Collision,Rear Ended,3,0,0,2,2004/03/13 00:00:00+00,3/13/2004 3:40:00 PM,Mid-Block (not related to intersection),14,"MOTOR VEHICLE STRUCK MOTOR VEHICLE, REAR END",Y,0,Clear,Dry,Daylight,,4073017.0,,14,From same direction - both going straight - one stopped - rear-end,0,0,N
5090,1,-122.32671459999999,47.66135208,6164,20112,20112,1781901,Matched,Block,,NE 45TH ST BETWEEN 2ND AVE NE AND THACKERAY PL NE,,,1,Property Damage Only Collision,Other,4,0,0,2,2004/05/16 00:00:00+00,5/16/2004 1:22:00 PM,Driveway Junction,11,"MOTOR VEHICLE STRUCK MOTOR VEHICLE, FRONT END AT ANGLE",,0,Clear,Dry,Daylight,,4137017.0,,21,One car entering driveway access,0,0,N
5091,2,-122.32006080000001,47.64044969,6167,19585,19585,1789863,Matched,Block,,10TH AVE E BETWEEN E LYNN ST AND E MILLER ST,,,2,Injury Collision,Rear Ended,2,0,0,2,2004/03/17 00:00:00+00,3/17/2004 3:09:00 PM,Mid-Block (not related to intersection),14,"MOTOR VEHICLE STRUCK MOTOR VEHICLE, REAR END",Y,0,Clear,Dry,Daylight,,4077017.0,,14,From same direction - both going straight - one stopped - rear-end,0,0,N
5092,1,-122.34500349999999,47.6136555,6169,20160,20160,1482385,Matched,Block,,2ND AVE BETWEEN BLANCHARD ST AND BELL ST,,,1,Property Damage Only Collision,Parked Car,2,0,0,2,2004/06/23 00:00:00+00,6/23/2004 10:09:00 AM,Mid-Block (not related to intersection),16,"MOTOR VEHICLE STRUCK MOTOR VEHICLE, LEFT SIDE SIDESWIPE",,0,Clear,Dry,Daylight,,4175024.0,,32,One parked--one moving,0,0,N
5093,2,-122.35540929999999,47.70095133,6171,19612,19612,1778777,Matched,Block,,GREENWOOD AVE N BETWEEN N GREENWOOD CIR AND N 100TH ST,,,2,Injury Collision,Rear Ended,4,0,0,2,2004/03/28 00:00:00+00,3/28/2004 12:50:00 PM,Mid-Block (but intersection related),14,"MOTOR VEHICLE STRUCK MOTOR VEHICLE, REAR END",Y,0,Clear,Dry,Daylight,,4088015.0,,14,From same direction - both going straight - one stopped - rear-end,0,0,N
5094,2,,,6172,20089,20089,1069638,Matched,Block,,BATTERY ST TUNNEL SB BETWEEN AURORA AVE N AND ALASKAN WY VI SB,,,2,Injury Collision,Rear Ended,4,0,0,2,2004/12/14 00:00:00+00,12/14/2004 9:05:00 AM,Mid-Block (not related to intersection),14,"MOTOR VEHICLE STRUCK MOTOR VEHICLE, REAR END",,0,Raining,Wet,Other,,4349027.0,,13,From same direction - both going straight - both moving - rear-end,0,0,N
5095,1,,,6173,19829,19829,1069657,Matched,Block,,BATTERY ST TUNNEL NB BETWEEN ALASKAN WY VI NB AND AURORA AVE N,,,1,Property Damage Only Collision,Other,2,0,0,1,2004/10/27 00:00:00+00,10/27/2004 11:36:00 PM,Mid-Block (not related to intersection),26,MOTOR VEHICLE STRUCK OBJECT IN ROAD,,1,Clear,Dry,Dark - Street Lights On,,4301007.0,,50,Fixed object,0,0,N
5096,1,-122.3556325,47.63441038,6174,20351,20351,1071925,Matched,Block,,1ST AVE N BETWEEN HAYES ST AND BLAINE ST,,,1,Property Damage Only Collision,Parked Car,2,0,0,2,2004/11/11 00:00:00+00,11/11/2004 6:30:00 PM,Mid-Block (not related to intersection),11,"MOTOR VEHICLE STRUCK MOTOR VEHICLE, FRONT END AT ANGLE",,0,Other,Unknown,Unknown,,4316035.0,,32,One parked--one moving,0,0,N
5097,1,-122.3213768,47.547746200000006,6175,19256,19256,1790351,Matched,Block,,CORSON AVE S BETWEEN S HARNEY ST AND S MICHIGAN ST,,,1,Property Damage Only Collision,Rear Ended,3,0,0,2,2004/04/16 00:00:00+00,4/16/2004 9:55:00 AM,Mid-Block (but intersection related),14,"MOTOR VEHICLE STRUCK MOTOR VEHICLE, REAR END",,0,Raining,Wet,Daylight,,4107015.0,,14,From same direction - both going straight - one stopped - rear-end,0,0,N
5098,1,-122.36323529999999,47.62523317,6177,20248,20248,1776941,Matched,Block,,5TH AVE W BETWEEN W MERCER ST AND W ROY ST,,,1,Property Damage Only Collision,Parked Car,2,0,0,2,2004/04/21 00:00:00+00,4/21/2004 8:27:00 PM,Driveway Junction,11,"MOTOR VEHICLE STRUCK MOTOR VEHICLE, FRONT END AT ANGLE",,0,Clear,Dry,Dusk,,4112019.0,,32,One parked--one moving,0,0,N
5099,1,-122.28074860000001,47.55390743,6180,19735,19735,1788025,Matched,Intersection,33471.0,42ND AVE S AND RAINIER AVE S,,,1,Property Damage Only Collision,Angles,2,0,0,2,2004/01/08 00:00:00+00,1/8/2004,At Intersection (intersection related),16,"MOTOR VEHICLE STRUCK MOTOR VEHICLE, LEFT SIDE SIDESWIPE",,0,Raining,Wet,Dark - Street Lights On,,4008013.0,,10,Entering at angle,0,0,N
5100,2,-122.36065149999999,47.68547096,6181,20149,20149,1794343,Matched,Intersection,24061.0,3RD AVE NW AND NW 78TH ST,,,2,Injury Collision,Angles,2,0,0,2,2004/08/22 00:00:00+00,8/22/2004 1:09:00 PM,At Intersection (intersection related),11,"MOTOR VEHICLE STRUCK MOTOR VEHICLE, FRONT END AT ANGLE",,0,Overcast,Wet,Daylight,,4235027.0,,10,Entering at angle,0,0,N
5101,1,-122.33917360000001,47.61372707,6183,20453,20453,1213876,Matched,Intersection,29549.0,5TH AVE AND VIRGINIA ST,,,1,Property Damage Only Collision,Angles,2,0,0,2,2004/06/08 00:00:00+00,6/8/2004,At Intersection (intersection related),11,"MOTOR VEHICLE STRUCK MOTOR VEHICLE, FRONT END AT ANGLE",,0,Clear,Dry,Daylight,,4160039.0,,10,Entering at angle,0,0,N
5102,1,-122.2699873,47.52933203,6184,20223,20223,1793086,Matched,Block,,RAINIER AVE S BETWEEN S ROSE N ST AND S ROSE S ST,,,1,Property Damage Only Collision,Rear Ended,5,0,0,2,2004/08/20 00:00:00+00,8/20/2004 5:52:00 PM,Mid-Block (not related to intersection),14,"MOTOR VEHICLE STRUCK MOTOR VEHICLE, REAR END",Y,0,Clear,Dry,Daylight,,4233032.0,,13,From same direction - both going straight - both moving - rear-end,0,0,N
5103,1,-122.350517,47.65895506,6185,20347,20347,1794300,Matched,Block,,N 43RD ST BETWEEN EVANSTON AVE N AND FREMONT S AVE N,,,1,Property Damage Only Collision,Sideswipe,5,0,0,2,2004/06/11 00:00:00+00,6/11/2004 9:21:00 AM,Mid-Block (but intersection related),16,"MOTOR VEHICLE STRUCK MOTOR VEHICLE, LEFT SIDE SIDESWIPE",Y,0,Overcast,Wet,Daylight,,4163035.0,,71,Same direction -- both turning right -- both moving -- sideswipe,0,0,N
5104,1,-122.3368909,47.60540829,6186,19540,19540,1785096,Matched,Intersection,29615.0,1ST AVE AND SPRING ST,,,1,Property Damage Only Collision,Angles,3,0,0,2,2004/11/21 00:00:00+00,11/21/2004 5:22:00 PM,At Intersection (intersection related),11,"MOTOR VEHICLE STRUCK MOTOR VEHICLE, FRONT END AT ANGLE",,0,Clear,Dry,Dark - Street Lights On,,4326018.0,,10,Entering at angle,0,0,N
5105,1,-122.3172199,47.65836265,6187,19606,19606,1780963,Matched,Block,,NE 42ND ST BETWEEN ROOSEVELT N WAY NE AND 11TH AVE NE,,,1,Property Damage Only Collision,Parked Car,2,0,0,2,2004/01/10 00:00:00+00,1/10/2004 9:45:00 AM,Driveway Junction,14,"MOTOR VEHICLE STRUCK MOTOR VEHICLE, REAR END",,0,Unknown,Unknown,Unknown,,4010029.0,,32,One parked--one moving,0,0,N
5106,2,-122.33641000000001,47.66503503,6188,20196,20196,1328898,Matched,Intersection,25527.0,WALLINGFORD AVE N AND N 50TH ST,,,2,Injury Collision,Left Turn,3,0,0,2,2004/02/13 00:00:00+00,2/13/2004 6:11:00 PM,At Intersection (intersection related),11,"MOTOR VEHICLE STRUCK MOTOR VEHICLE, FRONT END AT ANGLE",,0,Clear,Dry,Unknown,,4044021.0,,28,From opposite direction - one left turn - one straight,0,0,N
5107,1,-122.3033652,47.57356851,6189,20328,20328,1779574,Matched,Block,,23RD AVE S BETWEEN S HORTON ST AND S HINDS ST,,,1,Property Damage Only Collision,Other,3,0,0,1,2004/06/22 00:00:00+00,6/22/2004 5:21:00 PM,Mid-Block (not related to intersection),28,MOTOR VEHICLE RAN OFF ROAD - HIT FIXED OBJECT,Y,0,Clear,Dry,Daylight,,4174006.0,,50,Fixed object,0,0,N
5108,1,-122.3187824,47.66038085,6190,20018,20018,1779743,Matched,Block,,9TH AVE NE BETWEEN NE 43RD ST AND NE 45TH W ST,,,1,Property Damage Only Collision,Parked Car,2,0,0,2,2004/06/08 00:00:00+00,6/8/2004,Mid-Block (not related to intersection),12,"MOTOR VEHICLE STRUCK MOTOR VEHICLE, RIGHT SIDE AT ANGLE",,0,Overcast,Dry,Dark - Street Lights On,,4160007.0,,32,One parked--one moving,0,0,N
5109,2,-122.329187,47.60369752,6191,20237,20237,1783258,Matched,Intersection,29972.0,5TH AVE AND JAMES ST,,,2,Injury Collision,Pedestrian,2,1,0,1,2004/09/08 00:00:00+00,9/8/2004,At Intersection (intersection related),24,MOTOR VEHCILE STRUCK PEDESTRIAN,,0,Clear,Dry,Daylight,Y,4252037.0,,1,Vehicle turning right hits pedestrian,0,0,N
5110,1,-122.32890259999998,47.66790446,6192,19652,19652,1774775,Matched,Block,,N 54TH ST BETWEEN KENSINGTON PL N AND 1ST AVE NE,,,1,Property Damage Only Collision,Parked Car,2,0,0,2,2004/01/03 00:00:00+00,1/3/2004,Mid-Block (not related to intersection),13,"MOTOR VEHICLE STRUCK MOTOR VEHICLE, LEFT SIDE AT ANGLE",,0,Unknown,Unknown,Unknown,,4003012.0,,32,One parked--one moving,0,0,N
5111,2,-122.33508159999998,47.65430975,6196,19475,19475,1782688,Matched,Intersection,26856.0,BURKE AVE N AND N 39TH ST,,,2,Injury Collision,Angles,6,0,0,2,2004/05/08 00:00:00+00,5/8/2004,At Intersection (intersection related),11,"MOTOR VEHICLE STRUCK MOTOR VEHICLE, FRONT END AT ANGLE",,0,Clear,Dry,Dark - Street Lights On,,4129033.0,,10,Entering at angle,0,0,N
5112,1,-122.36694159999999,47.64070641,6197,19814,19814,1321799,Matched,Block,,W WHEELER ST BETWEEN 7TH AVE W AND 8TH AVE W,,,1,Property Damage Only Collision,Angles,2,0,0,2,2004/10/13 00:00:00+00,10/13/2004 9:15:00 AM,Driveway Junction,11,"MOTOR VEHICLE STRUCK MOTOR VEHICLE, FRONT END AT ANGLE",,0,Clear,Dry,Daylight,,4287033.0,,10,Entering at angle,0,0,N
5113,1,-122.3178232,47.60169516,6198,20629,20629,1772452,Matched,Intersection,30411.0,BOREN AVE AND E YESLER WAY,,,1,Property Damage Only Collision,Angles,2,0,0,2,2004/05/12 00:00:00+00,5/12/2004 12:01:00 PM,At Intersection (intersection related),11,"MOTOR VEHICLE STRUCK MOTOR VEHICLE, FRONT END AT ANGLE",,0,Clear,Dry,Daylight,,4133008.0,,10,Entering at angle,0,0,N
5114,1,-122.3006173,47.66825205,6199,19235,19235,C649445,Matched,Block,,25TH AVE NE BETWEEN NE 54TH ST AND NE 55TH ST,,,1,Property Damage Only Collision,Rear Ended,2,0,0,2,2004/10/28 00:00:00+00,10/28/2004 5:15:00 PM,Mid-Block (but intersection related),14,"MOTOR VEHICLE STRUCK MOTOR VEHICLE, REAR END",,0,Raining,Wet,Dusk,,4302071.0,,14,From same direction - both going straight - one stopped - rear-end,0,0,N
5115,1,-122.2701547,47.53644387,6200,19598,19598,1784358,Matched,Block,,RAINIER AVE S BETWEEN S OTHELLO ST AND S FONTANELLE ST,,,1,Property Damage Only Collision,Rear Ended,3,0,0,2,2004/10/10 00:00:00+00,10/10/2004 8:21:00 AM,Mid-Block (not related to intersection),14,"MOTOR VEHICLE STRUCK MOTOR VEHICLE, REAR END",,0,Clear,Dry,Daylight,,4284024.0,,13,From same direction - both going straight - both moving - rear-end,0,0,N
5116,1,-122.3425741,47.66138521,6201,19906,19906,1782693,Matched,Block,,N 45TH ST BETWEEN N MIDVALE PL AND STONE WAY N,,,1,Property Damage Only Collision,Rear Ended,2,0,0,2,2004/09/17 00:00:00+00,9/17/2004 11:21:00 PM,Mid-Block (but intersection related),14,"MOTOR VEHICLE STRUCK MOTOR VEHICLE, REAR END",,0,Overcast,Wet,Dark - Street Lights On,,4261026.0,,13,From same direction - both going straight - both moving - rear-end,0,0,N
5117,1,-122.34855420000001,47.68402986,6202,20735,20735,1079963,Matched,Block,,N 76TH ST BETWEEN FREMONT AVE N AND LINDEN AVE N,,,1,Property Damage Only Collision,Parked Car,2,0,0,2,2004/11/21 00:00:00+00,11/21/2004 2:25:00 AM,Mid-Block (but intersection related),16,"MOTOR VEHICLE STRUCK MOTOR VEHICLE, LEFT SIDE SIDESWIPE",Y,1,Clear,Dry,Dark - Street Lights On,,4326013.0,,32,One parked--one moving,0,0,N
5118,1,-122.32589709999999,47.63750541,6203,20460,20460,1789830,Matched,Block,,EASTLAKE AVE E BETWEEN E NEWTON ST AND E BOSTON ST,,,1,Property Damage Only Collision,Parked Car,4,0,0,2,2004/01/24 00:00:00+00,1/24/2004 1:08:00 AM,Mid-Block (not related to intersection),11,"MOTOR VEHICLE STRUCK MOTOR VEHICLE, FRONT END AT ANGLE",,1,Raining,Wet,Dark - Street Lights On,,4024013.0,,20,One car leaving parked position,0,0,N
5119,1,-122.3307297,47.61544972,6204,19351,19351,1785165,Matched,Intersection,29865.0,BOREN AVE AND OLIVE WAY,,,1,Property Damage Only Collision,Angles,2,0,0,2,2004/12/08 00:00:00+00,12/8/2004,At Intersection (intersection related),11,"MOTOR VEHICLE STRUCK MOTOR VEHICLE, FRONT END AT ANGLE",,0,Overcast,Wet,Daylight,,4343012.0,,10,Entering at angle,0,0,N
5120,1,-122.31211709999998,47.68485998,6205,20087,20087,1797003,Matched,Intersection,24410.0,15TH AVE NE AND NE 77TH ST,,,1,Property Damage Only Collision,Angles,2,0,0,2,2004/10/28 00:00:00+00,10/28/2004 5:39:00 PM,At Intersection (intersection related),11,"MOTOR VEHICLE STRUCK MOTOR VEHICLE, FRONT END AT ANGLE",,0,Overcast,Wet,Dark - Street Lights On,,4302025.0,,10,Entering at angle,0,0,N
5121,1,-122.30292800000001,47.58410158,6206,19836,19836,1771936,Matched,Block,,23RD AVE S BETWEEN RAINIER AVE S AND S WALKER ST,,,1,Property Damage Only Collision,Sideswipe,2,0,0,2,2004/04/14 00:00:00+00,4/14/2004 4:56:00 PM,Mid-Block (but intersection related),11,"MOTOR VEHICLE STRUCK MOTOR VEHICLE, FRONT END AT ANGLE",,0,Clear,Dry,Daylight,,4105022.0,,11,From same direction - both going straight - both moving - sideswipe,0,0,N
5122,2,-122.3471621,47.61375831,6208,19642,19642,1186791,Matched,Block,,1ST AVE BETWEEN BELL ST AND BATTERY ST,,,2,Injury Collision,Rear Ended,3,0,0,2,2004/01/12 00:00:00+00,1/12/2004 2:06:00 PM,Mid-Block (but intersection related),14,"MOTOR VEHICLE STRUCK MOTOR VEHICLE, REAR END",,0,Overcast,Dry,Daylight,,4012043.0,,14,From same direction - both going straight - one stopped - rear-end,0,0,N
5123,1,-122.28970290000001,47.61764014,6209,20209,20209,1198432,Matched,Block,,E HOWELL ST BETWEEN 33RD AVE AND 34TH AVE,,,1,Property Damage Only Collision,Parked Car,2,0,0,2,2004/11/24 00:00:00+00,11/24/2004 7:24:00 PM,Driveway Junction,13,"MOTOR VEHICLE STRUCK MOTOR VEHICLE, LEFT SIDE AT ANGLE",,0,Raining,Wet,Unknown,,4329029.0,,32,One parked--one moving,0,0,N
5124,1,-122.34398929999999,47.73280142,6210,20471,20471,1782045,Matched,Block,,MIDVALE AVE N BETWEEN N 143RD ST AND ROOSEVELT WAY N,,,1,Property Damage Only Collision,Parked Car,4,0,0,4,2004/05/15 00:00:00+00,5/15/2004 10:51:00 PM,Mid-Block (not related to intersection),15,"MOTOR VEHICLE STRUCK MOTOR VEHICLE, RIGHT SIDE SIDESWIPE",,0,Clear,Dry,Dark - Street Lights On,,4136022.0,,32,One parked--one moving,0,0,N
5125,1,-122.36451240000001,47.5273832,6212,19444,19444,1775310,Matched,Block,,25TH AVE SW BETWEEN SW THISTLE ST AND SW CLOVERDALE ST,,,1,Property Damage Only Collision,Parked Car,2,0,0,2,2004/04/01 00:00:00+00,4/1/2004,Mid-Block (not related to intersection),16,"MOTOR VEHICLE STRUCK MOTOR VEHICLE, LEFT SIDE SIDESWIPE",,0,Clear,Dry,Daylight,,4092031.0,,32,One parked--one moving,0,0,N
5126,2,-122.3404483,47.6646609,6213,19739,19739,1199189,Matched,Block,,STONE WAY N BETWEEN N 49TH ST AND N 50TH ST,,,2,Injury Collision,Rear Ended,2,0,0,2,2004/02/11 00:00:00+00,2/11/2004 4:12:00 PM,Mid-Block (not related to intersection),14,"MOTOR VEHICLE STRUCK MOTOR VEHICLE, REAR END",,0,Clear,Dry,Daylight,,4042022.0,,14,From same direction - both going straight - one stopped - rear-end,0,0,N
5127,1,-122.29698870000001,47.56861146,6214,20015,20015,1773109,Matched,Block,,M L KING JR WR WAY S BETWEEN S BRADFORD ST AND S ANDOVER ST,,,1,Property Damage Only Collision,Rear Ended,3,0,0,2,2004/08/02 00:00:00+00,8/2/2004,Mid-Block (but intersection related),14,"MOTOR VEHICLE STRUCK MOTOR VEHICLE, REAR END",Y,0,Clear,Dry,Daylight,,4215021.0,,13,From same direction - both going straight - both moving - rear-end,0,0,N
5128,1,,,6215,19286,19286,1472868,Matched,Alley,,,,,1,Property Damage Only Collision,Parked Car,2,0,0,2,2004/01/26 00:00:00+00,1/26/2004 5:00:00 PM,,0,NOT ENOUGH INFORMATION / NOT APPLICABLE,,0,Clear,Dry,Daylight,,4026001.0,,32,One parked--one moving,0,0,N
5129,1,-122.3342135,47.607515,6216,20338,20338,1212771,Matched,Intersection,29932.0,4TH AVE AND SENECA ST,,,1,Property Damage Only Collision,Rear Ended,3,0,0,2,2004/03/05 00:00:00+00,3/5/2004,At Intersection (but not related to intersection),16,"MOTOR VEHICLE STRUCK MOTOR VEHICLE, LEFT SIDE SIDESWIPE",,0,Clear,Dry,Daylight,,4065011.0,,83,Same direction -- both turning left -- both moving -- rear end,0,0,N
5130,1,-122.2964341,47.58202021,6218,19596,19596,1784254,Matched,Block,,28TH AVE S BETWEEN S COLLEGE ST AND S BAYVIEW ST,,,1,Property Damage Only Collision,Other,1,0,0,1,2004/10/15 00:00:00+00,10/15/2004 9:31:00 AM,Mid-Block (not related to intersection),28,MOTOR VEHICLE RAN OFF ROAD - HIT FIXED OBJECT,,0,Clear,Dry,Daylight,,4289005.0,,50,Fixed object,0,0,N
5131,2,-122.2927813,47.71734297,6219,19902,19902,1782367,Matched,Intersection,36609.0,33RD AVE NE AND NE 123RD ST,,,2,Injury Collision,Angles,4,0,0,2,2004/06/18 00:00:00+00,6/18/2004 3:16:00 PM,At Intersection (intersection related),11,"MOTOR VEHICLE STRUCK MOTOR VEHICLE, FRONT END AT ANGLE",,0,Clear,Dry,Daylight,,4170024.0,,10,Entering at angle,0,0,N
5132,2,-122.32021599999999,47.62774924,6220,20448,20448,1181035,Matched,Block,,10TH AVE E BETWEEN E ALOHA ST AND E PROSPECT ST,,,2,Injury Collision,Rear Ended,3,0,0,2,2004/09/23 00:00:00+00,9/23/2004 11:41:00 PM,Mid-Block (but intersection related),14,"MOTOR VEHICLE STRUCK MOTOR VEHICLE, REAR END",Y,1,Clear,Dry,Dark - Street Lights On,,4267030.0,,14,From same direction - both going straight - one stopped - rear-end,0,0,N