,SEVERITYCODE,X,Y,OBJECTID,INCKEY,COLDETKEY,REPORTNO,STATUS,ADDRTYPE,INTKEY,LOCATION,EXCEPTRSNCODE,EXCEPTRSNDESC,SEVERITYCODE.1,SEVERITYDESC,COLLISIONTYPE,PERSONCOUNT,PEDCOUNT,PEDCYLCOUNT,VEHCOUNT,INCDATE,INCDTTM,JUNCTIONTYPE,SDOT_COLCODE,SDOT_COLDESC,INATTENTIONIND,UNDERINFL,WEATHER,ROADCOND,LIGHTCOND,PEDROWNOTGRNT,SDOTCOLNUM,SPEEDING,ST_COLCODE,ST_COLDESC,SEGLANEKEY,CROSSWALKKEY,HITPARKEDCAR
5133,1,-122.2821353,47.55470845,6221,20612,20612,1771667,Matched,Block,,RAINIER AVE S BETWEEN 39TH S AVE S AND 42ND AVE S,,,1,Property Damage Only Collision,Other,2,0,0,2,2004/04/27 00:00:00+00,4/27/2004 4:58:00 PM,Driveway Junction,11,"MOTOR VEHICLE STRUCK MOTOR VEHICLE, FRONT END AT ANGLE",,0,Overcast,Dry,Daylight,,4118008.0,,22,One car leaving driveway access,0,0,N
5134,1,,,6222,19669,19669,1782213,Matched,Alley,,,,,1,Property Damage Only Collision,Other,1,0,0,1,2004/06/16 00:00:00+00,6/16/2004 4:29:00 PM,Mid-Block (not related to intersection),0,NOT ENOUGH INFORMATION / NOT APPLICABLE,Y,0,Clear,Dry,Daylight,,4168039.0,,50,Fixed object,0,0,N
5135,2,-122.35332279999999,47.64776979,6224,20137,20137,1182148,Matched,Intersection,27047.0,ETRURIA ST AND NICKERSON ST,,,2,Injury Collision,Cycles,2,0,1,1,2004/03/31 00:00:00+00,3/31/2004 1:20:00 PM,At Intersection (intersection related),18,"MOTOR VEHICLE STRUCK PEDALCYCLIST, FRONT END AT ANGLE",,0,Clear,Dry,Daylight,Y,4091001.0,,45,Vehicle - Pedalcyclist,0,0,N
5136,1,-122.3855568,47.66867918,6226,19477,19477,1781065,Matched,Block,,NW MARKET ST BETWEEN LEARY AVE NW AND BALLARD AVE NW,,,1,Property Damage Only Collision,Sideswipe,3,0,0,2,2004/02/24 00:00:00+00,2/24/2004 7:30:00 PM,Mid-Block (not related to intersection),11,"MOTOR VEHICLE STRUCK MOTOR VEHICLE, FRONT END AT ANGLE",,0,Clear,Dry,Dark - Street Lights On,,4055019.0,,11,From same direction - both going straight - both moving - sideswipe,0,0,N
5137,2,-122.2923114,47.73011394,6227,19925,19925,1780508,Matched,Intersection,36007.0,LAKE CITY WAY NE AND NE 140TH ST,,,2,Injury Collision,Left Turn,3,0,0,2,2004/03/20 00:00:00+00,3/20/2004 5:07:00 PM,At Intersection (intersection related),11,"MOTOR VEHICLE STRUCK MOTOR VEHICLE, FRONT END AT ANGLE",,0,Clear,Dry,Daylight,,4080030.0,,28,From opposite direction - one left turn - one straight,0,0,N
5138,2,-122.3307297,47.61544972,6228,19970,19970,1069690,Matched,Intersection,29865.0,BOREN AVE AND OLIVE WAY,,,2,Injury Collision,Angles,3,0,0,2,2004/11/29 00:00:00+00,11/29/2004 9:44:00 PM,At Intersection (intersection related),11,"MOTOR VEHICLE STRUCK MOTOR VEHICLE, FRONT END AT ANGLE",,0,Overcast,Wet,Dark - Street Lights On,,4334031.0,,10,Entering at angle,0,0,N
5139,1,-122.37685379999999,47.51838477,6229,20619,20619,1798051,Matched,Block,,35TH AVE SW BETWEEN SW CAMBRIDGE ST AND SW ROXBURY ST,,,1,Property Damage Only Collision,Other,2,0,0,2,2004/08/13 00:00:00+00,8/13/2004 9:35:00 PM,Mid-Block (but intersection related),11,"MOTOR VEHICLE STRUCK MOTOR VEHICLE, FRONT END AT ANGLE",,0,Clear,Dry,Dusk,,4226037.0,,23,From same direction - all others,0,0,N
5140,1,-122.34693929999999,47.62207249,6230,19369,19369,1213551,Matched,Block,,HARRISON ST BETWEEN 5TH AVE N AND TAYLOR AVE N,,,1,Property Damage Only Collision,Right Turn,2,0,0,2,2004/02/21 00:00:00+00,2/21/2004 6:42:00 PM,Mid-Block (but intersection related),16,"MOTOR VEHICLE STRUCK MOTOR VEHICLE, LEFT SIDE SIDESWIPE",Y,0,Clear,Dry,Dark - Street Lights On,,4052012.0,,16,From same direction - one right turn - one straight,0,0,N
5141,1,-122.3440137,47.70505031,6231,19301,19301,1220134,Matched,Block,,N NORTHGATE WAY BETWEEN AURORA AVE N AND MIDVALE AVE N,,,1,Property Damage Only Collision,Other,2,0,0,2,2004/08/23 00:00:00+00,8/23/2004 6:15:00 PM,Driveway Junction,11,"MOTOR VEHICLE STRUCK MOTOR VEHICLE, FRONT END AT ANGLE",,0,Clear,Dry,Daylight,,4236039.0,,22,One car leaving driveway access,0,0,N
5142,1,-122.3187322,47.6707628,6232,19898,19898,1079786,Matched,Block,,NE 58TH ST BETWEEN 8TH AVE NE AND ROOSEVELT WAY NE,,,1,Property Damage Only Collision,Parked Car,2,0,0,2,2004/11/24 00:00:00+00,11/24/2004 5:30:00 PM,Mid-Block (not related to intersection),11,"MOTOR VEHICLE STRUCK MOTOR VEHICLE, FRONT END AT ANGLE",,0,Unknown,Unknown,Unknown,,4329018.0,,32,One parked--one moving,0,0,N
5143,2,-122.32415959999999,47.60826659,6234,19144,19144,1772395,Matched,Block,,BOREN AVE BETWEEN COLUMBIA ST AND MARION ST,,,2,Injury Collision,Sideswipe,2,0,0,2,2004/05/08 00:00:00+00,5/8/2004,Mid-Block (not related to intersection),16,"MOTOR VEHICLE STRUCK MOTOR VEHICLE, LEFT SIDE SIDESWIPE",,0,Clear,Dry,Dark - Street Lights On,,4129002.0,,11,From same direction - both going straight - both moving - sideswipe,0,0,N
5144,1,-122.34976640000001,47.73231424,6236,20132,20132,1794136,Matched,Block,,N 143RD ST BETWEEN EVANSTON AVE N AND LINDEN AVE N,,,1,Property Damage Only Collision,Parked Car,2,0,0,2,2004/09/26 00:00:00+00,9/26/2004 1:00:00 PM,Mid-Block (not related to intersection),14,"MOTOR VEHICLE STRUCK MOTOR VEHICLE, REAR END",,0,Clear,Dry,Dark - Street Lights On,,4270003.0,,32,One parked--one moving,0,0,N
5145,1,,,6237,20812,20812,1781496,Matched,,,,NEI,"Not Enough Information, or Insufficient Location Information",1,Property Damage Only Collision,Parked Car,2,0,0,2,2004/06/15 00:00:00+00,6/15/2004 4:15:00 PM,Mid-Block (not related to intersection),0,NOT ENOUGH INFORMATION / NOT APPLICABLE,,0,Clear,Dry,Daylight,,4167010.0,,32,One parked--one moving,0,0,N
5146,2,-122.3329091,47.60608786,6240,18713,18713,1186845,Matched,Intersection,29952.0,4TH AVE AND MADISON ST,,,2,Injury Collision,Angles,4,0,0,2,2004/05/02 00:00:00+00,5/2/2004,At Intersection (intersection related),11,"MOTOR VEHICLE STRUCK MOTOR VEHICLE, FRONT END AT ANGLE",,1,Clear,Dry,Dark - Street Lights On,,4123004.0,,10,Entering at angle,0,0,N
5147,2,-122.27532279999998,47.52331186,6241,20180,20180,C649331,Matched,Block,,S HENDERSON ST BETWEEN RENTON AVE S AND 46TH AVE S,,,2,Injury Collision,Sideswipe,2,0,0,2,2004/11/11 00:00:00+00,11/11/2004 1:00:00 PM,Mid-Block (not related to intersection),16,"MOTOR VEHICLE STRUCK MOTOR VEHICLE, LEFT SIDE SIDESWIPE",,0,Clear,Dry,Daylight,,4316041.0,,12,From same direction - both going straight - one stopped - sideswipe,0,0,N
5148,2,-122.29876000000002,47.62516909,6243,19556,19556,1789788,Matched,Intersection,29230.0,26TH AVE E AND E ROY ST,,,2,Injury Collision,Angles,3,0,0,2,2004/06/18 00:00:00+00,6/18/2004 9:30:00 AM,At Intersection (intersection related),11,"MOTOR VEHICLE STRUCK MOTOR VEHICLE, FRONT END AT ANGLE",,0,Clear,Dry,Daylight,,4170020.0,,10,Entering at angle,0,0,N
5149,1,-122.2789885,47.55309183,6245,20125,20125,1779390,Matched,Block,,RAINIER AVE S BETWEEN S BRANDON ST AND S LUCILE ST,,,1,Property Damage Only Collision,Right Turn,2,0,0,2,2004/04/02 00:00:00+00,4/2/2004,Mid-Block (but intersection related),14,"MOTOR VEHICLE STRUCK MOTOR VEHICLE, REAR END",,0,Clear,Dry,Daylight,,4093025.0,Y,16,From same direction - one right turn - one straight,0,0,N
5150,2,-122.2905935,47.55615233,6246,20105,20105,1771416,Matched,Block,,M L KING JR WR WAY S BETWEEN S HUDSON ST AND S DAWSON ST,,,2,Injury Collision,Right Turn,2,0,0,2,2004/05/13 00:00:00+00,5/13/2004 8:20:00 AM,Mid-Block (but intersection related),14,"MOTOR VEHICLE STRUCK MOTOR VEHICLE, REAR END",,0,Clear,Dry,Daylight,,4134004.0,,16,From same direction - one right turn - one straight,0,0,N
5151,1,-122.3573604,47.62458528,6247,20634,20634,1213709,Matched,Block,,W MERCER ST BETWEEN QUEEN ANNE AVE N AND 1ST AVE W,,,1,Property Damage Only Collision,Parked Car,2,0,0,2,2004/05/07 00:00:00+00,5/7/2004,Mid-Block (but intersection related),16,"MOTOR VEHICLE STRUCK MOTOR VEHICLE, LEFT SIDE SIDESWIPE",,0,Raining,Wet,Daylight,,4128012.0,,32,One parked--one moving,0,0,N
5152,1,-122.3119933,47.66126195,6248,19536,19536,1798011,Matched,Intersection,27061.0,15TH AVE NE AND NE 45TH ST,,,1,Property Damage Only Collision,Rear Ended,5,0,0,3,2004/11/24 00:00:00+00,11/24/2004 4:40:00 PM,At Intersection (but not related to intersection),14,"MOTOR VEHICLE STRUCK MOTOR VEHICLE, REAR END",,0,Raining,Wet,Dark - Street Lights Off,,4329021.0,,14,From same direction - both going straight - one stopped - rear-end,0,0,N
5153,1,-122.30734440000002,47.73389063,6249,19603,19603,1746966,Matched,Intersection,36075.0,20TH AVE NE AND NE 145TH ST,,,1,Property Damage Only Collision,Left Turn,5,0,0,2,2004/07/04 00:00:00+00,7/4/2004,At Intersection (intersection related),11,"MOTOR VEHICLE STRUCK MOTOR VEHICLE, FRONT END AT ANGLE",,0,Clear,Dry,Daylight,,4186034.0,,28,From opposite direction - one left turn - one straight,0,0,N
5154,2,-122.28764140000001,47.59629349,6250,19762,19762,1788177,Matched,Block,,LAKESIDE AVE S BETWEEN S LANE ST AND 35TH AVE S,,,2,Injury Collision,Cycles,2,0,1,1,2004/07/02 00:00:00+00,7/2/2004,Driveway Junction,18,"MOTOR VEHICLE STRUCK PEDALCYCLIST, FRONT END AT ANGLE",,0,Overcast,Dry,Daylight,Y,4184003.0,,45,Vehicle - Pedalcyclist,0,0,N
5155,1,-122.3016639,47.58295413,6251,20327,20327,1779364,Matched,Block,,RAINIER AVE S BETWEEN S COLLEGE N ST AND S COLLEGE S ST,,,1,Property Damage Only Collision,Other,1,0,0,1,2004/08/28 00:00:00+00,8/28/2004 3:45:00 AM,Mid-Block (not related to intersection),28,MOTOR VEHICLE RAN OFF ROAD - HIT FIXED OBJECT,,0,Clear,Dry,Dark - Street Lights On,,4241003.0,Y,50,Fixed object,0,0,N
5156,1,-122.33566370000001,47.61394174,6252,20026,20026,C650826,Matched,Block,,7TH AVE BETWEEN OLIVE WAY AND STEWART ST,,,1,Property Damage Only Collision,Parked Car,2,0,0,2,2004/12/20 00:00:00+00,12/20/2004 6:30:00 PM,Mid-Block (not related to intersection),11,"MOTOR VEHICLE STRUCK MOTOR VEHICLE, FRONT END AT ANGLE",,0,Overcast,Dry,Dark - Street Lights On,,4355045.0,,19,One car entering parked position,0,0,N
5157,2,-122.27975590000001,47.53423263,6253,19935,19935,1478891,Matched,Block,,RENTON AVE S BETWEEN S WEBSTER W ST AND 43RD AVE S,,,2,Injury Collision,Other,3,0,0,2,2004/11/21 00:00:00+00,11/21/2004 1:09:00 PM,Driveway Junction,14,"MOTOR VEHICLE STRUCK MOTOR VEHICLE, REAR END",,0,Clear,Dry,Daylight,,4326010.0,,21,One car entering driveway access,0,0,N
5158,1,-122.324354,47.61015809,6254,19217,19217,1798897,Matched,Block,,MINOR AVE BETWEEN MADISON ST AND SPRING ST,,,1,Property Damage Only Collision,Parked Car,2,0,0,2,2004/10/01 00:00:00+00,10/1/2004,Driveway Junction,14,"MOTOR VEHICLE STRUCK MOTOR VEHICLE, REAR END",,0,Clear,Dry,Daylight,,4275023.0,,32,One parked--one moving,0,0,N
5159,2,-122.31953929999999,47.6199172,6255,20219,20219,1217105,Matched,Intersection,29053.0,10TH AVE E AND E JOHN ST,,,2,Injury Collision,Angles,2,0,0,2,2004/07/28 00:00:00+00,7/28/2004 5:53:00 PM,At Intersection (intersection related),11,"MOTOR VEHICLE STRUCK MOTOR VEHICLE, FRONT END AT ANGLE",,0,Clear,Dry,Daylight,,4210011.0,,10,Entering at angle,0,0,N
5160,1,-122.2947425,47.54439165,6256,20141,20141,1779632,Matched,Intersection,34298.0,SHAFFER AVE S AND S MORGAN ST,,,1,Property Damage Only Collision,Angles,3,0,0,2,2004/07/15 00:00:00+00,7/15/2004 4:34:00 PM,At Intersection (intersection related),11,"MOTOR VEHICLE STRUCK MOTOR VEHICLE, FRONT END AT ANGLE",,0,Clear,Dry,Daylight,,4197018.0,,10,Entering at angle,0,0,N
5161,1,-122.30414009999998,47.55883751,6257,19407,19407,1771942,Matched,Block,,BEACON ER AVE S BETWEEN S COLUMBIAN WAY AND S FERDINAND N ST,,,1,Property Damage Only Collision,Sideswipe,4,0,0,2,2004/05/19 00:00:00+00,5/19/2004 3:13:00 PM,Mid-Block (not related to intersection),16,"MOTOR VEHICLE STRUCK MOTOR VEHICLE, LEFT SIDE SIDESWIPE",,0,Clear,Dry,Daylight,,4140024.0,,11,From same direction - both going straight - both moving - sideswipe,0,0,N
5162,2,-122.3009865,47.70943604,6259,20267,20267,1476110,Matched,Block,,LAKE CITY WAY NE BETWEEN NE 110TH ST AND NE NORTHGATE WAY,,,2,Injury Collision,Parked Car,4,0,0,4,2004/05/28 00:00:00+00,5/28/2004 4:32:00 PM,Mid-Block (not related to intersection),28,MOTOR VEHICLE RAN OFF ROAD - HIT FIXED OBJECT,Y,0,Clear,Dry,Daylight,,4149011.0,,32,One parked--one moving,0,0,N
5163,1,-122.33427920000001,47.62316241,6260,20481,20481,1316879,Matched,Intersection,28769.0,FAIRVIEW AVE N AND REPUBLICAN ST,,,1,Property Damage Only Collision,Angles,5,0,0,2,2004/04/16 00:00:00+00,4/16/2004 10:38:00 AM,At Intersection (intersection related),11,"MOTOR VEHICLE STRUCK MOTOR VEHICLE, FRONT END AT ANGLE",,0,Raining,Wet,Dusk,,4107028.0,,10,Entering at angle,0,0,N
5164,1,-122.3024996,47.6202073,6262,19298,19298,1217768,Matched,Intersection,29380.0,23RD AVE E AND E JOHN ST,,,1,Property Damage Only Collision,Angles,2,0,0,2,2004/06/03 00:00:00+00,6/3/2004,At Intersection (intersection related),11,"MOTOR VEHICLE STRUCK MOTOR VEHICLE, FRONT END AT ANGLE",,0,Clear,Dry,Daylight,,4155025.0,,10,Entering at angle,0,0,N
5165,1,-122.31348290000001,47.55234567,6263,20045,20045,1074785,Matched,Block,,15TH AVE S BETWEEN S LUCILE ST AND S ORCAS ST,,,1,Property Damage Only Collision,Rear Ended,2,0,0,2,2004/01/21 00:00:00+00,1/21/2004 2:38:00 PM,Mid-Block (but intersection related),14,"MOTOR VEHICLE STRUCK MOTOR VEHICLE, REAR END",,0,Clear,Dry,Daylight,,4021021.0,,14,From same direction - both going straight - one stopped - rear-end,0,0,N
5166,1,-122.2950297,47.68987055,6264,20730,20730,1782193,Matched,Block,,31ST AVE NE BETWEEN NE 84TH ST AND NE 85TH ST,,,1,Property Damage Only Collision,Parked Car,2,0,0,2,2004/08/15 00:00:00+00,8/15/2004 12:00:00 PM,Mid-Block (not related to intersection),14,"MOTOR VEHICLE STRUCK MOTOR VEHICLE, REAR END",,0,Unknown,Unknown,Unknown,,4228022.0,,32,One parked--one moving,0,0,N
5167,2,-122.3394075,47.57642438,6267,20135,20135,1182042,Matched,Block,,ALASKAN WY VI SB BETWEEN S LANDER ST AND ALASKAN WY VI SB WSB WB OFF RP,,,2,Injury Collision,Rear Ended,2,0,0,2,2004/05/19 00:00:00+00,5/19/2004 8:25:00 AM,Mid-Block (not related to intersection),14,"MOTOR VEHICLE STRUCK MOTOR VEHICLE, REAR END",,0,Clear,Dry,Daylight,,4140015.0,Y,13,From same direction - both going straight - both moving - rear-end,0,0,N
5168,1,-122.3237396,47.60696420000001,6270,19466,19466,1788648,Matched,Block,,CHERRY ST BETWEEN TERRY AVE AND BOREN AVE,,,1,Property Damage Only Collision,Parked Car,3,0,0,2,2004/02/22 00:00:00+00,2/22/2004 12:35:00 PM,Mid-Block (not related to intersection),14,"MOTOR VEHICLE STRUCK MOTOR VEHICLE, REAR END",Y,0,Clear,Dry,Daylight,,4053015.0,,32,One parked--one moving,0,0,N
5169,1,-122.3206303,47.53865045,6271,20068,20068,1795695,Matched,Intersection,34195.0,ELLIS AVE S AND EAST MARGINAL WAY S,,,1,Property Damage Only Collision,Angles,3,0,0,2,2004/10/15 00:00:00+00,10/15/2004 3:37:00 PM,At Intersection (intersection related),16,"MOTOR VEHICLE STRUCK MOTOR VEHICLE, LEFT SIDE SIDESWIPE",,0,Clear,Dry,Daylight,,4289010.0,,10,Entering at angle,0,0,N
5170,1,-122.3256433,47.66134675,6272,20791,20791,1773880,Matched,Block,,NE 45TH ST BETWEEN THACKERAY PL NE AND LATONA AVE NE,,,1,Property Damage Only Collision,Rear Ended,2,0,0,2,2004/01/09 00:00:00+00,1/9/2004,Mid-Block (but intersection related),14,"MOTOR VEHICLE STRUCK MOTOR VEHICLE, REAR END",Y,0,Overcast,Wet,Daylight,,4009033.0,,14,From same direction - both going straight - one stopped - rear-end,0,0,N
5171,1,-122.37092120000001,47.69063443,6273,19618,19618,1782042,Matched,Block,,NW 85TH ST BETWEEN 11TH AVE NW AND 12TH AVE NW,,,1,Property Damage Only Collision,Other,3,0,0,3,2004/04/22 00:00:00+00,4/22/2004 2:05:00 AM,Mid-Block (not related to intersection),28,MOTOR VEHICLE RAN OFF ROAD - HIT FIXED OBJECT,,0,Clear,Dry,Dark - Street Lights On,,4113014.0,,50,Fixed object,0,0,N
5172,2,-122.3683231,47.69064552,6274,19582,19582,1774202,Matched,Intersection,37272.0,9TH AVE NW AND NW 85TH ST,,,2,Injury Collision,Left Turn,2,0,0,2,2004/10/04 00:00:00+00,10/4/2004,At Intersection (intersection related),11,"MOTOR VEHICLE STRUCK MOTOR VEHICLE, FRONT END AT ANGLE",,0,Fog/Smog/Smoke,Wet,Daylight,,4278007.0,,15,From same direction - one left turn - one straight,0,0,N
5173,1,-122.26859099999999,47.55113344,6275,20042,20042,1784209,Matched,Block,,S ORCAS ST BETWEEN 51ST AVE S AND 52ND AVE S,,,1,Property Damage Only Collision,Parked Car,2,0,0,2,2004/10/15 00:00:00+00,10/15/2004 12:47:00 PM,Mid-Block (not related to intersection),15,"MOTOR VEHICLE STRUCK MOTOR VEHICLE, RIGHT SIDE SIDESWIPE",Y,0,Clear,Dry,Daylight,,4289024.0,,32,One parked--one moving,0,0,N
5174,2,-122.33277759999999,47.60762288,6277,19282,19282,1321789,Matched,Block,,5TH AVE BETWEEN SPRING ST AND SENECA ST,,,2,Injury Collision,Rear Ended,4,0,0,3,2004/08/22 00:00:00+00,8/22/2004 4:00:00 PM,Driveway Junction,14,"MOTOR VEHICLE STRUCK MOTOR VEHICLE, REAR END",Y,0,Overcast,Dry,Daylight,,4235005.0,,13,From same direction - both going straight - both moving - rear-end,0,0,N
5175,1,,,6279,19989,19989,1482219,Matched,Block,,ALASKAN WY VI SB BETWEEN ELLIOTT AV ON RP AND COLUMBIA ST ON RP,,,1,Property Damage Only Collision,Other,2,0,0,2,2004/05/18 00:00:00+00,5/18/2004 9:50:00 AM,Mid-Block (not related to intersection),14,"MOTOR VEHICLE STRUCK MOTOR VEHICLE, REAR END",,0,Clear,Dry,Daylight,,4139022.0,,23,From same direction - all others,0,0,N
5176,1,-122.3659125,47.517363200000005,6280,20641,20641,1798416,Matched,Intersection,34902.0,26TH AVE SW AND SW ROXBURY ST,,,1,Property Damage Only Collision,Left Turn,4,0,0,3,2004/12/16 00:00:00+00,12/16/2004 7:00:00 PM,At Intersection (intersection related),11,"MOTOR VEHICLE STRUCK MOTOR VEHICLE, FRONT END AT ANGLE",,0,Overcast,Wet,Dusk,,4351018.0,,28,From opposite direction - one left turn - one straight,0,0,N
5177,2,,,6283,20250,20250,1785087,Matched,Block,,BATTERY ST TUNNEL SB BETWEEN AURORA AVE N AND ALASKAN WY VI SB,,,2,Injury Collision,Rear Ended,4,0,0,2,2004/10/07 00:00:00+00,10/7/2004,Mid-Block (not related to intersection),14,"MOTOR VEHICLE STRUCK MOTOR VEHICLE, REAR END",,0,Clear,Dry,Dark - Street Lights On,,4281014.0,,14,From same direction - both going straight - one stopped - rear-end,0,0,N
5178,2,-122.3141443,47.62310618,6284,20172,20172,1772531,Matched,Block,,E REPUBLICAN ST BETWEEN 14TH AVE E AND MALDEN AVE E,,,2,Injury Collision,Other,2,0,0,2,2004/05/19 00:00:00+00,5/19/2004 4:40:00 AM,Mid-Block (not related to intersection),28,MOTOR VEHICLE RAN OFF ROAD - HIT FIXED OBJECT,,0,Overcast,Dry,Dark - Street Lights On,,4140001.0,Y,50,Fixed object,0,0,N
5179,2,-122.27035349999998,47.53730025,6285,19942,19942,1779595,Matched,Block,,RAINIER AVE S BETWEEN S GARDEN ST AND S OTHELLO ST,,,2,Injury Collision,Other,3,0,0,2,2004/03/13 00:00:00+00,3/13/2004 1:02:00 PM,Mid-Block (but intersection related),11,"MOTOR VEHICLE STRUCK MOTOR VEHICLE, FRONT END AT ANGLE",,0,Clear,Dry,Daylight,,4073011.0,,23,From same direction - all others,0,0,N
5180,1,-122.3885505,47.53903951,6286,19653,19653,1774862,Matched,Block,,44TH AVE SW BETWEEN SW MYRTLE ST AND SW OTHELLO W ST,,,1,Property Damage Only Collision,Parked Car,2,0,0,2,2004/02/19 00:00:00+00,2/19/2004 12:38:00 AM,Mid-Block (not related to intersection),13,"MOTOR VEHICLE STRUCK MOTOR VEHICLE, LEFT SIDE AT ANGLE",,0,Clear,Dry,Dark - Street Lights On,,4050006.0,,32,One parked--one moving,0,0,N
5181,1,-122.3485676,47.69129942,6287,20176,20176,1794708,Matched,Block,,N 86TH ST BETWEEN FREMONT AVE N AND LINDEN AVE N,,,1,Property Damage Only Collision,Parked Car,2,0,0,2,2004/11/08 00:00:00+00,11/8/2004,Mid-Block (not related to intersection),16,"MOTOR VEHICLE STRUCK MOTOR VEHICLE, LEFT SIDE SIDESWIPE",,0,Clear,Unknown,Dark - Street Lights On,,4313022.0,,32,One parked--one moving,0,0,N
5182,1,-122.37425049999999,47.631722700000005,6288,19710,19710,1777809_1,Matched,Block,,W GALER ST FLYOVER BETWEEN ELLIOTT AVE W AND MAGNOLIA BR WB,,,1,Property Damage Only Collision,Other,2,0,0,2,2004/01/02 00:00:00+00,1/2/2004,Mid-Block (not related to intersection),14,"MOTOR VEHICLE STRUCK MOTOR VEHICLE, REAR END",,0,Overcast,Ice,Daylight,,4002018.0,Y,23,From same direction - all others,0,0,N
5183,1,-122.3290919,47.60275157,6290,20307,20307,1784658,Matched,Block,,JEFFERSON ST BETWEEN 4TH AVE AND 5TH AVE,,,1,Property Damage Only Collision,Other,2,0,0,1,2004/11/08 00:00:00+00,11/8/2004,Mid-Block (not related to intersection),28,MOTOR VEHICLE RAN OFF ROAD - HIT FIXED OBJECT,Y,0,Overcast,Dry,Daylight,,4313018.0,,50,Fixed object,0,0,N
5184,2,-122.34350239999999,47.65408965,6292,20343,20343,C649385,Matched,Intersection,26864.0,BRIDGE WAY N AND N 39TH E ST,,,2,Injury Collision,Angles,2,0,0,2,2004/09/22 00:00:00+00,9/22/2004 1:00:00 PM,At Intersection (intersection related),11,"MOTOR VEHICLE STRUCK MOTOR VEHICLE, FRONT END AT ANGLE",,0,Unknown,Unknown,Daylight,,4266060.0,,10,Entering at angle,0,0,N
5185,1,-122.32637209999999,47.59625814,6293,19382,19382,1213776,Matched,Block,,6TH AVE S BETWEEN S LANE ST AND S DEARBORN ST,,,1,Property Damage Only Collision,Parked Car,2,0,0,2,2004/04/03 00:00:00+00,4/3/2004,Mid-Block (not related to intersection),16,"MOTOR VEHICLE STRUCK MOTOR VEHICLE, LEFT SIDE SIDESWIPE",,0,Unknown,Unknown,Unknown,,4094029.0,,32,One parked--one moving,0,0,N
5186,1,-122.3418655,47.73413095,6294,19309,19309,1944406,Matched,Block,,N 145TH ST BETWEEN STONE AVE N AND INTERLAKE AVE N,,,1,Property Damage Only Collision,Rear Ended,2,0,0,2,2004/10/04 00:00:00+00,10/4/2004,Mid-Block (not related to intersection),14,"MOTOR VEHICLE STRUCK MOTOR VEHICLE, REAR END",,0,Clear,Dry,Daylight,,4278032.0,Y,14,From same direction - both going straight - one stopped - rear-end,0,0,N
5187,1,-122.35276759999999,47.62757667,6295,19760,19760,1316825,Matched,Block,,2ND AVE N BETWEEN ALOHA ST AND WARD ST,,,1,Property Damage Only Collision,Parked Car,2,0,0,2,2004/02/10 00:00:00+00,2/10/2004 11:00:00 AM,Mid-Block (not related to intersection),13,"MOTOR VEHICLE STRUCK MOTOR VEHICLE, LEFT SIDE AT ANGLE",Y,0,Unknown,Unknown,Unknown,,4041013.0,,32,One parked--one moving,0,0,N
5188,1,-122.3407057,47.62863028,6296,19196,19196,1478439,Matched,Intersection,28726.0,8TH AVE N AND WESTLAKE S AVE N,,,1,Property Damage Only Collision,Left Turn,2,0,0,2,2004/06/23 00:00:00+00,6/23/2004 9:18:00 AM,At Intersection (intersection related),11,"MOTOR VEHICLE STRUCK MOTOR VEHICLE, FRONT END AT ANGLE",,0,Clear,Dry,Daylight,,4175026.0,,28,From opposite direction - one left turn - one straight,0,0,N
5189,1,-122.36253640000001,47.53741314,6297,19981,19981,1781509,Matched,Intersection,33969.0,SYLVAN WAY SW AND SW ORCHARD ST,,,1,Property Damage Only Collision,Other,3,0,0,2,2004/10/11 00:00:00+00,10/11/2004 6:57:00 PM,At Intersection (intersection related),11,"MOTOR VEHICLE STRUCK MOTOR VEHICLE, FRONT END AT ANGLE",,0,Clear,Dry,Dark - Street Lights On,,4285026.0,,23,From same direction - all others,0,0,N
5190,1,-122.31820619999999,47.61817357,6298,20647,20647,1181097,Matched,Block,,11TH AVE BETWEEN E HOWELL ST AND E DENNY WAY,,,1,Property Damage Only Collision,Parked Car,2,0,0,2,2004/02/29 00:00:00+00,2/29/2004 1:16:00 PM,Mid-Block (not related to intersection),13,"MOTOR VEHICLE STRUCK MOTOR VEHICLE, LEFT SIDE AT ANGLE",Y,0,Clear,Dry,Daylight,,4060018.0,,19,One car entering parked position,0,0,N
5191,1,-122.37064240000001,47.57167481,6300,19175,19175,766280,Matched,Block,,HARBOR AVE SW BETWEEN SW SPOKANE NR ST AND SW AVALON WAY,,,1,Property Damage Only Collision,Parked Car,0,0,0,2,2004/07/26 00:00:00+00,7/26/2004 7:20:00 PM,Mid-Block (not related to intersection),14,"MOTOR VEHICLE STRUCK MOTOR VEHICLE, REAR END",,0,Clear,Dry,Daylight,,4208034.0,,32,One parked--one moving,0,0,N
5192,1,-122.3290514,47.58822701,6302,19513,19513,1213559,Matched,Intersection,31341.0,4TH AVE S AND S MASSACHUSETTS ST,,,1,Property Damage Only Collision,Angles,2,0,0,2,2004/04/21 00:00:00+00,4/21/2004 6:10:00 PM,At Intersection (intersection related),11,"MOTOR VEHICLE STRUCK MOTOR VEHICLE, FRONT END AT ANGLE",,0,Unknown,Unknown,Unknown,,4112029.0,,10,Entering at angle,0,0,N
5193,2,-122.3329999,47.62311601,6303,18712,18712,1186596,Matched,Intersection,29134.0,MINOR AVE N AND REPUBLICAN ST,,,2,Injury Collision,Angles,3,0,0,2,2004/07/17 00:00:00+00,7/17/2004 10:31:00 AM,At Intersection (intersection related),11,"MOTOR VEHICLE STRUCK MOTOR VEHICLE, FRONT END AT ANGLE",,0,Clear,Dry,Daylight,,4199027.0,,10,Entering at angle,0,0,N