,SEVERITYCODE,X,Y,OBJECTID,INCKEY,COLDETKEY,REPORTNO,STATUS,ADDRTYPE,INTKEY,LOCATION,EXCEPTRSNCODE,EXCEPTRSNDESC,SEVERITYCODE.1,SEVERITYDESC,COLLISIONTYPE,PERSONCOUNT,PEDCOUNT,PEDCYLCOUNT,VEHCOUNT,INCDATE,INCDTTM,JUNCTIONTYPE,SDOT_COLCODE,SDOT_COLDESC,INATTENTIONIND,UNDERINFL,WEATHER,ROADCOND,LIGHTCOND,PEDROWNOTGRNT,SDOTCOLNUM,SPEEDING,ST_COLCODE,ST_COLDESC,SEGLANEKEY,CROSSWALKKEY,HITPARKEDCAR
5194,2,-122.38404170000001,47.65583469,6311,19453,19453,1482785,Matched,Block,,W EMERSON PL BETWEEN 21ST AVE W AND 22ND AVE W,,,2,Injury Collision,Rear Ended,2,0,0,2,2004/09/09 00:00:00+00,9/9/2004,Mid-Block (not related to intersection),14,"MOTOR VEHICLE STRUCK MOTOR VEHICLE, REAR END",,0,Clear,Dry,Daylight,,4253026.0,,13,From same direction - both going straight - both moving - rear-end,0,0,N
5195,1,-122.3172263,47.59960318,6312,20057,20057,1787218,Matched,Block,,12TH AVE S BETWEEN S MAIN ST AND S JACKSON ST,,,1,Property Damage Only Collision,Sideswipe,2,0,0,2,2004/01/21 00:00:00+00,1/21/2004 10:33:00 AM,Mid-Block (but intersection related),16,"MOTOR VEHICLE STRUCK MOTOR VEHICLE, LEFT SIDE SIDESWIPE",,0,Clear,Dry,Daylight,,4021022.0,,12,From same direction - both going straight - one stopped - sideswipe,0,0,N
5196,2,-122.2753396,47.53706312,6313,20746,20746,1784201,Matched,Intersection,34472.0,46TH AVE S AND S OTHELLO ST,,,2,Injury Collision,Angles,2,0,0,2,2004/10/06 00:00:00+00,10/6/2004,At Intersection (intersection related),11,"MOTOR VEHICLE STRUCK MOTOR VEHICLE, FRONT END AT ANGLE",,0,Clear,Dry,Dark - Street Lights On,,4280009.0,,10,Entering at angle,0,0,N
5197,1,-122.324804,47.62594379,6314,19876,19876,1789661,Matched,Block,,BELMONT AVE E BETWEEN BELMONT PL E AND SUMMIT S AVE E,,,1,Property Damage Only Collision,Other,1,0,0,1,2004/01/30 00:00:00+00,1/30/2004 4:21:00 AM,Mid-Block (not related to intersection),28,MOTOR VEHICLE RAN OFF ROAD - HIT FIXED OBJECT,,1,Overcast,Wet,Dark - Street Lights On,,4030010.0,Y,50,Fixed object,0,0,N
5198,1,-122.3660187,47.67865857,6315,19784,19784,1778469,Matched,Block,,8TH AVE NW BETWEEN NW 67TH ST AND NW 70TH ST,,,1,Property Damage Only Collision,Parked Car,2,0,0,2,2004/01/07 00:00:00+00,1/7/2004,Mid-Block (not related to intersection),13,"MOTOR VEHICLE STRUCK MOTOR VEHICLE, LEFT SIDE AT ANGLE",,0,Raining,Wet,Dark - Street Lights On,,4007006.0,,32,One parked--one moving,0,0,N
5199,1,-122.2699832,47.52617082,6316,19506,19506,1771287,Matched,Intersection,35427.0,RAINIER AVE S AND S CLOVERDALE ST,,,1,Property Damage Only Collision,Left Turn,3,0,0,2,2004/01/30 00:00:00+00,1/30/2004 8:51:00 AM,At Intersection (intersection related),11,"MOTOR VEHICLE STRUCK MOTOR VEHICLE, FRONT END AT ANGLE",,0,Clear,Dry,Daylight,,4030035.0,,28,From opposite direction - one left turn - one straight,0,0,N
5200,2,-122.28899569999999,47.56704703,6317,19804,19804,1779556,Matched,Block,,RAINIER AVE S BETWEEN S ANDOVER ST AND S DAKOTA ST,,,2,Injury Collision,Rear Ended,2,0,0,2,2004/02/17 00:00:00+00,2/17/2004 1:45:00 PM,Mid-Block (but intersection related),14,"MOTOR VEHICLE STRUCK MOTOR VEHICLE, REAR END",Y,0,Raining,Wet,Daylight,,4048022.0,,14,From same direction - both going straight - one stopped - rear-end,0,0,N
5201,2,-122.3192088,47.70856922,6318,20001,20001,1774023,Matched,Block,,NE NORTHGATE WAY BETWEEN 8TH AVE NE AND ROOSEVELT WAY NE,,,2,Injury Collision,Rear Ended,2,0,0,2,2004/03/27 00:00:00+00,3/27/2004 8:31:00 PM,Mid-Block (but intersection related),14,"MOTOR VEHICLE STRUCK MOTOR VEHICLE, REAR END",,0,Raining,Wet,Dark - Street Lights On,,4087007.0,,14,From same direction - both going straight - one stopped - rear-end,0,0,N
5202,1,-122.359132,47.52377979999999,6319,19265,19265,1775458,Matched,Block,,20TH AVE SW BETWEEN SW TRENTON ST AND SW HENDERSON ST,,,1,Property Damage Only Collision,Parked Car,3,0,0,3,2004/03/02 00:00:00+00,3/2/2004,Mid-Block (not related to intersection),16,"MOTOR VEHICLE STRUCK MOTOR VEHICLE, LEFT SIDE SIDESWIPE",,1,Clear,Dry,Dark - Street Lights On,,4062014.0,,32,One parked--one moving,0,0,N
5203,2,-122.31551979999999,47.65834246,6321,19965,19965,1794042,Matched,Intersection,27088.0,12TH AVE NE AND NE 42ND ST,,,2,Injury Collision,Angles,4,0,0,2,2004/07/29 00:00:00+00,7/29/2004 3:39:00 PM,At Intersection (intersection related),11,"MOTOR VEHICLE STRUCK MOTOR VEHICLE, FRONT END AT ANGLE",,0,Clear,Dry,Daylight,,4211005.0,,10,Entering at angle,0,0,N
5204,2,-122.32211090000001,47.6140662,6322,20628,20628,1772408,Matched,Intersection,29744.0,HARVARD AVE AND E PIKE ST,,,2,Injury Collision,Cycles,2,0,1,1,2004/10/14 00:00:00+00,10/14/2004 7:00:00 PM,At Intersection (intersection related),18,"MOTOR VEHICLE STRUCK PEDALCYCLIST, FRONT END AT ANGLE",,0,Clear,Dry,Dark - Street Lights On,Y,4288023.0,,45,Vehicle - Pedalcyclist,0,0,N
5205,1,-122.3067051,47.56640458,6324,19303,19303,1776553,Matched,Block,,BEACON WR N AVE S BETWEEN BEACON AVE S AND BEACON ER S AVE S,,,1,Property Damage Only Collision,Parked Car,2,0,0,2,2004/08/09 00:00:00+00,8/9/2004,Mid-Block (not related to intersection),13,"MOTOR VEHICLE STRUCK MOTOR VEHICLE, LEFT SIDE AT ANGLE",,0,Clear,Dry,Daylight,,4222002.0,,32,One parked--one moving,0,0,N
5206,1,-122.2807504,47.56411195,6325,19749,19749,1783917,Matched,Intersection,32587.0,42ND AVE S AND S GENESEE ST,,,1,Property Damage Only Collision,Rear Ended,2,0,0,2,2004/11/27 00:00:00+00,11/27/2004 7:05:00 PM,At Intersection (intersection related),14,"MOTOR VEHICLE STRUCK MOTOR VEHICLE, REAR END",,0,Clear,Dry,Dark - Street Lights On,,4332020.0,,14,From same direction - both going straight - one stopped - rear-end,0,0,N
5207,1,-122.28771129999998,47.52700244,6326,20441,20441,1783916,Matched,Block,,BEACON ER AVE S BETWEEN S THISTLE ST AND S CLOVERDALE ST,,,1,Property Damage Only Collision,Parked Car,3,0,0,2,2004/11/25 00:00:00+00,11/25/2004 5:53:00 PM,Mid-Block (not related to intersection),11,"MOTOR VEHICLE STRUCK MOTOR VEHICLE, FRONT END AT ANGLE",Y,0,Overcast,Dry,Dark - Street Lights On,,4330032.0,,20,One car leaving parked position,0,0,N
5208,1,-122.3861674,47.55932199,6327,19578,19578,1798561,Matched,Block,,SW EDMUNDS ST BETWEEN 42ND AVE SW AND CALIFORNIA AVE SW,,,1,Property Damage Only Collision,Sideswipe,2,0,0,2,2004/09/24 00:00:00+00,9/24/2004 5:20:00 PM,Mid-Block (but intersection related),16,"MOTOR VEHICLE STRUCK MOTOR VEHICLE, LEFT SIDE SIDESWIPE",,0,Clear,Dry,Daylight,,4268033.0,Y,27,From opposite direction - both going straight - one stopped - sideswipe,0,0,N
5209,1,-122.27975590000001,47.53423263,6328,19356,19356,1771568,Matched,Block,,RENTON AVE S BETWEEN S WEBSTER W ST AND 43RD AVE S,,,1,Property Damage Only Collision,Parked Car,2,0,0,2,2004/12/09 00:00:00+00,12/9/2004,Mid-Block (not related to intersection),16,"MOTOR VEHICLE STRUCK MOTOR VEHICLE, LEFT SIDE SIDESWIPE",Y,0,Clear,Wet,Dark - Street Lights On,,4344049.0,,32,One parked--one moving,0,0,N
5210,1,-122.35483729999999,47.54832347,6329,19949,19949,1790337,Matched,Block,,16TH AVE SW BETWEEN SW FINDLAY ST AND SW MORGAN ST,,,1,Property Damage Only Collision,Other,2,0,0,2,2004/07/21 00:00:00+00,7/21/2004 7:26:00 AM,Driveway Junction,16,"MOTOR VEHICLE STRUCK MOTOR VEHICLE, LEFT SIDE SIDESWIPE",Y,0,Clear,Dry,Daylight,,4203006.0,,23,From same direction - all others,0,0,N
5211,2,-122.3276841,47.60199234,6330,19844,19844,1069851,Matched,Block,,5TH AVE BETWEEN 5TH AVE S AND TERRACE ST,,,2,Injury Collision,Parked Car,4,0,0,4,2004/10/18 00:00:00+00,10/18/2004 9:19:00 PM,Mid-Block (not related to intersection),14,"MOTOR VEHICLE STRUCK MOTOR VEHICLE, REAR END",,1,Raining,Wet,Dark - Street Lights On,,4292006.0,,32,One parked--one moving,0,0,N
5212,1,-122.28718070000001,47.52788264,6331,19397,19397,1773028,Matched,Block,,S THISTLE ST BETWEEN BEACON ER AVE S AND 36TH AVE S,,,1,Property Damage Only Collision,Parked Car,2,0,0,2,2004/05/19 00:00:00+00,5/19/2004 4:15:00 AM,Driveway Junction,28,MOTOR VEHICLE RAN OFF ROAD - HIT FIXED OBJECT,,0,Clear,Dry,Dark - Street Lights On,,4140032.0,,32,One parked--one moving,0,0,N
5213,1,-122.38277509999999,47.66663714,6332,19324,19324,1080142,Matched,Block,,NW VERNON PL BETWEEN LEARY AVE NW AND BALLARD AVE NW,,,1,Property Damage Only Collision,Parked Car,2,0,0,2,2004/10/19 00:00:00+00,10/19/2004 12:40:00 PM,Mid-Block (not related to intersection),11,"MOTOR VEHICLE STRUCK MOTOR VEHICLE, FRONT END AT ANGLE",,0,Raining,Wet,Daylight,,4293018.0,,32,One parked--one moving,0,0,N
5214,2,-122.3016125,47.70312332,6333,20066,20066,1780502,Matched,Block,,LAKE CITY WAY NE BETWEEN FISCHER PL NE AND NE 104TH WAY,,,2,Injury Collision,Other,2,0,0,2,2004/02/01 00:00:00+00,2/1/2004,Driveway Junction,11,"MOTOR VEHICLE STRUCK MOTOR VEHICLE, FRONT END AT ANGLE",,0,Clear,Dry,Daylight,,4032018.0,,21,One car entering driveway access,0,0,N
5215,1,-122.38730679999999,47.53641189,6334,20622,20622,1481917,Matched,Block,,CALIFORNIA AVE SW BETWEEN SW FONTANELLE ST AND SW WEBSTER ST,,,1,Property Damage Only Collision,Parked Car,2,0,0,2,2004/03/05 00:00:00+00,3/5/2004,Mid-Block (not related to intersection),13,"MOTOR VEHICLE STRUCK MOTOR VEHICLE, LEFT SIDE AT ANGLE",Y,0,Clear,Dry,Daylight,,4065015.0,,32,One parked--one moving,0,0,N
5216,2,-122.3471456,47.53523508,6335,19362,19362,1781530,Matched,Block,,HIGHLAND PARK WAY SW BETWEEN SW OTHELLO ST AND SW HOLDEN N ST,,,2,Injury Collision,Cycles,2,0,1,1,2004/02/19 00:00:00+00,2/19/2004 4:10:00 PM,Mid-Block (not related to intersection),21,"MOTOR VEHICLE STRUCK PEDALCYCLIST, REAR END",,0,Clear,Dry,Daylight,Y,4050001.0,,45,Vehicle - Pedalcyclist,0,0,N
5217,1,-122.356651,47.70364225,6336,19291,19291,1778785,Matched,Block,,N 103RD ST BETWEEN 1ST AVE NW AND GREENWOOD AVE N,,,1,Property Damage Only Collision,Other,2,0,0,2,2004/05/07 00:00:00+00,5/7/2004,Driveway Junction,11,"MOTOR VEHICLE STRUCK MOTOR VEHICLE, FRONT END AT ANGLE",,0,Overcast,Wet,Daylight,,4128026.0,,22,One car leaving driveway access,0,0,N
5218,2,-122.3766367,47.52828518,6337,19895,19895,1795183,Matched,Intersection,34685.0,35TH AVE SW AND SW THISTLE ST,,,2,Injury Collision,Rear Ended,2,0,0,2,2004/12/09 00:00:00+00,12/9/2004,At Intersection (intersection related),14,"MOTOR VEHICLE STRUCK MOTOR VEHICLE, REAR END",,0,Raining,Wet,Dark - Street Lights On,,4344023.0,,13,From same direction - both going straight - both moving - rear-end,0,0,N
5219,2,-122.3443962,47.64032507,6338,20163,20163,1482439,Matched,Intersection,28005.0,6TH AVE N AND DEXTER AVE N,,,2,Injury Collision,Left Turn,2,0,0,2,2004/05/17 00:00:00+00,5/17/2004 4:49:00 PM,At Intersection (intersection related),11,"MOTOR VEHICLE STRUCK MOTOR VEHICLE, FRONT END AT ANGLE",,0,Clear,Dry,Daylight,,4138011.0,,28,From opposite direction - one left turn - one straight,0,0,N
5220,1,-122.3127118,47.73121152,6340,19811,19811,1774263,Matched,Block,,15TH AVE NE BETWEEN NE 140TH ST AND NE 143RD ST,,,1,Property Damage Only Collision,Other,2,0,0,2,2004/07/30 00:00:00+00,7/30/2004 6:07:00 PM,Driveway Junction,11,"MOTOR VEHICLE STRUCK MOTOR VEHICLE, FRONT END AT ANGLE",,0,Clear,Dry,Daylight,,4212032.0,,22,One car leaving driveway access,0,0,N
5221,1,-122.29810320000001,47.58661482,6341,19833,19833,1771732,Matched,Block,,M L KING JR WAY S BETWEEN S GRAND ST AND S HOLGATE ST,,,1,Property Damage Only Collision,Parked Car,2,0,0,2,2004/08/11 00:00:00+00,8/11/2004 12:51:00 AM,Mid-Block (not related to intersection),16,"MOTOR VEHICLE STRUCK MOTOR VEHICLE, LEFT SIDE SIDESWIPE",,0,Clear,Dry,Dark - Street Lights On,,4224006.0,,32,One parked--one moving,0,0,N
5222,2,-122.31276489999999,47.68710271,6342,20638,20638,1774269,Matched,Block,,LAKE CITY WAY NE BETWEEN NE 80TH ST AND 15TH AVE NE,,,2,Injury Collision,Rear Ended,3,0,0,2,2004/09/10 00:00:00+00,9/10/2004 11:30:00 PM,Mid-Block (but intersection related),14,"MOTOR VEHICLE STRUCK MOTOR VEHICLE, REAR END",,0,Raining,Wet,Dark - Street Lights On,,4254010.0,,14,From same direction - both going straight - one stopped - rear-end,0,0,N
5223,2,-122.279315,47.522918,6343,19245,19245,1856388,Matched,Block,,M L KING JR WR WAY S BETWEEN S HENDERSON ST AND S FAIRBANKS ST,,,2,Injury Collision,Other,3,0,0,2,2004/06/03 00:00:00+00,6/3/2004,Mid-Block (not related to intersection),11,"MOTOR VEHICLE STRUCK MOTOR VEHICLE, FRONT END AT ANGLE",,0,Clear,Dry,Daylight,,4155009.0,Y,50,Fixed object,0,0,N
5224,1,,,6346,19877,19877,1780087,Matched,,,,NEI,"Not Enough Information, or Insufficient Location Information",1,Property Damage Only Collision,Parked Car,2,0,0,2,2004/02/21 00:00:00+00,2/21/2004 12:55:00 PM,,0,NOT ENOUGH INFORMATION / NOT APPLICABLE,Y,0,Unknown,Unknown,Daylight,,4052031.0,,32,One parked--one moving,0,0,N
5225,2,-122.27155990000001,47.54069367,6347,19940,19940,1779347,Matched,Intersection,34430.0,RAINIER AVE S AND S WILLOW ST,,,2,Injury Collision,Rear Ended,3,0,0,2,2004/06/02 00:00:00+00,6/2/2004,At Intersection (intersection related),14,"MOTOR VEHICLE STRUCK MOTOR VEHICLE, REAR END",Y,0,Clear,Dry,Daylight,,4154032.0,,14,From same direction - both going straight - one stopped - rear-end,0,0,N
5226,1,-122.34302530000001,47.6220583,6348,19651,19651,1785181,Matched,Block,,HARRISON ST BETWEEN AURORA AVE N AND DEXTER AVE N,,,1,Property Damage Only Collision,Sideswipe,2,0,0,2,2004/11/28 00:00:00+00,11/28/2004 8:10:00 PM,Mid-Block (but intersection related),11,"MOTOR VEHICLE STRUCK MOTOR VEHICLE, FRONT END AT ANGLE",,0,Clear,Dry,Dark - Street Lights On,,4333006.0,,26,From opposite direction - both going straight - sideswipe,0,0,N
5227,1,-122.3207513,47.60684234,6349,19731,19731,1216810,Matched,Block,,BROADWAY BETWEEN MINOR AVE AND JAMES ST,,,1,Property Damage Only Collision,Rear Ended,3,0,0,2,2004/07/09 00:00:00+00,7/9/2004,Mid-Block (but intersection related),14,"MOTOR VEHICLE STRUCK MOTOR VEHICLE, REAR END",,0,Overcast,Dry,Daylight,,4191030.0,,14,From same direction - both going straight - one stopped - rear-end,0,0,N
5228,1,,,6350,19717,19717,1213854,Matched,Block,,BATTERY ST TUNNEL SB BETWEEN AURORA AVE N AND ALASKAN WY VI SB,,,1,Property Damage Only Collision,Rear Ended,2,0,0,2,2004/06/11 00:00:00+00,6/11/2004 8:09:00 AM,Mid-Block (not related to intersection),14,"MOTOR VEHICLE STRUCK MOTOR VEHICLE, REAR END",,0,Overcast,Wet,Daylight,,4163008.0,,14,From same direction - both going straight - one stopped - rear-end,0,0,N
5229,1,-122.30277,47.60800896,6353,20601,20601,1477820,Matched,Intersection,30173.0,23RD AVE AND E CHERRY ST,,,1,Property Damage Only Collision,Sideswipe,2,0,0,2,2004/09/19 00:00:00+00,9/19/2004 8:03:00 PM,At Intersection (intersection related),11,"MOTOR VEHICLE STRUCK MOTOR VEHICLE, FRONT END AT ANGLE",,0,Clear,Dry,Dark - Street Lights On,,4263021.0,,11,From same direction - both going straight - both moving - sideswipe,0,0,N
5230,1,-122.29581780000001,47.54441612,6354,20222,20222,1793015,Matched,Intersection,34297.0,29TH AVE S AND S MORGAN ST,,,1,Property Damage Only Collision,Angles,2,0,0,2,2004/08/27 00:00:00+00,8/27/2004 5:41:00 PM,At Intersection (intersection related),11,"MOTOR VEHICLE STRUCK MOTOR VEHICLE, FRONT END AT ANGLE",,0,Clear,Dry,Daylight,,4240030.0,,10,Entering at angle,0,0,N
5231,2,-122.30223490000002,47.59980258,6355,20837,20837,1788521,Matched,Block,,23RD AVE S BETWEEN S MAIN ST AND S JACKSON ST,,,2,Injury Collision,Other,3,0,0,2,2004/05/26 00:00:00+00,5/26/2004 10:23:00 AM,Driveway Junction,11,"MOTOR VEHICLE STRUCK MOTOR VEHICLE, FRONT END AT ANGLE",,0,Raining,Wet,Daylight,,4147003.0,,21,One car entering driveway access,0,0,N
5232,1,,,6356,19241,19241,1774068,Matched,Alley,,,,,1,Property Damage Only Collision,Other,2,0,0,2,2004/07/23 00:00:00+00,7/23/2004 8:00:00 AM,,0,NOT ENOUGH INFORMATION / NOT APPLICABLE,,0,Clear,Dry,Daylight,,4205016.0,,22,One car leaving driveway access,0,0,N
5233,2,-122.3762131,47.67017143,6357,19593,19593,1773560,Matched,Intersection,25404.0,15TH AVE NW AND NW 57TH ST,,,2,Injury Collision,Angles,2,0,0,2,2004/02/06 00:00:00+00,2/6/2004,At Intersection (intersection related),11,"MOTOR VEHICLE STRUCK MOTOR VEHICLE, FRONT END AT ANGLE",,0,Overcast,Dry,Daylight,,4037027.0,Y,10,Entering at angle,0,0,N
5234,1,-122.2962253,47.61161791,6361,20231,20231,1786966,Matched,Intersection,30033.0,M L KING JR WAY AND E SPRING ST,,,1,Property Damage Only Collision,Angles,2,0,0,2,2004/11/18 00:00:00+00,11/18/2004 8:19:00 AM,At Intersection (intersection related),11,"MOTOR VEHICLE STRUCK MOTOR VEHICLE, FRONT END AT ANGLE",,0,Overcast,Wet,Daylight,,4323018.0,,10,Entering at angle,0,0,N
5235,2,-122.3302757,47.61495363,6362,19496,19496,1776214,Matched,Block,,BOREN AVE BETWEEN PINE ST AND OLIVE WAY,,,2,Injury Collision,Rear Ended,7,0,0,6,2004/05/26 00:00:00+00,5/26/2004 9:40:00 PM,Mid-Block (not related to intersection),14,"MOTOR VEHICLE STRUCK MOTOR VEHICLE, REAR END",,0,Clear,Oil,Dark - Street Lights On,,4147004.0,,14,From same direction - both going straight - one stopped - rear-end,0,0,N
5236,2,-122.29694070000001,47.57191371,6363,19801,19801,1779394,Matched,Intersection,352610.0,M L KING JR WR WAY S AND S DELLA ST,,,2,Injury Collision,Rear Ended,3,0,0,2,2004/05/01 00:00:00+00,5/1/2004,At Intersection (intersection related),14,"MOTOR VEHICLE STRUCK MOTOR VEHICLE, REAR END",,0,Clear,Dry,Daylight,,4122025.0,,14,From same direction - both going straight - one stopped - rear-end,0,0,N
5237,1,-122.3108738,47.59587378,6364,19703,19703,1772800,Matched,Block,,S DEARBORN ST BETWEEN RAINIER AVE S AND HIAWATHA PL S,,,1,Property Damage Only Collision,Sideswipe,2,0,0,2,2004/08/06 00:00:00+00,8/6/2004,Mid-Block (but intersection related),16,"MOTOR VEHICLE STRUCK MOTOR VEHICLE, LEFT SIDE SIDESWIPE",,0,Raining,Wet,Daylight,,4219012.0,,71,Same direction -- both turning right -- both moving -- sideswipe,0,0,N
5238,1,-122.32285490000001,47.60683918,6365,19408,19408,1771993,Matched,Block,,BOREN AVE BETWEEN JAMES ST AND CHERRY ST,,,1,Property Damage Only Collision,Right Turn,2,0,0,2,2004/06/08 00:00:00+00,6/8/2004,Mid-Block (but intersection related),11,"MOTOR VEHICLE STRUCK MOTOR VEHICLE, FRONT END AT ANGLE",,0,Clear,Dry,Daylight,,4160008.0,,16,From same direction - one right turn - one straight,0,0,N
5239,1,-122.31159699999999,47.578626299999996,6366,19331,19331,1771451,Matched,Intersection,31623.0,BEACON AVE S AND S MCCLELLAN ST,,,1,Property Damage Only Collision,Angles,2,0,0,2,2004/03/20 00:00:00+00,3/20/2004 4:51:00 PM,At Intersection (intersection related),11,"MOTOR VEHICLE STRUCK MOTOR VEHICLE, FRONT END AT ANGLE",,0,Clear,Dry,Daylight,,4080022.0,,10,Entering at angle,0,0,N
5240,1,,,6367,20205,20205,1774721,Matched,Block,,MERCER ST BETWEEN BROAD ST EB OFF RP AND 9TH AVE N,,,1,Property Damage Only Collision,Rear Ended,2,0,0,2,2004/05/29 00:00:00+00,5/29/2004 1:40:00 AM,Mid-Block (but intersection related),14,"MOTOR VEHICLE STRUCK MOTOR VEHICLE, REAR END",,0,Overcast,Unknown,Unknown,,4150025.0,,14,From same direction - both going straight - one stopped - rear-end,0,0,N
5241,1,-122.335574,47.6106779,6369,20468,20468,1213322,Matched,Intersection,29576.0,5TH AVE AND PIKE ST,,,1,Property Damage Only Collision,Sideswipe,2,0,0,2,2004/02/12 00:00:00+00,2/12/2004 10:25:00 PM,At Intersection (intersection related),11,"MOTOR VEHICLE STRUCK MOTOR VEHICLE, FRONT END AT ANGLE",,0,Clear,Dry,Dark - Street Lights On,,4043024.0,,11,From same direction - both going straight - both moving - sideswipe,0,0,N
5242,1,-122.37633799999999,47.55014223,6371,19447,19447,1197786,Matched,Intersection,32822.0,35TH AVE SW AND SW JUNEAU ST,,,1,Property Damage Only Collision,Left Turn,2,0,0,2,2004/11/28 00:00:00+00,11/28/2004 1:35:00 PM,At Intersection (intersection related),11,"MOTOR VEHICLE STRUCK MOTOR VEHICLE, FRONT END AT ANGLE",,0,Clear,Dry,Daylight,,4333015.0,,28,From opposite direction - one left turn - one straight,0,0,N
5243,2,-122.34596499999999,47.65343706,6372,19741,19741,1205256,Matched,Block,,WHITMAN AVE N BETWEEN N 38TH ST AND N 39TH ST,,,2,Injury Collision,Other,2,0,0,2,2004/07/09 00:00:00+00,7/9/2004,Driveway Junction,11,"MOTOR VEHICLE STRUCK MOTOR VEHICLE, FRONT END AT ANGLE",,0,Clear,Dry,Daylight,,4191008.0,,22,One car leaving driveway access,0,0,N
5244,2,-122.34228020000002,47.72321072,6373,19864,19864,535311,Matched,Intersection,35762.0,STONE AVE N AND N 130TH ST,,,2,Injury Collision,Angles,0,0,0,2,2004/02/24 00:00:00+00,2/24/2004 10:34:00 AM,At Intersection (intersection related),11,"MOTOR VEHICLE STRUCK MOTOR VEHICLE, FRONT END AT ANGLE",,0,Clear,Dry,Daylight,,4055020.0,,10,Entering at angle,0,0,N
5245,1,-122.35662669999999,47.57142858,6374,19429,19429,1798456,Matched,Block,,WEST MARGINAL WAY SW BETWEEN WEST MARGINAL TURN RD AND MARGINAL PL SW,,,1,Property Damage Only Collision,Rear Ended,3,0,0,2,2004/09/18 00:00:00+00,9/18/2004 4:56:00 PM,Mid-Block (not related to intersection),14,"MOTOR VEHICLE STRUCK MOTOR VEHICLE, REAR END",,0,Raining,Wet,Daylight,,4262014.0,Y,13,From same direction - both going straight - both moving - rear-end,0,0,N
5246,2,-122.28733629999999,47.54959668,6375,19202,19202,1773051,Matched,Block,,M L KING JR WR WAY S BETWEEN S ORCAS ST AND S RAYMOND ST,,,2,Injury Collision,Rear Ended,2,0,0,2,2004/05/26 00:00:00+00,5/26/2004 7:43:00 AM,Mid-Block (not related to intersection),14,"MOTOR VEHICLE STRUCK MOTOR VEHICLE, REAR END",Y,0,Raining,Wet,Daylight,,4147011.0,,14,From same direction - both going straight - one stopped - rear-end,0,0,N
5247,1,-122.3148453,47.59076764,6376,20264,20264,1773335,Matched,Block,,14TH AVE S BETWEEN S JUDKINS ST AND S ATLANTIC ST,,,1,Property Damage Only Collision,Parked Car,2,0,0,2,2004/12/15 00:00:00+00,12/15/2004 7:00:00 PM,Mid-Block (not related to intersection),13,"MOTOR VEHICLE STRUCK MOTOR VEHICLE, LEFT SIDE AT ANGLE",,0,Raining,Wet,Dark - Street Lights On,,4350037.0,,32,One parked--one moving,0,0,N
5248,1,-122.3880814,47.57293143,6377,19839,19839,1781759,Matched,Block,,44TH AVE SW BETWEEN SW HINDS ST AND SW SPOKANE ST,,,1,Property Damage Only Collision,Parked Car,4,0,0,4,2004/02/13 00:00:00+00,2/13/2004 11:50:00 AM,Mid-Block (not related to intersection),14,"MOTOR VEHICLE STRUCK MOTOR VEHICLE, REAR END",Y,0,Clear,Dry,Daylight,,4044024.0,,32,One parked--one moving,0,0,N
5249,1,-122.3011793,47.6182864,6379,20230,20230,1786817,Matched,Block,,24TH AVE BETWEEN E HOWELL ST AND E DENNY WAY,,,1,Property Damage Only Collision,Parked Car,2,0,0,2,2004/05/30 00:00:00+00,5/30/2004 7:00:00 PM,Mid-Block (not related to intersection),14,"MOTOR VEHICLE STRUCK MOTOR VEHICLE, REAR END",,0,Unknown,Unknown,Unknown,,4151006.0,,32,One parked--one moving,0,0,N
5250,1,-122.34027959999999,47.69960591,6380,19213,19213,1856646,Matched,Block,,N 97TH ST BETWEEN INTERLAKE AVE N AND ASHWORTH AVE N,,,1,Property Damage Only Collision,Parked Car,2,0,0,2,2004/03/27 00:00:00+00,3/27/2004 9:12:00 PM,Mid-Block (not related to intersection),13,"MOTOR VEHICLE STRUCK MOTOR VEHICLE, LEFT SIDE AT ANGLE",,1,Raining,Wet,Dark - Street Lights On,,4087035.0,,32,One parked--one moving,0,0,N
5251,1,-122.26998959999999,47.53096562,6381,20212,20212,1773033,Matched,Block,,RAINIER AVE S BETWEEN S KENYON ST AND S ELMGROVE ST,,,1,Property Damage Only Collision,Parked Car,3,0,0,3,2004/08/17 00:00:00+00,8/17/2004 3:07:00 AM,Mid-Block (not related to intersection),16,"MOTOR VEHICLE STRUCK MOTOR VEHICLE, LEFT SIDE SIDESWIPE",,0,Clear,Dry,Dark - Street Lights Off,,4230037.0,,32,One parked--one moving,0,0,N
5252,1,,,6382,19851,19851,1482340,Matched,Block,,BATTERY ST TUNNEL SB BETWEEN AURORA AVE N AND ALASKAN WY VI SB,,,1,Property Damage Only Collision,Other,1,0,0,1,2004/11/26 00:00:00+00,11/26/2004 9:40:00 PM,Mid-Block (not related to intersection),26,MOTOR VEHICLE STRUCK OBJECT IN ROAD,,0,Raining,Wet,Dark - Street Lights On,,4331021.0,,50,Fixed object,0,0,N
5253,1,-122.376597,47.53648226,6383,20360,20360,1789203,Matched,Block,,35TH AVE SW BETWEEN SW OTHELLO ST AND SW WEBSTER ST,,,1,Property Damage Only Collision,Parked Car,2,0,0,2,2004/01/28 00:00:00+00,1/28/2004 2:52:00 PM,Mid-Block (not related to intersection),11,"MOTOR VEHICLE STRUCK MOTOR VEHICLE, FRONT END AT ANGLE",,0,Clear,Dry,Daylight,,4028022.0,,32,One parked--one moving,0,0,N