,SEVERITYCODE,X,Y,OBJECTID,INCKEY,COLDETKEY,REPORTNO,STATUS,ADDRTYPE,INTKEY,LOCATION,EXCEPTRSNCODE,EXCEPTRSNDESC,SEVERITYCODE.1,SEVERITYDESC,COLLISIONTYPE,PERSONCOUNT,PEDCOUNT,PEDCYLCOUNT,VEHCOUNT,INCDATE,INCDTTM,JUNCTIONTYPE,SDOT_COLCODE,SDOT_COLDESC,INATTENTIONIND,UNDERINFL,WEATHER,ROADCOND,LIGHTCOND,PEDROWNOTGRNT,SDOTCOLNUM,SPEEDING,ST_COLCODE,ST_COLDESC,SEGLANEKEY,CROSSWALKKEY,HITPARKEDCAR
5254,2,-122.33569840000001,47.54071586,6384,19409,19409,1781760,Matched,Block,,SW MICHIGAN ST BETWEEN 1ST AVE S AND 2ND AVE SW,,,2,Injury Collision,Other,1,0,0,1,2004/02/24 00:00:00+00,2/24/2004 7:00:00 PM,Mid-Block (not related to intersection),29,MOTOR VEHICLE OVERTURNED IN ROAD,,0,Clear,Dry,Dark - Street Lights On,,4055036.0,,50,Fixed object,0,0,N
5255,2,-122.3751575,47.63186266,6386,19781,19781,1777988,Matched,Block,,ELLIOTT AVE W BETWEEN W GALER ST FLYOVER AND W GALER ST,,,2,Injury Collision,Rear Ended,3,0,0,2,2004/06/04 00:00:00+00,6/4/2004,Mid-Block (but intersection related),14,"MOTOR VEHICLE STRUCK MOTOR VEHICLE, REAR END",,0,Clear,Dry,Daylight,,4156009.0,,13,From same direction - both going straight - both moving - rear-end,0,0,N
5256,2,-122.3868564,47.55841117,6387,20110,20110,1781287,Matched,Block,,CALIFORNIA AVE SW BETWEEN ERSKINE WAY SW AND SW HUDSON ST,,,2,Injury Collision,Parked Car,2,0,0,2,2004/04/11 00:00:00+00,4/11/2004 5:48:00 AM,Mid-Block (not related to intersection),14,"MOTOR VEHICLE STRUCK MOTOR VEHICLE, REAR END",Y,0,Clear,Dry,Dawn,,4102014.0,,32,One parked--one moving,0,0,N
5257,1,-122.30417209999999,47.66782598,6388,20833,20833,1798012,Matched,Block,,22ND AVE NE BETWEEN 22ND WR AVE NE AND NE 54TH ST,,,1,Property Damage Only Collision,Parked Car,2,0,0,2,2004/11/25 00:00:00+00,11/25/2004 3:45:00 PM,Mid-Block (not related to intersection),11,"MOTOR VEHICLE STRUCK MOTOR VEHICLE, FRONT END AT ANGLE",,0,Clear,Wet,Daylight,,4330029.0,,32,One parked--one moving,0,0,N
5258,1,-122.32761599999999,47.55338854,6389,19522,19522,1789081,Matched,Block,,S LUCILE ST BETWEEN 5TH AVE S AND 6TH AVE S,,,1,Property Damage Only Collision,Parked Car,2,0,0,2,2004/01/23 00:00:00+00,1/23/2004 8:44:00 AM,Mid-Block (not related to intersection),16,"MOTOR VEHICLE STRUCK MOTOR VEHICLE, LEFT SIDE SIDESWIPE",,0,Raining,Wet,Daylight,,4023023.0,,32,One parked--one moving,0,0,N
5259,1,-122.3158572,47.60169182,6390,19588,19588,1790062,Matched,Block,,E YESLER WAY BETWEEN 12TH AVE AND 13TH AVE,,,1,Property Damage Only Collision,Parked Car,2,0,0,2,2004/05/20 00:00:00+00,5/20/2004 8:15:00 PM,Mid-Block (not related to intersection),16,"MOTOR VEHICLE STRUCK MOTOR VEHICLE, LEFT SIDE SIDESWIPE",,0,Clear,Dry,Daylight,,4141031.0,,32,One parked--one moving,0,0,N
5260,2,-122.25361809999998,47.51568877,6391,20192,20192,C649748,Matched,Block,,RAINIER AVE S BETWEEN S PILGRIM ST AND S NORFOLK ST,,,2,Injury Collision,Rear Ended,2,0,0,2,2004/12/07 00:00:00+00,12/7/2004,Mid-Block (not related to intersection),14,"MOTOR VEHICLE STRUCK MOTOR VEHICLE, REAR END",,0,Raining,Wet,Dark - Street Lights On,,4342064.0,,13,From same direction - both going straight - both moving - rear-end,0,0,N
5261,2,-122.327894,47.67832817,6394,19610,19610,1475608,Matched,Block,,EAST GREEN LAKE WAY N BETWEEN 1ST AVE NE AND 2ND AVE NE,,,2,Injury Collision,Rear Ended,4,0,0,3,2004/05/08 00:00:00+00,5/8/2004,Mid-Block (not related to intersection),14,"MOTOR VEHICLE STRUCK MOTOR VEHICLE, REAR END",,0,Raining,Wet,Daylight,,4129011.0,,13,From same direction - both going straight - both moving - rear-end,0,0,N
5262,1,-122.3567199,47.62327681,6395,19790,19790,C647015,Matched,Intersection,28642.0,QUEEN ANNE AVE N AND REPUBLICAN ST,,,1,Property Damage Only Collision,Left Turn,2,0,0,2,2004/08/02 00:00:00+00,8/2/2004,At Intersection (intersection related),11,"MOTOR VEHICLE STRUCK MOTOR VEHICLE, FRONT END AT ANGLE",,0,Clear,Dry,Daylight,,4215046.0,,15,From same direction - one left turn - one straight,0,0,N
5263,1,-122.3222382,47.60364596,6397,20502,20502,1319797,Matched,Block,,ALDER ST BETWEEN 9TH AVE AND TERRY AVE,,,1,Property Damage Only Collision,Parked Car,2,0,0,2,2004/03/22 00:00:00+00,3/22/2004 9:00:00 AM,Mid-Block (not related to intersection),16,"MOTOR VEHICLE STRUCK MOTOR VEHICLE, LEFT SIDE SIDESWIPE",Y,0,Clear,Dry,Daylight,,4082004.0,,32,One parked--one moving,0,0,N
5264,1,-122.30052909999999,47.62136736,6398,19405,19405,1180718,Matched,Block,,E THOMAS ST BETWEEN 24TH AVE E AND 25TH AVE E,,,1,Property Damage Only Collision,Parked Car,2,0,0,2,2004/01/07 00:00:00+00,1/7/2004,Mid-Block (not related to intersection),14,"MOTOR VEHICLE STRUCK MOTOR VEHICLE, REAR END",,0,Snowing,Wet,Dark - Street Lights On,,4007008.0,,32,One parked--one moving,0,0,N
5265,1,-122.2915669,47.59278025,6399,19637,19637,867599,Matched,Block,,32ND AVE S BETWEEN S NORMAN ST AND S JUDKINS ST,,,1,Property Damage Only Collision,Parked Car,2,0,0,2,2004/11/19 00:00:00+00,11/19/2004 8:15:00 PM,Mid-Block (not related to intersection),11,"MOTOR VEHICLE STRUCK MOTOR VEHICLE, FRONT END AT ANGLE",,0,Clear,Dry,Dark - Street Lights On,,4324028.0,,32,One parked--one moving,0,0,N
5266,1,,,6400,19919,19919,1313396,Matched,Block,,ALASKAN WY VI SB BETWEEN COLUMBIA ST ON RP AND ALASKAN WY VI SB EFR OFF RP,,,1,Property Damage Only Collision,Other,2,0,0,1,2004/06/02 00:00:00+00,6/2/2004,Mid-Block (not related to intersection),26,MOTOR VEHICLE STRUCK OBJECT IN ROAD,,0,Clear,Dry,Daylight,,4154006.0,,50,Fixed object,0,0,N
5267,2,-122.34412739999999,47.66500322,6401,20334,20334,1220126,Matched,Block,,N 50TH ST BETWEEN WOODLAND PARK AVE N AND MIDVALE AVE N,,,2,Injury Collision,Rear Ended,2,0,0,2,2004/08/16 00:00:00+00,8/16/2004 1:20:00 PM,Mid-Block (not related to intersection),14,"MOTOR VEHICLE STRUCK MOTOR VEHICLE, REAR END",,0,Clear,Dry,Daylight,,4229036.0,,14,From same direction - both going straight - one stopped - rear-end,0,0,N
5268,1,-122.2962317,47.59921894,6402,19621,19621,1798926,Matched,Intersection,30603.0,28TH AVE S AND S JACKSON ST,,,1,Property Damage Only Collision,Left Turn,2,0,0,2,2004/08/24 00:00:00+00,8/24/2004 2:29:00 PM,At Intersection (intersection related),11,"MOTOR VEHICLE STRUCK MOTOR VEHICLE, FRONT END AT ANGLE",,0,Overcast,Dry,Daylight,,4237042.0,,28,From opposite direction - one left turn - one straight,0,0,N
5269,1,-122.3516908,47.55859165,6403,19295,19295,1789296,Matched,Block,,WEST MARGINAL WAY SW BETWEEN SW EDMUNDS ST AND PUGET WAY SW,,,1,Property Damage Only Collision,Other,1,0,0,1,2004/03/26 00:00:00+00,3/26/2004 10:27:00 AM,Mid-Block (not related to intersection),29,MOTOR VEHICLE OVERTURNED IN ROAD,,0,Raining,Wet,Daylight,,4086009.0,,52,Vehicle overturned,0,0,N
5270,2,-122.31136969999999,47.66488852,6404,19740,19740,1205118,Matched,Block,,NE 50TH ST BETWEEN 15TH AVE NE AND 16TH AVE NE,,,2,Injury Collision,Cycles,2,0,1,1,2004/05/01 00:00:00+00,5/1/2004,Driveway Junction,18,"MOTOR VEHICLE STRUCK PEDALCYCLIST, FRONT END AT ANGLE",,0,Clear,Dry,Daylight,Y,4122033.0,,45,Vehicle - Pedalcyclist,0,0,N
5271,1,-122.3474243,47.64969809,6405,19725,19725,1774144,Matched,Block,,TROLL AVE N BETWEEN N 34TH ST AND N 35TH ST,,,1,Property Damage Only Collision,Parked Car,3,0,0,2,2004/06/23 00:00:00+00,6/23/2004 3:51:00 PM,Mid-Block (but intersection related),14,"MOTOR VEHICLE STRUCK MOTOR VEHICLE, REAR END",Y,0,Clear,Dry,Daylight,,4175021.0,,32,One parked--one moving,0,0,N
5272,1,-122.27651509999998,47.52378124,6406,19284,19284,1325959,Matched,Block,,RENTON AVE S BETWEEN S TRENTON ST AND S HENDERSON ST,,,1,Property Damage Only Collision,Head On,2,0,0,2,2004/02/14 00:00:00+00,2/14/2004 8:04:00 PM,Mid-Block (but intersection related),11,"MOTOR VEHICLE STRUCK MOTOR VEHICLE, FRONT END AT ANGLE",,0,Raining,Wet,Dark - Street Lights On,,4045004.0,Y,30,From opposite direction - all others,0,0,N
5273,1,-122.3453665,47.70505326,6407,20240,20240,1794810,Matched,Block,,N 105TH ST BETWEEN WHITMAN AVE N AND AURORA AVE N,,,1,Property Damage Only Collision,Sideswipe,3,0,0,2,2004/10/28 00:00:00+00,10/28/2004 10:40:00 AM,Mid-Block (but intersection related),15,"MOTOR VEHICLE STRUCK MOTOR VEHICLE, RIGHT SIDE SIDESWIPE",,1,Fog/Smog/Smoke,Dry,Daylight,,4302052.0,,12,From same direction - both going straight - one stopped - sideswipe,0,0,N
5274,1,-122.3183143,47.62426479,6414,19881,19881,1799141,Matched,Block,,E MERCER ST BETWEEN FEDERAL AVE E AND 11TH AVE E,,,1,Property Damage Only Collision,Parked Car,2,0,0,2,2004/10/10 00:00:00+00,10/10/2004 1:00:00 PM,Mid-Block (not related to intersection),0,NOT ENOUGH INFORMATION / NOT APPLICABLE,,0,Clear,Dry,Unknown,,4284005.0,,32,One parked--one moving,0,0,N
5275,1,-122.3323167,47.60880073,6416,19650,19650,1785161,Matched,Block,,6TH AVE BETWEEN SENECA ST AND UNIVERSITY ST,,,1,Property Damage Only Collision,Other,4,0,0,2,2004/09/26 00:00:00+00,9/26/2004 2:45:00 PM,Mid-Block (but intersection related),11,"MOTOR VEHICLE STRUCK MOTOR VEHICLE, FRONT END AT ANGLE",,0,Clear,Dry,Daylight,,4270025.0,,23,From same direction - all others,0,0,N
5276,1,-122.33555420000002,47.57138664,6417,20033,20033,1775191,Matched,Block,,S SPOKANE SR ST BETWEEN COLORADO AVE S AND 1ST AV S OFF RP,,,1,Property Damage Only Collision,Other,2,0,0,2,2004/08/16 00:00:00+00,8/16/2004 10:45:00 AM,Mid-Block (not related to intersection),11,"MOTOR VEHICLE STRUCK MOTOR VEHICLE, FRONT END AT ANGLE",,0,Overcast,Dry,Daylight,,4229021.0,,23,From same direction - all others,0,0,N
5277,2,-122.33427420000001,47.62199981,6420,19335,19335,1478373,Matched,Intersection,28777.0,FAIRVIEW AVE N AND HARRISON ST,,,2,Injury Collision,Angles,2,0,0,2,2004/07/20 00:00:00+00,7/20/2004 8:00:00 AM,At Intersection (intersection related),11,"MOTOR VEHICLE STRUCK MOTOR VEHICLE, FRONT END AT ANGLE",,0,Clear,Dry,Daylight,,4202039.0,,10,Entering at angle,0,0,N
5278,1,-122.3227595,47.61405743,6421,20309,20309,C628997,Matched,Block,,E PIKE ST BETWEEN BOYLSTON AVE AND HARVARD AVE,,,1,Property Damage Only Collision,Parked Car,2,0,0,2,2004/02/12 00:00:00+00,2/12/2004 12:45:00 PM,Mid-Block (not related to intersection),14,"MOTOR VEHICLE STRUCK MOTOR VEHICLE, REAR END",,0,Unknown,Unknown,Unknown,,4043040.0,,32,One parked--one moving,0,0,N
5279,2,-122.32929209999999,47.61844935,6422,20119,20119,1059929,Matched,Block,,DENNY WAY BETWEEN STEWART ST AND MELROSE AVE,,,2,Injury Collision,Cycles,6,0,1,2,2004/12/18 00:00:00+00,12/18/2004 1:29:00 AM,Mid-Block (but intersection related),56,PEDALCYCLIST STRUCK MOTOR VEHICLE LEFT SIDE SIDESWIPE,Y,1,Overcast,Wet,Dark - Street Lights On,,4353006.0,,45,Vehicle - Pedalcyclist,0,0,N
5280,1,-122.3195608,47.66222066,6423,20630,20630,1772470,Matched,Block,,8TH AVE NE BETWEEN NE 45TH E ST AND NE 47TH ST,,,1,Property Damage Only Collision,Parked Car,3,0,0,2,2004/07/17 00:00:00+00,7/17/2004 1:30:00 PM,Mid-Block (but intersection related),11,"MOTOR VEHICLE STRUCK MOTOR VEHICLE, FRONT END AT ANGLE",,0,Clear,Dry,Daylight,,4199010.0,,20,One car leaving parked position,0,0,N
5281,2,-122.349999,47.61309087,6424,19380,19380,1213719,Matched,Block,,ELLIOTT AVE BETWEEN BATTERY ST AND WALL ST,,,2,Injury Collision,Rear Ended,2,0,0,2,2004/07/27 00:00:00+00,7/27/2004 11:59:00 AM,Mid-Block (not related to intersection),14,"MOTOR VEHICLE STRUCK MOTOR VEHICLE, REAR END",,0,Clear,Dry,Daylight,,4209013.0,,14,From same direction - both going straight - one stopped - rear-end,0,0,N
5282,1,-122.3455983,47.6262743,6425,19164,19164,1482587,Matched,Block,,VALLEY ST BETWEEN TAYLOR AVE N AND 6TH AVE N,,,1,Property Damage Only Collision,Parked Car,2,0,0,2,2004/07/27 00:00:00+00,7/27/2004 12:41:00 PM,Mid-Block (not related to intersection),11,"MOTOR VEHICLE STRUCK MOTOR VEHICLE, FRONT END AT ANGLE",,0,Clear,Dry,Daylight,,4209016.0,,32,One parked--one moving,0,0,N
5283,1,-122.31786170000001,47.709173799999995,6426,20050,20050,C649292,Matched,Block,,ROOSEVELT WAY NE BETWEEN NE NORTHGATE WAY AND PINEHURST S WAY NE,,,1,Property Damage Only Collision,Other,2,0,0,2,2004/10/14 00:00:00+00,10/14/2004 3:00:00 PM,Driveway Junction,11,"MOTOR VEHICLE STRUCK MOTOR VEHICLE, FRONT END AT ANGLE",,0,Overcast,Dry,Daylight,,4288043.0,,22,One car leaving driveway access,0,0,N
5284,1,-122.3941128,47.58030327,6428,20614,20614,1781303,Matched,Block,,49TH AVE SW BETWEEN SW WAITE W ST AND SW ADMIRAL WAY,,,1,Property Damage Only Collision,Parked Car,2,0,0,2,2004/05/18 00:00:00+00,5/18/2004 2:00:00 AM,Mid-Block (not related to intersection),11,"MOTOR VEHICLE STRUCK MOTOR VEHICLE, FRONT END AT ANGLE",,0,Clear,Dry,Dark - No Street Lights,,4139036.0,,32,One parked--one moving,0,0,N
5285,2,-122.2964241,47.62331724,6430,20086,20086,1795842,Matched,Intersection,29292.0,M L KING JR WAY E AND E MADISON ST,,,2,Injury Collision,Pedestrian,2,1,0,1,2004/10/08 00:00:00+00,10/8/2004,At Intersection (intersection related),24,MOTOR VEHCILE STRUCK PEDESTRIAN,,0,Raining,Wet,Daylight,Y,4282021.0,,2,Vehicle turning left hits pedestrian,0,0,N
5286,1,-122.31545759999999,47.60805331,6431,19693,19693,1216578,Matched,Intersection,29794.0,13TH AVE AND E CHERRY ST,,,1,Property Damage Only Collision,Angles,3,0,0,2,2004/05/28 00:00:00+00,5/28/2004 4:16:00 PM,At Intersection (intersection related),11,"MOTOR VEHICLE STRUCK MOTOR VEHICLE, FRONT END AT ANGLE",,0,Overcast,Dry,Daylight,,4149054.0,,10,Entering at angle,0,0,N
5287,1,-122.33843020000002,47.6252618,6432,19133,19133,1217252,Matched,Block,,WESTLAKE AVE N BETWEEN MERCER NR ST AND VALLEY ST,,,1,Property Damage Only Collision,Angles,2,0,0,2,2004/08/09 00:00:00+00,8/9/2004,Mid-Block (but intersection related),16,"MOTOR VEHICLE STRUCK MOTOR VEHICLE, LEFT SIDE SIDESWIPE",,0,Clear,Dry,Daylight,,4222004.0,,10,Entering at angle,0,0,N
5288,1,-122.32399640000001,47.66406775,6433,19474,19474,1782468,Matched,Block,,4TH AVE NE BETWEEN NE 47TH ST AND NE 50TH ST,,,1,Property Damage Only Collision,Parked Car,2,0,0,2,2004/06/01 00:00:00+00,6/1/2004,Mid-Block (not related to intersection),14,"MOTOR VEHICLE STRUCK MOTOR VEHICLE, REAR END",,0,Unknown,Unknown,Unknown,,4153009.0,,32,One parked--one moving,0,0,N
5289,2,-122.38662140000001,47.57931014,6434,19778,19778,1781329,Matched,Intersection,31082.0,CALIFORNIA AVE SW AND SW LANDER ST,,,2,Injury Collision,Angles,2,0,0,2,2004/04/28 00:00:00+00,4/28/2004 8:00:00 AM,At Intersection (intersection related),11,"MOTOR VEHICLE STRUCK MOTOR VEHICLE, FRONT END AT ANGLE",,0,Clear,Dry,Daylight,,4119038.0,,10,Entering at angle,0,0,N
5290,1,-122.3372165,47.60576386,6436,20793,20793,1776432,Matched,Block,,1ST AVE BETWEEN SPRING ST AND SENECA ST,,,1,Property Damage Only Collision,Parked Car,3,0,0,3,2004/02/27 00:00:00+00,2/27/2004 10:09:00 PM,Mid-Block (not related to intersection),16,"MOTOR VEHICLE STRUCK MOTOR VEHICLE, LEFT SIDE SIDESWIPE",,1,Overcast,Dry,Dark - Street Lights On,,4058026.0,,32,One parked--one moving,0,0,N
5291,1,-122.31985700000001,47.61294298,6438,19449,19449,1772307,Matched,Intersection,29758.0,BROADWAY CT AND E UNION ST,,,1,Property Damage Only Collision,Angles,2,0,0,2,2004/11/27 00:00:00+00,11/27/2004 1:03:00 AM,At Intersection (intersection related),11,"MOTOR VEHICLE STRUCK MOTOR VEHICLE, FRONT END AT ANGLE",,0,Overcast,Wet,Dark - Street Lights On,,4332042.0,,10,Entering at angle,0,0,N
5292,1,-122.3104057,47.6887506,6439,20037,20037,1794348,Matched,Block,,LAKE CITY WAY NE BETWEEN NE 82ND ST AND 17TH AVE NE,,,1,Property Damage Only Collision,Rear Ended,2,0,0,2,2004/09/23 00:00:00+00,9/23/2004 5:11:00 PM,Mid-Block (not related to intersection),14,"MOTOR VEHICLE STRUCK MOTOR VEHICLE, REAR END",,0,Clear,Dry,Daylight,,4267031.0,,14,From same direction - both going straight - one stopped - rear-end,0,0,N
5293,2,-122.32766699999999,47.59919492,6440,20155,20155,1069984,Matched,Intersection,30510.0,5TH AVE S AND S JACKSON ST,,,2,Injury Collision,Left Turn,3,0,0,2,2004/09/26 00:00:00+00,9/26/2004 9:17:00 PM,At Intersection (intersection related),11,"MOTOR VEHICLE STRUCK MOTOR VEHICLE, FRONT END AT ANGLE",,1,Clear,Dry,Dark - Street Lights On,,4270015.0,,28,From opposite direction - one left turn - one straight,0,0,N
5294,1,-122.32006080000001,47.64044969,6441,19147,19147,1772598,Matched,Block,,10TH AVE E BETWEEN E LYNN ST AND E MILLER ST,,,1,Property Damage Only Collision,Parked Car,2,0,0,2,2004/06/29 00:00:00+00,6/29/2004 12:00:00 PM,Driveway Junction,11,"MOTOR VEHICLE STRUCK MOTOR VEHICLE, FRONT END AT ANGLE",,0,Unknown,Dry,Unknown,,4181042.0,,32,One parked--one moving,0,0,N
5295,1,-122.3769275,47.55560762,6443,20128,20128,1798356,Matched,Block,,SW DAWSON ST BETWEEN 35TH AVE SW AND 36TH AVE SW,,,1,Property Damage Only Collision,Parked Car,2,0,0,2,2004/05/31 00:00:00+00,5/31/2004 3:01:00 PM,Mid-Block (not related to intersection),15,"MOTOR VEHICLE STRUCK MOTOR VEHICLE, RIGHT SIDE SIDESWIPE",,0,Clear,Dry,Daylight,,4152007.0,,32,One parked--one moving,0,0,N
5296,2,-122.2991597,47.57967346,6444,20765,20765,1771879,Matched,Block,,RAINIER AVE S BETWEEN S BAYVIEW ST AND S MCCLELLAN ST,,,2,Injury Collision,Angles,2,0,0,2,2004/02/29 00:00:00+00,2/29/2004 2:15:00 AM,Mid-Block (but intersection related),14,"MOTOR VEHICLE STRUCK MOTOR VEHICLE, REAR END",,1,Clear,Dry,Dark - Street Lights On,,4060015.0,,10,Entering at angle,0,0,N
5297,1,-122.3338878,47.60715814,6445,19629,19629,1213413,Matched,Block,,4TH AVE BETWEEN SPRING ST AND SENECA ST,,,1,Property Damage Only Collision,Parked Car,2,0,0,2,2004/08/08 00:00:00+00,8/8/2004,Mid-Block (not related to intersection),14,"MOTOR VEHICLE STRUCK MOTOR VEHICLE, REAR END",,0,Clear,Dry,Daylight,,4221007.0,,32,One parked--one moving,0,0,N
5298,2,-122.3767929,47.68687813,6446,19184,19184,1079652,Matched,Intersection,23882.0,15TH AVE NW AND NW 80TH ST,,,2,Injury Collision,Angles,4,0,0,2,2004/07/25 00:00:00+00,7/25/2004 8:35:00 PM,At Intersection (intersection related),11,"MOTOR VEHICLE STRUCK MOTOR VEHICLE, FRONT END AT ANGLE",,0,Clear,Dry,Daylight,,4207019.0,,10,Entering at angle,0,0,N
5299,1,-122.32807859999998,47.60416123,6448,19625,19625,1213138,Matched,Intersection,29973.0,6TH AVE AND JAMES ST,,,1,Property Damage Only Collision,Angles,2,0,0,2,2004/10/31 00:00:00+00,10/31/2004 2:10:00 PM,At Intersection (intersection related),11,"MOTOR VEHICLE STRUCK MOTOR VEHICLE, FRONT END AT ANGLE",,0,Clear,Dry,Daylight,,4305009.0,,10,Entering at angle,0,0,N
5300,1,-122.31025220000001,47.57357163,6449,19292,19292,1779105,Matched,Block,,LAFAYETTE AVE S BETWEEN S HORTON ST AND S HINDS ST,,,1,Property Damage Only Collision,Parked Car,2,0,0,2,2004/04/03 00:00:00+00,4/3/2004,Mid-Block (not related to intersection),14,"MOTOR VEHICLE STRUCK MOTOR VEHICLE, REAR END",,0,Clear,Unknown,Dark - Street Lights On,,4094037.0,,32,One parked--one moving,0,0,N
5301,1,-122.34694329999999,47.64225512,6450,19883,19883,1182105,Matched,Intersection,28085.0,AURORA AVE N AND HALLADAY ST,,,1,Property Damage Only Collision,Sideswipe,3,0,0,2,2004/07/24 00:00:00+00,7/24/2004 10:03:00 PM,At Intersection (intersection related),16,"MOTOR VEHICLE STRUCK MOTOR VEHICLE, LEFT SIDE SIDESWIPE",,0,Clear,Dry,Dark - Street Lights On,,4206015.0,,11,From same direction - both going straight - both moving - sideswipe,0,0,N
5302,2,-122.30075819999999,47.68304743,6451,19863,19863,527901,Matched,Intersection,24661.0,25TH AVE NE AND NE 75TH ST,,,2,Injury Collision,Right Turn,0,0,0,2,2004/01/25 00:00:00+00,1/25/2004 10:29:00 PM,At Intersection (intersection related),11,"MOTOR VEHICLE STRUCK MOTOR VEHICLE, FRONT END AT ANGLE",,0,Clear,Dry,Dark - Street Lights On,,4025007.0,,16,From same direction - one right turn - one straight,0,0,N
5303,1,-122.3220923,47.643190399999995,6453,20739,20739,1670487,Matched,Intersection,28207.0,HARVARD AVE E AND E ROANOKE ST,,,1,Property Damage Only Collision,Right Turn,3,0,0,2,2004/07/17 00:00:00+00,7/17/2004 3:15:00 PM,At Intersection (intersection related),11,"MOTOR VEHICLE STRUCK MOTOR VEHICLE, FRONT END AT ANGLE",,0,Clear,Dry,Daylight,,4199043.0,,16,From same direction - one right turn - one straight,0,0,N
5304,2,-122.3629537,47.55448438,6454,19980,19980,1781275,Matched,Block,,DELRIDGE WAY SW BETWEEN PUGET BLVD SW AND SW BRANDON ST,,,2,Injury Collision,Rear Ended,3,0,0,2,2004/08/17 00:00:00+00,8/17/2004 5:04:00 PM,Mid-Block (but intersection related),14,"MOTOR VEHICLE STRUCK MOTOR VEHICLE, REAR END",,0,Clear,Dry,Daylight,,4230001.0,,14,From same direction - both going straight - one stopped - rear-end,0,0,N
5305,1,-122.3254368,47.67590414,6457,19604,19604,1780722,Matched,Intersection,24605.0,LATONA AVE NE AND NE 65TH E ST,,,1,Property Damage Only Collision,Parked Car,2,0,0,2,2004/03/31 00:00:00+00,3/31/2004 7:45:00 AM,At Intersection (but not related to intersection),31,DRIVERLESS VEHICLE STRUCK MOTOR VEHICLE FRONT END AT ANGLE,,0,Overcast,Dry,Daylight,,4091004.0,,32,One parked--one moving,0,0,N
5306,2,-122.32788729999999,47.61617237,6458,19917,19917,C649450,Matched,Block,,MELROSE AVE BETWEEN YALE AVE AND OLIVE WAY,,,2,Injury Collision,Rear Ended,2,0,0,2,2004/10/29 00:00:00+00,10/29/2004 1:30:00 PM,Mid-Block (but intersection related),14,"MOTOR VEHICLE STRUCK MOTOR VEHICLE, REAR END",,0,Overcast,Dry,Other,,4303045.0,,14,From same direction - both going straight - one stopped - rear-end,0,0,N
5307,1,-122.3039221,47.58591393,6459,20329,20329,1779602,Matched,Block,,RAINIER AVE S BETWEEN S HOLGATE ST AND S PLUM ST,,,1,Property Damage Only Collision,Rear Ended,3,0,0,2,2004/01/13 00:00:00+00,1/13/2004 2:15:00 PM,Mid-Block (not related to intersection),14,"MOTOR VEHICLE STRUCK MOTOR VEHICLE, REAR END",,0,Clear,Dry,Daylight,,4013037.0,,13,From same direction - both going straight - both moving - rear-end,0,0,N
5308,1,-122.40966159999999,47.64283413,6460,20503,20503,1321223,Matched,Block,,WEST VIEWMONT WAY W BETWEEN WESTMONT WAY W AND W RAYE ST,,,1,Property Damage Only Collision,Parked Car,6,0,0,4,2004/09/20 00:00:00+00,9/20/2004 7:18:00 AM,Mid-Block (not related to intersection),11,"MOTOR VEHICLE STRUCK MOTOR VEHICLE, FRONT END AT ANGLE",,0,Overcast,Dry,Daylight,,4264018.0,Y,20,One car leaving parked position,0,0,N
5309,2,-122.30793670000001,47.54698098,6461,19401,19401,1786366,Matched,Intersection,33396.0,SWIFT AVE S AND S GRAHAM ST,,,2,Injury Collision,Left Turn,2,0,0,2,2004/01/12 00:00:00+00,1/12/2004 3:42:00 PM,At Intersection (intersection related),11,"MOTOR VEHICLE STRUCK MOTOR VEHICLE, FRONT END AT ANGLE",,0,Raining,Wet,Daylight,,4012035.0,,28,From opposite direction - one left turn - one straight,0,0,N
5310,1,-122.3221773,47.61814666,6462,19639,19639,1182145,Matched,Block,,HARVARD AVE BETWEEN E HOWELL ST AND E DENNY WAY,,,1,Property Damage Only Collision,Parked Car,2,0,0,2,2004/02/11 00:00:00+00,2/11/2004 12:45:00 PM,Mid-Block (not related to intersection),11,"MOTOR VEHICLE STRUCK MOTOR VEHICLE, FRONT END AT ANGLE",,0,Unknown,Unknown,Unknown,,4042042.0,,32,One parked--one moving,0,0,N
5311,2,-122.30863020000001,47.62776609,6465,18569,18569,1856398,Matched,Block,,18TH AVE E BETWEEN E ALOHA ST AND E PROSPECT ST,,,2,Injury Collision,Parked Car,2,0,0,2,2004/08/29 00:00:00+00,8/29/2004 6:10:00 PM,Mid-Block (not related to intersection),11,"MOTOR VEHICLE STRUCK MOTOR VEHICLE, FRONT END AT ANGLE",,0,Clear,Dry,Daylight,,4242025.0,Y,32,One parked--one moving,0,0,N
5312,2,-122.35548059999999,47.70871406,6466,19887,19887,1778547,Matched,Intersection,36398.0,GREENWOOD AVE N AND N 110TH ST,,,2,Injury Collision,Angles,2,0,0,2,2004/04/26 00:00:00+00,4/26/2004 10:00:00 AM,At Intersection (intersection related),11,"MOTOR VEHICLE STRUCK MOTOR VEHICLE, FRONT END AT ANGLE",,0,Clear,Dry,Daylight,,4117018.0,,10,Entering at angle,0,0,N
5313,1,-122.35545970000001,47.7059898,6468,19565,19565,1220328,Matched,Block,,GREENWOOD AVE N BETWEEN HOLMAN RD N AND N 107TH ST,,,1,Property Damage Only Collision,Sideswipe,5,0,0,2,2004/11/13 00:00:00+00,11/13/2004 6:30:00 PM,Mid-Block (but intersection related),11,"MOTOR VEHICLE STRUCK MOTOR VEHICLE, FRONT END AT ANGLE",,1,Clear,Dry,Dark - Street Lights On,,4318014.0,,11,From same direction - both going straight - both moving - sideswipe,0,0,N
5314,1,-122.2717622,47.52867804,6469,20107,20107,1771596,Matched,Block,,49TH AVE S BETWEEN S ROSE ST AND DEAD END 2,,,1,Property Damage Only Collision,Parked Car,2,0,0,2,2004/09/20 00:00:00+00,9/20/2004 10:46:00 PM,Mid-Block (not related to intersection),11,"MOTOR VEHICLE STRUCK MOTOR VEHICLE, FRONT END AT ANGLE",,0,Clear,Dry,Dark - Street Lights On,,4264014.0,Y,32,One parked--one moving,0,0,N