,SEVERITYCODE,X,Y,OBJECTID,INCKEY,COLDETKEY,REPORTNO,STATUS,ADDRTYPE,INTKEY,LOCATION,EXCEPTRSNCODE,EXCEPTRSNDESC,SEVERITYCODE.1,SEVERITYDESC,COLLISIONTYPE,PERSONCOUNT,PEDCOUNT,PEDCYLCOUNT,VEHCOUNT,INCDATE,INCDTTM,JUNCTIONTYPE,SDOT_COLCODE,SDOT_COLDESC,INATTENTIONIND,UNDERINFL,WEATHER,ROADCOND,LIGHTCOND,PEDROWNOTGRNT,SDOTCOLNUM,SPEEDING,ST_COLCODE,ST_COLDESC,SEGLANEKEY,CROSSWALKKEY,HITPARKEDCAR
5315,1,-122.3761419,47.63718996,6471,20636,20636,1214083,Matched,Block,,15TH AVE W BETWEEN W NEWTON ST AND W ARMORY WAY,,,1,Property Damage Only Collision,Rear Ended,2,0,0,2,2004/05/29 00:00:00+00,5/29/2004 11:15:00 PM,Mid-Block (not related to intersection),14,"MOTOR VEHICLE STRUCK MOTOR VEHICLE, REAR END",Y,0,Clear,Dry,Dark - Street Lights On,,4150037.0,,14,From same direction - both going straight - one stopped - rear-end,0,0,N
5316,2,-122.3133534,47.57863325,6473,19599,19599,1784430,Matched,Intersection,31304.0,15TH AVE S AND S MCCLELLAN ST,,,2,Injury Collision,Angles,3,0,0,2,2004/12/15 00:00:00+00,12/15/2004 8:59:00 AM,At Intersection (intersection related),11,"MOTOR VEHICLE STRUCK MOTOR VEHICLE, FRONT END AT ANGLE",,0,Clear,Dry,Daylight,,4350024.0,,10,Entering at angle,0,0,N
5317,1,-122.3192155,47.59582498,6475,20750,20750,1788770,Matched,Intersection,30474.0,DEARBORN ST OFF RP AND S DEARBORN ST,,,1,Property Damage Only Collision,Angles,2,0,0,2,2004/04/25 00:00:00+00,4/25/2004 1:05:00 AM,At Intersection (intersection related),11,"MOTOR VEHICLE STRUCK MOTOR VEHICLE, FRONT END AT ANGLE",,0,Clear,Dry,Dark - Street Lights On,,4116039.0,,10,Entering at angle,0,0,N
5318,1,-122.34665159999999,47.6442657,6476,19580,19580,1214013,Matched,Block,,DEXTER AVE N BETWEEN HALLADAY ST AND 4TH S AVE N,,,1,Property Damage Only Collision,Other,2,0,0,2,2004/07/30 00:00:00+00,7/30/2004 4:43:00 PM,Mid-Block (not related to intersection),11,"MOTOR VEHICLE STRUCK MOTOR VEHICLE, FRONT END AT ANGLE",,0,Clear,Dry,Daylight,,4212047.0,,23,From same direction - all others,0,0,N
5319,1,-122.3203938,47.65271932,6477,20072,20072,1790135,Matched,Block,,UNIVERSITY BR BETWEEN POINT A AND POINT B,,,1,Property Damage Only Collision,Rear Ended,4,0,0,4,2004/05/27 00:00:00+00,5/27/2004 4:10:00 PM,Mid-Block (not related to intersection),14,"MOTOR VEHICLE STRUCK MOTOR VEHICLE, REAR END",,0,Raining,Wet,Daylight,,4148011.0,,14,From same direction - both going straight - one stopped - rear-end,0,0,N
5320,1,-122.35895900000001,47.571718,6478,19358,19358,1781316,Matched,Block,,W SEATTLE BR WB OFF RP BETWEEN WEST SEATTLE BR WB AND W SEATTLE BR WB-CHELAN OFF RP,,,1,Property Damage Only Collision,Other,1,0,0,1,2004/09/03 00:00:00+00,9/3/2004,Mid-Block (not related to intersection),28,MOTOR VEHICLE RAN OFF ROAD - HIT FIXED OBJECT,,0,Clear,Dry,Daylight,,4247009.0,,50,Fixed object,0,0,N
5321,1,-122.35696259999999,47.63534934,6479,19957,19957,1095239,Matched,Block,,QUEEN ANNE AVE N BETWEEN BLAINE ST AND HOWE ST,,,1,Property Damage Only Collision,Parked Car,2,0,0,2,2004/02/17 00:00:00+00,2/17/2004 11:35:00 AM,Mid-Block (not related to intersection),11,"MOTOR VEHICLE STRUCK MOTOR VEHICLE, FRONT END AT ANGLE",Y,0,Overcast,Dry,Daylight,,4048031.0,,32,One parked--one moving,0,0,N
5322,1,-122.33748600000001,47.58974639,6480,19708,19708,1783401,Matched,Block,,ALASKAN WY VI SB BETWEEN ALASKAN WY VI SB EFR OFF RP AND S HOLGATE ST,,,1,Property Damage Only Collision,Rear Ended,2,0,0,2,2004/09/02 00:00:00+00,9/2/2004,Mid-Block (not related to intersection),16,"MOTOR VEHICLE STRUCK MOTOR VEHICLE, LEFT SIDE SIDESWIPE",,0,Overcast,Wet,Dark - Street Lights On,,4246006.0,,13,From same direction - both going straight - both moving - rear-end,0,0,N
5323,1,-122.3343443,47.62544337,6481,19140,19140,1470599,Matched,Block,,FAIRVIEW AVE N BETWEEN ROY ST AND VALLEY ST,,,1,Property Damage Only Collision,Rear Ended,2,0,0,2,2004/06/06 00:00:00+00,6/6/2004,Mid-Block (not related to intersection),14,"MOTOR VEHICLE STRUCK MOTOR VEHICLE, REAR END",,0,Clear,Dry,Daylight,,4158039.0,,13,From same direction - both going straight - both moving - rear-end,0,0,N
5324,1,,,6482,19339,19339,1481221,Matched,Alley,,,,,1,Property Damage Only Collision,Other,2,0,0,2,2004/06/08 00:00:00+00,6/8/2004,Mid-Block (not related to intersection),0,NOT ENOUGH INFORMATION / NOT APPLICABLE,,0,Clear,Dry,Daylight,,4160021.0,,21,One car entering driveway access,0,0,N
5325,1,-122.32601409999998,47.71087943,6483,20458,20458,1774714,Matched,Block,,3RD AVE NE BETWEEN NE 112TH ST AND DEAD END 4,,,1,Property Damage Only Collision,Parked Car,2,0,0,2,2004/04/08 00:00:00+00,4/8/2004,Mid-Block (not related to intersection),13,"MOTOR VEHICLE STRUCK MOTOR VEHICLE, LEFT SIDE AT ANGLE",Y,0,Clear,Dry,Daylight,,4099015.0,,32,One parked--one moving,0,0,N
5326,1,-122.3610919,47.53795417,6484,19820,19820,1789187,Matched,Intersection,33963.0,DELRIDGE WAY SW AND SW ORCHARD ST,,,1,Property Damage Only Collision,Left Turn,3,0,0,2,2004/01/31 00:00:00+00,1/31/2004 4:39:00 PM,At Intersection (intersection related),11,"MOTOR VEHICLE STRUCK MOTOR VEHICLE, FRONT END AT ANGLE",,0,Raining,Wet,Daylight,,4031016.0,,28,From opposite direction - one left turn - one straight,0,0,N
5327,1,-122.3844747,47.54299599,6485,20337,20337,1776797,Matched,Intersection,33760.0,41ST AVE SW AND SW HOLLY ST,,,1,Property Damage Only Collision,Angles,2,0,0,2,2004/09/17 00:00:00+00,9/17/2004 9:00:00 AM,At Intersection (intersection related),11,"MOTOR VEHICLE STRUCK MOTOR VEHICLE, FRONT END AT ANGLE",,0,Clear,Dry,Daylight,,4261040.0,,10,Entering at angle,0,0,N
5328,1,-122.29583329999998,47.62371594,6486,19657,19657,1786896,Matched,Block,,E MADISON ST BETWEEN 28TH AVE E AND 29TH W AVE E,,,1,Property Damage Only Collision,Sideswipe,2,0,0,2,2004/07/13 00:00:00+00,7/13/2004 12:07:00 PM,Mid-Block (not related to intersection),16,"MOTOR VEHICLE STRUCK MOTOR VEHICLE, LEFT SIDE SIDESWIPE",,0,Clear,Dry,Daylight,,4195015.0,,11,From same direction - both going straight - both moving - sideswipe,0,0,N
5329,1,-122.33426440000001,47.62025066,6487,19163,19163,1482527,Matched,Block,,FAIRVIEW AVE N BETWEEN JOHN ST AND THOMAS ST,,,1,Property Damage Only Collision,Sideswipe,2,0,0,2,2004/04/22 00:00:00+00,4/22/2004 2:50:00 PM,Mid-Block (not related to intersection),16,"MOTOR VEHICLE STRUCK MOTOR VEHICLE, LEFT SIDE SIDESWIPE",,0,Clear,Dry,Daylight,,4113007.0,,12,From same direction - both going straight - one stopped - sideswipe,0,0,N
5330,1,-122.3707675,47.66292857,6489,20733,20733,1079765,Matched,Intersection,25460.0,11TH AVE NW AND NW BALLARD WAY,,,1,Property Damage Only Collision,Angles,2,0,0,2,2004/09/27 00:00:00+00,9/27/2004 4:36:00 PM,At Intersection (intersection related),11,"MOTOR VEHICLE STRUCK MOTOR VEHICLE, FRONT END AT ANGLE",,0,Clear,Dry,Daylight,,4271015.0,,10,Entering at angle,0,0,N
5331,1,-122.3174422,47.60351535,6491,19490,19490,1217234,Matched,Block,,E SPRUCE ST BETWEEN 11TH AVE AND 12TH AVE,,,1,Property Damage Only Collision,Parked Car,2,0,0,2,2004/09/19 00:00:00+00,9/19/2004 6:00:00 PM,Mid-Block (not related to intersection),13,"MOTOR VEHICLE STRUCK MOTOR VEHICLE, LEFT SIDE AT ANGLE",,0,Unknown,Unknown,Unknown,,4263006.0,,32,One parked--one moving,0,0,N
5332,1,-122.329187,47.60369752,6492,19795,19795,1776404,Matched,Intersection,29972.0,5TH AVE AND JAMES ST,,,1,Property Damage Only Collision,Pedestrian,2,1,0,1,2004/03/14 00:00:00+00,3/14/2004 8:24:00 PM,At Intersection (intersection related),24,MOTOR VEHCILE STRUCK PEDESTRIAN,,0,Clear,Dry,Dark - Street Lights On,Y,4074011.0,,2,Vehicle turning left hits pedestrian,0,0,N
5333,1,-122.28325120000001,47.55569694,6493,19997,19997,1334221,Matched,Intersection,337795.0,39TH AVE S AND RAINIER S AVE S,,,1,Property Damage Only Collision,Angles,5,0,0,3,2004/06/03 00:00:00+00,6/3/2004,At Intersection (intersection related),11,"MOTOR VEHICLE STRUCK MOTOR VEHICLE, FRONT END AT ANGLE",,0,Clear,Dry,Daylight,,4155007.0,,10,Entering at angle,0,0,N
5334,1,-122.3429216,47.6387124,6494,20817,20817,1784771,Matched,Block,,WAVERLY PL N BETWEEN CROCKETT ST AND MCGRAW ST,,,1,Property Damage Only Collision,Parked Car,2,0,0,2,2004/09/30 00:00:00+00,9/30/2004 4:30:00 PM,Mid-Block (not related to intersection),11,"MOTOR VEHICLE STRUCK MOTOR VEHICLE, FRONT END AT ANGLE",Y,0,Other,Unknown,Unknown,,4274002.0,,32,One parked--one moving,0,0,N
5335,1,-122.34454779999999,47.69273738,6495,19414,19414,1780305,Matched,Intersection,37353.0,AURORA AVE N AND N 88TH N ST,,,1,Property Damage Only Collision,Left Turn,3,0,0,2,2004/07/09 00:00:00+00,7/9/2004,At Intersection (intersection related),11,"MOTOR VEHICLE STRUCK MOTOR VEHICLE, FRONT END AT ANGLE",,0,Clear,Dry,Daylight,,4191012.0,Y,28,From opposite direction - one left turn - one straight,0,0,N
5336,1,-122.3470389,47.61833674,6496,19193,19193,1069680,Matched,Block,,5TH AVE BETWEEN TAYLOR AVE AND DENNY WAY,,,1,Property Damage Only Collision,Left Turn,5,0,0,2,2004/10/31 00:00:00+00,10/31/2004 4:57:00 PM,Mid-Block (not related to intersection),11,"MOTOR VEHICLE STRUCK MOTOR VEHICLE, FRONT END AT ANGLE",,0,Clear,Dry,Dark - Street Lights On,,4305006.0,,15,From same direction - one left turn - one straight,0,0,N
5337,1,-122.38281289999999,47.56377786,6497,19776,19776,1781259,Matched,Block,,40TH AVE SW BETWEEN SW GENESEE ST AND SW OREGON ST,,,1,Property Damage Only Collision,Parked Car,2,0,0,2,2004/04/17 00:00:00+00,4/17/2004 11:18:00 AM,Mid-Block (not related to intersection),15,"MOTOR VEHICLE STRUCK MOTOR VEHICLE, RIGHT SIDE SIDESWIPE",,0,Clear,Dry,Daylight,,4108030.0,,32,One parked--one moving,0,0,N
5338,2,-122.3202933,47.59582679,6498,20474,20474,1787309,Matched,Block,,S DEARBORN ST BETWEEN DEARBORN OFF RP AND DEARBORN ST OFF RP,,,2,Injury Collision,Rear Ended,2,0,0,2,2004/07/07 00:00:00+00,7/7/2004,Mid-Block (but intersection related),14,"MOTOR VEHICLE STRUCK MOTOR VEHICLE, REAR END",Y,0,Clear,Dry,Daylight,,4189031.0,,14,From same direction - both going straight - one stopped - rear-end,0,0,N
5339,1,-122.3038037,47.63990104,6499,19375,19375,1198359,Matched,Block,,22ND AVE E BETWEEN E LYNN ST AND E MCGRAW ST,,,1,Property Damage Only Collision,Parked Car,2,0,0,2,2004/11/08 00:00:00+00,11/8/2004,Mid-Block (not related to intersection),16,"MOTOR VEHICLE STRUCK MOTOR VEHICLE, LEFT SIDE SIDESWIPE",,0,Clear,Dry,Daylight,,4313029.0,,32,One parked--one moving,0,0,N
5340,1,-122.34469409999998,47.70505121,6500,19154,19154,1778800,Matched,Intersection,36360.0,AURORA AVE N AND N NORTHGATE WAY,,,1,Property Damage Only Collision,Angles,2,0,0,2,2004/07/31 00:00:00+00,7/31/2004 6:00:00 PM,At Intersection (intersection related),11,"MOTOR VEHICLE STRUCK MOTOR VEHICLE, FRONT END AT ANGLE",,1,Clear,Dry,Daylight,,4213012.0,,10,Entering at angle,0,0,N
5341,1,-122.34728590000002,47.6683659,6501,19736,19736,1211845,Matched,Block,,AURORA AVE N BETWEEN N 50 UPPER ST AND N 59TH ST,,,1,Property Damage Only Collision,Sideswipe,2,0,0,2,2004/01/22 00:00:00+00,1/22/2004 9:40:00 AM,Mid-Block (not related to intersection),16,"MOTOR VEHICLE STRUCK MOTOR VEHICLE, LEFT SIDE SIDESWIPE",,0,Clear,Dry,Daylight,,4022026.0,,11,From same direction - both going straight - both moving - sideswipe,0,0,N
5342,1,-122.3200943,47.67149827,6502,20014,20014,1211846,Matched,Intersection,25731.0,8TH AVE NE AND NE 59TH ST,,,1,Property Damage Only Collision,Other,1,0,0,1,2004/02/04 00:00:00+00,2/4/2004,At Intersection (intersection related),26,MOTOR VEHICLE STRUCK OBJECT IN ROAD,Y,0,Overcast,Dry,Dark - Street Lights On,,4035018.0,,50,Fixed object,0,0,N
5343,1,-122.3345028,47.53960566,6503,19150,19150,1788934,Matched,Block,,1ST AVE S BETWEEN SW MICHIGAN ST AND WEST MARGINAL WAY S,,,1,Property Damage Only Collision,Other,1,0,0,1,2004/05/12 00:00:00+00,5/12/2004 3:00:00 PM,Mid-Block (not related to intersection),28,MOTOR VEHICLE RAN OFF ROAD - HIT FIXED OBJECT,Y,0,Clear,Dry,Daylight,,4133005.0,,50,Fixed object,0,0,N
5344,1,-122.27520859999998,47.52217553,6504,19342,19342,1779558,Matched,Block,,RENTON AVE S BETWEEN S HENDERSON ST AND S BARTON ST,,,1,Property Damage Only Collision,Right Turn,2,0,0,2,2004/03/11 00:00:00+00,3/11/2004 2:07:00 PM,Mid-Block (but intersection related),16,"MOTOR VEHICLE STRUCK MOTOR VEHICLE, LEFT SIDE SIDESWIPE",Y,0,Clear,Dry,Daylight,,4071015.0,,16,From same direction - one right turn - one straight,0,0,N
5345,1,-122.3539429,47.65212542,6508,19172,19172,1220354,Matched,Block,,N 36TH ST BETWEEN PHINNEY AVE N AND FRANCIS AVE N,,,1,Property Damage Only Collision,Parked Car,2,0,0,2,2004/08/04 00:00:00+00,8/4/2004,Mid-Block (not related to intersection),11,"MOTOR VEHICLE STRUCK MOTOR VEHICLE, FRONT END AT ANGLE",,1,Clear,Dry,Dark - Street Lights On,,4217005.0,,19,One car entering parked position,0,0,N
5346,2,-122.3051476,47.61767457,6510,19620,19620,1798858,Matched,Block,,E MADISON ST BETWEEN 20TH AVE AND E DENNY WAY,,,2,Injury Collision,Other,3,0,0,2,2004/11/24 00:00:00+00,11/24/2004 3:22:00 PM,Mid-Block (not related to intersection),11,"MOTOR VEHICLE STRUCK MOTOR VEHICLE, FRONT END AT ANGLE",,0,Raining,Wet,Daylight,,4329034.0,,23,From same direction - all others,0,0,N
5347,1,-122.3539597,47.69331227,6512,20028,20028,1079951,Matched,Block,,PHINNEY AVE N BETWEEN N 87TH ST AND N 90TH ST,,,1,Property Damage Only Collision,Other,2,0,0,2,2004/06/26 00:00:00+00,6/26/2004 3:30:00 PM,Mid-Block (but intersection related),11,"MOTOR VEHICLE STRUCK MOTOR VEHICLE, FRONT END AT ANGLE",,0,Clear,Dry,Daylight,,4178020.0,,23,From same direction - all others,0,0,N
5348,1,-122.3148577,47.70777588,6515,20457,20457,1774696,Matched,Block,,12TH AVE NE BETWEEN NE 108TH ST AND NE NORTHGATE WAY,,,1,Property Damage Only Collision,Parked Car,2,0,0,2,2004/02/11 00:00:00+00,2/11/2004 7:30:00 AM,Mid-Block (not related to intersection),13,"MOTOR VEHICLE STRUCK MOTOR VEHICLE, LEFT SIDE AT ANGLE",,0,Clear,Dry,Daylight,,4042041.0,,32,One parked--one moving,0,0,N
5349,2,-122.3604696,47.52648847,6516,19819,19819,1789114,Matched,Intersection,34850.0,DELRIDGE WAY SW AND SW CLOVERDALE ST,,,2,Injury Collision,Cycles,2,0,1,1,2004/05/05 00:00:00+00,5/5/2004,At Intersection (intersection related),51,PEDALCYCLIST STRUCK MOTOR VEHICLE FRONT END AT ANGLE,,0,Clear,Dry,Daylight,,4126042.0,,45,Vehicle - Pedalcyclist,0,0,N
5350,2,-122.30259720000001,47.61710747,6517,20493,20493,1216647,Matched,Intersection,29988.0,23RD AVE AND E OLIVE N ST,,,2,Injury Collision,Pedestrian,2,1,0,1,2004/09/16 00:00:00+00,9/16/2004 4:32:00 PM,At Intersection (intersection related),24,MOTOR VEHCILE STRUCK PEDESTRIAN,,0,Raining,Wet,Daylight,Y,4260014.0,,2,Vehicle turning left hits pedestrian,0,0,N
5351,1,-122.39387190000001,47.54677191,6518,19660,19660,1787914,Matched,Intersection,32918.0,48TH AVE SW AND SW GRAHAM ST,,,1,Property Damage Only Collision,Angles,2,0,0,2,2004/04/07 00:00:00+00,4/7/2004,At Intersection (intersection related),11,"MOTOR VEHICLE STRUCK MOTOR VEHICLE, FRONT END AT ANGLE",,0,Overcast,Wet,Daylight,,4098008.0,,10,Entering at angle,0,0,N
5352,1,-122.34756809999999,47.62449513,6520,20195,20195,1326713,Matched,Intersection,28914.0,5TH AVE N AND MERCER ST,,,1,Property Damage Only Collision,Angles,6,0,0,2,2004/01/24 00:00:00+00,1/24/2004 3:39:00 AM,At Intersection (intersection related),11,"MOTOR VEHICLE STRUCK MOTOR VEHICLE, FRONT END AT ANGLE",,1,Raining,Wet,Dark - Street Lights On,,4024004.0,,10,Entering at angle,0,0,N
5353,1,-122.3604648,47.52738604,6521,20317,20317,1227025,Matched,Block,,DELRIDGE WAY SW BETWEEN SW THISTLE ST AND SW CLOVERDALE ST,,,1,Property Damage Only Collision,Other,2,0,0,2,2004/06/04 00:00:00+00,6/4/2004,Driveway Junction,11,"MOTOR VEHICLE STRUCK MOTOR VEHICLE, FRONT END AT ANGLE",,0,Clear,Dry,Daylight,,4156039.0,,22,One car leaving driveway access,0,0,N
5354,1,-122.3200539,47.67542229,6522,19880,19880,1780441,Matched,Block,,8TH AVE NE BETWEEN NE 64TH ST AND NE 65TH ST,,,1,Property Damage Only Collision,Other,2,0,0,2,2004/06/12 00:00:00+00,6/12/2004 8:05:00 AM,Driveway Junction,11,"MOTOR VEHICLE STRUCK MOTOR VEHICLE, FRONT END AT ANGLE",,0,Clear,Dry,Daylight,,4164038.0,,21,One car entering driveway access,0,0,N
5355,2,-122.3344053,47.52623509,6524,19357,19357,1781242,Matched,Intersection,35174.0,1ST AVE S AND S CLOVERDALE W ST,,,2,Injury Collision,Angles,2,0,0,2,2004/09/27 00:00:00+00,9/27/2004 4:08:00 PM,At Intersection (intersection related),11,"MOTOR VEHICLE STRUCK MOTOR VEHICLE, FRONT END AT ANGLE",,0,Clear,Dry,Daylight,,4271005.0,,10,Entering at angle,0,0,N
5356,1,-122.3121886,47.60920827,6526,20007,20007,1797977,Matched,Block,,E COLUMBIA ST BETWEEN 15TH AVE AND 16TH AVE,,,1,Property Damage Only Collision,Parked Car,3,0,0,3,2004/09/29 00:00:00+00,9/29/2004 9:00:00 AM,Driveway Junction,14,"MOTOR VEHICLE STRUCK MOTOR VEHICLE, REAR END",,0,Unknown,Unknown,Unknown,,4273011.0,,32,One parked--one moving,0,0,N
5357,2,-122.32964540000002,47.60251994,6527,19261,19261,1213635,Matched,Intersection,30484.0,4TH AVE AND JEFFERSON ST,,,2,Injury Collision,Cycles,2,0,1,1,2004/10/11 00:00:00+00,10/11/2004 1:45:00 PM,At Intersection (intersection related),18,"MOTOR VEHICLE STRUCK PEDALCYCLIST, FRONT END AT ANGLE",,0,Clear,Dry,Daylight,Y,4285017.0,,45,Vehicle - Pedalcyclist,0,0,N
5358,1,-122.25822930000001,47.51167713,6529,20115,20115,1793630,Matched,Intersection,38200.0,60TH AVE S AND S COOPER ST,,,1,Property Damage Only Collision,Other,1,0,0,1,2004/08/07 00:00:00+00,8/7/2004,At Intersection (intersection related),28,MOTOR VEHICLE RAN OFF ROAD - HIT FIXED OBJECT,,0,Raining,Wet,Dark - Street Lights On,,4220027.0,Y,50,Fixed object,0,0,N
5359,1,-122.3173635,47.6720149,6532,19304,19304,1329250,Matched,Intersection,25730.0,ROOSEVELT WAY NE AND NE RAVENNA EB BV,,,1,Property Damage Only Collision,Left Turn,2,0,0,2,2004/03/11 00:00:00+00,3/11/2004 3:34:00 PM,At Intersection (intersection related),11,"MOTOR VEHICLE STRUCK MOTOR VEHICLE, FRONT END AT ANGLE",,0,Clear,Dry,Daylight,,4071023.0,,28,From opposite direction - one left turn - one straight,0,0,N
5360,1,-122.3275249,47.70862158,6533,19907,19907,1793715,Matched,Block,,NE NORTHGATE WAY BETWEEN 1ST AVE NE AND NE NORTHGATE DR,,,1,Property Damage Only Collision,Sideswipe,2,0,0,2,2004/06/09 00:00:00+00,6/9/2004,Mid-Block (but intersection related),11,"MOTOR VEHICLE STRUCK MOTOR VEHICLE, FRONT END AT ANGLE",,0,Clear,Dry,Daylight,,4161012.0,,12,From same direction - both going straight - one stopped - sideswipe,0,0,N
5361,1,-122.3119268,47.66565918,6534,20591,20591,1080196,Matched,Block,,15TH AVE NE BETWEEN NE 50TH ST AND NE 52ND ST,,,1,Property Damage Only Collision,Parked Car,7,0,0,4,2004/11/27 00:00:00+00,11/27/2004 9:52:00 PM,Mid-Block (not related to intersection),11,"MOTOR VEHICLE STRUCK MOTOR VEHICLE, FRONT END AT ANGLE",Y,0,Clear,Dry,Dark - Street Lights On,,4332023.0,,20,One car leaving parked position,0,0,N
5362,1,-122.34942350000001,47.55569473,6535,19212,19212,858398,Matched,Block,,WEST MARGINAL WAY SW BETWEEN PUGET WAY SW AND SW BRANDON ST,,,1,Property Damage Only Collision,Parked Car,0,0,0,3,2004/03/26 00:00:00+00,3/26/2004 11:29:00 AM,Mid-Block (not related to intersection),26,MOTOR VEHICLE STRUCK OBJECT IN ROAD,Y,0,Raining,Wet,Daylight,,4086010.0,,32,One parked--one moving,0,0,N
5363,2,-122.3295808,47.54925641,6536,20259,20259,1775329,Matched,Block,,4TH AVE S BETWEEN S FIDALGO ST AND S FRONT ST,,,2,Injury Collision,Rear Ended,2,0,0,2,2004/03/02 00:00:00+00,3/2/2004,Mid-Block (not related to intersection),14,"MOTOR VEHICLE STRUCK MOTOR VEHICLE, REAR END",Y,0,Clear,Dry,Daylight,,4062012.0,,14,From same direction - both going straight - one stopped - rear-end,0,0,N
5364,2,-122.3126788,47.71941404,6537,19691,19691,1780424,Matched,Intersection,36427.0,15TH AVE NE AND NE 125TH ST,,,2,Injury Collision,Angles,2,0,0,2,2004/05/31 00:00:00+00,5/31/2004 1:00:00 PM,At Intersection (intersection related),11,"MOTOR VEHICLE STRUCK MOTOR VEHICLE, FRONT END AT ANGLE",,0,Clear,Dry,Daylight,,4152009.0,,10,Entering at angle,0,0,N
5365,1,-122.32709679999999,47.61147901,6539,19644,19644,1772192,Matched,Intersection,29898.0,BOREN AVE AND UNIVERSITY ST,,,1,Property Damage Only Collision,Left Turn,2,0,0,2,2004/07/10 00:00:00+00,7/10/2004 1:48:00 PM,At Intersection (intersection related),11,"MOTOR VEHICLE STRUCK MOTOR VEHICLE, FRONT END AT ANGLE",,0,Overcast,Dry,Daylight,,4192022.0,,28,From opposite direction - one left turn - one straight,0,0,N
5366,1,-122.3240446,47.66076953,6540,19924,19924,1782330,Matched,Block,,4TH AVE NE BETWEEN NE 44TH ST AND NE 45TH ST,,,1,Property Damage Only Collision,Parked Car,2,0,0,2,2004/05/18 00:00:00+00,5/18/2004 2:00:00 PM,Mid-Block (but intersection related),14,"MOTOR VEHICLE STRUCK MOTOR VEHICLE, REAR END",,0,Clear,Dry,Daylight,,4139034.0,,32,One parked--one moving,0,0,N
5367,2,-122.3197729,47.66131275,6541,20166,20166,1773805,Matched,Intersection,27069.0,8TH AVE NE AND NE 45TH W ST,,,2,Injury Collision,Rear Ended,6,0,0,2,2004/01/13 00:00:00+00,1/13/2004 8:58:00 PM,At Intersection (but not related to intersection),14,"MOTOR VEHICLE STRUCK MOTOR VEHICLE, REAR END",Y,0,Clear,Dry,Dark - Street Lights On,,4013028.0,,14,From same direction - both going straight - one stopped - rear-end,0,0,N
5368,2,-122.32174679999999,47.6795126,6544,19808,19808,1797043,Matched,Intersection,24459.0,6TH AVE NE AND NE 70TH S ST,,,2,Injury Collision,Angles,2,0,0,2,2004/11/23 00:00:00+00,11/23/2004 5:40:00 PM,At Intersection (intersection related),11,"MOTOR VEHICLE STRUCK MOTOR VEHICLE, FRONT END AT ANGLE",,0,Raining,Wet,Dark - Street Lights On,,4328030.0,,10,Entering at angle,0,0,N
5369,1,-122.3193582,47.61196627,6545,19704,19704,1772993,Matched,Block,,10TH AVE BETWEEN E MADISON ST AND E SENECA ST,,,1,Property Damage Only Collision,Parked Car,2,0,0,2,2004/06/09 00:00:00+00,6/9/2004,Mid-Block (not related to intersection),11,"MOTOR VEHICLE STRUCK MOTOR VEHICLE, FRONT END AT ANGLE",,0,Clear,Dry,Daylight,,4161020.0,,32,One parked--one moving,0,0,N
5370,2,-122.35474409999999,47.62544983,6546,19411,19411,1482509,Matched,Block,,ROY ST BETWEEN 1ST AVE N AND WARREN AVE N,,,2,Injury Collision,Rear Ended,6,0,0,3,2004/07/14 00:00:00+00,7/14/2004 1:49:00 PM,Mid-Block (but intersection related),14,"MOTOR VEHICLE STRUCK MOTOR VEHICLE, REAR END",,0,Clear,Dry,Daylight,,4196039.0,,13,From same direction - both going straight - both moving - rear-end,0,0,N
5371,1,-122.35627350000001,47.63715725,6547,19187,19187,1777206,Matched,Block,,CROCKETT ST BETWEEN QUEEN ANNE AVE N AND 1ST S AVE N,,,1,Property Damage Only Collision,Parked Car,2,0,0,2,2004/01/29 00:00:00+00,1/29/2004 1:59:00 PM,Mid-Block (not related to intersection),16,"MOTOR VEHICLE STRUCK MOTOR VEHICLE, LEFT SIDE SIDESWIPE",,0,Raining,Wet,Daylight,,4029022.0,,32,One parked--one moving,0,0,N
5372,1,-122.37895590000001,47.69242367,6548,20271,20271,1779818,Matched,Intersection,36967.0,17TH AVE NW AND NW 87TH ST,,,1,Property Damage Only Collision,Angles,2,0,0,2,2004/05/05 00:00:00+00,5/5/2004,At Intersection (intersection related),11,"MOTOR VEHICLE STRUCK MOTOR VEHICLE, FRONT END AT ANGLE",,0,Clear,Dry,Daylight,,4126027.0,,10,Entering at angle,0,0,N
5373,2,-122.32474930000001,47.6055547,6549,20483,20483,1319794,Matched,Intersection,29959.0,9TH AVE AND JAMES ST,,,2,Injury Collision,Sideswipe,3,0,0,2,2004/03/12 00:00:00+00,3/12/2004 7:01:00 AM,At Intersection (intersection related),16,"MOTOR VEHICLE STRUCK MOTOR VEHICLE, LEFT SIDE SIDESWIPE",,0,Clear,Dry,Daylight,,4072029.0,,71,Same direction -- both turning right -- both moving -- sideswipe,0,0,N
5374,1,-122.3292794,47.59030786,6550,19378,19378,1213644,Matched,Intersection,163340.0,4TH AVE SB OFF RP AND EDGAR MARTINEZ DR S,,,1,Property Damage Only Collision,Angles,4,0,0,2,2004/12/10 00:00:00+00,12/10/2004 11:44:00 AM,At Intersection (intersection related),11,"MOTOR VEHICLE STRUCK MOTOR VEHICLE, FRONT END AT ANGLE",,0,Raining,Wet,Daylight,,4345069.0,,10,Entering at angle,0,0,N