,SEVERITYCODE,X,Y,OBJECTID,INCKEY,COLDETKEY,REPORTNO,STATUS,ADDRTYPE,INTKEY,LOCATION,EXCEPTRSNCODE,EXCEPTRSNDESC,SEVERITYCODE.1,SEVERITYDESC,COLLISIONTYPE,PERSONCOUNT,PEDCOUNT,PEDCYLCOUNT,VEHCOUNT,INCDATE,INCDTTM,JUNCTIONTYPE,SDOT_COLCODE,SDOT_COLDESC,INATTENTIONIND,UNDERINFL,WEATHER,ROADCOND,LIGHTCOND,PEDROWNOTGRNT,SDOTCOLNUM,SPEEDING,ST_COLCODE,ST_COLDESC,SEGLANEKEY,CROSSWALKKEY,HITPARKEDCAR
5375,1,-122.36619099999999,47.66048198,6552,20048,20048,1080029,Matched,Intersection,26607.0,8TH AVE NW AND LEARY WAY NW,,,1,Property Damage Only Collision,Left Turn,5,0,0,2,2004/06/29 00:00:00+00,6/29/2004 5:00:00 PM,At Intersection (intersection related),11,"MOTOR VEHICLE STRUCK MOTOR VEHICLE, FRONT END AT ANGLE",,0,Clear,Dry,Daylight,,4181038.0,,28,From opposite direction - one left turn - one straight,0,0,N
5376,1,-122.34654420000001,47.72139489,6553,20732,20732,1079658,Matched,Block,,N 127TH ST BETWEEN DEAD END 2 AND AURORA AVE N,,,1,Property Damage Only Collision,Sideswipe,2,0,0,2,2004/09/13 00:00:00+00,9/13/2004 2:26:00 AM,Mid-Block (not related to intersection),16,"MOTOR VEHICLE STRUCK MOTOR VEHICLE, LEFT SIDE SIDESWIPE",,0,Clear,Dry,Dark - Street Lights On,,4257043.0,,26,From opposite direction - both going straight - sideswipe,0,0,N
5377,2,-122.317228,47.59833759,6554,20749,20749,1788582,Matched,Intersection,30430.0,12TH AVE S AND S KING ST,,,2,Injury Collision,Angles,6,0,0,3,2004/04/28 00:00:00+00,4/28/2004 9:18:00 PM,At Intersection (intersection related),11,"MOTOR VEHICLE STRUCK MOTOR VEHICLE, FRONT END AT ANGLE",,0,Clear,Dry,Dark - Street Lights On,,4119004.0,,10,Entering at angle,0,0,N
5378,2,-122.3302243,47.60819781,6556,20258,20258,1216851,Matched,Intersection,29927.0,7TH AVE AND SPRING ST,,,2,Injury Collision,Angles,3,0,0,2,2004/07/03 00:00:00+00,7/3/2004,At Intersection (intersection related),11,"MOTOR VEHICLE STRUCK MOTOR VEHICLE, FRONT END AT ANGLE",,0,Raining,Wet,Dawn,,4185022.0,,10,Entering at angle,0,0,N
5379,1,-122.30276440000002,47.60563158,6557,19695,19695,1216658,Matched,Block,,23RD AVE BETWEEN E TERRACE ST AND E JEFFERSON ST,,,1,Property Damage Only Collision,Rear Ended,2,0,0,2,2004/10/05 00:00:00+00,10/5/2004,Mid-Block (but intersection related),14,"MOTOR VEHICLE STRUCK MOTOR VEHICLE, REAR END",,0,Raining,Wet,Dark - Street Lights On,,4279057.0,,14,From same direction - both going straight - one stopped - rear-end,0,0,N
5380,2,-122.37260719999999,47.57900158,6558,20359,20359,1788970,Matched,Block,,HARBOR AVE SW BETWEEN SW FLORIDA ST AND SW HARBOR LN,,,2,Injury Collision,Other,4,0,0,2,2004/01/05 00:00:00+00,1/5/2004,Mid-Block (not related to intersection),11,"MOTOR VEHICLE STRUCK MOTOR VEHICLE, FRONT END AT ANGLE",,0,Clear,Dry,Daylight,,4005007.0,,23,From same direction - all others,0,0,N
5381,2,-122.2879588,47.54608596,6559,19549,19549,1771382,Matched,Block,,S GRAHAM ST BETWEEN 33RD AVE S AND M L KING JR WR WAY S,,,2,Injury Collision,Rear Ended,3,0,0,2,2004/01/31 00:00:00+00,1/31/2004 2:02:00 PM,Mid-Block (not related to intersection),14,"MOTOR VEHICLE STRUCK MOTOR VEHICLE, REAR END",,0,Overcast,Wet,Daylight,,4031032.0,,14,From same direction - both going straight - one stopped - rear-end,0,0,N
5382,2,-122.3875581,47.70046358,6561,20067,20067,1780673,Matched,Intersection,36912.0,24TH AVE NW AND NW 98TH N ST,,,2,Injury Collision,Cycles,2,1,1,0,2004/02/29 00:00:00+00,2/29/2004 3:21:00 PM,At Intersection (intersection related),64,PEDALCYCLIST STRUCK PEDESTRIAN,,0,Clear,Dry,Daylight,,4060004.0,,45,Vehicle - Pedalcyclist,0,0,N
5383,1,-122.31678070000001,47.67655647,6562,20335,20335,1220132,Matched,Block,,NE 66TH ST BETWEEN ROOSEVELT WAY NE AND DEAD END,,,1,Property Damage Only Collision,Parked Car,2,0,0,2,2004/09/02 00:00:00+00,9/2/2004,Mid-Block (not related to intersection),11,"MOTOR VEHICLE STRUCK MOTOR VEHICLE, FRONT END AT ANGLE",,0,Clear,Dry,Daylight,,4246029.0,,32,One parked--one moving,0,0,N
5384,2,-122.3068867,47.66125746,6563,19673,19673,1782971,Matched,Block,,NE 45TH ST BETWEEN 19TH AVE NE AND 20TH AVE NE,,,2,Injury Collision,Other,1,0,0,1,2004/04/10 00:00:00+00,4/10/2004 8:25:00 AM,Mid-Block (not related to intersection),28,MOTOR VEHICLE RAN OFF ROAD - HIT FIXED OBJECT,,0,Clear,Dry,Daylight,,4101002.0,,50,Fixed object,0,0,N
5385,1,-122.27901340000001,47.52611725,6564,19589,19589,1793504,Matched,Intersection,487284.0,M L KING JR ER WAY S AND S CLOVERDALE ST,,,1,Property Damage Only Collision,Left Turn,3,0,0,2,2004/09/23 00:00:00+00,9/23/2004 9:40:00 PM,At Intersection (intersection related),11,"MOTOR VEHICLE STRUCK MOTOR VEHICLE, FRONT END AT ANGLE",,0,Clear,Dry,Dark - Street Lights On,,4267034.0,,28,From opposite direction - one left turn - one straight,0,0,N
5386,1,-122.32789109999999,47.65462125,6565,20185,20185,1782641,Matched,Block,,1ST AVE NE BETWEEN NE PACIFIC ST AND NE 40TH ST,,,1,Property Damage Only Collision,Parked Car,2,0,0,2,2004/04/09 00:00:00+00,4/9/2004,Mid-Block (not related to intersection),13,"MOTOR VEHICLE STRUCK MOTOR VEHICLE, LEFT SIDE AT ANGLE",,0,Unknown,Unknown,Unknown,,4100026.0,,32,One parked--one moving,0,0,N
5387,1,-122.38759809999999,47.69057545,6566,19870,19870,1221166,Matched,Intersection,36974.0,24TH AVE NW AND NW 85TH ST,,,1,Property Damage Only Collision,Angles,5,0,0,2,2004/03/08 00:00:00+00,3/8/2004,At Intersection (intersection related),11,"MOTOR VEHICLE STRUCK MOTOR VEHICLE, FRONT END AT ANGLE",,0,Clear,Dry,Dusk,,4068024.0,,10,Entering at angle,0,0,N
5388,1,-122.34564420000001,47.612272999999995,6567,19285,19285,1326657,Matched,Block,,BLANCHARD ST BETWEEN WESTERN AVE AND 1ST AVE,,,1,Property Damage Only Collision,Parked Car,2,0,0,2,2004/09/25 00:00:00+00,9/25/2004 8:00:00 PM,Mid-Block (not related to intersection),14,"MOTOR VEHICLE STRUCK MOTOR VEHICLE, REAR END",,0,Unknown,Unknown,Unknown,,4269002.0,,32,One parked--one moving,0,0,N
5389,1,-122.3553393,47.61741741,6570,20643,20643,1777949,Matched,Block,,WESTERN AVE BETWEEN EAGLE ST AND BAY ST,,,1,Property Damage Only Collision,Parked Car,2,0,0,2,2004/04/07 00:00:00+00,4/7/2004,Mid-Block (not related to intersection),16,"MOTOR VEHICLE STRUCK MOTOR VEHICLE, LEFT SIDE SIDESWIPE",,0,Clear,Dry,Dark - Street Lights Off,,4098028.0,,32,One parked--one moving,0,0,N
5390,1,-122.29117409999999,47.71381352,6572,19456,19456,1780527,Matched,Block,,35TH AVE NE BETWEEN 34TH AVE NE AND 33RD PL NE,,,1,Property Damage Only Collision,Parked Car,3,0,0,2,2004/01/02 00:00:00+00,1/2/2004,Mid-Block (not related to intersection),14,"MOTOR VEHICLE STRUCK MOTOR VEHICLE, REAR END",,0,Clear,Ice,Daylight,,4002071.0,Y,32,One parked--one moving,0,0,N
5391,1,-122.28240859999998,47.61523113,6573,20256,20256,1216592,Matched,Block,,E PINE ST BETWEEN EVERGREEN PL AND 40TH AVE,,,1,Property Damage Only Collision,Parked Car,2,0,0,2,2004/07/16 00:00:00+00,7/16/2004 11:00:00 AM,Mid-Block (but intersection related),14,"MOTOR VEHICLE STRUCK MOTOR VEHICLE, REAR END",,0,Clear,Dry,Daylight,,4198014.0,,32,One parked--one moving,0,0,N
5392,2,-122.3543582,47.67688419,6574,19515,19515,1773765,Matched,Block,,PHINNEY AVE N BETWEEN N 65TH ST AND N 67TH S ST,,,2,Injury Collision,Other,1,0,0,1,2004/01/28 00:00:00+00,1/28/2004 10:12:00 AM,Mid-Block (but intersection related),29,MOTOR VEHICLE OVERTURNED IN ROAD,,0,Raining,Wet,Daylight,,4028029.0,Y,52,Vehicle overturned,0,0,N
5393,1,-122.31351770000002,47.69398666,6577,19888,19888,1778895,Matched,Block,,NE 90TH ST BETWEEN 12TH AVE NE AND 15TH AVE NE,,,1,Property Damage Only Collision,Parked Car,2,0,0,2,2004/09/05 00:00:00+00,9/5/2004,Mid-Block (not related to intersection),14,"MOTOR VEHICLE STRUCK MOTOR VEHICLE, REAR END",Y,0,Clear,Dry,Daylight,,4249011.0,,32,One parked--one moving,0,0,N
5394,2,-122.34088059999999,47.57175135,6578,19716,19716,1213607,Matched,Block,,ALASKAN WY VI SB WSB WB OFF RP BETWEEN ALASKAN WY VI SB AND WEST SEATTLE BR WB,,,2,Injury Collision,Other,1,0,0,1,2004/05/23 00:00:00+00,5/23/2004 12:52:00 AM,Mid-Block (not related to intersection),28,MOTOR VEHICLE RAN OFF ROAD - HIT FIXED OBJECT,Y,0,Overcast,Dry,Dark - Street Lights On,,4144005.0,,50,Fixed object,0,0,N
5395,1,-122.2908185,47.70657855,6579,19142,19142,1476321,Matched,Block,,35TH AVE NE BETWEEN NE 105TH ST AND NE 110TH ST,,,1,Property Damage Only Collision,Parked Car,2,0,0,2,2004/02/04 00:00:00+00,2/4/2004,Mid-Block (not related to intersection),13,"MOTOR VEHICLE STRUCK MOTOR VEHICLE, LEFT SIDE AT ANGLE",Y,0,Overcast,Wet,Daylight,,4035023.0,,32,One parked--one moving,0,0,N
5396,1,-122.33250670000001,47.61799312,6580,20745,20745,1783783,Matched,Block,,MINOR AVE BETWEEN STEWART ST AND VIRGINIA ST,,,1,Property Damage Only Collision,Parked Car,2,0,0,2,2004/08/10 00:00:00+00,8/10/2004 1:19:00 AM,Mid-Block (not related to intersection),0,NOT ENOUGH INFORMATION / NOT APPLICABLE,,0,Unknown,Unknown,Unknown,,4223008.0,,32,One parked--one moving,0,0,N
5397,2,-122.284823,47.6685093,6582,20757,20757,1782774,Matched,Intersection,26218.0,40TH AVE NE AND NE 55TH ST,,,2,Injury Collision,Cycles,2,0,1,1,2004/08/20 00:00:00+00,8/20/2004 5:20:00 PM,At Intersection (intersection related),51,PEDALCYCLIST STRUCK MOTOR VEHICLE FRONT END AT ANGLE,,0,Clear,Dry,Daylight,,4233005.0,,45,Vehicle - Pedalcyclist,0,0,N
5398,1,-122.31145890000002,47.61586026,6583,19658,19658,1787288,Matched,Block,,16TH AVE BETWEEN E PINE ST AND E OLIVE ST,,,1,Property Damage Only Collision,Parked Car,2,0,0,2,2004/06/28 00:00:00+00,6/28/2004 5:00:00 PM,Mid-Block (not related to intersection),13,"MOTOR VEHICLE STRUCK MOTOR VEHICLE, LEFT SIDE AT ANGLE",,0,Clear,Dry,Daylight,,4180009.0,,32,One parked--one moving,0,0,N
5399,1,-122.338251,47.60385129,6584,19451,19451,1482702,Matched,Block,,MADISON ST BETWEEN ALASKAN WAY AND ALASKAN E RDWY WAY,,,1,Property Damage Only Collision,Other,2,0,0,2,2004/05/07 00:00:00+00,5/7/2004,Mid-Block (but intersection related),11,"MOTOR VEHICLE STRUCK MOTOR VEHICLE, FRONT END AT ANGLE",Y,0,Overcast,Dry,Daylight,,4128029.0,,23,From same direction - all others,0,0,N
5400,1,-122.3609014,47.62069886,6585,19761,19761,1316824,Matched,Block,,WESTERN AVE W BETWEEN 3RD AVE W AND ELLIOTT AVE W,,,1,Property Damage Only Collision,Parked Car,2,0,0,2,2004/03/08 00:00:00+00,3/8/2004,Mid-Block (not related to intersection),14,"MOTOR VEHICLE STRUCK MOTOR VEHICLE, REAR END",,0,Overcast,Dry,Daylight,,4068018.0,Y,32,One parked--one moving,0,0,N
5401,1,-122.31271059999999,47.58636028,6586,20611,20611,1771661,Matched,Block,,S HOLGATE ST BETWEEN 15TH AVE S AND 16TH AVE S,,,1,Property Damage Only Collision,Parked Car,2,0,0,2,2004/03/05 00:00:00+00,3/5/2004,Mid-Block (but intersection related),14,"MOTOR VEHICLE STRUCK MOTOR VEHICLE, REAR END",,0,Clear,Dry,Daylight,,4065009.0,,32,One parked--one moving,0,0,N
5402,1,-122.3606534,47.68364075,6588,19495,19495,1219907,Matched,Block,,3RD AVE NW BETWEEN NW 75TH ST AND NW 76TH ST,,,1,Property Damage Only Collision,Parked Car,2,0,0,2,2004/11/07 00:00:00+00,11/7/2004,Mid-Block (not related to intersection),16,"MOTOR VEHICLE STRUCK MOTOR VEHICLE, LEFT SIDE SIDESWIPE",Y,0,Unknown,Unknown,Dark - Street Lights On,,4312020.0,,32,One parked--one moving,0,0,N
5403,1,-122.33506409999998,47.69958313,6590,20142,20142,1779723,Matched,Intersection,37304.0,COLLEGE WAY N AND N 97TH ST,,,1,Property Damage Only Collision,Angles,2,0,0,2,2004/04/19 00:00:00+00,4/19/2004 3:57:00 PM,At Intersection (intersection related),11,"MOTOR VEHICLE STRUCK MOTOR VEHICLE, FRONT END AT ANGLE",,0,Raining,Wet,Daylight,,4110011.0,,10,Entering at angle,0,0,N
5404,1,-122.3741041,47.69493386,6591,20814,20814,1774109,Matched,Block,,14TH AVE NW BETWEEN NW 90TH ST AND HOLMAN RD NW,,,1,Property Damage Only Collision,Other,4,0,0,2,2004/01/17 00:00:00+00,1/17/2004 1:37:00 PM,Driveway Junction,11,"MOTOR VEHICLE STRUCK MOTOR VEHICLE, FRONT END AT ANGLE",,0,Overcast,Wet,Daylight,,4017017.0,Y,22,One car leaving driveway access,0,0,N
5405,1,-122.3576865,47.64777613,6593,19189,19189,1777322,Matched,Intersection,26700.0,ETRURIA ST AND QUEEN ANNE AVE N,,,1,Property Damage Only Collision,Angles,3,0,0,2,2004/04/15 00:00:00+00,4/15/2004 10:59:00 AM,At Intersection (intersection related),11,"MOTOR VEHICLE STRUCK MOTOR VEHICLE, FRONT END AT ANGLE",,0,Clear,Dry,Daylight,,4106003.0,,10,Entering at angle,0,0,N
5406,1,-122.3528456,47.71143060000001,6594,20065,20065,1079617,Matched,Block,,DAYTON AVE N BETWEEN N 112TH ST AND N 115TH ST,,,1,Property Damage Only Collision,Parked Car,2,0,0,2,2004/09/29 00:00:00+00,9/29/2004 11:20:00 AM,Mid-Block (not related to intersection),28,MOTOR VEHICLE RAN OFF ROAD - HIT FIXED OBJECT,,0,Clear,Dry,Daylight,,4273025.0,,32,One parked--one moving,0,0,N
5407,2,-122.3133572,47.68668897,6595,19971,19971,C649613,Matched,Intersection,24398.0,LAKE CITY WAY NE AND NE 80TH ST,,,2,Injury Collision,Angles,2,0,0,2,2004/11/07 00:00:00+00,11/7/2004,At Intersection (intersection related),14,"MOTOR VEHICLE STRUCK MOTOR VEHICLE, REAR END",,0,Clear,Dry,Daylight,,4312030.0,,10,Entering at angle,0,0,N
5408,2,-122.345047,47.7295848,6596,20840,20840,1778544,Matched,Block,,AURORA AVE N BETWEEN N 137TH ST AND N 140TH ST,,,2,Injury Collision,Other,1,0,0,1,2004/04/11 00:00:00+00,4/11/2004 7:55:00 AM,Mid-Block (not related to intersection),28,MOTOR VEHICLE RAN OFF ROAD - HIT FIXED OBJECT,,0,Clear,Dry,Daylight,,4102010.0,,50,Fixed object,0,0,N
5409,2,-122.31789409999999,47.53708811,6597,19520,19520,1788915,Matched,Block,,EAST MARGINAL WAY S BETWEEN ELLIS AVE S AND S WEBSTER ST,,,2,Injury Collision,Other,3,0,0,2,2004/09/03 00:00:00+00,9/3/2004,Driveway Junction,11,"MOTOR VEHICLE STRUCK MOTOR VEHICLE, FRONT END AT ANGLE",,0,Clear,Dry,Daylight,,4247040.0,,22,One car leaving driveway access,0,0,N
5410,1,-122.29889979999999,47.60523328,6598,19296,19296,1217161,Matched,Block,,26TH AVE BETWEEN E ALDER ST AND E JEFFERSON ST,,,1,Property Damage Only Collision,Parked Car,2,0,0,2,2004/08/20 00:00:00+00,8/20/2004 12:25:00 PM,Mid-Block (but intersection related),16,"MOTOR VEHICLE STRUCK MOTOR VEHICLE, LEFT SIDE SIDESWIPE",Y,0,Clear,Dry,Daylight,,4233018.0,,32,One parked--one moving,0,0,N
5411,1,-122.33555030000001,47.68780586,6599,20189,20189,1931187,Matched,Block,,BURKE AVE N BETWEEN N 80TH ST AND N 82ND ST,,,1,Property Damage Only Collision,Parked Car,2,0,0,2,2004/11/24 00:00:00+00,11/24/2004 11:44:00 AM,Mid-Block (not related to intersection),11,"MOTOR VEHICLE STRUCK MOTOR VEHICLE, FRONT END AT ANGLE",,0,Unknown,Unknown,Unknown,,4329019.0,,32,One parked--one moving,0,0,N
5412,2,-122.362788,47.56914138,6601,19433,19433,1795178,Matched,Block,,DELRIDGE WAY SW BETWEEN DELRIDGE-W SEATTLE BR EB ON RP AND SW ANDOVER ST,,,2,Injury Collision,Rear Ended,5,0,0,2,2004/09/03 00:00:00+00,9/3/2004,Mid-Block (but intersection related),16,"MOTOR VEHICLE STRUCK MOTOR VEHICLE, LEFT SIDE SIDESWIPE",,0,Overcast,Dry,Dark - Street Lights On,,4247005.0,,14,From same direction - both going straight - one stopped - rear-end,0,0,N
5413,1,-122.38050349999999,47.67090634,6602,19613,19613,1779988,Matched,Block,,NW 58TH ST BETWEEN 17TH AVE NW AND 20TH AVE NW,,,1,Property Damage Only Collision,Parked Car,2,0,0,2,2004/07/18 00:00:00+00,7/18/2004 10:00:00 PM,Mid-Block (not related to intersection),12,"MOTOR VEHICLE STRUCK MOTOR VEHICLE, RIGHT SIDE AT ANGLE",,0,Clear,Dry,Dark - Street Lights On,,4200021.0,,32,One parked--one moving,0,0,N
5414,2,-122.34705509999999,47.6426257,6603,19791,19791,1215895,Matched,Block,,AURORA AVE N BETWEEN HALLADAY ST AND RAYE ST,,,2,Injury Collision,Rear Ended,3,0,0,2,2004/08/06 00:00:00+00,8/6/2004,Mid-Block (not related to intersection),14,"MOTOR VEHICLE STRUCK MOTOR VEHICLE, REAR END",,0,Overcast,Wet,Dusk,,4219047.0,,13,From same direction - both going straight - both moving - rear-end,0,0,N
5415,2,-122.3323553,47.60631958,6605,20354,20354,1776967,Matched,Block,,MADISON ST BETWEEN 4TH AVE AND 5TH AVE,,,2,Injury Collision,Rear Ended,2,0,0,2,2004/04/16 00:00:00+00,4/16/2004 6:53:00 AM,Mid-Block (but intersection related),14,"MOTOR VEHICLE STRUCK MOTOR VEHICLE, REAR END",Y,0,Overcast,Wet,Daylight,,4107033.0,,14,From same direction - both going straight - one stopped - rear-end,0,0,N
5416,2,-122.2860912,47.54701438,6606,19634,19634,1778986,Matched,Block,,M L KING JR WR WAY S BETWEEN S RAYMOND ST AND S GRAHAM ST,,,2,Injury Collision,Rear Ended,3,0,0,3,2004/02/05 00:00:00+00,2/5/2004,Mid-Block (but intersection related),14,"MOTOR VEHICLE STRUCK MOTOR VEHICLE, REAR END",,0,Clear,Dry,Daylight,,4036011.0,,14,From same direction - both going straight - one stopped - rear-end,0,0,N
5417,1,-122.38459669999999,47.57930283,6608,19764,19764,1482072,Matched,Block,,SW LANDER ST BETWEEN 41ST AVE SW AND 42ND AVE SW,,,1,Property Damage Only Collision,Parked Car,2,0,0,2,2004/07/01 00:00:00+00,7/1/2004,Mid-Block (not related to intersection),13,"MOTOR VEHICLE STRUCK MOTOR VEHICLE, LEFT SIDE AT ANGLE",,0,Clear,Dry,Dark - Street Lights On,,4183019.0,,32,One parked--one moving,0,0,N
5418,1,-122.28992290000001,47.56888238,6609,20620,20620,1478893,Matched,Block,,RAINIER AVE S BETWEEN S CHARLESTOWN ST AND S ANDOVER ST,,,1,Property Damage Only Collision,Other,2,0,0,2,2004/11/25 00:00:00+00,11/25/2004 10:25:00 PM,Mid-Block (not related to intersection),11,"MOTOR VEHICLE STRUCK MOTOR VEHICLE, FRONT END AT ANGLE",,0,Overcast,Dry,Dark - Street Lights On,,4330027.0,,23,From same direction - all others,0,0,N
5419,1,-122.31209080000001,47.65756047,6610,19368,19368,1635198,Matched,Block,,15TH AVE NE BETWEEN NE 41ST ST AND NE 42ND ST,,,1,Property Damage Only Collision,Rear Ended,2,0,0,2,2004/01/27 00:00:00+00,1/27/2004 7:04:00 PM,Mid-Block (but intersection related),14,"MOTOR VEHICLE STRUCK MOTOR VEHICLE, REAR END",Y,0,Clear,Dry,Dark - Street Lights On,,4027027.0,,14,From same direction - both going straight - one stopped - rear-end,0,0,N
5420,1,-122.31418659999999,47.66644343,6611,19440,19440,1209448,Matched,Intersection,25783.0,BROOKLYN AVE NE AND NE 52ND ST,,,1,Property Damage Only Collision,Angles,2,0,0,2,2004/04/21 00:00:00+00,4/21/2004 2:00:00 PM,At Intersection (intersection related),11,"MOTOR VEHICLE STRUCK MOTOR VEHICLE, FRONT END AT ANGLE",,0,Clear,Dry,Daylight,,4112033.0,,10,Entering at angle,0,0,N
5421,1,-122.33863459999999,47.62579577,6613,19722,19722,1214108,Matched,Intersection,28744.0,WESTLAKE AVE N AND VALLEY ST,,,1,Property Damage Only Collision,Angles,3,0,0,2,2004/07/17 00:00:00+00,7/17/2004 6:25:00 AM,At Intersection (intersection related),11,"MOTOR VEHICLE STRUCK MOTOR VEHICLE, FRONT END AT ANGLE",,1,Clear,Dry,Daylight,,4199038.0,,10,Entering at angle,0,0,N
5422,1,-122.334195,47.59135531,6614,19564,19564,1213605,Matched,Block,,1ST AVE S BETWEEN S ROYAL BROUGHAM WAY AND S ATLANTIC ST,,,1,Property Damage Only Collision,Sideswipe,5,0,0,2,2004/05/08 00:00:00+00,5/8/2004,Mid-Block (but intersection related),11,"MOTOR VEHICLE STRUCK MOTOR VEHICLE, FRONT END AT ANGLE",,0,Clear,Dry,Dark - Street Lights On,,4129034.0,,27,From opposite direction - both going straight - one stopped - sideswipe,0,0,N
5423,1,-122.3702416,47.6312875,6615,20239,20239,1783284,Matched,Block,,OLYMPIC WAY W BETWEEN W LEE ST AND 10TH AVE W,,,1,Property Damage Only Collision,Parked Car,2,0,0,2,2004/07/30 00:00:00+00,7/30/2004 2:30:00 AM,Mid-Block (not related to intersection),13,"MOTOR VEHICLE STRUCK MOTOR VEHICLE, LEFT SIDE AT ANGLE",,0,Unknown,Dry,Unknown,,4212023.0,,32,One parked--one moving,0,0,N
5424,1,-122.2963271,47.59625857,6617,20494,20494,1216653,Matched,Block,,28TH AVE S BETWEEN S LANE ST AND S DEARBORN N ST,,,1,Property Damage Only Collision,Parked Car,2,0,0,2,2004/06/15 00:00:00+00,6/15/2004 6:13:00 PM,Mid-Block (not related to intersection),13,"MOTOR VEHICLE STRUCK MOTOR VEHICLE, LEFT SIDE AT ANGLE",Y,0,Clear,Dry,Daylight,,4167026.0,,32,One parked--one moving,0,0,N
5425,1,-122.3397406,47.62454416,6619,19601,19601,1784611,Matched,Intersection,28765.0,9TH AVE N AND MERCER SR ST,,,1,Property Damage Only Collision,Left Turn,2,0,0,2,2004/10/17 00:00:00+00,10/17/2004 12:29:00 PM,At Intersection (intersection related),11,"MOTOR VEHICLE STRUCK MOTOR VEHICLE, FRONT END AT ANGLE",,0,Raining,Wet,Daylight,,4291034.0,,15,From same direction - one left turn - one straight,0,0,N
5426,1,-122.31286019999999,47.60618675,6620,19914,19914,1477425,Matched,Intersection,30195.0,15TH AVE AND E JEFFERSON ST,,,1,Property Damage Only Collision,Angles,2,0,0,2,2004/01/31 00:00:00+00,1/31/2004 2:09:00 PM,At Intersection (intersection related),11,"MOTOR VEHICLE STRUCK MOTOR VEHICLE, FRONT END AT ANGLE",,0,Raining,Wet,Daylight,,4031035.0,,10,Entering at angle,0,0,N
5427,1,-122.3035537,47.61621367,6621,20171,20171,1772385,Matched,Block,,22ND AVE BETWEEN E PINE ST AND E OLIVE ST,,,1,Property Damage Only Collision,Parked Car,2,0,0,2,2004/05/03 00:00:00+00,5/3/2004,Mid-Block (not related to intersection),16,"MOTOR VEHICLE STRUCK MOTOR VEHICLE, LEFT SIDE SIDESWIPE",Y,0,Clear,Dry,Daylight,,4124014.0,,32,One parked--one moving,0,0,N
5428,1,-122.3768007,47.69367243,6622,19789,19789,1778799,Matched,Block,,15TH AVE NW BETWEEN HOLMAN RD NW AND NW 90TH S ST,,,1,Property Damage Only Collision,Rear Ended,2,0,0,2,2004/07/31 00:00:00+00,7/31/2004 11:35:00 AM,Driveway Junction,14,"MOTOR VEHICLE STRUCK MOTOR VEHICLE, REAR END",,0,Clear,Dry,Daylight,,4213003.0,,14,From same direction - both going straight - one stopped - rear-end,0,0,N
5429,2,-122.32213940000001,47.61581012,6623,19218,19218,1798973,Matched,Block,,HARVARD AVE BETWEEN E PINE ST AND E OLIVE ST,,,2,Injury Collision,Parked Car,3,0,0,2,2004/09/19 00:00:00+00,9/19/2004 2:45:00 PM,Mid-Block (not related to intersection),13,"MOTOR VEHICLE STRUCK MOTOR VEHICLE, LEFT SIDE AT ANGLE",,1,Clear,Dry,Daylight,,4263007.0,,32,One parked--one moving,0,0,N
5430,1,-122.3177645,47.60806217,6624,19886,19886,1772267,Matched,Block,,E CHERRY ST BETWEEN E JAMES WAY AND 12TH AVE,,,1,Property Damage Only Collision,Rear Ended,2,0,0,2,2004/05/20 00:00:00+00,5/20/2004 11:26:00 AM,Mid-Block (but intersection related),14,"MOTOR VEHICLE STRUCK MOTOR VEHICLE, REAR END",,0,Overcast,Dry,Daylight,,4141016.0,,14,From same direction - both going straight - one stopped - rear-end,0,0,N
5431,2,-122.3492804,47.72322066,6626,20470,20470,1782030,Matched,Block,,N 130TH ST BETWEEN FREMONT AVE N AND LINDEN AVE N,,,2,Injury Collision,Rear Ended,3,0,0,2,2004/04/20 00:00:00+00,4/20/2004 10:26:00 AM,Mid-Block (but intersection related),14,"MOTOR VEHICLE STRUCK MOTOR VEHICLE, REAR END",,0,Overcast,Dry,Daylight,,4111014.0,,13,From same direction - both going straight - both moving - rear-end,0,0,N
5432,1,-122.31464469999999,47.62368292,6627,19225,19225,1787140,Matched,Block,,14TH AVE E BETWEEN E REPUBLICAN ST AND E MERCER ST,,,1,Property Damage Only Collision,Parked Car,2,0,0,2,2004/05/23 00:00:00+00,5/23/2004 5:29:00 PM,Mid-Block (not related to intersection),16,"MOTOR VEHICLE STRUCK MOTOR VEHICLE, LEFT SIDE SIDESWIPE",,0,Clear,Dry,Daylight,,4144019.0,,32,One parked--one moving,0,0,N
5433,2,-122.2991513,47.66097549,6628,19289,19289,1778617,Matched,Block,,NE 45TH ST RP BETWEEN MONTLAKE BLVD NE AND NE 45TH ST,,,2,Injury Collision,Rear Ended,6,0,0,4,2004/10/05 00:00:00+00,10/5/2004,Mid-Block (but intersection related),14,"MOTOR VEHICLE STRUCK MOTOR VEHICLE, REAR END",,0,Raining,Wet,Dark - Street Lights On,,4279028.0,Y,13,From same direction - both going straight - both moving - rear-end,0,0,N
5434,1,-122.296869,47.55450935,6629,20039,20039,1771872,Matched,Block,,28TH AVE S BETWEEN S DAWSON S ST AND S BRANDON ST,,,1,Property Damage Only Collision,Parked Car,2,0,0,2,2004/08/14 00:00:00+00,8/14/2004 5:05:00 PM,Driveway Junction,14,"MOTOR VEHICLE STRUCK MOTOR VEHICLE, REAR END",,0,Clear,Dry,Dark - Street Lights On,,4227024.0,,32,One parked--one moving,0,0,N
5435,1,,,6630,19721,19721,1214104,Matched,Block,,BATTERY ST TUNNEL SB BETWEEN AURORA AVE N AND ALASKAN WY VI SB,,,1,Property Damage Only Collision,Other,1,0,0,1,2004/06/15 00:00:00+00,6/15/2004 3:50:00 AM,Mid-Block (not related to intersection),26,MOTOR VEHICLE STRUCK OBJECT IN ROAD,,0,Clear,Dry,Dark - Street Lights On,,4167030.0,,50,Fixed object,0,0,N
5436,1,-122.3138807,47.52710438,6635,20498,20498,1775239,Matched,Block,,DALLAS AVE S BETWEEN 14TH AVE S AND 16TH AVE S,,,1,Property Damage Only Collision,Parked Car,2,0,0,2,2004/03/14 00:00:00+00,3/14/2004 2:15:00 AM,Mid-Block (not related to intersection),14,"MOTOR VEHICLE STRUCK MOTOR VEHICLE, REAR END",Y,0,Clear,Dry,Dark - Street Lights On,,4074010.0,,32,One parked--one moving,0,0,N