,SEVERITYCODE,X,Y,OBJECTID,INCKEY,COLDETKEY,REPORTNO,STATUS,ADDRTYPE,INTKEY,LOCATION,EXCEPTRSNCODE,EXCEPTRSNDESC,SEVERITYCODE.1,SEVERITYDESC,COLLISIONTYPE,PERSONCOUNT,PEDCOUNT,PEDCYLCOUNT,VEHCOUNT,INCDATE,INCDTTM,JUNCTIONTYPE,SDOT_COLCODE,SDOT_COLDESC,INATTENTIONIND,UNDERINFL,WEATHER,ROADCOND,LIGHTCOND,PEDROWNOTGRNT,SDOTCOLNUM,SPEEDING,ST_COLCODE,ST_COLDESC,SEGLANEKEY,CROSSWALKKEY,HITPARKEDCAR
5437,1,-122.3184088,47.66221288,6637,19457,19457,1780765,Matched,Block,,9TH AVE NE BETWEEN NE 45TH E ST AND NE 47TH ST,,,1,Property Damage Only Collision,Parked Car,2,0,0,2,2004/01/19 00:00:00+00,1/19/2004 3:42:00 PM,Mid-Block (not related to intersection),11,"MOTOR VEHICLE STRUCK MOTOR VEHICLE, FRONT END AT ANGLE",Y,0,Clear,Dry,Daylight,,4019016.0,,32,One parked--one moving,0,0,N
5438,1,-122.32005759999998,47.64227343,6638,19763,19763,1788618,Matched,Block,,10TH AVE E BETWEEN E MILLER ST AND E ROANOKE W ST,,,1,Property Damage Only Collision,Sideswipe,2,0,0,2,2004/02/26 00:00:00+00,2/26/2004 8:20:00 PM,Mid-Block (not related to intersection),11,"MOTOR VEHICLE STRUCK MOTOR VEHICLE, FRONT END AT ANGLE",,1,Raining,Wet,Dark - Street Lights On,,4057034.0,,11,From same direction - both going straight - both moving - sideswipe,0,0,N
5439,1,-122.32457409999999,47.66134141,6639,20020,20020,1780380,Matched,Block,,NE 45TH ST BETWEEN LATONA AVE NE AND 4TH AVE NE,,,1,Property Damage Only Collision,Rear Ended,5,0,0,2,2004/03/20 00:00:00+00,3/20/2004 4:51:00 PM,Mid-Block (not related to intersection),14,"MOTOR VEHICLE STRUCK MOTOR VEHICLE, REAR END",,0,Clear,Dry,Daylight,,4080028.0,,13,From same direction - both going straight - both moving - rear-end,0,0,N
5440,1,-122.34365009999999,47.6185566,6640,19788,19788,C646981,Matched,Intersection,29517.0,BOREALIS AVE AND DENNY WAY,,,1,Property Damage Only Collision,Angles,2,0,0,2,2004/07/30 00:00:00+00,7/30/2004 8:00:00 AM,At Intersection (intersection related),11,"MOTOR VEHICLE STRUCK MOTOR VEHICLE, FRONT END AT ANGLE",,0,Overcast,Dry,Daylight,,4212048.0,,10,Entering at angle,0,0,N
5441,1,-122.26999540000001,47.52165888,6642,20035,20035,1793559,Matched,Block,,RAINIER AVE S BETWEEN S DIRECTOR S ST AND S FISHER PL,,,1,Property Damage Only Collision,Rear Ended,2,0,0,2,2004/09/24 00:00:00+00,9/24/2004 5:49:00 PM,Mid-Block (but intersection related),14,"MOTOR VEHICLE STRUCK MOTOR VEHICLE, REAR END",,0,Clear,Dry,Daylight,,4268050.0,Y,14,From same direction - both going straight - one stopped - rear-end,0,0,N
5442,2,-122.3309994,47.61827376,6643,19718,19718,1213954,Matched,Intersection,29173.0,STEWART ST AND YALE AVE,,,2,Injury Collision,Angles,4,0,0,2,2004/05/02 00:00:00+00,5/2/2004,At Intersection (intersection related),11,"MOTOR VEHICLE STRUCK MOTOR VEHICLE, FRONT END AT ANGLE",,0,Clear,Dry,Dark - Street Lights On,,4123022.0,,10,Entering at angle,0,0,N
5443,1,-122.3302243,47.60819781,6645,19481,19481,1795932,Matched,Intersection,29927.0,7TH AVE AND SPRING ST,,,1,Property Damage Only Collision,Angles,3,0,0,2,2004/09/22 00:00:00+00,9/22/2004 1:32:00 PM,At Intersection (intersection related),11,"MOTOR VEHICLE STRUCK MOTOR VEHICLE, FRONT END AT ANGLE",,0,Raining,Wet,Daylight,,4266052.0,,10,Entering at angle,0,0,N
5444,1,-122.29500390000001,47.72796244,6646,20741,20741,1209442,Matched,Block,,NE 137TH ST BETWEEN 30TH AVE NE AND 32ND AVE NE,,,1,Property Damage Only Collision,Parked Car,3,0,0,3,2004/04/14 00:00:00+00,4/14/2004 2:39:00 AM,Mid-Block (not related to intersection),13,"MOTOR VEHICLE STRUCK MOTOR VEHICLE, LEFT SIDE AT ANGLE",,0,Raining,Wet,Dark - Street Lights On,,4105024.0,,32,One parked--one moving,0,0,N
5445,1,-122.3161257,47.61311913,6647,19975,19975,1326994,Matched,Block,,E MADISON ST BETWEEN 12TH AVE AND 13TH AVE,,,1,Property Damage Only Collision,Left Turn,4,0,0,3,2004/06/02 00:00:00+00,6/2/2004,Mid-Block (but intersection related),11,"MOTOR VEHICLE STRUCK MOTOR VEHICLE, FRONT END AT ANGLE",,0,Clear,Dry,Daylight,,4154024.0,,29,From opposite direction - one left turn - one right turn,0,0,N
5446,1,-122.3402645,47.72867253,6648,20760,20760,1780647,Matched,Block,,N 137TH ST BETWEEN INTERLAKE AVE N AND ASHWORTH AVE N,,,1,Property Damage Only Collision,Parked Car,2,0,0,2,2004/02/01 00:00:00+00,2/1/2004,Driveway Junction,13,"MOTOR VEHICLE STRUCK MOTOR VEHICLE, LEFT SIDE AT ANGLE",,0,Clear,Dry,Daylight,,4032011.0,,32,One parked--one moving,0,0,N
5447,1,-122.3983095,47.64217289,6649,19529,19529,1783384,Matched,Block,,32ND AVE W BETWEEN W SMITH N ST AND W RAYE ST,,,1,Property Damage Only Collision,Parked Car,2,0,0,2,2004/08/15 00:00:00+00,8/15/2004 4:00:00 PM,Mid-Block (not related to intersection),16,"MOTOR VEHICLE STRUCK MOTOR VEHICLE, LEFT SIDE SIDESWIPE",,0,Unknown,Unknown,Daylight,,4228034.0,,32,One parked--one moving,0,0,N
5448,1,-122.3231213,47.67671818,6650,19312,19312,1793751,Matched,Block,,NE RAVENNA EB BV BETWEEN NE 68TH ST AND NE 65TH ST,,,1,Property Damage Only Collision,Parked Car,2,0,0,2,2004/05/19 00:00:00+00,5/19/2004 6:19:00 PM,Mid-Block (not related to intersection),11,"MOTOR VEHICLE STRUCK MOTOR VEHICLE, FRONT END AT ANGLE",Y,0,Clear,Dry,Dark - Street Lights On,,4140022.0,,32,One parked--one moving,0,0,N
5449,1,-122.32588989999999,47.64087739,6651,19915,19915,1477844,Matched,Block,,EASTLAKE AVE E BETWEEN E LYNN ST AND E LOUISA ST,,,1,Property Damage Only Collision,Rear Ended,3,0,0,2,2004/08/30 00:00:00+00,8/30/2004 10:10:00 AM,Mid-Block (not related to intersection),14,"MOTOR VEHICLE STRUCK MOTOR VEHICLE, REAR END",,0,Clear,Dry,Daylight,,4243018.0,,14,From same direction - both going straight - one stopped - rear-end,0,0,N
5450,1,-122.34695320000002,47.61037734,6653,19782,19782,1778132,Matched,Block,,ALASKAN WAY BETWEEN LENORA ST AND BLANCHARD ST,,,1,Property Damage Only Collision,Sideswipe,2,0,0,2,2004/01/15 00:00:00+00,1/15/2004 11:26:00 AM,Mid-Block (not related to intersection),16,"MOTOR VEHICLE STRUCK MOTOR VEHICLE, LEFT SIDE SIDESWIPE",,0,Raining,Wet,Daylight,,4015038.0,,12,From same direction - both going straight - one stopped - sideswipe,0,0,N
5451,1,-122.3053392,47.68304705,6655,20095,20095,527907,Matched,Intersection,24759.0,21ST AVE NE AND NE 75TH ST,,,1,Property Damage Only Collision,Angles,0,0,0,2,2004/03/31 00:00:00+00,3/31/2004 9:45:00 PM,At Intersection (intersection related),11,"MOTOR VEHICLE STRUCK MOTOR VEHICLE, FRONT END AT ANGLE",,0,Clear,Dry,Dark - Street Lights On,,4091007.0,,10,Entering at angle,0,0,N
5452,1,-122.27759040000001,47.558204100000005,6656,19847,19847,1792984,Matched,Block,,S FERDINAND ST BETWEEN 44TH AVE S AND 45TH AVE S,,,1,Property Damage Only Collision,Parked Car,2,0,0,2,2004/07/10 00:00:00+00,7/10/2004 4:35:00 PM,Mid-Block (not related to intersection),11,"MOTOR VEHICLE STRUCK MOTOR VEHICLE, FRONT END AT ANGLE",,0,Raining,Wet,Daylight,,4192026.0,,20,One car leaving parked position,0,0,N
5453,1,-122.3507365,47.6369829,6657,19127,19127,1068142,Matched,Block,,NOB HILL AVE N BETWEEN NEWTON ST AND CROCKETT ST,,,1,Property Damage Only Collision,Parked Car,2,0,0,2,2004/12/19 00:00:00+00,12/19/2004 2:00:00 PM,Mid-Block (not related to intersection),13,"MOTOR VEHICLE STRUCK MOTOR VEHICLE, LEFT SIDE AT ANGLE",,0,Unknown,Unknown,Daylight,,4354037.0,,32,One parked--one moving,0,0,N
5454,1,-122.3174997,47.65688548,6658,19473,19473,1782403,Matched,Block,,NE 41ST ST BETWEEN ROOSEVELT WAY NE AND EASTLAKE AVE NE,,,1,Property Damage Only Collision,Other,1,0,0,1,2004/02/24 00:00:00+00,2/24/2004 6:05:00 AM,Mid-Block (but intersection related),28,MOTOR VEHICLE RAN OFF ROAD - HIT FIXED OBJECT,,0,Raining,Wet,Dark - Street Lights On,,4055006.0,,50,Fixed object,0,0,N
5455,2,-122.30268909999998,47.58691917,6659,20210,20210,1772861,Matched,Intersection,31531.0,23RD AVE S AND S GRAND ST,,,2,Injury Collision,Angles,3,0,0,2,2004/07/17 00:00:00+00,7/17/2004 4:41:00 PM,At Intersection (intersection related),11,"MOTOR VEHICLE STRUCK MOTOR VEHICLE, FRONT END AT ANGLE",,0,Clear,Dry,Daylight,,4199004.0,,10,Entering at angle,0,0,N
5456,1,-122.3161257,47.61311913,6662,19675,19675,1798930,Matched,Block,,E MADISON ST BETWEEN 12TH AVE AND 13TH AVE,,,1,Property Damage Only Collision,Rear Ended,5,0,0,4,2004/08/30 00:00:00+00,8/30/2004 4:29:00 PM,Mid-Block (not related to intersection),14,"MOTOR VEHICLE STRUCK MOTOR VEHICLE, REAR END",,1,Clear,Dry,Daylight,,4243017.0,,13,From same direction - both going straight - both moving - rear-end,0,0,N
5457,1,-122.3544703,47.653197600000006,6663,19299,19299,1219783,Matched,Block,,PHINNEY AVE N BETWEEN N 36TH ST AND N 39TH ST,,,1,Property Damage Only Collision,Parked Car,2,0,0,2,2004/09/02 00:00:00+00,9/2/2004,Mid-Block (but intersection related),14,"MOTOR VEHICLE STRUCK MOTOR VEHICLE, REAR END",,1,Raining,Wet,Dark - Street Lights On,,4246036.0,,32,One parked--one moving,0,0,N
5458,2,-122.3142101,47.66490847,6664,19905,19905,1782684,Matched,Intersection,25792.0,BROOKLYN AVE NE AND NE 50TH ST,,,2,Injury Collision,Left Turn,3,0,0,2,2004/02/25 00:00:00+00,2/25/2004 8:29:00 PM,At Intersection (intersection related),11,"MOTOR VEHICLE STRUCK MOTOR VEHICLE, FRONT END AT ANGLE",,0,Overcast,Wet,Dark - Street Lights On,,4056020.0,,28,From opposite direction - one left turn - one straight,0,0,N
5459,2,-122.28681329999999,47.62982979,6666,19430,19430,1798931,Matched,Intersection,29424.0,36TH AVE E AND E MADISON ST,,,2,Injury Collision,Rear Ended,3,0,0,3,2004/08/31 00:00:00+00,8/31/2004 10:07:00 AM,At Intersection (intersection related),14,"MOTOR VEHICLE STRUCK MOTOR VEHICLE, REAR END",,0,Clear,Dry,Daylight,,4244018.0,,14,From same direction - both going straight - one stopped - rear-end,0,0,N
5460,1,-122.34314920000001,47.68549771,6667,19616,19616,1781911,Matched,Block,,N 78TH ST BETWEEN AURORA AVE N AND STONE AVE N,,,1,Property Damage Only Collision,Other,2,0,0,2,2004/07/16 00:00:00+00,7/16/2004 4:45:00 PM,Mid-Block (but intersection related),14,"MOTOR VEHICLE STRUCK MOTOR VEHICLE, REAR END",,0,Clear,Dry,Daylight,,4198037.0,,22,One car leaving driveway access,0,0,N
5461,2,-122.33508700000002,47.62577679,6668,19945,19945,1777981,Matched,Block,,VALLEY ST BETWEEN BOREN AVE N AND FAIRVIEW AVE N,,,2,Injury Collision,Left Turn,2,0,0,2,2004/03/12 00:00:00+00,3/12/2004 6:35:00 PM,Driveway Junction,11,"MOTOR VEHICLE STRUCK MOTOR VEHICLE, FRONT END AT ANGLE",,0,Clear,Dry,Dark - Street Lights On,,4072034.0,,28,From opposite direction - one left turn - one straight,0,0,N
5462,1,-122.33072299999999,47.61849176,6669,19991,19991,1482451,Matched,Intersection,29168.0,DENNY WAY AND STEWART ST,,,1,Property Damage Only Collision,Angles,3,0,0,2,2004/04/16 00:00:00+00,4/16/2004 5:52:00 PM,At Intersection (intersection related),11,"MOTOR VEHICLE STRUCK MOTOR VEHICLE, FRONT END AT ANGLE",,0,Clear,Dry,Daylight,,4107024.0,,10,Entering at angle,0,0,N
5463,1,-122.32405490000001,47.64202972,6670,20646,20646,1180870,Matched,Block,,E LOUISA ST BETWEEN FRANKLIN AVE E AND BOYLSTON AVE E,,,1,Property Damage Only Collision,Parked Car,2,0,0,2,2004/03/10 00:00:00+00,3/10/2004 6:30:00 PM,Mid-Block (but intersection related),16,"MOTOR VEHICLE STRUCK MOTOR VEHICLE, LEFT SIDE SIDESWIPE",,0,Clear,Dry,Dark - Street Lights On,,4070021.0,,32,One parked--one moving,0,0,N
5464,1,-122.3917008,47.63626676,6671,19399,19399,1783186,Matched,Block,,W PLYMOUTH ST BETWEEN 26TH AVE W AND 28TH AVE W,,,1,Property Damage Only Collision,Parked Car,2,0,0,2,2004/06/19 00:00:00+00,6/19/2004 12:05:00 AM,Mid-Block (not related to intersection),31,DRIVERLESS VEHICLE STRUCK MOTOR VEHICLE FRONT END AT ANGLE,,0,Clear,Dry,Dark - Street Lights On,,4171011.0,,32,One parked--one moving,0,0,N
5465,1,-122.29804340000001,47.59924237,6672,19181,19181,1198526,Matched,Block,,S JACKSON ST BETWEEN 26TH AVE S AND M L KING JR WAY S,,,1,Property Damage Only Collision,Sideswipe,2,0,0,2,2004/12/03 00:00:00+00,12/3/2004,Mid-Block (not related to intersection),16,"MOTOR VEHICLE STRUCK MOTOR VEHICLE, LEFT SIDE SIDESWIPE",,0,Clear,Dry,Daylight,,4338020.0,,12,From same direction - both going straight - one stopped - sideswipe,0,0,N
5466,1,-122.3346656,47.60968542,6673,20062,20062,1328499,Matched,Intersection,29913.0,5TH AVE AND UNION ST,,,1,Property Damage Only Collision,Angles,3,0,0,2,2004/02/08 00:00:00+00,2/8/2004,At Intersection (intersection related),11,"MOTOR VEHICLE STRUCK MOTOR VEHICLE, FRONT END AT ANGLE",,0,Clear,Dry,Dark - Street Lights On,,4039013.0,,10,Entering at angle,0,0,N
5467,2,-122.277744,47.69834334,6674,19367,19367,1794228,Matched,Block,,SAND POINT WAY NE BETWEEN NE 95TH ST AND NE 97TH ST,,,2,Injury Collision,Angles,3,0,0,2,2004/09/27 00:00:00+00,9/27/2004 7:28:00 AM,Mid-Block (but intersection related),28,MOTOR VEHICLE RAN OFF ROAD - HIT FIXED OBJECT,,0,Clear,Dry,Daylight,,4271021.0,,10,Entering at angle,0,0,N
5468,2,-122.3051476,47.61767457,6675,18716,18716,1772257,Matched,Block,,E MADISON ST BETWEEN 20TH AVE AND E DENNY WAY,,,2,Injury Collision,Pedestrian,2,1,0,1,2004/04/19 00:00:00+00,4/19/2004 12:15:00 AM,Mid-Block (not related to intersection),24,MOTOR VEHCILE STRUCK PEDESTRIAN,Y,0,Overcast,Wet,Dark - Street Lights On,,4110040.0,,4,Vehicle hits Pedestrian - All Other Actions,0,0,N
5469,2,-122.3589408,47.64039404,6676,19882,19882,1182038,Matched,Block,,W MCGRAW PL BETWEEN 1ST AVE W AND W MCGRAW E ST,,,2,Injury Collision,Rear Ended,3,0,0,2,2004/02/29 00:00:00+00,2/29/2004 12:52:00 AM,Mid-Block (but intersection related),14,"MOTOR VEHICLE STRUCK MOTOR VEHICLE, REAR END",,0,Clear,Dry,Dark - Street Lights On,,4060028.0,,14,From same direction - both going straight - one stopped - rear-end,0,0,N
5470,2,-122.32836599999999,47.55413347,6677,19857,19857,1798444,Matched,Intersection,33156.0,5TH AVE S AND S BRANDON ST,,,2,Injury Collision,Angles,2,0,0,2,2004/08/16 00:00:00+00,8/16/2004 3:14:00 PM,At Intersection (intersection related),11,"MOTOR VEHICLE STRUCK MOTOR VEHICLE, FRONT END AT ANGLE",,0,Overcast,Dry,Daylight,,4229025.0,,10,Entering at angle,0,0,N
5471,2,-122.3139567,47.61400479,6678,19279,19279,C649685,Matched,Block,,E MADISON ST BETWEEN 14TH AVE AND E PIKE ST,,,2,Injury Collision,Rear Ended,2,0,0,2,2004/11/30 00:00:00+00,11/30/2004 11:10:00 AM,Mid-Block (but intersection related),14,"MOTOR VEHICLE STRUCK MOTOR VEHICLE, REAR END",,0,Overcast,Wet,Daylight,,4335042.0,,14,From same direction - both going straight - one stopped - rear-end,0,0,N
5472,2,-122.279315,47.522918,6679,20106,20106,1771566,Matched,Block,,M L KING JR WR WAY S BETWEEN S HENDERSON ST AND S FAIRBANKS ST,,,2,Injury Collision,Left Turn,2,0,0,2,2004/11/18 00:00:00+00,11/18/2004 7:02:00 AM,Driveway Junction,11,"MOTOR VEHICLE STRUCK MOTOR VEHICLE, FRONT END AT ANGLE",,0,Raining,Wet,Dawn,,4323023.0,,28,From opposite direction - one left turn - one straight,0,0,N
5473,1,-122.34014850000001,47.64814716,6681,20639,20639,1774274,Matched,Block,,N 34TH ST BETWEEN N NORTHLAKE PL AND CARR PL N,,,1,Property Damage Only Collision,Other,2,0,0,1,2004/10/24 00:00:00+00,10/24/2004 11:36:00 PM,Mid-Block (not related to intersection),28,MOTOR VEHICLE RAN OFF ROAD - HIT FIXED OBJECT,,1,Clear,Dry,Dark - Street Lights On,,4298034.0,,50,Fixed object,0,0,N
5474,1,-122.33734799999999,47.52047166,6682,19534,19534,1781615,Matched,Block,,OLSON PL SW BETWEEN 2ND AVE SW AND 3RD AVE SW,,,1,Property Damage Only Collision,Other,1,0,0,1,2004/09/16 00:00:00+00,9/16/2004 4:30:00 PM,Mid-Block (not related to intersection),28,MOTOR VEHICLE RAN OFF ROAD - HIT FIXED OBJECT,,0,Raining,Wet,Daylight,,4260018.0,Y,50,Fixed object,0,0,N
5475,1,-122.3504655,47.61336696,6683,19319,19319,1777229,Matched,Intersection,29697.0,ELLIOTT AVE AND WALL ST,,,1,Property Damage Only Collision,Left Turn,3,0,0,2,2004/04/22 00:00:00+00,4/22/2004 9:07:00 AM,At Intersection (intersection related),11,"MOTOR VEHICLE STRUCK MOTOR VEHICLE, FRONT END AT ANGLE",,0,Clear,Dry,Daylight,,4113008.0,,15,From same direction - one left turn - one straight,0,0,N
5476,2,-122.34372009999998,47.62030528,6684,19755,19755,1784603,Matched,Block,,7TH SB AVE N BETWEEN JOHN ST AND THOMAS ST,,,2,Injury Collision,Sideswipe,2,0,0,2,2004/08/06 00:00:00+00,8/6/2004,Mid-Block (not related to intersection),16,"MOTOR VEHICLE STRUCK MOTOR VEHICLE, LEFT SIDE SIDESWIPE",,0,Overcast,Wet,Daylight,,4219040.0,,11,From same direction - both going straight - both moving - sideswipe,0,0,N
5477,1,-122.38647900000001,47.58299527,6685,20322,20322,1482069,Matched,Intersection,31049.0,CALIFORNIA AVE SW AND SW COLLEGE ST,,,1,Property Damage Only Collision,Angles,2,0,0,2,2004/06/25 00:00:00+00,6/25/2004 7:42:00 PM,At Intersection (intersection related),11,"MOTOR VEHICLE STRUCK MOTOR VEHICLE, FRONT END AT ANGLE",,0,Clear,Dry,Daylight,,4177019.0,,10,Entering at angle,0,0,N
5478,1,-122.32246909999999,47.6030567,6686,20023,20023,1794587,Matched,Block,,9TH AVE BETWEEN E FIR ST AND ALDER ST,,,1,Property Damage Only Collision,Parked Car,2,0,0,2,2004/10/24 00:00:00+00,10/24/2004 12:52:00 PM,Mid-Block (not related to intersection),14,"MOTOR VEHICLE STRUCK MOTOR VEHICLE, REAR END",,0,Clear,Dry,Daylight,,4298021.0,Y,32,One parked--one moving,0,0,N
5479,1,-122.38310859999999,47.54753546,6687,20077,20077,1215384,Matched,Block,,FAUNTLEROY WAY SW BETWEEN SW RAYMOND ST AND SW GRAHAM ST,,,1,Property Damage Only Collision,Parked Car,2,0,0,2,2004/03/08 00:00:00+00,3/8/2004,Mid-Block (not related to intersection),16,"MOTOR VEHICLE STRUCK MOTOR VEHICLE, LEFT SIDE SIDESWIPE",,0,Clear,Dry,Dark - Street Lights On,,4068005.0,,32,One parked--one moving,0,0,N
5480,1,-122.36289550000001,47.54666824,6688,19359,19359,1781393,Matched,Intersection,32968.0,24TH AVE SW AND DELRIDGE WAY SW,,,1,Property Damage Only Collision,Angles,2,0,0,2,2004/09/16 00:00:00+00,9/16/2004 6:30:00 AM,At Intersection (intersection related),11,"MOTOR VEHICLE STRUCK MOTOR VEHICLE, FRONT END AT ANGLE",Y,0,Clear,Dry,Daylight,,4260038.0,,10,Entering at angle,0,0,N
5481,1,-122.33346409999999,47.60585586,6689,19799,19799,1776974,Matched,Block,,MADISON ST BETWEEN 3RD AVE AND 4TH AVE,,,1,Property Damage Only Collision,Parked Car,3,0,0,2,2004/06/01 00:00:00+00,6/1/2004,Mid-Block (not related to intersection),11,"MOTOR VEHICLE STRUCK MOTOR VEHICLE, FRONT END AT ANGLE",Y,0,Clear,Dry,Daylight,,4153008.0,,19,One car entering parked position,0,0,N
5482,2,-122.3444976,47.68586125,6690,20002,20002,1792177,Matched,Block,,AURORA AVE N BETWEEN N 78TH ST AND N 79TH ST,,,2,Injury Collision,Parked Car,4,0,0,2,2004/12/18 00:00:00+00,12/18/2004 10:19:00 AM,Mid-Block (not related to intersection),14,"MOTOR VEHICLE STRUCK MOTOR VEHICLE, REAR END",Y,0,Clear,Wet,Daylight,,4353016.0,,32,One parked--one moving,0,0,N
5483,2,-122.36495020000001,47.63959606,6692,19336,19336,1478444,Matched,Intersection,27820.0,6TH AVE W AND W MCGRAW ST,,,2,Injury Collision,Angles,2,0,0,2,2004/07/16 00:00:00+00,7/16/2004 9:17:00 AM,At Intersection (intersection related),11,"MOTOR VEHICLE STRUCK MOTOR VEHICLE, FRONT END AT ANGLE",Y,0,Clear,Dry,Daylight,,4198013.0,,10,Entering at angle,0,0,N
5484,1,-122.2833837,47.5661902,6694,19823,19823,1779587,Matched,Block,,S DAKOTA ST BETWEEN 39TH AVE S AND CASCADIA AVE S,,,1,Property Damage Only Collision,Parked Car,2,0,0,2,2004/02/07 00:00:00+00,2/7/2004,Mid-Block (not related to intersection),13,"MOTOR VEHICLE STRUCK MOTOR VEHICLE, LEFT SIDE AT ANGLE",,0,Unknown,Unknown,Unknown,,4038014.0,,32,One parked--one moving,0,0,N
5485,1,-122.30075819999999,47.68304743,6695,20482,20482,1319631,Matched,Intersection,24661.0,25TH AVE NE AND NE 75TH ST,,,1,Property Damage Only Collision,Angles,3,0,0,2,2004/06/12 00:00:00+00,6/12/2004 10:49:00 AM,At Intersection (intersection related),11,"MOTOR VEHICLE STRUCK MOTOR VEHICLE, FRONT END AT ANGLE",,0,Clear,Dry,Daylight,,4164037.0,,10,Entering at angle,0,0,N
5486,1,-122.3029095,47.58454186,6696,19655,19655,1786170,Matched,Intersection,31562.0,23RD AVE S AND RAINIER AVE S,,,1,Property Damage Only Collision,Sideswipe,2,0,0,2,2004/09/03 00:00:00+00,9/3/2004,At Intersection (intersection related),16,"MOTOR VEHICLE STRUCK MOTOR VEHICLE, LEFT SIDE SIDESWIPE",Y,0,Clear,Dry,Daylight,,4247021.0,,11,From same direction - both going straight - both moving - sideswipe,0,0,N
5487,1,-122.30237369999999,47.68304725,6697,19904,19904,1782597,Matched,Block,,NE 75TH ST BETWEEN 23RD AVE NE AND 24TH AVE NE,,,1,Property Damage Only Collision,Other,1,0,0,1,2004/01/02 00:00:00+00,1/2/2004,Mid-Block (not related to intersection),28,MOTOR VEHICLE RAN OFF ROAD - HIT FIXED OBJECT,,0,Clear,Ice,Daylight,,4002029.0,Y,50,Fixed object,0,0,N
5488,1,-122.352023,47.64228857,6701,19798,19798,1776954,Matched,Block,,QUEEN ANNE DR BETWEEN 2ND AVE N AND NOB HILL AVE N,,,1,Property Damage Only Collision,Other,1,0,0,1,2004/01/02 00:00:00+00,1/2/2004,Mid-Block (not related to intersection),28,MOTOR VEHICLE RAN OFF ROAD - HIT FIXED OBJECT,,0,Clear,Ice,Dawn,,4002026.0,Y,50,Fixed object,0,0,N
5489,2,-122.339357,47.60978057,6702,20138,20138,1186420,Matched,Block,,2ND AVE BETWEEN PIKE ST AND PINE ST,,,2,Injury Collision,Other,2,0,0,2,2004/01/23 00:00:00+00,1/23/2004 3:35:00 PM,Driveway Junction,14,"MOTOR VEHICLE STRUCK MOTOR VEHICLE, REAR END",Y,0,Overcast,Wet,Daylight,,4023022.0,,21,One car entering driveway access,0,0,N
5490,2,-122.3257916,47.61005181,6705,19682,19682,1198442,Matched,Intersection,29906.0,BOREN AVE AND SPRING ST,,,2,Injury Collision,Rear Ended,3,0,0,2,2004/11/30 00:00:00+00,11/30/2004 4:05:00 PM,At Intersection (intersection related),14,"MOTOR VEHICLE STRUCK MOTOR VEHICLE, REAR END",,0,Raining,Wet,Dark - Street Lights On,,4335021.0,,14,From same direction - both going straight - one stopped - rear-end,0,0,N
5491,1,-122.3720409,47.69666539,6707,20272,20272,1778917,Matched,Block,,HOLMAN RD NW BETWEEN 13TH E AVE NW AND 12TH AVE NW,,,1,Property Damage Only Collision,Other,5,0,0,2,2004/01/02 00:00:00+00,1/2/2004,Driveway Junction,11,"MOTOR VEHICLE STRUCK MOTOR VEHICLE, FRONT END AT ANGLE",Y,0,Overcast,Dry,Daylight,,4002059.0,,22,One car leaving driveway access,0,0,N
5492,2,-122.3235754,47.72166742,6710,20456,20456,1774297,Matched,Block,,5TH AVE NE BETWEEN NE 127TH ST AND 130TH ST OFF RP,,,2,Injury Collision,Other,3,0,0,2,2004/08/10 00:00:00+00,8/10/2004 4:27:00 PM,Driveway Junction,11,"MOTOR VEHICLE STRUCK MOTOR VEHICLE, FRONT END AT ANGLE",,0,Clear,Dry,Daylight,,4223011.0,,22,One car leaving driveway access,0,0,N
5493,2,-122.27573329999998,47.5617428,6711,20126,20126,1779391,Matched,Intersection,32606.0,46TH AVE S AND S SNOQUALMIE ST,,,2,Injury Collision,Cycles,2,0,1,1,2004/04/25 00:00:00+00,4/25/2004 6:00:00 PM,At Intersection (intersection related),51,PEDALCYCLIST STRUCK MOTOR VEHICLE FRONT END AT ANGLE,,0,Clear,Dry,Daylight,,4116008.0,,45,Vehicle - Pedalcyclist,0,0,N
5494,2,-122.34326229999999,47.61145276,6712,20836,20836,1784978,Matched,Block,,1ST AVE BETWEEN VIRGINIA ST AND LENORA ST,,,2,Injury Collision,Rear Ended,3,0,0,2,2004/10/05 00:00:00+00,10/5/2004,Mid-Block (but intersection related),14,"MOTOR VEHICLE STRUCK MOTOR VEHICLE, REAR END",,0,Raining,Wet,Dark - Street Lights On,,4279033.0,,14,From same direction - both going straight - one stopped - rear-end,0,0,N
5495,1,-122.3434932,47.61855579,6713,19527,19527,1782965,Matched,Block,,DENNY WAY BETWEEN BOREALIS AVE AND 7TH AVE,,,1,Property Damage Only Collision,Rear Ended,2,0,0,2,2004/03/26 00:00:00+00,3/26/2004 1:10:00 AM,Mid-Block (but intersection related),14,"MOTOR VEHICLE STRUCK MOTOR VEHICLE, REAR END",,0,Clear,Dry,Dark - Street Lights On,,4086003.0,,14,From same direction - both going straight - one stopped - rear-end,0,0,N
5496,1,-122.33013729999999,47.60724758,6714,19305,19305,1334398,Matched,Block,,MADISON ST BETWEEN 6TH AVE AND 7TH AVE,,,1,Property Damage Only Collision,Sideswipe,2,0,0,2,2004/03/02 00:00:00+00,3/2/2004,Mid-Block (but intersection related),15,"MOTOR VEHICLE STRUCK MOTOR VEHICLE, RIGHT SIDE SIDESWIPE",,0,Clear,Dry,Daylight,,4062010.0,,12,From same direction - both going straight - one stopped - sideswipe,0,0,N