,SEVERITYCODE,X,Y,OBJECTID,INCKEY,COLDETKEY,REPORTNO,STATUS,ADDRTYPE,INTKEY,LOCATION,EXCEPTRSNCODE,EXCEPTRSNDESC,SEVERITYCODE.1,SEVERITYDESC,COLLISIONTYPE,PERSONCOUNT,PEDCOUNT,PEDCYLCOUNT,VEHCOUNT,INCDATE,INCDTTM,JUNCTIONTYPE,SDOT_COLCODE,SDOT_COLDESC,INATTENTIONIND,UNDERINFL,WEATHER,ROADCOND,LIGHTCOND,PEDROWNOTGRNT,SDOTCOLNUM,SPEEDING,ST_COLCODE,ST_COLDESC,SEGLANEKEY,CROSSWALKKEY,HITPARKEDCAR
5497,2,-122.31877779999999,47.66130624,6715,19745,19745,1773583,Matched,Intersection,27068.0,9TH AVE NE AND NE 45TH W ST,,,2,Injury Collision,Pedestrian,3,1,0,1,2004/01/30 00:00:00+00,1/30/2004 7:51:00 PM,At Intersection (intersection related),24,MOTOR VEHCILE STRUCK PEDESTRIAN,,0,Clear,Dry,Dark - Street Lights On,Y,4030012.0,,1,Vehicle turning right hits pedestrian,0,0,N
5498,1,,,6716,20589,20589,1080143,Matched,Block,,ALASKAN WY VI NB BETWEEN S ROYAL BROUGHAM WAY ON RP AND SENECA ST OFF RP,,,1,Property Damage Only Collision,Rear Ended,3,0,0,2,2004/11/15 00:00:00+00,11/15/2004 5:21:00 AM,Mid-Block (not related to intersection),14,"MOTOR VEHICLE STRUCK MOTOR VEHICLE, REAR END",,0,Raining,Wet,Dark - Street Lights On,,4320008.0,,13,From same direction - both going straight - both moving - rear-end,0,0,N
5499,1,-122.3768846,47.51748787,6718,19929,19929,1795453,Matched,Intersection,34763.0,35TH AVE SW AND SW ROXBURY ST,,,1,Property Damage Only Collision,Angles,2,0,0,2,2004/10/17 00:00:00+00,10/17/2004 6:55:00 PM,At Intersection (intersection related),11,"MOTOR VEHICLE STRUCK MOTOR VEHICLE, FRONT END AT ANGLE",,0,Unknown,Unknown,Unknown,,4291030.0,Y,10,Entering at angle,0,0,N
5500,1,-122.30553429999999,47.58633438,6721,19701,19701,1772787,Matched,Intersection,31543.0,21ST AVE S AND S HOLGATE ST,,,1,Property Damage Only Collision,Angles,2,0,0,2,2004/06/24 00:00:00+00,6/24/2004 12:56:00 PM,At Intersection (intersection related),11,"MOTOR VEHICLE STRUCK MOTOR VEHICLE, FRONT END AT ANGLE",,0,Clear,Dry,Daylight,,4176017.0,,10,Entering at angle,0,0,N
5501,1,-122.30652279999998,47.66216516,6722,20099,20099,1473145,Matched,Block,,20TH AVE NE BETWEEN NE 45TH ST AND NE 47TH ST,,,1,Property Damage Only Collision,Parked Car,2,0,0,2,2004/07/14 00:00:00+00,7/14/2004 4:25:00 PM,Mid-Block (not related to intersection),11,"MOTOR VEHICLE STRUCK MOTOR VEHICLE, FRONT END AT ANGLE",,0,Overcast,Dry,Unknown,,4196019.0,,32,One parked--one moving,0,0,N
5502,1,-122.3206031,47.71039531,6723,19267,19267,1776022,Matched,Block,,8TH AVE NE BETWEEN NE NORTHGATE WAY AND NE 115TH ST,,,1,Property Damage Only Collision,Other,3,0,0,3,2004/03/26 00:00:00+00,3/26/2004 12:35:00 PM,Driveway Junction,11,"MOTOR VEHICLE STRUCK MOTOR VEHICLE, FRONT END AT ANGLE",,0,Overcast,Wet,Daylight,,4086039.0,,22,One car leaving driveway access,0,0,N
5503,1,-122.29680649999999,47.56720646,6726,20273,20273,1778994,Matched,Block,,M L KING JR ER WAY S BETWEEN S ANDOVER ST AND S DAKOTA ST,,,1,Property Damage Only Collision,Left Turn,2,0,0,2,2004/03/24 00:00:00+00,3/24/2004 2:10:00 PM,Mid-Block (but intersection related),16,"MOTOR VEHICLE STRUCK MOTOR VEHICLE, LEFT SIDE SIDESWIPE",Y,0,Overcast,Wet,Daylight,,4084034.0,,15,From same direction - one left turn - one straight,0,0,N
5504,1,-122.3347922,47.54919059,6727,20616,20616,1781538,Matched,Block,,EAST MARGINAL WAY S BETWEEN S FIDALGO ST AND 1ST AVE S,,,1,Property Damage Only Collision,Rear Ended,2,0,0,2,2004/04/09 00:00:00+00,4/9/2004,Mid-Block (but intersection related),14,"MOTOR VEHICLE STRUCK MOTOR VEHICLE, REAR END",,0,Clear,Dry,Daylight,,4100036.0,,14,From same direction - both going straight - one stopped - rear-end,0,0,N
5505,1,-122.32021599999999,47.62774924,6729,19587,19587,1790093,Matched,Block,,10TH AVE E BETWEEN E ALOHA ST AND E PROSPECT ST,,,1,Property Damage Only Collision,Rear Ended,3,0,0,2,2004/05/27 00:00:00+00,5/27/2004 5:25:00 PM,Mid-Block (but intersection related),14,"MOTOR VEHICLE STRUCK MOTOR VEHICLE, REAR END",,0,Raining,Wet,Daylight,,4148047.0,,14,From same direction - both going straight - one stopped - rear-end,0,0,N
5506,1,-122.3093162,47.57957968,6730,20041,20041,1784001,Matched,Intersection,31607.0,18TH AVE S AND S LANDER E ST,,,1,Property Damage Only Collision,Parked Car,2,0,0,2,2004/12/04 00:00:00+00,12/4/2004,At Intersection (intersection related),15,"MOTOR VEHICLE STRUCK MOTOR VEHICLE, RIGHT SIDE SIDESWIPE",,0,Other,Unknown,Dark - Street Lights On,,4339031.0,,32,One parked--one moving,0,0,N
5507,1,-122.35410900000001,47.62326673,6731,20158,20158,1482259,Matched,Intersection,28921.0,REPUBLICAN ST AND WARREN AVE N,,,1,Property Damage Only Collision,Other,1,0,0,1,2004/03/01 00:00:00+00,3/1/2004,At Intersection (intersection related),28,MOTOR VEHICLE RAN OFF ROAD - HIT FIXED OBJECT,Y,1,Clear,Dry,Dark - Street Lights On,,4061028.0,,50,Fixed object,0,0,N
5508,1,-122.28758710000001,47.55049949,6733,19201,19201,1773029,Matched,Block,,M L KING JR ER WAY S BETWEEN S ORCAS ST AND S JUNEAU ST,,,1,Property Damage Only Collision,Rear Ended,3,0,0,2,2004/06/13 00:00:00+00,6/13/2004 9:20:00 AM,Mid-Block (but intersection related),14,"MOTOR VEHICLE STRUCK MOTOR VEHICLE, REAR END",,0,Clear,Dry,Daylight,,4165025.0,,14,From same direction - both going straight - one stopped - rear-end,0,0,N
5509,1,-122.3094893,47.66396817,6734,20088,20088,1088249,Matched,Block,,17TH NB AVE NE BETWEEN NE 47TH ST AND NE 50TH ST,,,1,Property Damage Only Collision,Parked Car,2,0,0,2,2004/11/04 00:00:00+00,11/4/2004,Mid-Block (not related to intersection),13,"MOTOR VEHICLE STRUCK MOTOR VEHICLE, LEFT SIDE AT ANGLE",,0,Unknown,Unknown,Unknown,,4309035.0,,32,One parked--one moving,0,0,N
5510,2,-122.2962543,47.60799662,6735,19696,19696,1216659,Matched,Intersection,30071.0,M L KING JR WAY AND E CHERRY ST,,,2,Injury Collision,Angles,2,0,0,2,2004/11/01 00:00:00+00,11/1/2004,At Intersection (intersection related),11,"MOTOR VEHICLE STRUCK MOTOR VEHICLE, FRONT END AT ANGLE",,0,Raining,Wet,Dark - Street Lights On,,4306027.0,,10,Entering at angle,0,0,N
5511,1,-122.259271,47.54866183,6737,19398,19398,1793184,Matched,Intersection,33658.0,LAKE SHORE DR S AND SEWARD PARK AVE S,,,1,Property Damage Only Collision,Angles,4,0,0,2,2004/10/04 00:00:00+00,10/4/2004,At Intersection (intersection related),11,"MOTOR VEHICLE STRUCK MOTOR VEHICLE, FRONT END AT ANGLE",,0,Fog/Smog/Smoke,Dry,Daylight,,4278018.0,,10,Entering at angle,0,0,N
5512,2,-122.3207804,47.61407567,6738,19180,19180,1198502,Matched,Intersection,29745.0,BROADWAY AND E PIKE ST,,,2,Injury Collision,Left Turn,2,0,0,2,2004/11/26 00:00:00+00,11/26/2004 3:12:00 AM,At Intersection (intersection related),11,"MOTOR VEHICLE STRUCK MOTOR VEHICLE, FRONT END AT ANGLE",,1,Clear,Dry,Dark - Street Lights On,,4331002.0,Y,15,From same direction - one left turn - one straight,0,0,N
5513,1,-122.33910559999998,47.68692612,6739,19365,19365,1794105,Matched,Intersection,24230.0,ASHWORTH AVE N AND N 80TH ST,,,1,Property Damage Only Collision,Angles,4,0,0,2,2004/10/05 00:00:00+00,10/5/2004,At Intersection (intersection related),11,"MOTOR VEHICLE STRUCK MOTOR VEHICLE, FRONT END AT ANGLE",,0,Raining,Wet,Dusk,,4279039.0,,10,Entering at angle,0,0,N
5514,1,-122.26420060000001,47.52155369,6741,19889,19889,1779090,Matched,Intersection,35446.0,SEWARD PARK AVE S AND S FISHER PL,,,1,Property Damage Only Collision,Other,2,0,0,2,2004/10/12 00:00:00+00,10/12/2004 5:28:00 PM,At Intersection (intersection related),11,"MOTOR VEHICLE STRUCK MOTOR VEHICLE, FRONT END AT ANGLE",,0,Clear,Dry,Daylight,,4286009.0,,22,One car leaving driveway access,0,0,N
5515,1,-122.3969435,47.65677952,6743,19278,19278,C649653,Matched,Block,,31ST AVE W BETWEEN W THURMAN ST AND W ELMORE ST,,,1,Property Damage Only Collision,Parked Car,2,0,0,2,2004/11/24 00:00:00+00,11/24/2004 12:01:00 AM,Mid-Block (not related to intersection),0,NOT ENOUGH INFORMATION / NOT APPLICABLE,,0,Unknown,Unknown,Unknown,,4329077.0,,32,One parked--one moving,0,0,N
5516,2,-122.3207487,47.60522682,6744,20450,20450,1772158,Matched,Intersection,29818.0,BROADWAY AND TERRACE ST,,,2,Injury Collision,Angles,3,0,0,2,2004/05/29 00:00:00+00,5/29/2004 9:02:00 AM,At Intersection (intersection related),11,"MOTOR VEHICLE STRUCK MOTOR VEHICLE, FRONT END AT ANGLE",,0,Clear,Dry,Daylight,,4150026.0,,10,Entering at angle,0,0,N
5517,1,-122.3762145,47.66866691,6745,19825,19825,1794066,Matched,Intersection,25416.0,15TH AVE NW AND NW MARKET ST,,,1,Property Damage Only Collision,Right Turn,2,0,0,2,2004/07/20 00:00:00+00,7/20/2004 12:07:00 PM,At Intersection (intersection related),11,"MOTOR VEHICLE STRUCK MOTOR VEHICLE, FRONT END AT ANGLE",,0,Clear,Dry,Daylight,,4202011.0,,16,From same direction - one right turn - one straight,0,0,N
5518,1,-122.33099159999999,47.61650595,6746,20487,20487,1333796,Matched,Block,,HOWELL ST BETWEEN BOREN AVE AND MINOR AVE,,,1,Property Damage Only Collision,Rear Ended,2,0,0,2,2004/07/20 00:00:00+00,7/20/2004 4:14:00 PM,Mid-Block (but intersection related),14,"MOTOR VEHICLE STRUCK MOTOR VEHICLE, REAR END",Y,0,Clear,Dry,Unknown,,4202018.0,,14,From same direction - both going straight - one stopped - rear-end,0,0,N
5519,2,-122.35931470000001,47.69061787,6748,19316,19316,1220408,Matched,Block,,NW 85TH ST BETWEEN 1ST AVE NW AND 3RD AVE NW,,,2,Injury Collision,Rear Ended,3,0,0,2,2004/08/25 00:00:00+00,8/25/2004 5:46:00 PM,Mid-Block (not related to intersection),14,"MOTOR VEHICLE STRUCK MOTOR VEHICLE, REAR END",Y,0,Raining,Wet,Daylight,,4238011.0,,14,From same direction - both going straight - one stopped - rear-end,0,0,N
5520,2,-122.3314166,47.61617112,6749,20194,20194,1324971,Matched,Intersection,29852.0,BOREN AVE AND HOWELL ST,,,2,Injury Collision,Angles,3,0,0,2,2004/04/17 00:00:00+00,4/17/2004 9:02:00 PM,At Intersection (intersection related),11,"MOTOR VEHICLE STRUCK MOTOR VEHICLE, FRONT END AT ANGLE",,0,Clear,Dry,Dark - Street Lights On,,4108013.0,,10,Entering at angle,0,0,N
5521,2,-122.3761733,47.64385527,6750,20325,20325,1482210,Matched,Block,,15TH AVE W BETWEEN GILMAN UPPER DR W AND W ARMOUR ST,,,2,Injury Collision,Rear Ended,4,0,0,3,2004/01/07 00:00:00+00,1/7/2004,Mid-Block (not related to intersection),14,"MOTOR VEHICLE STRUCK MOTOR VEHICLE, REAR END",Y,0,Raining,Snow/Slush,Daylight,,4007018.0,Y,14,From same direction - both going straight - one stopped - rear-end,0,0,N
5522,1,-122.31759209999998,47.69537674,6751,20024,20024,1794835,Matched,Block,,ROOSEVELT WAY NE BETWEEN NE 91ST ST AND NE 92ND ST,,,1,Property Damage Only Collision,Rear Ended,3,0,0,2,2004/10/28 00:00:00+00,10/28/2004 6:30:00 PM,Mid-Block (but intersection related),14,"MOTOR VEHICLE STRUCK MOTOR VEHICLE, REAR END",Y,0,Raining,Wet,Dark - Street Lights On,,4302022.0,,14,From same direction - both going straight - one stopped - rear-end,0,0,N
5523,1,-122.32341299999999,47.57070118,6752,19930,19930,1795679,Matched,Block,,S COURT ST BETWEEN 7TH AVE S AND AIRPORT WAY S,,,1,Property Damage Only Collision,Parked Car,2,0,0,2,2004/09/23 00:00:00+00,9/23/2004 10:00:00 AM,Mid-Block (but intersection related),14,"MOTOR VEHICLE STRUCK MOTOR VEHICLE, REAR END",,0,Clear,Dry,Daylight,,4267008.0,,32,One parked--one moving,0,0,N
5524,1,-122.3274729,47.73408398,6755,19999,19999,1975727,Matched,Block,,NE 145TH ST BETWEEN 1ST AVE NE AND 4TH AVE NE,,,1,Property Damage Only Collision,Rear Ended,3,0,0,3,2004/10/17 00:00:00+00,10/17/2004 2:01:00 PM,Mid-Block (but intersection related),14,"MOTOR VEHICLE STRUCK MOTOR VEHICLE, REAR END",,0,Overcast,Wet,Daylight,,4291042.0,Y,13,From same direction - both going straight - both moving - rear-end,0,0,N
5525,2,-122.28469199999999,47.54411991,6756,19406,19406,1771752,Matched,Block,,M L KING JR WR WAY S BETWEEN S MORGAN ST AND 38TH AVE S,,,2,Injury Collision,Other,1,0,0,1,2004/04/17 00:00:00+00,4/17/2004 6:38:00 AM,Mid-Block (not related to intersection),28,MOTOR VEHICLE RAN OFF ROAD - HIT FIXED OBJECT,Y,0,Clear,Dry,Daylight,,4108003.0,,50,Fixed object,0,0,N
5526,1,-122.2975567,47.5409264,6757,19332,19332,1771502,Matched,Block,,27TH AVE S BETWEEN S BRIGHTON E ST AND BEACON ER AVE S,,,1,Property Damage Only Collision,Parked Car,2,0,0,2,2004/04/14 00:00:00+00,4/14/2004 5:50:00 PM,Mid-Block (not related to intersection),16,"MOTOR VEHICLE STRUCK MOTOR VEHICLE, LEFT SIDE SIDESWIPE",,0,Overcast,Dry,Daylight,,4105021.0,,32,One parked--one moving,0,0,N
5527,1,-122.3875347,47.67769822,6758,19966,19966,1794075,Matched,Intersection,23932.0,24TH AVE NW AND NW 67TH ST,,,1,Property Damage Only Collision,Angles,4,0,0,2,2004/08/26 00:00:00+00,8/26/2004 6:35:00 PM,At Intersection (intersection related),11,"MOTOR VEHICLE STRUCK MOTOR VEHICLE, FRONT END AT ANGLE",,0,Clear,Dry,Daylight,,4239010.0,,10,Entering at angle,0,0,N
5528,1,-122.3207987,47.61523531,6759,20631,20631,1772486,Matched,Intersection,29736.0,BROADWAY AND E PINE ST,,,1,Property Damage Only Collision,Pedestrian,2,1,0,1,2004/07/24 00:00:00+00,7/24/2004 9:24:00 PM,At Intersection (intersection related),24,MOTOR VEHCILE STRUCK PEDESTRIAN,,0,Clear,Dry,Dusk,Y,4206006.0,,2,Vehicle turning left hits pedestrian,0,0,N
5529,1,-122.3167817,47.60309867,6760,19385,19385,1789845,Matched,Block,,12TH AVE BETWEEN E FIR ST AND E SPRUCE ST,,,1,Property Damage Only Collision,Head On,5,0,0,3,2004/04/20 00:00:00+00,4/20/2004 12:08:00 PM,Mid-Block (not related to intersection),31,DRIVERLESS VEHICLE STRUCK MOTOR VEHICLE FRONT END AT ANGLE,,0,Clear,Dry,Daylight,,4111008.0,,25,From opposite direction - one stopped - head-on,0,0,N
5530,1,-122.29448729999999,47.73376939,6761,19161,19161,1782404,Matched,Block,,NE 145TH ST BETWEEN 31ST AVE NE AND 32ND AVE NE,,,1,Property Damage Only Collision,Angles,2,0,0,2,2004/02/25 00:00:00+00,2/25/2004 7:40:00 AM,Mid-Block (but intersection related),16,"MOTOR VEHICLE STRUCK MOTOR VEHICLE, LEFT SIDE SIDESWIPE",,0,Clear,Dry,Daylight,,4056026.0,,10,Entering at angle,0,0,N
5531,2,-122.2962223,47.57985835,6763,20737,20737,1469298,Matched,Block,,M L KING JR WAY S BETWEEN S BAYVIEW S ST AND S MCCLELLAN ST,,,2,Injury Collision,Other,1,0,0,1,2004/08/20 00:00:00+00,8/20/2004 7:08:00 AM,Mid-Block (not related to intersection),28,MOTOR VEHICLE RAN OFF ROAD - HIT FIXED OBJECT,Y,0,Clear,Dry,Daylight,,4233006.0,Y,50,Fixed object,0,0,N
5532,1,-122.3167367,47.62426223,6765,19353,19353,C631338,Matched,Intersection,29005.0,12TH AVE E AND E MERCER ST,,,1,Property Damage Only Collision,Right Turn,2,0,0,2,2004/03/27 00:00:00+00,3/27/2004 2:00:00 AM,At Intersection (intersection related),14,"MOTOR VEHICLE STRUCK MOTOR VEHICLE, REAR END",,0,Overcast,Wet,Dark - Street Lights On,,4087041.0,,16,From same direction - one right turn - one straight,0,0,N
5533,1,-122.30194009999998,47.73382926,6767,19843,19843,1975558,Matched,Intersection,35996.0,25TH AVE NE AND NE 145TH ST,,,1,Property Damage Only Collision,Left Turn,2,0,0,2,2004/12/03 00:00:00+00,12/3/2004,At Intersection (intersection related),11,"MOTOR VEHICLE STRUCK MOTOR VEHICLE, FRONT END AT ANGLE",,0,Overcast,Dry,Dusk,,4338037.0,,28,From opposite direction - one left turn - one straight,0,0,N
5534,1,-122.3686082,47.66642312,6768,19631,19631,1773773,Matched,Intersection,25434.0,9TH AVE NW AND NW 52ND ST,,,1,Property Damage Only Collision,Angles,3,0,0,2,2004/02/16 00:00:00+00,2/16/2004 11:37:00 PM,At Intersection (intersection related),11,"MOTOR VEHICLE STRUCK MOTOR VEHICLE, FRONT END AT ANGLE",,0,Clear,Dry,Dark - Street Lights On,,4047023.0,,10,Entering at angle,0,0,N
5535,1,-122.3500102,47.65865585,6769,19326,19326,1080360,Matched,Intersection,26956.0,FREMONT AVE N AND N MOTOR PL,,,1,Property Damage Only Collision,Left Turn,3,0,0,2,2004/06/28 00:00:00+00,6/28/2004 2:52:00 PM,At Intersection (intersection related),14,"MOTOR VEHICLE STRUCK MOTOR VEHICLE, REAR END",Y,0,Clear,Dry,Daylight,,4180016.0,,15,From same direction - one left turn - one straight,0,0,N
5536,2,-122.2696111,47.51684873,6770,19773,19773,1771556,Matched,Intersection,35484.0,RENTON AVE S AND S ROXBURY ST,,,2,Injury Collision,Angles,4,0,0,2,2004/04/16 00:00:00+00,4/16/2004 9:08:00 AM,At Intersection (intersection related),11,"MOTOR VEHICLE STRUCK MOTOR VEHICLE, FRONT END AT ANGLE",,0,Raining,Wet,Daylight,,4107034.0,Y,10,Entering at angle,0,0,N
5537,2,-122.3390723,47.57150647,6771,20615,20615,1781478,Matched,Block,,WEST SEATTLE BR EB BETWEEN 1ST AV S OFF RP AND SPOKANE ST - W SEA B RP,,,2,Injury Collision,Rear Ended,2,0,0,2,2004/02/04 00:00:00+00,2/4/2004,Mid-Block (not related to intersection),14,"MOTOR VEHICLE STRUCK MOTOR VEHICLE, REAR END",,0,Clear,Dry,Daylight,,4035034.0,,14,From same direction - both going straight - one stopped - rear-end,0,0,N
5538,2,-122.345027,47.72776725,6773,19158,19158,1782262,Matched,Block,,AURORA AVE N BETWEEN N 135TH ST AND N 137TH ST,,,2,Injury Collision,Rear Ended,5,0,0,3,2004/08/23 00:00:00+00,8/23/2004 2:19:00 PM,Mid-Block (not related to intersection),14,"MOTOR VEHICLE STRUCK MOTOR VEHICLE, REAR END",Y,0,Overcast,Wet,Daylight,,4236002.0,,14,From same direction - both going straight - one stopped - rear-end,0,0,N
5539,1,-122.30568799999999,47.69690595,6776,19570,19570,1211825,Matched,Block,,LAKE CITY WAY NE BETWEEN RAVENNA WR AVE NE AND NE 95TH ST,,,1,Property Damage Only Collision,Sideswipe,2,0,0,2,2004/01/02 00:00:00+00,1/2/2004,Mid-Block (but intersection related),16,"MOTOR VEHICLE STRUCK MOTOR VEHICLE, LEFT SIDE SIDESWIPE",,0,Clear,Ice,Dark - Street Lights On,,4002014.0,Y,11,From same direction - both going straight - both moving - sideswipe,0,0,N
5540,2,-122.3298225,47.66501297,6777,19617,19617,1781925,Matched,Block,,N 50TH ST BETWEEN SUNNYSIDE AVE N AND EASTERN AVE N,,,2,Injury Collision,Angles,2,0,0,2,2004/10/02 00:00:00+00,10/2/2004,Driveway Junction,11,"MOTOR VEHICLE STRUCK MOTOR VEHICLE, FRONT END AT ANGLE",,0,Clear,Dry,Daylight,,4276024.0,,10,Entering at angle,0,0,N
5541,1,-122.31430559999998,47.66054297,6779,20648,20648,1779728,Matched,Block,,BROOKLYN AVE NE BETWEEN NE 43RD ST AND NE 45TH ST,,,1,Property Damage Only Collision,Parked Car,2,0,0,2,2004/04/21 00:00:00+00,4/21/2004 5:10:00 PM,Mid-Block (not related to intersection),11,"MOTOR VEHICLE STRUCK MOTOR VEHICLE, FRONT END AT ANGLE",,0,Clear,Dry,Daylight,,4112008.0,,20,One car leaving parked position,0,0,N
5542,1,-122.3374312,47.61330061,6780,19539,19539,1784883,Matched,Intersection,29555.0,STEWART ST AND WESTLAKE AVE,,,1,Property Damage Only Collision,Angles,2,0,0,2,2004/09/01 00:00:00+00,9/1/2004,At Intersection (intersection related),11,"MOTOR VEHICLE STRUCK MOTOR VEHICLE, FRONT END AT ANGLE",,0,Clear,Dry,Daylight,,4245022.0,,10,Entering at angle,0,0,N
5543,1,-122.326697,47.60252922,6782,20252,20252,566050,Matched,Block,,6TH AVE BETWEEN YESLER WAY AND 6TH AV ON RP,,,1,Property Damage Only Collision,Rear Ended,0,0,0,2,2004/07/26 00:00:00+00,7/26/2004 6:30:00 PM,Mid-Block (but intersection related),14,"MOTOR VEHICLE STRUCK MOTOR VEHICLE, REAR END",,0,Clear,Dry,Daylight,,4208005.0,,14,From same direction - both going straight - one stopped - rear-end,0,0,N
5544,2,-122.36575359999999,47.66001466,6784,18719,18719,1079677,Matched,Intersection,26608.0,LEARY WAY NW AND NW BRIGHT ST,,,2,Injury Collision,Other,3,0,0,2,2004/08/27 00:00:00+00,8/27/2004 12:35:00 AM,At Intersection (intersection related),11,"MOTOR VEHICLE STRUCK MOTOR VEHICLE, FRONT END AT ANGLE",,0,Clear,Dry,Dark - Street Lights On,,4240017.0,,23,From same direction - all others,0,0,N
5545,1,-122.387396,47.52835925,6785,20179,20179,1790702,Matched,Block,,CALIFORNIA AVE SW BETWEEN SW THISTLE ST AND SW SULLIVAN ST,,,1,Property Damage Only Collision,Other,3,0,0,3,2004/05/31 00:00:00+00,5/31/2004 9:17:00 PM,Mid-Block (but intersection related),26,MOTOR VEHICLE STRUCK OBJECT IN ROAD,,1,Clear,Dry,Dark - Street Lights On,,4152006.0,,50,Fixed object,0,0,N
5546,1,-122.3181502,47.61467304,6787,19273,19273,1217052,Matched,Block,,11TH AVE BETWEEN E PIKE ST AND E PINE ST,,,1,Property Damage Only Collision,Other,3,0,0,2,2004/07/19 00:00:00+00,7/19/2004 8:39:00 PM,Mid-Block (but intersection related),11,"MOTOR VEHICLE STRUCK MOTOR VEHICLE, FRONT END AT ANGLE",,0,Clear,Dry,Dusk,,4201006.0,,23,From same direction - all others,0,0,N
5547,1,-122.34952209999999,47.62543034,6788,20788,20788,1213340,Matched,Block,,ROY ST BETWEEN NOB HILL AVE N AND 4TH AVE N,,,1,Property Damage Only Collision,Parked Car,2,0,0,2,2004/01/17 00:00:00+00,1/17/2004 11:00:00 PM,Mid-Block (not related to intersection),15,"MOTOR VEHICLE STRUCK MOTOR VEHICLE, RIGHT SIDE SIDESWIPE",,0,Clear,Dry,Dark - Street Lights On,,4017006.0,,19,One car entering parked position,0,0,N
5548,1,-122.3774533,47.56107033,6789,19523,19523,1789144,Matched,Intersection,31923.0,36TH AVE SW AND SW ALASKA ST,,,1,Property Damage Only Collision,Sideswipe,3,0,0,2,2004/04/18 00:00:00+00,4/18/2004 5:10:00 PM,At Intersection (intersection related),16,"MOTOR VEHICLE STRUCK MOTOR VEHICLE, LEFT SIDE SIDESWIPE",,0,Raining,Wet,Daylight,,4109005.0,,71,Same direction -- both turning right -- both moving -- sideswipe,0,0,N
5549,1,-122.325303,47.62140847,6790,19297,19297,1217183,Matched,Block,,SUMMIT AVE E BETWEEN E THOMAS ST AND E HARRISON ST,,,1,Property Damage Only Collision,Parked Car,3,0,0,3,2004/08/07 00:00:00+00,8/7/2004,Mid-Block (not related to intersection),15,"MOTOR VEHICLE STRUCK MOTOR VEHICLE, RIGHT SIDE SIDESWIPE",,0,Clear,Dry,Dark - Street Lights On,,4220025.0,,32,One parked--one moving,0,0,N
5550,2,-122.3227663,47.64965019,6792,20011,20011,1200822,Matched,Block,,EASTLAKE AVE E BETWEEN E ALLISON ST AND HARVARD AVE E,,,2,Injury Collision,Rear Ended,3,0,0,3,2004/04/23 00:00:00+00,4/23/2004 2:35:00 PM,Mid-Block (not related to intersection),14,"MOTOR VEHICLE STRUCK MOTOR VEHICLE, REAR END",,0,Unknown,Wet,Daylight,,4114025.0,,14,From same direction - both going straight - one stopped - rear-end,0,0,N
5551,1,-122.3288783,47.7261161,6793,19566,19566,1220525,Matched,Intersection,35947.0,1ST AVE NE AND ROOSEVELT WAY NE,,,1,Property Damage Only Collision,Angles,2,0,0,2,2004/11/16 00:00:00+00,11/16/2004 2:54:00 PM,At Intersection (intersection related),11,"MOTOR VEHICLE STRUCK MOTOR VEHICLE, FRONT END AT ANGLE",,0,Raining,Wet,Daylight,,4321020.0,,10,Entering at angle,0,0,N
5552,1,-122.31190900000001,47.56262085,6794,19486,19486,C630534,Matched,Block,,S COLUMBIAN WAY BETWEEN 16TH AVE S AND VETRN HOSPITAL DR,,,1,Property Damage Only Collision,Other,2,0,0,2,2004/03/03 00:00:00+00,3/3/2004,Driveway Junction,11,"MOTOR VEHICLE STRUCK MOTOR VEHICLE, FRONT END AT ANGLE",,0,Raining,Wet,Daylight,,4063034.0,,22,One car leaving driveway access,0,0,N
5553,2,-122.3146919,47.58369852,6795,20224,20224,1793113,Matched,Intersection,31264.0,14TH AVE S AND S WALKER ST,,,2,Injury Collision,Pedestrian,2,1,0,1,2004/10/19 00:00:00+00,10/19/2004 9:08:00 AM,At Intersection (intersection related),24,MOTOR VEHCILE STRUCK PEDESTRIAN,,0,Raining,Wet,Daylight,Y,4293035.0,,2,Vehicle turning left hits pedestrian,0,0,N
5554,1,-122.3270657,47.69361933,6796,20761,20761,1780833,Matched,Block,,2ND AVE NE BETWEEN NE 89TH ST AND NE 90TH ST,,,1,Property Damage Only Collision,Parked Car,2,0,0,2,2004/03/25 00:00:00+00,3/25/2004 8:20:00 AM,Driveway Junction,12,"MOTOR VEHICLE STRUCK MOTOR VEHICLE, RIGHT SIDE AT ANGLE",,0,Raining,Wet,Dark - Street Lights On,,4085017.0,,32,One parked--one moving,0,0,N
5555,2,-122.3600422,47.62018859,6797,19253,19253,1777944,Matched,Intersection,28668.0,ELLIOTT ER AVE W AND WESTERN AVE W,,,2,Injury Collision,Head On,4,0,0,2,2004/02/13 00:00:00+00,2/13/2004 11:34:00 PM,At Intersection (intersection related),11,"MOTOR VEHICLE STRUCK MOTOR VEHICLE, FRONT END AT ANGLE",,1,Raining,Wet,Dark - Street Lights On,,4044005.0,,30,From opposite direction - all others,0,0,N
5556,2,-122.35939760000001,47.69784862,6798,19183,19183,1794506,Matched,Intersection,37144.0,2ND AVE NW AND NW 95TH ST,,,2,Injury Collision,Angles,2,0,0,2,2004/10/04 00:00:00+00,10/4/2004,At Intersection (intersection related),11,"MOTOR VEHICLE STRUCK MOTOR VEHICLE, FRONT END AT ANGLE",,0,Clear,Dry,Daylight,,4278012.0,Y,10,Entering at angle,0,0,N
5557,1,-122.26896770000002,47.53890447,6799,20061,20061,1325961,Matched,Block,,S MYRTLE ST BETWEEN RAINIER AVE S AND SEWARD PARK AVE S,,,1,Property Damage Only Collision,Parked Car,2,0,0,2,2004/05/01 00:00:00+00,5/1/2004,Driveway Junction,12,"MOTOR VEHICLE STRUCK MOTOR VEHICLE, RIGHT SIDE AT ANGLE",,0,Clear,Dry,Daylight,,4122004.0,,32,One parked--one moving,0,0,N