,SEVERITYCODE,X,Y,OBJECTID,INCKEY,COLDETKEY,REPORTNO,STATUS,ADDRTYPE,INTKEY,LOCATION,EXCEPTRSNCODE,EXCEPTRSNDESC,SEVERITYCODE.1,SEVERITYDESC,COLLISIONTYPE,PERSONCOUNT,PEDCOUNT,PEDCYLCOUNT,VEHCOUNT,INCDATE,INCDTTM,JUNCTIONTYPE,SDOT_COLCODE,SDOT_COLDESC,INATTENTIONIND,UNDERINFL,WEATHER,ROADCOND,LIGHTCOND,PEDROWNOTGRNT,SDOTCOLNUM,SPEEDING,ST_COLCODE,ST_COLDESC,SEGLANEKEY,CROSSWALKKEY,HITPARKEDCAR
5558,1,-122.30569309999998,47.60433147,6801,18714,18714,1772191,Matched,Block,,E ALDER ST BETWEEN 20TH AVE AND 21ST AVE,,,1,Property Damage Only Collision,Parked Car,2,0,0,2,2004/06/24 00:00:00+00,6/24/2004 12:26:00 PM,Mid-Block (not related to intersection),14,"MOTOR VEHICLE STRUCK MOTOR VEHICLE, REAR END",,0,Overcast,Dry,Daylight,,4176015.0,,32,One parked--one moving,0,0,N
5559,2,-122.3018648,47.71931617,6802,20175,20175,1779917,Matched,Intersection,36606.0,25TH AVE NE AND NE 125TH ST,,,2,Injury Collision,Left Turn,2,0,0,2,2004/04/12 00:00:00+00,4/12/2004 4:48:00 PM,At Intersection (intersection related),11,"MOTOR VEHICLE STRUCK MOTOR VEHICLE, FRONT END AT ANGLE",,0,Clear,Dry,Daylight,,4103009.0,,28,From opposite direction - one left turn - one straight,0,0,N
5560,1,-122.31409529999999,47.73396447,6805,20738,20738,1557992,Matched,Block,,NE 145TH ST BETWEEN 12TH AVE NE AND 15TH AVE NE,,,1,Property Damage Only Collision,Rear Ended,3,0,0,3,2004/02/02 00:00:00+00,2/2/2004,Mid-Block (but intersection related),14,"MOTOR VEHICLE STRUCK MOTOR VEHICLE, REAR END",Y,0,Raining,Wet,Daylight,,4033002.0,,14,From same direction - both going straight - one stopped - rear-end,0,0,N
5561,2,-122.3235647,47.72311934,6809,19458,19458,1780895,Matched,Intersection,35971.0,ROOSEVELT WAY NE AND NE 130TH N ST,,,2,Injury Collision,Left Turn,4,0,0,2,2004/10/16 00:00:00+00,10/16/2004 8:41:00 PM,At Intersection (intersection related),11,"MOTOR VEHICLE STRUCK MOTOR VEHICLE, FRONT END AT ANGLE",,0,Raining,Wet,Dark - Street Lights On,,4290036.0,,28,From opposite direction - one left turn - one straight,0,0,N
5562,1,-122.37488570000001,47.6475355,6812,20165,20165,1213561,Matched,Block,,14TH AVE W BETWEEN W BARRETT ST AND W DRAVUS ST,,,1,Property Damage Only Collision,Parked Car,3,0,0,2,2004/05/13 00:00:00+00,5/13/2004 3:30:00 AM,Mid-Block (not related to intersection),13,"MOTOR VEHICLE STRUCK MOTOR VEHICLE, LEFT SIDE AT ANGLE",,0,Clear,Dry,Dark - Street Lights Off,,4134020.0,,32,One parked--one moving,0,0,N
5563,1,-122.36548229999998,47.56200463,6813,20079,20079,1775233,Matched,Block,,26TH AVE SW BETWEEN SW OREGON ST AND SW ALASKA ST,,,1,Property Damage Only Collision,Other,1,0,0,1,2004/01/29 00:00:00+00,1/29/2004 7:26:00 AM,Mid-Block (not related to intersection),28,MOTOR VEHICLE RAN OFF ROAD - HIT FIXED OBJECT,,0,Unknown,Wet,Dawn,,4029013.0,Y,50,Fixed object,0,0,N
5564,2,-122.34228020000002,47.72321072,6816,20143,20143,1779746,Matched,Intersection,35762.0,STONE AVE N AND N 130TH ST,,,2,Injury Collision,Left Turn,2,0,0,2,2004/06/11 00:00:00+00,6/11/2004 7:24:00 AM,At Intersection (intersection related),11,"MOTOR VEHICLE STRUCK MOTOR VEHICLE, FRONT END AT ANGLE",,0,Raining,Wet,Daylight,,4163048.0,,28,From opposite direction - one left turn - one straight,0,0,N
5565,1,-122.27999879999999,47.69508182,6817,19552,19552,1199348,Matched,Block,,45TH AVE NE BETWEEN NE 92ND S ST AND NE 92ND N ST,,,1,Property Damage Only Collision,Parked Car,2,0,0,2,2004/10/03 00:00:00+00,10/3/2004,Mid-Block (not related to intersection),14,"MOTOR VEHICLE STRUCK MOTOR VEHICLE, REAR END",,0,Unknown,Dry,Unknown,,4277024.0,,32,One parked--one moving,0,0,N
5566,1,-122.35868740000001,47.62211557,6818,19188,19188,1777306,Matched,Block,,W HARRISON ST BETWEEN 1ST AVE W AND 2ND AVE W,,,1,Property Damage Only Collision,Parked Car,2,0,0,2,2004/01/15 00:00:00+00,1/15/2004 7:30:00 PM,Mid-Block (not related to intersection),13,"MOTOR VEHICLE STRUCK MOTOR VEHICLE, LEFT SIDE AT ANGLE",,0,Unknown,Unknown,Dark - Street Lights On,,4015025.0,,32,One parked--one moving,0,0,N
5567,1,-122.3440137,47.70505031,6819,20270,20270,1778781,Matched,Block,,N NORTHGATE WAY BETWEEN AURORA AVE N AND MIDVALE AVE N,,,1,Property Damage Only Collision,Other,3,0,0,2,2004/04/25 00:00:00+00,4/25/2004 2:45:00 PM,Mid-Block (not related to intersection),11,"MOTOR VEHICLE STRUCK MOTOR VEHICLE, FRONT END AT ANGLE",,0,Clear,Dry,Daylight,,4116026.0,,23,From same direction - all others,0,0,N
5568,1,-122.3320622,47.60348389,6820,20336,20336,1776405,Matched,Intersection,30481.0,3RD AVE AND CHERRY ST,,,1,Property Damage Only Collision,Angles,4,0,0,2,2004/03/27 00:00:00+00,3/27/2004 11:21:00 PM,At Intersection (intersection related),11,"MOTOR VEHICLE STRUCK MOTOR VEHICLE, FRONT END AT ANGLE",,0,Overcast,Dry,Dark - Street Lights On,,4087011.0,,10,Entering at angle,0,0,N
5569,1,-122.2805838,47.53075,6821,19656,19656,1786493,Matched,Block,,M L KING JR ER WAY S BETWEEN S KENYON ST AND S ELMGROVE ST,,,1,Property Damage Only Collision,Sideswipe,6,0,0,2,2004/02/15 00:00:00+00,2/15/2004 2:25:00 AM,Mid-Block (not related to intersection),16,"MOTOR VEHICLE STRUCK MOTOR VEHICLE, LEFT SIDE SIDESWIPE",,0,Overcast,Wet,Dark - Street Lights On,,4046002.0,,11,From same direction - both going straight - both moving - sideswipe,0,0,N
5570,2,-122.2919877,47.72273215,6822,19168,19168,1780238,Matched,Intersection,36051.0,33RD AVE NE AND NE 130TH ST,,,2,Injury Collision,Pedestrian,2,1,0,1,2004/01/12 00:00:00+00,1/12/2004 5:11:00 PM,At Intersection (intersection related),24,MOTOR VEHCILE STRUCK PEDESTRIAN,,0,Raining,Wet,Dark - Street Lights On,Y,4012012.0,,2,Vehicle turning left hits pedestrian,0,0,N
5571,1,-122.3660347,47.69786483,6823,19908,19908,1793786,Matched,Intersection,37149.0,8TH AVE NW AND NW 95TH ST,,,1,Property Damage Only Collision,Other,2,0,0,2,2004/09/11 00:00:00+00,9/11/2004 2:12:00 PM,At Intersection (intersection related),11,"MOTOR VEHICLE STRUCK MOTOR VEHICLE, FRONT END AT ANGLE",,0,Clear,Dry,Daylight,,4255004.0,,22,One car leaving driveway access,0,0,N
5572,1,-122.32076119999999,47.61211136,6824,20731,20731,1782225,Matched,Block,,BROADWAY BETWEEN HARVARD AVE AND E UNION ST,,,1,Property Damage Only Collision,Parked Car,2,0,0,2,2004/08/18 00:00:00+00,8/18/2004 10:41:00 PM,Mid-Block (not related to intersection),14,"MOTOR VEHICLE STRUCK MOTOR VEHICLE, REAR END",,0,Clear,Dry,Dark - Street Lights Off,,4231032.0,,32,One parked--one moving,0,0,N
5573,2,-122.302329,47.65499523,6826,19667,19667,1782188,Matched,Block,,MONTLAKE BLVD NE BETWEEN NE PACIFIC PL AND 25TH AVE NE,,,2,Injury Collision,Angles,2,0,0,2,2004/07/06 00:00:00+00,7/6/2004,Driveway Junction,11,"MOTOR VEHICLE STRUCK MOTOR VEHICLE, FRONT END AT ANGLE",,0,Raining,Wet,Daylight,,4188031.0,,10,Entering at angle,0,0,N
5574,1,-122.32780459999998,47.61393023,6827,20257,20257,1216756,Matched,Intersection,29877.0,MELROSE AVE AND PIKE ST,,,1,Property Damage Only Collision,Left Turn,2,0,0,2,2004/07/02 00:00:00+00,7/2/2004,At Intersection (intersection related),11,"MOTOR VEHICLE STRUCK MOTOR VEHICLE, FRONT END AT ANGLE",,0,Overcast,Dry,Daylight,,4184027.0,,28,From opposite direction - one left turn - one straight,0,0,N
5575,1,-122.3174432,47.6043591,6828,19992,19992,1482481,Matched,Block,,E ALDER ST BETWEEN 11TH AVE AND 12TH AVE,,,1,Property Damage Only Collision,Parked Car,2,0,0,2,2004/07/17 00:00:00+00,7/17/2004 11:00:00 PM,Mid-Block (not related to intersection),15,"MOTOR VEHICLE STRUCK MOTOR VEHICLE, RIGHT SIDE SIDESWIPE",,0,Clear,Dry,Unknown,,4199042.0,,32,One parked--one moving,0,0,N
5576,2,-122.2477686,47.51123597,6830,19396,19396,1773002,Matched,Block,,RAINIER AVE S BETWEEN 68TH AVE S AND CORNELL AVE S,,,2,Injury Collision,Other,2,0,0,1,2004/04/26 00:00:00+00,4/26/2004 11:00:00 PM,Mid-Block (but intersection related),28,MOTOR VEHICLE RAN OFF ROAD - HIT FIXED OBJECT,,0,Clear,Dry,Dark - Street Lights On,,4117023.0,,50,Fixed object,0,0,N
5577,1,-122.33875320000001,47.61582546,6831,19638,19638,1182064,Matched,Intersection,29536.0,7TH AVE AND LENORA ST,,,1,Property Damage Only Collision,Angles,2,0,0,2,2004/02/23 00:00:00+00,2/23/2004 8:30:00 PM,At Intersection (intersection related),11,"MOTOR VEHICLE STRUCK MOTOR VEHICLE, FRONT END AT ANGLE",,0,Clear,Dry,Dark - Street Lights On,,4054026.0,,10,Entering at angle,0,0,N
5578,2,-122.37019369999999,47.57155935,6832,20206,20206,1774837,Matched,Block,,WEST SEATTLE BR WB BETWEEN SW ADMIRAL WY OFF RP AND POINT A,,,2,Injury Collision,Rear Ended,4,0,0,2,2004/02/12 00:00:00+00,2/12/2004 4:40:00 AM,Mid-Block (not related to intersection),14,"MOTOR VEHICLE STRUCK MOTOR VEHICLE, REAR END",Y,0,Clear,Dry,Dark - Street Lights On,,4043008.0,,13,From same direction - both going straight - both moving - rear-end,0,0,N
5579,1,-122.30161580000001,47.70454438,6834,19619,19619,1782152,Matched,Intersection,37612.0,24TH AVE NE AND LAKE CITY WAY NE,,,1,Property Damage Only Collision,Left Turn,2,0,0,2,2004/04/30 00:00:00+00,4/30/2004 7:26:00 PM,At Intersection (intersection related),11,"MOTOR VEHICLE STRUCK MOTOR VEHICLE, FRONT END AT ANGLE",,0,Clear,Dry,Daylight,,4121014.0,,28,From opposite direction - one left turn - one straight,0,0,N
5580,1,,,6835,19294,19294,1777065,Matched,Block,,ALASKAN WY VI NB BETWEEN S ROYAL BROUGHAM WAY ON RP AND SENECA ST OFF RP,,,1,Property Damage Only Collision,Sideswipe,2,0,0,2,2004/06/05 00:00:00+00,6/5/2004,Mid-Block (not related to intersection),16,"MOTOR VEHICLE STRUCK MOTOR VEHICLE, LEFT SIDE SIDESWIPE",,0,Clear,Wet,Daylight,,4157022.0,,11,From same direction - both going straight - both moving - sideswipe,0,0,N
5581,2,-122.3435132,47.63144297,6837,20157,20157,1071921,Matched,Block,,AURORA AVE N BETWEEN COMSTOCK ST AND GALER ST,,,2,Injury Collision,Rear Ended,6,0,0,5,2004/11/02 00:00:00+00,11/2/2004,Mid-Block (not related to intersection),14,"MOTOR VEHICLE STRUCK MOTOR VEHICLE, REAR END",,0,Raining,Standing Water,Other,,4307042.0,Y,13,From same direction - both going straight - both moving - rear-end,0,0,N
5582,2,-122.3305812,47.61276767,6838,19148,19148,1772614,Matched,Block,,PIKE ST BETWEEN CONVENTION PL AND TERRY AVE,,,2,Injury Collision,Rear Ended,6,0,0,3,2004/06/01 00:00:00+00,6/1/2004,Mid-Block (but intersection related),14,"MOTOR VEHICLE STRUCK MOTOR VEHICLE, REAR END",,0,Clear,Dry,Dark - Street Lights On,,4153030.0,,13,From same direction - both going straight - both moving - rear-end,0,0,N
5583,1,-122.39057679999999,47.5380154,6840,20129,20129,1798362,Matched,Block,,SW OTHELLO ST BETWEEN 45TH AVE SW AND BLAKE PL SW,,,1,Property Damage Only Collision,Parked Car,2,0,0,2,2004/07/30 00:00:00+00,7/30/2004 5:30:00 PM,Mid-Block (not related to intersection),13,"MOTOR VEHICLE STRUCK MOTOR VEHICLE, LEFT SIDE AT ANGLE",,0,Clear,Dry,Daylight,,4212029.0,,32,One parked--one moving,0,0,N
5584,1,-122.32644429999999,47.61076544,6841,20497,20497,1216934,Matched,Intersection,29907.0,BOREN AVE AND SENECA ST,,,1,Property Damage Only Collision,Angles,2,0,0,2,2004/09/08 00:00:00+00,9/8/2004,At Intersection (intersection related),11,"MOTOR VEHICLE STRUCK MOTOR VEHICLE, FRONT END AT ANGLE",,0,Clear,Dry,Daylight,,4252048.0,,10,Entering at angle,0,0,N
5585,1,-122.3240145,47.62025029,6842,19394,19394,1198528,Matched,Block,,BELMONT AVE E BETWEEN E OLIVE WAY AND E THOMAS ST,,,1,Property Damage Only Collision,Parked Car,5,0,0,4,2004/12/04 00:00:00+00,12/4/2004,Mid-Block (but intersection related),11,"MOTOR VEHICLE STRUCK MOTOR VEHICLE, FRONT END AT ANGLE",,0,Clear,Dry,Dark - Street Lights On,,4339032.0,,32,One parked--one moving,0,0,N
5586,2,-122.3379077,47.686920799999996,6843,19459,19459,1780989,Matched,Intersection,24231.0,DENSMORE AVE N AND N 80TH W ST,,,2,Injury Collision,Angles,3,0,0,2,2004/04/09 00:00:00+00,4/9/2004,At Intersection (intersection related),11,"MOTOR VEHICLE STRUCK MOTOR VEHICLE, FRONT END AT ANGLE",,0,Clear,Dry,Daylight,,4100021.0,,10,Entering at angle,0,0,N
5587,1,-122.32553689999999,47.67046735,6845,19728,19728,1774293,Matched,Block,,LATONA AVE NE BETWEEN NE 57TH ST AND NE 58TH ST,,,1,Property Damage Only Collision,Parked Car,2,0,0,2,2004/07/14 00:00:00+00,7/14/2004 5:57:00 PM,Mid-Block (not related to intersection),16,"MOTOR VEHICLE STRUCK MOTOR VEHICLE, LEFT SIDE SIDESWIPE",,0,Unknown,Unknown,Unknown,,4196020.0,,32,One parked--one moving,0,0,N
5588,1,-122.3735784,47.64847419,6847,19221,19221,1186974,Matched,Intersection,26772.0,13TH AVE W AND W DRAVUS ST,,,1,Property Damage Only Collision,Angles,2,0,0,2,2004/02/16 00:00:00+00,2/16/2004 10:26:00 AM,At Intersection (intersection related),11,"MOTOR VEHICLE STRUCK MOTOR VEHICLE, FRONT END AT ANGLE",,0,Raining,Wet,Daylight,,4047013.0,,10,Entering at angle,0,0,N
5589,2,-122.3926486,47.53538773,6852,19979,19979,1781240,Matched,Block,,FAUNTLEROY WAY SW BETWEEN 47TH AVE SW AND SW AUSTIN ST,,,2,Injury Collision,Other,1,0,0,1,2004/09/22 00:00:00+00,9/22/2004 3:53:00 PM,Mid-Block (but intersection related),29,MOTOR VEHICLE OVERTURNED IN ROAD,,0,Raining,Wet,Daylight,,4266015.0,Y,52,Vehicle overturned,0,0,N
5590,2,-122.34448870000001,47.63758771,6853,20633,20633,1213588,Matched,Block,,AURORA AVE N BETWEEN HOWE ST AND LYNN ST,,,2,Injury Collision,Parked Car,5,0,0,5,2004/10/18 00:00:00+00,10/18/2004 3:41:00 PM,Driveway Junction,28,MOTOR VEHICLE RAN OFF ROAD - HIT FIXED OBJECT,,0,Clear,Dry,Daylight,,4292026.0,Y,32,One parked--one moving,0,0,N
5591,1,-122.359132,47.52377979999999,6854,19383,19383,1781624,Matched,Block,,20TH AVE SW BETWEEN SW TRENTON ST AND SW HENDERSON ST,,,1,Property Damage Only Collision,Parked Car,2,0,0,2,2004/11/21 00:00:00+00,11/21/2004 10:00:00 PM,Mid-Block (not related to intersection),12,"MOTOR VEHICLE STRUCK MOTOR VEHICLE, RIGHT SIDE AT ANGLE",,0,Unknown,Unknown,Unknown,,4326001.0,,32,One parked--one moving,0,0,N
5592,1,-122.33250670000001,47.61799312,6855,19310,19310,1069929,Matched,Block,,MINOR AVE BETWEEN STEWART ST AND VIRGINIA ST,,,1,Property Damage Only Collision,Other,3,0,0,2,2004/11/04 00:00:00+00,11/4/2004,Driveway Junction,11,"MOTOR VEHICLE STRUCK MOTOR VEHICLE, FRONT END AT ANGLE",,0,Clear,Dry,Daylight,,4309001.0,,21,One car entering driveway access,0,0,N
5593,2,-122.31192630000001,47.6752744,6856,20201,20201,1774135,Matched,Block,,15TH AVE NE BETWEEN NE 63RD ST AND NE 65TH ST,,,2,Injury Collision,Rear Ended,6,0,0,2,2004/05/31 00:00:00+00,5/31/2004 6:37:00 AM,Mid-Block (but intersection related),14,"MOTOR VEHICLE STRUCK MOTOR VEHICLE, REAR END",Y,0,Raining,Wet,Daylight,,4152014.0,,14,From same direction - both going straight - one stopped - rear-end,0,0,N
5594,2,-122.31759209999998,47.69537674,6857,20459,20459,1774743,Matched,Block,,ROOSEVELT WAY NE BETWEEN NE 91ST ST AND NE 92ND ST,,,2,Injury Collision,Rear Ended,2,0,0,2,2004/07/06 00:00:00+00,7/6/2004,Mid-Block (but intersection related),14,"MOTOR VEHICLE STRUCK MOTOR VEHICLE, REAR END",Y,0,Raining,Wet,Daylight,,4188028.0,,14,From same direction - both going straight - one stopped - rear-end,0,0,N
5595,1,-122.33138590000001,47.53415617,6858,20074,20074,1790267,Matched,Intersection,34266.0,2ND AVE S AND S HOLDEN ST,,,1,Property Damage Only Collision,Angles,2,0,0,2,2004/06/23 00:00:00+00,6/23/2004 11:56:00 AM,At Intersection (intersection related),11,"MOTOR VEHICLE STRUCK MOTOR VEHICLE, FRONT END AT ANGLE",,0,Clear,Dry,Daylight,,4175032.0,,10,Entering at angle,0,0,N
5596,1,-122.29390690000001,47.71927117,6859,19671,19671,1782352,Matched,Intersection,36600.0,32ND AVE NE AND NE 125TH ST,,,1,Property Damage Only Collision,Sideswipe,2,0,0,2,2004/04/02 00:00:00+00,4/2/2004,At Intersection (but not related to intersection),11,"MOTOR VEHICLE STRUCK MOTOR VEHICLE, FRONT END AT ANGLE",,0,Clear,Dry,Daylight,,4093008.0,,11,From same direction - both going straight - both moving - sideswipe,0,0,N
5597,2,-122.38917990000002,47.64848998,6861,19852,19852,1482519,Matched,Block,,W DRAVUS ST BETWEEN 25TH AVE W AND 26TH AVE W,,,2,Injury Collision,Pedestrian,2,1,0,1,2004/10/19 00:00:00+00,10/19/2004 12:18:00 PM,Mid-Block (not related to intersection),24,MOTOR VEHCILE STRUCK PEDESTRIAN,,0,Raining,Wet,Daylight,,4293038.0,,0,Vehicle going straight hits pedestrian,0,0,N
5598,2,-122.35164590000001,47.61758358,6862,20364,20364,1777555,Matched,Intersection,29666.0,2ND AVE AND BROAD ST,,,2,Injury Collision,Left Turn,8,0,0,2,2004/04/04 00:00:00+00,4/4/2004,At Intersection (intersection related),11,"MOTOR VEHICLE STRUCK MOTOR VEHICLE, FRONT END AT ANGLE",,0,Overcast,Dry,Daylight,,4095016.0,,28,From opposite direction - one left turn - one straight,0,0,N
5599,1,-122.30795570000001,47.59120032,6863,19960,19960,1772977,Matched,Intersection,30818.0,I90 WB RAINIER SB OF RP AND RAINIER AVE S,,,1,Property Damage Only Collision,Angles,3,0,0,2,2004/05/07 00:00:00+00,5/7/2004,At Intersection (intersection related),11,"MOTOR VEHICLE STRUCK MOTOR VEHICLE, FRONT END AT ANGLE",,0,Raining,Wet,Daylight,,4128016.0,,10,Entering at angle,0,0,N
5600,1,-122.37097,47.54347625,6866,19928,19928,1781077,Matched,Block,,SYLVAN WAY SW BETWEEN SW MORGAN E ST AND HIGH POINT DR SW,,,1,Property Damage Only Collision,Parked Car,2,0,0,2,2004/02/08 00:00:00+00,2/8/2004,Mid-Block (but intersection related),33,DRIVERLESS VEHICLE STRUCK MOTOR VEHICLE LEFT SIDE AT ANGLE,,0,Overcast,Wet,Dark - Street Lights On,,4039023.0,,32,One parked--one moving,0,0,N
5601,1,-122.34594240000001,47.63347746,6867,19815,19815,1326160,Matched,Block,,TAYLOR AVE N BETWEEN GARFIELD ST AND TAYLOR PL N,,,1,Property Damage Only Collision,Other,1,0,0,1,2004/02/18 00:00:00+00,2/18/2004 1:10:00 AM,Mid-Block (not related to intersection),28,MOTOR VEHICLE RAN OFF ROAD - HIT FIXED OBJECT,,1,Raining,Wet,Dark - Street Lights On,,4049020.0,Y,50,Fixed object,0,0,N
5602,2,-122.3255994,47.54434154,6869,19519,19519,1788857,Matched,Block,,S RIVER ST BETWEEN 6TH AVE S AND 7TH AVE S,,,2,Injury Collision,Angles,2,0,0,2,2004/01/22 00:00:00+00,1/22/2004 1:52:00 PM,Driveway Junction,11,"MOTOR VEHICLE STRUCK MOTOR VEHICLE, FRONT END AT ANGLE",Y,0,Clear,Dry,Daylight,,4022003.0,,10,Entering at angle,0,0,N
5603,1,-122.33419369999999,47.57139257,6870,19151,19151,1789087,Matched,Intersection,32340.0,1ST AVE S AND S SPOKANE SR ST,,,1,Property Damage Only Collision,Right Turn,2,0,0,2,2004/04/01 00:00:00+00,4/1/2004,At Intersection (intersection related),11,"MOTOR VEHICLE STRUCK MOTOR VEHICLE, FRONT END AT ANGLE",,0,Clear,Dry,Daylight,,4092041.0,,16,From same direction - one right turn - one straight,0,0,N
5604,1,-122.38886200000002,47.67383372,6871,19747,19747,1773645,Matched,Block,,NW 62ND ST BETWEEN 24TH AVE NW AND 26TH AVE NW,,,1,Property Damage Only Collision,Other,2,0,0,1,2004/05/21 00:00:00+00,5/21/2004 6:19:00 PM,Mid-Block (but intersection related),26,MOTOR VEHICLE STRUCK OBJECT IN ROAD,,0,Clear,Dry,Daylight,,4142005.0,,50,Fixed object,0,0,N
5605,1,-122.3235647,47.72311934,6872,20592,20592,871044,Matched,Intersection,35971.0,ROOSEVELT WAY NE AND NE 130TH N ST,,,1,Property Damage Only Collision,Left Turn,0,0,0,2,2004/02/05 00:00:00+00,2/5/2004,At Intersection (intersection related),11,"MOTOR VEHICLE STRUCK MOTOR VEHICLE, FRONT END AT ANGLE",,0,Clear,Dry,Daylight,,4036001.0,,28,From opposite direction - one left turn - one straight,0,0,N
5606,1,-122.28524250000001,47.55825221,6874,19824,19824,1779609,Matched,Block,,RAINIER AVE S BETWEEN S EDMUNDS ST AND S FERDINAND ST,,,1,Property Damage Only Collision,Parked Car,2,0,0,2,2004/09/08 00:00:00+00,9/8/2004,Mid-Block (not related to intersection),16,"MOTOR VEHICLE STRUCK MOTOR VEHICLE, LEFT SIDE SIDESWIPE",,0,Raining,Wet,Daylight,,4252017.0,,32,One parked--one moving,0,0,N
5607,2,-122.4068159,47.65227585,6875,20340,20340,1213571,Matched,Intersection,26369.0,39TH AVE W AND W RUFFNER ST,,,2,Injury Collision,Angles,3,0,0,2,2004/08/13 00:00:00+00,8/13/2004 10:34:00 AM,At Intersection (intersection related),11,"MOTOR VEHICLE STRUCK MOTOR VEHICLE, FRONT END AT ANGLE",,0,Clear,Dry,Daylight,,4226005.0,,10,Entering at angle,0,0,N
5608,2,-122.2772759,47.55042527,6876,19531,19531,1771684,Matched,Intersection,33517.0,RAINIER AVE S AND S MEAD ST,,,2,Injury Collision,Left Turn,6,0,0,2,2004/02/10 00:00:00+00,2/10/2004 4:50:00 PM,At Intersection (intersection related),11,"MOTOR VEHICLE STRUCK MOTOR VEHICLE, FRONT END AT ANGLE",,0,Clear,Dry,Daylight,,4041024.0,,28,From opposite direction - one left turn - one straight,0,0,N
5609,1,-122.28733629999999,47.54959668,6879,20321,20321,1478894,Matched,Block,,M L KING JR WR WAY S BETWEEN S ORCAS ST AND S RAYMOND ST,,,1,Property Damage Only Collision,Rear Ended,2,0,0,2,2004/11/24 00:00:00+00,11/24/2004 6:20:00 PM,Mid-Block (not related to intersection),14,"MOTOR VEHICLE STRUCK MOTOR VEHICLE, REAR END",,0,Raining,Wet,Dark - Street Lights Off,,4329003.0,,14,From same direction - both going straight - one stopped - rear-end,0,0,N
5610,2,-122.30795570000001,47.59120032,6880,20170,20170,1772376,Matched,Intersection,30818.0,I90 WB RAINIER SB OF RP AND RAINIER AVE S,,,2,Injury Collision,Angles,3,0,0,2,2004/04/30 00:00:00+00,4/30/2004 12:58:00 PM,At Intersection (intersection related),11,"MOTOR VEHICLE STRUCK MOTOR VEHICLE, FRONT END AT ANGLE",,0,Clear,Dry,Daylight,,4121020.0,,10,Entering at angle,0,0,N
5611,2,-122.2960577,47.62920647,6881,19785,19785,1790152,Matched,Block,,LAKE WASHINGTON BLVD E BETWEEN ARBORETUM DR E AND E INTERLAKEN BLVD,,,2,Injury Collision,Rear Ended,2,0,0,2,2004/03/17 00:00:00+00,3/17/2004 12:30:00 PM,Mid-Block (but intersection related),14,"MOTOR VEHICLE STRUCK MOTOR VEHICLE, REAR END",Y,0,Overcast,Wet,Daylight,,4077019.0,,14,From same direction - both going straight - one stopped - rear-end,0,0,N
5612,1,-122.32440090000001,47.60170912,6882,19215,19215,1212887,Matched,Block,,YESLER WAY BETWEEN 6TH AVE AND 8TH AVE,,,1,Property Damage Only Collision,Rear Ended,2,0,0,2,2004/03/26 00:00:00+00,3/26/2004 9:44:00 PM,Mid-Block (but intersection related),14,"MOTOR VEHICLE STRUCK MOTOR VEHICLE, REAR END",,0,Raining,Wet,Dark - Street Lights On,,4086023.0,,14,From same direction - both going straight - one stopped - rear-end,0,0,N
5613,1,-122.36047909999999,47.52469335,6883,19806,19806,1781611,Matched,Intersection,34861.0,DELRIDGE WAY SW AND SW TRENTON ST,,,1,Property Damage Only Collision,Right Turn,3,0,0,2,2004/07/12 00:00:00+00,7/12/2004 1:43:00 PM,At Intersection (intersection related),16,"MOTOR VEHICLE STRUCK MOTOR VEHICLE, LEFT SIDE SIDESWIPE",,0,Clear,Dry,Daylight,,4194022.0,,16,From same direction - one right turn - one straight,0,0,N
5614,1,-122.37712690000001,47.64846994,6884,19849,19849,1482592,Matched,Block,,W DRAVUS ST BETWEEN 15TH AV W SB OFF RP AND 16TH AVE W,,,1,Property Damage Only Collision,Rear Ended,2,0,0,2,2004/08/26 00:00:00+00,8/26/2004 5:20:00 PM,Mid-Block (not related to intersection),14,"MOTOR VEHICLE STRUCK MOTOR VEHICLE, REAR END",,0,Clear,Dry,Daylight,,4239020.0,,13,From same direction - both going straight - both moving - rear-end,0,0,N
5615,1,-122.32324320000001,47.61062257,6885,19132,19132,1217079,Matched,Block,,SUMMIT AVE BETWEEN MADISON ST AND SPRING ST,,,1,Property Damage Only Collision,Parked Car,2,0,0,2,2004/07/27 00:00:00+00,7/27/2004 9:04:00 AM,Mid-Block (not related to intersection),11,"MOTOR VEHICLE STRUCK MOTOR VEHICLE, FRONT END AT ANGLE",,0,Clear,Dry,Daylight,,4209030.0,,32,One parked--one moving,0,0,N
5616,2,-122.28702679999999,47.56074768,6886,19330,19330,1771398,Matched,Intersection,32737.0,RAINIER AVE S AND S ALASKA ST,,,2,Injury Collision,Pedestrian,2,1,0,1,2004/06/11 00:00:00+00,6/11/2004 3:00:00 PM,At Intersection (intersection related),24,MOTOR VEHCILE STRUCK PEDESTRIAN,,0,Clear,Dry,Daylight,,4163011.0,,0,Vehicle going straight hits pedestrian,0,0,N
5617,1,-122.27845490000001,47.5116423,6887,20109,20109,1771657,Matched,Block,,M L KING JR ER WAY S BETWEEN S NORFOLK ST AND CITY LIMITS,,,1,Property Damage Only Collision,Other,4,0,0,3,2004/02/19 00:00:00+00,2/19/2004 9:23:00 AM,Mid-Block (but intersection related),11,"MOTOR VEHICLE STRUCK MOTOR VEHICLE, FRONT END AT ANGLE",,0,Clear,Dry,Daylight,,4050029.0,,21,One car entering driveway access,0,0,N