,SEVERITYCODE,X,Y,OBJECTID,INCKEY,COLDETKEY,REPORTNO,STATUS,ADDRTYPE,INTKEY,LOCATION,EXCEPTRSNCODE,EXCEPTRSNDESC,SEVERITYCODE.1,SEVERITYDESC,COLLISIONTYPE,PERSONCOUNT,PEDCOUNT,PEDCYLCOUNT,VEHCOUNT,INCDATE,INCDTTM,JUNCTIONTYPE,SDOT_COLCODE,SDOT_COLDESC,INATTENTIONIND,UNDERINFL,WEATHER,ROADCOND,LIGHTCOND,PEDROWNOTGRNT,SDOTCOLNUM,SPEEDING,ST_COLCODE,ST_COLDESC,SEGLANEKEY,CROSSWALKKEY,HITPARKEDCAR
5618,1,-122.3230719,47.61986883,6888,20632,20632,1772513,Matched,Intersection,29050.0,BOYLSTON AVE E AND E OLIVE E WAY,,,1,Property Damage Only Collision,Angles,4,0,0,2,2004/08/31 00:00:00+00,8/31/2004 8:29:00 PM,At Intersection (intersection related),11,"MOTOR VEHICLE STRUCK MOTOR VEHICLE, FRONT END AT ANGLE",Y,0,Clear,Dry,Dusk,,4244007.0,,10,Entering at angle,0,0,N
5619,2,-122.2962216,47.70840002,6889,19672,19672,1782421,Matched,Intersection,36670.0,30TH AVE NE AND NE 110TH ST,,,2,Injury Collision,Angles,2,0,0,2,2004/04/14 00:00:00+00,4/14/2004 8:00:00 PM,At Intersection (intersection related),11,"MOTOR VEHICLE STRUCK MOTOR VEHICLE, FRONT END AT ANGLE",,0,Overcast,Dry,Dusk,,4105002.0,,10,Entering at angle,0,0,N
5620,1,-122.3550324,47.53368043,6890,19445,19445,1775394,Matched,Intersection,34147.0,16TH AVE SW AND SW HOLDEN ST,,,1,Property Damage Only Collision,Rear Ended,2,0,0,2,2004/05/26 00:00:00+00,5/26/2004 11:50:00 AM,At Intersection (intersection related),14,"MOTOR VEHICLE STRUCK MOTOR VEHICLE, REAR END",Y,0,Raining,Wet,Daylight,,4147045.0,,14,From same direction - both going straight - one stopped - rear-end,0,0,N
5621,1,-122.3273465,47.61409129999999,6893,19574,19574,1772026,Matched,Block,,E PIKE ST BETWEEN MELROSE AVE AND BELLEVUE AVE,,,1,Property Damage Only Collision,Parked Car,2,0,0,2,2004/03/19 00:00:00+00,3/19/2004 9:54:00 AM,Mid-Block (but intersection related),11,"MOTOR VEHICLE STRUCK MOTOR VEHICLE, FRONT END AT ANGLE",,0,Clear,Dry,Daylight,,4079037.0,,20,One car leaving parked position,0,0,N
5622,1,-122.32088229999998,47.62049044,6895,19951,19951,1198306,Matched,Block,,BROADWAY E BETWEEN E OLIVE WAY AND E THOMAS ST,,,1,Property Damage Only Collision,Rear Ended,3,0,0,2,2004/11/07 00:00:00+00,11/7/2004,Mid-Block (but intersection related),14,"MOTOR VEHICLE STRUCK MOTOR VEHICLE, REAR END",,0,Clear,Dry,Dark - Street Lights On,,4312018.0,,14,From same direction - both going straight - one stopped - rear-end,0,0,N
5623,1,-122.30751049999999,47.69077348,6896,19995,19995,1779905,Matched,Block,,LAKE CITY WAY NE BETWEEN NE 85TH ST AND 20TH AVE NE,,,1,Property Damage Only Collision,Rear Ended,2,0,0,2,2004/01/31 00:00:00+00,1/31/2004 1:10:00 PM,Mid-Block (not related to intersection),14,"MOTOR VEHICLE STRUCK MOTOR VEHICLE, REAR END",Y,0,Raining,Wet,Daylight,,4031023.0,,14,From same direction - both going straight - one stopped - rear-end,0,0,N
5624,1,-122.34218390000001,47.61139963,6897,20362,20362,1784730,Matched,Block,,VIRGINIA ST BETWEEN 1ST AVE AND 2ND AVE,,,1,Property Damage Only Collision,Other,1,0,0,1,2004/11/27 00:00:00+00,11/27/2004 3:59:00 AM,Mid-Block (not related to intersection),0,NOT ENOUGH INFORMATION / NOT APPLICABLE,,0,Overcast,Dry,Dark - Street Lights On,,4332003.0,,22,One car leaving driveway access,0,0,N
5625,1,-122.3518945,47.67533292,6898,19546,19546,C628928,Matched,Block,,N 64TH ST BETWEEN DAYTON E AVE N AND EVANSTON AVE N,,,1,Property Damage Only Collision,Parked Car,2,0,0,2,2004/01/06 00:00:00+00,1/6/2004,Mid-Block (not related to intersection),11,"MOTOR VEHICLE STRUCK MOTOR VEHICLE, FRONT END AT ANGLE",,0,Clear,Snow/Slush,Daylight,,4006045.0,,32,One parked--one moving,0,0,N
5626,2,-122.37359540000001,47.66220234,6899,19325,19325,1080156,Matched,Intersection,25459.0,14TH AVE NW AND NW 46TH ST,,,2,Injury Collision,Left Turn,5,0,0,3,2004/08/17 00:00:00+00,8/17/2004 6:59:00 PM,At Intersection (intersection related),11,"MOTOR VEHICLE STRUCK MOTOR VEHICLE, FRONT END AT ANGLE",,0,Clear,Dry,Daylight,,4230007.0,,28,From opposite direction - one left turn - one straight,0,0,N
5627,1,-122.3039722,47.66345935,6900,19926,19926,1780787,Matched,Block,,22ND AVE NE BETWEEN 22ND WR S AVE NE AND NE 50TH ST,,,1,Property Damage Only Collision,Parked Car,2,0,0,2,2004/04/24 00:00:00+00,4/24/2004 10:00:00 PM,Mid-Block (not related to intersection),14,"MOTOR VEHICLE STRUCK MOTOR VEHICLE, REAR END",,0,Clear,Dry,Dark - Street Lights On,,4115004.0,,32,One parked--one moving,0,0,N
5628,2,-122.3017402,47.55101515,6901,20786,20786,1771390,Matched,Intersection,167224.0,BEACON ER AVE S AND S ORCAS ST,,,2,Injury Collision,Left Turn,4,0,0,2,2004/04/02 00:00:00+00,4/2/2004,At Intersection (intersection related),11,"MOTOR VEHICLE STRUCK MOTOR VEHICLE, FRONT END AT ANGLE",,0,Clear,Dry,Daylight,,4093017.0,,28,From opposite direction - one left turn - one straight,0,0,N
5629,1,-122.37545940000001,47.69152253,6902,19363,19363,1779725,Matched,Block,,MARY AVE NW BETWEEN NW 85TH ST AND NW 87TH ST,,,1,Property Damage Only Collision,Parked Car,2,0,0,2,2004/04/27 00:00:00+00,4/27/2004 5:13:00 PM,Mid-Block (not related to intersection),15,"MOTOR VEHICLE STRUCK MOTOR VEHICLE, RIGHT SIDE SIDESWIPE",,0,Raining,Wet,Daylight,,4118003.0,,32,One parked--one moving,0,0,N
5630,1,-122.3876842,47.58609134,6903,19439,19439,1203774,Matched,Block,,44TH AVE SW BETWEEN SW HOLGATE ST AND SW HILL ST,,,1,Property Damage Only Collision,Parked Car,2,0,0,2,2004/03/02 00:00:00+00,3/2/2004,Mid-Block (not related to intersection),14,"MOTOR VEHICLE STRUCK MOTOR VEHICLE, REAR END",,0,Unknown,Unknown,Unknown,,4062037.0,,32,One parked--one moving,0,0,N
5631,2,-122.3688367,47.68692131,6904,19897,19897,1079770,Matched,Block,,NW 80TH ST BETWEEN 9TH AVE NW AND 10TH AVE NW,,,2,Injury Collision,Rear Ended,3,0,0,2,2004/10/14 00:00:00+00,10/14/2004 5:46:00 PM,Mid-Block (not related to intersection),14,"MOTOR VEHICLE STRUCK MOTOR VEHICLE, REAR END",Y,0,Clear,Dry,Daylight,,4288024.0,,14,From same direction - both going straight - one stopped - rear-end,0,0,N
5632,2,-122.34721640000001,47.68911248,6905,19726,19726,1774149,Matched,Intersection,24273.0,LINDEN AVE N AND N 83RD ST,,,2,Injury Collision,Angles,2,0,0,2,2004/07/20 00:00:00+00,7/20/2004 5:51:00 PM,At Intersection (intersection related),11,"MOTOR VEHICLE STRUCK MOTOR VEHICLE, FRONT END AT ANGLE",,0,Clear,Dry,Daylight,,4202017.0,,10,Entering at angle,0,0,N
5633,2,-122.36833290000001,47.69242965,6906,19143,19143,1778610,Matched,Block,,9TH AVE NW BETWEEN NW 87TH ST AND NW 88TH ST,,,2,Injury Collision,Other,1,0,0,1,2004/09/21 00:00:00+00,9/21/2004 8:22:00 PM,Mid-Block (not related to intersection),28,MOTOR VEHICLE RAN OFF ROAD - HIT FIXED OBJECT,,1,Clear,Dry,Dark - Street Lights On,,4265019.0,Y,50,Fixed object,0,0,N
5634,1,,,6909,19983,19983,C644676,Matched,,,,NEI,"Not Enough Information, or Insufficient Location Information",1,Property Damage Only Collision,Sideswipe,2,0,0,2,2004/01/06 00:00:00+00,1/6/2004,,0,NOT ENOUGH INFORMATION / NOT APPLICABLE,,0,Snowing,Ice,Daylight,,4006069.0,,11,From same direction - both going straight - both moving - sideswipe,0,0,N
5635,1,-122.3195419,47.66495046,6911,19244,19244,1782340,Matched,Intersection,25787.0,8TH AVE NE AND NE 50TH ST,,,1,Property Damage Only Collision,Left Turn,2,0,0,2,2004/11/01 00:00:00+00,11/1/2004,At Intersection (intersection related),11,"MOTOR VEHICLE STRUCK MOTOR VEHICLE, FRONT END AT ANGLE",,0,Raining,Wet,Dark - Street Lights On,,4306056.0,,28,From opposite direction - one left turn - one straight,0,0,N
5636,1,-122.3554338,47.62093571,6912,19607,19607,1212824,Matched,Intersection,28930.0,1ST AVE N AND THOMAS ST,,,1,Property Damage Only Collision,Left Turn,5,0,0,2,2004/02/17 00:00:00+00,2/17/2004 10:40:00 AM,At Intersection (intersection related),11,"MOTOR VEHICLE STRUCK MOTOR VEHICLE, FRONT END AT ANGLE",,0,Clear,Dry,Daylight,,4048010.0,,15,From same direction - one left turn - one straight,0,0,N
5637,2,-122.3548037,47.55280433,6913,19920,19920,1317265,Matched,Block,,16TH AVE SW BETWEEN SW BRANDON ST AND SW FINDLAY ST,,,2,Injury Collision,Parked Car,2,0,0,2,2004/03/15 00:00:00+00,3/15/2004 2:00:00 AM,Mid-Block (not related to intersection),14,"MOTOR VEHICLE STRUCK MOTOR VEHICLE, REAR END",,0,Clear,Dry,Dark - Street Lights Off,,4075006.0,,32,One parked--one moving,0,0,N
5638,1,-122.28528859999999,47.71188528,6914,19879,19879,1780378,Matched,Intersection,36826.0,40TH AVE NE AND NE 115TH ST,,,1,Property Damage Only Collision,Angles,4,0,0,2,2004/03/19 00:00:00+00,3/19/2004 9:08:00 AM,At Intersection (intersection related),11,"MOTOR VEHICLE STRUCK MOTOR VEHICLE, FRONT END AT ANGLE",,0,Clear,Dry,Daylight,,4079033.0,Y,10,Entering at angle,0,0,N
5639,1,-122.28027979999999,47.54244023,6915,19939,19939,1779339,Matched,Block,,S HOLLY ST BETWEEN 42ND AVE S AND 43RD AVE S,,,1,Property Damage Only Collision,Other,4,0,0,1,2004/05/28 00:00:00+00,5/28/2004 3:33:00 PM,Mid-Block (but intersection related),26,MOTOR VEHICLE STRUCK OBJECT IN ROAD,,0,Clear,Wet,Daylight,,4149003.0,Y,50,Fixed object,0,0,N
5640,2,-122.34479520000001,47.71119659,6916,19649,19649,1774121,Matched,Block,,AURORA AVE N BETWEEN N 112TH ST AND N 115TH ST,,,2,Injury Collision,Rear Ended,3,0,0,2,2004/07/23 00:00:00+00,7/23/2004 5:15:00 PM,Mid-Block (not related to intersection),14,"MOTOR VEHICLE STRUCK MOTOR VEHICLE, REAR END",Y,0,Clear,Dry,Daylight,,4205020.0,,14,From same direction - both going straight - one stopped - rear-end,0,0,N
5641,2,-122.30415929999998,47.61808643,6917,19885,19885,1772194,Matched,Intersection,29391.0,E DENNY WAY AND E MADISON ST,,,2,Injury Collision,Left Turn,2,0,0,2,2004/07/12 00:00:00+00,7/12/2004 2:43:00 PM,At Intersection (intersection related),11,"MOTOR VEHICLE STRUCK MOTOR VEHICLE, FRONT END AT ANGLE",,0,Clear,Dry,Daylight,,4194023.0,,28,From opposite direction - one left turn - one straight,0,0,N
5642,1,-122.3395594,47.60832456,6918,20148,20148,1794204,Matched,Block,,1ST AVE BETWEEN UNION ST AND PIKE ST,,,1,Property Damage Only Collision,Right Turn,2,0,0,2,2004/09/09 00:00:00+00,9/9/2004,Mid-Block (but intersection related),14,"MOTOR VEHICLE STRUCK MOTOR VEHICLE, REAR END",,0,Clear,Dry,Daylight,,4253033.0,,16,From same direction - one right turn - one straight,0,0,N
5643,1,-122.3336489,47.62311894,6919,19139,19139,1470588,Matched,Block,,REPUBLICAN ST BETWEEN FAIRVIEW AVE N AND MINOR AVE N,,,1,Property Damage Only Collision,Parked Car,2,0,0,2,2004/05/08 00:00:00+00,5/8/2004,Mid-Block (not related to intersection),16,"MOTOR VEHICLE STRUCK MOTOR VEHICLE, LEFT SIDE SIDESWIPE",,0,Unknown,Unknown,Dark - Street Lights On,,4129025.0,,32,One parked--one moving,0,0,N
5644,1,-122.3539335,47.53098792,6922,19822,19822,1789331,Matched,Block,,15TH AVE SW BETWEEN SW KENYON ST AND SW ELMGROVE ST,,,1,Property Damage Only Collision,Parked Car,2,0,0,2,2004/02/20 00:00:00+00,2/20/2004 6:00:00 PM,Mid-Block (not related to intersection),11,"MOTOR VEHICLE STRUCK MOTOR VEHICLE, FRONT END AT ANGLE",,0,Clear,Dry,Daylight,,4051026.0,,32,One parked--one moving,0,0,N
5645,1,-122.29083130000001,47.7226394,6923,20626,20626,1779691,Matched,Intersection,36202.0,35TH AVE NE AND NE 130TH S ST,,,1,Property Damage Only Collision,Angles,3,0,0,2,2004/09/13 00:00:00+00,9/13/2004 4:00:00 PM,At Intersection (intersection related),11,"MOTOR VEHICLE STRUCK MOTOR VEHICLE, FRONT END AT ANGLE",,0,Raining,Wet,Daylight,,4257007.0,,10,Entering at angle,0,0,N
5646,1,-122.3339995,47.54768829,6924,19533,19533,1781390,Matched,Block,,EAST MARGINAL WAY S BETWEEN 1ST AV S BR SB AND 1ST AV S BR NB,,,1,Property Damage Only Collision,Rear Ended,3,0,0,2,2004/08/20 00:00:00+00,8/20/2004 9:39:00 AM,Mid-Block (but intersection related),14,"MOTOR VEHICLE STRUCK MOTOR VEHICLE, REAR END",Y,0,Clear,Dry,Daylight,,4233003.0,,14,From same direction - both going straight - one stopped - rear-end,0,0,N
5647,1,-122.3500218,47.65977668,6925,19165,19165,1779932,Matched,Block,,FREMONT AVE N BETWEEN N 43RD N ST AND N 44TH ST,,,1,Property Damage Only Collision,Parked Car,2,0,0,2,2004/01/29 00:00:00+00,1/29/2004 12:00:00 PM,Driveway Junction,14,"MOTOR VEHICLE STRUCK MOTOR VEHICLE, REAR END",,0,Raining,Wet,Daylight,,4029040.0,,32,One parked--one moving,0,0,N
5648,1,-122.35782240000002,47.66341303,6926,19903,19903,1782426,Matched,Block,,NW MARKET ST BETWEEN 1ST AVE NW AND NW 48TH ST,,,1,Property Damage Only Collision,Rear Ended,4,0,0,2,2004/02/26 00:00:00+00,2/26/2004 7:50:00 AM,Mid-Block (but intersection related),14,"MOTOR VEHICLE STRUCK MOTOR VEHICLE, REAR END",,0,Clear,Dry,Daylight,,4057002.0,,14,From same direction - both going straight - one stopped - rear-end,0,0,N
5649,2,-122.270274,47.53695788,6927,20445,20445,1784380,Matched,Intersection,34470.0,RAINIER AVE S AND S OTHELLO ST,,,2,Injury Collision,Angles,3,0,0,2,2004/10/16 00:00:00+00,10/16/2004 9:42:00 PM,At Intersection (intersection related),11,"MOTOR VEHICLE STRUCK MOTOR VEHICLE, FRONT END AT ANGLE",,0,Raining,Wet,Dark - Street Lights On,,4290025.0,,10,Entering at angle,0,0,N
5650,1,-122.34326229999999,47.61145276,6928,20319,20319,1777429,Matched,Block,,1ST AVE BETWEEN VIRGINIA ST AND LENORA ST,,,1,Property Damage Only Collision,Parked Car,2,0,0,2,2004/02/29 00:00:00+00,2/29/2004 5:45:00 AM,Mid-Block (not related to intersection),14,"MOTOR VEHICLE STRUCK MOTOR VEHICLE, REAR END",,0,Clear,Dry,Dark - Street Lights On,,4060024.0,,32,One parked--one moving,0,0,N
5651,1,-122.3114835,47.61095763,6929,20232,20232,1787075,Matched,Block,,16TH AVE BETWEEN E MARION ST AND E SPRING ST,,,1,Property Damage Only Collision,Parked Car,2,0,0,2,2004/02/22 00:00:00+00,2/22/2004 4:40:00 PM,Mid-Block (not related to intersection),13,"MOTOR VEHICLE STRUCK MOTOR VEHICLE, LEFT SIDE AT ANGLE",,0,Clear,Dry,Daylight,,4053002.0,,32,One parked--one moving,0,0,N
5652,2,-122.35723870000001,47.71784609,6930,19489,19489,1212087,Matched,Intersection,36209.0,PALATINE AVE N AND N 122ND ST,,,2,Injury Collision,Angles,5,0,0,2,2004/04/28 00:00:00+00,4/28/2004 3:32:00 PM,At Intersection (intersection related),11,"MOTOR VEHICLE STRUCK MOTOR VEHICLE, FRONT END AT ANGLE",,0,Clear,Dry,Daylight,,4119018.0,,10,Entering at angle,0,0,N
5653,1,-122.3116922,47.68215112,6931,20096,20096,527912,Matched,Block,,15TH AVE NE BETWEEN NE 73RD ST AND NE 75TH ST,,,1,Property Damage Only Collision,Parked Car,0,0,0,3,2004/05/16 00:00:00+00,5/16/2004 2:35:00 AM,Mid-Block (not related to intersection),14,"MOTOR VEHICLE STRUCK MOTOR VEHICLE, REAR END",,0,Raining,Wet,Dark - Street Lights On,,4137025.0,,32,One parked--one moving,0,0,N
5654,2,-122.3901449,47.66866841,6933,19412,19412,1779892,Matched,Intersection,25227.0,26TH AVE NW AND NW MARKET ST,,,2,Injury Collision,Cycles,2,0,1,1,2004/05/20 00:00:00+00,5/20/2004 5:17:00 PM,At Intersection (intersection related),18,"MOTOR VEHICLE STRUCK PEDALCYCLIST, FRONT END AT ANGLE",,0,Clear,Dry,Daylight,Y,4141024.0,,45,Vehicle - Pedalcyclist,0,0,N
5655,2,-122.2922807,47.72919974,6934,19471,19471,1782245,Matched,Block,,LAKE CITY WAY NE BETWEEN NE 137TH ST AND NE 140TH ST,,,2,Injury Collision,Rear Ended,2,0,0,2,2004/07/15 00:00:00+00,7/15/2004 6:20:00 PM,Mid-Block (not related to intersection),14,"MOTOR VEHICLE STRUCK MOTOR VEHICLE, REAR END",Y,0,Clear,Dry,Daylight,,4197010.0,,14,From same direction - both going straight - one stopped - rear-end,0,0,N
5656,2,-122.33848459999999,47.61853427,6935,20069,20069,1321209,Matched,Intersection,29510.0,DENNY WAY AND WESTLAKE AVE,,,2,Injury Collision,Angles,4,0,0,2,2004/05/19 00:00:00+00,5/19/2004 10:45:00 AM,At Intersection (intersection related),11,"MOTOR VEHICLE STRUCK MOTOR VEHICLE, FRONT END AT ANGLE",,0,Clear,Dry,Daylight,,4140027.0,,10,Entering at angle,0,0,N
5657,2,-122.3707675,47.66292857,6936,20114,20114,1781952,Matched,Intersection,25460.0,11TH AVE NW AND NW BALLARD WAY,,,2,Injury Collision,Angles,3,0,0,2,2004/04/08 00:00:00+00,4/8/2004,At Intersection (intersection related),11,"MOTOR VEHICLE STRUCK MOTOR VEHICLE, FRONT END AT ANGLE",,0,Clear,Dry,Daylight,,4099032.0,,10,Entering at angle,0,0,N
5658,2,-122.32896629999999,47.59961782,6937,20789,20789,1213421,Matched,Block,,4TH AVE S BETWEEN S MAIN ST AND S JACKSON ST,,,2,Injury Collision,Other,2,1,0,1,2004/10/13 00:00:00+00,10/13/2004 8:48:00 AM,Mid-Block (not related to intersection),28,MOTOR VEHICLE RAN OFF ROAD - HIT FIXED OBJECT,,0,Clear,Dry,Daylight,,4287023.0,,50,Fixed object,0,0,N
5659,2,-122.3761893,47.5640766,6938,19524,19524,1789287,Matched,Intersection,31899.0,35TH AVE SW AND SW AVALON WAY,,,2,Injury Collision,Angles,3,0,0,2,2004/02/03 00:00:00+00,2/3/2004,At Intersection (intersection related),11,"MOTOR VEHICLE STRUCK MOTOR VEHICLE, FRONT END AT ANGLE",,0,Clear,Dry,Daylight,,4034015.0,,10,Entering at angle,0,0,N
5660,1,-122.329187,47.60369752,6939,19450,19450,1772491,Matched,Intersection,29972.0,5TH AVE AND JAMES ST,,,1,Property Damage Only Collision,Angles,2,0,0,2,2004/12/04 00:00:00+00,12/4/2004,At Intersection (intersection related),11,"MOTOR VEHICLE STRUCK MOTOR VEHICLE, FRONT END AT ANGLE",,0,Overcast,Dry,Dark - Street Lights On,,4339069.0,,10,Entering at angle,0,0,N
5661,1,-122.32807859999998,47.60416123,6941,19866,19866,1472943,Matched,Intersection,29973.0,6TH AVE AND JAMES ST,,,1,Property Damage Only Collision,Sideswipe,4,0,0,2,2004/06/12 00:00:00+00,6/12/2004 7:18:00 PM,At Intersection (intersection related),16,"MOTOR VEHICLE STRUCK MOTOR VEHICLE, LEFT SIDE SIDESWIPE",Y,0,Raining,Wet,Daylight,,4164017.0,,81,Same direction -- both turning left -- both moving -- sideswipe,0,0,N
5662,1,-122.27058020000001,47.5382771,6942,19572,19572,1773127,Matched,Intersection,34451.0,RAINIER AVE S AND S ORCHARD ST,,,1,Property Damage Only Collision,Left Turn,2,0,0,2,2004/09/20 00:00:00+00,9/20/2004 5:07:00 PM,At Intersection (intersection related),11,"MOTOR VEHICLE STRUCK MOTOR VEHICLE, FRONT END AT ANGLE",,0,Clear,Wet,Daylight,,4264006.0,,28,From opposite direction - one left turn - one straight,0,0,N
5663,2,-122.3449669,47.72230187,6943,19205,19205,1079986,Matched,Intersection,35827.0,AURORA AVE N AND N 128TH ST,,,2,Injury Collision,Angles,4,0,0,2,2004/07/09 00:00:00+00,7/9/2004,At Intersection (intersection related),11,"MOTOR VEHICLE STRUCK MOTOR VEHICLE, FRONT END AT ANGLE",,0,Overcast,Dry,Daylight,,4191024.0,,10,Entering at angle,0,0,N
5664,1,-122.32615039999999,47.54804855,6944,20265,20265,1789060,Matched,Intersection,33192.0,6TH AVE S AND S FRONT ST,,,1,Property Damage Only Collision,Angles,2,0,0,2,2004/01/23 00:00:00+00,1/23/2004 4:10:00 PM,At Intersection (intersection related),11,"MOTOR VEHICLE STRUCK MOTOR VEHICLE, FRONT END AT ANGLE",,0,Raining,Wet,Daylight,,4023018.0,,10,Entering at angle,0,0,N
5665,2,-122.31496990000001,47.61995095,6945,19840,19840,1326983,Matched,Block,,E JOHN ST BETWEEN 13TH AVE E AND 14TH AVE E,,,2,Injury Collision,Rear Ended,3,0,0,3,2004/01/12 00:00:00+00,1/12/2004 7:08:00 PM,Mid-Block (but intersection related),14,"MOTOR VEHICLE STRUCK MOTOR VEHICLE, REAR END",Y,0,Raining,Wet,Dark - Street Lights On,,4012025.0,,14,From same direction - both going straight - one stopped - rear-end,0,0,N
5666,2,-122.34788710000001,47.615361,6946,20357,20357,1777138,Matched,Intersection,29687.0,2ND AVE AND WALL ST,,,2,Injury Collision,Pedestrian,2,1,0,1,2004/02/09 00:00:00+00,2/9/2004,At Intersection (intersection related),24,MOTOR VEHCILE STRUCK PEDESTRIAN,,0,Clear,Dry,Daylight,Y,4040012.0,,2,Vehicle turning left hits pedestrian,0,0,N
5667,1,-122.32074159999999,47.62866905,6947,19402,19402,1786844,Matched,Block,,E PROSPECT ST BETWEEN BROADWAY E AND 10TH AVE E,,,1,Property Damage Only Collision,Other,1,0,0,1,2004/07/04 00:00:00+00,7/4/2004,Mid-Block (not related to intersection),28,MOTOR VEHICLE RAN OFF ROAD - HIT FIXED OBJECT,,1,Overcast,Dry,Daylight,,4186002.0,,50,Fixed object,0,0,N
5668,1,-122.3727608,47.68968018,6948,19179,19179,1931202,Matched,Block,,13TH AVE NW BETWEEN NW 83RD ST AND NW 85TH ST,,,1,Property Damage Only Collision,Parked Car,3,0,0,3,2004/11/03 00:00:00+00,11/3/2004,Mid-Block (not related to intersection),16,"MOTOR VEHICLE STRUCK MOTOR VEHICLE, LEFT SIDE SIDESWIPE",,0,Clear,Dry,Daylight,,4308039.0,,32,One parked--one moving,0,0,N
5669,1,-122.3145602,47.55423148,6949,19772,19772,1771552,Matched,Block,,14TH AVE S BETWEEN S BENNETT ST AND DEAD END 1,,,1,Property Damage Only Collision,Parked Car,2,0,0,2,2004/02/23 00:00:00+00,2/23/2004 8:00:00 PM,Mid-Block (not related to intersection),14,"MOTOR VEHICLE STRUCK MOTOR VEHICLE, REAR END",,0,Clear,Dry,Dark - Street Lights On,,4054025.0,,32,One parked--one moving,0,0,N
5670,1,-122.3294356,47.60228976,6950,19229,19229,C633722,Matched,Intersection,30529.0,4TH AVE AND DILLING WAY,,,1,Property Damage Only Collision,Left Turn,2,0,0,2,2004/05/17 00:00:00+00,5/17/2004 12:15:00 PM,At Intersection (intersection related),11,"MOTOR VEHICLE STRUCK MOTOR VEHICLE, FRONT END AT ANGLE",,0,Clear,Dry,Daylight,,4138045.0,,15,From same direction - one left turn - one straight,0,0,N
5671,1,-122.32342659999998,47.61579597,6951,18717,18717,1772326,Matched,Block,,BOYLSTON AVE BETWEEN E PINE ST AND E OLIVE ST,,,1,Property Damage Only Collision,Other,2,0,0,2,2004/04/29 00:00:00+00,4/29/2004 10:00:00 PM,Mid-Block (not related to intersection),11,"MOTOR VEHICLE STRUCK MOTOR VEHICLE, FRONT END AT ANGLE",,0,Clear,Dry,Dusk,,4120016.0,,23,From same direction - all others,0,0,N
5672,1,-122.3775501,47.66789322,6953,20151,20151,1069877,Matched,Block,,NW 54TH ST BETWEEN 15TH AVE NW AND 17TH AVE NW,,,1,Property Damage Only Collision,Parked Car,2,0,0,2,2004/11/12 00:00:00+00,11/12/2004 6:50:00 AM,Mid-Block (not related to intersection),16,"MOTOR VEHICLE STRUCK MOTOR VEHICLE, LEFT SIDE SIDESWIPE",,0,Clear,Dry,Daylight,,4317016.0,,32,One parked--one moving,0,0,N
5673,2,-122.33623840000001,47.60469505,6954,20247,20247,1776478,Matched,Intersection,29621.0,1ST AVE AND MADISON ST,,,2,Injury Collision,Pedestrian,3,1,0,1,2004/04/08 00:00:00+00,4/8/2004,At Intersection (intersection related),24,MOTOR VEHCILE STRUCK PEDESTRIAN,Y,0,Clear,Dry,Daylight,,4099004.0,,0,Vehicle going straight hits pedestrian,0,0,N
5674,2,-122.35093359999999,47.61364361,6955,19831,19831,1783254,Matched,Block,,ELLIOTT AVE BETWEEN WALL ST AND VINE ST,,,2,Injury Collision,Rear Ended,3,0,0,3,2004/08/17 00:00:00+00,8/17/2004 10:07:00 AM,Mid-Block (not related to intersection),14,"MOTOR VEHICLE STRUCK MOTOR VEHICLE, REAR END",Y,0,Clear,Dry,Daylight,,4230038.0,,14,From same direction - both going straight - one stopped - rear-end,0,0,N
5675,1,-122.2824826,47.71421753,6956,20679,20679,1779923,Matched,Block,,SAND POINT WAY NE BETWEEN NE 115TH ST AND NE 120TH ST,,,1,Property Damage Only Collision,Parked Car,3,0,0,2,2004/06/06 00:00:00+00,6/6/2004,Driveway Junction,16,"MOTOR VEHICLE STRUCK MOTOR VEHICLE, LEFT SIDE SIDESWIPE",,0,Clear,Dry,Daylight,,4158026.0,,32,One parked--one moving,0,0,N
5676,1,-122.35533020000001,47.69331628,6959,21218,21218,1080014,Matched,Block,,GREENWOOD AVE N BETWEEN N 87TH ST AND N 90TH ST,,,1,Property Damage Only Collision,Parked Car,2,0,0,2,2004/08/27 00:00:00+00,8/27/2004 2:47:00 PM,Mid-Block (not related to intersection),16,"MOTOR VEHICLE STRUCK MOTOR VEHICLE, LEFT SIDE SIDESWIPE",,0,Overcast,Dry,Daylight,,4240018.0,,32,One parked--one moving,0,0,N
5677,1,-122.3395594,47.60832456,6960,22018,22018,1334020,Matched,Block,,1ST AVE BETWEEN UNION ST AND PIKE ST,,,1,Property Damage Only Collision,Rear Ended,4,0,0,2,2004/10/16 00:00:00+00,10/16/2004 2:08:00 AM,Mid-Block (but intersection related),14,"MOTOR VEHICLE STRUCK MOTOR VEHICLE, REAR END",,0,Clear,Dry,Dark - Street Lights On,,4290052.0,,13,From same direction - both going straight - both moving - rear-end,0,0,N
5678,1,-122.3762226,47.65698919,6961,21264,21264,1778008,Matched,Block,,BALLARD BR BETWEEN 15TH AVE W AND POINT A,,,1,Property Damage Only Collision,Sideswipe,2,0,0,2,2004/01/02 00:00:00+00,1/2/2004,Mid-Block (not related to intersection),11,"MOTOR VEHICLE STRUCK MOTOR VEHICLE, FRONT END AT ANGLE",,0,Overcast,Dry,Dark - Street Lights On,,4002052.0,,26,From opposite direction - both going straight - sideswipe,0,0,N
5679,2,-122.3001668,47.58099444,6962,20512,20512,1793329,Matched,Intersection,31467.0,RAINIER AVE S AND S BAYVIEW ST,,,2,Injury Collision,Pedestrian,2,1,0,1,2004/08/25 00:00:00+00,8/25/2004 3:46:00 PM,At Intersection (intersection related),24,MOTOR VEHCILE STRUCK PEDESTRIAN,,0,Raining,Wet,Daylight,Y,4238047.0,,2,Vehicle turning left hits pedestrian,0,0,N