,SEVERITYCODE,X,Y,OBJECTID,INCKEY,COLDETKEY,REPORTNO,STATUS,ADDRTYPE,INTKEY,LOCATION,EXCEPTRSNCODE,EXCEPTRSNDESC,SEVERITYCODE.1,SEVERITYDESC,COLLISIONTYPE,PERSONCOUNT,PEDCOUNT,PEDCYLCOUNT,VEHCOUNT,INCDATE,INCDTTM,JUNCTIONTYPE,SDOT_COLCODE,SDOT_COLDESC,INATTENTIONIND,UNDERINFL,WEATHER,ROADCOND,LIGHTCOND,PEDROWNOTGRNT,SDOTCOLNUM,SPEEDING,ST_COLCODE,ST_COLDESC,SEGLANEKEY,CROSSWALKKEY,HITPARKEDCAR
5680,1,-122.31318780000001,47.65905362,6963,22511,22511,1220148,Matched,Block,,UNIVERSITY WAY NE BETWEEN NE 42ND ST AND NE 43RD ST,,,1,Property Damage Only Collision,Parked Car,2,0,0,2,2004/07/14 00:00:00+00,7/14/2004 2:27:00 PM,Mid-Block (not related to intersection),11,"MOTOR VEHICLE STRUCK MOTOR VEHICLE, FRONT END AT ANGLE",,0,Clear,Dry,Daylight,,4196044.0,,32,One parked--one moving,0,0,N
5681,2,-122.3181594,47.61525439,6964,21763,21763,1198286,Matched,Intersection,29739.0,11TH AVE AND E PINE ST,,,2,Injury Collision,Cycles,2,0,1,1,2004/11/02 00:00:00+00,11/2/2004,At Intersection (intersection related),18,"MOTOR VEHICLE STRUCK PEDALCYCLIST, FRONT END AT ANGLE",,0,Raining,Wet,Daylight,,4307038.0,,45,Vehicle - Pedalcyclist,0,0,N
5682,1,-122.3641814,47.52104596,6965,21339,21339,1482065,Matched,Block,,SW BARTON ST BETWEEN SW BARTON PL AND 25TH AVE SW,,,1,Property Damage Only Collision,Sideswipe,2,0,0,2,2004/05/18 00:00:00+00,5/18/2004 7:59:00 PM,Mid-Block (not related to intersection),16,"MOTOR VEHICLE STRUCK MOTOR VEHICLE, LEFT SIDE SIDESWIPE",,0,Clear,Dry,Daylight,,4139004.0,,11,From same direction - both going straight - both moving - sideswipe,0,0,N
5683,2,-122.3011388,47.65898168,6966,20703,20703,1780042,Matched,Intersection,27292.0,25TH AVE NE AND MONTLAKE BLVD NE,,,2,Injury Collision,Angles,3,0,0,2,2004/03/10 00:00:00+00,3/10/2004 7:45:00 PM,At Intersection (intersection related),11,"MOTOR VEHICLE STRUCK MOTOR VEHICLE, FRONT END AT ANGLE",,0,Clear,Dry,Dark - Street Lights On,,4070026.0,,10,Entering at angle,0,0,N
5684,2,-122.3212753,47.65157827,6967,22354,22354,1790146,Matched,Intersection,27153.0,EASTLAKE AVE E AND FUHRMAN AVE E,,,2,Injury Collision,Cycles,2,0,1,1,2004/07/20 00:00:00+00,7/20/2004 1:51:00 PM,At Intersection (intersection related),11,"MOTOR VEHICLE STRUCK MOTOR VEHICLE, FRONT END AT ANGLE",,0,Clear,Dry,Daylight,Y,4202034.0,,45,Vehicle - Pedalcyclist,0,0,N
5685,1,-122.3268848,47.67084677,6969,21166,21166,1778933,Matched,Block,,NE 58TH ST BETWEEN 1ST AVE NE AND LATONA AVE NE,,,1,Property Damage Only Collision,Parked Car,2,0,0,2,2004/06/05 00:00:00+00,6/5/2004,Driveway Junction,11,"MOTOR VEHICLE STRUCK MOTOR VEHICLE, FRONT END AT ANGLE",,0,Unknown,Unknown,Unknown,,4157016.0,,32,One parked--one moving,0,0,N
5686,2,-122.3289675,47.59919689,6971,21002,21002,1213638,Matched,Intersection,30509.0,4TH AVE S AND S JACKSON ST,,,2,Injury Collision,Angles,4,0,0,2,2004/10/17 00:00:00+00,10/17/2004 5:18:00 PM,At Intersection (intersection related),11,"MOTOR VEHICLE STRUCK MOTOR VEHICLE, FRONT END AT ANGLE",,0,Raining,Wet,Daylight,,4291020.0,,10,Entering at angle,0,0,N
5687,1,-122.35696259999999,47.63534934,6973,22329,22329,1777612,Matched,Block,,QUEEN ANNE AVE N BETWEEN BLAINE ST AND HOWE ST,,,1,Property Damage Only Collision,Parked Car,2,0,0,2,2004/05/01 00:00:00+00,5/1/2004,Mid-Block (not related to intersection),11,"MOTOR VEHICLE STRUCK MOTOR VEHICLE, FRONT END AT ANGLE",,0,Clear,Dry,Daylight,,4122019.0,,32,One parked--one moving,0,0,N
5688,1,-122.2915889,47.55786202,6974,21506,21506,1772682,Matched,Intersection,484922.0,M L KING JR WR WAY S AND S FERDINAND ST,,,1,Property Damage Only Collision,Pedestrian,3,1,0,1,2004/10/02 00:00:00+00,10/2/2004,At Intersection (intersection related),24,MOTOR VEHCILE STRUCK PEDESTRIAN,,0,Clear,Dry,Daylight,,4276038.0,,0,Vehicle going straight hits pedestrian,0,0,N
5689,1,-122.3195299,47.61933188,6975,21234,21234,1787221,Matched,Block,,10TH AVE E BETWEEN E DENNY WAY AND E JOHN ST,,,1,Property Damage Only Collision,Parked Car,2,0,0,2,2004/01/25 00:00:00+00,1/25/2004 4:07:00 PM,Mid-Block (but intersection related),14,"MOTOR VEHICLE STRUCK MOTOR VEHICLE, REAR END",,0,Overcast,Wet,Daylight,,4025019.0,,32,One parked--one moving,0,0,N
5690,2,-122.28930449999999,47.67941561,6976,20967,20967,1080374,Matched,Intersection,24951.0,36TH AVE NE AND NE 70TH ST,,,2,Injury Collision,Angles,4,0,0,3,2004/08/02 00:00:00+00,8/2/2004,At Intersection (intersection related),11,"MOTOR VEHICLE STRUCK MOTOR VEHICLE, FRONT END AT ANGLE",Y,0,Clear,Dry,Daylight,,4215013.0,,10,Entering at angle,0,0,N
5691,2,-122.3033182,47.70027141,6977,20299,20299,1774575,Matched,Intersection,37713.0,LAKE CITY WAY NE AND NE 98TH ST,,,2,Injury Collision,Angles,2,0,0,2,2004/02/12 00:00:00+00,2/12/2004 2:35:00 PM,At Intersection (intersection related),11,"MOTOR VEHICLE STRUCK MOTOR VEHICLE, FRONT END AT ANGLE",,0,Clear,Dry,Daylight,,4043001.0,,10,Entering at angle,0,0,N
5692,1,-122.3419269,47.57100279,6978,22232,22232,1789038,Matched,Block,,S SPOKANE SR ST BETWEEN S SPOKANE NR ST AND EAST MARGINAL WAY S,,,1,Property Damage Only Collision,Right Turn,2,0,0,2,2004/06/08 00:00:00+00,6/8/2004,Mid-Block (but intersection related),11,"MOTOR VEHICLE STRUCK MOTOR VEHICLE, FRONT END AT ANGLE",,0,Clear,Dry,Daylight,,4160019.0,,16,From same direction - one right turn - one straight,0,0,N
5693,1,-122.3635686,47.65776357,6979,21471,21471,1475619,Matched,Intersection,26642.0,6TH AVE NW AND LEARY S WAY NW,,,1,Property Damage Only Collision,Sideswipe,4,0,0,2,2004/07/11 00:00:00+00,7/11/2004 1:13:00 PM,At Intersection (intersection related),16,"MOTOR VEHICLE STRUCK MOTOR VEHICLE, LEFT SIDE SIDESWIPE",,0,Clear,Dry,Daylight,,4193006.0,,11,From same direction - both going straight - both moving - sideswipe,0,0,N
5694,1,-122.3229563,47.66133335,6980,21324,21324,1220462,Matched,Intersection,27071.0,5TH AVE NE AND NE 45TH ST,,,1,Property Damage Only Collision,Angles,3,0,0,2,2004/09/25 00:00:00+00,9/25/2004 11:37:00 PM,At Intersection (intersection related),11,"MOTOR VEHICLE STRUCK MOTOR VEHICLE, FRONT END AT ANGLE",,0,Clear,Dry,Dark - Street Lights On,,4269017.0,,10,Entering at angle,0,0,N
5695,1,-122.33574159999999,47.69049554,6981,21837,21837,1780235,Matched,Block,,N 85TH ST BETWEEN WALLINGFORD AVE N AND BURKE AVE N,,,1,Property Damage Only Collision,Sideswipe,4,0,0,2,2004/01/04 00:00:00+00,1/4/2004,Mid-Block (not related to intersection),16,"MOTOR VEHICLE STRUCK MOTOR VEHICLE, LEFT SIDE SIDESWIPE",,0,Clear,Dry,Dark - Street Lights On,,4004009.0,,11,From same direction - both going straight - both moving - sideswipe,0,0,N
5696,2,-122.33823829999999,47.55576875,6982,20558,20558,1789216,Matched,Intersection,33022.0,EAST MARGINAL WAY S AND S DAWSON ST,,,2,Injury Collision,Angles,3,0,0,2,2004/06/26 00:00:00+00,6/26/2004 7:06:00 PM,At Intersection (intersection related),11,"MOTOR VEHICLE STRUCK MOTOR VEHICLE, FRONT END AT ANGLE",,0,Clear,Dry,Daylight,,4178009.0,,10,Entering at angle,0,0,N
5697,1,-122.35690600000001,47.64051337,6983,21515,21515,1213007,Matched,Block,,QUEEN ANNE AVE N BETWEEN MCGRAW ST AND SMITH ST,,,1,Property Damage Only Collision,Rear Ended,3,0,0,2,2004/05/01 00:00:00+00,5/1/2004,Mid-Block (but intersection related),14,"MOTOR VEHICLE STRUCK MOTOR VEHICLE, REAR END",Y,0,Clear,Dry,Dark - Street Lights On,,4122007.0,,14,From same direction - both going straight - one stopped - rear-end,0,0,N
5698,2,-122.36047909999999,47.52469335,6984,22159,22159,1790509,Matched,Intersection,34861.0,DELRIDGE WAY SW AND SW TRENTON ST,,,2,Injury Collision,Angles,3,0,0,2,2004/09/09 00:00:00+00,9/9/2004,At Intersection (intersection related),11,"MOTOR VEHICLE STRUCK MOTOR VEHICLE, FRONT END AT ANGLE",,0,Clear,Dry,Dark - Street Lights On,,4253036.0,,10,Entering at angle,0,0,N
5699,1,,,6985,20944,20944,1212925,Matched,Block,,BATTERY ST TUNNEL SB BETWEEN AURORA AVE N AND ALASKAN WY VI SB,,,1,Property Damage Only Collision,Other,1,0,0,1,2004/03/07 00:00:00+00,3/7/2004,Mid-Block (not related to intersection),26,MOTOR VEHICLE STRUCK OBJECT IN ROAD,,0,Raining,Wet,Dark - Street Lights On,,4067006.0,Y,50,Fixed object,0,0,N
5700,2,-122.32142079999998,47.60694734,6988,20530,20530,1776656,Matched,Intersection,29813.0,JAMES ST AND MINOR AVE,,,2,Injury Collision,Pedestrian,2,1,0,1,2004/10/27 00:00:00+00,10/27/2004 10:58:00 AM,At Intersection (intersection related),24,MOTOR VEHCILE STRUCK PEDESTRIAN,,0,Clear,Dry,Daylight,Y,4301040.0,,1,Vehicle turning right hits pedestrian,0,0,N
5701,1,-122.3397604,47.60686597,6989,22320,22320,C649296,Matched,Block,,WESTERN AVE BETWEEN UNIVERSITY ST AND UNION ST,,,1,Property Damage Only Collision,Other,2,0,0,2,2004/10/14 00:00:00+00,10/14/2004 2:45:00 PM,Mid-Block (not related to intersection),11,"MOTOR VEHICLE STRUCK MOTOR VEHICLE, FRONT END AT ANGLE",,0,Clear,Dry,Daylight,,4288044.0,,23,From same direction - all others,0,0,N
5702,1,-122.32285490000001,47.60683918,6990,21497,21497,1217037,Matched,Block,,BOREN AVE BETWEEN JAMES ST AND CHERRY ST,,,1,Property Damage Only Collision,Sideswipe,6,0,0,2,2004/12/03 00:00:00+00,12/3/2004,Mid-Block (not related to intersection),16,"MOTOR VEHICLE STRUCK MOTOR VEHICLE, LEFT SIDE SIDESWIPE",,0,Overcast,Dry,Daylight,,4338017.0,,11,From same direction - both going straight - both moving - sideswipe,0,0,N
5703,1,-122.3541504,47.61824189,6993,21255,21255,1482868,Matched,Block,,WARREN PL BETWEEN 1ST AVE AND DENNY WAY,,,1,Property Damage Only Collision,Parked Car,2,0,0,2,2004/06/16 00:00:00+00,6/16/2004 4:00:00 AM,Mid-Block (not related to intersection),13,"MOTOR VEHICLE STRUCK MOTOR VEHICLE, LEFT SIDE AT ANGLE",,0,Clear,Dry,Dark - Street Lights Off,,4168037.0,,32,One parked--one moving,0,0,N
5704,2,-122.34600630000001,47.70215820000001,6994,20430,20430,1079613,Matched,Block,,N 101ST ST BETWEEN LINDEN AVE N AND AURORA AVE N,,,2,Injury Collision,Angles,5,0,0,3,2004/09/05 00:00:00+00,9/5/2004,Driveway Junction,11,"MOTOR VEHICLE STRUCK MOTOR VEHICLE, FRONT END AT ANGLE",,0,Clear,Dry,Daylight,,4249014.0,Y,10,Entering at angle,0,0,N
5705,1,,,6995,22073,22073,1772043,Matched,Alley,,,,,1,Property Damage Only Collision,Parked Car,3,0,0,2,2004/04/12 00:00:00+00,4/12/2004 7:00:00 PM,Mid-Block (not related to intersection),0,NOT ENOUGH INFORMATION / NOT APPLICABLE,Y,0,Clear,Dry,Dusk,,4103008.0,,32,One parked--one moving,0,0,N
5706,1,-122.3152627,47.6631058,6996,21456,21456,1773533,Matched,Intersection,25802.0,12TH AVE NE AND NE 47TH ST,,,1,Property Damage Only Collision,Angles,2,0,0,2,2004/02/19 00:00:00+00,2/19/2004 11:03:00 AM,At Intersection (intersection related),11,"MOTOR VEHICLE STRUCK MOTOR VEHICLE, FRONT END AT ANGLE",,0,Clear,Dry,Daylight,,4050014.0,,10,Entering at angle,0,0,N
5707,1,-122.33418799999998,47.59920483,6999,21297,21297,1776956,Matched,Intersection,30365.0,1ST AVE S AND S JACKSON ST,,,1,Property Damage Only Collision,Left Turn,3,0,0,2,2004/02/08 00:00:00+00,2/8/2004,At Intersection (intersection related),11,"MOTOR VEHICLE STRUCK MOTOR VEHICLE, FRONT END AT ANGLE",,1,Overcast,Wet,Dark - Street Lights On,,4039012.0,,28,From opposite direction - one left turn - one straight,0,0,N
5708,1,-122.3062658,47.596269,7002,21435,21435,1216878,Matched,Block,,20TH AVE S BETWEEN S LANE ST AND S DEARBORN ST,,,1,Property Damage Only Collision,Other,2,0,0,2,2004/08/08 00:00:00+00,8/8/2004,Driveway Junction,11,"MOTOR VEHICLE STRUCK MOTOR VEHICLE, FRONT END AT ANGLE",,0,Clear,Dry,Daylight,,4221012.0,,22,One car leaving driveway access,0,0,N
5709,1,-122.3167457,47.623688200000004,7003,21368,21368,1198465,Matched,Block,,12TH AVE E BETWEEN E REPUBLICAN ST AND E MERCER ST,,,1,Property Damage Only Collision,Parked Car,2,0,0,2,2004/12/05 00:00:00+00,12/5/2004,Mid-Block (not related to intersection),14,"MOTOR VEHICLE STRUCK MOTOR VEHICLE, REAR END",Y,0,Clear,Dry,Dark - Street Lights On,,4340018.0,,32,One parked--one moving,0,0,N
5710,1,-122.3366834,47.61021404,7004,22313,22313,1784810,Matched,Intersection,29589.0,4TH AVE AND PIKE ST,,,1,Property Damage Only Collision,Left Turn,4,0,0,2,2004/09/12 00:00:00+00,9/12/2004 10:33:00 PM,At Intersection (intersection related),11,"MOTOR VEHICLE STRUCK MOTOR VEHICLE, FRONT END AT ANGLE",,0,Clear,Dry,Dark - Street Lights On,,4256010.0,,15,From same direction - one left turn - one straight,0,0,N
5711,1,-122.2891317,47.67306451,7005,21126,21126,C649775,Matched,Block,,36TH AVE NE BETWEEN NE 60TH ST AND NE 62ND ST,,,1,Property Damage Only Collision,Sideswipe,2,0,0,2,2004/12/17 00:00:00+00,12/17/2004 8:30:00 PM,Mid-Block (not related to intersection),11,"MOTOR VEHICLE STRUCK MOTOR VEHICLE, FRONT END AT ANGLE",,0,Clear,Dry,Dark - Street Lights On,,4352057.0,,11,From same direction - both going straight - both moving - sideswipe,0,0,N
5712,2,-122.3216018,47.52646149,7006,20376,20376,1790241,Matched,Block,,S CLOVERDALE ST BETWEEN 8TH AVE S AND 10TH AVE S,,,2,Injury Collision,Rear Ended,7,0,0,2,2004/08/16 00:00:00+00,8/16/2004 4:27:00 PM,Mid-Block (not related to intersection),14,"MOTOR VEHICLE STRUCK MOTOR VEHICLE, REAR END",,0,Clear,Dry,Daylight,,4229007.0,,13,From same direction - both going straight - both moving - rear-end,0,0,N
5713,1,-122.36165220000001,47.54497343,7008,21892,21892,1781102,Matched,Block,,DELRIDGE WAY SW BETWEEN 23RD S AVE SW AND 22ND AVE SW,,,1,Property Damage Only Collision,Parked Car,3,0,0,2,2004/04/09 00:00:00+00,4/9/2004,Mid-Block (not related to intersection),14,"MOTOR VEHICLE STRUCK MOTOR VEHICLE, REAR END",Y,1,Clear,Dry,Dark - Street Lights On,,4100001.0,,32,One parked--one moving,0,0,N
5714,1,-122.41331570000001,47.57715074,7010,21852,21852,1476169,Matched,Block,,63RD AVE SW BETWEEN ALKI AVE SW AND SW ADMIRAL WAY,,,1,Property Damage Only Collision,Parked Car,2,0,0,2,2004/10/10 00:00:00+00,10/10/2004 8:00:00 PM,Mid-Block (not related to intersection),14,"MOTOR VEHICLE STRUCK MOTOR VEHICLE, REAR END",,0,Clear,Dry,Dark - Street Lights On,,4284014.0,,32,One parked--one moving,0,0,N
5715,1,-122.2685242,47.54427791,7011,21098,21098,1771915,Matched,Block,,S MORGAN ST BETWEEN 51ST AVE S AND 52ND AVE S,,,1,Property Damage Only Collision,Parked Car,2,0,0,2,2004/09/01 00:00:00+00,9/1/2004,Mid-Block (not related to intersection),13,"MOTOR VEHICLE STRUCK MOTOR VEHICLE, LEFT SIDE AT ANGLE",,0,Clear,Dry,Daylight,,4245020.0,,32,One parked--one moving,0,0,N
5716,1,-122.31989779999999,47.62369642,7012,20283,20283,1788625,Matched,Block,,10TH AVE E BETWEEN E REPUBLICAN ST AND E MERCER ST,,,1,Property Damage Only Collision,Parked Car,4,0,0,2,2004/03/23 00:00:00+00,3/23/2004 4:04:00 PM,Mid-Block (not related to intersection),11,"MOTOR VEHICLE STRUCK MOTOR VEHICLE, FRONT END AT ANGLE",,0,Overcast,Dry,Daylight,,4083023.0,,32,One parked--one moving,0,0,N
5717,1,-122.30161909999998,47.58632022,7013,22068,22068,1771330,Matched,Intersection,31418.0,24TH AVE S AND S HOLGATE ST,,,1,Property Damage Only Collision,Angles,2,0,0,2,2004/02/06 00:00:00+00,2/6/2004,At Intersection (intersection related),11,"MOTOR VEHICLE STRUCK MOTOR VEHICLE, FRONT END AT ANGLE",,0,Overcast,Wet,Daylight,,4037034.0,,10,Entering at angle,0,0,N
5718,1,-122.31276489999999,47.68710271,7014,21447,21447,1782184,Matched,Block,,LAKE CITY WAY NE BETWEEN NE 80TH ST AND 15TH AVE NE,,,1,Property Damage Only Collision,Rear Ended,2,0,0,2,2004/06/20 00:00:00+00,6/20/2004 1:05:00 PM,Mid-Block (but intersection related),14,"MOTOR VEHICLE STRUCK MOTOR VEHICLE, REAR END",Y,0,Clear,Dry,Daylight,,4172024.0,,13,From same direction - both going straight - both moving - rear-end,0,0,N
5719,1,-122.39033490000001,47.55747720000001,7016,21672,21672,1785594,Matched,Block,,SW HUDSON ST BETWEEN ERSKINE S WAY SW AND 46TH AVE SW,,,1,Property Damage Only Collision,Angles,7,0,0,3,2004/07/14 00:00:00+00,7/14/2004 12:25:00 AM,Mid-Block (but intersection related),11,"MOTOR VEHICLE STRUCK MOTOR VEHICLE, FRONT END AT ANGLE",Y,0,Clear,Dry,Dark - Street Lights On,,4196008.0,,10,Entering at angle,0,0,N
5720,2,-122.3235647,47.72311934,7017,21006,21006,1080103,Matched,Intersection,35971.0,ROOSEVELT WAY NE AND NE 130TH N ST,,,2,Injury Collision,Left Turn,3,0,0,2,2004/07/16 00:00:00+00,7/16/2004 4:48:00 PM,At Intersection (intersection related),11,"MOTOR VEHICLE STRUCK MOTOR VEHICLE, FRONT END AT ANGLE",,0,Clear,Dry,Daylight,,4198038.0,,28,From opposite direction - one left turn - one straight,0,0,N
5721,1,-122.27355870000001,47.52234751,7018,20806,20806,1771655,Matched,Block,,S DIRECTOR ST BETWEEN 46TH AVE S AND 48TH AVE S,,,1,Property Damage Only Collision,Parked Car,2,0,0,2,2004/02/15 00:00:00+00,2/15/2004 8:07:00 PM,Mid-Block (not related to intersection),13,"MOTOR VEHICLE STRUCK MOTOR VEHICLE, LEFT SIDE AT ANGLE",,0,Overcast,Wet,Dark - No Street Lights,,4046003.0,,32,One parked--one moving,0,0,N
5722,1,-122.30260159999999,47.58764463,7019,22192,22192,1772900,Matched,Block,,23RD AVE S BETWEEN S MASSACHUSETTS ST AND S GRAND ST,,,1,Property Damage Only Collision,Sideswipe,2,0,0,2,2004/06/29 00:00:00+00,6/29/2004 11:05:00 AM,Mid-Block (not related to intersection),14,"MOTOR VEHICLE STRUCK MOTOR VEHICLE, REAR END",,0,Clear,Dry,Daylight,,4181046.0,,12,From same direction - both going straight - one stopped - sideswipe,0,0,N
5723,1,-122.32355449999999,47.71820822,7020,21641,21641,1773911,Matched,Block,,5TH AVE NE BETWEEN NE 123RD ST AND NE 124TH ST,,,1,Property Damage Only Collision,Other,3,0,0,2,2004/01/14 00:00:00+00,1/14/2004 7:32:00 PM,Driveway Junction,11,"MOTOR VEHICLE STRUCK MOTOR VEHICLE, FRONT END AT ANGLE",,0,Raining,Wet,Dark - Street Lights On,,4014030.0,,21,One car entering driveway access,0,0,N
5724,1,-122.2809217,47.53705051,7021,21074,21074,1787889,Matched,Block,,S OTHELLO ST BETWEEN M L KING JR ER WAY S AND 42ND AVE S,,,1,Property Damage Only Collision,Other,1,0,0,1,2004/12/03 00:00:00+00,12/3/2004,Mid-Block (but intersection related),28,MOTOR VEHICLE RAN OFF ROAD - HIT FIXED OBJECT,Y,0,Clear,Dry,Daylight,,4338002.0,,50,Fixed object,0,0,N
5725,1,-122.34892520000001,47.61857627,7022,21261,21261,1777770,Matched,Intersection,29656.0,4TH AVE AND DENNY WAY,,,1,Property Damage Only Collision,Angles,3,0,0,2,2004/02/06 00:00:00+00,2/6/2004,At Intersection (intersection related),11,"MOTOR VEHICLE STRUCK MOTOR VEHICLE, FRONT END AT ANGLE",,0,Clear,Dry,Daylight,,4037039.0,,10,Entering at angle,0,0,N
5726,1,,,7023,20654,20654,1069681,Matched,Block,,ALASKAN WY VI NB BETWEEN BATTERY ST TUN ON RP AND WESTERN AV OFF RP,,,1,Property Damage Only Collision,Other,1,0,0,1,2004/10/31 00:00:00+00,10/31/2004 6:45:00 PM,Mid-Block (not related to intersection),26,MOTOR VEHICLE STRUCK OBJECT IN ROAD,,1,Clear,Dry,Dark - Street Lights On,,4305001.0,Y,50,Fixed object,0,0,N
5727,2,-122.3020689,47.64062217,7024,22242,22242,1788458,Matched,Block,,24TH AVE E BETWEEN E MCGRAW ST AND E CALHOUN ST,,,2,Injury Collision,Rear Ended,3,0,0,2,2004/04/20 00:00:00+00,4/20/2004 5:27:00 PM,Mid-Block (but intersection related),14,"MOTOR VEHICLE STRUCK MOTOR VEHICLE, REAR END",Y,0,Clear,Dry,Daylight,,4111031.0,,14,From same direction - both going straight - one stopped - rear-end,0,0,N
5728,1,-122.3350939,47.70816913,7025,21475,21475,1782417,Matched,Block,,N NORTHGATE WAY BETWEEN BURKE AVE N AND MERIDIAN AVE N,,,1,Property Damage Only Collision,Other,1,0,0,1,2004/04/03 00:00:00+00,4/3/2004,Mid-Block (not related to intersection),28,MOTOR VEHICLE RAN OFF ROAD - HIT FIXED OBJECT,,1,Clear,Dry,Dark - Street Lights On,,4094001.0,Y,50,Fixed object,0,0,N
5729,2,-122.28334109999999,47.54602126,7026,20908,20908,1783141,Matched,Intersection,33647.0,39TH AVE S AND S GRAHAM ST,,,2,Injury Collision,Angles,2,0,0,2,2004/11/05 00:00:00+00,11/5/2004,At Intersection (intersection related),11,"MOTOR VEHICLE STRUCK MOTOR VEHICLE, FRONT END AT ANGLE",,0,Clear,Dry,Dark - Street Lights On,,4310021.0,,10,Entering at angle,0,0,N
5730,1,-122.2700137,47.51770956,7027,21556,21556,1771801,Matched,Block,,51ST AVE S BETWEEN S CAMBRIDGE ST AND RENTON AVE S,,,1,Property Damage Only Collision,Rear Ended,6,0,0,3,2004/03/01 00:00:00+00,3/1/2004,Mid-Block (but intersection related),14,"MOTOR VEHICLE STRUCK MOTOR VEHICLE, REAR END",Y,0,Clear,Dry,Daylight,,4061011.0,,14,From same direction - both going straight - one stopped - rear-end,0,0,N
5731,2,-122.32588090000002,47.64505713,7028,22481,22481,1789754,Matched,Block,,EASTLAKE AVE E BETWEEN E EDGAR ST AND E HAMLIN ST,,,2,Injury Collision,Other,2,0,0,2,2004/01/14 00:00:00+00,1/14/2004 12:47:00 PM,Driveway Junction,11,"MOTOR VEHICLE STRUCK MOTOR VEHICLE, FRONT END AT ANGLE",,0,Raining,Wet,Daylight,,4014010.0,,22,One car leaving driveway access,0,0,N
5732,1,-122.3234085,47.61465058,7029,21877,21877,1007498,Matched,Block,,BOYLSTON AVE BETWEEN E PIKE ST AND E PINE ST,,,1,Property Damage Only Collision,Parked Car,2,0,0,2,2004/04/29 00:00:00+00,4/29/2004 9:31:00 AM,Driveway Junction,13,"MOTOR VEHICLE STRUCK MOTOR VEHICLE, LEFT SIDE AT ANGLE",,0,Clear,Dry,Daylight,,4120040.0,,32,One parked--one moving,0,0,N
5733,1,-122.2835439,47.60637345,7030,21162,21162,1217189,Matched,Block,,LAKE WASHINGTON BLVD BETWEEN E JEFFERSON ST AND FULLERTON AVE,,,1,Property Damage Only Collision,Other,2,0,0,2,2004/08/14 00:00:00+00,8/14/2004 6:55:00 AM,Mid-Block (not related to intersection),11,"MOTOR VEHICLE STRUCK MOTOR VEHICLE, FRONT END AT ANGLE",Y,0,Clear,Dry,Daylight,,4227007.0,,23,From same direction - all others,0,0,N
5734,1,-122.33420079999999,47.57981114,7031,21527,21527,1783403,Matched,Intersection,31372.0,1ST AVE S AND S LANDER ST,,,1,Property Damage Only Collision,Left Turn,3,0,0,2,2004/09/16 00:00:00+00,9/16/2004 10:18:00 PM,At Intersection (intersection related),11,"MOTOR VEHICLE STRUCK MOTOR VEHICLE, FRONT END AT ANGLE",,0,Raining,Wet,Dark - Street Lights On,,4260049.0,,28,From opposite direction - one left turn - one straight,0,0,N
5735,1,-122.2879588,47.54608596,7032,20853,20853,1773277,Matched,Block,,S GRAHAM ST BETWEEN 33RD AVE S AND M L KING JR WR WAY S,,,1,Property Damage Only Collision,Other,2,0,0,2,2004/09/07 00:00:00+00,9/7/2004,Driveway Junction,11,"MOTOR VEHICLE STRUCK MOTOR VEHICLE, FRONT END AT ANGLE",,0,Clear,Dry,Daylight,,4251024.0,,22,One car leaving driveway access,0,0,N
5736,2,-122.3444517,47.61802169,7033,20674,20674,1482311,Matched,Intersection,29518.0,6TH AVE AND WALL ST,,,2,Injury Collision,Angles,3,0,0,2,2004/04/01 00:00:00+00,4/1/2004,At Intersection (intersection related),11,"MOTOR VEHICLE STRUCK MOTOR VEHICLE, FRONT END AT ANGLE",,0,Clear,Dry,Daylight,,4092014.0,,10,Entering at angle,0,0,N
5737,2,-122.3288783,47.7261161,7034,22029,22029,1780641,Matched,Intersection,35947.0,1ST AVE NE AND ROOSEVELT WAY NE,,,2,Injury Collision,Angles,2,0,0,2,2004/01/14 00:00:00+00,1/14/2004 4:49:00 PM,At Intersection (intersection related),11,"MOTOR VEHICLE STRUCK MOTOR VEHICLE, FRONT END AT ANGLE",,0,Raining,Wet,Dark - Street Lights On,,4014037.0,,10,Entering at angle,0,0,N
5738,1,-122.37676110000001,47.67682047,7037,21254,21254,1782209,Matched,Block,,15TH AVE NW BETWEEN NW 65TH ST AND NW 67TH ST,,,1,Property Damage Only Collision,Rear Ended,2,0,0,2,2004/06/01 00:00:00+00,6/1/2004,Mid-Block (not related to intersection),14,"MOTOR VEHICLE STRUCK MOTOR VEHICLE, REAR END",,0,Clear,Dry,Daylight,,4153019.0,,13,From same direction - both going straight - both moving - rear-end,0,0,N
5739,1,-122.3602603,47.63959716,7038,20717,20717,1205124,Matched,Block,,W MCGRAW ST BETWEEN W MCGRAW E PL AND W MCGRAW W PL,,,1,Property Damage Only Collision,Parked Car,2,0,0,2,2004/05/26 00:00:00+00,5/26/2004 9:30:00 PM,Mid-Block (not related to intersection),14,"MOTOR VEHICLE STRUCK MOTOR VEHICLE, REAR END",,0,Overcast,Dry,Dark - Street Lights On,,4147049.0,,32,One parked--one moving,0,0,N
5740,1,-122.28304409999998,47.66468869,7039,22375,22375,1079777,Matched,Block,,SAND POINT WAY NE BETWEEN PENNY DR AND NE 50TH ST,,,1,Property Damage Only Collision,Rear Ended,2,0,0,2,2004/08/03 00:00:00+00,8/3/2004,Mid-Block (but intersection related),14,"MOTOR VEHICLE STRUCK MOTOR VEHICLE, REAR END",,0,Clear,Dry,Daylight,,4216022.0,,13,From same direction - both going straight - both moving - rear-end,0,0,N