,SEVERITYCODE,X,Y,OBJECTID,INCKEY,COLDETKEY,REPORTNO,STATUS,ADDRTYPE,INTKEY,LOCATION,EXCEPTRSNCODE,EXCEPTRSNDESC,SEVERITYCODE.1,SEVERITYDESC,COLLISIONTYPE,PERSONCOUNT,PEDCOUNT,PEDCYLCOUNT,VEHCOUNT,INCDATE,INCDTTM,JUNCTIONTYPE,SDOT_COLCODE,SDOT_COLDESC,INATTENTIONIND,UNDERINFL,WEATHER,ROADCOND,LIGHTCOND,PEDROWNOTGRNT,SDOTCOLNUM,SPEEDING,ST_COLCODE,ST_COLDESC,SEGLANEKEY,CROSSWALKKEY,HITPARKEDCAR
5741,1,-122.31250490000001,47.71447201,7041,20896,20896,1780723,Matched,Intersection,36459.0,15TH AVE NE AND PINEHURST WAY NE,,,1,Property Damage Only Collision,Left Turn,2,0,0,2,2004/04/01 00:00:00+00,4/1/2004,At Intersection (intersection related),11,"MOTOR VEHICLE STRUCK MOTOR VEHICLE, FRONT END AT ANGLE",Y,0,Overcast,Dry,Daylight,,4092012.0,,28,From opposite direction - one left turn - one straight,0,0,N
5742,2,-122.33427420000001,47.62199981,7042,21683,21683,1198662,Matched,Intersection,28777.0,FAIRVIEW AVE N AND HARRISON ST,,,2,Injury Collision,Pedestrian,2,1,0,1,2004/12/16 00:00:00+00,12/16/2004 2:05:00 PM,At Intersection (intersection related),24,MOTOR VEHCILE STRUCK PEDESTRIAN,,0,Clear,Dry,Daylight,Y,4351002.0,,1,Vehicle turning right hits pedestrian,0,0,N
5743,1,-122.3290775,47.57142087,7043,20694,20694,1216505,Matched,Intersection,32342.0,4TH AVE S AND S SPOKANE SR ST,,,1,Property Damage Only Collision,Angles,4,0,0,3,2004/02/10 00:00:00+00,2/10/2004 12:05:00 PM,At Intersection (intersection related),11,"MOTOR VEHICLE STRUCK MOTOR VEHICLE, FRONT END AT ANGLE",,0,Clear,Dry,Daylight,,4041002.0,,10,Entering at angle,0,0,N
5744,1,-122.30553770000002,47.55985332,7044,21512,21512,1771542,Matched,Intersection,33305.0,COLUMBIA DR S AND S COLUMBIAN WAY,,,1,Property Damage Only Collision,Rear Ended,4,0,0,2,2004/06/19 00:00:00+00,6/19/2004 5:42:00 PM,At Intersection (intersection related),14,"MOTOR VEHICLE STRUCK MOTOR VEHICLE, REAR END",,0,Clear,Dry,Dawn,,4171015.0,,14,From same direction - both going straight - one stopped - rear-end,0,0,N
5745,1,,,7045,21573,21573,1213955,Matched,,,,NEI,"Not Enough Information, or Insufficient Location Information",1,Property Damage Only Collision,Parked Car,2,0,0,2,2004/05/02 00:00:00+00,5/2/2004,,0,NOT ENOUGH INFORMATION / NOT APPLICABLE,,0,Clear,Dry,Daylight,,4123003.0,,19,One car entering parked position,0,0,N
5746,2,-122.3287335,47.60487637,7046,21229,21229,1181470,Matched,Intersection,29963.0,6TH AVE AND CHERRY ST,,,2,Injury Collision,Pedestrian,2,1,0,1,2004/05/31 00:00:00+00,5/31/2004 6:40:00 PM,At Intersection (intersection related),24,MOTOR VEHCILE STRUCK PEDESTRIAN,Y,0,Overcast,Dry,Daylight,,4152020.0,,2,Vehicle turning left hits pedestrian,0,0,N
5747,1,-122.2699226,47.54025181,7047,22457,22457,1793262,Matched,Block,,51ST AVE S BETWEEN S WILLOW ST AND S FRONTENAC ST,,,1,Property Damage Only Collision,Sideswipe,4,0,0,2,2004/07/27 00:00:00+00,7/27/2004 2:28:00 PM,Mid-Block (not related to intersection),16,"MOTOR VEHICLE STRUCK MOTOR VEHICLE, LEFT SIDE SIDESWIPE",,0,Clear,Dry,Daylight,,4209017.0,,12,From same direction - both going straight - one stopped - sideswipe,0,0,N
5748,1,-122.3059072,47.73303849,7048,21274,21274,1775589,Matched,Block,,22ND AVE NE BETWEEN NE 143RD ST AND NE 145TH ST,,,1,Property Damage Only Collision,Parked Car,2,0,0,2,2004/02/01 00:00:00+00,2/1/2004,Mid-Block (not related to intersection),13,"MOTOR VEHICLE STRUCK MOTOR VEHICLE, LEFT SIDE AT ANGLE",Y,0,Overcast,Wet,Dark - Street Lights On,,4032026.0,,32,One parked--one moving,0,0,N
5749,2,-122.3252496,47.6794347,7049,20774,20774,1219829,Matched,Block,,NE RAVENNA WB BV BETWEEN NE 71ST ST AND WOODLAWN AVE NE,,,2,Injury Collision,Rear Ended,2,0,0,2,2004/10/20 00:00:00+00,10/20/2004 3:00:00 PM,Mid-Block (but intersection related),14,"MOTOR VEHICLE STRUCK MOTOR VEHICLE, REAR END",Y,0,Overcast,Dry,Daylight,,4294019.0,,14,From same direction - both going straight - one stopped - rear-end,0,0,N
5750,1,-122.38145619999999,47.56110747,7050,21895,21895,1198151,Matched,Intersection,31920.0,FAUNTLEROY WAY SW AND SW ALASKA ST,,,1,Property Damage Only Collision,Sideswipe,2,0,0,2,2004/11/07 00:00:00+00,11/7/2004,At Intersection (intersection related),16,"MOTOR VEHICLE STRUCK MOTOR VEHICLE, LEFT SIDE SIDESWIPE",,0,Clear,Dry,Dark - Street Lights On,,4312013.0,,11,From same direction - both going straight - both moving - sideswipe,0,0,N
5751,1,-122.33910060000001,47.57527209,7051,21062,21062,1798101,Matched,Block,,ALASKAN WY VI NB BETWEEN ALASKAN WY VI NB ON RP AND S LANDER ST,,,1,Property Damage Only Collision,Other,1,0,0,1,2004/06/11 00:00:00+00,6/11/2004 7:01:00 AM,Mid-Block (but intersection related),28,MOTOR VEHICLE RAN OFF ROAD - HIT FIXED OBJECT,,0,Overcast,Wet,Daylight,,4163016.0,Y,50,Fixed object,0,0,N
5752,2,-122.3335561,47.61014984,7052,21103,21103,1779499,Matched,Intersection,29912.0,6TH AVE AND UNION ST,,,2,Injury Collision,Rear Ended,2,0,0,2,2004/07/18 00:00:00+00,7/18/2004 4:48:00 PM,At Intersection (intersection related),14,"MOTOR VEHICLE STRUCK MOTOR VEHICLE, REAR END",,0,Clear,Dry,Daylight,,4200002.0,,83,Same direction -- both turning left -- both moving -- rear end,0,0,N
5753,2,-122.31186640000001,47.59584089,7054,22074,22074,1772072,Matched,Block,,S DEARBORN ST BETWEEN DEARBORN PL S AND RAINIER AVE S,,,2,Injury Collision,Left Turn,2,0,0,2,2004/07/06 00:00:00+00,7/6/2004,Mid-Block (but intersection related),11,"MOTOR VEHICLE STRUCK MOTOR VEHICLE, FRONT END AT ANGLE",,0,Overcast,Wet,Daylight,,4188002.0,,15,From same direction - one left turn - one straight,0,0,N
5754,1,-122.3140176,47.58636491,7055,21750,21750,1771672,Matched,Block,,S HOLGATE ST BETWEEN 14TH AVE S AND 15TH AVE S,,,1,Property Damage Only Collision,Parked Car,2,0,0,2,2004/11/24 00:00:00+00,11/24/2004 4:00:00 PM,Mid-Block (not related to intersection),14,"MOTOR VEHICLE STRUCK MOTOR VEHICLE, REAR END",,0,Raining,Wet,Daylight,,4329050.0,,32,One parked--one moving,0,0,N
5755,2,-122.30433970000001,47.57588445,7056,21040,21040,1779085,Matched,Intersection,31655.0,22ND AVE S AND S WINTHROP ST,,,2,Injury Collision,Angles,2,0,0,2,2004/06/14 00:00:00+00,6/14/2004 5:32:00 PM,At Intersection (intersection related),11,"MOTOR VEHICLE STRUCK MOTOR VEHICLE, FRONT END AT ANGLE",,0,Clear,Dry,Daylight,,4166001.0,Y,10,Entering at angle,0,0,N
5756,2,-122.3212581,47.61297213,7057,21680,21680,1216644,Matched,Block,,E UNION ST BETWEEN SENECA ST AND BROADWAY,,,2,Injury Collision,Other,3,0,0,2,2004/09/12 00:00:00+00,9/12/2004 12:44:00 PM,Driveway Junction,11,"MOTOR VEHICLE STRUCK MOTOR VEHICLE, FRONT END AT ANGLE",,0,Clear,Dry,Daylight,,4256021.0,Y,22,One car leaving driveway access,0,0,N
5757,1,-122.38741670000002,47.64752283,7058,21158,21158,1777041,Matched,Block,,24TH AVE W BETWEEN W BARRETT ST AND W DRAVUS ST,,,1,Property Damage Only Collision,Parked Car,2,0,0,2,2004/04/06 00:00:00+00,4/6/2004,Mid-Block (not related to intersection),11,"MOTOR VEHICLE STRUCK MOTOR VEHICLE, FRONT END AT ANGLE",,0,Clear,Dry,Daylight,,4097034.0,,32,One parked--one moving,0,0,N
5758,1,-122.32367020000001,47.69040220000001,7059,20785,20785,1080327,Matched,Block,,NE 85TH ST BETWEEN 4TH AVE NE AND 5TH AVE NE,,,1,Property Damage Only Collision,Parked Car,2,0,0,2,2004/06/19 00:00:00+00,6/19/2004 3:03:00 AM,Mid-Block (but intersection related),16,"MOTOR VEHICLE STRUCK MOTOR VEHICLE, LEFT SIDE SIDESWIPE",,0,Clear,Dry,Dark - Street Lights On,,4171001.0,,32,One parked--one moving,0,0,N
5759,1,-122.3229563,47.66133335,7061,20579,20579,1773710,Matched,Intersection,27071.0,5TH AVE NE AND NE 45TH ST,,,1,Property Damage Only Collision,Rear Ended,2,0,0,2,2004/06/19 00:00:00+00,6/19/2004 3:05:00 PM,At Intersection (intersection related),14,"MOTOR VEHICLE STRUCK MOTOR VEHICLE, REAR END",,0,Clear,Dry,Daylight,,4171028.0,,83,Same direction -- both turning left -- both moving -- rear end,0,0,N
5760,2,-122.386804,47.56021698,7062,22373,22373,1795076,Matched,Block,,CALIFORNIA AVE SW BETWEEN SW ALASKA ST AND ERSKINE WAY SW,,,2,Injury Collision,Rear Ended,6,0,0,3,2004/08/21 00:00:00+00,8/21/2004 12:52:00 PM,Mid-Block (but intersection related),14,"MOTOR VEHICLE STRUCK MOTOR VEHICLE, REAR END",Y,0,Clear,Dry,Daylight,,4234018.0,,14,From same direction - both going straight - one stopped - rear-end,0,0,N
5761,2,-122.3501877,47.61613307,7064,21051,21051,1777648,Matched,Block,,CEDAR ST BETWEEN 1ST AVE AND 2ND AVE,,,2,Injury Collision,Angles,3,0,0,2,2004/04/04 00:00:00+00,4/4/2004,Driveway Junction,11,"MOTOR VEHICLE STRUCK MOTOR VEHICLE, FRONT END AT ANGLE",,0,Clear,Dry,Daylight,,4095002.0,,10,Entering at angle,0,0,N
5762,1,-122.302329,47.65499523,7065,21836,21836,1780197,Matched,Block,,MONTLAKE BLVD NE BETWEEN NE PACIFIC PL AND 25TH AVE NE,,,1,Property Damage Only Collision,Other,4,0,0,2,2004/05/17 00:00:00+00,5/17/2004 1:51:00 PM,Driveway Junction,11,"MOTOR VEHICLE STRUCK MOTOR VEHICLE, FRONT END AT ANGLE",,0,Clear,Dry,Daylight,,4138023.0,,22,One car leaving driveway access,0,0,N
5763,2,-122.34889799999999,47.6171311,7066,20699,20699,1181396,Matched,Intersection,29669.0,3RD AVE AND CEDAR ST,,,2,Injury Collision,Angles,5,0,0,2,2004/09/17 00:00:00+00,9/17/2004 7:45:00 PM,At Intersection (intersection related),11,"MOTOR VEHICLE STRUCK MOTOR VEHICLE, FRONT END AT ANGLE",,0,Raining,Wet,Dark - Street Lights On,,4261019.0,,10,Entering at angle,0,0,N
5764,1,-122.28129320000001,47.537042299999996,7067,21799,21799,1771945,Matched,Intersection,34562.0,M L KING JR WR WAY S AND S OTHELLO ST,,,1,Property Damage Only Collision,Sideswipe,2,0,0,2,2004/06/04 00:00:00+00,6/4/2004,At Intersection (intersection related),16,"MOTOR VEHICLE STRUCK MOTOR VEHICLE, LEFT SIDE SIDESWIPE",,0,Clear,Dry,Daylight,,4156038.0,,71,Same direction -- both turning right -- both moving -- sideswipe,0,0,N
5765,1,-122.3443753,47.61680223,7068,21574,21574,1214017,Matched,Intersection,29532.0,5TH AVE AND BATTERY ST,,,1,Property Damage Only Collision,Angles,2,0,0,2,2004/08/13 00:00:00+00,8/13/2004 3:30:00 PM,At Intersection (intersection related),11,"MOTOR VEHICLE STRUCK MOTOR VEHICLE, FRONT END AT ANGLE",,0,Clear,Dry,Daylight,,4226019.0,,10,Entering at angle,0,0,N
5766,1,-122.34494679999999,47.72048199,7069,21398,21398,1794652,Matched,Block,,AURORA AVE N BETWEEN N 125TH ST AND N 127TH ST,,,1,Property Damage Only Collision,Rear Ended,3,0,0,2,2004/11/13 00:00:00+00,11/13/2004 6:26:00 PM,Mid-Block (not related to intersection),14,"MOTOR VEHICLE STRUCK MOTOR VEHICLE, REAR END",Y,0,Clear,Dry,Dark - Street Lights On,,4318001.0,,14,From same direction - both going straight - one stopped - rear-end,0,0,N
5767,2,-122.3362293,47.60971758,7071,21270,21270,C650859,Matched,Block,,4TH AVE BETWEEN UNION ST AND PIKE ST,,,2,Injury Collision,Rear Ended,3,0,0,2,2004/12/29 00:00:00+00,12/29/2004 4:20:00 PM,Mid-Block (not related to intersection),14,"MOTOR VEHICLE STRUCK MOTOR VEHICLE, REAR END",,0,Clear,Wet,Dusk,,4364067.0,,14,From same direction - both going straight - one stopped - rear-end,0,0,N
5768,2,-122.2999923,47.7112321,7072,20386,20386,1080102,Matched,Block,,LAKE CITY WAY NE BETWEEN NE NORTHGATE WAY AND NE 115TH ST,,,2,Injury Collision,Rear Ended,2,0,0,2,2004/07/15 00:00:00+00,7/15/2004 12:04:00 PM,Mid-Block (but intersection related),14,"MOTOR VEHICLE STRUCK MOTOR VEHICLE, REAR END",Y,1,Clear,Dry,Daylight,,4197009.0,,14,From same direction - both going straight - one stopped - rear-end,0,0,N
5769,1,-122.32184409999999,47.66132628,7073,22323,22323,1220299,Matched,Block,,NE 45TH ST BETWEEN 5TH AVE NE AND 7TH AVE NE,,,1,Property Damage Only Collision,Sideswipe,5,0,0,2,2004/11/19 00:00:00+00,11/19/2004 4:10:00 PM,Mid-Block (not related to intersection),11,"MOTOR VEHICLE STRUCK MOTOR VEHICLE, FRONT END AT ANGLE",,0,Overcast,Dry,Daylight,,4324024.0,,11,From same direction - both going straight - both moving - sideswipe,0,0,N
5770,1,-122.33310390000001,47.60797946,7074,21952,21952,1482214,Matched,Intersection,29929.0,5TH AVE AND SENECA ST,,,1,Property Damage Only Collision,Angles,5,0,0,2,2004/02/22 00:00:00+00,2/22/2004 4:10:00 AM,At Intersection (intersection related),11,"MOTOR VEHICLE STRUCK MOTOR VEHICLE, FRONT END AT ANGLE",,1,Clear,Dry,Dark - Street Lights On,,4053006.0,,10,Entering at angle,0,0,N
5771,2,-122.26491259999999,47.5267343,7075,21208,21208,1779331,Matched,Intersection,35429.0,SEWARD PARK AVE S AND S CLOVERDALE ST,,,2,Injury Collision,Left Turn,2,0,0,2,2004/05/26 00:00:00+00,5/26/2004 1:00:00 PM,At Intersection (intersection related),11,"MOTOR VEHICLE STRUCK MOTOR VEHICLE, FRONT END AT ANGLE",,0,Overcast,Wet,Daylight,,4147033.0,,28,From opposite direction - one left turn - one straight,0,0,N
5772,2,-122.3024996,47.6202073,7076,21579,21579,1789943,Matched,Intersection,29380.0,23RD AVE E AND E JOHN ST,,,2,Injury Collision,Left Turn,4,0,0,2,2004/05/08 00:00:00+00,5/8/2004,At Intersection (intersection related),11,"MOTOR VEHICLE STRUCK MOTOR VEHICLE, FRONT END AT ANGLE",,0,Clear,Wet,Daylight,,4129032.0,,28,From opposite direction - one left turn - one straight,0,0,N
5773,1,-122.38347240000002,47.56287383,7080,21753,21753,1781310,Matched,Block,,SW OREGON ST BETWEEN 40TH AVE SW AND 41ST AVE SW,,,1,Property Damage Only Collision,Parked Car,2,0,0,2,2004/07/22 00:00:00+00,7/22/2004 2:00:00 AM,Mid-Block (not related to intersection),14,"MOTOR VEHICLE STRUCK MOTOR VEHICLE, REAR END",,0,Clear,Dry,Dark - Street Lights On,,4204030.0,,32,One parked--one moving,0,0,N
5774,1,-122.33380700000001,47.6567618,7081,21320,21320,1220156,Matched,Intersection,27223.0,MERIDIAN AVE N AND N 41ST ST,,,1,Property Damage Only Collision,Other,4,0,0,4,2004/08/14 00:00:00+00,8/14/2004 8:44:00 PM,At Intersection (but not related to intersection),26,MOTOR VEHICLE STRUCK OBJECT IN ROAD,,1,Clear,Dry,Dusk,,4227025.0,Y,50,Fixed object,0,0,N
5775,1,-122.3274729,47.73408398,7082,21675,21675,C631708,Matched,Block,,NE 145TH ST BETWEEN 1ST AVE NE AND 4TH AVE NE,,,1,Property Damage Only Collision,Rear Ended,2,0,0,2,2004/05/03 00:00:00+00,5/3/2004,Mid-Block (but intersection related),14,"MOTOR VEHICLE STRUCK MOTOR VEHICLE, REAR END",,0,Clear,Dry,Daylight,,4124040.0,,14,From same direction - both going straight - one stopped - rear-end,0,0,N
5776,2,-122.39001429999999,47.54346512,7083,21301,21301,1789112,Matched,Block,,FAUNTLEROY WAY SW BETWEEN FAUNTLEROY WR S WAY SW AND SW HOLLY ST,,,2,Injury Collision,Rear Ended,4,0,0,2,2004/03/14 00:00:00+00,3/14/2004 2:13:00 PM,Mid-Block (but intersection related),14,"MOTOR VEHICLE STRUCK MOTOR VEHICLE, REAR END",,0,Overcast,Dry,Daylight,,4074016.0,,13,From same direction - both going straight - both moving - rear-end,0,0,N
5777,1,-122.2965258,47.73324995,7085,22336,22336,1779929,Matched,Block,,30TH AVE NE BETWEEN NE 143RD PL AND NE 145TH ST,,,1,Property Damage Only Collision,Other,3,0,0,2,2004/01/09 00:00:00+00,1/9/2004,Driveway Junction,11,"MOTOR VEHICLE STRUCK MOTOR VEHICLE, FRONT END AT ANGLE",,0,Overcast,Wet,Daylight,,4009036.0,,22,One car leaving driveway access,0,0,N
5778,2,-122.3094017,47.54778408,7086,21083,21083,1478724,Matched,Block,,SWIFT AVE S BETWEEN 18TH AVE S AND 19TH WR AVE S,,,2,Injury Collision,Rear Ended,2,0,0,2,2004/02/05 00:00:00+00,2/5/2004,Mid-Block (not related to intersection),14,"MOTOR VEHICLE STRUCK MOTOR VEHICLE, REAR END",Y,0,Clear,Dry,Daylight,,4036020.0,,14,From same direction - both going straight - one stopped - rear-end,0,0,N
5779,1,-122.3341108,47.60991762,7087,22447,22447,1777673,Matched,Block,,UNION ST BETWEEN 5TH AVE AND 6TH AVE,,,1,Property Damage Only Collision,Parked Car,3,0,0,2,2004/04/15 00:00:00+00,4/15/2004 11:35:00 AM,Mid-Block (not related to intersection),11,"MOTOR VEHICLE STRUCK MOTOR VEHICLE, FRONT END AT ANGLE",,0,Overcast,Dry,Daylight,,4106014.0,,32,One parked--one moving,0,0,N
5780,1,-122.38009270000002,47.56225703,7090,20913,20913,1781084,Matched,Intersection,31915.0,38TH AVE SW AND FAUNTLEROY WAY SW,,,1,Property Damage Only Collision,Angles,2,0,0,2,2004/03/03 00:00:00+00,3/3/2004,At Intersection (intersection related),11,"MOTOR VEHICLE STRUCK MOTOR VEHICLE, FRONT END AT ANGLE",,0,Raining,Wet,Daylight,,4063015.0,,10,Entering at angle,0,0,N
5781,1,-122.3747581,47.70153686,7091,21564,21564,1212044,Matched,Block,,NW 100TH ST BETWEEN 14TH AVE NW AND MARY AVE NW,,,1,Property Damage Only Collision,Rear Ended,5,0,0,3,2004/06/04 00:00:00+00,6/4/2004,Mid-Block (not related to intersection),14,"MOTOR VEHICLE STRUCK MOTOR VEHICLE, REAR END",Y,0,Clear,Dry,Daylight,,4156023.0,,13,From same direction - both going straight - both moving - rear-end,0,0,N
5782,2,-122.3115719,47.60084406,7092,21099,21099,1772004,Matched,Intersection,30739.0,16TH AVE S AND S WASHINGTON ST,,,2,Injury Collision,Angles,3,0,0,2,2004/04/30 00:00:00+00,4/30/2004 7:37:00 AM,At Intersection (intersection related),11,"MOTOR VEHICLE STRUCK MOTOR VEHICLE, FRONT END AT ANGLE",,0,Clear,Dry,Daylight,,4121021.0,,10,Entering at angle,0,0,N
5783,1,-122.4106672,47.57843333,7093,20420,20420,1785845,Matched,Block,,61ST AVE SW BETWEEN ALKI AVE SW AND SW STEVENS ST,,,1,Property Damage Only Collision,Parked Car,2,0,0,2,2004/05/01 00:00:00+00,5/1/2004,Mid-Block (not related to intersection),14,"MOTOR VEHICLE STRUCK MOTOR VEHICLE, REAR END",Y,0,Clear,Dry,Daylight,,4122005.0,,32,One parked--one moving,0,0,N
5784,1,-122.3867735,47.56381596,7094,22218,22218,1788833,Matched,Block,,CALIFORNIA AVE SW BETWEEN SW GENESEE ST AND SW OREGON ST,,,1,Property Damage Only Collision,Rear Ended,3,0,0,2,2004/02/21 00:00:00+00,2/21/2004 12:06:00 PM,Mid-Block (not related to intersection),14,"MOTOR VEHICLE STRUCK MOTOR VEHICLE, REAR END",,0,Clear,Dry,Daylight,,4052022.0,,14,From same direction - both going straight - one stopped - rear-end,0,0,N
5785,1,-122.3126801,47.65682693,7096,21176,21176,1779968,Matched,Block,,NE 41ST ST BETWEEN UNIVERSITY WAY NE AND 15TH AVE NE,,,1,Property Damage Only Collision,Parked Car,2,0,0,2,2004/01/30 00:00:00+00,1/30/2004 6:20:00 PM,Mid-Block (not related to intersection),11,"MOTOR VEHICLE STRUCK MOTOR VEHICLE, FRONT END AT ANGLE",,0,Clear,Dry,Dark - Street Lights On,,4030019.0,,32,One parked--one moving,0,0,N
5786,1,-122.26998909999999,47.53210531,7098,21148,21148,1476918,Matched,Block,,RAINIER AVE S BETWEEN S CHICAGO ST AND S KENYON ST,,,1,Property Damage Only Collision,Rear Ended,2,0,0,2,2004/09/07 00:00:00+00,9/7/2004,Mid-Block (but intersection related),14,"MOTOR VEHICLE STRUCK MOTOR VEHICLE, REAR END",,0,Clear,Dry,Daylight,,4251028.0,,14,From same direction - both going straight - one stopped - rear-end,0,0,N
5787,1,-122.29325130000001,47.66851581,7100,22037,22037,1320341,Matched,Block,,NE 55TH ST BETWEEN 31ST AVE NE AND 33RD AVE NE,,,1,Property Damage Only Collision,Parked Car,2,0,0,2,2004/01/06 00:00:00+00,1/6/2004,Mid-Block (not related to intersection),11,"MOTOR VEHICLE STRUCK MOTOR VEHICLE, FRONT END AT ANGLE",,0,Snowing,Snow/Slush,Daylight,,4006040.0,,32,One parked--one moving,0,0,N
5788,1,-122.3043732,47.60801252,7101,21503,21503,1198280,Matched,Block,,E CHERRY ST BETWEEN 21ST AVE AND 22ND AVE,,,1,Property Damage Only Collision,Angles,3,0,0,2,2004/10/30 00:00:00+00,10/30/2004 10:50:00 AM,Driveway Junction,11,"MOTOR VEHICLE STRUCK MOTOR VEHICLE, FRONT END AT ANGLE",,0,Clear,Dry,Daylight,,4304012.0,,10,Entering at angle,0,0,N
5789,1,-122.31364009999999,47.622525399999994,7102,21344,21344,1789695,Matched,Block,,MALDEN AVE E BETWEEN E HARRISON ST AND E REPUBLICAN ST,,,1,Property Damage Only Collision,Parked Car,2,0,0,2,2004/08/10 00:00:00+00,8/10/2004 1:00:00 PM,Mid-Block (not related to intersection),26,MOTOR VEHICLE STRUCK OBJECT IN ROAD,,0,Clear,Dry,Daylight,,4223024.0,,32,One parked--one moving,0,0,N
5790,1,-122.3001108,47.61293721,7103,21260,21260,1216885,Matched,Intersection,30025.0,25TH AVE AND E UNION ST,,,1,Property Damage Only Collision,Angles,2,0,0,2,2004/12/11 00:00:00+00,12/11/2004 6:18:00 PM,At Intersection (intersection related),11,"MOTOR VEHICLE STRUCK MOTOR VEHICLE, FRONT END AT ANGLE",,0,Clear,Dry,Dark - Street Lights On,,4346024.0,,10,Entering at angle,0,0,N
5791,1,-122.27787020000001,47.55155082,7104,20798,20798,1772884,Matched,Block,,RAINIER AVE S BETWEEN S FINDLAY ST AND S ORCAS ST,,,1,Property Damage Only Collision,Rear Ended,2,0,0,2,2004/05/17 00:00:00+00,5/17/2004 9:57:00 PM,Mid-Block (but intersection related),14,"MOTOR VEHICLE STRUCK MOTOR VEHICLE, REAR END",,0,Clear,Dry,Dark - Street Lights On,,4138035.0,,14,From same direction - both going straight - one stopped - rear-end,0,0,N
5792,1,-122.27532790000001,47.53496513,7105,22090,22090,1771563,Matched,Block,,46TH AVE S BETWEEN S WEBSTER ST AND S AUSTIN ST,,,1,Property Damage Only Collision,Parked Car,2,0,0,2,2004/07/13 00:00:00+00,7/13/2004 12:01:00 AM,Driveway Junction,13,"MOTOR VEHICLE STRUCK MOTOR VEHICLE, LEFT SIDE AT ANGLE",,0,Clear,Dry,Unknown,,4195023.0,,32,One parked--one moving,0,0,N
5793,1,-122.34607240000001,47.61194161,7106,21971,21971,1210742,Matched,Intersection,29710.0,BLANCHARD ST AND WESTERN AVE,,,1,Property Damage Only Collision,Angles,3,0,0,3,2004/10/15 00:00:00+00,10/15/2004 10:24:00 PM,At Intersection (intersection related),11,"MOTOR VEHICLE STRUCK MOTOR VEHICLE, FRONT END AT ANGLE",,0,Overcast,Dry,Dark - Street Lights On,,4289008.0,,10,Entering at angle,0,0,N
5794,1,-122.3534057,47.65307552,7108,22210,22210,1782985,Matched,Block,,FRANCIS AVE N BETWEEN N 36TH ST AND N 39TH ST,,,1,Property Damage Only Collision,Parked Car,2,0,0,2,2004/03/27 00:00:00+00,3/27/2004 9:09:00 AM,Mid-Block (not related to intersection),16,"MOTOR VEHICLE STRUCK MOTOR VEHICLE, LEFT SIDE SIDESWIPE",,0,Clear,Dry,Daylight,,4087037.0,,32,One parked--one moving,0,0,N
5795,1,-122.26957809999999,47.52922384,7109,21586,21586,1784127,Matched,Block,,WABASH AVE S BETWEEN S ROSE ST AND S ROSE S ST,,,1,Property Damage Only Collision,Parked Car,4,0,0,4,2004/12/01 00:00:00+00,12/1/2004,Mid-Block (not related to intersection),12,"MOTOR VEHICLE STRUCK MOTOR VEHICLE, RIGHT SIDE AT ANGLE",Y,1,Clear,Dry,Dark - Street Lights On,,4336014.0,,32,One parked--one moving,0,0,N
5796,1,-122.37749850000002,47.64846703,7110,20723,20723,1776198,Matched,Intersection,26470.0,16TH AVE W AND W DRAVUS ST,,,1,Property Damage Only Collision,Left Turn,2,0,0,2,2004/09/10 00:00:00+00,9/10/2004 11:47:00 AM,At Intersection (intersection related),11,"MOTOR VEHICLE STRUCK MOTOR VEHICLE, FRONT END AT ANGLE",,0,Clear,Dry,Daylight,,4254030.0,,28,From opposite direction - one left turn - one straight,0,0,N
5797,1,-122.3337084,47.52502372,7111,21804,21804,1961402,Matched,Block,,1ST AV S ON RP BETWEEN SR509 NB AND 1ST S AVE S,,,1,Property Damage Only Collision,Other,1,0,0,1,2004/09/18 00:00:00+00,9/18/2004 7:20:00 AM,Mid-Block (not related to intersection),28,MOTOR VEHICLE RAN OFF ROAD - HIT FIXED OBJECT,,0,Overcast,Wet,Daylight,,4262001.0,Y,50,Fixed object,0,0,N
5798,1,-122.3509929,47.72322285,7112,20857,20857,1773578,Matched,Block,,N 130TH ST BETWEEN EVANSTON AVE N AND FREMONT AVE N,,,1,Property Damage Only Collision,Parked Car,2,0,0,2,2004/01/23 00:00:00+00,1/23/2004 11:30:00 PM,Mid-Block (not related to intersection),13,"MOTOR VEHICLE STRUCK MOTOR VEHICLE, LEFT SIDE AT ANGLE",,0,Clear,Dry,Dark - Street Lights On,,4023045.0,,32,One parked--one moving,0,0,N
5799,1,,,7113,22317,22317,1785584,Matched,Block,,ALASKAN WY VI NB BETWEEN S ROYAL BROUGHAM WAY ON RP AND SENECA ST OFF RP,,,1,Property Damage Only Collision,Sideswipe,3,0,0,2,2004/01/12 00:00:00+00,1/12/2004 5:55:00 PM,Mid-Block (not related to intersection),11,"MOTOR VEHICLE STRUCK MOTOR VEHICLE, FRONT END AT ANGLE",Y,0,Raining,Wet,Dusk,,4012008.0,,11,From same direction - both going straight - both moving - sideswipe,0,0,N
5800,2,-122.35335659999998,47.66213961,7114,20541,20541,C649646,Matched,Block,,N 46TH ST BETWEEN PHINNEY AVE N AND DAYTON AVE N,,,2,Injury Collision,Rear Ended,6,0,0,2,2004/11/24 00:00:00+00,11/24/2004 4:10:00 PM,Mid-Block (not related to intersection),14,"MOTOR VEHICLE STRUCK MOTOR VEHICLE, REAR END",,0,Raining,Wet,Daylight,,4329070.0,,14,From same direction - both going straight - one stopped - rear-end,0,0,N