,SEVERITYCODE,X,Y,OBJECTID,INCKEY,COLDETKEY,REPORTNO,STATUS,ADDRTYPE,INTKEY,LOCATION,EXCEPTRSNCODE,EXCEPTRSNDESC,SEVERITYCODE.1,SEVERITYDESC,COLLISIONTYPE,PERSONCOUNT,PEDCOUNT,PEDCYLCOUNT,VEHCOUNT,INCDATE,INCDTTM,JUNCTIONTYPE,SDOT_COLCODE,SDOT_COLDESC,INATTENTIONIND,UNDERINFL,WEATHER,ROADCOND,LIGHTCOND,PEDROWNOTGRNT,SDOTCOLNUM,SPEEDING,ST_COLCODE,ST_COLDESC,SEGLANEKEY,CROSSWALKKEY,HITPARKEDCAR
5801,1,-122.3316679,47.60808565,7115,22184,22184,1321685,Matched,Block,,6TH AVE BETWEEN SPRING ST AND SENECA ST,,,1,Property Damage Only Collision,Parked Car,2,0,0,2,2004/10/25 00:00:00+00,10/25/2004 2:18:00 AM,Mid-Block (not related to intersection),15,"MOTOR VEHICLE STRUCK MOTOR VEHICLE, RIGHT SIDE SIDESWIPE",,0,Clear,Dry,Dark - Street Lights On,,4299002.0,,32,One parked--one moving,0,0,N
5802,2,-122.29065849999999,47.69237362,7116,21951,21951,1072715,Matched,Intersection,37936.0,35TH AVE NE AND NE 88TH ST,,,2,Injury Collision,Angles,2,0,0,2,2004/05/03 00:00:00+00,5/3/2004,At Intersection (intersection related),11,"MOTOR VEHICLE STRUCK MOTOR VEHICLE, FRONT END AT ANGLE",,0,Clear,Dry,Daylight,,4124015.0,,10,Entering at angle,0,0,N
5803,1,-122.31551840000002,47.54669471,7117,21727,21727,1784536,Matched,Block,,S ALBRO PL BETWEEN 13TH AVE S AND STANLEY AVE S,,,1,Property Damage Only Collision,Sideswipe,2,0,0,2,2004/11/15 00:00:00+00,11/15/2004 3:46:00 PM,Mid-Block (but intersection related),16,"MOTOR VEHICLE STRUCK MOTOR VEHICLE, LEFT SIDE SIDESWIPE",,0,Clear,Wet,Dusk,,4320039.0,,81,Same direction -- both turning left -- both moving -- sideswipe,0,0,N
5804,1,-122.37681740000001,47.56407687,7118,21108,21108,1798327,Matched,Block,,SW AVALON WAY BETWEEN 35TH AVE SW AND 36TH AVE SW,,,1,Property Damage Only Collision,Other,2,0,0,2,2004/10/06 00:00:00+00,10/6/2004,Driveway Junction,11,"MOTOR VEHICLE STRUCK MOTOR VEHICLE, FRONT END AT ANGLE",,0,Clear,Dry,Daylight,,4280013.0,,21,One car entering driveway access,0,0,N
5805,1,-122.3326533,47.7086545,7119,20581,20581,1774048,Matched,Block,,N NORTHGATE WAY BETWEEN MERIDIAN AVE N AND CORLISS AVE N,,,1,Property Damage Only Collision,Other,2,0,0,2,2004/06/16 00:00:00+00,6/16/2004 7:30:00 AM,Driveway Junction,11,"MOTOR VEHICLE STRUCK MOTOR VEHICLE, FRONT END AT ANGLE",,0,Clear,Dry,Daylight,,4168021.0,,21,One car entering driveway access,0,0,N
5806,1,-122.3397784,47.61971048,7120,22076,22076,1212825,Matched,Intersection,28799.0,9TH AVE N AND JOHN ST,,,1,Property Damage Only Collision,Left Turn,2,0,0,2,2004/02/24 00:00:00+00,2/24/2004 8:35:00 AM,At Intersection (intersection related),11,"MOTOR VEHICLE STRUCK MOTOR VEHICLE, FRONT END AT ANGLE",,0,Overcast,Wet,Daylight,,4055027.0,,28,From opposite direction - one left turn - one straight,0,0,N
5807,2,-122.3413331,47.61383119,7123,21835,21835,1777458,Matched,Intersection,29548.0,4TH AVE AND LENORA ST,,,2,Injury Collision,Pedestrian,3,1,0,1,2004/01/12 00:00:00+00,1/12/2004 7:19:00 PM,At Intersection (intersection related),24,MOTOR VEHCILE STRUCK PEDESTRIAN,,0,Raining,Wet,Dark - Street Lights On,Y,4012022.0,,2,Vehicle turning left hits pedestrian,0,0,N
5808,1,,,7124,20692,20692,1856219,Matched,Block,,BATTERY ST TUNNEL SB BETWEEN AURORA AVE N AND ALASKAN WY VI SB,,,1,Property Damage Only Collision,Rear Ended,3,0,0,3,2004/06/11 00:00:00+00,6/11/2004 8:09:00 AM,Mid-Block (not related to intersection),14,"MOTOR VEHICLE STRUCK MOTOR VEHICLE, REAR END",,0,Overcast,Wet,Daylight,,4163009.0,,14,From same direction - both going straight - one stopped - rear-end,0,0,N
5809,1,-122.3539693,47.66359298,7125,21658,21658,1782443,Matched,Intersection,25667.0,PHINNEY AVE N AND N 48TH ST,,,1,Property Damage Only Collision,Angles,3,0,0,2,2004/07/19 00:00:00+00,7/19/2004 7:00:00 AM,At Intersection (intersection related),11,"MOTOR VEHICLE STRUCK MOTOR VEHICLE, FRONT END AT ANGLE",,0,Clear,Dry,Daylight,,4201025.0,,10,Entering at angle,0,0,N
5810,1,-122.29416210000001,47.57735478,7126,21855,21855,1779102,Matched,Block,,30TH AVE S BETWEEN S MCCLELLAN ST AND S MOUNT BAKER WB N BV,,,1,Property Damage Only Collision,Parked Car,2,0,0,2,2004/02/11 00:00:00+00,2/11/2004 7:40:00 AM,Mid-Block (not related to intersection),13,"MOTOR VEHICLE STRUCK MOTOR VEHICLE, LEFT SIDE AT ANGLE",,0,Clear,Dry,Daylight,,4042015.0,,32,One parked--one moving,0,0,N
5811,2,-122.3093918,47.59308025,7127,21228,21228,1799107,Matched,Block,,RAINIER AVE S BETWEEN S NORMAN ST AND I90 WB RAINIER NB OF RP,,,2,Injury Collision,Rear Ended,2,0,0,2,2004/11/29 00:00:00+00,11/29/2004 5:32:00 PM,Mid-Block (but intersection related),14,"MOTOR VEHICLE STRUCK MOTOR VEHICLE, REAR END",,0,Raining,Wet,Dark - Street Lights On,,4334004.0,,13,From same direction - both going straight - both moving - rear-end,0,0,N
5812,2,-122.2964655,47.60726819,7128,22022,22022,1790083,Matched,Block,,M L KING JR WAY BETWEEN TEMPLE PL AND E CHERRY ST,,,2,Injury Collision,Rear Ended,4,0,0,2,2004/03/07 00:00:00+00,3/7/2004,Mid-Block (not related to intersection),14,"MOTOR VEHICLE STRUCK MOTOR VEHICLE, REAR END",Y,1,Raining,Wet,Dark - Street Lights On,,4067026.0,,13,From same direction - both going straight - both moving - rear-end,0,0,N
5813,1,-122.34639059999999,47.68180317,7129,20843,20843,1220251,Matched,Intersection,24325.0,LINDEN AVE N AND WINONA AVE N,,,1,Property Damage Only Collision,Left Turn,3,0,0,2,2004/08/17 00:00:00+00,8/17/2004 6:29:00 PM,At Intersection (intersection related),11,"MOTOR VEHICLE STRUCK MOTOR VEHICLE, FRONT END AT ANGLE",,0,Clear,Dry,Daylight,,4230008.0,,28,From opposite direction - one left turn - one straight,0,0,N
5814,1,-122.34469409999998,47.70505121,7130,20672,20672,1781814,Matched,Intersection,36360.0,AURORA AVE N AND N NORTHGATE WAY,,,1,Property Damage Only Collision,Angles,5,0,0,3,2004/07/31 00:00:00+00,7/31/2004 7:15:00 PM,At Intersection (intersection related),11,"MOTOR VEHICLE STRUCK MOTOR VEHICLE, FRONT END AT ANGLE",,0,Clear,Dry,Daylight,,4213013.0,,10,Entering at angle,0,0,N
5815,1,-122.27671670000001,47.53978659,7131,22390,22390,1771777,Matched,Block,,S FRONTENAC ST BETWEEN 44TH AVE S AND 46TH AVE S,,,1,Property Damage Only Collision,Parked Car,2,0,0,2,2004/06/21 00:00:00+00,6/21/2004 10:40:00 AM,Mid-Block (not related to intersection),11,"MOTOR VEHICLE STRUCK MOTOR VEHICLE, FRONT END AT ANGLE",,0,Clear,Dry,Daylight,,4173024.0,,32,One parked--one moving,0,0,N
5816,1,-122.32636219999999,47.59877465,7132,21770,21770,1478362,Matched,Block,,6TH AVE S BETWEEN S JACKSON ST AND S KING ST,,,1,Property Damage Only Collision,Parked Car,2,0,0,2,2004/05/05 00:00:00+00,5/5/2004,Mid-Block (not related to intersection),14,"MOTOR VEHICLE STRUCK MOTOR VEHICLE, REAR END",Y,0,Clear,Dry,Daylight,,4126002.0,,20,One car leaving parked position,0,0,N
5817,2,-122.3338213,47.6185159,7133,21202,21202,1777169,Matched,Block,,DENNY WAY BETWEEN FAIRVIEW AVE AND MINOR AVE,,,2,Injury Collision,Rear Ended,2,0,0,2,2004/08/05 00:00:00+00,8/5/2004,Mid-Block (not related to intersection),14,"MOTOR VEHICLE STRUCK MOTOR VEHICLE, REAR END",,0,Overcast,Dry,Daylight,,4218021.0,,14,From same direction - both going straight - one stopped - rear-end,0,0,N
5818,1,-122.330202,47.65852787,7134,20950,20950,1779823,Matched,Block,,SUNNYSIDE AVE N BETWEEN N 42ND ST AND N 43RD ST,,,1,Property Damage Only Collision,Parked Car,2,0,0,2,2004/06/19 00:00:00+00,6/19/2004 3:00:00 AM,Mid-Block (not related to intersection),15,"MOTOR VEHICLE STRUCK MOTOR VEHICLE, RIGHT SIDE SIDESWIPE",,0,Clear,Dry,Dark - Street Lights On,,4171029.0,,32,One parked--one moving,0,0,N
5819,2,-122.2980598,47.63717924,7135,20715,20715,1200692,Matched,Block,,LAKE WASHINGTON BLVD E BETWEEN BOYER AVE E AND E FOSTER ISLAND RD,,,2,Injury Collision,Head On,2,0,0,2,2004/09/23 00:00:00+00,9/23/2004 10:08:00 AM,Mid-Block (not related to intersection),11,"MOTOR VEHICLE STRUCK MOTOR VEHICLE, FRONT END AT ANGLE",,0,Raining,Wet,Daylight,,4267005.0,Y,24,From opposite direction - both moving - head-on,0,0,N
5820,1,-122.3105094,47.54993657,7136,22504,22504,1779040,Matched,Block,,S JUNEAU ST BETWEEN 17TH AVE S AND 18TH AVE S,,,1,Property Damage Only Collision,Parked Car,2,0,0,2,2004/03/14 00:00:00+00,3/14/2004 12:30:00 PM,Mid-Block (not related to intersection),14,"MOTOR VEHICLE STRUCK MOTOR VEHICLE, REAR END",,0,Clear,Dry,Dark - No Street Lights,,4074026.0,,32,One parked--one moving,0,0,N
5821,1,-122.328873,47.729536100000004,7137,21455,21455,1773529,Matched,Block,,1ST AVE NE BETWEEN N 137TH ST AND NE 140TH ST,,,1,Property Damage Only Collision,Other,1,0,0,1,2004/02/04 00:00:00+00,2/4/2004,Mid-Block (but intersection related),28,MOTOR VEHICLE RAN OFF ROAD - HIT FIXED OBJECT,,1,Raining,Wet,Dark - Street Lights On,,4035008.0,Y,50,Fixed object,0,0,N
5822,1,-122.3019091,47.56209265,7138,21034,21034,1771622,Matched,Block,,CHEASTY BLVD S BETWEEN 24TH PL S AND BEACON ER AVE S,,,1,Property Damage Only Collision,Sideswipe,2,0,0,2,2004/08/04 00:00:00+00,8/4/2004,Mid-Block (not related to intersection),16,"MOTOR VEHICLE STRUCK MOTOR VEHICLE, LEFT SIDE SIDESWIPE",,0,Clear,Dry,Daylight,,4217010.0,,26,From opposite direction - both going straight - sideswipe,0,0,N
5823,1,-122.3767666,47.67864679,7139,21911,21911,1080170,Matched,Block,,15TH AVE NW BETWEEN NW 67TH ST AND NW 70TH ST,,,1,Property Damage Only Collision,Rear Ended,2,0,0,2,2004/11/03 00:00:00+00,11/3/2004,Mid-Block (not related to intersection),14,"MOTOR VEHICLE STRUCK MOTOR VEHICLE, REAR END",,0,Clear,Dry,Daylight,,4308021.0,,14,From same direction - both going straight - one stopped - rear-end,0,0,N
5824,2,-122.3258848,47.64384056,7140,20872,20872,1790155,Matched,Block,,EASTLAKE AVE E BETWEEN E ROANOKE ST AND E EDGAR ST,,,2,Injury Collision,Rear Ended,2,0,0,2,2004/03/24 00:00:00+00,3/24/2004 3:30:00 PM,Mid-Block (but intersection related),14,"MOTOR VEHICLE STRUCK MOTOR VEHICLE, REAR END",,0,Overcast,Wet,Daylight,,4084009.0,,14,From same direction - both going straight - one stopped - rear-end,0,0,N
5825,2,-122.3435924,47.71957199,7141,20402,20402,1220417,Matched,Block,,N 125TH ST BETWEEN AURORA AVE N AND STONE AVE N,,,2,Injury Collision,Rear Ended,3,0,0,2,2004/10/05 00:00:00+00,10/5/2004,Mid-Block (but intersection related),14,"MOTOR VEHICLE STRUCK MOTOR VEHICLE, REAR END",Y,0,Clear,Dry,Daylight,,4279040.0,,14,From same direction - both going straight - one stopped - rear-end,0,0,N
5826,2,-122.29047890000001,47.68304824,7142,22527,22527,1212034,Matched,Intersection,24933.0,35TH AVE NE AND NE 75TH ST,,,2,Injury Collision,Pedestrian,2,1,0,1,2004/03/05 00:00:00+00,3/5/2004,At Intersection (intersection related),24,MOTOR VEHCILE STRUCK PEDESTRIAN,,0,Raining,Wet,Daylight,Y,4065006.0,,2,Vehicle turning left hits pedestrian,0,0,N
5827,1,-122.3864803,47.54499682,7143,21373,21373,1798361,Matched,Block,,FAUNTLEROY WAY SW BETWEEN 42ND AVE SW AND CALIFORNIA AVE SW,,,1,Property Damage Only Collision,Other,2,0,0,2,2004/07/24 00:00:00+00,7/24/2004 2:18:00 PM,Mid-Block (but intersection related),11,"MOTOR VEHICLE STRUCK MOTOR VEHICLE, FRONT END AT ANGLE",Y,0,Clear,Dry,Daylight,,4206021.0,,23,From same direction - all others,0,0,N
5828,1,-122.32528729999999,47.63824694,7144,22017,22017,1327972,Matched,Block,,E BOSTON ST BETWEEN EASTLAKE AVE E AND FRANKLIN AVE E,,,1,Property Damage Only Collision,Parked Car,3,0,0,3,2004/02/26 00:00:00+00,2/26/2004 5:35:00 AM,Mid-Block (not related to intersection),11,"MOTOR VEHICLE STRUCK MOTOR VEHICLE, FRONT END AT ANGLE",,0,Raining,Wet,Dark - Street Lights On,,4057016.0,,32,One parked--one moving,0,0,N
5829,1,-122.33748600000001,47.58974639,7145,20975,20975,1785177,Matched,Block,,ALASKAN WY VI SB BETWEEN ALASKAN WY VI SB EFR OFF RP AND S HOLGATE ST,,,1,Property Damage Only Collision,Rear Ended,2,0,0,2,2004/09/27 00:00:00+00,9/27/2004 7:15:00 PM,Mid-Block (not related to intersection),14,"MOTOR VEHICLE STRUCK MOTOR VEHICLE, REAR END",Y,0,Clear,Dry,Dusk,,4271008.0,,14,From same direction - both going straight - one stopped - rear-end,0,0,N
5830,2,-122.29951200000001,47.71204425,7146,20658,20658,1931252,Matched,Intersection,36655.0,LAKE CITY WAY NE AND NE 115TH ST,,,2,Injury Collision,Angles,3,0,0,2,2004/11/06 00:00:00+00,11/6/2004,At Intersection (intersection related),11,"MOTOR VEHICLE STRUCK MOTOR VEHICLE, FRONT END AT ANGLE",Y,1,Raining,Wet,Dark - Street Lights On,,4311015.0,,10,Entering at angle,0,0,N
5831,2,-122.3324513,47.60726631,7147,22515,22515,1213522,Matched,Intersection,29933.0,5TH AVE AND SPRING ST,,,2,Injury Collision,Pedestrian,2,1,0,1,2004/06/18 00:00:00+00,6/18/2004 8:14:00 PM,At Intersection (intersection related),24,MOTOR VEHCILE STRUCK PEDESTRIAN,,0,Clear,Dry,Daylight,Y,4170003.0,,2,Vehicle turning left hits pedestrian,0,0,N
5832,2,-122.3321327,47.53414777,7148,21965,21965,1798128,Matched,Intersection,34281.0,WEST MARGINAL WAY S AND S HOLDEN ST,,,2,Injury Collision,Left Turn,3,0,0,2,2004/07/05 00:00:00+00,7/5/2004,At Intersection (intersection related),11,"MOTOR VEHICLE STRUCK MOTOR VEHICLE, FRONT END AT ANGLE",Y,0,Clear,Dry,Daylight,,4187018.0,,28,From opposite direction - one left turn - one straight,0,0,N
5833,1,-122.32861059999999,47.6296551,7149,21191,21191,1198477,Matched,Block,,EASTLAKE AVE E BETWEEN PROSPECT ST AND E NELSON PL,,,1,Property Damage Only Collision,Other,1,0,0,1,2004/11/27 00:00:00+00,11/27/2004 4:53:00 PM,Mid-Block (not related to intersection),28,MOTOR VEHICLE RAN OFF ROAD - HIT FIXED OBJECT,,0,Clear,Dry,Dark - Street Lights On,,4332006.0,Y,50,Fixed object,0,0,N
5834,1,-122.36787720000001,47.52828141,7152,22208,22208,C632032,Matched,Block,,SW THISTLE ST BETWEEN 27TH AVE SW AND 28TH AVE SW,,,1,Property Damage Only Collision,Left Turn,2,0,0,2,2004/05/11 00:00:00+00,5/11/2004 7:42:00 AM,Mid-Block (but intersection related),14,"MOTOR VEHICLE STRUCK MOTOR VEHICLE, REAR END",,0,Raining,Wet,Daylight,,4132031.0,,15,From same direction - one left turn - one straight,0,0,N
5835,2,-122.32458559999999,47.60956945,7153,21444,21444,1772327,Matched,Block,,MADISON ST BETWEEN BOREN AVE AND MINOR AVE,,,2,Injury Collision,Pedestrian,2,1,0,1,2004/04/30 00:00:00+00,4/30/2004 11:04:00 AM,Driveway Junction,24,MOTOR VEHCILE STRUCK PEDESTRIAN,,0,Clear,Dry,Daylight,,4121036.0,,0,Vehicle going straight hits pedestrian,0,0,N
5836,2,-122.3134348,47.55847614,7154,21169,21169,1793493,Matched,Block,,15TH AVE S BETWEEN S FERDINAND ST AND S SHELTON ST,,,2,Injury Collision,Rear Ended,10,0,0,5,2004/11/09 00:00:00+00,11/9/2004,Mid-Block (but intersection related),14,"MOTOR VEHICLE STRUCK MOTOR VEHICLE, REAR END",Y,0,Overcast,Dry,Daylight,,4314015.0,,14,From same direction - both going straight - one stopped - rear-end,0,0,N
5837,2,-122.3601249,47.70692805,7155,21536,21536,1774034,Matched,Block,,NW 107TH ST BETWEEN 2ND AVE NW AND 3RD AVE NW,,,2,Injury Collision,Sideswipe,3,0,0,2,2004/03/12 00:00:00+00,3/12/2004 3:49:00 PM,Mid-Block (but intersection related),16,"MOTOR VEHICLE STRUCK MOTOR VEHICLE, LEFT SIDE SIDESWIPE",Y,0,Clear,Dry,Daylight,,4072025.0,,27,From opposite direction - both going straight - one stopped - sideswipe,0,0,N
5838,2,-122.3767922,47.52017585,7156,21150,21150,1197794,Matched,Block,,35TH AVE SW BETWEEN SW BARTON ST AND SW CAMBRIDGE ST,,,2,Injury Collision,Other,2,0,0,2,2004/12/09 00:00:00+00,12/9/2004,Mid-Block (not related to intersection),11,"MOTOR VEHICLE STRUCK MOTOR VEHICLE, FRONT END AT ANGLE",,0,Raining,Wet,Daylight,,4344048.0,,22,One car leaving driveway access,0,0,N
5839,1,-122.3399822,47.70504485,7157,20388,20388,1778340,Matched,Block,,N NORTHGATE WAY BETWEEN INTERLAKE AVE N AND ASHWORTH AVE N,,,1,Property Damage Only Collision,Sideswipe,2,0,0,2,2004/01/20 00:00:00+00,1/20/2004 6:05:00 PM,Mid-Block (not related to intersection),16,"MOTOR VEHICLE STRUCK MOTOR VEHICLE, LEFT SIDE SIDESWIPE",,0,Clear,Dry,Dark - Street Lights On,,4020018.0,,11,From same direction - both going straight - both moving - sideswipe,0,0,N
5840,1,-122.3289908,47.54549572,7158,22188,22188,1774991,Matched,Block,,S MICHIGAN ST BETWEEN 4TH AVE S AND 5TH AVE S,,,1,Property Damage Only Collision,Rear Ended,2,0,0,2,2004/07/26 00:00:00+00,7/26/2004 6:30:00 PM,Mid-Block (but intersection related),14,"MOTOR VEHICLE STRUCK MOTOR VEHICLE, REAR END",,0,Clear,Dry,Daylight,,4208025.0,,14,From same direction - both going straight - one stopped - rear-end,0,0,N
5841,2,-122.31142720000001,47.66126147,7160,21073,21073,1931077,Matched,Block,,NE 45TH ST BETWEEN 15TH AVE NE AND 16TH AVE NE,,,2,Injury Collision,Other,3,0,0,1,2004/11/18 00:00:00+00,11/18/2004 12:51:00 AM,Mid-Block (not related to intersection),28,MOTOR VEHICLE RAN OFF ROAD - HIT FIXED OBJECT,,1,Raining,Wet,Dark - Street Lights On,,4323011.0,,50,Fixed object,0,0,N
5842,1,-122.34768390000002,47.6745777,7161,21117,21117,1782126,Matched,Intersection,25593.0,WOODLAND PL N AND N 63RD ST,,,1,Property Damage Only Collision,Left Turn,3,0,0,2,2004/04/30 00:00:00+00,4/30/2004 4:54:00 PM,At Intersection (intersection related),11,"MOTOR VEHICLE STRUCK MOTOR VEHICLE, FRONT END AT ANGLE",,0,Clear,Dry,Daylight,,4121015.0,,15,From same direction - one left turn - one straight,0,0,N
5843,1,-122.32615179999999,47.54715065,7162,20795,20795,1789108,Matched,Block,,6TH AVE S BETWEEN S FRONT ST AND S MICHIGAN ST,,,1,Property Damage Only Collision,Other,2,0,0,2,2004/02/18 00:00:00+00,2/18/2004 3:38:00 PM,Mid-Block (not related to intersection),11,"MOTOR VEHICLE STRUCK MOTOR VEHICLE, FRONT END AT ANGLE",Y,0,Overcast,Dry,Daylight,,4049004.0,,22,One car leaving driveway access,0,0,N
5844,2,-122.30423940000001,47.58633028,7163,22088,22088,1793576,Matched,Intersection,31544.0,RAINIER AVE S AND S HOLGATE ST,,,2,Injury Collision,Rear Ended,2,0,0,2,2004/07/07 00:00:00+00,7/7/2004,At Intersection (intersection related),14,"MOTOR VEHICLE STRUCK MOTOR VEHICLE, REAR END",Y,0,Clear,Dry,Daylight,,4189019.0,,13,From same direction - both going straight - both moving - rear-end,0,0,N
5845,2,-122.3174084,47.67910576,7164,21616,21616,1080105,Matched,Block,,ROOSEVELT WAY NE BETWEEN NE 69TH ST AND NE 70TH ST,,,2,Injury Collision,Parked Car,2,0,0,2,2004/07/20 00:00:00+00,7/20/2004 1:46:00 PM,Mid-Block (not related to intersection),11,"MOTOR VEHICLE STRUCK MOTOR VEHICLE, FRONT END AT ANGLE",,0,Clear,Dry,Daylight,,4202022.0,,32,One parked--one moving,0,0,N
5846,1,-122.3084412,47.59519407,7165,20895,20895,1788580,Matched,Block,,DAVIS PL S BETWEEN S DEARBORN ST AND S CHARLES ST,,,1,Property Damage Only Collision,Parked Car,2,0,0,2,2004/04/04 00:00:00+00,4/4/2004,Mid-Block (not related to intersection),15,"MOTOR VEHICLE STRUCK MOTOR VEHICLE, RIGHT SIDE SIDESWIPE",,0,Clear,Dry,Dusk,,4095006.0,,32,One parked--one moving,0,0,N
5847,2,-122.34736640000001,47.70361077,7166,21697,21697,1204820,Matched,Intersection,37390.0,LINDEN AVE N AND N 103RD ST,,,2,Injury Collision,Angles,3,0,0,2,2004/01/13 00:00:00+00,1/13/2004 2:29:00 PM,At Intersection (intersection related),11,"MOTOR VEHICLE STRUCK MOTOR VEHICLE, FRONT END AT ANGLE",,0,Clear,Wet,Daylight,,4013001.0,,10,Entering at angle,0,0,N
5848,2,-122.36653020000001,47.52828076,7167,21370,21370,1781605,Matched,Block,,SW THISTLE ST BETWEEN 26TH AVE SW AND 27TH AVE SW,,,2,Injury Collision,Rear Ended,2,0,0,2,2004/05/13 00:00:00+00,5/13/2004 2:58:00 PM,Mid-Block (not related to intersection),14,"MOTOR VEHICLE STRUCK MOTOR VEHICLE, REAR END",,0,Clear,Dry,Daylight,,4134030.0,,13,From same direction - both going straight - both moving - rear-end,0,0,N
5849,1,-122.34756750000001,47.62492483,7169,20976,20976,1785178,Matched,Block,,5TH AVE N BETWEEN MERCER ST AND ROY ST,,,1,Property Damage Only Collision,Rear Ended,2,0,0,2,2004/10/23 00:00:00+00,10/23/2004 11:27:00 PM,Mid-Block (but intersection related),14,"MOTOR VEHICLE STRUCK MOTOR VEHICLE, REAR END",,0,Clear,Dry,Dark - Street Lights On,,4297017.0,,14,From same direction - both going straight - one stopped - rear-end,0,0,N
5850,1,-122.36046,47.5282836,7171,21762,21762,1790657,Matched,Intersection,34843.0,DELRIDGE WAY SW AND SW THISTLE ST,,,1,Property Damage Only Collision,Left Turn,3,0,0,2,2004/06/24 00:00:00+00,6/24/2004 8:05:00 PM,At Intersection (intersection related),11,"MOTOR VEHICLE STRUCK MOTOR VEHICLE, FRONT END AT ANGLE",,0,Clear,Dry,Daylight,,4176029.0,,28,From opposite direction - one left turn - one straight,0,0,N
5851,1,-122.33979,47.51790542,7172,21061,21061,1798029,Matched,Block,,OLSON PL SW BETWEEN SW CAMBRIDGE PL AND SW ROXBURY ST,,,1,Property Damage Only Collision,Other,1,0,0,1,2004/11/22 00:00:00+00,11/22/2004 1:34:00 AM,Mid-Block (not related to intersection),26,MOTOR VEHICLE STRUCK OBJECT IN ROAD,,0,Raining,Wet,Dark - Street Lights On,,4327001.0,Y,50,Fixed object,0,0,N
5852,1,-122.37489950000001,47.66866614,7173,21851,21851,1476143,Matched,Block,,NW MARKET ST BETWEEN 14TH AVE NW AND 15TH AVE NW,,,1,Property Damage Only Collision,Other,7,0,0,2,2004/05/18 00:00:00+00,5/18/2004 6:42:00 PM,Driveway Junction,11,"MOTOR VEHICLE STRUCK MOTOR VEHICLE, FRONT END AT ANGLE",,0,Clear,Dry,Daylight,,4139009.0,,21,One car entering driveway access,0,0,N
5853,1,-122.29047890000001,47.68304824,7174,20415,20415,1774260,Matched,Intersection,24933.0,35TH AVE NE AND NE 75TH ST,,,1,Property Damage Only Collision,Angles,4,0,0,2,2004/07/19 00:00:00+00,7/19/2004 4:00:00 PM,At Intersection (intersection related),11,"MOTOR VEHICLE STRUCK MOTOR VEHICLE, FRONT END AT ANGLE",,0,Clear,Dry,Daylight,,4201014.0,,10,Entering at angle,0,0,N
5854,1,-122.3393811,47.61267734,7176,21597,21597,1470591,Matched,Block,,4TH AVE BETWEEN STEWART ST AND VIRGINIA ST,,,1,Property Damage Only Collision,Parked Car,2,0,0,2,2004/05/15 00:00:00+00,5/15/2004 2:37:00 PM,Mid-Block (not related to intersection),16,"MOTOR VEHICLE STRUCK MOTOR VEHICLE, LEFT SIDE SIDESWIPE",Y,0,Overcast,Dry,Daylight,,4136008.0,,32,One parked--one moving,0,0,N
5855,1,-122.28084209999999,47.53480948,7178,21940,21940,1771513,Matched,Block,,M L KING JR WR WAY S BETWEEN S WEBSTER ST AND S AUSTIN ST,,,1,Property Damage Only Collision,Other,3,0,0,2,2004/06/19 00:00:00+00,6/19/2004 2:05:00 PM,Driveway Junction,11,"MOTOR VEHICLE STRUCK MOTOR VEHICLE, FRONT END AT ANGLE",,0,Clear,Dry,Daylight,,4171014.0,,22,One car leaving driveway access,0,0,N
5856,1,-122.2990563,47.59250687,7179,21151,21151,1772485,Matched,Block,,26TH AVE S BETWEEN S NORMAN ST AND S JUDKINS W ST,,,1,Property Damage Only Collision,Parked Car,3,0,0,3,2004/07/09 00:00:00+00,7/9/2004,Mid-Block (not related to intersection),14,"MOTOR VEHICLE STRUCK MOTOR VEHICLE, REAR END",,0,Clear,Dry,Dark - Street Lights Off,,4191002.0,,32,One parked--one moving,0,0,N
5857,2,-122.33910530000001,47.60782816,7180,20548,20548,1777164,Matched,Intersection,29599.0,1ST AVE AND UNION ST,,,2,Injury Collision,Pedestrian,2,1,0,1,2004/07/01 00:00:00+00,7/1/2004,At Intersection (intersection related),24,MOTOR VEHCILE STRUCK PEDESTRIAN,Y,0,Clear,Dry,Daylight,,4183033.0,,1,Vehicle turning right hits pedestrian,0,0,N
5858,1,-122.3332693,47.57981029999999,7181,22042,22042,1777828,Matched,Intersection,31371.0,OCCIDENTAL AVE S AND S LANDER ST,,,1,Property Damage Only Collision,Angles,3,0,0,2,2004/02/06 00:00:00+00,2/6/2004,At Intersection (intersection related),11,"MOTOR VEHICLE STRUCK MOTOR VEHICLE, FRONT END AT ANGLE",,0,Overcast,Wet,Daylight,,4037036.0,,10,Entering at angle,0,0,N
5859,1,-122.31946,47.73401515,7185,20509,20509,1975746,Matched,Block,,NE 145TH ST BETWEEN 8TH AVE NE AND 10TH AVE NE,,,1,Property Damage Only Collision,Angles,2,0,0,2,2004/11/10 00:00:00+00,11/10/2004 2:20:00 PM,Driveway Junction,11,"MOTOR VEHICLE STRUCK MOTOR VEHICLE, FRONT END AT ANGLE",,0,Clear,Dry,Daylight,,4315001.0,,10,Entering at angle,0,0,N
5860,2,-122.30325719999999,47.58501971,7187,21466,21466,1771862,Matched,Block,,RAINIER AVE S BETWEEN S PLUM ST AND 23RD AVE S,,,2,Injury Collision,Rear Ended,5,0,0,2,2004/06/27 00:00:00+00,6/27/2004 12:31:00 PM,Mid-Block (but intersection related),14,"MOTOR VEHICLE STRUCK MOTOR VEHICLE, REAR END",,0,Clear,Dry,Daylight,,4179025.0,,14,From same direction - both going straight - one stopped - rear-end,0,0,N
5861,1,-122.33708680000001,47.60729906,7188,20899,20899,1777504,Matched,Intersection,29603.0,2ND AVE AND UNIVERSITY ST,,,1,Property Damage Only Collision,Angles,6,0,0,2,2004/02/15 00:00:00+00,2/15/2004 9:47:00 PM,At Intersection (intersection related),11,"MOTOR VEHICLE STRUCK MOTOR VEHICLE, FRONT END AT ANGLE",,0,Clear,Dry,Dark - Street Lights On,,4046018.0,,10,Entering at angle,0,0,N