,SEVERITYCODE,X,Y,OBJECTID,INCKEY,COLDETKEY,REPORTNO,STATUS,ADDRTYPE,INTKEY,LOCATION,EXCEPTRSNCODE,EXCEPTRSNDESC,SEVERITYCODE.1,SEVERITYDESC,COLLISIONTYPE,PERSONCOUNT,PEDCOUNT,PEDCYLCOUNT,VEHCOUNT,INCDATE,INCDTTM,JUNCTIONTYPE,SDOT_COLCODE,SDOT_COLDESC,INATTENTIONIND,UNDERINFL,WEATHER,ROADCOND,LIGHTCOND,PEDROWNOTGRNT,SDOTCOLNUM,SPEEDING,ST_COLCODE,ST_COLDESC,SEGLANEKEY,CROSSWALKKEY,HITPARKEDCAR
5862,1,-122.30829070000001,47.60616717,7190,22061,22061,1795829,Matched,Block,,E JEFFERSON ST BETWEEN 18TH AVE AND 19TH AVE,,,1,Property Damage Only Collision,Parked Car,2,0,0,2,2004/09/23 00:00:00+00,9/23/2004 9:13:00 AM,Mid-Block (but intersection related),14,"MOTOR VEHICLE STRUCK MOTOR VEHICLE, REAR END",,0,Raining,Wet,Daylight,,4267021.0,,32,One parked--one moving,0,0,N
5863,1,-122.334001,47.70911658,7191,21874,21874,1793726,Matched,Block,,MERIDIAN AVE N BETWEEN N NORTHGATE WAY AND N 112TH ST,,,1,Property Damage Only Collision,Other,1,0,0,1,2004/05/19 00:00:00+00,5/19/2004 2:26:00 PM,Mid-Block (not related to intersection),28,MOTOR VEHICLE RAN OFF ROAD - HIT FIXED OBJECT,,1,Overcast,Dry,Daylight,,4140005.0,,50,Fixed object,0,0,N
5864,2,-122.30018500000001,47.54588896,7193,21168,21168,1793484,Matched,Block,,BEACON ER AVE S BETWEEN S GRAHAM ST AND S EDDY ST,,,2,Injury Collision,Rear Ended,4,0,0,2,2004/09/05 00:00:00+00,9/5/2004,Mid-Block (but intersection related),14,"MOTOR VEHICLE STRUCK MOTOR VEHICLE, REAR END",Y,0,Clear,Dry,Daylight,,4249029.0,,14,From same direction - both going straight - one stopped - rear-end,0,0,N
5865,2,-122.3095156,47.6994128,7194,21958,21958,1780006,Matched,Intersection,37717.0,17TH AVE NE AND NE 97TH ST,,,2,Injury Collision,Cycles,2,0,1,1,2004/01/12 00:00:00+00,1/12/2004 8:45:00 AM,At Intersection (intersection related),18,"MOTOR VEHICLE STRUCK PEDALCYCLIST, FRONT END AT ANGLE",,0,Clear,Dry,Daylight,Y,4012010.0,,45,Vehicle - Pedalcyclist,0,0,N
5866,1,-122.37666909999999,47.52375799,7195,21284,21284,1790651,Matched,Block,,35TH AVE SW BETWEEN SW TRENTON ST AND SW HENDERSON ST,,,1,Property Damage Only Collision,Sideswipe,2,0,0,2,2004/05/24 00:00:00+00,5/24/2004 2:00:00 PM,Mid-Block (not related to intersection),14,"MOTOR VEHICLE STRUCK MOTOR VEHICLE, REAR END",,0,Overcast,Wet,Daylight,,4145037.0,,11,From same direction - both going straight - both moving - sideswipe,0,0,N
5867,1,-122.35541940000002,47.62268599,7198,21953,21953,1482428,Matched,Block,,1ST AVE N BETWEEN HARRISON ST AND REPUBLICAN ST,,,1,Property Damage Only Collision,Parked Car,2,0,0,2,2004/03/30 00:00:00+00,3/30/2004 5:19:00 PM,Mid-Block (not related to intersection),11,"MOTOR VEHICLE STRUCK MOTOR VEHICLE, FRONT END AT ANGLE",,0,Clear,Dry,Daylight,,4090011.0,,20,One car leaving parked position,0,0,N
5868,1,-122.33643130000002,47.68960506,7199,21719,21719,1773458,Matched,Block,,WALLINGFORD AVE N BETWEEN N 82ND ST AND N 85TH ST,,,1,Property Damage Only Collision,Parked Car,2,0,0,2,2004/03/18 00:00:00+00,3/18/2004 10:45:00 AM,Mid-Block (not related to intersection),16,"MOTOR VEHICLE STRUCK MOTOR VEHICLE, LEFT SIDE SIDESWIPE",,0,Unknown,Unknown,Unknown,,4078018.0,,32,One parked--one moving,0,0,N
5869,2,-122.3160098,47.57906347,7200,21113,21113,1793277,Matched,Block,,13TH AVE S BETWEEN S LANDER ST AND S MCCLELLAN ST,,,2,Injury Collision,Other,1,0,0,1,2004/07/26 00:00:00+00,7/26/2004 9:08:00 PM,Mid-Block (not related to intersection),26,MOTOR VEHICLE STRUCK OBJECT IN ROAD,,0,Clear,Dry,Dusk,,4208012.0,,50,Fixed object,0,0,N
5870,1,-122.2875213,47.59660108,7201,20585,20585,1795841,Matched,Intersection,35524.0,LAKESIDE AVE S AND S LANE ST,,,1,Property Damage Only Collision,Parked Car,2,0,0,2,2004/10/08 00:00:00+00,10/8/2004,At Intersection (intersection related),16,"MOTOR VEHICLE STRUCK MOTOR VEHICLE, LEFT SIDE SIDESWIPE",Y,0,Raining,Wet,Daylight,,4282065.0,,32,One parked--one moving,0,0,N
5871,1,-122.3260442,47.68677908,7203,21602,21602,1782028,Matched,Block,,NE 80TH ST BETWEEN CORLISS WAY N AND BANNER WAY NE,,,1,Property Damage Only Collision,Other,2,0,0,1,2004/04/19 00:00:00+00,4/19/2004 10:30:00 PM,Mid-Block (but intersection related),26,MOTOR VEHICLE STRUCK OBJECT IN ROAD,,0,Raining,Wet,Dark - Street Lights On,,4110008.0,Y,50,Fixed object,0,0,N
5872,2,-122.38321770000002,47.67770635,7204,21180,21180,1220155,Matched,Intersection,23936.0,21ST AVE NW AND NW 67TH ST,,,2,Injury Collision,Cycles,4,0,1,1,2004/08/14 00:00:00+00,8/14/2004 7:49:00 PM,At Intersection (intersection related),51,PEDALCYCLIST STRUCK MOTOR VEHICLE FRONT END AT ANGLE,,0,Clear,Dry,Daylight,,4227014.0,,45,Vehicle - Pedalcyclist,0,0,N
5873,1,-122.37359009999999,47.66715954,7205,21831,21831,1220554,Matched,Intersection,25427.0,14TH AVE NW AND NW 53RD ST,,,1,Property Damage Only Collision,Angles,2,0,0,2,2004/08/04 00:00:00+00,8/4/2004,At Intersection (intersection related),11,"MOTOR VEHICLE STRUCK MOTOR VEHICLE, FRONT END AT ANGLE",,0,Clear,Dry,Daylight,,4217027.0,,10,Entering at angle,0,0,N
5874,1,-122.28779009999998,47.59515255,7206,20778,20778,1198183,Matched,Block,,LAKESIDE AVE S BETWEEN S DEARBORN ST AND S CHARLES ST,,,1,Property Damage Only Collision,Rear Ended,2,0,0,2,2004/10/19 00:00:00+00,10/19/2004 7:20:00 AM,Mid-Block (not related to intersection),14,"MOTOR VEHICLE STRUCK MOTOR VEHICLE, REAR END",,0,Raining,Wet,Dawn,,4293023.0,,13,From same direction - both going straight - both moving - rear-end,0,0,N
5875,1,-122.296314,47.71928489,7207,22340,22340,1220201,Matched,Intersection,36602.0,30TH AVE NE AND NE 125TH ST,,,1,Property Damage Only Collision,Angles,6,0,0,2,2004/08/15 00:00:00+00,8/15/2004 8:14:00 PM,At Intersection (intersection related),11,"MOTOR VEHICLE STRUCK MOTOR VEHICLE, FRONT END AT ANGLE",,0,Clear,Dry,Daylight,,4228023.0,,10,Entering at angle,0,0,N
5876,1,-122.30082079999998,47.54705429999999,7208,21798,21798,1771939,Matched,Block,,BEACON WR AVE S BETWEEN S SPENCER ST AND S GRAHAM ST,,,1,Property Damage Only Collision,Sideswipe,2,0,0,2,2004/05/11 00:00:00+00,5/11/2004 4:54:00 PM,Mid-Block (not related to intersection),16,"MOTOR VEHICLE STRUCK MOTOR VEHICLE, LEFT SIDE SIDESWIPE",Y,0,Clear,Dry,Daylight,,4132028.0,,12,From same direction - both going straight - one stopped - sideswipe,0,0,N
5877,2,-122.32285049999999,47.73404704,7211,22020,22020,1944027,Matched,Block,,NE 145TH ST BETWEEN 5TH AVE NE AND 6TH AVE NE,,,2,Injury Collision,Rear Ended,2,0,0,2,2004/09/21 00:00:00+00,9/21/2004 1:50:00 AM,Mid-Block (but intersection related),14,"MOTOR VEHICLE STRUCK MOTOR VEHICLE, REAR END",Y,1,Clear,Dry,Dark - Street Lights On,,4265027.0,,14,From same direction - both going straight - one stopped - rear-end,0,0,N
5878,2,-122.3527317,47.70217784,7212,20847,20847,1220504,Matched,Intersection,37401.0,DAYTON AVE N AND N 101ST ST,,,2,Injury Collision,Angles,4,0,0,2,2004/09/05 00:00:00+00,9/5/2004,At Intersection (intersection related),11,"MOTOR VEHICLE STRUCK MOTOR VEHICLE, FRONT END AT ANGLE",,0,Clear,Dry,Daylight,,4249017.0,,10,Entering at angle,0,0,N
5879,1,-122.3000851,47.66798674,7214,22249,22249,1220161,Matched,Block,,NE 54TH ST BETWEEN 25TH AVE NE AND 26TH AVE NE,,,1,Property Damage Only Collision,Parked Car,2,0,0,2,2004/08/16 00:00:00+00,8/16/2004 7:00:00 AM,Mid-Block (not related to intersection),13,"MOTOR VEHICLE STRUCK MOTOR VEHICLE, LEFT SIDE AT ANGLE",,0,Clear,Dry,Daylight,,4229037.0,,32,One parked--one moving,0,0,N
5880,2,-122.3127611,47.61645052,7215,21633,21633,1799135,Matched,Intersection,30120.0,15TH AVE AND E OLIVE ST,,,2,Injury Collision,Pedestrian,2,1,0,1,2004/10/07 00:00:00+00,10/7/2004,At Intersection (intersection related),24,MOTOR VEHCILE STRUCK PEDESTRIAN,,0,Clear,Dry,Dark - Street Lights On,Y,4281009.0,,2,Vehicle turning left hits pedestrian,0,0,N
5881,1,-122.3604743,47.52559091,7216,21063,21063,1798129,Matched,Block,,DELRIDGE WAY SW BETWEEN SW CLOVERDALE ST AND SW TRENTON ST,,,1,Property Damage Only Collision,Rear Ended,3,0,0,2,2004/07/10 00:00:00+00,7/10/2004 4:50:00 PM,Mid-Block (but intersection related),14,"MOTOR VEHICLE STRUCK MOTOR VEHICLE, REAR END",,0,Raining,Wet,Daylight,,4192012.0,Y,14,From same direction - both going straight - one stopped - rear-end,0,0,N
5882,2,-122.2782784,47.55229447,7217,21101,21101,1779397,Matched,Block,,RAINIER AVE S BETWEEN S LUCILE ST AND S FINDLAY ST,,,2,Injury Collision,Rear Ended,6,0,0,3,2004/05/02 00:00:00+00,5/2/2004,Mid-Block (not related to intersection),14,"MOTOR VEHICLE STRUCK MOTOR VEHICLE, REAR END",,0,Clear,Dry,Daylight,,4123006.0,,14,From same direction - both going straight - one stopped - rear-end,0,0,N
5883,2,-122.2627774,47.52011701,7221,21032,21032,1771594,Matched,Intersection,35451.0,RAINIER AVE S AND SEWARD PARK AVE S,,,2,Injury Collision,Left Turn,2,0,0,2,2004/09/07 00:00:00+00,9/7/2004,At Intersection (intersection related),11,"MOTOR VEHICLE STRUCK MOTOR VEHICLE, FRONT END AT ANGLE",,0,Clear,Dry,Dark - Street Lights On,,4251013.0,,28,From opposite direction - one left turn - one straight,0,0,N
5884,1,-122.28325120000001,47.55569694,7222,21918,21918,1772781,Matched,Intersection,337795.0,39TH AVE S AND RAINIER S AVE S,,,1,Property Damage Only Collision,Left Turn,2,0,0,2,2004/05/25 00:00:00+00,5/25/2004 4:10:00 PM,At Intersection (intersection related),11,"MOTOR VEHICLE STRUCK MOTOR VEHICLE, FRONT END AT ANGLE",,0,Clear,Dry,Daylight,,4146013.0,,28,From opposite direction - one left turn - one straight,0,0,N
5885,1,-122.30330570000001,47.72656771,7223,21011,21011,527087,Matched,Intersection,36105.0,23RD PL NE AND NE 135TH ST,,,1,Property Damage Only Collision,Other,0,0,0,1,2004/02/28 00:00:00+00,2/28/2004 10:29:00 PM,At Intersection (intersection related),26,MOTOR VEHICLE STRUCK OBJECT IN ROAD,Y,0,Overcast,Wet,Dark - Street Lights On,,4059002.0,,50,Fixed object,0,0,N
5886,2,-122.2839074,47.71736902,7224,20397,20397,1794604,Matched,Intersection,36802.0,SAND POINT WAY NE AND NE 123RD ST,,,2,Injury Collision,Pedestrian,2,1,0,1,2004/09/22 00:00:00+00,9/22/2004 3:30:00 PM,At Intersection (intersection related),24,MOTOR VEHCILE STRUCK PEDESTRIAN,,0,Raining,Wet,Daylight,Y,4266007.0,,2,Vehicle turning left hits pedestrian,0,0,N
5887,1,-122.3073193,47.73115794,7225,22332,22332,1072724,Matched,Block,,20TH AVE NE BETWEEN NE 140TH ST AND NE 143RD ST,,,1,Property Damage Only Collision,Other,1,0,0,1,2004/06/29 00:00:00+00,6/29/2004 6:13:00 PM,Mid-Block (but intersection related),27,MOTOR VEHICLE RAN OFF ROAD - NO COLLISION,,0,Clear,Dry,Daylight,,4181017.0,,50,Fixed object,0,0,N
5888,1,-122.345047,47.7295848,7226,21795,21795,1794445,Matched,Block,,AURORA AVE N BETWEEN N 137TH ST AND N 140TH ST,,,1,Property Damage Only Collision,Other,3,0,0,2,2004/12/22 00:00:00+00,12/22/2004 3:50:00 PM,Driveway Junction,11,"MOTOR VEHICLE STRUCK MOTOR VEHICLE, FRONT END AT ANGLE",,0,Clear,Dry,Daylight,,4357023.0,,21,One car entering driveway access,0,0,N
5889,2,-122.2873183,47.71828346,7228,22298,22298,1794231,Matched,Block,,38TH AVE NE BETWEEN NE 123RD ST AND NE 125TH ST,,,2,Injury Collision,Other,1,0,0,1,2004/10/20 00:00:00+00,10/20/2004 5:57:00 AM,Mid-Block (not related to intersection),26,MOTOR VEHICLE STRUCK OBJECT IN ROAD,,0,Other,Dry,Dark - Street Lights On,,4294035.0,,51,Other object,0,0,N
5890,1,-122.3033251,47.57835108,7229,20978,20978,1778998,Matched,Intersection,31631.0,23RD AVE S AND S MCCLELLAN ST,,,1,Property Damage Only Collision,Left Turn,2,0,0,2,2004/04/09 00:00:00+00,4/9/2004,At Intersection (intersection related),11,"MOTOR VEHICLE STRUCK MOTOR VEHICLE, FRONT END AT ANGLE",,0,Clear,Dry,Daylight,,4100031.0,,28,From opposite direction - one left turn - one straight,0,0,N
5891,1,-122.26815890000002,47.52330258,7230,20802,20802,1772979,Matched,Block,,S HENDERSON ST BETWEEN RAINIER AVE S AND 53RD AVE S,,,1,Property Damage Only Collision,Other,2,0,0,2,2004/06/10 00:00:00+00,6/10/2004 9:43:00 AM,Driveway Junction,11,"MOTOR VEHICLE STRUCK MOTOR VEHICLE, FRONT END AT ANGLE",,0,Overcast,Wet,Daylight,,4162029.0,,22,One car leaving driveway access,0,0,N
5892,2,-122.3377835,47.62455005,7231,22378,22378,1482710,Matched,Block,,MERCER SR ST BETWEEN WESTLAKE AVE N AND TERRY AVE N,,,2,Injury Collision,Rear Ended,2,0,0,2,2004/05/13 00:00:00+00,5/13/2004 9:50:00 AM,Mid-Block (but intersection related),14,"MOTOR VEHICLE STRUCK MOTOR VEHICLE, REAR END",,0,Clear,Dry,Daylight,,4134019.0,,14,From same direction - both going straight - one stopped - rear-end,0,0,N
5893,1,-122.27423610000001,47.67667545,7232,21481,21481,1931078,Matched,Block,,50TH AVE NE BETWEEN NE 65TH N ST AND NE 68TH ST,,,1,Property Damage Only Collision,Parked Car,2,0,0,2,2004/11/19 00:00:00+00,11/19/2004 12:01:00 AM,Mid-Block (not related to intersection),14,"MOTOR VEHICLE STRUCK MOTOR VEHICLE, REAR END",,0,Unknown,Unknown,Unknown,,4324030.0,,32,One parked--one moving,0,0,N
5894,1,-122.3436842,47.62471211,7233,20909,20909,1783562,Matched,Block,,AURORA AVE N BETWEEN AURORA AV SB OFF RP AND ROY ST,,,1,Property Damage Only Collision,Rear Ended,5,0,0,4,2004/12/06 00:00:00+00,12/6/2004,Mid-Block (not related to intersection),14,"MOTOR VEHICLE STRUCK MOTOR VEHICLE, REAR END",,0,Raining,Wet,Daylight,,4341036.0,Y,14,From same direction - both going straight - one stopped - rear-end,0,0,N
5895,1,-122.3119557,47.67704729,7235,20707,20707,1794502,Matched,Block,,15TH AVE NE BETWEEN NE 66TH ST AND NE 68TH S ST,,,1,Property Damage Only Collision,Rear Ended,2,0,0,2,2004/09/29 00:00:00+00,9/29/2004 4:36:00 PM,Mid-Block (not related to intersection),14,"MOTOR VEHICLE STRUCK MOTOR VEHICLE, REAR END",Y,0,Clear,Dry,Daylight,,4273024.0,,13,From same direction - both going straight - both moving - rear-end,0,0,N
5896,2,-122.3735947,47.66293152,7236,22062,22062,1795905,Matched,Intersection,25457.0,14TH AVE NW AND NW BALLARD WAY,,,2,Injury Collision,Angles,2,0,0,2,2004/10/27 00:00:00+00,10/27/2004 7:45:00 PM,At Intersection (intersection related),11,"MOTOR VEHICLE STRUCK MOTOR VEHICLE, FRONT END AT ANGLE",,0,Clear,Dry,Dark - Street Lights On,,4301017.0,,10,Entering at angle,0,0,N
5897,1,-122.3175087,47.68420176,7237,21441,21441,1776018,Matched,Block,,ROOSEVELT WAY NE BETWEEN NE 75TH ST AND NE 78TH ST,,,1,Property Damage Only Collision,Parked Car,2,0,0,2,2004/03/02 00:00:00+00,3/2/2004,Mid-Block (not related to intersection),13,"MOTOR VEHICLE STRUCK MOTOR VEHICLE, LEFT SIDE AT ANGLE",,0,Unknown,Unknown,Unknown,,4062005.0,,32,One parked--one moving,0,0,N
5898,2,-122.34660500000001,47.67644096,7238,21307,21307,1776676,Matched,Block,,AURORA AVE N BETWEEN WEST GREEN LAKE WAY N AND N 66TH ST,,,2,Injury Collision,Other,1,0,0,1,2004/08/27 00:00:00+00,8/27/2004 10:24:00 PM,Mid-Block (not related to intersection),26,MOTOR VEHICLE STRUCK OBJECT IN ROAD,,1,Clear,Wet,Dark - Street Lights On,,4240003.0,,50,Fixed object,0,0,N
5899,2,-122.380654,47.56182941,7240,20865,20865,1317225,Matched,Block,,FAUNTLEROY WAY SW BETWEEN 38TH AVE SW AND 39TH AVE SW,,,2,Injury Collision,Rear Ended,4,0,0,2,2004/05/07 00:00:00+00,5/7/2004,Mid-Block (but intersection related),14,"MOTOR VEHICLE STRUCK MOTOR VEHICLE, REAR END",Y,0,Clear,Dry,Dark - Street Lights On,,4128025.0,,14,From same direction - both going straight - one stopped - rear-end,0,0,N
5900,1,-122.29359879999998,47.72734872,7241,20825,20825,1780750,Matched,Block,,32ND AVE NE BETWEEN NE 135TH ST AND NE 137TH ST,,,1,Property Damage Only Collision,Parked Car,2,0,0,2,2004/01/06 00:00:00+00,1/6/2004,Mid-Block (but intersection related),13,"MOTOR VEHICLE STRUCK MOTOR VEHICLE, LEFT SIDE AT ANGLE",,0,Snowing,Snow/Slush,Daylight,,4006009.0,,32,One parked--one moving,0,0,N
5901,1,-122.312605,47.67941777,7242,22470,22470,527906,Matched,Block,,NE 70TH ST BETWEEN 14TH AVE NE AND 15TH AVE NE,,,1,Property Damage Only Collision,Parked Car,0,0,0,2,2004/03/24 00:00:00+00,3/24/2004 9:44:00 PM,Mid-Block (not related to intersection),16,"MOTOR VEHICLE STRUCK MOTOR VEHICLE, LEFT SIDE SIDESWIPE",,0,Overcast,Wet,Dark - Street Lights On,,4084028.0,,32,One parked--one moving,0,0,N
5902,1,-122.35539720000001,47.69978542,7243,21640,21640,1773855,Matched,Block,,GREENWOOD AVE N BETWEEN N 97TH ST AND N GREENWOOD CIR,,,1,Property Damage Only Collision,Rear Ended,3,0,0,2,2004/04/15 00:00:00+00,4/15/2004 6:00:00 PM,Mid-Block (not related to intersection),14,"MOTOR VEHICLE STRUCK MOTOR VEHICLE, REAR END",Y,0,Clear,Dry,Daylight,,4106024.0,,14,From same direction - both going straight - one stopped - rear-end,0,0,N
5903,1,-122.3445088,47.68802726,7249,21613,21613,1773712,Matched,Block,,AURORA AVE N BETWEEN N 81ST ST AND N 82ND ST,,,1,Property Damage Only Collision,Rear Ended,3,0,0,3,2004/07/06 00:00:00+00,7/6/2004,Mid-Block (but intersection related),14,"MOTOR VEHICLE STRUCK MOTOR VEHICLE, REAR END",Y,0,Raining,Wet,Daylight,,4188016.0,,14,From same direction - both going straight - one stopped - rear-end,0,0,N
5904,1,-122.3488768,47.62456433,7250,21187,21187,1069555,Matched,Intersection,28915.0,4TH AVE N AND MERCER ST,,,1,Property Damage Only Collision,Angles,3,0,0,2,2004/11/02 00:00:00+00,11/2/2004,At Intersection (intersection related),11,"MOTOR VEHICLE STRUCK MOTOR VEHICLE, FRONT END AT ANGLE",,0,Raining,Wet,Daylight,,4307041.0,,10,Entering at angle,0,0,N
5905,2,-122.32807859999998,47.60416123,7251,21687,21687,1783295,Matched,Intersection,29973.0,6TH AVE AND JAMES ST,,,2,Injury Collision,Left Turn,3,0,0,2,2004/11/19 00:00:00+00,11/19/2004 6:17:00 PM,At Intersection (intersection related),11,"MOTOR VEHICLE STRUCK MOTOR VEHICLE, FRONT END AT ANGLE",Y,0,Clear,Dry,Dark - Street Lights On,,4324016.0,,28,From opposite direction - one left turn - one straight,0,0,N
5906,1,-122.31414679999999,47.57074508,7252,21903,21903,1779504,Matched,Block,,S COLUMBIAN WAY BETWEEN S SPOKANE ST AND 15TH AVS TURN RD,,,1,Property Damage Only Collision,Other,2,0,0,2,2004/04/28 00:00:00+00,4/28/2004 8:35:00 AM,Driveway Junction,11,"MOTOR VEHICLE STRUCK MOTOR VEHICLE, FRONT END AT ANGLE",,0,Clear,Dry,Daylight,,4119036.0,,22,One car leaving driveway access,0,0,N
5907,1,-122.3457425,47.61702218,7254,20947,20947,1482431,Matched,Block,,WALL ST BETWEEN 4TH AVE AND 5TH AVE,,,1,Property Damage Only Collision,Parked Car,2,0,0,2,2004/04/25 00:00:00+00,4/25/2004 6:29:00 PM,Mid-Block (not related to intersection),11,"MOTOR VEHICLE STRUCK MOTOR VEHICLE, FRONT END AT ANGLE",,0,Clear,Dry,Daylight,,4116018.0,,20,One car leaving parked position,0,0,N
5908,1,-122.37712690000001,47.64846994,7255,21956,21956,1482607,Matched,Block,,W DRAVUS ST BETWEEN 15TH AV W SB OFF RP AND 16TH AVE W,,,1,Property Damage Only Collision,Other,2,0,0,2,2004/05/26 00:00:00+00,5/26/2004 6:17:00 PM,Driveway Junction,11,"MOTOR VEHICLE STRUCK MOTOR VEHICLE, FRONT END AT ANGLE",,0,Raining,Wet,Daylight,,4147026.0,,21,One car entering driveway access,0,0,N
5909,1,-122.35136010000001,47.6185864,7257,22315,22315,1785151,Matched,Intersection,29659.0,3RD AVE AND DENNY WAY,,,1,Property Damage Only Collision,Rear Ended,2,0,0,2,2004/09/23 00:00:00+00,9/23/2004 10:44:00 AM,At Intersection (intersection related),14,"MOTOR VEHICLE STRUCK MOTOR VEHICLE, REAR END",,0,Raining,Wet,Daylight,,4267016.0,,14,From same direction - both going straight - one stopped - rear-end,0,0,N
5910,2,-122.3776564,47.66366682,7259,22458,22458,C650816,Matched,Block,,NW LEARY WAY BETWEEN 15TH SB AVE NW AND LEARY AVE NW,,,2,Injury Collision,Other,2,0,0,2,2004/12/15 00:00:00+00,12/15/2004 3:15:00 PM,Driveway Junction,11,"MOTOR VEHICLE STRUCK MOTOR VEHICLE, FRONT END AT ANGLE",,0,Clear,Dry,Daylight,,4350041.0,,22,One car leaving driveway access,0,0,N
5911,2,-122.28821059999999,47.56418493,7261,21207,21207,1779313,Matched,Block,,RAINIER AVE S BETWEEN S GENESEE N ST AND S GENESEE S ST,,,2,Injury Collision,Other,3,0,0,1,2004/10/17 00:00:00+00,10/17/2004 3:12:00 AM,Mid-Block (not related to intersection),28,MOTOR VEHICLE RAN OFF ROAD - HIT FIXED OBJECT,,0,Raining,Wet,Dark - Street Lights On,,4291010.0,,50,Fixed object,0,0,N
5912,1,-122.32703470000001,47.60805203,7262,21872,21872,1789574,Matched,Block,,9TH AVE BETWEEN MARION ST AND MADISON ST,,,1,Property Damage Only Collision,Parked Car,3,0,0,2,2004/01/14 00:00:00+00,1/14/2004 7:19:00 AM,Mid-Block (not related to intersection),11,"MOTOR VEHICLE STRUCK MOTOR VEHICLE, FRONT END AT ANGLE",Y,0,Overcast,Wet,Dawn,,4014057.0,,32,One parked--one moving,0,0,N
5913,2,-122.31694640000002,47.62110409,7263,21381,21381,1772658,Matched,Intersection,29040.0,12TH AVE E AND E THOMAS ST,,,2,Injury Collision,Angles,2,0,0,2,2004/05/10 00:00:00+00,5/10/2004 9:48:00 AM,At Intersection (intersection related),11,"MOTOR VEHICLE STRUCK MOTOR VEHICLE, FRONT END AT ANGLE",,0,Raining,Wet,Daylight,,4131042.0,,10,Entering at angle,0,0,N
5914,2,-122.38758729999999,47.66945776,7265,22529,22529,1793765,Matched,Intersection,25141.0,24TH AVE NW AND NW 56TH ST,,,2,Injury Collision,Angles,3,0,0,2,2004/10/05 00:00:00+00,10/5/2004,At Intersection (intersection related),11,"MOTOR VEHICLE STRUCK MOTOR VEHICLE, FRONT END AT ANGLE",,0,Raining,Wet,Dark - Street Lights On,,4279026.0,,10,Entering at angle,0,0,N
5915,2,-122.33251940000001,47.6023056,7266,21606,21606,1212886,Matched,Intersection,30482.0,2ND AVE AND JAMES ST,,,2,Injury Collision,Angles,8,0,0,4,2004/03/21 00:00:00+00,3/21/2004 2:21:00 AM,At Intersection (intersection related),11,"MOTOR VEHICLE STRUCK MOTOR VEHICLE, FRONT END AT ANGLE",Y,0,Clear,Dry,Dark - Street Lights On,,4081026.0,,10,Entering at angle,0,0,N
5916,2,-122.31577279999999,47.67189699,7267,20888,20888,1079788,Matched,Intersection,25757.0,11TH AVE NE AND NE RAVENNA WB BV,,,2,Injury Collision,Angles,2,0,0,2,2004/12/14 00:00:00+00,12/14/2004 6:16:00 PM,At Intersection (intersection related),11,"MOTOR VEHICLE STRUCK MOTOR VEHICLE, FRONT END AT ANGLE",,1,Clear,Dry,Dark - Street Lights On,,4349028.0,,10,Entering at angle,0,0,N
5917,2,-122.32588840000001,47.6420305,7269,21303,21303,1217102,Matched,Intersection,28303.0,EASTLAKE AVE E AND E LOUISA ST,,,2,Injury Collision,Cycles,2,0,1,1,2004/07/27 00:00:00+00,7/27/2004 9:46:00 AM,At Intersection (intersection related),18,"MOTOR VEHICLE STRUCK PEDALCYCLIST, FRONT END AT ANGLE",,0,Clear,Dry,Daylight,Y,4209024.0,,45,Vehicle - Pedalcyclist,0,0,N
5918,2,-122.31133059999999,47.67070964,7270,20776,20776,1931230,Matched,Block,,NE RAVENNA WB BV BETWEEN 15TH S AVE NE AND 16TH AVE NE,,,2,Injury Collision,Other,1,0,0,1,2004/11/22 00:00:00+00,11/22/2004 9:36:00 PM,Mid-Block (but intersection related),28,MOTOR VEHICLE RAN OFF ROAD - HIT FIXED OBJECT,,0,Raining,Wet,Dark - Street Lights On,,4327042.0,Y,50,Fixed object,0,0,N
5919,2,-122.32736340000001,47.686831299999994,7271,22205,22205,C650819,Matched,Block,,NE 80TH ST BETWEEN CORLISS WY N WB RP AND CORLISS WAY N,,,2,Injury Collision,Rear Ended,2,0,0,2,2004/12/18 00:00:00+00,12/18/2004 3:15:00 PM,Mid-Block (not related to intersection),14,"MOTOR VEHICLE STRUCK MOTOR VEHICLE, REAR END",,0,Clear,Dry,Daylight,,4353052.0,,14,From same direction - both going straight - one stopped - rear-end,0,0,N
5920,1,-122.3102801,47.59748647,7272,21432,21432,1216853,Matched,Block,,S WELLER ST BETWEEN 16TH AVE S AND 18TH AVE S,,,1,Property Damage Only Collision,Parked Car,2,0,0,2,2004/07/05 00:00:00+00,7/5/2004,Mid-Block (not related to intersection),14,"MOTOR VEHICLE STRUCK MOTOR VEHICLE, REAR END",,0,Clear,Dry,Dark - Street Lights On,,4187021.0,,32,One parked--one moving,0,0,N
5921,1,-122.3285919,47.70681249,7273,21369,21369,1747168,Matched,Intersection,36595.0,1ST AVE NE AND I5 NB 1ST AV NE OFF RP,,,1,Property Damage Only Collision,Left Turn,2,0,0,2,2004/05/08 00:00:00+00,5/8/2004,At Intersection (intersection related),11,"MOTOR VEHICLE STRUCK MOTOR VEHICLE, FRONT END AT ANGLE",,0,Clear,Dry,Dusk,,4129046.0,,28,From opposite direction - one left turn - one straight,0,0,N
5922,1,-122.35250649999999,47.61691834,7274,22019,22019,1334147,Matched,Intersection,29665.0,1ST AVE AND BROAD ST,,,1,Property Damage Only Collision,Left Turn,2,0,0,2,2004/07/12 00:00:00+00,7/12/2004 12:59:00 PM,At Intersection (intersection related),11,"MOTOR VEHICLE STRUCK MOTOR VEHICLE, FRONT END AT ANGLE",,0,Clear,Dry,Daylight,,4194029.0,,28,From opposite direction - one left turn - one straight,0,0,N