,SEVERITYCODE,X,Y,OBJECTID,INCKEY,COLDETKEY,REPORTNO,STATUS,ADDRTYPE,INTKEY,LOCATION,EXCEPTRSNCODE,EXCEPTRSNDESC,SEVERITYCODE.1,SEVERITYDESC,COLLISIONTYPE,PERSONCOUNT,PEDCOUNT,PEDCYLCOUNT,VEHCOUNT,INCDATE,INCDTTM,JUNCTIONTYPE,SDOT_COLCODE,SDOT_COLDESC,INATTENTIONIND,UNDERINFL,WEATHER,ROADCOND,LIGHTCOND,PEDROWNOTGRNT,SDOTCOLNUM,SPEEDING,ST_COLCODE,ST_COLDESC,SEGLANEKEY,CROSSWALKKEY,HITPARKEDCAR
5923,2,-122.33759199999999,47.61120737,7275,21137,21137,1069576,Matched,Intersection,29579.0,4TH AVE AND PINE ST,,,2,Injury Collision,Angles,2,0,0,2,2004/11/05 00:00:00+00,11/5/2004,At Intersection (intersection related),11,"MOTOR VEHICLE STRUCK MOTOR VEHICLE, FRONT END AT ANGLE",Y,0,Clear,Dry,Daylight,,4310004.0,,10,Entering at angle,0,0,N
5924,1,-122.3240097,47.66315766,7276,21662,21662,1782709,Matched,Intersection,25885.0,4TH AVE NE AND NE 47TH ST,,,1,Property Damage Only Collision,Angles,2,0,0,2,2004/04/12 00:00:00+00,4/12/2004 8:03:00 PM,At Intersection (intersection related),11,"MOTOR VEHICLE STRUCK MOTOR VEHICLE, FRONT END AT ANGLE",,0,Clear,Dry,Daylight,,4103002.0,,10,Entering at angle,0,0,N
5925,2,-122.34733270000001,47.66250104,7278,21395,21395,1780190,Matched,Block,,AURORA AVE N BETWEEN N 46 UPPER ST AND N 47TH ST,,,2,Injury Collision,Sideswipe,2,0,0,2,2004/03/29 00:00:00+00,3/29/2004 2:30:00 PM,Mid-Block (not related to intersection),16,"MOTOR VEHICLE STRUCK MOTOR VEHICLE, LEFT SIDE SIDESWIPE",,0,Clear,Dry,Daylight,,4089014.0,,11,From same direction - both going straight - both moving - sideswipe,0,0,N
5926,2,-122.34175259999998,47.61173309,7280,21283,21283,1482768,Matched,Intersection,29562.0,2ND AVE AND VIRGINIA ST,,,2,Injury Collision,Angles,4,0,0,2,2004/07/27 00:00:00+00,7/27/2004 6:00:00 PM,At Intersection (intersection related),11,"MOTOR VEHICLE STRUCK MOTOR VEHICLE, FRONT END AT ANGLE",,0,Clear,Dry,Daylight,,4209014.0,,10,Entering at angle,0,0,N
5927,1,-122.3147611,47.56441101,7281,20667,20667,1787592,Matched,Block,,14TH AVE S BETWEEN S NEVADA ST AND S OREGON ST,,,1,Property Damage Only Collision,Parked Car,2,0,0,2,2004/07/15 00:00:00+00,7/15/2004 1:00:00 PM,Mid-Block (not related to intersection),14,"MOTOR VEHICLE STRUCK MOTOR VEHICLE, REAR END",,0,Clear,Dry,Daylight,,4197026.0,,32,One parked--one moving,0,0,N
5928,2,-122.34398759999999,47.69055853,7282,22030,22030,1780670,Matched,Block,,N 85TH ST BETWEEN AURORA AVE N AND NESBIT AVE N,,,2,Injury Collision,Rear Ended,5,0,0,3,2004/02/12 00:00:00+00,2/12/2004 2:45:00 PM,Mid-Block (but intersection related),11,"MOTOR VEHICLE STRUCK MOTOR VEHICLE, FRONT END AT ANGLE",,0,Clear,Dry,Daylight,,4043018.0,,13,From same direction - both going straight - both moving - rear-end,0,0,N
5929,2,,,7283,21776,21776,1779389,Matched,Intersection,484921.0,32ND AVE S AND M L KING JR ER WAY S,,,2,Injury Collision,Angles,3,0,0,2,2004/03/26 00:00:00+00,3/26/2004 3:45:00 PM,At Intersection (intersection related),11,"MOTOR VEHICLE STRUCK MOTOR VEHICLE, FRONT END AT ANGLE",,0,Raining,Wet,Daylight,,4086030.0,,10,Entering at angle,0,0,N
5930,2,-122.35014740000001,47.61552445,7284,21575,21575,1214091,Matched,Block,,1ST AVE BETWEEN VINE ST AND CEDAR ST,,,2,Injury Collision,Pedestrian,2,1,0,1,2004/08/04 00:00:00+00,8/4/2004,Mid-Block (not related to intersection),24,MOTOR VEHCILE STRUCK PEDESTRIAN,,1,Clear,Dry,Dark - Street Lights On,,4217032.0,,0,Vehicle going straight hits pedestrian,0,0,N
5931,1,-122.3454394,47.68179779,7286,20298,20298,1793886,Matched,Block,,N 73RD ST BETWEEN LINDEN AVE N AND AURORA AVE N,,,1,Property Damage Only Collision,Angles,2,0,0,2,2004/11/01 00:00:00+00,11/1/2004,Driveway Junction,11,"MOTOR VEHICLE STRUCK MOTOR VEHICLE, FRONT END AT ANGLE",,0,Raining,Wet,Dark - Street Lights On,,4306015.0,,10,Entering at angle,0,0,N
5932,1,-122.32628090000001,47.68142844,7288,21603,21603,1781903,Matched,Block,,4TH AVE NE BETWEEN EAST GREEN LAKE DR N AND WOODLAWN N AVE NE,,,1,Property Damage Only Collision,Parked Car,2,0,0,2,2004/06/09 00:00:00+00,6/9/2004,Mid-Block (not related to intersection),12,"MOTOR VEHICLE STRUCK MOTOR VEHICLE, RIGHT SIDE AT ANGLE",,0,Unknown,Unknown,Unknown,,4161009.0,,32,One parked--one moving,0,0,N
5933,1,-122.3131297,47.66126937,7289,20889,20889,1079953,Matched,Intersection,27062.0,UNIVERSITY WAY NE AND NE 45TH ST,,,1,Property Damage Only Collision,Angles,2,0,0,2,2004/06/27 00:00:00+00,6/27/2004 5:15:00 AM,At Intersection (intersection related),11,"MOTOR VEHICLE STRUCK MOTOR VEHICLE, FRONT END AT ANGLE",,0,Clear,Dry,Dawn,,4179020.0,,10,Entering at angle,0,0,N
5934,2,-122.3865458,47.58119534,7290,21419,21419,1795182,Matched,Intersection,31066.0,CALIFORNIA AVE SW AND SW ADMIRAL WAY,,,2,Injury Collision,Pedestrian,2,1,0,1,2004/09/28 00:00:00+00,9/28/2004 9:18:00 PM,At Intersection (intersection related),24,MOTOR VEHCILE STRUCK PEDESTRIAN,,0,Overcast,Dry,Dark - Street Lights On,,4272036.0,,2,Vehicle turning left hits pedestrian,0,0,N
5935,1,-122.3458631,47.61299081,7291,20688,20688,1186512,Matched,Block,,1ST AVE BETWEEN BLANCHARD ST AND BELL ST,,,1,Property Damage Only Collision,Sideswipe,3,0,0,2,2004/05/28 00:00:00+00,5/28/2004 7:12:00 PM,Mid-Block (not related to intersection),16,"MOTOR VEHICLE STRUCK MOTOR VEHICLE, LEFT SIDE SIDESWIPE",,0,Overcast,Wet,Daylight,,4149030.0,,12,From same direction - both going straight - one stopped - sideswipe,0,0,N
5936,2,-122.3329999,47.62311601,7294,21226,21226,1212748,Matched,Intersection,29134.0,MINOR AVE N AND REPUBLICAN ST,,,2,Injury Collision,Angles,2,0,0,2,2004/01/15 00:00:00+00,1/15/2004 4:45:00 PM,At Intersection (intersection related),11,"MOTOR VEHICLE STRUCK MOTOR VEHICLE, FRONT END AT ANGLE",,0,Overcast,Wet,Dusk,,4015034.0,,10,Entering at angle,0,0,N
5937,2,-122.2906156,47.69418085,7295,22311,22311,1774001,Matched,Block,,35TH AVE NE BETWEEN NE 90TH ST AND NE 91ST S ST,,,2,Injury Collision,Sideswipe,3,0,0,2,2004/01/02 00:00:00+00,1/2/2004,Mid-Block (not related to intersection),16,"MOTOR VEHICLE STRUCK MOTOR VEHICLE, LEFT SIDE SIDESWIPE",,0,Clear,Ice,Daylight,,4002041.0,Y,11,From same direction - both going straight - both moving - sideswipe,0,0,N
5938,2,-122.33582709999999,47.62454275,7296,21138,21138,1069908,Matched,Intersection,28762.0,BOREN AVE N AND MERCER SR ST,,,2,Injury Collision,Cycles,2,0,1,1,2004/09/27 00:00:00+00,9/27/2004 4:14:00 PM,At Intersection (intersection related),18,"MOTOR VEHICLE STRUCK PEDALCYCLIST, FRONT END AT ANGLE",,0,Clear,Dry,Daylight,,4271023.0,,45,Vehicle - Pedalcyclist,0,0,N
5939,2,-122.3159963,47.565316100000004,7298,22540,22540,1771606,Matched,Intersection,32296.0,13TH AVE S AND S NEVADA ST,,,2,Injury Collision,Angles,2,0,0,2,2004/05/17 00:00:00+00,5/17/2004 5:20:00 PM,At Intersection (intersection related),11,"MOTOR VEHICLE STRUCK MOTOR VEHICLE, FRONT END AT ANGLE",,0,Clear,Dry,Daylight,,4138015.0,,10,Entering at angle,0,0,N
5940,2,-122.3196085,47.61164921,7299,21630,21630,1007488,Matched,Block,,E MADISON ST BETWEEN BROADWAY CT AND 10TH AVE,,,2,Injury Collision,Other,2,0,0,2,2004/01/01 00:00:00+00,1/1/2004,Driveway Junction,11,"MOTOR VEHICLE STRUCK MOTOR VEHICLE, FRONT END AT ANGLE",,0,Clear,Dry,Daylight,,4001010.0,,22,One car leaving driveway access,0,0,N
5941,1,-122.3239767,47.61774908,7300,20918,20918,1795780,Matched,Block,,E HOWELL ST BETWEEN BELMONT AVE AND BOYLSTON N AVE,,,1,Property Damage Only Collision,Parked Car,2,0,0,2,2004/09/26 00:00:00+00,9/26/2004 1:00:00 PM,Mid-Block (not related to intersection),11,"MOTOR VEHICLE STRUCK MOTOR VEHICLE, FRONT END AT ANGLE",Y,0,Clear,Dry,Daylight,,4270027.0,,32,One parked--one moving,0,0,N
5942,1,-122.35605659999999,47.62458061,7301,21562,21562,1777316,Matched,Block,,MERCER ST BETWEEN QUEEN ANNE AVE N AND 1ST AVE N,,,1,Property Damage Only Collision,Parked Car,4,0,0,2,2004/03/30 00:00:00+00,3/30/2004 1:20:00 PM,Mid-Block (not related to intersection),11,"MOTOR VEHICLE STRUCK MOTOR VEHICLE, FRONT END AT ANGLE",,0,Clear,Dry,Daylight,,4090001.0,,20,One car leaving parked position,0,0,N
5943,1,-122.259923,47.67412437,7302,20951,20951,1780179,Matched,Block,,NE RADFORD NR DR BETWEEN NE RADFORD SR W DR AND NE RADFORD SR E DR,,,1,Property Damage Only Collision,Parked Car,2,0,0,2,2004/01/25 00:00:00+00,1/25/2004 12:00:00 PM,Mid-Block (not related to intersection),16,"MOTOR VEHICLE STRUCK MOTOR VEHICLE, LEFT SIDE SIDESWIPE",Y,0,Clear,Unknown,Unknown,,4025020.0,,32,One parked--one moving,0,0,N
5944,1,-122.30958970000002,47.59587259,7304,22067,22067,1784334,Matched,Block,,S DEARBORN ST BETWEEN HIAWATHA PL S AND 18TH AVE S,,,1,Property Damage Only Collision,Parked Car,2,0,0,2,2004/12/26 00:00:00+00,12/26/2004 7:23:00 PM,Mid-Block (not related to intersection),11,"MOTOR VEHICLE STRUCK MOTOR VEHICLE, FRONT END AT ANGLE",,0,Raining,Wet,Dark - Street Lights Off,,4361002.0,,32,One parked--one moving,0,0,N
5945,1,-122.32807859999998,47.60416123,7305,21886,21886,1321178,Matched,Intersection,29973.0,6TH AVE AND JAMES ST,,,1,Property Damage Only Collision,Left Turn,3,0,0,2,2004/10/03 00:00:00+00,10/3/2004,At Intersection (intersection related),11,"MOTOR VEHICLE STRUCK MOTOR VEHICLE, FRONT END AT ANGLE",,0,Clear,Dry,Dark - Street Lights On,,4277035.0,,28,From opposite direction - one left turn - one straight,0,0,N
5946,2,-122.3146497,47.57188856,7306,21033,21033,1771611,Matched,Block,,S COLUMBIAN WAY BETWEEN 14TH AVE S AND S SPOKANE ST,,,2,Injury Collision,Sideswipe,2,0,0,2,2004/06/03 00:00:00+00,6/3/2004,Mid-Block (but intersection related),11,"MOTOR VEHICLE STRUCK MOTOR VEHICLE, FRONT END AT ANGLE",,0,Clear,Dry,Daylight,,4155033.0,Y,11,From same direction - both going straight - both moving - sideswipe,0,0,N
5947,2,-122.36551200000001,47.55929082,7308,21302,21302,1789289,Matched,Block,,26TH AVE SW BETWEEN SW ALASKA ST AND SW HUDSON ST,,,2,Injury Collision,Other,5,0,0,2,2004/02/16 00:00:00+00,2/16/2004 7:19:00 AM,Driveway Junction,11,"MOTOR VEHICLE STRUCK MOTOR VEHICLE, FRONT END AT ANGLE",,0,Overcast,Wet,Daylight,,4047004.0,,22,One car leaving driveway access,0,0,N
5948,1,-122.32505420000001,47.66498446,7309,20395,20395,1794644,Matched,Intersection,25867.0,LATONA AVE NE AND NE 50TH E ST,,,1,Property Damage Only Collision,Left Turn,3,0,0,2,2004/12/08 00:00:00+00,12/8/2004,At Intersection (intersection related),11,"MOTOR VEHICLE STRUCK MOTOR VEHICLE, FRONT END AT ANGLE",,0,Clear,Dry,Daylight,,4343030.0,,28,From opposite direction - one left turn - one straight,0,0,N
5949,1,-122.2671658,47.54068944,7310,22201,22201,1793007,Matched,Intersection,34627.0,52ND AVE S AND S WILLOW ST,,,1,Property Damage Only Collision,Angles,2,0,0,2,2004/07/06 00:00:00+00,7/6/2004,At Intersection (intersection related),11,"MOTOR VEHICLE STRUCK MOTOR VEHICLE, FRONT END AT ANGLE",,0,Raining,Wet,Daylight,,4188022.0,,10,Entering at angle,0,0,N
5950,2,-122.2888216,47.560753600000005,7311,21651,21651,1787583,Matched,Intersection,32736.0,35TH AVE S AND S ALASKA ST,,,2,Injury Collision,Pedestrian,2,1,0,1,2004/06/15 00:00:00+00,6/15/2004 7:30:00 PM,At Intersection (intersection related),24,MOTOR VEHCILE STRUCK PEDESTRIAN,,0,Clear,Dry,Daylight,Y,4167040.0,,3,Vehicle backing hits pedestrian,0,0,N
5951,1,-122.3196335,47.67347265,7312,21217,21217,1080013,Matched,Block,,NE RAVENNA WB BV BETWEEN RAVENNA BV WB ACCESS RD AND NE 62ND ST,,,1,Property Damage Only Collision,Parked Car,2,0,0,2,2004/08/22 00:00:00+00,8/22/2004 12:30:00 AM,Mid-Block (not related to intersection),16,"MOTOR VEHICLE STRUCK MOTOR VEHICLE, LEFT SIDE SIDESWIPE",,0,Unknown,Unknown,Unknown,,4235004.0,,32,One parked--one moving,0,0,N
5952,1,-122.298833,47.6107886,7313,22440,22440,1788161,Matched,Block,,26TH AVE BETWEEN E MARION ST AND E SPRING ST,,,1,Property Damage Only Collision,Sideswipe,2,0,0,2,2004/03/28 00:00:00+00,3/28/2004 9:21:00 PM,Mid-Block (not related to intersection),12,"MOTOR VEHICLE STRUCK MOTOR VEHICLE, RIGHT SIDE AT ANGLE",,0,Clear,Dry,Dark - Street Lights On,,4088040.0,Y,12,From same direction - both going straight - one stopped - sideswipe,0,0,N
5953,2,-122.31694640000002,47.62110409,7314,20980,20980,1795836,Matched,Intersection,29040.0,12TH AVE E AND E THOMAS ST,,,2,Injury Collision,Angles,3,0,0,2,2004/09/28 00:00:00+00,9/28/2004 6:16:00 PM,At Intersection (intersection related),11,"MOTOR VEHICLE STRUCK MOTOR VEHICLE, FRONT END AT ANGLE",,0,Clear,Dry,Daylight,,4272023.0,,10,Entering at angle,0,0,N
5954,1,-122.3050331,47.60566308,7315,20507,20507,1788498,Matched,Block,,21ST AVE BETWEEN E TERRACE ST AND E JEFFERSON ST,,,1,Property Damage Only Collision,Parked Car,2,0,0,2,2004/05/17 00:00:00+00,5/17/2004 7:30:00 PM,Mid-Block (not related to intersection),13,"MOTOR VEHICLE STRUCK MOTOR VEHICLE, LEFT SIDE AT ANGLE",,0,Clear,Dry,Dark - Street Lights On,,4138001.0,,32,One parked--one moving,0,0,N
5955,1,-122.2875459,47.56175885,7316,22239,22239,1793570,Matched,Block,,RAINIER AVE S BETWEEN S OREGON ST AND S ALASKA ST,,,1,Property Damage Only Collision,Sideswipe,2,0,0,2,2004/10/28 00:00:00+00,10/28/2004 2:05:00 PM,Mid-Block (not related to intersection),16,"MOTOR VEHICLE STRUCK MOTOR VEHICLE, LEFT SIDE SIDESWIPE",,0,Raining,Wet,Daylight,,4302030.0,,11,From same direction - both going straight - both moving - sideswipe,0,0,N
5956,2,-122.2967659,47.60215603,7317,21765,21765,1217233,Matched,Block,,M L KING JR WAY BETWEEN E YESLER WAY AND E FIR ST,,,2,Injury Collision,Rear Ended,3,0,0,2,2004/09/16 00:00:00+00,9/16/2004 2:44:00 PM,Mid-Block (but intersection related),14,"MOTOR VEHICLE STRUCK MOTOR VEHICLE, REAR END",Y,0,Raining,Wet,Daylight,,4260045.0,,14,From same direction - both going straight - one stopped - rear-end,0,0,N
5957,2,-122.30894679999999,47.66125929,7318,21193,21193,1780432,Matched,Block,,NE 45TH ST BETWEEN 17TH NB AVE NE AND 18TH AVE NE,,,2,Injury Collision,Cycles,2,0,1,1,2004/03/14 00:00:00+00,3/14/2004 2:50:00 AM,Driveway Junction,18,"MOTOR VEHICLE STRUCK PEDALCYCLIST, FRONT END AT ANGLE",,0,Clear,Dry,Dark - Street Lights On,Y,4074023.0,,45,Vehicle - Pedalcyclist,0,0,N
5958,1,-122.3567002,47.62601546,7319,21693,21693,1783763,Matched,Block,,QUEEN ANNE AVE N BETWEEN W ROY ST AND VALLEY ST,,,1,Property Damage Only Collision,Other,5,0,0,2,2004/09/25 00:00:00+00,9/25/2004 10:20:00 PM,Mid-Block (not related to intersection),14,"MOTOR VEHICLE STRUCK MOTOR VEHICLE, REAR END",,0,Clear,Dry,Dark - Street Lights On,,4269024.0,,23,From same direction - all others,0,0,N
5959,1,-122.26533059999998,47.5213716,7320,20281,20281,1788250,Matched,Block,,S FISHER PL BETWEEN 53RD AVE S AND SEWARD PARK AVE S,,,1,Property Damage Only Collision,Other,1,0,0,1,2004/02/29 00:00:00+00,2/29/2004 2:29:00 PM,Mid-Block (not related to intersection),28,MOTOR VEHICLE RAN OFF ROAD - HIT FIXED OBJECT,,0,Overcast,Dry,Daylight,,4060009.0,Y,50,Fixed object,0,0,N
5960,1,-122.3167811,47.60436038,7322,21446,21446,1772544,Matched,Intersection,29826.0,12TH AVE AND E ALDER ST,,,1,Property Damage Only Collision,Angles,3,0,0,2,2004/06/14 00:00:00+00,6/14/2004 11:04:00 AM,At Intersection (intersection related),11,"MOTOR VEHICLE STRUCK MOTOR VEHICLE, FRONT END AT ANGLE",,0,Clear,Dry,Daylight,,4166006.0,,10,Entering at angle,0,0,N
5961,2,-122.29652309999999,47.62514989,7323,21025,21025,C649432,Matched,Intersection,29233.0,28TH AVE E AND E ROY ST,,,2,Injury Collision,Angles,2,0,0,2,2004/10/21 00:00:00+00,10/21/2004 12:50:00 PM,At Intersection (intersection related),11,"MOTOR VEHICLE STRUCK MOTOR VEHICLE, FRONT END AT ANGLE",,0,Clear,Dry,Daylight,,4295020.0,,10,Entering at angle,0,0,N
5962,1,-122.27901340000001,47.52611725,7325,20993,20993,1793229,Matched,Intersection,487284.0,M L KING JR ER WAY S AND S CLOVERDALE ST,,,1,Property Damage Only Collision,Left Turn,2,0,0,2,2004/08/27 00:00:00+00,8/27/2004 10:16:00 AM,At Intersection (intersection related),11,"MOTOR VEHICLE STRUCK MOTOR VEHICLE, FRONT END AT ANGLE",,0,Clear,Dry,Daylight,,4240013.0,,28,From opposite direction - one left turn - one straight,0,0,N
5963,1,-122.3406625,47.66138558,7326,20538,20538,C650052,Matched,Intersection,26793.0,INTERLAKE AVE N AND N 45TH ST,,,1,Property Damage Only Collision,Angles,2,0,0,2,2004/11/10 00:00:00+00,11/10/2004 8:45:00 AM,At Intersection (intersection related),11,"MOTOR VEHICLE STRUCK MOTOR VEHICLE, FRONT END AT ANGLE",,0,Clear,Dry,Unknown,,4315032.0,,10,Entering at angle,0,0,N
5964,1,-122.32155829999999,47.62107111,7327,22036,22036,1320057,Matched,Block,,E THOMAS ST BETWEEN HARVARD AVE E AND BROADWAY E,,,1,Property Damage Only Collision,Angles,4,0,0,2,2004/04/07 00:00:00+00,4/7/2004,Mid-Block (not related to intersection),15,"MOTOR VEHICLE STRUCK MOTOR VEHICLE, RIGHT SIDE SIDESWIPE",,0,Overcast,Dry,Daylight,,4098017.0,,10,Entering at angle,0,0,N
5965,1,-122.3350596,47.62461807,7328,21789,21789,C650755,Matched,Block,,MERCER SR ST BETWEEN BOREN AVE N AND FAIRVIEW N AVE N,,,1,Property Damage Only Collision,Sideswipe,2,0,0,2,2004/12/09 00:00:00+00,12/9/2004,Mid-Block (but intersection related),14,"MOTOR VEHICLE STRUCK MOTOR VEHICLE, REAR END",,0,Raining,Wet,Dusk,,4344069.0,,12,From same direction - both going straight - one stopped - sideswipe,0,0,N
5966,1,-122.31191979999998,47.6743719,7330,21116,21116,1781781,Matched,Block,,15TH AVE NE BETWEEN NE 62ND ST AND NE 63RD ST,,,1,Property Damage Only Collision,Other,2,0,0,2,2004/05/17 00:00:00+00,5/17/2004 1:55:00 PM,Mid-Block (not related to intersection),28,MOTOR VEHICLE RAN OFF ROAD - HIT FIXED OBJECT,,0,Clear,Dry,Daylight,,4138006.0,,50,Fixed object,0,0,N
5967,1,-122.33420020000001,47.58085454,7331,20435,20435,1790087,Matched,Block,,1ST AVE S BETWEEN S STACY ST AND S LANDER ST,,,1,Property Damage Only Collision,Parked Car,2,0,0,2,2004/03/15 00:00:00+00,3/15/2004 7:00:00 AM,Mid-Block (not related to intersection),11,"MOTOR VEHICLE STRUCK MOTOR VEHICLE, FRONT END AT ANGLE",,0,Unknown,Unknown,Unknown,,4075002.0,,32,One parked--one moving,0,0,N
5968,2,-122.31341470000001,47.5611326,7332,22087,22087,1793556,Matched,Block,,15TH AVE S BETWEEN S SNOQUALMIE ST AND S ANGELINE ST,,,2,Injury Collision,Head On,2,0,0,2,2004/08/23 00:00:00+00,8/23/2004 8:13:00 AM,Mid-Block (not related to intersection),11,"MOTOR VEHICLE STRUCK MOTOR VEHICLE, FRONT END AT ANGLE",,1,Clear,Dry,Daylight,,4236005.0,Y,24,From opposite direction - both moving - head-on,0,0,N
5969,1,-122.29416210000001,47.57735478,7333,21920,21920,1772887,Matched,Block,,30TH AVE S BETWEEN S MCCLELLAN ST AND S MOUNT BAKER WB N BV,,,1,Property Damage Only Collision,Parked Car,3,0,0,2,2004/05/19 00:00:00+00,5/19/2004 7:52:00 AM,Mid-Block (not related to intersection),14,"MOTOR VEHICLE STRUCK MOTOR VEHICLE, REAR END",,0,Clear,Dry,Daylight,,4140021.0,,32,One parked--one moving,0,0,N
5970,2,-122.3178232,47.60169516,7334,21190,21190,1198329,Matched,Intersection,30411.0,BOREN AVE AND E YESLER WAY,,,2,Injury Collision,Angles,2,0,0,2,2004/11/05 00:00:00+00,11/5/2004,At Intersection (intersection related),11,"MOTOR VEHICLE STRUCK MOTOR VEHICLE, FRONT END AT ANGLE",,1,Clear,Dry,Dark - Street Lights On,,4310025.0,,10,Entering at angle,0,0,N
5971,1,-122.32891310000001,47.61346582,7335,21414,21414,1799044,Matched,Intersection,29878.0,BOREN AVE AND PIKE ST,,,1,Property Damage Only Collision,Angles,2,0,0,2,2004/11/22 00:00:00+00,11/22/2004 3:42:00 PM,At Intersection (intersection related),11,"MOTOR VEHICLE STRUCK MOTOR VEHICLE, FRONT END AT ANGLE",,0,Overcast,Dry,Dusk,,4327038.0,,10,Entering at angle,0,0,N
5972,1,-122.3002615,47.58111836,7336,20275,20275,1779310,Matched,Block,,RAINIER AVE S BETWEEN 25TH AVE S AND S BAYVIEW ST,,,1,Property Damage Only Collision,Other,3,0,0,2,2004/07/28 00:00:00+00,7/28/2004 6:46:00 AM,Mid-Block (not related to intersection),14,"MOTOR VEHICLE STRUCK MOTOR VEHICLE, REAR END",Y,0,Clear,Dry,Dusk,,4210007.0,,22,One car leaving driveway access,0,0,N
5973,1,-122.32798030000001,47.60321632,7337,21514,21514,1212918,Matched,Block,,JEFFERSON ST BETWEEN 5TH AVE AND 6TH AVE,,,1,Property Damage Only Collision,Parked Car,2,0,0,2,2004/01/28 00:00:00+00,1/28/2004 8:05:00 PM,Mid-Block (not related to intersection),14,"MOTOR VEHICLE STRUCK MOTOR VEHICLE, REAR END",,0,Raining,Wet,Dark - Street Lights On,,4028011.0,,32,One parked--one moving,0,0,N
5974,1,-122.2991597,47.57967346,7338,21718,21718,1773302,Matched,Block,,RAINIER AVE S BETWEEN S BAYVIEW ST AND S MCCLELLAN ST,,,1,Property Damage Only Collision,Sideswipe,3,0,0,3,2004/09/08 00:00:00+00,9/8/2004,Mid-Block (but intersection related),11,"MOTOR VEHICLE STRUCK MOTOR VEHICLE, FRONT END AT ANGLE",,0,Clear,Dry,Daylight,,4252043.0,,26,From opposite direction - both going straight - sideswipe,0,0,N
5975,1,-122.26341529999999,47.52084933,7340,22455,22455,1793227,Matched,Block,,SEWARD PARK AVE S BETWEEN S FISHER PL AND RAINIER AVE S,,,1,Property Damage Only Collision,Rear Ended,4,0,0,2,2004/08/25 00:00:00+00,8/25/2004 1:13:00 PM,Mid-Block (but intersection related),14,"MOTOR VEHICLE STRUCK MOTOR VEHICLE, REAR END",Y,0,Raining,Wet,Daylight,,4238029.0,,14,From same direction - both going straight - one stopped - rear-end,0,0,N
5976,2,-122.2728077,47.54247599,7341,21269,21269,1793336,Matched,Intersection,34420.0,RAINIER AVE S AND S HOLLY ST,,,2,Injury Collision,Angles,3,0,0,2,2004/09/27 00:00:00+00,9/27/2004 2:04:00 PM,At Intersection (intersection related),11,"MOTOR VEHICLE STRUCK MOTOR VEHICLE, FRONT END AT ANGLE",,0,Clear,Dry,Daylight,,4271003.0,,10,Entering at angle,0,0,N
5977,1,-122.3417619,47.66429127,7343,22028,22028,1780546,Matched,Intersection,25542.0,GREEN LAKE WAY N AND N 49TH ST,,,1,Property Damage Only Collision,Angles,3,0,0,2,2004/05/19 00:00:00+00,5/19/2004 9:42:00 AM,At Intersection (intersection related),11,"MOTOR VEHICLE STRUCK MOTOR VEHICLE, FRONT END AT ANGLE",,0,Clear,Dry,Daylight,,4140026.0,,10,Entering at angle,0,0,N
5978,1,-122.3528875,47.61597109,7344,21492,21492,1777083,Matched,Block,,WESTERN AVE BETWEEN CLAY ST AND BROAD ST,,,1,Property Damage Only Collision,Parked Car,2,0,0,2,2004/03/22 00:00:00+00,3/22/2004 3:00:00 PM,Mid-Block (not related to intersection),11,"MOTOR VEHICLE STRUCK MOTOR VEHICLE, FRONT END AT ANGLE",,0,Overcast,Dry,Daylight,,4082021.0,,32,One parked--one moving,0,0,N
5979,2,-122.28074860000001,47.55390743,7345,21212,21212,1772980,Matched,Intersection,33471.0,42ND AVE S AND RAINIER AVE S,,,2,Injury Collision,Left Turn,2,0,0,2,2004/06/24 00:00:00+00,6/24/2004 9:14:00 AM,At Intersection (intersection related),14,"MOTOR VEHICLE STRUCK MOTOR VEHICLE, REAR END",,0,Clear,Dry,Daylight,,4176016.0,,15,From same direction - one left turn - one straight,0,0,N
5980,2,-122.3240287,47.60980237,7346,21869,21869,1772426,Matched,Intersection,29921.0,MADISON ST AND MINOR AVE,,,2,Injury Collision,Angles,2,0,0,2,2004/05/10 00:00:00+00,5/10/2004 3:52:00 PM,At Intersection (intersection related),11,"MOTOR VEHICLE STRUCK MOTOR VEHICLE, FRONT END AT ANGLE",,0,Raining,Wet,Daylight,,4131035.0,,10,Entering at angle,0,0,N
5981,1,-122.3057162,47.61966551,7347,21251,21251,1772233,Matched,Block,,E JANSEN CT BETWEEN 20TH AVE E AND DEAD END,,,1,Property Damage Only Collision,Other,1,0,0,1,2004/04/03 00:00:00+00,4/3/2004,Driveway Junction,28,MOTOR VEHICLE RAN OFF ROAD - HIT FIXED OBJECT,,1,Clear,Dry,Daylight,,4094017.0,,50,Fixed object,0,0,N
5982,1,-122.32172779999999,47.67842568,7348,20428,20428,C649676,Matched,Block,,WEEDIN PL NE BETWEEN NE 68TH ST AND NE 69TH ST,,,1,Property Damage Only Collision,Parked Car,2,0,0,2,2004/11/28 00:00:00+00,11/28/2004 3:45:00 PM,Mid-Block (not related to intersection),11,"MOTOR VEHICLE STRUCK MOTOR VEHICLE, FRONT END AT ANGLE",,0,Clear,Dry,Daylight,,4333035.0,,20,One car leaving parked position,0,0,N
5983,2,-122.31416189999999,47.60168876,7349,22075,22075,1772157,Matched,Intersection,30408.0,14TH AVE AND E YESLER WAY,,,2,Injury Collision,Angles,3,0,0,2,2004/05/22 00:00:00+00,5/22/2004 7:50:00 AM,At Intersection (intersection related),11,"MOTOR VEHICLE STRUCK MOTOR VEHICLE, FRONT END AT ANGLE",,0,Overcast,Dry,Daylight,,4143038.0,,10,Entering at angle,0,0,N