,SEVERITYCODE,X,Y,OBJECTID,INCKEY,COLDETKEY,REPORTNO,STATUS,ADDRTYPE,INTKEY,LOCATION,EXCEPTRSNCODE,EXCEPTRSNDESC,SEVERITYCODE.1,SEVERITYDESC,COLLISIONTYPE,PERSONCOUNT,PEDCOUNT,PEDCYLCOUNT,VEHCOUNT,INCDATE,INCDTTM,JUNCTIONTYPE,SDOT_COLCODE,SDOT_COLDESC,INATTENTIONIND,UNDERINFL,WEATHER,ROADCOND,LIGHTCOND,PEDROWNOTGRNT,SDOTCOLNUM,SPEEDING,ST_COLCODE,ST_COLDESC,SEGLANEKEY,CROSSWALKKEY,HITPARKEDCAR
5984,2,-122.2627774,47.52011701,7350,21747,21747,1771521,Matched,Intersection,35451.0,RAINIER AVE S AND SEWARD PARK AVE S,,,2,Injury Collision,Angles,2,0,0,2,2004/08/11 00:00:00+00,8/11/2004 11:14:00 AM,At Intersection (intersection related),11,"MOTOR VEHICLE STRUCK MOTOR VEHICLE, FRONT END AT ANGLE",,0,Clear,Dry,Daylight,,4224015.0,,10,Entering at angle,0,0,N
5985,1,-122.302329,47.65499523,7352,21677,21677,C645439,Matched,Block,,MONTLAKE BLVD NE BETWEEN NE PACIFIC PL AND 25TH AVE NE,,,1,Property Damage Only Collision,Rear Ended,2,0,0,2,2004/05/27 00:00:00+00,5/27/2004 2:00:00 PM,Mid-Block (not related to intersection),14,"MOTOR VEHICLE STRUCK MOTOR VEHICLE, REAR END",,0,Raining,Wet,Daylight,,4148062.0,,14,From same direction - both going straight - one stopped - rear-end,0,0,N
5986,2,-122.30183259999998,47.61966817,7353,21152,21152,1772540,Matched,Block,,E MADISON ST BETWEEN 23RD AVE E AND 24TH AVE E,,,2,Injury Collision,Rear Ended,2,0,0,2,2004/06/12 00:00:00+00,6/12/2004 8:55:00 PM,Mid-Block (but intersection related),14,"MOTOR VEHICLE STRUCK MOTOR VEHICLE, REAR END",Y,0,Raining,Wet,Dark - Street Lights On,,4164025.0,,14,From same direction - both going straight - one stopped - rear-end,0,0,N
5987,1,-122.3696989,47.627573600000005,7354,20551,20551,1777495,Matched,Block,,ELLIOTT AVE W BETWEEN W MERCER PL AND W PROSPECT ST,,,1,Property Damage Only Collision,Sideswipe,3,0,0,2,2004/06/07 00:00:00+00,6/7/2004,Mid-Block (but intersection related),14,"MOTOR VEHICLE STRUCK MOTOR VEHICLE, REAR END",,0,Clear,Dry,Daylight,,4159029.0,,12,From same direction - both going straight - one stopped - sideswipe,0,0,N
5988,1,-122.3443437,47.57156002,7358,21359,21359,1781380,Matched,Block,,S SPOKANE ST BETWEEN SW SPOKANE ST AND S SPOKANE NR ST,,,1,Property Damage Only Collision,Sideswipe,4,0,0,2,2004/06/15 00:00:00+00,6/15/2004 10:02:00 AM,Mid-Block (not related to intersection),11,"MOTOR VEHICLE STRUCK MOTOR VEHICLE, FRONT END AT ANGLE",,0,Clear,Dry,Daylight,,4167034.0,,11,From same direction - both going straight - both moving - sideswipe,0,0,N
5989,1,-122.2974318,47.59864753,7359,20518,20518,1788516,Matched,Block,,M L KING JR WAY S BETWEEN S JACKSON ST AND S KING ST,,,1,Property Damage Only Collision,Rear Ended,2,0,0,2,2004/02/24 00:00:00+00,2/24/2004 7:46:00 AM,Mid-Block (but intersection related),14,"MOTOR VEHICLE STRUCK MOTOR VEHICLE, REAR END",,0,Raining,Wet,Daylight,,4055030.0,,14,From same direction - both going straight - one stopped - rear-end,0,0,N
5990,1,-122.3910372,47.51914719,7361,21206,21206,1481382,Matched,Block,,45TH AVE SW BETWEEN SW BRACE POINT DR AND KILBOURNE CT SW,,,1,Property Damage Only Collision,Parked Car,2,0,0,2,2004/09/17 00:00:00+00,9/17/2004 3:00:00 AM,Mid-Block (not related to intersection),14,"MOTOR VEHICLE STRUCK MOTOR VEHICLE, REAR END",,0,Raining,Wet,Dark - Street Lights On,,4261044.0,,32,One parked--one moving,0,0,N
5991,1,-122.3596588,47.63413575,7362,21560,21560,1777171,Matched,Block,,2ND AVE W BETWEEN W GARFIELD ST AND W BLAINE ST,,,1,Property Damage Only Collision,Parked Car,3,0,0,3,2004/08/16 00:00:00+00,8/16/2004 6:34:00 PM,Mid-Block (not related to intersection),11,"MOTOR VEHICLE STRUCK MOTOR VEHICLE, FRONT END AT ANGLE",,0,Clear,Dry,Daylight,,4229003.0,,32,One parked--one moving,0,0,N
5992,1,-122.37499299999999,47.63672132,7363,21245,21245,1212974,Matched,Intersection,27942.0,14TH AVE W AND W NEWTON ST,,,1,Property Damage Only Collision,Angles,4,0,0,2,2004/08/17 00:00:00+00,8/17/2004 6:15:00 AM,At Intersection (intersection related),11,"MOTOR VEHICLE STRUCK MOTOR VEHICLE, FRONT END AT ANGLE",,0,Clear,Dry,Daylight,,4230039.0,,10,Entering at angle,0,0,N
5993,1,-122.37678970000002,47.68596821,7365,22220,22220,C645574,Matched,Block,,15TH AVE NW BETWEEN NW 77TH ST AND NW 80TH ST,,,1,Property Damage Only Collision,Rear Ended,2,0,0,2,2004/06/12 00:00:00+00,6/12/2004 11:45:00 AM,Mid-Block (not related to intersection),14,"MOTOR VEHICLE STRUCK MOTOR VEHICLE, REAR END",,0,Clear,Dry,Daylight,,4164048.0,,13,From same direction - both going straight - both moving - rear-end,0,0,N
5994,1,-122.34854170000001,47.65720221,7366,21745,21745,1212336,Matched,Block,,LINDEN AVE N BETWEEN N 41ST ST AND N 42ND ST,,,1,Property Damage Only Collision,Parked Car,2,0,0,2,2004/02/25 00:00:00+00,2/25/2004 9:06:00 AM,Mid-Block (not related to intersection),16,"MOTOR VEHICLE STRUCK MOTOR VEHICLE, LEFT SIDE SIDESWIPE",,0,Clear,Dry,Unknown,,4056029.0,,32,One parked--one moving,0,0,N
5995,1,-122.2807918,47.53185222,7367,21030,21030,1771409,Matched,Block,,M L KING JR WR WAY S BETWEEN S BOZEMAN ST AND S KENYON ST,,,1,Property Damage Only Collision,Right Turn,2,0,0,2,2004/03/08 00:00:00+00,3/8/2004,Mid-Block (but intersection related),16,"MOTOR VEHICLE STRUCK MOTOR VEHICLE, LEFT SIDE SIDESWIPE",,0,Clear,Dry,Daylight,,4068003.0,,16,From same direction - one right turn - one straight,0,0,N
5996,1,-122.3353731,47.61213646,7368,21938,21938,1326714,Matched,Intersection,29568.0,6TH AVE AND PINE ST,,,1,Property Damage Only Collision,Sideswipe,2,0,0,2,2004/01/24 00:00:00+00,1/24/2004 9:43:00 PM,At Intersection (intersection related),16,"MOTOR VEHICLE STRUCK MOTOR VEHICLE, LEFT SIDE SIDESWIPE",,0,Overcast,Dry,Dark - Street Lights On,,4024017.0,,11,From same direction - both going straight - both moving - sideswipe,0,0,N
5997,1,-122.3381781,47.55246186,7369,21149,21149,1197792,Matched,Block,,OHIO AVE S BETWEEN S BRANDON ST AND DEAD END,,,1,Property Damage Only Collision,Other,1,0,0,1,2004/12/07 00:00:00+00,12/7/2004,Mid-Block (but intersection related),28,MOTOR VEHICLE RAN OFF ROAD - HIT FIXED OBJECT,,0,Raining,Wet,Dusk,,4342012.0,,50,Fixed object,0,0,N
5998,2,-122.3735787,47.67308659,7370,20546,20546,1079758,Matched,Intersection,25392.0,14TH AVE NW AND NW 61ST ST,,,2,Injury Collision,Left Turn,2,0,0,2,2004/07/28 00:00:00+00,7/28/2004 4:23:00 PM,At Intersection (intersection related),11,"MOTOR VEHICLE STRUCK MOTOR VEHICLE, FRONT END AT ANGLE",,0,Clear,Dry,Daylight,,4210021.0,,28,From opposite direction - one left turn - one straight,0,0,N
5999,1,-122.32192040000001,47.70858579,7371,22473,22473,1778512,Matched,Block,,NE NORTHGATE WAY BETWEEN 5TH AVE NE AND 8TH AVE NE,,,1,Property Damage Only Collision,Rear Ended,4,0,0,2,2004/11/23 00:00:00+00,11/23/2004 9:40:00 PM,Mid-Block (but intersection related),14,"MOTOR VEHICLE STRUCK MOTOR VEHICLE, REAR END",Y,0,Raining,Wet,Dark - Street Lights On,,4328015.0,,14,From same direction - both going straight - one stopped - rear-end,0,0,N
6000,1,-122.3257146,47.59751407,7372,21930,21930,C649620,Matched,Block,,S WELLER ST BETWEEN 6TH AVE S AND MAYNARD AVE S,,,1,Property Damage Only Collision,Parked Car,2,0,0,2,2004/11/18 00:00:00+00,11/18/2004 11:00:00 AM,Mid-Block (not related to intersection),11,"MOTOR VEHICLE STRUCK MOTOR VEHICLE, FRONT END AT ANGLE",,0,Overcast,Dry,Daylight,,4323037.0,,32,One parked--one moving,0,0,N
6001,2,-122.3788847,47.66766041,7374,20968,20968,1773649,Matched,Block,,17TH AVE NW BETWEEN BARNES AVE NW AND NW 54TH ST,,,2,Injury Collision,Other,2,0,0,2,2004/06/24 00:00:00+00,6/24/2004 2:00:00 PM,Driveway Junction,11,"MOTOR VEHICLE STRUCK MOTOR VEHICLE, FRONT END AT ANGLE",,0,Overcast,Dry,Daylight,,4176001.0,,22,One car leaving driveway access,0,0,N
6002,1,-122.2821206,47.55268559,7375,20510,20510,1793004,Matched,Block,,S LUCILE ST BETWEEN 39TH AVE S AND 42ND AVE S,,,1,Property Damage Only Collision,Parked Car,2,0,0,2,2004/07/06 00:00:00+00,7/6/2004,Mid-Block (not related to intersection),12,"MOTOR VEHICLE STRUCK MOTOR VEHICLE, RIGHT SIDE AT ANGLE",,0,Overcast,Dry,Daylight,,4188006.0,,32,One parked--one moving,0,0,N
6003,1,-122.3762145,47.66866691,7376,22517,22517,1773845,Matched,Intersection,25416.0,15TH AVE NW AND NW MARKET ST,,,1,Property Damage Only Collision,Sideswipe,4,0,0,2,2004/06/12 00:00:00+00,6/12/2004 11:52:00 AM,At Intersection (intersection related),11,"MOTOR VEHICLE STRUCK MOTOR VEHICLE, FRONT END AT ANGLE",,0,Clear,Dry,Daylight,,4164039.0,,11,From same direction - both going straight - both moving - sideswipe,0,0,N
6004,1,-122.27359799999999,47.52974281,7378,21334,21334,1477135,Matched,Block,,47TH AVE S BETWEEN DEAD END 2 AND S ROSE ST,,,1,Property Damage Only Collision,Other,1,0,0,1,2004/03/19 00:00:00+00,3/19/2004 11:40:00 AM,Mid-Block (not related to intersection),28,MOTOR VEHICLE RAN OFF ROAD - HIT FIXED OBJECT,Y,0,Clear,Dry,Daylight,,4079016.0,,50,Fixed object,0,0,N
6005,1,-122.3620456,47.6664369,7379,21549,21549,1220176,Matched,Block,,NW 52ND ST BETWEEN 3RD S AVE NW AND 6TH AVE NW,,,1,Property Damage Only Collision,Parked Car,2,0,0,2,2004/08/11 00:00:00+00,8/11/2004 7:30:00 AM,Mid-Block (not related to intersection),11,"MOTOR VEHICLE STRUCK MOTOR VEHICLE, FRONT END AT ANGLE",,0,Clear,Dry,Daylight,,4224004.0,,32,One parked--one moving,0,0,N
6006,1,-122.3334038,47.62675111,7381,22392,22392,1772058,Matched,Block,,FAIRVIEW AVE N BETWEEN FAIRVIEW PL N AND ALOHA ST,,,1,Property Damage Only Collision,Other,2,0,0,2,2004/03/24 00:00:00+00,3/24/2004 5:36:00 PM,Driveway Junction,11,"MOTOR VEHICLE STRUCK MOTOR VEHICLE, FRONT END AT ANGLE",,0,Overcast,Wet,Daylight,,4084010.0,Y,22,One car leaving driveway access,0,0,N
6007,1,-122.3134305,47.55904955,7383,21389,21389,1771928,Matched,Intersection,33309.0,15TH AVE S AND S FERDINAND ST,,,1,Property Damage Only Collision,Left Turn,2,0,0,2,2004/04/07 00:00:00+00,4/7/2004,At Intersection (intersection related),11,"MOTOR VEHICLE STRUCK MOTOR VEHICLE, FRONT END AT ANGLE",,0,Clear,Dry,Dark - Street Lights On,,4098015.0,,15,From same direction - one left turn - one straight,0,0,N
6008,2,-122.30894199999999,47.60616997,7384,21849,21849,1772381,Matched,Intersection,30192.0,18TH AVE AND E JEFFERSON ST,,,2,Injury Collision,Angles,2,0,0,2,2004/05/02 00:00:00+00,5/2/2004,At Intersection (intersection related),11,"MOTOR VEHICLE STRUCK MOTOR VEHICLE, FRONT END AT ANGLE",,0,Clear,Dry,Daylight,,4123018.0,,10,Entering at angle,0,0,N
6009,1,-122.28060020000001,47.72499782,7385,20953,20953,1780490,Matched,Block,,RIVIERA PL NE BETWEEN DEAD END 1 AND 42ND PL NE,,,1,Property Damage Only Collision,Other,1,0,0,1,2004/06/02 00:00:00+00,6/2/2004,Mid-Block (not related to intersection),28,MOTOR VEHICLE RAN OFF ROAD - HIT FIXED OBJECT,,0,Clear,Dry,Daylight,,4154002.0,,50,Fixed object,0,0,N
6010,2,-122.3143828,47.65758704,7386,20416,20416,1774490,Matched,Block,,BROOKLYN AVE NE BETWEEN NE 41ST ST AND NE 42ND ST,,,2,Injury Collision,Cycles,2,0,1,1,2004/04/06 00:00:00+00,4/6/2004,Mid-Block (not related to intersection),18,"MOTOR VEHICLE STRUCK PEDALCYCLIST, FRONT END AT ANGLE",,0,Clear,Dry,Daylight,Y,4097003.0,,45,Vehicle - Pedalcyclist,0,0,N
6011,1,-122.32897700000001,47.66081961,7387,22065,22065,1796985,Matched,Block,,EASTERN AVE N BETWEEN N 44TH ST AND N 45TH ST,,,1,Property Damage Only Collision,Rear Ended,2,0,0,2,2004/12/04 00:00:00+00,12/4/2004,Mid-Block (not related to intersection),14,"MOTOR VEHICLE STRUCK MOTOR VEHICLE, REAR END",,0,Raining,Wet,Dark - Street Lights On,,4339053.0,,14,From same direction - both going straight - one stopped - rear-end,0,0,N
6012,1,-122.31324550000001,47.53302352,7388,21884,21884,1317271,Matched,Block,,16TH AVE S BETWEEN EAST MARGINAL WAY S AND BOEING DR,,,1,Property Damage Only Collision,Rear Ended,4,0,0,2,2004/09/28 00:00:00+00,9/28/2004 7:49:00 PM,Mid-Block (but intersection related),14,"MOTOR VEHICLE STRUCK MOTOR VEHICLE, REAR END",Y,0,Clear,Dry,Dark - Street Lights On,,4272014.0,,74,Same direction -- both turning right -- one stopped -- rear end,0,0,N
6013,1,-122.34805190000002,47.70506141,7389,21036,21036,1778962,Matched,Block,,N 105TH ST BETWEEN NORTH PARK AVE N AND LINDEN AVE N,,,1,Property Damage Only Collision,Rear Ended,3,0,0,2,2004/01/06 00:00:00+00,1/6/2004,Mid-Block (not related to intersection),14,"MOTOR VEHICLE STRUCK MOTOR VEHICLE, REAR END",,0,Snowing,Snow/Slush,Daylight,,4006010.0,Y,14,From same direction - both going straight - one stopped - rear-end,0,0,N
6014,2,-122.32929209999999,47.61844935,7390,21942,21942,1783438,Matched,Block,,DENNY WAY BETWEEN STEWART ST AND MELROSE AVE,,,2,Injury Collision,Sideswipe,4,0,0,3,2004/10/08 00:00:00+00,10/8/2004,Mid-Block (but intersection related),15,"MOTOR VEHICLE STRUCK MOTOR VEHICLE, RIGHT SIDE SIDESWIPE",,0,Raining,Wet,Daylight,,4282010.0,,12,From same direction - both going straight - one stopped - sideswipe,0,0,N
6015,1,-122.312752,47.61763197,7391,20863,20863,1316881,Matched,Intersection,30119.0,15TH AVE AND E HOWELL ST,,,1,Property Damage Only Collision,Angles,2,0,0,2,2004/06/17 00:00:00+00,6/17/2004 8:42:00 AM,At Intersection (intersection related),11,"MOTOR VEHICLE STRUCK MOTOR VEHICLE, FRONT END AT ANGLE",,0,Clear,Dry,Daylight,,4169033.0,,10,Entering at angle,0,0,N
6016,2,-122.31192970000001,47.67578344,7392,20401,20401,1220401,Matched,Intersection,24506.0,15TH AVE NE AND NE 65TH ST,,,2,Injury Collision,Left Turn,2,0,0,2,2004/08/05 00:00:00+00,8/5/2004,At Intersection (intersection related),11,"MOTOR VEHICLE STRUCK MOTOR VEHICLE, FRONT END AT ANGLE",,0,Clear,Dry,Daylight,,4218026.0,,28,From opposite direction - one left turn - one straight,0,0,N
6017,1,-122.33401040000001,47.61064592,7393,22334,22334,1482359,Matched,Block,,6TH AVE BETWEEN UNION ST AND PIKE ST,,,1,Property Damage Only Collision,Parked Car,2,0,0,2,2004/03/12 00:00:00+00,3/12/2004 9:47:00 PM,Mid-Block (not related to intersection),11,"MOTOR VEHICLE STRUCK MOTOR VEHICLE, FRONT END AT ANGLE",,0,Clear,Dry,Dark - Street Lights On,,4072019.0,,32,One parked--one moving,0,0,N
6018,1,-122.31186640000001,47.59584089,7394,21650,21650,1787265,Matched,Block,,S DEARBORN ST BETWEEN DEARBORN PL S AND RAINIER AVE S,,,1,Property Damage Only Collision,Sideswipe,2,0,0,2,2004/01/12 00:00:00+00,1/12/2004 11:25:00 AM,Mid-Block (not related to intersection),11,"MOTOR VEHICLE STRUCK MOTOR VEHICLE, FRONT END AT ANGLE",,0,Raining,Wet,Daylight,,4012027.0,,11,From same direction - both going straight - both moving - sideswipe,0,0,N
6019,1,-122.2742423,47.52330979,7397,21360,21360,1779654,Matched,Intersection,35275.0,46TH AVE S AND S HENDERSON ST,,,1,Property Damage Only Collision,Angles,3,0,0,2,2004/02/04 00:00:00+00,2/4/2004,At Intersection (intersection related),11,"MOTOR VEHICLE STRUCK MOTOR VEHICLE, FRONT END AT ANGLE",,0,Overcast,Dry,Daylight,,4035032.0,,10,Entering at angle,0,0,N
6020,1,-122.3133572,47.68668897,7398,20649,20649,1779734,Matched,Intersection,24398.0,LAKE CITY WAY NE AND NE 80TH ST,,,1,Property Damage Only Collision,Left Turn,2,0,0,2,2004/05/15 00:00:00+00,5/15/2004 6:33:00 PM,At Intersection (intersection related),11,"MOTOR VEHICLE STRUCK MOTOR VEHICLE, FRONT END AT ANGLE",,0,Overcast,Dry,Daylight,,4136006.0,,28,From opposite direction - one left turn - one straight,0,0,N
6021,1,-122.2701966,47.50264744,7399,22244,22244,1784253,Matched,Intersection,38160.0,51ST AVE S AND S LEO W ST,,,1,Property Damage Only Collision,Angles,2,0,0,2,2004/10/09 00:00:00+00,10/9/2004,At Intersection (intersection related),11,"MOTOR VEHICLE STRUCK MOTOR VEHICLE, FRONT END AT ANGLE",Y,0,Raining,Wet,Daylight,,4283019.0,,10,Entering at angle,0,0,N
6022,1,-122.2853874,47.53702877,7400,21625,21625,1793476,Matched,Block,,S OTHELLO ST BETWEEN S MYRTLE PL AND 38TH AVE S,,,1,Property Damage Only Collision,Rear Ended,5,0,0,3,2004/08/05 00:00:00+00,8/5/2004,Mid-Block (but intersection related),14,"MOTOR VEHICLE STRUCK MOTOR VEHICLE, REAR END",,0,Overcast,Wet,Daylight,,4218018.0,,14,From same direction - both going straight - one stopped - rear-end,0,0,N
6023,2,-122.37621090000002,47.67418145,7401,20904,20904,1794065,Matched,Block,,15TH AVE NW BETWEEN NW 62ND ST AND NW 63RD ST,,,2,Injury Collision,Rear Ended,3,0,0,2,2004/07/14 00:00:00+00,7/14/2004 6:20:00 PM,Mid-Block (not related to intersection),14,"MOTOR VEHICLE STRUCK MOTOR VEHICLE, REAR END",,0,Clear,Dry,Daylight,,4196021.0,,14,From same direction - both going straight - one stopped - rear-end,0,0,N
6024,1,-122.26357620000002,47.677542700000004,7402,21552,21552,C628467,Matched,Block,,SAND POINT WAY NE BETWEEN NE 65TH ST AND NE 70TH ST,,,1,Property Damage Only Collision,Rear Ended,2,0,0,2,2004/02/06 00:00:00+00,2/6/2004,Mid-Block (but intersection related),14,"MOTOR VEHICLE STRUCK MOTOR VEHICLE, REAR END",,0,Raining,Wet,Daylight,,4037044.0,,14,From same direction - both going straight - one stopped - rear-end,0,0,N
6025,2,-122.3156821,47.59919952,7404,21733,21733,1788178,Matched,Block,,S JACKSON ST BETWEEN 12TH AVE S AND 14TH AVE S,,,2,Injury Collision,Other,2,0,0,2,2004/08/20 00:00:00+00,8/20/2004 9:15:00 AM,Driveway Junction,11,"MOTOR VEHICLE STRUCK MOTOR VEHICLE, FRONT END AT ANGLE",Y,0,Clear,Dry,Daylight,,4233019.0,,22,One car leaving driveway access,0,0,N
6026,1,-122.3624706,47.66048169,7406,21664,21664,1793877,Matched,Block,,NW 44TH ST BETWEEN 4TH AVE NW AND 5TH E AVE NW,,,1,Property Damage Only Collision,Parked Car,3,0,0,3,2004/09/02 00:00:00+00,9/2/2004,Mid-Block (not related to intersection),16,"MOTOR VEHICLE STRUCK MOTOR VEHICLE, LEFT SIDE SIDESWIPE",,0,Clear,Dry,Dark - Street Lights On,,4246012.0,,32,One parked--one moving,0,0,N
6027,1,-122.33782930000001,47.55497594,7407,21285,21285,1790701,Matched,Block,,EAST MARGINAL WAY S BETWEEN S DAWSON ST AND S BRANDON ST,,,1,Property Damage Only Collision,Rear Ended,2,0,0,2,2004/05/29 00:00:00+00,5/29/2004 9:29:00 AM,Mid-Block (but intersection related),14,"MOTOR VEHICLE STRUCK MOTOR VEHICLE, REAR END",Y,0,Clear,Dry,Daylight,,4150007.0,,14,From same direction - both going straight - one stopped - rear-end,0,0,N
6028,2,-122.3109358,47.68838022,7408,20392,20392,1780170,Matched,Block,,LAKE CITY WAY NE BETWEEN 16TH AVE NE AND NE 82ND ST,,,2,Injury Collision,Cycles,2,0,1,1,2004/11/04 00:00:00+00,11/4/2004,Mid-Block (not related to intersection),21,"MOTOR VEHICLE STRUCK PEDALCYCLIST, REAR END",,0,Clear,Dry,Daylight,,4309002.0,,45,Vehicle - Pedalcyclist,0,0,N
6029,1,-122.35545970000001,47.7059898,7409,22469,22469,C649698,Matched,Block,,GREENWOOD AVE N BETWEEN HOLMAN RD N AND N 107TH ST,,,1,Property Damage Only Collision,Parked Car,2,0,0,2,2004/12/01 00:00:00+00,12/1/2004,Mid-Block (not related to intersection),11,"MOTOR VEHICLE STRUCK MOTOR VEHICLE, FRONT END AT ANGLE",,0,Raining,Wet,Dark - Street Lights On,,4336039.0,,20,One car leaving parked position,0,0,N
6030,2,-122.30750479999999,47.61289827,7410,21504,21504,1198444,Matched,Intersection,30145.0,19TH AVE AND E UNION ST,,,2,Injury Collision,Angles,5,0,0,2,2004/12/01 00:00:00+00,12/1/2004,At Intersection (intersection related),11,"MOTOR VEHICLE STRUCK MOTOR VEHICLE, FRONT END AT ANGLE",,0,Clear,Dry,Daylight,,4336018.0,,10,Entering at angle,0,0,N
6031,2,-122.35283940000001,47.61859204,7411,21350,21350,1785052,Matched,Intersection,29660.0,2ND AVE AND DENNY WAY,,,2,Injury Collision,Angles,2,0,0,2,2004/09/30 00:00:00+00,9/30/2004 1:00:00 PM,At Intersection (intersection related),11,"MOTOR VEHICLE STRUCK MOTOR VEHICLE, FRONT END AT ANGLE",,0,Clear,Dry,Daylight,,4274014.0,,10,Entering at angle,0,0,N
6032,2,-122.3124318,47.71035731,7412,21410,21410,1782036,Matched,Intersection,36494.0,15TH AVE NE AND NE 113TH ST,,,2,Injury Collision,Angles,3,0,0,3,2004/04/20 00:00:00+00,4/20/2004 10:24:00 PM,At Intersection (intersection related),11,"MOTOR VEHICLE STRUCK MOTOR VEHICLE, FRONT END AT ANGLE",,0,Raining,Wet,Dark - Street Lights On,,4111005.0,,10,Entering at angle,0,0,N
6033,2,-122.33863459999999,47.62579577,7413,20440,20440,1783792,Matched,Intersection,28744.0,WESTLAKE AVE N AND VALLEY ST,,,2,Injury Collision,Angles,3,0,0,2,2004/08/19 00:00:00+00,8/19/2004 12:23:00 AM,At Intersection (intersection related),11,"MOTOR VEHICLE STRUCK MOTOR VEHICLE, FRONT END AT ANGLE",,0,Clear,Dry,Dark - Street Lights On,,4232001.0,,10,Entering at angle,0,0,N
6034,1,,,7416,21052,21052,1777943,Matched,Alley,,,,,1,Property Damage Only Collision,Other,1,0,0,1,2004/02/09 00:00:00+00,2/9/2004,Mid-Block (not related to intersection),0,NOT ENOUGH INFORMATION / NOT APPLICABLE,,0,Clear,Dry,Dark - Street Lights On,,4040021.0,,50,Fixed object,0,0,N
6035,1,-122.3342549,47.61851729,7417,21688,21688,1783430,Matched,Intersection,29504.0,DENNY WAY AND FAIRVIEW AVE,,,1,Property Damage Only Collision,Angles,2,0,0,2,2004/08/15 00:00:00+00,8/15/2004 8:30:00 AM,At Intersection (intersection related),11,"MOTOR VEHICLE STRUCK MOTOR VEHICLE, FRONT END AT ANGLE",,0,Clear,Dry,Daylight,,4228021.0,,10,Entering at angle,0,0,N
6036,1,-122.2923788,47.72558660000001,7418,20695,20695,1782158,Matched,Block,,LAKE CITY WAY NE BETWEEN NE 133RD ST AND NE 135TH ST,,,1,Property Damage Only Collision,Rear Ended,2,0,0,2,2004/08/10 00:00:00+00,8/10/2004 11:12:00 PM,Mid-Block (not related to intersection),16,"MOTOR VEHICLE STRUCK MOTOR VEHICLE, LEFT SIDE SIDESWIPE",,0,Clear,Dry,Dark - Street Lights On,,4223016.0,,13,From same direction - both going straight - both moving - rear-end,0,0,N
6037,1,-122.3599739,47.53786808,7419,21902,21902,1481321,Matched,Block,,SW ORCHARD ST BETWEEN DUMAR WAY SW AND DELRIDGE WAY SW,,,1,Property Damage Only Collision,Rear Ended,2,0,0,2,2004/04/05 00:00:00+00,4/5/2004,Mid-Block (but intersection related),14,"MOTOR VEHICLE STRUCK MOTOR VEHICLE, REAR END",,0,Clear,Dry,Daylight,,4096028.0,,13,From same direction - both going straight - both moving - rear-end,0,0,N
6038,1,-122.2868574,47.56347332,7420,21433,21433,1216870,Matched,Block,,36TH AVE S BETWEEN S GENESEE ST AND S OREGON ST,,,1,Property Damage Only Collision,Parked Car,2,0,0,2,2004/07/20 00:00:00+00,7/20/2004 8:30:00 PM,Mid-Block (not related to intersection),16,"MOTOR VEHICLE STRUCK MOTOR VEHICLE, LEFT SIDE SIDESWIPE",,0,Clear,Dry,Daylight,,4202026.0,,32,One parked--one moving,0,0,N
6039,2,-122.3023389,47.54535857,7421,21403,21403,1787647,Matched,Intersection,34291.0,24TH AVE S AND S EDDY ST,,,2,Injury Collision,Angles,4,0,0,3,2004/05/18 00:00:00+00,5/18/2004 4:43:00 PM,At Intersection (intersection related),11,"MOTOR VEHICLE STRUCK MOTOR VEHICLE, FRONT END AT ANGLE",,0,Clear,Dry,Daylight,,4139039.0,,10,Entering at angle,0,0,N
6040,1,-122.345698,47.73412856,7422,22025,22025,1728533,Matched,Block,,N 145TH ST BETWEEN WHITMAN AVE N AND AURORA AVE N,,,1,Property Damage Only Collision,Other,2,0,0,2,2004/01/14 00:00:00+00,1/14/2004 4:50:00 PM,Driveway Junction,11,"MOTOR VEHICLE STRUCK MOTOR VEHICLE, FRONT END AT ANGLE",,0,Raining,Wet,Daylight,,4014002.0,,22,One car leaving driveway access,0,0,N
6041,1,-122.342395,47.65628393,7423,20845,20845,1220280,Matched,Block,,STONE WAY N BETWEEN N LUCAS PL AND N 41ST S ST,,,1,Property Damage Only Collision,Parked Car,2,0,0,2,2004/09/08 00:00:00+00,9/8/2004,Mid-Block (not related to intersection),34,DRIVERLESS VEHICLE STRUCK MOTOR VEHICLE REAR END,,0,Clear,Dry,Daylight,,4252027.0,,32,One parked--one moving,0,0,N
6042,2,-122.2636189,47.67936563,7424,20773,20773,1219817,Matched,Intersection,25006.0,SAND POINT WAY NE AND NE 70TH ST,,,2,Injury Collision,Pedestrian,2,1,0,1,2004/11/09 00:00:00+00,11/9/2004,At Intersection (intersection related),24,MOTOR VEHCILE STRUCK PEDESTRIAN,,0,Clear,Dry,Dark - Street Lights On,Y,4314010.0,,2,Vehicle turning left hits pedestrian,0,0,N
6043,1,-122.336703,47.58928646,7425,22180,22180,1783287,Matched,Block,,COLORADO AVE S BETWEEN S ATLANTIC ST AND S MASSACHUSETTS ST,,,1,Property Damage Only Collision,Parked Car,2,0,0,2,2004/08/15 00:00:00+00,8/15/2004 4:41:00 PM,Mid-Block (not related to intersection),11,"MOTOR VEHICLE STRUCK MOTOR VEHICLE, FRONT END AT ANGLE",,0,Clear,Dry,Daylight,,4228028.0,,32,One parked--one moving,0,0,N
6044,1,-122.2859916,47.551224600000005,7426,21775,21775,1779337,Matched,Block,,S ORCAS ST BETWEEN 37TH AVE S AND JUNEAU TER S,,,1,Property Damage Only Collision,Rear Ended,9,0,0,2,2004/05/27 00:00:00+00,5/27/2004 4:22:00 PM,Mid-Block (but intersection related),14,"MOTOR VEHICLE STRUCK MOTOR VEHICLE, REAR END",,0,Raining,Wet,Daylight,,4148036.0,,13,From same direction - both going straight - both moving - rear-end,0,0,N