,SEVERITYCODE,X,Y,OBJECTID,INCKEY,COLDETKEY,REPORTNO,STATUS,ADDRTYPE,INTKEY,LOCATION,EXCEPTRSNCODE,EXCEPTRSNDESC,SEVERITYCODE.1,SEVERITYDESC,COLLISIONTYPE,PERSONCOUNT,PEDCOUNT,PEDCYLCOUNT,VEHCOUNT,INCDATE,INCDTTM,JUNCTIONTYPE,SDOT_COLCODE,SDOT_COLDESC,INATTENTIONIND,UNDERINFL,WEATHER,ROADCOND,LIGHTCOND,PEDROWNOTGRNT,SDOTCOLNUM,SPEEDING,ST_COLCODE,ST_COLDESC,SEGLANEKEY,CROSSWALKKEY,HITPARKEDCAR
6106,1,-122.313088,47.66399626,7512,20890,20890,1080020,Matched,Block,,UNIVERSITY WAY NE BETWEEN NE 47TH ST AND NE 50TH ST,,,1,Property Damage Only Collision,Parked Car,2,0,0,2,2004/09/05 00:00:00+00,9/5/2004,Mid-Block (not related to intersection),16,"MOTOR VEHICLE STRUCK MOTOR VEHICLE, LEFT SIDE SIDESWIPE",Y,0,Clear,Dry,Daylight,,4249022.0,,32,One parked--one moving,0,0,N
6107,1,-122.33823829999999,47.55576875,7513,21827,21827,1781169,Matched,Intersection,33022.0,EAST MARGINAL WAY S AND S DAWSON ST,,,1,Property Damage Only Collision,Right Turn,2,0,0,2,2004/12/17 00:00:00+00,12/17/2004 7:00:00 AM,At Intersection (intersection related),11,"MOTOR VEHICLE STRUCK MOTOR VEHICLE, FRONT END AT ANGLE",Y,0,Overcast,Wet,Dawn,,4352050.0,,16,From same direction - one right turn - one straight,0,0,N
6108,1,-122.35843249999999,47.66394731,7514,20867,20867,1319738,Matched,Block,,NW MARKET ST BETWEEN NW 48TH ST AND NW 49TH ST,,,1,Property Damage Only Collision,Sideswipe,2,0,0,2,2004/03/04 00:00:00+00,3/4/2004,Mid-Block (not related to intersection),16,"MOTOR VEHICLE STRUCK MOTOR VEHICLE, LEFT SIDE SIDESWIPE",Y,0,Other,Wet,Dark - Street Lights On,,4064018.0,,11,From same direction - both going straight - both moving - sideswipe,0,0,N
6109,1,-122.3462687,47.62446291,7515,20685,20685,1783552,Matched,Intersection,28913.0,MERCER ST AND TAYLOR AVE N,,,1,Property Damage Only Collision,Rear Ended,2,0,0,2,2004/08/24 00:00:00+00,8/24/2004 7:50:00 PM,At Intersection (intersection related),14,"MOTOR VEHICLE STRUCK MOTOR VEHICLE, REAR END",,0,Raining,Wet,Dusk,,4237022.0,,13,From same direction - both going straight - both moving - rear-end,0,0,N
6110,1,-122.3045906,47.64824143,7516,22049,22049,1216951,Matched,Block,,MONTLAKE BR BETWEEN POINT A AND NE PACIFIC ST,,,1,Property Damage Only Collision,Rear Ended,4,0,0,4,2004/07/09 00:00:00+00,7/9/2004,Mid-Block (not related to intersection),14,"MOTOR VEHICLE STRUCK MOTOR VEHICLE, REAR END",,0,Raining,Wet,Daylight,,4191038.0,,14,From same direction - both going straight - one stopped - rear-end,0,0,N
6111,1,-122.326807,47.60864031,7517,21084,21084,1216818,Matched,Block,,MADISON ST BETWEEN 9TH AVE AND TERRY AVE,,,1,Property Damage Only Collision,Parked Car,4,0,0,2,2004/07/31 00:00:00+00,7/31/2004 4:03:00 PM,Mid-Block (not related to intersection),11,"MOTOR VEHICLE STRUCK MOTOR VEHICLE, FRONT END AT ANGLE",Y,0,Clear,Dry,Daylight,,4213030.0,,19,One car entering parked position,0,0,N
6112,1,-122.33796809999998,47.61242345,7519,21130,21130,537837,Matched,Block,,OLIVE WAY BETWEEN 4TH AVE AND 5TH AVE,,,1,Property Damage Only Collision,Sideswipe,0,0,0,2,2004/01/06 00:00:00+00,1/6/2004,Mid-Block (not related to intersection),16,"MOTOR VEHICLE STRUCK MOTOR VEHICLE, LEFT SIDE SIDESWIPE",,0,Snowing,Snow/Slush,Dawn,,4006022.0,,12,From same direction - both going straight - one stopped - sideswipe,0,0,N
6113,1,-122.3474817,47.5710961,7521,22093,22093,1781228,Matched,Block,,SW KLICKITAT SR WAY BETWEEN SW SPOKANE ST AND 11TH CR AVE SW,,,1,Property Damage Only Collision,Sideswipe,2,0,0,2,2004/01/25 00:00:00+00,1/25/2004 3:04:00 PM,Mid-Block (not related to intersection),16,"MOTOR VEHICLE STRUCK MOTOR VEHICLE, LEFT SIDE SIDESWIPE",,0,Clear,Dry,Daylight,,4025018.0,,11,From same direction - both going straight - both moving - sideswipe,0,0,N
6114,2,-122.34489609999999,47.717173100000004,7522,21622,21622,1778973,Matched,Block,,AURORA AVE N BETWEEN N 117TH PL AND N 125TH ST,,,2,Injury Collision,Other,1,0,0,1,2004/04/05 00:00:00+00,4/5/2004,Driveway Junction,29,MOTOR VEHICLE OVERTURNED IN ROAD,,0,Clear,Dry,Daylight,,4096013.0,,52,Vehicle overturned,0,0,N
6115,1,-122.3553395,47.69421686,7524,21850,21850,1475215,Matched,Intersection,37438.0,GREENWOOD AVE N AND N 90TH ST,,,1,Property Damage Only Collision,Angles,2,0,0,2,2004/05/11 00:00:00+00,5/11/2004 12:37:00 PM,At Intersection (intersection related),11,"MOTOR VEHICLE STRUCK MOTOR VEHICLE, FRONT END AT ANGLE",,0,Clear,Dry,Daylight,,4132020.0,,10,Entering at angle,0,0,N
6116,1,-122.3485676,47.69129942,7525,20565,20565,1780834,Matched,Block,,N 86TH ST BETWEEN FREMONT AVE N AND LINDEN AVE N,,,1,Property Damage Only Collision,Parked Car,2,0,0,2,2004/03/27 00:00:00+00,3/27/2004 12:01:00 AM,Mid-Block (not related to intersection),11,"MOTOR VEHICLE STRUCK MOTOR VEHICLE, FRONT END AT ANGLE",,0,Raining,Wet,Dark - Street Lights On,,4087017.0,,32,One parked--one moving,0,0,N
6117,1,-122.2907624,47.70837218,7526,22357,22357,1780125,Matched,Intersection,36838.0,35TH AVE NE AND NE 110TH ST,,,1,Property Damage Only Collision,Left Turn,2,0,0,2,2004/04/26 00:00:00+00,4/26/2004 1:12:00 PM,At Intersection (intersection related),11,"MOTOR VEHICLE STRUCK MOTOR VEHICLE, FRONT END AT ANGLE",,0,Clear,Dry,Daylight,,4117002.0,,28,From opposite direction - one left turn - one straight,0,0,N
6118,2,-122.37619029999999,47.56305586,7527,21596,21596,567850,Matched,Block,,35TH AVE SW BETWEEN SW AVALON WAY AND SW SNOQUALMIE ST,,,2,Injury Collision,Parked Car,0,0,0,5,2004/12/31 00:00:00+00,12/31/2004 12:09:00 AM,Mid-Block (not related to intersection),11,"MOTOR VEHICLE STRUCK MOTOR VEHICLE, FRONT END AT ANGLE",,0,Clear,Dry,Dark - Street Lights On,,4366003.0,Y,32,One parked--one moving,0,0,N
6119,1,-122.2965432,47.6830478,7528,20876,20876,C649453,Matched,Block,,NE 75TH ST BETWEEN 28TH AVE NE AND 30TH AVE NE,,,1,Property Damage Only Collision,Other,2,0,0,2,2004/11/02 00:00:00+00,11/2/2004,Mid-Block (but intersection related),11,"MOTOR VEHICLE STRUCK MOTOR VEHICLE, FRONT END AT ANGLE",,0,Overcast,Wet,Daylight,,4307056.0,,23,From same direction - all others,0,0,N
6120,2,-122.33928130000001,47.58750589,7529,21937,21937,1325371,Matched,Block,,ALASKAN WAY S BETWEEN S MASSACHUSETTS ST AND EAST MARGINAL WAY S,,,2,Injury Collision,Other,1,0,0,1,2004/01/19 00:00:00+00,1/19/2004 2:15:00 AM,Mid-Block (not related to intersection),28,MOTOR VEHICLE RAN OFF ROAD - HIT FIXED OBJECT,,1,Clear,Dry,Dark - Street Lights On,,4019009.0,Y,50,Fixed object,0,0,N
6121,1,-122.3422814,47.63230009,7530,21290,21290,C650772,Matched,Intersection,28710.0,DEXTER AVE N AND GALER ST,,,1,Property Damage Only Collision,Rear Ended,2,0,0,2,2004/12/10 00:00:00+00,12/10/2004 1:05:00 PM,At Intersection (intersection related),14,"MOTOR VEHICLE STRUCK MOTOR VEHICLE, REAR END",,0,Raining,Wet,Daylight,,4345078.0,,14,From same direction - both going straight - one stopped - rear-end,0,0,N
6122,1,-122.3149533,47.52389209,7531,20809,20809,1781403,Matched,Intersection,35119.0,14TH AVE S AND S CONCORD ST,,,1,Property Damage Only Collision,Rear Ended,2,0,0,2,2004/07/14 00:00:00+00,7/14/2004 12:53:00 PM,At Intersection (but not related to intersection),14,"MOTOR VEHICLE STRUCK MOTOR VEHICLE, REAR END",,0,Clear,Dry,Daylight,,4196017.0,,14,From same direction - both going straight - one stopped - rear-end,0,0,N
6123,1,-122.32550990000001,47.61353316,7532,22189,22189,1198258,Matched,Block,,SUMMIT AVE BETWEEN E UNION ST AND E PIKE ST,,,1,Property Damage Only Collision,Parked Car,2,0,0,2,2004/10/22 00:00:00+00,10/22/2004 9:00:00 PM,Mid-Block (not related to intersection),13,"MOTOR VEHICLE STRUCK MOTOR VEHICLE, LEFT SIDE AT ANGLE",,0,Clear,Dry,Dark - Street Lights On,,4296043.0,,32,One parked--one moving,0,0,N
6124,1,-122.35955700000001,47.57209967,7534,20920,20920,1795560,Matched,Block,,WEST MARGINAL WAY SW BETWEEN SW SPOKANE ST AND WEST MARGINAL TURN RD,,,1,Property Damage Only Collision,Sideswipe,2,0,0,2,2004/12/03 00:00:00+00,12/3/2004,Mid-Block (not related to intersection),16,"MOTOR VEHICLE STRUCK MOTOR VEHICLE, LEFT SIDE SIDESWIPE",,0,Clear,Dry,Dark - Street Lights On,,4338033.0,,11,From same direction - both going straight - both moving - sideswipe,0,0,N
6125,1,-122.32651429999999,47.7280317,7535,21121,21121,1794258,Matched,Block,,3RD AVE NE BETWEEN NE 136TH ST AND NE 137TH ST,,,1,Property Damage Only Collision,Other,1,0,0,1,2004/10/01 00:00:00+00,10/1/2004,Mid-Block (not related to intersection),28,MOTOR VEHICLE RAN OFF ROAD - HIT FIXED OBJECT,,0,Clear,Dry,Daylight,,4275018.0,Y,50,Fixed object,0,0,N
6126,1,-122.3212581,47.61297213,7536,20369,20369,1074647,Matched,Block,,E UNION ST BETWEEN SENECA ST AND BROADWAY,,,1,Property Damage Only Collision,Other,2,0,0,2,2004/11/12 00:00:00+00,11/12/2004 7:43:00 PM,Driveway Junction,11,"MOTOR VEHICLE STRUCK MOTOR VEHICLE, FRONT END AT ANGLE",,0,Clear,Dry,Dark - Street Lights On,,4317019.0,,22,One car leaving driveway access,0,0,N
6127,2,-122.37419369999999,47.5640756,7537,22370,22370,1790455,Matched,Block,,SW AVALON WAY BETWEEN SW GENESEE ST AND 35TH AVE SW,,,2,Injury Collision,Parked Car,3,0,0,2,2004/04/24 00:00:00+00,4/24/2004 1:40:00 AM,Mid-Block (not related to intersection),14,"MOTOR VEHICLE STRUCK MOTOR VEHICLE, REAR END",Y,0,Clear,Dry,Dark - Street Lights On,,4115022.0,,32,One parked--one moving,0,0,N
6128,2,-122.3321861,47.61851054,7538,21756,21756,1777980,Matched,Block,,DENNY WAY BETWEEN VIRGINIA ST AND YALE AVE,,,2,Injury Collision,Rear Ended,5,0,0,2,2004/03/07 00:00:00+00,3/7/2004,Mid-Block (not related to intersection),14,"MOTOR VEHICLE STRUCK MOTOR VEHICLE, REAR END",Y,0,Clear,Dry,Daylight,,4067024.0,,14,From same direction - both going straight - one stopped - rear-end,0,0,N
6129,1,-122.3458631,47.61299081,7539,20898,20898,1777402,Matched,Block,,1ST AVE BETWEEN BLANCHARD ST AND BELL ST,,,1,Property Damage Only Collision,Rear Ended,4,0,0,2,2004/02/01 00:00:00+00,2/1/2004,Mid-Block (not related to intersection),14,"MOTOR VEHICLE STRUCK MOTOR VEHICLE, REAR END",,0,Clear,Dry,Dark - Street Lights On,,4032023.0,,14,From same direction - both going straight - one stopped - rear-end,0,0,N
6130,1,-122.37419369999999,47.5640756,7541,21905,21905,1790654,Matched,Block,,SW AVALON WAY BETWEEN SW GENESEE ST AND 35TH AVE SW,,,1,Property Damage Only Collision,Other,3,0,0,2,2004/06/09 00:00:00+00,6/9/2004,Mid-Block (not related to intersection),11,"MOTOR VEHICLE STRUCK MOTOR VEHICLE, FRONT END AT ANGLE",,0,Clear,Dry,Daylight,,4161005.0,,23,From same direction - all others,0,0,N
6131,1,-122.3458631,47.61299081,7543,20945,20945,1482257,Matched,Block,,1ST AVE BETWEEN BLANCHARD ST AND BELL ST,,,1,Property Damage Only Collision,Right Turn,2,0,0,2,2004/02/28 00:00:00+00,2/28/2004 2:30:00 AM,Mid-Block (but intersection related),16,"MOTOR VEHICLE STRUCK MOTOR VEHICLE, LEFT SIDE SIDESWIPE",,0,Unknown,Wet,Dark - Street Lights On,,4059010.0,,16,From same direction - one right turn - one straight,0,0,N
6132,2,-122.3610919,47.53795417,7544,21960,21960,1333996,Matched,Intersection,33963.0,DELRIDGE WAY SW AND SW ORCHARD ST,,,2,Injury Collision,Cycles,2,0,1,1,2004/10/08 00:00:00+00,10/8/2004,At Intersection (intersection related),18,"MOTOR VEHICLE STRUCK PEDALCYCLIST, FRONT END AT ANGLE",,0,Raining,Wet,Daylight,Y,4282015.0,,45,Vehicle - Pedalcyclist,0,0,N
6133,1,-122.35962659999998,47.52233423,7545,21286,21286,1790779,Matched,Block,,DELRIDGE WAY SW BETWEEN SW HENDERSON ST AND 20TH AVE SW,,,1,Property Damage Only Collision,Other,1,0,0,1,2004/09/06 00:00:00+00,9/6/2004,Mid-Block (not related to intersection),28,MOTOR VEHICLE RAN OFF ROAD - HIT FIXED OBJECT,,1,Clear,Dry,Dusk,,4250003.0,,50,Fixed object,0,0,N
6134,2,-122.31353600000001,47.59311104,7546,20668,20668,1771878,Matched,Block,,STURGUS AVE S BETWEEN S CHARLES ST AND S JUDKINS ST,,,2,Injury Collision,Other,2,0,0,1,2004/02/29 00:00:00+00,2/29/2004 2:31:00 AM,Mid-Block (not related to intersection),28,MOTOR VEHICLE RAN OFF ROAD - HIT FIXED OBJECT,,0,Clear,Unknown,Dark - Street Lights On,,4060007.0,,50,Fixed object,0,0,N
6135,2,-122.33745420000001,47.61505675,7547,22321,22321,1783456,Matched,Intersection,29540.0,7TH AVE AND VIRGINIA ST,,,2,Injury Collision,Angles,5,0,0,2,2004/10/16 00:00:00+00,10/16/2004 12:33:00 PM,At Intersection (intersection related),11,"MOTOR VEHICLE STRUCK MOTOR VEHICLE, FRONT END AT ANGLE",,0,Overcast,Wet,Daylight,,4290014.0,,10,Entering at angle,0,0,N
6136,2,-122.31113059999998,47.54888559,7548,21782,21782,1773324,Matched,Intersection,33381.0,SWIFT AVE S AND S ALBRO PL,,,2,Injury Collision,Sideswipe,2,0,0,2,2004/11/23 00:00:00+00,11/23/2004 7:20:00 AM,At Intersection (intersection related),16,"MOTOR VEHICLE STRUCK MOTOR VEHICLE, LEFT SIDE SIDESWIPE",,0,Clear,Wet,Dawn,,4328048.0,,81,Same direction -- both turning left -- both moving -- sideswipe,0,0,N
6137,2,-122.3341112,47.69048301,7549,21576,21576,1774193,Matched,Block,,N 85TH ST BETWEEN BURKE AVE N AND MERIDIAN AVE N,,,2,Injury Collision,Angles,2,0,0,2,2004/09/30 00:00:00+00,9/30/2004 10:55:00 PM,Mid-Block (but intersection related),11,"MOTOR VEHICLE STRUCK MOTOR VEHICLE, FRONT END AT ANGLE",,1,Clear,Dry,Dark - Street Lights On,,4274032.0,,10,Entering at angle,0,0,N
6138,1,-122.2968232,47.59922589,7551,20720,20720,1216932,Matched,Block,,S JACKSON ST BETWEEN M L KING JR WAY S AND 28TH AVE S,,,1,Property Damage Only Collision,Rear Ended,2,0,0,2,2004/09/02 00:00:00+00,9/2/2004,Mid-Block (not related to intersection),14,"MOTOR VEHICLE STRUCK MOTOR VEHICLE, REAR END",,0,Clear,Dry,Daylight,,4246024.0,,13,From same direction - both going straight - both moving - rear-end,0,0,N
6139,1,-122.35693400000001,47.63777472,7552,22365,22365,1777204,Matched,Block,,QUEEN ANNE AVE N BETWEEN CROCKETT ST AND BOSTON ST,,,1,Property Damage Only Collision,Parked Car,2,0,0,2,2004/01/11 00:00:00+00,1/11/2004 4:03:00 PM,Mid-Block (not related to intersection),11,"MOTOR VEHICLE STRUCK MOTOR VEHICLE, FRONT END AT ANGLE",,0,Overcast,Dry,Dusk,,4011018.0,,32,One parked--one moving,0,0,N
6140,1,-122.3717057,47.63291966,7553,21887,21887,1777625,Matched,Block,,11TH AVE W BETWEEN W GALER ST AND W GARFIELD ST,,,1,Property Damage Only Collision,Parked Car,5,0,0,3,2004/10/10 00:00:00+00,10/10/2004 2:37:00 PM,Mid-Block (not related to intersection),16,"MOTOR VEHICLE STRUCK MOTOR VEHICLE, LEFT SIDE SIDESWIPE",,0,Clear,Dry,Daylight,,4284021.0,,32,One parked--one moving,0,0,N
6141,1,-122.3341838,47.72320789,7554,21038,21038,1778974,Matched,Intersection,35965.0,MERIDIAN AVE N AND N 130TH ST,,,1,Property Damage Only Collision,Left Turn,2,0,0,2,2004/04/06 00:00:00+00,4/6/2004,At Intersection (intersection related),11,"MOTOR VEHICLE STRUCK MOTOR VEHICLE, FRONT END AT ANGLE",,0,Clear,Dry,Daylight,,4097006.0,,28,From opposite direction - one left turn - one straight,0,0,N
6142,1,-122.32474930000001,47.6055547,7556,20553,20553,1789954,Matched,Intersection,29959.0,9TH AVE AND JAMES ST,,,1,Property Damage Only Collision,Left Turn,6,0,0,2,2004/06/06 00:00:00+00,6/6/2004,At Intersection (intersection related),11,"MOTOR VEHICLE STRUCK MOTOR VEHICLE, FRONT END AT ANGLE",,0,Overcast,Wet,Daylight,,4158015.0,,28,From opposite direction - one left turn - one straight,0,0,N
6143,1,-122.3134622,47.56724307,7557,22343,22343,1480918,Matched,Intersection,32287.0,15TH AVE S AND S DAKOTA ST,,,1,Property Damage Only Collision,Angles,3,0,0,2,2004/04/11 00:00:00+00,4/11/2004 10:54:00 AM,At Intersection (intersection related),11,"MOTOR VEHICLE STRUCK MOTOR VEHICLE, FRONT END AT ANGLE",,0,Clear,Dry,Daylight,,4102001.0,,10,Entering at angle,0,0,N
6144,1,-122.3114628,47.61457561,7558,21858,21858,1790096,Matched,Block,,16TH AVE BETWEEN E PIKE ST AND E MADISON ST,,,1,Property Damage Only Collision,Parked Car,2,0,0,2,2004/08/01 00:00:00+00,8/1/2004,Mid-Block (not related to intersection),11,"MOTOR VEHICLE STRUCK MOTOR VEHICLE, FRONT END AT ANGLE",,0,Clear,Dry,Daylight,,4214013.0,,32,One parked--one moving,0,0,N
6145,1,-122.3099847,47.72845001,7559,20933,20933,1072707,Matched,Intersection,36094.0,17TH AVE NE AND NE 137TH ST,,,1,Property Damage Only Collision,Angles,2,0,0,2,2004/03/08 00:00:00+00,3/8/2004,At Intersection (intersection related),11,"MOTOR VEHICLE STRUCK MOTOR VEHICLE, FRONT END AT ANGLE",,0,Clear,Dry,Daylight,,4068002.0,,10,Entering at angle,0,0,N
6146,1,-122.28478829999999,47.66488804,7561,20846,20846,1220404,Matched,Intersection,26237.0,40TH AVE NE AND NE 50TH ST,,,1,Property Damage Only Collision,Angles,2,0,0,2,2004/08/11 00:00:00+00,8/11/2004 4:59:00 PM,At Intersection (intersection related),11,"MOTOR VEHICLE STRUCK MOTOR VEHICLE, FRONT END AT ANGLE",,0,Clear,Dry,Daylight,,4224020.0,,10,Entering at angle,0,0,N
6147,2,-122.28644140000002,47.67578499,7563,22176,22176,1775499,Matched,Block,,NE 65TH ST BETWEEN 38TH AVE NE AND 39TH AVE NE,,,2,Injury Collision,Rear Ended,3,0,0,3,2004/07/27 00:00:00+00,7/27/2004 5:03:00 PM,Mid-Block (but intersection related),14,"MOTOR VEHICLE STRUCK MOTOR VEHICLE, REAR END",,0,Clear,Dry,Daylight,,4209004.0,,14,From same direction - both going straight - one stopped - rear-end,0,0,N
6148,1,-122.35440759999999,47.66876843,7564,22250,22250,1226520,Matched,Block,,PHINNEY AVE N BETWEEN N 55TH ST AND N ARGYLE PL,,,1,Property Damage Only Collision,Other,3,0,0,3,2004/06/25 00:00:00+00,6/25/2004 8:14:00 AM,Driveway Junction,11,"MOTOR VEHICLE STRUCK MOTOR VEHICLE, FRONT END AT ANGLE",,0,Clear,Dry,Daylight,,4177001.0,,21,One car entering driveway access,0,0,N
6149,2,-122.3221007,47.64384005,7565,21632,21632,1799059,Matched,Block,,HARVARD AVE E BETWEEN E ROANOKE ST AND E EDGAR ST,,,2,Injury Collision,Other,2,0,0,2,2004/09/18 00:00:00+00,9/18/2004 1:05:00 AM,Driveway Junction,11,"MOTOR VEHICLE STRUCK MOTOR VEHICLE, FRONT END AT ANGLE",,0,Clear,Wet,Dark - Street Lights On,,4262035.0,,22,One car leaving driveway access,0,0,N
6150,2,-122.37644499999999,47.54468257,7566,21064,21064,1798167,Matched,Intersection,34008.0,35TH AVE SW AND SW MORGAN ST,,,2,Injury Collision,Cycles,3,0,1,1,2004/07/21 00:00:00+00,7/21/2004 12:47:00 PM,At Intersection (intersection related),18,"MOTOR VEHICLE STRUCK PEDALCYCLIST, FRONT END AT ANGLE",,0,Clear,Dry,Daylight,Y,4203036.0,,45,Vehicle - Pedalcyclist,0,0,N
6151,2,-122.3516219,47.72140813,7567,21565,21565,1773417,Matched,Intersection,35835.0,EVANSTON AVE N AND N 127TH ST,,,2,Injury Collision,Angles,2,0,0,2,2004/06/03 00:00:00+00,6/3/2004,At Intersection (intersection related),11,"MOTOR VEHICLE STRUCK MOTOR VEHICLE, FRONT END AT ANGLE",Y,0,Clear,Dry,Daylight,,4155032.0,,10,Entering at angle,0,0,N
6152,2,-122.3760741,47.57157266,7568,21250,21250,1197853,Matched,Block,,35TH AVE SW BETWEEN SW SPOKANE ST AND SW MANNING ST,,,2,Injury Collision,Parked Car,5,0,0,5,2004/11/28 00:00:00+00,11/28/2004 12:11:00 AM,Mid-Block (not related to intersection),14,"MOTOR VEHICLE STRUCK MOTOR VEHICLE, REAR END",,1,Clear,Dry,Dark - Street Lights On,,4333026.0,,32,One parked--one moving,0,0,N
6153,2,-122.26357620000002,47.677542700000004,7569,20289,20289,1220163,Matched,Block,,SAND POINT WAY NE BETWEEN NE 65TH ST AND NE 70TH ST,,,2,Injury Collision,Other,1,0,0,1,2004/08/17 00:00:00+00,8/17/2004 1:22:00 PM,Mid-Block (not related to intersection),28,MOTOR VEHICLE RAN OFF ROAD - HIT FIXED OBJECT,,0,Clear,Dry,Daylight,,4230013.0,,50,Fixed object,0,0,N
6154,2,-122.352877,47.67245684,7570,22219,22219,1473747,Matched,Intersection,25607.0,DAYTON AVE N AND N 60TH ST,,,2,Injury Collision,Angles,3,0,0,2,2004/03/21 00:00:00+00,3/21/2004 7:16:00 PM,At Intersection (intersection related),11,"MOTOR VEHICLE STRUCK MOTOR VEHICLE, FRONT END AT ANGLE",,0,Clear,Dry,Dark - Street Lights On,,4081012.0,,10,Entering at angle,0,0,N
6155,2,-122.31710190000001,47.71082212,7572,21313,21313,1793706,Matched,Block,,PINEHURST WAY NE BETWEEN NE 113TH ST AND NE 114TH S ST,,,2,Injury Collision,Other,2,0,0,2,2004/05/27 00:00:00+00,5/27/2004 11:11:00 AM,Driveway Junction,11,"MOTOR VEHICLE STRUCK MOTOR VEHICLE, FRONT END AT ANGLE",,0,Raining,Wet,Daylight,,4148040.0,,22,One car leaving driveway access,0,0,N
6156,1,-122.39423470000001,47.64954647,7573,21539,21539,1785256,Matched,Block,,29TH AVE W BETWEEN W DRAVUS ST AND W BERTONA ST,,,1,Property Damage Only Collision,Parked Car,3,0,0,3,2004/11/22 00:00:00+00,11/22/2004 3:00:00 AM,Mid-Block (not related to intersection),13,"MOTOR VEHICLE STRUCK MOTOR VEHICLE, LEFT SIDE AT ANGLE",,0,Unknown,Unknown,Unknown,,4327030.0,,32,One parked--one moving,0,0,N
6157,1,-122.33928130000001,47.58750589,7574,20868,20868,1321211,Matched,Block,,ALASKAN WAY S BETWEEN S MASSACHUSETTS ST AND EAST MARGINAL WAY S,,,1,Property Damage Only Collision,Parked Car,2,0,0,2,2004/05/22 00:00:00+00,5/22/2004 2:30:00 AM,Mid-Block (not related to intersection),14,"MOTOR VEHICLE STRUCK MOTOR VEHICLE, REAR END",,0,Other,Unknown,Unknown,,4143012.0,,32,One parked--one moving,0,0,N
6158,1,-122.33848459999999,47.61853427,7576,22044,22044,1778134,Matched,Intersection,29510.0,DENNY WAY AND WESTLAKE AVE,,,1,Property Damage Only Collision,Angles,2,0,0,2,2004/03/06 00:00:00+00,3/6/2004,At Intersection (intersection related),11,"MOTOR VEHICLE STRUCK MOTOR VEHICLE, FRONT END AT ANGLE",,0,Clear,Dry,Dusk,,4066015.0,,10,Entering at angle,0,0,N
6159,1,-122.3254027,47.60626898,7577,21654,21654,1772576,Matched,Intersection,29942.0,9TH AVE AND CHERRY ST,,,1,Property Damage Only Collision,Angles,2,0,0,2,2004/05/25 00:00:00+00,5/25/2004 5:43:00 PM,At Intersection (intersection related),11,"MOTOR VEHICLE STRUCK MOTOR VEHICLE, FRONT END AT ANGLE",,0,Raining,Wet,Daylight,,4146025.0,,10,Entering at angle,0,0,N
6160,1,-122.3291351,47.61971505,7578,21221,21221,1213528,Matched,Intersection,29154.0,EASTLAKE AVE E AND STEWART ST,,,1,Property Damage Only Collision,Left Turn,3,0,0,2,2004/02/21 00:00:00+00,2/21/2004 11:38:00 AM,At Intersection (intersection related),11,"MOTOR VEHICLE STRUCK MOTOR VEHICLE, FRONT END AT ANGLE",,0,Clear,Dry,Daylight,,4052009.0,,15,From same direction - one left turn - one straight,0,0,N
6161,2,-122.3761636,47.64156384,7579,22162,22162,1785180,Matched,Block,,15TH AVE W BETWEEN W WHEELER ST AND GILMAN DR W,,,2,Injury Collision,Rear Ended,2,0,0,2,2004/11/11 00:00:00+00,11/11/2004 9:36:00 PM,Mid-Block (not related to intersection),14,"MOTOR VEHICLE STRUCK MOTOR VEHICLE, REAR END",,1,Clear,Dry,Dark - Street Lights On,,4316013.0,,14,From same direction - both going straight - one stopped - rear-end,0,0,N
6162,1,-122.32399840000002,47.54070115,7580,21266,21266,1790476,Matched,Block,,EAST MARGINAL WAY S BETWEEN S WILLOW ST AND CORSON AVE S,,,1,Property Damage Only Collision,Sideswipe,2,0,0,2,2004/05/06 00:00:00+00,5/6/2004,Mid-Block (not related to intersection),16,"MOTOR VEHICLE STRUCK MOTOR VEHICLE, LEFT SIDE SIDESWIPE",,0,Clear,Dry,Daylight,,4127023.0,,11,From same direction - both going straight - both moving - sideswipe,0,0,N
6163,1,-122.31752560000001,47.6164273,7581,20797,20797,1789640,Matched,Block,,E OLIVE ST BETWEEN 11TH AVE AND 12TH AVE,,,1,Property Damage Only Collision,Parked Car,3,0,0,2,2004/10/09 00:00:00+00,10/9/2004,Mid-Block (but intersection related),11,"MOTOR VEHICLE STRUCK MOTOR VEHICLE, FRONT END AT ANGLE",Y,0,Raining,Dry,Daylight,,4283010.0,,32,One parked--one moving,0,0,N
6164,2,-122.3256595,47.61158529,7582,22380,22380,1789998,Matched,Block,,MINOR AVE BETWEEN SENECA ST AND UNIVERSITY ST,,,2,Injury Collision,Rear Ended,2,0,0,2,2004/05/30 00:00:00+00,5/30/2004 11:59:00 AM,Mid-Block (but intersection related),14,"MOTOR VEHICLE STRUCK MOTOR VEHICLE, REAR END",,0,Clear,Dry,Daylight,,4151015.0,,14,From same direction - both going straight - one stopped - rear-end,0,0,N
6165,2,-122.31305060000001,47.66643579,7583,21972,21972,1211943,Matched,Intersection,25784.0,UNIVERSITY WAY NE AND NE 52ND ST,,,2,Injury Collision,Left Turn,5,0,0,2,2004/06/13 00:00:00+00,6/13/2004 7:28:00 PM,At Intersection (intersection related),11,"MOTOR VEHICLE STRUCK MOTOR VEHICLE, FRONT END AT ANGLE",,0,Clear,Dry,Daylight,,4165010.0,,28,From opposite direction - one left turn - one straight,0,0,N