,SEVERITYCODE,X,Y,OBJECTID,INCKEY,COLDETKEY,REPORTNO,STATUS,ADDRTYPE,INTKEY,LOCATION,EXCEPTRSNCODE,EXCEPTRSNDESC,SEVERITYCODE.1,SEVERITYDESC,COLLISIONTYPE,PERSONCOUNT,PEDCOUNT,PEDCYLCOUNT,VEHCOUNT,INCDATE,INCDTTM,JUNCTIONTYPE,SDOT_COLCODE,SDOT_COLDESC,INATTENTIONIND,UNDERINFL,WEATHER,ROADCOND,LIGHTCOND,PEDROWNOTGRNT,SDOTCOLNUM,SPEEDING,ST_COLCODE,ST_COLDESC,SEGLANEKEY,CROSSWALKKEY,HITPARKEDCAR
6166,1,-122.38795659999998,47.54474608,7584,21338,21338,1481921,Matched,Block,,FAUNTLEROY WAY SW BETWEEN CALIFORNIA AVE SW AND 44TH AVE SW,,,1,Property Damage Only Collision,Head On,3,0,0,2,2004/03/28 00:00:00+00,3/28/2004 3:24:00 PM,Mid-Block (but intersection related),11,"MOTOR VEHICLE STRUCK MOTOR VEHICLE, FRONT END AT ANGLE",Y,0,Clear,Dry,Daylight,,4088020.0,,30,From opposite direction - all others,0,0,N
6167,2,-122.36069499999999,47.67599645,7586,20704,20704,1780365,Matched,Intersection,25243.0,3RD AVE NW AND NW 65TH ST,,,2,Injury Collision,Angles,3,0,0,2,2004/01/26 00:00:00+00,1/26/2004 10:59:00 AM,At Intersection (intersection related),11,"MOTOR VEHICLE STRUCK MOTOR VEHICLE, FRONT END AT ANGLE",,0,Overcast,Dry,Daylight,,4026015.0,,10,Entering at angle,0,0,N
6168,1,-122.31177439999999,47.59083497,7589,21167,21167,1778992,Matched,Block,,STURGUS AVE S BETWEEN S JUDKINS ST AND S ATLANTIC ST,,,1,Property Damage Only Collision,Other,2,0,0,2,2004/03/07 00:00:00+00,3/7/2004,Driveway Junction,11,"MOTOR VEHICLE STRUCK MOTOR VEHICLE, FRONT END AT ANGLE",,0,Overcast,Dry,Dusk,,4067015.0,,22,One car leaving driveway access,0,0,N
6169,2,-122.2961398,47.56130497,7590,21530,21530,1771713,Matched,Block,,S ALASKA ST BETWEEN S COLUMBIAN WAY AND S ALASKA PL,,,2,Injury Collision,Other,4,1,0,3,2004/07/09 00:00:00+00,7/9/2004,Mid-Block (not related to intersection),27,MOTOR VEHICLE RAN OFF ROAD - NO COLLISION,,0,Clear,Dry,Dark - Street Lights On,,4191048.0,Y,50,Fixed object,0,0,N
6170,1,-122.34732549999998,47.65602477,7591,21292,21292,1778939,Matched,Block,,AURORA AVE N BETWEEN N 40TH ST AND N 41ST ST,,,1,Property Damage Only Collision,Parked Car,2,0,0,2,2004/06/21 00:00:00+00,6/21/2004 4:00:00 PM,Mid-Block (not related to intersection),14,"MOTOR VEHICLE STRUCK MOTOR VEHICLE, REAR END",,0,Clear,Dry,Daylight,,4173020.0,,32,One parked--one moving,0,0,N
6171,1,-122.34494679999999,47.72048199,7592,21247,21247,1773706,Matched,Block,,AURORA AVE N BETWEEN N 125TH ST AND N 127TH ST,,,1,Property Damage Only Collision,Other,1,0,0,1,2004/03/22 00:00:00+00,3/22/2004 2:30:00 PM,Mid-Block (not related to intersection),28,MOTOR VEHICLE RAN OFF ROAD - HIT FIXED OBJECT,,0,Clear,Dry,Daylight,,4082013.0,,50,Fixed object,0,0,N
6172,1,-122.323779,47.68069623,7593,20576,20576,1220168,Matched,Block,,NE 72ND ST BETWEEN WOODLAWN AVE NE AND 5TH AVE NE,,,1,Property Damage Only Collision,Parked Car,2,0,0,2,2004/09/02 00:00:00+00,9/2/2004,Mid-Block (not related to intersection),16,"MOTOR VEHICLE STRUCK MOTOR VEHICLE, LEFT SIDE SIDESWIPE",Y,0,Clear,Dry,Daylight,,4246026.0,,32,One parked--one moving,0,0,N
6173,1,-122.3328115,47.60514239,7594,22362,22362,1220421,Matched,Block,,MARION ST BETWEEN 3RD AVE AND 4TH AVE,,,1,Property Damage Only Collision,Parked Car,2,0,0,2,2004/10/21 00:00:00+00,10/21/2004 4:40:00 PM,Mid-Block (not related to intersection),11,"MOTOR VEHICLE STRUCK MOTOR VEHICLE, FRONT END AT ANGLE",Y,0,Unknown,Unknown,Daylight,,4295015.0,,32,One parked--one moving,0,0,N
6174,2,-122.34460990000002,47.68109353,7595,21594,21594,1780793,Matched,Block,,AURORA AVE N BETWEEN N 72ND ST AND WEST GREEN LAKE DR N,,,2,Injury Collision,Sideswipe,3,0,0,2,2004/05/04 00:00:00+00,5/4/2004,Mid-Block (not related to intersection),11,"MOTOR VEHICLE STRUCK MOTOR VEHICLE, FRONT END AT ANGLE",,0,Overcast,Dry,Daylight,,4125003.0,,11,From same direction - both going straight - both moving - sideswipe,0,0,N
6175,1,-122.3113976,47.73393647,7596,20881,20881,1976032,Matched,Block,,NE 145TH ST BETWEEN 15TH AVE NE AND 17TH AVE NE,,,1,Property Damage Only Collision,Other,3,0,0,2,2004/10/18 00:00:00+00,10/18/2004 6:52:00 PM,Driveway Junction,11,"MOTOR VEHICLE STRUCK MOTOR VEHICLE, FRONT END AT ANGLE",,0,Raining,Wet,Dark - Street Lights On,,4292033.0,,22,One car leaving driveway access,0,0,N
6176,1,-122.386804,47.56021698,7597,21542,21542,1788809,Matched,Block,,CALIFORNIA AVE SW BETWEEN SW ALASKA ST AND ERSKINE WAY SW,,,1,Property Damage Only Collision,Parked Car,3,0,0,3,2004/08/22 00:00:00+00,8/22/2004 4:18:00 PM,Mid-Block (not related to intersection),11,"MOTOR VEHICLE STRUCK MOTOR VEHICLE, FRONT END AT ANGLE",,0,Clear,Dry,Daylight,,4235001.0,,32,One parked--one moving,0,0,N
6177,1,-122.32637379999998,47.59583727,7598,21013,21013,1470967,Matched,Intersection,30542.0,6TH AVE S AND S DEARBORN ST,,,1,Property Damage Only Collision,Left Turn,2,0,0,2,2004/02/29 00:00:00+00,2/29/2004 7:00:00 PM,At Intersection (intersection related),11,"MOTOR VEHICLE STRUCK MOTOR VEHICLE, FRONT END AT ANGLE",,0,Clear,Dry,Dark - Street Lights On,,4060013.0,Y,28,From opposite direction - one left turn - one straight,0,0,N
6178,1,-122.36046,47.5282836,7599,20810,20810,1781482,Matched,Intersection,34843.0,DELRIDGE WAY SW AND SW THISTLE ST,,,1,Property Damage Only Collision,Angles,2,0,0,2,2004/02/19 00:00:00+00,2/19/2004 12:44:00 PM,At Intersection (intersection related),11,"MOTOR VEHICLE STRUCK MOTOR VEHICLE, FRONT END AT ANGLE",,0,Overcast,Dry,Daylight,,4050018.0,,10,Entering at angle,0,0,N
6179,1,-122.32392859999999,47.6141002,7601,21082,21082,1477850,Matched,Block,,E PIKE ST BETWEEN BELMONT AVE AND BOYLSTON AVE,,,1,Property Damage Only Collision,Parked Car,2,0,0,2,2004/09/12 00:00:00+00,9/12/2004 11:40:00 PM,Mid-Block (not related to intersection),14,"MOTOR VEHICLE STRUCK MOTOR VEHICLE, REAR END",,0,Clear,Dry,Dark - Street Lights On,,4256012.0,,32,One parked--one moving,0,0,N
6180,2,-122.30268909999998,47.58691917,7602,22015,22015,2039252,Matched,Intersection,31531.0,23RD AVE S AND S GRAND ST,,,2,Injury Collision,Angles,3,0,0,2,2004/12/10 00:00:00+00,12/10/2004 6:06:00 PM,At Intersection (intersection related),11,"MOTOR VEHICLE STRUCK MOTOR VEHICLE, FRONT END AT ANGLE",,0,Raining,Wet,Dark - Street Lights On,,4345042.0,,10,Entering at angle,0,0,N
6181,1,-122.2978374,47.57793916,7603,21364,21364,1794379,Matched,Block,,RAINIER AVE S BETWEEN S MCCLELLAN ST AND S FOREST ST,,,1,Property Damage Only Collision,Right Turn,2,0,0,2,2004/10/05 00:00:00+00,10/5/2004,Driveway Junction,11,"MOTOR VEHICLE STRUCK MOTOR VEHICLE, FRONT END AT ANGLE",,0,Other,Unknown,Daylight,,4279036.0,,16,From same direction - one right turn - one straight,0,0,N
6182,1,-122.29263710000001,47.57210018,7604,20663,20663,1772750,Matched,Block,,S ESTELLE ST BETWEEN RAINIER AVE S AND DEAD END E,,,1,Property Damage Only Collision,Parked Car,3,0,0,3,2004/07/18 00:00:00+00,7/18/2004 6:00:00 PM,Mid-Block (but intersection related),14,"MOTOR VEHICLE STRUCK MOTOR VEHICLE, REAR END",,0,Clear,Dry,Daylight,,4200008.0,Y,32,One parked--one moving,0,0,N
6183,1,-122.3539429,47.65212542,7605,22513,22513,1220379,Matched,Block,,N 36TH ST BETWEEN PHINNEY AVE N AND FRANCIS AVE N,,,1,Property Damage Only Collision,Parked Car,3,0,0,2,2004/08/05 00:00:00+00,8/5/2004,Mid-Block (not related to intersection),11,"MOTOR VEHICLE STRUCK MOTOR VEHICLE, FRONT END AT ANGLE",,0,Clear,Dry,Dark - Street Lights On,,4218016.0,,20,One car leaving parked position,0,0,N
6184,1,-122.33419369999999,47.57139257,7606,21482,21482,1781094,Matched,Intersection,32340.0,1ST AVE S AND S SPOKANE SR ST,,,1,Property Damage Only Collision,Sideswipe,4,0,0,2,2004/08/09 00:00:00+00,8/9/2004,At Intersection (intersection related),11,"MOTOR VEHICLE STRUCK MOTOR VEHICLE, FRONT END AT ANGLE",,0,Clear,Dry,Daylight,,4222001.0,,11,From same direction - both going straight - both moving - sideswipe,0,0,N
6185,2,-122.33431159999999,47.60846026,7607,20911,20911,1783683,Matched,Block,,UNIVERSITY ST BETWEEN 4TH AVE AND 5TH AVE,,,2,Injury Collision,Other,2,0,0,1,2004/11/14 00:00:00+00,11/14/2004 2:45:00 AM,Mid-Block (not related to intersection),28,MOTOR VEHICLE RAN OFF ROAD - HIT FIXED OBJECT,,1,Clear,Dry,Dark - Street Lights On,,4319003.0,Y,50,Fixed object,0,0,N
6186,1,-122.32629569999999,47.63226347,7608,21708,21708,1773774,Matched,Block,,FAIRVIEW AVE N BETWEEN FAIRVIEW AVE E AND EASTLAKE AVE E,,,1,Property Damage Only Collision,Sideswipe,2,0,0,2,2004/02/17 00:00:00+00,2/17/2004 8:00:00 PM,Mid-Block (but intersection related),16,"MOTOR VEHICLE STRUCK MOTOR VEHICLE, LEFT SIDE SIDESWIPE",,0,Raining,Wet,Dark - Street Lights On,,4048011.0,,71,Same direction -- both turning right -- both moving -- sideswipe,0,0,N
6187,2,-122.38090590000002,47.66446185,7609,20705,20705,1780416,Matched,Intersection,25178.0,BALLARD AVE NW AND NW DOCK PL,,,2,Injury Collision,Angles,2,0,0,2,2004/02/17 00:00:00+00,2/17/2004 3:17:00 PM,At Intersection (intersection related),11,"MOTOR VEHICLE STRUCK MOTOR VEHICLE, FRONT END AT ANGLE",,0,Raining,Wet,Daylight,,4048014.0,,10,Entering at angle,0,0,N
6188,1,-122.2790268,47.63509838,7610,22483,22483,1789858,Matched,Block,,E MADISON ST BETWEEN 41ST E AVE E AND 42ND AVE E,,,1,Property Damage Only Collision,Parked Car,2,0,0,2,2004/01/28 00:00:00+00,1/28/2004 2:02:00 PM,Mid-Block (not related to intersection),15,"MOTOR VEHICLE STRUCK MOTOR VEHICLE, RIGHT SIDE SIDESWIPE",,0,Overcast,Dry,Daylight,,4028035.0,,32,One parked--one moving,0,0,N
6189,1,-122.3821747,47.68592848,7612,21027,21027,1319615,Matched,Block,,20TH AVE NW BETWEEN NW 77TH ST AND NW 80TH ST,,,1,Property Damage Only Collision,Parked Car,2,0,0,2,2004/03/05 00:00:00+00,3/5/2004,Mid-Block (not related to intersection),13,"MOTOR VEHICLE STRUCK MOTOR VEHICLE, LEFT SIDE AT ANGLE",Y,0,Unknown,Unknown,Unknown,,4065044.0,,32,One parked--one moving,0,0,N
6190,1,-122.35260179999999,47.68802499,7614,21009,21009,1080253,Matched,Block,,DAYTON AVE N BETWEEN N 81ST ST AND N 82ND ST,,,1,Property Damage Only Collision,Parked Car,2,0,0,2,2004/06/26 00:00:00+00,6/26/2004 12:49:00 PM,Mid-Block (not related to intersection),16,"MOTOR VEHICLE STRUCK MOTOR VEHICLE, LEFT SIDE SIDESWIPE",,0,Clear,Dry,Daylight,,4178023.0,,32,One parked--one moving,0,0,N
6191,1,-122.3761457,47.63814686,7616,22039,22039,1777623,Matched,Block,,15TH AVE W BETWEEN W ARMORY WAY AND W BOSTON ST,,,1,Property Damage Only Collision,Parked Car,2,0,0,2,2004/09/17 00:00:00+00,9/17/2004 1:17:00 PM,Mid-Block (not related to intersection),14,"MOTOR VEHICLE STRUCK MOTOR VEHICLE, REAR END",,0,Clear,Dry,Daylight,,4261024.0,,32,One parked--one moving,0,0,N
6192,2,-122.3212753,47.65157827,7618,21345,21345,1789859,Matched,Intersection,27153.0,EASTLAKE AVE E AND FUHRMAN AVE E,,,2,Injury Collision,Pedestrian,2,1,0,1,2004/01/28 00:00:00+00,1/28/2004 7:00:00 PM,At Intersection (intersection related),24,MOTOR VEHCILE STRUCK PEDESTRIAN,Y,0,Raining,Wet,Dark - Street Lights On,,4028004.0,,2,Vehicle turning left hits pedestrian,0,0,N
6193,2,-122.2906814,47.70066253,7619,21241,21241,1318119,Matched,Block,,35TH AVE NE BETWEEN NE 98TH ST AND NE 100TH ST,,,2,Injury Collision,Rear Ended,3,0,0,2,2004/05/04 00:00:00+00,5/4/2004,Mid-Block (but intersection related),14,"MOTOR VEHICLE STRUCK MOTOR VEHICLE, REAR END",Y,0,Clear,Dry,Daylight,,4125023.0,,14,From same direction - both going straight - one stopped - rear-end,0,0,N
6194,1,-122.3691643,47.57142255,7620,21411,21411,1798532,Matched,Block,,SW SPOKANE SR ST BETWEEN SW ADMIRAL SR WAY AND SPOKANE TURN RD,,,1,Property Damage Only Collision,Rear Ended,2,0,0,2,2004/07/05 00:00:00+00,7/5/2004,Mid-Block (not related to intersection),14,"MOTOR VEHICLE STRUCK MOTOR VEHICLE, REAR END",,0,Clear,Dry,Dark - Street Lights On,,4187026.0,,14,From same direction - both going straight - one stopped - rear-end,0,0,N
6195,1,-122.3446855,47.70432697,7621,20650,20650,1794117,Matched,Intersection,37281.0,AURORA AVE N AND N 104TH ST,,,1,Property Damage Only Collision,Angles,2,0,0,2,2004/10/26 00:00:00+00,10/26/2004 4:25:00 PM,At Intersection (intersection related),11,"MOTOR VEHICLE STRUCK MOTOR VEHICLE, FRONT END AT ANGLE",,0,Clear,Dry,Daylight,,4300009.0,,10,Entering at angle,0,0,N
6196,1,-122.29590959999999,47.57541958,7622,22083,22083,1779080,Matched,Block,,RAINIER AVE S BETWEEN S MOUNT BAKER EB BV AND S HANFORD ST,,,1,Property Damage Only Collision,Other,2,0,0,2,2004/01/05 00:00:00+00,1/5/2004,Driveway Junction,11,"MOTOR VEHICLE STRUCK MOTOR VEHICLE, FRONT END AT ANGLE",,0,Overcast,Dry,Dark - Street Lights On,,4005002.0,,21,One car entering driveway access,0,0,N
6197,1,-122.32768600000001,47.60171208,7623,21610,21610,1213379,Matched,Block,,YESLER WAY BETWEEN TERRACE ST AND 6TH AVE,,,1,Property Damage Only Collision,Other,2,0,0,2,2004/02/02 00:00:00+00,2/2/2004,Mid-Block (but intersection related),11,"MOTOR VEHICLE STRUCK MOTOR VEHICLE, FRONT END AT ANGLE",,0,Overcast,Dry,Dusk,,4033012.0,,23,From same direction - all others,0,0,N
6198,2,-122.3168692,47.66493251,7624,21323,21323,1220376,Matched,Block,,NE 50TH ST BETWEEN ROOSEVELT WAY NE AND 11TH AVE NE,,,2,Injury Collision,Rear Ended,4,0,0,3,2004/08/03 00:00:00+00,8/3/2004,Mid-Block (but intersection related),14,"MOTOR VEHICLE STRUCK MOTOR VEHICLE, REAR END",Y,0,Clear,Dry,Daylight,,4216006.0,,14,From same direction - both going straight - one stopped - rear-end,0,0,N
6199,2,-122.30033200000001,47.54637208,7625,21694,21694,1481018,Matched,Intersection,167336.0,BEACON ER AVE S AND S GRAHAM ST,,,2,Injury Collision,Left Turn,4,0,0,2,2004/01/04 00:00:00+00,1/4/2004,At Intersection (intersection related),11,"MOTOR VEHICLE STRUCK MOTOR VEHICLE, FRONT END AT ANGLE",,0,Clear,Dry,Dark - Street Lights On,,4004003.0,,28,From opposite direction - one left turn - one straight,0,0,N
6200,2,-122.3289626,47.60087544,7626,21520,21520,1776959,Matched,Intersection,30494.0,4TH AVE S AND S WASHINGTON ST,,,2,Injury Collision,Cycles,5,0,1,2,2004/02/28 00:00:00+00,2/28/2004 8:50:00 AM,At Intersection (intersection related),18,"MOTOR VEHICLE STRUCK PEDALCYCLIST, FRONT END AT ANGLE",,1,Clear,Dry,Daylight,,4059004.0,,45,Vehicle - Pedalcyclist,0,0,N
6201,1,-122.290798,47.72094486,7627,22155,22155,1780492,Matched,Block,,35TH AVE NE BETWEEN NE 125TH ST AND NE 130TH S ST,,,1,Property Damage Only Collision,Angles,3,0,0,2,2004/07/20 00:00:00+00,7/20/2004 8:00:00 PM,Mid-Block (but intersection related),11,"MOTOR VEHICLE STRUCK MOTOR VEHICLE, FRONT END AT ANGLE",,0,Clear,Dry,Dark - Street Lights On,,4202002.0,,10,Entering at angle,0,0,N
6202,2,-122.40392949999999,47.57710552,7628,21092,21092,1334000,Matched,Block,,SW ADMIRAL WAY BETWEEN SW STEVENS ST AND 57TH AVE SW,,,2,Injury Collision,Other,1,0,0,1,2004/11/17 00:00:00+00,11/17/2004 4:58:00 AM,Mid-Block (not related to intersection),28,MOTOR VEHICLE RAN OFF ROAD - HIT FIXED OBJECT,,0,Overcast,Wet,Dark - Street Lights On,,4322033.0,Y,50,Fixed object,0,0,N
6203,1,-122.33279650000001,47.53416603,7630,21281,21281,1781436,Matched,Block,,S HOLDEN ST BETWEEN HOLDEN ST OFF RP AND WEST MARGINAL WAY S,,,1,Property Damage Only Collision,Rear Ended,2,0,0,2,2004/07/23 00:00:00+00,7/23/2004 8:43:00 PM,Mid-Block (but intersection related),14,"MOTOR VEHICLE STRUCK MOTOR VEHICLE, REAR END",,0,Clear,Dry,Dusk,,4205012.0,,14,From same direction - both going straight - one stopped - rear-end,0,0,N
6204,1,-122.3472943,47.64717249,7631,22316,22316,1785260,Matched,Block,,AURORA BR BETWEEN RAYE ST AND BRIDGE WAY N,,,1,Property Damage Only Collision,Sideswipe,2,0,0,2,2004/12/05 00:00:00+00,12/5/2004,Mid-Block (not related to intersection),16,"MOTOR VEHICLE STRUCK MOTOR VEHICLE, LEFT SIDE SIDESWIPE",,0,Clear,Wet,Daylight,,4340028.0,,11,From same direction - both going straight - both moving - sideswipe,0,0,N
6205,1,-122.35533020000001,47.69331628,7633,22031,22031,1780845,Matched,Block,,GREENWOOD AVE N BETWEEN N 87TH ST AND N 90TH ST,,,1,Property Damage Only Collision,Sideswipe,3,0,0,2,2004/09/16 00:00:00+00,9/16/2004 4:30:00 PM,Driveway Junction,11,"MOTOR VEHICLE STRUCK MOTOR VEHICLE, FRONT END AT ANGLE",,0,Raining,Wet,Daylight,,4260027.0,,11,From same direction - both going straight - both moving - sideswipe,0,0,N
6206,1,-122.3453366,47.66251102,7636,21440,21440,1775748,Matched,Block,,GREEN LAKE WAY N BETWEEN N 46TH ST AND WOODLAND PARK AVE N,,,1,Property Damage Only Collision,Rear Ended,2,0,0,2,2004/02/03 00:00:00+00,2/3/2004,Mid-Block (but intersection related),14,"MOTOR VEHICLE STRUCK MOTOR VEHICLE, REAR END",,0,Overcast,Dry,Dusk,,4034019.0,,13,From same direction - both going straight - both moving - rear-end,0,0,N
6207,2,-122.37676110000001,47.67682047,7637,20959,20959,1773518,Matched,Block,,15TH AVE NW BETWEEN NW 65TH ST AND NW 67TH ST,,,2,Injury Collision,Cycles,2,0,1,1,2004/06/03 00:00:00+00,6/3/2004,Mid-Block (but intersection related),54,PEDALCYCLIST STRUCK MOTOR VEHICLE REAR END,,1,Clear,Dry,Daylight,,4155030.0,,45,Vehicle - Pedalcyclist,0,0,N
6208,1,-122.3209152,47.62255713,7638,20719,20719,1216877,Matched,Block,,BROADWAY E BETWEEN E HARRISON ST AND E REPUBLICAN ST,,,1,Property Damage Only Collision,Rear Ended,2,0,0,2,2004/07/26 00:00:00+00,7/26/2004 5:03:00 PM,Mid-Block (not related to intersection),14,"MOTOR VEHICLE STRUCK MOTOR VEHICLE, REAR END",,0,Clear,Dry,Daylight,,4208032.0,,14,From same direction - both going straight - one stopped - rear-end,0,0,N
6209,1,-122.28119790000001,47.66697013,7639,22228,22228,1199287,Matched,Intersection,26260.0,MITHUN PL NE AND NE 52ND ST,,,1,Property Damage Only Collision,Other,2,0,0,2,2004/08/19 00:00:00+00,8/19/2004 10:45:00 AM,At Intersection (intersection related),0,NOT ENOUGH INFORMATION / NOT APPLICABLE,,0,Clear,Dry,Daylight,,4232030.0,,23,From same direction - all others,0,0,N
6210,2,-122.3191446,47.65552387,7640,21889,21889,1797162,Matched,Block,,NE 40TH ST BETWEEN 7TH AVE NE AND UNIVERSITY BR OFF RP,,,2,Injury Collision,Other,2,0,0,1,2004/11/07 00:00:00+00,11/7/2004,Mid-Block (not related to intersection),28,MOTOR VEHICLE RAN OFF ROAD - HIT FIXED OBJECT,,0,Raining,Wet,Dark - Street Lights On,,4312001.0,,50,Fixed object,0,0,N
6211,1,-122.30294669999999,47.58365857,7641,21042,21042,1779219,Matched,Intersection,31564.0,23RD AVE S AND S WALKER ST,,,1,Property Damage Only Collision,Angles,4,0,0,2,2004/02/20 00:00:00+00,2/20/2004 9:11:00 AM,At Intersection (intersection related),11,"MOTOR VEHICLE STRUCK MOTOR VEHICLE, FRONT END AT ANGLE",,0,Clear,Dry,Daylight,,4051006.0,,10,Entering at angle,0,0,N
6212,1,-122.3307297,47.61544972,7643,21157,21157,1776949,Matched,Intersection,29865.0,BOREN AVE AND OLIVE WAY,,,1,Property Damage Only Collision,Angles,2,0,0,2,2004/07/27 00:00:00+00,7/27/2004 12:09:00 AM,At Intersection (intersection related),11,"MOTOR VEHICLE STRUCK MOTOR VEHICLE, FRONT END AT ANGLE",,0,Clear,Dry,Dark - Street Lights On,,4209001.0,,10,Entering at angle,0,0,N
6213,2,-122.34448870000001,47.63758771,7644,20407,20407,1777241,Matched,Block,,AURORA AVE N BETWEEN HOWE ST AND LYNN ST,,,2,Injury Collision,Other,1,0,0,1,2004/10/30 00:00:00+00,10/30/2004 6:04:00 AM,Mid-Block (not related to intersection),26,MOTOR VEHICLE STRUCK OBJECT IN ROAD,,0,Overcast,Wet,Dark - Street Lights On,,4304003.0,Y,50,Fixed object,0,0,N
6214,1,-122.29290520000002,47.57147528,7645,22202,22202,1793062,Matched,Block,,RAINIER AVE S BETWEEN S ESTELLE ST AND S COURT ST,,,1,Property Damage Only Collision,Rear Ended,4,0,0,2,2004/08/25 00:00:00+00,8/25/2004 6:00:00 PM,Mid-Block (not related to intersection),14,"MOTOR VEHICLE STRUCK MOTOR VEHICLE, REAR END",,0,Raining,Wet,Daylight,,4238017.0,,14,From same direction - both going straight - one stopped - rear-end,0,0,N
6215,1,-122.33968429999999,47.57055499,7646,21436,21436,1775092,Matched,Block,,EAST MARGINAL WAY S BETWEEN S SPOKANE SR ST AND EAST MARGINAL NB WAY S,,,1,Property Damage Only Collision,Right Turn,2,0,0,2,2004/01/20 00:00:00+00,1/20/2004 2:36:00 PM,Mid-Block (but intersection related),16,"MOTOR VEHICLE STRUCK MOTOR VEHICLE, LEFT SIDE SIDESWIPE",,0,Clear,Dry,Daylight,,4020010.0,,16,From same direction - one right turn - one straight,0,0,N
6216,1,-122.3390723,47.57150647,7647,21224,21224,C630612,Matched,Block,,WEST SEATTLE BR EB BETWEEN 1ST AV S OFF RP AND SPOKANE ST - W SEA B RP,,,1,Property Damage Only Collision,Rear Ended,2,0,0,2,2004/03/08 00:00:00+00,3/8/2004,Mid-Block (not related to intersection),14,"MOTOR VEHICLE STRUCK MOTOR VEHICLE, REAR END",,0,Clear,Dry,Daylight,,4068042.0,,14,From same direction - both going straight - one stopped - rear-end,0,0,N
6217,2,-122.3274729,47.73408398,7648,22026,22026,1747309,Matched,Block,,NE 145TH ST BETWEEN 1ST AVE NE AND 4TH AVE NE,,,2,Injury Collision,Rear Ended,3,0,0,3,2004/08/24 00:00:00+00,8/24/2004 5:45:00 PM,Mid-Block (not related to intersection),14,"MOTOR VEHICLE STRUCK MOTOR VEHICLE, REAR END",,0,Overcast,Dry,Daylight,,4237050.0,,13,From same direction - both going straight - both moving - rear-end,0,0,N
6218,2,-122.34353999999999,47.62845777,7649,21140,21140,1776355,Matched,Block,,AURORA AVE N BETWEEN WARD ST AND PROSPECT ST,,,2,Injury Collision,Rear Ended,3,0,0,2,2004/01/08 00:00:00+00,1/8/2004,Mid-Block (not related to intersection),14,"MOTOR VEHICLE STRUCK MOTOR VEHICLE, REAR END",,1,Raining,Wet,Dark - Street Lights On,,4008001.0,Y,13,From same direction - both going straight - both moving - rear-end,0,0,N
6219,1,-122.30277,47.60800896,7650,20661,20661,1198352,Matched,Intersection,30173.0,23RD AVE AND E CHERRY ST,,,1,Property Damage Only Collision,Left Turn,4,0,0,2,2004/11/06 00:00:00+00,11/6/2004,At Intersection (intersection related),11,"MOTOR VEHICLE STRUCK MOTOR VEHICLE, FRONT END AT ANGLE",,0,Raining,Wet,Daylight,,4311037.0,,28,From opposite direction - one left turn - one straight,0,0,N
6220,2,-122.30156540000002,47.63524418,7653,21628,21628,1789771,Matched,Intersection,28375.0,24TH AVE E AND BOYER AVE E,,,2,Injury Collision,Left Turn,2,0,0,2,2004/11/16 00:00:00+00,11/16/2004 5:00:00 PM,At Intersection (intersection related),11,"MOTOR VEHICLE STRUCK MOTOR VEHICLE, FRONT END AT ANGLE",,0,Raining,Wet,Dark - Street Lights On,,4321023.0,,28,From opposite direction - one left turn - one straight,0,0,N
6221,2,-122.3353197,47.60872335,7655,21563,21563,1777465,Matched,Block,,4TH AVE BETWEEN UNIVERSITY ST AND UNION ST,,,2,Injury Collision,Pedestrian,2,1,0,1,2004/02/23 00:00:00+00,2/23/2004 4:53:00 PM,Mid-Block (not related to intersection),0,NOT ENOUGH INFORMATION / NOT APPLICABLE,,0,Clear,Dry,Dusk,,4054013.0,,0,Vehicle going straight hits pedestrian,0,0,N
6222,1,-122.2630797,47.50823759,7656,21102,21102,1779415,Matched,Intersection,38316.0,56TH AVE S AND S PRENTICE ST,,,1,Property Damage Only Collision,Other,2,0,0,2,2004/08/21 00:00:00+00,8/21/2004 11:37:00 PM,At Intersection (intersection related),11,"MOTOR VEHICLE STRUCK MOTOR VEHICLE, FRONT END AT ANGLE",,0,Raining,Wet,Dark - Street Lights On,,4234012.0,,21,One car entering driveway access,0,0,N
6223,1,-122.325099,47.68676836,7657,20567,20567,1778660,Matched,Intersection,24537.0,BANNER WAY NE AND NE 80TH ST,,,1,Property Damage Only Collision,Other,1,0,0,1,2004/02/03 00:00:00+00,2/3/2004,At Intersection (intersection related),28,MOTOR VEHICLE RAN OFF ROAD - HIT FIXED OBJECT,,0,Clear,Dry,Dark - Street Lights On,,4034007.0,,50,Fixed object,0,0,N
6224,1,-122.3364503,47.69141065,7658,22063,22063,1796906,Matched,Block,,WALLINGFORD AVE N BETWEEN N 85TH ST AND N 88TH ST,,,1,Property Damage Only Collision,Parked Car,2,0,0,2,2004/11/10 00:00:00+00,11/10/2004 5:40:00 PM,Mid-Block (not related to intersection),14,"MOTOR VEHICLE STRUCK MOTOR VEHICLE, REAR END",,0,Clear,Dry,Dark - Street Lights On,,4315029.0,,32,One parked--one moving,0,0,N
6225,1,-122.3218137,47.57127023,7659,21592,21592,1762940,Matched,Block,,WEST SEATTLE BR EB BETWEEN W SEATTLE BR - I5 NB RP AND 6TH AV S - I5 NB RP,,,1,Property Damage Only Collision,Rear Ended,3,0,0,2,2004/11/29 00:00:00+00,11/29/2004 6:14:00 PM,Mid-Block (but intersection related),14,"MOTOR VEHICLE STRUCK MOTOR VEHICLE, REAR END",,0,Raining,Wet,Dark - Street Lights On,,4334037.0,Y,13,From same direction - both going straight - both moving - rear-end,0,0,N
6226,1,-122.3554483,47.61918373,7660,21172,21172,1482613,Matched,Block,,1ST AVE N BETWEEN DENNY WAY AND JOHN ST,,,1,Property Damage Only Collision,Parked Car,2,0,0,2,2004/05/27 00:00:00+00,5/27/2004 1:32:00 AM,Mid-Block (not related to intersection),16,"MOTOR VEHICLE STRUCK MOTOR VEHICLE, LEFT SIDE SIDESWIPE",,0,Clear,Dry,Dark - Street Lights On,,4148053.0,,32,One parked--one moving,0,0,N