,SEVERITYCODE,X,Y,OBJECTID,INCKEY,COLDETKEY,REPORTNO,STATUS,ADDRTYPE,INTKEY,LOCATION,EXCEPTRSNCODE,EXCEPTRSNDESC,SEVERITYCODE.1,SEVERITYDESC,COLLISIONTYPE,PERSONCOUNT,PEDCOUNT,PEDCYLCOUNT,VEHCOUNT,INCDATE,INCDTTM,JUNCTIONTYPE,SDOT_COLCODE,SDOT_COLDESC,INATTENTIONIND,UNDERINFL,WEATHER,ROADCOND,LIGHTCOND,PEDROWNOTGRNT,SDOTCOLNUM,SPEEDING,ST_COLCODE,ST_COLDESC,SEGLANEKEY,CROSSWALKKEY,HITPARKEDCAR
6227,1,-122.26753259999998,47.50259505,7662,20864,20864,1316882,Matched,Intersection,38332.0,53RD AVE S AND S LEO ST,,,1,Property Damage Only Collision,Angles,2,0,0,2,2004/10/29 00:00:00+00,10/29/2004 1:30:00 PM,At Intersection (intersection related),11,"MOTOR VEHICLE STRUCK MOTOR VEHICLE, FRONT END AT ANGLE",,0,Clear,Dry,Daylight,,4303040.0,,10,Entering at angle,0,0,N
6228,2,-122.2880916,47.52968599,7663,20803,20803,1772988,Matched,Intersection,35327.0,BEACON WR AVE S AND S ROSE ST,,,2,Injury Collision,Left Turn,2,0,0,2,2004/04/25 00:00:00+00,4/25/2004 8:41:00 PM,At Intersection (intersection related),11,"MOTOR VEHICLE STRUCK MOTOR VEHICLE, FRONT END AT ANGLE",,0,Clear,Dry,Dusk,,4116013.0,,15,From same direction - one left turn - one straight,0,0,N
6229,1,-122.34489609999999,47.717173100000004,7665,21793,21793,1779721,Matched,Block,,AURORA AVE N BETWEEN N 117TH PL AND N 125TH ST,,,1,Property Damage Only Collision,Rear Ended,3,0,0,3,2004/04/13 00:00:00+00,4/13/2004 5:52:00 PM,Mid-Block (not related to intersection),14,"MOTOR VEHICLE STRUCK MOTOR VEHICLE, REAR END",Y,0,Clear,Dry,Daylight,,4104010.0,,14,From same direction - both going straight - one stopped - rear-end,0,0,N
6230,2,-122.31696509999999,47.60085286,7666,20926,20926,1790111,Matched,Intersection,30418.0,12TH AVE S AND BOREN AVE S,,,2,Injury Collision,Angles,4,0,0,2,2004/03/16 00:00:00+00,3/16/2004 8:38:00 PM,At Intersection (intersection related),11,"MOTOR VEHICLE STRUCK MOTOR VEHICLE, FRONT END AT ANGLE",,0,Clear,Dry,Dark - Street Lights On,,4076009.0,,10,Entering at angle,0,0,N
6231,1,-122.31144350000001,47.61851685,7667,22013,22013,C645402,Matched,Intersection,29385.0,16TH AVE AND E DENNY WAY,,,1,Property Damage Only Collision,Angles,2,0,0,2,2004/06/01 00:00:00+00,6/1/2004,At Intersection (intersection related),11,"MOTOR VEHICLE STRUCK MOTOR VEHICLE, FRONT END AT ANGLE",,0,Clear,Dry,Daylight,,4153042.0,,10,Entering at angle,0,0,N
6232,1,-122.35316709999998,47.61730798,7668,21133,21133,1181397,Matched,Block,,1ST AVE BETWEEN BROAD ST AND EAGLE ST,,,1,Property Damage Only Collision,Other,1,0,0,1,2004/09/18 00:00:00+00,9/18/2004 2:25:00 AM,Mid-Block (not related to intersection),28,MOTOR VEHICLE RAN OFF ROAD - HIT FIXED OBJECT,Y,0,Clear,Dry,Dark - Street Lights On,,4262033.0,,51,Other object,0,0,N
6233,1,-122.3130742,47.66490072,7670,22240,22240,1775921,Matched,Intersection,25793.0,UNIVERSITY WAY NE AND NE 50TH ST,,,1,Property Damage Only Collision,Left Turn,2,0,0,2,2004/06/02 00:00:00+00,6/2/2004,At Intersection (intersection related),11,"MOTOR VEHICLE STRUCK MOTOR VEHICLE, FRONT END AT ANGLE",,0,Clear,Dry,Daylight,,4154036.0,,28,From opposite direction - one left turn - one straight,0,0,N
6234,1,-122.32066270000001,47.66786248,7671,21626,21626,1793891,Matched,Block,,7TH AVE NE BETWEEN NE 53RD ST AND NE 55TH ST,,,1,Property Damage Only Collision,Parked Car,2,0,0,2,2004/11/18 00:00:00+00,11/18/2004 11:22:00 PM,Mid-Block (not related to intersection),14,"MOTOR VEHICLE STRUCK MOTOR VEHICLE, REAR END",,1,Clear,Dry,Dark - No Street Lights,,4323035.0,,32,One parked--one moving,0,0,N
6235,2,-122.3328695,47.72319733,7673,21839,21839,1794508,Matched,Block,,N 130TH ST BETWEEN MERIDIAN AVE N AND CORLISS AVE N,,,2,Injury Collision,Left Turn,4,0,0,2,2004/10/16 00:00:00+00,10/16/2004 2:08:00 PM,Mid-Block (but intersection related),28,MOTOR VEHICLE RAN OFF ROAD - HIT FIXED OBJECT,,0,Raining,Wet,Daylight,,4290006.0,,28,From opposite direction - one left turn - one straight,0,0,N
6236,1,-122.3172267,47.59749957,7675,21734,21734,1788515,Matched,Intersection,30436.0,12TH AVE S AND S WELLER ST,,,1,Property Damage Only Collision,Left Turn,2,0,0,2,2004/02/23 00:00:00+00,2/23/2004 9:32:00 AM,At Intersection (intersection related),11,"MOTOR VEHICLE STRUCK MOTOR VEHICLE, FRONT END AT ANGLE",,0,Overcast,Dry,Daylight,,4054019.0,,28,From opposite direction - one left turn - one straight,0,0,N
6237,1,-122.31625149999999,47.63765,7676,20729,20729,1772597,Matched,Block,,E CROCKETT ST BETWEEN 12TH AVE E AND EVERETT AVE E,,,1,Property Damage Only Collision,Parked Car,2,0,0,2,2004/06/27 00:00:00+00,6/27/2004 3:18:00 PM,Mid-Block (not related to intersection),11,"MOTOR VEHICLE STRUCK MOTOR VEHICLE, FRONT END AT ANGLE",,0,Clear,Dry,Daylight,,4179027.0,,32,One parked--one moving,0,0,N
6238,1,-122.31192970000001,47.67578344,7677,21962,21962,1079994,Matched,Intersection,24506.0,15TH AVE NE AND NE 65TH ST,,,1,Property Damage Only Collision,Left Turn,3,0,0,2,2004/07/16 00:00:00+00,7/16/2004 5:15:00 PM,At Intersection (intersection related),11,"MOTOR VEHICLE STRUCK MOTOR VEHICLE, FRONT END AT ANGLE",,0,Clear,Dry,Daylight,,4198033.0,,28,From opposite direction - one left turn - one straight,0,0,N
6239,1,-122.2838926,47.54282446,7678,20991,20991,1793096,Matched,Block,,M L KING JR ER WAY S BETWEEN S WARSAW ST AND S HOLLY ST,,,1,Property Damage Only Collision,Sideswipe,3,0,0,2,2004/08/17 00:00:00+00,8/17/2004 4:30:00 PM,Mid-Block (not related to intersection),16,"MOTOR VEHICLE STRUCK MOTOR VEHICLE, LEFT SIDE SIDESWIPE",,0,Clear,Dry,Daylight,,4230030.0,,11,From same direction - both going straight - both moving - sideswipe,0,0,N
6240,1,-122.3629072,47.55837154,7679,20534,20534,1790500,Matched,Block,,DELRIDGE WAY SW BETWEEN SW EDMUNDS ST AND SW HUDSON ST,,,1,Property Damage Only Collision,Rear Ended,2,0,0,2,2004/10/30 00:00:00+00,10/30/2004 10:35:00 AM,Mid-Block (not related to intersection),14,"MOTOR VEHICLE STRUCK MOTOR VEHICLE, REAR END",,0,Clear,Dry,Daylight,,4304029.0,,13,From same direction - both going straight - both moving - rear-end,0,0,N
6241,1,-122.33848459999999,47.61853427,7680,22331,22331,1777762,Matched,Intersection,29510.0,DENNY WAY AND WESTLAKE AVE,,,1,Property Damage Only Collision,Angles,3,0,0,3,2004/01/07 00:00:00+00,1/7/2004,At Intersection (intersection related),11,"MOTOR VEHICLE STRUCK MOTOR VEHICLE, FRONT END AT ANGLE",,0,Raining,Wet,Daylight,,4007015.0,,10,Entering at angle,0,0,N
6242,1,-122.28079709999999,47.53623841,7685,22084,22084,1779103,Matched,Block,,M L KING JR ER WAY S BETWEEN S OTHELLO ST AND RENTON S AVE S,,,1,Property Damage Only Collision,Sideswipe,5,0,0,2,2004/03/07 00:00:00+00,3/7/2004,Mid-Block (not related to intersection),14,"MOTOR VEHICLE STRUCK MOTOR VEHICLE, REAR END",,0,Raining,Wet,Daylight,,4067028.0,,11,From same direction - both going straight - both moving - sideswipe,0,0,N
6243,2,-122.3350596,47.62461807,7686,21612,21612,1213518,Matched,Block,,MERCER SR ST BETWEEN BOREN AVE N AND FAIRVIEW N AVE N,,,2,Injury Collision,Left Turn,4,0,0,2,2004/05/29 00:00:00+00,5/29/2004 9:51:00 AM,Driveway Junction,11,"MOTOR VEHICLE STRUCK MOTOR VEHICLE, FRONT END AT ANGLE",,0,Clear,Dry,Daylight,,4150028.0,,15,From same direction - one left turn - one straight,0,0,N
6244,1,-122.3125635,47.66126567,7687,21188,21188,1931183,Matched,Block,,NE 45TH ST BETWEEN UNIVERSITY WAY NE AND 15TH AVE NE,,,1,Property Damage Only Collision,Rear Ended,2,0,0,2,2004/11/19 00:00:00+00,11/19/2004 11:23:00 AM,Mid-Block (but intersection related),14,"MOTOR VEHICLE STRUCK MOTOR VEHICLE, REAR END",Y,0,Overcast,Dry,Daylight,,4324034.0,,14,From same direction - both going straight - one stopped - rear-end,0,0,N
6245,1,-122.32588989999999,47.64087739,7688,21413,21413,1798929,Matched,Block,,EASTLAKE AVE E BETWEEN E LYNN ST AND E LOUISA ST,,,1,Property Damage Only Collision,Sideswipe,2,0,0,2,2004/08/25 00:00:00+00,8/25/2004 9:12:00 AM,Mid-Block (not related to intersection),16,"MOTOR VEHICLE STRUCK MOTOR VEHICLE, LEFT SIDE SIDESWIPE",,0,Raining,Wet,Daylight,,4238024.0,,11,From same direction - both going straight - both moving - sideswipe,0,0,N
6246,1,-122.33688459999999,47.60875622,7689,20701,20701,1182063,Matched,Intersection,29591.0,3RD AVE AND UNION ST,,,1,Property Damage Only Collision,Angles,2,0,0,2,2004/02/12 00:00:00+00,2/12/2004 10:30:00 PM,At Intersection (intersection related),11,"MOTOR VEHICLE STRUCK MOTOR VEHICLE, FRONT END AT ANGLE",,0,Clear,Dry,Dark - Street Lights On,,4043023.0,,10,Entering at angle,0,0,N
6247,1,-122.3564596,47.52194987,7690,21906,21906,1790802,Matched,Block,,17TH AVE SW BETWEEN SW HENDERSON ST AND SW BARTON ST,,,1,Property Damage Only Collision,Parked Car,2,0,0,2,2004/08/21 00:00:00+00,8/21/2004 2:19:00 AM,Mid-Block (not related to intersection),14,"MOTOR VEHICLE STRUCK MOTOR VEHICLE, REAR END",Y,0,Clear,Dry,Dark - Street Lights On,,4234022.0,,32,One parked--one moving,0,0,N
6248,2,-122.2767075,47.52519117,7691,21714,21714,1203743,Matched,Block,,RENTON AVE S BETWEEN S CLOVERDALE ST AND S TRENTON ST,,,2,Injury Collision,Other,4,0,0,2,2004/01/16 00:00:00+00,1/16/2004 6:23:00 PM,Driveway Junction,11,"MOTOR VEHICLE STRUCK MOTOR VEHICLE, FRONT END AT ANGLE",Y,0,Clear,Dry,Dark - Street Lights On,,4016014.0,,22,One car leaving driveway access,0,0,N
6249,1,-122.3181091,47.60570109,7692,21227,21227,1798947,Matched,Block,,11TH AVE BETWEEN E TERRACE ST AND E JEFFERSON ST,,,1,Property Damage Only Collision,Parked Car,3,0,0,3,2004/09/12 00:00:00+00,9/12/2004 2:36:00 AM,Mid-Block (not related to intersection),11,"MOTOR VEHICLE STRUCK MOTOR VEHICLE, FRONT END AT ANGLE",,0,Raining,Wet,Dark - Street Lights On,,4256025.0,,32,One parked--one moving,0,0,N
6250,1,-122.3270706,47.6055717,7693,22170,22170,1789876,Matched,Block,,CHERRY ST BETWEEN 7TH AVE AND 8TH AVE,,,1,Property Damage Only Collision,Rear Ended,3,0,0,3,2004/02/02 00:00:00+00,2/2/2004,Mid-Block (but intersection related),11,"MOTOR VEHICLE STRUCK MOTOR VEHICLE, FRONT END AT ANGLE",Y,0,Clear,Dry,Daylight,,4033007.0,,14,From same direction - both going straight - one stopped - rear-end,0,0,N
6251,1,-122.3363828,47.66831488,7694,20985,20985,1780779,Matched,Block,,WALLINGFORD AVE N BETWEEN N 54TH ST AND N 55TH ST,,,1,Property Damage Only Collision,Parked Car,2,0,0,2,2004/03/02 00:00:00+00,3/2/2004,Mid-Block (not related to intersection),16,"MOTOR VEHICLE STRUCK MOTOR VEHICLE, LEFT SIDE SIDESWIPE",,0,Clear,Dry,Daylight,,4062008.0,,32,One parked--one moving,0,0,N
6252,1,-122.29621909999999,47.599751399999995,7696,22460,22460,1788585,Matched,Block,,28TH AVE S BETWEEN S MAIN W ST AND S JACKSON ST,,,1,Property Damage Only Collision,Parked Car,2,0,0,2,2004/06/18 00:00:00+00,6/18/2004 11:19:00 PM,Driveway Junction,11,"MOTOR VEHICLE STRUCK MOTOR VEHICLE, FRONT END AT ANGLE",,0,Clear,Dry,Dark - Street Lights On,,4170042.0,,32,One parked--one moving,0,0,N
6253,1,-122.3325818,47.60572989,7697,21498,21498,1219815,Matched,Block,,4TH AVE BETWEEN MARION ST AND MADISON ST,,,1,Property Damage Only Collision,Sideswipe,2,0,0,2,2004/11/09 00:00:00+00,11/9/2004,Mid-Block (not related to intersection),11,"MOTOR VEHICLE STRUCK MOTOR VEHICLE, FRONT END AT ANGLE",,0,Clear,Dry,Daylight,,4314023.0,,11,From same direction - both going straight - both moving - sideswipe,0,0,N
6254,1,-122.27766409999998,47.55117602,7698,21342,21342,1779578,Matched,Intersection,33512.0,RAINIER AVE S AND S ORCAS ST,,,1,Property Damage Only Collision,Rear Ended,2,0,0,2,2004/01/15 00:00:00+00,1/15/2004 6:15:00 PM,At Intersection (intersection related),14,"MOTOR VEHICLE STRUCK MOTOR VEHICLE, REAR END",,0,Raining,Wet,Dark - Street Lights On,,4015036.0,,14,From same direction - both going straight - one stopped - rear-end,0,0,N
6255,1,-122.33748600000001,47.58974639,7699,21017,21017,1213859,Matched,Block,,ALASKAN WY VI SB BETWEEN ALASKAN WY VI SB EFR OFF RP AND S HOLGATE ST,,,1,Property Damage Only Collision,Other,1,0,0,1,2004/06/29 00:00:00+00,6/29/2004 3:20:00 AM,Mid-Block (not related to intersection),26,MOTOR VEHICLE STRUCK OBJECT IN ROAD,Y,1,Clear,Dry,Dark - No Street Lights,,4181026.0,,50,Fixed object,0,0,N
6256,1,-122.34674070000001,47.52555844,7707,22487,22487,1789341,Matched,Block,,9TH AVE SW BETWEEN SW CLOVERDALE ST AND SW TRENTON ST,,,1,Property Damage Only Collision,Parked Car,3,0,0,3,2004/10/12 00:00:00+00,10/12/2004 7:32:00 AM,Mid-Block (not related to intersection),13,"MOTOR VEHICLE STRUCK MOTOR VEHICLE, LEFT SIDE AT ANGLE",,0,Clear,Dry,Daylight,,4286014.0,,32,One parked--one moving,0,0,N
6257,2,-122.26998600000002,47.52330727,7708,21922,21922,1773053,Matched,Intersection,35443.0,RAINIER AVE S AND S HENDERSON ST,,,2,Injury Collision,Angles,2,0,0,2,2004/06/30 00:00:00+00,6/30/2004 4:16:00 AM,At Intersection (intersection related),11,"MOTOR VEHICLE STRUCK MOTOR VEHICLE, FRONT END AT ANGLE",Y,0,Clear,Dry,Dark - Street Lights On,,4182010.0,,10,Entering at angle,0,0,N
6258,1,-122.3458666,47.690566700000005,7709,21325,21325,1226518,Matched,Block,,N 85TH ST BETWEEN LINDEN AVE N AND AURORA AVE N,,,1,Property Damage Only Collision,Other,1,0,0,1,2004/06/03 00:00:00+00,6/3/2004,Mid-Block (not related to intersection),11,"MOTOR VEHICLE STRUCK MOTOR VEHICLE, FRONT END AT ANGLE",,0,Clear,Dry,Daylight,,4155029.0,,50,Fixed object,0,0,N
6259,1,-122.34889799999999,47.6171311,7710,21417,21417,1181699,Matched,Intersection,29669.0,3RD AVE AND CEDAR ST,,,1,Property Damage Only Collision,Angles,2,0,0,2,2004/05/20 00:00:00+00,5/20/2004 6:17:00 PM,At Intersection (intersection related),11,"MOTOR VEHICLE STRUCK MOTOR VEHICLE, FRONT END AT ANGLE",,0,Overcast,Dry,Daylight,,4141013.0,,10,Entering at angle,0,0,N
6260,1,-122.35540929999999,47.62392488,7711,21796,21796,1069508,Matched,Block,,1ST AVE N BETWEEN REPUBLICAN ST AND MERCER ST,,,1,Property Damage Only Collision,Sideswipe,5,0,0,2,2004/11/23 00:00:00+00,11/23/2004 4:06:00 PM,Mid-Block (not related to intersection),11,"MOTOR VEHICLE STRUCK MOTOR VEHICLE, FRONT END AT ANGLE",,0,Raining,Wet,Dark - Street Lights On,,4328045.0,,11,From same direction - both going straight - both moving - sideswipe,0,0,N
6261,1,-122.35897759999999,47.55608676,7712,22160,22160,1856471,Matched,Block,,SW DAWSON ST BETWEEN 18TH AVE SW AND 21ST AVE SW,,,1,Property Damage Only Collision,Rear Ended,2,0,0,2,2004/11/14 00:00:00+00,11/14/2004 6:47:00 PM,Mid-Block (but intersection related),14,"MOTOR VEHICLE STRUCK MOTOR VEHICLE, REAR END",,0,Raining,Wet,Dark - Street Lights On,,4319042.0,,14,From same direction - both going straight - one stopped - rear-end,0,0,N
6262,1,-122.323242,47.70744141,7713,21394,21394,1780155,Matched,Block,,5TH AVE NE BETWEEN NE 106TH ST AND NE NORTHGATE WAY,,,1,Property Damage Only Collision,Rear Ended,3,0,0,3,2004/02/27 00:00:00+00,2/27/2004 6:30:00 PM,Mid-Block (but intersection related),14,"MOTOR VEHICLE STRUCK MOTOR VEHICLE, REAR END",,0,Clear,Dry,Dark - Street Lights On,,4058038.0,Y,14,From same direction - both going straight - one stopped - rear-end,0,0,N
6263,1,-122.28928429999999,47.69381678,7714,21959,21959,1780017,Matched,Block,,NE 90TH ST BETWEEN 35TH AVE NE AND 38TH AVE NE,,,1,Property Damage Only Collision,Other,1,0,0,1,2004/03/12 00:00:00+00,3/12/2004 5:00:00 AM,Mid-Block (not related to intersection),28,MOTOR VEHICLE RAN OFF ROAD - HIT FIXED OBJECT,,0,Clear,Dry,Dark - Street Lights On,,4072028.0,,50,Fixed object,0,0,N
6264,1,-122.2706936,47.52330823,7715,20852,20852,1773181,Matched,Block,,S HENDERSON ST BETWEEN 50TH AVE S AND RAINIER AVE S,,,1,Property Damage Only Collision,Other,1,0,0,1,2004/12/21 00:00:00+00,12/21/2004 8:34:00 PM,Mid-Block (but intersection related),28,MOTOR VEHICLE RAN OFF ROAD - HIT FIXED OBJECT,,0,Clear,Wet,Dark - Street Lights On,,4356025.0,,50,Fixed object,0,0,N
6265,1,-122.3871989,47.54635845,7716,20533,20533,1790407,Matched,Block,,CALIFORNIA AVE SW BETWEEN SW GRAHAM ST AND SW EDDY ST,,,1,Property Damage Only Collision,Rear Ended,4,0,0,3,2004/05/28 00:00:00+00,5/28/2004 2:42:00 PM,Mid-Block (not related to intersection),14,"MOTOR VEHICLE STRUCK MOTOR VEHICLE, REAR END",,0,Raining,Wet,Daylight,,4149032.0,Y,14,From same direction - both going straight - one stopped - rear-end,0,0,N
6266,1,-122.3728713,47.65548742,7717,22326,22326,1316788,Matched,Block,,W NICKERSON ST BETWEEN 12TH AVE W AND 13TH AVE W,,,1,Property Damage Only Collision,Other,1,0,0,1,2004/09/17 00:00:00+00,9/17/2004 10:57:00 PM,Mid-Block (not related to intersection),0,NOT ENOUGH INFORMATION / NOT APPLICABLE,,0,Overcast,Wet,Dark - Street Lights On,,4261030.0,,50,Fixed object,0,0,N
6267,1,-122.36165109999999,47.62126697,7718,21781,21781,1475095,Matched,Block,,ELLIOTT AVE W BETWEEN W THOMAS N ST AND 4TH AVE W,,,1,Property Damage Only Collision,Other,3,0,0,2,2004/02/14 00:00:00+00,2/14/2004 3:06:00 PM,Driveway Junction,11,"MOTOR VEHICLE STRUCK MOTOR VEHICLE, FRONT END AT ANGLE",,0,Raining,Wet,Daylight,,4045029.0,,21,One car entering driveway access,0,0,N
6268,1,-122.3122232,47.60168456,7719,21070,21070,1216740,Matched,Block,,E YESLER WAY BETWEEN 15TH AVE AND 16TH AVE,,,1,Property Damage Only Collision,Parked Car,2,0,0,2,2004/08/16 00:00:00+00,8/16/2004 10:01:00 PM,Mid-Block (not related to intersection),14,"MOTOR VEHICLE STRUCK MOTOR VEHICLE, REAR END",,0,Clear,Dry,Dark - Street Lights On,,4229030.0,,32,One parked--one moving,0,0,N
6269,1,-122.34459939999999,47.697084100000005,7720,21871,21871,1782463,Matched,Intersection,37326.0,AURORA AVE N AND N 94TH ST,,,1,Property Damage Only Collision,Sideswipe,4,0,0,2,2004/05/17 00:00:00+00,5/17/2004 10:45:00 AM,At Intersection (intersection related),11,"MOTOR VEHICLE STRUCK MOTOR VEHICLE, FRONT END AT ANGLE",,0,Clear,Dry,Daylight,,4138022.0,,11,From same direction - both going straight - both moving - sideswipe,0,0,N
6270,2,-122.3016571,47.62976923,7723,22532,22532,1798928,Matched,Block,,24TH AVE E BETWEEN E PROSPECT ST AND E HIGHLAND DR,,,2,Injury Collision,Cycles,2,0,1,1,2004/08/24 00:00:00+00,8/24/2004 6:38:00 PM,Driveway Junction,18,"MOTOR VEHICLE STRUCK PEDALCYCLIST, FRONT END AT ANGLE",,0,Clear,Dry,Daylight,Y,4237047.0,,45,Vehicle - Pedalcyclist,0,0,N
6271,2,-122.3331044,47.68690246,7724,21459,21459,1793866,Matched,Intersection,24236.0,MERIDIAN AVE N AND N 80TH ST,,,2,Injury Collision,Rear Ended,3,0,0,3,2004/09/07 00:00:00+00,9/7/2004,At Intersection (but not related to intersection),14,"MOTOR VEHICLE STRUCK MOTOR VEHICLE, REAR END",,0,Clear,Dry,Daylight,,4251031.0,,13,From same direction - both going straight - both moving - rear-end,0,0,N
6272,1,-122.3174038,47.66493734,7725,21321,21321,1220174,Matched,Intersection,25789.0,ROOSEVELT WAY NE AND NE 50TH ST,,,1,Property Damage Only Collision,Angles,2,0,0,2,2004/09/20 00:00:00+00,9/20/2004 11:50:00 AM,At Intersection (intersection related),11,"MOTOR VEHICLE STRUCK MOTOR VEHICLE, FRONT END AT ANGLE",,0,Clear,Dry,Daylight,,4264007.0,,10,Entering at angle,0,0,N
6273,2,-122.3131297,47.66126937,7726,21678,21678,1780442,Matched,Intersection,27062.0,UNIVERSITY WAY NE AND NE 45TH ST,,,2,Injury Collision,Cycles,2,0,1,1,2004/06/15 00:00:00+00,6/15/2004 8:12:00 AM,At Intersection (intersection related),18,"MOTOR VEHICLE STRUCK PEDALCYCLIST, FRONT END AT ANGLE",,0,Clear,Dry,Daylight,,4167031.0,,45,Vehicle - Pedalcyclist,0,0,N
6274,1,-122.3605037,47.63182359,7727,20870,20870,1778024,Matched,Block,,3RD AVE W BETWEEN W LEE ST AND W GALER E ST,,,1,Property Damage Only Collision,Parked Car,2,0,0,2,2004/06/08 00:00:00+00,6/8/2004,Mid-Block (not related to intersection),13,"MOTOR VEHICLE STRUCK MOTOR VEHICLE, LEFT SIDE AT ANGLE",,0,Clear,Dry,Daylight,,4160040.0,,32,One parked--one moving,0,0,N
6275,1,-122.31302859999998,47.67021294,7730,21716,21716,1205262,Matched,Block,,UNIVERSITY WAY NE BETWEEN NE 56TH ST AND NE RAVENNA EB BV,,,1,Property Damage Only Collision,Parked Car,4,0,0,4,2004/11/07 00:00:00+00,11/7/2004,Mid-Block (not related to intersection),11,"MOTOR VEHICLE STRUCK MOTOR VEHICLE, FRONT END AT ANGLE",,0,Clear,Wet,Dark - Street Lights On,,4312011.0,Y,32,One parked--one moving,0,0,N
6276,1,-122.3165126,47.67333452,7733,20984,20984,1780768,Matched,Block,,NE 62ND ST BETWEEN ROOSEVELT WAY NE AND 12TH AVE NE,,,1,Property Damage Only Collision,Parked Car,2,0,0,2,2004/03/17 00:00:00+00,3/17/2004 2:00:00 PM,Mid-Block (not related to intersection),16,"MOTOR VEHICLE STRUCK MOTOR VEHICLE, LEFT SIDE SIDESWIPE",,0,Clear,Dry,Daylight,,4077031.0,,32,One parked--one moving,0,0,N
6277,1,-122.3293196,47.53271513,7734,20519,20519,1788805,Matched,Block,,S CHICAGO ST BETWEEN DEAD END 5 AND 5TH AVE S,,,1,Property Damage Only Collision,Parked Car,2,0,0,2,2004/08/23 00:00:00+00,8/23/2004 6:00:00 PM,Mid-Block (not related to intersection),11,"MOTOR VEHICLE STRUCK MOTOR VEHICLE, FRONT END AT ANGLE",,0,Unknown,Unknown,Unknown,,4236019.0,,32,One parked--one moving,0,0,N
6278,1,-122.3047622,47.66155888,7735,22177,22177,1776173,Matched,Block,,22ND AVE NE BETWEEN NE 45TH NR ST AND NE 46TH ST,,,1,Property Damage Only Collision,Parked Car,2,0,0,2,2004/08/09 00:00:00+00,8/9/2004,Mid-Block (not related to intersection),11,"MOTOR VEHICLE STRUCK MOTOR VEHICLE, FRONT END AT ANGLE",,0,Unknown,Dry,Unknown,,4222035.0,,32,One parked--one moving,0,0,N
6279,1,-122.32847079999999,47.60794453,7737,21487,21487,1795882,Matched,Intersection,29936.0,8TH AVE AND MADISON ST,,,1,Property Damage Only Collision,Angles,2,0,0,2,2004/10/04 00:00:00+00,10/4/2004,At Intersection (intersection related),11,"MOTOR VEHICLE STRUCK MOTOR VEHICLE, FRONT END AT ANGLE",,0,Clear,Dry,Dawn,,4278014.0,,10,Entering at angle,0,0,N
6280,1,-122.30089840000002,47.666264,7739,21703,21703,1774275,Matched,Block,,NE BLAKELEY ST BETWEEN RAVENNA PL NE AND 25TH AVE NE,,,1,Property Damage Only Collision,Other,2,0,0,2,2004/10/25 00:00:00+00,10/25/2004 9:12:00 PM,Mid-Block (but intersection related),11,"MOTOR VEHICLE STRUCK MOTOR VEHICLE, FRONT END AT ANGLE",Y,0,Clear,Dry,Dark - Street Lights On,,4299013.0,,23,From same direction - all others,0,0,N
6281,2,,,7740,21376,21376,1069481,Matched,Block,,ALASKAN WY VI NB BETWEEN S ROYAL BROUGHAM WAY ON RP AND SENECA ST OFF RP,,,2,Injury Collision,Other,1,0,0,1,2004/11/25 00:00:00+00,11/25/2004 2:55:00 AM,Mid-Block (not related to intersection),26,MOTOR VEHICLE STRUCK OBJECT IN ROAD,,0,Raining,Wet,Dark - Street Lights On,,4330004.0,Y,50,Fixed object,0,0,N
6282,2,-122.37627579999999,47.55378048,7741,20422,20422,1790626,Matched,Intersection,32795.0,35TH AVE SW AND SW BRANDON ST,,,2,Injury Collision,Rear Ended,3,0,0,3,2004/05/19 00:00:00+00,5/19/2004 3:24:00 PM,At Intersection (intersection related),14,"MOTOR VEHICLE STRUCK MOTOR VEHICLE, REAR END",Y,0,Overcast,Dry,Daylight,,4140010.0,,13,From same direction - both going straight - both moving - rear-end,0,0,N
6283,1,-122.313397,47.58003408,7742,22070,22070,1771855,Matched,Block,,15TH AVE S BETWEEN BEACON AVE S AND S LANDER ST,,,1,Property Damage Only Collision,Sideswipe,2,0,0,2,2004/04/29 00:00:00+00,4/29/2004 5:39:00 PM,Mid-Block (but intersection related),16,"MOTOR VEHICLE STRUCK MOTOR VEHICLE, LEFT SIDE SIDESWIPE",,0,Clear,Dry,Daylight,,4120038.0,,11,From same direction - both going straight - both moving - sideswipe,0,0,N
6284,1,-122.3132159,47.65231345,7743,21453,21453,1780539,Matched,Block,,15TH AVE NE BETWEEN NE BOAT W ST AND NE PACIFIC ST,,,1,Property Damage Only Collision,Parked Car,2,0,0,2,2004/03/25 00:00:00+00,3/25/2004 8:30:00 PM,Mid-Block (not related to intersection),16,"MOTOR VEHICLE STRUCK MOTOR VEHICLE, LEFT SIDE SIDESWIPE",,0,Overcast,Wet,Unknown,,4085032.0,,32,One parked--one moving,0,0,N
6285,1,-122.3847399,47.67528703,7744,21174,21174,1779891,Matched,Intersection,25110.0,22ND AVE NW AND NW 64TH ST,,,1,Property Damage Only Collision,Angles,3,0,0,2,2004/03/10 00:00:00+00,3/10/2004 2:57:00 PM,At Intersection (intersection related),11,"MOTOR VEHICLE STRUCK MOTOR VEHICLE, FRONT END AT ANGLE",,0,Clear,Dry,Daylight,,4070035.0,,10,Entering at angle,0,0,N