,SEVERITYCODE,X,Y,OBJECTID,INCKEY,COLDETKEY,REPORTNO,STATUS,ADDRTYPE,INTKEY,LOCATION,EXCEPTRSNCODE,EXCEPTRSNDESC,SEVERITYCODE.1,SEVERITYDESC,COLLISIONTYPE,PERSONCOUNT,PEDCOUNT,PEDCYLCOUNT,VEHCOUNT,INCDATE,INCDTTM,JUNCTIONTYPE,SDOT_COLCODE,SDOT_COLDESC,INATTENTIONIND,UNDERINFL,WEATHER,ROADCOND,LIGHTCOND,PEDROWNOTGRNT,SDOTCOLNUM,SPEEDING,ST_COLCODE,ST_COLDESC,SEGLANEKEY,CROSSWALKKEY,HITPARKEDCAR
6286,1,-122.30476780000001,47.627745399999995,7745,21815,21815,1220237,Matched,Block,,21ST AVE E BETWEEN E ALOHA ST AND E PROSPECT ST,,,1,Property Damage Only Collision,Parked Car,2,0,0,2,2004/09/11 00:00:00+00,9/11/2004 2:00:00 PM,Mid-Block (not related to intersection),14,"MOTOR VEHICLE STRUCK MOTOR VEHICLE, REAR END",,0,Unknown,Unknown,Unknown,,4255013.0,,32,One parked--one moving,0,0,N
6287,2,-122.32354120000001,47.54096701,7746,21145,21145,1775337,Matched,Block,,CORSON AVE S BETWEEN S WILLOW ST AND EAST MARGINAL WAY S,,,2,Injury Collision,Sideswipe,2,0,0,2,2004/05/04 00:00:00+00,5/4/2004,Mid-Block (but intersection related),16,"MOTOR VEHICLE STRUCK MOTOR VEHICLE, LEFT SIDE SIDESWIPE",Y,0,Clear,Dry,Daylight,,4125013.0,,71,Same direction -- both turning right -- both moving -- sideswipe,0,0,N
6288,1,,,7747,20682,20682,1783189,Matched,Block,,ALASKAN WY VI SB BETWEEN BATTERY ST TUNNEL SB AND ELLIOTT AV ON RP,,,1,Property Damage Only Collision,Other,5,0,0,2,2004/06/27 00:00:00+00,6/27/2004 1:43:00 AM,Mid-Block (not related to intersection),16,"MOTOR VEHICLE STRUCK MOTOR VEHICLE, LEFT SIDE SIDESWIPE",,0,Clear,Dry,Dark - Street Lights On,,4179034.0,,23,From same direction - all others,0,0,N
6289,1,-122.3338246,47.60373279,7749,21646,21646,1784688,Matched,Intersection,29969.0,2ND AVE AND COLUMBIA ST,,,1,Property Damage Only Collision,Rear Ended,3,0,0,2,2004/11/04 00:00:00+00,11/4/2004,At Intersection (intersection related),14,"MOTOR VEHICLE STRUCK MOTOR VEHICLE, REAR END",Y,0,Clear,Dry,Daylight,,4309011.0,,14,From same direction - both going straight - one stopped - rear-end,0,0,N
6290,1,-122.28992290000001,47.56888238,7750,21080,21080,1773351,Matched,Block,,RAINIER AVE S BETWEEN S CHARLESTOWN ST AND S ANDOVER ST,,,1,Property Damage Only Collision,Other,6,0,0,2,2004/09/11 00:00:00+00,9/11/2004 3:31:00 PM,Driveway Junction,11,"MOTOR VEHICLE STRUCK MOTOR VEHICLE, FRONT END AT ANGLE",,0,Clear,Dry,Daylight,,4255005.0,,22,One car leaving driveway access,0,0,N
6291,1,-122.3554736,47.70780506,7751,22302,22302,1079661,Matched,Block,,GREENWOOD AVE N BETWEEN N 107TH ST AND N 110TH ST,,,1,Property Damage Only Collision,Parked Car,2,0,0,2,2004/10/04 00:00:00+00,10/4/2004,Mid-Block (not related to intersection),16,"MOTOR VEHICLE STRUCK MOTOR VEHICLE, LEFT SIDE SIDESWIPE",Y,0,Clear,Dry,Dark - Street Lights On,,4278006.0,,32,One parked--one moving,0,0,N
6292,1,-122.2767405,47.54743168,7752,20970,20970,1784083,Matched,Block,,RAINIER AVE S BETWEEN S KENNY ST AND S GRAHAM ST,,,1,Property Damage Only Collision,Rear Ended,5,0,0,2,2004/12/11 00:00:00+00,12/11/2004 2:56:00 PM,Mid-Block (not related to intersection),14,"MOTOR VEHICLE STRUCK MOTOR VEHICLE, REAR END",Y,1,Clear,Dry,Daylight,,4346011.0,,14,From same direction - both going straight - one stopped - rear-end,0,0,N
6293,2,-122.3029351,47.70072151,7753,20653,20653,1794387,Matched,Block,,LAKE CITY WAY NE BETWEEN NE 98TH ST AND NE 100TH ST,,,2,Injury Collision,Other,2,0,0,2,2004/10/28 00:00:00+00,10/28/2004 4:48:00 PM,Mid-Block (not related to intersection),16,"MOTOR VEHICLE STRUCK MOTOR VEHICLE, LEFT SIDE SIDESWIPE",,0,Raining,Wet,Dusk,,4302038.0,,23,From same direction - all others,0,0,N
6294,1,-122.3440291,47.69418265,7754,22376,22376,1080022,Matched,Block,,N 90TH ST BETWEEN AURORA AVE N AND NESBIT AVE N,,,1,Property Damage Only Collision,Other,2,0,0,2,2004/09/11 00:00:00+00,9/11/2004 12:30:00 PM,Mid-Block (but intersection related),11,"MOTOR VEHICLE STRUCK MOTOR VEHICLE, FRONT END AT ANGLE",,0,Unknown,Unknown,Daylight,,4255003.0,,23,From same direction - all others,0,0,N
6295,1,,,7755,21476,21476,1782706,Matched,Alley,,,,,1,Property Damage Only Collision,Parked Car,2,0,0,2,2004/03/19 00:00:00+00,3/19/2004 11:33:00 PM,,0,NOT ENOUGH INFORMATION / NOT APPLICABLE,,0,Clear,Dry,Dark - Street Lights On,,4079029.0,,32,One parked--one moving,0,0,N
6296,1,-122.35532079999999,47.69241844,7756,21192,21192,1780366,Matched,Intersection,37448.0,GREENWOOD AVE N AND N 87TH ST,,,1,Property Damage Only Collision,Angles,2,0,0,2,2004/02/01 00:00:00+00,2/1/2004,At Intersection (intersection related),11,"MOTOR VEHICLE STRUCK MOTOR VEHICLE, FRONT END AT ANGLE",,0,Raining,Wet,Daylight,,4032017.0,,10,Entering at angle,0,0,N
6297,1,-122.37630039999999,47.65305688,7757,21696,21696,1777282,Matched,Block,,15TH EMERSON RP BETWEEN 15TH AV W ON RP AND EMERSON TURN RD,,,1,Property Damage Only Collision,Sideswipe,3,0,0,2,2004/01/12 00:00:00+00,1/12/2004 11:41:00 PM,Mid-Block (not related to intersection),16,"MOTOR VEHICLE STRUCK MOTOR VEHICLE, LEFT SIDE SIDESWIPE",,1,Clear,Dry,Dark - Street Lights On,,4012024.0,,26,From opposite direction - both going straight - sideswipe,0,0,N
6298,1,-122.28213290000001,47.63299607,7758,22057,22057,C650846,Matched,Block,,E MADISON ST BETWEEN 39TH AVE E AND MCGILVRA S BV E,,,1,Property Damage Only Collision,Parked Car,2,0,0,2,2004/12/24 00:00:00+00,12/24/2004 6:15:00 AM,Mid-Block (not related to intersection),14,"MOTOR VEHICLE STRUCK MOTOR VEHICLE, REAR END",,0,Clear,Dry,Unknown,,4359024.0,,32,One parked--one moving,0,0,N
6299,1,-122.33597579999999,47.60776318,7759,21585,21585,1783785,Matched,Intersection,29601.0,3RD AVE AND UNIVERSITY ST,,,1,Property Damage Only Collision,Right Turn,4,0,0,2,2004/08/10 00:00:00+00,8/10/2004 1:10:00 PM,At Intersection (intersection related),14,"MOTOR VEHICLE STRUCK MOTOR VEHICLE, REAR END",,0,Clear,Dry,Daylight,,4223033.0,,16,From same direction - one right turn - one straight,0,0,N
6300,1,-122.3236844,47.54051322,7760,21023,21023,1774984,Matched,Intersection,34187.0,CORSON AVE S AND EAST MARGINAL WAY S,,,1,Property Damage Only Collision,Other,1,0,0,1,2004/02/16 00:00:00+00,2/16/2004 2:10:00 AM,At Intersection (intersection related),26,MOTOR VEHICLE STRUCK OBJECT IN ROAD,,0,Clear,Dry,Dark - Street Lights On,,4047014.0,Y,50,Fixed object,0,0,N
6301,1,-122.32954479999998,47.55414008,7761,21802,21802,1781704,Matched,Intersection,33155.0,4TH AVE S AND S BRANDON ST,,,1,Property Damage Only Collision,Left Turn,2,0,0,2,2004/03/19 00:00:00+00,3/19/2004 7:14:00 AM,At Intersection (intersection related),11,"MOTOR VEHICLE STRUCK MOTOR VEHICLE, FRONT END AT ANGLE",,0,Clear,Dry,Daylight,,4079042.0,,28,From opposite direction - one left turn - one straight,0,0,N
6302,1,-122.3290605,47.59031063,7762,21142,21142,1776582,Matched,Block,,EDGAR MARTINEZ DR S BETWEEN 4TH AVE SB OFF RP AND 4TH AVE NB OFF RP,,,1,Property Damage Only Collision,Rear Ended,3,0,0,2,2004/09/17 00:00:00+00,9/17/2004 6:40:00 PM,Mid-Block (but intersection related),14,"MOTOR VEHICLE STRUCK MOTOR VEHICLE, REAR END",Y,0,Raining,Wet,Dusk,,4261039.0,,14,From same direction - both going straight - one stopped - rear-end,0,0,N
6303,1,-122.3346656,47.60968542,7764,22465,22465,1776267,Matched,Intersection,29913.0,5TH AVE AND UNION ST,,,1,Property Damage Only Collision,Sideswipe,2,0,0,2,2004/03/19 00:00:00+00,3/19/2004 3:40:00 PM,At Intersection (intersection related),16,"MOTOR VEHICLE STRUCK MOTOR VEHICLE, LEFT SIDE SIDESWIPE",,0,Clear,Dry,Daylight,,4079019.0,,11,From same direction - both going straight - both moving - sideswipe,0,0,N
6304,2,-122.3843777,47.51005339,7765,21778,21778,1781458,Matched,Intersection,38001.0,41ST AVE SW AND SW 104TH ST,,,2,Injury Collision,Angles,2,0,0,2,2004/02/06 00:00:00+00,2/6/2004,At Intersection (intersection related),11,"MOTOR VEHICLE STRUCK MOTOR VEHICLE, FRONT END AT ANGLE",,0,Clear,Wet,Daylight,,4037010.0,Y,10,Entering at angle,0,0,N
6305,2,-122.3982313,47.65587044,7768,20301,20301,1478271,Matched,Intersection,26521.0,32ND AVE W AND W THURMAN ST,,,2,Injury Collision,Angles,3,0,0,2,2004/02/27 00:00:00+00,2/27/2004 11:25:00 AM,At Intersection (intersection related),11,"MOTOR VEHICLE STRUCK MOTOR VEHICLE, FRONT END AT ANGLE",,0,Overcast,Wet,Daylight,,4058035.0,,10,Entering at angle,0,0,N
6306,1,-122.3636233,47.62291347,7769,22485,22485,1777080,Matched,Block,,ELLIOTT AVE W BETWEEN W HARRISON ST AND 6TH AVE W,,,1,Property Damage Only Collision,Rear Ended,5,0,0,3,2004/02/16 00:00:00+00,2/16/2004 5:19:00 PM,Mid-Block (not related to intersection),14,"MOTOR VEHICLE STRUCK MOTOR VEHICLE, REAR END",,0,Raining,Wet,Dusk,,4047003.0,,14,From same direction - both going straight - one stopped - rear-end,0,0,N
6307,1,-122.316845,47.61468248,7771,21049,21049,1787285,Matched,Block,,12TH AVE BETWEEN E PIKE ST AND E PINE ST,,,1,Property Damage Only Collision,Rear Ended,3,0,0,2,2004/04/17 00:00:00+00,4/17/2004 11:13:00 PM,Mid-Block (but intersection related),14,"MOTOR VEHICLE STRUCK MOTOR VEHICLE, REAR END",,1,Clear,Dry,Dark - Street Lights On,,4108008.0,,14,From same direction - both going straight - one stopped - rear-end,0,0,N
6308,1,-122.3413463,47.6155963,7772,21833,21833,1777379,Matched,Block,,BLANCHARD ST BETWEEN 5TH AVE AND 6TH AVE,,,1,Property Damage Only Collision,Parked Car,2,0,0,2,2004/01/02 00:00:00+00,1/2/2004,Mid-Block (but intersection related),14,"MOTOR VEHICLE STRUCK MOTOR VEHICLE, REAR END",,1,Clear,Dry,Dark - Street Lights On,,4002053.0,,32,One parked--one moving,0,0,N
6309,1,-122.28454550000001,47.54320132,7773,20277,20277,1793427,Matched,Block,,S WARSAW ST BETWEEN 38TH AVE S AND M L KING JR WR WAY S,,,1,Property Damage Only Collision,Parked Car,2,0,0,2,2004/08/29 00:00:00+00,8/29/2004 11:34:00 PM,Mid-Block (not related to intersection),16,"MOTOR VEHICLE STRUCK MOTOR VEHICLE, LEFT SIDE SIDESWIPE",,0,Clear,Dry,Dark - Street Lights On,,4242006.0,,32,One parked--one moving,0,0,N
6310,2,-122.30635759999998,47.59902329999999,7775,21434,21434,1216874,Matched,Block,,20TH AVE S BETWEEN S JACKSON ST AND S JACKSON PL,,,2,Injury Collision,Rear Ended,2,0,0,2,2004/07/27 00:00:00+00,7/27/2004 5:34:00 PM,Mid-Block (but intersection related),14,"MOTOR VEHICLE STRUCK MOTOR VEHICLE, REAR END",,0,Clear,Dry,Daylight,,4209018.0,,14,From same direction - both going straight - one stopped - rear-end,0,0,N
6311,1,-122.348449,47.64321275,7776,21231,21231,1182088,Matched,Block,,RAYE LOWER ST BETWEEN 4TH AVE N AND 6TH AVE N,,,1,Property Damage Only Collision,Rear Ended,2,0,0,2,2004/10/14 00:00:00+00,10/14/2004 5:52:00 PM,Mid-Block (not related to intersection),14,"MOTOR VEHICLE STRUCK MOTOR VEHICLE, REAR END",,0,Clear,Dry,Dark - Street Lights On,,4288016.0,,13,From same direction - both going straight - both moving - rear-end,0,0,N
6312,1,-122.3274729,47.73408398,7777,22024,22024,1728372,Matched,Block,,NE 145TH ST BETWEEN 1ST AVE NE AND 4TH AVE NE,,,1,Property Damage Only Collision,Rear Ended,2,0,0,2,2004/03/16 00:00:00+00,3/16/2004 4:35:00 PM,Mid-Block (but intersection related),14,"MOTOR VEHICLE STRUCK MOTOR VEHICLE, REAR END",,0,Overcast,Dry,Daylight,,4076021.0,,14,From same direction - both going straight - one stopped - rear-end,0,0,N
6313,1,-122.3311463,47.67832023,7778,21275,21275,1775592,Matched,Block,,EAST GREEN LAKE WAY N BETWEEN N 66TH ST AND SUNNYSIDE AVE N,,,1,Property Damage Only Collision,Parked Car,2,0,0,2,2004/02/01 00:00:00+00,2/1/2004,Mid-Block (not related to intersection),14,"MOTOR VEHICLE STRUCK MOTOR VEHICLE, REAR END",Y,0,Clear,Dry,Dark - Street Lights On,,4032004.0,,32,One parked--one moving,0,0,N
6314,1,-122.3781857,47.64846568,7781,21392,21392,1482586,Matched,Block,,W DRAVUS ST BETWEEN 16TH AVE W AND 17TH AVE W,,,1,Property Damage Only Collision,Sideswipe,2,0,0,2,2004/07/23 00:00:00+00,7/23/2004 2:15:00 PM,Mid-Block (not related to intersection),16,"MOTOR VEHICLE STRUCK MOTOR VEHICLE, LEFT SIDE SIDESWIPE",,0,Clear,Dry,Daylight,,4205009.0,,12,From same direction - both going straight - one stopped - sideswipe,0,0,N
6315,1,-122.3663544,47.72328904,7782,21248,21248,1773867,Matched,Intersection,35673.0,8TH AVE NW AND NW 130TH ST,,,1,Property Damage Only Collision,Angles,2,0,0,2,2004/06/30 00:00:00+00,6/30/2004 6:30:00 PM,At Intersection (intersection related),11,"MOTOR VEHICLE STRUCK MOTOR VEHICLE, FRONT END AT ANGLE",,0,Clear,Dry,Daylight,,4182016.0,,10,Entering at angle,0,0,N
6316,2,-122.34499679999999,47.72503555,7784,22231,22231,1204848,Matched,Block,,AURORA AVE N BETWEEN N 130TH ST AND N 135TH ST,,,2,Injury Collision,Rear Ended,3,0,0,2,2004/09/27 00:00:00+00,9/27/2004 7:50:00 PM,Mid-Block (not related to intersection),14,"MOTOR VEHICLE STRUCK MOTOR VEHICLE, REAR END",,0,Clear,Dry,Dark - Street Lights On,,4271017.0,,14,From same direction - both going straight - one stopped - rear-end,0,0,N
6317,1,-122.3201524,47.54735691,7785,21751,21751,1781206,Matched,Intersection,33134.0,CARLETON AVE S AND S BAILEY ST,,,1,Property Damage Only Collision,Left Turn,2,0,0,2,2004/05/03 00:00:00+00,5/3/2004,At Intersection (intersection related),11,"MOTOR VEHICLE STRUCK MOTOR VEHICLE, FRONT END AT ANGLE",,0,Clear,Dry,Daylight,,4124003.0,,15,From same direction - one left turn - one straight,0,0,N
6318,1,-122.325099,47.68676836,7787,21821,21821,1779909,Matched,Intersection,24537.0,BANNER WAY NE AND NE 80TH ST,,,1,Property Damage Only Collision,Angles,4,0,0,2,2004/02/16 00:00:00+00,2/16/2004 11:50:00 AM,At Intersection (intersection related),11,"MOTOR VEHICLE STRUCK MOTOR VEHICLE, FRONT END AT ANGLE",,0,Raining,Wet,Daylight,,4047007.0,,10,Entering at angle,0,0,N
6319,1,-122.3332682,47.58085488,7788,21298,21298,1777120,Matched,Block,,OCCIDENTAL AVE S BETWEEN S STACY ST AND S LANDER ST,,,1,Property Damage Only Collision,Parked Car,4,0,0,4,2004/02/27 00:00:00+00,2/27/2004 11:00:00 AM,Mid-Block (not related to intersection),14,"MOTOR VEHICLE STRUCK MOTOR VEHICLE, REAR END",,0,Overcast,Wet,Daylight,,4058016.0,,32,One parked--one moving,0,0,N
6320,1,,,7789,20409,20409,1777296,Matched,Block,,AURORA AVE N BETWEEN BATTERY ST TUNNEL NB AND THOMAS ST,,,1,Property Damage Only Collision,Other,1,0,0,1,2004/05/07 00:00:00+00,5/7/2004,Mid-Block (not related to intersection),26,MOTOR VEHICLE STRUCK OBJECT IN ROAD,,0,Raining,Wet,Dawn,,4128002.0,Y,50,Fixed object,0,0,N
6321,1,-122.3220331,47.62152029,7790,22048,22048,1216829,Matched,Block,,HARVARD AVE E BETWEEN E THOMAS ST AND E HARRISON ST,,,1,Property Damage Only Collision,Parked Car,2,0,0,2,2004/06/30 00:00:00+00,6/30/2004 9:00:00 PM,Mid-Block (not related to intersection),13,"MOTOR VEHICLE STRUCK MOTOR VEHICLE, LEFT SIDE AT ANGLE",,0,Clear,Dry,Daylight,,4182030.0,,32,One parked--one moving,0,0,N
6322,1,-122.27317040000001,47.54426792,7791,21375,21375,1783963,Matched,Block,,S MORGAN ST BETWEEN 47TH AVE S AND 48TH AVE S,,,1,Property Damage Only Collision,Sideswipe,3,0,0,2,2004/12/26 00:00:00+00,12/26/2004 2:02:00 AM,Mid-Block (not related to intersection),11,"MOTOR VEHICLE STRUCK MOTOR VEHICLE, FRONT END AT ANGLE",,0,Overcast,Wet,Dark - Street Lights Off,,4361014.0,,26,From opposite direction - both going straight - sideswipe,0,0,N
6323,1,-122.3056993,47.60351176,7793,20977,20977,1785482,Matched,Block,,E SPRUCE ST BETWEEN 20TH AVE AND 21ST AVE,,,1,Property Damage Only Collision,Parked Car,2,0,0,2,2004/08/03 00:00:00+00,8/3/2004,Mid-Block (not related to intersection),14,"MOTOR VEHICLE STRUCK MOTOR VEHICLE, REAR END",,0,Clear,Dry,Dark - Street Lights On,,4216007.0,Y,32,One parked--one moving,0,0,N
6324,1,-122.3265418,47.61171115,7794,20522,20522,1216657,Matched,Block,,UNIVERSITY ST BETWEEN BOREN AVE AND MINOR AVE,,,1,Property Damage Only Collision,Other,1,0,0,1,2004/07/12 00:00:00+00,7/12/2004 12:49:00 AM,Mid-Block (but intersection related),28,MOTOR VEHICLE RAN OFF ROAD - HIT FIXED OBJECT,,0,Clear,Dry,Dark - Street Lights On,,4194001.0,Y,50,Fixed object,0,0,N
6325,1,-122.30819140000001,47.69123392,7795,22241,22241,1776169,Matched,Block,,NE 86TH ST BETWEEN 17TH AVE NE AND LAKE CITY WAY NE,,,1,Property Damage Only Collision,Parked Car,2,0,0,2,2004/01/07 00:00:00+00,1/7/2004,Mid-Block (not related to intersection),14,"MOTOR VEHICLE STRUCK MOTOR VEHICLE, REAR END",,0,Raining,Snow/Slush,Daylight,,4007001.0,,32,One parked--one moving,0,0,N
6326,1,-122.2864886,47.5601082,7796,21623,21623,1779064,Matched,Block,,RAINIER AVE S BETWEEN S ALASKA ST AND S ANGELINE ST,,,1,Property Damage Only Collision,Other,3,0,0,2,2004/02/19 00:00:00+00,2/19/2004 1:40:00 PM,Mid-Block (but intersection related),11,"MOTOR VEHICLE STRUCK MOTOR VEHICLE, FRONT END AT ANGLE",,0,Clear,Dry,Daylight,,4050025.0,,23,From same direction - all others,0,0,N
6327,1,-122.3582584,47.63898979,7798,21426,21426,1199193,Matched,Block,,1ST AVE W BETWEEN W BOSTON ST AND W MCGRAW ST,,,1,Property Damage Only Collision,Parked Car,2,0,0,2,2004/03/24 00:00:00+00,3/24/2004 7:20:00 AM,Driveway Junction,13,"MOTOR VEHICLE STRUCK MOTOR VEHICLE, LEFT SIDE AT ANGLE",,0,Unknown,Unknown,Unknown,,4084033.0,,32,One parked--one moving,0,0,N
6328,1,-122.385764,47.51006484,7799,20421,20421,1790277,Matched,Intersection,38002.0,42ND AVE SW AND SW 104TH ST,,,1,Property Damage Only Collision,Angles,2,0,0,2,2004/04/01 00:00:00+00,4/1/2004,At Intersection (intersection related),11,"MOTOR VEHICLE STRUCK MOTOR VEHICLE, FRONT END AT ANGLE",,0,Clear,Dry,Daylight,,4092007.0,,10,Entering at angle,0,0,N
6329,1,-122.318704,47.67457327,7800,22503,22503,1778937,Matched,Block,,9TH AVE NE BETWEEN NE 63RD ST AND NE 64TH ST,,,1,Property Damage Only Collision,Parked Car,2,0,0,2,2004/06/20 00:00:00+00,6/20/2004 7:15:00 AM,Mid-Block (not related to intersection),14,"MOTOR VEHICLE STRUCK MOTOR VEHICLE, REAR END",,0,Clear,Dry,Unknown,,4172031.0,,32,One parked--one moving,0,0,N
6330,1,-122.3347384,47.53173715,7801,21450,21450,1754482,Matched,Block,,SR509 SB BETWEEN 2ND AV SW ON RP AND 1ST AV S OFF RP,,,1,Property Damage Only Collision,Rear Ended,2,0,0,2,2004/11/24 00:00:00+00,11/24/2004 2:57:00 PM,Mid-Block (not related to intersection),14,"MOTOR VEHICLE STRUCK MOTOR VEHICLE, REAR END",,0,Raining,Wet,Daylight,,4329060.0,Y,14,From same direction - both going straight - one stopped - rear-end,0,0,N
6331,1,-122.3349414,47.53629563,7802,21311,21311,2004915,Matched,Block,,SR509 SB BETWEEN 1ST AV S BR SB AND 2ND AV SW OFF RP,,,1,Property Damage Only Collision,Other,1,0,0,1,2004/06/04 00:00:00+00,6/4/2004,Mid-Block (not related to intersection),27,MOTOR VEHICLE RAN OFF ROAD - NO COLLISION,,0,Clear,Dry,Daylight,,4156042.0,,52,Vehicle overturned,0,0,N
6332,2,-122.3389793,47.60601261,7805,20549,20549,1777213,Matched,Block,,WESTERN AVE BETWEEN SENECA ST AND UNIVERSITY ST,,,2,Injury Collision,Cycles,2,0,1,1,2004/02/12 00:00:00+00,2/12/2004 4:30:00 PM,Driveway Junction,18,"MOTOR VEHICLE STRUCK PEDALCYCLIST, FRONT END AT ANGLE",Y,0,Clear,Dry,Daylight,,4043031.0,,45,Vehicle - Pedalcyclist,0,0,N
6333,1,-122.32008090000001,47.60521427,7806,22190,22190,1198446,Matched,Block,,E TERRACE ST BETWEEN BROADWAY AND 10TH AVE,,,1,Property Damage Only Collision,Parked Car,2,0,0,2,2004/12/02 00:00:00+00,12/2/2004,Mid-Block (not related to intersection),16,"MOTOR VEHICLE STRUCK MOTOR VEHICLE, LEFT SIDE SIDESWIPE",,0,Overcast,Wet,Dark - Street Lights On,,4337001.0,,32,One parked--one moving,0,0,N
6334,2,-122.3254008,47.63536954,7807,21639,21639,1772301,Matched,Block,,EASTLAKE AVE E BETWEEN E BLAINE ST AND E HOWE ST,,,2,Injury Collision,Rear Ended,3,0,0,3,2004/04/22 00:00:00+00,4/22/2004 6:17:00 PM,Mid-Block (but intersection related),14,"MOTOR VEHICLE STRUCK MOTOR VEHICLE, REAR END",Y,0,Clear,Dry,Daylight,,4113031.0,,14,From same direction - both going straight - one stopped - rear-end,0,0,N
6335,2,-122.3413257,47.70504669,7808,20431,20431,1079882,Matched,Block,,N NORTHGATE WAY BETWEEN STONE AVE N AND INTERLAKE AVE N,,,2,Injury Collision,Rear Ended,2,0,0,2,2004/08/31 00:00:00+00,8/31/2004 4:50:00 PM,Mid-Block (not related to intersection),14,"MOTOR VEHICLE STRUCK MOTOR VEHICLE, REAR END",Y,0,Clear,Dry,Daylight,,4244026.0,,14,From same direction - both going straight - one stopped - rear-end,0,0,N
6336,1,-122.38213459999999,47.66426055,7809,22366,22366,1774233,Matched,Intersection,25176.0,20TH AVE NW AND SHILSHOLE AVE NW,,,1,Property Damage Only Collision,Angles,2,0,0,2,2004/06/28 00:00:00+00,6/28/2004 7:06:00 AM,At Intersection (intersection related),11,"MOTOR VEHICLE STRUCK MOTOR VEHICLE, FRONT END AT ANGLE",,0,Clear,Dry,Daylight,,4180022.0,,10,Entering at angle,0,0,N
6337,2,-122.2962432,47.57587276,7810,21919,21919,1772864,Matched,Intersection,31494.0,RAINIER AVE S AND S MOUNT BAKER EB BV,,,2,Injury Collision,Left Turn,5,0,0,2,2004/08/13 00:00:00+00,8/13/2004 4:00:00 PM,At Intersection (intersection related),11,"MOTOR VEHICLE STRUCK MOTOR VEHICLE, FRONT END AT ANGLE",,0,Clear,Dry,Daylight,,4226014.0,,28,From opposite direction - one left turn - one straight,0,0,N
6338,2,-122.32239890000001,47.59004963,7811,20891,20891,1482708,Matched,Block,,AIRPORT WAY S BETWEEN AIRPORT SB WAY S AND S ATLANTIC ST,,,2,Injury Collision,Rear Ended,2,0,0,2,2004/05/10 00:00:00+00,5/10/2004 4:14:00 PM,Mid-Block (but intersection related),14,"MOTOR VEHICLE STRUCK MOTOR VEHICLE, REAR END",,0,Raining,Wet,Daylight,,4131049.0,,14,From same direction - both going straight - one stopped - rear-end,0,0,N
6339,1,-122.31853500000001,47.62865837,7812,21681,21681,1216726,Matched,Block,,E PROSPECT ST BETWEEN FEDERAL AVE E AND 11TH AVE E,,,1,Property Damage Only Collision,Parked Car,4,0,0,2,2004/06/25 00:00:00+00,6/25/2004 2:15:00 PM,Mid-Block (not related to intersection),11,"MOTOR VEHICLE STRUCK MOTOR VEHICLE, FRONT END AT ANGLE",,0,Clear,Dry,Daylight,,4177009.0,Y,32,One parked--one moving,0,0,N
6340,1,-122.35113390000002,47.57094178,7813,20873,20873,1790335,Matched,Block,,WEST SEATTLE BR EB BETWEEN ALASKAN WY VI NB ON RP AND DELRIDGE-W SEATTLE BR EB ON RP,,,1,Property Damage Only Collision,Rear Ended,2,0,0,2,2004/07/09 00:00:00+00,7/9/2004,Mid-Block (not related to intersection),14,"MOTOR VEHICLE STRUCK MOTOR VEHICLE, REAR END",,0,Raining,Wet,Daylight,,4191050.0,Y,14,From same direction - both going straight - one stopped - rear-end,0,0,N
6341,1,-122.29256869999999,47.62249216,7815,22339,22339,1211588,Matched,Block,,E HARRISON ST BETWEEN 30TH AVE E AND 31ST AVE E,,,1,Property Damage Only Collision,Parked Car,2,0,0,2,2004/09/05 00:00:00+00,9/5/2004,Mid-Block (but intersection related),15,"MOTOR VEHICLE STRUCK MOTOR VEHICLE, RIGHT SIDE SIDESWIPE",,0,Clear,Dry,Daylight,,4249010.0,,32,One parked--one moving,0,0,N
6342,2,-122.29632849999999,47.71845145,7817,22161,22161,C649388,Matched,Block,,30TH AVE NE BETWEEN LAKE CITY N WAY NE AND NE 125TH ST,,,2,Injury Collision,Rear Ended,2,0,0,2,2004/11/16 00:00:00+00,11/16/2004 8:45:00 AM,Mid-Block (but intersection related),14,"MOTOR VEHICLE STRUCK MOTOR VEHICLE, REAR END",,0,Overcast,Wet,Daylight,,4321039.0,,74,Same direction -- both turning right -- one stopped -- rear end,0,0,N
6343,2,-122.3368227,47.53945803,7818,21128,21128,C650851,Matched,Block,,2ND AV SW TURN RD BETWEEN HIGHLAND PARK WAY SW AND 2ND AVE SW,,,2,Injury Collision,Rear Ended,3,0,0,2,2004/12/27 00:00:00+00,12/27/2004 5:55:00 PM,Mid-Block (but intersection related),14,"MOTOR VEHICLE STRUCK MOTOR VEHICLE, REAR END",,0,Clear,Dry,Dark - Street Lights On,,4362038.0,,14,From same direction - both going straight - one stopped - rear-end,0,0,N
6344,1,-122.38944209999998,47.56933083,7820,20914,20914,1781088,Matched,Block,,45TH AVE SW BETWEEN SW CHARLESTOWN ST AND SW ANDOVER ST,,,1,Property Damage Only Collision,Parked Car,2,0,0,2,2004/03/15 00:00:00+00,3/15/2004 9:23:00 PM,Mid-Block (not related to intersection),15,"MOTOR VEHICLE STRUCK MOTOR VEHICLE, RIGHT SIDE SIDESWIPE",Y,0,Clear,Dry,Dark - Street Lights On,,4075017.0,,32,One parked--one moving,0,0,N
6345,1,-122.32394199999999,47.61298698,7821,21707,21707,1216820,Matched,Block,,E UNION ST BETWEEN BELMONT AVE AND BOYLSTON AVE,,,1,Property Damage Only Collision,Parked Car,2,0,0,2,2004/08/04 00:00:00+00,8/4/2004,Mid-Block (not related to intersection),16,"MOTOR VEHICLE STRUCK MOTOR VEHICLE, LEFT SIDE SIDESWIPE",,0,Overcast,Dry,Unknown,,4217002.0,,32,One parked--one moving,0,0,N