,SEVERITYCODE,X,Y,OBJECTID,INCKEY,COLDETKEY,REPORTNO,STATUS,ADDRTYPE,INTKEY,LOCATION,EXCEPTRSNCODE,EXCEPTRSNDESC,SEVERITYCODE.1,SEVERITYDESC,COLLISIONTYPE,PERSONCOUNT,PEDCOUNT,PEDCYLCOUNT,VEHCOUNT,INCDATE,INCDTTM,JUNCTIONTYPE,SDOT_COLCODE,SDOT_COLDESC,INATTENTIONIND,UNDERINFL,WEATHER,ROADCOND,LIGHTCOND,PEDROWNOTGRNT,SDOTCOLNUM,SPEEDING,ST_COLCODE,ST_COLDESC,SEGLANEKEY,CROSSWALKKEY,HITPARKEDCAR
6346,1,-122.3606084,47.62723179,7822,20948,20948,1482501,Matched,Block,,3RD AVE W BETWEEN W OLYMPIC PL AND W KINNEAR PL,,,1,Property Damage Only Collision,Parked Car,2,0,0,2,2004/05/09 00:00:00+00,5/9/2004,Mid-Block (not related to intersection),13,"MOTOR VEHICLE STRUCK MOTOR VEHICLE, LEFT SIDE AT ANGLE",,0,Unknown,Unknown,Dusk,,4130023.0,,32,One parked--one moving,0,0,N
6347,2,-122.3330672,47.54430227,7823,20562,20562,1567984,Matched,Block,,1ST AV S NB OFF RP BETWEEN 1ST AV S BR NB AND EAST MARGINAL WAY S,,,2,Injury Collision,Other,3,0,0,3,2004/03/03 00:00:00+00,3/3/2004,Mid-Block (but intersection related),28,MOTOR VEHICLE RAN OFF ROAD - HIT FIXED OBJECT,,0,Raining,Wet,Daylight,,4063030.0,Y,50,Fixed object,0,0,N
6348,1,-122.316845,47.61468248,7824,22222,22222,1216935,Matched,Block,,12TH AVE BETWEEN E PIKE ST AND E PINE ST,,,1,Property Damage Only Collision,Sideswipe,5,0,0,2,2004/09/10 00:00:00+00,9/10/2004 3:37:00 PM,Mid-Block (not related to intersection),11,"MOTOR VEHICLE STRUCK MOTOR VEHICLE, FRONT END AT ANGLE",,0,Clear,Dry,Daylight,,4254020.0,,11,From same direction - both going straight - both moving - sideswipe,0,0,N
6349,1,-122.3398125,47.61027832,7827,21817,21817,1482216,Matched,Intersection,29586.0,2ND AVE AND PINE ST,,,1,Property Damage Only Collision,Angles,2,0,0,2,2004/03/25 00:00:00+00,3/25/2004 8:25:00 AM,At Intersection (intersection related),11,"MOTOR VEHICLE STRUCK MOTOR VEHICLE, FRONT END AT ANGLE",,0,Raining,Wet,Daylight,,4085004.0,,10,Entering at angle,0,0,N
6350,1,-122.31569099999999,47.57297957,7828,21295,21295,1793482,Matched,Block,,S COLUMBIAN EB WAY BETWEEN I5 SB COLLECTOR AND 14TH AVE S,,,1,Property Damage Only Collision,Sideswipe,2,0,0,2,2004/08/24 00:00:00+00,8/24/2004 11:41:00 AM,Mid-Block (not related to intersection),16,"MOTOR VEHICLE STRUCK MOTOR VEHICLE, LEFT SIDE SIDESWIPE",,0,Raining,Dry,Daylight,,4237012.0,,11,From same direction - both going straight - both moving - sideswipe,0,0,N
6351,2,-122.3364503,47.69141065,7829,20399,20399,1794851,Matched,Block,,WALLINGFORD AVE N BETWEEN N 85TH ST AND N 88TH ST,,,2,Injury Collision,Rear Ended,6,0,0,5,2004/09/16 00:00:00+00,9/16/2004 4:42:00 PM,Mid-Block (but intersection related),14,"MOTOR VEHICLE STRUCK MOTOR VEHICLE, REAR END",,0,Raining,Wet,Daylight,,4260012.0,Y,14,From same direction - both going straight - one stopped - rear-end,0,0,N
6352,2,-122.36297549999999,47.55282114,7830,22467,22467,1790388,Matched,Block,,DELRIDGE WAY SW BETWEEN SW BRANDON ST AND SW FINDLAY ST,,,2,Injury Collision,Other,2,0,0,2,2004/08/18 00:00:00+00,8/18/2004 3:45:00 PM,Driveway Junction,11,"MOTOR VEHICLE STRUCK MOTOR VEHICLE, FRONT END AT ANGLE",,0,Clear,Dry,Daylight,,4231002.0,,22,One car leaving driveway access,0,0,N
6353,2,-122.3372165,47.60576386,7831,21928,21928,1069634,Matched,Block,,1ST AVE BETWEEN SPRING ST AND SENECA ST,,,2,Injury Collision,Rear Ended,3,0,0,2,2004/12/12 00:00:00+00,12/12/2004 11:00:00 PM,Mid-Block (but intersection related),14,"MOTOR VEHICLE STRUCK MOTOR VEHICLE, REAR END",,0,Clear,Dry,Dark - Street Lights On,,4347010.0,,14,From same direction - both going straight - one stopped - rear-end,0,0,N
6354,1,-122.31912959999998,47.6326674,7832,20924,20924,1789883,Matched,Block,,FEDERAL AVE E BETWEEN E GALER ST AND E GARFIELD ST,,,1,Property Damage Only Collision,Parked Car,2,0,0,2,2004/03/05 00:00:00+00,3/5/2004,Mid-Block (not related to intersection),13,"MOTOR VEHICLE STRUCK MOTOR VEHICLE, LEFT SIDE AT ANGLE",Y,0,Clear,Dry,Dark - Street Lights On,,4065020.0,,32,One parked--one moving,0,0,N
6355,2,-122.3192088,47.70856922,7834,20514,20514,C650827,Matched,Block,,NE NORTHGATE WAY BETWEEN 8TH AVE NE AND ROOSEVELT WAY NE,,,2,Injury Collision,Other,3,0,0,2,2004/12/20 00:00:00+00,12/20/2004 2:45:00 PM,Mid-Block (not related to intersection),14,"MOTOR VEHICLE STRUCK MOTOR VEHICLE, REAR END",,0,Clear,Dry,Daylight,,4355042.0,,21,One car entering driveway access,0,0,N
6356,1,-122.3083939,47.58890735,7836,21619,21619,1771315,Matched,Block,,19TH AVE S BETWEEN DEAD END 1 AND S MASSACHUSETTS ST,,,1,Property Damage Only Collision,Parked Car,2,0,0,2,2004/04/08 00:00:00+00,4/8/2004,Mid-Block (not related to intersection),13,"MOTOR VEHICLE STRUCK MOTOR VEHICLE, LEFT SIDE AT ANGLE",,0,Unknown,Unknown,Unknown,,4099038.0,,32,One parked--one moving,0,0,N
6357,1,-122.36861359999999,47.66219644,7837,21195,21195,1794600,Matched,Intersection,25462.0,9TH AVE NW AND NW 46TH ST,,,1,Property Damage Only Collision,Angles,2,0,0,2,2004/11/30 00:00:00+00,11/30/2004 4:50:00 PM,At Intersection (intersection related),11,"MOTOR VEHICLE STRUCK MOTOR VEHICLE, FRONT END AT ANGLE",,0,Overcast,Dry,Dark - Street Lights On,,4335012.0,,10,Entering at angle,0,0,N
6358,1,-122.32905459999999,47.58293662,7838,22349,22349,1213819,Matched,Block,,4TH AVE S BETWEEN S WALKER ST AND S STACY ST,,,1,Property Damage Only Collision,Rear Ended,5,0,0,2,2004/09/08 00:00:00+00,9/8/2004,Mid-Block (but intersection related),14,"MOTOR VEHICLE STRUCK MOTOR VEHICLE, REAR END",Y,0,Raining,Wet,Daylight,,4252044.0,,14,From same direction - both going straight - one stopped - rear-end,0,0,N
6359,1,-122.31351480000001,47.72410702,7839,21022,21022,1774266,Matched,Block,,14TH PL NE BETWEEN DEAD END AND NE BROCKMAN PL,,,1,Property Damage Only Collision,Parked Car,2,0,0,2,2004/08/23 00:00:00+00,8/23/2004 2:30:00 PM,Mid-Block (not related to intersection),13,"MOTOR VEHICLE STRUCK MOTOR VEHICLE, LEFT SIDE AT ANGLE",,0,Raining,Wet,Daylight,,4236021.0,,32,One parked--one moving,0,0,N
6360,2,-122.36297549999999,47.55282114,7840,21523,21523,1789340,Matched,Block,,DELRIDGE WAY SW BETWEEN SW BRANDON ST AND SW FINDLAY ST,,,2,Injury Collision,Rear Ended,3,0,0,3,2004/10/01 00:00:00+00,10/1/2004,Mid-Block (not related to intersection),14,"MOTOR VEHICLE STRUCK MOTOR VEHICLE, REAR END",Y,0,Clear,Dry,Daylight,,4275025.0,,13,From same direction - both going straight - both moving - rear-end,0,0,N
6361,1,-122.337147,47.62261912,7841,20850,20850,1777232,Matched,Block,,TERRY AVE N BETWEEN HARRISON ST AND REPUBLICAN ST,,,1,Property Damage Only Collision,Parked Car,2,0,0,2,2004/05/27 00:00:00+00,5/27/2004 8:07:00 AM,Mid-Block (not related to intersection),11,"MOTOR VEHICLE STRUCK MOTOR VEHICLE, FRONT END AT ANGLE",,0,Raining,Wet,Daylight,,4148020.0,,20,One car leaving parked position,0,0,N
6362,1,-122.3576798,47.64910077,7842,20676,20676,1482590,Matched,Block,,QUEEN ANNE AVE N BETWEEN DRAVUS ST AND CREMONA ST,,,1,Property Damage Only Collision,Parked Car,2,0,0,2,2004/08/16 00:00:00+00,8/16/2004 10:25:00 AM,Mid-Block (not related to intersection),14,"MOTOR VEHICLE STRUCK MOTOR VEHICLE, REAR END",,0,Unknown,Unknown,Unknown,,4229042.0,,32,One parked--one moving,0,0,N
6363,1,-122.3133567,47.68577624,7843,22185,22185,1329548,Matched,Block,,14TH AVE NE BETWEEN NE 77TH ST AND LAKE CITY WAY NE,,,1,Property Damage Only Collision,Parked Car,2,0,0,2,2004/05/06 00:00:00+00,5/6/2004,Mid-Block (not related to intersection),16,"MOTOR VEHICLE STRUCK MOTOR VEHICLE, LEFT SIDE SIDESWIPE",,0,Clear,Dry,Dark - Street Lights On,,4127016.0,,32,One parked--one moving,0,0,N
6364,1,-122.37658940000001,47.53739389,7845,21582,21582,C649381,Matched,Intersection,34034.0,35TH AVE SW AND SW OTHELLO ST,,,1,Property Damage Only Collision,Other,2,0,0,2,2004/09/21 00:00:00+00,9/21/2004 11:00:00 AM,At Intersection (intersection related),11,"MOTOR VEHICLE STRUCK MOTOR VEHICLE, FRONT END AT ANGLE",,0,Clear,Dry,Daylight,,4265028.0,,23,From same direction - all others,0,0,N
6365,1,-122.26998200000001,47.52473904,7846,21112,21112,1793089,Matched,Block,,RAINIER AVE S BETWEEN S CLOVERDALE ST AND S HENDERSON ST,,,1,Property Damage Only Collision,Rear Ended,2,0,0,2,2004/08/04 00:00:00+00,8/4/2004,Mid-Block (but intersection related),14,"MOTOR VEHICLE STRUCK MOTOR VEHICLE, REAR END",,0,Clear,Dry,Daylight,,4217034.0,,14,From same direction - both going straight - one stopped - rear-end,0,0,N
6366,1,-122.33724440000002,47.61610571,7847,22319,22319,C649288,Matched,Block,,8TH AVE BETWEEN VIRGINIA ST AND WESTLAKE AVE,,,1,Property Damage Only Collision,Parked Car,2,0,0,2,2004/10/14 00:00:00+00,10/14/2004 7:30:00 PM,Mid-Block (not related to intersection),11,"MOTOR VEHICLE STRUCK MOTOR VEHICLE, FRONT END AT ANGLE",,0,Clear,Dry,Dark - No Street Lights,,4288041.0,,32,One parked--one moving,0,0,N
6367,1,-122.3311463,47.67832023,7848,20716,20716,1205109,Matched,Block,,EAST GREEN LAKE WAY N BETWEEN N 66TH ST AND SUNNYSIDE AVE N,,,1,Property Damage Only Collision,Sideswipe,2,0,0,2,2004/03/04 00:00:00+00,3/4/2004,Mid-Block (not related to intersection),11,"MOTOR VEHICLE STRUCK MOTOR VEHICLE, FRONT END AT ANGLE",,0,Overcast,Dry,Daylight,,4064013.0,,26,From opposite direction - both going straight - sideswipe,0,0,N
6368,1,-122.27707099999999,47.54601824,7849,22086,22086,1779267,Matched,Block,,S GRAHAM ST BETWEEN 44TH AVE S AND RAINIER AVE S,,,1,Property Damage Only Collision,Other,2,0,0,2,2004/06/01 00:00:00+00,6/1/2004,Driveway Junction,14,"MOTOR VEHICLE STRUCK MOTOR VEHICLE, REAR END",,0,Clear,Dry,Daylight,,4153036.0,,22,One car leaving driveway access,0,0,N
6369,1,-122.34667720000002,47.66056625,7850,21925,21925,1794040,Matched,Intersection,26942.0,WINSLOW PL N AND N ALLEN PL,,,1,Property Damage Only Collision,Angles,2,0,0,2,2004/07/27 00:00:00+00,7/27/2004 10:24:00 AM,At Intersection (intersection related),11,"MOTOR VEHICLE STRUCK MOTOR VEHICLE, FRONT END AT ANGLE",,0,Clear,Dry,Daylight,,4209006.0,,10,Entering at angle,0,0,N
6370,2,-122.3024996,47.6202073,7851,21330,21330,1104020,Matched,Intersection,29380.0,23RD AVE E AND E JOHN ST,,,2,Injury Collision,Angles,2,0,0,2,2004/04/19 00:00:00+00,4/19/2004 2:13:00 PM,At Intersection (intersection related),11,"MOTOR VEHICLE STRUCK MOTOR VEHICLE, FRONT END AT ANGLE",,0,Raining,Wet,Daylight,,4110037.0,,10,Entering at angle,0,0,N
6371,1,-122.30271040000001,47.61294141,7853,20696,20696,1798980,Matched,Intersection,30027.0,23RD AVE AND E UNION ST,,,1,Property Damage Only Collision,Angles,3,0,0,2,2004/09/08 00:00:00+00,9/8/2004,At Intersection (intersection related),11,"MOTOR VEHICLE STRUCK MOTOR VEHICLE, FRONT END AT ANGLE",,0,Clear,Dry,Daylight,,4252040.0,,10,Entering at angle,0,0,N
6372,1,-122.39292250000001,47.69422402,7854,21518,21518,1773715,Matched,Intersection,37053.0,28TH AVE NW AND NW 90TH ST,,,1,Property Damage Only Collision,Other,2,0,0,2,2004/07/22 00:00:00+00,7/22/2004 4:40:00 PM,At Intersection (intersection related),11,"MOTOR VEHICLE STRUCK MOTOR VEHICLE, FRONT END AT ANGLE",,0,Clear,Dry,Daylight,,4204012.0,,23,From same direction - all others,0,0,N
6373,1,-122.30751049999999,47.69077348,7855,21712,21712,1780011,Matched,Block,,LAKE CITY WAY NE BETWEEN NE 85TH ST AND 20TH AVE NE,,,1,Property Damage Only Collision,Rear Ended,3,0,0,2,2004/01/29 00:00:00+00,1/29/2004 7:45:00 AM,Mid-Block (but intersection related),14,"MOTOR VEHICLE STRUCK MOTOR VEHICLE, REAR END",Y,0,Raining,Wet,Daylight,,4029027.0,,14,From same direction - both going straight - one stopped - rear-end,0,0,N
6374,2,-122.37425049999999,47.631722700000005,7856,21230,21230,1181964,Matched,Block,,W GALER ST FLYOVER BETWEEN ELLIOTT AVE W AND MAGNOLIA BR WB,,,2,Injury Collision,Other,4,0,0,1,2004/01/06 00:00:00+00,1/6/2004,Mid-Block (not related to intersection),26,MOTOR VEHICLE STRUCK OBJECT IN ROAD,,0,Snowing,Snow/Slush,Dark - Street Lights On,,4006003.0,Y,50,Fixed object,0,0,N
6375,2,-122.3394075,47.57642438,7857,22312,22312,1784693,Matched,Block,,ALASKAN WY VI SB BETWEEN S LANDER ST AND ALASKAN WY VI SB WSB WB OFF RP,,,2,Injury Collision,Rear Ended,3,0,0,3,2004/11/30 00:00:00+00,11/30/2004 4:20:00 PM,Mid-Block (not related to intersection),14,"MOTOR VEHICLE STRUCK MOTOR VEHICLE, REAR END",Y,0,Raining,Wet,Dark - Street Lights On,,4335025.0,,14,From same direction - both going straight - one stopped - rear-end,0,0,N
6376,2,-122.32192040000001,47.70858579,7858,20986,20986,1780893,Matched,Block,,NE NORTHGATE WAY BETWEEN 5TH AVE NE AND 8TH AVE NE,,,2,Injury Collision,Rear Ended,2,0,0,2,2004/09/04 00:00:00+00,9/4/2004,Mid-Block (but intersection related),14,"MOTOR VEHICLE STRUCK MOTOR VEHICLE, REAR END",,0,Overcast,Dry,Dark - Street Lights On,,4248009.0,,14,From same direction - both going straight - one stopped - rear-end,0,0,N
6377,1,-122.31545359999998,47.60863593,7859,20673,20673,1074648,Matched,Block,,13TH AVE BETWEEN E CHERRY ST AND E COLUMBIA ST,,,1,Property Damage Only Collision,Parked Car,4,0,0,4,2004/11/30 00:00:00+00,11/30/2004 10:10:00 PM,Mid-Block (but intersection related),14,"MOTOR VEHICLE STRUCK MOTOR VEHICLE, REAR END",,0,Raining,Wet,Dark - Street Lights On,,4335031.0,,32,One parked--one moving,0,0,N
6378,1,-122.32947079999998,47.6132329,7861,21893,21893,1789742,Matched,Block,,PIKE ST BETWEEN TERRY AVE AND BOREN AVE,,,1,Property Damage Only Collision,Sideswipe,3,0,0,3,2004/01/19 00:00:00+00,1/19/2004 9:34:00 PM,Mid-Block (not related to intersection),16,"MOTOR VEHICLE STRUCK MOTOR VEHICLE, LEFT SIDE SIDESWIPE",,0,Clear,Dry,Dark - Street Lights On,,4019007.0,,11,From same direction - both going straight - both moving - sideswipe,0,0,N
6379,1,-122.3393811,47.61267734,7862,21201,21201,1777158,Matched,Block,,4TH AVE BETWEEN STEWART ST AND VIRGINIA ST,,,1,Property Damage Only Collision,Sideswipe,2,0,0,2,2004/01/20 00:00:00+00,1/20/2004 6:14:00 PM,Mid-Block (not related to intersection),16,"MOTOR VEHICLE STRUCK MOTOR VEHICLE, LEFT SIDE SIDESWIPE",,0,Clear,Dry,Dark - Street Lights On,,4020021.0,,11,From same direction - both going straight - both moving - sideswipe,0,0,N
6380,1,-122.33327120000001,47.60396425,7863,20955,20955,1200948,Matched,Block,,COLUMBIA ST BETWEEN 2ND AVE AND 3RD AVE,,,1,Property Damage Only Collision,Parked Car,2,0,0,2,2004/07/30 00:00:00+00,7/30/2004 12:38:00 PM,Mid-Block (not related to intersection),11,"MOTOR VEHICLE STRUCK MOTOR VEHICLE, FRONT END AT ANGLE",,0,Clear,Dry,Daylight,,4212045.0,,32,One parked--one moving,0,0,N
6381,2,-122.3376365,47.69869034,7864,20292,20292,1220479,Matched,Block,,DENSMORE AVE N BETWEEN N 95TH ST AND N 97TH ST,,,2,Injury Collision,Parked Car,2,0,0,2,2004/08/11 00:00:00+00,8/11/2004 1:36:00 AM,Mid-Block (not related to intersection),14,"MOTOR VEHICLE STRUCK MOTOR VEHICLE, REAR END",Y,1,Clear,Dry,Dark - Street Lights On,,4224007.0,,32,One parked--one moving,0,0,N
6382,2,-122.3927675,47.52582796,7866,21595,21595,1795355,Matched,Block,,FAUNTLEROY WAY SW BETWEEN SW CLOVERDALE ST AND SW TRENTON ST,,,2,Injury Collision,Rear Ended,4,0,0,3,2004/11/21 00:00:00+00,11/21/2004 1:00:00 PM,Mid-Block (not related to intersection),14,"MOTOR VEHICLE STRUCK MOTOR VEHICLE, REAR END",,0,Clear,Dry,Daylight,,4326014.0,,13,From same direction - both going straight - both moving - rear-end,0,0,N
6383,1,-122.3248747,47.68245283,7867,21170,21170,1782391,Matched,Block,,4TH AVE NE BETWEEN WOODLAWN N AVE NE AND NE 75TH ST,,,1,Property Damage Only Collision,Parked Car,2,0,0,2,2004/08/22 00:00:00+00,8/22/2004 6:00:00 PM,Mid-Block (not related to intersection),16,"MOTOR VEHICLE STRUCK MOTOR VEHICLE, LEFT SIDE SIDESWIPE",,0,Raining,Wet,Daylight,,4235006.0,,32,One parked--one moving,0,0,N
6384,1,-122.3169283,47.61993671,7868,21825,21825,1798974,Matched,Intersection,29055.0,12TH AVE E AND E JOHN ST,,,1,Property Damage Only Collision,Angles,3,0,0,2,2004/09/19 00:00:00+00,9/19/2004 5:13:00 PM,At Intersection (intersection related),11,"MOTOR VEHICLE STRUCK MOTOR VEHICLE, FRONT END AT ANGLE",,0,Clear,Dry,Daylight,,4263024.0,,10,Entering at angle,0,0,N
6385,1,-122.36806509999998,47.70151937,7869,21014,21014,1778609,Matched,Block,,NW 100TH ST BETWEEN DIBBLE AVE NW AND 9TH AVE NW,,,1,Property Damage Only Collision,Other,1,0,0,1,2004/07/05 00:00:00+00,7/5/2004,Mid-Block (not related to intersection),28,MOTOR VEHICLE RAN OFF ROAD - HIT FIXED OBJECT,,0,Clear,Dry,Dark - Street Lights On,,4187005.0,Y,50,Fixed object,0,0,N
6386,2,-122.27964309999999,47.67941307,7870,20404,20404,1220537,Matched,Intersection,24838.0,45TH AVE NE AND NE 70TH ST,,,2,Injury Collision,Angles,3,0,0,2,2004/10/09 00:00:00+00,10/9/2004,At Intersection (intersection related),11,"MOTOR VEHICLE STRUCK MOTOR VEHICLE, FRONT END AT ANGLE",Y,0,Overcast,Wet,Daylight,,4283034.0,,10,Entering at angle,0,0,N
6387,1,-122.35154990000001,47.61635383,7872,20932,20932,1069912,Matched,Intersection,29677.0,1ST AVE AND CLAY ST,,,1,Property Damage Only Collision,Sideswipe,2,0,0,2,2004/11/04 00:00:00+00,11/4/2004,At Intersection (intersection related),16,"MOTOR VEHICLE STRUCK MOTOR VEHICLE, LEFT SIDE SIDESWIPE",,0,Clear,Dry,Daylight,,4309009.0,,71,Same direction -- both turning right -- both moving -- sideswipe,0,0,N
6388,1,-122.37768759999999,47.63239169,7874,21263,21263,1777969,Matched,Intersection,28541.0,PIER 91 ACCESS RD AND W GALER ST FLYOVER,,,1,Property Damage Only Collision,Angles,2,0,0,2,2004/07/01 00:00:00+00,7/1/2004,At Intersection (intersection related),11,"MOTOR VEHICLE STRUCK MOTOR VEHICLE, FRONT END AT ANGLE",,0,Clear,Dry,Daylight,,4183039.0,,10,Entering at angle,0,0,N
6389,1,-122.36198279999999,47.68983403,7875,20766,20766,1212035,Matched,Block,,NW 84TH ST BETWEEN 3RD AVE NW AND 6TH AVE NW,,,1,Property Damage Only Collision,Parked Car,2,0,0,2,2004/03/06 00:00:00+00,3/6/2004,Mid-Block (not related to intersection),16,"MOTOR VEHICLE STRUCK MOTOR VEHICLE, LEFT SIDE SIDESWIPE",Y,0,Clear,Dry,Daylight,,4066012.0,,32,One parked--one moving,0,0,N
6390,1,-122.31212590000001,47.695342600000004,7876,22518,22518,1773987,Matched,Block,,15TH AVE NE BETWEEN NE 91ST ST AND NE 92ND ST,,,1,Property Damage Only Collision,Parked Car,2,0,0,2,2004/05/25 00:00:00+00,5/25/2004 8:56:00 AM,Mid-Block (not related to intersection),13,"MOTOR VEHICLE STRUCK MOTOR VEHICLE, LEFT SIDE AT ANGLE",,0,Clear,Dry,Daylight,,4146037.0,,32,One parked--one moving,0,0,N
6391,1,-122.3258287,47.73407122,7877,21478,21478,1855198,Matched,Block,,NE 145TH ST BETWEEN 4TH AVE NE AND 145TH ST ON RP,,,1,Property Damage Only Collision,Sideswipe,2,0,0,2,2004/09/28 00:00:00+00,9/28/2004 4:35:00 PM,Mid-Block (but intersection related),16,"MOTOR VEHICLE STRUCK MOTOR VEHICLE, LEFT SIDE SIDESWIPE",,0,Clear,Dry,Daylight,,4272041.0,,71,Same direction -- both turning right -- both moving -- sideswipe,0,0,N
6392,1,-122.339156,47.65916768,7878,21337,21337,1480522,Matched,Block,,N 43RD ST BETWEEN ASHWORTH AVE N AND WOODLAWN AVE N,,,1,Property Damage Only Collision,Parked Car,2,0,0,2,2004/09/09 00:00:00+00,9/9/2004,Mid-Block (not related to intersection),16,"MOTOR VEHICLE STRUCK MOTOR VEHICLE, LEFT SIDE SIDESWIPE",,0,Clear,Dry,Daylight,,4253002.0,,32,One parked--one moving,0,0,N
6393,1,-122.31556670000002,47.55942372,7881,22055,22055,1793366,Matched,Block,,S EDMUNDS ST BETWEEN 13TH AVE S AND DEAD END 2,,,1,Property Damage Only Collision,Parked Car,2,0,0,2,2004/11/29 00:00:00+00,11/29/2004 12:26:00 AM,Mid-Block (not related to intersection),11,"MOTOR VEHICLE STRUCK MOTOR VEHICLE, FRONT END AT ANGLE",,0,Clear,Dry,Dark - Street Lights On,,4334024.0,,32,One parked--one moving,0,0,N
6394,1,-122.3493106,47.66213444,7883,21020,21020,1774134,Matched,Block,,N 46TH ST BETWEEN FREMONT AVE N AND LINDEN AVE N,,,1,Property Damage Only Collision,Other,1,0,0,1,2004/05/28 00:00:00+00,5/28/2004 11:43:00 PM,Mid-Block (but intersection related),26,MOTOR VEHICLE STRUCK OBJECT IN ROAD,Y,0,Overcast,Dry,Dark - Street Lights On,,4149007.0,,50,Fixed object,0,0,N
6395,1,-122.35551969999999,47.71506588,7884,21537,21537,1774114,Matched,Block,,GREENWOOD AVE N BETWEEN N 117TH ST AND N 120TH ST,,,1,Property Damage Only Collision,Sideswipe,2,0,0,2,2004/04/15 00:00:00+00,4/15/2004 4:19:00 PM,Mid-Block (not related to intersection),11,"MOTOR VEHICLE STRUCK MOTOR VEHICLE, FRONT END AT ANGLE",,0,Clear,Dry,Daylight,,4106007.0,,12,From same direction - both going straight - one stopped - sideswipe,0,0,N
6396,1,-122.3965322,47.54328482,7885,20861,20861,1316638,Matched,Block,,BEACH DR SW BETWEEN ATLAS PL SW AND 48TH AVE SW,,,1,Property Damage Only Collision,Rear Ended,3,0,0,2,2004/01/30 00:00:00+00,1/30/2004 12:01:00 AM,Mid-Block (not related to intersection),14,"MOTOR VEHICLE STRUCK MOTOR VEHICLE, REAR END",,1,Raining,Wet,Dark - Street Lights On,,4030006.0,,13,From same direction - both going straight - both moving - rear-end,0,0,N
6397,1,-122.3636233,47.62291347,7886,20387,20387,1777958,Matched,Block,,ELLIOTT AVE W BETWEEN W HARRISON ST AND 6TH AVE W,,,1,Property Damage Only Collision,Parked Car,2,0,0,2,2004/02/13 00:00:00+00,2/13/2004 11:00:00 AM,Mid-Block (not related to intersection),13,"MOTOR VEHICLE STRUCK MOTOR VEHICLE, LEFT SIDE AT ANGLE",,0,Raining,Wet,Daylight,,4044033.0,,32,One parked--one moving,0,0,N
6398,2,-122.33310390000001,47.60797946,7887,22040,22040,1777643,Matched,Intersection,29929.0,5TH AVE AND SENECA ST,,,2,Injury Collision,Angles,2,0,0,2,2004/03/05 00:00:00+00,3/5/2004,At Intersection (intersection related),11,"MOTOR VEHICLE STRUCK MOTOR VEHICLE, FRONT END AT ANGLE",,0,Raining,Wet,Daylight,,4065043.0,,10,Entering at angle,0,0,N
6399,2,-122.3229514,47.68678736,7888,21643,21643,1773983,Matched,Intersection,24392.0,5TH AVE NE AND NE 80TH ST,,,2,Injury Collision,Angles,2,0,0,2,2004/04/14 00:00:00+00,4/14/2004 8:18:00 AM,At Intersection (intersection related),11,"MOTOR VEHICLE STRUCK MOTOR VEHICLE, FRONT END AT ANGLE",,0,Raining,Wet,Daylight,,4105029.0,,10,Entering at angle,0,0,N
6400,2,-122.3841369,47.56106419,7889,21079,21079,1798381,Matched,Intersection,31918.0,41ST AVE SW AND SW ALASKA ST,,,2,Injury Collision,Left Turn,2,0,0,2,2004/07/22 00:00:00+00,7/22/2004 5:32:00 PM,At Intersection (intersection related),11,"MOTOR VEHICLE STRUCK MOTOR VEHICLE, FRONT END AT ANGLE",,0,Clear,Dry,Daylight,,4204025.0,,28,From opposite direction - one left turn - one straight,0,0,N
6401,1,-122.30384380000001,47.66832497,7890,21119,21119,1779729,Matched,Block,,RAVENNA AVE NE BETWEEN NE 55TH ST AND RAVENNA PL NE,,,1,Property Damage Only Collision,Rear Ended,4,0,0,2,2004/05/05 00:00:00+00,5/5/2004,Mid-Block (but intersection related),14,"MOTOR VEHICLE STRUCK MOTOR VEHICLE, REAR END",Y,0,Overcast,Dry,Daylight,,4126029.0,,14,From same direction - both going straight - one stopped - rear-end,0,0,N
6402,1,-122.30595,47.58857102,7891,20799,20799,1772913,Matched,Intersection,31589.0,RAINIER AVE S AND RAINIER NB I90 EB ON RP,,,1,Property Damage Only Collision,Sideswipe,2,0,0,2,2004/05/17 00:00:00+00,5/17/2004 8:54:00 AM,At Intersection (intersection related),16,"MOTOR VEHICLE STRUCK MOTOR VEHICLE, LEFT SIDE SIDESWIPE",Y,0,Clear,Dry,Daylight,,4138034.0,,11,From same direction - both going straight - both moving - sideswipe,0,0,N
6403,1,-122.33236609999999,47.62427037,7894,21331,21331,1214101,Matched,Block,,MERCER ST BETWEEN MINOR AVE N AND PONTIUS AVE N,,,1,Property Damage Only Collision,Parked Car,2,0,0,2,2004/05/25 00:00:00+00,5/25/2004 8:00:00 AM,Mid-Block (not related to intersection),13,"MOTOR VEHICLE STRUCK MOTOR VEHICLE, LEFT SIDE AT ANGLE",,0,Clear,Dry,Unknown,,4146046.0,,32,One parked--one moving,0,0,N
6404,1,-122.3025521,47.64280163,7896,21663,21663,1799254,Matched,Block,,EAST MONTLAKE PL E BETWEEN 24TH AVE E AND E ROANOKE ST,,,1,Property Damage Only Collision,Other,1,0,0,1,2004/10/16 00:00:00+00,10/16/2004 11:30:00 PM,Mid-Block (not related to intersection),28,MOTOR VEHICLE RAN OFF ROAD - HIT FIXED OBJECT,Y,0,Raining,Dry,Dark - Street Lights On,,4290010.0,,50,Fixed object,0,0,N
6405,2,-122.34462959999999,47.69961937,7897,22153,22153,1780344,Matched,Intersection,37312.0,AURORA AVE N AND N 97TH ST,,,2,Injury Collision,Left Turn,3,0,0,2,2004/03/18 00:00:00+00,3/18/2004 5:15:00 PM,At Intersection (intersection related),11,"MOTOR VEHICLE STRUCK MOTOR VEHICLE, FRONT END AT ANGLE",,0,Clear,Dry,Daylight,,4078028.0,,28,From opposite direction - one left turn - one straight,0,0,N