,SEVERITYCODE,X,Y,OBJECTID,INCKEY,COLDETKEY,REPORTNO,STATUS,ADDRTYPE,INTKEY,LOCATION,EXCEPTRSNCODE,EXCEPTRSNDESC,SEVERITYCODE.1,SEVERITYDESC,COLLISIONTYPE,PERSONCOUNT,PEDCOUNT,PEDCYLCOUNT,VEHCOUNT,INCDATE,INCDTTM,JUNCTIONTYPE,SDOT_COLCODE,SDOT_COLDESC,INATTENTIONIND,UNDERINFL,WEATHER,ROADCOND,LIGHTCOND,PEDROWNOTGRNT,SDOTCOLNUM,SPEEDING,ST_COLCODE,ST_COLDESC,SEGLANEKEY,CROSSWALKKEY,HITPARKEDCAR
6406,1,-122.32139609999999,47.58244827,7900,21001,21001,1213634,Matched,Block,,AIRPORT WAY S BETWEEN S COLLEGE ST AND S STACY ST,,,1,Property Damage Only Collision,Other,5,0,0,2,2004/10/10 00:00:00+00,10/10/2004 4:18:00 PM,Driveway Junction,14,"MOTOR VEHICLE STRUCK MOTOR VEHICLE, REAR END",,0,Clear,Dry,Daylight,,4284026.0,,21,One car entering driveway access,0,0,N
6407,1,-122.37619879999998,47.5174801,7902,22182,22182,C650741,Matched,Block,,SW ROXBURY ST BETWEEN 34TH AVE SW AND 35TH AVE SW,,,1,Property Damage Only Collision,Sideswipe,2,0,0,2,2004/12/08 00:00:00+00,12/8/2004,Mid-Block (not related to intersection),16,"MOTOR VEHICLE STRUCK MOTOR VEHICLE, LEFT SIDE SIDESWIPE",,0,Other,Dry,Dark - Street Lights On,,4343052.0,,11,From same direction - both going straight - both moving - sideswipe,0,0,N
6408,1,-122.3120128,47.66052025,7903,21950,21950,1780446,Matched,Block,,15TH AVE NE BETWEEN NE 43RD ST AND NE 45TH ST,,,1,Property Damage Only Collision,Rear Ended,2,0,0,2,2004/07/27 00:00:00+00,7/27/2004 10:40:00 AM,Mid-Block (but intersection related),14,"MOTOR VEHICLE STRUCK MOTOR VEHICLE, REAR END",,0,Clear,Dry,Daylight,,4209039.0,,14,From same direction - both going straight - one stopped - rear-end,0,0,N
6409,2,-122.34456499999999,47.69418567,7904,21720,21720,1773607,Matched,Intersection,37340.0,AURORA AVE N AND N 90TH ST,,,2,Injury Collision,Left Turn,3,0,0,2,2004/05/01 00:00:00+00,5/1/2004,At Intersection (intersection related),11,"MOTOR VEHICLE STRUCK MOTOR VEHICLE, FRONT END AT ANGLE",,0,Clear,Dry,Daylight,,4122020.0,,28,From opposite direction - one left turn - one straight,0,0,N
6410,1,-122.31689270000001,47.68528882,7905,20964,20964,1079820,Matched,Block,,NE 78TH ST BETWEEN ROOSEVELT WAY NE AND 11TH AVE NE,,,1,Property Damage Only Collision,Parked Car,2,0,0,2,2004/09/04 00:00:00+00,9/4/2004,Driveway Junction,13,"MOTOR VEHICLE STRUCK MOTOR VEHICLE, LEFT SIDE AT ANGLE",,0,Clear,Dry,Dark - Street Lights On,,4248011.0,,32,One parked--one moving,0,0,N
6411,1,-122.3226007,47.654514299999995,7906,20578,20578,1773705,Matched,Intersection,27125.0,6TH AVE NE AND NE NORTHLAKE WAY,,,1,Property Damage Only Collision,Parked Car,2,0,0,2,2004/03/12 00:00:00+00,3/12/2004 5:00:00 PM,At Intersection (intersection related),16,"MOTOR VEHICLE STRUCK MOTOR VEHICLE, LEFT SIDE SIDESWIPE",,0,Clear,Dry,Daylight,,4072032.0,,32,One parked--one moving,0,0,N
6412,1,-122.34367979999999,47.621477,7908,21607,21607,1212967,Matched,Block,,7TH AVE N BETWEEN THOMAS ST AND HARRISON ST,,,1,Property Damage Only Collision,Sideswipe,4,0,0,2,2004/05/09 00:00:00+00,5/9/2004,Mid-Block (not related to intersection),16,"MOTOR VEHICLE STRUCK MOTOR VEHICLE, LEFT SIDE SIDESWIPE",,0,Clear,Dry,Dark - Street Lights On,,4130016.0,,11,From same direction - both going straight - both moving - sideswipe,0,0,N
6413,2,-122.2896068,47.72827872,7909,20884,20884,1079651,Matched,Intersection,36167.0,36TH AVE NE AND NE 137TH ST,,,2,Injury Collision,Angles,2,0,0,2,2004/07/19 00:00:00+00,7/19/2004 4:30:00 PM,At Intersection (intersection related),11,"MOTOR VEHICLE STRUCK MOTOR VEHICLE, FRONT END AT ANGLE",,0,Clear,Dry,Daylight,,4201012.0,,10,Entering at angle,0,0,N
6414,2,-122.29580370000001,47.71831402,7912,20965,20965,1079852,Matched,Block,,LAKE CITY WAY NE BETWEEN 30TH N AVE NE AND 31ST AVE NE,,,2,Injury Collision,Rear Ended,3,0,0,2,2004/07/11 00:00:00+00,7/11/2004 11:27:00 AM,Mid-Block (not related to intersection),14,"MOTOR VEHICLE STRUCK MOTOR VEHICLE, REAR END",,0,Clear,Dry,Daylight,,4193003.0,,14,From same direction - both going straight - one stopped - rear-end,0,0,N
6415,2,-122.3246595,47.63486555,7913,20366,20366,1316636,Matched,Block,,E BLAINE ST BETWEEN EASTLAKE AVE E AND FRANKLIN AVE E,,,2,Injury Collision,Parked Car,2,0,0,2,2004/01/03 00:00:00+00,1/3/2004,Mid-Block (not related to intersection),14,"MOTOR VEHICLE STRUCK MOTOR VEHICLE, REAR END",,1,Clear,Dry,Dark - Street Lights On,,4003002.0,,32,One parked--one moving,0,0,N
6416,1,-122.33414979999999,47.60408847,7914,22492,22492,1060004,Matched,Block,,2ND AVE BETWEEN COLUMBIA ST AND MARION ST,,,1,Property Damage Only Collision,Parked Car,2,0,0,2,2004/11/29 00:00:00+00,11/29/2004 11:40:00 AM,Mid-Block (not related to intersection),11,"MOTOR VEHICLE STRUCK MOTOR VEHICLE, FRONT END AT ANGLE",,0,Overcast,Dry,Daylight,,4334034.0,,32,One parked--one moving,0,0,N
6417,1,-122.26332620000001,47.54956967,7916,20901,20901,1779562,Matched,Block,,S HAWTHORN RD BETWEEN WILSON AVE S AND OAKHURST RD S,,,1,Property Damage Only Collision,Other,1,0,0,1,2004/03/12 00:00:00+00,3/12/2004 4:52:00 PM,Mid-Block (but intersection related),28,MOTOR VEHICLE RAN OFF ROAD - HIT FIXED OBJECT,,0,Clear,Dry,Daylight,,4072009.0,Y,50,Fixed object,0,0,N
6418,2,-122.33656470000001,47.60505166,7917,21846,21846,1182102,Matched,Block,,1ST AVE BETWEEN MADISON ST AND SPRING ST,,,2,Injury Collision,Rear Ended,3,0,0,2,2004/05/22 00:00:00+00,5/22/2004 11:45:00 PM,Mid-Block (not related to intersection),14,"MOTOR VEHICLE STRUCK MOTOR VEHICLE, REAR END",,1,Clear,Dry,Dark - Street Lights On,,4143013.0,,14,From same direction - both going straight - one stopped - rear-end,0,0,N
6419,1,-122.37609029999999,47.64941869,7918,22211,22211,1783660,Matched,Block,,15TH AV W NB ON RP BETWEEN W DRAVUS ST AND 15TH AVE W,,,1,Property Damage Only Collision,Rear Ended,5,0,0,3,2004/11/23 00:00:00+00,11/23/2004 6:51:00 PM,Mid-Block (but intersection related),14,"MOTOR VEHICLE STRUCK MOTOR VEHICLE, REAR END",,0,Raining,Wet,Unknown,,4328010.0,Y,14,From same direction - both going straight - one stopped - rear-end,0,0,N
6420,1,-122.3450068,47.61972993,7919,21881,21881,1069381,Matched,Intersection,28795.0,6TH AVE N AND JOHN ST,,,1,Property Damage Only Collision,Angles,3,0,0,2,2004/12/04 00:00:00+00,12/4/2004,At Intersection (intersection related),11,"MOTOR VEHICLE STRUCK MOTOR VEHICLE, FRONT END AT ANGLE",,0,Raining,Wet,Dark - Street Lights On,,4339038.0,,10,Entering at angle,0,0,N
6421,1,-122.32956850000001,47.55147565,7921,21521,21521,1789049,Matched,Block,,4TH AVE S BETWEEN S ORCAS ST AND S MEAD ST,,,1,Property Damage Only Collision,Rear Ended,2,0,0,2,2004/09/24 00:00:00+00,9/24/2004 8:18:00 AM,Mid-Block (but intersection related),14,"MOTOR VEHICLE STRUCK MOTOR VEHICLE, REAR END",,0,Overcast,Dry,Daylight,,4268052.0,,14,From same direction - both going straight - one stopped - rear-end,0,0,N
6422,2,-122.3355865,47.60398224,7922,21141,21141,1776356,Matched,Intersection,29622.0,1ST AVE AND MARION ST,,,2,Injury Collision,Angles,2,0,0,2,2004/01/08 00:00:00+00,1/8/2004,At Intersection (intersection related),11,"MOTOR VEHICLE STRUCK MOTOR VEHICLE, FRONT END AT ANGLE",,0,Overcast,Wet,Dark - Street Lights On,,4008016.0,,10,Entering at angle,0,0,N
6423,1,-122.3194468,47.61408516,7924,22179,22179,1788267,Matched,Intersection,29746.0,10TH AVE AND E PIKE ST,,,1,Property Damage Only Collision,Rear Ended,3,0,0,2,2004/01/22 00:00:00+00,1/22/2004 9:00:00 PM,At Intersection (intersection related),14,"MOTOR VEHICLE STRUCK MOTOR VEHICLE, REAR END",,0,Clear,Dry,Dark - Street Lights On,,4022027.0,,14,From same direction - both going straight - one stopped - rear-end,0,0,N
6424,1,-122.3207895,47.61465412,7926,21019,21019,1214396,Matched,Block,,BROADWAY BETWEEN E PIKE ST AND E PINE ST,,,1,Property Damage Only Collision,Parked Car,2,0,0,2,2004/01/15 00:00:00+00,1/15/2004 10:30:00 PM,Mid-Block (not related to intersection),13,"MOTOR VEHICLE STRUCK MOTOR VEHICLE, LEFT SIDE AT ANGLE",,0,Unknown,Unknown,Dark - Street Lights On,,4015003.0,,32,One parked--one moving,0,0,N
6425,1,-122.2731789,47.54604757,7927,21114,21114,1793301,Matched,Block,,S GRAHAM ST BETWEEN 47TH AVE S AND 48TH AVE S,,,1,Property Damage Only Collision,Other,1,0,0,1,2004/08/21 00:00:00+00,8/21/2004 1:13:00 AM,Mid-Block (not related to intersection),28,MOTOR VEHICLE RAN OFF ROAD - HIT FIXED OBJECT,,1,Clear,Dry,Dark - Street Lights On,,4234003.0,,50,Fixed object,0,0,N
6426,1,,,7928,20432,20432,1482728,Matched,Block,,ALASKAN WY VI SB BETWEEN ELLIOTT AV ON RP AND COLUMBIA ST ON RP,,,1,Property Damage Only Collision,Sideswipe,2,0,0,2,2004/09/24 00:00:00+00,9/24/2004 8:59:00 AM,Mid-Block (not related to intersection),16,"MOTOR VEHICLE STRUCK MOTOR VEHICLE, LEFT SIDE SIDESWIPE",,1,Clear,Dry,Daylight,,4268038.0,,11,From same direction - both going straight - both moving - sideswipe,0,0,N
6427,1,-122.3508318,47.65540836,7929,22364,22364,1221174,Matched,Block,,N 40TH ST BETWEEN EVANSTON AVE N AND DEAD END 3,,,1,Property Damage Only Collision,Other,1,0,0,1,2004/04/22 00:00:00+00,4/22/2004 2:46:00 PM,Driveway Junction,26,MOTOR VEHICLE STRUCK OBJECT IN ROAD,,0,Clear,Dry,Daylight,,4113020.0,,50,Fixed object,0,0,N
6428,1,,,7930,21463,21463,1788147,Matched,,,,NEI,"Not Enough Information, or Insufficient Location Information",1,Property Damage Only Collision,Parked Car,2,0,0,2,2004/07/09 00:00:00+00,7/9/2004,,0,NOT ENOUGH INFORMATION / NOT APPLICABLE,,0,Unknown,Unknown,Unknown,,4191052.0,,32,One parked--one moving,0,0,N
6429,2,-122.3463163,47.61856586,7933,20686,20686,1783758,Matched,Intersection,29652.0,DENNY WAY AND TAYLOR AVE N,,,2,Injury Collision,Left Turn,7,0,0,2,2004/09/06 00:00:00+00,9/6/2004,At Intersection (intersection related),11,"MOTOR VEHICLE STRUCK MOTOR VEHICLE, FRONT END AT ANGLE",,0,Clear,Dry,Dark - Street Lights On,,4250016.0,,28,From opposite direction - one left turn - one straight,0,0,N
6430,2,,,7934,22348,22348,1213708,Matched,Block,,BATTERY ST TUNNEL NB BETWEEN ALASKAN WY VI NB AND AURORA AVE N,,,2,Injury Collision,Other,3,0,0,1,2004/04/22 00:00:00+00,4/22/2004 11:30:00 AM,Mid-Block (not related to intersection),26,MOTOR VEHICLE STRUCK OBJECT IN ROAD,,0,Clear,Dry,Daylight,,4113012.0,Y,50,Fixed object,0,0,N
6431,1,-122.3341168,47.60656932,7935,21516,21516,1213270,Matched,Block,,SPRING ST BETWEEN 3RD AVE AND 4TH AVE,,,1,Property Damage Only Collision,Other,4,0,0,2,2004/12/07 00:00:00+00,12/7/2004,Mid-Block (not related to intersection),11,"MOTOR VEHICLE STRUCK MOTOR VEHICLE, FRONT END AT ANGLE",Y,0,Raining,Wet,Daylight,,4342047.0,,23,From same direction - all others,0,0,N
6432,2,-122.32857079999998,47.70590438,7936,21715,21715,1205257,Matched,Block,,1ST AVE NE BETWEEN NE 105TH ST AND I5 NB 1ST AV NE OFF RP,,,2,Injury Collision,Rear Ended,2,0,0,2,2004/08/04 00:00:00+00,8/4/2004,Driveway Junction,14,"MOTOR VEHICLE STRUCK MOTOR VEHICLE, REAR END",Y,1,Clear,Dry,Dark - Street Lights On,,4217007.0,,14,From same direction - both going straight - one stopped - rear-end,0,0,N
6433,1,-122.31720779999999,47.5495561,7938,22307,22307,1789206,Matched,Intersection,33119.0,AIRPORT WAY S AND S NEBRASKA ST,,,1,Property Damage Only Collision,Right Turn,2,0,0,2,2004/04/27 00:00:00+00,4/27/2004 5:02:00 PM,At Intersection (intersection related),11,"MOTOR VEHICLE STRUCK MOTOR VEHICLE, FRONT END AT ANGLE",,0,Clear,Dry,Daylight,,4118012.0,,16,From same direction - one right turn - one straight,0,0,N
6434,2,-122.3854581,47.56107185,7940,20670,20670,1781754,Matched,Intersection,31917.0,42ND AVE SW AND SW ALASKA ST,,,2,Injury Collision,Left Turn,2,0,0,2,2004/01/08 00:00:00+00,1/8/2004,At Intersection (intersection related),11,"MOTOR VEHICLE STRUCK MOTOR VEHICLE, FRONT END AT ANGLE",,0,Raining,Wet,Dark - Street Lights On,,4008012.0,,28,From opposite direction - one left turn - one straight,0,0,N
6435,1,-122.2963773,47.56575139,7941,21773,21773,1480921,Matched,Block,,M L KING JR ER WAY S BETWEEN S DAKOTA ST AND S ADAMS ST,,,1,Property Damage Only Collision,Rear Ended,2,0,0,2,2004/04/17 00:00:00+00,4/17/2004 7:31:00 PM,Driveway Junction,14,"MOTOR VEHICLE STRUCK MOTOR VEHICLE, REAR END",Y,0,Clear,Dry,Dawn,,4108014.0,,14,From same direction - both going straight - one stopped - rear-end,0,0,N
6436,2,-122.3033251,47.57835108,7943,21104,21104,1779505,Matched,Intersection,31631.0,23RD AVE S AND S MCCLELLAN ST,,,2,Injury Collision,Angles,2,0,0,2,2004/04/30 00:00:00+00,4/30/2004 11:00:00 AM,At Intersection (intersection related),11,"MOTOR VEHICLE STRUCK MOTOR VEHICLE, FRONT END AT ANGLE",,0,Clear,Dry,Daylight,,4121012.0,,10,Entering at angle,0,0,N
6437,2,-122.29637749999999,47.60165534,7945,22221,22221,1216875,Matched,Block,,E YESLER WAY BETWEEN M L KING JR WAY AND 28TH AVE,,,2,Injury Collision,Rear Ended,4,0,0,3,2004/07/31 00:00:00+00,7/31/2004 11:04:00 AM,Mid-Block (but intersection related),14,"MOTOR VEHICLE STRUCK MOTOR VEHICLE, REAR END",Y,0,Clear,Dry,Daylight,,4213028.0,,14,From same direction - both going straight - one stopped - rear-end,0,0,N
6438,1,-122.3397406,47.62454416,7947,21171,21171,1482534,Matched,Intersection,28765.0,9TH AVE N AND MERCER SR ST,,,1,Property Damage Only Collision,Left Turn,3,0,0,2,2004/04/28 00:00:00+00,4/28/2004 10:48:00 PM,At Intersection (intersection related),11,"MOTOR VEHICLE STRUCK MOTOR VEHICLE, FRONT END AT ANGLE",,0,Clear,Dry,Dark - Street Lights On,,4119013.0,,15,From same direction - one left turn - one straight,0,0,N
6439,1,-122.38418610000001,47.55749093,7948,21540,21540,1785772,Matched,Block,,41ST AVE SW BETWEEN SW EDMUNDS ST AND SW DAWSON ST,,,1,Property Damage Only Collision,Parked Car,2,0,0,2,2004/05/20 00:00:00+00,5/20/2004 9:29:00 PM,Mid-Block (not related to intersection),13,"MOTOR VEHICLE STRUCK MOTOR VEHICLE, LEFT SIDE AT ANGLE",,0,Clear,Dry,Daylight,,4141020.0,,32,One parked--one moving,0,0,N
6440,2,-122.30250020000001,47.59189312,7949,21304,21304,1217330,Matched,Intersection,30811.0,23RD AVE S AND S JUDKINS ST,,,2,Injury Collision,Left Turn,3,0,0,2,2004/08/17 00:00:00+00,8/17/2004 8:36:00 PM,At Intersection (intersection related),11,"MOTOR VEHICLE STRUCK MOTOR VEHICLE, FRONT END AT ANGLE",,0,Clear,Dry,Dark - Street Lights On,,4230022.0,,28,From opposite direction - one left turn - one straight,0,0,N
6441,1,-122.37876840000001,47.56558441,7950,20808,20808,1781369,Matched,Block,,37TH AVE SW BETWEEN SW DAKOTA ST AND SW GENESEE ST,,,1,Property Damage Only Collision,Parked Car,2,0,0,2,2004/08/19 00:00:00+00,8/19/2004 2:00:00 PM,Mid-Block (not related to intersection),11,"MOTOR VEHICLE STRUCK MOTOR VEHICLE, FRONT END AT ANGLE",,0,Clear,Dry,Daylight,,4232012.0,,32,One parked--one moving,0,0,N
6442,1,-122.3908598,47.68789082,7951,22337,22337,1779989,Matched,Block,,27TH AVE NW BETWEEN NW 80TH ST AND NW 83RD ST,,,1,Property Damage Only Collision,Parked Car,2,0,0,2,2004/09/17 00:00:00+00,9/17/2004 12:27:00 PM,Mid-Block (not related to intersection),31,DRIVERLESS VEHICLE STRUCK MOTOR VEHICLE FRONT END AT ANGLE,,0,Overcast,Wet,Daylight,,4261051.0,,32,One parked--one moving,0,0,N
6443,2,-122.277744,47.69834334,7952,21510,21510,1105421,Matched,Block,,SAND POINT WAY NE BETWEEN NE 95TH ST AND NE 97TH ST,,,2,Injury Collision,Parked Car,2,0,0,2,2004/11/14 00:00:00+00,11/14/2004 7:54:00 PM,Mid-Block (not related to intersection),14,"MOTOR VEHICLE STRUCK MOTOR VEHICLE, REAR END",Y,0,Raining,Wet,Dark - Street Lights On,,4319009.0,,32,One parked--one moving,0,0,N
6444,1,-122.3408978,47.61061931,7953,21367,21367,1198364,Matched,Block,,STEWART ST BETWEEN 1ST AVE AND 2ND AVE,,,1,Property Damage Only Collision,Parked Car,2,0,0,2,2004/11/05 00:00:00+00,11/5/2004,Mid-Block (not related to intersection),14,"MOTOR VEHICLE STRUCK MOTOR VEHICLE, REAR END",,0,Other,Unknown,Dark - Street Lights On,,4310001.0,,32,One parked--one moving,0,0,N
6445,1,-122.347373,47.52464831,7954,22306,22306,1789089,Matched,Block,,SW TRENTON ST BETWEEN 9TH AVE SW AND 10TH AVE SW,,,1,Property Damage Only Collision,Sideswipe,2,0,0,2,2004/04/25 00:00:00+00,4/25/2004 9:41:00 AM,Mid-Block (not related to intersection),16,"MOTOR VEHICLE STRUCK MOTOR VEHICLE, LEFT SIDE SIDESWIPE",Y,0,Clear,Dry,Daylight,,4116002.0,,12,From same direction - both going straight - one stopped - sideswipe,0,0,N
6446,1,-122.29053119999999,47.6974588,7955,21363,21363,1794229,Matched,Intersection,37899.0,35TH AVE NE AND NE 95TH ST,,,1,Property Damage Only Collision,Angles,2,0,0,2,2004/10/08 00:00:00+00,10/8/2004,At Intersection (intersection related),11,"MOTOR VEHICLE STRUCK MOTOR VEHICLE, FRONT END AT ANGLE",,0,Overcast,Wet,Dark - Street Lights On,,4282080.0,,10,Entering at angle,0,0,N
6447,2,-122.3327989,47.61183846,7956,20373,20373,1482659,Matched,Block,,PIKE ST BETWEEN 7TH AVE AND 8TH AVE,,,2,Injury Collision,Cycles,2,0,1,1,2004/05/04 00:00:00+00,5/4/2004,Mid-Block (not related to intersection),18,"MOTOR VEHICLE STRUCK PEDALCYCLIST, FRONT END AT ANGLE",,0,Clear,Dry,Daylight,,4125008.0,,45,Vehicle - Pedalcyclist,0,0,N
6448,2,-122.3127798,47.61291174,7957,22381,22381,1790108,Matched,Intersection,30141.0,15TH AVE AND E UNION ST,,,2,Injury Collision,Rear Ended,2,0,0,2,2004/03/09 00:00:00+00,3/9/2004,At Intersection (intersection related),14,"MOTOR VEHICLE STRUCK MOTOR VEHICLE, REAR END",,0,Clear,Dry,Dark - Street Lights On,,4069014.0,,14,From same direction - both going straight - one stopped - rear-end,0,0,N
6449,2,-122.3553015,47.68983727,7959,20906,20906,1782987,Matched,Intersection,24267.0,GREENWOOD AVE N AND N 84TH ST,,,2,Injury Collision,Angles,2,0,0,2,2004/05/07 00:00:00+00,5/7/2004,At Intersection (intersection related),11,"MOTOR VEHICLE STRUCK MOTOR VEHICLE, FRONT END AT ANGLE",,0,Overcast,Wet,Daylight,,4128020.0,,10,Entering at angle,0,0,N
6450,2,-122.3192088,47.70856922,7960,21704,21704,1774289,Matched,Block,,NE NORTHGATE WAY BETWEEN 8TH AVE NE AND ROOSEVELT WAY NE,,,2,Injury Collision,Rear Ended,4,0,0,3,2004/06/26 00:00:00+00,6/26/2004 11:30:00 AM,Mid-Block (but intersection related),14,"MOTOR VEHICLE STRUCK MOTOR VEHICLE, REAR END",,0,Clear,Dry,Daylight,,4178019.0,,13,From same direction - both going straight - both moving - rear-end,0,0,N
6451,2,-122.2805986,47.70980202,7961,20708,20708,1794703,Matched,Block,,SAND POINT WAY NE BETWEEN NE 110TH ST AND NE 113TH ST,,,2,Injury Collision,Other,3,0,0,2,2004/10/04 00:00:00+00,10/4/2004,Driveway Junction,11,"MOTOR VEHICLE STRUCK MOTOR VEHICLE, FRONT END AT ANGLE",Y,0,Fog/Smog/Smoke,Dry,Daylight,,4278024.0,,22,One car leaving driveway access,0,0,N
6452,2,-122.3735851,47.67017034,7963,21732,21732,1317773,Matched,Intersection,25413.0,14TH AVE NW AND NW 57TH ST,,,2,Injury Collision,Angles,13,0,0,2,2004/03/26 00:00:00+00,3/26/2004 4:21:00 PM,At Intersection (intersection related),11,"MOTOR VEHICLE STRUCK MOTOR VEHICLE, FRONT END AT ANGLE",,0,Raining,Wet,Daylight,,4086012.0,,10,Entering at angle,0,0,N
6453,1,-122.3462916,47.62148502,7964,21026,21026,1316450,Matched,Block,,TAYLOR AVE N BETWEEN THOMAS ST AND HARRISON ST,,,1,Property Damage Only Collision,Parked Car,2,0,0,2,2004/05/23 00:00:00+00,5/23/2004 5:30:00 PM,Mid-Block (not related to intersection),11,"MOTOR VEHICLE STRUCK MOTOR VEHICLE, FRONT END AT ANGLE",,0,Clear,Dry,Daylight,,4144026.0,,32,One parked--one moving,0,0,N
6454,1,-122.3175591,47.68710314,7965,21534,21534,1773988,Matched,Block,,ROOSEVELT WAY NE BETWEEN NE 80TH ST AND NE 81ST ST,,,1,Property Damage Only Collision,Other,1,0,0,1,2004/06/06 00:00:00+00,6/6/2004,Mid-Block (but intersection related),28,MOTOR VEHICLE RAN OFF ROAD - HIT FIXED OBJECT,,0,Raining,Wet,Daylight,,4158003.0,,50,Fixed object,0,0,N
6455,1,-122.3019065,47.70945197,7966,20866,20866,1318121,Matched,Block,,NE NORTHGATE WAY BETWEEN 24TH AVE NE AND LAKE CITY WAY NE,,,1,Property Damage Only Collision,Rear Ended,8,0,0,2,2004/05/10 00:00:00+00,5/10/2004 8:56:00 AM,Mid-Block (but intersection related),14,"MOTOR VEHICLE STRUCK MOTOR VEHICLE, REAR END",,0,Overcast,Dry,Daylight,,4131018.0,,14,From same direction - both going straight - one stopped - rear-end,0,0,N
6456,1,-122.34682859999998,47.63141142,7967,20826,20826,1777577,Matched,Block,,LEE ST BETWEEN 5TH AVE N AND TAYLOR AVE N,,,1,Property Damage Only Collision,Parked Car,4,0,0,4,2004/01/06 00:00:00+00,1/6/2004,Mid-Block (not related to intersection),14,"MOTOR VEHICLE STRUCK MOTOR VEHICLE, REAR END",,1,Raining,Snow/Slush,Dark - Street Lights On,,4006014.0,,32,One parked--one moving,0,0,N
6457,2,-122.3456535,47.61403982,7968,22328,22328,1777527,Matched,Intersection,29702.0,2ND AVE AND BELL ST,,,2,Injury Collision,Pedestrian,2,1,0,1,2004/02/04 00:00:00+00,2/4/2004,At Intersection (intersection related),24,MOTOR VEHCILE STRUCK PEDESTRIAN,,1,Overcast,Wet,Daylight,,4035009.0,,2,Vehicle turning left hits pedestrian,0,0,N
6458,1,-122.3387575,47.60413451,7969,21790,21790,1324739,Matched,Block,,ALASKAN WAY BETWEEN MADISON ST AND SPRING ST,,,1,Property Damage Only Collision,Parked Car,2,0,0,2,2004/07/19 00:00:00+00,7/19/2004 7:07:00 PM,Mid-Block (not related to intersection),13,"MOTOR VEHICLE STRUCK MOTOR VEHICLE, LEFT SIDE AT ANGLE",,0,Clear,Dry,Daylight,,4201007.0,,32,One parked--one moving,0,0,N
6459,2,-122.28110259999998,47.5366282,7970,21233,21233,1786491,Matched,Block,,M L KING JR WR WAY S BETWEEN S OTHELLO ST AND S HOLLY PARK DR,,,2,Injury Collision,Rear Ended,2,0,0,2,2004/01/29 00:00:00+00,1/29/2004 10:15:00 PM,Mid-Block (but intersection related),14,"MOTOR VEHICLE STRUCK MOTOR VEHICLE, REAR END",,0,Raining,Wet,Dark - Street Lights On,,4029034.0,,14,From same direction - both going straight - one stopped - rear-end,0,0,N
6460,1,-122.3016415,47.58365477,7974,21615,21615,1795879,Matched,Intersection,31453.0,24TH AVE S AND S WALKER ST,,,1,Property Damage Only Collision,Other,2,0,0,2,2004/10/01 00:00:00+00,10/1/2004,At Intersection (intersection related),14,"MOTOR VEHICLE STRUCK MOTOR VEHICLE, REAR END",,0,Clear,Dry,Daylight,,4275022.0,,23,From same direction - all others,0,0,N
6461,1,-122.36165109999999,47.62126697,7975,21326,21326,1777210,Matched,Block,,ELLIOTT AVE W BETWEEN W THOMAS N ST AND 4TH AVE W,,,1,Property Damage Only Collision,Other,2,0,0,2,2004/02/06 00:00:00+00,2/6/2004,Driveway Junction,11,"MOTOR VEHICLE STRUCK MOTOR VEHICLE, FRONT END AT ANGLE",,1,Overcast,Wet,Daylight,,4037011.0,,22,One car leaving driveway access,0,0,N
6462,1,-122.3419821,47.61421489,7976,21415,21415,1181472,Matched,Block,,4TH AVE BETWEEN LENORA ST AND BLANCHARD ST,,,1,Property Damage Only Collision,Rear Ended,2,0,0,2,2004/06/14 00:00:00+00,6/14/2004 11:28:00 AM,Mid-Block (not related to intersection),14,"MOTOR VEHICLE STRUCK MOTOR VEHICLE, REAR END",Y,0,Clear,Dry,Daylight,,4166025.0,,14,From same direction - both going straight - one stopped - rear-end,0,0,N
6463,1,-122.32636550000001,47.59793449,7977,21655,21655,1777024,Matched,Block,,6TH AVE S BETWEEN S KING ST AND S WELLER ST,,,1,Property Damage Only Collision,Parked Car,2,0,0,2,2004/05/29 00:00:00+00,5/29/2004 4:20:00 PM,Mid-Block (not related to intersection),14,"MOTOR VEHICLE STRUCK MOTOR VEHICLE, REAR END",,0,Overcast,Dry,Daylight,,4150023.0,,32,One parked--one moving,0,0,N
6464,2,-122.2966582,47.66124886,7979,21091,21091,1328897,Matched,Intersection,288752.0,U VILLAGE DR AND NE 45TH ST,,,2,Injury Collision,Other,4,0,0,2,2004/01/30 00:00:00+00,1/30/2004 1:00:00 PM,At Intersection (intersection related),11,"MOTOR VEHICLE STRUCK MOTOR VEHICLE, FRONT END AT ANGLE",,0,Overcast,Dry,Daylight,,4030027.0,,22,One car leaving driveway access,0,0,N
6465,1,-122.32354479999998,47.60507218,7983,22462,22462,1217080,Matched,Block,,JEFFERSON ST BETWEEN 9TH AVE AND TERRY AVE,,,1,Property Damage Only Collision,Parked Car,3,0,0,2,2004/07/27 00:00:00+00,7/27/2004 1:58:00 PM,Mid-Block (not related to intersection),15,"MOTOR VEHICLE STRUCK MOTOR VEHICLE, RIGHT SIDE SIDESWIPE",,0,Clear,Dry,Daylight,,4209015.0,,19,One car entering parked position,0,0,N
6466,2,-122.3058274,47.5884106,7985,21210,21210,1772912,Matched,Intersection,31517.0,RAINIER AVE S AND S MASSACHUSETTS ST,,,2,Injury Collision,Pedestrian,2,1,0,1,2004/05/17 00:00:00+00,5/17/2004 8:21:00 AM,At Intersection (intersection related),24,MOTOR VEHCILE STRUCK PEDESTRIAN,,0,Clear,Dry,Daylight,Y,4138002.0,,1,Vehicle turning right hits pedestrian,0,0,N