,SEVERITYCODE,X,Y,OBJECTID,INCKEY,COLDETKEY,REPORTNO,STATUS,ADDRTYPE,INTKEY,LOCATION,EXCEPTRSNCODE,EXCEPTRSNDESC,SEVERITYCODE.1,SEVERITYDESC,COLLISIONTYPE,PERSONCOUNT,PEDCOUNT,PEDCYLCOUNT,VEHCOUNT,INCDATE,INCDTTM,JUNCTIONTYPE,SDOT_COLCODE,SDOT_COLDESC,INATTENTIONIND,UNDERINFL,WEATHER,ROADCOND,LIGHTCOND,PEDROWNOTGRNT,SDOTCOLNUM,SPEEDING,ST_COLCODE,ST_COLDESC,SEGLANEKEY,CROSSWALKKEY,HITPARKEDCAR
6467,1,-122.3290621,47.66500854,7986,21873,21873,1793710,Matched,Intersection,25872.0,EASTERN AVE N AND N 50TH ST,,,1,Property Damage Only Collision,Angles,4,0,0,2,2004/05/31 00:00:00+00,5/31/2004 3:18:00 PM,At Intersection (intersection related),11,"MOTOR VEHICLE STRUCK MOTOR VEHICLE, FRONT END AT ANGLE",,0,Clear,Dry,Daylight,,4152011.0,,10,Entering at angle,0,0,N
6468,1,-122.30151809999998,47.58276299,7987,21382,21382,1772785,Matched,Intersection,31454.0,RAINIER AVE S AND S COLLEGE S ST,,,1,Property Damage Only Collision,Angles,2,0,0,2,2004/06/18 00:00:00+00,6/18/2004 12:25:00 PM,At Intersection (intersection related),11,"MOTOR VEHICLE STRUCK MOTOR VEHICLE, FRONT END AT ANGLE",,0,Clear,Dry,Daylight,,4170036.0,,10,Entering at angle,0,0,N
6469,2,-122.31222199999999,47.69079567,7988,20714,20714,1199349,Matched,Block,,15TH AVE NE BETWEEN NE 85TH ST AND NE 86TH ST,,,2,Injury Collision,Other,2,0,0,1,2004/10/03 00:00:00+00,10/3/2004,Mid-Block (not related to intersection),28,MOTOR VEHICLE RAN OFF ROAD - HIT FIXED OBJECT,,0,Clear,Dry,Daylight,,4277005.0,,50,Fixed object,0,0,N
6470,1,-122.2875459,47.56175885,7989,22079,22079,1474192,Matched,Block,,RAINIER AVE S BETWEEN S OREGON ST AND S ALASKA ST,,,1,Property Damage Only Collision,Sideswipe,3,0,0,2,2004/02/14 00:00:00+00,2/14/2004 3:17:00 PM,Mid-Block (not related to intersection),16,"MOTOR VEHICLE STRUCK MOTOR VEHICLE, LEFT SIDE SIDESWIPE",,0,Clear,Dry,Daylight,,4045042.0,,11,From same direction - both going straight - both moving - sideswipe,0,0,N
6471,1,-122.3076695,47.59748219,7990,21460,21460,1789993,Matched,Block,,S WELLER ST BETWEEN 18TH AVE S AND 20TH AVE S,,,1,Property Damage Only Collision,Parked Car,2,0,0,2,2004/04/12 00:00:00+00,4/12/2004 4:25:00 PM,Mid-Block (not related to intersection),11,"MOTOR VEHICLE STRUCK MOTOR VEHICLE, FRONT END AT ANGLE",,0,Clear,Dry,Daylight,,4103021.0,,32,One parked--one moving,0,0,N
6472,1,-122.3460237,47.70360676,7991,21037,21037,1778968,Matched,Block,,N 103RD ST BETWEEN LINDEN AVE N AND AURORA N AVE N,,,1,Property Damage Only Collision,Parked Car,2,0,0,2,2004/03/01 00:00:00+00,3/1/2004,Mid-Block (not related to intersection),13,"MOTOR VEHICLE STRUCK MOTOR VEHICLE, LEFT SIDE AT ANGLE",Y,0,Clear,Dry,Daylight,,4061018.0,,32,One parked--one moving,0,0,N
6473,2,-122.3473007,47.64502969,7993,20869,20869,1778021,Matched,Block,,WESTLAKE AVE N BETWEEN NEWELL ST AND NICKERSON ST,,,2,Injury Collision,Rear Ended,3,0,0,2,2004/05/05 00:00:00+00,5/5/2004,Mid-Block (but intersection related),14,"MOTOR VEHICLE STRUCK MOTOR VEHICLE, REAR END",,0,Clear,Dry,Dark - Street Lights On,,4126020.0,,14,From same direction - both going straight - one stopped - rear-end,0,0,N
6474,1,-122.3117406,47.58453892,7995,22476,22476,1474213,Matched,Block,,S HILL ST BETWEEN 16TH AVE S AND DEAD END 2,,,1,Property Damage Only Collision,Parked Car,2,0,0,2,2004/03/08 00:00:00+00,3/8/2004,Mid-Block (not related to intersection),12,"MOTOR VEHICLE STRUCK MOTOR VEHICLE, RIGHT SIDE AT ANGLE",,0,Unknown,Unknown,Unknown,,4068001.0,,32,One parked--one moving,0,0,N
6475,1,-122.38545659999998,47.56197325,7996,21570,21570,1781665,Matched,Block,,42ND AVE SW BETWEEN SW OREGON ST AND SW ALASKA ST,,,1,Property Damage Only Collision,Parked Car,2,0,0,2,2004/04/13 00:00:00+00,4/13/2004 9:45:00 AM,Mid-Block (not related to intersection),14,"MOTOR VEHICLE STRUCK MOTOR VEHICLE, REAR END",,0,Clear,Dry,Daylight,,4104009.0,,32,One parked--one moving,0,0,N
6476,2,-122.34456499999999,47.69418567,7997,21371,21371,1797114,Matched,Intersection,37340.0,AURORA AVE N AND N 90TH ST,,,2,Injury Collision,Angles,3,0,0,2,2004/12/20 00:00:00+00,12/20/2004 5:08:00 PM,At Intersection (intersection related),11,"MOTOR VEHICLE STRUCK MOTOR VEHICLE, FRONT END AT ANGLE",Y,0,Clear,Dry,Dark - Street Lights On,,4355021.0,,10,Entering at angle,0,0,N
6477,1,-122.34991609999999,47.65477142,7998,22023,22023,1774745,Matched,Block,,FREMONT AVE N BETWEEN FREMONT WAY N AND XW N40,,,1,Property Damage Only Collision,Parked Car,2,0,0,2,2004/07/16 00:00:00+00,7/16/2004 1:48:00 PM,Mid-Block (not related to intersection),16,"MOTOR VEHICLE STRUCK MOTOR VEHICLE, LEFT SIDE SIDESWIPE",,0,Clear,Dry,Daylight,,4198036.0,,32,One parked--one moving,0,0,N
6478,2,-122.2820653,47.6612782,7999,20987,20987,1780967,Matched,Block,,NE 45TH ST BETWEEN 42ND AVE NE AND 43RD AVE NE,,,2,Injury Collision,Other,1,0,0,1,2004/01/12 00:00:00+00,1/12/2004 1:10:00 PM,Mid-Block (but intersection related),28,MOTOR VEHICLE RAN OFF ROAD - HIT FIXED OBJECT,,0,Overcast,Dry,Daylight,,4012009.0,,50,Fixed object,0,0,N
6479,2,-122.3486068,47.51732239,8000,20659,20659,1198132,Matched,Block,,SW ROXBURY ST BETWEEN 10TH AVE SW AND 11TH AVE SW,,,2,Injury Collision,Rear Ended,2,0,0,2,2004/12/05 00:00:00+00,12/5/2004,Mid-Block (but intersection related),14,"MOTOR VEHICLE STRUCK MOTOR VEHICLE, REAR END",Y,0,Overcast,Wet,Daylight,,4340029.0,,14,From same direction - both going straight - one stopped - rear-end,0,0,N
6480,1,-122.34272820000001,47.54067899,8001,22537,22537,1781090,Matched,Block,,WEST MARGINAL WAY SW BETWEEN SW FRONT ST AND HIGHLAND PARK WAY SW,,,1,Property Damage Only Collision,Sideswipe,2,0,0,2,2004/03/30 00:00:00+00,3/30/2004 7:33:00 PM,Mid-Block (not related to intersection),16,"MOTOR VEHICLE STRUCK MOTOR VEHICLE, LEFT SIDE SIDESWIPE",,0,Overcast,Dry,Dark - Street Lights On,,4090021.0,,11,From same direction - both going straight - both moving - sideswipe,0,0,N
6481,2,-122.36118559999998,47.53726721,8003,20917,20917,1795681,Matched,Block,,DELRIDGE WAY SW BETWEEN SW ORCHARD ST AND SYLVAN WAY SW,,,2,Injury Collision,Rear Ended,3,0,0,2,2004/09/25 00:00:00+00,9/25/2004 2:30:00 PM,Mid-Block (but intersection related),14,"MOTOR VEHICLE STRUCK MOTOR VEHICLE, REAR END",,0,Clear,Dry,Daylight,,4269020.0,,14,From same direction - both going straight - one stopped - rear-end,0,0,N
6482,2,-122.33760819999999,47.71957002,8004,21427,21427,1199346,Matched,Block,,N 125TH ST BETWEEN DENSMORE AVE N AND DEAD END,,,2,Injury Collision,Other,1,0,0,1,2004/09/27 00:00:00+00,9/27/2004 6:48:00 PM,Mid-Block (not related to intersection),28,MOTOR VEHICLE RAN OFF ROAD - HIT FIXED OBJECT,,0,Clear,Dry,Daylight,,4271018.0,,50,Fixed object,0,0,N
6483,1,-122.3482257,47.62455294,8005,20949,20949,1482508,Matched,Block,,MERCER ST BETWEEN 4TH AVE N AND 5TH AVE N,,,1,Property Damage Only Collision,Rear Ended,2,0,0,2,2004/07/11 00:00:00+00,7/11/2004 4:44:00 PM,Mid-Block (but intersection related),14,"MOTOR VEHICLE STRUCK MOTOR VEHICLE, REAR END",,0,Clear,Dry,Daylight,,4193011.0,,14,From same direction - both going straight - one stopped - rear-end,0,0,N
6484,2,-122.3837913,47.52845382,8006,20419,20419,1775073,Matched,Block,,SW THISTLE ST BETWEEN 40TH AVE SW AND 41ST AVE SW,,,2,Injury Collision,Parked Car,2,0,0,2,2004/02/14 00:00:00+00,2/14/2004 8:55:00 AM,Mid-Block (not related to intersection),14,"MOTOR VEHICLE STRUCK MOTOR VEHICLE, REAR END",Y,0,Clear,Wet,Daylight,,4045023.0,,32,One parked--one moving,0,0,N
6485,1,-122.3646547,47.69064792,8007,22502,22502,1778890,Matched,Block,,NW 85TH ST BETWEEN 6TH AVE NW AND 8TH AVE NW,,,1,Property Damage Only Collision,Rear Ended,2,0,0,2,2004/05/06 00:00:00+00,5/6/2004,Mid-Block (not related to intersection),14,"MOTOR VEHICLE STRUCK MOTOR VEHICLE, REAR END",,0,Clear,Dry,Dusk,,4127017.0,,14,From same direction - both going straight - one stopped - rear-end,0,0,N
6486,1,-122.35516489999999,47.51736038,8008,21883,21883,C649408,Matched,Intersection,35058.0,DELRIDGE WAY SW AND SW ROXBURY ST,,,1,Property Damage Only Collision,Left Turn,3,0,0,3,2004/11/01 00:00:00+00,11/1/2004,At Intersection (intersection related),11,"MOTOR VEHICLE STRUCK MOTOR VEHICLE, FRONT END AT ANGLE",,0,Raining,Wet,Daylight,,4306069.0,,28,From opposite direction - one left turn - one straight,0,0,N
6487,2,-122.3500029,47.66504075,8009,20877,20877,C649723,Matched,Intersection,25655.0,FREMONT AVE N AND N 50TH ST,,,2,Injury Collision,Left Turn,2,0,0,2,2004/12/05 00:00:00+00,12/5/2004,At Intersection (intersection related),11,"MOTOR VEHICLE STRUCK MOTOR VEHICLE, FRONT END AT ANGLE",,0,Overcast,Wet,Daylight,,4340042.0,,28,From opposite direction - one left turn - one straight,0,0,N
6488,2,-122.3870909,47.55030084,8010,21944,21944,1215379,Matched,Intersection,32813.0,CALIFORNIA AVE SW AND SW JUNEAU ST,,,2,Injury Collision,Angles,2,0,0,2,2004/01/02 00:00:00+00,1/2/2004,At Intersection (intersection related),11,"MOTOR VEHICLE STRUCK MOTOR VEHICLE, FRONT END AT ANGLE",,0,Overcast,Wet,Dark - Street Lights On,,4002057.0,,10,Entering at angle,0,0,N
6489,1,-122.30440630000001,47.5588021,8011,21294,21294,1779045,Matched,Block,,BEACON WR AVE S BETWEEN S COLUMBIAN WAY AND S FERDINAND N ST,,,1,Property Damage Only Collision,Other,3,0,0,2,2004/04/06 00:00:00+00,4/6/2004,Driveway Junction,11,"MOTOR VEHICLE STRUCK MOTOR VEHICLE, FRONT END AT ANGLE",,0,Clear,Dry,Daylight,,4097010.0,,21,One car entering driveway access,0,0,N
6490,1,-122.35147079999999,47.66394498,8012,20547,20547,1473750,Matched,Block,,EVANSTON AVE N BETWEEN N 48TH ST AND N 49TH ST,,,1,Property Damage Only Collision,Parked Car,2,0,0,2,2004/04/10 00:00:00+00,4/10/2004 7:25:00 PM,Mid-Block (not related to intersection),15,"MOTOR VEHICLE STRUCK MOTOR VEHICLE, RIGHT SIDE SIDESWIPE",,0,Unknown,Unknown,Daylight,,4101025.0,,32,One parked--one moving,0,0,N
6491,1,-122.2860912,47.54701438,8014,21652,21652,1787770,Matched,Block,,M L KING JR WR WAY S BETWEEN S RAYMOND ST AND S GRAHAM ST,,,1,Property Damage Only Collision,Other,2,0,0,2,2004/03/26 00:00:00+00,3/26/2004 12:55:00 PM,Driveway Junction,14,"MOTOR VEHICLE STRUCK MOTOR VEHICLE, REAR END",Y,0,Clear,Dry,Daylight,,4086027.0,,21,One car entering driveway access,0,0,N
6492,1,-122.36140490000001,47.70206353,8015,21215,21215,1079920,Matched,Block,,HOLMAN RD NW BETWEEN 4TH AVE NW AND 3RD AVE NW,,,1,Property Damage Only Collision,Rear Ended,3,0,0,2,2004/08/31 00:00:00+00,8/31/2004 12:48:00 PM,Mid-Block (not related to intersection),14,"MOTOR VEHICLE STRUCK MOTOR VEHICLE, REAR END",Y,0,Clear,Dry,Daylight,,4244020.0,,14,From same direction - both going straight - one stopped - rear-end,0,0,N
6493,1,-122.3410003,47.62793478,8016,22445,22445,1777554,Matched,Block,,8TH AVE N BETWEEN ALOHA ST AND WESTLAKE S AVE N,,,1,Property Damage Only Collision,Parked Car,2,0,0,2,2004/03/08 00:00:00+00,3/8/2004,Mid-Block (not related to intersection),14,"MOTOR VEHICLE STRUCK MOTOR VEHICLE, REAR END",,0,Unknown,Unknown,Unknown,,4068007.0,,32,One parked--one moving,0,0,N
6494,1,-122.34499679999999,47.72503555,8017,21362,21362,1794177,Matched,Block,,AURORA AVE N BETWEEN N 130TH ST AND N 135TH ST,,,1,Property Damage Only Collision,Rear Ended,2,0,0,2,2004/08/19 00:00:00+00,8/19/2004 1:18:00 PM,Mid-Block (not related to intersection),14,"MOTOR VEHICLE STRUCK MOTOR VEHICLE, REAR END",,0,Clear,Dry,Daylight,,4232031.0,,14,From same direction - both going straight - one stopped - rear-end,0,0,N
6495,1,-122.3315726,47.60046016,8018,20410,20410,1777397,Matched,Block,,2ND AVE S BETWEEN S WASHINGTON ST AND S MAIN ST,,,1,Property Damage Only Collision,Parked Car,2,0,0,2,2004/01/28 00:00:00+00,1/28/2004 5:31:00 PM,Mid-Block (not related to intersection),11,"MOTOR VEHICLE STRUCK MOTOR VEHICLE, FRONT END AT ANGLE",,0,Raining,Wet,Dark - Street Lights On,,4028031.0,,19,One car entering parked position,0,0,N
6496,2,-122.29085409999999,47.70434636,8019,22342,22342,1220352,Matched,Block,,35TH AVE NE BETWEEN NE 104TH ST AND NE 105TH ST,,,2,Injury Collision,Rear Ended,2,0,0,2,2004/08/04 00:00:00+00,8/4/2004,Mid-Block (not related to intersection),14,"MOTOR VEHICLE STRUCK MOTOR VEHICLE, REAR END",,1,Clear,Dry,Daylight,,4217031.0,,13,From same direction - both going straight - both moving - rear-end,0,0,N
6497,1,-122.31577279999999,47.67189699,8020,21717,21717,1212072,Matched,Intersection,25757.0,11TH AVE NE AND NE RAVENNA WB BV,,,1,Property Damage Only Collision,Angles,3,0,0,2,2004/09/18 00:00:00+00,9/18/2004 12:10:00 PM,At Intersection (intersection related),11,"MOTOR VEHICLE STRUCK MOTOR VEHICLE, FRONT END AT ANGLE",,0,Overcast,Wet,Daylight,,4262020.0,,10,Entering at angle,0,0,N
6498,1,-122.3843777,47.51005339,8022,22450,22450,1790203,Matched,Intersection,38001.0,41ST AVE SW AND SW 104TH ST,,,1,Property Damage Only Collision,Angles,4,0,0,2,2004/04/17 00:00:00+00,4/17/2004 11:09:00 AM,At Intersection (intersection related),11,"MOTOR VEHICLE STRUCK MOTOR VEHICLE, FRONT END AT ANGLE",,0,Clear,Dry,Daylight,,4108031.0,,10,Entering at angle,0,0,N
6499,1,-122.2966582,47.66124886,8023,20844,20844,1220258,Matched,Intersection,288752.0,U VILLAGE DR AND NE 45TH ST,,,1,Property Damage Only Collision,Other,2,0,0,2,2004/11/12 00:00:00+00,11/12/2004 8:09:00 AM,At Intersection (intersection related),11,"MOTOR VEHICLE STRUCK MOTOR VEHICLE, FRONT END AT ANGLE",,0,Fog/Smog/Smoke,Wet,Daylight,,4317022.0,,21,One car entering driveway access,0,0,N
6500,2,-122.27845490000001,47.5116423,8024,20662,20662,1772705,Matched,Block,,M L KING JR ER WAY S BETWEEN S NORFOLK ST AND CITY LIMITS,,,2,Injury Collision,Other,6,0,0,2,2004/04/13 00:00:00+00,4/13/2004 4:46:00 PM,Driveway Junction,11,"MOTOR VEHICLE STRUCK MOTOR VEHICLE, FRONT END AT ANGLE",,0,Clear,Dry,Daylight,,4104015.0,,22,One car leaving driveway access,0,0,N
6501,2,-122.4009753,47.64217827,8025,22248,22248,1783393,Matched,Block,,34TH AVE W BETWEEN W SMITH N ST AND W RAYE ST,,,2,Injury Collision,Pedestrian,2,1,0,1,2004/09/18 00:00:00+00,9/18/2004 12:35:00 PM,Mid-Block (not related to intersection),24,MOTOR VEHCILE STRUCK PEDESTRIAN,Y,0,Overcast,Dry,Daylight,,4262008.0,,0,Vehicle going straight hits pedestrian,0,0,N
6502,2,-122.3089636,47.60217717,8026,21769,21769,1477846,Matched,Block,,18TH AVE BETWEEN E YESLER WAY AND E FIR ST,,,2,Injury Collision,Pedestrian,2,1,0,1,2004/09/04 00:00:00+00,9/4/2004,Driveway Junction,24,MOTOR VEHCILE STRUCK PEDESTRIAN,,0,Clear,Dry,Daylight,,4248004.0,,3,Vehicle backing hits pedestrian,0,0,N
6503,1,-122.2644803,47.51347204,8028,21430,21430,1773310,Matched,Block,,RENTON AVE S BETWEEN 55TH AVE S AND S NORFOLK ST,,,1,Property Damage Only Collision,Parked Car,2,0,0,2,2004/10/04 00:00:00+00,10/4/2004,Mid-Block (not related to intersection),14,"MOTOR VEHICLE STRUCK MOTOR VEHICLE, REAR END",,0,Clear,Dry,Unknown,,4278008.0,,32,One parked--one moving,0,0,N
6504,2,-122.3418227,47.66248151,8029,20952,20952,1780448,Matched,Block,,STONE WAY N BETWEEN N 46TH ST AND N 47TH ST,,,2,Injury Collision,Cycles,2,0,1,1,2004/09/01 00:00:00+00,9/1/2004,Mid-Block (not related to intersection),54,PEDALCYCLIST STRUCK MOTOR VEHICLE REAR END,Y,0,Raining,Wet,Dark - Street Lights On,,4245003.0,,45,Vehicle - Pedalcyclist,0,0,N
6505,1,-122.32641670000001,47.60485688,8030,20429,20429,1794699,Matched,Block,,JAMES ST BETWEEN 7TH AVE AND 8TH AVE,,,1,Property Damage Only Collision,Rear Ended,2,0,0,2,2004/12/21 00:00:00+00,12/21/2004 1:55:00 PM,Mid-Block (but intersection related),14,"MOTOR VEHICLE STRUCK MOTOR VEHICLE, REAR END",,0,Unknown,Wet,Daylight,,4356018.0,,14,From same direction - both going straight - one stopped - rear-end,0,0,N
6506,1,-122.3357817,47.60587262,8031,22215,22215,1776476,Matched,Intersection,29613.0,2ND AVE AND SPRING ST,,,1,Property Damage Only Collision,Angles,2,0,0,2,2004/03/20 00:00:00+00,3/20/2004 2:25:00 PM,At Intersection (intersection related),11,"MOTOR VEHICLE STRUCK MOTOR VEHICLE, FRONT END AT ANGLE",,0,Clear,Dry,Daylight,,4080015.0,,10,Entering at angle,0,0,N
6507,1,-122.350761,47.66213613,8032,21454,21454,1773517,Matched,Block,,N 46TH ST BETWEEN EVANSTON AVE N AND FREMONT AVE N,,,1,Property Damage Only Collision,Rear Ended,2,0,0,2,2004/05/24 00:00:00+00,5/24/2004 7:40:00 AM,Mid-Block (not related to intersection),14,"MOTOR VEHICLE STRUCK MOTOR VEHICLE, REAR END",,0,Clear,Dry,Daylight,,4145013.0,,13,From same direction - both going straight - both moving - rear-end,0,0,N
6508,1,-122.3512807,47.65414273,8034,21912,21912,1080231,Matched,Intersection,27010.0,EVANSTON AVE N AND N 39TH ST,,,1,Property Damage Only Collision,Left Turn,2,0,0,2,2004/12/04 00:00:00+00,12/4/2004,At Intersection (intersection related),11,"MOTOR VEHICLE STRUCK MOTOR VEHICLE, FRONT END AT ANGLE",,0,Overcast,Wet,Daylight,,4339029.0,,28,From opposite direction - one left turn - one straight,0,0,N
6509,1,-122.29987340000002,47.62097778,8035,21153,21153,1772564,Matched,Intersection,29275.0,25TH AVE E AND E MADISON ST,,,1,Property Damage Only Collision,Rear Ended,5,0,0,3,2004/06/29 00:00:00+00,6/29/2004 6:22:00 PM,At Intersection (intersection related),14,"MOTOR VEHICLE STRUCK MOTOR VEHICLE, REAR END",,0,Clear,Dry,Daylight,,4181010.0,,13,From same direction - both going straight - both moving - rear-end,0,0,N
6510,2,-122.32938999999999,47.68686223,8036,20403,20403,1220428,Matched,Intersection,24535.0,SUNNYSIDE AVE N AND N 80TH E ST,,,2,Injury Collision,Rear Ended,5,0,0,3,2004/08/17 00:00:00+00,8/17/2004 5:30:00 PM,At Intersection (but not related to intersection),14,"MOTOR VEHICLE STRUCK MOTOR VEHICLE, REAR END",Y,0,Clear,Dry,Daylight,,4230026.0,,14,From same direction - both going straight - one stopped - rear-end,0,0,N
6511,1,-122.34158020000001,47.6088555,8037,22521,22521,1795835,Matched,Block,,WESTERN AVE BETWEEN PIKE ST AND PINE ST,,,1,Property Damage Only Collision,Parked Car,2,0,0,2,2004/09/28 00:00:00+00,9/28/2004 3:40:00 PM,Mid-Block (not related to intersection),13,"MOTOR VEHICLE STRUCK MOTOR VEHICLE, LEFT SIDE AT ANGLE",,0,Clear,Dry,Unknown,,4272039.0,,32,One parked--one moving,0,0,N
6512,1,-122.3458631,47.61299081,8038,21647,21647,1785051,Matched,Block,,1ST AVE BETWEEN BLANCHARD ST AND BELL ST,,,1,Property Damage Only Collision,Other,2,0,0,2,2004/09/23 00:00:00+00,9/23/2004 11:56:00 PM,Mid-Block (not related to intersection),11,"MOTOR VEHICLE STRUCK MOTOR VEHICLE, FRONT END AT ANGLE",,0,Clear,Dry,Dark - Street Lights On,,4267003.0,,23,From same direction - all others,0,0,N
6513,1,-122.37754939999999,47.66867108,8039,20923,20923,1796986,Matched,Block,,NW MARKET ST BETWEEN 15TH AVE NW AND 17TH AVE NW,,,1,Property Damage Only Collision,Other,3,0,0,2,2004/12/04 00:00:00+00,12/4/2004,Driveway Junction,11,"MOTOR VEHICLE STRUCK MOTOR VEHICLE, FRONT END AT ANGLE",,0,Raining,Wet,Dark - Street Lights On,,4339054.0,,22,One car leaving driveway access,0,0,N
6514,1,,,8040,22444,22444,1321212,Matched,Block,,ALASKAN WY VI SB BETWEEN ELLIOTT AV ON RP AND COLUMBIA ST ON RP,,,1,Property Damage Only Collision,Sideswipe,2,0,0,2,2004/06/11 00:00:00+00,6/11/2004 7:46:00 AM,Mid-Block (but intersection related),16,"MOTOR VEHICLE STRUCK MOTOR VEHICLE, LEFT SIDE SIDESWIPE",Y,0,Raining,Wet,Daylight,,4163005.0,,11,From same direction - both going straight - both moving - sideswipe,0,0,N
6515,1,-122.3207601,47.61125935,8041,20981,20981,1745177,Matched,Intersection,29778.0,BROADWAY AND HARVARD AVE,,,1,Property Damage Only Collision,Angles,2,0,0,2,2004/12/28 00:00:00+00,12/28/2004 3:13:00 PM,At Intersection (intersection related),11,"MOTOR VEHICLE STRUCK MOTOR VEHICLE, FRONT END AT ANGLE",,0,Fog/Smog/Smoke,Dry,Daylight,,4363006.0,,10,Entering at angle,0,0,N
6516,1,-122.3152797,47.68308626,8042,20368,20368,1072718,Matched,Intersection,24429.0,12TH AVE NE AND NE 75TH ST,,,1,Property Damage Only Collision,Angles,2,0,0,2,2004/06/09 00:00:00+00,6/9/2004,At Intersection (intersection related),11,"MOTOR VEHICLE STRUCK MOTOR VEHICLE, FRONT END AT ANGLE",,0,Clear,Dry,Daylight,,4161027.0,,10,Entering at angle,0,0,N
6517,1,-122.3135835,47.62688651,8043,22379,22379,1789958,Matched,Block,,E ALOHA ST BETWEEN 14TH AVE E AND 15TH AVE E,,,1,Property Damage Only Collision,Parked Car,3,0,0,3,2004/08/16 00:00:00+00,8/16/2004 1:55:00 PM,Mid-Block (not related to intersection),16,"MOTOR VEHICLE STRUCK MOTOR VEHICLE, LEFT SIDE SIDESWIPE",,0,Clear,Dry,Daylight,,4229014.0,,32,One parked--one moving,0,0,N
6518,2,-122.30546670000001,47.69756886,8044,21766,21766,1219812,Matched,Intersection,37733.0,LAKE CITY WAY NE AND NE 95TH ST,,,2,Injury Collision,Left Turn,3,0,0,2,2004/11/04 00:00:00+00,11/4/2004,At Intersection (intersection related),11,"MOTOR VEHICLE STRUCK MOTOR VEHICLE, FRONT END AT ANGLE",,0,Clear,Dry,Dark - Street Lights On,,4309023.0,,28,From opposite direction - one left turn - one straight,0,0,N
6519,1,-122.34318200000001,47.54106972,8045,21332,21332,1132815,Matched,Intersection,34083.0,SW FRONT ST AND WEST MARGINAL WAY SW,,,1,Property Damage Only Collision,Left Turn,3,0,0,2,2004/11/23 00:00:00+00,11/23/2004 11:20:00 AM,At Intersection (intersection related),11,"MOTOR VEHICLE STRUCK MOTOR VEHICLE, FRONT END AT ANGLE",,0,Overcast,Dry,Daylight,,4328049.0,,15,From same direction - one left turn - one straight,0,0,N
6520,1,-122.38047320000001,47.66702611,8046,21838,21838,1780299,Matched,Block,,NW CENTRAL PL BETWEEN TALLMAN AVE NW AND RUSSELL AVE NW,,,1,Property Damage Only Collision,Parked Car,2,0,0,2,2004/01/21 00:00:00+00,1/21/2004 2:30:00 PM,Mid-Block (not related to intersection),14,"MOTOR VEHICLE STRUCK MOTOR VEHICLE, REAR END",Y,0,Clear,Dry,Daylight,,4021014.0,,32,One parked--one moving,0,0,N
6521,1,-122.3271146,47.63750534,8048,22207,22207,1787374,Matched,Block,,YALE AVE E BETWEEN E NEWTON ST AND E BOSTON ST,,,1,Property Damage Only Collision,Parked Car,2,0,0,2,2004/05/08 00:00:00+00,5/8/2004,Mid-Block (not related to intersection),11,"MOTOR VEHICLE STRUCK MOTOR VEHICLE, FRONT END AT ANGLE",,0,Raining,Wet,Dark - Street Lights On,,4129020.0,,32,One parked--one moving,0,0,N
6522,1,-122.2797136,47.52698921,8049,21588,21588,1784401,Matched,Block,,M L KING JR WR WAY S BETWEEN S THISTLE ST AND S CLOVERDALE ST,,,1,Property Damage Only Collision,Other,1,0,0,1,2004/10/17 00:00:00+00,10/17/2004 8:37:00 AM,Mid-Block (not related to intersection),29,MOTOR VEHICLE OVERTURNED IN ROAD,,0,Unknown,Unknown,Unknown,,4291001.0,,52,Vehicle overturned,0,0,N
6523,1,-122.3390524,47.62637315,8051,21671,21671,1785259,Matched,Block,,WESTLAKE AVE N BETWEEN VALLEY ST AND 9TH AVE N,,,1,Property Damage Only Collision,Parked Car,3,0,0,2,2004/12/05 00:00:00+00,12/5/2004,Mid-Block (but intersection related),14,"MOTOR VEHICLE STRUCK MOTOR VEHICLE, REAR END",,1,Unknown,Wet,Dark - Street Lights On,,4340032.0,,32,One parked--one moving,0,0,N
6524,1,-122.3320659,47.61655713,8052,20859,20859,C649392,Matched,Block,,BOREN AVE BETWEEN HOWELL ST AND STEWART ST,,,1,Property Damage Only Collision,Other,2,0,0,2,2004/10/29 00:00:00+00,10/29/2004 1:55:00 PM,Mid-Block (but intersection related),11,"MOTOR VEHICLE STRUCK MOTOR VEHICLE, FRONT END AT ANGLE",,0,Overcast,Dry,Daylight,,4303046.0,,23,From same direction - all others,0,0,N
6525,2,-122.3910925,47.53882055,8054,22187,22187,1774850,Matched,Block,,FAUNTLEROY WAY SW BETWEEN SW MYRTLE ST AND SW OTHELLO ST,,,2,Injury Collision,Rear Ended,3,0,0,2,2004/05/14 00:00:00+00,5/14/2004 9:25:00 AM,Mid-Block (but intersection related),14,"MOTOR VEHICLE STRUCK MOTOR VEHICLE, REAR END",Y,0,Clear,Dry,Daylight,,4135037.0,,14,From same direction - both going straight - one stopped - rear-end,0,0,N
6526,1,-122.29531899999999,47.71913381,8055,21509,21509,1080358,Matched,Block,,LAKE CITY WAY NE BETWEEN 31ST AVE NE AND NE 125TH ST,,,1,Property Damage Only Collision,Rear Ended,2,0,0,2,2004/06/24 00:00:00+00,6/24/2004 12:54:00 PM,Mid-Block (not related to intersection),14,"MOTOR VEHICLE STRUCK MOTOR VEHICLE, REAR END",Y,0,Clear,Dry,Daylight,,4176014.0,,14,From same direction - both going straight - one stopped - rear-end,0,0,N
6527,1,-122.2881116,47.55161019,8056,21235,21235,1787773,Matched,Block,,M L KING JR ER WAY S BETWEEN S FINDLAY ST AND S ORCAS ST,,,1,Property Damage Only Collision,Other,3,0,0,2,2004/04/16 00:00:00+00,4/16/2004 12:44:00 PM,Driveway Junction,11,"MOTOR VEHICLE STRUCK MOTOR VEHICLE, FRONT END AT ANGLE",,0,Overcast,Dry,Daylight,,4107052.0,,22,One car leaving driveway access,0,0,N