,SEVERITYCODE,X,Y,OBJECTID,INCKEY,COLDETKEY,REPORTNO,STATUS,ADDRTYPE,INTKEY,LOCATION,EXCEPTRSNCODE,EXCEPTRSNDESC,SEVERITYCODE.1,SEVERITYDESC,COLLISIONTYPE,PERSONCOUNT,PEDCOUNT,PEDCYLCOUNT,VEHCOUNT,INCDATE,INCDTTM,JUNCTIONTYPE,SDOT_COLCODE,SDOT_COLDESC,INATTENTIONIND,UNDERINFL,WEATHER,ROADCOND,LIGHTCOND,PEDROWNOTGRNT,SDOTCOLNUM,SPEEDING,ST_COLCODE,ST_COLDESC,SEGLANEKEY,CROSSWALKKEY,HITPARKEDCAR
6528,2,-122.38388870000001,47.58117586,8057,21118,21118,1798493,Matched,Intersection,31064.0,41ST AVE SW AND SW ADMIRAL WAY,,,2,Injury Collision,Angles,3,0,0,2,2004/11/06 00:00:00+00,11/6/2004,At Intersection (intersection related),11,"MOTOR VEHICLE STRUCK MOTOR VEHICLE, FRONT END AT ANGLE",,0,Raining,Wet,Dark - Street Lights On,,4311016.0,,10,Entering at angle,0,0,N
6529,1,-122.31893290000002,47.52645302,8058,20583,20583,1795687,Matched,Block,,S CLOVERDALE ST BETWEEN 10TH AVE S AND 12TH AVE S,,,1,Property Damage Only Collision,Other,2,0,0,2,2004/10/09 00:00:00+00,10/9/2004,Mid-Block (not related to intersection),28,MOTOR VEHICLE RAN OFF ROAD - HIT FIXED OBJECT,,0,Overcast,Wet,Dark - Street Lights On,,4283041.0,,50,Fixed object,0,0,N
6530,2,-122.35108290000001,47.61607772,8059,22372,22372,1784866,Matched,Block,,1ST AVE BETWEEN CEDAR ST AND CLAY ST,,,2,Injury Collision,Parked Car,3,0,0,2,2004/11/27 00:00:00+00,11/27/2004 12:50:00 AM,Mid-Block (not related to intersection),16,"MOTOR VEHICLE STRUCK MOTOR VEHICLE, LEFT SIDE SIDESWIPE",Y,0,Overcast,Wet,Dark - Street Lights On,,4332040.0,,32,One parked--one moving,0,0,N
6531,1,-122.3341251,47.54266773,8061,20893,20893,1567683,Matched,Block,,1ST AV S BR NB BETWEEN POINT B AND POINT A,,,1,Property Damage Only Collision,Sideswipe,3,0,0,3,2004/02/04 00:00:00+00,2/4/2004,Mid-Block (not related to intersection),16,"MOTOR VEHICLE STRUCK MOTOR VEHICLE, LEFT SIDE SIDESWIPE",,0,Clear,Dry,Daylight,,4035002.0,Y,11,From same direction - both going straight - both moving - sideswipe,0,0,N
6532,1,-122.37619029999999,47.56305586,8063,20557,20557,1789061,Matched,Block,,35TH AVE SW BETWEEN SW AVALON WAY AND SW SNOQUALMIE ST,,,1,Property Damage Only Collision,Parked Car,2,0,0,2,2004/02/13 00:00:00+00,2/13/2004 1:10:00 PM,Mid-Block (not related to intersection),16,"MOTOR VEHICLE STRUCK MOTOR VEHICLE, LEFT SIDE SIDESWIPE",Y,0,Overcast,Dry,Daylight,,4044025.0,,32,One parked--one moving,0,0,N
6533,1,-122.28410120000001,47.55645048,8064,21904,21904,1779570,Matched,Block,,RAINIER AVE S BETWEEN S HUDSON ST AND 39TH N AVE S,,,1,Property Damage Only Collision,Rear Ended,2,0,0,2,2004/06/16 00:00:00+00,6/16/2004 4:00:00 PM,Mid-Block (but intersection related),14,"MOTOR VEHICLE STRUCK MOTOR VEHICLE, REAR END",,0,Clear,Dry,Daylight,,4168033.0,,14,From same direction - both going straight - one stopped - rear-end,0,0,N
6534,1,-122.3102926,47.66126026,8065,22154,22154,1780465,Matched,Block,,NE 45TH ST BETWEEN 16TH AVE NE AND 17TH SB AVE NE,,,1,Property Damage Only Collision,Rear Ended,3,0,0,3,2004/03/27 00:00:00+00,3/27/2004 11:02:00 PM,Mid-Block (but intersection related),14,"MOTOR VEHICLE STRUCK MOTOR VEHICLE, REAR END",,0,Raining,Wet,Dark - Street Lights On,,4087015.0,,14,From same direction - both going straight - one stopped - rear-end,0,0,N
6535,2,-122.3982399,47.66037122,8066,20946,20946,1482285,Matched,Block,,W GOVERNMENT WAY BETWEEN 32ND N AVE W AND 32ND S AVE W,,,2,Injury Collision,Other,1,0,0,1,2004/04/17 00:00:00+00,4/17/2004 4:50:00 AM,Mid-Block (but intersection related),28,MOTOR VEHICLE RAN OFF ROAD - HIT FIXED OBJECT,,1,Clear,Dry,Dark - Street Lights On,,4108034.0,,50,Fixed object,0,0,N
6536,1,-122.33963519999999,47.54022003,8067,21963,21963,1797930,Matched,Block,,HIGHLAND PARK WAY SW BETWEEN 2ND AVE SW AND WEST MARGINAL WAY SW,,,1,Property Damage Only Collision,Right Turn,2,0,0,2,2004/10/08 00:00:00+00,10/8/2004,Mid-Block (but intersection related),14,"MOTOR VEHICLE STRUCK MOTOR VEHICLE, REAR END",,0,Raining,Wet,Daylight,,4282084.0,,16,From same direction - one right turn - one straight,0,0,N
6537,2,-122.34509609999999,47.54736919,8068,21272,21272,530567,Matched,Block,,WEST MARGINAL WAY SW BETWEEN SW BRANDON ST AND SW FRONT ST,,,2,Injury Collision,Other,0,0,0,2,2004/03/26 00:00:00+00,3/26/2004 1:20:00 PM,Mid-Block (not related to intersection),11,"MOTOR VEHICLE STRUCK MOTOR VEHICLE, FRONT END AT ANGLE",,0,Clear,Dry,Daylight,,4086011.0,,23,From same direction - all others,0,0,N
6538,1,-122.3380759,47.60392419,8069,20532,20532,1776975,Matched,Intersection,29624.0,ALASKAN E RDWY WAY AND MADISON ST,,,1,Property Damage Only Collision,Angles,2,0,0,2,2004/06/03 00:00:00+00,6/3/2004,At Intersection (intersection related),11,"MOTOR VEHICLE STRUCK MOTOR VEHICLE, FRONT END AT ANGLE",,0,Clear,Dry,Daylight,,4155021.0,,10,Entering at angle,0,0,N
6539,1,-122.3289545,47.60133187,8070,22027,22027,1776904,Matched,Block,,4TH AVE S BETWEEN 4TH AVE AND S WASHINGTON ST,,,1,Property Damage Only Collision,Sideswipe,3,0,0,2,2004/04/20 00:00:00+00,4/20/2004 2:03:00 PM,Mid-Block (not related to intersection),11,"MOTOR VEHICLE STRUCK MOTOR VEHICLE, FRONT END AT ANGLE",Y,0,Clear,Dry,Daylight,,4111017.0,,26,From opposite direction - both going straight - sideswipe,0,0,N
6540,1,-122.30063510000001,47.67668215,8071,21638,21638,1772176,Matched,Block,,25TH AVE NE BETWEEN NE 65TH ST AND NE 68TH ST,,,1,Property Damage Only Collision,Rear Ended,2,0,0,2,2004/03/29 00:00:00+00,3/29/2004 1:55:00 PM,Mid-Block (but intersection related),14,"MOTOR VEHICLE STRUCK MOTOR VEHICLE, REAR END",,0,Clear,Dry,Daylight,,4089016.0,,14,From same direction - both going straight - one stopped - rear-end,0,0,N
6541,1,-122.27872140000001,47.51164581,8072,21211,21211,1772976,Matched,Block,,M L KING JR WR WAY S BETWEEN S NORFOLK ST AND CITY LIMITS,,,1,Property Damage Only Collision,Sideswipe,2,0,0,2,2004/04/23 00:00:00+00,4/23/2004 7:58:00 PM,Mid-Block (not related to intersection),16,"MOTOR VEHICLE STRUCK MOTOR VEHICLE, LEFT SIDE SIDESWIPE",,0,Clear,Dry,Dark - Street Lights On,,4114004.0,,11,From same direction - both going straight - both moving - sideswipe,0,0,N
6542,1,-122.24931570000001,47.50002189,8073,21724,21724,1783927,Matched,Block,,S 116TH PL BETWEEN RENTON AVE S AND 69TH PL S,,,1,Property Damage Only Collision,Parked Car,3,0,0,2,2004/11/12 00:00:00+00,11/12/2004 10:19:00 AM,Mid-Block (not related to intersection),14,"MOTOR VEHICLE STRUCK MOTOR VEHICLE, REAR END",,0,Clear,Dry,Daylight,,4317036.0,,32,One parked--one moving,0,0,N
6543,2,-122.3027274,47.61226406,8074,21257,21257,1216585,Matched,Block,,23RD AVE BETWEEN E SPRING ST AND E UNION ST,,,2,Injury Collision,Rear Ended,2,0,0,2,2004/06/15 00:00:00+00,6/15/2004 5:42:00 PM,Mid-Block (but intersection related),14,"MOTOR VEHICLE STRUCK MOTOR VEHICLE, REAR END",,0,Clear,Dry,Daylight,,4167025.0,,14,From same direction - both going straight - one stopped - rear-end,0,0,N
6544,1,-122.29895549999999,47.71745615,8075,20570,20570,1320605,Matched,Block,,NE 123RD ST BETWEEN HIRAM PL NE AND 28TH AVE NE,,,1,Property Damage Only Collision,Other,1,0,0,1,2004/08/22 00:00:00+00,8/22/2004 1:38:00 AM,Driveway Junction,28,MOTOR VEHICLE RAN OFF ROAD - HIT FIXED OBJECT,,0,Raining,Wet,Dark - Street Lights On,,4235041.0,,50,Fixed object,0,0,N
6545,1,-122.31025890000002,47.5942141,8076,22535,22535,1198461,Matched,Block,,RAINIER AVE S BETWEEN S CHARLES N ST AND S CHARLES S ST,,,1,Property Damage Only Collision,Left Turn,3,0,0,3,2004/12/04 00:00:00+00,12/4/2004,Mid-Block (not related to intersection),11,"MOTOR VEHICLE STRUCK MOTOR VEHICLE, FRONT END AT ANGLE",Y,0,Raining,Wet,Daylight,,4339063.0,,15,From same direction - one left turn - one straight,0,0,N
6546,2,-122.33511000000001,47.70141155,8078,20885,20885,1079738,Matched,Intersection,37292.0,COLLEGE WAY N AND N 100TH ST,,,2,Injury Collision,Angles,2,0,0,2,2004/08/17 00:00:00+00,8/17/2004 4:13:00 PM,At Intersection (intersection related),11,"MOTOR VEHICLE STRUCK MOTOR VEHICLE, FRONT END AT ANGLE",,0,Clear,Dry,Daylight,,4230027.0,,10,Entering at angle,0,0,N
6547,1,-122.34974740000001,47.64958973,8079,21914,21914,1080361,Matched,Intersection,27039.0,FREMONT AVE N AND N 34TH ST,,,1,Property Damage Only Collision,Cycles,2,0,1,1,2004/06/29 00:00:00+00,6/29/2004 12:30:00 PM,At Intersection (intersection related),18,"MOTOR VEHICLE STRUCK PEDALCYCLIST, FRONT END AT ANGLE",,0,Clear,Dry,Daylight,Y,4181027.0,,45,Vehicle - Pedalcyclist,0,0,N
6548,1,-122.3341983,47.58504268,8080,21155,21155,1072233,Matched,Block,,1ST AVE S BETWEEN S HOLGATE ST AND S WALKER ST,,,1,Property Damage Only Collision,Other,2,0,0,2,2004/06/07 00:00:00+00,6/7/2004,Driveway Junction,11,"MOTOR VEHICLE STRUCK MOTOR VEHICLE, FRONT END AT ANGLE",,0,Clear,Dry,Daylight,,4159025.0,,21,One car entering driveway access,0,0,N
6549,1,-122.33428799999999,47.62469378,8084,22305,22305,1777129,Matched,Intersection,28760.0,FAIRVIEW AVE N AND MERCER ST,,,1,Property Damage Only Collision,Left Turn,4,0,0,3,2004/01/10 00:00:00+00,1/10/2004 9:30:00 AM,At Intersection (intersection related),11,"MOTOR VEHICLE STRUCK MOTOR VEHICLE, FRONT END AT ANGLE",,0,Clear,Wet,Daylight,,4010030.0,,28,From opposite direction - one left turn - one straight,0,0,N
6550,1,-122.3337383,47.662747499999995,8085,20982,20982,1780499,Matched,Block,,MERIDIAN AVE N BETWEEN N 46TH N ST AND N 47TH ST,,,1,Property Damage Only Collision,Parked Car,2,0,0,2,2004/09/19 00:00:00+00,9/19/2004 5:00:00 PM,Mid-Block (not related to intersection),14,"MOTOR VEHICLE STRUCK MOTOR VEHICLE, REAR END",Y,0,Clear,Dry,Daylight,,4263003.0,,32,One parked--one moving,0,0,N
6551,1,-122.3124406,47.59707169,8086,22388,22388,1180877,Matched,Block,,RAINIER AVE S BETWEEN S WELLER ST AND S LANE ST,,,1,Property Damage Only Collision,Rear Ended,6,0,0,2,2004/04/25 00:00:00+00,4/25/2004 2:11:00 PM,Mid-Block (not related to intersection),14,"MOTOR VEHICLE STRUCK MOTOR VEHICLE, REAR END",Y,0,Clear,Dry,Daylight,,4116029.0,,13,From same direction - both going straight - both moving - rear-end,0,0,N
6552,1,-122.35119099999999,47.51733739,8088,20912,20912,1781080,Matched,Block,,SW ROXBURY ST BETWEEN 12TH AVE SW AND 13TH AVE SW,,,1,Property Damage Only Collision,Rear Ended,2,0,0,2,2004/02/17 00:00:00+00,2/17/2004 3:56:00 PM,Mid-Block (but intersection related),14,"MOTOR VEHICLE STRUCK MOTOR VEHICLE, REAR END",,0,Unknown,Unknown,Daylight,,4048009.0,,14,From same direction - both going straight - one stopped - rear-end,0,0,N
6553,1,-122.36224720000001,47.64262847,8089,21561,21561,1777205,Matched,Block,,4TH AVE W BETWEEN W HALLADAY ST AND W RAYE ST,,,1,Property Damage Only Collision,Parked Car,2,0,0,2,2004/01/24 00:00:00+00,1/24/2004 2:00:00 AM,Mid-Block (not related to intersection),11,"MOTOR VEHICLE STRUCK MOTOR VEHICLE, FRONT END AT ANGLE",,0,Overcast,Dry,Dark - Street Lights On,,4024028.0,,32,One parked--one moving,0,0,N
6554,1,-122.35410379999999,47.62391976,8090,21379,21379,1482450,Matched,Block,,WARREN AVE N BETWEEN REPUBLICAN ST AND MERCER ST,,,1,Property Damage Only Collision,Parked Car,2,0,0,2,2004/06/19 00:00:00+00,6/19/2004 8:00:00 PM,Mid-Block (not related to intersection),13,"MOTOR VEHICLE STRUCK MOTOR VEHICLE, LEFT SIDE AT ANGLE",,0,Other,Unknown,Unknown,,4171032.0,,32,One parked--one moving,0,0,N
6555,1,-122.3892004,47.65283803,8091,20280,20280,1776178,Matched,Block,,26TH PL W BETWEEN W RUFFNER ST AND W MANOR PL,,,1,Property Damage Only Collision,Parked Car,2,0,0,2,2004/01/26 00:00:00+00,1/26/2004 1:00:00 AM,Mid-Block (not related to intersection),16,"MOTOR VEHICLE STRUCK MOTOR VEHICLE, LEFT SIDE SIDESWIPE",,0,Overcast,Dry,Dark - Street Lights On,,4026003.0,,32,One parked--one moving,0,0,N
6556,1,-122.30399809999999,47.66180455,8093,21599,21599,1778664,Matched,Block,,NE 46TH ST BETWEEN 22ND AVE NE AND DEAD END 1,,,1,Property Damage Only Collision,Parked Car,2,0,0,2,2004/04/16 00:00:00+00,4/16/2004 7:00:00 PM,Mid-Block (not related to intersection),14,"MOTOR VEHICLE STRUCK MOTOR VEHICLE, REAR END",,0,Unknown,Unknown,Unknown,,4107012.0,,32,One parked--one moving,0,0,N
6557,1,-122.35475120000001,47.62457689,8094,21315,21315,C646943,Matched,Block,,MERCER ST BETWEEN 1ST AVE N AND WARREN AVE N,,,1,Property Damage Only Collision,Sideswipe,2,0,0,2,2004/08/06 00:00:00+00,8/6/2004,Mid-Block (not related to intersection),16,"MOTOR VEHICLE STRUCK MOTOR VEHICLE, LEFT SIDE SIDESWIPE",,0,Clear,Dry,Daylight,,4219075.0,,11,From same direction - both going straight - both moving - sideswipe,0,0,N
6558,1,-122.30176170000001,47.602667499999995,8095,21670,21670,1198307,Matched,Block,,E FIR ST BETWEEN 23RD AVE AND 24TH AVE,,,1,Property Damage Only Collision,Other,1,0,0,1,2004/11/17 00:00:00+00,11/17/2004 10:36:00 PM,Mid-Block (but intersection related),28,MOTOR VEHICLE RAN OFF ROAD - HIT FIXED OBJECT,,0,Raining,Wet,Dark - Street Lights On,,4322006.0,,50,Fixed object,0,0,N
6559,1,-122.34489609999999,47.717173100000004,8096,21003,21003,1213688,Matched,Block,,AURORA AVE N BETWEEN N 117TH PL AND N 125TH ST,,,1,Property Damage Only Collision,Rear Ended,2,0,0,2,2004/12/08 00:00:00+00,12/8/2004,Mid-Block (but intersection related),14,"MOTOR VEHICLE STRUCK MOTOR VEHICLE, REAR END",,1,Raining,Wet,Dark - Street Lights On,,4343042.0,,14,From same direction - both going straight - one stopped - rear-end,0,0,N
6560,1,-122.33425790000001,47.61909105,8097,20684,20684,1783400,Matched,Block,,FAIRVIEW AVE N BETWEEN DENNY WAY AND JOHN ST,,,1,Property Damage Only Collision,Angles,4,0,0,2,2004/10/02 00:00:00+00,10/2/2004,Mid-Block (but intersection related),11,"MOTOR VEHICLE STRUCK MOTOR VEHICLE, FRONT END AT ANGLE",Y,1,Clear,Dry,Dark - Street Lights On,,4276036.0,,10,Entering at angle,0,0,N
6561,2,-122.3553277,47.67600193,8098,22475,22475,1473743,Matched,Intersection,24362.0,GREENWOOD AVE N AND N 65TH ST,,,2,Injury Collision,Angles,2,0,0,2,2004/02/22 00:00:00+00,2/22/2004 10:09:00 PM,At Intersection (intersection related),11,"MOTOR VEHICLE STRUCK MOTOR VEHICLE, FRONT END AT ANGLE",,0,Clear,Dry,Dark - Street Lights On,,4053020.0,,10,Entering at angle,0,0,N
6562,1,-122.30684850000002,47.69123617,8099,21934,21934,1080398,Matched,Intersection,37769.0,20TH AVE NE AND LAKE CITY WAY NE,,,1,Property Damage Only Collision,Left Turn,3,0,0,2,2004/12/05 00:00:00+00,12/5/2004,At Intersection (intersection related),11,"MOTOR VEHICLE STRUCK MOTOR VEHICLE, FRONT END AT ANGLE",,0,Overcast,Dry,Dusk,,4340016.0,,28,From opposite direction - one left turn - one straight,0,0,N
6563,2,-122.3116188,47.68667635,8100,20928,20928,1794277,Matched,Block,,NE 80TH ST BETWEEN 15TH AVE NE AND 16TH AVE NE,,,2,Injury Collision,Cycles,2,0,1,1,2004/05/28 00:00:00+00,5/28/2004 5:47:00 PM,Driveway Junction,18,"MOTOR VEHICLE STRUCK PEDALCYCLIST, FRONT END AT ANGLE",Y,0,Overcast,Wet,Daylight,,4149009.0,,45,Vehicle - Pedalcyclist,0,0,N
6564,2,-122.35782240000002,47.66341303,8101,21408,21408,1781933,Matched,Block,,NW MARKET ST BETWEEN 1ST AVE NW AND NW 48TH ST,,,2,Injury Collision,Rear Ended,4,0,0,2,2004/06/14 00:00:00+00,6/14/2004 4:03:00 PM,Mid-Block (not related to intersection),14,"MOTOR VEHICLE STRUCK MOTOR VEHICLE, REAR END",,0,Clear,Dry,Daylight,,4166007.0,,14,From same direction - both going straight - one stopped - rear-end,0,0,N
6565,1,-122.31690060000001,47.61818316,8102,20655,20655,1071218,Matched,Block,,12TH AVE BETWEEN E HOWELL ST AND E DENNY WAY,,,1,Property Damage Only Collision,Parked Car,2,0,0,2,2004/04/13 00:00:00+00,4/13/2004 12:42:00 PM,Mid-Block (not related to intersection),11,"MOTOR VEHICLE STRUCK MOTOR VEHICLE, FRONT END AT ANGLE",,0,Clear,Dry,Daylight,,4104030.0,,20,One car leaving parked position,0,0,N
6566,2,-122.32168490000002,47.65104872,8103,22096,22096,1798807,Matched,Block,,EASTLAKE AVE E BETWEEN HARVARD AVE E AND FUHRMAN AVE E,,,2,Injury Collision,Other,2,0,0,2,2004/09/02 00:00:00+00,9/2/2004,Driveway Junction,11,"MOTOR VEHICLE STRUCK MOTOR VEHICLE, FRONT END AT ANGLE",,0,Unknown,Unknown,Daylight,,4246039.0,,22,One car leaving driveway access,0,0,N
6567,1,-122.34506999999999,47.73167415,8104,21477,21477,1930838,Matched,Block,,AURORA AVE N BETWEEN N 141ST ST AND N 143RD ST,,,1,Property Damage Only Collision,Other,3,0,0,2,2004/12/13 00:00:00+00,12/13/2004 4:00:00 PM,Driveway Junction,11,"MOTOR VEHICLE STRUCK MOTOR VEHICLE, FRONT END AT ANGLE",,0,Overcast,Wet,Dark - Street Lights On,,4348023.0,,21,One car entering driveway access,0,0,N
6568,1,-122.3573408,47.62719432,8105,21335,21335,1478280,Matched,Block,,W ALOHA ST BETWEEN QUEEN ANNE AVE N AND 1ST AVE W,,,1,Property Damage Only Collision,Parked Car,2,0,0,2,2004/10/04 00:00:00+00,10/4/2004,Driveway Junction,13,"MOTOR VEHICLE STRUCK MOTOR VEHICLE, LEFT SIDE AT ANGLE",,0,Clear,Dry,Unknown,,4278021.0,,32,One parked--one moving,0,0,N
6569,1,-122.3919318,47.68788826,8107,22353,22353,1778543,Matched,Block,,EARL AVE NW BETWEEN NW 80TH ST AND NW 83RD ST,,,1,Property Damage Only Collision,Parked Car,3,0,0,3,2004/02/24 00:00:00+00,2/24/2004 12:01:00 AM,Mid-Block (not related to intersection),14,"MOTOR VEHICLE STRUCK MOTOR VEHICLE, REAR END",,0,Unknown,Unknown,Dark - No Street Lights,,4055029.0,,32,One parked--one moving,0,0,N
6570,1,-122.3473364,47.66030643,8108,21875,21875,1783797,Matched,Block,,AURORA AVE N BETWEEN N 44TH ST AND GREEN LAKE WAY N,,,1,Property Damage Only Collision,Other,2,0,0,2,2004/08/30 00:00:00+00,8/30/2004 4:51:00 PM,Driveway Junction,11,"MOTOR VEHICLE STRUCK MOTOR VEHICLE, FRONT END AT ANGLE",,0,Clear,Dry,Daylight,,4243007.0,,22,One car leaving driveway access,0,0,N
6571,2,-122.3346656,47.60968542,8110,21526,21526,1783184,Matched,Intersection,29913.0,5TH AVE AND UNION ST,,,2,Injury Collision,Angles,9,0,0,3,2004/06/19 00:00:00+00,6/19/2004 9:48:00 AM,At Intersection (intersection related),11,"MOTOR VEHICLE STRUCK MOTOR VEHICLE, FRONT END AT ANGLE",,0,Clear,Dry,Daylight,,4171005.0,,10,Entering at angle,0,0,N
6572,1,,,8111,20856,20856,1773512,Matched,,,,NEI,"Not Enough Information, or Insufficient Location Information",1,Property Damage Only Collision,Other,1,0,0,1,2004/03/17 00:00:00+00,3/17/2004 3:37:00 AM,Mid-Block (not related to intersection),0,NOT ENOUGH INFORMATION / NOT APPLICABLE,,0,Raining,Wet,Unknown,,4077025.0,,50,Fixed object,0,0,N
6573,1,-122.3330014,47.610382,8112,20678,20678,1482652,Matched,Block,,UNION ST BETWEEN 6TH AVE AND 7TH AVE,,,1,Property Damage Only Collision,Parked Car,4,0,0,2,2004/04/25 00:00:00+00,4/25/2004 3:32:00 PM,Mid-Block (not related to intersection),15,"MOTOR VEHICLE STRUCK MOTOR VEHICLE, RIGHT SIDE SIDESWIPE",,0,Clear,Dry,Daylight,,4116032.0,,32,One parked--one moving,0,0,N
6574,1,-122.34020749999999,47.66503445,8113,22034,22034,1781038,Matched,Intersection,25531.0,GREEN LAKE WAY N AND N 50TH ST,,,1,Property Damage Only Collision,Left Turn,2,0,0,2,2004/06/14 00:00:00+00,6/14/2004 1:00:00 PM,At Intersection (intersection related),11,"MOTOR VEHICLE STRUCK MOTOR VEHICLE, FRONT END AT ANGLE",,0,Clear,Dry,Daylight,,4166008.0,,15,From same direction - one left turn - one straight,0,0,N
6575,2,-122.34672240000002,47.612326,8114,21954,21954,1482476,Matched,Block,,WESTERN AVE BETWEEN BLANCHARD ST AND BELL ST,,,2,Injury Collision,Rear Ended,6,0,0,2,2004/04/16 00:00:00+00,4/16/2004 10:35:00 PM,Mid-Block (not related to intersection),14,"MOTOR VEHICLE STRUCK MOTOR VEHICLE, REAR END",,0,Clear,Dry,Dark - Street Lights On,,4107046.0,,13,From same direction - both going straight - both moving - rear-end,0,0,N
6576,1,-122.40058970000001,47.6827403,8115,21721,21721,1773631,Matched,Block,,34TH AVE NW BETWEEN NW 74TH ST AND NW 75TH ST,,,1,Property Damage Only Collision,Parked Car,2,0,0,2,2004/01/31 00:00:00+00,1/31/2004 12:00:00 PM,Mid-Block (not related to intersection),13,"MOTOR VEHICLE STRUCK MOTOR VEHICLE, LEFT SIDE AT ANGLE",,0,Overcast,Wet,Daylight,,4031003.0,,32,One parked--one moving,0,0,N
6577,2,-122.31144350000001,47.61851685,8116,21253,21253,1772573,Matched,Intersection,29385.0,16TH AVE AND E DENNY WAY,,,2,Injury Collision,Angles,4,0,0,2,2004/09/10 00:00:00+00,9/10/2004 1:45:00 PM,At Intersection (intersection related),11,"MOTOR VEHICLE STRUCK MOTOR VEHICLE, FRONT END AT ANGLE",,0,Clear,Dry,Daylight,,4254029.0,,10,Entering at angle,0,0,N
6578,1,-122.3681142,47.56616722,8117,20295,20295,1223670,Matched,Intersection,32139.0,28TH AVE SW AND SW ADAMS ST,,,1,Property Damage Only Collision,Parked Car,2,0,0,2,2004/11/15 00:00:00+00,11/15/2004 2:30:00 PM,At Intersection (intersection related),13,"MOTOR VEHICLE STRUCK MOTOR VEHICLE, LEFT SIDE AT ANGLE",,0,Overcast,Wet,Daylight,,4320023.0,,32,One parked--one moving,0,0,N
6579,2,-122.26753259999998,47.50259505,8118,22237,22237,1779196,Matched,Intersection,38332.0,53RD AVE S AND S LEO ST,,,2,Injury Collision,Angles,6,0,0,2,2004/01/09 00:00:00+00,1/9/2004,At Intersection (intersection related),11,"MOTOR VEHICLE STRUCK MOTOR VEHICLE, FRONT END AT ANGLE",,1,Raining,Wet,Dark - Street Lights On,,4009007.0,,10,Entering at angle,0,0,N
6580,1,-122.3316679,47.60808565,8119,21923,21923,1783201,Matched,Block,,6TH AVE BETWEEN SPRING ST AND SENECA ST,,,1,Property Damage Only Collision,Parked Car,3,0,0,2,2004/06/14 00:00:00+00,6/14/2004 12:37:00 PM,Mid-Block (not related to intersection),11,"MOTOR VEHICLE STRUCK MOTOR VEHICLE, FRONT END AT ANGLE",Y,0,Clear,Dry,Daylight,,4166026.0,,32,One parked--one moving,0,0,N
6581,2,-122.34499679999999,47.72503555,8120,21046,21046,1793720,Matched,Block,,AURORA AVE N BETWEEN N 130TH ST AND N 135TH ST,,,2,Injury Collision,Rear Ended,2,0,0,2,2004/08/24 00:00:00+00,8/24/2004 5:29:00 PM,Mid-Block (not related to intersection),14,"MOTOR VEHICLE STRUCK MOTOR VEHICLE, REAR END",,0,Overcast,Dry,Daylight,,4237002.0,,14,From same direction - both going straight - one stopped - rear-end,0,0,N
6582,1,-122.37888840000001,47.6654784,8121,21830,21830,1220420,Matched,Intersection,25191.0,17TH AVE NW AND NW DOCK PL,,,1,Property Damage Only Collision,Angles,2,0,0,2,2004/10/18 00:00:00+00,10/18/2004 6:08:00 PM,At Intersection (intersection related),11,"MOTOR VEHICLE STRUCK MOTOR VEHICLE, FRONT END AT ANGLE",,0,Overcast,Wet,Dusk,,4292028.0,,10,Entering at angle,0,0,N
6583,1,-122.33043629999999,47.51898866,8123,20508,20508,2004907,Matched,Block,,SR509 NB BETWEEN CITY LIMITS AND SR509 NB CLOVERDALE RP,,,1,Property Damage Only Collision,Rear Ended,2,0,0,2,2004/04/01 00:00:00+00,4/1/2004,Mid-Block (not related to intersection),14,"MOTOR VEHICLE STRUCK MOTOR VEHICLE, REAR END",,0,Clear,Dry,Daylight,,4092047.0,Y,14,From same direction - both going straight - one stopped - rear-end,0,0,N
6584,1,-122.3241986,47.66933697,8125,21970,21970,1199285,Matched,Block,,NE 56TH ST BETWEEN LATONA AVE NE AND 5TH AVE NE,,,1,Property Damage Only Collision,Parked Car,2,0,0,2,2004/08/16 00:00:00+00,8/16/2004 4:30:00 PM,Mid-Block (not related to intersection),12,"MOTOR VEHICLE STRUCK MOTOR VEHICLE, RIGHT SIDE AT ANGLE",,0,Clear,Dry,Daylight,,4229005.0,,32,One parked--one moving,0,0,N
6585,2,-122.32657320000001,47.62604316,8126,20907,20907,1783139,Matched,Block,,BELLEVUE AVE E BETWEEN E ROY ST AND BELLEVUE PL E,,,2,Injury Collision,Angles,4,0,0,4,2004/10/22 00:00:00+00,10/22/2004 8:47:00 AM,Driveway Junction,11,"MOTOR VEHICLE STRUCK MOTOR VEHICLE, FRONT END AT ANGLE",,0,Raining,Wet,Daylight,,4296024.0,,10,Entering at angle,0,0,N
6586,2,-122.34974890000001,47.64875309,8127,21699,21699,C628631,Matched,Block,,FREMONT AVE N BETWEEN FREMONT BR AND N 34TH ST,,,2,Injury Collision,Rear Ended,3,0,0,3,2004/01/14 00:00:00+00,1/14/2004 8:00:00 PM,Mid-Block (but intersection related),14,"MOTOR VEHICLE STRUCK MOTOR VEHICLE, REAR END",,0,Raining,Wet,Dark - Street Lights On,,4014065.0,,14,From same direction - both going straight - one stopped - rear-end,0,0,N
6587,1,,,8129,21442,21442,1186594,Matched,Block,,AURORA AVE N BETWEEN BATTERY ST TUNNEL NB AND THOMAS ST,,,1,Property Damage Only Collision,Sideswipe,2,0,0,2,2004/06/03 00:00:00+00,6/3/2004,Mid-Block (not related to intersection),11,"MOTOR VEHICLE STRUCK MOTOR VEHICLE, FRONT END AT ANGLE",,0,Clear,Dry,Daylight,,4155027.0,,11,From same direction - both going straight - both moving - sideswipe,0,0,N