,SEVERITYCODE,X,Y,OBJECTID,INCKEY,COLDETKEY,REPORTNO,STATUS,ADDRTYPE,INTKEY,LOCATION,EXCEPTRSNCODE,EXCEPTRSNDESC,SEVERITYCODE.1,SEVERITYDESC,COLLISIONTYPE,PERSONCOUNT,PEDCOUNT,PEDCYLCOUNT,VEHCOUNT,INCDATE,INCDTTM,JUNCTIONTYPE,SDOT_COLCODE,SDOT_COLDESC,INATTENTIONIND,UNDERINFL,WEATHER,ROADCOND,LIGHTCOND,PEDROWNOTGRNT,SDOTCOLNUM,SPEEDING,ST_COLCODE,ST_COLDESC,SEGLANEKEY,CROSSWALKKEY,HITPARKEDCAR
6588,1,-122.32077140000001,47.61351951,8130,20727,20727,1772190,Matched,Block,,BROADWAY BETWEEN E UNION ST AND E PIKE ST,,,1,Property Damage Only Collision,Other,3,0,0,2,2004/06/22 00:00:00+00,6/22/2004 1:44:00 PM,Driveway Junction,16,"MOTOR VEHICLE STRUCK MOTOR VEHICLE, LEFT SIDE SIDESWIPE",,0,Clear,Dry,Daylight,,4174018.0,,22,One car leaving driveway access,0,0,N
6589,2,-122.28384809999999,47.62575616,8132,20858,20858,1790036,Matched,Intersection,336412.0,MCGILVRA BLVD E AND MCGILVRA ER BLVD E,,,2,Injury Collision,Other,2,0,0,2,2004/08/25 00:00:00+00,8/25/2004 12:20:00 PM,At Intersection (intersection related),11,"MOTOR VEHICLE STRUCK MOTOR VEHICLE, FRONT END AT ANGLE",,0,Clear,Dry,Daylight,,4238062.0,,23,From same direction - all others,0,0,N
6590,2,-122.38676159999999,47.57472511,8133,20535,20535,1856238,Matched,Block,,CALIFORNIA AVE SW BETWEEN SW HANFORD ST AND SW HINDS N ST,,,2,Injury Collision,Parked Car,2,0,0,2,2004/11/03 00:00:00+00,11/3/2004,Mid-Block (not related to intersection),16,"MOTOR VEHICLE STRUCK MOTOR VEHICLE, LEFT SIDE SIDESWIPE",,0,Clear,Dry,Dark - Street Lights On,,4308019.0,,32,One parked--one moving,0,0,N
6591,1,-122.36727340000002,47.680496999999995,8135,21644,21644,1774059,Matched,Block,,DIBBLE AVE NW BETWEEN NW 70TH E ST AND NW 73RD ST,,,1,Property Damage Only Collision,Parked Car,3,0,0,3,2004/05/22 00:00:00+00,5/22/2004 12:15:00 AM,Mid-Block (not related to intersection),16,"MOTOR VEHICLE STRUCK MOTOR VEHICLE, LEFT SIDE SIDESWIPE",,0,Overcast,Dry,Dark - Street Lights On,,4143025.0,Y,32,One parked--one moving,0,0,N
6592,1,-122.37408729999999,47.57466513,8137,21412,21412,1798552,Matched,Block,,SW ADMIRAL WAY BETWEEN SW CITY VIEW ST AND SW HANFORD E ST,,,1,Property Damage Only Collision,Parked Car,2,0,0,2,2004/06/22 00:00:00+00,6/22/2004 4:00:00 PM,Mid-Block (not related to intersection),16,"MOTOR VEHICLE STRUCK MOTOR VEHICLE, LEFT SIDE SIDESWIPE",Y,0,Clear,Dry,Daylight,,4174010.0,,32,One parked--one moving,0,0,N
6593,2,-122.3291031,47.57167787,8138,20577,20577,1223673,Matched,Intersection,32356.0,4TH AVE S AND S SPOKANE NR ST,,,2,Injury Collision,Angles,4,0,0,2,2004/11/25 00:00:00+00,11/25/2004 1:32:00 PM,At Intersection (intersection related),11,"MOTOR VEHICLE STRUCK MOTOR VEHICLE, FRONT END AT ANGLE",,0,Raining,Wet,Daylight,,4330025.0,,10,Entering at angle,0,0,N
6594,1,-122.33969209999998,47.69688253,8139,22081,22081,1778971,Matched,Block,,ASHWORTH AVE N BETWEEN N 92ND ST AND N 95TH ST,,,1,Property Damage Only Collision,Parked Car,2,0,0,2,2004/03/24 00:00:00+00,3/24/2004 5:40:00 PM,Mid-Block (not related to intersection),16,"MOTOR VEHICLE STRUCK MOTOR VEHICLE, LEFT SIDE SIDESWIPE",,0,Clear,Dry,Daylight,,4084018.0,,32,One parked--one moving,0,0,N
6595,1,-122.3341832,47.60046507,8141,21053,21053,1777948,Matched,Block,,1ST AVE S BETWEEN S WASHINGTON ST AND S MAIN ST,,,1,Property Damage Only Collision,Rear Ended,2,0,0,2,2004/04/02 00:00:00+00,4/2/2004,Mid-Block (but intersection related),14,"MOTOR VEHICLE STRUCK MOTOR VEHICLE, REAR END",,0,Clear,Dry,Dark - Street Lights On,,4093004.0,,14,From same direction - both going straight - one stopped - rear-end,0,0,N
6596,1,-122.32658219999999,47.62140516,8143,20698,20698,1799149,Matched,Block,,BELLEVUE AVE E BETWEEN E THOMAS ST AND E HARRISON ST,,,1,Property Damage Only Collision,Parked Car,3,0,0,3,2004/10/16 00:00:00+00,10/16/2004 6:00:00 PM,Mid-Block (not related to intersection),16,"MOTOR VEHICLE STRUCK MOTOR VEHICLE, LEFT SIDE SIDESWIPE",,0,Raining,Wet,Daylight,,4290047.0,,32,One parked--one moving,0,0,N
6597,1,-122.3248291,47.61927446,8144,21907,21907,1795902,Matched,Block,,E OLIVE WAY BETWEEN SUMMIT AVE E AND E JOHN ST,,,1,Property Damage Only Collision,Parked Car,2,0,0,2,2004/10/03 00:00:00+00,10/3/2004,Mid-Block (not related to intersection),14,"MOTOR VEHICLE STRUCK MOTOR VEHICLE, REAR END",,0,Clear,Dry,Dark - Street Lights On,,4277036.0,,32,One parked--one moving,0,0,N
6598,1,-122.3767307,47.52196692,8145,21571,21571,1781758,Matched,Block,,35TH AVE SW BETWEEN SW HENDERSON ST AND SW BARTON ST,,,1,Property Damage Only Collision,Other,3,0,0,2,2004/02/02 00:00:00+00,2/2/2004,Driveway Junction,11,"MOTOR VEHICLE STRUCK MOTOR VEHICLE, FRONT END AT ANGLE",,0,Overcast,Dry,Dark - Street Lights On,,4033021.0,,21,One car entering driveway access,0,0,N
6599,1,-122.309876,47.63955856,8146,21396,21396,1789759,Matched,Block,,E LYNN ST BETWEEN BOYER AVE E AND 18TH AVE E,,,1,Property Damage Only Collision,Rear Ended,3,0,0,2,2004/07/27 00:00:00+00,7/27/2004 11:30:00 AM,Mid-Block (but intersection related),14,"MOTOR VEHICLE STRUCK MOTOR VEHICLE, REAR END",,0,Clear,Dry,Daylight,,4209038.0,,14,From same direction - both going straight - one stopped - rear-end,0,0,N
6600,2,-122.2963585,47.72290005,8147,22171,22171,1930876,Matched,Intersection,36054.0,30TH AVE NE AND NE 130TH ST,,,2,Injury Collision,Angles,3,0,0,2,2004/12/04 00:00:00+00,12/4/2004,At Intersection (intersection related),11,"MOTOR VEHICLE STRUCK MOTOR VEHICLE, FRONT END AT ANGLE",,0,Raining,Wet,Daylight,,4339018.0,,10,Entering at angle,0,0,N
6601,1,-122.3742382,47.65034488,8148,20849,20849,1482284,Matched,Block,,W BERTONA ST BETWEEN 13TH AVE W AND 14TH AVE W,,,1,Property Damage Only Collision,Parked Car,2,0,0,2,2004/03/06 00:00:00+00,3/6/2004,Mid-Block (not related to intersection),11,"MOTOR VEHICLE STRUCK MOTOR VEHICLE, FRONT END AT ANGLE",,0,Clear,Dry,Daylight,,4066018.0,,32,One parked--one moving,0,0,N
6602,1,-122.3311972,47.61839084,8149,20384,20384,1213958,Matched,Block,,YALE AVE BETWEEN STEWART ST AND DENNY WAY,,,1,Property Damage Only Collision,Rear Ended,2,0,0,2,2004/05/10 00:00:00+00,5/10/2004 3:48:00 PM,Mid-Block (but intersection related),14,"MOTOR VEHICLE STRUCK MOTOR VEHICLE, REAR END",,0,Raining,Wet,Daylight,,4131028.0,,14,From same direction - both going straight - one stopped - rear-end,0,0,N
6603,1,,,8150,22186,22186,1213892,Matched,Intersection,30367.0,ALASKAN WAY S AND S KING ST,,,1,Property Damage Only Collision,Angles,2,0,0,2,2004/08/31 00:00:00+00,8/31/2004 7:00:00 AM,At Intersection (intersection related),11,"MOTOR VEHICLE STRUCK MOTOR VEHICLE, FRONT END AT ANGLE",,0,Clear,Dry,Daylight,,4244031.0,,10,Entering at angle,0,0,N
6604,1,-122.35796359999999,47.67410571,8151,21780,21780,1798059,Matched,Block,,NW 62ND ST BETWEEN 1ST AVE NW AND SYCAMORE AVE NW,,,1,Property Damage Only Collision,Parked Car,2,0,0,2,2004/10/24 00:00:00+00,10/24/2004 3:29:00 PM,Driveway Junction,13,"MOTOR VEHICLE STRUCK MOTOR VEHICLE, LEFT SIDE AT ANGLE",,1,Clear,Dry,Daylight,,4298012.0,,32,One parked--one moving,0,0,N
6605,1,-122.257034,47.51335807,8154,21107,21107,1788238,Matched,Intersection,38190.0,61ST AVE S AND S NORFOLK ST,,,1,Property Damage Only Collision,Angles,2,0,0,2,2004/01/19 00:00:00+00,1/19/2004 4:36:00 PM,At Intersection (intersection related),11,"MOTOR VEHICLE STRUCK MOTOR VEHICLE, FRONT END AT ANGLE",,0,Clear,Dry,Daylight,,4019010.0,,10,Entering at angle,0,0,N
6606,2,-122.32679590000001,47.61578,8155,20424,20424,C649622,Matched,Block,,BELLEVUE AVE BETWEEN E PINE ST AND E OLIVE ST,,,2,Injury Collision,Rear Ended,2,0,0,2,2004/11/18 00:00:00+00,11/18/2004 6:55:00 PM,Mid-Block (but intersection related),14,"MOTOR VEHICLE STRUCK MOTOR VEHICLE, REAR END",,0,Clear,Dry,Dark - Street Lights On,,4323039.0,,14,From same direction - both going straight - one stopped - rear-end,0,0,N
6607,1,-122.3627658,47.546403399999996,8156,22534,22534,1188118,Matched,Block,,DELRIDGE WAY SW BETWEEN 24TH AVE SW AND 23RD S AVE SW,,,1,Property Damage Only Collision,Rear Ended,2,0,0,2,2004/01/23 00:00:00+00,1/23/2004 3:47:00 PM,Mid-Block (not related to intersection),14,"MOTOR VEHICLE STRUCK MOTOR VEHICLE, REAR END",,0,Raining,Wet,Daylight,,4023027.0,,13,From same direction - both going straight - both moving - rear-end,0,0,N
6608,2,-122.3398125,47.61027832,8157,21755,21755,1777569,Matched,Intersection,29586.0,2ND AVE AND PINE ST,,,2,Injury Collision,Angles,4,0,0,2,2004/10/31 00:00:00+00,10/31/2004 1:31:00 AM,At Intersection (intersection related),11,"MOTOR VEHICLE STRUCK MOTOR VEHICLE, FRONT END AT ANGLE",,0,Clear,Dry,Dark - Street Lights On,,4305023.0,,10,Entering at angle,0,0,N
6609,1,-122.3447064,47.7057972,8158,21184,21184,1793803,Matched,Block,,AURORA AVE N BETWEEN N NORTHGATE WAY AND N 107TH S ST,,,1,Property Damage Only Collision,Other,1,0,0,1,2004/07/30 00:00:00+00,7/30/2004 2:46:00 AM,Mid-Block (not related to intersection),26,MOTOR VEHICLE STRUCK OBJECT IN ROAD,,1,Clear,Dry,Dark - Street Lights On,,4212003.0,,50,Fixed object,0,0,N
6610,2,-122.3355865,47.60398224,8160,21156,21156,1482371,Matched,Intersection,29622.0,1ST AVE AND MARION ST,,,2,Injury Collision,Left Turn,3,0,0,2,2004/05/30 00:00:00+00,5/30/2004 2:45:00 PM,At Intersection (intersection related),11,"MOTOR VEHICLE STRUCK MOTOR VEHICLE, FRONT END AT ANGLE",,0,Clear,Dry,Daylight,,4151023.0,,15,From same direction - one left turn - one straight,0,0,N
6611,1,-122.34760130000001,47.62090802,8161,20408,20408,1777277,Matched,Intersection,28931.0,5TH AVE N AND BROAD ST,,,1,Property Damage Only Collision,Angles,2,0,0,2,2004/01/08 00:00:00+00,1/8/2004,At Intersection (intersection related),11,"MOTOR VEHICLE STRUCK MOTOR VEHICLE, FRONT END AT ANGLE",,0,Overcast,Wet,Dark - Street Lights On,,4008017.0,,10,Entering at angle,0,0,N
6612,1,-122.3596327,47.67158498,8162,22050,22050,1775095,Matched,Block,,NW 59TH ST BETWEEN 1ST AVE NW AND 3RD AVE NW,,,1,Property Damage Only Collision,Parked Car,2,0,0,2,2004/01/27 00:00:00+00,1/27/2004 12:00:00 PM,Mid-Block (not related to intersection),13,"MOTOR VEHICLE STRUCK MOTOR VEHICLE, LEFT SIDE AT ANGLE",,0,Unknown,Unknown,Unknown,,4027024.0,,32,One parked--one moving,0,0,N
6613,2,-122.32897320000001,47.59745326,8164,22301,22301,1069979,Matched,Block,,4TH AVE S BETWEEN 2ND AV ET S AND SEATTLE BLVD S,,,2,Injury Collision,Rear Ended,5,0,0,2,2004/09/25 00:00:00+00,9/25/2004 6:32:00 PM,Mid-Block (but intersection related),14,"MOTOR VEHICLE STRUCK MOTOR VEHICLE, REAR END",,1,Clear,Dry,Daylight,,4269021.0,,14,From same direction - both going straight - one stopped - rear-end,0,0,N
6614,1,-122.33044440000002,47.62427541,8165,21265,21265,1778169,Matched,Intersection,29121.0,MERCER ST AND YALE AVE N,,,1,Property Damage Only Collision,Angles,2,0,0,2,2004/03/10 00:00:00+00,3/10/2004 5:56:00 PM,At Intersection (intersection related),11,"MOTOR VEHICLE STRUCK MOTOR VEHICLE, FRONT END AT ANGLE",,0,Clear,Dry,Daylight,,4070023.0,,10,Entering at angle,0,0,N
6615,1,-122.2963473,47.72199487,8166,20523,20523,1780888,Matched,Block,,30TH AVE NE BETWEEN NE 127TH ST AND NE 130TH ST,,,1,Property Damage Only Collision,Other,2,0,0,2,2004/07/13 00:00:00+00,7/13/2004 8:13:00 PM,Mid-Block (not related to intersection),11,"MOTOR VEHICLE STRUCK MOTOR VEHICLE, FRONT END AT ANGLE",,0,Clear,Dry,Dusk,,4195012.0,,22,One car leaving driveway access,0,0,N
6616,2,-122.36202050000001,47.62157262,8167,21767,21767,1776879,Matched,Intersection,28654.0,4TH AVE W AND ELLIOTT AVE W,,,2,Injury Collision,Left Turn,2,0,0,2,2004/02/24 00:00:00+00,2/24/2004 8:06:00 AM,At Intersection (intersection related),11,"MOTOR VEHICLE STRUCK MOTOR VEHICLE, FRONT END AT ANGLE",,0,Raining,Wet,Daylight,,4055013.0,,28,From opposite direction - one left turn - one straight,0,0,N
6617,1,-122.3288813,47.63030028,8168,21390,21390,1772038,Matched,Block,,FAIRVIEW AVE N BETWEEN YALE AVE N AND FAIRVIEW AVE E,,,1,Property Damage Only Collision,Cycles,3,0,1,1,2004/04/09 00:00:00+00,4/9/2004,Driveway Junction,18,"MOTOR VEHICLE STRUCK PEDALCYCLIST, FRONT END AT ANGLE",,0,Clear,Dry,Dusk,,4100012.0,,45,Vehicle - Pedalcyclist,0,0,N
6618,2,-122.39267199999999,47.53365008,8170,20418,20418,1774865,Matched,Block,,FAUNTLEROY WAY SW BETWEEN SW AUSTIN ST AND SW KENYON ST,,,2,Injury Collision,Parked Car,2,0,0,2,2004/07/09 00:00:00+00,7/9/2004,Mid-Block (not related to intersection),14,"MOTOR VEHICLE STRUCK MOTOR VEHICLE, REAR END",Y,0,Clear,Dry,Dark - Street Lights On,,4191001.0,,32,One parked--one moving,0,0,N
6619,2,-122.3567002,47.62601546,8171,22510,22510,1784607,Matched,Block,,QUEEN ANNE AVE N BETWEEN W ROY ST AND VALLEY ST,,,2,Injury Collision,Rear Ended,5,0,0,3,2004/09/16 00:00:00+00,9/16/2004 2:48:00 PM,Mid-Block (but intersection related),14,"MOTOR VEHICLE STRUCK MOTOR VEHICLE, REAR END",,0,Raining,Wet,Daylight,,4260024.0,,14,From same direction - both going straight - one stopped - rear-end,0,0,N
6620,2,-122.3298416,47.60441291,8173,21173,21173,1482671,Matched,Intersection,29964.0,5TH AVE AND CHERRY ST,,,2,Injury Collision,Angles,7,0,0,2,2004/05/15 00:00:00+00,5/15/2004 2:33:00 AM,At Intersection (intersection related),11,"MOTOR VEHICLE STRUCK MOTOR VEHICLE, FRONT END AT ANGLE",,0,Clear,Dry,Dark - Street Lights On,,4136011.0,,10,Entering at angle,0,0,N
6621,1,-122.3261795,47.61849071,8174,21816,21816,1071239,Matched,Block,,E DENNY WAY BETWEEN BELLEVUE AVE AND E OLIVE WAY,,,1,Property Damage Only Collision,Sideswipe,3,0,0,2,2004/05/07 00:00:00+00,5/7/2004,Mid-Block (but intersection related),16,"MOTOR VEHICLE STRUCK MOTOR VEHICLE, LEFT SIDE SIDESWIPE",,0,Clear,Dry,Dark - Street Lights On,,4128014.0,,71,Same direction -- both turning right -- both moving -- sideswipe,0,0,N
6622,1,-122.3390723,47.57150647,8175,21293,21293,1778985,Matched,Block,,WEST SEATTLE BR EB BETWEEN 1ST AV S OFF RP AND SPOKANE ST - W SEA B RP,,,1,Property Damage Only Collision,Sideswipe,2,0,0,2,2004/01/24 00:00:00+00,1/24/2004 2:25:00 PM,Mid-Block (not related to intersection),16,"MOTOR VEHICLE STRUCK MOTOR VEHICLE, LEFT SIDE SIDESWIPE",Y,0,Clear,Dry,Daylight,,4024005.0,,11,From same direction - both going straight - both moving - sideswipe,0,0,N
6623,2,-122.3192088,47.70856922,8176,20681,20681,1783128,Matched,Block,,NE NORTHGATE WAY BETWEEN 8TH AVE NE AND ROOSEVELT WAY NE,,,2,Injury Collision,Rear Ended,3,0,0,2,2004/03/27 00:00:00+00,3/27/2004 12:05:00 PM,Mid-Block (but intersection related),14,"MOTOR VEHICLE STRUCK MOTOR VEHICLE, REAR END",,0,Clear,Dry,Daylight,,4087019.0,,14,From same direction - both going straight - one stopped - rear-end,0,0,N
6624,1,,,8177,22330,22330,1777622,Matched,Intersection,30370.0,ALASKAN WY VI SB AND COLUMBIA ST ON RP,,,1,Property Damage Only Collision,Sideswipe,5,0,0,2,2004/08/28 00:00:00+00,8/28/2004 1:06:00 PM,At Intersection (intersection related),11,"MOTOR VEHICLE STRUCK MOTOR VEHICLE, FRONT END AT ANGLE",Y,0,Clear,Dry,Daylight,,4241027.0,,11,From same direction - both going straight - both moving - sideswipe,0,0,N
6625,1,-122.3485372,47.64149911,8178,21933,21933,C649709,Matched,Block,,SMITH ST BETWEEN 4TH AVE N AND DEAD END,,,1,Property Damage Only Collision,Other,2,0,0,2,2004/12/03 00:00:00+00,12/3/2004,Driveway Junction,11,"MOTOR VEHICLE STRUCK MOTOR VEHICLE, FRONT END AT ANGLE",,0,Clear,Dry,Daylight,,4338040.0,,22,One car leaving driveway access,0,0,N
6626,1,-122.35147690000001,47.625865399999995,8179,21077,21077,1785182,Matched,Block,,3RD AVE N BETWEEN ROY ST AND VALLEY ST,,,1,Property Damage Only Collision,Rear Ended,3,0,0,2,2004/12/10 00:00:00+00,12/10/2004 12:05:00 AM,Mid-Block (but intersection related),14,"MOTOR VEHICLE STRUCK MOTOR VEHICLE, REAR END",,0,Raining,Wet,Dark - Street Lights On,,4345004.0,,14,From same direction - both going straight - one stopped - rear-end,0,0,N
6627,1,-122.2609785,47.67103216,8182,22082,22082,1778975,Matched,Block,,63RD AVE NE BETWEEN NE 57TH ST AND NE 60TH ST,,,1,Property Damage Only Collision,Parked Car,2,0,0,2,2004/04/08 00:00:00+00,4/8/2004,Mid-Block (not related to intersection),13,"MOTOR VEHICLE STRUCK MOTOR VEHICLE, LEFT SIDE AT ANGLE",,0,Clear,Dry,Daylight,,4099014.0,,32,One parked--one moving,0,0,N
6628,2,-122.3409938,47.63099174,8183,21611,21611,1213510,Matched,Block,,WESTLAKE AVE N BETWEEN HIGHLAND DR AND GALER S ST,,,2,Injury Collision,Other,2,0,0,2,2004/04/04 00:00:00+00,4/4/2004,Driveway Junction,11,"MOTOR VEHICLE STRUCK MOTOR VEHICLE, FRONT END AT ANGLE",,1,Clear,Dry,Daylight,,4095019.0,,22,One car leaving driveway access,0,0,N
6629,2,-122.3636233,47.62291347,8184,21328,21328,1777467,Matched,Block,,ELLIOTT AVE W BETWEEN W HARRISON ST AND 6TH AVE W,,,2,Injury Collision,Rear Ended,2,0,0,2,2004/02/28 00:00:00+00,2/28/2004 11:29:00 AM,Mid-Block (not related to intersection),14,"MOTOR VEHICLE STRUCK MOTOR VEHICLE, REAR END",Y,0,Clear,Dry,Daylight,,4059011.0,,14,From same direction - both going straight - one stopped - rear-end,0,0,N
6630,1,-122.29441670000001,47.67941563,8185,21842,21842,1794980,Matched,Block,,NE 70TH ST BETWEEN 31ST W AVE NE AND 31ST E AVE NE,,,1,Property Damage Only Collision,Other,1,0,0,1,2004/12/04 00:00:00+00,12/4/2004,Mid-Block (but intersection related),26,MOTOR VEHICLE STRUCK OBJECT IN ROAD,,1,Clear,Dry,Dark - Street Lights On,,4339007.0,,50,Fixed object,0,0,N
6631,1,-122.32906770000001,47.57268945,8186,22478,22478,1777404,Matched,Block,,4TH AVE S BETWEEN S HINDS ST AND S SPOKANE NR ST,,,1,Property Damage Only Collision,Sideswipe,2,0,0,2,2004/02/02 00:00:00+00,2/2/2004,Mid-Block (but intersection related),16,"MOTOR VEHICLE STRUCK MOTOR VEHICLE, LEFT SIDE SIDESWIPE",,0,Raining,Wet,Daylight,,4033010.0,,11,From same direction - both going straight - both moving - sideswipe,0,0,N
6632,1,-122.3259584,47.62428756,8187,21445,21445,1772504,Matched,Block,,E MERCER ST BETWEEN BELLEVUE AVE E AND SUMMIT AVE E,,,1,Property Damage Only Collision,Head On,5,0,0,2,2004/05/21 00:00:00+00,5/21/2004 2:43:00 PM,Mid-Block (but intersection related),11,"MOTOR VEHICLE STRUCK MOTOR VEHICLE, FRONT END AT ANGLE",,0,Overcast,Dry,Daylight,,4142003.0,,30,From opposite direction - all others,0,0,N
6633,1,-122.3249738,47.729964100000004,8188,21165,21165,1778747,Matched,Block,,4TH AVE NE BETWEEN NE 139TH ST AND NE 140TH ST,,,1,Property Damage Only Collision,Parked Car,2,0,0,2,2004/03/24 00:00:00+00,3/24/2004 2:45:00 AM,Mid-Block (not related to intersection),11,"MOTOR VEHICLE STRUCK MOTOR VEHICLE, FRONT END AT ANGLE",,0,Raining,Wet,Dawn,,4084020.0,,32,One parked--one moving,0,0,N
6634,2,-122.3291031,47.57167787,8189,21522,21522,1789146,Matched,Intersection,32356.0,4TH AVE S AND S SPOKANE NR ST,,,2,Injury Collision,Angles,2,0,0,2,2004/04/29 00:00:00+00,4/29/2004 12:32:00 PM,At Intersection (intersection related),11,"MOTOR VEHICLE STRUCK MOTOR VEHICLE, FRONT END AT ANGLE",,0,Clear,Dry,Daylight,,4120028.0,,10,Entering at angle,0,0,N
6635,2,-122.30277,47.60800896,8190,21278,21278,1788732,Matched,Intersection,30173.0,23RD AVE AND E CHERRY ST,,,2,Injury Collision,Left Turn,6,0,0,2,2004/02/27 00:00:00+00,2/27/2004 11:55:00 AM,At Intersection (intersection related),11,"MOTOR VEHICLE STRUCK MOTOR VEHICLE, FRONT END AT ANGLE",,0,Overcast,Wet,Daylight,,4058006.0,,28,From opposite direction - one left turn - one straight,0,0,N
6636,1,-122.34499679999999,47.72503555,8191,20540,20540,C649599,Matched,Block,,AURORA AVE N BETWEEN N 130TH ST AND N 135TH ST,,,1,Property Damage Only Collision,Rear Ended,3,0,0,3,2004/11/20 00:00:00+00,11/20/2004 12:10:00 PM,Mid-Block (not related to intersection),14,"MOTOR VEHICLE STRUCK MOTOR VEHICLE, REAR END",,0,Overcast,Dry,Daylight,,4325043.0,,14,From same direction - both going straight - one stopped - rear-end,0,0,N
6637,1,-122.3122232,47.60168456,8192,22181,22181,1788746,Matched,Block,,E YESLER WAY BETWEEN 15TH AVE AND 16TH AVE,,,1,Property Damage Only Collision,Parked Car,2,0,0,2,2004/08/27 00:00:00+00,8/27/2004 2:40:00 PM,Mid-Block (not related to intersection),33,DRIVERLESS VEHICLE STRUCK MOTOR VEHICLE LEFT SIDE AT ANGLE,,0,Overcast,Dry,Daylight,,4240005.0,,32,One parked--one moving,0,0,N
6638,2,-122.3867365,47.57631144,8193,21774,21774,1481224,Matched,Block,,CALIFORNIA AVE SW BETWEEN SW STEVENS ST AND SW HANFORD ST,,,2,Injury Collision,Cycles,2,0,1,1,2004/07/16 00:00:00+00,7/16/2004 10:40:00 AM,Driveway Junction,18,"MOTOR VEHICLE STRUCK PEDALCYCLIST, FRONT END AT ANGLE",,0,Clear,Dry,Daylight,Y,4198006.0,,45,Vehicle - Pedalcyclist,0,0,N
6639,2,-122.3148561,47.58921409,8194,21725,21725,1784351,Matched,Block,,14TH AVE S BETWEEN S ATLANTIC ST AND S MASSACHUSETTS ST,,,2,Injury Collision,Rear Ended,3,0,0,2,2004/10/10 00:00:00+00,10/10/2004 1:14:00 AM,Mid-Block (but intersection related),14,"MOTOR VEHICLE STRUCK MOTOR VEHICLE, REAR END",,0,Clear,Dry,Dark - Street Lights On,,4284007.0,,14,From same direction - both going straight - one stopped - rear-end,0,0,N
6640,1,-122.28999909999999,47.69020058,8195,20961,20961,1773768,Matched,Block,,NE 85TH ST BETWEEN 35TH AVE NE AND 36TH AVE NE,,,1,Property Damage Only Collision,Parked Car,3,0,0,3,2004/02/01 00:00:00+00,2/1/2004,Mid-Block (not related to intersection),31,DRIVERLESS VEHICLE STRUCK MOTOR VEHICLE FRONT END AT ANGLE,Y,0,Clear,Dry,Daylight,,4032012.0,,32,One parked--one moving,0,0,N
6641,2,-122.38335790000002,47.64845596,8196,20302,20302,1478285,Matched,Intersection,26473.0,21ST AVE W AND W DRAVUS ST,,,2,Injury Collision,Left Turn,4,0,0,3,2004/10/22 00:00:00+00,10/22/2004 5:09:00 PM,At Intersection (intersection related),11,"MOTOR VEHICLE STRUCK MOTOR VEHICLE, FRONT END AT ANGLE",,0,Raining,Wet,Daylight,,4296011.0,,28,From opposite direction - one left turn - one straight,0,0,N
6642,1,-122.3539499,47.68694123,8198,21890,21890,1780916,Matched,Block,,N 80TH ST BETWEEN GREENWOOD AVE N AND DAYTON AVE N,,,1,Property Damage Only Collision,Parked Car,2,0,0,2,2004/02/27 00:00:00+00,2/27/2004 12:20:00 PM,Mid-Block (not related to intersection),16,"MOTOR VEHICLE STRUCK MOTOR VEHICLE, LEFT SIDE SIDESWIPE",,0,Clear,Wet,Daylight,,4058043.0,,32,One parked--one moving,0,0,N
6643,2,-122.3393858,47.56969259,8201,20555,20555,1777105,Matched,Block,,ALASKAN WY VI SB BETWEEN ALASKAN WY VI SB WSB WB OFF RP AND EAST MARGINAL WAY S,,,2,Injury Collision,Rear Ended,3,0,0,2,2004/01/02 00:00:00+00,1/2/2004,Mid-Block (not related to intersection),14,"MOTOR VEHICLE STRUCK MOTOR VEHICLE, REAR END",Y,0,Overcast,Dry,Dark - Street Lights On,,4002066.0,,13,From same direction - both going straight - both moving - rear-end,0,0,N
6644,1,-122.33041499999999,47.6191966,8202,21517,21517,1213382,Matched,Block,,YALE AVE N BETWEEN STEWART ST AND JOHN ST,,,1,Property Damage Only Collision,Parked Car,2,0,0,2,2004/02/13 00:00:00+00,2/13/2004 8:30:00 AM,Mid-Block (not related to intersection),13,"MOTOR VEHICLE STRUCK MOTOR VEHICLE, LEFT SIDE AT ANGLE",,0,Clear,Dry,Daylight,,4044030.0,,32,One parked--one moving,0,0,N
6645,1,-122.3176382,47.66129874,8203,21710,21710,1775918,Matched,Intersection,27066.0,ROOSEVELT WAY NE AND NE 45TH ST,,,1,Property Damage Only Collision,Angles,3,0,0,2,2004/03/31 00:00:00+00,3/31/2004 10:50:00 AM,At Intersection (intersection related),11,"MOTOR VEHICLE STRUCK MOTOR VEHICLE, FRONT END AT ANGLE",,0,Clear,Dry,Daylight,,4091012.0,,10,Entering at angle,0,0,N
6646,1,-122.27975570000001,47.54288837,8204,21096,21096,1771779,Matched,Block,,43RD AVE S BETWEEN S WARSAW ST AND S HOLLY ST,,,1,Property Damage Only Collision,Parked Car,2,0,0,2,2004/07/07 00:00:00+00,7/7/2004,Mid-Block (not related to intersection),15,"MOTOR VEHICLE STRUCK MOTOR VEHICLE, RIGHT SIDE SIDESWIPE",,0,Unknown,Unknown,Unknown,,4189039.0,,32,One parked--one moving,0,0,N
6647,1,-122.2772759,47.55042527,8205,22456,22456,1793251,Matched,Intersection,33517.0,RAINIER AVE S AND S MEAD ST,,,1,Property Damage Only Collision,Angles,5,0,0,2,2004/06/18 00:00:00+00,6/18/2004 6:59:00 PM,At Intersection (intersection related),11,"MOTOR VEHICLE STRUCK MOTOR VEHICLE, FRONT END AT ANGLE",,0,Clear,Dry,Daylight,,4170038.0,,10,Entering at angle,0,0,N
6648,2,-122.33943970000001,47.56031932,8206,20990,20990,1781151,Matched,Intersection,33031.0,EAST MARGINAL WAY S AND S ALASKA ST,,,2,Injury Collision,Left Turn,4,0,0,2,2004/04/13 00:00:00+00,4/13/2004 10:59:00 AM,At Intersection (intersection related),11,"MOTOR VEHICLE STRUCK MOTOR VEHICLE, FRONT END AT ANGLE",,0,Clear,Dry,Daylight,,4104024.0,,28,From opposite direction - one left turn - one straight,0,0,N