,SEVERITYCODE,X,Y,OBJECTID,INCKEY,COLDETKEY,REPORTNO,STATUS,ADDRTYPE,INTKEY,LOCATION,EXCEPTRSNCODE,EXCEPTRSNDESC,SEVERITYCODE.1,SEVERITYDESC,COLLISIONTYPE,PERSONCOUNT,PEDCOUNT,PEDCYLCOUNT,VEHCOUNT,INCDATE,INCDTTM,JUNCTIONTYPE,SDOT_COLCODE,SDOT_COLDESC,INATTENTIONIND,UNDERINFL,WEATHER,ROADCOND,LIGHTCOND,PEDROWNOTGRNT,SDOTCOLNUM,SPEEDING,ST_COLCODE,ST_COLDESC,SEGLANEKEY,CROSSWALKKEY,HITPARKEDCAR
6649,1,-122.37482,47.69519728,8207,20671,20671,1205170,Matched,Block,,HOLMAN RD NW BETWEEN MARY AVE NW AND 14TH AVE NW,,,1,Property Damage Only Collision,Other,1,0,0,1,2004/05/10 00:00:00+00,5/10/2004 8:40:00 PM,Mid-Block (not related to intersection),27,MOTOR VEHICLE RAN OFF ROAD - NO COLLISION,,1,Overcast,Dry,Dark - Street Lights On,,4131013.0,,50,Fixed object,0,0,N
6650,1,-122.38545659999998,47.56197325,8209,21486,21486,1795693,Matched,Block,,42ND AVE SW BETWEEN SW OREGON ST AND SW ALASKA ST,,,1,Property Damage Only Collision,Parked Car,3,0,0,3,2004/10/14 00:00:00+00,10/14/2004 2:00:00 AM,Mid-Block (not related to intersection),14,"MOTOR VEHICLE STRUCK MOTOR VEHICLE, REAR END",Y,0,Clear,Dry,Dark - Street Lights Off,,4288005.0,,32,One parked--one moving,0,0,N
6651,2,-122.36097269999999,47.571459000000004,8211,21358,21358,1781301,Matched,Block,,WEST SEATTLE BR EB BETWEEN DELRIDGE-W SEATTLE BR EB ON RP AND 26TH AV SW ON RP,,,2,Injury Collision,Rear Ended,3,0,0,2,2004/05/12 00:00:00+00,5/12/2004 8:22:00 AM,Mid-Block (not related to intersection),14,"MOTOR VEHICLE STRUCK MOTOR VEHICLE, REAR END",,0,Overcast,Dry,Daylight,,4133017.0,,13,From same direction - both going straight - both moving - rear-end,0,0,N
6652,1,-122.36334280000001,47.69388755,8212,20575,20575,1220145,Matched,Block,,6TH AVE NW BETWEEN NW 89TH ST AND NW 90TH ST,,,1,Property Damage Only Collision,Parked Car,2,0,0,2,2004/09/06 00:00:00+00,9/6/2004,Mid-Block (not related to intersection),11,"MOTOR VEHICLE STRUCK MOTOR VEHICLE, FRONT END AT ANGLE",,0,Clear,Dry,Dark - Street Lights On,,4250021.0,,32,One parked--one moving,0,0,N
6653,1,-122.3673912,47.66865732,8213,22358,22358,1780369,Matched,Block,,NW MARKET ST BETWEEN 8TH AVE NW AND 9TH AVE NW,,,1,Property Damage Only Collision,Rear Ended,2,0,0,2,2004/04/01 00:00:00+00,4/1/2004,Mid-Block (but intersection related),14,"MOTOR VEHICLE STRUCK MOTOR VEHICLE, REAR END",,0,Clear,Dry,Daylight,,4092032.0,,14,From same direction - both going straight - one stopped - rear-end,0,0,N
6654,1,-122.38149340000001,47.66613265,8214,21452,21452,1780519,Matched,Block,,LEARY AVE NW BETWEEN NW IONE PL AND 20TH AVE NW,,,1,Property Damage Only Collision,Other,2,0,0,2,2004/08/09 00:00:00+00,8/9/2004,Driveway Junction,11,"MOTOR VEHICLE STRUCK MOTOR VEHICLE, FRONT END AT ANGLE",,0,Clear,Dry,Daylight,,4222012.0,,21,One car entering driveway access,0,0,N
6655,1,-122.28410420000002,47.54603212,8215,21031,21031,1771528,Matched,Block,,S GRAHAM ST BETWEEN 38TH AVE S AND 39TH AVE S,,,1,Property Damage Only Collision,Sideswipe,5,0,0,2,2004/03/29 00:00:00+00,3/29/2004 4:04:00 PM,Mid-Block (not related to intersection),14,"MOTOR VEHICLE STRUCK MOTOR VEHICLE, REAR END",,0,Clear,Dry,Daylight,,4089008.0,,12,From same direction - both going straight - one stopped - sideswipe,0,0,N
6656,2,-122.37836509999998,47.53805373,8217,21299,21299,1789029,Matched,Block,,36TH AVE SW BETWEEN SW ORCHARD ST AND SW OTHELLO N ST,,,2,Injury Collision,Parked Car,5,0,0,5,2004/01/04 00:00:00+00,1/4/2004,Mid-Block (not related to intersection),14,"MOTOR VEHICLE STRUCK MOTOR VEHICLE, REAR END",,1,Clear,Dry,Dark - Street Lights On,,4004012.0,,32,One parked--one moving,0,0,N
6657,1,-122.3515298,47.65667014,8219,22525,22525,1080178,Matched,Block,,N 41ST ST BETWEEN DEAD END 3 AND EVANSTON AVE N,,,1,Property Damage Only Collision,Parked Car,2,0,0,2,2004/09/08 00:00:00+00,9/8/2004,Mid-Block (not related to intersection),11,"MOTOR VEHICLE STRUCK MOTOR VEHICLE, FRONT END AT ANGLE",,0,Clear,Dry,Dark - Street Lights On,,4252024.0,,32,One parked--one moving,0,0,N
6658,2,-122.33647930000001,47.62454525,8221,22303,22303,1776950,Matched,Block,,MERCER SR ST BETWEEN TERRY AVE N AND BOREN AVE N,,,2,Injury Collision,Pedestrian,2,1,0,1,2004/07/28 00:00:00+00,7/28/2004 10:31:00 PM,Mid-Block (not related to intersection),24,MOTOR VEHCILE STRUCK PEDESTRIAN,,1,Clear,Dry,Dark - Street Lights On,,4210024.0,,0,Vehicle going straight hits pedestrian,0,0,N
6659,1,-122.3128193,47.61096179,8222,21365,21365,1788698,Matched,Block,,15TH AVE BETWEEN E MARION ST AND E SPRING ST,,,1,Property Damage Only Collision,Parked Car,2,0,0,2,2004/02/26 00:00:00+00,2/26/2004 7:00:00 AM,Mid-Block (not related to intersection),13,"MOTOR VEHICLE STRUCK MOTOR VEHICLE, LEFT SIDE AT ANGLE",,0,Clear,Dry,Daylight,,4057001.0,,32,One parked--one moving,0,0,N
6660,1,-122.32819679999999,47.61650943,8223,20666,20666,1786842,Matched,Block,,OLIVE WAY BETWEEN OLIVE WY ON RP AND MELROSE AVE,,,1,Property Damage Only Collision,Sideswipe,3,0,0,2,2004/05/24 00:00:00+00,5/24/2004 10:10:00 AM,Mid-Block (not related to intersection),11,"MOTOR VEHICLE STRUCK MOTOR VEHICLE, FRONT END AT ANGLE",,0,Clear,Dry,Daylight,,4145033.0,,11,From same direction - both going straight - both moving - sideswipe,0,0,N
6661,1,-122.3044,47.65006045,8224,22514,22514,1220427,Matched,Block,,MONTLAKE BLVD NE BETWEEN NE PACIFIC ST AND NE PACIFIC PL,,,1,Property Damage Only Collision,Sideswipe,2,0,0,2,2004/08/17 00:00:00+00,8/17/2004 11:30:00 AM,Mid-Block (not related to intersection),16,"MOTOR VEHICLE STRUCK MOTOR VEHICLE, LEFT SIDE SIDESWIPE",,0,Clear,Dry,Daylight,,4230024.0,,11,From same direction - both going straight - both moving - sideswipe,0,0,N
6662,1,-122.3832554,47.57882373,8225,21479,21479,1225590,Matched,Block,,WALNUT AVE SW BETWEEN SW LANDER ST AND SW FOREST ST,,,1,Property Damage Only Collision,Parked Car,2,0,0,2,2004/09/25 00:00:00+00,9/25/2004 9:33:00 AM,Mid-Block (not related to intersection),13,"MOTOR VEHICLE STRUCK MOTOR VEHICLE, LEFT SIDE AT ANGLE",,0,Unknown,Dry,Unknown,,4269036.0,,32,One parked--one moving,0,0,N
6663,1,-122.33643020000001,47.6082597,8226,21054,21054,1778139,Matched,Block,,3RD AVE BETWEEN UNIVERSITY ST AND UNION ST,,,1,Property Damage Only Collision,Rear Ended,3,0,0,2,2004/05/06 00:00:00+00,5/6/2004,Mid-Block (not related to intersection),14,"MOTOR VEHICLE STRUCK MOTOR VEHICLE, REAR END",,0,Clear,Dry,Daylight,,4127032.0,,13,From same direction - both going straight - both moving - rear-end,0,0,N
6664,1,-122.3956805,47.67553234,8227,21702,21702,1774161,Matched,Block,,30TH AVE NW BETWEEN NW 64TH ST AND NW 65TH ST,,,1,Property Damage Only Collision,Parked Car,2,0,0,2,2004/02/17 00:00:00+00,2/17/2004 11:15:00 PM,Mid-Block (not related to intersection),16,"MOTOR VEHICLE STRUCK MOTOR VEHICLE, LEFT SIDE SIDESWIPE",Y,0,Unknown,Unknown,Unknown,,4048030.0,,32,One parked--one moving,0,0,N
6665,1,-122.34098629999998,47.66466207,8229,21572,21572,1781881,Matched,Block,,GREEN LAKE WAY N BETWEEN N 49TH ST AND N 50TH ST,,,1,Property Damage Only Collision,Parked Car,2,0,0,2,2004/06/30 00:00:00+00,6/30/2004 8:27:00 AM,Mid-Block (not related to intersection),11,"MOTOR VEHICLE STRUCK MOTOR VEHICLE, FRONT END AT ANGLE",,0,Clear,Dry,Daylight,,4182012.0,,20,One car leaving parked position,0,0,N
6666,2,-122.3244726,47.615225,8230,21094,21094,1787225,Matched,Intersection,29859.0,BELMONT AVE AND E PINE ST,,,2,Injury Collision,Rear Ended,5,0,0,2,2004/05/22 00:00:00+00,5/22/2004 12:54:00 AM,At Intersection (intersection related),14,"MOTOR VEHICLE STRUCK MOTOR VEHICLE, REAR END",Y,0,Overcast,Dry,Dark - Street Lights On,,4143024.0,,14,From same direction - both going straight - one stopped - rear-end,0,0,N
6667,1,-122.3156821,47.59919952,8231,22452,22452,1074789,Matched,Block,,S JACKSON ST BETWEEN 12TH AVE S AND 14TH AVE S,,,1,Property Damage Only Collision,Parked Car,3,0,0,2,2004/10/09 00:00:00+00,10/9/2004,Mid-Block (not related to intersection),11,"MOTOR VEHICLE STRUCK MOTOR VEHICLE, FRONT END AT ANGLE",,0,Overcast,Dry,Daylight,,4283040.0,,20,One car leaving parked position,0,0,N
6668,2,-122.33356200000001,47.60680129,8232,21135,21135,1794393,Matched,Intersection,29949.0,4TH AVE AND SPRING ST,,,2,Injury Collision,Angles,4,0,0,2,2004/11/21 00:00:00+00,11/21/2004 2:17:00 AM,At Intersection (intersection related),11,"MOTOR VEHICLE STRUCK MOTOR VEHICLE, FRONT END AT ANGLE",,0,Clear,Dry,Dark - Street Lights On,,4326027.0,,10,Entering at angle,0,0,N
6669,1,-122.2860707,47.7083195,8233,20772,20772,1218584,Matched,Block,,NE 110TH ST BETWEEN 39TH AVE NE AND 40TH AVE NE,,,1,Property Damage Only Collision,Other,2,0,0,2,2004/01/11 00:00:00+00,1/11/2004 6:08:00 PM,Driveway Junction,33,DRIVERLESS VEHICLE STRUCK MOTOR VEHICLE LEFT SIDE AT ANGLE,,0,Clear,Dry,Daylight,,4011007.0,,22,One car leaving driveway access,0,0,N
6670,2,-122.39832150000001,47.68865697,8235,21891,21891,1780940,Matched,Block,,32ND AVE NW BETWEEN NW 80TH ST AND NW 85TH ST,,,2,Injury Collision,Rear Ended,3,0,0,2,2004/04/17 00:00:00+00,4/17/2004 9:42:00 AM,Mid-Block (not related to intersection),14,"MOTOR VEHICLE STRUCK MOTOR VEHICLE, REAR END",Y,0,Clear,Dry,Daylight,,4108022.0,,13,From same direction - both going straight - both moving - rear-end,0,0,N
6671,1,-122.33960320000001,47.61339483,8236,21391,21391,1482536,Matched,Block,,VIRGINIA ST BETWEEN 4TH AVE AND 5TH AVE,,,1,Property Damage Only Collision,Parked Car,2,0,0,2,2004/04/29 00:00:00+00,4/29/2004 11:15:00 PM,Mid-Block (not related to intersection),11,"MOTOR VEHICLE STRUCK MOTOR VEHICLE, FRONT END AT ANGLE",,0,Unknown,Unknown,Dark - Street Lights On,,4120021.0,,32,One parked--one moving,0,0,N
6672,1,-122.3094598,47.58502512,8237,21356,21356,1771691,Matched,Block,,18TH AVE S BETWEEN S PLUM ST AND S HILL ST,,,1,Property Damage Only Collision,Parked Car,2,0,0,2,2004/02/29 00:00:00+00,2/29/2004 11:00:00 AM,Mid-Block (not related to intersection),11,"MOTOR VEHICLE STRUCK MOTOR VEHICLE, FRONT END AT ANGLE",,0,Clear,Dry,Daylight,,4060011.0,,32,One parked--one moving,0,0,N
6673,2,-122.35213259999999,47.62544012,8238,20425,20425,C649659,Matched,Block,,ROY ST BETWEEN 2ND AVE N AND 3RD AVE N,,,2,Injury Collision,Other,2,0,0,2,2004/11/26 00:00:00+00,11/26/2004 6:45:00 PM,Mid-Block (not related to intersection),11,"MOTOR VEHICLE STRUCK MOTOR VEHICLE, FRONT END AT ANGLE",,0,Unknown,Dry,Dark - Street Lights On,,4331032.0,,21,One car entering driveway access,0,0,N
6674,1,-122.29110259999999,47.60319007,8239,22230,22230,1200824,Matched,Block,,E SPRUCE ST BETWEEN 32ND AVE AND DEAD END 2,,,1,Property Damage Only Collision,Other,1,0,0,1,2004/05/25 00:00:00+00,5/25/2004 1:31:00 AM,Mid-Block (but intersection related),28,MOTOR VEHICLE RAN OFF ROAD - HIT FIXED OBJECT,,0,Clear,Dry,Dark - Street Lights On,,4146001.0,Y,50,Fixed object,0,0,N
6675,1,-122.27574170000001,47.56291985,8240,21749,21749,1771643,Matched,Block,,46TH AVE S BETWEEN S GENESEE ST AND S SNOQUALMIE ST,,,1,Property Damage Only Collision,Other,1,0,0,1,2004/08/19 00:00:00+00,8/19/2004 2:47:00 AM,Mid-Block (not related to intersection),28,MOTOR VEHICLE RAN OFF ROAD - HIT FIXED OBJECT,,0,Clear,Dry,Dark - Street Lights On,,4232004.0,,50,Fixed object,0,0,N
6676,2,,,8241,20892,20892,1482729,Matched,Block,,ALASKAN WY VI NB BETWEEN S ROYAL BROUGHAM WAY ON RP AND SENECA ST OFF RP,,,2,Injury Collision,Rear Ended,2,0,0,2,2004/10/27 00:00:00+00,10/27/2004 8:19:00 AM,Mid-Block (not related to intersection),14,"MOTOR VEHICLE STRUCK MOTOR VEHICLE, REAR END",Y,0,Clear,Dry,Daylight,,4301036.0,,14,From same direction - both going straight - one stopped - rear-end,0,0,N
6677,1,-122.3497912,47.65001037,8242,21915,21915,1080365,Matched,Block,,FREMONT AVE N BETWEEN N 34TH ST AND FREMONT PL N,,,1,Property Damage Only Collision,Rear Ended,2,0,0,2,2004/07/10 00:00:00+00,7/10/2004 6:30:00 PM,Mid-Block (but intersection related),14,"MOTOR VEHICLE STRUCK MOTOR VEHICLE, REAR END",,0,Raining,Wet,Daylight,,4192030.0,Y,13,From same direction - both going straight - both moving - rear-end,0,0,N
6678,1,-122.2792091,47.52324613,8243,21296,21296,1793491,Matched,Intersection,35271.0,M L KING JR WR WAY S AND S HENDERSON ST,,,1,Property Damage Only Collision,Left Turn,3,0,0,2,2004/10/29 00:00:00+00,10/29/2004 5:50:00 PM,At Intersection (intersection related),11,"MOTOR VEHICLE STRUCK MOTOR VEHICLE, FRONT END AT ANGLE",,0,Overcast,Dry,Daylight,,4303024.0,,28,From opposite direction - one left turn - one straight,0,0,N
6679,1,-122.32997399999999,47.70863743,8245,22520,22520,1774026,Matched,Block,,N NORTHGATE WAY BETWEEN CORLISS AVE N AND 1ST AVE NE,,,1,Property Damage Only Collision,Other,1,0,0,1,2004/01/01 00:00:00+00,1/1/2004,Mid-Block (not related to intersection),28,MOTOR VEHICLE RAN OFF ROAD - HIT FIXED OBJECT,,1,Snowing,Ice,Dark - Street Lights On,,4001024.0,,50,Fixed object,0,0,N
6680,2,-122.31319750000002,47.53426725,8246,21086,21086,1775399,Matched,Intersection,34391.0,16TH AVE S AND EAST MARGINAL WAY S,,,2,Injury Collision,Other,1,0,0,1,2004/06/18 00:00:00+00,6/18/2004 12:25:00 PM,At Intersection (intersection related),28,MOTOR VEHICLE RAN OFF ROAD - HIT FIXED OBJECT,,0,Clear,Dry,Daylight,,4170007.0,Y,50,Fixed object,0,0,N
6681,1,-122.3209333,47.62369898,8247,22010,22010,C633727,Matched,Block,,BROADWAY E BETWEEN E REPUBLICAN ST AND E MERCER ST,,,1,Property Damage Only Collision,Other,2,0,0,2,2004/05/18 00:00:00+00,5/18/2004 10:15:00 AM,Driveway Junction,11,"MOTOR VEHICLE STRUCK MOTOR VEHICLE, FRONT END AT ANGLE",,0,Clear,Dry,Daylight,,4139043.0,,21,One car entering driveway access,0,0,N
6682,1,-122.29416210000001,47.57735478,8248,21268,21268,1793065,Matched,Block,,30TH AVE S BETWEEN S MCCLELLAN ST AND S MOUNT BAKER WB N BV,,,1,Property Damage Only Collision,Parked Car,2,0,0,2,2004/09/13 00:00:00+00,9/13/2004 12:15:00 PM,Mid-Block (not related to intersection),16,"MOTOR VEHICLE STRUCK MOTOR VEHICLE, LEFT SIDE SIDESWIPE",,0,Clear,Dry,Daylight,,4257024.0,,32,One parked--one moving,0,0,N
6683,2,-122.3460888,47.66212734,8250,22094,22094,1781877,Matched,Intersection,25692.0,GREEN LAKE WAY N AND N 46TH ST,,,2,Injury Collision,Left Turn,3,0,0,2,2004/05/05 00:00:00+00,5/5/2004,At Intersection (intersection related),11,"MOTOR VEHICLE STRUCK MOTOR VEHICLE, FRONT END AT ANGLE",,0,Clear,Dry,Dark - Street Lights On,,4126001.0,,28,From opposite direction - one left turn - one straight,0,0,N
6684,1,-122.3424879,47.65439128,8251,21969,21969,1199190,Matched,Block,,STONE WAY N BETWEEN N 39TH ST AND BRIDGE WAY N,,,1,Property Damage Only Collision,Other,1,0,0,1,2004/02/16 00:00:00+00,2/16/2004 12:10:00 PM,Mid-Block (but intersection related),28,MOTOR VEHICLE RAN OFF ROAD - HIT FIXED OBJECT,Y,0,Raining,Wet,Daylight,,4047012.0,,50,Fixed object,0,0,N
6685,2,-122.3627314,47.70139041,8253,21424,21424,1080018,Matched,Block,,HOLMAN RD NW BETWEEN 6TH AVE NW AND 4TH AVE NW,,,2,Injury Collision,Other,2,0,0,2,2004/09/03 00:00:00+00,9/3/2004,Driveway Junction,14,"MOTOR VEHICLE STRUCK MOTOR VEHICLE, REAR END",Y,0,Clear,Dry,Daylight,,4247024.0,,21,One car entering driveway access,0,0,N
6686,1,-122.3796877,47.56256568,8254,20559,20559,1789351,Matched,Block,,FAUNTLEROY WAY SW BETWEEN SW OREGON ST AND 38TH AVE SW,,,1,Property Damage Only Collision,Sideswipe,3,0,0,2,2004/01/22 00:00:00+00,1/22/2004 9:25:00 PM,Mid-Block (but intersection related),16,"MOTOR VEHICLE STRUCK MOTOR VEHICLE, LEFT SIDE SIDESWIPE",,0,Raining,Wet,Dark - Street Lights On,,4022013.0,,11,From same direction - both going straight - both moving - sideswipe,0,0,N
6687,2,-122.2645659,47.54247204,8255,22505,22505,1779243,Matched,Intersection,34620.0,55TH AVE S AND SEWARD PARK S AVE S,,,2,Injury Collision,Angles,2,0,0,2,2004/03/18 00:00:00+00,3/18/2004 7:23:00 PM,At Intersection (intersection related),11,"MOTOR VEHICLE STRUCK MOTOR VEHICLE, FRONT END AT ANGLE",,0,Raining,Wet,Dark - Street Lights On,,4078038.0,,10,Entering at angle,0,0,N
6688,1,-122.2696514,47.50198862,8257,20879,20879,1327434,Matched,Block,,BEACON AVE S BETWEEN S LEO E ST AND S AVON W ST,,,1,Property Damage Only Collision,Parked Car,2,0,0,2,2004/06/01 00:00:00+00,6/1/2004,Mid-Block (not related to intersection),11,"MOTOR VEHICLE STRUCK MOTOR VEHICLE, FRONT END AT ANGLE",,0,Clear,Dry,Daylight,,4153033.0,,20,One car leaving parked position,0,0,N
6689,2,-122.32588989999999,47.64087739,8258,21939,21939,1327971,Matched,Block,,EASTLAKE AVE E BETWEEN E LYNN ST AND E LOUISA ST,,,2,Injury Collision,Rear Ended,3,0,0,2,2004/02/19 00:00:00+00,2/19/2004 9:25:00 AM,Mid-Block (but intersection related),14,"MOTOR VEHICLE STRUCK MOTOR VEHICLE, REAR END",Y,0,Overcast,Dry,Daylight,,4050028.0,,14,From same direction - both going straight - one stopped - rear-end,0,0,N
6690,1,-122.3629187,47.55746718,8259,21288,21288,C649745,Matched,Intersection,32933.0,DELRIDGE WAY SW AND SW HUDSON ST,,,1,Property Damage Only Collision,Sideswipe,2,0,0,2,2004/12/07 00:00:00+00,12/7/2004,At Intersection (intersection related),11,"MOTOR VEHICLE STRUCK MOTOR VEHICLE, FRONT END AT ANGLE",,0,Unknown,Unknown,Unknown,,4342061.0,,11,From same direction - both going straight - both moving - sideswipe,0,0,N
6691,1,-122.3567002,47.62601546,8260,20545,20545,531041,Matched,Block,,QUEEN ANNE AVE N BETWEEN W ROY ST AND VALLEY ST,,,1,Property Damage Only Collision,Rear Ended,0,0,0,3,2004/10/05 00:00:00+00,10/5/2004,Mid-Block (but intersection related),14,"MOTOR VEHICLE STRUCK MOTOR VEHICLE, REAR END",,0,Raining,Wet,Dark - Street Lights On,,4279021.0,Y,14,From same direction - both going straight - one stopped - rear-end,0,0,N
6692,1,,,8261,22038,22038,1321177,Matched,Block,,ALASKAN WY VI SB BETWEEN COLUMBIA ST ON RP AND ALASKAN WY VI SB EFR OFF RP,,,1,Property Damage Only Collision,Rear Ended,3,0,0,2,2004/07/29 00:00:00+00,7/29/2004 10:04:00 PM,Mid-Block (not related to intersection),14,"MOTOR VEHICLE STRUCK MOTOR VEHICLE, REAR END",,1,Clear,Dry,Daylight,,4211009.0,,13,From same direction - both going straight - both moving - rear-end,0,0,N
6693,1,-122.3948374,47.56298162,8262,21791,21791,1789111,Matched,Intersection,31992.0,49TH AVE SW AND SW OREGON ST,,,1,Property Damage Only Collision,Angles,4,0,0,2,2004/03/09 00:00:00+00,3/9/2004,At Intersection (intersection related),11,"MOTOR VEHICLE STRUCK MOTOR VEHICLE, FRONT END AT ANGLE",,0,Overcast,Wet,Daylight,,4069018.0,,10,Entering at angle,0,0,N
6694,1,-122.3445612,47.61222096,8263,21078,21078,1321850,Matched,Block,,1ST AVE BETWEEN LENORA ST AND BLANCHARD ST,,,1,Property Damage Only Collision,Parked Car,2,0,0,2,2004/04/13 00:00:00+00,4/13/2004 8:12:00 PM,Mid-Block (not related to intersection),13,"MOTOR VEHICLE STRUCK MOTOR VEHICLE, LEFT SIDE AT ANGLE",,0,Clear,Dry,Daylight,,4104033.0,,32,One parked--one moving,0,0,N
6695,2,-122.3060027,47.66125664,8264,21409,21409,1781980,Matched,Block,,NE 45TH ST BETWEEN 20TH AVE NE AND 21ST AVE NE,,,2,Injury Collision,Rear Ended,4,0,0,2,2004/05/07 00:00:00+00,5/7/2004,Mid-Block (not related to intersection),14,"MOTOR VEHICLE STRUCK MOTOR VEHICLE, REAR END",Y,0,Clear,Dry,Daylight,,4128048.0,,14,From same direction - both going straight - one stopped - rear-end,0,0,N
6696,2,-122.2854432,47.55865579,8265,20511,20511,1793155,Matched,Intersection,33568.0,RAINIER AVE S AND S EDMUNDS ST,,,2,Injury Collision,Angles,4,0,0,2,2004/06/30 00:00:00+00,6/30/2004 1:58:00 PM,At Intersection (intersection related),11,"MOTOR VEHICLE STRUCK MOTOR VEHICLE, FRONT END AT ANGLE",,0,Clear,Dry,Daylight,,4182008.0,,10,Entering at angle,0,0,N
6697,1,-122.35100890000001,47.66021704,8267,21926,21926,1794067,Matched,Intersection,26938.0,EVANSTON AVE N AND N 44TH ST,,,1,Property Damage Only Collision,Other,1,0,0,1,2004/07/24 00:00:00+00,7/24/2004 6:38:00 PM,At Intersection (intersection related),26,MOTOR VEHICLE STRUCK OBJECT IN ROAD,,0,Clear,Dry,Daylight,,4206023.0,,50,Fixed object,0,0,N
6698,1,-122.3373936,47.61266535,8269,21844,21844,1182070,Matched,Intersection,29567.0,5TH AVE AND OLIVE WAY,,,1,Property Damage Only Collision,Left Turn,2,0,0,2,2004/08/04 00:00:00+00,8/4/2004,At Intersection (intersection related),11,"MOTOR VEHICLE STRUCK MOTOR VEHICLE, FRONT END AT ANGLE",,0,Clear,Dry,Daylight,,4217025.0,,15,From same direction - one left turn - one straight,0,0,N
6699,1,-122.3498847,47.65088991,8270,22056,22056,C650822,Matched,Block,,FREMONT AVE N BETWEEN FREMONT PL N AND N 36TH ST,,,1,Property Damage Only Collision,Angles,2,0,0,2,2004/12/21 00:00:00+00,12/21/2004 11:30:00 AM,Mid-Block (but intersection related),16,"MOTOR VEHICLE STRUCK MOTOR VEHICLE, LEFT SIDE SIDESWIPE",,0,Overcast,Wet,Daylight,,4356040.0,,10,Entering at angle,0,0,N
6700,1,-122.39001429999999,47.54346512,8272,22158,22158,1790410,Matched,Block,,FAUNTLEROY WAY SW BETWEEN FAUNTLEROY WR S WAY SW AND SW HOLLY ST,,,1,Property Damage Only Collision,Parked Car,2,0,0,2,2004/07/10 00:00:00+00,7/10/2004 2:58:00 PM,Mid-Block (not related to intersection),11,"MOTOR VEHICLE STRUCK MOTOR VEHICLE, FRONT END AT ANGLE",,0,Raining,Wet,Daylight,,4192013.0,Y,32,One parked--one moving,0,0,N
6701,1,-122.34257530000001,47.65270652,8273,21021,21021,1774170,Matched,Intersection,26870.0,STONE WAY N AND N 38TH ST,,,1,Property Damage Only Collision,Angles,3,0,0,2,2004/05/06 00:00:00+00,5/6/2004,At Intersection (intersection related),11,"MOTOR VEHICLE STRUCK MOTOR VEHICLE, FRONT END AT ANGLE",,0,Clear,Dry,Daylight,,4127022.0,,10,Entering at angle,0,0,N
6702,1,-122.33271440000001,47.60419712,8274,21803,21803,1334397,Matched,Intersection,29970.0,3RD AVE AND COLUMBIA ST,,,1,Property Damage Only Collision,Angles,2,0,0,2,2004/02/14 00:00:00+00,2/14/2004 12:43:00 PM,At Intersection (intersection related),11,"MOTOR VEHICLE STRUCK MOTOR VEHICLE, FRONT END AT ANGLE",,0,Overcast,Wet,Daylight,,4045010.0,,10,Entering at angle,0,0,N
6703,1,-122.3735876,47.66905322,8276,20536,20536,1080221,Matched,Block,,14TH AVE NW BETWEEN NW MARKET ST AND NW 56TH ST,,,1,Property Damage Only Collision,Rear Ended,2,0,0,2,2004/11/05 00:00:00+00,11/5/2004,Mid-Block (not related to intersection),14,"MOTOR VEHICLE STRUCK MOTOR VEHICLE, REAR END",,0,Raining,Wet,Dark - Street Lights On,,4310009.0,,13,From same direction - both going straight - both moving - rear-end,0,0,N
6704,1,,,8277,22466,22466,1776781,Matched,Alley,,,,,1,Property Damage Only Collision,Other,2,0,0,2,2004/05/28 00:00:00+00,5/28/2004 8:50:00 AM,,0,NOT ENOUGH INFORMATION / NOT APPLICABLE,,0,Clear,Dry,Daylight,,4149027.0,Y,22,One car leaving driveway access,0,0,N
6705,2,-122.29651909999998,47.60799711,8279,21580,21580,1789987,Matched,Block,,E CHERRY ST BETWEEN TEMPLE PL AND M L KING JR WAY,,,2,Injury Collision,Head On,4,0,0,2,2004/03/03 00:00:00+00,3/3/2004,Mid-Block (not related to intersection),11,"MOTOR VEHICLE STRUCK MOTOR VEHICLE, FRONT END AT ANGLE",,0,Clear,Dry,Daylight,,4063002.0,,30,From opposite direction - all others,0,0,N
6706,1,-122.32021090000002,47.62958005,8280,21110,21110,1788463,Matched,Block,,10TH AVE E BETWEEN E PROSPECT ST AND E HIGHLAND DR,,,1,Property Damage Only Collision,Parked Car,2,0,0,2,2004/06/02 00:00:00+00,6/2/2004,Mid-Block (not related to intersection),11,"MOTOR VEHICLE STRUCK MOTOR VEHICLE, FRONT END AT ANGLE",Y,0,Clear,Dry,Daylight,,4154026.0,,32,One parked--one moving,0,0,N
6707,2,-122.30223149999999,47.59858071,8281,20584,20584,1795778,Matched,Block,,23RD AVE S BETWEEN S JACKSON ST AND S KING ST,,,2,Injury Collision,Rear Ended,4,0,0,3,2004/09/22 00:00:00+00,9/22/2004 8:48:00 AM,Mid-Block (but intersection related),14,"MOTOR VEHICLE STRUCK MOTOR VEHICLE, REAR END",Y,0,Clear,Dry,Daylight,,4266050.0,,14,From same direction - both going straight - one stopped - rear-end,0,0,N
6708,1,-122.33403759999999,47.67274108,8283,21601,21601,1781923,Matched,Block,,MCKINLEY PL N BETWEEN KIRKWOOD PL N AND MERIDIAN AVE N,,,1,Property Damage Only Collision,Parked Car,3,0,0,3,2004/09/08 00:00:00+00,9/8/2004,Mid-Block (not related to intersection),15,"MOTOR VEHICLE STRUCK MOTOR VEHICLE, RIGHT SIDE SIDESWIPE",Y,0,Clear,Dry,Daylight,,4252028.0,,32,One parked--one moving,0,0,N