,SEVERITYCODE,X,Y,OBJECTID,INCKEY,COLDETKEY,REPORTNO,STATUS,ADDRTYPE,INTKEY,LOCATION,EXCEPTRSNCODE,EXCEPTRSNDESC,SEVERITYCODE.1,SEVERITYDESC,COLLISIONTYPE,PERSONCOUNT,PEDCOUNT,PEDCYLCOUNT,VEHCOUNT,INCDATE,INCDTTM,JUNCTIONTYPE,SDOT_COLCODE,SDOT_COLDESC,INATTENTIONIND,UNDERINFL,WEATHER,ROADCOND,LIGHTCOND,PEDROWNOTGRNT,SDOTCOLNUM,SPEEDING,ST_COLCODE,ST_COLDESC,SEGLANEKEY,CROSSWALKKEY,HITPARKEDCAR
6709,1,,,8284,21045,21045,1793683,Matched,Alley,,,,,1,Property Damage Only Collision,Other,1,0,0,1,2004/05/23 00:00:00+00,5/23/2004 6:00:00 PM,,0,NOT ENOUGH INFORMATION / NOT APPLICABLE,,0,Clear,Dry,Daylight,,4144028.0,,50,Fixed object,0,0,N
6710,2,-122.3567172,47.69784196,8285,21421,21421,1079653,Matched,Intersection,37142.0,PALATINE AVE N AND N 95TH ST,,,2,Injury Collision,Angles,3,0,0,2,2004/07/27 00:00:00+00,7/27/2004 11:39:00 PM,At Intersection (intersection related),11,"MOTOR VEHICLE STRUCK MOTOR VEHICLE, FRONT END AT ANGLE",,0,Clear,Dry,Dark - Street Lights On,,4209002.0,,10,Entering at angle,0,0,N
6711,2,-122.33752949999999,47.66138706,8286,20552,20552,1789865,Matched,Block,,N 45TH ST BETWEEN DENSMORE W AVE N AND DENSMORE E AVE N,,,2,Injury Collision,Rear Ended,2,0,0,2,2004/04/12 00:00:00+00,4/12/2004 5:15:00 PM,Mid-Block (but intersection related),14,"MOTOR VEHICLE STRUCK MOTOR VEHICLE, REAR END",,0,Clear,Dry,Daylight,,4103022.0,,14,From same direction - both going straight - one stopped - rear-end,0,0,N
6712,1,-122.38310859999999,47.54753546,8288,21437,21437,1775309,Matched,Block,,FAUNTLEROY WAY SW BETWEEN SW RAYMOND ST AND SW GRAHAM ST,,,1,Property Damage Only Collision,Parked Car,2,0,0,2,2004/04/01 00:00:00+00,4/1/2004,Mid-Block (not related to intersection),16,"MOTOR VEHICLE STRUCK MOTOR VEHICLE, LEFT SIDE SIDESWIPE",,0,Clear,Dry,Unknown,,4092029.0,,32,One parked--one moving,0,0,N
6713,1,-122.35545309999999,47.61860207,8289,20938,20938,1199045,Matched,Intersection,29717.0,1ST AVE AND DENNY WAY,,,1,Property Damage Only Collision,Other,3,0,0,2,2004/04/07 00:00:00+00,4/7/2004,At Intersection (intersection related),11,"MOTOR VEHICLE STRUCK MOTOR VEHICLE, FRONT END AT ANGLE",,0,Clear,Dry,Daylight,,4098030.0,,23,From same direction - all others,0,0,N
6714,1,-122.28322240000001,47.61703226,8291,21277,21277,1788370,Matched,Block,,39TH AVE BETWEEN E OLIVE ST AND E HOWELL ST,,,1,Property Damage Only Collision,Parked Car,2,0,0,2,2004/03/10 00:00:00+00,3/10/2004 12:01:00 AM,Mid-Block (not related to intersection),11,"MOTOR VEHICLE STRUCK MOTOR VEHICLE, FRONT END AT ANGLE",,0,Unknown,Unknown,Unknown,,4070020.0,,32,One parked--one moving,0,0,N
6715,1,-122.29674879999999,47.60635967,8294,21898,21898,1198412,Matched,Block,,M L KING JR WAY BETWEEN E JEFFERSON ST AND TEMPLE PL,,,1,Property Damage Only Collision,Parked Car,2,0,0,2,2004/11/24 00:00:00+00,11/24/2004 1:46:00 AM,Mid-Block (not related to intersection),13,"MOTOR VEHICLE STRUCK MOTOR VEHICLE, LEFT SIDE AT ANGLE",,0,Overcast,Wet,Dark - Street Lights On,,4329001.0,,32,One parked--one moving,0,0,N
6716,1,-122.35646969999999,47.52103205,8295,20915,20915,1781119,Matched,Intersection,34888.0,17TH AVE SW AND SW BARTON ST,,,1,Property Damage Only Collision,Other,4,0,0,1,2004/11/29 00:00:00+00,11/29/2004 11:15:00 PM,At Intersection (intersection related),26,MOTOR VEHICLE STRUCK OBJECT IN ROAD,,0,Raining,Wet,Dark - Street Lights On,,4334010.0,,50,Fixed object,0,0,N
6717,2,-122.3339088,47.61137436,8297,21377,21377,1482357,Matched,Block,,PIKE ST BETWEEN 6TH AVE AND 7TH AVE,,,2,Injury Collision,Rear Ended,2,0,0,2,2004/03/11 00:00:00+00,3/11/2004 10:10:00 PM,Mid-Block (but intersection related),14,"MOTOR VEHICLE STRUCK MOTOR VEHICLE, REAR END",Y,0,Clear,Dry,Dark - Street Lights On,,4071024.0,,14,From same direction - both going straight - one stopped - rear-end,0,0,N
6718,1,-122.30414009999998,47.55883751,8298,20569,20569,1793532,Matched,Block,,BEACON ER AVE S BETWEEN S COLUMBIAN WAY AND S FERDINAND N ST,,,1,Property Damage Only Collision,Sideswipe,2,0,0,2,2004/11/05 00:00:00+00,11/5/2004,Mid-Block (not related to intersection),16,"MOTOR VEHICLE STRUCK MOTOR VEHICLE, LEFT SIDE SIDESWIPE",,0,Clear,Dry,Dusk,,4310019.0,,11,From same direction - both going straight - both moving - sideswipe,0,0,N
6719,1,-122.3915605,47.67449816,8299,22359,22359,1780414,Matched,Block,,NW 63RD ST BETWEEN 26TH AVE NW AND 28TH AVE NW,,,1,Property Damage Only Collision,Parked Car,2,0,0,2,2004/01/29 00:00:00+00,1/29/2004 10:00:00 AM,Mid-Block (not related to intersection),12,"MOTOR VEHICLE STRUCK MOTOR VEHICLE, RIGHT SIDE AT ANGLE",,0,Raining,Wet,Daylight,,4029042.0,,32,One parked--one moving,0,0,N
6720,1,-122.3632965,47.56744416,8301,20875,20875,1790473,Matched,Block,,DELRIDGE WAY SW BETWEEN SW ANDOVER ST AND SW DAKOTA ST,,,1,Property Damage Only Collision,Parked Car,2,0,0,2,2004/09/27 00:00:00+00,9/27/2004 12:01:00 AM,Driveway Junction,14,"MOTOR VEHICLE STRUCK MOTOR VEHICLE, REAR END",,1,Clear,Dry,Dark - Street Lights On,,4271026.0,,32,One parked--one moving,0,0,N
6721,1,-122.3716707,47.56613851,8302,21824,21824,1798426,Matched,Block,,SW AVALON WAY BETWEEN 30TH AVE SW AND SW GENESEE ST,,,1,Property Damage Only Collision,Sideswipe,2,0,0,2,2004/05/26 00:00:00+00,5/26/2004 6:11:00 PM,Mid-Block (not related to intersection),16,"MOTOR VEHICLE STRUCK MOTOR VEHICLE, LEFT SIDE SIDESWIPE",Y,0,Overcast,Wet,Daylight,,4147047.0,,11,From same direction - both going straight - both moving - sideswipe,0,0,N
6722,1,-122.33044709999999,47.545109100000005,8303,20874,20874,1790466,Matched,Block,,S MICHIGAN ST BETWEEN EAST MARGINAL WAY S AND 4TH AVE S,,,1,Property Damage Only Collision,Rear Ended,3,0,0,3,2004/07/06 00:00:00+00,7/6/2004,Mid-Block (but intersection related),14,"MOTOR VEHICLE STRUCK MOTOR VEHICLE, REAR END",Y,0,Raining,Wet,Daylight,,4188009.0,,14,From same direction - both going straight - one stopped - rear-end,0,0,N
6723,2,-122.33419369999999,47.57139257,8304,20811,20811,1781486,Matched,Intersection,32340.0,1ST AVE S AND S SPOKANE SR ST,,,2,Injury Collision,Angles,2,0,0,2,2004/04/08 00:00:00+00,4/8/2004,At Intersection (intersection related),11,"MOTOR VEHICLE STRUCK MOTOR VEHICLE, FRONT END AT ANGLE",,0,Clear,Dry,Daylight,,4099009.0,,10,Entering at angle,0,0,N
6724,1,-122.34679299999999,47.66206896,8305,22519,22519,1774025,Matched,Block,,N 46TH ST BETWEEN PHINNEY TURN RD AND GREEN LAKE WAY N,,,1,Property Damage Only Collision,Rear Ended,2,0,0,2,2004/04/05 00:00:00+00,4/5/2004,Mid-Block (not related to intersection),14,"MOTOR VEHICLE STRUCK MOTOR VEHICLE, REAR END",,0,Clear,Dry,Daylight,,4096014.0,,14,From same direction - both going straight - one stopped - rear-end,0,0,N
6725,1,-122.3195513,47.66357398,8306,21794,21794,1779788,Matched,Block,,8TH AVE NE BETWEEN NE 47TH ST AND NE 48TH ST,,,1,Property Damage Only Collision,Parked Car,2,0,0,2,2004/09/24 00:00:00+00,9/24/2004 8:00:00 PM,Mid-Block (not related to intersection),15,"MOTOR VEHICLE STRUCK MOTOR VEHICLE, RIGHT SIDE SIDESWIPE",,0,Clear,Dry,Daylight,,4268016.0,,32,One parked--one moving,0,0,N
6726,1,-122.33149409999999,47.61554762,8307,21348,21348,C649310,Matched,Block,,OLIVE WAY BETWEEN TERRY AVE AND BOREN AVE,,,1,Property Damage Only Collision,Rear Ended,4,0,0,4,2004/10/14 00:00:00+00,10/14/2004 2:45:00 PM,Mid-Block (but intersection related),14,"MOTOR VEHICLE STRUCK MOTOR VEHICLE, REAR END",,0,Clear,Dry,Daylight,,4288050.0,,14,From same direction - both going straight - one stopped - rear-end,0,0,N
6727,1,-122.28224070000002,47.62083461,8308,22443,22443,1319798,Matched,Block,,LAKE WASHINGTON BLVD E BETWEEN E DENNY BLAINE N PL AND MCGILVRA BLVD E,,,1,Property Damage Only Collision,Other,1,0,0,1,2004/03/24 00:00:00+00,3/24/2004 10:25:00 AM,Mid-Block (not related to intersection),28,MOTOR VEHICLE RAN OFF ROAD - HIT FIXED OBJECT,,0,Clear,Dry,Daylight,,4084008.0,,50,Fixed object,0,0,N
6728,1,-122.3421634,47.66102734,8309,21267,21267,1790609,Matched,Block,,STONE WAY N BETWEEN N ALLEN PL AND N 45TH ST,,,1,Property Damage Only Collision,Other,1,0,0,1,2004/10/04 00:00:00+00,10/4/2004,Mid-Block (but intersection related),26,MOTOR VEHICLE STRUCK OBJECT IN ROAD,,0,Overcast,Dry,Daylight,,4278015.0,,50,Fixed object,0,0,N
6729,1,-122.2949659,47.71337093,8310,20651,20651,1794132,Matched,Intersection,36639.0,31ST AVE NE AND NE 117TH ST,,,1,Property Damage Only Collision,Parked Car,2,0,0,2,2004/07/26 00:00:00+00,7/26/2004 9:23:00 PM,At Intersection (intersection related),14,"MOTOR VEHICLE STRUCK MOTOR VEHICLE, REAR END",,0,Clear,Dry,Dark - Street Lights On,,4208004.0,,32,One parked--one moving,0,0,N
6730,1,-122.31525069999999,47.66401157,8312,21474,21474,1782338,Matched,Block,,12TH AVE NE BETWEEN NE 47TH ST AND NE 50TH ST,,,1,Property Damage Only Collision,Parked Car,2,0,0,2,2004/10/13 00:00:00+00,10/13/2004 12:25:00 PM,Mid-Block (not related to intersection),11,"MOTOR VEHICLE STRUCK MOTOR VEHICLE, FRONT END AT ANGLE",,0,Clear,Dry,Dark - No Street Lights,,4287035.0,,32,One parked--one moving,0,0,N
6731,1,-122.31215490000001,47.68667653,8313,20903,20903,1779747,Matched,Intersection,24397.0,15TH AVE NE AND NE 80TH ST,,,1,Property Damage Only Collision,Angles,2,0,0,2,2004/06/11 00:00:00+00,6/11/2004 12:46:00 PM,At Intersection (intersection related),11,"MOTOR VEHICLE STRUCK MOTOR VEHICLE, FRONT END AT ANGLE",,0,Overcast,Dry,Daylight,,4163034.0,,10,Entering at angle,0,0,N
6732,2,-122.3765314,47.54104025,8315,20706,20706,1790416,Matched,Intersection,34023.0,35TH AVE SW AND SW WILLOW ST,,,2,Injury Collision,Left Turn,2,0,0,2,2004/07/21 00:00:00+00,7/21/2004 6:35:00 PM,At Intersection (intersection related),11,"MOTOR VEHICLE STRUCK MOTOR VEHICLE, FRONT END AT ANGLE",,0,Clear,Dry,Daylight,,4203010.0,,28,From opposite direction - one left turn - one straight,0,0,N
6733,1,-122.3428202,47.610018,8316,22352,22352,1778144,Matched,Block,,PIKE PL BETWEEN STEWART ST AND VIRGINIA ST,,,1,Property Damage Only Collision,Pedestrian,2,1,0,1,2004/07/25 00:00:00+00,7/25/2004 4:58:00 PM,Mid-Block (not related to intersection),24,MOTOR VEHCILE STRUCK PEDESTRIAN,,0,Clear,Dry,Daylight,,4207024.0,,3,Vehicle backing hits pedestrian,0,0,N
6734,1,-122.2652194,47.68677539,8318,21306,21306,1220053,Matched,Block,,SAND POINT WAY NE BETWEEN NOAA DR AND BURKE GILMAN SAND POINT TRL,,,1,Property Damage Only Collision,Parked Car,2,0,0,2,2004/08/28 00:00:00+00,8/28/2004 7:25:00 PM,Driveway Junction,28,MOTOR VEHICLE RAN OFF ROAD - HIT FIXED OBJECT,,1,Clear,Dry,Dusk,,4241023.0,,32,One parked--one moving,0,0,N
6735,1,-122.31491709999999,47.52601648,8319,21532,21532,1798026,Matched,Block,,14TH AVE S BETWEEN S CLOVERDALE ST AND S DONOVAN ST,,,1,Property Damage Only Collision,Parked Car,2,0,0,2,2004/09/17 00:00:00+00,9/17/2004 8:56:00 PM,Mid-Block (not related to intersection),16,"MOTOR VEHICLE STRUCK MOTOR VEHICLE, LEFT SIDE SIDESWIPE",,0,Overcast,Wet,Dark - Street Lights On,,4261012.0,Y,32,One parked--one moving,0,0,N
6736,1,-122.39168740000001,47.53802231,8320,21146,21146,1476164,Matched,Block,,SW OTHELLO ST BETWEEN FAUNTLEROY WAY SW AND BAINBRIDGE PL SW,,,1,Property Damage Only Collision,Rear Ended,2,0,0,2,2004/07/07 00:00:00+00,7/7/2004,Mid-Block (but intersection related),14,"MOTOR VEHICLE STRUCK MOTOR VEHICLE, REAR END",,0,Overcast,Dry,Daylight,,4189012.0,,13,From same direction - both going straight - both moving - rear-end,0,0,N
6737,1,-122.3024996,47.6202073,8322,22474,22474,1472424,Matched,Intersection,29380.0,23RD AVE E AND E JOHN ST,,,1,Property Damage Only Collision,Left Turn,2,0,0,2,2004/08/12 00:00:00+00,8/12/2004 9:42:00 AM,At Intersection (intersection related),11,"MOTOR VEHICLE STRUCK MOTOR VEHICLE, FRONT END AT ANGLE",,0,Clear,Dry,Daylight,,4225013.0,,28,From opposite direction - one left turn - one straight,0,0,N
6738,2,-122.30440630000001,47.5588021,8323,21929,21929,C649400,Matched,Block,,BEACON WR AVE S BETWEEN S COLUMBIAN WAY AND S FERDINAND N ST,,,2,Injury Collision,Parked Car,2,0,0,2,2004/11/17 00:00:00+00,11/17/2004 1:15:00 PM,Mid-Block (not related to intersection),11,"MOTOR VEHICLE STRUCK MOTOR VEHICLE, FRONT END AT ANGLE",,0,Clear,Dry,Daylight,,4322046.0,,19,One car entering parked position,0,0,N
6739,1,-122.3045906,47.64824143,8324,21240,21240,C649396,Matched,Block,,MONTLAKE BR BETWEEN POINT A AND NE PACIFIC ST,,,1,Property Damage Only Collision,Sideswipe,2,0,0,2,2004/10/29 00:00:00+00,10/29/2004 12:00:00 PM,Mid-Block (not related to intersection),16,"MOTOR VEHICLE STRUCK MOTOR VEHICLE, LEFT SIDE SIDESWIPE",,0,Clear,Dry,Dark - Street Lights On,,4303049.0,,11,From same direction - both going straight - both moving - sideswipe,0,0,N
6740,1,-122.34368459999999,47.62089317,8325,20969,20969,1783777,Matched,Intersection,28787.0,7TH AVE N AND THOMAS ST,,,1,Property Damage Only Collision,Angles,2,0,0,2,2004/08/06 00:00:00+00,8/6/2004,At Intersection (intersection related),11,"MOTOR VEHICLE STRUCK MOTOR VEHICLE, FRONT END AT ANGLE",,0,Raining,Wet,Dark - Street Lights On,,4219052.0,,10,Entering at angle,0,0,N
6741,1,-122.3735889,47.66827752,8326,20438,20438,1773646,Matched,Block,,14TH AVE NW BETWEEN NW 54TH ST AND NW MARKET ST,,,1,Property Damage Only Collision,Other,3,0,0,2,2004/06/20 00:00:00+00,6/20/2004 2:30:00 PM,Mid-Block (but intersection related),11,"MOTOR VEHICLE STRUCK MOTOR VEHICLE, FRONT END AT ANGLE",,0,Clear,Dry,Daylight,,4172018.0,,23,From same direction - all others,0,0,N
6742,2,-122.33072299999999,47.61849176,8327,22085,22085,1778105,Matched,Intersection,29168.0,DENNY WAY AND STEWART ST,,,2,Injury Collision,Pedestrian,3,1,0,1,2004/03/06 00:00:00+00,3/6/2004,At Intersection (intersection related),24,MOTOR VEHCILE STRUCK PEDESTRIAN,,0,Overcast,Dry,Dark - Street Lights On,Y,4066005.0,,2,Vehicle turning left hits pedestrian,0,0,N
6743,2,-122.3428202,47.610018,8330,21690,21690,1783610,Matched,Block,,PIKE PL BETWEEN STEWART ST AND VIRGINIA ST,,,2,Injury Collision,Pedestrian,2,1,0,1,2004/10/01 00:00:00+00,10/1/2004,Mid-Block (not related to intersection),24,MOTOR VEHCILE STRUCK PEDESTRIAN,,0,Clear,Dry,Daylight,,4275007.0,,0,Vehicle going straight hits pedestrian,0,0,N
6744,2,-122.3351202,47.5882287,8331,21519,21519,1776479,Matched,Intersection,31205.0,UTAH AVE S AND S MASSACHUSETTS ST,,,2,Injury Collision,Angles,2,0,0,2,2004/04/09 00:00:00+00,4/9/2004,At Intersection (intersection related),11,"MOTOR VEHICLE STRUCK MOTOR VEHICLE, FRONT END AT ANGLE",,0,Clear,Dry,Daylight,,4100037.0,,10,Entering at angle,0,0,N
6745,1,-122.37621340000001,47.66980695,8333,20943,20943,1212539,Matched,Block,,15TH AVE NW BETWEEN NW 56TH ST AND NW 57TH ST,,,1,Property Damage Only Collision,Other,3,0,0,2,2004/04/06 00:00:00+00,4/6/2004,Driveway Junction,11,"MOTOR VEHICLE STRUCK MOTOR VEHICLE, FRONT END AT ANGLE",,0,Clear,Dry,Dusk,,4097026.0,,22,One car leaving driveway access,0,0,N
6746,1,-122.26440259999998,47.55767191,8334,21807,21807,1793126,Matched,Block,,55TH AVE S BETWEEN S FERDINAND ST AND 57TH AVE S,,,1,Property Damage Only Collision,Parked Car,2,0,0,2,2004/08/01 00:00:00+00,8/1/2004,Driveway Junction,12,"MOTOR VEHICLE STRUCK MOTOR VEHICLE, RIGHT SIDE AT ANGLE",,0,Clear,Dry,Daylight,,4214016.0,,32,One parked--one moving,0,0,N
6747,1,-122.2767602,47.66931494,8335,20995,20995,C650800,Matched,Block,,NE 55TH ST BETWEEN NE TULANE PL AND PRINCETON AVE NE,,,1,Property Damage Only Collision,Other,2,0,0,2,2004/12/11 00:00:00+00,12/11/2004 1:00:00 PM,Driveway Junction,11,"MOTOR VEHICLE STRUCK MOTOR VEHICLE, FRONT END AT ANGLE",,0,Overcast,Dry,Daylight,,4346043.0,,22,One car leaving driveway access,0,0,N
6748,1,-122.3142517,47.61586507,8336,20560,20560,1789638,Matched,Block,,14TH AVE BETWEEN E PINE ST AND E OLIVE ST,,,1,Property Damage Only Collision,Parked Car,2,0,0,2,2004/09/30 00:00:00+00,9/30/2004 7:30:00 AM,Mid-Block (not related to intersection),13,"MOTOR VEHICLE STRUCK MOTOR VEHICLE, LEFT SIDE AT ANGLE",,0,Clear,Dry,Daylight,,4274028.0,,32,One parked--one moving,0,0,N
6749,2,-122.3229281,47.68507269,8337,22356,22356,1780123,Matched,Intersection,24404.0,5TH AVE NE AND BANNER WAY NE,,,2,Injury Collision,Pedestrian,2,1,0,1,2004/04/25 00:00:00+00,4/25/2004 6:03:00 PM,At Intersection (intersection related),24,MOTOR VEHCILE STRUCK PEDESTRIAN,,0,Clear,Dry,Daylight,,4116010.0,,0,Vehicle going straight hits pedestrian,0,0,N
6750,1,-122.3234835,47.73405298,8338,21590,21590,1728569,Matched,Intersection,35853.0,5TH AVE NE AND NE 145TH ST,,,1,Property Damage Only Collision,Left Turn,3,0,0,3,2004/01/15 00:00:00+00,1/15/2004 8:40:00 AM,At Intersection (intersection related),11,"MOTOR VEHICLE STRUCK MOTOR VEHICLE, FRONT END AT ANGLE",,0,Raining,Wet,Daylight,,4015002.0,,28,From opposite direction - one left turn - one straight,0,0,N
6751,1,-122.3707665,47.66365786,8339,21028,21028,1319744,Matched,Intersection,25455.0,11TH AVE NW AND NW LEARY WAY,,,1,Property Damage Only Collision,Other,1,0,0,1,2004/05/28 00:00:00+00,5/28/2004 1:14:00 PM,At Intersection (intersection related),29,MOTOR VEHICLE OVERTURNED IN ROAD,,0,Raining,Wet,Daylight,,4149008.0,,52,Vehicle overturned,0,0,N
6752,1,-122.3219065,47.61167653,8340,21819,21819,1482513,Matched,Block,,SPRING ST BETWEEN BOYLSTON AVE AND HARVARD AVE,,,1,Property Damage Only Collision,Parked Car,2,0,0,2,2004/08/02 00:00:00+00,8/2/2004,Mid-Block (not related to intersection),11,"MOTOR VEHICLE STRUCK MOTOR VEHICLE, FRONT END AT ANGLE",,0,Clear,Dry,Daylight,,4215024.0,,32,One parked--one moving,0,0,N
6753,2,-122.35286210000001,47.67459667,8341,21007,21007,1080211,Matched,Intersection,25589.0,DAYTON AVE N AND N 63RD ST,,,2,Injury Collision,Angles,3,0,0,2,2004/09/24 00:00:00+00,9/24/2004 11:50:00 AM,At Intersection (intersection related),11,"MOTOR VEHICLE STRUCK MOTOR VEHICLE, FRONT END AT ANGLE",,0,Clear,Dry,Daylight,,4268018.0,Y,10,Entering at angle,0,0,N
6754,2,-122.37666909999999,47.52375799,8342,20391,20391,1790236,Matched,Block,,35TH AVE SW BETWEEN SW TRENTON ST AND SW HENDERSON ST,,,2,Injury Collision,Rear Ended,6,0,0,2,2004/06/28 00:00:00+00,6/28/2004 12:11:00 PM,Mid-Block (not related to intersection),14,"MOTOR VEHICLE STRUCK MOTOR VEHICLE, REAR END",,0,Clear,Dry,Daylight,,4180018.0,,13,From same direction - both going straight - both moving - rear-end,0,0,N
6755,1,-122.338303,47.61262607,8343,22043,22043,1777992,Matched,Block,,STEWART ST BETWEEN 4TH AVE AND 5TH AVE,,,1,Property Damage Only Collision,Parked Car,2,0,0,2,2004/07/28 00:00:00+00,7/28/2004 3:23:00 PM,Mid-Block (not related to intersection),11,"MOTOR VEHICLE STRUCK MOTOR VEHICLE, FRONT END AT ANGLE",,0,Clear,Dry,Daylight,,4210030.0,,20,One car leaving parked position,0,0,N
6756,1,,,8344,21786,21786,1856610,Matched,Intersection,28928.0,2ND AVE N AND THOMAS ST,,,1,Property Damage Only Collision,Other,1,0,0,1,2004/11/07 00:00:00+00,11/7/2004,At Intersection (intersection related),28,MOTOR VEHICLE RAN OFF ROAD - HIT FIXED OBJECT,Y,1,Clear,Dry,Daylight,,4312017.0,,50,Fixed object,0,0,N
6757,2,-122.34477199999999,47.61117277,8345,20927,20927,1783738,Matched,Intersection,29722.0,LENORA ST AND WESTERN AVE,,,2,Injury Collision,Cycles,2,0,1,1,2004/10/04 00:00:00+00,10/4/2004,At Intersection (intersection related),18,"MOTOR VEHICLE STRUCK PEDALCYCLIST, FRONT END AT ANGLE",,0,Clear,Dry,Daylight,Y,4278003.0,,45,Vehicle - Pedalcyclist,0,0,N
6758,2,-122.3884686,47.55391376,8346,21236,21236,1787908,Matched,Intersection,32887.0,44TH AVE SW AND SW BRANDON ST,,,2,Injury Collision,Angles,3,0,0,3,2004/01/21 00:00:00+00,1/21/2004 7:36:00 AM,At Intersection (intersection related),11,"MOTOR VEHICLE STRUCK MOTOR VEHICLE, FRONT END AT ANGLE",,0,Clear,Dry,Daylight,,4021024.0,,10,Entering at angle,0,0,N
6759,2,-122.3405249,47.6335923,8348,20656,20656,1071917,Matched,Block,,WESTLAKE AVE N BETWEEN 8TH N AVE N AND BLAINE ST,,,2,Injury Collision,Head On,2,0,0,2,2004/10/24 00:00:00+00,10/24/2004 11:40:00 PM,Mid-Block (not related to intersection),11,"MOTOR VEHICLE STRUCK MOTOR VEHICLE, FRONT END AT ANGLE",,1,Clear,Dry,Dark - Street Lights On,,4298009.0,Y,24,From opposite direction - both moving - head-on,0,0,N
6760,1,-122.2985682,47.619550399999994,8349,22369,22369,1787047,Matched,Block,,26TH AVE E BETWEEN E DENNY WAY AND E JOHN ST,,,1,Property Damage Only Collision,Parked Car,2,0,0,2,2004/01/23 00:00:00+00,1/23/2004 9:00:00 PM,Mid-Block (not related to intersection),13,"MOTOR VEHICLE STRUCK MOTOR VEHICLE, LEFT SIDE AT ANGLE",,0,Unknown,Unknown,Unknown,,4023001.0,,32,One parked--one moving,0,0,N
6761,1,-122.3324242,47.68267211,8350,21465,21465,1781909,Matched,Block,,EAST GREEN LAKE DR N BETWEEN BAGLEY AVE N AND MERIDIAN AVE N,,,1,Property Damage Only Collision,Parked Car,4,0,0,3,2004/06/26 00:00:00+00,6/26/2004 11:30:00 AM,Mid-Block (not related to intersection),14,"MOTOR VEHICLE STRUCK MOTOR VEHICLE, REAR END",Y,0,Clear,Dry,Daylight,,4178031.0,,19,One car entering parked position,0,0,N
6762,1,-122.363321,47.69023661,8353,21657,21657,1782359,Matched,Block,,6TH AVE NW BETWEEN NW 84TH ST AND NW 85TH ST,,,1,Property Damage Only Collision,Angles,2,0,0,2,2004/05/05 00:00:00+00,5/5/2004,Driveway Junction,11,"MOTOR VEHICLE STRUCK MOTOR VEHICLE, FRONT END AT ANGLE",,0,Clear,Dry,Daylight,,4126028.0,,10,Entering at angle,0,0,N
6763,2,-122.3554666,47.7068988,8354,22152,22152,1780199,Matched,Intersection,36410.0,GREENWOOD AVE N AND N 107TH ST,,,2,Injury Collision,Angles,4,0,0,2,2004/05/18 00:00:00+00,5/18/2004 6:42:00 PM,At Intersection (intersection related),11,"MOTOR VEHICLE STRUCK MOTOR VEHICLE, FRONT END AT ANGLE",,0,Clear,Dry,Daylight,,4139038.0,,10,Entering at angle,0,0,N
6764,1,-122.34489609999999,47.717173100000004,8355,21093,21093,1931309,Matched,Block,,AURORA AVE N BETWEEN N 117TH PL AND N 125TH ST,,,1,Property Damage Only Collision,Rear Ended,2,0,0,2,2004/12/11 00:00:00+00,12/11/2004 1:16:00 PM,Mid-Block (not related to intersection),14,"MOTOR VEHICLE STRUCK MOTOR VEHICLE, REAR END",Y,0,Clear,Dry,Daylight,,4346025.0,,14,From same direction - both going straight - one stopped - rear-end,0,0,N
6765,1,-122.33228970000002,47.61727621,8358,20531,20531,1776943,Matched,Block,,STEWART ST BETWEEN BOREN AVE AND MINOR AVE,,,1,Property Damage Only Collision,Rear Ended,2,0,0,2,2004/05/17 00:00:00+00,5/17/2004 9:20:00 PM,Mid-Block (but intersection related),14,"MOTOR VEHICLE STRUCK MOTOR VEHICLE, REAR END",Y,0,Clear,Dry,Dusk,,4138010.0,,14,From same direction - both going straight - one stopped - rear-end,0,0,N
6766,1,-122.37622240000002,47.65980336,8360,21949,21949,1199037,Matched,Block,,BALLARD BR BETWEEN POINT A AND POINT B,,,1,Property Damage Only Collision,Head On,13,0,0,2,2004/03/31 00:00:00+00,3/31/2004 10:45:00 AM,Mid-Block (not related to intersection),11,"MOTOR VEHICLE STRUCK MOTOR VEHICLE, FRONT END AT ANGLE",,0,Clear,Other,Daylight,,4091026.0,,30,From opposite direction - all others,0,0,N
6767,1,-122.32997399999999,47.70863743,8361,21214,21214,1079884,Matched,Block,,N NORTHGATE WAY BETWEEN CORLISS AVE N AND 1ST AVE NE,,,1,Property Damage Only Collision,Rear Ended,2,0,0,2,2004/09/05 00:00:00+00,9/5/2004,Mid-Block (not related to intersection),14,"MOTOR VEHICLE STRUCK MOTOR VEHICLE, REAR END",,0,Clear,Dry,Daylight,,4249019.0,,14,From same direction - both going straight - one stopped - rear-end,0,0,N
6768,1,-122.35738020000001,47.62211086,8362,21578,21578,1777500,Matched,Block,,W HARRISON ST BETWEEN QUEEN ANNE AVE N AND 1ST AVE W,,,1,Property Damage Only Collision,Parked Car,2,0,0,2,2004/07/08 00:00:00+00,7/8/2004,Mid-Block (not related to intersection),11,"MOTOR VEHICLE STRUCK MOTOR VEHICLE, FRONT END AT ANGLE",,0,Overcast,Dry,Daylight,,4190010.0,,32,One parked--one moving,0,0,N
6769,1,-122.35130330000001,47.64982328,8363,20958,20958,1773501,Matched,Intersection,27038.0,EVANSTON AVE N AND N 34TH ST,,,1,Property Damage Only Collision,Angles,2,0,0,2,2004/02/06 00:00:00+00,2/6/2004,At Intersection (intersection related),11,"MOTOR VEHICLE STRUCK MOTOR VEHICLE, FRONT END AT ANGLE",,0,Raining,Wet,Daylight,,4037038.0,,10,Entering at angle,0,0,N
6770,1,-122.3201244,47.66495411,8365,22530,22530,661944,Matched,Block,,NE 50TH ST BETWEEN 7TH AVE NE AND 8TH AVE NE,,,1,Property Damage Only Collision,Other,0,0,0,1,2004/01/20 00:00:00+00,1/20/2004 8:00:00 AM,Mid-Block (but intersection related),26,MOTOR VEHICLE STRUCK OBJECT IN ROAD,,0,Overcast,Dry,Dawn,,4020017.0,,50,Fixed object,0,0,N