,SEVERITYCODE,X,Y,OBJECTID,INCKEY,COLDETKEY,REPORTNO,STATUS,ADDRTYPE,INTKEY,LOCATION,EXCEPTRSNCODE,EXCEPTRSNDESC,SEVERITYCODE.1,SEVERITYDESC,COLLISIONTYPE,PERSONCOUNT,PEDCOUNT,PEDCYLCOUNT,VEHCOUNT,INCDATE,INCDTTM,JUNCTIONTYPE,SDOT_COLCODE,SDOT_COLDESC,INATTENTIONIND,UNDERINFL,WEATHER,ROADCOND,LIGHTCOND,PEDROWNOTGRNT,SDOTCOLNUM,SPEEDING,ST_COLCODE,ST_COLDESC,SEGLANEKEY,CROSSWALKKEY,HITPARKEDCAR
6771,2,-122.29649750000002,47.71714114,8366,21458,21458,1773605,Matched,Block,,LAKE CITY WAY NE BETWEEN 30TH S AVE NE AND NE 123RD ST,,,2,Injury Collision,Other,2,0,0,1,2004/03/21 00:00:00+00,3/21/2004 2:01:00 AM,Mid-Block (not related to intersection),26,MOTOR VEHICLE STRUCK OBJECT IN ROAD,Y,0,Clear,Dry,Dark - Street Lights On,,4081007.0,,50,Fixed object,0,0,N
6772,1,-122.30093810000001,47.58200385,8367,21043,21043,1779221,Matched,Block,,RAINIER AVE S BETWEEN S COLLEGE S ST AND 25TH AVE S,,,1,Property Damage Only Collision,Rear Ended,2,0,0,2,2004/03/20 00:00:00+00,3/20/2004 9:56:00 AM,Mid-Block (not related to intersection),14,"MOTOR VEHICLE STRUCK MOTOR VEHICLE, REAR END",Y,0,Clear,Dry,Daylight,,4080032.0,,14,From same direction - both going straight - one stopped - rear-end,0,0,N
6773,2,-122.3567092,47.62458297,8368,21416,21416,1181500,Matched,Intersection,28632.0,MERCER ST AND QUEEN ANNE AVE N,,,2,Injury Collision,Left Turn,2,0,0,2,2004/07/03 00:00:00+00,7/3/2004,At Intersection (intersection related),11,"MOTOR VEHICLE STRUCK MOTOR VEHICLE, FRONT END AT ANGLE",,0,Overcast,Dry,Daylight,,4185021.0,,28,From opposite direction - one left turn - one straight,0,0,N
6774,2,-122.3479638,47.61657884,8369,20412,20412,1777481,Matched,Intersection,29675.0,3RD AVE AND VINE ST,,,2,Injury Collision,Cycles,3,0,1,1,2004/03/18 00:00:00+00,3/18/2004 2:02:00 AM,At Intersection (intersection related),51,PEDALCYCLIST STRUCK MOTOR VEHICLE FRONT END AT ANGLE,,0,Overcast,Dry,Dark - Street Lights On,,4078003.0,,45,Vehicle - Pedalcyclist,0,0,N
6775,2,-122.34755729999999,47.626281299999995,8370,22477,22477,1777364,Matched,Intersection,28875.0,5TH AVE N AND VALLEY ST,,,2,Injury Collision,Angles,4,0,0,2,2004/01/08 00:00:00+00,1/8/2004,At Intersection (intersection related),11,"MOTOR VEHICLE STRUCK MOTOR VEHICLE, FRONT END AT ANGLE",,0,Overcast,Wet,Dark - Street Lights On,,4008009.0,,10,Entering at angle,0,0,N
6776,2,-122.31545759999999,47.60805331,8371,21569,21569,1772062,Matched,Intersection,29794.0,13TH AVE AND E CHERRY ST,,,2,Injury Collision,Angles,2,0,0,2,2004/04/29 00:00:00+00,4/29/2004 5:52:00 PM,At Intersection (intersection related),11,"MOTOR VEHICLE STRUCK MOTOR VEHICLE, FRONT END AT ANGLE",,0,Clear,Dry,Daylight,,4120025.0,,10,Entering at angle,0,0,N
6777,1,-122.3456643,47.61580557,8373,22449,22449,1778262,Matched,Block,,BATTERY ST BETWEEN 3RD AVE AND 4TH AVE,,,1,Property Damage Only Collision,Parked Car,2,0,0,2,2004/07/28 00:00:00+00,7/28/2004 8:15:00 PM,Mid-Block (not related to intersection),14,"MOTOR VEHICLE STRUCK MOTOR VEHICLE, REAR END",,0,Clear,Dry,Daylight,,4210014.0,,32,One parked--one moving,0,0,N
6778,1,-122.2879335,47.71922945,8374,21276,21276,1775683,Matched,Block,,NE 125TH ST BETWEEN 37TH AVE NE AND 38TH AVE NE,,,1,Property Damage Only Collision,Head On,2,0,0,2,2004/10/19 00:00:00+00,10/19/2004 9:19:00 AM,Mid-Block (not related to intersection),11,"MOTOR VEHICLE STRUCK MOTOR VEHICLE, FRONT END AT ANGLE",,0,Raining,Wet,Daylight,,4293015.0,,30,From opposite direction - all others,0,0,N
6779,1,-122.3340608,47.61405656,8375,20372,20372,1482617,Matched,Intersection,29869.0,HOWELL ST AND OLIVE WAY,,,1,Property Damage Only Collision,Sideswipe,4,0,0,2,2004/05/28 00:00:00+00,5/28/2004 5:32:00 PM,At Intersection (intersection related),16,"MOTOR VEHICLE STRUCK MOTOR VEHICLE, LEFT SIDE SIDESWIPE",,0,Raining,Wet,Daylight,,4149039.0,,11,From same direction - both going straight - both moving - sideswipe,0,0,N
6780,1,-122.31258659999999,47.71669489999999,8377,21629,21629,871042,Matched,Block,,15TH AVE NE BETWEEN NE 120TH ST AND NE 123RD ST,,,1,Property Damage Only Collision,Other,0,0,0,2,2004/01/28 00:00:00+00,1/28/2004 4:45:00 PM,Driveway Junction,11,"MOTOR VEHICLE STRUCK MOTOR VEHICLE, FRONT END AT ANGLE",,0,Raining,Wet,Dusk,,4028016.0,,22,One car leaving driveway access,0,0,N
6781,1,-122.32891310000001,47.61346582,8378,21388,21388,1786963,Matched,Intersection,29878.0,BOREN AVE AND PIKE ST,,,1,Property Damage Only Collision,Angles,2,0,0,2,2004/11/02 00:00:00+00,11/2/2004,At Intersection (intersection related),11,"MOTOR VEHICLE STRUCK MOTOR VEHICLE, FRONT END AT ANGLE",,0,Raining,Wet,Dawn,,4307021.0,,10,Entering at angle,0,0,N
6782,1,-122.37100600000001,47.63595453,8379,21847,21847,1186972,Matched,Block,,W HOWE ST BETWEEN 10TH AVE W AND 11TH AVE W,,,1,Property Damage Only Collision,Parked Car,2,0,0,2,2004/02/10 00:00:00+00,2/10/2004 9:52:00 AM,Mid-Block (but intersection related),16,"MOTOR VEHICLE STRUCK MOTOR VEHICLE, LEFT SIDE SIDESWIPE",,0,Clear,Dry,Daylight,,4041015.0,,32,One parked--one moving,0,0,N
6783,1,-122.2952331,47.71927875,8380,21105,21105,1776171,Matched,Intersection,36601.0,LAKE CITY WAY NE AND NE 125TH ST,,,1,Property Damage Only Collision,Angles,2,0,0,2,2004/01/08 00:00:00+00,1/8/2004,At Intersection (intersection related),16,"MOTOR VEHICLE STRUCK MOTOR VEHICLE, LEFT SIDE SIDESWIPE",,0,Clear,Wet,Dark - Street Lights On,,4008003.0,,10,Entering at angle,0,0,N
6784,2,-122.3427939,47.648164200000004,8381,20568,20568,1778926,Matched,Intersection,26911.0,STONE WAY N AND N NORTHLAKE WAY,,,2,Injury Collision,Cycles,2,0,1,1,2004/04/22 00:00:00+00,4/22/2004 5:55:00 PM,At Intersection (intersection related),18,"MOTOR VEHICLE STRUCK PEDALCYCLIST, FRONT END AT ANGLE",,0,Clear,Dry,Daylight,Y,4113004.0,,45,Vehicle - Pedalcyclist,0,0,N
6785,2,-122.33643130000002,47.68960506,8383,21448,21448,1782211,Matched,Block,,WALLINGFORD AVE N BETWEEN N 82ND ST AND N 85TH ST,,,2,Injury Collision,Sideswipe,6,0,0,5,2004/06/04 00:00:00+00,6/4/2004,Mid-Block (but intersection related),11,"MOTOR VEHICLE STRUCK MOTOR VEHICLE, FRONT END AT ANGLE",,0,Clear,Dry,Daylight,,4156026.0,,26,From opposite direction - both going straight - sideswipe,0,0,N
6786,1,-122.3246445,47.70959149,8384,20883,20883,1079607,Matched,Block,,NE 112TH ST BETWEEN 3RD AVE NE AND 5TH S AVE NE,,,1,Property Damage Only Collision,Other,1,0,0,1,2004/08/25 00:00:00+00,8/25/2004 11:45:00 AM,Mid-Block (but intersection related),28,MOTOR VEHICLE RAN OFF ROAD - HIT FIXED OBJECT,,0,Raining,Wet,Daylight,,4238053.0,Y,50,Fixed object,0,0,N
6787,1,-122.3151926,47.71219775,8385,21823,21823,1782113,Matched,Intersection,36476.0,PINEHURST WAY NE AND NE 115TH ST,,,1,Property Damage Only Collision,Angles,36,0,0,2,2004/04/20 00:00:00+00,4/20/2004 3:30:00 PM,At Intersection (intersection related),11,"MOTOR VEHICLE STRUCK MOTOR VEHICLE, FRONT END AT ANGLE",,0,Overcast,Dry,Daylight,,4111010.0,,10,Entering at angle,0,0,N
6788,1,-122.31219329999999,47.68850816,8387,20680,20680,1779931,Matched,Intersection,24386.0,15TH AVE NE AND NE 82ND ST,,,1,Property Damage Only Collision,Angles,2,0,0,2,2004/01/20 00:00:00+00,1/20/2004 3:29:00 PM,At Intersection (intersection related),11,"MOTOR VEHICLE STRUCK MOTOR VEHICLE, FRONT END AT ANGLE",,0,Clear,Dry,Daylight,,4020002.0,,10,Entering at angle,0,0,N
6789,1,-122.31691909999999,47.61935121,8389,21649,21649,1787192,Matched,Block,,12TH AVE E BETWEEN E DENNY WAY AND E JOHN ST,,,1,Property Damage Only Collision,Rear Ended,3,0,0,2,2004/03/20 00:00:00+00,3/20/2004 5:05:00 PM,Mid-Block (but intersection related),14,"MOTOR VEHICLE STRUCK MOTOR VEHICLE, REAR END",Y,0,Clear,Dry,Daylight,,4080031.0,,14,From same direction - both going straight - one stopped - rear-end,0,0,N
6790,1,-122.3567037,47.62571435,8391,22016,22016,1326723,Matched,Intersection,28619.0,QUEEN ANNE AVE N AND W ROY ST,,,1,Property Damage Only Collision,Left Turn,2,0,0,2,2004/02/05 00:00:00+00,2/5/2004,At Intersection (intersection related),11,"MOTOR VEHICLE STRUCK MOTOR VEHICLE, FRONT END AT ANGLE",,0,Clear,Dry,Dark - Street Lights On,,4036032.0,,28,From opposite direction - one left turn - one straight,0,0,N
6791,1,-122.3381048,47.60341979,8392,21134,21134,1181471,Matched,Block,,ALASKAN WAY BETWEEN MARION ST AND MADISON ST,,,1,Property Damage Only Collision,Sideswipe,5,0,0,2,2004/06/13 00:00:00+00,6/13/2004 5:42:00 PM,Mid-Block (but intersection related),15,"MOTOR VEHICLE STRUCK MOTOR VEHICLE, RIGHT SIDE SIDESWIPE",Y,0,Clear,Dry,Daylight,,4165002.0,,82,Same direction -- both turning left -- one stopped -- sideswipe,0,0,N
6792,1,-122.3289626,47.60087544,8393,20794,20794,1777022,Matched,Intersection,30494.0,4TH AVE S AND S WASHINGTON ST,,,1,Property Damage Only Collision,Left Turn,3,0,0,2,2004/04/17 00:00:00+00,4/17/2004 1:08:00 PM,At Intersection (intersection related),11,"MOTOR VEHICLE STRUCK MOTOR VEHICLE, FRONT END AT ANGLE",,0,Clear,Dry,Daylight,,4108025.0,,15,From same direction - one left turn - one straight,0,0,N
6793,1,-122.2874449,47.53909826,8394,22089,22089,1771515,Matched,Block,,HOLLY PARK DR S BETWEEN 35TH PL S AND S MYRTLE PL,,,1,Property Damage Only Collision,Sideswipe,3,0,0,2,2004/06/20 00:00:00+00,6/20/2004 6:58:00 PM,Mid-Block (not related to intersection),16,"MOTOR VEHICLE STRUCK MOTOR VEHICLE, LEFT SIDE SIDESWIPE",,0,Clear,Dry,Daylight,,4172022.0,,12,From same direction - both going straight - one stopped - sideswipe,0,0,N
6794,1,-122.3342135,47.607515,8396,20910,20910,1783578,Matched,Intersection,29932.0,4TH AVE AND SENECA ST,,,1,Property Damage Only Collision,Left Turn,2,0,0,2,2004/11/04 00:00:00+00,11/4/2004,At Intersection (intersection related),11,"MOTOR VEHICLE STRUCK MOTOR VEHICLE, FRONT END AT ANGLE",,0,Clear,Dry,Daylight,,4309012.0,,15,From same direction - one left turn - one straight,0,0,N
6795,1,-122.31153379999999,47.65252817,8397,21840,21840,1794691,Matched,Block,,NE PACIFIC ST BETWEEN 15TH AVE NE AND XW 17 AVNE,,,1,Property Damage Only Collision,Other,3,0,0,2,2004/11/22 00:00:00+00,11/22/2004 11:38:00 AM,Mid-Block (but intersection related),11,"MOTOR VEHICLE STRUCK MOTOR VEHICLE, FRONT END AT ANGLE",,0,Overcast,Dry,Daylight,,4327014.0,,23,From same direction - all others,0,0,N
6796,2,-122.34393440000001,47.61536892,8398,22212,22212,1783729,Matched,Intersection,29533.0,4TH AVE AND BELL ST,,,2,Injury Collision,Pedestrian,2,1,0,1,2004/08/10 00:00:00+00,8/10/2004 6:02:00 PM,At Intersection (intersection related),24,MOTOR VEHCILE STRUCK PEDESTRIAN,Y,0,Clear,Dry,Daylight,Y,4223032.0,,0,Vehicle going straight hits pedestrian,0,0,N
6797,2,-122.31971429999999,47.60352506,8399,21735,21735,1788617,Matched,Block,,BOREN AVE BETWEEN E FIR ST AND E ALDER ST,,,2,Injury Collision,Rear Ended,5,0,0,3,2004/02/26 00:00:00+00,2/26/2004 4:34:00 PM,Mid-Block (but intersection related),14,"MOTOR VEHICLE STRUCK MOTOR VEHICLE, REAR END",,0,Raining,Wet,Daylight,,4057010.0,,14,From same direction - both going straight - one stopped - rear-end,0,0,N
6798,1,-122.31348290000001,47.55234567,8401,21667,21667,1931238,Matched,Block,,15TH AVE S BETWEEN S LUCILE ST AND S ORCAS ST,,,1,Property Damage Only Collision,Parked Car,28,0,0,2,2004/12/16 00:00:00+00,12/16/2004 2:44:00 PM,Mid-Block (but intersection related),16,"MOTOR VEHICLE STRUCK MOTOR VEHICLE, LEFT SIDE SIDESWIPE",,0,Clear,Dry,Daylight,,4351011.0,,32,One parked--one moving,0,0,N
6799,1,-122.27532279999998,47.52331186,8402,20992,20992,1793167,Matched,Block,,S HENDERSON ST BETWEEN RENTON AVE S AND 46TH AVE S,,,1,Property Damage Only Collision,Other,2,0,0,2,2004/10/18 00:00:00+00,10/18/2004 12:12:00 AM,Driveway Junction,14,"MOTOR VEHICLE STRUCK MOTOR VEHICLE, REAR END",,0,Clear,Dry,Dark - Street Lights On,,4292024.0,,21,One car entering driveway access,0,0,N
6800,2,-122.3774487,47.56467978,8403,20390,20390,1790235,Matched,Intersection,31901.0,36TH AVE SW AND SW GENESEE ST,,,2,Injury Collision,Left Turn,3,0,0,2,2004/05/20 00:00:00+00,5/20/2004 4:34:00 PM,At Intersection (intersection related),11,"MOTOR VEHICLE STRUCK MOTOR VEHICLE, FRONT END AT ANGLE",,0,Clear,Dry,Daylight,,4141006.0,,28,From opposite direction - one left turn - one straight,0,0,N
6801,2,-122.33105079999999,47.60489314,8404,22327,22327,1321208,Matched,Block,,COLUMBIA ST BETWEEN 4TH AVE AND 5TH AVE,,,2,Injury Collision,Left Turn,3,0,0,2,2004/05/17 00:00:00+00,5/17/2004 5:46:00 AM,Mid-Block (but intersection related),16,"MOTOR VEHICLE STRUCK MOTOR VEHICLE, LEFT SIDE SIDESWIPE",,0,Clear,Dry,Dawn,,4138031.0,,29,From opposite direction - one left turn - one right turn,0,0,N
6802,1,-122.3436013,47.68315822,8405,21508,21508,1080330,Matched,Block,,WINONA AVE N BETWEEN AURORA AVE N AND STONE AVE N,,,1,Property Damage Only Collision,Other,3,0,0,2,2004/06/20 00:00:00+00,6/20/2004 1:52:00 PM,Driveway Junction,11,"MOTOR VEHICLE STRUCK MOTOR VEHICLE, FRONT END AT ANGLE",,0,Clear,Dry,Daylight,,4172023.0,,21,One car entering driveway access,0,0,N
6803,1,-122.33755159999998,47.58937381,8406,21351,21351,1785109,Matched,Block,,ALASKAN WY VI NB BETWEEN S HOLGATE ST AND SR99 REPUBLICAN OFF RP,,,1,Property Damage Only Collision,Other,1,0,0,1,2004/11/24 00:00:00+00,11/24/2004 4:12:00 AM,Mid-Block (not related to intersection),28,MOTOR VEHICLE RAN OFF ROAD - HIT FIXED OBJECT,,0,Overcast,Wet,Dark - Street Lights On,,4329004.0,Y,50,Fixed object,0,0,N
6804,1,-122.34316670000001,47.68910418,8408,20293,20293,1221165,Matched,Block,,N 83RD ST BETWEEN AURORA AVE N AND STONE AVE N,,,1,Property Damage Only Collision,Parked Car,2,0,0,2,2004/02/13 00:00:00+00,2/13/2004 2:40:00 PM,Mid-Block (not related to intersection),13,"MOTOR VEHICLE STRUCK MOTOR VEHICLE, LEFT SIDE AT ANGLE",Y,0,Clear,Dry,Daylight,,4044026.0,,32,One parked--one moving,0,0,N
6805,1,-122.3246091,47.6589456,8409,22080,22080,1475617,Matched,Block,,NE 43RD ST BETWEEN LATONA AVE NE AND 4TH AVE NE,,,1,Property Damage Only Collision,Parked Car,2,0,0,2,2004/07/04 00:00:00+00,7/4/2004,Mid-Block (not related to intersection),14,"MOTOR VEHICLE STRUCK MOTOR VEHICLE, REAR END",,0,Clear,Dry,Unknown,,4186031.0,,32,One parked--one moving,0,0,N
6806,1,-122.3380308,47.614610600000006,8410,21924,21924,1783257,Matched,Block,,VIRGINIA ST BETWEEN 6TH AVE AND WESTLAKE AVE,,,1,Property Damage Only Collision,Parked Car,2,0,0,2,2004/08/30 00:00:00+00,8/30/2004 8:00:00 AM,Mid-Block (not related to intersection),13,"MOTOR VEHICLE STRUCK MOTOR VEHICLE, LEFT SIDE AT ANGLE",Y,0,Clear,Dry,Unknown,,4243030.0,,32,One parked--one moving,0,0,N
6807,2,-122.2920389,47.56077931,8412,21686,21686,1772897,Matched,Block,,S ALASKA ST BETWEEN 31ST AVE S AND 32ND AVE S,,,2,Injury Collision,Rear Ended,4,0,0,2,2004/06/16 00:00:00+00,6/16/2004 4:52:00 PM,Mid-Block (but intersection related),14,"MOTOR VEHICLE STRUCK MOTOR VEHICLE, REAR END",,0,Clear,Dry,Daylight,,4168020.0,,14,From same direction - both going straight - one stopped - rear-end,0,0,N
6808,1,-122.40031540000001,47.63955639,8413,20702,20702,1779994,Matched,Block,,W MCGRAW ST BETWEEN 33RD AVE W AND 34TH AVE W,,,1,Property Damage Only Collision,Parked Car,2,0,0,2,2004/12/09 00:00:00+00,12/9/2004,Mid-Block (not related to intersection),11,"MOTOR VEHICLE STRUCK MOTOR VEHICLE, FRONT END AT ANGLE",,0,Raining,Wet,Dark - Street Lights Off,,4344035.0,,32,One parked--one moving,0,0,N
6809,1,-122.3102562,47.66306631,8416,21397,21397,1794637,Matched,Block,,NE 47TH ST BETWEEN 16TH AVE NE AND 17TH SB AVE NE,,,1,Property Damage Only Collision,Parked Car,2,0,0,2,2004/10/18 00:00:00+00,10/18/2004 1:49:00 PM,Mid-Block (not related to intersection),16,"MOTOR VEHICLE STRUCK MOTOR VEHICLE, LEFT SIDE SIDESWIPE",,0,Clear,Dry,Daylight,,4292016.0,,32,One parked--one moving,0,0,N
6810,1,-122.3864869,47.69057888,8418,20988,20988,1781044,Matched,Intersection,36976.0,JONES AVE NW AND NW 85TH ST,,,1,Property Damage Only Collision,Right Turn,2,0,0,2,2004/07/01 00:00:00+00,7/1/2004,At Intersection (intersection related),11,"MOTOR VEHICLE STRUCK MOTOR VEHICLE, FRONT END AT ANGLE",,0,Clear,Dry,Daylight,,4183037.0,,16,From same direction - one right turn - one straight,0,0,N
6811,2,-122.3177041,47.70174028,8419,20529,20529,1776530,Matched,Block,,ROOSEVELT WAY NE BETWEEN NE 100TH ST AND NE 102ND ST,,,2,Injury Collision,Rear Ended,3,0,0,3,2004/08/04 00:00:00+00,8/4/2004,Mid-Block (but intersection related),14,"MOTOR VEHICLE STRUCK MOTOR VEHICLE, REAR END",Y,0,Clear,Dry,Daylight,,4217022.0,,14,From same direction - both going straight - one stopped - rear-end,0,0,N
6812,1,-122.3201244,47.66495411,8420,22325,22325,1314248,Matched,Block,,NE 50TH ST BETWEEN 7TH AVE NE AND 8TH AVE NE,,,1,Property Damage Only Collision,Rear Ended,2,0,0,2,2004/06/03 00:00:00+00,6/3/2004,Mid-Block (but intersection related),14,"MOTOR VEHICLE STRUCK MOTOR VEHICLE, REAR END",,0,Clear,Dry,Dark - Street Lights On,,4155003.0,,14,From same direction - both going straight - one stopped - rear-end,0,0,N
6813,2,-122.3281988,47.52648114,8421,21501,21501,1198083,Matched,Intersection,35158.0,5TH AVE S AND S CLOVERDALE ST,,,2,Injury Collision,Pedestrian,2,1,0,1,2004/11/17 00:00:00+00,11/17/2004 3:22:00 PM,At Intersection (intersection related),24,MOTOR VEHCILE STRUCK PEDESTRIAN,,0,Overcast,Dry,Daylight,Y,4322037.0,,0,Vehicle going straight hits pedestrian,0,0,N
6814,2,-122.30735049999998,47.62048728,8422,21343,21343,1789666,Matched,Intersection,29366.0,19TH AVE E AND E THOMAS ST,,,2,Injury Collision,Pedestrian,2,1,0,1,2004/02/02 00:00:00+00,2/2/2004,At Intersection (intersection related),24,MOTOR VEHCILE STRUCK PEDESTRIAN,,0,Raining,Wet,Daylight,Y,4033029.0,,2,Vehicle turning left hits pedestrian,0,0,N
6815,1,-122.3060251,47.57956786,8423,21868,21868,1784387,Matched,Block,,S LANDER ST BETWEEN 20TH AVE S AND 21ST N AVE S,,,1,Property Damage Only Collision,Parked Car,2,0,0,2,2004/12/07 00:00:00+00,12/7/2004,Mid-Block (not related to intersection),15,"MOTOR VEHICLE STRUCK MOTOR VEHICLE, RIGHT SIDE SIDESWIPE",,0,Unknown,Unknown,Unknown,,4342040.0,,32,One parked--one moving,0,0,N
6816,1,-122.37754939999999,47.66867108,8425,20291,20291,1220412,Matched,Block,,NW MARKET ST BETWEEN 15TH AVE NW AND 17TH AVE NW,,,1,Property Damage Only Collision,Sideswipe,4,0,0,2,2004/09/19 00:00:00+00,9/19/2004 4:56:00 PM,Mid-Block (not related to intersection),11,"MOTOR VEHICLE STRUCK MOTOR VEHICLE, FRONT END AT ANGLE",,0,Clear,Dry,Daylight,,4263022.0,,11,From same direction - both going straight - both moving - sideswipe,0,0,N
6817,1,-122.27043300000001,47.53764263,8427,21748,21748,1771531,Matched,Intersection,34469.0,RAINIER AVE S AND S GARDEN ST,,,1,Property Damage Only Collision,Sideswipe,2,0,0,2,2004/05/08 00:00:00+00,5/8/2004,At Intersection (intersection related),16,"MOTOR VEHICLE STRUCK MOTOR VEHICLE, LEFT SIDE SIDESWIPE",,0,Clear,Dry,Daylight,,4129005.0,,11,From same direction - both going straight - both moving - sideswipe,0,0,N
6818,2,-122.33419930000001,47.58293839,8430,20411,20411,1777453,Matched,Block,,1ST AVE S BETWEEN S WALKER ST AND S STACY ST,,,2,Injury Collision,Rear Ended,3,0,0,2,2004/01/09 00:00:00+00,1/9/2004,Mid-Block (not related to intersection),14,"MOTOR VEHICLE STRUCK MOTOR VEHICLE, REAR END",Y,0,Raining,Wet,Daylight,,4009035.0,,14,From same direction - both going straight - one stopped - rear-end,0,0,N
6819,1,-122.36590790000001,47.51827945,8434,21366,21366,1864834,Matched,Block,,26TH AVE SW BETWEEN SW CAMBRIDGE ST AND SW ROXBURY ST,,,1,Property Damage Only Collision,Rear Ended,5,0,0,2,2004/06/06 00:00:00+00,6/6/2004,Mid-Block (but intersection related),14,"MOTOR VEHICLE STRUCK MOTOR VEHICLE, REAR END",,0,Overcast,Dry,Daylight,,4158041.0,Y,14,From same direction - both going straight - one stopped - rear-end,0,0,N
6820,1,-122.3273554,47.60337147,8437,21205,21205,1069683,Matched,Block,,6TH AVE BETWEEN 6TH AV ON RP AND JEFFERSON ST,,,1,Property Damage Only Collision,Sideswipe,2,0,0,2,2004/11/10 00:00:00+00,11/10/2004 4:45:00 PM,Mid-Block (not related to intersection),11,"MOTOR VEHICLE STRUCK MOTOR VEHICLE, FRONT END AT ANGLE",,0,Clear,Dry,Dusk,,4315023.0,,11,From same direction - both going straight - both moving - sideswipe,0,0,N
6821,2,-122.281842,47.66585049,8438,21709,21709,1775910,Matched,Block,,SAND POINT WAY NE BETWEEN NE 50TH ST AND NE 52ND ST,,,2,Injury Collision,Rear Ended,2,0,0,2,2004/01/13 00:00:00+00,1/13/2004 12:48:00 PM,Mid-Block (not related to intersection),14,"MOTOR VEHICLE STRUCK MOTOR VEHICLE, REAR END",,0,Clear,Dry,Daylight,,4013026.0,,13,From same direction - both going straight - both moving - rear-end,0,0,N
6822,1,-122.3434717,47.63473486,8441,22461,22461,1482763,Matched,Block,,AURORA AVE N BETWEEN GARFIELD ST AND HOWE ST,,,1,Property Damage Only Collision,Other,3,0,0,2,2004/07/15 00:00:00+00,7/15/2004 9:27:00 PM,Driveway Junction,14,"MOTOR VEHICLE STRUCK MOTOR VEHICLE, REAR END",Y,0,Clear,Dry,Dark - Street Lights On,,4197011.0,,21,One car entering driveway access,0,0,N
6823,1,-122.3334114,47.62426763,8442,21948,21948,1777134,Matched,Block,,MERCER ST BETWEEN MERCER SR ST AND MINOR AVE N,,,1,Property Damage Only Collision,Parked Car,2,0,0,2,2004/01/28 00:00:00+00,1/28/2004 9:00:00 AM,Mid-Block (but intersection related),16,"MOTOR VEHICLE STRUCK MOTOR VEHICLE, LEFT SIDE SIDESWIPE",Y,0,Clear,Wet,Daylight,,4028042.0,,32,One parked--one moving,0,0,N
6824,1,-122.30249769999999,47.60471504,8444,21581,21581,1799080,Matched,Block,,23RD AVE BETWEEN E ALDER ST AND E TERRACE ST,,,1,Property Damage Only Collision,Rear Ended,3,0,0,2,2004/10/29 00:00:00+00,10/29/2004 4:35:00 PM,Mid-Block (but intersection related),14,"MOTOR VEHICLE STRUCK MOTOR VEHICLE, REAR END",,0,Raining,Wet,Daylight,,4303012.0,,13,From same direction - both going straight - both moving - rear-end,0,0,N
6825,2,-122.3258915,47.63972702,8445,21259,21259,1216852,Matched,Intersection,28310.0,EASTLAKE AVE E AND E LYNN ST,,,2,Injury Collision,Angles,5,0,0,2,2004/07/03 00:00:00+00,7/3/2004,At Intersection (intersection related),11,"MOTOR VEHICLE STRUCK MOTOR VEHICLE, FRONT END AT ANGLE",,0,Clear,Dry,Daylight,,4185018.0,,10,Entering at angle,0,0,N
6826,1,-122.3570567,47.61860823,8447,22078,22078,1470966,Matched,Block,,W DENNY WAY BETWEEN QUEEN ANNE AVE N AND WESTERN AVE W,,,1,Property Damage Only Collision,Sideswipe,2,0,0,2,2004/02/20 00:00:00+00,2/20/2004 7:35:00 PM,Mid-Block (but intersection related),16,"MOTOR VEHICLE STRUCK MOTOR VEHICLE, LEFT SIDE SIDESWIPE",,0,Clear,Dry,Dark - Street Lights On,,4051023.0,,11,From same direction - both going straight - both moving - sideswipe,0,0,N
6827,1,-122.32570990000002,47.59919176,8448,21462,21462,1784626,Matched,Block,,S JACKSON ST BETWEEN 6TH AVE S AND MAYNARD AVE S,,,1,Property Damage Only Collision,Rear Ended,2,0,0,2,2004/08/25 00:00:00+00,8/25/2004 1:16:00 PM,Mid-Block (but intersection related),14,"MOTOR VEHICLE STRUCK MOTOR VEHICLE, REAR END",Y,0,Raining,Wet,Daylight,,4238040.0,,14,From same direction - both going straight - one stopped - rear-end,0,0,N
6828,1,-122.3444858,47.68246097,8449,21322,21322,1220181,Matched,Block,,AURORA AVE N BETWEEN KEEN WAY N AND WINONA AVE N,,,1,Property Damage Only Collision,Other,1,0,0,1,2004/10/06 00:00:00+00,10/6/2004,Mid-Block (not related to intersection),26,MOTOR VEHICLE STRUCK OBJECT IN ROAD,,0,Raining,Wet,Dark - Street Lights On,,4280003.0,Y,50,Fixed object,0,0,N
6829,2,-122.2972209,47.60005362,8451,21010,21010,1788735,Matched,Block,,M L KING JR WAY S BETWEEN S WASHINGTON ST AND S JACKSON ST,,,2,Injury Collision,Rear Ended,2,0,0,2,2004/03/25 00:00:00+00,3/25/2004 4:14:00 PM,Mid-Block (not related to intersection),14,"MOTOR VEHICLE STRUCK MOTOR VEHICLE, REAR END",,0,Raining,Wet,Daylight,,4085039.0,,14,From same direction - both going straight - one stopped - rear-end,0,0,N
6830,2,-122.3804252,47.648461100000006,8453,22346,22346,1213587,Matched,Block,,W DRAVUS ST BETWEEN 17TH AVE W AND 20TH AVE W,,,2,Injury Collision,Rear Ended,3,0,0,2,2004/10/13 00:00:00+00,10/13/2004 4:13:00 PM,Mid-Block (but intersection related),14,"MOTOR VEHICLE STRUCK MOTOR VEHICLE, REAR END",Y,0,Clear,Dry,Daylight,,4287007.0,,14,From same direction - both going straight - one stopped - rear-end,0,0,N