,SEVERITYCODE,X,Y,OBJECTID,INCKEY,COLDETKEY,REPORTNO,STATUS,ADDRTYPE,INTKEY,LOCATION,EXCEPTRSNCODE,EXCEPTRSNDESC,SEVERITYCODE.1,SEVERITYDESC,COLLISIONTYPE,PERSONCOUNT,PEDCOUNT,PEDCYLCOUNT,VEHCOUNT,INCDATE,INCDTTM,JUNCTIONTYPE,SDOT_COLCODE,SDOT_COLDESC,INATTENTIONIND,UNDERINFL,WEATHER,ROADCOND,LIGHTCOND,PEDROWNOTGRNT,SDOTCOLNUM,SPEEDING,ST_COLCODE,ST_COLDESC,SEGLANEKEY,CROSSWALKKEY,HITPARKEDCAR
6831,2,-122.31154120000001,47.60803691,8454,21857,21857,1789753,Matched,Intersection,30180.0,16TH AVE AND E CHERRY ST,,,2,Injury Collision,Left Turn,2,0,0,2,2004/01/14 00:00:00+00,1/14/2004 10:00:00 AM,At Intersection (intersection related),11,"MOTOR VEHICLE STRUCK MOTOR VEHICLE, FRONT END AT ANGLE",,0,Raining,Wet,Daylight,,4014046.0,,28,From opposite direction - one left turn - one straight,0,0,N
6832,1,-122.34500349999999,47.6136555,8456,22168,22168,1482658,Matched,Block,,2ND AVE BETWEEN BLANCHARD ST AND BELL ST,,,1,Property Damage Only Collision,Parked Car,4,0,0,4,2004/05/03 00:00:00+00,5/3/2004,Mid-Block (not related to intersection),14,"MOTOR VEHICLE STRUCK MOTOR VEHICLE, REAR END",,1,Clear,Dry,Dark - Street Lights On,,4124004.0,,32,One parked--one moving,0,0,N
6833,2,-122.27926540000001,47.52611404,8459,22178,22178,1788245,Matched,Intersection,35255.0,M L KING JR WR WAY S AND S CLOVERDALE ST,,,2,Injury Collision,Angles,2,0,0,2,2004/02/02 00:00:00+00,2/2/2004,At Intersection (intersection related),11,"MOTOR VEHICLE STRUCK MOTOR VEHICLE, FRONT END AT ANGLE",,0,Overcast,Dry,Daylight,,4033003.0,,10,Entering at angle,0,0,N
6834,2,-122.2769409,47.52611905,8460,22391,22391,1771959,Matched,Intersection,35253.0,RENTON AVE S AND S CLOVERDALE ST,,,2,Injury Collision,Angles,2,0,0,2,2004/03/17 00:00:00+00,3/17/2004 11:12:00 AM,At Intersection (intersection related),11,"MOTOR VEHICLE STRUCK MOTOR VEHICLE, FRONT END AT ANGLE",,0,Overcast,Wet,Daylight,,4077029.0,,10,Entering at angle,0,0,N
6835,1,-122.3787889,47.56017078,8461,21489,21489,1856644,Matched,Block,,37TH AVE SW BETWEEN SW ALASKA ST AND SW EDMUNDS ST,,,1,Property Damage Only Collision,Parked Car,2,0,0,2,2004/02/19 00:00:00+00,2/19/2004 5:58:00 AM,Mid-Block (not related to intersection),11,"MOTOR VEHICLE STRUCK MOTOR VEHICLE, FRONT END AT ANGLE",,0,Clear,Wet,Dark - Street Lights On,,4050033.0,,32,One parked--one moving,0,0,N
6836,1,-122.3055324,47.63954276,8462,21387,21387,1789766,Matched,Intersection,28431.0,20TH AVE E AND E LYNN ST,,,1,Property Damage Only Collision,Angles,3,0,0,2,2004/09/16 00:00:00+00,9/16/2004 1:05:00 PM,At Intersection (intersection related),11,"MOTOR VEHICLE STRUCK MOTOR VEHICLE, FRONT END AT ANGLE",,0,Clear,Dry,Daylight,,4260046.0,,10,Entering at angle,0,0,N
6837,1,-122.317819,47.656889299999996,8463,21429,21429,1205112,Matched,Intersection,27100.0,ROOSEVELT WAY NE AND NE 41ST ST,,,1,Property Damage Only Collision,Left Turn,3,0,0,2,2004/03/05 00:00:00+00,3/5/2004,At Intersection (intersection related),11,"MOTOR VEHICLE STRUCK MOTOR VEHICLE, FRONT END AT ANGLE",,0,Overcast,Wet,Daylight,,4065029.0,,15,From same direction - one left turn - one straight,0,0,N
6838,2,-122.36094479999998,47.72620926,8464,20954,20954,1794616,Matched,Block,,3RD AVE NW BETWEEN NW 132ND ST AND NW 135TH PL,,,2,Injury Collision,Pedestrian,2,1,0,1,2004/11/23 00:00:00+00,11/23/2004 9:32:00 PM,Mid-Block (not related to intersection),24,MOTOR VEHCILE STRUCK PEDESTRIAN,,1,Raining,Wet,Dark - Street Lights On,,4328012.0,,0,Vehicle going straight hits pedestrian,0,0,N
6839,1,-122.3256433,47.66134675,8465,20417,20417,1774724,Matched,Block,,NE 45TH ST BETWEEN THACKERAY PL NE AND LATONA AVE NE,,,1,Property Damage Only Collision,Other,1,0,0,1,2004/06/24 00:00:00+00,6/24/2004 6:05:00 PM,Mid-Block (but intersection related),28,MOTOR VEHICLE RAN OFF ROAD - HIT FIXED OBJECT,,0,Overcast,Dry,Daylight,,4176010.0,,50,Fixed object,0,0,N
6840,1,-122.35316709999998,47.61730798,8467,21746,21746,1213383,Matched,Block,,1ST AVE BETWEEN BROAD ST AND EAGLE ST,,,1,Property Damage Only Collision,Sideswipe,2,0,0,2,2004/02/19 00:00:00+00,2/19/2004 4:00:00 PM,Mid-Block (not related to intersection),16,"MOTOR VEHICLE STRUCK MOTOR VEHICLE, LEFT SIDE SIDESWIPE",Y,0,Clear,Dry,Daylight,,4050023.0,,12,From same direction - both going straight - one stopped - sideswipe,0,0,N
6841,2,-122.28059640000002,47.52887446,8468,20878,20878,1325960,Matched,Block,,M L KING JR WR WAY S BETWEEN S ELMGROVE ST AND S THISTLE ST,,,2,Injury Collision,Rear Ended,4,0,0,2,2004/04/26 00:00:00+00,4/26/2004 10:04:00 PM,Mid-Block (not related to intersection),14,"MOTOR VEHICLE STRUCK MOTOR VEHICLE, REAR END",,1,Clear,Dry,Dark - Street Lights On,,4117020.0,Y,14,From same direction - both going straight - one stopped - rear-end,0,0,N
6842,1,-122.35933590000002,47.62270037,8469,21943,21943,1783757,Matched,Block,,2ND AVE W BETWEEN W HARRISON ST AND W REPUBLICAN ST,,,1,Property Damage Only Collision,Parked Car,2,0,0,2,2004/08/31 00:00:00+00,8/31/2004 5:45:00 PM,Mid-Block (not related to intersection),14,"MOTOR VEHICLE STRUCK MOTOR VEHICLE, REAR END",,0,Clear,Dry,Daylight,,4244025.0,,32,One parked--one moving,0,0,N
6843,2,-122.2851922,47.54516406,8470,21147,21147,1476850,Matched,Block,,M L KING JR WR WAY S BETWEEN S GRAHAM ST AND S MORGAN ST,,,2,Injury Collision,Other,3,0,0,2,2004/03/03 00:00:00+00,3/3/2004,Driveway Junction,11,"MOTOR VEHICLE STRUCK MOTOR VEHICLE, FRONT END AT ANGLE",,0,Clear,Dry,Daylight,,4063004.0,,22,One car leaving driveway access,0,0,N
6844,2,-122.29892659999999,47.66091063,8471,20396,20396,1794677,Matched,Block,,MONTLAKE BLVD NE BETWEEN NE 45TH ST RP AND NE 45TH ST,,,2,Injury Collision,Rear Ended,4,0,0,2,2004/09/29 00:00:00+00,9/29/2004 2:35:00 PM,Mid-Block (but intersection related),14,"MOTOR VEHICLE STRUCK MOTOR VEHICLE, REAR END",Y,0,Clear,Dry,Daylight,,4273008.0,,14,From same direction - both going straight - one stopped - rear-end,0,0,N
6845,2,-122.3024996,47.6202073,8472,22197,22197,867808,Matched,Intersection,29380.0,23RD AVE E AND E JOHN ST,,,2,Injury Collision,Left Turn,0,0,0,2,2004/07/12 00:00:00+00,7/12/2004 7:27:00 PM,At Intersection (intersection related),11,"MOTOR VEHICLE STRUCK MOTOR VEHICLE, FRONT END AT ANGLE",,0,Clear,Dry,Daylight,,4194010.0,,28,From opposite direction - one left turn - one straight,0,0,N
6846,2,-122.3389037,47.60928514,8475,22304,22304,1777073,Matched,Intersection,29592.0,2ND AVE AND PIKE ST,,,2,Injury Collision,Pedestrian,3,1,0,2,2004/11/24 00:00:00+00,11/24/2004 5:52:00 PM,At Intersection (intersection related),24,MOTOR VEHCILE STRUCK PEDESTRIAN,Y,1,Raining,Wet,Dark - Street Lights On,Y,4329012.0,,0,Vehicle going straight hits pedestrian,0,0,N
6847,2,-122.3599844,47.65062809,8476,21262,21262,1777872,Matched,Block,,W NICKERSON ST BETWEEN W BERTONA ST AND 3RD AVE W,,,2,Injury Collision,Other,1,0,0,1,2004/10/18 00:00:00+00,10/18/2004 9:00:00 PM,Mid-Block (not related to intersection),28,MOTOR VEHICLE RAN OFF ROAD - HIT FIXED OBJECT,,0,Raining,Wet,Dark - Street Lights On,,4292008.0,Y,50,Fixed object,0,0,N
6848,2,-122.26998870000001,47.53034883,8477,20801,20801,1772933,Matched,Intersection,35409.0,RAINIER AVE S AND S ELMGROVE ST,,,2,Injury Collision,Left Turn,2,0,0,2,2004/05/20 00:00:00+00,5/20/2004 2:40:00 PM,At Intersection (intersection related),11,"MOTOR VEHICLE STRUCK MOTOR VEHICLE, FRONT END AT ANGLE",,0,Clear,Dry,Daylight,,4141034.0,,28,From opposite direction - one left turn - one straight,0,0,N
6849,1,-122.24931570000001,47.50002189,8478,22091,22091,1771578,Matched,Block,,S 116TH PL BETWEEN RENTON AVE S AND 69TH PL S,,,1,Property Damage Only Collision,Parked Car,2,0,0,2,2004/04/04 00:00:00+00,4/4/2004,Mid-Block (not related to intersection),14,"MOTOR VEHICLE STRUCK MOTOR VEHICLE, REAR END",,0,Clear,Dry,Dark - Street Lights On,,4095012.0,,32,One parked--one moving,0,0,N
6850,1,-122.28997220000001,47.53770999,8479,21621,21621,1771376,Matched,Block,,33RD AVE S BETWEEN S MYRTLE PL AND S OTHELLO ST,,,1,Property Damage Only Collision,Parked Car,2,0,0,2,2004/01/29 00:00:00+00,1/29/2004 9:30:00 AM,Mid-Block (not related to intersection),11,"MOTOR VEHICLE STRUCK MOTOR VEHICLE, FRONT END AT ANGLE",,0,Raining,Dry,Daylight,,4029002.0,,32,One parked--one moving,0,0,N
6851,1,-122.3828165,47.561058100000004,8480,21056,21056,1790311,Matched,Intersection,31919.0,40TH AVE SW AND SW ALASKA ST,,,1,Property Damage Only Collision,Angles,2,0,0,2,2004/11/19 00:00:00+00,11/19/2004 8:37:00 AM,At Intersection (intersection related),11,"MOTOR VEHICLE STRUCK MOTOR VEHICLE, FRONT END AT ANGLE",,0,Clear,Dry,Daylight,,4324042.0,,10,Entering at angle,0,0,N
6852,1,-122.33843020000002,47.6252618,8481,22479,22479,1777517,Matched,Block,,WESTLAKE AVE N BETWEEN MERCER NR ST AND VALLEY ST,,,1,Property Damage Only Collision,Parked Car,2,0,0,2,2004/06/03 00:00:00+00,6/3/2004,Mid-Block (not related to intersection),28,MOTOR VEHICLE RAN OFF ROAD - HIT FIXED OBJECT,,0,Overcast,Dry,Dark - Street Lights On,,4155023.0,,32,One parked--one moving,0,0,N
6853,1,-122.28481609999999,47.52519416,8482,21587,21587,1784301,Matched,Block,,38TH AVE S BETWEEN S CLOVERDALE ST AND S TRENTON ST,,,1,Property Damage Only Collision,Other,1,0,0,1,2004/10/08 00:00:00+00,10/8/2004,Mid-Block (not related to intersection),48,DRIVERLESS VEHICLE RAN OFF ROAD - HIT FIXED OBJECT,,0,Raining,Wet,Daylight,,4282075.0,,50,Fixed object,0,0,N
6854,2,-122.26414709999999,47.54426392,8483,20724,20724,1788070,Matched,Intersection,34609.0,SEWARD PARK S AVE S AND S MORGAN ST,,,2,Injury Collision,Angles,2,0,0,2,2004/04/01 00:00:00+00,4/1/2004,At Intersection (intersection related),11,"MOTOR VEHICLE STRUCK MOTOR VEHICLE, FRONT END AT ANGLE",,0,Clear,Dry,Daylight,,4092045.0,,10,Entering at angle,0,0,N
6855,1,-122.34874609999999,47.6146958,8484,21529,21529,1783606,Matched,Intersection,29691.0,1ST AVE AND WALL ST,,,1,Property Damage Only Collision,Angles,3,0,0,2,2004/09/01 00:00:00+00,9/1/2004,At Intersection (intersection related),11,"MOTOR VEHICLE STRUCK MOTOR VEHICLE, FRONT END AT ANGLE",,0,Overcast,Unknown,Daylight,,4245021.0,,10,Entering at angle,0,0,N
6856,2,-122.3120037,47.67940813,8485,21143,21143,661943,Matched,Intersection,24469.0,15TH AVE NE AND NE 70TH ST,,,2,Injury Collision,Angles,0,0,0,2,2004/01/15 00:00:00+00,1/15/2004 9:00:00 PM,At Intersection (intersection related),11,"MOTOR VEHICLE STRUCK MOTOR VEHICLE, FRONT END AT ANGLE",,0,Overcast,Wet,Dark - Street Lights On,,4015028.0,,10,Entering at angle,0,0,N
6857,2,-122.31258659999999,47.71669489999999,8486,20389,20389,1778504,Matched,Block,,15TH AVE NE BETWEEN NE 120TH ST AND NE 123RD ST,,,2,Injury Collision,Parked Car,3,0,0,3,2004/04/10 00:00:00+00,4/10/2004 3:07:00 AM,Mid-Block (not related to intersection),14,"MOTOR VEHICLE STRUCK MOTOR VEHICLE, REAR END",Y,0,Clear,Dry,Dark - Street Lights On,,4101021.0,,32,One parked--one moving,0,0,N
6858,1,-122.293751,47.53891249,8487,22193,22193,1772992,Matched,Block,,S MYRTLE ST BETWEEN BEACON ER AVE S AND S MYRTLE PL,,,1,Property Damage Only Collision,Other,1,0,0,1,2004/06/08 00:00:00+00,6/8/2004,Mid-Block (not related to intersection),28,MOTOR VEHICLE RAN OFF ROAD - HIT FIXED OBJECT,Y,0,Raining,Wet,Dark - Street Lights On,,4160031.0,,50,Fixed object,0,0,N
6859,1,-122.32021599999999,47.62774924,8488,21505,21505,1198463,Matched,Block,,10TH AVE E BETWEEN E ALOHA ST AND E PROSPECT ST,,,1,Property Damage Only Collision,Parked Car,2,0,0,2,2004/12/05 00:00:00+00,12/5/2004,Mid-Block (not related to intersection),16,"MOTOR VEHICLE STRUCK MOTOR VEHICLE, LEFT SIDE SIDESWIPE",,0,Other,Unknown,Dark - Street Lights On,,4340027.0,,32,One parked--one moving,0,0,N
6860,1,-122.3165709,47.60001112,8489,21867,21867,1795840,Matched,Block,,S MAIN ST BETWEEN 12TH AVE S AND BOREN AVE S,,,1,Property Damage Only Collision,Sideswipe,2,0,0,2,2004/10/04 00:00:00+00,10/4/2004,Mid-Block (not related to intersection),16,"MOTOR VEHICLE STRUCK MOTOR VEHICLE, LEFT SIDE SIDESWIPE",,0,Clear,Dry,Daylight,,4278027.0,,11,From same direction - both going straight - both moving - sideswipe,0,0,N
6861,1,-122.34560649999999,47.62541564,8490,20957,20957,1205319,Matched,Block,,ROY ST BETWEEN TAYLOR AVE N AND 6TH AVE N,,,1,Property Damage Only Collision,Parked Car,2,0,0,2,2004/05/07 00:00:00+00,5/7/2004,Mid-Block (not related to intersection),16,"MOTOR VEHICLE STRUCK MOTOR VEHICLE, LEFT SIDE SIDESWIPE",,0,Overcast,Dry,Daylight,,4128013.0,,32,One parked--one moving,0,0,N
6862,1,-122.34625919999999,47.625418100000005,8492,22371,22371,C649402,Matched,Intersection,28889.0,ROY ST AND TAYLOR AVE N,,,1,Property Damage Only Collision,Angles,2,0,0,2,2004/11/17 00:00:00+00,11/17/2004 5:55:00 PM,At Intersection (intersection related),11,"MOTOR VEHICLE STRUCK MOTOR VEHICLE, FRONT END AT ANGLE",,0,Clear,Dry,Dark - Street Lights On,,4322048.0,,10,Entering at angle,0,0,N
6863,2,-122.375293,47.52465573,8493,21760,21760,1790212,Matched,Intersection,34939.0,34TH AVE SW AND SW TRENTON ST,,,2,Injury Collision,Angles,2,0,0,2,2004/10/07 00:00:00+00,10/7/2004,At Intersection (intersection related),11,"MOTOR VEHICLE STRUCK MOTOR VEHICLE, FRONT END AT ANGLE",,0,Clear,Dry,Daylight,,4281025.0,,10,Entering at angle,0,0,N
6864,1,-122.2856856,47.55906498,8494,21050,21050,1787649,Matched,Block,,RAINIER AVE S BETWEEN S ANGELINE ST AND S EDMUNDS ST,,,1,Property Damage Only Collision,Rear Ended,2,0,0,2,2004/07/11 00:00:00+00,7/11/2004 3:50:00 PM,Mid-Block (but intersection related),14,"MOTOR VEHICLE STRUCK MOTOR VEHICLE, REAR END",,0,Clear,Dry,Daylight,,4193017.0,,14,From same direction - both going straight - one stopped - rear-end,0,0,N
6865,2,,,8495,21834,21834,1777436,Matched,Block,,ALASKAN WY VI NB BETWEEN S ROYAL BROUGHAM WAY ON RP AND SENECA ST OFF RP,,,2,Injury Collision,Other,1,0,0,1,2004/07/26 00:00:00+00,7/26/2004 4:45:00 AM,Mid-Block (not related to intersection),26,MOTOR VEHICLE STRUCK OBJECT IN ROAD,,1,Clear,Dry,Dark - No Street Lights,,4208002.0,,50,Fixed object,0,0,N
6866,1,-122.31690060000001,47.61818316,8496,20697,20697,1799055,Matched,Block,,12TH AVE BETWEEN E HOWELL ST AND E DENNY WAY,,,1,Property Damage Only Collision,Other,2,0,0,2,2004/09/16 00:00:00+00,9/16/2004 3:10:00 PM,Mid-Block (not related to intersection),11,"MOTOR VEHICLE STRUCK MOTOR VEHICLE, FRONT END AT ANGLE",Y,0,Raining,Wet,Daylight,,4260041.0,,21,One car entering driveway access,0,0,N
6867,2,-122.370626,47.5713678,8497,21801,21801,1781653,Matched,Intersection,32115.0,SW AVALON WAY AND SW SPOKANE SR ST,,,2,Injury Collision,Left Turn,2,0,0,2,2004/03/08 00:00:00+00,3/8/2004,At Intersection (intersection related),11,"MOTOR VEHICLE STRUCK MOTOR VEHICLE, FRONT END AT ANGLE",,0,Clear,Dry,Dark - Street Lights On,,4068030.0,,28,From opposite direction - one left turn - one straight,0,0,N
6868,1,-122.32681240000001,47.61465177,8498,21568,21568,1771977,Matched,Block,,BELLEVUE AVE BETWEEN E PIKE ST AND E PINE ST,,,1,Property Damage Only Collision,Sideswipe,3,0,0,2,2004/03/12 00:00:00+00,3/12/2004 11:50:00 PM,Mid-Block (not related to intersection),11,"MOTOR VEHICLE STRUCK MOTOR VEHICLE, FRONT END AT ANGLE",,0,Clear,Dry,Dark - Street Lights On,,4072006.0,,26,From opposite direction - both going straight - sideswipe,0,0,N
6869,1,-122.28702679999999,47.56074768,8499,21097,21097,1771887,Matched,Intersection,32737.0,RAINIER AVE S AND S ALASKA ST,,,1,Property Damage Only Collision,Sideswipe,2,0,0,2,2004/07/28 00:00:00+00,7/28/2004 1:00:00 PM,At Intersection (but not related to intersection),16,"MOTOR VEHICLE STRUCK MOTOR VEHICLE, LEFT SIDE SIDESWIPE",,0,Clear,Dry,Daylight,,4210031.0,,26,From opposite direction - both going straight - sideswipe,0,0,N
6870,1,-122.3274729,47.73408398,8500,22451,22451,1975759,Matched,Block,,NE 145TH ST BETWEEN 1ST AVE NE AND 4TH AVE NE,,,1,Property Damage Only Collision,Rear Ended,3,0,0,3,2004/11/06 00:00:00+00,11/6/2004,Mid-Block (not related to intersection),14,"MOTOR VEHICLE STRUCK MOTOR VEHICLE, REAR END",,0,Raining,Wet,Daylight,,4311002.0,Y,13,From same direction - both going straight - both moving - rear-end,0,0,N
6871,2,-122.31302859999998,47.67021294,8504,21385,21385,1774521,Matched,Block,,UNIVERSITY WAY NE BETWEEN NE 56TH ST AND NE RAVENNA EB BV,,,2,Injury Collision,Parked Car,3,0,0,2,2004/03/11 00:00:00+00,3/11/2004 4:41:00 PM,Mid-Block (not related to intersection),11,"MOTOR VEHICLE STRUCK MOTOR VEHICLE, FRONT END AT ANGLE",,0,Clear,Dry,Daylight,,4071033.0,,20,One car leaving parked position,0,0,N
6872,2,-122.34257530000001,47.65270652,8505,21249,21249,1773931,Matched,Intersection,26870.0,STONE WAY N AND N 38TH ST,,,2,Injury Collision,Pedestrian,2,1,0,1,2004/01/14 00:00:00+00,1/14/2004 5:30:00 PM,At Intersection (intersection related),24,MOTOR VEHCILE STRUCK PEDESTRIAN,,0,Raining,Wet,Dark - Street Lights On,Y,4014007.0,,2,Vehicle turning left hits pedestrian,0,0,N
6873,2,-122.2680321,47.51985179,8506,20285,20285,1783978,Matched,Block,,RAINIER AVE S BETWEEN STURTEVANT AVE S AND 52ND AVE S,,,2,Injury Collision,Other,2,0,0,1,2004/11/13 00:00:00+00,11/13/2004 3:50:00 PM,Mid-Block (but intersection related),28,MOTOR VEHICLE RAN OFF ROAD - HIT FIXED OBJECT,,0,Clear,Dry,Daylight,,4318006.0,,50,Fixed object,0,0,N
6874,1,-122.33020359999999,47.60919322,8507,22072,22072,1772008,Matched,Block,,SENECA ST BETWEEN HUBBELL PL AND 8TH AVE,,,1,Property Damage Only Collision,Other,1,0,0,1,2004/06/11 00:00:00+00,6/11/2004 9:00:00 AM,Mid-Block (but intersection related),28,MOTOR VEHICLE RAN OFF ROAD - HIT FIXED OBJECT,,0,Unknown,Unknown,Daylight,,4163006.0,,50,Fixed object,0,0,N
6875,1,-122.3285701,47.60888952,8509,21318,21318,1798885,Matched,Block,,SPRING ST BETWEEN 8TH AVE AND 9TH AVE,,,1,Property Damage Only Collision,Parked Car,5,0,0,5,2004/09/02 00:00:00+00,9/2/2004,Mid-Block (not related to intersection),14,"MOTOR VEHICLE STRUCK MOTOR VEHICLE, REAR END",Y,0,Overcast,Dry,Daylight,,4246015.0,,32,One parked--one moving,0,0,N
6876,1,-122.3500102,47.65865585,8510,21913,21913,1080258,Matched,Intersection,26956.0,FREMONT AVE N AND N MOTOR PL,,,1,Property Damage Only Collision,Rear Ended,2,0,0,2,2004/07/20 00:00:00+00,7/20/2004 12:53:00 PM,At Intersection (intersection related),14,"MOTOR VEHICLE STRUCK MOTOR VEHICLE, REAR END",Y,0,Clear,Dry,Daylight,,4202013.0,,14,From same direction - both going straight - one stopped - rear-end,0,0,N
6877,2,-122.3241865,47.5620098,8511,21159,21159,1789211,Matched,Intersection,32384.0,7TH AVE S AND S SNOQUALMIE ST,,,2,Injury Collision,Angles,3,0,0,3,2004/06/14 00:00:00+00,6/14/2004 6:00:00 PM,At Intersection (intersection related),11,"MOTOR VEHICLE STRUCK MOTOR VEHICLE, FRONT END AT ANGLE",,0,Clear,Dry,Daylight,,4166003.0,,10,Entering at angle,0,0,N
6878,1,-122.3534004,47.65414889,8514,21087,21087,1775749,Matched,Intersection,27012.0,FRANCIS AVE N AND N 39TH ST,,,1,Property Damage Only Collision,Angles,3,0,0,2,2004/02/14 00:00:00+00,2/14/2004 10:38:00 AM,At Intersection (intersection related),11,"MOTOR VEHICLE STRUCK MOTOR VEHICLE, FRONT END AT ANGLE",,0,Overcast,Dry,Daylight,,4045031.0,,10,Entering at angle,0,0,N
6879,1,-122.3248291,47.61927446,8515,22442,22442,1788500,Matched,Block,,E OLIVE WAY BETWEEN SUMMIT AVE E AND E JOHN ST,,,1,Property Damage Only Collision,Cycles,2,0,1,1,2004/05/19 00:00:00+00,5/19/2004 11:28:00 PM,Driveway Junction,51,PEDALCYCLIST STRUCK MOTOR VEHICLE FRONT END AT ANGLE,,1,Overcast,Dry,Dark - Street Lights On,,4140003.0,,45,Vehicle - Pedalcyclist,0,0,N
6880,1,-122.3106503,47.62525071,8516,20979,20979,1789783,Matched,Block,,E ROY ST BETWEEN 16TH AVE E AND 17TH AVE E,,,1,Property Damage Only Collision,Parked Car,2,0,0,2,2004/04/16 00:00:00+00,4/16/2004 8:30:00 AM,Mid-Block (not related to intersection),16,"MOTOR VEHICLE STRUCK MOTOR VEHICLE, LEFT SIDE SIDESWIPE",,0,Unknown,Unknown,Dark - No Street Lights,,4107031.0,,32,One parked--one moving,0,0,N
6881,2,-122.37621090000002,47.67418145,8517,20374,20374,1779918,Matched,Block,,15TH AVE NW BETWEEN NW 62ND ST AND NW 63RD ST,,,2,Injury Collision,Rear Ended,4,0,0,3,2004/04/23 00:00:00+00,4/23/2004 2:48:00 PM,Mid-Block (not related to intersection),14,"MOTOR VEHICLE STRUCK MOTOR VEHICLE, REAR END",Y,0,Clear,Dry,Daylight,,4114023.0,,14,From same direction - both going straight - one stopped - rear-end,0,0,N
6882,2,-122.38453059999999,47.58118097,8519,21966,21966,1798405,Matched,Block,,SW ADMIRAL WAY BETWEEN 41ST AVE SW AND 42ND AVE SW,,,2,Injury Collision,Other,2,0,0,2,2004/06/17 00:00:00+00,6/17/2004 6:34:00 AM,Driveway Junction,11,"MOTOR VEHICLE STRUCK MOTOR VEHICLE, FRONT END AT ANGLE",,0,Clear,Dry,Daylight,,4169023.0,,22,One car leaving driveway access,0,0,N
6883,1,-122.32210729999998,47.64505345,8520,21055,21055,1790150,Matched,Block,,HARVARD AVE E BETWEEN E EDGAR ST AND HAMLIN ST ON RP,,,1,Property Damage Only Collision,Sideswipe,3,0,0,2,2004/08/23 00:00:00+00,8/23/2004 5:41:00 PM,Mid-Block (not related to intersection),11,"MOTOR VEHICLE STRUCK MOTOR VEHICLE, FRONT END AT ANGLE",,0,Clear,Dry,Daylight,,4236027.0,,11,From same direction - both going straight - both moving - sideswipe,0,0,N
6884,2,-122.3445908,47.6963601,8521,21853,21853,1776684,Matched,Intersection,37328.0,AURORA AVE N AND N 93RD ST,,,2,Injury Collision,Angles,3,0,0,2,2004/11/02 00:00:00+00,11/2/2004,At Intersection (intersection related),11,"MOTOR VEHICLE STRUCK MOTOR VEHICLE, FRONT END AT ANGLE",,0,Raining,Wet,Daylight,,4307009.0,,10,Entering at angle,0,0,N
6885,2,-122.34449199999999,47.6847677,8522,20278,20278,1793685,Matched,Intersection,24297.0,AURORA AVE N AND N 77TH ST,,,2,Injury Collision,Left Turn,3,0,0,2,2004/05/26 00:00:00+00,5/26/2004 5:57:00 AM,At Intersection (intersection related),11,"MOTOR VEHICLE STRUCK MOTOR VEHICLE, FRONT END AT ANGLE",,0,Raining,Wet,Daylight,,4147035.0,,28,From opposite direction - one left turn - one straight,0,0,N
6886,2,-122.30325719999999,47.58501971,8523,22069,22069,1771739,Matched,Block,,RAINIER AVE S BETWEEN S PLUM ST AND 23RD AVE S,,,2,Injury Collision,Rear Ended,2,0,0,2,2004/11/29 00:00:00+00,11/29/2004 10:25:00 PM,Driveway Junction,14,"MOTOR VEHICLE STRUCK MOTOR VEHICLE, REAR END",,0,Raining,Wet,Dark - Street Lights On,,4334023.0,Y,13,From same direction - both going straight - both moving - rear-end,0,0,N
6887,2,-122.313751,47.58923404,8525,21035,21035,1771860,Matched,Block,,15TH AVE S BETWEEN S ATLANTIC ST AND S MASSACHUSETTS ST,,,2,Injury Collision,Other,3,0,0,1,2004/05/22 00:00:00+00,5/22/2004 1:49:00 PM,Mid-Block (not related to intersection),28,MOTOR VEHICLE RAN OFF ROAD - HIT FIXED OBJECT,,0,Raining,Wet,Daylight,,4143007.0,Y,50,Fixed object,0,0,N
6888,1,-122.3550324,47.53368043,8526,21531,21531,1781272,Matched,Intersection,34147.0,16TH AVE SW AND SW HOLDEN ST,,,1,Property Damage Only Collision,Left Turn,2,0,0,2,2004/07/09 00:00:00+00,7/9/2004,At Intersection (intersection related),11,"MOTOR VEHICLE STRUCK MOTOR VEHICLE, FRONT END AT ANGLE",,0,Clear,Dry,Daylight,,4191018.0,,28,From opposite direction - one left turn - one straight,0,0,N
6889,1,-122.3631232,47.56199176,8528,20543,20543,528272,Matched,Block,,DELRIDGE WAY SW BETWEEN SW OREGON ST AND SW ALASKA ST,,,1,Property Damage Only Collision,Sideswipe,3,0,0,2,2004/12/14 00:00:00+00,12/14/2004 8:43:00 PM,Mid-Block (not related to intersection),16,"MOTOR VEHICLE STRUCK MOTOR VEHICLE, LEFT SIDE SIDESWIPE",,0,Overcast,Dry,Dark - Street Lights On,,4349018.0,,11,From same direction - both going straight - both moving - sideswipe,0,0,N
6890,1,-122.3453665,47.70505326,8530,21787,21787,C649345,Matched,Block,,N 105TH ST BETWEEN WHITMAN AVE N AND AURORA AVE N,,,1,Property Damage Only Collision,Rear Ended,2,0,0,2,2004/11/14 00:00:00+00,11/14/2004 1:15:00 PM,Mid-Block (not related to intersection),14,"MOTOR VEHICLE STRUCK MOTOR VEHICLE, REAR END",,0,Clear,Wet,Daylight,,4319040.0,,14,From same direction - both going straight - one stopped - rear-end,0,0,N
6891,1,,,8531,21219,21219,1558133,Matched,Block,,SR509 NB BETWEEN HOLDEN ST ON RP AND 1ST AV S BR NB,,,1,Property Damage Only Collision,Rear Ended,4,0,0,3,2004/02/18 00:00:00+00,2/18/2004 2:55:00 PM,Mid-Block (not related to intersection),14,"MOTOR VEHICLE STRUCK MOTOR VEHICLE, REAR END",,0,Clear,Dry,Daylight,,4049001.0,Y,14,From same direction - both going straight - one stopped - rear-end,0,0,N