,SEVERITYCODE,X,Y,OBJECTID,INCKEY,COLDETKEY,REPORTNO,STATUS,ADDRTYPE,INTKEY,LOCATION,EXCEPTRSNCODE,EXCEPTRSNDESC,SEVERITYCODE.1,SEVERITYDESC,COLLISIONTYPE,PERSONCOUNT,PEDCOUNT,PEDCYLCOUNT,VEHCOUNT,INCDATE,INCDTTM,JUNCTIONTYPE,SDOT_COLCODE,SDOT_COLDESC,INATTENTIONIND,UNDERINFL,WEATHER,ROADCOND,LIGHTCOND,PEDROWNOTGRNT,SDOTCOLNUM,SPEEDING,ST_COLCODE,ST_COLDESC,SEGLANEKEY,CROSSWALKKEY,HITPARKEDCAR
6892,1,-122.38676650000001,47.57072552,8533,20796,20796,1789352,Matched,Block,,CALIFORNIA AVE SW BETWEEN SW MANNING ST AND SW CHARLESTOWN ST,,,1,Property Damage Only Collision,Parked Car,2,0,0,2,2004/05/03 00:00:00+00,5/3/2004,Mid-Block (not related to intersection),13,"MOTOR VEHICLE STRUCK MOTOR VEHICLE, LEFT SIDE AT ANGLE",Y,0,Clear,Dry,Dark - Street Lights On,,4124001.0,,32,One parked--one moving,0,0,N
6893,1,-122.30017609999999,47.59207865,8534,22484,22484,1789927,Matched,Block,,S JUDKINS ST BETWEEN 24TH N AVE S AND 26TH W AVE S,,,1,Property Damage Only Collision,Head On,2,0,0,2,2004/02/07 00:00:00+00,2/7/2004,Mid-Block (but intersection related),16,"MOTOR VEHICLE STRUCK MOTOR VEHICLE, LEFT SIDE SIDESWIPE",,0,Raining,Wet,Dark - Street Lights On,,4038024.0,,30,From opposite direction - all others,0,0,N
6894,1,-122.29364270000002,47.72198541,8535,21472,21472,1782234,Matched,Block,,LAKE CITY WAY NE BETWEEN NE 127TH ST AND NE 130TH ST,,,1,Property Damage Only Collision,Other,2,0,0,2,2004/04/10 00:00:00+00,4/10/2004 2:37:00 PM,Driveway Junction,11,"MOTOR VEHICLE STRUCK MOTOR VEHICLE, FRONT END AT ANGLE",,0,Clear,Dry,Daylight,,4101029.0,,21,One car entering driveway access,0,0,N
6895,1,-122.4011139,47.67086103,8536,20902,20902,1779707,Matched,Block,,34TH AVE NW BETWEEN NW 57TH ST AND NW 59TH ST,,,1,Property Damage Only Collision,Parked Car,2,0,0,2,2004/01/13 00:00:00+00,1/13/2004 1:51:00 AM,Mid-Block (not related to intersection),13,"MOTOR VEHICLE STRUCK MOTOR VEHICLE, LEFT SIDE AT ANGLE",,0,Clear,Dry,Dark - Street Lights On,,4013003.0,,32,One parked--one moving,0,0,N
6896,2,-122.3298416,47.60441291,8538,22480,22480,1789712,Matched,Intersection,29964.0,5TH AVE AND CHERRY ST,,,2,Injury Collision,Angles,2,0,0,2,2004/04/23 00:00:00+00,4/23/2004 11:23:00 PM,At Intersection (intersection related),11,"MOTOR VEHICLE STRUCK MOTOR VEHICLE, FRONT END AT ANGLE",,0,Clear,Dry,Dark - Street Lights On,,4114010.0,,10,Entering at angle,0,0,N
6897,2,-122.28862720000001,47.55224617,8539,21589,21589,1784435,Matched,Block,,M L KING JR WR WAY S BETWEEN S LUCILE ST AND S FINDLAY ST,,,2,Injury Collision,Rear Ended,8,0,0,3,2004/12/04 00:00:00+00,12/4/2004,Mid-Block (but intersection related),14,"MOTOR VEHICLE STRUCK MOTOR VEHICLE, REAR END",,0,Raining,Wet,Dark - Street Lights On,,4339055.0,,14,From same direction - both going straight - one stopped - rear-end,0,0,N
6898,2,-122.34506,47.73076391,8540,21309,21309,1931306,Matched,Block,,AURORA AVE N BETWEEN N 140TH ST AND N 141ST ST,,,2,Injury Collision,Other,3,0,0,2,2004/12/06 00:00:00+00,12/6/2004,Driveway Junction,11,"MOTOR VEHICLE STRUCK MOTOR VEHICLE, FRONT END AT ANGLE",,0,Raining,Wet,Daylight,,4341006.0,,21,One car entering driveway access,0,0,N
6899,1,-122.3947125,47.57519221,8542,20851,20851,1210661,Matched,Block,,49TH AVE SW BETWEEN SW HANFORD ST AND SW FORNEY ST,,,1,Property Damage Only Collision,Parked Car,2,0,0,2,2004/01/31 00:00:00+00,1/31/2004 1:30:00 PM,Mid-Block (not related to intersection),13,"MOTOR VEHICLE STRUCK MOTOR VEHICLE, LEFT SIDE AT ANGLE",,0,Overcast,Wet,Daylight,,4031015.0,,32,One parked--one moving,0,0,N
6900,2,-122.3608064,47.66869338,8543,20394,20394,1794582,Matched,Intersection,25308.0,3RD AVE NW AND NW 55TH ST,,,2,Injury Collision,Angles,3,0,0,2,2004/09/30 00:00:00+00,9/30/2004 2:36:00 PM,At Intersection (intersection related),11,"MOTOR VEHICLE STRUCK MOTOR VEHICLE, FRONT END AT ANGLE",,0,Clear,Dry,Daylight,,4274017.0,Y,10,Entering at angle,0,0,N
6901,2,-122.37568909999999,47.69448839,8544,22032,22032,1780854,Matched,Block,,HOLMAN RD NW BETWEEN NW 90TH ST AND MARY AVE NW,,,2,Injury Collision,Other,1,0,0,1,2004/12/10 00:00:00+00,12/10/2004 9:29:00 PM,Mid-Block (not related to intersection),28,MOTOR VEHICLE RAN OFF ROAD - HIT FIXED OBJECT,,1,Raining,Wet,Dark - Street Lights On,,4345014.0,Y,50,Fixed object,0,0,N
6902,1,-122.3553393,47.61741741,8547,22217,22217,1776992,Matched,Block,,WESTERN AVE BETWEEN EAGLE ST AND BAY ST,,,1,Property Damage Only Collision,Parked Car,2,0,0,2,2004/02/20 00:00:00+00,2/20/2004 2:05:00 PM,Mid-Block (not related to intersection),13,"MOTOR VEHICLE STRUCK MOTOR VEHICLE, LEFT SIDE AT ANGLE",,0,Clear,Dry,Daylight,,4051007.0,,32,One parked--one moving,0,0,N
6903,1,-122.33127820000001,47.604305,8549,21314,21314,1060176,Matched,Block,,4TH AVE BETWEEN CHERRY ST AND COLUMBIA ST,,,1,Property Damage Only Collision,Parked Car,2,0,0,2,2004/12/17 00:00:00+00,12/17/2004 10:30:00 AM,Driveway Junction,11,"MOTOR VEHICLE STRUCK MOTOR VEHICLE, FRONT END AT ANGLE",Y,0,Clear,Dry,Daylight,,4352052.0,,32,One parked--one moving,0,0,N
6904,1,-122.3762239,47.56017275,8550,21941,21941,1781453,Matched,Block,,35TH AVE SW BETWEEN SW ALASKA ST AND SW EDMUNDS ST,,,1,Property Damage Only Collision,Parked Car,2,0,0,2,2004/01/31 00:00:00+00,1/31/2004 9:00:00 PM,Mid-Block (not related to intersection),14,"MOTOR VEHICLE STRUCK MOTOR VEHICLE, REAR END",,0,Unknown,Unknown,Unknown,,4031005.0,,32,One parked--one moving,0,0,N
6905,1,-122.34240259999999,47.6121175,8551,20860,20860,1777188,Matched,Block,,2ND AVE BETWEEN VIRGINIA ST AND LENORA ST,,,1,Property Damage Only Collision,Sideswipe,2,0,0,2,2004/10/31 00:00:00+00,10/31/2004 12:46:00 PM,Mid-Block (not related to intersection),16,"MOTOR VEHICLE STRUCK MOTOR VEHICLE, LEFT SIDE SIDESWIPE",Y,0,Clear,Dry,Daylight,,4305008.0,,11,From same direction - both going straight - both moving - sideswipe,0,0,N
6906,1,-122.3317354,47.60312653,8552,20544,20544,531036,Matched,Block,,3RD AVE BETWEEN JAMES ST AND CHERRY ST,,,1,Property Damage Only Collision,Rear Ended,0,0,0,2,2004/09/14 00:00:00+00,9/14/2004 6:01:00 PM,Mid-Block (but intersection related),14,"MOTOR VEHICLE STRUCK MOTOR VEHICLE, REAR END",,0,Raining,Wet,Daylight,,4258015.0,Y,14,From same direction - both going straight - one stopped - rear-end,0,0,N
6907,1,-122.3024125,47.62557125,8553,22471,22471,1376632,Matched,Block,,23RD AVE E BETWEEN E ROY ST AND E VALLEY ST,,,1,Property Damage Only Collision,Sideswipe,2,0,0,2,2004/04/01 00:00:00+00,4/1/2004,Mid-Block (but intersection related),16,"MOTOR VEHICLE STRUCK MOTOR VEHICLE, LEFT SIDE SIDESWIPE",,0,Clear,Dry,Daylight,,4092022.0,,11,From same direction - both going straight - both moving - sideswipe,0,0,N
6908,2,-122.2765855,47.69602664,8554,21642,21642,1773967,Matched,Block,,SAND POINT WAY NE BETWEEN NE 93RD ST AND MATTHEWS N AVE NE,,,2,Injury Collision,Rear Ended,3,0,0,2,2004/06/27 00:00:00+00,6/27/2004 12:58:00 PM,Mid-Block (but intersection related),14,"MOTOR VEHICLE STRUCK MOTOR VEHICLE, REAR END",Y,0,Clear,Dry,Daylight,,4179018.0,,14,From same direction - both going straight - one stopped - rear-end,0,0,N
6909,2,-122.31545759999999,47.60805331,8555,20925,20925,1789906,Matched,Intersection,29794.0,13TH AVE AND E CHERRY ST,,,2,Injury Collision,Angles,4,0,0,2,2004/02/09 00:00:00+00,2/9/2004,At Intersection (intersection related),11,"MOTOR VEHICLE STRUCK MOTOR VEHICLE, FRONT END AT ANGLE",,0,Clear,Dry,Dark - Street Lights On,,4040013.0,,10,Entering at angle,0,0,N
6910,1,-122.2748942,47.53155847,8558,22384,22384,1784429,Matched,Block,,S KENYON ST BETWEEN 46TH W AVE S AND 46TH E AVE S,,,1,Property Damage Only Collision,Parked Car,2,0,0,2,2004/12/12 00:00:00+00,12/12/2004 3:22:00 PM,Mid-Block (but intersection related),13,"MOTOR VEHICLE STRUCK MOTOR VEHICLE, LEFT SIDE AT ANGLE",,0,Unknown,Unknown,Daylight,,4347024.0,,32,One parked--one moving,0,0,N
6911,1,-122.2909906,47.56213626,8559,21624,21624,1779309,Matched,Block,,33RD AVE S BETWEEN S OREGON E ST AND RENTON AVE S,,,1,Property Damage Only Collision,Parked Car,2,0,0,2,2004/03/05 00:00:00+00,3/5/2004,Mid-Block (not related to intersection),11,"MOTOR VEHICLE STRUCK MOTOR VEHICLE, FRONT END AT ANGLE",Y,0,Raining,Wet,Daylight,,4065033.0,,32,One parked--one moving,0,0,N
6912,1,-122.38145619999999,47.56110747,8560,21340,21340,1482125,Matched,Intersection,31920.0,FAUNTLEROY WAY SW AND SW ALASKA ST,,,1,Property Damage Only Collision,Left Turn,3,0,0,2,2004/10/25 00:00:00+00,10/25/2004 8:30:00 PM,At Intersection (intersection related),11,"MOTOR VEHICLE STRUCK MOTOR VEHICLE, FRONT END AT ANGLE",,1,Overcast,Dry,Dark - Street Lights On,,4299019.0,,28,From opposite direction - one left turn - one straight,0,0,N
6913,1,-122.34298999999999,47.65437515,8561,21554,21554,1199191,Matched,Block,,BRIDGE WAY N BETWEEN N 39TH E ST AND STONE WAY N,,,1,Property Damage Only Collision,Parked Car,2,0,0,2,2004/03/01 00:00:00+00,3/1/2004,Driveway Junction,14,"MOTOR VEHICLE STRUCK MOTOR VEHICLE, REAR END",,0,Clear,Dry,Daylight,,4061016.0,,32,One parked--one moving,0,0,N
6914,1,,,8562,22351,22351,1778025,Matched,Alley,,,,,1,Property Damage Only Collision,Parked Car,2,0,0,2,2004/05/25 00:00:00+00,5/25/2004 7:25:00 PM,Mid-Block (not related to intersection),0,NOT ENOUGH INFORMATION / NOT APPLICABLE,,0,Other,Unknown,Daylight,,4146049.0,,32,One parked--one moving,0,0,N
6915,2,-122.3394392,47.56449979999999,8563,21591,21591,1781268,Matched,Intersection,32189.0,EAST MARGINAL WAY S AND S IDAHO ST,,,2,Injury Collision,Left Turn,2,0,0,2,2004/06/29 00:00:00+00,6/29/2004 10:47:00 AM,At Intersection (intersection related),11,"MOTOR VEHICLE STRUCK MOTOR VEHICLE, FRONT END AT ANGLE",,0,Clear,Dry,Daylight,,4181022.0,,28,From opposite direction - one left turn - one straight,0,0,N
6916,1,-122.3275249,47.70862158,8564,21305,21305,1218586,Matched,Block,,NE NORTHGATE WAY BETWEEN 1ST AVE NE AND NE NORTHGATE DR,,,1,Property Damage Only Collision,Rear Ended,3,0,0,2,2004/04/06 00:00:00+00,4/6/2004,Mid-Block (but intersection related),14,"MOTOR VEHICLE STRUCK MOTOR VEHICLE, REAR END",Y,0,Clear,Dry,Daylight,,4097022.0,,14,From same direction - both going straight - one stopped - rear-end,0,0,N
6917,1,-122.2856856,47.55906498,8565,21524,21524,1773108,Matched,Block,,RAINIER AVE S BETWEEN S ANGELINE ST AND S EDMUNDS ST,,,1,Property Damage Only Collision,Rear Ended,3,0,0,2,2004/08/02 00:00:00+00,8/2/2004,Mid-Block (not related to intersection),14,"MOTOR VEHICLE STRUCK MOTOR VEHICLE, REAR END",Y,0,Clear,Dry,Daylight,,4215020.0,,13,From same direction - both going straight - both moving - rear-end,0,0,N
6918,1,-122.3077591,47.66486382,8566,21279,21279,1782768,Matched,Block,,NE 50TH ST BETWEEN 18TH AVE NE AND 19TH AVE NE,,,1,Property Damage Only Collision,Parked Car,2,0,0,2,2004/07/09 00:00:00+00,7/9/2004,Mid-Block (not related to intersection),11,"MOTOR VEHICLE STRUCK MOTOR VEHICLE, FRONT END AT ANGLE",,0,Unknown,Unknown,Unknown,,4191019.0,,32,One parked--one moving,0,0,N
6919,2,-122.3527922,47.62457274,8567,20677,20677,1482618,Matched,Intersection,28917.0,2ND AVE N AND MERCER ST,,,2,Injury Collision,Left Turn,6,0,0,2,2004/05/28 00:00:00+00,5/28/2004 7:48:00 PM,At Intersection (intersection related),11,"MOTOR VEHICLE STRUCK MOTOR VEHICLE, FRONT END AT ANGLE",,0,Overcast,Dry,Dusk,,4149031.0,,15,From same direction - one left turn - one straight,0,0,N
6920,1,-122.35529890000001,47.68291987,8568,22463,22463,1218062,Matched,Block,,GREENWOOD AVE N BETWEEN N 74TH ST AND N 75TH ST,,,1,Property Damage Only Collision,Parked Car,2,0,0,2,2004/05/01 00:00:00+00,5/1/2004,Mid-Block (not related to intersection),16,"MOTOR VEHICLE STRUCK MOTOR VEHICLE, LEFT SIDE SIDESWIPE",,0,Clear,Dry,Dark - Street Lights On,,4122013.0,,32,One parked--one moving,0,0,N
6921,2,-122.32570990000002,47.59919176,8570,21865,21865,1079936,Matched,Block,,S JACKSON ST BETWEEN 6TH AVE S AND MAYNARD AVE S,,,2,Injury Collision,Rear Ended,4,0,0,2,2004/11/28 00:00:00+00,11/28/2004 2:09:00 AM,Mid-Block (but intersection related),14,"MOTOR VEHICLE STRUCK MOTOR VEHICLE, REAR END",,0,Clear,Dry,Dark - Street Lights On,,4333023.0,,14,From same direction - both going straight - one stopped - rear-end,0,0,N
6922,2,-122.2906615,47.71262465,8571,20962,20962,1795057,Matched,Block,,35TH AVE NE BETWEEN NE 115TH ST AND 34TH AVE NE,,,2,Injury Collision,Sideswipe,7,0,0,3,2004/11/17 00:00:00+00,11/17/2004 5:52:00 PM,Mid-Block (but intersection related),16,"MOTOR VEHICLE STRUCK MOTOR VEHICLE, LEFT SIDE SIDESWIPE",,0,Overcast,Dry,Dark - Street Lights On,,4322011.0,,11,From same direction - both going straight - both moving - sideswipe,0,0,N
6923,1,-122.31954590000001,47.54563645,8574,21614,21614,1795534,Matched,Intersection,34174.0,FLORA AVE S AND S EDDY ST,,,1,Property Damage Only Collision,Other,1,0,0,1,2004/10/12 00:00:00+00,10/12/2004 8:48:00 PM,At Intersection (intersection related),26,MOTOR VEHICLE STRUCK OBJECT IN ROAD,Y,0,Clear,Dry,Dark - Street Lights On,,4286030.0,,50,Fixed object,0,0,N
6924,1,-122.38474199999999,47.67200515,8575,21329,21329,1796984,Matched,Block,,22ND AVE NW BETWEEN NW 59TH ST AND NW 60TH ST,,,1,Property Damage Only Collision,Other,1,0,0,1,2004/12/01 00:00:00+00,12/1/2004,Mid-Block (but intersection related),26,MOTOR VEHICLE STRUCK OBJECT IN ROAD,,0,Overcast,Wet,Dark - Street Lights On,,4336022.0,,50,Fixed object,0,0,N
6925,2,-122.2809217,47.53705051,8576,21684,21684,1772741,Matched,Block,,S OTHELLO ST BETWEEN M L KING JR ER WAY S AND 42ND AVE S,,,2,Injury Collision,Angles,3,0,0,2,2004/06/05 00:00:00+00,6/5/2004,Mid-Block (but intersection related),11,"MOTOR VEHICLE STRUCK MOTOR VEHICLE, FRONT END AT ANGLE",,0,Overcast,Wet,Daylight,,4157011.0,,10,Entering at angle,0,0,N
6926,1,-122.33848,47.6191185,8577,20556,20556,1777128,Matched,Block,,WESTLAKE AVE N BETWEEN DENNY WAY AND JOHN ST,,,1,Property Damage Only Collision,Parked Car,2,0,0,2,2004/01/06 00:00:00+00,1/6/2004,Mid-Block (not related to intersection),14,"MOTOR VEHICLE STRUCK MOTOR VEHICLE, REAR END",,0,Snowing,Snow/Slush,Daylight,,4006023.0,,32,One parked--one moving,0,0,N
6927,2,-122.34596370000001,47.652745,8578,21659,21659,1782496,Matched,Intersection,27021.0,BRIDGE WAY N AND N 38TH ST,,,2,Injury Collision,Left Turn,3,0,0,2,2004/04/08 00:00:00+00,4/8/2004,At Intersection (intersection related),11,"MOTOR VEHICLE STRUCK MOTOR VEHICLE, FRONT END AT ANGLE",,0,Clear,Dry,Daylight,,4099022.0,,29,From opposite direction - one left turn - one right turn,0,0,N
6928,1,-122.33203020000002,47.69049981,8579,21438,21438,1775487,Matched,Block,,N 85TH ST BETWEEN MERIDIAN AVE N AND CORLISS WAY N,,,1,Property Damage Only Collision,Other,1,0,0,1,2004/06/13 00:00:00+00,6/13/2004 1:51:00 AM,Mid-Block (but intersection related),28,MOTOR VEHICLE RAN OFF ROAD - HIT FIXED OBJECT,,0,Raining,Wet,Daylight,,4165003.0,,50,Fixed object,0,0,N
6929,1,-122.2908185,47.70657855,8581,22309,22309,1773966,Matched,Block,,35TH AVE NE BETWEEN NE 105TH ST AND NE 110TH ST,,,1,Property Damage Only Collision,Rear Ended,4,0,0,2,2004/06/17 00:00:00+00,6/17/2004 4:06:00 PM,Mid-Block (not related to intersection),14,"MOTOR VEHICLE STRUCK MOTOR VEHICLE, REAR END",,0,Clear,Dry,Daylight,,4169026.0,,13,From same direction - both going straight - both moving - rear-end,0,0,N
6930,1,-122.37729479999999,47.52466097,8584,21772,21772,1479148,Matched,Block,,SW TRENTON ST BETWEEN 35TH AVE SW AND 36TH AVE SW,,,1,Property Damage Only Collision,Parked Car,2,0,0,2,2004/06/05 00:00:00+00,6/5/2004,Mid-Block (not related to intersection),16,"MOTOR VEHICLE STRUCK MOTOR VEHICLE, LEFT SIDE SIDESWIPE",,0,Overcast,Dry,Dark - Street Lights On,,4157027.0,,32,One parked--one moving,0,0,N
6931,2,-122.34737240000001,47.61271039,8585,21204,21204,1777359,Matched,Intersection,29704.0,BELL ST AND WESTERN AVE, ,,2,Injury Collision,Cycles,2,0,1,1,2004/01/05 00:00:00+00,1/5/2004,At Intersection (intersection related),51,PEDALCYCLIST STRUCK MOTOR VEHICLE FRONT END AT ANGLE,,0,Overcast,Dry,Daylight,,4005004.0,,45,Vehicle - Pedalcyclist,0,0,N
6932,2,-122.3296081,47.59030825,8586,21242,21242,1316787,Matched,Block,,EDGAR MARTINEZ DR S BETWEEN S ATLANTIC ST OFF RP AND 4TH AVE SB OFF RP,,,2,Injury Collision,Rear Ended,5,0,0,3,2004/07/23 00:00:00+00,7/23/2004 9:25:00 PM,Mid-Block (but intersection related),14,"MOTOR VEHICLE STRUCK MOTOR VEHICLE, REAR END",Y,0,Clear,Dry,Dusk,,4205035.0,,14,From same direction - both going straight - one stopped - rear-end,0,0,N
6933,1,-122.34064840000002,47.70504576,8587,20290,20290,1220165,Matched,Intersection,37278.0,INTERLAKE AVE N AND N NORTHGATE WAY,,,1,Property Damage Only Collision,Angles,3,0,0,3,2004/08/21 00:00:00+00,8/21/2004 4:04:00 PM,At Intersection (intersection related),11,"MOTOR VEHICLE STRUCK MOTOR VEHICLE, FRONT END AT ANGLE",,0,Raining,Wet,Daylight,,4234026.0,,10,Entering at angle,0,0,N
6934,1,-122.35934440000001,47.62153416,8588,22225,22225,880090,Matched,Block,,2ND AVE W BETWEEN W THOMAS ST AND W HARRISON ST,,,1,Property Damage Only Collision,Parked Car,0,0,0,2,2004/01/22 00:00:00+00,1/22/2004 5:30:00 PM,Mid-Block (not related to intersection),11,"MOTOR VEHICLE STRUCK MOTOR VEHICLE, FRONT END AT ANGLE",,0,Other,Unknown,Dusk,,4022030.0,,32,One parked--one moving,0,0,N
6935,1,-122.3309994,47.61827376,8589,21888,21888,1777649,Matched,Intersection,29173.0,STEWART ST AND YALE AVE,,,1,Property Damage Only Collision,Left Turn,3,0,0,2,2004/04/21 00:00:00+00,4/21/2004 6:08:00 AM,At Intersection (intersection related),11,"MOTOR VEHICLE STRUCK MOTOR VEHICLE, FRONT END AT ANGLE",,0,Overcast,Dry,Daylight,,4112002.0,,28,From opposite direction - one left turn - one straight,0,0,N
6936,1,-122.32588759999999,47.6426092,8591,21828,21828,1783790,Matched,Block,,EASTLAKE AVE E BETWEEN E LOUISA ST AND E ROANOKE ST,,,1,Property Damage Only Collision,Rear Ended,2,0,0,2,2004/08/11 00:00:00+00,8/11/2004 2:10:00 PM,Mid-Block (but intersection related),14,"MOTOR VEHICLE STRUCK MOTOR VEHICLE, REAR END",Y,0,Clear,Dry,Daylight,,4224033.0,,14,From same direction - both going straight - one stopped - rear-end,0,0,N
6937,1,-122.3714072,47.69606494,8592,21015,21015,1778650,Matched,Intersection,37240.0,12TH AVE NW AND NW 92ND ST,,,1,Property Damage Only Collision,Angles,2,0,0,2,2004/06/30 00:00:00+00,6/30/2004 7:40:00 PM,At Intersection (intersection related),11,"MOTOR VEHICLE STRUCK MOTOR VEHICLE, FRONT END AT ANGLE",,0,Clear,Dry,Daylight,,4182007.0,,10,Entering at angle,0,0,N
6938,1,-122.30276440000002,47.60563158,8593,20779,20779,1198304,Matched,Block,,23RD AVE BETWEEN E TERRACE ST AND E JEFFERSON ST,,,1,Property Damage Only Collision,Rear Ended,2,0,0,2,2004/11/02 00:00:00+00,11/2/2004,Mid-Block (but intersection related),14,"MOTOR VEHICLE STRUCK MOTOR VEHICLE, REAR END",Y,0,Raining,Snow/Slush,Daylight,,4307039.0,,14,From same direction - both going straight - one stopped - rear-end,0,0,N
6939,2,-122.30011270000001,47.59458271,8594,22047,22047,1216779,Matched,Intersection,30658.0,25TH AVE S AND S CHARLES ST,,,2,Injury Collision,Angles,2,0,0,2,2004/07/16 00:00:00+00,7/16/2004 4:00:00 PM,At Intersection (intersection related),11,"MOTOR VEHICLE STRUCK MOTOR VEHICLE, FRONT END AT ANGLE",,0,Clear,Dry,Daylight,,4198030.0,,10,Entering at angle,0,0,N
6940,1,-122.32245870000001,47.59583117,8597,21127,21127,C650838,Matched,Intersection,30447.0,8TH AVE S AND S DEARBORN ST,,,1,Property Damage Only Collision,Angles,2,0,0,2,2004/12/22 00:00:00+00,12/22/2004 11:00:00 AM,At Intersection (intersection related),11,"MOTOR VEHICLE STRUCK MOTOR VEHICLE, FRONT END AT ANGLE",,0,Overcast,Dry,Daylight,,4357041.0,,10,Entering at angle,0,0,N
6941,1,-122.3768346,47.56106799,8599,22092,22092,1781201,Matched,Block,,SW ALASKA ST BETWEEN 35TH AVE SW AND 36TH AVE SW,,,1,Property Damage Only Collision,Sideswipe,3,0,0,2,2004/01/13 00:00:00+00,1/13/2004 1:05:00 AM,Mid-Block (but intersection related),16,"MOTOR VEHICLE STRUCK MOTOR VEHICLE, LEFT SIDE SIDESWIPE",,0,Clear,Wet,Dark - Street Lights On,,4013002.0,,72,Same direction -- both turning right -- one stopped -- sideswipe,0,0,N
6942,1,-122.25144350000001,47.51401481,8600,21620,21620,1771355,Matched,Block,,RAINIER AVE S BETWEEN S NORFOLK ST AND S COOPER ST,,,1,Property Damage Only Collision,Sideswipe,4,0,0,4,2004/01/31 00:00:00+00,1/31/2004 9:01:00 PM,Mid-Block (not related to intersection),16,"MOTOR VEHICLE STRUCK MOTOR VEHICLE, LEFT SIDE SIDESWIPE",,0,Raining,Wet,Dark - Street Lights On,,4031046.0,Y,11,From same direction - both going straight - both moving - sideswipe,0,0,N
6943,1,-122.30325719999999,47.58501971,8601,20905,20905,1773102,Matched,Block,,RAINIER AVE S BETWEEN S PLUM ST AND 23RD AVE S,,,1,Property Damage Only Collision,Other,5,0,0,2,2004/07/02 00:00:00+00,7/2/2004,Mid-Block (not related to intersection),11,"MOTOR VEHICLE STRUCK MOTOR VEHICLE, FRONT END AT ANGLE",,0,Clear,Dry,Daylight,,4184013.0,,21,One car entering driveway access,0,0,N
6944,2,-122.2937773,47.62511156,8602,21848,21848,1772193,Matched,Block,,E MADISON ST BETWEEN 29TH E AVE E AND LAKE WASHINGTON BLVD E,,,2,Injury Collision,Rear Ended,2,0,0,2,2004/07/12 00:00:00+00,7/12/2004 12:46:00 PM,Mid-Block (not related to intersection),14,"MOTOR VEHICLE STRUCK MOTOR VEHICLE, REAR END",,0,Clear,Dry,Daylight,,4194021.0,,14,From same direction - both going straight - one stopped - rear-end,0,0,N
6945,2,-122.29050840000001,47.68395151,8603,20279,20279,1775575,Matched,Block,,35TH AVE NE BETWEEN NE 75TH ST AND NE 77TH ST,,,2,Injury Collision,Other,4,0,0,3,2004/01/09 00:00:00+00,1/9/2004,Driveway Junction,11,"MOTOR VEHICLE STRUCK MOTOR VEHICLE, FRONT END AT ANGLE",Y,0,Raining,Wet,Dark - Street Lights Off,,4009032.0,,22,One car leaving driveway access,0,0,N
6946,1,-122.30461399999999,47.64541021,8604,22482,22482,1789767,Matched,Block,,MONTLAKE BLVD E BETWEEN MONTLAKE BV ON RP AND E HAMLIN ST,,,1,Property Damage Only Collision,Sideswipe,2,0,0,2,2004/09/22 00:00:00+00,9/22/2004 11:25:00 AM,Mid-Block (not related to intersection),14,"MOTOR VEHICLE STRUCK MOTOR VEHICLE, REAR END",,0,Raining,Wet,Daylight,,4266026.0,,11,From same direction - both going straight - both moving - sideswipe,0,0,N
6947,2,-122.32173700000001,47.59918458,8605,21879,21879,1060005,Matched,Block,,S JACKSON ST BETWEEN 8TH AVE S AND 9TH AVE S,,,2,Injury Collision,Rear Ended,2,0,0,2,2004/12/04 00:00:00+00,12/4/2004,Mid-Block (but intersection related),14,"MOTOR VEHICLE STRUCK MOTOR VEHICLE, REAR END",,0,Raining,Wet,Daylight,,4339026.0,Y,14,From same direction - both going straight - one stopped - rear-end,0,0,N
6948,1,-122.36079009999999,47.6716106,8606,21164,21164,1778631,Matched,Block,,3RD AVE NW BETWEEN NW 58TH ST AND NW 60TH ST,,,1,Property Damage Only Collision,Parked Car,2,0,0,2,2004/04/09 00:00:00+00,4/9/2004,Mid-Block (not related to intersection),16,"MOTOR VEHICLE STRUCK MOTOR VEHICLE, LEFT SIDE SIDESWIPE",,0,Clear,Dry,Dark - Street Lights Off,,4100028.0,,32,One parked--one moving,0,0,N
6949,2,-122.31672809999999,47.62481037,8608,20862,20862,1316773,Matched,Block,,12TH AVE E BETWEEN E MERCER ST AND E ROY ST,,,2,Injury Collision,Other,2,0,0,2,2004/07/14 00:00:00+00,7/14/2004 2:41:00 PM,Driveway Junction,11,"MOTOR VEHICLE STRUCK MOTOR VEHICLE, FRONT END AT ANGLE",,0,Clear,Dry,Daylight,,4196036.0,,22,One car leaving driveway access,0,0,N
6950,2,-122.34350239999999,47.65408965,8609,20393,20393,1780187,Matched,Intersection,26864.0,BRIDGE WAY N AND N 39TH E ST,,,2,Injury Collision,Angles,2,0,0,2,2004/03/10 00:00:00+00,3/10/2004 4:17:00 PM,At Intersection (intersection related),11,"MOTOR VEHICLE STRUCK MOTOR VEHICLE, FRONT END AT ANGLE",,0,Clear,Dry,Daylight,,4070036.0,,10,Entering at angle,0,0,N
6951,1,-122.33632990000001,47.60898867,8610,22468,22468,C649689,Matched,Block,,UNION ST BETWEEN 3RD AVE AND 4TH AVE,,,1,Property Damage Only Collision,Other,2,0,0,2,2004/11/30 00:00:00+00,11/30/2004 12:01:00 AM,Driveway Junction,11,"MOTOR VEHICLE STRUCK MOTOR VEHICLE, FRONT END AT ANGLE",,0,Unknown,Wet,Dark - Street Lights On,,4335046.0,,22,One car leaving driveway access,0,0,N