,SEVERITYCODE,X,Y,OBJECTID,INCKEY,COLDETKEY,REPORTNO,STATUS,ADDRTYPE,INTKEY,LOCATION,EXCEPTRSNCODE,EXCEPTRSNDESC,SEVERITYCODE.1,SEVERITYDESC,COLLISIONTYPE,PERSONCOUNT,PEDCOUNT,PEDCYLCOUNT,VEHCOUNT,INCDATE,INCDTTM,JUNCTIONTYPE,SDOT_COLCODE,SDOT_COLDESC,INATTENTIONIND,UNDERINFL,WEATHER,ROADCOND,LIGHTCOND,PEDROWNOTGRNT,SDOTCOLNUM,SPEEDING,ST_COLCODE,ST_COLDESC,SEGLANEKEY,CROSSWALKKEY,HITPARKEDCAR
6952,1,-122.3580446,47.62094629,8611,21785,21785,C649608,Matched,Intersection,28659.0,1ST AVE W AND W THOMAS ST,,,1,Property Damage Only Collision,Left Turn,2,0,0,2,2004/11/06 00:00:00+00,11/6/2004,At Intersection (intersection related),11,"MOTOR VEHICLE STRUCK MOTOR VEHICLE, FRONT END AT ANGLE",,0,Overcast,Wet,Dark - Street Lights On,,4311042.0,,15,From same direction - one left turn - one straight,0,0,N
6953,1,-122.3740946,47.6859792,8612,21216,21216,1079958,Matched,Block,,14TH AVE NW BETWEEN NW 77TH ST AND NW 80TH ST,,,1,Property Damage Only Collision,Parked Car,2,0,0,2,2004/07/01 00:00:00+00,7/1/2004,Mid-Block (but intersection related),14,"MOTOR VEHICLE STRUCK MOTOR VEHICLE, REAR END",,0,Clear,Dry,Daylight,,4183034.0,,32,One parked--one moving,0,0,N
6954,1,-122.334521,47.64918644,8614,20652,20652,1794162,Matched,Block,,N 35TH ST BETWEEN BURKE AVE N AND MERIDIAN AVE N,,,1,Property Damage Only Collision,Parked Car,2,0,0,2,2004/10/15 00:00:00+00,10/15/2004 8:00:00 AM,Mid-Block (not related to intersection),15,"MOTOR VEHICLE STRUCK MOTOR VEHICLE, RIGHT SIDE SIDESWIPE",,0,Clear,Dry,Daylight,,4289019.0,,32,One parked--one moving,0,0,N
6955,1,-122.38666640000001,47.57815338,8615,22374,22374,1795206,Matched,Block,,CALIFORNIA AVE SW BETWEEN SW LANDER ST AND SW STEVENS ST,,,1,Property Damage Only Collision,Parked Car,2,0,0,2,2004/10/22 00:00:00+00,10/22/2004 8:30:00 AM,Mid-Block (not related to intersection),14,"MOTOR VEHICLE STRUCK MOTOR VEHICLE, REAR END",,0,Overcast,Wet,Daylight,,4296035.0,,32,One parked--one moving,0,0,N
6956,2,-122.35061599999999,47.61580161,8616,21618,21618,1213777,Matched,Intersection,29684.0,1ST AVE AND CEDAR ST,,,2,Injury Collision,Left Turn,5,0,0,2,2004/04/06 00:00:00+00,4/6/2004,At Intersection (intersection related),11,"MOTOR VEHICLE STRUCK MOTOR VEHICLE, FRONT END AT ANGLE",,0,Clear,Dry,Daylight,,4097033.0,,28,From opposite direction - one left turn - one straight,0,0,N
6957,2,-122.36147749999999,47.66779456,8617,20897,20897,1780937,Matched,Block,,NW MARKET ST BETWEEN 3RD AVE NW AND NW 55TH ST,,,2,Injury Collision,Rear Ended,2,0,0,2,2004/03/23 00:00:00+00,3/23/2004 9:38:00 AM,Mid-Block (but intersection related),14,"MOTOR VEHICLE STRUCK MOTOR VEHICLE, REAR END",Y,0,Clear,Dry,Daylight,,4083013.0,,14,From same direction - both going straight - one stopped - rear-end,0,0,N
6958,1,-122.39159599999999,47.53204238,8619,21901,21901,1481212,Matched,Block,,SW KENYON PL BETWEEN DEAD END AND FAUNTLEROY WAY SW,,,1,Property Damage Only Collision,Parked Car,2,0,0,2,2004/03/10 00:00:00+00,3/10/2004 1:40:00 PM,Driveway Junction,16,"MOTOR VEHICLE STRUCK MOTOR VEHICLE, LEFT SIDE SIDESWIPE",,0,Clear,Dry,Daylight,,4070002.0,,32,One parked--one moving,0,0,N
6959,1,-122.2702781,47.67848043,8620,22156,22156,1794482,Matched,Block,,54TH AVE NE BETWEEN NE 68TH ST AND NE 70TH W ST,,,1,Property Damage Only Collision,Parked Car,2,0,0,2,2004/09/22 00:00:00+00,9/22/2004 8:00:00 PM,Mid-Block (not related to intersection),14,"MOTOR VEHICLE STRUCK MOTOR VEHICLE, REAR END",,0,Unknown,Unknown,Unknown,,4266003.0,,32,One parked--one moving,0,0,N
6960,2,-122.34072350000001,47.73231128,8621,20942,20942,1782455,Matched,Intersection,35714.0,ROSLYN PL N AND N 143RD ST,,,2,Injury Collision,Angles,2,0,0,2,2004/03/25 00:00:00+00,3/25/2004 4:28:00 PM,At Intersection (intersection related),11,"MOTOR VEHICLE STRUCK MOTOR VEHICLE, FRONT END AT ANGLE",,0,Raining,Wet,Daylight,,4085015.0,,10,Entering at angle,0,0,N
6961,1,-122.34625919999999,47.625418100000005,8622,21955,21955,1482507,Matched,Intersection,28889.0,ROY ST AND TAYLOR AVE N,,,1,Property Damage Only Collision,Angles,3,0,0,2,2004/07/02 00:00:00+00,7/2/2004,At Intersection (intersection related),11,"MOTOR VEHICLE STRUCK MOTOR VEHICLE, FRONT END AT ANGLE",,0,Clear,Dry,Daylight,,4184025.0,,10,Entering at angle,0,0,N
6962,2,-122.3534473,47.62457414,8623,21144,21144,1471165,Matched,Block,,MERCER ST BETWEEN WARREN AVE N AND 2ND AVE N,,,2,Injury Collision,Sideswipe,5,0,0,2,2004/09/18 00:00:00+00,9/18/2004 8:10:00 PM,Mid-Block (not related to intersection),16,"MOTOR VEHICLE STRUCK MOTOR VEHICLE, LEFT SIDE SIDESWIPE",Y,0,Clear,Dry,Dark - Street Lights On,,4262024.0,,11,From same direction - both going straight - both moving - sideswipe,0,0,N
6963,2,-122.2671449,47.54427352,8625,22322,22322,C649424,Matched,Intersection,34608.0,52ND AVE S AND S MORGAN ST,,,2,Injury Collision,Angles,2,0,0,2,2004/10/31 00:00:00+00,10/31/2004 9:00:00 PM,At Intersection (intersection related),11,"MOTOR VEHICLE STRUCK MOTOR VEHICLE, FRONT END AT ANGLE",,0,Unknown,Dry,Dark - Street Lights On,,4305038.0,,10,Entering at angle,0,0,N
6964,1,-122.3377905,47.61505626,8626,21635,21635,1182091,Matched,Block,,WESTLAKE AVE BETWEEN VIRGINIA ST AND 7TH AVE,,,1,Property Damage Only Collision,Sideswipe,2,0,0,2,2004/11/19 00:00:00+00,11/19/2004 1:59:00 AM,Mid-Block (but intersection related),11,"MOTOR VEHICLE STRUCK MOTOR VEHICLE, FRONT END AT ANGLE",,1,Clear,Dry,Dark - Street Lights On,,4324005.0,,12,From same direction - both going straight - one stopped - sideswipe,0,0,N
6965,1,-122.3217811,47.6048235,8628,21109,21109,1788375,Matched,Block,,TERRACE ST BETWEEN TERRY AVE AND BOREN AVE,,,1,Property Damage Only Collision,Parked Car,2,0,0,2,2004/05/12 00:00:00+00,5/12/2004 11:35:00 AM,Mid-Block (not related to intersection),14,"MOTOR VEHICLE STRUCK MOTOR VEHICLE, REAR END",,0,Clear,Dry,Daylight,,4133007.0,,32,One parked--one moving,0,0,N
6966,1,-122.35529960000001,47.68694191,8629,20580,20580,1773907,Matched,Intersection,24282.0,GREENWOOD AVE N AND N 80TH ST,,,1,Property Damage Only Collision,Left Turn,2,0,0,2,2004/01/09 00:00:00+00,1/9/2004,At Intersection (intersection related),11,"MOTOR VEHICLE STRUCK MOTOR VEHICLE, FRONT END AT ANGLE",Y,0,Overcast,Wet,Daylight,,4009029.0,,15,From same direction - one left turn - one straight,0,0,N
6967,1,-122.34132620000001,47.69326087,8630,22229,22229,1199345,Matched,Block,,STONE AVE N BETWEEN N 88TH ST AND N 90TH E ST,,,1,Property Damage Only Collision,Other,3,0,0,2,2004/09/26 00:00:00+00,9/26/2004 12:00:00 PM,Driveway Junction,12,"MOTOR VEHICLE STRUCK MOTOR VEHICLE, RIGHT SIDE AT ANGLE",,0,Overcast,Dry,Daylight,,4270021.0,,22,One car leaving driveway access,0,0,N
6968,1,-122.3343951,47.66138622,8631,21457,21457,1773535,Matched,Block,,N 45TH ST BETWEEN BURKE AVE N AND MERIDIAN AVE N,,,1,Property Damage Only Collision,Rear Ended,3,0,0,2,2004/02/19 00:00:00+00,2/19/2004 5:30:00 PM,Mid-Block (but intersection related),14,"MOTOR VEHICLE STRUCK MOTOR VEHICLE, REAR END",,0,Clear,Dry,Dark - Street Lights On,,4050009.0,,14,From same direction - both going straight - one stopped - rear-end,0,0,N
6969,2,-122.3633303,47.692066100000005,8632,20887,20887,1079774,Matched,Intersection,37178.0,6TH AVE NW AND NW 87TH ST,,,2,Injury Collision,Angles,2,0,0,2,2004/11/14 00:00:00+00,11/14/2004 12:01:00 AM,At Intersection (intersection related),11,"MOTOR VEHICLE STRUCK MOTOR VEHICLE, FRONT END AT ANGLE",,0,Raining,Wet,Dark - Street Lights On,,4319020.0,Y,10,Entering at angle,0,0,N
6970,1,-122.3523396,47.64732794,8633,21832,21832,1777209,Matched,Block,,NICKERSON ST BETWEEN ETRURIA ST AND FLORENTIA ST,,,1,Property Damage Only Collision,Rear Ended,2,0,0,2,2004/02/01 00:00:00+00,2/1/2004,Mid-Block (but intersection related),14,"MOTOR VEHICLE STRUCK MOTOR VEHICLE, REAR END",,0,Clear,Dry,Daylight,,4032025.0,,14,From same direction - both going straight - one stopped - rear-end,0,0,N
6971,2,-122.35136010000001,47.6185864,8634,20413,20413,1214102,Matched,Intersection,29659.0,3RD AVE AND DENNY WAY,,,2,Injury Collision,Angles,4,0,0,2,2004/05/28 00:00:00+00,5/28/2004 5:43:00 PM,At Intersection (intersection related),11,"MOTOR VEHICLE STRUCK MOTOR VEHICLE, FRONT END AT ANGLE",,0,Overcast,Dry,Daylight,,4149044.0,,10,Entering at angle,0,0,N
6972,1,-122.2771748,47.5267845,8635,22203,22203,1793267,Matched,Block,,RENTON AVE S BETWEEN S CAMANO PL AND S CLOVERDALE ST,,,1,Property Damage Only Collision,Parked Car,5,0,0,3,2004/09/02 00:00:00+00,9/2/2004,Mid-Block (not related to intersection),16,"MOTOR VEHICLE STRUCK MOTOR VEHICLE, LEFT SIDE SIDESWIPE",Y,0,Clear,Dry,Dusk,,4246011.0,,32,One parked--one moving,0,0,N
6973,1,-122.3139676,47.64134212,8636,21431,21431,1216627,Matched,Block,,BOYER AVE E BETWEEN 14TH AVE E AND EVERETT AVE E,,,1,Property Damage Only Collision,Parked Car,2,0,0,2,2004/06/13 00:00:00+00,6/13/2004 4:00:00 AM,Mid-Block (not related to intersection),14,"MOTOR VEHICLE STRUCK MOTOR VEHICLE, REAR END",,0,Raining,Wet,Dark - Street Lights On,,4165027.0,,32,One parked--one moving,0,0,N
6974,1,-122.2780429,47.635762799999995,8638,22453,22453,1074288,Matched,Intersection,28488.0,E HOWE ST AND E MADISON ST,,,1,Property Damage Only Collision,Other,1,0,0,1,2004/08/23 00:00:00+00,8/23/2004 2:40:00 AM,At Intersection (intersection related),26,MOTOR VEHICLE STRUCK OBJECT IN ROAD,,0,Overcast,Dry,Dark - Street Lights On,,4236029.0,,50,Fixed object,0,0,N
6975,1,-122.34453909999998,47.69201179,8639,21273,21273,1775486,Matched,Intersection,37365.0,AURORA AVE N AND N 87TH ST,,,1,Property Damage Only Collision,Left Turn,3,0,0,2,2004/06/12 00:00:00+00,6/12/2004 6:55:00 PM,At Intersection (intersection related),11,"MOTOR VEHICLE STRUCK MOTOR VEHICLE, FRONT END AT ANGLE",,0,Raining,Wet,Dusk,,4164026.0,,28,From opposite direction - one left turn - one straight,0,0,N
6976,1,-122.30075819999999,47.68304743,8640,20664,20664,1774590,Matched,Intersection,24661.0,25TH AVE NE AND NE 75TH ST,,,1,Property Damage Only Collision,Left Turn,2,0,0,2,2004/01/27 00:00:00+00,1/27/2004 3:45:00 PM,At Intersection (intersection related),11,"MOTOR VEHICLE STRUCK MOTOR VEHICLE, FRONT END AT ANGLE",,0,Clear,Dry,Daylight,,4027020.0,,28,From opposite direction - one left turn - one straight,0,0,N
6977,1,-122.359132,47.52377979999999,8641,22175,22175,1198082,Matched,Block,,20TH AVE SW BETWEEN SW TRENTON ST AND SW HENDERSON ST,,,1,Property Damage Only Collision,Parked Car,2,0,0,2,2004/11/15 00:00:00+00,11/15/2004 8:00:00 AM,Mid-Block (not related to intersection),15,"MOTOR VEHICLE STRUCK MOTOR VEHICLE, RIGHT SIDE SIDESWIPE",,0,Raining,Wet,Daylight,,4320041.0,,32,One parked--one moving,0,0,N
6978,1,,,8642,21631,21631,1059677,Matched,Block,,BROAD ST BETWEEN 5TH AVE N AND TAYLOR AVE N,,,1,Property Damage Only Collision,Rear Ended,2,0,0,2,2004/11/21 00:00:00+00,11/21/2004 12:45:00 PM,Mid-Block (not related to intersection),14,"MOTOR VEHICLE STRUCK MOTOR VEHICLE, REAR END",,0,Clear,Dry,Daylight,,4326015.0,,14,From same direction - both going straight - one stopped - rear-end,0,0,N
6979,1,-122.3254027,47.60626898,8644,21706,21706,1216807,Matched,Intersection,29942.0,9TH AVE AND CHERRY ST,,,1,Property Damage Only Collision,Angles,7,0,0,2,2004/07/07 00:00:00+00,7/7/2004,At Intersection (intersection related),11,"MOTOR VEHICLE STRUCK MOTOR VEHICLE, FRONT END AT ANGLE",,0,Overcast,Dry,Daylight,,4189014.0,,10,Entering at angle,0,0,N
6980,1,-122.30047250000001,47.71041993,8645,21106,21106,1776172,Matched,Intersection,36659.0,LAKE CITY WAY NE AND NE NORTHGATE WAY,,,1,Property Damage Only Collision,Sideswipe,3,0,0,2,2004/04/14 00:00:00+00,4/14/2004 8:14:00 PM,At Intersection (intersection related),11,"MOTOR VEHICLE STRUCK MOTOR VEHICLE, FRONT END AT ANGLE",Y,0,Overcast,Dry,Dark - Street Lights On,,4105009.0,,71,Same direction -- both turning right -- both moving -- sideswipe,0,0,N
6981,2,,,8647,22216,22216,1776484,Matched,Block,,ALASKAN WY VI NB BETWEEN S ROYAL BROUGHAM WAY ON RP AND SENECA ST OFF RP,,,2,Injury Collision,Rear Ended,3,0,0,3,2004/06/03 00:00:00+00,6/3/2004,Mid-Block (not related to intersection),14,"MOTOR VEHICLE STRUCK MOTOR VEHICLE, REAR END",,0,Clear,Dry,Daylight,,4155014.0,,14,From same direction - both going straight - one stopped - rear-end,0,0,N
6982,2,-122.2587487,47.50969899,8648,21593,21593,1771282,Matched,Intersection,38230.0,RENTON AVE S AND S RYAN ST,,,2,Injury Collision,Left Turn,7,0,0,2,2004/06/12 00:00:00+00,6/12/2004 11:17:00 PM,At Intersection (intersection related),11,"MOTOR VEHICLE STRUCK MOTOR VEHICLE, FRONT END AT ANGLE",,0,Raining,Wet,Dark - Street Lights On,,4164016.0,,28,From opposite direction - one left turn - one straight,0,0,N
6983,1,-122.3013182,47.70025636,8649,21175,21175,1779903,Matched,Intersection,37625.0,RAVENNA AVE NE AND NE 98TH ST,,,1,Property Damage Only Collision,Angles,3,0,0,2,2004/01/24 00:00:00+00,1/24/2004 2:02:00 PM,At Intersection (intersection related),11,"MOTOR VEHICLE STRUCK MOTOR VEHICLE, FRONT END AT ANGLE",,0,Raining,Wet,Daylight,,4024010.0,,10,Entering at angle,0,0,N
6984,1,-122.30276200000002,47.60951970000001,8651,21154,21154,1772579,Matched,Block,,23RD AVE BETWEEN E COLUMBIA ST AND E MARION ST,,,1,Property Damage Only Collision,Rear Ended,3,0,0,2,2004/05/26 00:00:00+00,5/26/2004 8:08:00 AM,Mid-Block (but intersection related),14,"MOTOR VEHICLE STRUCK MOTOR VEHICLE, REAR END",Y,0,Raining,Wet,Daylight,,4147024.0,,14,From same direction - both going straight - one stopped - rear-end,0,0,N
6985,1,-122.3299883,47.57980974,8652,21018,21018,1214126,Matched,Intersection,31370.0,3RD AVE S AND S LANDER ST,,,1,Property Damage Only Collision,Angles,2,0,0,2,2004/05/20 00:00:00+00,5/20/2004 12:57:00 PM,At Intersection (intersection related),11,"MOTOR VEHICLE STRUCK MOTOR VEHICLE, FRONT END AT ANGLE",Y,0,Clear,Dry,Daylight,,4141008.0,,10,Entering at angle,0,0,N
6986,1,-122.38453059999999,47.58118097,8653,21115,21115,1781675,Matched,Block,,SW ADMIRAL WAY BETWEEN 41ST AVE SW AND 42ND AVE SW,,,1,Property Damage Only Collision,Rear Ended,2,0,0,2,2004/08/11 00:00:00+00,8/11/2004 2:30:00 PM,Mid-Block (but intersection related),14,"MOTOR VEHICLE STRUCK MOTOR VEHICLE, REAR END",,0,Clear,Dry,Daylight,,4224005.0,,14,From same direction - both going straight - one stopped - rear-end,0,0,N
6987,2,-122.3178232,47.60169516,8654,20434,20434,1786890,Matched,Intersection,30411.0,BOREN AVE AND E YESLER WAY,,,2,Injury Collision,Angles,5,0,0,2,2004/05/24 00:00:00+00,5/24/2004 3:38:00 PM,At Intersection (intersection related),11,"MOTOR VEHICLE STRUCK MOTOR VEHICLE, FRONT END AT ANGLE",,0,Clear,Dry,Daylight,,4145019.0,,10,Entering at angle,0,0,N
6988,1,-122.3443612,47.72867367,8655,22077,22077,1218762,Matched,Block,,N 137TH ST BETWEEN AURORA AVE N AND MIDVALE AVE N,,,1,Property Damage Only Collision,Parked Car,2,0,0,2,2004/03/05 00:00:00+00,3/5/2004,Mid-Block (not related to intersection),14,"MOTOR VEHICLE STRUCK MOTOR VEHICLE, REAR END",,1,Clear,Dry,Dark - Street Lights On,,4065034.0,,32,One parked--one moving,0,0,N
6989,2,-122.323242,47.70744141,8657,21183,21183,1220355,Matched,Block,,5TH AVE NE BETWEEN NE 106TH ST AND NE NORTHGATE WAY,,,2,Injury Collision,Rear Ended,6,0,0,2,2004/08/05 00:00:00+00,8/5/2004,Mid-Block (not related to intersection),14,"MOTOR VEHICLE STRUCK MOTOR VEHICLE, REAR END",Y,0,Clear,Dry,Daylight,,4218015.0,,13,From same direction - both going straight - both moving - rear-end,0,0,N
6990,1,-122.33310390000001,47.60797946,8658,21691,21691,1783628,Matched,Intersection,29929.0,5TH AVE AND SENECA ST,,,1,Property Damage Only Collision,Other,2,0,0,2,2004/09/13 00:00:00+00,9/13/2004 5:53:00 PM,At Intersection (intersection related),11,"MOTOR VEHICLE STRUCK MOTOR VEHICLE, FRONT END AT ANGLE",,0,Clear,Dry,Daylight,,4257025.0,,23,From same direction - all others,0,0,N
6991,2,-122.27775749999999,47.54742404,8660,21513,21513,1771555,Matched,Block,,S SPENCER ST BETWEEN 44TH AVE S AND GOODELL PL S,,,2,Injury Collision,Parked Car,4,0,0,4,2004/03/21 00:00:00+00,3/21/2004 7:13:00 AM,Mid-Block (not related to intersection),16,"MOTOR VEHICLE STRUCK MOTOR VEHICLE, LEFT SIDE SIDESWIPE",Y,0,Clear,Dry,Daylight,,4081010.0,,32,One parked--one moving,0,0,N
6992,2,-122.32790379999999,47.61523842,8661,21859,21859,1790112,Matched,Intersection,29863.0,MELROSE AVE AND PINE ST,,,2,Injury Collision,Left Turn,2,0,0,2,2004/03/16 00:00:00+00,3/16/2004 10:43:00 PM,At Intersection (intersection related),11,"MOTOR VEHICLE STRUCK MOTOR VEHICLE, FRONT END AT ANGLE",,1,Clear,Dry,Dark - Street Lights On,,4076004.0,,28,From opposite direction - one left turn - one straight,0,0,N
6993,2,-122.33597579999999,47.60776318,8662,21232,21232,1186746,Matched,Intersection,29601.0,3RD AVE AND UNIVERSITY ST,,,2,Injury Collision,Pedestrian,2,1,0,1,2004/05/04 00:00:00+00,5/4/2004,At Intersection (intersection related),24,MOTOR VEHCILE STRUCK PEDESTRIAN,,0,Clear,Dry,Dark - Street Lights On,Y,4125004.0,,1,Vehicle turning right hits pedestrian,0,0,N
6994,2,-122.3209838,47.60479216,8663,22169,22169,1799259,Matched,Block,,BOREN AVE BETWEEN BROADWAY AND TERRACE ST,,,2,Injury Collision,Rear Ended,3,0,0,2,2004/10/19 00:00:00+00,10/19/2004 8:04:00 AM,Mid-Block (not related to intersection),14,"MOTOR VEHICLE STRUCK MOTOR VEHICLE, REAR END",,0,Raining,Wet,Dawn,,4293021.0,,13,From same direction - both going straight - both moving - rear-end,0,0,N
6995,1,-122.2963585,47.72290005,8664,20983,20983,1780503,Matched,Intersection,36054.0,30TH AVE NE AND NE 130TH ST,,,1,Property Damage Only Collision,Angles,2,0,0,2,2004/02/01 00:00:00+00,2/1/2004,At Intersection (intersection related),11,"MOTOR VEHICLE STRUCK MOTOR VEHICLE, FRONT END AT ANGLE",,0,Clear,Dry,Dark - Street Lights On,,4032019.0,,10,Entering at angle,0,0,N
6996,1,-122.3567092,47.62458297,8666,22394,22394,1777480,Matched,Intersection,28632.0,MERCER ST AND QUEEN ANNE AVE N,,,1,Property Damage Only Collision,Left Turn,6,0,0,2,2004/03/10 00:00:00+00,3/10/2004 9:05:00 PM,At Intersection (intersection related),11,"MOTOR VEHICLE STRUCK MOTOR VEHICLE, FRONT END AT ANGLE",,0,Clear,Dry,Unknown,,4070029.0,,15,From same direction - one left turn - one straight,0,0,N
6997,2,-122.36519890000001,47.52468198,8667,21483,21483,1795483,Matched,Block,,SW TRENTON ST BETWEEN 25TH AVE SW AND 26TH AVE SW,,,2,Injury Collision,Other,2,0,0,2,2004/10/08 00:00:00+00,10/8/2004,Driveway Junction,11,"MOTOR VEHICLE STRUCK MOTOR VEHICLE, FRONT END AT ANGLE",,0,Overcast,Wet,Daylight,,4282085.0,,22,One car leaving driveway access,0,0,N
6998,1,-122.3439922,47.7032393,8668,21198,21198,1220514,Matched,Block,,N 103RD ST BETWEEN AURORA S AVE N AND MIDVALE AVE N,,,1,Property Damage Only Collision,Parked Car,2,0,0,2,2004/10/01 00:00:00+00,10/1/2004,Mid-Block (not related to intersection),16,"MOTOR VEHICLE STRUCK MOTOR VEHICLE, LEFT SIDE SIDESWIPE",,0,Overcast,Dry,Dark - Street Lights On,,4275019.0,,32,One parked--one moving,0,0,N
6999,1,-122.34238229999998,47.69145573,8669,21244,21244,1319617,Matched,Block,,MIDVALE AVE N BETWEEN N 85TH ST AND N 88TH ST,,,1,Property Damage Only Collision,Parked Car,2,0,0,2,2004/04/02 00:00:00+00,4/2/2004,Mid-Block (not related to intersection),13,"MOTOR VEHICLE STRUCK MOTOR VEHICLE, LEFT SIDE AT ANGLE",Y,0,Clear,Dry,Dark - Street Lights On,,4093014.0,,32,One parked--one moving,0,0,N
7000,1,-122.33298980000001,47.62139219,8672,21882,21882,1069337,Matched,Block,,MINOR AVE N BETWEEN THOMAS ST AND HARRISON ST,,,1,Property Damage Only Collision,Parked Car,2,0,0,2,2004/11/11 00:00:00+00,11/11/2004 10:50:00 PM,Mid-Block (not related to intersection),16,"MOTOR VEHICLE STRUCK MOTOR VEHICLE, LEFT SIDE SIDESWIPE",,0,Clear,Dry,Dark - Street Lights On,,4316005.0,,32,One parked--one moving,0,0,N
7001,1,-122.3076291,47.60709134,8673,20882,20882,1074774,Matched,Block,,19TH AVE BETWEEN E JEFFERSON ST AND E CHERRY ST,,,1,Property Damage Only Collision,Other,2,0,0,2,2004/05/22 00:00:00+00,5/22/2004 6:20:00 PM,Driveway Junction,11,"MOTOR VEHICLE STRUCK MOTOR VEHICLE, FRONT END AT ANGLE",,0,Overcast,Dry,Daylight,,4143032.0,,22,One car leaving driveway access,0,0,N
7002,1,-122.30604140000001,47.6277531,8674,21541,21541,1789536,Matched,Block,,20TH AVE E BETWEEN E ALOHA ST AND E PROSPECT ST,,,1,Property Damage Only Collision,Parked Car,2,0,0,2,2004/04/27 00:00:00+00,4/27/2004 1:30:00 AM,Mid-Block (not related to intersection),16,"MOTOR VEHICLE STRUCK MOTOR VEHICLE, LEFT SIDE SIDESWIPE",,0,Clear,Dry,Dark - Street Lights On,,4118031.0,,32,One parked--one moving,0,0,N
7003,1,-122.33254960000001,47.60821151,8675,21012,21012,537844,Matched,Block,,SENECA ST BETWEEN 5TH AVE AND 6TH AVE,,,1,Property Damage Only Collision,Parked Car,0,0,0,2,2004/04/04 00:00:00+00,4/4/2004,Mid-Block (not related to intersection),14,"MOTOR VEHICLE STRUCK MOTOR VEHICLE, REAR END",Y,0,Clear,Dry,Dark - Street Lights On,,4095020.0,,32,One parked--one moving,0,0,N
7004,1,,,8676,20804,20804,1782972,Matched,Alley,,,,,1,Property Damage Only Collision,Other,2,0,0,2,2004/04/09 00:00:00+00,4/9/2004,Mid-Block (not related to intersection),0,NOT ENOUGH INFORMATION / NOT APPLICABLE,,0,Clear,Dry,Daylight,,4100002.0,,50,Fixed object,0,0,N
7005,1,-122.3207804,47.61407567,8677,22338,22338,1789529,Matched,Intersection,29745.0,BROADWAY AND E PIKE ST,,,1,Property Damage Only Collision,Left Turn,5,0,0,2,2004/04/06 00:00:00+00,4/6/2004,At Intersection (intersection related),11,"MOTOR VEHICLE STRUCK MOTOR VEHICLE, FRONT END AT ANGLE",,0,Clear,Dry,Daylight,,4097036.0,,29,From opposite direction - one left turn - one right turn,0,0,N
7006,1,-122.26939569999999,47.53828102,8678,21511,21511,1771411,Matched,Block,,S ORCHARD ST BETWEEN RAINIER AVE S AND ORCHARD N PL S,,,1,Property Damage Only Collision,Other,1,0,0,1,2004/03/15 00:00:00+00,3/15/2004 2:00:00 PM,Mid-Block (not related to intersection),28,MOTOR VEHICLE RAN OFF ROAD - HIT FIXED OBJECT,,0,Clear,Dry,Daylight,,4075027.0,,50,Fixed object,0,0,N
7007,1,-122.2778942,47.66780849,8681,21361,21361,1794006,Matched,Block,,NE 54TH ST BETWEEN 46TH AVE NE AND 47TH AVE NE,,,1,Property Damage Only Collision,Parked Car,2,0,0,2,2004/11/26 00:00:00+00,11/26/2004 6:45:00 AM,Mid-Block (not related to intersection),13,"MOTOR VEHICLE STRUCK MOTOR VEHICLE, LEFT SIDE AT ANGLE",,0,Unknown,Unknown,Unknown,,4331013.0,,32,One parked--one moving,0,0,N
7008,1,-122.3714275,47.5732825,8682,20665,20665,1774941,Matched,Block,,30TH AVE SW BETWEEN SW CITY VIEW ST AND SW HINDS ST,,,1,Property Damage Only Collision,Parked Car,2,0,0,2,2004/06/02 00:00:00+00,6/2/2004,Mid-Block (not related to intersection),13,"MOTOR VEHICLE STRUCK MOTOR VEHICLE, LEFT SIDE AT ANGLE",,0,Clear,Dry,Daylight,,4154027.0,,32,One parked--one moving,0,0,N
7009,1,,,8684,21967,21967,1482521,Matched,Alley,,,,,1,Property Damage Only Collision,Parked Car,2,0,0,2,2004/12/06 00:00:00+00,12/6/2004,,0,NOT ENOUGH INFORMATION / NOT APPLICABLE,,0,Unknown,Unknown,Dark - No Street Lights,,4341008.0,,32,One parked--one moving,0,0,N
7010,1,-122.31338810000001,47.5740945,8685,21333,21333,1771366,Matched,Block,,15TH AVE S BETWEEN S HANFORD ST AND S HINDS ST,,,1,Property Damage Only Collision,Parked Car,2,0,0,2,2004/02/23 00:00:00+00,2/23/2004 4:00:00 AM,Mid-Block (not related to intersection),14,"MOTOR VEHICLE STRUCK MOTOR VEHICLE, REAR END",,0,Overcast,Wet,Dark - Street Lights On,,4054010.0,,32,One parked--one moving,0,0,N
7011,1,-122.3422564,47.65918323,8686,21705,21705,1774491,Matched,Intersection,26815.0,STONE WAY N AND N 43RD ST,,,1,Property Damage Only Collision,Rear Ended,2,0,0,2,2004/04/06 00:00:00+00,4/6/2004,At Intersection (intersection related),14,"MOTOR VEHICLE STRUCK MOTOR VEHICLE, REAR END",Y,0,Clear,Dry,Daylight,,4097039.0,,14,From same direction - both going straight - one stopped - rear-end,0,0,N
7012,1,-122.38162009999999,47.55292972,8688,22355,22355,1790179,Matched,Block,,FAUNTLEROY WAY SW BETWEEN SW BRANDON ST AND SW FINDLAY ST,,,1,Property Damage Only Collision,Parked Car,3,0,0,2,2004/09/01 00:00:00+00,9/1/2004,Mid-Block (not related to intersection),13,"MOTOR VEHICLE STRUCK MOTOR VEHICLE, LEFT SIDE AT ANGLE",,0,Clear,Wet,Daylight,,4245008.0,Y,32,One parked--one moving,0,0,N