,SEVERITYCODE,X,Y,OBJECTID,INCKEY,COLDETKEY,REPORTNO,STATUS,ADDRTYPE,INTKEY,LOCATION,EXCEPTRSNCODE,EXCEPTRSNDESC,SEVERITYCODE.1,SEVERITYDESC,COLLISIONTYPE,PERSONCOUNT,PEDCOUNT,PEDCYLCOUNT,VEHCOUNT,INCDATE,INCDTTM,JUNCTIONTYPE,SDOT_COLCODE,SDOT_COLDESC,INATTENTIONIND,UNDERINFL,WEATHER,ROADCOND,LIGHTCOND,PEDROWNOTGRNT,SDOTCOLNUM,SPEEDING,ST_COLCODE,ST_COLDESC,SEGLANEKEY,CROSSWALKKEY,HITPARKEDCAR
7013,1,-122.34481370000002,47.71231922,8689,21876,21876,1793802,Matched,Intersection,36342.0,AURORA AVE N AND N 115TH ST,,,1,Property Damage Only Collision,Left Turn,2,0,0,2,2004/07/28 00:00:00+00,7/28/2004 3:10:00 PM,At Intersection (intersection related),11,"MOTOR VEHICLE STRUCK MOTOR VEHICLE, FRONT END AT ANGLE",Y,0,Clear,Dry,Daylight,,4210004.0,,28,From opposite direction - one left turn - one straight,0,0,N
7014,1,-122.34543590000001,47.67913448,8691,21535,21535,1774013,Matched,Block,,AURORA AVE N BETWEEN N 68TH ST AND N 70TH ST,,,1,Property Damage Only Collision,Rear Ended,3,0,0,2,2004/03/13 00:00:00+00,3/13/2004 8:14:00 PM,Mid-Block (not related to intersection),14,"MOTOR VEHICLE STRUCK MOTOR VEHICLE, REAR END",,0,Clear,Dry,Dark - Street Lights On,,4073015.0,,14,From same direction - both going straight - one stopped - rear-end,0,0,N
7015,1,-122.35116670000001,47.61730024,8692,21004,21004,1213706,Matched,Block,,2ND AVE BETWEEN CLAY ST AND BROAD ST,,,1,Property Damage Only Collision,Other,3,0,0,2,2004/04/10 00:00:00+00,4/10/2004 4:49:00 PM,Mid-Block (not related to intersection),14,"MOTOR VEHICLE STRUCK MOTOR VEHICLE, REAR END",,0,Clear,Dry,Daylight,,4101031.0,,23,From same direction - all others,0,0,N
7016,2,-122.3624662,47.6295941,8694,22041,22041,1777768,Matched,Block,,W HIGHLAND DR BETWEEN 4TH AVE W AND 5TH AVE W,,,2,Injury Collision,Other,2,0,0,1,2004/01/18 00:00:00+00,1/18/2004 10:39:00 PM,Mid-Block (but intersection related),14,"MOTOR VEHICLE STRUCK MOTOR VEHICLE, REAR END",,0,Overcast,Wet,Dark - Street Lights On,,4018006.0,Y,50,Fixed object,0,0,N
7017,1,-122.3498847,47.65088991,8695,21936,21936,C650751,Matched,Block,,FREMONT AVE N BETWEEN FREMONT PL N AND N 36TH ST,,,1,Property Damage Only Collision,Rear Ended,2,0,0,2,2004/12/09 00:00:00+00,12/9/2004,Mid-Block (not related to intersection),14,"MOTOR VEHICLE STRUCK MOTOR VEHICLE, REAR END",,0,Raining,Wet,Daylight,,4344065.0,,14,From same direction - both going straight - one stopped - rear-end,0,0,N
7018,1,-122.34135400000001,47.61736293,8696,21349,21349,1784884,Matched,Intersection,29520.0,7TH AVE AND BELL ST,,,1,Property Damage Only Collision,Angles,3,0,0,3,2004/09/01 00:00:00+00,9/1/2004,At Intersection (intersection related),11,"MOTOR VEHICLE STRUCK MOTOR VEHICLE, FRONT END AT ANGLE",,0,Overcast,Dry,Daylight,,4245015.0,,10,Entering at angle,0,0,N
7019,2,-122.3554149,47.70146108,8697,21353,21353,1782458,Matched,Intersection,37396.0,GREENWOOD AVE N AND N 100TH ST,,,2,Injury Collision,Other,1,0,0,1,2004/04/05 00:00:00+00,4/5/2004,At Intersection (intersection related),29,MOTOR VEHICLE OVERTURNED IN ROAD,,0,Clear,Dry,Daylight,,4096003.0,,52,Vehicle overturned,0,0,N
7020,1,-122.34755359999998,47.62671902,8698,21404,21404,1780545,Matched,Block,,5TH AVE N BETWEEN VALLEY ST AND ALOHA ST,,,1,Property Damage Only Collision,Parked Car,2,0,0,2,2004/05/13 00:00:00+00,5/13/2004 8:45:00 AM,Mid-Block (not related to intersection),11,"MOTOR VEHICLE STRUCK MOTOR VEHICLE, FRONT END AT ANGLE",,0,Clear,Dry,Daylight,,4134021.0,,32,One parked--one moving,0,0,N
7021,1,-122.34696869999999,47.61856847,8699,20506,20506,1777946,Matched,Block,,DENNY WAY BETWEEN 5TH AVE AND TAYLOR AVE N,,,1,Property Damage Only Collision,Rear Ended,2,0,0,2,2004/03/22 00:00:00+00,3/22/2004 6:45:00 PM,Mid-Block (but intersection related),14,"MOTOR VEHICLE STRUCK MOTOR VEHICLE, REAR END",,0,Overcast,Dry,Dusk,,4082015.0,,14,From same direction - both going straight - one stopped - rear-end,0,0,N
7022,1,-122.35880729999998,47.52102958,8703,21555,21555,1798263,Matched,Block,,SW BARTON ST BETWEEN DELRIDGE WAY SW AND 20TH AVE SW,,,1,Property Damage Only Collision,Other,3,0,0,2,2004/09/17 00:00:00+00,9/17/2004 2:51:00 PM,Mid-Block (not related to intersection),31,DRIVERLESS VEHICLE STRUCK MOTOR VEHICLE FRONT END AT ANGLE,,0,Clear,Dry,Daylight,,4261027.0,,22,One car leaving driveway access,0,0,N
7023,1,-122.38197849999999,47.53354468,8704,21908,21908,1795677,Matched,Intersection,33830.0,39TH AVE SW AND SW HOLDEN ST,,,1,Property Damage Only Collision,Angles,4,0,0,3,2004/09/22 00:00:00+00,9/22/2004 10:31:00 PM,At Intersection (intersection related),11,"MOTOR VEHICLE STRUCK MOTOR VEHICLE, FRONT END AT ANGLE",,1,Clear,Dry,Dark - Street Lights On,,4266020.0,Y,10,Entering at angle,0,0,N
7024,1,-122.35672930000001,47.62210836,8705,21864,21864,1079046,Matched,Intersection,28653.0,HARRISON ST AND QUEEN ANNE AVE N,,,1,Property Damage Only Collision,Left Turn,2,0,0,2,2004/03/26 00:00:00+00,3/26/2004 2:15:00 AM,At Intersection (intersection related),11,"MOTOR VEHICLE STRUCK MOTOR VEHICLE, FRONT END AT ANGLE",,0,Clear,Dry,Dark - Street Lights On,,4086002.0,,15,From same direction - one left turn - one straight,0,0,N
7025,1,-122.3169374,47.6205204,8706,21402,21402,1787373,Matched,Block,,12TH AVE E BETWEEN E JOHN ST AND E THOMAS ST,,,1,Property Damage Only Collision,Rear Ended,4,0,0,2,2004/04/17 00:00:00+00,4/17/2004 3:25:00 AM,Mid-Block (but intersection related),14,"MOTOR VEHICLE STRUCK MOTOR VEHICLE, REAR END",,0,Unknown,Unknown,Unknown,,4108028.0,,14,From same direction - both going straight - one stopped - rear-end,0,0,N
7026,1,-122.3044517,47.69893948,8709,20383,20383,566948,Matched,Block,,LAKE CITY WAY NE BETWEEN NE 95TH ST AND NE 98TH ST,,,1,Property Damage Only Collision,Rear Ended,0,0,0,2,2004/05/08 00:00:00+00,5/8/2004,Mid-Block (but intersection related),14,"MOTOR VEHICLE STRUCK MOTOR VEHICLE, REAR END",,0,Clear,Dry,Daylight,,4129012.0,Y,13,From same direction - both going straight - both moving - rear-end,0,0,N
7027,2,-122.337676,47.66358007,8710,22464,22464,1220005,Matched,Intersection,25549.0,DENSMORE AVE N AND N 48TH ST,,,2,Injury Collision,Angles,2,0,0,2,2004/10/07 00:00:00+00,10/7/2004,At Intersection (intersection related),11,"MOTOR VEHICLE STRUCK MOTOR VEHICLE, FRONT END AT ANGLE",Y,0,Clear,Dry,Daylight,,4281021.0,,10,Entering at angle,0,0,N
7028,1,-122.3444517,47.61802169,8711,21636,21636,1186599,Matched,Intersection,29518.0,6TH AVE AND WALL ST,,,1,Property Damage Only Collision,Parked Car,2,0,0,2,2004/08/26 00:00:00+00,8/26/2004 10:53:00 AM,At Intersection (intersection related),11,"MOTOR VEHICLE STRUCK MOTOR VEHICLE, FRONT END AT ANGLE",,0,Clear,Dry,Daylight,,4239031.0,,20,One car leaving parked position,0,0,N
7029,1,-122.31131289999999,47.61510565,8712,21209,21209,1772672,Matched,Block,,E MADISON ST BETWEEN 16TH AVE AND E PINE ST,,,1,Property Damage Only Collision,Rear Ended,2,0,0,2,2004/06/10 00:00:00+00,6/10/2004 6:55:00 AM,Mid-Block (but intersection related),14,"MOTOR VEHICLE STRUCK MOTOR VEHICLE, REAR END",,0,Raining,Wet,Daylight,,4162027.0,,14,From same direction - both going straight - one stopped - rear-end,0,0,N
7030,2,-122.34476000000001,47.70905972,8713,21439,21439,1775619,Matched,Block,,AURORA AVE N BETWEEN N 109TH ST AND N 112TH ST,,,2,Injury Collision,Rear Ended,3,0,0,3,2004/01/09 00:00:00+00,1/9/2004,Mid-Block (but intersection related),14,"MOTOR VEHICLE STRUCK MOTOR VEHICLE, REAR END",,0,Raining,Wet,Daylight,,4009027.0,,14,From same direction - both going straight - one stopped - rear-end,0,0,N
7031,1,-122.36419679999999,47.62489166,8714,21383,21383,1783227,Matched,Block,,W MERCER PL BETWEEN W MERCER ST AND 6TH AVE W,,,1,Property Damage Only Collision,Parked Car,2,0,0,2,2004/06/17 00:00:00+00,6/17/2004 8:32:00 AM,Mid-Block (not related to intersection),14,"MOTOR VEHICLE STRUCK MOTOR VEHICLE, REAR END",,0,Clear,Dry,Daylight,,4169014.0,,32,One parked--one moving,0,0,N
7032,1,-122.32087290000001,47.61990775,8716,22227,22227,1789861,Matched,Intersection,29052.0,BROADWAY E AND E OLIVE WAY,,,1,Property Damage Only Collision,Angles,2,0,0,2,2004/01/29 00:00:00+00,1/29/2004 11:19:00 AM,At Intersection (intersection related),11,"MOTOR VEHICLE STRUCK MOTOR VEHICLE, FRONT END AT ANGLE",,0,Raining,Wet,Daylight,,4029020.0,,10,Entering at angle,0,0,N
7033,1,-122.3050362,47.60474707,8717,21464,21464,1788496,Matched,Block,,21ST AVE BETWEEN E ALDER ST AND E TERRACE ST,,,1,Property Damage Only Collision,Other,1,0,0,1,2004/03/07 00:00:00+00,3/7/2004,Mid-Block (not related to intersection),28,MOTOR VEHICLE RAN OFF ROAD - HIT FIXED OBJECT,,0,Clear,Dry,Dark - Street Lights On,,4067016.0,,50,Fixed object,0,0,N
7034,2,-122.29505990000001,47.56086211,8718,21039,21039,1778987,Matched,Intersection,32501.0,S ALASKA PL AND S ALASKA ST,,,2,Injury Collision,Left Turn,2,0,0,2,2004/02/06 00:00:00+00,2/6/2004,At Intersection (intersection related),11,"MOTOR VEHICLE STRUCK MOTOR VEHICLE, FRONT END AT ANGLE",,0,Overcast,Wet,Dark - Street Lights On,,4037022.0,,28,From opposite direction - one left turn - one straight,0,0,N
7035,1,-122.3205325,47.70721265,8719,21820,21820,1482578,Matched,Block,,8TH AVE NE BETWEEN NE 106TH ST AND NE NORTHGATE WAY,,,1,Property Damage Only Collision,Parked Car,2,0,0,2,2004/05/28 00:00:00+00,5/28/2004 5:10:00 PM,Mid-Block (not related to intersection),13,"MOTOR VEHICLE STRUCK MOTOR VEHICLE, LEFT SIDE AT ANGLE",,0,Unknown,Unknown,Daylight,,4149038.0,,32,One parked--one moving,0,0,N
7036,1,-122.3429216,47.6387124,8720,20871,20871,1778038,Matched,Block,,WAVERLY PL N BETWEEN CROCKETT ST AND MCGRAW ST,,,1,Property Damage Only Collision,Parked Car,2,0,0,2,2004/02/29 00:00:00+00,2/29/2004 11:00:00 PM,Driveway Junction,11,"MOTOR VEHICLE STRUCK MOTOR VEHICLE, FRONT END AT ANGLE",,0,Other,Dry,Unknown,,4060003.0,,32,One parked--one moving,0,0,N
7037,1,-122.30649220000001,47.66721476,8721,20405,20405,1220453,Matched,Block,,20TH AVE NE BETWEEN NE 52ND ST AND NE 54TH ST,,,1,Property Damage Only Collision,Parked Car,2,0,0,2,2004/09/08 00:00:00+00,9/8/2004,Mid-Block (not related to intersection),16,"MOTOR VEHICLE STRUCK MOTOR VEHICLE, LEFT SIDE SIDESWIPE",,0,Clear,Dry,Dark - Street Lights On,,4252003.0,,32,One parked--one moving,0,0,N
7038,2,-122.3286131,47.7077206,8722,22341,22341,1220208,Matched,Block,,1ST AVE NE BETWEEN I5 NB 1ST AV NE OFF RP AND NE NORTHGATE WAY,,,2,Injury Collision,Rear Ended,3,0,0,2,2004/12/12 00:00:00+00,12/12/2004 1:55:00 PM,Mid-Block (not related to intersection),14,"MOTOR VEHICLE STRUCK MOTOR VEHICLE, REAR END",Y,0,Clear,Dry,Daylight,,4347004.0,,13,From same direction - both going straight - both moving - rear-end,0,0,N
7039,1,-122.28173659999999,47.53796439,8723,21711,21711,1788072,Matched,Block,,M L KING JR WR WAY S BETWEEN S MYRTLE ST AND S OTHELLO ST,,,1,Property Damage Only Collision,Sideswipe,3,0,0,3,2004/04/03 00:00:00+00,4/3/2004,Mid-Block (not related to intersection),16,"MOTOR VEHICLE STRUCK MOTOR VEHICLE, LEFT SIDE SIDESWIPE",,0,Clear,Dry,Daylight,,4094012.0,,11,From same direction - both going straight - both moving - sideswipe,0,0,N
7040,1,-122.2739848,47.53470464,8724,21089,21089,1327436,Matched,Block,,S AUSTIN ST BETWEEN 46TH AVE S AND 48TH AVE S,,,1,Property Damage Only Collision,Parked Car,2,0,0,2,2004/06/01 00:00:00+00,6/1/2004,Mid-Block (not related to intersection),13,"MOTOR VEHICLE STRUCK MOTOR VEHICLE, LEFT SIDE AT ANGLE",,0,Clear,Dry,Daylight,,4153004.0,,32,One parked--one moving,0,0,N
7041,1,-122.33068899999999,47.60701684,8725,22021,22021,1961354,Matched,Intersection,29947.0,6TH AVE AND MADISON ST,,,1,Property Damage Only Collision,Sideswipe,4,0,0,2,2004/12/08 00:00:00+00,12/8/2004,At Intersection (intersection related),11,"MOTOR VEHICLE STRUCK MOTOR VEHICLE, FRONT END AT ANGLE",,0,Clear,Dry,Daylight,,4343043.0,,71,Same direction -- both turning right -- both moving -- sideswipe,0,0,N
7042,1,-122.321371,47.59583155,8726,21139,21139,1217038,Matched,Intersection,30444.0,DEARBORN OFF RP AND S DEARBORN ST,,,1,Property Damage Only Collision,Angles,2,0,0,2,2004/12/04 00:00:00+00,12/4/2004,At Intersection (intersection related),11,"MOTOR VEHICLE STRUCK MOTOR VEHICLE, FRONT END AT ANGLE",,0,Raining,Wet,Daylight,,4339022.0,,10,Entering at angle,0,0,N
7043,1,-122.3156821,47.59919952,8729,21488,21488,1795885,Matched,Block,,S JACKSON ST BETWEEN 12TH AVE S AND 14TH AVE S,,,1,Property Damage Only Collision,Other,2,0,0,2,2004/10/14 00:00:00+00,10/14/2004 5:08:00 PM,Driveway Junction,11,"MOTOR VEHICLE STRUCK MOTOR VEHICLE, FRONT END AT ANGLE",,0,Clear,Dry,Daylight,,4288009.0,,22,One car leaving driveway access,0,0,N
7044,2,-122.314015,47.53476481,8730,20916,20916,1795331,Matched,Block,,EAST MARGINAL WAY S BETWEEN 14TH AVE S AND 16TH AVE S,,,2,Injury Collision,Head On,3,0,0,2,2004/11/16 00:00:00+00,11/16/2004 3:24:00 PM,Mid-Block (but intersection related),11,"MOTOR VEHICLE STRUCK MOTOR VEHICLE, FRONT END AT ANGLE",,0,Raining,Wet,Dawn,,4321025.0,Y,30,From opposite direction - all others,0,0,N
7045,2,-122.32786399999999,47.61778205,8731,21428,21428,1200825,Matched,Block,,MELROSE AVE BETWEEN E OLIVE PL AND E DENNY WAY,,,2,Injury Collision,Other,3,0,0,3,2004/06/03 00:00:00+00,6/3/2004,Mid-Block (but intersection related),28,MOTOR VEHICLE RAN OFF ROAD - HIT FIXED OBJECT,,0,Clear,Dry,Daylight,,4155031.0,,50,Fixed object,0,0,N
7046,1,-122.3549567,47.54099122,8732,21357,21357,1781273,Matched,Block,,16TH AVE SW BETWEEN SW HOLLY ST AND SW MYRTLE ST,,,1,Property Damage Only Collision,Parked Car,2,0,0,2,2004/08/11 00:00:00+00,8/11/2004 1:37:00 PM,Mid-Block (not related to intersection),16,"MOTOR VEHICLE STRUCK MOTOR VEHICLE, LEFT SIDE SIDESWIPE",Y,0,Clear,Dry,Daylight,,4224003.0,,32,One parked--one moving,0,0,N
7047,2,-122.3444844,47.68303692,8733,20566,20566,1781045,Matched,Block,,AURORA AVE N BETWEEN WINONA AVE N AND N 75TH ST,,,2,Injury Collision,Rear Ended,2,0,0,2,2004/07/09 00:00:00+00,7/9/2004,Mid-Block (but intersection related),14,"MOTOR VEHICLE STRUCK MOTOR VEHICLE, REAR END",Y,0,Raining,Wet,Daylight,,4191041.0,,14,From same direction - both going straight - one stopped - rear-end,0,0,N
7048,1,,,8734,22507,22507,1793510,Matched,Alley,,,,,1,Property Damage Only Collision,Other,1,0,0,1,2004/10/05 00:00:00+00,10/5/2004,Mid-Block (not related to intersection),0,NOT ENOUGH INFORMATION / NOT APPLICABLE,,0,Clear,Dry,Dark - Street Lights On,,4279009.0,,50,Fixed object,0,0,N
7049,1,-122.2978706,47.59443579,8735,21885,21885,1319793,Matched,Block,,M L KING JR WAY S BETWEEN S DEARBORN ST AND S NORMAN ST,,,1,Property Damage Only Collision,Other,2,0,0,2,2004/02/29 00:00:00+00,2/29/2004 8:28:00 AM,Mid-Block (not related to intersection),15,"MOTOR VEHICLE STRUCK MOTOR VEHICLE, RIGHT SIDE SIDESWIPE",,0,Clear,Dry,Daylight,,4060026.0,,23,From same direction - all others,0,0,N
7050,2,-122.28992290000001,47.56888238,8736,21312,21312,1793589,Matched,Block,,RAINIER AVE S BETWEEN S CHARLESTOWN ST AND S ANDOVER ST,,,2,Injury Collision,Other,2,0,0,1,2004/12/17 00:00:00+00,12/17/2004 2:10:00 AM,Mid-Block (not related to intersection),28,MOTOR VEHICLE RAN OFF ROAD - HIT FIXED OBJECT,,0,Overcast,Dry,Dark - Street Lights On,,4352004.0,Y,50,Fixed object,0,0,N
7051,2,-122.2941811,47.67578013,8737,21811,21811,1080090,Matched,Block,,NE 65TH ST BETWEEN 31ST W AVE NE AND 31ST E AVE NE,,,2,Injury Collision,Rear Ended,3,0,0,2,2004/09/04 00:00:00+00,9/4/2004,Mid-Block (not related to intersection),14,"MOTOR VEHICLE STRUCK MOTOR VEHICLE, REAR END",Y,0,Clear,Dry,Daylight,,4248017.0,,14,From same direction - both going straight - one stopped - rear-end,0,0,N
7052,2,-122.34757490000001,47.65177672,8738,21005,21005,1796876,Matched,Block,,FREMONT WAY N BETWEEN AURORA AVE N AND FREMONT TURN RD,,,2,Injury Collision,Other,1,0,0,1,2004/06/10 00:00:00+00,6/10/2004 5:48:00 AM,Mid-Block (but intersection related),28,MOTOR VEHICLE RAN OFF ROAD - HIT FIXED OBJECT,,0,Raining,Wet,Dawn,,4162042.0,,50,Fixed object,0,0,N
7053,1,-122.3134077,47.57162902,8739,20683,20683,1793388,Matched,Intersection,32245.0,15TH AVE S AND S SPOKANE ST,,,1,Property Damage Only Collision,Right Turn,3,0,0,2,2004/11/24 00:00:00+00,11/24/2004 1:55:00 PM,At Intersection (intersection related),16,"MOTOR VEHICLE STRUCK MOTOR VEHICLE, LEFT SIDE SIDESWIPE",,0,Raining,Wet,Daylight,,4329052.0,,16,From same direction - one right turn - one straight,0,0,N
7054,2,-122.3522567,47.5342794,8741,21792,21792,1789339,Matched,Block,,SW HOLDEN ST BETWEEN 13TH AVE SW AND 14TH AVE SW,,,2,Injury Collision,Head On,3,0,0,2,2004/09/16 00:00:00+00,9/16/2004 5:42:00 AM,Mid-Block (but intersection related),11,"MOTOR VEHICLE STRUCK MOTOR VEHICLE, FRONT END AT ANGLE",,0,Clear,Dry,Dark - Street Lights On,,4260004.0,,24,From opposite direction - both moving - head-on,0,0,N
7055,1,-122.31990659999998,47.6231255,8742,21346,21346,1790103,Matched,Intersection,29018.0,10TH AVE E AND E REPUBLICAN ST,,,1,Property Damage Only Collision,Angles,2,0,0,2,2004/03/08 00:00:00+00,3/8/2004,At Intersection (intersection related),11,"MOTOR VEHICLE STRUCK MOTOR VEHICLE, FRONT END AT ANGLE",,0,Clear,Dry,Daylight,,4068015.0,,10,Entering at angle,0,0,N
7056,1,,,8743,22446,22446,1777583,Matched,,,,NEI,"Not Enough Information, or Insufficient Location Information",1,Property Damage Only Collision,Parked Car,2,0,0,2,2004/07/17 00:00:00+00,7/17/2004 2:00:00 PM,Mid-Block (not related to intersection),0,NOT ENOUGH INFORMATION / NOT APPLICABLE,,0,Clear,Dry,Daylight,,4199002.0,,32,One parked--one moving,0,0,N
7057,1,-122.28839850000001,47.68170464,8744,21129,21129,527914,Matched,Block,,NE 73RD PL BETWEEN DEAD END AND 38TH AVE NE,,,1,Property Damage Only Collision,Parked Car,0,0,0,2,2004/05/23 00:00:00+00,5/23/2004 6:00:00 PM,Mid-Block (not related to intersection),13,"MOTOR VEHICLE STRUCK MOTOR VEHICLE, LEFT SIDE AT ANGLE",,0,Clear,Dry,Daylight,,4144004.0,,32,One parked--one moving,0,0,N
7058,2,-122.35669309999999,47.6267531,8745,20371,20371,1482272,Matched,Block,,QUEEN ANNE AVE N BETWEEN VALLEY ST AND ALOHA ST,,,2,Injury Collision,Sideswipe,2,0,0,2,2004/06/08 00:00:00+00,6/8/2004,Mid-Block (but intersection related),11,"MOTOR VEHICLE STRUCK MOTOR VEHICLE, FRONT END AT ANGLE",,0,Clear,Dry,Daylight,,4160033.0,,11,From same direction - both going straight - both moving - sideswipe,0,0,N
7059,1,-122.3600879,47.63232148,8746,22516,22516,1213568,Matched,Block,,W GALER ST BETWEEN 2ND W AVE W AND 3RD E AVE W,,,1,Property Damage Only Collision,Parked Car,2,0,0,2,2004/07/24 00:00:00+00,7/24/2004 6:00:00 PM,Mid-Block (not related to intersection),16,"MOTOR VEHICLE STRUCK MOTOR VEHICLE, LEFT SIDE SIDESWIPE",,0,Unknown,Unknown,Unknown,,4206009.0,,32,One parked--one moving,0,0,N
7060,1,-122.32957749999998,47.55045912,8747,21964,21964,1798076,Matched,Intersection,33188.0,4TH AVE S AND S FIDALGO ST,,,1,Property Damage Only Collision,Left Turn,2,0,0,2,2004/06/21 00:00:00+00,6/21/2004 5:30:00 PM,At Intersection (intersection related),11,"MOTOR VEHICLE STRUCK MOTOR VEHICLE, FRONT END AT ANGLE",,0,Clear,Dry,Daylight,,4173027.0,,28,From opposite direction - one left turn - one straight,0,0,N
7061,1,-122.3501723,47.5710834,8748,21058,21058,1781451,Matched,Block,,WEST SEATTLE BR WB BETWEEN ALASKAN WY VI SB WSB WB OFF RP AND W SEATTLE BR WB OFF RP,,,1,Property Damage Only Collision,Sideswipe,2,0,0,2,2004/01/03 00:00:00+00,1/3/2004,Mid-Block (but intersection related),16,"MOTOR VEHICLE STRUCK MOTOR VEHICLE, LEFT SIDE SIDESWIPE",,0,Clear,Dry,Dark - Street Lights On,,4003010.0,,11,From same direction - both going straight - both moving - sideswipe,0,0,N
7062,2,-122.3324513,47.60726631,8749,21701,21701,1213887,Matched,Intersection,29933.0,5TH AVE AND SPRING ST,,,2,Injury Collision,Pedestrian,3,1,0,1,2004/08/11 00:00:00+00,8/11/2004 8:47:00 AM,At Intersection (intersection related),24,MOTOR VEHCILE STRUCK PEDESTRIAN,,0,Clear,Dry,Daylight,Y,4224042.0,,2,Vehicle turning left hits pedestrian,0,0,N
7063,1,-122.3233691,47.64383634,8750,22206,22206,1786849,Matched,Block,,BOYLSTON AVE E BETWEEN E ROANOKE ST AND BOYLSTON AV E OFF RP,,,1,Property Damage Only Collision,Parked Car,2,0,0,2,2004/07/18 00:00:00+00,7/18/2004 7:05:00 PM,Mid-Block (not related to intersection),14,"MOTOR VEHICLE STRUCK MOTOR VEHICLE, REAR END",,0,Overcast,Dry,Daylight,,4200007.0,,32,One parked--one moving,0,0,N
7064,1,-122.3289183,47.72316552,8751,21584,21584,1773573,Matched,Intersection,35969.0,1ST AVE NE AND NE 130TH ST,,,1,Property Damage Only Collision,Angles,3,0,0,2,2004/07/18 00:00:00+00,7/18/2004 11:45:00 AM,At Intersection (intersection related),11,"MOTOR VEHICLE STRUCK MOTOR VEHICLE, FRONT END AT ANGLE",,0,Clear,Dry,Daylight,,4200014.0,,10,Entering at angle,0,0,N
7065,2,-122.32065870000001,47.60444659,8752,20728,20728,1772281,Matched,Block,,BOREN AVE BETWEEN E ALDER ST AND BROADWAY,,,2,Injury Collision,Rear Ended,2,0,0,2,2004/04/22 00:00:00+00,4/22/2004 11:17:00 AM,Mid-Block (but intersection related),14,"MOTOR VEHICLE STRUCK MOTOR VEHICLE, REAR END",,0,Clear,Dry,Daylight,,4113017.0,,14,From same direction - both going straight - one stopped - rear-end,0,0,N
7066,2,-122.3054768,47.69347501,8753,21666,21666,1931036,Matched,Block,,LAKE CITY WAY NE BETWEEN NE 89TH ST AND NE 90TH ST,,,2,Injury Collision,Other,2,0,0,2,2004/12/30 00:00:00+00,12/30/2004 11:38:00 PM,Driveway Junction,11,"MOTOR VEHICLE STRUCK MOTOR VEHICLE, FRONT END AT ANGLE",,0,Clear,Dry,Dark - Street Lights On,,4365013.0,,22,One car leaving driveway access,0,0,N
7067,1,-122.34506,47.73076391,8757,21507,21507,1080192,Matched,Block,,AURORA AVE N BETWEEN N 140TH ST AND N 141ST ST,,,1,Property Damage Only Collision,Other,2,0,0,2,2004/10/08 00:00:00+00,10/8/2004,Mid-Block (not related to intersection),11,"MOTOR VEHICLE STRUCK MOTOR VEHICLE, FRONT END AT ANGLE",,0,Raining,Wet,Dark - Street Lights On,,4282045.0,,21,One car entering driveway access,0,0,N
7068,1,-122.408731,47.57771566,8758,21355,21355,1482377,Matched,Block,,SW STEVENS ST BETWEEN 59TH AVE SW AND 60TH AVE SW,,,1,Property Damage Only Collision,Parked Car,2,0,0,2,2004/04/22 00:00:00+00,4/22/2004 3:00:00 AM,Mid-Block (not related to intersection),14,"MOTOR VEHICLE STRUCK MOTOR VEHICLE, REAR END",,0,Clear,Dry,Dusk,,4113009.0,,32,One parked--one moving,0,0,N
7069,1,-122.3798223,47.54474885,8759,22703,22703,1789025,Matched,Block,,SW MORGAN ST BETWEEN 37TH AVE SW AND 38TH AVE SW,,,1,Property Damage Only Collision,Rear Ended,2,0,0,2,2004/01/29 00:00:00+00,1/29/2004 7:30:00 AM,Mid-Block (but intersection related),14,"MOTOR VEHICLE STRUCK MOTOR VEHICLE, REAR END",,0,Raining,Wet,Dark - Street Lights On,,4029014.0,,14,From same direction - both going straight - one stopped - rear-end,0,0,N
7070,2,-122.3246626,47.64087698,8760,21988,21988,1772086,Matched,Block,,FRANKLIN AVE E BETWEEN E LYNN ST AND E LOUISA ST,,,2,Injury Collision,Parked Car,4,0,0,3,2004/04/17 00:00:00+00,4/17/2004 2:15:00 AM,Mid-Block (not related to intersection),16,"MOTOR VEHICLE STRUCK MOTOR VEHICLE, LEFT SIDE SIDESWIPE",,1,Overcast,Dry,Dark - Street Lights On,,4108037.0,,32,One parked--one moving,0,0,N
7071,1,-122.3767929,47.68687813,8761,23480,23480,1781838,Matched,Intersection,23882.0,15TH AVE NW AND NW 80TH ST,,,1,Property Damage Only Collision,Angles,2,0,0,2,2004/09/13 00:00:00+00,9/13/2004 9:00:00 AM,At Intersection (intersection related),11,"MOTOR VEHICLE STRUCK MOTOR VEHICLE, FRONT END AT ANGLE",,0,Overcast,Wet,Daylight,,4257014.0,,10,Entering at angle,0,0,N
7072,1,-122.3806733,47.52838034,8762,22797,22797,1781079,Matched,Block,,SW THISTLE ST BETWEEN 37TH AVE SW AND 39TH AVE SW,,,1,Property Damage Only Collision,Parked Car,2,0,0,2,2004/02/14 00:00:00+00,2/14/2004 2:37:00 AM,Mid-Block (not related to intersection),11,"MOTOR VEHICLE STRUCK MOTOR VEHICLE, FRONT END AT ANGLE",,0,Raining,Wet,Dark - Street Lights On,,4045019.0,,20,One car leaving parked position,0,0,N
7073,1,-122.3029095,47.58454186,8765,23235,23235,1771615,Matched,Intersection,31562.0,23RD AVE S AND RAINIER AVE S,,,1,Property Damage Only Collision,Left Turn,3,0,0,2,2004/06/23 00:00:00+00,6/23/2004 6:00:00 PM,At Intersection (intersection related),11,"MOTOR VEHICLE STRUCK MOTOR VEHICLE, FRONT END AT ANGLE",,0,Clear,Dry,Daylight,,4175015.0,,28,From opposite direction - one left turn - one straight,0,0,N