,SEVERITYCODE,X,Y,OBJECTID,INCKEY,COLDETKEY,REPORTNO,STATUS,ADDRTYPE,INTKEY,LOCATION,EXCEPTRSNCODE,EXCEPTRSNDESC,SEVERITYCODE.1,SEVERITYDESC,COLLISIONTYPE,PERSONCOUNT,PEDCOUNT,PEDCYLCOUNT,VEHCOUNT,INCDATE,INCDTTM,JUNCTIONTYPE,SDOT_COLCODE,SDOT_COLDESC,INATTENTIONIND,UNDERINFL,WEATHER,ROADCOND,LIGHTCOND,PEDROWNOTGRNT,SDOTCOLNUM,SPEEDING,ST_COLCODE,ST_COLDESC,SEGLANEKEY,CROSSWALKKEY,HITPARKEDCAR
7074,2,-122.32961979999999,47.61591389,8766,23589,23589,1212923,Matched,Intersection,29853.0,MINOR AVE AND OLIVE WAY,,,2,Injury Collision,Pedestrian,2,1,0,1,2004/02/26 00:00:00+00,2/26/2004 8:59:00 AM,At Intersection (intersection related),24,MOTOR VEHCILE STRUCK PEDESTRIAN,,0,Overcast,Wet,Daylight,Y,4057005.0,,2,Vehicle turning left hits pedestrian,0,0,N
7075,1,-122.29652879999999,47.57239304,8768,23493,23493,1793626,Matched,Block,,RENTON PL S BETWEEN M L KING JR ER WAY S AND S WALDEN ST,,,1,Property Damage Only Collision,Rear Ended,3,0,0,2,2004/08/02 00:00:00+00,8/2/2004,Mid-Block (not related to intersection),14,"MOTOR VEHICLE STRUCK MOTOR VEHICLE, REAR END",,0,Clear,Dry,Daylight,,4215009.0,,14,From same direction - both going straight - one stopped - rear-end,0,0,N
7076,1,-122.29499479999998,47.60056733,8770,22969,22969,1772055,Matched,Block,,29TH AVE S BETWEEN S WASHINGTON ST AND S MAIN ST,,,1,Property Damage Only Collision,Parked Car,2,0,0,2,2004/03/22 00:00:00+00,3/22/2004 11:40:00 AM,Mid-Block (not related to intersection),14,"MOTOR VEHICLE STRUCK MOTOR VEHICLE, REAR END",,0,Clear,Dry,Daylight,,4082002.0,,32,One parked--one moving,0,0,N
7077,1,-122.35532079999999,47.69241844,8771,21973,21973,1773514,Matched,Intersection,37448.0,GREENWOOD AVE N AND N 87TH ST,,,1,Property Damage Only Collision,Left Turn,3,0,0,2,2004/05/23 00:00:00+00,5/23/2004 12:41:00 AM,At Intersection (intersection related),11,"MOTOR VEHICLE STRUCK MOTOR VEHICLE, FRONT END AT ANGLE",,0,Clear,Dry,Dark - Street Lights On,,4144023.0,,28,From opposite direction - one left turn - one straight,0,0,N
7078,1,-122.3788837,47.66944588,8772,23664,23664,1779920,Matched,Intersection,25148.0,17TH AVE NW AND NW 56TH ST,,,1,Property Damage Only Collision,Angles,2,0,0,2,2004/05/11 00:00:00+00,5/11/2004 3:10:00 PM,At Intersection (intersection related),11,"MOTOR VEHICLE STRUCK MOTOR VEHICLE, FRONT END AT ANGLE",,0,Clear,Unknown,Daylight,,4132008.0,,10,Entering at angle,0,0,N
7079,2,-122.27912240000002,47.51524989,8773,23082,23082,1773034,Matched,Block,,M L KING JR WR WAY S BETWEEN MERTON WAY S AND S NORFOLK ST,,,2,Injury Collision,Rear Ended,2,0,0,2,2004/09/13 00:00:00+00,9/13/2004 5:28:00 AM,Mid-Block (but intersection related),14,"MOTOR VEHICLE STRUCK MOTOR VEHICLE, REAR END",Y,0,Raining,Wet,Dark - Street Lights On,,4257030.0,,14,From same direction - both going straight - one stopped - rear-end,0,0,N
7080,1,-122.3196844,47.62682378,8774,22937,22937,1216635,Matched,Block,,E ALOHA ST BETWEEN 10TH AVE E AND FEDERAL AVE E,,,1,Property Damage Only Collision,Parked Car,2,0,0,2,2004/06/17 00:00:00+00,6/17/2004 9:30:00 PM,Mid-Block (not related to intersection),11,"MOTOR VEHICLE STRUCK MOTOR VEHICLE, FRONT END AT ANGLE",,0,Unknown,Unknown,Unknown,,4169030.0,,32,One parked--one moving,0,0,N
7081,1,-122.31136969999999,47.66488852,8775,23462,23462,1773678,Matched,Block,,NE 50TH ST BETWEEN 15TH AVE NE AND 16TH AVE NE,,,1,Property Damage Only Collision,Sideswipe,3,0,0,2,2004/02/07 00:00:00+00,2/7/2004,Mid-Block (not related to intersection),16,"MOTOR VEHICLE STRUCK MOTOR VEHICLE, LEFT SIDE SIDESWIPE",,0,Overcast,Wet,Daylight,,4038009.0,,11,From same direction - both going straight - both moving - sideswipe,0,0,N
7082,2,-122.34489609999999,47.717173100000004,8776,22862,22862,1774052,Matched,Block,,AURORA AVE N BETWEEN N 117TH PL AND N 125TH ST,,,2,Injury Collision,Rear Ended,3,0,0,2,2004/01/03 00:00:00+00,1/3/2004,Driveway Junction,14,"MOTOR VEHICLE STRUCK MOTOR VEHICLE, REAR END",,0,Clear,Ice,Dusk,,4003006.0,,14,From same direction - both going straight - one stopped - rear-end,0,0,N
7083,1,-122.3042335,47.61529576,8777,23512,23512,1786821,Matched,Block,,E PINE ST BETWEEN 21ST AVE AND 22ND AVE,,,1,Property Damage Only Collision,Parked Car,2,0,0,2,2004/09/26 00:00:00+00,9/26/2004 3:44:00 AM,Mid-Block (not related to intersection),11,"MOTOR VEHICLE STRUCK MOTOR VEHICLE, FRONT END AT ANGLE",,0,Clear,Dry,Dark - Street Lights On,,4270016.0,,32,One parked--one moving,0,0,N
7084,1,-122.278732,47.52520003,8778,23581,23581,1772919,Matched,Block,,M L KING JR ER WAY S BETWEEN S CLOVERDALE ST AND S TRENTON ST,,,1,Property Damage Only Collision,Rear Ended,2,0,0,2,2004/07/13 00:00:00+00,7/13/2004 8:40:00 AM,Mid-Block (not related to intersection),14,"MOTOR VEHICLE STRUCK MOTOR VEHICLE, REAR END",,0,Clear,Dry,Daylight,,4195024.0,,14,From same direction - both going straight - one stopped - rear-end,0,0,N
7085,2,-122.32548349999999,47.72313601,8779,23188,23188,1328924,Matched,Intersection,35983.0,130TH ST ON RP AND NE 130TH ST,,,2,Injury Collision,Rear Ended,2,0,0,2,2004/07/09 00:00:00+00,7/9/2004,At Intersection (intersection related),14,"MOTOR VEHICLE STRUCK MOTOR VEHICLE, REAR END",,0,Raining,Wet,Daylight,,4191022.0,,14,From same direction - both going straight - one stopped - rear-end,0,0,N
7086,2,-122.3540128,47.69602395,8780,23054,23054,1930952,Matched,Intersection,37429.0,PHINNEY AVE N AND N 92ND ST,,,2,Injury Collision,Angles,6,0,0,2,2004/12/04 00:00:00+00,12/4/2004,At Intersection (intersection related),11,"MOTOR VEHICLE STRUCK MOTOR VEHICLE, FRONT END AT ANGLE",,0,Raining,Wet,Daylight,,4339030.0,,10,Entering at angle,0,0,N
7087,2,-122.34451999999999,47.69019792,8781,22960,22960,1775480,Matched,Block,,AURORA AVE N BETWEEN N 84TH ST AND N 85TH ST,,,2,Injury Collision,Rear Ended,3,0,0,2,2004/02/14 00:00:00+00,2/14/2004 1:10:00 AM,Mid-Block (not related to intersection),14,"MOTOR VEHICLE STRUCK MOTOR VEHICLE, REAR END",,0,Raining,Wet,Dark - Street Lights On,,4045028.0,Y,13,From same direction - both going straight - both moving - rear-end,0,0,N
7088,1,-122.29608400000001,47.67941394,8782,22497,22497,1780884,Matched,Block,,NE 70TH ST BETWEEN 29TH AVE NE AND 30TH W AVE NE,,,1,Property Damage Only Collision,Parked Car,2,0,0,2,2004/05/25 00:00:00+00,5/25/2004 6:25:00 PM,Mid-Block (not related to intersection),16,"MOTOR VEHICLE STRUCK MOTOR VEHICLE, LEFT SIDE SIDESWIPE",,0,Unknown,Ice,Dusk,,4146030.0,Y,32,One parked--one moving,0,0,N
7089,2,-122.32041540000002,47.62312721,8783,22618,22618,1798882,Matched,Block,,E REPUBLICAN ST BETWEEN BROADWAY E AND 10TH AVE E,,,2,Injury Collision,Parked Car,3,0,0,3,2004/08/29 00:00:00+00,8/29/2004 6:09:00 PM,Mid-Block (but intersection related),14,"MOTOR VEHICLE STRUCK MOTOR VEHICLE, REAR END",,0,Clear,Dry,Daylight,,4242024.0,Y,32,One parked--one moving,0,0,N
7090,1,-122.30039350000001,47.71930834,8784,22641,22641,1775681,Matched,Intersection,36605.0,26TH AVE NE AND NE 125TH ST,,,1,Property Damage Only Collision,Angles,3,0,0,2,2004/10/13 00:00:00+00,10/13/2004 5:41:00 PM,At Intersection (intersection related),11,"MOTOR VEHICLE STRUCK MOTOR VEHICLE, FRONT END AT ANGLE",,0,Clear,Dry,Daylight,,4287020.0,,10,Entering at angle,0,0,N
7091,1,-122.3207602,47.61116908,8785,23152,23152,1788335,Matched,Intersection,29772.0,BROADWAY AND MADISON ST,,,1,Property Damage Only Collision,Angles,3,0,0,2,2004/10/01 00:00:00+00,10/1/2004,At Intersection (intersection related),11,"MOTOR VEHICLE STRUCK MOTOR VEHICLE, FRONT END AT ANGLE",,0,Clear,Dry,Dark - Street Lights On,,4275003.0,,10,Entering at angle,0,0,N
7092,1,-122.3571838,47.51736176,8786,22716,22716,1781541,Matched,Block,,SW ROXBURY ST BETWEEN 17TH AVE SW AND 18TH AVE SW,,,1,Property Damage Only Collision,Other,1,0,0,1,2004/05/27 00:00:00+00,5/27/2004 4:00:00 PM,Mid-Block (but intersection related),28,MOTOR VEHICLE RAN OFF ROAD - HIT FIXED OBJECT,,0,Raining,Wet,Daylight,,4148039.0,Y,50,Fixed object,0,0,N
7093,2,-122.36062820000001,47.62459859,8787,23627,23627,1326719,Matched,Intersection,28635.0,3RD AVE W AND W MERCER ST,,,2,Injury Collision,Left Turn,3,0,0,2,2004/01/27 00:00:00+00,1/27/2004 5:08:00 PM,At Intersection (intersection related),11,"MOTOR VEHICLE STRUCK MOTOR VEHICLE, FRONT END AT ANGLE",,0,Clear,Dry,Dusk,,4027013.0,,28,From opposite direction - one left turn - one straight,0,0,N
7094,2,-122.36427859999999,47.6395963,8788,22897,22897,1470903,Matched,Block,,W MCGRAW ST BETWEEN 5TH AVE W AND 6TH AVE W,,,2,Injury Collision,Rear Ended,4,0,0,3,2004/04/01 00:00:00+00,4/1/2004,Mid-Block (but intersection related),14,"MOTOR VEHICLE STRUCK MOTOR VEHICLE, REAR END",,0,Clear,Dry,Daylight,,4092026.0,,14,From same direction - both going straight - one stopped - rear-end,0,0,N
7095,2,-122.3290597,47.57404265,8790,22284,22284,1776482,Matched,Block,,4TH AVE S BETWEEN S HORTON ST AND S HINDS ST,,,2,Injury Collision,Other,3,0,0,2,2004/05/08 00:00:00+00,5/8/2004,Driveway Junction,11,"MOTOR VEHICLE STRUCK MOTOR VEHICLE, FRONT END AT ANGLE",,0,Clear,Dry,Daylight,,4129038.0,,21,One car entering driveway access,0,0,N
7096,1,-122.31359779999998,47.56951739,8791,22655,22655,1773261,Matched,Block,,S COLUMBIAN WAY BETWEEN 15TH AVS TURN RD AND 15TH N AVE S,,,1,Property Damage Only Collision,Rear Ended,3,0,0,2,2004/10/31 00:00:00+00,10/31/2004 7:02:00 PM,Mid-Block (not related to intersection),14,"MOTOR VEHICLE STRUCK MOTOR VEHICLE, REAR END",,0,Clear,Dry,Dark - Street Lights On,,4305030.0,,13,From same direction - both going straight - both moving - rear-end,0,0,N
7097,1,-122.3290618,47.5705371,8792,23041,23041,1788907,Matched,Block,,4TH AVE S BETWEEN S SPOKANE SR ST AND W SEA BR EB 4 AV OFF RP,,,1,Property Damage Only Collision,Sideswipe,2,0,0,2,2004/01/12 00:00:00+00,1/12/2004 5:20:00 PM,Mid-Block (not related to intersection),11,"MOTOR VEHICLE STRUCK MOTOR VEHICLE, FRONT END AT ANGLE",,0,Raining,Wet,Dark - Street Lights On,,4012040.0,,11,From same direction - both going straight - both moving - sideswipe,0,0,N
7098,1,-122.345983,47.65174869,8793,22251,22251,661945,Matched,Block,,WHITMAN AVE N BETWEEN N 36TH ST AND N 38TH ST,,,1,Property Damage Only Collision,Parked Car,0,0,0,2,2004/01/21 00:00:00+00,1/21/2004 5:38:00 PM,Mid-Block (not related to intersection),13,"MOTOR VEHICLE STRUCK MOTOR VEHICLE, LEFT SIDE AT ANGLE",Y,0,Overcast,Dry,Dark - Street Lights On,,4021017.0,,32,One parked--one moving,0,0,N
7099,1,-122.3362571,47.65564871,8796,23448,23448,1205317,Matched,Intersection,26842.0,WALLINGFORD AVE N AND N 40TH ST,,,1,Property Damage Only Collision,Left Turn,2,0,0,2,2004/05/07 00:00:00+00,5/7/2004,At Intersection (intersection related),11,"MOTOR VEHICLE STRUCK MOTOR VEHICLE, FRONT END AT ANGLE",,0,Raining,Wet,Dawn,,4128024.0,,28,From opposite direction - one left turn - one straight,0,0,N
7100,1,-122.3342153,47.55379742,8797,22714,22714,1781391,Matched,Block,,1ST AVE S BETWEEN S BRANDON ST AND S LUCILE ST,,,1,Property Damage Only Collision,Sideswipe,3,0,0,2,2004/08/24 00:00:00+00,8/24/2004 6:57:00 AM,Mid-Block (not related to intersection),11,"MOTOR VEHICLE STRUCK MOTOR VEHICLE, FRONT END AT ANGLE",Y,0,Raining,Wet,Daylight,,4237052.0,,12,From same direction - both going straight - one stopped - sideswipe,0,0,N
7101,1,-122.2966297,47.57635897,8798,23674,23674,551309,Matched,Intersection,31495.0,M L KING JR WAY S AND RAINIER AVE S,,,1,Property Damage Only Collision,Angles,2,0,0,2,2004/11/27 00:00:00+00,11/27/2004 10:21:00 PM,At Intersection (intersection related),11,"MOTOR VEHICLE STRUCK MOTOR VEHICLE, FRONT END AT ANGLE",,0,Clear,Dry,Dark - Street Lights On,,4332013.0,,10,Entering at angle,0,0,N
7102,1,-122.3853841,47.68319104,8799,22748,22748,1773528,Matched,Intersection,23903.0,23RD AVE NW AND NW 75TH ST,,,1,Property Damage Only Collision,Angles,3,0,0,2,2004/01/31 00:00:00+00,1/31/2004 6:19:00 PM,At Intersection (intersection related),11,"MOTOR VEHICLE STRUCK MOTOR VEHICLE, FRONT END AT ANGLE",,0,Clear,Wet,Dark - Street Lights On,,4031010.0,,10,Entering at angle,0,0,N
7103,2,-122.3073838,47.61850553,8801,22273,22273,1789727,Matched,Intersection,29388.0,19TH AVE AND E DENNY WAY,,,2,Injury Collision,Angles,6,0,0,2,2004/01/01 00:00:00+00,1/1/2004,At Intersection (intersection related),11,"MOTOR VEHICLE STRUCK MOTOR VEHICLE, FRONT END AT ANGLE",,0,Raining,Wet,Dark - Street Lights On,,4001012.0,,10,Entering at angle,0,0,N
7104,1,-122.33503190000002,47.60421435,8802,23184,23184,1776406,Matched,Block,,MARION ST BETWEEN 1ST AVE AND 2ND AVE,,,1,Property Damage Only Collision,Other,1,0,0,1,2004/04/04 00:00:00+00,4/4/2004,Mid-Block (not related to intersection),28,MOTOR VEHICLE RAN OFF ROAD - HIT FIXED OBJECT,,0,Clear,Dry,Daylight,,4095005.0,,50,Fixed object,0,0,N
7105,1,-122.3251283,47.67980801,8805,22595,22595,1781914,Matched,Block,,NE 71ST ST BETWEEN EAST GREEN LAKE DR N AND WOODLAWN AVE NE,,,1,Property Damage Only Collision,Parked Car,2,0,0,2,2004/08/03 00:00:00+00,8/3/2004,Mid-Block (not related to intersection),11,"MOTOR VEHICLE STRUCK MOTOR VEHICLE, FRONT END AT ANGLE",,0,Clear,Dry,Daylight,,4216019.0,,32,One parked--one moving,0,0,N
7106,1,-122.3964652,47.68872598,8807,22136,22136,1773821,Matched,Block,,LOYAL WAY NW BETWEEN 30TH AVE NW AND 31ST AVE NW,,,1,Property Damage Only Collision,Parked Car,3,0,0,3,2004/06/12 00:00:00+00,6/12/2004 9:00:00 AM,Mid-Block (not related to intersection),14,"MOTOR VEHICLE STRUCK MOTOR VEHICLE, REAR END",,0,Clear,Dry,Unknown,,4164035.0,,32,One parked--one moving,0,0,N
7107,1,-122.2790268,47.63509838,8808,23643,23643,1772037,Matched,Block,,E MADISON ST BETWEEN 41ST E AVE E AND 42ND AVE E,,,1,Property Damage Only Collision,Parked Car,2,0,0,2,2004/04/09 00:00:00+00,4/9/2004,Mid-Block (not related to intersection),11,"MOTOR VEHICLE STRUCK MOTOR VEHICLE, FRONT END AT ANGLE",,0,Clear,Dry,Daylight,,4100020.0,,32,One parked--one moving,0,0,N
7108,1,-122.37036119999999,47.63534761,8809,22598,22598,1482503,Matched,Block,,10TH AVE W BETWEEN W BLAINE ST AND W HOWE ST,,,1,Property Damage Only Collision,Parked Car,2,0,0,2,2004/05/23 00:00:00+00,5/23/2004 3:00:00 AM,Mid-Block (not related to intersection),11,"MOTOR VEHICLE STRUCK MOTOR VEHICLE, FRONT END AT ANGLE",,0,Clear,Dry,Dark - Street Lights On,,4144001.0,,32,One parked--one moving,0,0,N
7109,1,-122.3027722,47.60743702,8810,22689,22689,1772669,Matched,Block,,23RD AVE BETWEEN E JAMES ST AND E CHERRY ST,,,1,Property Damage Only Collision,Rear Ended,2,0,0,2,2004/06/06 00:00:00+00,6/6/2004,Mid-Block (but intersection related),14,"MOTOR VEHICLE STRUCK MOTOR VEHICLE, REAR END",,0,Raining,Wet,Daylight,,4158019.0,,14,From same direction - both going straight - one stopped - rear-end,0,0,N
7110,1,-122.3635814,47.64256912,8811,22269,22269,1777337,Matched,Block,,5TH AVE W BETWEEN W HALLADAY ST AND W RAYE S ST,,,1,Property Damage Only Collision,Parked Car,2,0,0,2,2004/04/03 00:00:00+00,4/3/2004,Mid-Block (but intersection related),14,"MOTOR VEHICLE STRUCK MOTOR VEHICLE, REAR END",,0,Clear,Dry,Unknown,,4094028.0,,32,One parked--one moving,0,0,N
7111,1,-122.2880186,47.70201866,8812,22623,22623,1780152,Matched,Block,,38TH AVE NE BETWEEN NE 100TH ST AND NE 103RD ST,,,1,Property Damage Only Collision,Parked Car,2,0,0,2,2004/01/25 00:00:00+00,1/25/2004 1:15:00 AM,Mid-Block (not related to intersection),28,MOTOR VEHICLE RAN OFF ROAD - HIT FIXED OBJECT,,0,Clear,Dry,Dark - Street Lights On,,4025010.0,,32,One parked--one moving,0,0,N
7112,1,-122.36689209999999,47.64311393,8813,22923,22923,1777861,Matched,Block,,W RAYE ST BETWEEN 7TH AVE W AND 8TH AVE W,,,1,Property Damage Only Collision,Other,1,0,0,1,2004/07/10 00:00:00+00,7/10/2004 11:00:00 PM,Mid-Block (not related to intersection),28,MOTOR VEHICLE RAN OFF ROAD - HIT FIXED OBJECT,,0,Overcast,Wet,Dark - Street Lights On,,4192037.0,Y,50,Fixed object,0,0,N
7113,1,-122.31843789999999,47.66494396,8814,23316,23316,1794732,Matched,Intersection,25788.0,9TH AVE NE AND NE 50TH ST,,,1,Property Damage Only Collision,Left Turn,2,0,0,2,2004/11/19 00:00:00+00,11/19/2004 4:34:00 AM,At Intersection (intersection related),11,"MOTOR VEHICLE STRUCK MOTOR VEHICLE, FRONT END AT ANGLE",,0,Clear,Dry,Dark - Street Lights On,,4324044.0,,28,From opposite direction - one left turn - one straight,0,0,N
7114,1,-122.3208265,47.61698594,8816,23381,23381,1198232,Matched,Block,,BROADWAY BETWEEN XW E OLIVE ST AND E HOWELL ST,,,1,Property Damage Only Collision,Other,1,0,0,1,2004/10/23 00:00:00+00,10/23/2004 12:01:00 AM,Mid-Block (not related to intersection),28,MOTOR VEHICLE RAN OFF ROAD - HIT FIXED OBJECT,,0,Clear,Dry,Dark - Street Lights On,,4297001.0,,50,Fixed object,0,0,N
7115,2,-122.33427590000001,47.7341365,8817,23440,23440,1220510,Matched,Intersection,35910.0,MERIDIAN AVE N AND N 145TH ST,,,2,Injury Collision,Angles,2,0,0,2,2004/09/23 00:00:00+00,9/23/2004 1:39:00 PM,At Intersection (intersection related),11,"MOTOR VEHICLE STRUCK MOTOR VEHICLE, FRONT END AT ANGLE",,0,Clear,Dry,Daylight,,4267026.0,,10,Entering at angle,0,0,N
7116,2,-122.38392309999999,47.65306611,8820,22826,22826,1482321,Matched,Block,,GILMAN AVE W BETWEEN 21ST AVE W AND W EMERSON ST,,,2,Injury Collision,Parked Car,5,0,0,5,2004/05/30 00:00:00+00,5/30/2004 4:34:00 AM,Mid-Block (not related to intersection),16,"MOTOR VEHICLE STRUCK MOTOR VEHICLE, LEFT SIDE SIDESWIPE",,1,Clear,Dry,Dark - Street Lights On,,4151020.0,Y,32,One parked--one moving,0,0,N
7117,1,-122.31677909999999,47.61097884,8822,22921,22921,1787268,Matched,Block,,12TH AVE BETWEEN E MARION ST AND E SPRING ST,,,1,Property Damage Only Collision,Rear Ended,2,0,0,2,2004/02/13 00:00:00+00,2/13/2004 2:34:00 PM,Mid-Block (but intersection related),14,"MOTOR VEHICLE STRUCK MOTOR VEHICLE, REAR END",,0,Clear,Dry,Daylight,,4044017.0,,14,From same direction - both going straight - one stopped - rear-end,0,0,N
7118,1,-122.40295659999998,47.65840969,8824,22857,22857,1783861,Matched,Block,,W GOVERNMENT WAY BETWEEN 35TH AVE W AND 36TH AVE W,,,1,Property Damage Only Collision,Other,1,0,0,1,2004/08/16 00:00:00+00,8/16/2004 9:00:00 AM,Mid-Block (not related to intersection),28,MOTOR VEHICLE RAN OFF ROAD - HIT FIXED OBJECT,Y,0,Overcast,Dry,Daylight,,4229006.0,,50,Fixed object,0,0,N
7119,1,-122.32320859999999,47.70629142,8825,23508,23508,1774697,Matched,Intersection,36534.0,5TH AVE NE AND NE 106TH ST,,,1,Property Damage Only Collision,Other,2,0,0,2,2004/03/04 00:00:00+00,3/4/2004,At Intersection (intersection related),14,"MOTOR VEHICLE STRUCK MOTOR VEHICLE, REAR END",,0,Raining,Wet,Daylight,,4064010.0,,21,One car entering driveway access,0,0,N
7120,1,-122.27807630000001,47.55192561,8826,22895,22895,1771293,Matched,Intersection,33503.0,RAINIER AVE S AND S FINDLAY ST,,,1,Property Damage Only Collision,Angles,6,0,0,2,2004/09/04 00:00:00+00,9/4/2004,At Intersection (intersection related),11,"MOTOR VEHICLE STRUCK MOTOR VEHICLE, FRONT END AT ANGLE",,0,Clear,Dry,Daylight,,4248012.0,,10,Entering at angle,0,0,N
7121,1,-122.28504479999998,47.56884919,8827,22706,22706,1773039,Matched,Block,,38TH AVE S BETWEEN S CHARLESTOWN ST AND S ANDOVER ST,,,1,Property Damage Only Collision,Parked Car,2,0,0,2,2004/09/30 00:00:00+00,9/30/2004 8:00:00 AM,Mid-Block (not related to intersection),16,"MOTOR VEHICLE STRUCK MOTOR VEHICLE, LEFT SIDE SIDESWIPE",,0,Overcast,Dry,Daylight,,4274001.0,,32,One parked--one moving,0,0,N
7122,1,-122.29446090000002,47.66851749,8828,22278,22278,1793926,Matched,Block,,NE 55TH ST BETWEEN 30TH E AVE NE AND 31ST AVE NE,,,1,Property Damage Only Collision,Parked Car,2,0,0,2,2004/10/05 00:00:00+00,10/5/2004,Mid-Block (not related to intersection),14,"MOTOR VEHICLE STRUCK MOTOR VEHICLE, REAR END",,0,Raining,Wet,Dark - Street Lights On,,4279031.0,,32,One parked--one moving,0,0,N
7123,1,-122.3350939,47.70816913,8829,23602,23602,1218904,Matched,Block,,N NORTHGATE WAY BETWEEN BURKE AVE N AND MERIDIAN AVE N,,,1,Property Damage Only Collision,Other,1,0,0,1,2004/01/22 00:00:00+00,1/22/2004 9:52:00 PM,Mid-Block (but intersection related),28,MOTOR VEHICLE RAN OFF ROAD - HIT FIXED OBJECT,,1,Raining,Wet,Dark - Street Lights On,,4022014.0,,50,Fixed object,0,0,N
7124,1,-122.40465449999999,47.67037428,8830,22584,22584,1774646,Matched,Block,,SEAVIEW AVE NW BETWEEN NW 54TH ST AND 37TH PL NW,,,1,Property Damage Only Collision,Other,3,0,0,1,2004/05/27 00:00:00+00,5/27/2004 2:40:00 AM,Mid-Block (not related to intersection),28,MOTOR VEHICLE RAN OFF ROAD - HIT FIXED OBJECT,,0,Overcast,Dry,Dark - Street Lights On,,4148037.0,Y,50,Fixed object,0,0,N
7125,2,-122.3422173,47.65995951,8831,23517,23517,1782452,Matched,Intersection,26803.0,STONE WAY N AND N 44TH ST,,,2,Injury Collision,Cycles,2,0,1,1,2004/03/20 00:00:00+00,3/20/2004 2:45:00 PM,At Intersection (but not related to intersection),21,"MOTOR VEHICLE STRUCK PEDALCYCLIST, REAR END",,0,Clear,Dry,Daylight,Y,4080003.0,,45,Vehicle - Pedalcyclist,0,0,N
7126,2,-122.32285049999999,47.73404704,8832,23579,23579,1728420,Matched,Block,,NE 145TH ST BETWEEN 5TH AVE NE AND 6TH AVE NE,,,2,Injury Collision,Other,1,0,0,1,2004/07/05 00:00:00+00,7/5/2004,Mid-Block (not related to intersection),28,MOTOR VEHICLE RAN OFF ROAD - HIT FIXED OBJECT,,1,Overcast,Dry,Dark - Street Lights On,,4187029.0,,50,Fixed object,0,0,N
7127,1,-122.34991609999999,47.65477142,8834,23073,23073,1777345,Matched,Block,,FREMONT AVE N BETWEEN FREMONT WAY N AND XW N40,,,1,Property Damage Only Collision,Rear Ended,2,0,0,2,2004/05/10 00:00:00+00,5/10/2004 10:20:00 AM,Mid-Block (but intersection related),14,"MOTOR VEHICLE STRUCK MOTOR VEHICLE, REAR END",,0,Raining,Wet,Daylight,,4131040.0,Y,14,From same direction - both going straight - one stopped - rear-end,0,0,N
7128,2,-122.3279159,47.60817661,8835,22683,22683,1217028,Matched,Block,,MADISON ST BETWEEN 8TH AVE AND 9TH AVE,,,2,Injury Collision,Rear Ended,5,0,0,2,2004/07/19 00:00:00+00,7/19/2004 9:38:00 AM,Mid-Block (but intersection related),14,"MOTOR VEHICLE STRUCK MOTOR VEHICLE, REAR END",Y,0,Clear,Dry,Daylight,,4201023.0,,14,From same direction - both going straight - one stopped - rear-end,0,0,N
7129,2,-122.38388870000001,47.58117586,8836,22407,22407,1798529,Matched,Intersection,31064.0,41ST AVE SW AND SW ADMIRAL WAY,,,2,Injury Collision,Angles,4,0,0,2,2004/06/27 00:00:00+00,6/27/2004 8:20:00 PM,At Intersection (intersection related),11,"MOTOR VEHICLE STRUCK MOTOR VEHICLE, FRONT END AT ANGLE",,0,Clear,Dry,Daylight,,4179010.0,,10,Entering at angle,0,0,N
7130,1,-122.2994347,47.61530235,8837,23027,23027,1786816,Matched,Block,,E PINE ST BETWEEN 25TH AVE AND 26TH AVE,,,1,Property Damage Only Collision,Parked Car,2,0,0,2,2004/04/10 00:00:00+00,4/10/2004 8:32:00 PM,Driveway Junction,13,"MOTOR VEHICLE STRUCK MOTOR VEHICLE, LEFT SIDE AT ANGLE",,0,Clear,Dry,Dark - Street Lights On,,4101023.0,,32,One parked--one moving,0,0,N
7131,1,-122.32726509999998,47.60746248,8840,22996,22996,1786898,Matched,Block,,MARION ST BETWEEN 8TH AVE AND 9TH AVE,,,1,Property Damage Only Collision,Parked Car,2,0,0,2,2004/07/28 00:00:00+00,7/28/2004 12:06:00 PM,Mid-Block (not related to intersection),11,"MOTOR VEHICLE STRUCK MOTOR VEHICLE, FRONT END AT ANGLE",Y,0,Clear,Dry,Daylight,,4210016.0,,32,One parked--one moving,0,0,N
7132,1,-122.33917360000001,47.61372707,8841,23376,23376,1482362,Matched,Intersection,29549.0,5TH AVE AND VIRGINIA ST,,,1,Property Damage Only Collision,Left Turn,3,0,0,3,2004/03/18 00:00:00+00,3/18/2004 4:26:00 PM,At Intersection (intersection related),11,"MOTOR VEHICLE STRUCK MOTOR VEHICLE, FRONT END AT ANGLE",,0,Overcast,Dry,Daylight,,4078007.0,,15,From same direction - one left turn - one straight,0,0,N
7133,2,-122.30414009999998,47.55883751,8842,22896,22896,1771303,Matched,Block,,BEACON ER AVE S BETWEEN S COLUMBIAN WAY AND S FERDINAND N ST,,,2,Injury Collision,Rear Ended,3,0,0,3,2004/02/02 00:00:00+00,2/2/2004,Mid-Block (but intersection related),14,"MOTOR VEHICLE STRUCK MOTOR VEHICLE, REAR END",Y,0,Raining,Wet,Daylight,,4033015.0,,14,From same direction - both going straight - one stopped - rear-end,0,0,N
7134,1,-122.33147209999998,47.60619596,8843,22844,22844,1213430,Matched,Block,,5TH AVE BETWEEN MARION ST AND MADISON ST,,,1,Property Damage Only Collision,Rear Ended,4,0,0,2,2004/07/06 00:00:00+00,7/6/2004,Mid-Block (but intersection related),14,"MOTOR VEHICLE STRUCK MOTOR VEHICLE, REAR END",,0,Raining,Wet,Dark - Street Lights On,,4188021.0,,14,From same direction - both going straight - one stopped - rear-end,0,0,N