,SEVERITYCODE,X,Y,OBJECTID,INCKEY,COLDETKEY,REPORTNO,STATUS,ADDRTYPE,INTKEY,LOCATION,EXCEPTRSNCODE,EXCEPTRSNDESC,SEVERITYCODE.1,SEVERITYDESC,COLLISIONTYPE,PERSONCOUNT,PEDCOUNT,PEDCYLCOUNT,VEHCOUNT,INCDATE,INCDTTM,JUNCTIONTYPE,SDOT_COLCODE,SDOT_COLDESC,INATTENTIONIND,UNDERINFL,WEATHER,ROADCOND,LIGHTCOND,PEDROWNOTGRNT,SDOTCOLNUM,SPEEDING,ST_COLCODE,ST_COLDESC,SEGLANEKEY,CROSSWALKKEY,HITPARKEDCAR
7135,2,-122.32005759999998,47.64227343,8844,21984,21984,1180722,Matched,Block,,10TH AVE E BETWEEN E MILLER ST AND E ROANOKE W ST,,,2,Injury Collision,Rear Ended,4,0,0,3,2004/01/14 00:00:00+00,1/14/2004 11:08:00 PM,Mid-Block (not related to intersection),14,"MOTOR VEHICLE STRUCK MOTOR VEHICLE, REAR END",Y,0,Raining,Wet,Dark - Street Lights On,,4014019.0,,14,From same direction - both going straight - one stopped - rear-end,0,0,N
7136,1,-122.3232392,47.5470245,8845,22941,22941,C650036,Matched,Block,,S MICHIGAN ST BETWEEN 7TH AVE S AND CORSON AVE S,,,1,Property Damage Only Collision,Other,2,0,0,2,2004/11/03 00:00:00+00,11/3/2004,Mid-Block (not related to intersection),11,"MOTOR VEHICLE STRUCK MOTOR VEHICLE, FRONT END AT ANGLE",,0,Clear,Dry,Daylight,,4308043.0,,21,One car entering driveway access,0,0,N
7137,2,-122.37076370000001,47.66569762,8846,22671,22671,1780506,Matched,Intersection,25440.0,11TH AVE NW AND NW 51ST ST,,,2,Injury Collision,Angles,2,0,0,2,2004/02/23 00:00:00+00,2/23/2004 5:37:00 PM,At Intersection (intersection related),11,"MOTOR VEHICLE STRUCK MOTOR VEHICLE, FRONT END AT ANGLE",,0,Clear,Dry,Daylight,,4054017.0,,10,Entering at angle,0,0,N
7138,2,,,8847,22106,22106,1481223,Matched,Block,,ALASKAN WY VI SB BETWEEN COLUMBIA ST ON RP AND ALASKAN WY VI SB EFR OFF RP,,,2,Injury Collision,Rear Ended,3,0,0,2,2004/06/17 00:00:00+00,6/17/2004 9:45:00 PM,Mid-Block (not related to intersection),14,"MOTOR VEHICLE STRUCK MOTOR VEHICLE, REAR END",Y,0,Clear,Dry,Dark - Street Lights On,,4169031.0,,13,From same direction - both going straight - both moving - rear-end,0,0,N
7139,1,-122.29053119999999,47.6974588,8850,22144,22144,1782242,Matched,Intersection,37899.0,35TH AVE NE AND NE 95TH ST,,,1,Property Damage Only Collision,Left Turn,2,0,0,2,2004/05/11 00:00:00+00,5/11/2004 3:35:00 PM,At Intersection (intersection related),11,"MOTOR VEHICLE STRUCK MOTOR VEHICLE, FRONT END AT ANGLE",,0,Clear,Dry,Daylight,,4132017.0,,28,From opposite direction - one left turn - one straight,0,0,N
7140,2,-122.33224409999998,47.61207057,8851,23206,23206,1777366,Matched,Intersection,29893.0,8TH AVE AND PIKE ST,,,2,Injury Collision,Pedestrian,3,1,0,1,2004/01/14 00:00:00+00,1/14/2004 7:40:00 PM,At Intersection (intersection related),24,MOTOR VEHCILE STRUCK PEDESTRIAN,,0,Raining,Wet,Dark - Street Lights On,Y,4014059.0,,2,Vehicle turning left hits pedestrian,0,0,N
7141,1,-122.38543510000001,47.69308973,8852,22604,22604,1783132,Matched,Block,,NW 89TH PL BETWEEN 23RD AVE NW AND JONES AVE NW,,,1,Property Damage Only Collision,Parked Car,2,0,0,2,2004/08/11 00:00:00+00,8/11/2004 10:24:00 AM,Mid-Block (not related to intersection),11,"MOTOR VEHICLE STRUCK MOTOR VEHICLE, FRONT END AT ANGLE",,0,Clear,Dry,Daylight,,4224024.0,,32,One parked--one moving,0,0,N
7142,1,-122.27311929999999,47.54292307,8853,22570,22570,1779327,Matched,Block,,RAINIER AVE S BETWEEN S WARSAW ST AND S HOLLY ST,,,1,Property Damage Only Collision,Rear Ended,3,0,0,2,2004/02/06 00:00:00+00,2/6/2004,Mid-Block (but intersection related),14,"MOTOR VEHICLE STRUCK MOTOR VEHICLE, REAR END",,0,Clear,Wet,Daylight,,4037020.0,,14,From same direction - both going straight - one stopped - rear-end,0,0,N
7143,1,-122.37545940000001,47.69152253,8854,21976,21976,1794689,Matched,Block,,MARY AVE NW BETWEEN NW 85TH ST AND NW 87TH ST,,,1,Property Damage Only Collision,Parked Car,2,0,0,2,2004/11/13 00:00:00+00,11/13/2004 2:00:00 AM,Mid-Block (not related to intersection),11,"MOTOR VEHICLE STRUCK MOTOR VEHICLE, FRONT END AT ANGLE",,0,Unknown,Unknown,Unknown,,4318025.0,,32,One parked--one moving,0,0,N
7144,1,-122.33304040000002,47.60455382,8855,23336,23336,1216965,Matched,Block,,3RD AVE BETWEEN COLUMBIA ST AND MARION ST,,,1,Property Damage Only Collision,Sideswipe,3,0,0,2,2004/08/14 00:00:00+00,8/14/2004 11:20:00 AM,Mid-Block (not related to intersection),16,"MOTOR VEHICLE STRUCK MOTOR VEHICLE, LEFT SIDE SIDESWIPE",,0,Clear,Dry,Daylight,,4227034.0,,12,From same direction - both going straight - one stopped - sideswipe,0,0,N
7145,2,-122.35113390000002,47.57094178,8856,22793,22793,1789432,Matched,Block,,WEST SEATTLE BR EB BETWEEN ALASKAN WY VI NB ON RP AND DELRIDGE-W SEATTLE BR EB ON RP,,,2,Injury Collision,Rear Ended,2,0,0,2,2004/10/05 00:00:00+00,10/5/2004,Mid-Block (not related to intersection),14,"MOTOR VEHICLE STRUCK MOTOR VEHICLE, REAR END",Y,0,Overcast,Dry,Daylight,,4279008.0,,14,From same direction - both going straight - one stopped - rear-end,0,0,N
7146,1,-122.3707277,47.56924147,8857,23174,23174,1789328,Matched,Intersection,32126.0,SW AVALON WAY AND SW BRADFORD ST,,,1,Property Damage Only Collision,Other,3,0,0,3,2004/01/20 00:00:00+00,1/20/2004 8:37:00 AM,At Intersection (intersection related),11,"MOTOR VEHICLE STRUCK MOTOR VEHICLE, FRONT END AT ANGLE",,0,Clear,Dry,Daylight,,4020016.0,,23,From same direction - all others,0,0,N
7147,1,-122.3341955,47.59031216,8858,23020,23020,1072229,Matched,Intersection,30388.0,1ST AVE S AND S ATLANTIC ST,,,1,Property Damage Only Collision,Left Turn,3,0,0,2,2004/04/27 00:00:00+00,4/27/2004 1:04:00 PM,At Intersection (intersection related),11,"MOTOR VEHICLE STRUCK MOTOR VEHICLE, FRONT END AT ANGLE",,0,Clear,Dry,Daylight,,4118021.0,,28,From opposite direction - one left turn - one straight,0,0,N
7148,2,-122.3446898,47.70468772,8860,22437,22437,1775483,Matched,Block,,AURORA AVE N BETWEEN N 104TH ST AND N NORTHGATE WAY,,,2,Injury Collision,Rear Ended,2,0,0,2,2004/03/10 00:00:00+00,3/10/2004 5:43:00 PM,Mid-Block (but intersection related),14,"MOTOR VEHICLE STRUCK MOTOR VEHICLE, REAR END",Y,0,Clear,Dry,Daylight,,4070034.0,,14,From same direction - both going straight - one stopped - rear-end,0,0,N
7149,2,-122.33420020000001,47.58085454,8861,23354,23354,1784678,Matched,Block,,1ST AVE S BETWEEN S STACY ST AND S LANDER ST,,,2,Injury Collision,Other,1,0,0,1,2004/09/07 00:00:00+00,9/7/2004,Driveway Junction,29,MOTOR VEHICLE OVERTURNED IN ROAD,,0,Clear,Dry,Daylight,,4251008.0,,52,Vehicle overturned,0,0,N
7150,1,-122.3020236,47.61530817,8862,22741,22741,1222169,Matched,Block,,E PINE ST BETWEEN 23RD AVE AND 24TH AVE,,,1,Property Damage Only Collision,Parked Car,2,0,0,2,2004/09/30 00:00:00+00,9/30/2004 9:12:00 AM,Mid-Block (not related to intersection),13,"MOTOR VEHICLE STRUCK MOTOR VEHICLE, LEFT SIDE AT ANGLE",,0,Overcast,Dry,Dark - Street Lights On,,4274021.0,,32,One parked--one moving,0,0,N
7151,2,-122.3283588,47.61369803,8863,22554,22554,1772529,Matched,Block,,PIKE ST BETWEEN BOREN AVE AND MELROSE AVE,,,2,Injury Collision,Other,2,0,0,1,2004/05/17 00:00:00+00,5/17/2004 10:02:00 PM,Mid-Block (but intersection related),28,MOTOR VEHICLE RAN OFF ROAD - HIT FIXED OBJECT,,0,Overcast,Dry,Dark - Street Lights On,,4138005.0,,50,Fixed object,0,0,N
7152,1,-122.30544779999998,47.66399541,8864,22496,22496,1780797,Matched,Block,,21ST AVE NE BETWEEN NE 47TH ST AND NE 50TH ST,,,1,Property Damage Only Collision,Parked Car,2,0,0,2,2004/05/05 00:00:00+00,5/5/2004,Mid-Block (not related to intersection),33,DRIVERLESS VEHICLE STRUCK MOTOR VEHICLE LEFT SIDE AT ANGLE,,0,Clear,Dry,Daylight,,4126030.0,,32,One parked--one moving,0,0,N
7153,1,-122.31597679999999,47.58595727,8866,23035,23035,1779044,Matched,Block,,13TH AVE S BETWEEN S HOLGATE ST AND S PLUM ST,,,1,Property Damage Only Collision,Parked Car,17,0,0,2,2004/04/01 00:00:00+00,4/1/2004,Mid-Block (not related to intersection),16,"MOTOR VEHICLE STRUCK MOTOR VEHICLE, LEFT SIDE SIDESWIPE",,0,Clear,Dry,Daylight,,4092044.0,,32,One parked--one moving,0,0,N
7154,2,-122.3749761,47.67594865,8867,23322,23322,1079984,Matched,Block,,NW 65TH ST BETWEEN 14TH AVE NW AND 15TH AVE NW,,,2,Injury Collision,Angles,2,0,0,2,2004/07/09 00:00:00+00,7/9/2004,Mid-Block (but intersection related),11,"MOTOR VEHICLE STRUCK MOTOR VEHICLE, FRONT END AT ANGLE",,0,Raining,Wet,Daylight,,4191033.0,,10,Entering at angle,0,0,N
7155,1,-122.32236940000001,47.62598118,8868,22856,22856,1773634,Matched,Block,,HARVARD AVE E BETWEEN E ROY W ST AND E ALOHA ST,,,1,Property Damage Only Collision,Parked Car,2,0,0,2,2004/02/18 00:00:00+00,2/18/2004 9:30:00 PM,Mid-Block (not related to intersection),13,"MOTOR VEHICLE STRUCK MOTOR VEHICLE, LEFT SIDE AT ANGLE",,0,Clear,Dry,Dark - Street Lights On,,4049008.0,,32,One parked--one moving,0,0,N
7156,2,-122.31487220000001,47.59290468,8869,23222,23222,1779357,Matched,Intersection,30456.0,14TH AVE S AND GOLF DR S,,,2,Injury Collision,Angles,2,0,0,2,2004/03/03 00:00:00+00,3/3/2004,At Intersection (intersection related),11,"MOTOR VEHICLE STRUCK MOTOR VEHICLE, FRONT END AT ANGLE",,0,Raining,Wet,Daylight,,4063018.0,,10,Entering at angle,0,0,N
7157,2,-122.36074270000002,47.70239956,8870,23286,23286,1781835,Matched,Intersection,37116.0,3RD AVE NW AND HOLMAN RD NW,,,2,Injury Collision,Angles,5,0,0,3,2004/08/22 00:00:00+00,8/22/2004 11:42:00 PM,At Intersection (intersection related),11,"MOTOR VEHICLE STRUCK MOTOR VEHICLE, FRONT END AT ANGLE",,0,Raining,Wet,Dark - Street Lights On,,4235019.0,,10,Entering at angle,0,0,N
7158,1,-122.33511979999999,47.61018166,8871,23347,23347,1779500,Matched,Block,,5TH AVE BETWEEN UNION ST AND PIKE ST,,,1,Property Damage Only Collision,Sideswipe,2,0,0,2,2004/08/24 00:00:00+00,8/24/2004 2:00:00 PM,Mid-Block (not related to intersection),11,"MOTOR VEHICLE STRUCK MOTOR VEHICLE, FRONT END AT ANGLE",,0,Overcast,Dry,Daylight,,4237038.0,,11,From same direction - both going straight - both moving - sideswipe,0,0,N
7159,1,-122.3239063,47.55299886,8872,22948,22948,1798391,Matched,Block,,7TH AVE S BETWEEN S LUCILE ST AND S FINDLAY ST,,,1,Property Damage Only Collision,Parked Car,2,0,0,2,2004/10/18 00:00:00+00,10/18/2004 12:00:00 PM,Mid-Block (not related to intersection),14,"MOTOR VEHICLE STRUCK MOTOR VEHICLE, REAR END",,0,Unknown,Unknown,Daylight,,4292031.0,,32,One parked--one moving,0,0,N
7160,1,-122.33286470000002,47.72684006,8874,22098,22098,1793790,Matched,Block,,N 135TH ST BETWEEN MERIDIAN AVE N AND CORLISS AVE N,,,1,Property Damage Only Collision,Other,2,0,0,2,2004/10/01 00:00:00+00,10/1/2004,Driveway Junction,11,"MOTOR VEHICLE STRUCK MOTOR VEHICLE, FRONT END AT ANGLE",,0,Clear,Dry,Daylight,,4275020.0,,21,One car entering driveway access,0,0,N
7161,1,-122.3059072,47.73303849,8876,23305,23305,1781851,Matched,Block,,22ND AVE NE BETWEEN NE 143RD ST AND NE 145TH ST,,,1,Property Damage Only Collision,Other,3,0,0,1,2004/05/05 00:00:00+00,5/5/2004,Mid-Block (not related to intersection),28,MOTOR VEHICLE RAN OFF ROAD - HIT FIXED OBJECT,,0,Overcast,Dry,Daylight,,4126038.0,,50,Fixed object,0,0,N
7162,1,-122.3887706,47.57021833,8877,22712,22712,1781371,Matched,Block,,SW CHARLESTOWN ST BETWEEN 44TH AVE SW AND 45TH AVE SW,,,1,Property Damage Only Collision,Parked Car,2,0,0,2,2004/08/15 00:00:00+00,8/15/2004 12:58:00 PM,Mid-Block (not related to intersection),14,"MOTOR VEHICLE STRUCK MOTOR VEHICLE, REAR END",Y,0,Clear,Dry,Daylight,,4228016.0,,32,One parked--one moving,0,0,N
7163,1,-122.3875385,47.678600700000004,8878,23364,23364,1782431,Matched,Block,,24TH AVE NW BETWEEN NW 67TH ST AND NW 70TH ST,,,1,Property Damage Only Collision,Other,2,0,0,2,2004/02/28 00:00:00+00,2/28/2004 1:23:00 PM,Driveway Junction,11,"MOTOR VEHICLE STRUCK MOTOR VEHICLE, FRONT END AT ANGLE",,0,Clear,Dry,Daylight,,4059017.0,,22,One car leaving driveway access,0,0,N
7164,1,-122.32399579999999,47.64449157,8879,22613,22613,1216710,Matched,Block,,E EDGAR ST BETWEEN FRANKLIN AVE E AND BOYLSTON AVE E,,,1,Property Damage Only Collision,Parked Car,2,0,0,2,2004/08/20 00:00:00+00,8/20/2004 7:35:00 PM,Mid-Block (not related to intersection),14,"MOTOR VEHICLE STRUCK MOTOR VEHICLE, REAR END",,0,Other,Wet,Unknown,,4233004.0,,32,One parked--one moving,0,0,N
7165,1,-122.3762226,47.65698919,8880,22566,22566,1774158,Matched,Block,,BALLARD BR BETWEEN 15TH AVE W AND POINT A,,,1,Property Damage Only Collision,Head On,2,0,0,2,2004/01/02 00:00:00+00,1/2/2004,Mid-Block (not related to intersection),11,"MOTOR VEHICLE STRUCK MOTOR VEHICLE, FRONT END AT ANGLE",,0,Clear,Ice,Dawn,,4002058.0,Y,30,From opposite direction - all others,0,0,N
7166,1,-122.3505942,47.65095696,8881,22128,22128,1794338,Matched,Block,,FREMONT PL N BETWEEN FREMONT AVE N AND N 36TH ST,,,1,Property Damage Only Collision,Rear Ended,2,0,0,2,2004/08/04 00:00:00+00,8/4/2004,Mid-Block (not related to intersection),14,"MOTOR VEHICLE STRUCK MOTOR VEHICLE, REAR END",Y,0,Overcast,Dry,Daylight,,4217024.0,,14,From same direction - both going straight - one stopped - rear-end,0,0,N
7167,1,-122.35044409999999,47.5377424,8882,22802,22802,1795503,Matched,Block,,12TH AVE SW BETWEEN SW ORCHARD ST AND SW OTHELLO ST,,,1,Property Damage Only Collision,Parked Car,2,0,0,2,2004/10/02 00:00:00+00,10/2/2004,Mid-Block (not related to intersection),15,"MOTOR VEHICLE STRUCK MOTOR VEHICLE, RIGHT SIDE SIDESWIPE",,0,Clear,Dry,Dark - Street Lights On,,4276016.0,,32,One parked--one moving,0,0,N
7168,1,-122.3499356,47.6925765,8883,23043,23043,1930829,Matched,Block,,FREMONT AVE N BETWEEN N 87TH N ST AND N 88TH ST,,,1,Property Damage Only Collision,Parked Car,2,0,0,2,2004/11/25 00:00:00+00,11/25/2004 1:28:00 PM,Mid-Block (not related to intersection),12,"MOTOR VEHICLE STRUCK MOTOR VEHICLE, RIGHT SIDE AT ANGLE",,0,Raining,Dry,Daylight,,4330030.0,,32,One parked--one moving,0,0,N
7169,2,-122.32822250000001,47.52693726,8885,23239,23239,1781232,Matched,Block,,5TH AVE S BETWEEN S SULLIVAN ST AND S CLOVERDALE ST,,,2,Injury Collision,Angles,4,0,0,2,2004/05/27 00:00:00+00,5/27/2004 4:57:00 PM,Mid-Block (but intersection related),14,"MOTOR VEHICLE STRUCK MOTOR VEHICLE, REAR END",,0,Raining,Wet,Daylight,,4148038.0,,10,Entering at angle,0,0,N
7170,1,-122.333265,47.58716719,8886,23447,23447,1204788,Matched,Block,,OCCIDENTAL AVE S BETWEEN S MASSACHUSETTS ST AND S HOLGATE ST,,,1,Property Damage Only Collision,Parked Car,2,0,0,2,2004/09/23 00:00:00+00,9/23/2004 10:32:00 AM,Mid-Block (not related to intersection),13,"MOTOR VEHICLE STRUCK MOTOR VEHICLE, LEFT SIDE AT ANGLE",,0,Other,Unknown,Daylight,,4267002.0,,32,One parked--one moving,0,0,N
7171,2,-122.30076729999999,47.60800474,8887,22294,22294,1790039,Matched,Block,,E CHERRY ST BETWEEN 24TH AVE AND 25TH AVE,,,2,Injury Collision,Sideswipe,3,0,0,2,2004/09/10 00:00:00+00,9/10/2004 1:30:00 PM,Mid-Block (not related to intersection),11,"MOTOR VEHICLE STRUCK MOTOR VEHICLE, FRONT END AT ANGLE",,0,Clear,Dry,Daylight,,4254002.0,,11,From same direction - both going straight - both moving - sideswipe,0,0,N
7172,2,-122.3254027,47.60626898,8891,22408,22408,1798834,Matched,Intersection,29942.0,9TH AVE AND CHERRY ST,,,2,Injury Collision,Angles,3,0,0,2,2004/10/24 00:00:00+00,10/24/2004 6:55:00 PM,At Intersection (intersection related),11,"MOTOR VEHICLE STRUCK MOTOR VEHICLE, FRONT END AT ANGLE",,0,Clear,Dry,Dark - Street Lights On,,4298015.0,,10,Entering at angle,0,0,N
7173,1,-122.3546996,47.662881299999995,8892,23181,23181,1219908,Matched,Block,,N 47TH ST BETWEEN GREENWOOD S AVE N AND PHINNEY AVE N,,,1,Property Damage Only Collision,Parked Car,2,0,0,2,2004/11/13 00:00:00+00,11/13/2004 1:00:00 AM,Mid-Block (not related to intersection),13,"MOTOR VEHICLE STRUCK MOTOR VEHICLE, LEFT SIDE AT ANGLE",,0,Unknown,Unknown,Dark - Street Lights On,,4318026.0,,32,One parked--one moving,0,0,N
7174,1,-122.3230689,47.69632226,8893,22933,22933,1793919,Matched,Block,,5TH AVE NE BETWEEN NE 92ND ST AND NE 94TH ST,,,1,Property Damage Only Collision,Parked Car,2,0,0,2,2004/10/22 00:00:00+00,10/22/2004 3:14:00 AM,Mid-Block (not related to intersection),14,"MOTOR VEHICLE STRUCK MOTOR VEHICLE, REAR END",Y,0,Clear,Dry,Dark - Street Lights On,,4296018.0,,32,One parked--one moving,0,0,N
7175,2,-122.3910925,47.53882055,8894,23610,23610,1481209,Matched,Block,,FAUNTLEROY WAY SW BETWEEN SW MYRTLE ST AND SW OTHELLO ST,,,2,Injury Collision,Rear Ended,5,0,0,3,2004/02/29 00:00:00+00,2/29/2004 12:13:00 PM,Mid-Block (not related to intersection),14,"MOTOR VEHICLE STRUCK MOTOR VEHICLE, REAR END",,0,Clear,Dry,Daylight,,4060019.0,,13,From same direction - both going straight - both moving - rear-end,0,0,N
7176,1,-122.3543532,47.67602257,8895,23010,23010,1219992,Matched,Intersection,24363.0,PHINNEY AVE N AND N 65TH ST,,,1,Property Damage Only Collision,Left Turn,3,0,0,2,2004/09/14 00:00:00+00,9/14/2004 6:29:00 PM,At Intersection (intersection related),11,"MOTOR VEHICLE STRUCK MOTOR VEHICLE, FRONT END AT ANGLE",,0,Raining,Wet,Dark - Street Lights On,,4258026.0,,28,From opposite direction - one left turn - one straight,0,0,N
7177,2,-122.28524250000001,47.55825221,8896,23232,23232,1771550,Matched,Block,,RAINIER AVE S BETWEEN S EDMUNDS ST AND S FERDINAND ST,,,2,Injury Collision,Rear Ended,2,0,0,2,2004/10/04 00:00:00+00,10/4/2004,Mid-Block (not related to intersection),14,"MOTOR VEHICLE STRUCK MOTOR VEHICLE, REAR END",,0,Clear,Dry,Daylight,,4278017.0,,14,From same direction - both going straight - one stopped - rear-end,0,0,N
7178,1,-122.2936574,47.54726875,8899,22590,22590,1771826,Matched,Block,,30TH AVE S BETWEEN S RAYMOND ST AND CHIEF SEALTH TRL,,,1,Property Damage Only Collision,Parked Car,2,0,0,2,2004/03/13 00:00:00+00,3/13/2004 11:31:00 PM,Mid-Block (not related to intersection),13,"MOTOR VEHICLE STRUCK MOTOR VEHICLE, LEFT SIDE AT ANGLE",,0,Clear,Dry,Daylight,,4073009.0,,32,One parked--one moving,0,0,N
7179,1,-122.3805032,47.67163529999999,8902,22851,22851,1079755,Matched,Block,,NW 59TH ST BETWEEN 17TH AVE NW AND 20TH AVE NW,,,1,Property Damage Only Collision,Parked Car,2,0,0,2,2004/07/22 00:00:00+00,7/22/2004 9:39:00 PM,Mid-Block (not related to intersection),11,"MOTOR VEHICLE STRUCK MOTOR VEHICLE, FRONT END AT ANGLE",Y,0,Clear,Dry,Dark - Street Lights On,,4204027.0,,32,One parked--one moving,0,0,N
7180,1,-122.3339376,47.70548994,8903,23365,23365,1782885,Matched,Block,,MERIDIAN AVE N BETWEEN N 105TH ST AND N 106TH ST,,,1,Property Damage Only Collision,Rear Ended,4,0,0,3,2004/08/02 00:00:00+00,8/2/2004,Mid-Block (not related to intersection),14,"MOTOR VEHICLE STRUCK MOTOR VEHICLE, REAR END",,0,Clear,Dry,Daylight,,4215007.0,,14,From same direction - both going straight - one stopped - rear-end,0,0,N
7181,1,-122.2937773,47.62511156,8906,22116,22116,1772186,Matched,Block,,E MADISON ST BETWEEN 29TH E AVE E AND LAKE WASHINGTON BLVD E,,,1,Property Damage Only Collision,Sideswipe,2,0,0,2,2004/04/02 00:00:00+00,4/2/2004,Mid-Block (not related to intersection),11,"MOTOR VEHICLE STRUCK MOTOR VEHICLE, FRONT END AT ANGLE",,0,Clear,Dry,Daylight,,4093042.0,,11,From same direction - both going straight - both moving - sideswipe,0,0,N
7182,2,-122.3055975,47.61291546,8907,23334,23334,1216580,Matched,Block,,E UNION ST BETWEEN 20TH AVE AND 21ST AVE,,,2,Injury Collision,Other,2,0,0,1,2004/05/31 00:00:00+00,5/31/2004 5:18:00 PM,Mid-Block (but intersection related),28,MOTOR VEHICLE RAN OFF ROAD - HIT FIXED OBJECT,,0,Overcast,Wet,Daylight,,4152003.0,,50,Fixed object,0,0,N
7183,2,-122.3024996,47.6202073,8908,22647,22647,1772477,Matched,Intersection,29380.0,23RD AVE E AND E JOHN ST,,,2,Injury Collision,Left Turn,5,0,0,2,2004/05/08 00:00:00+00,5/8/2004,At Intersection (intersection related),11,"MOTOR VEHICLE STRUCK MOTOR VEHICLE, FRONT END AT ANGLE",,0,Clear,Dry,Daylight,,4129022.0,,28,From opposite direction - one left turn - one straight,0,0,N
7184,1,-122.29959579999999,47.67577535,8909,23328,23328,1199347,Matched,Intersection,24696.0,26TH AVE NE AND NE 65TH ST,,,1,Property Damage Only Collision,Angles,4,0,0,2,2004/10/02 00:00:00+00,10/2/2004,At Intersection (intersection related),11,"MOTOR VEHICLE STRUCK MOTOR VEHICLE, FRONT END AT ANGLE",,0,Clear,Dry,Daylight,,4276029.0,,10,Entering at angle,0,0,N
7185,1,-122.3254648,47.61869246,8911,23224,23224,1789690,Matched,Block,,E OLIVE WAY BETWEEN E DENNY WAY AND SUMMIT AVE E,,,1,Property Damage Only Collision,Parked Car,2,0,0,2,2004/06/14 00:00:00+00,6/14/2004 8:00:00 PM,Mid-Block (not related to intersection),13,"MOTOR VEHICLE STRUCK MOTOR VEHICLE, LEFT SIDE AT ANGLE",,0,Overcast,Dry,Dark - Street Lights On,,4166004.0,,32,One parked--one moving,0,0,N
7186,1,-122.3096142,47.60167945,8913,23498,23498,1798942,Matched,Block,,E YESLER WAY BETWEEN 17TH AVE AND 18TH AVE,,,1,Property Damage Only Collision,Parked Car,2,0,0,2,2004/09/09 00:00:00+00,9/9/2004,Mid-Block (not related to intersection),33,DRIVERLESS VEHICLE STRUCK MOTOR VEHICLE LEFT SIDE AT ANGLE,,0,Clear,Dry,Daylight,,4253037.0,,32,One parked--one moving,0,0,N
7187,2,-122.34764979999999,47.61186755,8914,22743,22743,1777238,Matched,Block,,ELLIOTT AVE BETWEEN ELLIOTT AV ON RP AND BELL ST,,,2,Injury Collision,Other,2,0,0,2,2004/10/06 00:00:00+00,10/6/2004,Mid-Block (not related to intersection),11,"MOTOR VEHICLE STRUCK MOTOR VEHICLE, FRONT END AT ANGLE",,0,Overcast,Wet,Dawn,,4280027.0,,21,One car entering driveway access,0,0,N
7188,1,-122.3459626,47.654760499999995,8915,22833,22833,1780195,Matched,Block,,WHITMAN AVE N BETWEEN N 39TH ST AND N 40TH ST,,,1,Property Damage Only Collision,Parked Car,4,0,0,4,2004/05/04 00:00:00+00,5/4/2004,Mid-Block (not related to intersection),12,"MOTOR VEHICLE STRUCK MOTOR VEHICLE, RIGHT SIDE AT ANGLE",,0,Overcast,Dry,Daylight,,4125014.0,,32,One parked--one moving,0,0,N
7189,1,-122.32402090000001,47.62141192,8917,22909,22909,C649302,Matched,Block,,BELMONT AVE E BETWEEN E THOMAS ST AND E HARRISON ST,,,1,Property Damage Only Collision,Parked Car,2,0,0,2,2004/10/14 00:00:00+00,10/14/2004 1:00:00 PM,Mid-Block (not related to intersection),16,"MOTOR VEHICLE STRUCK MOTOR VEHICLE, LEFT SIDE SIDESWIPE",,0,Clear,Dry,Daylight,,4288047.0,,32,One parked--one moving,0,0,N
7190,2,-122.2956382,47.66819034,8918,23032,23032,1778605,Matched,Block,,30TH AVE NE BETWEEN NE 54TH ST AND NE 55TH W ST,,,2,Injury Collision,Rear Ended,3,0,0,2,2004/04/26 00:00:00+00,4/26/2004 9:43:00 PM,Mid-Block (but intersection related),14,"MOTOR VEHICLE STRUCK MOTOR VEHICLE, REAR END",Y,0,Clear,Dry,Dark - Street Lights On,,4117007.0,,14,From same direction - both going straight - one stopped - rear-end,0,0,N
7191,1,-122.2896774,47.554342999999996,8919,23165,23165,1783920,Matched,Block,,M L KING JR WR WAY S BETWEEN S DAWSON ST AND S BRANDON ST,,,1,Property Damage Only Collision,Sideswipe,2,0,0,2,2004/12/04 00:00:00+00,12/4/2004,Mid-Block (but intersection related),15,"MOTOR VEHICLE STRUCK MOTOR VEHICLE, RIGHT SIDE SIDESWIPE",,0,Overcast,Wet,Daylight,,4339058.0,,12,From same direction - both going straight - one stopped - sideswipe,0,0,N
7192,1,-122.34682859999998,47.63141142,8921,23626,23626,1326161,Matched,Block,,LEE ST BETWEEN 5TH AVE N AND TAYLOR AVE N,,,1,Property Damage Only Collision,Parked Car,4,0,0,4,2004/03/19 00:00:00+00,3/19/2004 11:58:00 PM,Mid-Block (not related to intersection),11,"MOTOR VEHICLE STRUCK MOTOR VEHICLE, FRONT END AT ANGLE",Y,1,Clear,Dry,Dark - Street Lights On,,4079028.0,,32,One parked--one moving,0,0,N
7193,2,-122.3175591,47.68710314,8922,22848,22848,1773980,Matched,Block,,ROOSEVELT WAY NE BETWEEN NE 80TH ST AND NE 81ST ST,,,2,Injury Collision,Rear Ended,2,0,0,2,2004/03/08 00:00:00+00,3/8/2004,Mid-Block (but intersection related),14,"MOTOR VEHICLE STRUCK MOTOR VEHICLE, REAR END",,0,Clear,Dry,Daylight,,4068022.0,,14,From same direction - both going straight - one stopped - rear-end,0,0,N
7194,2,,,8923,22426,22426,1326724,Matched,Block,,ALASKAN WY VI SB BETWEEN COLUMBIA ST ON RP AND ALASKAN WY VI SB EFR OFF RP,,,2,Injury Collision,Other,1,0,0,1,2004/02/06 00:00:00+00,2/6/2004,Mid-Block (not related to intersection),28,MOTOR VEHICLE RAN OFF ROAD - HIT FIXED OBJECT,,1,Clear,Dry,Dark - Street Lights On,,4037006.0,,50,Fixed object,0,0,N