,SEVERITYCODE,X,Y,OBJECTID,INCKEY,COLDETKEY,REPORTNO,STATUS,ADDRTYPE,INTKEY,LOCATION,EXCEPTRSNCODE,EXCEPTRSNDESC,SEVERITYCODE.1,SEVERITYDESC,COLLISIONTYPE,PERSONCOUNT,PEDCOUNT,PEDCYLCOUNT,VEHCOUNT,INCDATE,INCDTTM,JUNCTIONTYPE,SDOT_COLCODE,SDOT_COLDESC,INATTENTIONIND,UNDERINFL,WEATHER,ROADCOND,LIGHTCOND,PEDROWNOTGRNT,SDOTCOLNUM,SPEEDING,ST_COLCODE,ST_COLDESC,SEGLANEKEY,CROSSWALKKEY,HITPARKEDCAR
7195,1,-122.34009270000001,47.60554492,8924,23641,23641,1789699,Matched,Block,,ALASKAN WAY BETWEEN SENECA ST AND UNIVERSITY ST,,,1,Property Damage Only Collision,Parked Car,2,0,0,2,2004/12/02 00:00:00+00,12/2/2004,Mid-Block (but intersection related),16,"MOTOR VEHICLE STRUCK MOTOR VEHICLE, LEFT SIDE SIDESWIPE",,0,Clear,Dry,Dark - Street Lights On,,4337029.0,Y,32,One parked--one moving,0,0,N
7196,2,-122.3201136,47.61408042,8925,22664,22664,1788693,Matched,Block,,E PIKE ST BETWEEN BROADWAY AND 10TH AVE,,,2,Injury Collision,Rear Ended,2,0,0,2,2004/02/16 00:00:00+00,2/16/2004 5:52:00 PM,Mid-Block (but intersection related),14,"MOTOR VEHICLE STRUCK MOTOR VEHICLE, REAR END",Y,0,Overcast,Wet,Dark - Street Lights On,,4047010.0,,14,From same direction - both going straight - one stopped - rear-end,0,0,N
7197,1,-122.3203239,47.6549932,8927,22252,22252,792824,Matched,Block,,NE NORTHLAKE PL BETWEEN 7TH AVE NE AND 8TH AVE NE,,,1,Property Damage Only Collision,Other,2,0,0,2,2004/08/25 00:00:00+00,8/25/2004 8:03:00 AM,Driveway Junction,11,"MOTOR VEHICLE STRUCK MOTOR VEHICLE, FRONT END AT ANGLE",,0,Clear,Wet,Daylight,,4238001.0,,22,One car leaving driveway access,0,0,N
7198,1,-122.34131550000001,47.732311100000004,8929,22774,22774,1079751,Matched,Intersection,35716.0,INTERLAKE AVE N AND N 143RD ST,,,1,Property Damage Only Collision,Angles,5,0,0,2,2004/07/21 00:00:00+00,7/21/2004 7:16:00 PM,At Intersection (intersection related),11,"MOTOR VEHICLE STRUCK MOTOR VEHICLE, FRONT END AT ANGLE",,0,Clear,Dry,Daylight,,4203002.0,,10,Entering at angle,0,0,N
7199,2,-122.3434889,47.69417961,8930,23159,23159,1476115,Matched,Intersection,37341.0,NESBIT AVE N AND N 90TH ST,,,2,Injury Collision,Other,4,0,0,2,2004/07/17 00:00:00+00,7/17/2004 2:24:00 PM,At Intersection (intersection related),11,"MOTOR VEHICLE STRUCK MOTOR VEHICLE, FRONT END AT ANGLE",,0,Clear,Dry,Daylight,,4199026.0,Y,21,One car entering driveway access,0,0,N
7200,1,-122.35869679999999,47.62094843,8931,22708,22708,1783441,Matched,Block,,W THOMAS ST BETWEEN 1ST AVE W AND 2ND AVE W,,,1,Property Damage Only Collision,Parked Car,2,0,0,2,2004/11/07 00:00:00+00,11/7/2004,Mid-Block (not related to intersection),16,"MOTOR VEHICLE STRUCK MOTOR VEHICLE, LEFT SIDE SIDESWIPE",Y,1,Clear,Dry,Daylight,,4312016.0,,32,One parked--one moving,0,0,N
7201,1,-122.38885859999999,47.67454985,8933,22759,22759,1319523,Matched,Block,,NW 63RD ST BETWEEN 24TH AVE NW AND 26TH AVE NW,,,1,Property Damage Only Collision,Parked Car,3,0,0,3,2004/03/20 00:00:00+00,3/20/2004 9:06:00 PM,Driveway Junction,11,"MOTOR VEHICLE STRUCK MOTOR VEHICLE, FRONT END AT ANGLE",Y,0,Clear,Dry,Dark - Street Lights On,,4080039.0,,32,One parked--one moving,0,0,N
7202,2,-122.3174134,47.67947022,8934,22840,22840,1219902,Matched,Intersection,24464.0,ROOSEVELT WAY NE AND NE 70TH ST,,,2,Injury Collision,Left Turn,3,0,0,2,2004/10/16 00:00:00+00,10/16/2004 12:58:00 PM,At Intersection (intersection related),11,"MOTOR VEHICLE STRUCK MOTOR VEHICLE, FRONT END AT ANGLE",,0,Raining,Wet,Daylight,,4290040.0,,28,From opposite direction - one left turn - one straight,0,0,N
7203,2,-122.3296081,47.59030825,8935,21990,21990,1783795,Matched,Block,,EDGAR MARTINEZ DR S BETWEEN S ATLANTIC ST OFF RP AND 4TH AVE SB OFF RP,,,2,Injury Collision,Rear Ended,2,0,0,2,2004/08/24 00:00:00+00,8/24/2004 7:59:00 PM,Mid-Block (but intersection related),14,"MOTOR VEHICLE STRUCK MOTOR VEHICLE, REAR END",Y,0,Raining,Wet,Dusk,,4237024.0,,13,From same direction - both going straight - both moving - rear-end,0,0,N
7204,2,-122.3054675,47.66216401,8936,23483,23483,1782078,Matched,Block,,21ST AVE NE BETWEEN NE 45TH ST AND NE 47TH ST,,,2,Injury Collision,Other,3,0,0,1,2004/04/19 00:00:00+00,4/19/2004 12:15:00 AM,Mid-Block (not related to intersection),28,MOTOR VEHICLE RAN OFF ROAD - HIT FIXED OBJECT,,1,Overcast,Wet,Dark - Street Lights On,,4110006.0,,50,Fixed object,0,0,N
7205,1,-122.349323,47.53103185,8938,23173,23173,1789030,Matched,Block,,11TH AVE SW BETWEEN SW KENYON ST AND SW ELMGROVE ST,,,1,Property Damage Only Collision,Parked Car,2,0,0,2,2004/01/14 00:00:00+00,1/14/2004 9:50:00 AM,Mid-Block (not related to intersection),11,"MOTOR VEHICLE STRUCK MOTOR VEHICLE, FRONT END AT ANGLE",Y,0,Raining,Wet,Daylight,,4014054.0,,32,One parked--one moving,0,0,N
7206,2,-122.3044517,47.69893948,8939,22870,22870,1780712,Matched,Block,,LAKE CITY WAY NE BETWEEN NE 95TH ST AND NE 98TH ST,,,2,Injury Collision,Other,2,0,0,1,2004/01/02 00:00:00+00,1/2/2004,Mid-Block (but intersection related),28,MOTOR VEHICLE RAN OFF ROAD - HIT FIXED OBJECT,,0,Overcast,Ice,Dark - Street Lights On,,4002034.0,Y,50,Fixed object,0,0,N
7207,1,-122.28818590000002,47.56409504,8940,23237,23237,1771682,Matched,Intersection,32715.0,RAINIER AVE S AND S GENESEE S ST,,,1,Property Damage Only Collision,Left Turn,6,0,0,3,2004/02/06 00:00:00+00,2/6/2004,At Intersection (intersection related),11,"MOTOR VEHICLE STRUCK MOTOR VEHICLE, FRONT END AT ANGLE",,0,Raining,Wet,Daylight,,4037031.0,,28,From opposite direction - one left turn - one straight,0,0,N
7208,2,-122.34494679999999,47.72048199,8943,23351,23351,1773405,Matched,Block,,AURORA AVE N BETWEEN N 125TH ST AND N 127TH ST,,,2,Injury Collision,Rear Ended,6,0,0,4,2004/03/05 00:00:00+00,3/5/2004,Mid-Block (but intersection related),14,"MOTOR VEHICLE STRUCK MOTOR VEHICLE, REAR END",Y,0,Clear,Dry,Dark - Street Lights On,,4065014.0,,14,From same direction - both going straight - one stopped - rear-end,0,0,N
7209,2,-122.37614280000001,47.63766086,8947,23472,23472,1482262,Matched,Intersection,27940.0,15TH AVE W AND W ARMORY WAY,,,2,Injury Collision,Rear Ended,6,0,0,3,2004/05/03 00:00:00+00,5/3/2004,At Intersection (intersection related),14,"MOTOR VEHICLE STRUCK MOTOR VEHICLE, REAR END",Y,0,Clear,Dry,Daylight,,4124023.0,,14,From same direction - both going straight - one stopped - rear-end,0,0,N
7210,2,-122.35710060000001,47.66288529999999,8948,22627,22627,1794827,Matched,Block,,N MARKET ST BETWEEN 1ST AVE NW AND PALATINE AVE N,,,2,Injury Collision,Sideswipe,6,0,0,2,2004/09/17 00:00:00+00,9/17/2004 8:58:00 AM,Mid-Block (not related to intersection),16,"MOTOR VEHICLE STRUCK MOTOR VEHICLE, LEFT SIDE SIDESWIPE",Y,0,Clear,Dry,Daylight,,4261007.0,,11,From same direction - both going straight - both moving - sideswipe,0,0,N
7211,1,-122.3263524,47.60129181,8950,23169,23169,1474746,Matched,Block,,6TH AVE S BETWEEN YESLER WAY AND S WASHINGTON ST,,,1,Property Damage Only Collision,Other,5,0,0,2,2004/06/09 00:00:00+00,6/9/2004,Driveway Junction,11,"MOTOR VEHICLE STRUCK MOTOR VEHICLE, FRONT END AT ANGLE",,0,Clear,Dry,Dark - Street Lights On,,4161017.0,,21,One car entering driveway access,0,0,N
7212,1,-122.2899378,47.57067496,8952,23651,23651,1334216,Matched,Block,,34TH AVE S BETWEEN S SPOKANE ST AND S CHARLESTOWN ST,,,1,Property Damage Only Collision,Other,1,0,0,1,2004/05/22 00:00:00+00,5/22/2004 1:45:00 PM,Mid-Block (but intersection related),28,MOTOR VEHICLE RAN OFF ROAD - HIT FIXED OBJECT,,0,Raining,Wet,Daylight,,4143008.0,,50,Fixed object,0,0,N
7213,2,-122.3762121,47.67126589,8953,23194,23194,1793759,Matched,Block,,15TH AVE NW BETWEEN NW 58TH ST AND NW 59TH ST,,,2,Injury Collision,Rear Ended,5,0,0,4,2004/09/07 00:00:00+00,9/7/2004,Mid-Block (not related to intersection),14,"MOTOR VEHICLE STRUCK MOTOR VEHICLE, REAR END",Y,0,Clear,Dry,Daylight,,4251016.0,,13,From same direction - both going straight - both moving - rear-end,0,0,N
7214,1,-122.34827959999998,47.61441995,8955,22825,22825,1482258,Matched,Block,,1ST AVE BETWEEN BATTERY ST AND WALL ST,,,1,Property Damage Only Collision,Right Turn,2,0,0,2,2004/02/28 00:00:00+00,2/28/2004 10:19:00 PM,Mid-Block (but intersection related),16,"MOTOR VEHICLE STRUCK MOTOR VEHICLE, LEFT SIDE SIDESWIPE",,0,Clear,Dry,Dark - Street Lights On,,4059021.0,,16,From same direction - one right turn - one straight,0,0,N
7215,2,-122.3390531,47.51917316,8956,22113,22113,1798231,Matched,Block,,OLSON PL SW BETWEEN 3RD AVE SW AND SW CAMBRIDGE PL,,,2,Injury Collision,Other,2,0,0,1,2004/08/02 00:00:00+00,8/2/2004,Mid-Block (not related to intersection),28,MOTOR VEHICLE RAN OFF ROAD - HIT FIXED OBJECT,,0,Clear,Dry,Daylight,,4215003.0,Y,50,Fixed object,0,0,N
7216,2,-122.3032814,47.60616932,8958,22637,22637,1216743,Matched,Block,,E JEFFERSON ST BETWEEN 22ND AVE AND 23RD AVE,,,2,Injury Collision,Rear Ended,3,0,0,2,2004/11/12 00:00:00+00,11/12/2004 11:01:00 PM,Mid-Block (not related to intersection),14,"MOTOR VEHICLE STRUCK MOTOR VEHICLE, REAR END",,0,Clear,Dry,Dark - Street Lights On,,4317020.0,,14,From same direction - both going straight - one stopped - rear-end,0,0,N
7217,1,-122.34670039999999,47.66358242,8959,23450,23450,1773466,Matched,Block,,N 48TH ST BETWEEN AURORA AVE N AND WHITMAN AVE N,,,1,Property Damage Only Collision,Parked Car,2,0,0,2,2004/04/12 00:00:00+00,4/12/2004 1:16:00 PM,Mid-Block (not related to intersection),11,"MOTOR VEHICLE STRUCK MOTOR VEHICLE, FRONT END AT ANGLE",,0,Clear,Dry,Daylight,,4103010.0,,32,One parked--one moving,0,0,N
7218,1,-122.31964109999998,47.59876597,8960,23001,23001,1798893,Matched,Block,,10TH AVE S BETWEEN S JACKSON ST AND S KING ST,,,1,Property Damage Only Collision,Other,2,0,0,1,2004/09/28 00:00:00+00,9/28/2004 10:30:00 AM,Driveway Junction,28,MOTOR VEHICLE RAN OFF ROAD - HIT FIXED OBJECT,Y,0,Clear,Dry,Daylight,,4272040.0,,50,Fixed object,0,0,N
7219,2,-122.3761733,47.64385527,8962,23023,23023,1482275,Matched,Block,,15TH AVE W BETWEEN GILMAN UPPER DR W AND W ARMOUR ST,,,2,Injury Collision,Rear Ended,2,0,0,2,2004/06/22 00:00:00+00,6/22/2004 12:10:00 PM,Mid-Block (but intersection related),14,"MOTOR VEHICLE STRUCK MOTOR VEHICLE, REAR END",Y,0,Clear,Dry,Daylight,,4174025.0,,14,From same direction - both going straight - one stopped - rear-end,0,0,N
7220,1,-122.3186299,47.68156599,8963,22847,22847,1773726,Matched,Block,,NE 73RD ST BETWEEN 9TH AVE NE AND NE 73RD ST OFF RP,,,1,Property Damage Only Collision,Parked Car,2,0,0,2,2004/01/18 00:00:00+00,1/18/2004 9:00:00 AM,Mid-Block (not related to intersection),13,"MOTOR VEHICLE STRUCK MOTOR VEHICLE, LEFT SIDE AT ANGLE",,0,Unknown,Unknown,Unknown,,4018002.0,,32,One parked--one moving,0,0,N
7221,1,-122.3276633,47.60003408,8966,23345,23345,1482864,Matched,Intersection,30501.0,5TH AVE S AND S MAIN ST,,,1,Property Damage Only Collision,Left Turn,4,0,0,2,2004/06/15 00:00:00+00,6/15/2004 12:08:00 PM,At Intersection (intersection related),11,"MOTOR VEHICLE STRUCK MOTOR VEHICLE, FRONT END AT ANGLE",,0,Clear,Dry,Daylight,,4167022.0,,15,From same direction - one left turn - one straight,0,0,N
7222,1,-122.32525449999999,47.6804027,8967,22881,22881,1213555,Matched,Block,,NE 72ND ST BETWEEN EAST GREEN LAKE DR N AND WOODLAWN AVE NE,,,1,Property Damage Only Collision,Parked Car,2,0,0,2,2004/03/27 00:00:00+00,3/27/2004 11:31:00 AM,Driveway Junction,13,"MOTOR VEHICLE STRUCK MOTOR VEHICLE, LEFT SIDE AT ANGLE",,0,Unknown,Unknown,Daylight,,4087034.0,,32,One parked--one moving,0,0,N
7223,2,-122.27567240000002,47.54578659,8968,22552,22552,1779605,Matched,Block,,RAINIER AVE S BETWEEN S GRAHAM ST AND 46TH AVE S,,,2,Injury Collision,Rear Ended,5,0,0,2,2004/01/17 00:00:00+00,1/17/2004 5:08:00 PM,Mid-Block (but intersection related),14,"MOTOR VEHICLE STRUCK MOTOR VEHICLE, REAR END",,0,Overcast,Dry,Dark - Street Lights On,,4017009.0,,14,From same direction - both going straight - one stopped - rear-end,0,0,N
7224,2,-122.38548349999999,47.56019691,8970,22908,22908,1774944,Matched,Block,,42ND AVE SW BETWEEN SW ALASKA ST AND SW EDMUNDS ST,,,2,Injury Collision,Other,3,0,0,2,2004/07/03 00:00:00+00,7/3/2004,Driveway Junction,11,"MOTOR VEHICLE STRUCK MOTOR VEHICLE, FRONT END AT ANGLE",,0,Clear,Dry,Daylight,,4185009.0,,21,One car entering driveway access,0,0,N
7225,2,-122.3207524,47.60721842,8971,22786,22786,1789841,Matched,Intersection,29801.0,BROADWAY AND JAMES ST,,,2,Injury Collision,Left Turn,2,0,0,2,2004/03/10 00:00:00+00,3/10/2004 4:52:00 PM,At Intersection (intersection related),11,"MOTOR VEHICLE STRUCK MOTOR VEHICLE, FRONT END AT ANGLE",,0,Clear,Dry,Daylight,,4070032.0,,28,From opposite direction - one left turn - one straight,0,0,N
7226,2,-122.3962949,47.5593749,8974,23221,23221,1481914,Matched,Intersection,32850.0,50TH AVE SW AND SW EDMUNDS ST,,,2,Injury Collision,Angles,4,0,0,2,2004/02/09 00:00:00+00,2/9/2004,At Intersection (intersection related),11,"MOTOR VEHICLE STRUCK MOTOR VEHICLE, FRONT END AT ANGLE",,0,Clear,Dry,Daylight,,4040007.0,,10,Entering at angle,0,0,N
7227,1,-122.3102236,47.60978297,8976,22431,22431,1216741,Matched,Block,,17TH AVE BETWEEN E COLUMBIA ST AND E MARION ST,,,1,Property Damage Only Collision,Other,1,0,0,1,2004/09/25 00:00:00+00,9/25/2004 2:04:00 AM,Mid-Block (but intersection related),28,MOTOR VEHICLE RAN OFF ROAD - HIT FIXED OBJECT,,0,Clear,Dry,Dark - Street Lights On,,4269034.0,Y,50,Fixed object,0,0,N
7228,2,-122.31818759999999,47.61700527,8978,22678,22678,1790055,Matched,Block,,11TH AVE BETWEEN E OLIVE ST AND E HOWELL ST,,,2,Injury Collision,Parked Car,3,0,0,2,2004/03/04 00:00:00+00,3/4/2004,Mid-Block (not related to intersection),14,"MOTOR VEHICLE STRUCK MOTOR VEHICLE, REAR END",,0,Overcast,Wet,Daylight,,4064004.0,Y,19,One car entering parked position,0,0,N
7229,1,-122.3131469,47.62194876,8979,22396,22396,1789735,Matched,Block,,E HARRISON ST BETWEEN MALDEN AVE E AND 15TH S AVE E,,,1,Property Damage Only Collision,Parked Car,2,0,0,2,2004/01/16 00:00:00+00,1/16/2004 1:08:00 PM,Mid-Block (not related to intersection),14,"MOTOR VEHICLE STRUCK MOTOR VEHICLE, REAR END",,0,Clear,Dry,Daylight,,4016018.0,,32,One parked--one moving,0,0,N
7230,1,-122.29104699999999,47.54979225,8980,23635,23635,1779633,Matched,Block,,S JUNEAU ST BETWEEN 32ND AVE S AND 33RD AVE S,,,1,Property Damage Only Collision,Parked Car,3,0,0,3,2004/07/31 00:00:00+00,7/31/2004 7:30:00 PM,Mid-Block (but intersection related),14,"MOTOR VEHICLE STRUCK MOTOR VEHICLE, REAR END",,0,Clear,Dry,Daylight,,4213023.0,Y,32,One parked--one moving,0,0,N
7231,2,-122.35530200000001,47.6821781,8981,22777,22777,1782439,Matched,Block,,GREENWOOD AVE N BETWEEN N 73RD ST AND N 74TH ST,,,2,Injury Collision,Rear Ended,8,0,0,4,2004/04/25 00:00:00+00,4/25/2004 10:58:00 AM,Mid-Block (but intersection related),14,"MOTOR VEHICLE STRUCK MOTOR VEHICLE, REAR END",Y,0,Clear,Dry,Daylight,,4116034.0,,14,From same direction - both going straight - one stopped - rear-end,0,0,N
7232,1,-122.3216834,47.54674636,8982,23452,23452,1781769,Matched,Block,,CORSON AVE S BETWEEN S MICHIGAN ST AND S EDDY ST,,,1,Property Damage Only Collision,Other,1,0,0,1,2004/06/29 00:00:00+00,6/29/2004 1:02:00 PM,Driveway Junction,0,NOT ENOUGH INFORMATION / NOT APPLICABLE,,0,Clear,Dry,Daylight,,4181039.0,,67,Vehicle Struck by Other Road or Construction Machinery,0,0,N
7233,1,-122.3593397,47.62211776,8983,22002,22002,1482853,Matched,Intersection,28651.0,2ND AVE W AND W HARRISON ST,,,1,Property Damage Only Collision,Left Turn,2,0,0,2,2004/06/06 00:00:00+00,6/6/2004,At Intersection (intersection related),11,"MOTOR VEHICLE STRUCK MOTOR VEHICLE, FRONT END AT ANGLE",,0,Overcast,Dry,Daylight,,4158022.0,,28,From opposite direction - one left turn - one straight,0,0,N
7234,2,-122.3867781,47.56110647,8984,23666,23666,1798527,Matched,Intersection,31916.0,CALIFORNIA AVE SW AND SW ALASKA ST,,,2,Injury Collision,Left Turn,4,0,0,2,2004/06/20 00:00:00+00,6/20/2004 2:07:00 AM,At Intersection (intersection related),11,"MOTOR VEHICLE STRUCK MOTOR VEHICLE, FRONT END AT ANGLE",,0,Clear,Dry,Dark - Street Lights On,,4172028.0,,28,From opposite direction - one left turn - one straight,0,0,N
7235,1,-122.3121155,47.61477177,8985,22616,22616,1798545,Matched,Block,,E MADISON ST BETWEEN 15TH AVE AND 16TH AVE,,,1,Property Damage Only Collision,Rear Ended,2,0,0,2,2004/09/13 00:00:00+00,9/13/2004 4:20:00 AM,Mid-Block (but intersection related),14,"MOTOR VEHICLE STRUCK MOTOR VEHICLE, REAR END",Y,0,Raining,Wet,Dark - Street Lights On,,4257029.0,Y,14,From same direction - both going straight - one stopped - rear-end,0,0,N
7236,1,-122.31739250000001,47.65368245,8986,22839,22839,1210057,Matched,Intersection,27147.0,NE BOAT ST AND NE PACIFIC ST,,,1,Property Damage Only Collision,Left Turn,4,0,0,2,2004/04/27 00:00:00+00,4/27/2004 7:33:00 PM,At Intersection (intersection related),11,"MOTOR VEHICLE STRUCK MOTOR VEHICLE, FRONT END AT ANGLE",Y,0,Clear,Dry,Daylight,,4118033.0,,28,From opposite direction - one left turn - one straight,0,0,N
7237,2,-122.29751329999999,47.66122149,8988,23476,23476,1778548,Matched,Block,,NE 45TH ST BETWEEN MONTLAKE BLVD NE AND U VILLAGE DR,,,2,Injury Collision,Cycles,2,0,1,1,2004/06/04 00:00:00+00,6/4/2004,Driveway Junction,18,"MOTOR VEHICLE STRUCK PEDALCYCLIST, FRONT END AT ANGLE",,0,Clear,Dry,Daylight,Y,4156006.0,,45,Vehicle - Pedalcyclist,0,0,N
7238,2,-122.3131081,47.70853181,8989,22806,22806,C650664,Matched,Block,,NE NORTHGATE WAY BETWEEN 14TH AVE NE AND 15TH AVE NE,,,2,Injury Collision,Rear Ended,2,0,0,2,2004/10/11 00:00:00+00,10/11/2004 8:00:00 AM,Mid-Block (but intersection related),14,"MOTOR VEHICLE STRUCK MOTOR VEHICLE, REAR END",,0,Clear,Dry,Daylight,,4285032.0,,13,From same direction - both going straight - both moving - rear-end,0,0,N
7239,1,-122.33202079999998,47.67597659,8994,21996,21996,1795006,Matched,Block,,N 65TH ST BETWEEN EAST GREEN LAKE WAY N AND WOODLAWN AVE N,,,1,Property Damage Only Collision,Parked Car,2,0,0,2,2004/09/22 00:00:00+00,9/22/2004 9:45:00 PM,Mid-Block (not related to intersection),11,"MOTOR VEHICLE STRUCK MOTOR VEHICLE, FRONT END AT ANGLE",,0,Clear,Dry,Dark - Street Lights On,,4266027.0,,32,One parked--one moving,0,0,N
7240,1,-122.3548023,47.61859955,8995,23204,23204,1777289,Matched,Block,,DENNY WAY BETWEEN 1ST AVE AND WARREN AVE N,,,1,Property Damage Only Collision,Other,2,0,0,2,2004/03/15 00:00:00+00,3/15/2004 6:51:00 AM,Driveway Junction,11,"MOTOR VEHICLE STRUCK MOTOR VEHICLE, FRONT END AT ANGLE",,0,Clear,Dry,Daylight,,4075004.0,,22,One car leaving driveway access,0,0,N
7241,1,-122.3313951,47.61850791,8997,22971,22971,1482211,Matched,Intersection,29169.0,DENNY WAY AND YALE AVE,,,1,Property Damage Only Collision,Angles,4,0,0,2,2004/02/09 00:00:00+00,2/9/2004,At Intersection (intersection related),11,"MOTOR VEHICLE STRUCK MOTOR VEHICLE, FRONT END AT ANGLE",,0,Clear,Dry,Daylight,,4040018.0,,10,Entering at angle,0,0,N
7242,2,-122.31196570000002,47.66308365,8998,22120,22120,1779784,Matched,Intersection,26066.0,15TH AVE NE AND NE 47TH ST,,,2,Injury Collision,Pedestrian,2,1,0,1,2004/04/16 00:00:00+00,4/16/2004 6:38:00 PM,At Intersection (intersection related),24,MOTOR VEHCILE STRUCK PEDESTRIAN,,0,Clear,Dry,Daylight,Y,4107008.0,,1,Vehicle turning right hits pedestrian,0,0,N
7243,1,-122.334001,47.70911658,8999,23661,23661,1072708,Matched,Block,,MERIDIAN AVE N BETWEEN N NORTHGATE WAY AND N 112TH ST,,,1,Property Damage Only Collision,Rear Ended,2,0,0,2,2004/03/09 00:00:00+00,3/9/2004,Mid-Block (but intersection related),14,"MOTOR VEHICLE STRUCK MOTOR VEHICLE, REAR END",,0,Overcast,Dry,Daylight,,4069012.0,Y,14,From same direction - both going straight - one stopped - rear-end,0,0,N
7244,2,-122.33446380000001,47.6111424,9001,22934,22934,880091,Matched,Intersection,29894.0,6TH AVE AND PIKE ST,,,2,Injury Collision,Angles,0,0,0,2,2004/03/02 00:00:00+00,3/2/2004,At Intersection (intersection related),11,"MOTOR VEHICLE STRUCK MOTOR VEHICLE, FRONT END AT ANGLE",,0,Clear,Dry,Daylight,,4062004.0,,10,Entering at angle,0,0,N
7245,1,-122.2910441,47.66119715,9002,23458,23458,1789755,Matched,Block,,NE 45TH ST BETWEEN NE 45TH PL AND 36TH AVE NE,,,1,Property Damage Only Collision,Parked Car,2,0,0,2,2004/01/14 00:00:00+00,1/14/2004 3:20:00 PM,Mid-Block (not related to intersection),13,"MOTOR VEHICLE STRUCK MOTOR VEHICLE, LEFT SIDE AT ANGLE",Y,0,Unknown,Unknown,Daylight,,4014012.0,,32,One parked--one moving,0,0,N
7246,1,-122.3094998,47.61644112,9003,22859,22859,1784367,Matched,Block,,E OLIVE ST BETWEEN 17TH AVE AND 18TH AVE,,,1,Property Damage Only Collision,Parked Car,2,0,0,2,2004/11/11 00:00:00+00,11/11/2004 1:31:00 PM,Mid-Block (not related to intersection),16,"MOTOR VEHICLE STRUCK MOTOR VEHICLE, LEFT SIDE SIDESWIPE",,0,Clear,Dry,Daylight,,4316015.0,,32,One parked--one moving,0,0,N
7247,1,-122.3158572,47.60169182,9004,23515,23515,1772592,Matched,Block,,E YESLER WAY BETWEEN 12TH AVE AND 13TH AVE,,,1,Property Damage Only Collision,Rear Ended,6,0,0,3,2004/06/07 00:00:00+00,6/7/2004,Mid-Block (not related to intersection),14,"MOTOR VEHICLE STRUCK MOTOR VEHICLE, REAR END",,0,Clear,Dry,Daylight,,4159032.0,,13,From same direction - both going straight - both moving - rear-end,0,0,N
7248,2,-122.300605,47.66626672,9006,23489,23489,1796933,Matched,Intersection,25949.0,25TH AVE NE AND NE BLAKELEY ST,,,2,Injury Collision,Cycles,3,0,1,1,2004/12/05 00:00:00+00,12/5/2004,At Intersection (intersection related),18,"MOTOR VEHICLE STRUCK PEDALCYCLIST, FRONT END AT ANGLE",,0,Clear,Dry,Daylight,,4340009.0,,45,Vehicle - Pedalcyclist,0,0,N
7249,2,-122.34761599999999,47.61915389,9007,22807,22807,C649253,Matched,Block,,5TH AVE N BETWEEN DENNY WAY AND JOHN ST,,,2,Injury Collision,Rear Ended,2,0,0,2,2004/10/12 00:00:00+00,10/12/2004 4:35:00 PM,Mid-Block (but intersection related),14,"MOTOR VEHICLE STRUCK MOTOR VEHICLE, REAR END",,0,Clear,Dry,Daylight,,4286041.0,,14,From same direction - both going straight - one stopped - rear-end,0,0,N
7250,2,-122.31833759999999,47.60219412,9008,22687,22687,1198452,Matched,Block,,BOREN AVE BETWEEN E YESLER WAY AND E FIR ST,,,2,Injury Collision,Rear Ended,5,0,0,3,2004/11/23 00:00:00+00,11/23/2004 3:59:00 PM,Mid-Block (but intersection related),14,"MOTOR VEHICLE STRUCK MOTOR VEHICLE, REAR END",,0,Raining,Wet,Dusk,,4328038.0,,14,From same direction - both going straight - one stopped - rear-end,0,0,N
7251,1,-122.3161159,47.54672873,9010,23028,23028,1789294,Matched,Block,,13TH AVE S BETWEEN S ANGELO ST AND S ALBRO PL,,,1,Property Damage Only Collision,Parked Car,2,0,0,2,2004/03/11 00:00:00+00,3/11/2004 9:00:00 AM,Mid-Block (but intersection related),11,"MOTOR VEHICLE STRUCK MOTOR VEHICLE, FRONT END AT ANGLE",,0,Clear,Dry,Daylight,,4071016.0,,20,One car leaving parked position,0,0,N
7252,1,-122.3339772,47.70775527,9011,22926,22926,1778349,Matched,Block,,MERIDIAN AVE N BETWEEN N 107TH ST AND N NORTHGATE WAY,,,1,Property Damage Only Collision,Other,2,0,0,2,2004/03/05 00:00:00+00,3/5/2004,Driveway Junction,11,"MOTOR VEHICLE STRUCK MOTOR VEHICLE, FRONT END AT ANGLE",,0,Overcast,Dry,Daylight,,4065026.0,,22,One car leaving driveway access,0,0,N
7253,1,-122.26393390000001,47.51997549,9012,23590,23590,1771501,Matched,Block,,RAINIER AVE S BETWEEN 54TH AVE S AND SEWARD PARK AVE S,,,1,Property Damage Only Collision,Angles,4,0,0,2,2004/04/10 00:00:00+00,4/10/2004 3:06:00 PM,Driveway Junction,11,"MOTOR VEHICLE STRUCK MOTOR VEHICLE, FRONT END AT ANGLE",,0,Clear,Dry,Daylight,,4101009.0,,10,Entering at angle,0,0,N
7254,2,,,9015,23106,23106,C649443,Matched,,,,NEI,"Not Enough Information, or Insufficient Location Information",2,Injury Collision,Sideswipe,2,0,0,2,2004/10/27 00:00:00+00,10/27/2004 1:35:00 PM,Mid-Block (not related to intersection),0,NOT ENOUGH INFORMATION / NOT APPLICABLE,,0,Unknown,Dry,Daylight,,4301049.0,,11,From same direction - both going straight - both moving - sideswipe,0,0,N
7255,2,-122.3118263,47.59626403,9019,22674,22674,1784363,Matched,Block,,RAINIER AVE S BETWEEN S LANE ST AND S DEARBORN ST,,,2,Injury Collision,Rear Ended,3,0,0,2,2004/11/06 00:00:00+00,11/6/2004,Mid-Block (but intersection related),14,"MOTOR VEHICLE STRUCK MOTOR VEHICLE, REAR END",,0,Overcast,Dry,Daylight,,4311036.0,,14,From same direction - both going straight - one stopped - rear-end,0,0,N