,SEVERITYCODE,X,Y,OBJECTID,INCKEY,COLDETKEY,REPORTNO,STATUS,ADDRTYPE,INTKEY,LOCATION,EXCEPTRSNCODE,EXCEPTRSNDESC,SEVERITYCODE.1,SEVERITYDESC,COLLISIONTYPE,PERSONCOUNT,PEDCOUNT,PEDCYLCOUNT,VEHCOUNT,INCDATE,INCDTTM,JUNCTIONTYPE,SDOT_COLCODE,SDOT_COLDESC,INATTENTIONIND,UNDERINFL,WEATHER,ROADCOND,LIGHTCOND,PEDROWNOTGRNT,SDOTCOLNUM,SPEEDING,ST_COLCODE,ST_COLDESC,SEGLANEKEY,CROSSWALKKEY,HITPARKEDCAR
7256,1,-122.360946,47.7187249,9021,22775,22775,1079985,Matched,Block,,3RD AVE NW BETWEEN NW 122ND ST AND NW 125TH ST,,,1,Property Damage Only Collision,Rear Ended,2,0,0,2,2004/07/09 00:00:00+00,7/9/2004,Mid-Block (but intersection related),14,"MOTOR VEHICLE STRUCK MOTOR VEHICLE, REAR END",,0,Clear,Dry,Daylight,,4191023.0,,14,From same direction - both going straight - one stopped - rear-end,0,0,N
7257,2,-122.37749850000002,47.64846703,9022,23443,23443,1777314,Matched,Intersection,26470.0,16TH AVE W AND W DRAVUS ST,,,2,Injury Collision,Left Turn,4,0,0,2,2004/03/25 00:00:00+00,3/25/2004 4:05:00 PM,At Intersection (intersection related),11,"MOTOR VEHICLE STRUCK MOTOR VEHICLE, FRONT END AT ANGLE",,0,Raining,Wet,Daylight,,4085006.0,,28,From opposite direction - one left turn - one straight,0,0,N
7258,1,-122.3133572,47.68668897,9023,22150,22150,1780167,Matched,Intersection,24398.0,LAKE CITY WAY NE AND NE 80TH ST,,,1,Property Damage Only Collision,Angles,2,0,0,2,2004/10/20 00:00:00+00,10/20/2004 7:39:00 PM,At Intersection (intersection related),11,"MOTOR VEHICLE STRUCK MOTOR VEHICLE, FRONT END AT ANGLE",,0,Clear,Dry,Dark - Street Lights On,,4294005.0,,10,Entering at angle,0,0,N
7259,1,-122.3582584,47.63898979,9024,23208,23208,1777387,Matched,Block,,1ST AVE W BETWEEN W BOSTON ST AND W MCGRAW ST,,,1,Property Damage Only Collision,Parked Car,2,0,0,2,2004/01/20 00:00:00+00,1/20/2004 6:07:00 PM,Mid-Block (not related to intersection),11,"MOTOR VEHICLE STRUCK MOTOR VEHICLE, FRONT END AT ANGLE",,0,Clear,Dry,Dark - Street Lights On,,4020006.0,,32,One parked--one moving,0,0,N
7260,2,-122.3152797,47.68308626,9025,22747,22747,1205119,Matched,Intersection,24429.0,12TH AVE NE AND NE 75TH ST,,,2,Injury Collision,Angles,4,0,0,2,2004/05/02 00:00:00+00,5/2/2004,At Intersection (intersection related),11,"MOTOR VEHICLE STRUCK MOTOR VEHICLE, FRONT END AT ANGLE",,1,Clear,Dry,Daylight,,4123014.0,,10,Entering at angle,0,0,N
7261,1,-122.31566409999998,47.67619809,9026,22841,22841,1773398,Matched,Block,,12TH AVE NE BETWEEN NE 65TH ST AND NE 66TH ST,,,1,Property Damage Only Collision,Sideswipe,2,0,0,2,2004/05/26 00:00:00+00,5/26/2004 5:41:00 PM,Mid-Block (not related to intersection),11,"MOTOR VEHICLE STRUCK MOTOR VEHICLE, FRONT END AT ANGLE",,0,Raining,Wet,Daylight,,4147022.0,,11,From same direction - both going straight - both moving - sideswipe,0,0,N
7262,1,-122.2864886,47.5601082,9027,22411,22411,1786169,Matched,Block,,RAINIER AVE S BETWEEN S ALASKA ST AND S ANGELINE ST,,,1,Property Damage Only Collision,Other,1,0,0,1,2004/08/27 00:00:00+00,8/27/2004 4:48:00 PM,Mid-Block (not related to intersection),28,MOTOR VEHICLE RAN OFF ROAD - HIT FIXED OBJECT,,0,Clear,Dry,Daylight,,4240004.0,,50,Fixed object,0,0,N
7263,1,-122.3467021,47.51822972,9028,23471,23471,1781113,Matched,Block,,9TH AVE SW BETWEEN SW CAMBRIDGE ST AND SW ROXBURY ST,,,1,Property Damage Only Collision,Other,1,0,0,1,2004/06/18 00:00:00+00,6/18/2004 6:19:00 PM,Mid-Block (not related to intersection),13,"MOTOR VEHICLE STRUCK MOTOR VEHICLE, LEFT SIDE AT ANGLE",,0,Clear,Dry,Daylight,,4170047.0,,51,Other object,0,0,N
7264,1,-122.3355638,47.55065857,9030,23177,23177,1789447,Matched,Block,,EAST MARGINAL WAY S BETWEEN S MEAD ST AND S FIDALGO ST,,,1,Property Damage Only Collision,Other,2,0,0,2,2004/12/17 00:00:00+00,12/17/2004 7:50:00 AM,Driveway Junction,11,"MOTOR VEHICLE STRUCK MOTOR VEHICLE, FRONT END AT ANGLE",,0,Overcast,Dry,Daylight,,4352049.0,,21,One car entering driveway access,0,0,N
7265,1,-122.3119374,47.66489281,9033,22676,22676,C629012,Matched,Intersection,26052.0,15TH AVE NE AND NE 50TH ST,,,1,Property Damage Only Collision,Left Turn,2,0,0,2,2004/02/14 00:00:00+00,2/14/2004 12:10:00 AM,At Intersection (intersection related),11,"MOTOR VEHICLE STRUCK MOTOR VEHICLE, FRONT END AT ANGLE",,0,Raining,Wet,Dark - Street Lights On,,4045046.0,,28,From opposite direction - one left turn - one straight,0,0,N
7266,2,-122.3453665,47.70505326,9035,23533,23533,C645524,Matched,Block,,N 105TH ST BETWEEN WHITMAN AVE N AND AURORA AVE N,,,2,Injury Collision,Rear Ended,2,0,0,2,2004/06/10 00:00:00+00,6/10/2004 9:20:00 AM,Mid-Block (but intersection related),14,"MOTOR VEHICLE STRUCK MOTOR VEHICLE, REAR END",,0,Raining,Wet,Daylight,,4162045.0,,14,From same direction - both going straight - one stopped - rear-end,0,0,N
7267,1,-122.30207649999998,47.639894399999996,9036,23062,23062,1198308,Matched,Block,,24TH AVE E BETWEEN E LYNN ST AND E MCGRAW ST,,,1,Property Damage Only Collision,Other,1,0,0,1,2004/11/18 00:00:00+00,11/18/2004 7:51:00 AM,Mid-Block (not related to intersection),28,MOTOR VEHICLE RAN OFF ROAD - HIT FIXED OBJECT,Y,0,Raining,Wet,Dawn,,4323002.0,,50,Fixed object,0,0,N
7268,1,-122.3607787,47.67420776,9037,23147,23147,1775583,Matched,Intersection,25259.0,3RD AVE NW AND NW 62ND ST,,,1,Property Damage Only Collision,Angles,3,0,0,2,2004/01/16 00:00:00+00,1/16/2004 9:35:00 AM,At Intersection (intersection related),11,"MOTOR VEHICLE STRUCK MOTOR VEHICLE, FRONT END AT ANGLE",,0,Overcast,Wet,Daylight,,4016019.0,,10,Entering at angle,0,0,N
7269,1,-122.3199682,47.67949498,9038,22001,22001,1079978,Matched,Intersection,24460.0,8TH AVE NE AND NE 70TH ST ON RP,,,1,Property Damage Only Collision,Parked Car,5,0,0,5,2004/06/25 00:00:00+00,6/25/2004 10:30:00 PM,At Intersection (intersection related),16,"MOTOR VEHICLE STRUCK MOTOR VEHICLE, LEFT SIDE SIDESWIPE",Y,1,Clear,Dry,Dark - Street Lights On,,4177017.0,,32,One parked--one moving,0,0,N
7270,2,-122.3208637,47.61932228,9039,23667,23667,1798550,Matched,Block,,BROADWAY E BETWEEN E DENNY WAY AND E OLIVE WAY,,,2,Injury Collision,Cycles,2,0,1,1,2004/10/05 00:00:00+00,10/5/2004,Driveway Junction,51,PEDALCYCLIST STRUCK MOTOR VEHICLE FRONT END AT ANGLE,,0,Raining,Wet,Dark - Street Lights On,,4279011.0,,45,Vehicle - Pedalcyclist,0,0,N
7271,1,-122.2815463,47.53797,9040,22603,22603,1773038,Matched,Block,,M L KING JR ER WAY S BETWEEN S MYRTLE ST AND S OTHELLO ST,,,1,Property Damage Only Collision,Other,1,0,0,1,2004/10/05 00:00:00+00,10/5/2004,Mid-Block (not related to intersection),28,MOTOR VEHICLE RAN OFF ROAD - HIT FIXED OBJECT,,0,Fog/Smog/Smoke,Dry,Dark - Street Lights On,,4279013.0,,50,Fixed object,0,0,N
7272,1,-122.3555121,47.71325168,9041,22835,22835,1780462,Matched,Block,,GREENWOOD AVE N BETWEEN N 115TH ST AND N 117TH ST,,,1,Property Damage Only Collision,Parked Car,3,0,0,3,2004/01/01 00:00:00+00,1/1/2004,Mid-Block (not related to intersection),26,MOTOR VEHICLE STRUCK OBJECT IN ROAD,,1,Clear,Dry,Dark - Street Lights On,,4001016.0,Y,32,One parked--one moving,0,0,N
7273,2,-122.30261000000002,47.61679935,9042,22282,22282,1217201,Matched,Block,,23RD AVE BETWEEN E OLIVE S ST AND E OLIVE N ST,,,2,Injury Collision,Rear Ended,5,0,0,3,2004/08/05 00:00:00+00,8/5/2004,Mid-Block (but intersection related),14,"MOTOR VEHICLE STRUCK MOTOR VEHICLE, REAR END",Y,0,Clear,Dry,Daylight,,4218014.0,,14,From same direction - both going straight - one stopped - rear-end,0,0,N
7274,2,-122.3854581,47.56107185,9043,23479,23479,1781655,Matched,Intersection,31917.0,42ND AVE SW AND SW ALASKA ST,,,2,Injury Collision,Left Turn,2,0,0,2,2004/03/09 00:00:00+00,3/9/2004,At Intersection (intersection related),11,"MOTOR VEHICLE STRUCK MOTOR VEHICLE, FRONT END AT ANGLE",,0,Clear,Dry,Dark - Street Lights On,,4069022.0,,28,From opposite direction - one left turn - one straight,0,0,N
7275,1,-122.3290568,47.58719993,9045,23464,23464,1783855,Matched,Block,,4TH AVE S BETWEEN S MASSACHUSETTS ST AND S HOLGATE ST,,,1,Property Damage Only Collision,Other,2,0,0,2,2004/08/11 00:00:00+00,8/11/2004 3:50:00 PM,Driveway Junction,14,"MOTOR VEHICLE STRUCK MOTOR VEHICLE, REAR END",,0,Clear,Dry,Daylight,,4224032.0,,22,One car leaving driveway access,0,0,N
7276,1,-122.33823829999999,47.55576875,9046,22734,22734,1798238,Matched,Intersection,33022.0,EAST MARGINAL WAY S AND S DAWSON ST,,,1,Property Damage Only Collision,Sideswipe,3,0,0,2,2004/10/13 00:00:00+00,10/13/2004 4:00:00 PM,At Intersection (intersection related),16,"MOTOR VEHICLE STRUCK MOTOR VEHICLE, LEFT SIDE SIDESWIPE",,0,Clear,Dry,Daylight,,4287039.0,,11,From same direction - both going straight - both moving - sideswipe,0,0,N
7277,2,-122.29618810000001,47.57834715,9048,22295,22295,1790067,Matched,Intersection,31481.0,M L KING JR WAY S AND S MCCLELLAN ST,,,2,Injury Collision,Pedestrian,2,1,0,1,2004/09/16 00:00:00+00,9/16/2004 8:30:00 PM,At Intersection (intersection related),24,MOTOR VEHCILE STRUCK PEDESTRIAN,,0,Raining,Wet,Dusk,Y,4260017.0,,0,Vehicle going straight hits pedestrian,0,0,N
7278,1,-122.2863033,47.71735219,9051,22694,22694,1212323,Matched,Block,,NE 123RD ST BETWEEN 38TH AVE NE AND 40TH AVE NE,,,1,Property Damage Only Collision,Parked Car,2,0,0,2,2004/03/17 00:00:00+00,3/17/2004 7:30:00 PM,Mid-Block (not related to intersection),16,"MOTOR VEHICLE STRUCK MOTOR VEHICLE, LEFT SIDE SIDESWIPE",,0,Clear,Dry,Dark - Street Lights On,,4077012.0,,32,One parked--one moving,0,0,N
7279,2,-122.2769409,47.52611905,9052,21978,21978,1793159,Matched,Intersection,35253.0,RENTON AVE S AND S CLOVERDALE ST,,,2,Injury Collision,Pedestrian,2,1,0,1,2004/07/14 00:00:00+00,7/14/2004 9:05:00 AM,At Intersection (intersection related),24,MOTOR VEHCILE STRUCK PEDESTRIAN,,0,Overcast,Dry,Daylight,Y,4196011.0,,1,Vehicle turning right hits pedestrian,0,0,N
7280,1,-122.36601100000001,47.68289196,9053,23469,23469,1780842,Matched,Block,,8TH AVE NW BETWEEN NW 74TH ST AND NW 75TH ST,,,1,Property Damage Only Collision,Parked Car,2,0,0,2,2004/08/15 00:00:00+00,8/15/2004 10:00:00 AM,Mid-Block (not related to intersection),16,"MOTOR VEHICLE STRUCK MOTOR VEHICLE, LEFT SIDE SIDESWIPE",,0,Clear,Dry,Unknown,,4228033.0,,32,One parked--one moving,0,0,N
7281,1,-122.3761893,47.5640766,9054,23079,23079,1479149,Matched,Intersection,31899.0,35TH AVE SW AND SW AVALON WAY,,,1,Property Damage Only Collision,Left Turn,2,0,0,2,2004/06/16 00:00:00+00,6/16/2004 6:36:00 PM,At Intersection (intersection related),11,"MOTOR VEHICLE STRUCK MOTOR VEHICLE, FRONT END AT ANGLE",,0,Clear,Dry,Daylight,,4168004.0,,29,From opposite direction - one left turn - one right turn,0,0,N
7282,2,-122.33702590000001,47.55344008,9055,22931,22931,1781342,Matched,Intersection,33036.0,EAST MARGINAL WAY S AND S LUCILE ST,,,2,Injury Collision,Left Turn,2,0,0,2,2004/05/19 00:00:00+00,5/19/2004 12:28:00 PM,At Intersection (intersection related),11,"MOTOR VEHICLE STRUCK MOTOR VEHICLE, FRONT END AT ANGLE",,0,Clear,Dry,Daylight,,4140006.0,,28,From opposite direction - one left turn - one straight,0,0,N
7283,1,-122.32210079999999,47.64782677,9056,23595,23595,1790129,Matched,Intersection,27164.0,HARVARD AVE E AND E GWINN PL,,,1,Property Damage Only Collision,Angles,3,0,0,2,2004/04/28 00:00:00+00,4/28/2004 12:24:00 PM,At Intersection (intersection related),11,"MOTOR VEHICLE STRUCK MOTOR VEHICLE, FRONT END AT ANGLE",,0,Clear,Dry,Daylight,,4119005.0,,10,Entering at angle,0,0,N
7284,2,-122.3110838,47.553433,9057,23013,23013,1776802,Matched,Intersection,33360.0,17TH AVE S AND S LUCILE ST,,,2,Injury Collision,Angles,3,0,0,2,2004/06/08 00:00:00+00,6/8/2004,At Intersection (intersection related),11,"MOTOR VEHICLE STRUCK MOTOR VEHICLE, FRONT END AT ANGLE",,0,Clear,Dry,Daylight,,4160011.0,,10,Entering at angle,0,0,N
7285,1,-122.3549606,47.70031425,9060,23349,23349,1780667,Matched,Block,,N GREENWOOD CIR BETWEEN GREENWOOD AVE N AND OLYMPIC VIEW PL N,,,1,Property Damage Only Collision,Parked Car,2,0,0,2,2004/01/25 00:00:00+00,1/25/2004 1:38:00 PM,Mid-Block (not related to intersection),12,"MOTOR VEHICLE STRUCK MOTOR VEHICLE, RIGHT SIDE AT ANGLE",,0,Overcast,Dry,Daylight,,4025002.0,,32,One parked--one moving,0,0,N
7286,2,-122.2946969,47.72018507,9061,22665,22665,1782235,Matched,Block,,LAKE CITY WAY NE BETWEEN NE 125TH ST AND NE 127TH ST,,,2,Injury Collision,Rear Ended,4,0,0,2,2004/04/12 00:00:00+00,4/12/2004 12:50:00 PM,Mid-Block (but intersection related),14,"MOTOR VEHICLE STRUCK MOTOR VEHICLE, REAR END",Y,0,Clear,Dry,Daylight,,4103003.0,,14,From same direction - both going straight - one stopped - rear-end,0,0,N
7287,1,-122.41283600000001,47.64394093,9062,22828,22828,1482484,Matched,Block,,MAGNOLIA BLVD W BETWEEN W RAYE ST AND W ARMOUR S ST,,,1,Property Damage Only Collision,Sideswipe,2,0,0,2,2004/08/17 00:00:00+00,8/17/2004 12:25:00 AM,Mid-Block (not related to intersection),16,"MOTOR VEHICLE STRUCK MOTOR VEHICLE, LEFT SIDE SIDESWIPE",,0,Clear,Dry,Dark - Street Lights On,,4230040.0,,26,From opposite direction - both going straight - sideswipe,0,0,N
7288,1,-122.37076370000001,47.66569762,9063,22405,22405,1781987,Matched,Intersection,25440.0,11TH AVE NW AND NW 51ST ST,,,1,Property Damage Only Collision,Angles,2,0,0,2,2004/07/30 00:00:00+00,7/30/2004 7:20:00 PM,At Intersection (intersection related),11,"MOTOR VEHICLE STRUCK MOTOR VEHICLE, FRONT END AT ANGLE",,0,Clear,Dry,Daylight,,4212031.0,,10,Entering at angle,0,0,N
7289,1,-122.38376979999998,47.54577969,9064,22632,22632,C627938,Matched,Block,,FAUNTLEROY WAY SW BETWEEN 40TH AVE SW AND 41ST AVE SW,,,1,Property Damage Only Collision,Parked Car,2,0,0,2,2004/01/21 00:00:00+00,1/21/2004 10:15:00 AM,Mid-Block (not related to intersection),11,"MOTOR VEHICLE STRUCK MOTOR VEHICLE, FRONT END AT ANGLE",,0,Overcast,Dry,Daylight,,4021032.0,,20,One car leaving parked position,0,0,N
7290,2,-122.3766202,47.53355411,9066,22572,22572,1781239,Matched,Block,,35TH AVE SW BETWEEN SW HOLDEN N ST AND SW HOLDEN S ST,,,2,Injury Collision,Rear Ended,4,0,0,2,2004/09/22 00:00:00+00,9/22/2004 11:46:00 AM,Mid-Block (but intersection related),14,"MOTOR VEHICLE STRUCK MOTOR VEHICLE, REAR END",,0,Raining,Wet,Daylight,,4266017.0,,13,From same direction - both going straight - both moving - rear-end,0,0,N
7291,1,-122.3577102,47.61881611,9070,22133,22133,1482312,Matched,Block,,WESTERN AVE W BETWEEN W DENNY WAY AND 1ST AVE W,,,1,Property Damage Only Collision,Rear Ended,3,0,0,2,2004/04/01 00:00:00+00,4/1/2004,Mid-Block (but intersection related),14,"MOTOR VEHICLE STRUCK MOTOR VEHICLE, REAR END",Y,1,Clear,Dry,Daylight,,4092011.0,,14,From same direction - both going straight - one stopped - rear-end,0,0,N
7292,1,-122.31572990000001,47.62153399,9072,22956,22956,1477819,Matched,Block,,13TH AVE E BETWEEN E THOMAS ST AND E HARRISON ST,,,1,Property Damage Only Collision,Parked Car,3,0,0,3,2004/05/28 00:00:00+00,5/28/2004 12:28:00 AM,Mid-Block (not related to intersection),11,"MOTOR VEHICLE STRUCK MOTOR VEHICLE, FRONT END AT ANGLE",,0,Overcast,Dry,Dark - Street Lights On,,4149023.0,,32,One parked--one moving,0,0,N
7293,1,-122.31302859999998,47.67021294,9073,23017,23017,1778606,Matched,Block,,UNIVERSITY WAY NE BETWEEN NE 56TH ST AND NE RAVENNA EB BV,,,1,Property Damage Only Collision,Parked Car,2,0,0,2,2004/05/02 00:00:00+00,5/2/2004,Mid-Block (not related to intersection),16,"MOTOR VEHICLE STRUCK MOTOR VEHICLE, LEFT SIDE SIDESWIPE",,0,Clear,Dry,Dark - Street Lights On,,4123016.0,,32,One parked--one moving,0,0,N
7294,2,-122.3234077,47.71313906,9074,23386,23386,1080326,Matched,Block,,5TH AVE NE BETWEEN NE 115TH ST AND NE 117TH ST,,,2,Injury Collision,Sideswipe,2,0,0,2,2004/06/18 00:00:00+00,6/18/2004 5:05:00 PM,Mid-Block (but intersection related),16,"MOTOR VEHICLE STRUCK MOTOR VEHICLE, LEFT SIDE SIDESWIPE",,0,Clear,Dry,Daylight,,4170026.0,,11,From same direction - both going straight - both moving - sideswipe,0,0,N
7295,2,-122.3445219,47.69056259,9076,22852,22852,1079962,Matched,Intersection,37367.0,AURORA AVE N AND N 85TH ST,,,2,Injury Collision,Left Turn,6,0,0,2,2004/11/19 00:00:00+00,11/19/2004 9:44:00 PM,At Intersection (intersection related),11,"MOTOR VEHICLE STRUCK MOTOR VEHICLE, FRONT END AT ANGLE",,1,Clear,Dry,Dark - Street Lights On,,4324021.0,,28,From opposite direction - one left turn - one straight,0,0,N
7296,1,-122.321048,47.59834479,9077,23668,23668,1799010,Matched,Block,,S KING ST BETWEEN 8TH AVE S AND 10TH AVE S,,,1,Property Damage Only Collision,Parked Car,2,0,0,2,2004/11/29 00:00:00+00,11/29/2004 3:14:00 PM,Mid-Block (not related to intersection),11,"MOTOR VEHICLE STRUCK MOTOR VEHICLE, FRONT END AT ANGLE",Y,0,Clear,Dry,Daylight,,4334017.0,,32,One parked--one moving,0,0,N
7297,2,-122.339324,47.58291557,9078,22888,22888,1213810,Matched,Block,,ALASKAN WY VI NB BETWEEN S HOLGATE ST AND S LANDER ST,,,2,Injury Collision,Rear Ended,4,0,0,3,2004/07/23 00:00:00+00,7/23/2004 1:53:00 PM,Mid-Block (not related to intersection),14,"MOTOR VEHICLE STRUCK MOTOR VEHICLE, REAR END",Y,0,Clear,Dry,Daylight,,4205030.0,,14,From same direction - both going straight - one stopped - rear-end,0,0,N
7298,2,-122.3122232,47.60168456,9079,22569,22569,1772607,Matched,Block,,E YESLER WAY BETWEEN 15TH AVE AND 16TH AVE,,,2,Injury Collision,Other,1,0,0,1,2004/05/31 00:00:00+00,5/31/2004 5:27:00 AM,Mid-Block (not related to intersection),28,MOTOR VEHICLE RAN OFF ROAD - HIT FIXED OBJECT,,0,Clear,Dry,Daylight,,4152001.0,,50,Fixed object,0,0,N
7299,1,-122.356977,47.63413623,9080,22272,22272,1789700,Matched,Block,,QUEEN ANNE AVE N BETWEEN GARFIELD ST AND BLAINE ST,,,1,Property Damage Only Collision,Parked Car,2,0,0,2,2004/12/03 00:00:00+00,12/3/2004,Mid-Block (not related to intersection),16,"MOTOR VEHICLE STRUCK MOTOR VEHICLE, LEFT SIDE SIDESWIPE",,0,Clear,Dry,Dark - Street Lights On,,4338010.0,,32,One parked--one moving,0,0,N
7300,2,-122.3339088,47.61137436,9081,23186,23186,1776938,Matched,Block,,PIKE ST BETWEEN 6TH AVE AND 7TH AVE,,,2,Injury Collision,Rear Ended,2,0,0,2,2004/04/02 00:00:00+00,4/2/2004,Mid-Block (but intersection related),14,"MOTOR VEHICLE STRUCK MOTOR VEHICLE, REAR END",,0,Clear,Dry,Dark - Street Lights On,,4093034.0,,14,From same direction - both going straight - one stopped - rear-end,0,0,N
7301,1,-122.35545309999999,47.61860207,9082,23089,23089,1482865,Matched,Intersection,29717.0,1ST AVE AND DENNY WAY,,,1,Property Damage Only Collision,Angles,4,0,0,2,2004/06/16 00:00:00+00,6/16/2004 12:36:00 AM,At Intersection (intersection related),11,"MOTOR VEHICLE STRUCK MOTOR VEHICLE, FRONT END AT ANGLE",,0,Clear,Dry,Dark - Street Lights On,,4168006.0,,10,Entering at angle,0,0,N
7302,2,-122.3326533,47.7086545,9083,23607,23607,1477566,Matched,Block,,N NORTHGATE WAY BETWEEN MERIDIAN AVE N AND CORLISS AVE N,,,2,Injury Collision,Other,2,0,0,2,2004/06/10 00:00:00+00,6/10/2004 8:31:00 AM,Driveway Junction,11,"MOTOR VEHICLE STRUCK MOTOR VEHICLE, FRONT END AT ANGLE",,0,Raining,Wet,Daylight,,4162038.0,,22,One car leaving driveway access,0,0,N
7303,1,-122.3444878,47.68197099,9084,23009,23009,1219934,Matched,Block,,AURORA AVE N BETWEEN N 73RD ST AND KEEN WAY N,,,1,Property Damage Only Collision,Rear Ended,3,0,0,2,2004/09/22 00:00:00+00,9/22/2004 4:24:00 PM,Mid-Block (not related to intersection),14,"MOTOR VEHICLE STRUCK MOTOR VEHICLE, REAR END",,0,Raining,Wet,Daylight,,4266021.0,,14,From same direction - both going straight - one stopped - rear-end,0,0,N
7304,1,-122.35621689999999,47.72323713,9085,23518,23518,1782922,Matched,Block,,N 130TH ST BETWEEN PALATINE AVE N AND GREENWOOD AVE N,,,1,Property Damage Only Collision,Parked Car,2,0,0,2,2004/06/04 00:00:00+00,6/4/2004,Mid-Block (not related to intersection),16,"MOTOR VEHICLE STRUCK MOTOR VEHICLE, LEFT SIDE SIDESWIPE",,0,Clear,Dry,Daylight,,4156018.0,,32,One parked--one moving,0,0,N
7305,1,-122.3342549,47.61851729,9086,22141,22141,1784893,Matched,Intersection,29504.0,DENNY WAY AND FAIRVIEW AVE,,,1,Property Damage Only Collision,Angles,3,0,0,2,2004/09/10 00:00:00+00,9/10/2004 12:55:00 PM,At Intersection (intersection related),11,"MOTOR VEHICLE STRUCK MOTOR VEHICLE, FRONT END AT ANGLE",Y,0,Clear,Dry,Daylight,,4254026.0,,10,Entering at angle,0,0,N
7306,1,-122.32075390000001,47.66096314,9087,23647,23647,1781784,Matched,Block,,7TH AVE NE BETWEEN NE 45TH ST OFF RP AND NE 45TH ST,,,1,Property Damage Only Collision,Rear Ended,3,0,0,3,2004/06/09 00:00:00+00,6/9/2004,Mid-Block (but intersection related),14,"MOTOR VEHICLE STRUCK MOTOR VEHICLE, REAR END",,0,Clear,Dry,Daylight,,4161016.0,,14,From same direction - both going straight - one stopped - rear-end,0,0,N
7307,1,-122.30433970000001,47.57588445,9088,23052,23052,1793387,Matched,Intersection,31655.0,22ND AVE S AND S WINTHROP ST,,,1,Property Damage Only Collision,Angles,2,0,0,2,2004/11/20 00:00:00+00,11/20/2004 4:02:00 PM,At Intersection (intersection related),11,"MOTOR VEHICLE STRUCK MOTOR VEHICLE, FRONT END AT ANGLE",,0,Clear,Dry,Daylight,,4325031.0,,10,Entering at angle,0,0,N
7308,2,-122.3065173,47.66307592,9089,22834,22834,1780437,Matched,Intersection,26071.0,20TH AVE NE AND NE 47TH ST,,,2,Injury Collision,Angles,2,0,0,2,2004/05/09 00:00:00+00,5/9/2004,At Intersection (intersection related),11,"MOTOR VEHICLE STRUCK MOTOR VEHICLE, FRONT END AT ANGLE",,0,Clear,Dry,Daylight,,4130015.0,,10,Entering at angle,0,0,N
7309,2,-122.3612977,47.5360414,9090,22499,22499,1476683,Matched,Block,,DELRIDGE WAY SW BETWEEN SYLVAN WAY SW AND SW WEBSTER ST,,,2,Injury Collision,Rear Ended,2,0,0,2,2004/09/10 00:00:00+00,9/10/2004 1:57:00 AM,Mid-Block (not related to intersection),14,"MOTOR VEHICLE STRUCK MOTOR VEHICLE, REAR END",Y,0,Clear,Dry,Dark - Street Lights On,,4254003.0,,14,From same direction - both going straight - one stopped - rear-end,0,0,N
7310,1,-122.3283756,47.60699792,9091,22619,22619,1798892,Matched,Block,,MARION ST BETWEEN 7TH AVE AND 8TH AVE,,,1,Property Damage Only Collision,Parked Car,4,0,0,4,2004/09/07 00:00:00+00,9/7/2004,Mid-Block (not related to intersection),14,"MOTOR VEHICLE STRUCK MOTOR VEHICLE, REAR END",,0,Clear,Dry,Daylight,,4251026.0,,32,One parked--one moving,0,0,N
7311,1,-122.37764650000001,47.69898454,9092,23033,23033,1778894,Matched,Block,,NW 96TH ST BETWEEN 15TH AVE NW AND 17TH AVE NW,,,1,Property Damage Only Collision,Other,1,0,0,1,2004/09/03 00:00:00+00,9/3/2004,Mid-Block (but intersection related),28,MOTOR VEHICLE RAN OFF ROAD - HIT FIXED OBJECT,,1,Clear,Dry,Dark - Street Lights On,,4247013.0,,50,Fixed object,0,0,N
7312,2,-122.34448870000001,47.63758771,9094,22721,22721,1785254,Matched,Block,,AURORA AVE N BETWEEN HOWE ST AND LYNN ST,,,2,Injury Collision,Rear Ended,4,0,0,4,2004/11/05 00:00:00+00,11/5/2004,Mid-Block (not related to intersection),14,"MOTOR VEHICLE STRUCK MOTOR VEHICLE, REAR END",,0,Fog/Smog/Smoke,Dry,Daylight,,4310024.0,,13,From same direction - both going straight - both moving - rear-end,0,0,N
7313,1,-122.33555420000002,47.57138664,9097,23619,23619,1798358,Matched,Block,,S SPOKANE SR ST BETWEEN COLORADO AVE S AND 1ST AV S OFF RP,,,1,Property Damage Only Collision,Other,2,0,0,2,2004/07/22 00:00:00+00,7/22/2004 11:57:00 AM,Mid-Block (not related to intersection),11,"MOTOR VEHICLE STRUCK MOTOR VEHICLE, FRONT END AT ANGLE",,0,Clear,Dry,Daylight,,4204024.0,,23,From same direction - all others,0,0,N
7314,1,-122.31492069999999,47.67229044,9098,22808,22808,1794376,Matched,Block,,NE 61ST ST BETWEEN 12TH AVE NE AND BROOKLYN AVE NE,,,1,Property Damage Only Collision,Parked Car,2,0,0,2,2004/10/05 00:00:00+00,10/5/2004,Mid-Block (not related to intersection),11,"MOTOR VEHICLE STRUCK MOTOR VEHICLE, FRONT END AT ANGLE",,0,Clear,Dry,Daylight,,4279037.0,,32,One parked--one moving,0,0,N
7315,1,-122.2965188,47.73378577,9099,22964,22964,1352386,Matched,Intersection,35990.0,30TH AVE NE AND NE 145TH ST,,,1,Property Damage Only Collision,Left Turn,2,0,0,2,2004/03/30 00:00:00+00,3/30/2004 7:05:00 PM,At Intersection (intersection related),11,"MOTOR VEHICLE STRUCK MOTOR VEHICLE, FRONT END AT ANGLE",,0,Raining,Wet,Dark - Street Lights On,,4090033.0,,28,From opposite direction - one left turn - one straight,0,0,N
7316,1,-122.3734868,47.56755221,9100,22541,22541,1781203,Matched,Block,,WEST SEATTLE BR WB BETWEEN POINT A AND 35TH AVE SW,,,1,Property Damage Only Collision,Other,1,0,0,1,2004/01/27 00:00:00+00,1/27/2004 10:44:00 PM,Mid-Block (not related to intersection),28,MOTOR VEHICLE RAN OFF ROAD - HIT FIXED OBJECT,,0,Clear,Dry,Dark - Street Lights On,,4027002.0,Y,50,Fixed object,0,0,N