,SEVERITYCODE,X,Y,OBJECTID,INCKEY,COLDETKEY,REPORTNO,STATUS,ADDRTYPE,INTKEY,LOCATION,EXCEPTRSNCODE,EXCEPTRSNDESC,SEVERITYCODE.1,SEVERITYDESC,COLLISIONTYPE,PERSONCOUNT,PEDCOUNT,PEDCYLCOUNT,VEHCOUNT,INCDATE,INCDTTM,JUNCTIONTYPE,SDOT_COLCODE,SDOT_COLDESC,INATTENTIONIND,UNDERINFL,WEATHER,ROADCOND,LIGHTCOND,PEDROWNOTGRNT,SDOTCOLNUM,SPEEDING,ST_COLCODE,ST_COLDESC,SEGLANEKEY,CROSSWALKKEY,HITPARKEDCAR
7317,2,-122.3424392,47.65538288,9101,23638,23638,1794056,Matched,Intersection,26848.0,STONE WAY N AND N 40TH ST,,,2,Injury Collision,Left Turn,2,0,0,2,2004/06/13 00:00:00+00,6/13/2004 5:52:00 PM,At Intersection (intersection related),11,"MOTOR VEHICLE STRUCK MOTOR VEHICLE, FRONT END AT ANGLE",,0,Clear,Dry,Daylight,,4165020.0,,28,From opposite direction - one left turn - one straight,0,0,N
7318,1,-122.31134879999999,47.62266921,9102,22293,22293,1789946,Matched,Block,,16TH AVE E BETWEEN E HARRISON ST AND E REPUBLICAN ST,,,1,Property Damage Only Collision,Parked Car,2,0,0,2,2004/06/01 00:00:00+00,6/1/2004,Mid-Block (not related to intersection),11,"MOTOR VEHICLE STRUCK MOTOR VEHICLE, FRONT END AT ANGLE",,0,Unknown,Unknown,Unknown,,4153039.0,,32,One parked--one moving,0,0,N
7319,1,-122.3240622,47.65957115,9103,23202,23202,1220160,Matched,Block,,4TH AVE NE BETWEEN NE 43RD ST AND NE 44TH ST,,,1,Property Damage Only Collision,Parked Car,4,0,0,3,2004/08/16 00:00:00+00,8/16/2004 1:31:00 AM,Mid-Block (not related to intersection),16,"MOTOR VEHICLE STRUCK MOTOR VEHICLE, LEFT SIDE SIDESWIPE",Y,0,Clear,Dry,Dark - Street Lights On,,4229011.0,,32,One parked--one moving,0,0,N
7320,2,-122.3765881,47.65464695,9104,22601,22601,1482589,Matched,Block,,NICKERSON 15TH RP BETWEEN 13TH AVE W AND 15TH AVE W,,,2,Injury Collision,Rear Ended,3,0,0,2,2004/08/14 00:00:00+00,8/14/2004 2:54:00 PM,Mid-Block (but intersection related),14,"MOTOR VEHICLE STRUCK MOTOR VEHICLE, REAR END",,0,Clear,Dry,Daylight,,4227005.0,,14,From same direction - both going straight - one stopped - rear-end,0,0,N
7321,2,-122.35342720000001,47.64688652,9106,22268,22268,1777336,Matched,Intersection,28048.0,2ND AVE N AND FLORENTIA ST,,,2,Injury Collision,Left Turn,2,0,0,2,2004/03/24 00:00:00+00,3/24/2004 5:33:00 PM,At Intersection (intersection related),11,"MOTOR VEHICLE STRUCK MOTOR VEHICLE, FRONT END AT ANGLE",,0,Raining,Wet,Daylight,,4084002.0,,28,From opposite direction - one left turn - one straight,0,0,N
7322,1,-122.32641670000001,47.60485688,9108,22782,22782,1789950,Matched,Block,,JAMES ST BETWEEN 7TH AVE AND 8TH AVE,,,1,Property Damage Only Collision,Rear Ended,5,0,0,4,2004/07/20 00:00:00+00,7/20/2004 11:07:00 AM,Mid-Block (but intersection related),14,"MOTOR VEHICLE STRUCK MOTOR VEHICLE, REAR END",Y,0,Clear,Dry,Daylight,,4202032.0,,14,From same direction - both going straight - one stopped - rear-end,0,0,N
7323,1,-122.3149817,47.52223294,9109,23163,23163,C649454,Matched,Intersection,35128.0,14TH AVE S AND S DIRECTOR ST,,,1,Property Damage Only Collision,Rear Ended,2,0,0,2,2004/11/02 00:00:00+00,11/2/2004,At Intersection (intersection related),14,"MOTOR VEHICLE STRUCK MOTOR VEHICLE, REAR END",,0,Overcast,Wet,Daylight,,4307057.0,,13,From same direction - both going straight - both moving - rear-end,0,0,N
7324,1,-122.30203759999999,47.62780843,9110,22588,22588,1787240,Matched,Block,,TURNER WAY E BETWEEN 23RD AVE E AND 24TH AVE E,,,1,Property Damage Only Collision,Other,2,0,0,2,2004/01/07 00:00:00+00,1/7/2004,Mid-Block (not related to intersection),11,"MOTOR VEHICLE STRUCK MOTOR VEHICLE, FRONT END AT ANGLE",,0,Raining,Snow/Slush,Daylight,,4007013.0,,23,From same direction - all others,0,0,N
7325,2,-122.3142101,47.66490847,9111,23648,23648,1326843,Matched,Intersection,25792.0,BROOKLYN AVE NE AND NE 50TH ST,,,2,Injury Collision,Angles,2,0,0,2,2004/10/01 00:00:00+00,10/1/2004,At Intersection (intersection related),11,"MOTOR VEHICLE STRUCK MOTOR VEHICLE, FRONT END AT ANGLE",,0,Clear,Dry,Dark - Street Lights On,,4275029.0,,10,Entering at angle,0,0,N
7326,1,-122.33364540000001,47.61445322,9112,23575,23575,1321509,Matched,Block,,HOWELL ST BETWEEN OLIVE WAY AND 9TH AVE,,,1,Property Damage Only Collision,Parked Car,2,0,0,2,2004/12/13 00:00:00+00,12/13/2004 1:00:00 PM,Mid-Block (not related to intersection),12,"MOTOR VEHICLE STRUCK MOTOR VEHICLE, RIGHT SIDE AT ANGLE",,0,Unknown,Unknown,Unknown,,4348039.0,,32,One parked--one moving,0,0,N
7327,1,-122.3901074,47.5702363,9113,23618,23618,1798166,Matched,Block,,SW CHARLESTOWN ST BETWEEN 45TH AVE SW AND 46TH AVE SW,,,1,Property Damage Only Collision,Parked Car,2,0,0,2,2004/07/17 00:00:00+00,7/17/2004 3:30:00 PM,Mid-Block (not related to intersection),11,"MOTOR VEHICLE STRUCK MOTOR VEHICLE, FRONT END AT ANGLE",,0,Clear,Dry,Daylight,,4199015.0,,32,One parked--one moving,0,0,N
7328,1,-122.30765420000002,47.60391666,9114,22662,22662,1788292,Matched,Block,,19TH AVE BETWEEN E SPRUCE ST AND E ALDER ST,,,1,Property Damage Only Collision,Parked Car,2,0,0,2,2004/04/03 00:00:00+00,4/3/2004,Mid-Block (not related to intersection),14,"MOTOR VEHICLE STRUCK MOTOR VEHICLE, REAR END",Y,0,Clear,Dry,Daylight,,4094025.0,,32,One parked--one moving,0,0,N
7329,1,-122.3172618,47.62426307,9116,22255,22255,1007495,Matched,Block,,E MERCER ST BETWEEN 11TH AVE E AND 12TH AVE E,,,1,Property Damage Only Collision,Parked Car,2,0,0,2,2004/03/23 00:00:00+00,3/23/2004 8:00:00 PM,Mid-Block (not related to intersection),16,"MOTOR VEHICLE STRUCK MOTOR VEHICLE, LEFT SIDE SIDESWIPE",,0,Raining,Wet,Daylight,,4083028.0,,32,One parked--one moving,0,0,N
7330,1,-122.3135196,47.60168756,9119,23312,23312,1799003,Matched,Block,,E YESLER WAY BETWEEN 14TH AVE AND 15TH AVE,,,1,Property Damage Only Collision,Parked Car,3,0,0,2,2004/09/17 00:00:00+00,9/17/2004 9:45:00 AM,Mid-Block (not related to intersection),16,"MOTOR VEHICLE STRUCK MOTOR VEHICLE, LEFT SIDE SIDESWIPE",Y,0,Clear,Dry,Daylight,,4261006.0,,32,One parked--one moving,0,0,N
7331,1,-122.3295808,47.54925641,9120,22722,22722,1785583,Matched,Block,,4TH AVE S BETWEEN S FIDALGO ST AND S FRONT ST,,,1,Property Damage Only Collision,Sideswipe,3,0,0,2,2004/01/12 00:00:00+00,1/12/2004 4:15:00 PM,Mid-Block (not related to intersection),11,"MOTOR VEHICLE STRUCK MOTOR VEHICLE, FRONT END AT ANGLE",,0,Raining,Wet,Dark - Street Lights On,,4012039.0,,11,From same direction - both going straight - both moving - sideswipe,0,0,N
7332,1,-122.3577754,47.52469977,9122,22617,22617,1798571,Matched,Intersection,34859.0,18TH AVE SW AND SW TRENTON ST,,,1,Property Damage Only Collision,Angles,2,0,0,2,2004/11/06 00:00:00+00,11/6/2004,At Intersection (intersection related),11,"MOTOR VEHICLE STRUCK MOTOR VEHICLE, FRONT END AT ANGLE",,0,Clear,Dry,Daylight,,4311033.0,,10,Entering at angle,0,0,N
7333,1,-122.3800629,47.56108211,9123,22985,22985,1781764,Matched,Intersection,31921.0,38TH AVE SW AND SW ALASKA ST,,,1,Property Damage Only Collision,Angles,5,0,0,3,2004/04/14 00:00:00+00,4/14/2004 12:11:00 PM,At Intersection (intersection related),11,"MOTOR VEHICLE STRUCK MOTOR VEHICLE, FRONT END AT ANGLE",,0,Clear,Dry,Daylight,,4105010.0,,10,Entering at angle,0,0,N
7334,1,-122.3555622,47.73007148,9124,22419,22419,1079663,Matched,Block,,GREENWOOD AVE N BETWEEN N 138TH ST AND N 140TH ST,,,1,Property Damage Only Collision,Rear Ended,2,0,0,2,2004/10/16 00:00:00+00,10/16/2004 8:01:00 PM,Mid-Block (but intersection related),14,"MOTOR VEHICLE STRUCK MOTOR VEHICLE, REAR END",,1,Raining,Wet,Dark - Street Lights On,,4290035.0,,14,From same direction - both going straight - one stopped - rear-end,0,0,N
7335,1,-122.33623020000002,47.68542321,9126,22816,22816,1199040,Matched,Intersection,24245.0,STROUD AVE N AND EAST GREEN LAKE DR N,,,1,Property Damage Only Collision,Angles,2,0,0,2,2004/04/05 00:00:00+00,4/5/2004,At Intersection (intersection related),11,"MOTOR VEHICLE STRUCK MOTOR VEHICLE, FRONT END AT ANGLE",,0,Clear,Dry,Daylight,,4096012.0,,10,Entering at angle,0,0,N
7336,1,-122.32465220000002,47.55337221,9127,22875,22875,1795541,Matched,Block,,S LUCILE ST BETWEEN MAYNARD AVE S AND 7TH AVE S,,,1,Property Damage Only Collision,Parked Car,2,0,0,2,2004/12/10 00:00:00+00,12/10/2004 6:40:00 PM,Mid-Block (not related to intersection),14,"MOTOR VEHICLE STRUCK MOTOR VEHICLE, REAR END",Y,0,Raining,Wet,Dark - Street Lights On,,4345073.0,,32,One parked--one moving,0,0,N
7337,1,-122.3554313,47.66214268,9128,23385,23385,1080127,Matched,Intersection,25685.0,GREENWOOD AVE N AND N 46TH S ST,,,1,Property Damage Only Collision,Angles,2,0,0,2,2004/07/14 00:00:00+00,7/14/2004 2:56:00 PM,At Intersection (intersection related),11,"MOTOR VEHICLE STRUCK MOTOR VEHICLE, FRONT END AT ANGLE",,0,Clear,Dry,Daylight,,4196022.0,,10,Entering at angle,0,0,N
7338,1,-122.32962069999999,47.54389035,9130,22715,22715,1781537,Matched,Intersection,34236.0,4TH AVE S AND EAST MARGINAL WAY S,,,1,Property Damage Only Collision,Angles,3,0,0,2,2004/04/08 00:00:00+00,4/8/2004,At Intersection (but not related to intersection),26,MOTOR VEHICLE STRUCK OBJECT IN ROAD,Y,0,Clear,Dry,Daylight,,4099031.0,Y,10,Entering at angle,0,0,N
7339,2,-122.3289626,47.60087544,9131,23506,23506,1785105,Matched,Intersection,30494.0,4TH AVE S AND S WASHINGTON ST,,,2,Injury Collision,Angles,2,0,0,2,2004/10/23 00:00:00+00,10/23/2004 3:01:00 AM,At Intersection (intersection related),14,"MOTOR VEHICLE STRUCK MOTOR VEHICLE, REAR END",,0,Clear,Dry,Dark - Street Lights On,,4297011.0,,10,Entering at angle,0,0,N
7340,2,-122.32210220000002,47.61352655,9132,22752,22752,1790082,Matched,Block,,HARVARD AVE BETWEEN E UNION ST AND E PIKE ST,,,2,Injury Collision,Pedestrian,2,1,0,1,2004/03/07 00:00:00+00,3/7/2004,Mid-Block (not related to intersection),24,MOTOR VEHCILE STRUCK PEDESTRIAN,,1,Raining,Wet,Dark - Street Lights On,,4067007.0,,4,Vehicle hits Pedestrian - All Other Actions,0,0,N
7341,2,-122.3178379,47.65615983,9135,23473,23473,1473149,Matched,Block,,ROOSEVELT WAY NE BETWEEN EASTLAKE AVE NE AND NE 40TH ALLEY ST,,,2,Injury Collision,Rear Ended,6,0,0,2,2004/07/28 00:00:00+00,7/28/2004 6:45:00 PM,Mid-Block (not related to intersection),14,"MOTOR VEHICLE STRUCK MOTOR VEHICLE, REAR END",Y,0,Clear,Dry,Daylight,,4210003.0,,13,From same direction - both going straight - both moving - rear-end,0,0,N
7342,1,-122.3408978,47.61061931,9136,22794,22794,1783461,Matched,Block,,STEWART ST BETWEEN 1ST AVE AND 2ND AVE,,,1,Property Damage Only Collision,Sideswipe,11,0,0,3,2004/10/22 00:00:00+00,10/22/2004 5:07:00 PM,Mid-Block (but intersection related),16,"MOTOR VEHICLE STRUCK MOTOR VEHICLE, LEFT SIDE SIDESWIPE",Y,0,Clear,Dry,Daylight,,4296041.0,,11,From same direction - both going straight - both moving - sideswipe,0,0,N
7343,2,-122.34489609999999,47.717173100000004,9137,23327,23327,1199042,Matched,Block,,AURORA AVE N BETWEEN N 117TH PL AND N 125TH ST,,,2,Injury Collision,Rear Ended,5,0,0,2,2004/04/06 00:00:00+00,4/6/2004,Mid-Block (but intersection related),14,"MOTOR VEHICLE STRUCK MOTOR VEHICLE, REAR END",,1,Clear,Dry,Daylight,,4097025.0,,14,From same direction - both going straight - one stopped - rear-end,0,0,N
7344,1,-122.3093918,47.59308025,9139,23519,23519,1931206,Matched,Block,,RAINIER AVE S BETWEEN S NORMAN ST AND I90 WB RAINIER NB OF RP,,,1,Property Damage Only Collision,Sideswipe,2,0,0,2,2004/11/09 00:00:00+00,11/9/2004,Mid-Block (but intersection related),11,"MOTOR VEHICLE STRUCK MOTOR VEHICLE, FRONT END AT ANGLE",,0,Clear,Dry,Daylight,,4314025.0,,11,From same direction - both going straight - both moving - sideswipe,0,0,N
7345,2,-122.3450853,47.73306346,9140,23640,23640,1794176,Matched,Block,,AURORA AVE N BETWEEN N 143RD ST AND ROOSEVELT WAY N,,,2,Injury Collision,Other,2,0,0,2,2004/07/27 00:00:00+00,7/27/2004 4:19:00 PM,Driveway Junction,11,"MOTOR VEHICLE STRUCK MOTOR VEHICLE, FRONT END AT ANGLE",,0,Clear,Dry,Daylight,,4209025.0,,21,One car entering driveway access,0,0,N
7346,1,-122.35541459999999,47.62327152,9141,22882,22882,C632149,Matched,Intersection,28920.0,1ST AVE N AND REPUBLICAN ST,,,1,Property Damage Only Collision,Left Turn,2,0,0,2,2004/04/24 00:00:00+00,4/24/2004 2:30:00 PM,At Intersection (intersection related),11,"MOTOR VEHICLE STRUCK MOTOR VEHICLE, FRONT END AT ANGLE",,0,Clear,Dry,Daylight,,4115027.0,,28,From opposite direction - one left turn - one straight,0,0,N
7347,1,,,9142,22963,22963,1334196,Matched,,,,NEI,"Not Enough Information, or Insufficient Location Information",1,Property Damage Only Collision,Parked Car,2,0,0,2,2004/01/30 00:00:00+00,1/30/2004 10:00:00 AM,Mid-Block (not related to intersection),0,NOT ENOUGH INFORMATION / NOT APPLICABLE,,0,Other,Unknown,Daylight,,4030005.0,,32,One parked--one moving,0,0,N
7348,2,-122.3156821,47.59919952,9143,22115,22115,1789686,Matched,Block,,S JACKSON ST BETWEEN 12TH AVE S AND 14TH AVE S,,,2,Injury Collision,Other,5,0,0,2,2004/06/05 00:00:00+00,6/5/2004,Driveway Junction,11,"MOTOR VEHICLE STRUCK MOTOR VEHICLE, FRONT END AT ANGLE",,0,Raining,Wet,Daylight,,4157024.0,,22,One car leaving driveway access,0,0,N
7349,2,-122.34523490000002,47.61613769,9144,22622,22622,1182092,Matched,Intersection,29672.0,4TH AVE AND BATTERY ST,,,2,Injury Collision,Angles,2,0,0,2,2004/11/19 00:00:00+00,11/19/2004 9:03:00 AM,At Intersection (intersection related),11,"MOTOR VEHICLE STRUCK MOTOR VEHICLE, FRONT END AT ANGLE",,0,Clear,Dry,Daylight,,4324046.0,,10,Entering at angle,0,0,N
7350,1,-122.38548349999999,47.56019691,9145,22930,22930,1790391,Matched,Block,,42ND AVE SW BETWEEN SW ALASKA ST AND SW EDMUNDS ST,,,1,Property Damage Only Collision,Other,4,0,0,2,2004/11/15 00:00:00+00,11/15/2004 12:30:00 PM,Driveway Junction,11,"MOTOR VEHICLE STRUCK MOTOR VEHICLE, FRONT END AT ANGLE",,0,Overcast,Wet,Daylight,,4320012.0,,22,One car leaving driveway access,0,0,N
7351,1,-122.3595394,47.71351341,9146,23315,23315,1794721,Matched,Block,,2ND AVE NW BETWEEN NW 116TH ST AND NW 117TH ST,,,1,Property Damage Only Collision,Parked Car,2,0,0,2,2004/12/26 00:00:00+00,12/26/2004 5:20:00 AM,Driveway Junction,13,"MOTOR VEHICLE STRUCK MOTOR VEHICLE, LEFT SIDE AT ANGLE",Y,0,Raining,Wet,Dark - Street Lights On,,4361016.0,,32,One parked--one moving,0,0,N
7352,1,-122.34455200000001,47.69309789,9147,22997,22997,C650836,Matched,Block,,AURORA AVE N BETWEEN N 88TH N ST AND N 89TH ST,,,1,Property Damage Only Collision,Rear Ended,4,0,0,4,2004/12/21 00:00:00+00,12/21/2004 4:45:00 PM,Mid-Block (not related to intersection),14,"MOTOR VEHICLE STRUCK MOTOR VEHICLE, REAR END",,0,Overcast,Wet,Dark - Street Lights On,,4356043.0,,13,From same direction - both going straight - both moving - rear-end,0,0,N
7353,2,-122.31843789999999,47.66494396,9149,22849,22849,1794044,Matched,Intersection,25788.0,9TH AVE NE AND NE 50TH ST,,,2,Injury Collision,Left Turn,5,0,0,2,2004/08/02 00:00:00+00,8/2/2004,At Intersection (intersection related),11,"MOTOR VEHICLE STRUCK MOTOR VEHICLE, FRONT END AT ANGLE",,0,Clear,Dry,Daylight,,4215008.0,,28,From opposite direction - one left turn - one straight,0,0,N
7354,1,-122.33715149999999,47.62203646,9150,22287,22287,1213067,Matched,Intersection,28779.0,HARRISON ST AND TERRY AVE N,,,1,Property Damage Only Collision,Angles,3,0,0,2,2004/02/10 00:00:00+00,2/10/2004 4:58:00 PM,At Intersection (intersection related),11,"MOTOR VEHICLE STRUCK MOTOR VEHICLE, FRONT END AT ANGLE",,0,Clear,Dry,Dusk,,4041021.0,,10,Entering at angle,0,0,N
7355,2,-122.3342549,47.61851729,9151,22952,22952,1069460,Matched,Intersection,29504.0,DENNY WAY AND FAIRVIEW AVE,,,2,Injury Collision,Angles,3,0,0,2,2004/11/27 00:00:00+00,11/27/2004 9:19:00 AM,At Intersection (intersection related),11,"MOTOR VEHICLE STRUCK MOTOR VEHICLE, FRONT END AT ANGLE",,0,Overcast,Wet,Daylight,,4332037.0,,10,Entering at angle,0,0,N
7356,1,-122.33113390000001,47.61253537,9153,22398,22398,1785159,Matched,Intersection,29883.0,PIKE ST AND CONVENTION PL,,,1,Property Damage Only Collision,Other,2,0,0,2,2004/09/25 00:00:00+00,9/25/2004 1:30:00 AM,At Intersection (intersection related),11,"MOTOR VEHICLE STRUCK MOTOR VEHICLE, FRONT END AT ANGLE",,0,Clear,Dry,Dark - Street Lights On,,4269040.0,,23,From same direction - all others,0,0,N
7357,2,,,9154,23390,23390,1213428,Matched,Block,,ALASKAN WY VI SB BETWEEN COLUMBIA ST ON RP AND ALASKAN WY VI SB EFR OFF RP,,,2,Injury Collision,Other,3,0,0,1,2004/04/20 00:00:00+00,4/20/2004 12:45:00 AM,Mid-Block (not related to intersection),26,MOTOR VEHICLE STRUCK OBJECT IN ROAD,,0,Overcast,Wet,Dark - Street Lights On,,4111001.0,Y,50,Fixed object,0,0,N
7358,2,-122.37708159999998,47.57312281,9156,23308,23308,1798488,Matched,Intersection,31835.0,36TH AVE SW AND SW HINDS ST,,,2,Injury Collision,Angles,3,0,0,2,2004/08/25 00:00:00+00,8/25/2004 7:05:00 PM,At Intersection (intersection related),11,"MOTOR VEHICLE STRUCK MOTOR VEHICLE, FRONT END AT ANGLE",,0,Raining,Wet,Daylight,,4238030.0,,10,Entering at angle,0,0,N
7359,2,-122.3707675,47.66292857,9157,22147,22147,1779919,Matched,Intersection,25460.0,11TH AVE NW AND NW BALLARD WAY,,,2,Injury Collision,Angles,2,0,0,2,2004/05/05 00:00:00+00,5/5/2004,At Intersection (intersection related),11,"MOTOR VEHICLE STRUCK MOTOR VEHICLE, FRONT END AT ANGLE",,0,Clear,Dry,Daylight,,4126007.0,,10,Entering at angle,0,0,N
7360,1,-122.2908185,47.70657855,9158,23366,23366,1930827,Matched,Block,,35TH AVE NE BETWEEN NE 105TH ST AND NE 110TH ST,,,1,Property Damage Only Collision,Parked Car,4,0,0,3,2004/11/24 00:00:00+00,11/24/2004 4:24:00 PM,Mid-Block (not related to intersection),11,"MOTOR VEHICLE STRUCK MOTOR VEHICLE, FRONT END AT ANGLE",,0,Raining,Wet,Dark - Street Lights On,,4329042.0,,20,One car leaving parked position,0,0,N
7361,2,-122.3169283,47.61993671,9160,22704,22704,1789630,Matched,Intersection,29055.0,12TH AVE E AND E JOHN ST,,,2,Injury Collision,Angles,4,0,0,2,2004/03/30 00:00:00+00,3/30/2004 3:12:00 PM,At Intersection (intersection related),11,"MOTOR VEHICLE STRUCK MOTOR VEHICLE, FRONT END AT ANGLE",,0,Clear,Dry,Daylight,,4090008.0,,10,Entering at angle,0,0,N
7362,1,-122.3199916,47.60436137,9161,21989,21989,1772096,Matched,Block,,E ALDER ST BETWEEN BOREN AVE AND 10TH AVE,,,1,Property Damage Only Collision,Parked Car,2,0,0,2,2004/05/08 00:00:00+00,5/8/2004,Mid-Block (not related to intersection),11,"MOTOR VEHICLE STRUCK MOTOR VEHICLE, FRONT END AT ANGLE",,0,Overcast,Dry,Daylight,,4129039.0,,32,One parked--one moving,0,0,N
7363,2,-122.3290487,47.59334116,9163,22805,22805,1785079,Matched,Block,,4TH AVE S BETWEEN I90 WB 4TH AV OFF RP AND S ROYAL BROUGHAM WAY,,,2,Injury Collision,Rear Ended,2,0,0,2,2004/09/25 00:00:00+00,9/25/2004 2:19:00 AM,Mid-Block (but intersection related),14,"MOTOR VEHICLE STRUCK MOTOR VEHICLE, REAR END",,0,Clear,Dry,Dark - Street Lights On,,4269039.0,,14,From same direction - both going straight - one stopped - rear-end,0,0,N
7364,1,-122.32402479999999,47.68197964,9164,23467,23467,1780532,Matched,Block,,NE MAPLE LEAF PL BETWEEN WOODLAWN AVE NE AND 5TH AVE NE,,,1,Property Damage Only Collision,Parked Car,2,0,0,2,2004/02/14 00:00:00+00,2/14/2004 10:19:00 AM,Mid-Block (not related to intersection),15,"MOTOR VEHICLE STRUCK MOTOR VEHICLE, RIGHT SIDE SIDESWIPE",Y,0,Clear,Wet,Daylight,,4045033.0,,32,One parked--one moving,0,0,N
7365,1,-122.32615320000001,47.54625,9165,22867,22867,1781330,Matched,Intersection,34217.0,6TH AVE S AND S MICHIGAN ST,,,1,Property Damage Only Collision,Sideswipe,2,0,0,2,2004/04/28 00:00:00+00,4/28/2004 2:00:00 PM,At Intersection (intersection related),11,"MOTOR VEHICLE STRUCK MOTOR VEHICLE, FRONT END AT ANGLE",,0,Clear,Dry,Daylight,,4119003.0,,71,Same direction -- both turning right -- both moving -- sideswipe,0,0,N
7366,1,-122.3037472,47.55972549,9166,23236,23236,1771646,Matched,Block,,S COLUMBIAN WAY BETWEEN BEACON ER AVE S AND 24TH AVE S,,,1,Property Damage Only Collision,Parked Car,3,0,0,3,2004/08/21 00:00:00+00,8/21/2004 3:00:00 AM,Mid-Block (not related to intersection),14,"MOTOR VEHICLE STRUCK MOTOR VEHICLE, REAR END",,0,Clear,Dry,Dark - Street Lights On,,4234032.0,,32,One parked--one moving,0,0,N
7367,1,-122.3140366,47.57947659,9167,23149,23149,1787961,Matched,Block,,S LANDER ST BETWEEN 14TH AVE S AND 15TH AVE S,,,1,Property Damage Only Collision,Other,2,0,0,2,2004/05/26 00:00:00+00,5/26/2004 9:45:00 AM,Driveway Junction,11,"MOTOR VEHICLE STRUCK MOTOR VEHICLE, FRONT END AT ANGLE",,0,Raining,Wet,Daylight,,4147042.0,,22,One car leaving driveway access,0,0,N
7368,1,-122.33491740000001,47.61163827,9168,21998,21998,1079047,Matched,Block,,6TH AVE BETWEEN PIKE ST AND PINE ST,,,1,Property Damage Only Collision,Rear Ended,5,0,0,2,2004/03/27 00:00:00+00,3/27/2004 10:59:00 PM,Mid-Block (not related to intersection),16,"MOTOR VEHICLE STRUCK MOTOR VEHICLE, LEFT SIDE SIDESWIPE",,0,Clear,Wet,Dark - Street Lights On,,4087010.0,,14,From same direction - both going straight - one stopped - rear-end,0,0,N
7369,1,-122.36663359999999,47.68910882,9169,23495,23495,1793746,Matched,Block,,NW 83RD ST BETWEEN 8TH AVE NW AND DIBBLE AVE NW,,,1,Property Damage Only Collision,Parked Car,2,0,0,2,2004/12/05 00:00:00+00,12/5/2004,Driveway Junction,14,"MOTOR VEHICLE STRUCK MOTOR VEHICLE, REAR END",,0,Overcast,Wet,Dark - Street Lights On,,4340021.0,,32,One parked--one moving,0,0,N
7370,1,-122.3139122,47.61995897,9170,23098,23098,1786956,Matched,Block,,E JOHN ST BETWEEN 14TH AVE E AND E JOHN SR ST,,,1,Property Damage Only Collision,Parked Car,2,0,0,2,2004/05/13 00:00:00+00,5/13/2004 9:14:00 PM,Driveway Junction,11,"MOTOR VEHICLE STRUCK MOTOR VEHICLE, FRONT END AT ANGLE",Y,0,Clear,Dry,Dark - Street Lights On,,4134008.0,,32,One parked--one moving,0,0,N
7371,1,-122.30843030000001,47.57250753,9171,22915,22915,1771671,Matched,Block,,BEACON AVE S BETWEEN S HINDS ST AND S SPOKANE ST,,,1,Property Damage Only Collision,Rear Ended,2,0,0,2,2004/11/24 00:00:00+00,11/24/2004 3:24:00 PM,Mid-Block (not related to intersection),14,"MOTOR VEHICLE STRUCK MOTOR VEHICLE, REAR END",,0,Raining,Wet,Daylight,,4329049.0,,14,From same direction - both going straight - one stopped - rear-end,0,0,N
7372,1,-122.31253249999999,47.67578859,9174,23211,23211,1080078,Matched,Block,,NE 65TH ST BETWEEN 14TH AVE NE AND 15TH AVE NE,,,1,Property Damage Only Collision,Sideswipe,2,0,0,2,2004/06/30 00:00:00+00,6/30/2004 5:39:00 PM,Mid-Block (but intersection related),11,"MOTOR VEHICLE STRUCK MOTOR VEHICLE, FRONT END AT ANGLE",,0,Clear,Dry,Daylight,,4182019.0,,11,From same direction - both going straight - both moving - sideswipe,0,0,N
7373,1,-122.32803179999999,47.57151955,9175,22614,22614,1798433,Matched,Block,,WEST SEATTLE BR EB BETWEEN W SEATTLE BR - I5 SB RP AND W SEA BR EB 4 AV OFF RP,,,1,Property Damage Only Collision,Sideswipe,2,0,0,2,2004/06/03 00:00:00+00,6/3/2004,Mid-Block (not related to intersection),11,"MOTOR VEHICLE STRUCK MOTOR VEHICLE, FRONT END AT ANGLE",,0,Clear,Dry,Daylight,,4155017.0,,11,From same direction - both going straight - both moving - sideswipe,0,0,N
7374,1,-122.2919705,47.57039062,9176,22980,22980,1793063,Matched,Block,,RAINIER AVE S BETWEEN S COURT ST AND 33RD AVE S,,,1,Property Damage Only Collision,Other,2,0,0,1,2004/08/28 00:00:00+00,8/28/2004 1:15:00 PM,Mid-Block (not related to intersection),28,MOTOR VEHICLE RAN OFF ROAD - HIT FIXED OBJECT,Y,0,Snowing,Dry,Daylight,,4241005.0,,50,Fixed object,0,0,N
7375,2,-122.31501540000001,47.53537395,9178,22940,22940,1790627,Matched,Block,,EAST MARGINAL WAY S BETWEEN S WEBSTER ST AND 14TH AVE S,,,2,Injury Collision,Other,2,0,0,1,2004/05/22 00:00:00+00,5/22/2004 1:46:00 AM,Mid-Block (not related to intersection),28,MOTOR VEHICLE RAN OFF ROAD - HIT FIXED OBJECT,,0,Overcast,Dry,Dark - Street Lights On,,4143006.0,,50,Fixed object,0,0,N
7376,1,-122.3609683,47.62095852,9179,22822,22822,1212749,Matched,Block,,W THOMAS ST BETWEEN 3RD AVE W AND ELLIOTT N AVE W,,,1,Property Damage Only Collision,Parked Car,2,0,0,2,2004/01/16 00:00:00+00,1/16/2004 2:40:00 PM,Mid-Block (not related to intersection),16,"MOTOR VEHICLE STRUCK MOTOR VEHICLE, LEFT SIDE SIDESWIPE",,0,Overcast,Dry,Daylight,,4016016.0,,32,One parked--one moving,0,0,N