,SEVERITYCODE,X,Y,OBJECTID,INCKEY,COLDETKEY,REPORTNO,STATUS,ADDRTYPE,INTKEY,LOCATION,EXCEPTRSNCODE,EXCEPTRSNDESC,SEVERITYCODE.1,SEVERITYDESC,COLLISIONTYPE,PERSONCOUNT,PEDCOUNT,PEDCYLCOUNT,VEHCOUNT,INCDATE,INCDTTM,JUNCTIONTYPE,SDOT_COLCODE,SDOT_COLDESC,INATTENTIONIND,UNDERINFL,WEATHER,ROADCOND,LIGHTCOND,PEDROWNOTGRNT,SDOTCOLNUM,SPEEDING,ST_COLCODE,ST_COLDESC,SEGLANEKEY,CROSSWALKKEY,HITPARKEDCAR
7377,1,-122.41073929999999,47.5759061,9180,22591,22591,1781711,Matched,Intersection,30987.0,61ST AVE SW AND SW ADMIRAL WAY,,,1,Property Damage Only Collision,Angles,2,0,0,2,2004/08/30 00:00:00+00,8/30/2004 5:41:00 PM,At Intersection (intersection related),11,"MOTOR VEHICLE STRUCK MOTOR VEHICLE, FRONT END AT ANGLE",,0,Clear,Dry,Dusk,,4243013.0,,10,Entering at angle,0,0,N
7378,1,-122.34742040000002,47.61508492,9181,23679,23679,1777234,Matched,Block,,2ND AVE BETWEEN BATTERY ST AND WALL ST,,,1,Property Damage Only Collision,Other,3,0,0,2,2004/05/28 00:00:00+00,5/28/2004 10:30:00 AM,Mid-Block (not related to intersection),11,"MOTOR VEHICLE STRUCK MOTOR VEHICLE, FRONT END AT ANGLE",,0,Clear,Dry,Daylight,,4149049.0,,23,From same direction - all others,0,0,N
7379,2,,,9184,23197,23197,1781773,Matched,Alley,,,,,2,Injury Collision,Pedestrian,2,1,0,1,2004/08/10 00:00:00+00,8/10/2004 2:26:00 PM,,0,NOT ENOUGH INFORMATION / NOT APPLICABLE,,0,Clear,Dry,Daylight,Y,4223030.0,,3,Vehicle backing hits pedestrian,0,0,N
7380,2,,,9185,22886,22886,1213631,Matched,Block,,ALASKAN WAY S BETWEEN S ROYAL BROUGHAM WAY AND S ATLANTIC ST,,,2,Injury Collision,Rear Ended,3,0,0,2,2004/09/25 00:00:00+00,9/25/2004 11:17:00 AM,Mid-Block (not related to intersection),14,"MOTOR VEHICLE STRUCK MOTOR VEHICLE, REAR END",,0,Clear,Dry,Daylight,,4269027.0,,14,From same direction - both going straight - one stopped - rear-end,0,0,N
7381,1,-122.35207759999999,47.61724993,9186,22690,22690,1080161,Matched,Block,,BROAD ST BETWEEN 1ST AVE AND 2ND AVE,,,1,Property Damage Only Collision,Parked Car,2,0,0,2,2004/08/20 00:00:00+00,8/20/2004 7:30:00 PM,Mid-Block (not related to intersection),16,"MOTOR VEHICLE STRUCK MOTOR VEHICLE, LEFT SIDE SIDESWIPE",,0,Unknown,Unknown,Unknown,,4233042.0,,32,One parked--one moving,0,0,N
7382,1,-122.32006270000001,47.61815992,9188,23179,23179,1789575,Matched,Block,,NAGLE PL BETWEEN E HOWELL ST AND E DENNY WAY,,,1,Property Damage Only Collision,Other,2,0,0,2,2004/01/14 00:00:00+00,1/14/2004 6:22:00 PM,Driveway Junction,11,"MOTOR VEHICLE STRUCK MOTOR VEHICLE, FRONT END AT ANGLE",,0,Raining,Wet,Dark - Street Lights On,,4014020.0,,22,One car leaving driveway access,0,0,N
7383,1,-122.33979,47.51790542,9189,23081,23081,1482075,Matched,Block,,OLSON PL SW BETWEEN SW CAMBRIDGE PL AND SW ROXBURY ST,,,1,Property Damage Only Collision,Other,1,0,0,1,2004/10/17 00:00:00+00,10/17/2004 4:58:00 AM,Mid-Block (not related to intersection),28,MOTOR VEHICLE RAN OFF ROAD - HIT FIXED OBJECT,,0,Raining,Wet,Dark - Street Lights On,,4291011.0,Y,50,Fixed object,0,0,N
7384,1,-122.3137311,47.57162762,9191,23466,23466,1793203,Matched,Block,,S SPOKANE ST BETWEEN HINDS PL S AND 15TH AVE S,,,1,Property Damage Only Collision,Other,3,0,0,2,2004/07/30 00:00:00+00,7/30/2004 6:56:00 PM,Mid-Block (but intersection related),11,"MOTOR VEHICLE STRUCK MOTOR VEHICLE, FRONT END AT ANGLE",,0,Clear,Dry,Daylight,,4212026.0,,23,From same direction - all others,0,0,N
7385,1,-122.37621509999998,47.66827913,9192,23012,23012,1220146,Matched,Block,,15TH AVE NW BETWEEN NW 54TH ST AND NW MARKET ST,,,1,Property Damage Only Collision,Other,2,0,0,2,2004/09/14 00:00:00+00,9/14/2004 6:08:00 PM,Mid-Block (but intersection related),28,MOTOR VEHICLE RAN OFF ROAD - HIT FIXED OBJECT,,0,Raining,Wet,Daylight,,4258021.0,,50,Fixed object,0,0,N
7386,1,-122.34479520000001,47.71119659,9193,23231,23231,1779720,Matched,Block,,AURORA AVE N BETWEEN N 112TH ST AND N 115TH ST,,,1,Property Damage Only Collision,Other,3,0,0,2,2004/04/10 00:00:00+00,4/10/2004 9:49:00 AM,Driveway Junction,14,"MOTOR VEHICLE STRUCK MOTOR VEHICLE, REAR END",,0,Clear,Dry,Daylight,,4101018.0,,21,One car entering driveway access,0,0,N
7387,1,-122.31016809999998,47.612905100000006,9194,23193,23193,1790032,Matched,Intersection,30143.0,17TH AVE AND E UNION ST,,,1,Property Damage Only Collision,Rear Ended,2,0,0,2,2004/03/07 00:00:00+00,3/7/2004,At Intersection (intersection related),14,"MOTOR VEHICLE STRUCK MOTOR VEHICLE, REAR END",,0,Clear,Dry,Daylight,,4067022.0,Y,14,From same direction - both going straight - one stopped - rear-end,0,0,N
7388,1,-122.2929898,47.62719136,9196,22546,22546,1797981,Matched,Block,,LAKE WASHINGTON BLVD E BETWEEN E MADISON ST AND ARBORETUM DR E,,,1,Property Damage Only Collision,Other,1,0,0,1,2004/10/06 00:00:00+00,10/6/2004,Mid-Block (not related to intersection),28,MOTOR VEHICLE RAN OFF ROAD - HIT FIXED OBJECT,,0,Unknown,Unknown,Unknown,,4280030.0,,50,Fixed object,0,0,N
7389,2,-122.28801100000001,47.56345665,9197,22108,22108,1779353,Matched,Block,,RAINIER AVE S BETWEEN S GENESEE S ST AND S OREGON ST,,,2,Injury Collision,Other,1,0,0,1,2004/01/28 00:00:00+00,1/28/2004 4:30:00 AM,Mid-Block (but intersection related),28,MOTOR VEHICLE RAN OFF ROAD - HIT FIXED OBJECT,,0,Raining,Wet,Dark - Street Lights On,,4028003.0,,50,Fixed object,0,0,N
7390,1,-122.3450853,47.73306346,9198,22765,22765,1778346,Matched,Block,,AURORA AVE N BETWEEN N 143RD ST AND ROOSEVELT WAY N,,,1,Property Damage Only Collision,Other,2,0,0,2,2004/02/27 00:00:00+00,2/27/2004 1:45:00 PM,Driveway Junction,11,"MOTOR VEHICLE STRUCK MOTOR VEHICLE, FRONT END AT ANGLE",,0,Overcast,Wet,Daylight,,4058024.0,,22,One car leaving driveway access,0,0,N
7391,1,-122.33369270000001,47.60526721,9199,22784,22784,1777514,Matched,Block,,3RD AVE BETWEEN MARION ST AND MADISON ST,,,1,Property Damage Only Collision,Other,1,0,0,1,2004/05/30 00:00:00+00,5/30/2004 1:50:00 AM,Mid-Block (but intersection related),28,MOTOR VEHICLE RAN OFF ROAD - HIT FIXED OBJECT,,0,Clear,Dry,Dark - Street Lights On,,4151001.0,,50,Fixed object,0,0,N
7392,2,-122.30685359999998,47.69030348,9200,23601,23601,1218396,Matched,Intersection,37777.0,20TH AVE NE AND NE 85TH ST,,,2,Injury Collision,Angles,3,0,0,2,2004/05/21 00:00:00+00,5/21/2004 9:42:00 AM,At Intersection (intersection related),11,"MOTOR VEHICLE STRUCK MOTOR VEHICLE, FRONT END AT ANGLE",,0,Overcast,Dry,Daylight,,4142020.0,,10,Entering at angle,0,0,N
7393,2,-122.32807859999998,47.60416123,9201,22719,22719,1784692,Matched,Intersection,29973.0,6TH AVE AND JAMES ST,,,2,Injury Collision,Left Turn,3,0,0,2,2004/11/28 00:00:00+00,11/28/2004 6:45:00 PM,At Intersection (intersection related),11,"MOTOR VEHICLE STRUCK MOTOR VEHICLE, FRONT END AT ANGLE",,0,Overcast,Dry,Dark - Street Lights On,,4333029.0,,28,From opposite direction - one left turn - one straight,0,0,N
7394,2,-122.3172267,47.59749957,9203,22761,22761,1320345,Matched,Intersection,30436.0,12TH AVE S AND S WELLER ST,,,2,Injury Collision,Left Turn,3,0,0,2,2004/05/13 00:00:00+00,5/13/2004 7:13:00 PM,At Intersection (intersection related),11,"MOTOR VEHICLE STRUCK MOTOR VEHICLE, FRONT END AT ANGLE",,0,Clear,Dry,Daylight,,4134010.0,,28,From opposite direction - one left turn - one straight,0,0,N
7395,1,-122.3156264,47.68465898,9204,23291,23291,1780163,Matched,Block,,LAKE CITY WAY NE BETWEEN 11TH AVE NE AND 12TH AVE NE,,,1,Property Damage Only Collision,Angles,3,0,0,2,2004/10/02 00:00:00+00,10/2/2004,Mid-Block (but intersection related),16,"MOTOR VEHICLE STRUCK MOTOR VEHICLE, LEFT SIDE SIDESWIPE",,0,Clear,Dry,Dark - Street Lights On,,4276020.0,,10,Entering at angle,0,0,N
7396,1,-122.3290487,47.59334116,9205,22430,22430,1216568,Matched,Block,,4TH AVE S BETWEEN I90 WB 4TH AV OFF RP AND S ROYAL BROUGHAM WAY,,,1,Property Damage Only Collision,Sideswipe,2,0,0,2,2004/06/16 00:00:00+00,6/16/2004 12:40:00 PM,Mid-Block (but intersection related),11,"MOTOR VEHICLE STRUCK MOTOR VEHICLE, FRONT END AT ANGLE",,0,Clear,Dry,Daylight,,4168024.0,,11,From same direction - both going straight - both moving - sideswipe,0,0,N
7397,1,-122.3295862,47.54669393,9206,22950,22950,1781127,Matched,Block,,4TH AVE S BETWEEN S FRONT ST AND S MICHIGAN ST,,,1,Property Damage Only Collision,Angles,2,0,0,2,2004/02/27 00:00:00+00,2/27/2004 3:59:00 PM,Mid-Block (but intersection related),11,"MOTOR VEHICLE STRUCK MOTOR VEHICLE, FRONT END AT ANGLE",,0,Clear,Dry,Daylight,,4058005.0,Y,10,Entering at angle,0,0,N
7398,1,-122.3805571,47.69241939,9207,23040,23040,1782689,Matched,Block,,NW 87TH ST BETWEEN 18TH AVE NW AND 19TH AVE NW,,,1,Property Damage Only Collision,Parked Car,3,0,0,3,2004/05/11 00:00:00+00,5/11/2004 8:21:00 PM,Mid-Block (not related to intersection),11,"MOTOR VEHICLE STRUCK MOTOR VEHICLE, FRONT END AT ANGLE",Y,0,Clear,Dry,Daylight,,4132016.0,,32,One parked--one moving,0,0,N
7399,2,-122.3813932,47.57315124,9208,22259,22259,1798536,Matched,Intersection,31831.0,39TH AVE SW AND SW HINDS ST,,,2,Injury Collision,Angles,5,0,0,2,2004/07/07 00:00:00+00,7/7/2004,At Intersection (intersection related),11,"MOTOR VEHICLE STRUCK MOTOR VEHICLE, FRONT END AT ANGLE",,0,Clear,Dry,Daylight,,4189017.0,,10,Entering at angle,0,0,N
7400,2,-122.30832720000001,47.61410159,9209,23538,23538,1772671,Matched,Block,,E PIKE ST BETWEEN 18TH AVE AND DEAD END,,,2,Injury Collision,Parked Car,2,0,0,2,2004/06/09 00:00:00+00,6/9/2004,Mid-Block (not related to intersection),11,"MOTOR VEHICLE STRUCK MOTOR VEHICLE, FRONT END AT ANGLE",Y,0,Raining,Wet,Dark - Street Lights On,,4161022.0,,32,One parked--one moving,0,0,N
7401,1,-122.32184409999999,47.66132628,9210,23066,23066,1794862,Matched,Block,,NE 45TH ST BETWEEN 5TH AVE NE AND 7TH AVE NE,,,1,Property Damage Only Collision,Angles,2,0,0,2,2004/12/05 00:00:00+00,12/5/2004,Mid-Block (but intersection related),11,"MOTOR VEHICLE STRUCK MOTOR VEHICLE, FRONT END AT ANGLE",,0,Overcast,Dry,Daylight,,4340013.0,,10,Entering at angle,0,0,N
7402,1,-122.3232392,47.5470245,9211,23586,23586,C629704,Matched,Block,,S MICHIGAN ST BETWEEN 7TH AVE S AND CORSON AVE S,,,1,Property Damage Only Collision,Sideswipe,2,0,0,2,2004/03/09 00:00:00+00,3/9/2004,Mid-Block (not related to intersection),16,"MOTOR VEHICLE STRUCK MOTOR VEHICLE, LEFT SIDE SIDESWIPE",,0,Clear,Dry,Daylight,,4069033.0,,11,From same direction - both going straight - both moving - sideswipe,0,0,N
7403,2,-122.2769409,47.52611905,9212,22439,22439,1787964,Matched,Intersection,35253.0,RENTON AVE S AND S CLOVERDALE ST,,,2,Injury Collision,Rear Ended,2,0,0,2,2004/10/20 00:00:00+00,10/20/2004 8:48:00 AM,At Intersection (intersection related),14,"MOTOR VEHICLE STRUCK MOTOR VEHICLE, REAR END",Y,0,Clear,Dry,Daylight,,4294030.0,,83,Same direction -- both turning left -- both moving -- rear end,0,0,N
7404,1,-122.34495679999999,47.72139178,9213,23505,23505,1774113,Matched,Intersection,35840.0,AURORA AVE N AND N 127TH ST,,,1,Property Damage Only Collision,Rear Ended,3,0,0,2,2004/04/09 00:00:00+00,4/9/2004,At Intersection (but not related to intersection),14,"MOTOR VEHICLE STRUCK MOTOR VEHICLE, REAR END",Y,0,Clear,Dry,Daylight,,4100022.0,,14,From same direction - both going straight - one stopped - rear-end,0,0,N
7405,1,-122.3459997,47.70143394,9215,22571,22571,1782376,Matched,Block,,N 100TH ST BETWEEN LINDEN AVE N AND AURORA AVE N,,,1,Property Damage Only Collision,Other,2,0,0,2,2004/03/03 00:00:00+00,3/3/2004,Driveway Junction,11,"MOTOR VEHICLE STRUCK MOTOR VEHICLE, FRONT END AT ANGLE",,0,Raining,Wet,Daylight,,4063011.0,,21,One car entering driveway access,0,0,N
7406,2,-122.2986092,47.54632636,9216,21985,21985,1771901,Matched,Block,,S GRAHAM ST BETWEEN BEACON ER AVE S AND 28TH AVE S,,,2,Injury Collision,Rear Ended,10,0,0,4,2004/03/06 00:00:00+00,3/6/2004,Mid-Block (but intersection related),14,"MOTOR VEHICLE STRUCK MOTOR VEHICLE, REAR END",,0,Clear,Dry,Daylight,,4066010.0,Y,14,From same direction - both going straight - one stopped - rear-end,0,0,N
7407,2,-122.36601529999999,47.68049539,9217,23475,23475,1476145,Matched,Block,,8TH AVE NW BETWEEN NW 70TH ST AND NW 73RD S ST,,,2,Injury Collision,Rear Ended,4,0,0,3,2004/05/23 00:00:00+00,5/23/2004 4:51:00 PM,Mid-Block (but intersection related),14,"MOTOR VEHICLE STRUCK MOTOR VEHICLE, REAR END",,0,Clear,Dry,Daylight,,4144018.0,,14,From same direction - both going straight - one stopped - rear-end,0,0,N
7408,2,-122.3910925,47.53882055,9219,23611,23611,1481214,Matched,Block,,FAUNTLEROY WAY SW BETWEEN SW MYRTLE ST AND SW OTHELLO ST,,,2,Injury Collision,Rear Ended,5,0,0,2,2004/04/17 00:00:00+00,4/17/2004 4:16:00 PM,Mid-Block (but intersection related),14,"MOTOR VEHICLE STRUCK MOTOR VEHICLE, REAR END",Y,0,Clear,Dry,Daylight,,4108023.0,,14,From same direction - both going straight - one stopped - rear-end,0,0,N
7409,1,-122.3363943,47.66685669,9220,22592,22592,1781885,Matched,Block,,WALLINGFORD AVE N BETWEEN N 52ND ST AND N 53RD ST,,,1,Property Damage Only Collision,Parked Car,2,0,0,2,2004/10/12 00:00:00+00,10/12/2004 8:28:00 AM,Mid-Block (not related to intersection),15,"MOTOR VEHICLE STRUCK MOTOR VEHICLE, RIGHT SIDE SIDESWIPE",,0,Clear,Dry,Daylight,,4286018.0,,32,One parked--one moving,0,0,N
7410,2,-122.31192970000001,47.67578344,9221,23384,23384,1199035,Matched,Intersection,24506.0,15TH AVE NE AND NE 65TH ST,,,2,Injury Collision,Angles,3,0,0,2,2004/03/27 00:00:00+00,3/27/2004 1:51:00 AM,At Intersection (intersection related),11,"MOTOR VEHICLE STRUCK MOTOR VEHICLE, FRONT END AT ANGLE",,1,Unknown,Wet,Dark - Street Lights On,,4087029.0,,10,Entering at angle,0,0,N
7411,1,-122.34814270000001,47.6818033,9222,22291,22291,1773763,Matched,Block,,N 73RD ST BETWEEN FREMONT AVE N AND LINDEN AVE N,,,1,Property Damage Only Collision,Parked Car,3,0,0,2,2004/01/19 00:00:00+00,1/19/2004 3:46:00 PM,Mid-Block (but intersection related),11,"MOTOR VEHICLE STRUCK MOTOR VEHICLE, FRONT END AT ANGLE",,0,Clear,Dry,Daylight,,4019014.0,,20,One car leaving parked position,0,0,N
7412,2,-122.2981507,47.57835004,9225,22967,22967,1771874,Matched,Intersection,31482.0,RAINIER AVE S AND S MCCLELLAN ST,,,2,Injury Collision,Pedestrian,2,1,0,1,2004/08/25 00:00:00+00,8/25/2004 12:33:00 PM,At Intersection (intersection related),24,MOTOR VEHCILE STRUCK PEDESTRIAN,,0,Overcast,Wet,Daylight,,4238046.0,,0,Vehicle going straight hits pedestrian,0,0,N
7413,1,-122.3488631,47.62628612,9227,23474,23474,1474799,Matched,Intersection,28876.0,4TH AVE N AND VALLEY ST,,,1,Property Damage Only Collision,Angles,6,0,0,2,2004/04/16 00:00:00+00,4/16/2004 10:50:00 PM,At Intersection (intersection related),11,"MOTOR VEHICLE STRUCK MOTOR VEHICLE, FRONT END AT ANGLE",,0,Clear,Dry,Dark - Street Lights On,,4107043.0,,10,Entering at angle,0,0,N
7414,1,-122.3036048,47.58549756,9229,22788,22788,1779590,Matched,Intersection,31547.0,RAINIER AVE S AND S PLUM ST,,,1,Property Damage Only Collision,Sideswipe,4,0,0,2,2004/02/20 00:00:00+00,2/20/2004 2:33:00 PM,At Intersection (intersection related),16,"MOTOR VEHICLE STRUCK MOTOR VEHICLE, LEFT SIDE SIDESWIPE",,0,Clear,Dry,Daylight,,4051024.0,,12,From same direction - both going straight - one stopped - sideswipe,0,0,N
7415,1,-122.34110079999999,47.61134764,9231,22860,22860,1784578,Matched,Block,,2ND AVE BETWEEN STEWART ST AND VIRGINIA ST,,,1,Property Damage Only Collision,Parked Car,2,0,0,2,2004/08/18 00:00:00+00,8/18/2004 11:00:00 AM,Mid-Block (not related to intersection),15,"MOTOR VEHICLE STRUCK MOTOR VEHICLE, RIGHT SIDE SIDESWIPE",,0,Clear,Dry,Daylight,,4231008.0,,32,One parked--one moving,0,0,N
7416,1,-122.30063290000001,47.67106879,9232,23649,23649,1329242,Matched,Block,,25TH AVE NE BETWEEN NE 57TH ST AND NE 60TH ST,,,1,Property Damage Only Collision,Parked Car,2,0,0,2,2004/02/11 00:00:00+00,2/11/2004 3:00:00 PM,Mid-Block (not related to intersection),13,"MOTOR VEHICLE STRUCK MOTOR VEHICLE, LEFT SIDE AT ANGLE",,0,Clear,Dry,Daylight,,4042031.0,,32,One parked--one moving,0,0,N
7417,1,-122.30439150000001,47.60167042,9233,23576,23576,1788495,Matched,Block,,E YESLER WAY BETWEEN 21ST AVE AND 22ND AVE,,,1,Property Damage Only Collision,Parked Car,2,0,0,2,2004/02/06 00:00:00+00,2/6/2004,Mid-Block (not related to intersection),15,"MOTOR VEHICLE STRUCK MOTOR VEHICLE, RIGHT SIDE SIDESWIPE",,0,Overcast,Unknown,Dark - Street Lights On,,4037015.0,,19,One car entering parked position,0,0,N
7418,1,-122.34450509999999,47.68730383,9234,23192,23192,1782435,Matched,Block,,AURORA AVE N BETWEEN N 80TH ST AND N 81ST ST,,,1,Property Damage Only Collision,Sideswipe,5,0,0,2,2004/03/02 00:00:00+00,3/2/2004,Mid-Block (not related to intersection),16,"MOTOR VEHICLE STRUCK MOTOR VEHICLE, LEFT SIDE SIDESWIPE",,0,Clear,Dry,Daylight,,4062033.0,,11,From same direction - both going straight - both moving - sideswipe,0,0,N
7419,1,-122.3081223,47.639552200000004,9235,22812,22812,1074725,Matched,Block,,E LYNN ST BETWEEN 18TH AVE E AND 19TH AVE E,,,1,Property Damage Only Collision,Parked Car,2,0,0,2,2004/11/19 00:00:00+00,11/19/2004 9:42:00 AM,Mid-Block (not related to intersection),16,"MOTOR VEHICLE STRUCK MOTOR VEHICLE, LEFT SIDE SIDESWIPE",,0,Unknown,Unknown,Unknown,,4324003.0,,32,One parked--one moving,0,0,N
7420,2,-122.3173874,47.66643643,9237,22501,22501,1778748,Matched,Intersection,25780.0,ROOSEVELT WAY NE AND NE 52ND ST,,,2,Injury Collision,Pedestrian,2,1,0,1,2004/03/25 00:00:00+00,3/25/2004 8:09:00 AM,At Intersection (intersection related),24,MOTOR VEHCILE STRUCK PEDESTRIAN,,0,Raining,Wet,Daylight,Y,4085009.0,,0,Vehicle going straight hits pedestrian,0,0,N
7421,1,-122.25144350000001,47.51401481,9239,22922,22922,1772910,Matched,Block,,RAINIER AVE S BETWEEN S NORFOLK ST AND S COOPER ST,,,1,Property Damage Only Collision,Parked Car,2,0,0,2,2004/05/13 00:00:00+00,5/13/2004 8:44:00 PM,Mid-Block (not related to intersection),13,"MOTOR VEHICLE STRUCK MOTOR VEHICLE, LEFT SIDE AT ANGLE",,0,Clear,Dry,Dusk,,4134029.0,,32,One parked--one moving,0,0,N
7422,2,-122.29588580000001,47.6830479,9240,22832,22832,1780154,Matched,Intersection,24656.0,30TH AVE NE AND NE 75TH ST,,,2,Injury Collision,Angles,6,0,0,2,2004/02/25 00:00:00+00,2/25/2004 1:30:00 AM,At Intersection (intersection related),11,"MOTOR VEHICLE STRUCK MOTOR VEHICLE, FRONT END AT ANGLE",,1,Clear,Dry,Dark - Street Lights On,,4056004.0,,10,Entering at angle,0,0,N
7423,1,-122.3526017,47.69058707,9241,21974,21974,1773576,Matched,Intersection,37461.0,DAYTON AVE N AND N 85TH ST,,,1,Property Damage Only Collision,Left Turn,4,0,0,2,2004/01/24 00:00:00+00,1/24/2004 12:19:00 PM,At Intersection (intersection related),11,"MOTOR VEHICLE STRUCK MOTOR VEHICLE, FRONT END AT ANGLE",,0,Raining,Wet,Daylight,,4024012.0,,28,From opposite direction - one left turn - one straight,0,0,N
7424,2,-122.347334,47.70053247,9243,23083,23083,1079876,Matched,Intersection,37415.0,LINDEN AVE N AND N 98TH ST,,,2,Injury Collision,Angles,3,0,0,2,2004/07/06 00:00:00+00,7/6/2004,At Intersection (intersection related),11,"MOTOR VEHICLE STRUCK MOTOR VEHICLE, FRONT END AT ANGLE",,0,Overcast,Wet,Daylight,,4188017.0,,10,Entering at angle,0,0,N
7425,1,-122.3871355,47.58299646,9246,22586,22586,1774934,Matched,Block,,SW COLLEGE ST BETWEEN CALIFORNIA AVE SW AND 44TH AVE SW,,,1,Property Damage Only Collision,Right Turn,2,0,0,2,2004/03/13 00:00:00+00,3/13/2004 2:35:00 PM,Mid-Block (but intersection related),14,"MOTOR VEHICLE STRUCK MOTOR VEHICLE, REAR END",,0,Clear,Dry,Daylight,,4073006.0,,16,From same direction - one right turn - one straight,0,0,N
7426,1,-122.35675149999999,47.61918879,9247,23650,23650,1333839,Matched,Block,,QUEEN ANNE AVE N BETWEEN DENNY WAY AND JOHN ST,,,1,Property Damage Only Collision,Parked Car,2,0,0,2,2004/06/18 00:00:00+00,6/18/2004 6:35:00 PM,Mid-Block (not related to intersection),0,NOT ENOUGH INFORMATION / NOT APPLICABLE,,0,Clear,Dry,Daylight,,4170032.0,,20,One car leaving parked position,0,0,N
7427,1,-122.28073529999999,47.53704901,9248,23491,23491,1779042,Matched,Intersection,34465.0,42ND AVE S AND S OTHELLO ST,,,1,Property Damage Only Collision,Sideswipe,3,0,0,2,2004/03/18 00:00:00+00,3/18/2004 3:50:00 PM,At Intersection (intersection related),16,"MOTOR VEHICLE STRUCK MOTOR VEHICLE, LEFT SIDE SIDESWIPE",,0,Overcast,Dry,Daylight,,4078030.0,,11,From same direction - both going straight - both moving - sideswipe,0,0,N
7428,2,-122.2789885,47.55309183,9251,22109,22109,1779366,Matched,Block,,RAINIER AVE S BETWEEN S BRANDON ST AND S LUCILE ST,,,2,Injury Collision,Pedestrian,2,1,0,1,2004/08/30 00:00:00+00,8/30/2004 2:09:00 PM,Mid-Block (not related to intersection),24,MOTOR VEHCILE STRUCK PEDESTRIAN,,0,Clear,Dry,Daylight,,4243005.0,,0,Vehicle going straight hits pedestrian,0,0,N
7429,2,-122.34398159999999,47.62260732,9252,22764,22764,1778170,Matched,Block,,AURORA AVE N BETWEEN HARRISON ST AND REPUBLICAN ST,,,2,Injury Collision,Rear Ended,2,0,0,2,2004/03/10 00:00:00+00,3/10/2004 6:44:00 PM,Mid-Block (not related to intersection),14,"MOTOR VEHICLE STRUCK MOTOR VEHICLE, REAR END",,0,Clear,Dry,Dark - Street Lights On,,4070024.0,,14,From same direction - both going straight - one stopped - rear-end,0,0,N
7430,1,-122.3633104,47.56653812,9253,22639,22639,1775245,Matched,Intersection,32052.0,DELRIDGE WAY SW AND SW DAKOTA ST,,,1,Property Damage Only Collision,Rear Ended,2,0,0,2,2004/04/21 00:00:00+00,4/21/2004 7:28:00 AM,At Intersection (but not related to intersection),14,"MOTOR VEHICLE STRUCK MOTOR VEHICLE, REAR END",Y,0,Clear,Dry,Daylight,,4112015.0,,14,From same direction - both going straight - one stopped - rear-end,0,0,N
7431,2,-122.3289183,47.72316552,9255,22573,22573,1779722,Matched,Intersection,35969.0,1ST AVE NE AND NE 130TH ST,,,2,Injury Collision,Angles,4,0,0,3,2004/04/15 00:00:00+00,4/15/2004 6:12:00 PM,At Intersection (intersection related),11,"MOTOR VEHICLE STRUCK MOTOR VEHICLE, FRONT END AT ANGLE",,0,Clear,Dry,Daylight,,4106018.0,,10,Entering at angle,0,0,N
7432,2,-122.3982501,47.64953919,9256,23215,23215,1097207,Matched,Block,,32ND AVE W BETWEEN W DRAVUS ST AND W BERTONA ST,,,2,Injury Collision,Parked Car,2,0,0,2,2004/08/31 00:00:00+00,8/31/2004 8:25:00 AM,Mid-Block (not related to intersection),16,"MOTOR VEHICLE STRUCK MOTOR VEHICLE, LEFT SIDE SIDESWIPE",Y,0,Clear,Dry,Daylight,,4244028.0,,32,One parked--one moving,0,0,N
7433,2,-122.34489609999999,47.717173100000004,9257,22901,22901,1778925,Matched,Block,,AURORA AVE N BETWEEN N 117TH PL AND N 125TH ST,,,2,Injury Collision,Other,3,0,0,2,2004/02/21 00:00:00+00,2/21/2004 1:11:00 PM,Mid-Block (not related to intersection),11,"MOTOR VEHICLE STRUCK MOTOR VEHICLE, FRONT END AT ANGLE",Y,0,Clear,Dry,Daylight,,4052015.0,,22,One car leaving driveway access,0,0,N
7434,2,,,9258,23431,23431,1771883,Matched,Block,,GOLF DR S BETWEEN 12TH AVE S AND S CHARLES ST,,,2,Injury Collision,Rear Ended,3,0,0,2,2004/03/09 00:00:00+00,3/9/2004,Mid-Block (not related to intersection),14,"MOTOR VEHICLE STRUCK MOTOR VEHICLE, REAR END",,0,Raining,Wet,Daylight,,4069006.0,,13,From same direction - both going straight - both moving - rear-end,0,0,N
7435,1,-122.29364270000002,47.72198541,9259,22286,22286,1212544,Matched,Block,,LAKE CITY WAY NE BETWEEN NE 127TH ST AND NE 130TH ST,,,1,Property Damage Only Collision,Parked Car,2,0,0,2,2004/11/17 00:00:00+00,11/17/2004 7:40:00 PM,Mid-Block (not related to intersection),14,"MOTOR VEHICLE STRUCK MOTOR VEHICLE, REAR END",,0,Overcast,Dry,Dark - Street Lights On,,4322022.0,,32,One parked--one moving,0,0,N
7436,1,-122.3398236,47.61411132,9260,23077,23077,1069405,Matched,Block,,5TH AVE BETWEEN VIRGINIA ST AND LENORA ST,,,1,Property Damage Only Collision,Parked Car,2,0,0,2,2004/11/24 00:00:00+00,11/24/2004 6:32:00 PM,Mid-Block (not related to intersection),16,"MOTOR VEHICLE STRUCK MOTOR VEHICLE, LEFT SIDE SIDESWIPE",,0,Raining,Wet,Dark - Street Lights On,,4329031.0,,32,One parked--one moving,0,0,N
7437,1,,,9261,22957,22957,1478283,Matched,Block,,ALASKAN WY VI NB BETWEEN SENECA ST OFF RP AND WESTERN AV OFF RP,,,1,Property Damage Only Collision,Other,1,0,0,1,2004/10/15 00:00:00+00,10/15/2004 6:25:00 PM,Mid-Block (not related to intersection),28,MOTOR VEHICLE RAN OFF ROAD - HIT FIXED OBJECT,,0,Clear,Dry,Daylight,,4289003.0,,50,Fixed object,0,0,N