,SEVERITYCODE,X,Y,OBJECTID,INCKEY,COLDETKEY,REPORTNO,STATUS,ADDRTYPE,INTKEY,LOCATION,EXCEPTRSNCODE,EXCEPTRSNDESC,SEVERITYCODE.1,SEVERITYDESC,COLLISIONTYPE,PERSONCOUNT,PEDCOUNT,PEDCYLCOUNT,VEHCOUNT,INCDATE,INCDTTM,JUNCTIONTYPE,SDOT_COLCODE,SDOT_COLDESC,INATTENTIONIND,UNDERINFL,WEATHER,ROADCOND,LIGHTCOND,PEDROWNOTGRNT,SDOTCOLNUM,SPEEDING,ST_COLCODE,ST_COLDESC,SEGLANEKEY,CROSSWALKKEY,HITPARKEDCAR
7438,1,-122.3373936,47.61266535,9262,22256,22256,1069935,Matched,Intersection,29567.0,5TH AVE AND OLIVE WAY,,,1,Property Damage Only Collision,Left Turn,2,0,0,2,2004/12/11 00:00:00+00,12/11/2004 2:35:00 AM,At Intersection (intersection related),11,"MOTOR VEHICLE STRUCK MOTOR VEHICLE, FRONT END AT ANGLE",,0,Overcast,Wet,Dark - Street Lights On,,4346041.0,,15,From same direction - one left turn - one straight,0,0,N
7439,2,-122.30075819999999,47.68304743,9263,23637,23637,1794054,Matched,Intersection,24661.0,25TH AVE NE AND NE 75TH ST,,,2,Injury Collision,Angles,2,0,0,2,2004/06/12 00:00:00+00,6/12/2004 9:31:00 PM,At Intersection (intersection related),11,"MOTOR VEHICLE STRUCK MOTOR VEHICLE, FRONT END AT ANGLE",,0,Raining,Wet,Dark - Street Lights On,,4164013.0,,10,Entering at angle,0,0,N
7440,1,-122.3126747,47.720318299999995,9264,22914,22914,1318117,Matched,Block,,15TH AVE NE BETWEEN NE 125TH ST AND NE 127TH ST,,,1,Property Damage Only Collision,Other,2,0,0,2,2004/04/16 00:00:00+00,4/16/2004 8:51:00 AM,Driveway Junction,11,"MOTOR VEHICLE STRUCK MOTOR VEHICLE, FRONT END AT ANGLE",,0,Overcast,Wet,Daylight,,4107017.0,,21,One car entering driveway access,0,0,N
7441,1,-122.3173632,47.67540298,9266,22438,22438,1775716,Matched,Block,,ROOSEVELT WAY NE BETWEEN NE 64TH ST AND NE 65TH ST,,,1,Property Damage Only Collision,Parked Car,2,0,0,2,2004/01/15 00:00:00+00,1/15/2004 4:20:00 PM,Mid-Block (not related to intersection),11,"MOTOR VEHICLE STRUCK MOTOR VEHICLE, FRONT END AT ANGLE",,0,Unknown,Wet,Daylight,,4015019.0,,32,One parked--one moving,0,0,N
7442,1,-122.32997399999999,47.70863743,9267,23360,23360,1782260,Matched,Block,,N NORTHGATE WAY BETWEEN CORLISS AVE N AND 1ST AVE NE,,,1,Property Damage Only Collision,Sideswipe,3,0,0,2,2004/08/21 00:00:00+00,8/21/2004 3:17:00 PM,Mid-Block (not related to intersection),11,"MOTOR VEHICLE STRUCK MOTOR VEHICLE, FRONT END AT ANGLE",,0,Raining,Wet,Daylight,,4234027.0,,11,From same direction - both going straight - both moving - sideswipe,0,0,N
7443,1,-122.35438329999998,47.67873371,9268,22893,22893,1221173,Matched,Intersection,24348.0,PHINNEY AVE N AND N 68TH ST,,,1,Property Damage Only Collision,Angles,3,0,0,3,2004/04/16 00:00:00+00,4/16/2004 1:10:00 PM,At Intersection (intersection related),11,"MOTOR VEHICLE STRUCK MOTOR VEHICLE, FRONT END AT ANGLE",,0,Clear,Dry,Daylight,,4107039.0,,10,Entering at angle,0,0,N
7444,1,-122.3140366,47.57947659,9269,22983,22983,1793205,Matched,Block,,S LANDER ST BETWEEN 14TH AVE S AND 15TH AVE S,,,1,Property Damage Only Collision,Parked Car,2,0,0,2,2004/08/06 00:00:00+00,8/6/2004,Mid-Block (not related to intersection),16,"MOTOR VEHICLE STRUCK MOTOR VEHICLE, LEFT SIDE SIDESWIPE",Y,0,Raining,Wet,Daylight,,4219006.0,,32,One parked--one moving,0,0,N
7445,1,-122.2985082,47.66852285,9270,22280,22280,1794049,Matched,Intersection,25934.0,27TH AVE NE AND NE 55TH ST,,,1,Property Damage Only Collision,Angles,3,0,0,2,2004/08/09 00:00:00+00,8/9/2004,At Intersection (intersection related),11,"MOTOR VEHICLE STRUCK MOTOR VEHICLE, FRONT END AT ANGLE",,0,Clear,Dry,Daylight,,4222032.0,,10,Entering at angle,0,0,N
7446,1,-122.3173633,47.67415683,9271,23478,23478,1778936,Matched,Intersection,25710.0,ROOSEVELT WAY NE AND NE 63RD ST,,,1,Property Damage Only Collision,Left Turn,2,0,0,2,2004/06/17 00:00:00+00,6/17/2004 12:55:00 PM,At Intersection (intersection related),11,"MOTOR VEHICLE STRUCK MOTOR VEHICLE, FRONT END AT ANGLE",,0,Clear,Dry,Daylight,,4169007.0,,28,From opposite direction - one left turn - one straight,0,0,N
7447,1,-122.3258287,47.73407122,9272,22645,22645,1976133,Matched,Block,,NE 145TH ST BETWEEN 4TH AVE NE AND 145TH ST ON RP,,,1,Property Damage Only Collision,Rear Ended,3,0,0,3,2004/10/14 00:00:00+00,10/14/2004 1:40:00 PM,Mid-Block (but intersection related),14,"MOTOR VEHICLE STRUCK MOTOR VEHICLE, REAR END",,1,Clear,Dry,Daylight,,4288038.0,,14,From same direction - both going straight - one stopped - rear-end,0,0,N
7448,1,-122.30461090000001,47.64555665,9273,23329,23329,1200823,Matched,Intersection,28389.0,MONTLAKE BLVD E AND E HAMLIN ST,,,1,Property Damage Only Collision,Left Turn,2,0,0,2,2004/04/28 00:00:00+00,4/28/2004 3:41:00 PM,At Intersection (intersection related),11,"MOTOR VEHICLE STRUCK MOTOR VEHICLE, FRONT END AT ANGLE",,0,Clear,Dry,Daylight,,4119009.0,,28,From opposite direction - one left turn - one straight,0,0,N
7449,2,-122.3707665,47.66365786,9275,23526,23526,1072712,Matched,Intersection,25455.0,11TH AVE NW AND NW LEARY WAY,,,2,Injury Collision,Angles,4,0,0,3,2004/03/31 00:00:00+00,3/31/2004 1:43:00 PM,At Intersection (intersection related),11,"MOTOR VEHICLE STRUCK MOTOR VEHICLE, FRONT END AT ANGLE",,N,Clear,Dry,Daylight,,4091014.0,Y,10,Entering at angle,0,0,N
7450,1,-122.3214679,47.62313084,9276,22433,22433,1216834,Matched,Block,,E REPUBLICAN ST BETWEEN HARVARD AVE E AND BROADWAY E,,,1,Property Damage Only Collision,Other,2,0,0,2,2004/09/29 00:00:00+00,9/29/2004 4:30:00 PM,Mid-Block (but intersection related),11,"MOTOR VEHICLE STRUCK MOTOR VEHICLE, FRONT END AT ANGLE",,0,Clear,Dry,Daylight,,4273004.0,,23,From same direction - all others,0,0,N
7451,2,-122.3282695,47.57142045,9277,23645,23645,1781674,Matched,Block,,S SPOKANE SR ST BETWEEN 4TH AVE S AND 5TH AVE S,,,2,Injury Collision,Rear Ended,3,0,0,2,2004/07/18 00:00:00+00,7/18/2004 4:52:00 PM,Mid-Block (not related to intersection),14,"MOTOR VEHICLE STRUCK MOTOR VEHICLE, REAR END",Y,0,Clear,Dry,Daylight,,4200003.0,,13,From same direction - both going straight - both moving - rear-end,0,0,N
7452,1,-122.3565108,47.5173613,9278,22876,22876,1795705,Matched,Intersection,34911.0,17TH AVE SW AND SW ROXBURY ST,,,1,Property Damage Only Collision,Angles,2,0,0,2,2004/11/03 00:00:00+00,11/3/2004,At Intersection (intersection related),11,"MOTOR VEHICLE STRUCK MOTOR VEHICLE, FRONT END AT ANGLE",,0,Overcast,Wet,Daylight,,4308001.0,,10,Entering at angle,0,0,N
7453,1,-122.31452979999999,47.57162418,9279,22974,22974,1779613,Matched,Intersection,32247.0,S COLUMBIAN WAY AND S SPOKANE ST,,,1,Property Damage Only Collision,Sideswipe,2,0,0,2,2004/09/13 00:00:00+00,9/13/2004 11:12:00 AM,At Intersection (intersection related),16,"MOTOR VEHICLE STRUCK MOTOR VEHICLE, LEFT SIDE SIDESWIPE",,0,Overcast,Wet,Daylight,,4257023.0,,81,Same direction -- both turning left -- both moving -- sideswipe,0,0,N
7454,1,-122.3591632,47.553709399999995,9280,22112,22112,1797904,Matched,Block,,SW BRANDON ST BETWEEN 19TH AVE SW AND 21ST AVE SW,,,1,Property Damage Only Collision,Parked Car,3,0,0,2,2004/07/27 00:00:00+00,7/27/2004 10:42:00 AM,Mid-Block (not related to intersection),28,MOTOR VEHICLE RAN OFF ROAD - HIT FIXED OBJECT,,0,Clear,Dry,Daylight,,4209023.0,,32,One parked--one moving,0,0,N
7455,1,-122.37485759999998,47.66439298,9281,22911,22911,1781892,Matched,Block,,NW 49TH ST BETWEEN 14TH AVE NW AND 15TH NB AVE NW,,,1,Property Damage Only Collision,Other,1,0,0,1,2004/10/25 00:00:00+00,10/25/2004 9:15:00 AM,Mid-Block (but intersection related),26,MOTOR VEHICLE STRUCK OBJECT IN ROAD,Y,0,Overcast,Dry,Daylight,,4299004.0,,50,Fixed object,0,0,N
7456,1,-122.27903359999999,47.55043351,9282,23036,23036,1793303,Matched,Block,,S MEAD ST BETWEEN 42ND AVE S AND RAINIER AVE S,,,1,Property Damage Only Collision,Parked Car,2,0,0,2,2004/12/04 00:00:00+00,12/4/2004,Driveway Junction,11,"MOTOR VEHICLE STRUCK MOTOR VEHICLE, FRONT END AT ANGLE",,0,Raining,Wet,Dark - Street Lights On,,4339061.0,,32,One parked--one moving,0,0,N
7457,1,-122.33238,47.55415595,9283,23597,23597,1790677,Matched,Intersection,33153.0,2ND AVE S AND S BRANDON ST,,,1,Property Damage Only Collision,Angles,3,0,0,2,2004/05/29 00:00:00+00,5/29/2004 11:08:00 AM,At Intersection (intersection related),11,"MOTOR VEHICLE STRUCK MOTOR VEHICLE, FRONT END AT ANGLE",,0,Clear,Dry,Daylight,,4150006.0,,10,Entering at angle,0,0,N
7458,1,-122.3376878,47.66138703,9284,23007,23007,1219781,Matched,Intersection,26789.0,DENSMORE AVE N AND N 45TH W ST,,,1,Property Damage Only Collision,Rear Ended,3,0,0,2,2004/08/31 00:00:00+00,8/31/2004 8:48:00 PM,At Intersection (but not related to intersection),14,"MOTOR VEHICLE STRUCK MOTOR VEHICLE, REAR END",,0,Clear,Dry,Dark - Street Lights On,,4244014.0,,14,From same direction - both going straight - one stopped - rear-end,0,0,N
7459,1,-122.38611609999998,47.56108911,9287,23620,23620,1798415,Matched,Block,,SW ALASKA ST BETWEEN 42ND AVE SW AND CALIFORNIA AVE SW,,,1,Property Damage Only Collision,Right Turn,3,0,0,2,2004/12/08 00:00:00+00,12/8/2004,Mid-Block (but intersection related),11,"MOTOR VEHICLE STRUCK MOTOR VEHICLE, FRONT END AT ANGLE",,0,Raining,Wet,Daylight,,4343039.0,,16,From same direction - one right turn - one straight,0,0,N
7460,2,-122.33044440000002,47.62427541,9288,23071,23071,1777240,Matched,Intersection,29121.0,MERCER ST AND YALE AVE N,,,2,Injury Collision,Angles,3,0,0,2,2004/10/13 00:00:00+00,10/13/2004 10:00:00 AM,At Intersection (intersection related),11,"MOTOR VEHICLE STRUCK MOTOR VEHICLE, FRONT END AT ANGLE",,0,Clear,Dry,Daylight,,4287005.0,,10,Entering at angle,0,0,N
7461,1,-122.3872247,47.54397488,9289,22549,22549,1481215,Matched,Block,,CALIFORNIA AVE SW BETWEEN FAUNTLEROY WAY SW AND SW HOLLY ST,,,1,Property Damage Only Collision,Parked Car,2,0,0,2,2004/05/04 00:00:00+00,5/4/2004,Mid-Block (not related to intersection),11,"MOTOR VEHICLE STRUCK MOTOR VEHICLE, FRONT END AT ANGLE",,0,Clear,Dry,Daylight,,4125031.0,,32,One parked--one moving,0,0,N
7462,2,-122.31742340000002,47.66311774,9290,22097,22097,1793702,Matched,Intersection,25800.0,ROOSEVELT WAY NE AND NE 47TH ST,,,2,Injury Collision,Left Turn,3,0,0,3,2004/05/25 00:00:00+00,5/25/2004 8:05:00 PM,At Intersection (intersection related),11,"MOTOR VEHICLE STRUCK MOTOR VEHICLE, FRONT END AT ANGLE",,0,Raining,Wet,Dusk,,4146005.0,,28,From opposite direction - one left turn - one straight,0,0,N
7463,1,-122.27758159999999,47.636074799999996,9291,23392,23392,1773704,Matched,Block,,E MADISON ST BETWEEN E HOWE ST AND 43RD AVE E,,,1,Property Damage Only Collision,Rear Ended,2,0,0,2,2004/03/14 00:00:00+00,3/14/2004 7:15:00 PM,Mid-Block (not related to intersection),14,"MOTOR VEHICLE STRUCK MOTOR VEHICLE, REAR END",,0,Clear,Dry,Dark - Street Lights On,,4074005.0,,14,From same direction - both going straight - one stopped - rear-end,0,0,N
7464,1,-122.29920700000001,47.55609733,9292,22916,22916,1778991,Matched,Intersection,33232.0,26TH AVE S AND S DAWSON ST,,,1,Property Damage Only Collision,Angles,2,0,0,2,2004/02/24 00:00:00+00,2/24/2004 3:00:00 PM,At Intersection (intersection related),11,"MOTOR VEHICLE STRUCK MOTOR VEHICLE, FRONT END AT ANGLE",,0,Overcast,Dry,Daylight,,4055026.0,,10,Entering at angle,0,0,N
7465,1,-122.3855568,47.66867918,9293,23457,23457,1774650,Matched,Block,,NW MARKET ST BETWEEN LEARY AVE NW AND BALLARD AVE NW,,,1,Property Damage Only Collision,Sideswipe,2,0,0,2,2004/10/12 00:00:00+00,10/12/2004 11:58:00 AM,Mid-Block (not related to intersection),11,"MOTOR VEHICLE STRUCK MOTOR VEHICLE, FRONT END AT ANGLE",,0,Clear,Dry,Daylight,,4286013.0,,11,From same direction - both going straight - both moving - sideswipe,0,0,N
7466,1,-122.34183859999999,47.64839568,9294,22855,22855,1773591,Matched,Block,,N 34TH ST BETWEEN STONE WAY N AND N NORTHLAKE PL,,,1,Property Damage Only Collision,Parked Car,2,0,0,2,2004/06/16 00:00:00+00,6/16/2004 12:46:00 AM,Mid-Block (not related to intersection),14,"MOTOR VEHICLE STRUCK MOTOR VEHICLE, REAR END",,0,Clear,Dry,Unknown,,4168007.0,,32,One parked--one moving,0,0,N
7467,1,-122.29862,47.556082399999994,9295,23220,23220,1480912,Matched,Block,,S DAWSON ST BETWEEN 26TH AVE S AND 27TH AVE S,,,1,Property Damage Only Collision,Parked Car,2,0,0,2,2004/04/01 00:00:00+00,4/1/2004,Mid-Block (not related to intersection),11,"MOTOR VEHICLE STRUCK MOTOR VEHICLE, FRONT END AT ANGLE",Y,0,Clear,Dry,Daylight,,4092043.0,,32,One parked--one moving,0,0,N
7468,1,-122.3545108,47.64396247,9297,22845,22845,1213567,Matched,Block,,WARREN AVE N BETWEEN RAYE ST AND NEWELL ST,,,1,Property Damage Only Collision,Parked Car,2,0,0,2,2004/07/24 00:00:00+00,7/24/2004 10:00:00 PM,Mid-Block (not related to intersection),16,"MOTOR VEHICLE STRUCK MOTOR VEHICLE, LEFT SIDE SIDESWIPE",,0,Unknown,Unknown,Unknown,,4206031.0,,32,One parked--one moving,0,0,N
7469,1,,,9298,22130,22130,1069627,Matched,Block,,BATTERY ST TUNNEL NB BETWEEN ALASKAN WY VI NB AND AURORA AVE N,,,1,Property Damage Only Collision,Other,1,0,0,1,2004/12/04 00:00:00+00,12/4/2004,Mid-Block (not related to intersection),26,MOTOR VEHICLE STRUCK OBJECT IN ROAD,,0,Raining,Wet,Dark - Street Lights On,,4339006.0,Y,50,Fixed object,0,0,N
7470,1,-122.35640659999999,47.52918161,9299,22798,22798,1781117,Matched,Block,,17TH AVE SW BETWEEN SW ELMGROVE ST AND SW THISTLE ST,,,1,Property Damage Only Collision,Parked Car,2,0,0,2,2004/10/18 00:00:00+00,10/18/2004 6:45:00 PM,Mid-Block (not related to intersection),11,"MOTOR VEHICLE STRUCK MOTOR VEHICLE, FRONT END AT ANGLE",Y,0,Overcast,Wet,Dark - Street Lights On,,4292021.0,,32,One parked--one moving,0,0,N
7471,1,-122.37534840000002,47.52285989,9302,23240,23240,1781457,Matched,Intersection,34940.0,34TH AVE SW AND SW HENDERSON ST,,,1,Property Damage Only Collision,Angles,2,0,0,2,2004/02/06 00:00:00+00,2/6/2004,At Intersection (intersection related),11,"MOTOR VEHICLE STRUCK MOTOR VEHICLE, FRONT END AT ANGLE",,0,Raining,Wet,Daylight,,4037035.0,,10,Entering at angle,0,0,N
7472,1,-122.3422045,47.61493269,9303,23442,23442,1777187,Matched,Block,,BLANCHARD ST BETWEEN 4TH AVE AND 5TH AVE,,,1,Property Damage Only Collision,Other,1,0,0,1,2004/08/27 00:00:00+00,8/27/2004 5:28:00 PM,Mid-Block (but intersection related),28,MOTOR VEHICLE RAN OFF ROAD - HIT FIXED OBJECT,Y,0,Clear,Dry,Daylight,,4240028.0,,50,Fixed object,0,0,N
7473,1,-122.3345497,47.64687004,9304,22005,22005,1316786,Matched,Block,,N NORTHLAKE WAY BETWEEN BURKE AVE N AND MERIDIAN AVE N,,,1,Property Damage Only Collision,Other,3,0,0,2,2004/06/26 00:00:00+00,6/26/2004 12:01:00 AM,Driveway Junction,11,"MOTOR VEHICLE STRUCK MOTOR VEHICLE, FRONT END AT ANGLE",,0,Clear,Dry,Dark - Street Lights On,,4178043.0,,22,One car leaving driveway access,0,0,N
7474,1,-122.28407920000001,47.63168184,9305,23502,23502,1772255,Matched,Intersection,29412.0,38TH AVE E AND E MADISON ST,,,1,Property Damage Only Collision,Angles,2,0,0,2,2004/04/17 00:00:00+00,4/17/2004 2:28:00 AM,At Intersection (intersection related),11,"MOTOR VEHICLE STRUCK MOTOR VEHICLE, FRONT END AT ANGLE",Y,0,Clear,Dry,Dark - Street Lights On,,4108032.0,,10,Entering at angle,0,0,N
7475,1,-122.32405490000001,47.64202972,9306,22751,22751,1790031,Matched,Block,,E LOUISA ST BETWEEN FRANKLIN AVE E AND BOYLSTON AVE E,,,1,Property Damage Only Collision,Parked Car,2,0,0,2,2004/03/01 00:00:00+00,3/1/2004,Driveway Junction,12,"MOTOR VEHICLE STRUCK MOTOR VEHICLE, RIGHT SIDE AT ANGLE",,0,Clear,Dry,Daylight,,4061005.0,,32,One parked--one moving,0,0,N
7476,1,-122.3768483,47.58027534,9307,22568,22568,1798152,Matched,Block,,SW OLGA ST BETWEEN SW ADMIRAL WAY AND 36TH AVE SW,,,1,Property Damage Only Collision,Other,2,0,0,2,2004/06/06 00:00:00+00,6/6/2004,Mid-Block (but intersection related),11,"MOTOR VEHICLE STRUCK MOTOR VEHICLE, FRONT END AT ANGLE",,0,Overcast,Wet,Daylight,,4158005.0,,23,From same direction - all others,0,0,N
7477,1,-122.33319850000001,47.60892641,9308,22271,22271,1777501,Matched,Block,,UNIVERSITY ST BETWEEN 5TH AVE AND 6TH AVE,,,1,Property Damage Only Collision,Parked Car,2,0,0,2,2004/02/11 00:00:00+00,2/11/2004 4:39:00 PM,Mid-Block (not related to intersection),26,MOTOR VEHICLE STRUCK OBJECT IN ROAD,Y,1,Clear,Dry,Daylight,,4042017.0,,32,One parked--one moving,0,0,N
7478,1,-122.2790268,47.63509838,9309,23335,23335,1216643,Matched,Block,,E MADISON ST BETWEEN 41ST E AVE E AND 42ND AVE E,,,1,Property Damage Only Collision,Parked Car,2,0,0,2,2004/08/27 00:00:00+00,8/27/2004 3:33:00 AM,Mid-Block (not related to intersection),11,"MOTOR VEHICLE STRUCK MOTOR VEHICLE, FRONT END AT ANGLE",,0,Clear,Dry,Dark - Street Lights Off,,4240022.0,,32,One parked--one moving,0,0,N
7479,2,-122.3342131,47.55886543,9310,23307,23307,1798447,Matched,Block,,1ST AVE S BETWEEN 1ST AV S VI AND S HUDSON ST,,,2,Injury Collision,Rear Ended,3,0,0,2,2004/09/03 00:00:00+00,9/3/2004,Mid-Block (not related to intersection),14,"MOTOR VEHICLE STRUCK MOTOR VEHICLE, REAR END",Y,0,Clear,Dry,Daylight,,4247020.0,,14,From same direction - both going straight - one stopped - rear-end,0,0,N
7480,1,-122.2927852,47.56007559,9312,23218,23218,1477139,Matched,Block,,M L KING JR ER WAY S BETWEEN S ALASKA ST AND S ANGELINE ST,,,1,Property Damage Only Collision,Rear Ended,4,0,0,2,2004/06/10 00:00:00+00,6/10/2004 10:45:00 AM,Mid-Block (but intersection related),14,"MOTOR VEHICLE STRUCK MOTOR VEHICLE, REAR END",Y,0,Overcast,Wet,Daylight,,4162032.0,,14,From same direction - both going straight - one stopped - rear-end,0,0,N
7481,1,-122.32615659999999,47.54408413,9313,22615,22615,1798439,Matched,Intersection,34226.0,6TH AVE S AND S RIVER ST,,,1,Property Damage Only Collision,Angles,3,0,0,2,2004/07/10 00:00:00+00,7/10/2004 12:48:00 PM,At Intersection (intersection related),11,"MOTOR VEHICLE STRUCK MOTOR VEHICLE, FRONT END AT ANGLE",,0,Clear,Dry,Daylight,,4192017.0,,10,Entering at angle,0,0,N
7482,1,-122.3339088,47.61137436,9314,23290,23290,1482683,Matched,Block,,PIKE ST BETWEEN 6TH AVE AND 7TH AVE,,,1,Property Damage Only Collision,Sideswipe,4,0,0,2,2004/06/26 00:00:00+00,6/26/2004 11:03:00 AM,Driveway Junction,16,"MOTOR VEHICLE STRUCK MOTOR VEHICLE, LEFT SIDE SIDESWIPE",,0,Clear,Dry,Daylight,,4178024.0,,11,From same direction - both going straight - both moving - sideswipe,0,0,N
7483,1,-122.3567092,47.62458297,9316,22946,22946,1321795,Matched,Intersection,28632.0,MERCER ST AND QUEEN ANNE AVE N,,,1,Property Damage Only Collision,Left Turn,3,0,0,2,2004/08/25 00:00:00+00,8/25/2004 10:23:00 PM,At Intersection (intersection related),11,"MOTOR VEHICLE STRUCK MOTOR VEHICLE, FRONT END AT ANGLE",,0,Raining,Wet,Dark - Street Lights On,,4238032.0,,15,From same direction - one left turn - one straight,0,0,N
7484,1,-122.28834409999999,47.60735209,9317,22670,22670,1789532,Matched,Block,,35TH AVE BETWEEN E JAMES ST AND E CHERRY ST,,,1,Property Damage Only Collision,Parked Car,2,0,0,2,2004/04/07 00:00:00+00,4/7/2004,Mid-Block (not related to intersection),15,"MOTOR VEHICLE STRUCK MOTOR VEHICLE, RIGHT SIDE SIDESWIPE",,0,Clear,Dry,Daylight,,4098025.0,,32,One parked--one moving,0,0,N
7485,1,-122.30681499999999,47.615272999999995,9318,22253,22253,867597,Matched,Block,,E PINE ST BETWEEN 19TH AVE AND 20TH AVE,,,1,Property Damage Only Collision,Parked Car,0,0,0,2,2004/05/20 00:00:00+00,5/20/2004 3:23:00 PM,Mid-Block (not related to intersection),14,"MOTOR VEHICLE STRUCK MOTOR VEHICLE, REAR END",Y,0,Clear,Dry,Daylight,,4141015.0,,32,One parked--one moving,0,0,N
7486,2,-122.3175527,47.68673213,9319,22778,22778,1794280,Matched,Intersection,24395.0,ROOSEVELT WAY NE AND NE 80TH ST,,,2,Injury Collision,Left Turn,5,0,0,2,2004/05/29 00:00:00+00,5/29/2004 8:13:00 PM,At Intersection (intersection related),11,"MOTOR VEHICLE STRUCK MOTOR VEHICLE, FRONT END AT ANGLE",Y,0,Overcast,Wet,Dusk,,4150011.0,,28,From opposite direction - one left turn - one straight,0,0,N
7487,1,-122.3000038,47.53944267,9320,23150,23150,1788064,Matched,Block,,SWIFT AVE S BETWEEN COVELLO W DR S AND COVELLO E DR S,,,1,Property Damage Only Collision,Other,1,0,0,1,2004/01/02 00:00:00+00,1/2/2004,Mid-Block (not related to intersection),28,MOTOR VEHICLE RAN OFF ROAD - HIT FIXED OBJECT,,0,Clear,Ice,Daylight,,4002002.0,Y,50,Fixed object,0,0,N
7488,2,-122.35931470000001,47.69061787,9321,22148,22148,1779990,Matched,Block,,NW 85TH ST BETWEEN 1ST AVE NW AND 3RD AVE NW,,,2,Injury Collision,Cycles,1,0,1,0,2004/09/18 00:00:00+00,9/18/2004 4:46:00 PM,Mid-Block (but intersection related),66,PEDALCYCLIST STRUCK OBJECT IN ROAD,,0,Raining,Wet,Daylight,,4262012.0,,45,Vehicle - Pedalcyclist,0,0,N
7489,1,-122.28644140000002,47.67578499,9322,23501,23501,1931082,Matched,Block,,NE 65TH ST BETWEEN 38TH AVE NE AND 39TH AVE NE,,,1,Property Damage Only Collision,Other,2,0,0,1,2004/12/05 00:00:00+00,12/5/2004,Mid-Block (not related to intersection),28,MOTOR VEHICLE RAN OFF ROAD - HIT FIXED OBJECT,,0,Raining,Wet,Dark - Street Lights Off,,4340002.0,Y,50,Fixed object,0,0,N
7490,1,,,9323,22744,22744,1777472,Matched,Block,,ALASKAN WY VI NB BETWEEN S ROYAL BROUGHAM WAY ON RP AND SENECA ST OFF RP,,,1,Property Damage Only Collision,Sideswipe,2,0,0,2,2004/03/17 00:00:00+00,3/17/2004 8:05:00 AM,Mid-Block (not related to intersection),11,"MOTOR VEHICLE STRUCK MOTOR VEHICLE, FRONT END AT ANGLE",,0,Raining,Wet,Daylight,,4077008.0,,11,From same direction - both going straight - both moving - sideswipe,0,0,N
7491,1,-122.3254643,47.60969373,9325,22117,22117,1772273,Matched,Block,,BOREN AVE BETWEEN MADISON ST AND SPRING ST,,,1,Property Damage Only Collision,Sideswipe,4,0,0,2,2004/07/01 00:00:00+00,7/1/2004,Mid-Block (not related to intersection),11,"MOTOR VEHICLE STRUCK MOTOR VEHICLE, FRONT END AT ANGLE",,0,Clear,Dry,Daylight,,4183022.0,,11,From same direction - both going straight - both moving - sideswipe,0,0,N
7492,2,-122.3449368,47.71957221,9326,23338,23338,1775593,Matched,Intersection,35847.0,AURORA AVE N AND N 125TH ST,,,2,Injury Collision,Angles,2,0,0,2,2004/02/02 00:00:00+00,2/2/2004,At Intersection (intersection related),11,"MOTOR VEHICLE STRUCK MOTOR VEHICLE, FRONT END AT ANGLE",,0,Overcast,Dry,Dark - Street Lights On,,4033024.0,,10,Entering at angle,0,0,N
7493,1,-122.3178021,47.65751422,9327,23039,23039,1782386,Matched,Intersection,27093.0,ROOSEVELT WAY NE AND NE 42ND S ST,,,1,Property Damage Only Collision,Left Turn,3,0,0,2,2004/05/26 00:00:00+00,5/26/2004 8:40:00 AM,At Intersection (intersection related),11,"MOTOR VEHICLE STRUCK MOTOR VEHICLE, FRONT END AT ANGLE",,0,Raining,Wet,Daylight,,4147036.0,,15,From same direction - one left turn - one straight,0,0,N
7494,1,-122.35866659999999,47.62458989,9329,23022,23022,1482255,Matched,Block,,W MERCER ST BETWEEN 1ST AVE W AND 2ND AVE W,,,1,Property Damage Only Collision,Parked Car,2,0,0,2,2004/02/26 00:00:00+00,2/26/2004 3:54:00 PM,Mid-Block (not related to intersection),14,"MOTOR VEHICLE STRUCK MOTOR VEHICLE, REAR END",Y,0,Raining,Wet,Daylight,,4057012.0,,32,One parked--one moving,0,0,N
7495,2,-122.2968504,47.62302952,9330,23524,23524,1198438,Matched,Block,,E MADISON ST BETWEEN 27TH N AVE E AND M L KING JR WAY E,,,2,Injury Collision,Rear Ended,5,0,0,2,2004/11/27 00:00:00+00,11/27/2004 1:39:00 PM,Mid-Block (but intersection related),14,"MOTOR VEHICLE STRUCK MOTOR VEHICLE, REAR END",Y,1,Overcast,Dry,Daylight,,4332028.0,,14,From same direction - both going straight - one stopped - rear-end,0,0,N
7496,1,-122.3543582,47.67688419,9331,21995,21995,1774029,Matched,Block,,PHINNEY AVE N BETWEEN N 65TH ST AND N 67TH S ST,,,1,Property Damage Only Collision,Parked Car,3,0,0,3,2004/02/29 00:00:00+00,2/29/2004 12:56:00 AM,Mid-Block (not related to intersection),13,"MOTOR VEHICLE STRUCK MOTOR VEHICLE, LEFT SIDE AT ANGLE",,1,Clear,Dry,Dark - Street Lights On,,4060030.0,Y,32,One parked--one moving,0,0,N
7497,1,-122.32559640000001,47.54639802,9332,22736,22736,1774989,Matched,Block,,S MICHIGAN ST BETWEEN 6TH AVE S AND 7TH AVE S,,,1,Property Damage Only Collision,Sideswipe,2,0,0,2,2004/09/13 00:00:00+00,9/13/2004 6:30:00 PM,Driveway Junction,16,"MOTOR VEHICLE STRUCK MOTOR VEHICLE, LEFT SIDE SIDESWIPE",,0,Clear,Dry,Daylight,,4257033.0,,11,From same direction - both going straight - both moving - sideswipe,0,0,N
7498,1,-122.3452084,47.62445238,9334,22262,22262,566048,Matched,Block,,MERCER ST BETWEEN TAYLOR AVE N AND 6TH AVE N,,,1,Property Damage Only Collision,Right Turn,0,0,0,2,2004/07/23 00:00:00+00,7/23/2004 11:11:00 AM,Mid-Block (but intersection related),16,"MOTOR VEHICLE STRUCK MOTOR VEHICLE, LEFT SIDE SIDESWIPE",,0,Clear,Dry,Daylight,,4205011.0,,16,From same direction - one right turn - one straight,0,0,N