,SEVERITYCODE,X,Y,OBJECTID,INCKEY,COLDETKEY,REPORTNO,STATUS,ADDRTYPE,INTKEY,LOCATION,EXCEPTRSNCODE,EXCEPTRSNDESC,SEVERITYCODE.1,SEVERITYDESC,COLLISIONTYPE,PERSONCOUNT,PEDCOUNT,PEDCYLCOUNT,VEHCOUNT,INCDATE,INCDTTM,JUNCTIONTYPE,SDOT_COLCODE,SDOT_COLDESC,INATTENTIONIND,UNDERINFL,WEATHER,ROADCOND,LIGHTCOND,PEDROWNOTGRNT,SDOTCOLNUM,SPEEDING,ST_COLCODE,ST_COLDESC,SEGLANEKEY,CROSSWALKKEY,HITPARKEDCAR
7499,1,-122.3341832,47.60046507,9335,22762,22762,1777675,Matched,Block,,1ST AVE S BETWEEN S WASHINGTON ST AND S MAIN ST,,,1,Property Damage Only Collision,Rear Ended,2,0,0,2,2004/04/16 00:00:00+00,4/16/2004 5:53:00 PM,Mid-Block (not related to intersection),14,"MOTOR VEHICLE STRUCK MOTOR VEHICLE, REAR END",,0,Clear,Dry,Daylight,,4107021.0,,14,From same direction - both going straight - one stopped - rear-end,0,0,N
7500,1,-122.32031470000001,47.60923983,9336,22643,22643,1788095,Matched,Block,,E COLUMBIA ST BETWEEN BROADWAY AND DEAD END 1,,,1,Property Damage Only Collision,Parked Car,2,0,0,2,2004/10/08 00:00:00+00,10/8/2004,Mid-Block (not related to intersection),14,"MOTOR VEHICLE STRUCK MOTOR VEHICLE, REAR END",,0,Raining,Wet,Daylight,,4282066.0,,32,One parked--one moving,0,0,N
7501,1,-122.2802304,47.71410904,9337,23463,23463,1773691,Matched,Block,,EXETER AVE NE BETWEEN DEAD END 2 AND DURLAND AVE NE,,,1,Property Damage Only Collision,Parked Car,2,0,0,2,2004/09/20 00:00:00+00,9/20/2004 5:00:00 PM,Mid-Block (not related to intersection),16,"MOTOR VEHICLE STRUCK MOTOR VEHICLE, LEFT SIDE SIDESWIPE",,0,Clear,Dry,Daylight,,4264013.0,,32,One parked--one moving,0,0,N
7502,2,-122.3373936,47.61266535,9340,23583,23583,1200944,Matched,Intersection,29567.0,5TH AVE AND OLIVE WAY,,,2,Injury Collision,Left Turn,3,0,0,2,2004/07/19 00:00:00+00,7/19/2004 9:35:00 AM,At Intersection (intersection related),11,"MOTOR VEHICLE STRUCK MOTOR VEHICLE, FRONT END AT ANGLE",,0,Clear,Dry,Daylight,,4201022.0,,15,From same direction - one left turn - one straight,0,0,N
7503,1,-122.3344372,47.66503562,9341,23348,23348,1780540,Matched,Block,,N 50TH ST BETWEEN BURKE AVE N AND MERIDIAN AVE N,,,1,Property Damage Only Collision,Parked Car,2,0,0,2,2004/03/28 00:00:00+00,3/28/2004 6:31:00 AM,Mid-Block (not related to intersection),14,"MOTOR VEHICLE STRUCK MOTOR VEHICLE, REAR END",Y,0,Clear,Dry,Daylight,,4088024.0,,32,One parked--one moving,0,0,N
7504,1,-122.3153459,47.68153242,9342,23069,23069,1220478,Matched,Intersection,24449.0,12TH AVE NE AND NE 73RD ST,,,1,Property Damage Only Collision,Sideswipe,2,0,0,2,2004/08/10 00:00:00+00,8/10/2004 1:35:00 PM,At Intersection (intersection related),16,"MOTOR VEHICLE STRUCK MOTOR VEHICLE, LEFT SIDE SIDESWIPE",,0,Clear,Dry,Daylight,,4223014.0,,11,From same direction - both going straight - both moving - sideswipe,0,0,N
7505,1,-122.29859170000002,47.64242236,9343,22684,22684,1217193,Matched,Block,,LAKE WASHINGTON BLVD E BETWEEN E MILLER ST AND E ROANOKE ST,,,1,Property Damage Only Collision,Rear Ended,3,0,0,2,2004/08/15 00:00:00+00,8/15/2004 1:17:00 PM,Mid-Block (but intersection related),14,"MOTOR VEHICLE STRUCK MOTOR VEHICLE, REAR END",,0,Clear,Dry,Daylight,,4228032.0,,13,From same direction - both going straight - both moving - rear-end,0,0,N
7506,1,-122.33055890000001,47.61684047,9344,22101,22101,1059878,Matched,Intersection,29850.0,HOWELL ST AND MINOR AVE,,,1,Property Damage Only Collision,Angles,3,0,0,2,2004/11/27 00:00:00+00,11/27/2004 11:33:00 PM,At Intersection (intersection related),11,"MOTOR VEHICLE STRUCK MOTOR VEHICLE, FRONT END AT ANGLE",,0,Clear,Dry,Dark - Street Lights On,,4332016.0,,10,Entering at angle,0,0,N
7507,1,-122.28173659999999,47.53796439,9345,23387,23387,1771400,Matched,Block,,M L KING JR WR WAY S BETWEEN S MYRTLE ST AND S OTHELLO ST,,,1,Property Damage Only Collision,Other,7,0,0,2,2004/09/18 00:00:00+00,9/18/2004 1:30:00 PM,Driveway Junction,11,"MOTOR VEHICLE STRUCK MOTOR VEHICLE, FRONT END AT ANGLE",,0,Overcast,Wet,Daylight,,4262010.0,,22,One car leaving driveway access,0,0,N
7508,1,-122.3444517,47.61802169,9346,22776,22776,1482803,Matched,Intersection,29518.0,6TH AVE AND WALL ST,,,1,Property Damage Only Collision,Angles,3,0,0,2,2004/09/06 00:00:00+00,9/6/2004,At Intersection (intersection related),11,"MOTOR VEHICLE STRUCK MOTOR VEHICLE, FRONT END AT ANGLE",,0,Clear,Dry,Dark - Street Lights On,,4250017.0,,10,Entering at angle,0,0,N
7509,1,-122.3155393,47.61469152,9347,23153,23153,1789492,Matched,Block,,13TH AVE BETWEEN E PIKE ST AND E PINE ST,,,1,Property Damage Only Collision,Parked Car,2,0,0,2,2004/01/03 00:00:00+00,1/3/2004,Mid-Block (not related to intersection),14,"MOTOR VEHICLE STRUCK MOTOR VEHICLE, REAR END",,0,Clear,Dry,Dark - Street Lights On,,4003001.0,,32,One parked--one moving,0,0,N
7510,1,-122.3511658,47.52100657,9348,22713,22713,1781382,Matched,Block,,SW BARTON ST BETWEEN 12TH AVE SW AND 13TH AVE SW,,,1,Property Damage Only Collision,Other,1,0,0,1,2004/07/03 00:00:00+00,7/3/2004,Mid-Block (not related to intersection),28,MOTOR VEHICLE RAN OFF ROAD - HIT FIXED OBJECT,,0,Clear,Dry,Dark - Street Lights On,,4185006.0,Y,50,Fixed object,0,0,N
7511,2,-122.3767929,47.68687813,9349,23363,23363,1782380,Matched,Intersection,23882.0,15TH AVE NW AND NW 80TH ST,,,2,Injury Collision,Angles,2,0,0,2,2004/04/21 00:00:00+00,4/21/2004 9:44:00 AM,At Intersection (intersection related),11,"MOTOR VEHICLE STRUCK MOTOR VEHICLE, FRONT END AT ANGLE",,0,Clear,Dry,Daylight,,4112023.0,,10,Entering at angle,0,0,N
7512,2,-122.32080790000002,47.61581795,9350,22758,22758,C649423,Matched,Block,,BROADWAY BETWEEN E PINE ST AND XW E OLIVE ST,,,2,Injury Collision,Rear Ended,2,0,0,2,2004/10/31 00:00:00+00,10/31/2004 7:05:00 PM,Mid-Block (but intersection related),14,"MOTOR VEHICLE STRUCK MOTOR VEHICLE, REAR END",,0,Unknown,Unknown,Unknown,,4305037.0,,14,From same direction - both going straight - one stopped - rear-end,0,0,N
7513,2,-122.3553277,47.67600193,9351,22836,22836,1794579,Matched,Intersection,24362.0,GREENWOOD AVE N AND N 65TH ST,,,2,Injury Collision,Angles,4,0,0,2,2004/09/29 00:00:00+00,9/29/2004 12:22:00 PM,At Intersection (intersection related),11,"MOTOR VEHICLE STRUCK MOTOR VEHICLE, FRONT END AT ANGLE",,0,Clear,Dry,Daylight,,4273006.0,,10,Entering at angle,0,0,N
7514,2,-122.31988090000002,47.62481686,9352,21987,21987,1772046,Matched,Block,,10TH AVE E BETWEEN E MERCER ST AND E ROY E ST,,,2,Injury Collision,Other,2,0,0,2,2004/04/13 00:00:00+00,4/13/2004 8:45:00 PM,Driveway Junction,11,"MOTOR VEHICLE STRUCK MOTOR VEHICLE, FRONT END AT ANGLE",,0,Overcast,Dry,Dark - Street Lights On,,4104002.0,,22,One car leaving driveway access,0,0,N
7515,1,-122.282835,47.66488955,9354,23044,23044,1780039,Matched,Intersection,26239.0,SAND POINT WAY NE AND NE 50TH ST,,,1,Property Damage Only Collision,Angles,2,0,0,2,2004/02/11 00:00:00+00,2/11/2004 9:15:00 PM,At Intersection (intersection related),11,"MOTOR VEHICLE STRUCK MOTOR VEHICLE, FRONT END AT ANGLE",,0,Clear,Dry,Dark - Street Lights On,,4042039.0,,10,Entering at angle,0,0,N
7516,1,-122.3286131,47.7077206,9355,23021,23021,1072719,Matched,Block,,1ST AVE NE BETWEEN I5 NB 1ST AV NE OFF RP AND NE NORTHGATE WAY,,,1,Property Damage Only Collision,Rear Ended,3,0,0,2,2004/06/14 00:00:00+00,6/14/2004 6:39:00 PM,Mid-Block (but intersection related),14,"MOTOR VEHICLE STRUCK MOTOR VEHICLE, REAR END",Y,0,Clear,Dry,Daylight,,4166014.0,,14,From same direction - both going straight - one stopped - rear-end,0,0,N
7517,2,-122.32847079999999,47.60794453,9356,23522,23522,1198233,Matched,Intersection,29936.0,8TH AVE AND MADISON ST,,,2,Injury Collision,Angles,3,0,0,2,2004/10/23 00:00:00+00,10/23/2004 1:07:00 PM,At Intersection (intersection related),11,"MOTOR VEHICLE STRUCK MOTOR VEHICLE, FRONT END AT ANGLE",,0,Clear,Dry,Daylight,,4297032.0,,10,Entering at angle,0,0,N
7518,1,-122.3567002,47.62601546,9357,23145,23145,531042,Matched,Block,,QUEEN ANNE AVE N BETWEEN W ROY ST AND VALLEY ST,,,1,Property Damage Only Collision,Head On,3,0,0,2,2004/10/17 00:00:00+00,10/17/2004 12:50:00 AM,Mid-Block (but intersection related),11,"MOTOR VEHICLE STRUCK MOTOR VEHICLE, FRONT END AT ANGLE",,0,Raining,Wet,Dark - Street Lights On,,4291002.0,Y,30,From opposite direction - all others,0,0,N
7519,2,-122.32296090000001,47.6875065,9358,22140,22140,1794840,Matched,Intersection,24391.0,5TH AVE NE AND NE 81ST ST,,,2,Injury Collision,Angles,5,0,0,2,2004/12/03 00:00:00+00,12/3/2004,At Intersection (intersection related),11,"MOTOR VEHICLE STRUCK MOTOR VEHICLE, FRONT END AT ANGLE",,0,Clear,Dry,Daylight,,4338022.0,,10,Entering at angle,0,0,N
7520,2,-122.29948870000001,47.54267392,9359,23355,23355,1788067,Matched,Intersection,34307.0,BEACON WR AVE S AND S HOLLY S ST,,,2,Injury Collision,Left Turn,3,0,0,3,2004/02/10 00:00:00+00,2/10/2004 10:35:00 AM,At Intersection (intersection related),14,"MOTOR VEHICLE STRUCK MOTOR VEHICLE, REAR END",,0,Clear,Dry,Daylight,,4041010.0,,15,From same direction - one left turn - one straight,0,0,N
7521,1,-122.3423537,47.62446537,9360,22607,22607,1783732,Matched,Intersection,28767.0,DEXTER AVE N AND MERCER ST,,,1,Property Damage Only Collision,Angles,2,0,0,2,2004/08/22 00:00:00+00,8/22/2004 11:49:00 AM,At Intersection (intersection related),11,"MOTOR VEHICLE STRUCK MOTOR VEHICLE, FRONT END AT ANGLE",,0,Other,Wet,Daylight,,4235034.0,,10,Entering at angle,0,0,N
7522,2,-122.26957809999999,47.52922384,9361,22972,22972,1779332,Matched,Block,,WABASH AVE S BETWEEN S ROSE ST AND S ROSE S ST,,,2,Injury Collision,Other,1,0,0,1,2004/05/26 00:00:00+00,5/26/2004 12:24:00 PM,Mid-Block (but intersection related),28,MOTOR VEHICLE RAN OFF ROAD - HIT FIXED OBJECT,,0,Raining,Wet,Daylight,,4147008.0,,50,Fixed object,0,0,N
7523,2,-122.27926540000001,47.52611404,9362,22118,22118,1779662,Matched,Intersection,35255.0,M L KING JR WR WAY S AND S CLOVERDALE ST,,,2,Injury Collision,Left Turn,4,0,0,2,2004/03/26 00:00:00+00,3/26/2004 5:00:00 PM,At Intersection (intersection related),11,"MOTOR VEHICLE STRUCK MOTOR VEHICLE, FRONT END AT ANGLE",,0,Raining,Wet,Daylight,,4086031.0,,28,From opposite direction - one left turn - one straight,0,0,N
7524,2,-122.3187959,47.61408978,9363,23187,23187,1327650,Matched,Block,,E PIKE ST BETWEEN 10TH AVE AND 11TH AVE,,,2,Injury Collision,Parked Car,3,0,0,2,2004/01/07 00:00:00+00,1/7/2004,Mid-Block (not related to intersection),11,"MOTOR VEHICLE STRUCK MOTOR VEHICLE, FRONT END AT ANGLE",,0,Clear,Dry,Dusk,,4007003.0,,32,One parked--one moving,0,0,N
7525,2,-122.33848459999999,47.61853427,9365,23172,23172,1777086,Matched,Intersection,29510.0,DENNY WAY AND WESTLAKE AVE,,,2,Injury Collision,Angles,2,0,0,2,2004/10/07 00:00:00+00,10/7/2004,At Intersection (intersection related),11,"MOTOR VEHICLE STRUCK MOTOR VEHICLE, FRONT END AT ANGLE",,0,Clear,Dry,Daylight,,4281013.0,,10,Entering at angle,0,0,N
7526,1,-122.38453059999999,47.58118097,9366,22865,22865,1785587,Matched,Block,,SW ADMIRAL WAY BETWEEN 41ST AVE SW AND 42ND AVE SW,,,1,Property Damage Only Collision,Other,4,0,0,2,2004/03/15 00:00:00+00,3/15/2004 3:32:00 PM,Driveway Junction,11,"MOTOR VEHICLE STRUCK MOTOR VEHICLE, FRONT END AT ANGLE",Y,0,Clear,Dry,Daylight,,4075020.0,,21,One car entering driveway access,0,0,N
7527,1,-122.2887707,47.57609029,9367,23511,23511,1786513,Matched,Block,,35TH AVE S BETWEEN S MOUNT BAKER EB BV AND S HANFORD ST,,,1,Property Damage Only Collision,Parked Car,2,0,0,2,2004/01/14 00:00:00+00,1/14/2004 3:00:00 PM,Mid-Block (not related to intersection),11,"MOTOR VEHICLE STRUCK MOTOR VEHICLE, FRONT END AT ANGLE",,0,Unknown,Unknown,Unknown,,4014063.0,,32,One parked--one moving,0,0,N
7528,1,-122.37010420000001,47.54143442,9369,23058,23058,1197830,Matched,Block,,SYLVAN WAY SW BETWEEN HIGH POINT DR SW AND SW SYLVAN HEIGHTS DR,,,1,Property Damage Only Collision,Other,1,0,0,1,2004/12/01 00:00:00+00,12/1/2004,Mid-Block (not related to intersection),28,MOTOR VEHICLE RAN OFF ROAD - HIT FIXED OBJECT,,0,Overcast,Wet,Dark - Street Lights On,,4336005.0,Y,50,Fixed object,0,0,N
7529,1,-122.3153176,47.59833442,9370,22553,22553,1772384,Matched,Block,,S KING ST BETWEEN 12TH AVE S AND RAINIER AVE S,,,1,Property Damage Only Collision,Other,2,0,0,2,2004/05/02 00:00:00+00,5/2/2004,Driveway Junction,11,"MOTOR VEHICLE STRUCK MOTOR VEHICLE, FRONT END AT ANGLE",,0,Clear,Dry,Daylight,,4123007.0,,22,One car leaving driveway access,0,0,N
7530,1,-122.38743329999998,47.65031965,9373,22924,22924,1777961,Matched,Intersection,26469.0,24TH AVE W AND W BERTONA ST,,,1,Property Damage Only Collision,Angles,2,0,0,2,2004/04/07 00:00:00+00,4/7/2004,At Intersection (intersection related),11,"MOTOR VEHICLE STRUCK MOTOR VEHICLE, FRONT END AT ANGLE",,0,Clear,Dry,Daylight,,4098010.0,,10,Entering at angle,0,0,N
7531,1,-122.27374109999998,47.54381502,9374,23168,23168,1325967,Matched,Block,,RAINIER AVE S BETWEEN S MORGAN ST AND S WARSAW ST,,,1,Property Damage Only Collision,Parked Car,2,0,0,2,2004/05/17 00:00:00+00,5/17/2004 1:00:00 AM,Mid-Block (not related to intersection),16,"MOTOR VEHICLE STRUCK MOTOR VEHICLE, LEFT SIDE SIDESWIPE",Y,1,Clear,Dry,Dark - Street Lights On,,4138036.0,,32,One parked--one moving,0,0,N
7532,2,-122.34732549999998,47.65602477,9376,23367,23367,1781074,Matched,Block,,AURORA AVE N BETWEEN N 40TH ST AND N 41ST ST,,,2,Injury Collision,Parked Car,2,0,0,2,2004/12/15 00:00:00+00,12/15/2004 7:25:00 PM,Mid-Block (not related to intersection),16,"MOTOR VEHICLE STRUCK MOTOR VEHICLE, LEFT SIDE SIDESWIPE",Y,0,Overcast,Wet,Dark - Street Lights On,,4350013.0,,32,One parked--one moving,0,0,N
7533,1,-122.3458631,47.61299081,9377,22791,22791,1783183,Matched,Block,,1ST AVE BETWEEN BLANCHARD ST AND BELL ST,,,1,Property Damage Only Collision,Parked Car,2,0,0,2,2004/06/18 00:00:00+00,6/18/2004 11:35:00 PM,Mid-Block (not related to intersection),16,"MOTOR VEHICLE STRUCK MOTOR VEHICLE, LEFT SIDE SIDESWIPE",,1,Clear,Dry,Dark - Street Lights On,,4170039.0,,32,One parked--one moving,0,0,N
7534,2,-122.34483429999999,47.71354798,9378,23330,23330,1204779,Matched,Block,,AURORA AVE N BETWEEN N 115TH ST AND N 117TH PL,,,2,Injury Collision,Other,3,0,0,3,2004/07/11 00:00:00+00,7/11/2004 2:09:00 PM,Mid-Block (not related to intersection),26,MOTOR VEHICLE STRUCK OBJECT IN ROAD,,0,Clear,Dry,Daylight,,4193005.0,Y,50,Fixed object,0,0,N
7535,1,-122.269392,47.53158344,9379,22587,22587,1786553,Matched,Block,,S KENYON ST BETWEEN RAINIER AVE S AND WOLCOTT AVE S,,,1,Property Damage Only Collision,Other,1,0,0,1,2004/01/11 00:00:00+00,1/11/2004 6:16:00 PM,Mid-Block (but intersection related),28,MOTOR VEHICLE RAN OFF ROAD - HIT FIXED OBJECT,Y,0,Overcast,Wet,Dark - Street Lights On,,4011011.0,,50,Fixed object,0,0,N
7536,1,-122.31496070000001,47.5234685,9381,22436,22436,1775400,Matched,Block,,14TH AVE S BETWEEN S CONCORD ST AND S HENDERSON ST,,,1,Property Damage Only Collision,Sideswipe,2,0,0,2,2004/07/01 00:00:00+00,7/1/2004,Mid-Block (not related to intersection),16,"MOTOR VEHICLE STRUCK MOTOR VEHICLE, LEFT SIDE SIDESWIPE",Y,0,Clear,Dry,Daylight,,4183016.0,,11,From same direction - both going straight - both moving - sideswipe,0,0,N
7537,1,-122.3525557,47.68657815,9384,22830,22830,1779889,Matched,Block,,DAYTON AVE N BETWEEN N 79TH ST AND N 80TH ST,,,1,Property Damage Only Collision,Parked Car,2,0,0,2,2004/02/20 00:00:00+00,2/20/2004 6:00:00 PM,Mid-Block (but intersection related),13,"MOTOR VEHICLE STRUCK MOTOR VEHICLE, LEFT SIDE AT ANGLE",,0,Unknown,Unknown,Unknown,,4051030.0,,32,One parked--one moving,0,0,N
7538,1,-122.3421243,47.712312299999994,9385,22111,22111,1797091,Matched,Intersection,36341.0,STONE AVE N AND N 115TH ST,,,1,Property Damage Only Collision,Angles,2,0,0,2,2004/11/06 00:00:00+00,11/6/2004,At Intersection (intersection related),11,"MOTOR VEHICLE STRUCK MOTOR VEHICLE, FRONT END AT ANGLE",,0,Raining,Wet,Daylight,,4311026.0,,10,Entering at angle,0,0,N
7539,1,-122.2901854,47.66759792,9386,22912,22912,1314250,Matched,Block,,35TH AVE NE BETWEEN NE 52ND ST AND NE 55TH ST,,,1,Property Damage Only Collision,Parked Car,2,0,0,2,2004/06/08 00:00:00+00,6/8/2004,Mid-Block (not related to intersection),11,"MOTOR VEHICLE STRUCK MOTOR VEHICLE, FRONT END AT ANGLE",,0,Clear,Dry,Daylight,,4160012.0,,32,One parked--one moving,0,0,N
7540,1,-122.3203938,47.65271932,9387,22927,22927,1790141,Matched,Block,,UNIVERSITY BR BETWEEN POINT A AND POINT B,,,1,Property Damage Only Collision,Rear Ended,5,0,0,3,2004/07/06 00:00:00+00,7/6/2004,Mid-Block (not related to intersection),14,"MOTOR VEHICLE STRUCK MOTOR VEHICLE, REAR END",Y,0,Raining,Standing Water,Daylight,,4188029.0,,13,From same direction - both going straight - both moving - rear-end,0,0,N
7541,1,-122.3119374,47.66489281,9389,22717,22717,1774004,Matched,Intersection,26052.0,15TH AVE NE AND NE 50TH ST,,,1,Property Damage Only Collision,Left Turn,2,0,0,2,2004/01/03 00:00:00+00,1/3/2004,At Intersection (intersection related),11,"MOTOR VEHICLE STRUCK MOTOR VEHICLE, FRONT END AT ANGLE",,0,Clear,Dry,Dark - Street Lights On,,4003008.0,,28,From opposite direction - one left turn - one straight,0,0,N
7542,1,-122.32651129999999,47.67820577,9391,22987,22987,1779748,Matched,Block,,4TH AVE NE BETWEEN WOODLAWN S AVE NE AND EAST GREEN LAKE WAY N,,,1,Property Damage Only Collision,Other,2,0,0,1,2004/06/13 00:00:00+00,6/13/2004 6:00:00 AM,Mid-Block (but intersection related),28,MOTOR VEHICLE RAN OFF ROAD - HIT FIXED OBJECT,,0,Overcast,Wet,Dawn,,4165005.0,Y,50,Fixed object,0,0,N
7543,1,-122.26393390000001,47.51997549,9392,22429,22429,1779344,Matched,Block,,RAINIER AVE S BETWEEN 54TH AVE S AND SEWARD PARK AVE S,,,1,Property Damage Only Collision,Other,1,0,0,1,2004/06/01 00:00:00+00,6/1/2004,Mid-Block (but intersection related),28,MOTOR VEHICLE RAN OFF ROAD - HIT FIXED OBJECT,,0,Clear,Dry,Daylight,,4153024.0,,50,Fixed object,0,0,N
7544,1,-122.3768061,47.69060911,9394,22666,22666,1782407,Matched,Intersection,37265.0,15TH AVE NW AND NW 85TH ST,,,1,Property Damage Only Collision,Angles,2,0,0,2,2004/02/25 00:00:00+00,2/25/2004 11:43:00 AM,At Intersection (intersection related),11,"MOTOR VEHICLE STRUCK MOTOR VEHICLE, FRONT END AT ANGLE",,0,Raining,Wet,Daylight,,4056027.0,,10,Entering at angle,0,0,N
7545,1,-122.3119178,47.67397843,9396,22099,22099,1793815,Matched,Intersection,25978.0,15TH AVE NE AND NE 62ND ST,,,1,Property Damage Only Collision,Angles,2,0,0,2,2004/10/14 00:00:00+00,10/14/2004 8:54:00 AM,At Intersection (intersection related),11,"MOTOR VEHICLE STRUCK MOTOR VEHICLE, FRONT END AT ANGLE",,0,Clear,Dry,Daylight,,4288028.0,,10,Entering at angle,0,0,N
7546,1,-122.28487050000001,47.63830681,9397,22920,22920,1787193,Matched,Block,,38TH AVE E BETWEEN E CROCKETT ST AND 38TH PL E,,,1,Property Damage Only Collision,Parked Car,2,0,0,2,2004/04/12 00:00:00+00,4/12/2004 2:43:00 PM,Mid-Block (not related to intersection),11,"MOTOR VEHICLE STRUCK MOTOR VEHICLE, FRONT END AT ANGLE",,0,Clear,Dry,Daylight,,4103004.0,,32,One parked--one moving,0,0,N
7547,1,-122.3386774,47.55659137,9398,23592,23592,1781270,Matched,Block,,EAST MARGINAL WAY S BETWEEN S HUDSON ST AND S DAWSON ST,,,1,Property Damage Only Collision,Other,2,0,0,2,2004/07/01 00:00:00+00,7/1/2004,Driveway Junction,11,"MOTOR VEHICLE STRUCK MOTOR VEHICLE, FRONT END AT ANGLE",,0,Clear,Dry,Daylight,,4183018.0,,22,One car leaving driveway access,0,0,N
7548,1,-122.3247865,47.59371947,9400,23210,23210,1777418,Matched,Block,,AIRPORT WAY S BETWEEN MAYNARD AVE S AND AIRPORT NB N WAY S,,,1,Property Damage Only Collision,Other,2,0,0,2,2004/05/10 00:00:00+00,5/10/2004 12:45:00 PM,Driveway Junction,14,"MOTOR VEHICLE STRUCK MOTOR VEHICLE, REAR END",,0,Raining,Wet,Daylight,,4131026.0,,21,One car entering driveway access,0,0,N
7549,2,-122.3720409,47.69666539,9401,22904,22904,1774167,Matched,Block,,HOLMAN RD NW BETWEEN 13TH E AVE NW AND 12TH AVE NW,,,2,Injury Collision,Rear Ended,4,0,0,2,2004/04/26 00:00:00+00,4/26/2004 8:11:00 AM,Mid-Block (not related to intersection),14,"MOTOR VEHICLE STRUCK MOTOR VEHICLE, REAR END",Y,0,Clear,Dry,Daylight,,4117017.0,,14,From same direction - both going straight - one stopped - rear-end,0,0,N
7550,1,-122.2987328,47.6266602,9402,22977,22977,1788455,Matched,Intersection,29225.0,26TH AVE E AND E ALOHA ST,,,1,Property Damage Only Collision,Angles,3,0,0,3,2004/03/17 00:00:00+00,3/17/2004 3:37:00 PM,At Intersection (intersection related),11,"MOTOR VEHICLE STRUCK MOTOR VEHICLE, FRONT END AT ANGLE",,0,Clear,Dry,Daylight,,4077026.0,,10,Entering at angle,0,0,N
7551,1,-122.34921090000002,47.67458232,9405,22803,22803,1789936,Matched,Block,,N 63RD ST BETWEEN FREMONT AVE N AND LINDEN AVE N,,,1,Property Damage Only Collision,Parked Car,2,0,0,2,2004/03/15 00:00:00+00,3/15/2004 10:00:00 AM,Mid-Block (not related to intersection),11,"MOTOR VEHICLE STRUCK MOTOR VEHICLE, FRONT END AT ANGLE",,0,Unknown,Dry,Unknown,,4075028.0,,32,One parked--one moving,0,0,N
7552,1,-122.36861359999999,47.66219644,9406,22821,22821,1212091,Matched,Intersection,25462.0,9TH AVE NW AND NW 46TH ST,,,1,Property Damage Only Collision,Angles,2,0,0,2,2004/08/20 00:00:00+00,8/20/2004 9:45:00 AM,At Intersection (intersection related),11,"MOTOR VEHICLE STRUCK MOTOR VEHICLE, FRONT END AT ANGLE",,0,Clear,Dry,Daylight,,4233017.0,,10,Entering at angle,0,0,N
7553,1,-122.34506999999999,47.73167415,9407,22872,22872,1780802,Matched,Block,,AURORA AVE N BETWEEN N 141ST ST AND N 143RD ST,,,1,Property Damage Only Collision,Other,4,0,0,2,2004/03/08 00:00:00+00,3/8/2004,Mid-Block (not related to intersection),11,"MOTOR VEHICLE STRUCK MOTOR VEHICLE, FRONT END AT ANGLE",,0,Clear,Dry,Dark - Street Lights On,,4068033.0,,21,One car entering driveway access,0,0,N
7554,1,-122.2937008,47.72916821,9408,23682,23682,1780009,Matched,Block,,32ND AVE NE BETWEEN NE 137TH ST AND NE 140TH ST,,,1,Property Damage Only Collision,Parked Car,4,0,0,4,2004/01/22 00:00:00+00,1/22/2004 9:40:00 AM,Mid-Block (not related to intersection),14,"MOTOR VEHICLE STRUCK MOTOR VEHICLE, REAR END",Y,0,Clear,Dry,Daylight,,4022021.0,,32,One parked--one moving,0,0,N
7555,1,-122.3629537,47.55448438,9410,22434,22434,1775319,Matched,Block,,DELRIDGE WAY SW BETWEEN PUGET BLVD SW AND SW BRANDON ST,,,1,Property Damage Only Collision,Rear Ended,3,0,0,2,2004/05/01 00:00:00+00,5/1/2004,Mid-Block (not related to intersection),14,"MOTOR VEHICLE STRUCK MOTOR VEHICLE, REAR END",Y,0,Overcast,Dry,Daylight,,4122008.0,,13,From same direction - both going straight - both moving - rear-end,0,0,N
7556,2,-122.32807859999998,47.60416123,9411,23196,23196,1069338,Matched,Intersection,29973.0,6TH AVE AND JAMES ST,,,2,Injury Collision,Left Turn,2,0,0,2,2004/11/15 00:00:00+00,11/15/2004 2:49:00 PM,At Intersection (intersection related),11,"MOTOR VEHICLE STRUCK MOTOR VEHICLE, FRONT END AT ANGLE",,0,Overcast,Wet,Daylight,,4320019.0,,28,From opposite direction - one left turn - one straight,0,0,N
7557,1,-122.31113059999998,47.54888559,9414,22410,22410,1774895,Matched,Intersection,33381.0,SWIFT AVE S AND S ALBRO PL,,,1,Property Damage Only Collision,Sideswipe,2,0,0,2,2004/05/11 00:00:00+00,5/11/2004 2:29:00 PM,At Intersection (intersection related),11,"MOTOR VEHICLE STRUCK MOTOR VEHICLE, FRONT END AT ANGLE",Y,0,Clear,Dry,Daylight,,4132018.0,,81,Same direction -- both turning left -- both moving -- sideswipe,0,0,N
7558,1,-122.30449180000001,47.643163799999996,9415,23657,23657,1789888,Matched,Block,,E ROANOKE ST BETWEEN WEST MONTLAKE PL E AND 22ND AVE E,,,1,Property Damage Only Collision,Parked Car,2,0,0,2,2004/09/16 00:00:00+00,9/16/2004 8:30:00 PM,Mid-Block (not related to intersection),14,"MOTOR VEHICLE STRUCK MOTOR VEHICLE, REAR END",,0,Raining,Wet,Dark - Street Lights On,,4260021.0,,32,One parked--one moving,0,0,N
7559,1,-122.3445325,47.73230997,9416,23085,23085,1079955,Matched,Block,,N 143RD ST BETWEEN AURORA AVE N AND MIDVALE AVE N,,,1,Property Damage Only Collision,Rear Ended,4,0,0,2,2004/06/28 00:00:00+00,6/28/2004 4:12:00 PM,Mid-Block (but intersection related),11,"MOTOR VEHICLE STRUCK MOTOR VEHICLE, FRONT END AT ANGLE",,0,Clear,Dry,Daylight,,4180002.0,,14,From same direction - both going straight - one stopped - rear-end,0,0,N