,SEVERITYCODE,X,Y,OBJECTID,INCKEY,COLDETKEY,REPORTNO,STATUS,ADDRTYPE,INTKEY,LOCATION,EXCEPTRSNCODE,EXCEPTRSNDESC,SEVERITYCODE.1,SEVERITYDESC,COLLISIONTYPE,PERSONCOUNT,PEDCOUNT,PEDCYLCOUNT,VEHCOUNT,INCDATE,INCDTTM,JUNCTIONTYPE,SDOT_COLCODE,SDOT_COLDESC,INATTENTIONIND,UNDERINFL,WEATHER,ROADCOND,LIGHTCOND,PEDROWNOTGRNT,SDOTCOLNUM,SPEEDING,ST_COLCODE,ST_COLDESC,SEGLANEKEY,CROSSWALKKEY,HITPARKEDCAR
7560,1,-122.3458666,47.690566700000005,9417,22649,22649,1079925,Matched,Block,,N 85TH ST BETWEEN LINDEN AVE N AND AURORA AVE N,,,1,Property Damage Only Collision,Parked Car,3,0,0,2,2004/09/05 00:00:00+00,9/5/2004,Mid-Block (not related to intersection),16,"MOTOR VEHICLE STRUCK MOTOR VEHICLE, LEFT SIDE SIDESWIPE",Y,0,Clear,Dry,Daylight,,4249018.0,,32,One parked--one moving,0,0,N
7561,2,-122.3290808,47.69034175,9418,23318,23318,1794901,Matched,Block,,BANNER WAY NE BETWEEN NE 85TH ST OFF RP AND CORLISS WAY N,,,2,Injury Collision,Other,2,0,0,1,2004/09/22 00:00:00+00,9/22/2004 2:27:00 PM,Mid-Block (not related to intersection),26,MOTOR VEHICLE STRUCK OBJECT IN ROAD,,0,Raining,Wet,Daylight,,4266046.0,,50,Fixed object,0,0,N
7562,1,-122.3377835,47.62455005,9419,22866,22866,C631035,Matched,Block,,MERCER SR ST BETWEEN WESTLAKE AVE N AND TERRY AVE N,,,1,Property Damage Only Collision,Rear Ended,2,0,0,2,2004/04/01 00:00:00+00,4/1/2004,Mid-Block (not related to intersection),14,"MOTOR VEHICLE STRUCK MOTOR VEHICLE, REAR END",,0,Clear,Dry,Daylight,,4092054.0,,14,From same direction - both going straight - one stopped - rear-end,0,0,N
7563,2,-122.3207987,47.61523531,9421,23342,23342,1772476,Matched,Intersection,29736.0,BROADWAY AND E PINE ST,,,2,Injury Collision,Angles,2,0,0,2,2004/05/08 00:00:00+00,5/8/2004,At Intersection (intersection related),11,"MOTOR VEHICLE STRUCK MOTOR VEHICLE, FRONT END AT ANGLE",,0,Clear,Dry,Daylight,,4129023.0,,10,Entering at angle,0,0,N
7564,1,-122.32905600000001,47.58085271,9423,22961,22961,1325845,Matched,Block,,4TH AVE S BETWEEN S STACY ST AND S LANDER ST,,,1,Property Damage Only Collision,Other,2,0,0,2,2004/04/07 00:00:00+00,4/7/2004,Driveway Junction,11,"MOTOR VEHICLE STRUCK MOTOR VEHICLE, FRONT END AT ANGLE",,0,Clear,Dry,Dark - Street Lights On,,4098024.0,,22,One car leaving driveway access,0,0,N
7565,1,-122.33420020000001,47.58085454,9424,22495,22495,1784696,Matched,Block,,1ST AVE S BETWEEN S STACY ST AND S LANDER ST,,,1,Property Damage Only Collision,Right Turn,2,0,0,2,2004/12/16 00:00:00+00,12/16/2004 4:27:00 PM,Mid-Block (not related to intersection),16,"MOTOR VEHICLE STRUCK MOTOR VEHICLE, LEFT SIDE SIDESWIPE",,0,Overcast,Dry,Dusk,,4351012.0,,16,From same direction - one right turn - one straight,0,0,N
7566,2,-122.3259767,47.57980933,9425,23025,23025,1776910,Matched,Intersection,31368.0,6TH AVE S AND S LANDER ST,,,2,Injury Collision,Angles,2,0,0,2,2004/08/01 00:00:00+00,8/1/2004,At Intersection (intersection related),11,"MOTOR VEHICLE STRUCK MOTOR VEHICLE, FRONT END AT ANGLE",,0,Clear,Dry,Daylight,,4214006.0,,10,Entering at angle,0,0,N
7567,2,-122.3377929,47.60974973,9428,22574,22574,1482448,Matched,Intersection,29587.0,3RD AVE AND PIKE ST,,,2,Injury Collision,Pedestrian,2,1,0,1,2004/06/13 00:00:00+00,6/13/2004 5:23:00 PM,At Intersection (intersection related),24,MOTOR VEHCILE STRUCK PEDESTRIAN,,0,Overcast,Dry,Daylight,,4165006.0,,0,Vehicle going straight hits pedestrian,0,0,N
7568,1,-122.3289908,47.54549572,9429,23629,23629,1789057,Matched,Block,,S MICHIGAN ST BETWEEN 4TH AVE S AND 5TH AVE S,,,1,Property Damage Only Collision,Rear Ended,2,0,0,2,2004/01/21 00:00:00+00,1/21/2004 1:00:00 PM,Mid-Block (but intersection related),14,"MOTOR VEHICLE STRUCK MOTOR VEHICLE, REAR END",Y,0,Clear,Dry,Daylight,,4021009.0,,14,From same direction - both going straight - one stopped - rear-end,0,0,N
7569,2,-122.32936740000001,47.613961700000004,9430,23024,23024,1482380,Matched,Block,,BOREN AVE BETWEEN PIKE ST AND PINE ST,,,2,Injury Collision,Rear Ended,3,0,0,3,2004/05/12 00:00:00+00,5/12/2004 8:56:00 AM,Mid-Block (but intersection related),14,"MOTOR VEHICLE STRUCK MOTOR VEHICLE, REAR END",,0,Overcast,Dry,Daylight,,4133019.0,,14,From same direction - both going straight - one stopped - rear-end,0,0,N
7570,2,-122.3535491,47.72322887,9431,22993,22993,1079988,Matched,Block,,N 130TH ST BETWEEN PHINNEY AVE N AND DAYTON AVE N,,,2,Injury Collision,Other,5,0,0,2,2004/07/10 00:00:00+00,7/10/2004 11:28:00 PM,Driveway Junction,11,"MOTOR VEHICLE STRUCK MOTOR VEHICLE, FRONT END AT ANGLE",,0,Clear,Dry,Dark - Street Lights On,,4192018.0,Y,22,One car leaving driveway access,0,0,N
7571,2,-122.3463163,47.61856586,9432,22425,22425,1324740,Matched,Intersection,29652.0,DENNY WAY AND TAYLOR AVE N,,,2,Injury Collision,Rear Ended,2,0,0,2,2004/07/26 00:00:00+00,7/26/2004 6:00:00 PM,At Intersection (intersection related),14,"MOTOR VEHICLE STRUCK MOTOR VEHICLE, REAR END",,0,Clear,Dry,Daylight,,4208010.0,,13,From same direction - both going straight - both moving - rear-end,0,0,N
7572,2,-122.3212867,47.61094893,9433,22663,22663,1788641,Matched,Block,,MADISON ST BETWEEN BOYLSTON AVE AND BROADWAY,,,2,Injury Collision,Rear Ended,3,0,0,2,2004/01/29 00:00:00+00,1/29/2004 11:47:00 AM,Mid-Block (but intersection related),14,"MOTOR VEHICLE STRUCK MOTOR VEHICLE, REAR END",,0,Raining,Wet,Daylight,,4029016.0,,14,From same direction - both going straight - one stopped - rear-end,0,0,N
7573,1,-122.39150159999998,47.66866164,9434,22677,22677,1773832,Matched,Block,,NW MARKET ST BETWEEN 26TH AVE NW AND 28TH AVE NW,,,1,Property Damage Only Collision,Parked Car,3,0,0,3,2004/02/26 00:00:00+00,2/26/2004 4:36:00 PM,Mid-Block (not related to intersection),14,"MOTOR VEHICLE STRUCK MOTOR VEHICLE, REAR END",Y,1,Overcast,Wet,Daylight,,4057032.0,,32,One parked--one moving,0,0,N
7574,1,,,9435,22544,22544,1797161,Matched,Alley,,,,,1,Property Damage Only Collision,Parked Car,2,0,0,2,2004/10/28 00:00:00+00,10/28/2004 9:00:00 AM,,0,NOT ENOUGH INFORMATION / NOT APPLICABLE,,0,Overcast,Dry,Daylight,,4302019.0,,32,One parked--one moving,0,0,N
7575,2,-122.36400490000001,47.66182699,9436,23534,23534,1773648,Matched,Block,,6TH AVE NW BETWEEN NW 45TH ST AND NW 46TH ST,,,2,Injury Collision,Cycles,3,0,1,1,2004/06/20 00:00:00+00,6/20/2004 6:52:00 PM,Mid-Block (but intersection related),18,"MOTOR VEHICLE STRUCK PEDALCYCLIST, FRONT END AT ANGLE",,1,Clear,Dry,Daylight,,4172014.0,,45,Vehicle - Pedalcyclist,0,0,N
7576,1,-122.3762108,47.674547600000004,9438,23144,23144,1782445,Matched,Intersection,25384.0,15TH AVE NW AND NW 63RD ST,,,1,Property Damage Only Collision,Angles,3,0,0,2,2004/07/25 00:00:00+00,7/25/2004 2:15:00 AM,At Intersection (intersection related),11,"MOTOR VEHICLE STRUCK MOTOR VEHICLE, FRONT END AT ANGLE",,0,Clear,Dry,Dark - Street Lights On,,4207006.0,,10,Entering at angle,0,0,N
7577,1,-122.3176222,47.69901591,9439,22008,22008,1319698,Matched,Block,,ROOSEVELT WAY NE BETWEEN NE 96TH ST AND NE 97TH ST,,,1,Property Damage Only Collision,Parked Car,2,0,0,2,2004/08/02 00:00:00+00,8/2/2004,Mid-Block (not related to intersection),11,"MOTOR VEHICLE STRUCK MOTOR VEHICLE, FRONT END AT ANGLE",,0,Clear,Dry,Daylight,,4215012.0,,32,One parked--one moving,0,0,N
7578,1,-122.3174884,47.614099100000004,9440,23503,23503,1772390,Matched,Block,,E PIKE ST BETWEEN 11TH AVE AND 12TH AVE,,,1,Property Damage Only Collision,Sideswipe,4,0,0,2,2004/05/07 00:00:00+00,5/7/2004,Mid-Block (but intersection related),16,"MOTOR VEHICLE STRUCK MOTOR VEHICLE, LEFT SIDE SIDESWIPE",Y,0,Clear,Dry,Daylight,,4128034.0,,11,From same direction - both going straight - both moving - sideswipe,0,0,N
7579,1,-122.3450058,47.61856055,9442,22565,22565,1214112,Matched,Intersection,29575.0,6TH AVE AND DENNY WAY,,,1,Property Damage Only Collision,Angles,2,0,0,2,2004/09/13 00:00:00+00,9/13/2004 9:10:00 AM,At Intersection (intersection related),11,"MOTOR VEHICLE STRUCK MOTOR VEHICLE, FRONT END AT ANGLE",,0,Overcast,Dry,Daylight,,4257036.0,,10,Entering at angle,0,0,N
7580,2,-122.3868564,47.55841117,9444,23614,23614,1781602,Matched,Block,,CALIFORNIA AVE SW BETWEEN ERSKINE WAY SW AND SW HUDSON ST,,,2,Injury Collision,Rear Ended,2,0,0,2,2004/01/31 00:00:00+00,1/31/2004 10:53:00 AM,Mid-Block (not related to intersection),14,"MOTOR VEHICLE STRUCK MOTOR VEHICLE, REAR END",,0,Raining,Wet,Daylight,,4031038.0,,14,From same direction - both going straight - one stopped - rear-end,0,0,N
7581,1,-122.3616777,47.67599394,9445,22657,22657,1773505,Matched,Block,,NW 65TH ST BETWEEN 4TH E AVE NW AND 4TH W AVE NW,,,1,Property Damage Only Collision,Rear Ended,3,0,0,2,2004/03/04 00:00:00+00,3/4/2004,Mid-Block (but intersection related),14,"MOTOR VEHICLE STRUCK MOTOR VEHICLE, REAR END",Y,0,Overcast,Wet,Dawn,,4064023.0,,14,From same direction - both going straight - one stopped - rear-end,0,0,N
7582,1,-122.33744170000001,47.60852348,9446,22992,22992,1482722,Matched,Block,,UNION ST BETWEEN 2ND AVE AND 3RD AVE,,,1,Property Damage Only Collision,Other,2,0,0,2,2004/07/04 00:00:00+00,7/4/2004,Driveway Junction,11,"MOTOR VEHICLE STRUCK MOTOR VEHICLE, FRONT END AT ANGLE",,0,Clear,Dry,Daylight,,4186020.0,,21,One car entering driveway access,0,0,N
7583,1,-122.294113,47.662550200000005,9449,22817,22817,1199283,Matched,Block,,UNION BAY PL NE BETWEEN NE 45TH ST AND 30TH AVE NE,,,1,Property Damage Only Collision,Other,4,0,0,4,2004/08/09 00:00:00+00,8/9/2004,Driveway Junction,11,"MOTOR VEHICLE STRUCK MOTOR VEHICLE, FRONT END AT ANGLE",Y,0,Clear,Dry,Daylight,,4222033.0,,22,One car leaving driveway access,0,0,N
7584,1,-122.334195,47.59135531,9450,22104,22104,1479473,Matched,Block,,1ST AVE S BETWEEN S ROYAL BROUGHAM WAY AND S ATLANTIC ST,,,1,Property Damage Only Collision,Parked Car,2,0,0,2,2004/02/26 00:00:00+00,2/26/2004 7:15:00 PM,Mid-Block (not related to intersection),13,"MOTOR VEHICLE STRUCK MOTOR VEHICLE, LEFT SIDE AT ANGLE",,0,Raining,Wet,Dark - Street Lights On,,4057030.0,,32,One parked--one moving,0,0,N
7585,1,-122.31106979999998,47.5620043,9451,23389,23389,1771638,Matched,Intersection,32553.0,VETRN HOSPITAL DR AND S COLUMBIAN WAY,,,1,Property Damage Only Collision,Other,2,0,0,2,2004/02/27 00:00:00+00,2/27/2004 7:45:00 AM,At Intersection (intersection related),11,"MOTOR VEHICLE STRUCK MOTOR VEHICLE, FRONT END AT ANGLE",,0,Raining,Wet,Daylight,,4058013.0,,21,One car entering driveway access,0,0,N
7586,1,-122.35214840000002,47.67245424,9452,22636,22636,1205320,Matched,Block,,N 60TH ST BETWEEN DAYTON AVE N AND EVANSTON AVE N,,,1,Property Damage Only Collision,Parked Car,2,0,0,2,2004/05/07 00:00:00+00,5/7/2004,Mid-Block (not related to intersection),16,"MOTOR VEHICLE STRUCK MOTOR VEHICLE, LEFT SIDE SIDESWIPE",,0,Clear,Dry,Dark - Street Lights On,,4128010.0,,32,One parked--one moving,0,0,N
7587,1,-122.32075729999998,47.60957712,9453,23155,23155,1788650,Matched,Intersection,29789.0,BOYLSTON AVE AND BROADWAY,,,1,Property Damage Only Collision,Sideswipe,2,0,0,2,2004/03/02 00:00:00+00,3/2/2004,At Intersection (intersection related),16,"MOTOR VEHICLE STRUCK MOTOR VEHICLE, LEFT SIDE SIDESWIPE",,0,Clear,Dry,Daylight,,4062029.0,,81,Same direction -- both turning left -- both moving -- sideswipe,0,0,N
7588,2,-122.3534396,47.70507757,9454,22145,22145,1782413,Matched,Block,,N 105TH ST BETWEEN PHINNEY AVE N AND DAYTON AVE N,,,2,Injury Collision,Other,1,0,0,1,2004/04/02 00:00:00+00,4/2/2004,Mid-Block (not related to intersection),0,NOT ENOUGH INFORMATION / NOT APPLICABLE,,0,Clear,Dry,Daylight,,4093007.0,,50,Fixed object,0,0,N
7589,1,-122.2924031,47.7328465,9455,23361,23361,1782280,Matched,Block,,LAKE CITY WAY NE BETWEEN NE 143RD ST AND NE 145TH ST,,,1,Property Damage Only Collision,Other,2,0,0,2,2004/04/17 00:00:00+00,4/17/2004 7:25:00 PM,Driveway Junction,16,"MOTOR VEHICLE STRUCK MOTOR VEHICLE, LEFT SIDE SIDESWIPE",,0,Clear,Dry,Daylight,,4108006.0,,21,One car entering driveway access,0,0,N
7590,1,-122.3230055,47.69085283,9456,22898,22898,1473150,Matched,Block,,5TH AVE NE BETWEEN NE 85TH ST AND NE 86TH ST,,,1,Property Damage Only Collision,Parked Car,4,0,0,4,2004/07/29 00:00:00+00,7/29/2004 7:02:00 PM,Mid-Block (not related to intersection),13,"MOTOR VEHICLE STRUCK MOTOR VEHICLE, LEFT SIDE AT ANGLE",Y,0,Clear,Dry,Daylight,,4211015.0,,32,One parked--one moving,0,0,N
7591,2,-122.3867767,47.56201042,9457,22978,22978,1790836,Matched,Block,,CALIFORNIA AVE SW BETWEEN SW OREGON ST AND SW ALASKA ST,,,2,Injury Collision,Cycles,2,0,1,1,2004/10/20 00:00:00+00,10/20/2004 6:22:00 PM,Mid-Block (not related to intersection),55,PEDALCYCLIST STRUCK MOTOR VEHICLE RIGHT SIDE SIDESWIPE,,0,Clear,Dry,Dark - Street Lights On,,4294004.0,,45,Vehicle - Pedalcyclist,0,0,N
7592,1,-122.2913547,47.55746074,9458,21986,21986,1771955,Matched,Block,,M L KING JR WR WAY S BETWEEN S FERDINAND ST AND S HUDSON ST,,,1,Property Damage Only Collision,Other,2,0,0,2,2004/03/13 00:00:00+00,3/13/2004 12:20:00 PM,Driveway Junction,14,"MOTOR VEHICLE STRUCK MOTOR VEHICLE, REAR END",,0,Unknown,Unknown,Unknown,,4073028.0,,22,One car leaving driveway access,0,0,N
7593,1,-122.3609502,47.63807162,9459,23340,23340,1182078,Matched,Block,,3RD AVE W BETWEEN W CROCKETT N ST AND W BOSTON ST,,,1,Property Damage Only Collision,Parked Car,2,0,0,2,2004/04/06 00:00:00+00,4/6/2004,Mid-Block (not related to intersection),12,"MOTOR VEHICLE STRUCK MOTOR VEHICLE, RIGHT SIDE AT ANGLE",,0,Clear,Dry,Daylight,,4097032.0,,32,One parked--one moving,0,0,N
7594,1,-122.3326533,47.7086545,9460,23092,23092,1780880,Matched,Block,,N NORTHGATE WAY BETWEEN MERIDIAN AVE N AND CORLISS AVE N,,,1,Property Damage Only Collision,Other,2,0,0,2,2004/03/01 00:00:00+00,3/1/2004,Driveway Junction,11,"MOTOR VEHICLE STRUCK MOTOR VEHICLE, FRONT END AT ANGLE",,0,Clear,Dry,Dark - Street Lights On,,4061013.0,,22,One car leaving driveway access,0,0,N
7595,1,-122.37509170000001,47.56738098,9461,23178,23178,1789459,Matched,Block,,34TH AVE SW BETWEEN SW ANDOVER ST AND SW DAKOTA ST,,,1,Property Damage Only Collision,Parked Car,2,0,0,2,2004/10/24 00:00:00+00,10/24/2004 12:01:00 AM,Mid-Block (not related to intersection),13,"MOTOR VEHICLE STRUCK MOTOR VEHICLE, LEFT SIDE AT ANGLE",,0,Unknown,Unknown,Unknown,,4298005.0,,32,One parked--one moving,0,0,N
7596,2,-122.3043369,47.57835307,9462,23016,23016,1474195,Matched,Intersection,31630.0,22ND AVE S AND S MCCLELLAN ST,,,2,Injury Collision,Angles,3,0,0,2,2004/06/07 00:00:00+00,6/7/2004,At Intersection (intersection related),11,"MOTOR VEHICLE STRUCK MOTOR VEHICLE, FRONT END AT ANGLE",,0,Clear,Dry,Daylight,,4159030.0,,10,Entering at angle,0,0,N
7597,1,-122.3500358,47.61369909,9463,23677,23677,1777172,Matched,Block,,WALL ST BETWEEN ELLIOTT AVE AND WESTERN AVE,,,1,Property Damage Only Collision,Angles,4,0,0,2,2004/08/21 00:00:00+00,8/21/2004 2:14:00 PM,Mid-Block (but intersection related),11,"MOTOR VEHICLE STRUCK MOTOR VEHICLE, FRONT END AT ANGLE",Y,0,Raining,Wet,Daylight,,4234013.0,,10,Entering at angle,0,0,N
7598,1,-122.34721499999999,47.68657987,9464,23588,23588,1212086,Matched,Block,,LINDEN AVE N BETWEEN N 79TH ST AND N 80TH ST,,,1,Property Damage Only Collision,Parked Car,2,0,0,2,2004/04/26 00:00:00+00,4/26/2004 5:15:00 PM,Mid-Block (not related to intersection),13,"MOTOR VEHICLE STRUCK MOTOR VEHICLE, LEFT SIDE AT ANGLE",,0,Clear,Dry,Daylight,,4117029.0,,32,One parked--one moving,0,0,N
7599,2,-122.3767697,47.67952867,9465,22290,22290,1773757,Matched,Intersection,23926.0,15TH AVE NW AND NW 70TH ST,,,2,Injury Collision,Left Turn,2,0,0,2,2004/01/13 00:00:00+00,1/13/2004 7:51:00 AM,At Intersection (intersection related),11,"MOTOR VEHICLE STRUCK MOTOR VEHICLE, FRONT END AT ANGLE",,0,Raining,Wet,Daylight,,4013008.0,,28,From opposite direction - one left turn - one straight,0,0,N
7600,1,-122.2986092,47.54632636,9466,23357,23357,1788075,Matched,Block,,S GRAHAM ST BETWEEN BEACON ER AVE S AND 28TH AVE S,,,1,Property Damage Only Collision,Rear Ended,4,0,0,2,2004/05/13 00:00:00+00,5/13/2004 7:55:00 AM,Mid-Block (but intersection related),14,"MOTOR VEHICLE STRUCK MOTOR VEHICLE, REAR END",,0,Clear,Dry,Daylight,,4134018.0,,14,From same direction - both going straight - one stopped - rear-end,0,0,N
7601,1,-122.3244128,47.59667327,9467,23103,23103,C630488,Matched,Block,,S LANE ST BETWEEN MAYNARD AVE S AND 7TH AVE S,,,1,Property Damage Only Collision,Parked Car,2,0,0,2,2004/06/01 00:00:00+00,6/1/2004,Mid-Block (not related to intersection),14,"MOTOR VEHICLE STRUCK MOTOR VEHICLE, REAR END",,0,Unknown,Unknown,Unknown,,4153040.0,,32,One parked--one moving,0,0,N
7602,2,-122.2797419,47.51942161,9469,22276,22276,1779362,Matched,Block,,M L KING JR ER WAY S BETWEEN S DIRECTOR ST AND MERTON WAY S,,,2,Injury Collision,Other,4,0,0,2,2004/08/20 00:00:00+00,8/20/2004 12:45:00 PM,Driveway Junction,11,"MOTOR VEHICLE STRUCK MOTOR VEHICLE, FRONT END AT ANGLE",,0,Clear,Dry,Daylight,,4233033.0,,21,One car entering driveway access,0,0,N
7603,2,-122.34542330000001,47.51730344,9470,23470,23470,1781112,Matched,Intersection,35066.0,8TH AVE SW AND SW ROXBURY ST,,,2,Injury Collision,Angles,2,0,0,2,2004/06/09 00:00:00+00,6/9/2004,At Intersection (intersection related),11,"MOTOR VEHICLE STRUCK MOTOR VEHICLE, FRONT END AT ANGLE",,0,Raining,Wet,Dark - Street Lights On,,4161002.0,,10,Entering at angle,0,0,N
7604,1,-122.28405,47.55703962,9471,22913,22913,1317370,Matched,Block,,S HUDSON ST BETWEEN RAINIER AVE S AND 39TH AVE S,,,1,Property Damage Only Collision,Parked Car,2,0,0,2,2004/03/06 00:00:00+00,3/6/2004,Mid-Block (but intersection related),16,"MOTOR VEHICLE STRUCK MOTOR VEHICLE, LEFT SIDE SIDESWIPE",Y,0,Clear,Dry,Dark - Street Lights On,,4066025.0,,32,One parked--one moving,0,0,N
7605,1,-122.34066990000001,47.60786035,9472,22795,22795,1783653,Matched,Block,,WESTERN AVE BETWEEN UNION ST AND PIKE ST,,,1,Property Damage Only Collision,Sideswipe,3,0,0,2,2004/07/28 00:00:00+00,7/28/2004 2:00:00 PM,Mid-Block (not related to intersection),11,"MOTOR VEHICLE STRUCK MOTOR VEHICLE, FRONT END AT ANGLE",,0,Clear,Dry,Daylight,,4210034.0,,11,From same direction - both going straight - both moving - sideswipe,0,0,N
7606,1,-122.3208932,47.65115481,9473,23459,23459,1789787,Matched,Block,,FUHRMAN AVE E BETWEEN FRANKLIN AVE E AND EASTLAKE AVE E,,,1,Property Damage Only Collision,Parked Car,3,0,0,3,2004/06/09 00:00:00+00,6/9/2004,Mid-Block (not related to intersection),14,"MOTOR VEHICLE STRUCK MOTOR VEHICLE, REAR END",,0,Overcast,Dry,Dark - Street Lights On,,4161030.0,,32,One parked--one moving,0,0,N
7607,1,-122.3625091,47.67688257,9474,23008,23008,1219933,Matched,Block,,5TH AVE NW BETWEEN NW 65TH E ST AND NW 67TH ST,,,1,Property Damage Only Collision,Parked Car,2,0,0,2,2004/09/16 00:00:00+00,9/16/2004 5:08:00 PM,Mid-Block (but intersection related),11,"MOTOR VEHICLE STRUCK MOTOR VEHICLE, FRONT END AT ANGLE",,0,Overcast,Wet,Daylight,,4260052.0,,32,One parked--one moving,0,0,N
7608,1,-122.31722279999998,47.59918906,9475,23228,23228,1784900,Matched,Intersection,30427.0,12TH AVE S AND S JACKSON ST,,,1,Property Damage Only Collision,Angles,2,0,0,2,2004/10/14 00:00:00+00,10/14/2004 1:30:00 AM,At Intersection (intersection related),11,"MOTOR VEHICLE STRUCK MOTOR VEHICLE, FRONT END AT ANGLE",,0,Clear,Dry,Dark - Street Lights On,,4288002.0,,10,Entering at angle,0,0,N
7609,1,-122.2998626,47.54393349,9476,23436,23436,1787775,Matched,Block,,BEACON WR AVE S BETWEEN S MORGAN S ST AND S WARSAW ST,,,1,Property Damage Only Collision,Parked Car,3,0,0,3,2004/05/06 00:00:00+00,5/6/2004,Mid-Block (not related to intersection),14,"MOTOR VEHICLE STRUCK MOTOR VEHICLE, REAR END",,0,Clear,Dry,Dark - Street Lights On,,4127002.0,,32,One parked--one moving,0,0,N
7610,2,-122.34456499999999,47.69418567,9477,23490,23490,1080160,Matched,Intersection,37340.0,AURORA AVE N AND N 90TH ST,,,2,Injury Collision,Left Turn,4,0,0,2,2004/08/25 00:00:00+00,8/25/2004 4:58:00 PM,At Intersection (intersection related),11,"MOTOR VEHICLE STRUCK MOTOR VEHICLE, FRONT END AT ANGLE",,0,Raining,Wet,Daylight,,4238015.0,,28,From opposite direction - one left turn - one straight,0,0,N
7611,1,-122.34564420000001,47.612272999999995,9479,22827,22827,1482407,Matched,Block,,BLANCHARD ST BETWEEN WESTERN AVE AND 1ST AVE,,,1,Property Damage Only Collision,Parked Car,3,0,0,2,2004/04/25 00:00:00+00,4/25/2004 9:12:00 PM,Mid-Block (not related to intersection),11,"MOTOR VEHICLE STRUCK MOTOR VEHICLE, FRONT END AT ANGLE",,0,Clear,Dry,Dark - Street Lights On,,4116009.0,,32,One parked--one moving,0,0,N
7612,1,-122.362788,47.56914138,9480,22107,22107,1481325,Matched,Block,,DELRIDGE WAY SW BETWEEN DELRIDGE-W SEATTLE BR EB ON RP AND SW ANDOVER ST,,,1,Property Damage Only Collision,Rear Ended,10,0,0,2,2004/04/22 00:00:00+00,4/22/2004 5:56:00 PM,Mid-Block (but intersection related),16,"MOTOR VEHICLE STRUCK MOTOR VEHICLE, LEFT SIDE SIDESWIPE",,0,Clear,Dry,Daylight,,4113015.0,,83,Same direction -- both turning left -- both moving -- rear end,0,0,N
7613,1,-122.3290618,47.5705371,9481,23029,23029,1789295,Matched,Block,,4TH AVE S BETWEEN S SPOKANE SR ST AND W SEA BR EB 4 AV OFF RP,,,1,Property Damage Only Collision,Other,1,0,0,1,2004/03/17 00:00:00+00,3/17/2004 7:57:00 AM,Mid-Block (not related to intersection),26,MOTOR VEHICLE STRUCK OBJECT IN ROAD,,0,Raining,Wet,Dawn,,4077032.0,,51,Other object,0,0,N
7614,1,-122.3929706,47.53751961,9482,22928,22928,1790208,Matched,Block,,47TH AVE SW BETWEEN SW OTHELLO ST AND SW FONTANELLE ST,,,1,Property Damage Only Collision,Parked Car,2,0,0,2,2004/08/14 00:00:00+00,8/14/2004 4:30:00 AM,Mid-Block (not related to intersection),13,"MOTOR VEHICLE STRUCK MOTOR VEHICLE, LEFT SIDE AT ANGLE",,0,Clear,Dry,Daylight,,4227033.0,,32,One parked--one moving,0,0,N
7615,1,-122.2962068,47.57733075,9483,23449,23449,1773301,Matched,Block,,M L KING JR WAY S BETWEEN S MCCLELLAN ST AND RAINIER AVE S,,,1,Property Damage Only Collision,Head On,2,0,0,2,2004/09/07 00:00:00+00,9/7/2004,Mid-Block (but intersection related),11,"MOTOR VEHICLE STRUCK MOTOR VEHICLE, FRONT END AT ANGLE",Y,0,Clear,Dry,Daylight,,4251012.0,,30,From opposite direction - all others,0,0,N
7616,1,-122.37630449999999,47.69371047,9484,22575,22575,1794253,Matched,Block,,HOLMAN RD NW BETWEEN 15TH AVE NW AND NW 90TH ST,,,1,Property Damage Only Collision,Other,2,0,0,2,2004/05/30 00:00:00+00,5/30/2004 12:41:00 PM,Driveway Junction,11,"MOTOR VEHICLE STRUCK MOTOR VEHICLE, FRONT END AT ANGLE",,0,Clear,Dry,Daylight,,4151011.0,,22,One car leaving driveway access,0,0,N
7617,1,-122.320893,47.6250492,9485,23628,23628,1789866,Matched,Intersection,28993.0,BROADWAY E AND E ROY E ST,,,1,Property Damage Only Collision,Sideswipe,2,0,0,2,2004/04/13 00:00:00+00,4/13/2004 1:43:00 PM,At Intersection (intersection related),16,"MOTOR VEHICLE STRUCK MOTOR VEHICLE, LEFT SIDE SIDESWIPE",Y,0,Clear,Dry,Daylight,,4104019.0,,71,Same direction -- both turning right -- both moving -- sideswipe,0,0,N
7618,2,-122.34188710000001,47.61854842,9486,22760,22760,1319736,Matched,Block,,DENNY WAY BETWEEN DEXTER AVE AND 8TH AVE,,,2,Injury Collision,Rear Ended,3,0,0,2,2004/02/25 00:00:00+00,2/25/2004 2:00:00 PM,Mid-Block (but intersection related),14,"MOTOR VEHICLE STRUCK MOTOR VEHICLE, REAR END",,0,Raining,Wet,Daylight,,4056003.0,,14,From same direction - both going straight - one stopped - rear-end,0,0,N
7619,2,-122.32807859999998,47.60416123,9487,23289,23289,1482666,Matched,Intersection,29973.0,6TH AVE AND JAMES ST,,,2,Injury Collision,Angles,3,0,0,2,2004/05/10 00:00:00+00,5/10/2004 1:13:00 PM,At Intersection (intersection related),11,"MOTOR VEHICLE STRUCK MOTOR VEHICLE, FRONT END AT ANGLE",,0,Raining,Wet,Daylight,,4131047.0,Y,10,Entering at angle,0,0,N
7620,2,-122.3295808,47.54925641,9490,22545,22545,1797935,Matched,Block,,4TH AVE S BETWEEN S FIDALGO ST AND S FRONT ST,,,2,Injury Collision,Other,2,0,0,2,2004/10/27 00:00:00+00,10/27/2004 6:45:00 AM,Driveway Junction,14,"MOTOR VEHICLE STRUCK MOTOR VEHICLE, REAR END",Y,0,Clear,Dry,Dawn,,4301038.0,,21,One car entering driveway access,0,0,N
7621,1,-122.3082797,47.54717122,9491,23634,23634,1804488,Matched,Block,,SWIFT AVE S BETWEEN 19TH ER AVE S AND S GRAHAM ST,,,1,Property Damage Only Collision,Rear Ended,6,0,0,2,2004/08/10 00:00:00+00,8/10/2004 7:40:00 PM,Mid-Block (not related to intersection),14,"MOTOR VEHICLE STRUCK MOTOR VEHICLE, REAR END",,0,Unknown,Unknown,Daylight,,4223031.0,,13,From same direction - both going straight - both moving - rear-end,0,0,N