,SEVERITYCODE,X,Y,OBJECTID,INCKEY,COLDETKEY,REPORTNO,STATUS,ADDRTYPE,INTKEY,LOCATION,EXCEPTRSNCODE,EXCEPTRSNDESC,SEVERITYCODE.1,SEVERITYDESC,COLLISIONTYPE,PERSONCOUNT,PEDCOUNT,PEDCYLCOUNT,VEHCOUNT,INCDATE,INCDTTM,JUNCTIONTYPE,SDOT_COLCODE,SDOT_COLDESC,INATTENTIONIND,UNDERINFL,WEATHER,ROADCOND,LIGHTCOND,PEDROWNOTGRNT,SDOTCOLNUM,SPEEDING,ST_COLCODE,ST_COLDESC,SEGLANEKEY,CROSSWALKKEY,HITPARKEDCAR
7622,2,-122.32548349999999,47.72313601,9492,22772,22772,1328925,Matched,Intersection,35983.0,130TH ST ON RP AND NE 130TH ST,,,2,Injury Collision,Sideswipe,5,0,0,4,2004/07/10 00:00:00+00,7/10/2004 2:10:00 PM,At Intersection (intersection related),16,"MOTOR VEHICLE STRUCK MOTOR VEHICLE, LEFT SIDE SIDESWIPE",,0,Raining,Wet,Daylight,,4192032.0,,11,From same direction - both going straight - both moving - sideswipe,0,0,N
7623,2,-122.34479520000001,47.71119659,9495,23213,23213,1080355,Matched,Block,,AURORA AVE N BETWEEN N 112TH ST AND N 115TH ST,,,2,Injury Collision,Rear Ended,3,0,0,3,2004/06/22 00:00:00+00,6/22/2004 2:12:00 PM,Mid-Block (not related to intersection),14,"MOTOR VEHICLE STRUCK MOTOR VEHICLE, REAR END",Y,0,Clear,Dry,Daylight,,4174021.0,,14,From same direction - both going straight - one stopped - rear-end,0,0,N
7624,1,-122.33917360000001,47.61372707,9497,22701,22701,1777070,Matched,Intersection,29549.0,5TH AVE AND VIRGINIA ST,,,1,Property Damage Only Collision,Left Turn,3,0,0,2,2004/08/16 00:00:00+00,8/16/2004 2:39:00 PM,At Intersection (intersection related),11,"MOTOR VEHICLE STRUCK MOTOR VEHICLE, FRONT END AT ANGLE",,0,Clear,Dry,Daylight,,4229041.0,,15,From same direction - one left turn - one straight,0,0,N
7625,1,-122.2843571,47.54245955,9498,22119,22119,1779668,Matched,Block,,S HOLLY ST BETWEEN 38TH AVE S AND M L KING JR WR WAY S,,,1,Property Damage Only Collision,Parked Car,2,0,0,2,2004/03/29 00:00:00+00,3/29/2004 1:50:00 PM,Mid-Block (but intersection related),11,"MOTOR VEHICLE STRUCK MOTOR VEHICLE, FRONT END AT ANGLE",,0,Clear,Dry,Daylight,,4089005.0,,20,One car leaving parked position,0,0,N
7626,1,-122.31199779999999,47.68033027,9499,23665,23665,1782116,Matched,Block,,15TH AVE NE BETWEEN NE 70TH ST AND NE 73RD ST,,,1,Property Damage Only Collision,Parked Car,2,0,0,2,2004/07/16 00:00:00+00,7/16/2004 8:03:00 PM,Mid-Block (not related to intersection),16,"MOTOR VEHICLE STRUCK MOTOR VEHICLE, LEFT SIDE SIDESWIPE",,0,Clear,Dry,Daylight,,4198022.0,,32,One parked--one moving,0,0,N
7627,2,-122.3246152,47.7086028,9500,22648,22648,1079811,Matched,Block,,NE NORTHGATE WAY BETWEEN 3RD AVE NE AND 5TH AVE NE,,,2,Injury Collision,Rear Ended,4,0,0,2,2004/07/13 00:00:00+00,7/13/2004 6:44:00 PM,Mid-Block (but intersection related),14,"MOTOR VEHICLE STRUCK MOTOR VEHICLE, REAR END",,0,Clear,Dry,Daylight,,4195011.0,,13,From same direction - both going straight - both moving - rear-end,0,0,N
7628,1,-122.39187549999998,47.5821102,9502,22733,22733,1797952,Matched,Block,,47TH AVE SW BETWEEN SW COLLEGE ST AND SW ADMIRAL WAY,,,1,Property Damage Only Collision,Parked Car,2,0,0,2,2004/09/14 00:00:00+00,9/14/2004 8:03:00 PM,Mid-Block (not related to intersection),13,"MOTOR VEHICLE STRUCK MOTOR VEHICLE, LEFT SIDE AT ANGLE",,0,Raining,Wet,Dark - Street Lights On,,4258044.0,,32,One parked--one moving,0,0,N
7629,1,-122.326727,47.61886143,9503,23675,23675,1472425,Matched,Block,,BELLEVUE AVE E BETWEEN E DENNY WAY AND E LORETTA PL,,,1,Property Damage Only Collision,Right Turn,2,0,0,2,2004/08/13 00:00:00+00,8/13/2004 6:54:00 AM,Mid-Block (but intersection related),16,"MOTOR VEHICLE STRUCK MOTOR VEHICLE, LEFT SIDE SIDESWIPE",,0,Clear,Dry,Daylight,,4226027.0,,16,From same direction - one right turn - one straight,0,0,N
7630,2,-122.296314,47.71928489,9504,21999,21999,1079813,Matched,Intersection,36602.0,30TH AVE NE AND NE 125TH ST,,,2,Injury Collision,Angles,3,0,0,3,2004/07/19 00:00:00+00,7/19/2004 3:49:00 PM,At Intersection (intersection related),11,"MOTOR VEHICLE STRUCK MOTOR VEHICLE, FRONT END AT ANGLE",,0,Clear,Dry,Daylight,,4201019.0,,10,Entering at angle,0,0,N
7631,2,-122.2807788,47.55118995,9506,22740,22740,1772879,Matched,Intersection,33513.0,42ND AVE S AND S ORCAS ST,,,2,Injury Collision,Angles,2,0,0,2,2004/05/05 00:00:00+00,5/5/2004,At Intersection (intersection related),11,"MOTOR VEHICLE STRUCK MOTOR VEHICLE, FRONT END AT ANGLE",,0,Clear,Dry,Daylight,,4126015.0,,10,Entering at angle,0,0,N
7632,1,-122.3857419,47.54589215,9507,22559,22559,1798408,Matched,Block,,42ND AVE SW BETWEEN SW GRAHAM ST AND FAUNTLEROY WAY SW,,,1,Property Damage Only Collision,Parked Car,2,0,0,2,2004/06/27 00:00:00+00,6/27/2004 8:38:00 AM,Mid-Block (not related to intersection),14,"MOTOR VEHICLE STRUCK MOTOR VEHICLE, REAR END",,0,Unknown,Unknown,Unknown,,4179033.0,,32,One parked--one moving,0,0,N
7633,2,-122.3288798,47.73409487,9508,22494,22494,1747297,Matched,Intersection,35906.0,1ST AVE NE AND NE 145TH ST,,,2,Injury Collision,Left Turn,3,0,0,2,2004/04/23 00:00:00+00,4/23/2004 10:40:00 PM,At Intersection (intersection related),11,"MOTOR VEHICLE STRUCK MOTOR VEHICLE, FRONT END AT ANGLE",,0,Overcast,Wet,Dark - Street Lights On,,4114031.0,,28,From opposite direction - one left turn - one straight,0,0,N
7634,1,-122.37181629999999,47.56923486,9509,22767,22767,1790430,Matched,Block,,SW BRADFORD ST BETWEEN 30TH AVE SW AND DEAD END 1,,,1,Property Damage Only Collision,Parked Car,2,0,0,2,2004/10/24 00:00:00+00,10/24/2004 10:53:00 PM,Mid-Block (not related to intersection),11,"MOTOR VEHICLE STRUCK MOTOR VEHICLE, FRONT END AT ANGLE",,0,Overcast,Unknown,Dark - Street Lights On,,4298008.0,,32,One parked--one moving,0,0,N
7635,2,-122.31134009999998,47.62325701,9510,22785,22785,1789750,Matched,Intersection,29347.0,16TH AVE E AND E REPUBLICAN ST,,,2,Injury Collision,Angles,3,0,0,2,2004/09/30 00:00:00+00,9/30/2004 7:52:00 AM,At Intersection (intersection related),11,"MOTOR VEHICLE STRUCK MOTOR VEHICLE, FRONT END AT ANGLE",,0,Clear,Dry,Daylight,,4274031.0,,10,Entering at angle,0,0,N
7636,2,-122.31772269999999,47.66057875,9513,23380,23380,1220006,Matched,Block,,ROOSEVELT WAY NE BETWEEN NE 43RD N ST AND NE 45TH ST,,,2,Injury Collision,Other,2,0,0,2,2004/10/25 00:00:00+00,10/25/2004 8:25:00 AM,Mid-Block (not related to intersection),14,"MOTOR VEHICLE STRUCK MOTOR VEHICLE, REAR END",,0,Overcast,Dry,Daylight,,4299025.0,,23,From same direction - all others,0,0,N
7637,1,-122.320223,47.62614457,9514,23439,23439,1220252,Matched,Block,,10TH AVE E BETWEEN E ROY W ST AND E ALOHA ST,,,1,Property Damage Only Collision,Parked Car,2,0,0,2,2004/08/16 00:00:00+00,8/16/2004 7:00:00 PM,Mid-Block (not related to intersection),11,"MOTOR VEHICLE STRUCK MOTOR VEHICLE, FRONT END AT ANGLE",,0,Unknown,Unknown,Dusk,,4229004.0,,32,One parked--one moving,0,0,N
7638,1,-122.3135858,47.66855158,9515,23170,23170,1475214,Matched,Block,,NE 55TH ST BETWEEN BROOKLYN AVE NE AND UNIVERSITY WAY NE,,,1,Property Damage Only Collision,Parked Car,2,0,0,2,2004/05/08 00:00:00+00,5/8/2004,Mid-Block (not related to intersection),13,"MOTOR VEHICLE STRUCK MOTOR VEHICLE, LEFT SIDE AT ANGLE",,0,Unknown,Unknown,Unknown,,4129044.0,,32,One parked--one moving,0,0,N
7639,1,-122.3213966,47.58188481,9516,22869,22869,1776902,Matched,Intersection,31290.0,AIRPORT WAY S AND S STACY ST,,,1,Property Damage Only Collision,Right Turn,2,0,0,2,2004/04/08 00:00:00+00,4/8/2004,At Intersection (intersection related),11,"MOTOR VEHICLE STRUCK MOTOR VEHICLE, FRONT END AT ANGLE",Y,0,Clear,Dry,Daylight,,4099025.0,,16,From same direction - one right turn - one straight,0,0,N
7640,1,-122.27203850000001,47.51070513,9517,23233,23233,1771565,Matched,Block,,BEACON AVE S BETWEEN S COOPER ST AND S VICTOR ST,,,1,Property Damage Only Collision,Other,3,0,0,3,2004/10/10 00:00:00+00,10/10/2004 4:08:00 AM,Mid-Block (but intersection related),28,MOTOR VEHICLE RAN OFF ROAD - HIT FIXED OBJECT,,0,Clear,Dry,Dark - Street Lights On,,4284023.0,Y,50,Fixed object,0,0,N
7641,2,-122.3058274,47.5884106,9518,21992,21992,1784304,Matched,Intersection,31517.0,RAINIER AVE S AND S MASSACHUSETTS ST,,,2,Injury Collision,Angles,2,0,0,2,2004/11/04 00:00:00+00,11/4/2004,At Intersection (intersection related),11,"MOTOR VEHICLE STRUCK MOTOR VEHICLE, FRONT END AT ANGLE",,0,Clear,Dry,Daylight,,4309021.0,,10,Entering at angle,0,0,N
7642,2,-122.3000038,47.53944267,9519,23356,23356,1788063,Matched,Block,,SWIFT AVE S BETWEEN COVELLO W DR S AND COVELLO E DR S,,,2,Injury Collision,Head On,2,0,0,2,2004/01/02 00:00:00+00,1/2/2004,Mid-Block (not related to intersection),11,"MOTOR VEHICLE STRUCK MOTOR VEHICLE, FRONT END AT ANGLE",,0,Clear,Ice,Daylight,,4002001.0,Y,30,From opposite direction - all others,0,0,N
7643,1,-122.3275774,47.72315404,9520,23049,23049,1793721,Matched,Block,,NE 130TH ST BETWEEN 1ST AVE NE AND 3RD AVE NE,,,1,Property Damage Only Collision,Rear Ended,3,0,0,3,2004/09/17 00:00:00+00,9/17/2004 5:12:00 PM,Mid-Block (not related to intersection),14,"MOTOR VEHICLE STRUCK MOTOR VEHICLE, REAR END",,0,Clear,Dry,Daylight,,4261042.0,,14,From same direction - both going straight - one stopped - rear-end,0,0,N
7644,1,-122.3156821,47.59919952,9521,22968,22968,1772036,Matched,Block,,S JACKSON ST BETWEEN 12TH AVE S AND 14TH AVE S,,,1,Property Damage Only Collision,Sideswipe,2,0,0,2,2004/04/09 00:00:00+00,4/9/2004,Mid-Block (not related to intersection),16,"MOTOR VEHICLE STRUCK MOTOR VEHICLE, LEFT SIDE SIDESWIPE",,0,Clear,Dry,Daylight,,4100019.0,,12,From same direction - both going straight - one stopped - sideswipe,0,0,N
7645,2,-122.2821353,47.55470845,9522,22275,22275,1480915,Matched,Block,,RAINIER AVE S BETWEEN 39TH S AVE S AND 42ND AVE S,,,2,Injury Collision,Other,1,0,0,1,2004/07/18 00:00:00+00,7/18/2004 5:13:00 AM,Mid-Block (not related to intersection),28,MOTOR VEHICLE RAN OFF ROAD - HIT FIXED OBJECT,,0,Clear,Dry,Dawn,,4200004.0,,50,Fixed object,0,0,N
7646,1,-122.33263590000001,47.68864615,9523,23659,23659,1220285,Matched,Block,,N 82ND ST BETWEEN MERIDIAN AVE N AND BAGLEY AVE N,,,1,Property Damage Only Collision,Parked Car,2,0,0,2,2004/09/20 00:00:00+00,9/20/2004 12:00:00 PM,Mid-Block (but intersection related),16,"MOTOR VEHICLE STRUCK MOTOR VEHICLE, LEFT SIDE SIDESWIPE",,0,Clear,Dry,Daylight,,4264004.0,,32,One parked--one moving,0,0,N
7647,1,-122.3443534,47.61327122,9524,23078,23078,1478438,Matched,Intersection,29559.0,2ND AVE AND BLANCHARD ST,,,1,Property Damage Only Collision,Left Turn,2,0,0,2,2004/06/18 00:00:00+00,6/18/2004 9:18:00 AM,At Intersection (intersection related),11,"MOTOR VEHICLE STRUCK MOTOR VEHICLE, FRONT END AT ANGLE",,0,Clear,Dry,Daylight,,4170017.0,,15,From same direction - one left turn - one straight,0,0,N
7648,1,-122.3044,47.65006045,9525,22932,22932,1793810,Matched,Block,,MONTLAKE BLVD NE BETWEEN NE PACIFIC ST AND NE PACIFIC PL,,,1,Property Damage Only Collision,Sideswipe,3,0,0,2,2004/09/11 00:00:00+00,9/11/2004 1:05:00 PM,Mid-Block (but intersection related),16,"MOTOR VEHICLE STRUCK MOTOR VEHICLE, LEFT SIDE SIDESWIPE",,0,Clear,Dry,Daylight,,4255026.0,,11,From same direction - both going straight - both moving - sideswipe,0,0,N
7649,2,-122.3001493,47.61001804,9526,23596,23596,1790151,Matched,Intersection,30049.0,25TH AVE AND E MARION ST,,,2,Injury Collision,Angles,3,0,0,3,2004/03/09 00:00:00+00,3/9/2004,At Intersection (intersection related),11,"MOTOR VEHICLE STRUCK MOTOR VEHICLE, FRONT END AT ANGLE",,0,Overcast,Dry,Daylight,,4069008.0,,10,Entering at angle,0,0,N
7650,1,-122.33618659999999,47.66086041,9528,23514,23514,1772461,Matched,Block,,WALLINGFORD AVE N BETWEEN N 44TH ST AND N 45TH ST,,,1,Property Damage Only Collision,Parked Car,2,0,0,2,2004/07/02 00:00:00+00,7/2/2004,Mid-Block (but intersection related),14,"MOTOR VEHICLE STRUCK MOTOR VEHICLE, REAR END",,0,Clear,Dry,Daylight,,4184023.0,,32,One parked--one moving,0,0,N
7651,2,-122.29319369999999,47.72289907,9529,23438,23438,1220207,Matched,Intersection,36052.0,LAKE CITY WAY NE AND NE 130TH ST,,,2,Injury Collision,Pedestrian,3,1,0,1,2004/12/10 00:00:00+00,12/10/2004 10:04:00 PM,At Intersection (intersection related),24,MOTOR VEHCILE STRUCK PEDESTRIAN,,1,Raining,Snow/Slush,Dark - Street Lights On,,4345001.0,,0,Vehicle going straight hits pedestrian,0,0,N
7652,1,-122.33090530000001,47.73411053,9530,23191,23191,1944101,Matched,Block,,N 145TH ST BETWEEN CORLISS AVE N AND SUNNYSIDE AVE N,,,1,Property Damage Only Collision,Sideswipe,2,0,0,2,2004/12/30 00:00:00+00,12/30/2004 5:25:00 PM,Mid-Block (not related to intersection),26,MOTOR VEHICLE STRUCK OBJECT IN ROAD,,0,Clear,Dry,Dark - Street Lights On,,4365034.0,,11,From same direction - both going straight - both moving - sideswipe,0,0,N
7653,2,-122.3239554,47.65525972,9531,22668,22668,1782712,Matched,Block,,NE PACIFIC ST BETWEEN 4TH AVE NE AND NE 40TH ST,,,2,Injury Collision,Rear Ended,4,0,0,4,2004/05/18 00:00:00+00,5/18/2004 9:38:00 PM,Mid-Block (not related to intersection),14,"MOTOR VEHICLE STRUCK MOTOR VEHICLE, REAR END",,0,Clear,Dry,Dark - Street Lights On,,4139007.0,Y,13,From same direction - both going straight - both moving - rear-end,0,0,N
7654,2,-122.34531170000001,47.61735578,9532,22829,22829,1482488,Matched,Intersection,29671.0,5TH AVE AND WALL ST,,,2,Injury Collision,Pedestrian,2,1,0,1,2004/10/01 00:00:00+00,10/1/2004,At Intersection (intersection related),24,MOTOR VEHCILE STRUCK PEDESTRIAN,,0,Clear,Dry,Dark - Street Lights On,Y,4275006.0,,2,Vehicle turning left hits pedestrian,0,0,N
7655,2,-122.3811512,47.5811587,9533,22406,22406,1798484,Matched,Intersection,31062.0,39TH AVE SW AND SW ADMIRAL WAY,,,2,Injury Collision,Angles,3,0,0,2,2004/08/09 00:00:00+00,8/9/2004,At Intersection (intersection related),11,"MOTOR VEHICLE STRUCK MOTOR VEHICLE, FRONT END AT ANGLE",,0,Clear,Dry,Daylight,,4222030.0,,10,Entering at angle,0,0,N
7656,2,-122.3167794,47.61039501,9534,22620,22620,1798959,Matched,Intersection,29783.0,12TH AVE AND E MARION ST,,,2,Injury Collision,Pedestrian,2,1,0,1,2004/08/31 00:00:00+00,8/31/2004 8:40:00 PM,At Intersection (intersection related),24,MOTOR VEHCILE STRUCK PEDESTRIAN,,0,Clear,Dry,Dusk,Y,4244005.0,,0,Vehicle going straight hits pedestrian,0,0,N
7657,1,-122.26109040000001,47.51123994,9535,22787,22787,1779402,Matched,Block,,RENTON AVE S BETWEEN S COOPER ST AND S VICTOR ST,,,1,Property Damage Only Collision,Parked Car,2,0,0,2,2004/01/02 00:00:00+00,1/2/2004,Mid-Block (not related to intersection),16,"MOTOR VEHICLE STRUCK MOTOR VEHICLE, LEFT SIDE SIDESWIPE",Y,0,Overcast,Wet,Daylight,,4002049.0,,32,One parked--one moving,0,0,N
7658,1,-122.3239663,47.60637435,9536,23154,23154,1788645,Matched,Block,,TERRY AVE BETWEEN JAMES ST AND CHERRY ST,,,1,Property Damage Only Collision,Parked Car,2,0,0,2,2004/02/09 00:00:00+00,2/9/2004,Mid-Block (not related to intersection),14,"MOTOR VEHICLE STRUCK MOTOR VEHICLE, REAR END",Y,0,Clear,Dry,Daylight,,4040008.0,,32,One parked--one moving,0,0,N
7659,1,-122.3339376,47.70548994,9537,22853,22853,1079981,Matched,Block,,MERIDIAN AVE N BETWEEN N 105TH ST AND N 106TH ST,,,1,Property Damage Only Collision,Parked Car,2,0,0,2,2004/07/01 00:00:00+00,7/1/2004,Mid-Block (not related to intersection),13,"MOTOR VEHICLE STRUCK MOTOR VEHICLE, LEFT SIDE AT ANGLE",,0,Clear,Dry,Daylight,,4183036.0,,32,One parked--one moving,0,0,N
7660,1,-122.32937849999999,47.68595851,9539,22754,22754,1781924,Matched,Block,,SUNNYSIDE AVE N BETWEEN N 77TH ST AND N 80TH E ST,,,1,Property Damage Only Collision,Parked Car,2,0,0,2,2004/09/29 00:00:00+00,9/29/2004 4:00:00 PM,Mid-Block (not related to intersection),14,"MOTOR VEHICLE STRUCK MOTOR VEHICLE, REAR END",,0,Clear,Dry,Daylight,,4273002.0,,32,One parked--one moving,0,0,N
7661,1,-122.33034750000002,47.61788832,9540,22842,22842,1213319,Matched,Block,,YALE AVE BETWEEN HOWELL ST AND STEWART ST,,,1,Property Damage Only Collision,Parked Car,3,0,0,2,2004/01/19 00:00:00+00,1/19/2004 1:24:00 AM,Mid-Block (not related to intersection),14,"MOTOR VEHICLE STRUCK MOTOR VEHICLE, REAR END",,1,Clear,Dry,Dark - Street Lights On,,4019012.0,,32,One parked--one moving,0,0,N
7662,1,-122.31711059999999,47.66129534,9541,22422,22422,C649750,Matched,Block,,NE 45TH ST BETWEEN ROOSEVELT WAY NE AND 11TH AVE NE,,,1,Property Damage Only Collision,Other,2,0,0,2,2004/12/07 00:00:00+00,12/7/2004,Driveway Junction,11,"MOTOR VEHICLE STRUCK MOTOR VEHICLE, FRONT END AT ANGLE",,0,Raining,Wet,Dark - Street Lights On,,4342067.0,,22,One car leaving driveway access,0,0,N
7663,1,-122.31758130000001,47.69765508,9543,23045,23045,1780247,Matched,Intersection,37512.0,ROOSEVELT WAY NE AND NE 95TH ST,,,1,Property Damage Only Collision,Angles,3,0,0,2,2004/04/28 00:00:00+00,4/28/2004 4:32:00 PM,At Intersection (intersection related),11,"MOTOR VEHICLE STRUCK MOTOR VEHICLE, FRONT END AT ANGLE",,0,Clear,Dry,Daylight,,4119010.0,,10,Entering at angle,0,0,N
7664,1,-122.38620220000001,47.55569166,9544,22105,22105,1480813,Matched,Block,,SW DAWSON ST BETWEEN 42ND AVE SW AND CALIFORNIA S AVE SW,,,1,Property Damage Only Collision,Parked Car,2,0,0,2,2004/10/10 00:00:00+00,10/10/2004 1:52:00 PM,Mid-Block (not related to intersection),16,"MOTOR VEHICLE STRUCK MOTOR VEHICLE, LEFT SIDE SIDESWIPE",,0,Clear,Dry,Daylight,,4284012.0,,32,One parked--one moving,0,0,N
7665,2,-122.3076162,47.65054328,9545,23636,23636,1779744,Matched,Intersection,27298.0,NE PACIFIC PL AND NE PACIFIC ST,,,2,Injury Collision,Other,3,0,0,2,2004/06/10 00:00:00+00,6/10/2004 6:07:00 PM,At Intersection (intersection related),11,"MOTOR VEHICLE STRUCK MOTOR VEHICLE, FRONT END AT ANGLE",,0,Overcast,Dry,Daylight,,4162008.0,,21,One car entering driveway access,0,0,N
7666,1,-122.35312350000001,47.52743303,9546,23146,23146,1775466,Matched,Intersection,35010.0,14TH AVE SW AND SW SULLIVAN ST,,,1,Property Damage Only Collision,Angles,3,0,0,2,2004/04/27 00:00:00+00,4/27/2004 7:53:00 PM,At Intersection (intersection related),11,"MOTOR VEHICLE STRUCK MOTOR VEHICLE, FRONT END AT ANGLE",,0,Overcast,Dry,Daylight,,4118013.0,,10,Entering at angle,0,0,N
7667,2,-122.27847109999999,47.50876844,9547,22710,22710,1771688,Matched,Block,,M L KING JR WR WAY S BETWEEN S 104TH PL AND S RYAN WAY,,,2,Injury Collision,Rear Ended,3,0,0,2,2004/02/15 00:00:00+00,2/15/2004 11:50:00 AM,Mid-Block (but intersection related),14,"MOTOR VEHICLE STRUCK MOTOR VEHICLE, REAR END",,0,Overcast,Wet,Daylight,,4046007.0,,14,From same direction - both going straight - one stopped - rear-end,0,0,N
7668,1,-122.3341108,47.60991762,9548,23672,23672,1333798,Matched,Block,,UNION ST BETWEEN 5TH AVE AND 6TH AVE,,,1,Property Damage Only Collision,Sideswipe,4,0,0,2,2004/07/25 00:00:00+00,7/25/2004 7:00:00 PM,Mid-Block (but intersection related),16,"MOTOR VEHICLE STRUCK MOTOR VEHICLE, LEFT SIDE SIDESWIPE",,0,Clear,Dry,Dusk,,4207022.0,,81,Same direction -- both turning left -- both moving -- sideswipe,0,0,N
7669,1,-122.3259767,47.57980933,9549,22889,22889,1213812,Matched,Intersection,31368.0,6TH AVE S AND S LANDER ST,,,1,Property Damage Only Collision,Sideswipe,2,0,0,2,2004/07/29 00:00:00+00,7/29/2004 5:05:00 PM,At Intersection (intersection related),11,"MOTOR VEHICLE STRUCK MOTOR VEHICLE, FRONT END AT ANGLE",,0,Clear,Dry,Daylight,,4211020.0,,71,Same direction -- both turning right -- both moving -- sideswipe,0,0,N
7670,2,-122.31243319999999,47.71216667,9550,22976,22976,1779694,Matched,Intersection,36474.0,15TH AVE NE AND NE 115TH ST,,,2,Injury Collision,Head On,2,0,0,2,2004/10/02 00:00:00+00,10/2/2004,At Intersection (intersection related),11,"MOTOR VEHICLE STRUCK MOTOR VEHICLE, FRONT END AT ANGLE",,0,Clear,Dry,Daylight,,4276017.0,,30,From opposite direction - all others,0,0,N
7671,2,-122.31145590000001,47.61644559,9551,22274,22274,1789785,Matched,Intersection,30121.0,16TH AVE AND E OLIVE ST,,,2,Injury Collision,Pedestrian,2,1,0,1,2004/05/10 00:00:00+00,5/10/2004 6:00:00 AM,At Intersection (intersection related),24,MOTOR VEHCILE STRUCK PEDESTRIAN,,0,Overcast,Dry,Dawn,Y,4131005.0,,2,Vehicle turning left hits pedestrian,0,0,N
7672,2,-122.3606497,47.68730021,9552,23337,23337,1775491,Matched,Block,,3RD AVE NW BETWEEN NW 80TH ST AND NW 81ST ST,,,2,Injury Collision,Rear Ended,3,0,0,3,2004/07/07 00:00:00+00,7/7/2004,Mid-Block (but intersection related),14,"MOTOR VEHICLE STRUCK MOTOR VEHICLE, REAR END",,1,Clear,Dry,Dusk,,4189006.0,,14,From same direction - both going straight - one stopped - rear-end,0,0,N
7673,1,-122.318868,47.61875416,9553,23087,23087,1080077,Matched,Block,,E DENNY WAY BETWEEN 10TH AVE E AND 11TH AVE,,,1,Property Damage Only Collision,Parked Car,2,0,0,2,2004/05/28 00:00:00+00,5/28/2004 2:00:00 PM,Mid-Block (not related to intersection),11,"MOTOR VEHICLE STRUCK MOTOR VEHICLE, FRONT END AT ANGLE",,0,Unknown,Unknown,Daylight,,4149056.0,,32,One parked--one moving,0,0,N
7674,1,,,9556,23227,23227,1784827,Matched,Block,,BATTERY ST TUNNEL NB BETWEEN ALASKAN WY VI NB AND AURORA AVE N,,,1,Property Damage Only Collision,Other,1,0,0,1,2004/09/16 00:00:00+00,9/16/2004 1:20:00 AM,Mid-Block (not related to intersection),26,MOTOR VEHICLE STRUCK OBJECT IN ROAD,,0,Clear,Dry,Dark - Street Lights On,,4260008.0,,50,Fixed object,0,0,N
7675,1,-122.36266770000002,47.65123294,9558,23205,23205,1777343,Matched,Block,,W NICKERSON ST BETWEEN 3RD AVE W AND 6TH AVE W,,,1,Property Damage Only Collision,Parked Car,2,0,0,2,2004/05/03 00:00:00+00,5/3/2004,Mid-Block (but intersection related),11,"MOTOR VEHICLE STRUCK MOTOR VEHICLE, FRONT END AT ANGLE",,0,Clear,Dry,Daylight,,4124021.0,,20,One car leaving parked position,0,0,N
7676,2,-122.3343091,47.54827138,9559,22735,22735,1798370,Matched,Intersection,33046.0,1ST AVE S AND EAST MARGINAL WAY S,,,2,Injury Collision,Rear Ended,2,0,0,2,2004/09/14 00:00:00+00,9/14/2004 5:10:00 PM,At Intersection (intersection related),14,"MOTOR VEHICLE STRUCK MOTOR VEHICLE, REAR END",,0,Raining,Wet,Daylight,,4258001.0,,14,From same direction - both going straight - one stopped - rear-end,0,0,N
7677,2,-122.302329,47.65499523,9560,22975,22975,1779687,Matched,Block,,MONTLAKE BLVD NE BETWEEN NE PACIFIC PL AND 25TH AVE NE,,,2,Injury Collision,Other,1,0,0,1,2004/08/06 00:00:00+00,8/6/2004,Mid-Block (not related to intersection),26,MOTOR VEHICLE STRUCK OBJECT IN ROAD,Y,0,Raining,Wet,Daylight,,4219058.0,,50,Fixed object,0,0,N
7678,2,-122.33382160000001,47.54528535,9561,22493,22493,1790684,Matched,Block,,1ST AV S BR NB BETWEEN EAST MARGINAL WAY S AND 1ST AV S NB OFF RP,,,2,Injury Collision,Rear Ended,4,0,0,4,2004/09/20 00:00:00+00,9/20/2004 11:01:00 AM,Mid-Block (not related to intersection),14,"MOTOR VEHICLE STRUCK MOTOR VEHICLE, REAR END",,0,Fog/Smog/Smoke,Dry,Daylight,,4264001.0,Y,14,From same direction - both going straight - one stopped - rear-end,0,0,N
7679,1,-122.37736979999998,47.52286745,9562,22768,22768,1790456,Matched,Block,,SW HENDERSON ST BETWEEN 35TH AVE SW AND 36TH AVE SW,,,1,Property Damage Only Collision,Parked Car,2,0,0,2,2004/04/24 00:00:00+00,4/24/2004 1:53:00 PM,Mid-Block (not related to intersection),16,"MOTOR VEHICLE STRUCK MOTOR VEHICLE, LEFT SIDE SIDESWIPE",,0,Clear,Dry,Daylight,,4115010.0,,32,One parked--one moving,0,0,N
7680,2,-122.26999540000001,47.52165888,9563,23034,23034,1779043,Matched,Block,,RAINIER AVE S BETWEEN S DIRECTOR S ST AND S FISHER PL,,,2,Injury Collision,Rear Ended,4,0,0,2,2004/03/31 00:00:00+00,3/31/2004 3:10:00 PM,Mid-Block (but intersection related),14,"MOTOR VEHICLE STRUCK MOTOR VEHICLE, REAR END",Y,0,Clear,Dry,Daylight,,4091009.0,,14,From same direction - both going straight - one stopped - rear-end,0,0,N
7681,1,-122.3272973,47.60498268,9564,23314,23314,1182050,Matched,Block,,7TH AVE BETWEEN JAMES ST AND CHERRY ST,,,1,Property Damage Only Collision,Parked Car,2,0,0,2,2004/09/07 00:00:00+00,9/7/2004,Mid-Block (not related to intersection),11,"MOTOR VEHICLE STRUCK MOTOR VEHICLE, FRONT END AT ANGLE",,0,Clear,Dry,Daylight,,4251005.0,,32,One parked--one moving,0,0,N