,SEVERITYCODE,X,Y,OBJECTID,INCKEY,COLDETKEY,REPORTNO,STATUS,ADDRTYPE,INTKEY,LOCATION,EXCEPTRSNCODE,EXCEPTRSNDESC,SEVERITYCODE.1,SEVERITYDESC,COLLISIONTYPE,PERSONCOUNT,PEDCOUNT,PEDCYLCOUNT,VEHCOUNT,INCDATE,INCDTTM,JUNCTIONTYPE,SDOT_COLCODE,SDOT_COLDESC,INATTENTIONIND,UNDERINFL,WEATHER,ROADCOND,LIGHTCOND,PEDROWNOTGRNT,SDOTCOLNUM,SPEEDING,ST_COLCODE,ST_COLDESC,SEGLANEKEY,CROSSWALKKEY,HITPARKEDCAR
7682,2,-122.3012625,47.73382383,9565,22580,22580,1895057,Matched,Block,,NE 145TH ST BETWEEN 25TH AVE NE AND 26TH AVE NE,,,2,Injury Collision,Rear Ended,2,0,0,2,2004/03/14 00:00:00+00,3/14/2004 5:40:00 PM,Mid-Block (but intersection related),14,"MOTOR VEHICLE STRUCK MOTOR VEHICLE, REAR END",,0,Clear,Dry,Daylight,,4074025.0,,14,From same direction - both going straight - one stopped - rear-end,0,0,N
7683,1,-122.3910752,47.54262209,9566,23216,23216,1781448,Matched,Block,,HOLLY PL SW BETWEEN SW HOLLY ST AND SW WILLOW ST,,,1,Property Damage Only Collision,Parked Car,2,0,0,2,2004/11/03 00:00:00+00,11/3/2004,Mid-Block (not related to intersection),14,"MOTOR VEHICLE STRUCK MOTOR VEHICLE, REAR END",,0,Clear,Dry,Unknown,,4308017.0,,32,One parked--one moving,0,0,N
7684,2,-122.26998909999999,47.53210531,9567,22991,22991,1772807,Matched,Block,,RAINIER AVE S BETWEEN S CHICAGO ST AND S KENYON ST,,,2,Injury Collision,Other,4,0,0,2,2004/06/29 00:00:00+00,6/29/2004 1:28:00 PM,Mid-Block (not related to intersection),14,"MOTOR VEHICLE STRUCK MOTOR VEHICLE, REAR END",Y,0,Clear,Dry,Daylight,,4181008.0,,21,One car entering driveway access,0,0,N
7685,1,-122.4141301,47.64225012,9568,23346,23346,1784661,Matched,Block,,MAGNOLIA BLVD W BETWEEN W MONTFORT PL AND W RAYE ST,,,1,Property Damage Only Collision,Other,1,0,0,1,2004/11/27 00:00:00+00,11/27/2004 5:22:00 PM,Mid-Block (not related to intersection),28,MOTOR VEHICLE RAN OFF ROAD - HIT FIXED OBJECT,,1,Clear,Dry,Dark - Street Lights On,,4332009.0,Y,50,Fixed object,0,0,N
7686,1,-122.3368909,47.60540829,9569,22810,22810,1069957,Matched,Intersection,29615.0,1ST AVE AND SPRING ST,,,1,Property Damage Only Collision,Angles,8,0,0,2,2004/12/06 00:00:00+00,12/6/2004,At Intersection (intersection related),11,"MOTOR VEHICLE STRUCK MOTOR VEHICLE, FRONT END AT ANGLE",,0,Clear,Dry,Dark - Street Lights Off,,4341010.0,,10,Entering at angle,0,0,N
7687,2,-122.39886429999999,47.58541137,9570,22550,22550,1482115,Matched,Block,,ALKI AVE SW BETWEEN SW ILLINOIS ST AND BONAIR DR SW,,,2,Injury Collision,Sideswipe,5,0,0,2,2004/06/02 00:00:00+00,6/2/2004,Mid-Block (not related to intersection),11,"MOTOR VEHICLE STRUCK MOTOR VEHICLE, FRONT END AT ANGLE",,0,Clear,Dry,Daylight,,4154019.0,,11,From same direction - both going straight - both moving - sideswipe,0,0,N
7688,1,-122.3627314,47.70139041,9572,23394,23394,1773772,Matched,Block,,HOLMAN RD NW BETWEEN 6TH AVE NW AND 4TH AVE NW,,,1,Property Damage Only Collision,Other,4,0,0,1,2004/02/16 00:00:00+00,2/16/2004 10:27:00 AM,Mid-Block (but intersection related),28,MOTOR VEHICLE RAN OFF ROAD - HIT FIXED OBJECT,Y,0,Raining,Wet,Daylight,,4047008.0,,50,Fixed object,0,0,N
7689,1,-122.2961533,47.66555658,9573,23063,23063,1780423,Matched,Block,,NE BLAKELEY ST BETWEEN 29TH AVE NE AND 30TH N AVE NE,,,1,Property Damage Only Collision,Parked Car,2,0,0,2,2004/05/24 00:00:00+00,5/24/2004 6:00:00 PM,Mid-Block (not related to intersection),13,"MOTOR VEHICLE STRUCK MOTOR VEHICLE, LEFT SIDE AT ANGLE",,0,Clear,Dry,Daylight,,4145030.0,,32,One parked--one moving,0,0,N
7690,2,-122.36659820000001,47.51737101,9575,22711,22711,1781238,Matched,Block,,SW ROXBURY ST BETWEEN 26TH AVE SW AND 27TH AVE SW,,,2,Injury Collision,Other,1,0,0,1,2004/09/02 00:00:00+00,9/2/2004,Mid-Block (but intersection related),28,MOTOR VEHICLE RAN OFF ROAD - HIT FIXED OBJECT,Y,0,Clear,Dry,Daylight,,4246008.0,,50,Fixed object,0,0,N
7691,1,-122.3368909,47.60540829,9576,23359,23359,1776957,Matched,Intersection,29615.0,1ST AVE AND SPRING ST,,,1,Property Damage Only Collision,Angles,3,0,0,3,2004/02/16 00:00:00+00,2/16/2004 4:45:00 AM,At Intersection (intersection related),11,"MOTOR VEHICLE STRUCK MOTOR VEHICLE, FRONT END AT ANGLE",,0,Raining,Wet,Daylight,,4047011.0,,10,Entering at angle,0,0,N
7692,1,-122.30885390000002,47.61410291,9577,22612,22612,1216589,Matched,Intersection,30140.0,18TH AVE AND E PIKE ST,,,1,Property Damage Only Collision,Angles,3,0,0,2,2004/06/26 00:00:00+00,6/26/2004 4:00:00 PM,At Intersection (intersection related),11,"MOTOR VEHICLE STRUCK MOTOR VEHICLE, FRONT END AT ANGLE",,0,Clear,Dry,Daylight,,4178046.0,,10,Entering at angle,0,0,N
7693,2,-122.3423344,47.62626148,9578,22564,22564,1214016,Matched,Intersection,28736.0,DEXTER AVE N AND VALLEY ST,,,2,Injury Collision,Left Turn,3,0,0,2,2004/08/13 00:00:00+00,8/13/2004 4:35:00 PM,At Intersection (intersection related),11,"MOTOR VEHICLE STRUCK MOTOR VEHICLE, FRONT END AT ANGLE",,0,Clear,Dry,Daylight,,4226033.0,,28,From opposite direction - one left turn - one straight,0,0,N
7694,1,-122.3101449,47.61702584,9580,22942,22942,C649602,Matched,Block,,17TH AVE BETWEEN E OLIVE ST AND E HOWELL ST,,,1,Property Damage Only Collision,Parked Car,2,0,0,2,2004/11/05 00:00:00+00,11/5/2004,Mid-Block (not related to intersection),11,"MOTOR VEHICLE STRUCK MOTOR VEHICLE, FRONT END AT ANGLE",,0,Clear,Dry,Daylight,,4310035.0,,20,One car leaving parked position,0,0,N
7695,1,-122.28079709999999,47.53623841,9581,22954,22954,1477006,Matched,Block,,M L KING JR ER WAY S BETWEEN S OTHELLO ST AND RENTON S AVE S,,,1,Property Damage Only Collision,Sideswipe,2,0,0,2,2004/03/23 00:00:00+00,3/23/2004 1:15:00 PM,Mid-Block (but intersection related),16,"MOTOR VEHICLE STRUCK MOTOR VEHICLE, LEFT SIDE SIDESWIPE",,0,Clear,Dry,Daylight,,4083022.0,,11,From same direction - both going straight - both moving - sideswipe,0,0,N
7696,2,-122.3232189,47.67930879,9582,22593,22593,1781902,Matched,Block,,NE 70TH ST BETWEEN OSWEGO PL NE AND 5TH AVE NE,,,2,Injury Collision,Pedestrian,2,1,0,1,2004/05/27 00:00:00+00,5/27/2004 4:05:00 PM,Mid-Block (not related to intersection),24,MOTOR VEHCILE STRUCK PEDESTRIAN,,0,Raining,Wet,Daylight,,4148044.0,,0,Vehicle going straight hits pedestrian,0,0,N
7697,1,-122.36522099999999,47.52102254,9583,23238,23238,1781205,Matched,Block,,SW BARTON ST BETWEEN 25TH AVE SW AND 26TH AVE SW,,,1,Property Damage Only Collision,Other,1,0,0,1,2004/04/03 00:00:00+00,4/3/2004,Mid-Block (not related to intersection),28,MOTOR VEHICLE RAN OFF ROAD - HIT FIXED OBJECT,Y,0,Clear,Dry,Dusk,,4094005.0,,50,Fixed object,0,0,N
7698,1,-122.31364209999998,47.6649046,9585,22667,22667,1782697,Matched,Block,,NE 50TH ST BETWEEN BROOKLYN AVE NE AND UNIVERSITY WAY NE,,,1,Property Damage Only Collision,Other,4,0,0,2,2004/12/04 00:00:00+00,12/4/2004,Driveway Junction,14,"MOTOR VEHICLE STRUCK MOTOR VEHICLE, REAR END",,0,Overcast,Dry,Dark - Street Lights On,,4339034.0,,21,One car entering driveway access,0,0,N
7699,1,-122.32671210000001,47.54610146,9587,22543,22543,1781408,Matched,Block,,S MICHIGAN ST BETWEEN 5TH PL S AND 6TH AVE S,,,1,Property Damage Only Collision,Rear Ended,4,0,0,2,2004/09/24 00:00:00+00,9/24/2004 5:54:00 PM,Mid-Block (but intersection related),14,"MOTOR VEHICLE STRUCK MOTOR VEHICLE, REAR END",,0,Clear,Dry,Daylight,,4268032.0,,14,From same direction - both going straight - one stopped - rear-end,0,0,N
7700,2,-122.3512807,47.65414273,9589,23067,23067,1794977,Matched,Intersection,27010.0,EVANSTON AVE N AND N 39TH ST,,,2,Injury Collision,Left Turn,2,0,0,2,2004/09/09 00:00:00+00,9/9/2004,At Intersection (intersection related),11,"MOTOR VEHICLE STRUCK MOTOR VEHICLE, FRONT END AT ANGLE",,0,Clear,Dry,Daylight,,4253034.0,,28,From opposite direction - one left turn - one straight,0,0,N
7701,1,-122.3185524,47.71153031,9590,23456,23456,1774239,Matched,Block,,NE 114TH ST BETWEEN 9TH AVE NE AND ROOSEVELT N WAY NE,,,1,Property Damage Only Collision,Parked Car,2,0,0,2,2004/09/04 00:00:00+00,9/4/2004,Mid-Block (not related to intersection),11,"MOTOR VEHICLE STRUCK MOTOR VEHICLE, FRONT END AT ANGLE",,0,Clear,Dry,Daylight,,4248020.0,,32,One parked--one moving,0,0,N
7702,1,-122.31576869999999,47.66644302,9593,22757,22757,C649431,Matched,Block,,NE 52ND ST BETWEEN 11TH AVE NE AND 12TH AVE NE,,,1,Property Damage Only Collision,Angles,2,0,0,2,2004/10/21 00:00:00+00,10/21/2004 12:10:00 PM,Driveway Junction,11,"MOTOR VEHICLE STRUCK MOTOR VEHICLE, FRONT END AT ANGLE",,0,Clear,Dry,Daylight,,4295019.0,,10,Entering at angle,0,0,N
7703,1,-122.28929140000001,47.71642714,9595,22127,22127,1794331,Matched,Block,,36TH AVE NE BETWEEN NE 120TH ST AND NE 123RD ST,,,1,Property Damage Only Collision,Other,1,0,0,1,2004/06/13 00:00:00+00,6/13/2004 3:02:00 PM,Mid-Block (not related to intersection),28,MOTOR VEHICLE RAN OFF ROAD - HIT FIXED OBJECT,,0,Overcast,Dry,Daylight,,4165022.0,,50,Fixed object,0,0,N
7704,2,-122.3172267,47.59749957,9596,23095,23095,1799054,Matched,Intersection,30436.0,12TH AVE S AND S WELLER ST,,,2,Injury Collision,Pedestrian,2,1,0,1,2004/09/16 00:00:00+00,9/16/2004 1:25:00 PM,At Intersection (intersection related),24,MOTOR VEHCILE STRUCK PEDESTRIAN,,0,Overcast,Dry,Daylight,Y,4260010.0,,2,Vehicle turning left hits pedestrian,0,0,N
7705,2,-122.37677179999999,47.68045516,9597,23048,23048,1220407,Matched,Block,,15TH AVE NW BETWEEN NW 70TH ST AND NW 73RD ST,,,2,Injury Collision,Rear Ended,2,0,0,2,2004/08/24 00:00:00+00,8/24/2004 12:23:00 PM,Mid-Block (but intersection related),14,"MOTOR VEHICLE STRUCK MOTOR VEHICLE, REAR END",,1,Overcast,Wet,Daylight,,4237030.0,,14,From same direction - both going straight - one stopped - rear-end,0,0,N
7706,2,-122.32340149999999,47.61407001,9598,23019,23019,1772507,Matched,Intersection,29743.0,BOYLSTON AVE AND E PIKE ST,,,2,Injury Collision,Cycles,2,0,1,1,2004/05/31 00:00:00+00,5/31/2004 12:03:00 AM,At Intersection (intersection related),51,PEDALCYCLIST STRUCK MOTOR VEHICLE FRONT END AT ANGLE,,0,Clear,Dry,Dark - Street Lights On,,4152002.0,,45,Vehicle - Pedalcyclist,0,0,N
7707,1,,,9600,23151,23151,1788265,Matched,,,,NEI,"Not Enough Information, or Insufficient Location Information",1,Property Damage Only Collision,Parked Car,2,0,0,2,2004/01/15 00:00:00+00,1/15/2004 10:45:00 PM,,0,NOT ENOUGH INFORMATION / NOT APPLICABLE,Y,0,Clear,Dry,Dark - Street Lights On,,4015026.0,,32,One parked--one moving,0,0,N
7708,1,-122.3187824,47.66038085,9601,22850,22850,1794961,Matched,Block,,9TH AVE NE BETWEEN NE 43RD ST AND NE 45TH W ST,,,1,Property Damage Only Collision,Parked Car,2,0,0,2,2004/09/26 00:00:00+00,9/26/2004 12:01:00 AM,Mid-Block (not related to intersection),12,"MOTOR VEHICLE STRUCK MOTOR VEHICLE, RIGHT SIDE AT ANGLE",,0,Unknown,Unknown,Unknown,,4270004.0,,32,One parked--one moving,0,0,N
7709,2,-122.3276633,47.60003408,9603,22602,22602,1482609,Matched,Intersection,30501.0,5TH AVE S AND S MAIN ST,,,2,Injury Collision,Angles,2,0,0,2,2004/05/27 00:00:00+00,5/27/2004 7:51:00 AM,At Intersection (intersection related),11,"MOTOR VEHICLE STRUCK MOTOR VEHICLE, FRONT END AT ANGLE",,0,Raining,Wet,Daylight,,4148007.0,,10,Entering at angle,0,0,N
7710,1,-122.35483729999999,47.54832347,9604,22838,22838,1204272,Matched,Block,,16TH AVE SW BETWEEN SW FINDLAY ST AND SW MORGAN ST,,,1,Property Damage Only Collision,Other,3,0,0,2,2004/02/20 00:00:00+00,2/20/2004 1:15:00 PM,Mid-Block (but intersection related),11,"MOTOR VEHICLE STRUCK MOTOR VEHICLE, FRONT END AT ANGLE",Y,0,Clear,Dry,Daylight,,4051011.0,,23,From same direction - all others,0,0,N
7711,1,-122.3808723,47.66794712,9605,22270,22270,1777408,Matched,Block,,TALLMAN AVE NW BETWEEN NW CENTRAL PL AND NW MARKET ST,,,1,Property Damage Only Collision,Parked Car,2,0,0,2,2004/03/10 00:00:00+00,3/10/2004 7:00:00 PM,Mid-Block (not related to intersection),13,"MOTOR VEHICLE STRUCK MOTOR VEHICLE, LEFT SIDE AT ANGLE",,0,Clear,Dry,Dark - Street Lights On,,4070006.0,,32,One parked--one moving,0,0,N
7712,1,-122.3452084,47.62445238,9606,23333,23333,1212043,Matched,Block,,MERCER ST BETWEEN TAYLOR AVE N AND 6TH AVE N,,,1,Property Damage Only Collision,Other,2,0,0,2,2004/05/31 00:00:00+00,5/31/2004 1:15:00 PM,Mid-Block (not related to intersection),11,"MOTOR VEHICLE STRUCK MOTOR VEHICLE, FRONT END AT ANGLE",,0,Clear,Dry,Daylight,,4152016.0,,22,One car leaving driveway access,0,0,N
7713,2,-122.3449619,47.72184683,9607,22650,22650,1080015,Matched,Block,,AURORA AVE N BETWEEN N 127TH ST AND N 128TH ST,,,2,Injury Collision,Rear Ended,3,0,0,3,2004/08/28 00:00:00+00,8/28/2004 5:58:00 PM,Mid-Block (not related to intersection),14,"MOTOR VEHICLE STRUCK MOTOR VEHICLE, REAR END",Y,0,Overcast,Dry,Daylight,,4241016.0,,13,From same direction - both going straight - both moving - rear-end,0,0,N
7714,1,-122.3532666,47.69058906,9608,23323,23323,1079997,Matched,Block,,N 85TH ST BETWEEN PHINNEY AVE N AND DAYTON AVE N,,,1,Property Damage Only Collision,Sideswipe,2,0,0,2,2004/07/18 00:00:00+00,7/18/2004 9:30:00 PM,Mid-Block (but intersection related),16,"MOTOR VEHICLE STRUCK MOTOR VEHICLE, LEFT SIDE SIDESWIPE",,0,Clear,Dry,Dusk,,4200019.0,,11,From same direction - both going straight - both moving - sideswipe,0,0,N
7715,2,-122.318141,47.61409443,9611,22432,22432,1216813,Matched,Intersection,29747.0,11TH AVE AND E PIKE ST,,,2,Injury Collision,Pedestrian,3,1,0,1,2004/07/21 00:00:00+00,7/21/2004 6:16:00 PM,At Intersection (intersection related),24,MOTOR VEHCILE STRUCK PEDESTRIAN,,0,Clear,Dry,Daylight,Y,4203015.0,,2,Vehicle turning left hits pedestrian,0,0,N
7716,2,-122.34509609999999,47.54736919,9612,23497,23497,1798260,Matched,Block,,WEST MARGINAL WAY SW BETWEEN SW BRANDON ST AND SW FRONT ST,,,2,Injury Collision,Other,2,0,0,2,2004/08/20 00:00:00+00,8/20/2004 6:26:00 PM,Driveway Junction,14,"MOTOR VEHICLE STRUCK MOTOR VEHICLE, REAR END",,1,Clear,Dry,Daylight,,4233021.0,Y,21,One car entering driveway access,0,0,N
7717,1,-122.32570990000002,47.59919176,9616,23026,23026,1777021,Matched,Block,,S JACKSON ST BETWEEN 6TH AVE S AND MAYNARD AVE S,,,1,Property Damage Only Collision,Rear Ended,4,0,0,2,2004/04/17 00:00:00+00,4/17/2004 11:15:00 AM,Mid-Block (but intersection related),14,"MOTOR VEHICLE STRUCK MOTOR VEHICLE, REAR END",,0,Clear,Dry,Daylight,,4108026.0,,14,From same direction - both going straight - one stopped - rear-end,0,0,N
7718,1,-122.3532855,47.69241234,9617,23031,23031,1778780,Matched,Block,,N 87TH ST BETWEEN PHINNEY AVE N AND DAYTON AVE N,,,1,Property Damage Only Collision,Parked Car,2,0,0,2,2004/04/07 00:00:00+00,4/7/2004,Mid-Block (not related to intersection),13,"MOTOR VEHICLE STRUCK MOTOR VEHICLE, LEFT SIDE AT ANGLE",,0,Unknown,Unknown,Unknown,,4098029.0,,32,One parked--one moving,0,0,N
7719,1,-122.30090619999999,47.661888299999994,9619,22718,22718,1774039,Matched,Block,,25TH AVE NE BETWEEN NE 44TH ST AND NE 47TH ST,,,1,Property Damage Only Collision,Other,5,0,0,2,2004/04/02 00:00:00+00,4/2/2004,Driveway Junction,11,"MOTOR VEHICLE STRUCK MOTOR VEHICLE, FRONT END AT ANGLE",,0,Clear,Dry,Daylight,,4093012.0,,22,One car leaving driveway access,0,0,N
7720,1,-122.33920690000001,47.56909948,9620,23369,23369,1795627,Matched,Block,,EAST MARGINAL NB WAY S BETWEEN EAST MARGINAL ER WAY S AND DUWAMISH AVE S,,,1,Property Damage Only Collision,Sideswipe,2,0,0,2,2004/10/22 00:00:00+00,10/22/2004 8:00:00 AM,Mid-Block (not related to intersection),16,"MOTOR VEHICLE STRUCK MOTOR VEHICLE, LEFT SIDE SIDESWIPE",,0,Overcast,Dry,Daylight,,4296007.0,,11,From same direction - both going straight - both moving - sideswipe,0,0,N
7721,1,-122.3555581,47.72848302,9621,22846,22846,1773707,Matched,Block,,GREENWOOD AVE N BETWEEN N 136TH ST AND N 137TH ST,,,1,Property Damage Only Collision,Rear Ended,2,0,0,2,2004/03/24 00:00:00+00,3/24/2004 11:45:00 AM,Mid-Block (but intersection related),14,"MOTOR VEHICLE STRUCK MOTOR VEHICLE, REAR END",Y,0,Overcast,Wet,Daylight,,4084016.0,,14,From same direction - both going straight - one stopped - rear-end,0,0,N
7722,2,-122.32739529999999,47.59239378,9623,23075,23075,1069403,Matched,Intersection,30565.0,5TH AVE S AND S ROYAL BROUGHAM WAY,,,2,Injury Collision,Angles,2,0,0,2,2004/11/18 00:00:00+00,11/18/2004 7:03:00 AM,At Intersection (intersection related),11,"MOTOR VEHICLE STRUCK MOTOR VEHICLE, FRONT END AT ANGLE",,0,Raining,Wet,Daylight,,4323028.0,,10,Entering at angle,0,0,N
7723,2,-122.37629150000001,47.55287088,9626,23631,23631,1789286,Matched,Block,,35TH AVE SW BETWEEN SW BRANDON ST AND SW FINDLAY ST,,,2,Injury Collision,Rear Ended,3,0,0,2,2004/01/22 00:00:00+00,1/22/2004 4:11:00 AM,Mid-Block (not related to intersection),14,"MOTOR VEHICLE STRUCK MOTOR VEHICLE, REAR END",Y,0,Fog/Smog/Smoke,Dry,Dark - Street Lights On,,4022012.0,,14,From same direction - both going straight - one stopped - rear-end,0,0,N
7724,2,-122.35333529999998,47.6650185,9627,22634,22634,1773769,Matched,Block,,N 50TH ST BETWEEN PHINNEY E AVE N AND DAYTON AVE N,,,2,Injury Collision,Rear Ended,6,0,0,3,2004/02/05 00:00:00+00,2/5/2004,Mid-Block (but intersection related),14,"MOTOR VEHICLE STRUCK MOTOR VEHICLE, REAR END",Y,0,Clear,Dry,Daylight,,4036035.0,,14,From same direction - both going straight - one stopped - rear-end,0,0,N
7725,2,-122.3273692,47.67796763,9629,22151,22151,1780183,Matched,Block,,2ND AVE NE BETWEEN WOODLAWN S AVE NE AND EAST GREEN LAKE WAY N,,,2,Injury Collision,Parked Car,6,0,0,2,2004/02/21 00:00:00+00,2/21/2004 1:53:00 PM,Mid-Block (not related to intersection),11,"MOTOR VEHICLE STRUCK MOTOR VEHICLE, FRONT END AT ANGLE",,0,Clear,Dry,Daylight,,4052019.0,,20,One car leaving parked position,0,0,N
7726,1,-122.31928629999999,47.65945929,9630,23673,23673,1781780,Matched,Block,,NE 43RD ST BETWEEN 8TH AVE NE AND 9TH AVE NE,,,1,Property Damage Only Collision,Parked Car,2,0,0,2,2004/05/16 00:00:00+00,5/16/2004 4:45:00 PM,Mid-Block (but intersection related),14,"MOTOR VEHICLE STRUCK MOTOR VEHICLE, REAR END",Y,0,Clear,Dry,Daylight,,4137011.0,,32,One parked--one moving,0,0,N
7727,2,-122.29724660000001,47.64063145,9631,22755,22755,1789890,Matched,Block,,LAKE WASHINGTON BLVD E BETWEEN E FOSTER ISLAND RD AND LK WASH BV ON RP,,,2,Injury Collision,Other,1,0,0,1,2004/10/19 00:00:00+00,10/19/2004 12:25:00 AM,Mid-Block (but intersection related),28,MOTOR VEHICLE RAN OFF ROAD - HIT FIXED OBJECT,,0,Raining,Wet,Dark - Street Lights On,,4293004.0,Y,50,Fixed object,0,0,N
7728,1,-122.26158229999999,47.520264399999995,9632,22705,22705,1773008,Matched,Intersection,35452.0,57TH AVE S AND RAINIER AVE S,,,1,Property Damage Only Collision,Right Turn,3,0,0,2,2004/05/14 00:00:00+00,5/14/2004 6:03:00 PM,At Intersection (intersection related),11,"MOTOR VEHICLE STRUCK MOTOR VEHICLE, FRONT END AT ANGLE",,0,Clear,Dry,Daylight,,4135014.0,,16,From same direction - one right turn - one straight,0,0,N
7729,1,-122.36048459999999,47.52399655,9634,23613,23613,1781526,Matched,Block,,DELRIDGE WAY SW BETWEEN SW TRENTON ST AND 21ST S AVE SW,,,1,Property Damage Only Collision,Rear Ended,2,0,0,2,2004/01/02 00:00:00+00,1/2/2004,Mid-Block (not related to intersection),14,"MOTOR VEHICLE STRUCK MOTOR VEHICLE, REAR END",,0,Overcast,Wet,Dusk,,4002056.0,,14,From same direction - both going straight - one stopped - rear-end,0,0,N
7730,2,-122.3604743,47.52559091,9635,22799,22799,1795280,Matched,Block,,DELRIDGE WAY SW BETWEEN SW CLOVERDALE ST AND SW TRENTON ST,,,2,Injury Collision,Head On,3,0,0,3,2004/11/27 00:00:00+00,11/27/2004 3:37:00 AM,Mid-Block (not related to intersection),11,"MOTOR VEHICLE STRUCK MOTOR VEHICLE, FRONT END AT ANGLE",,0,Raining,Wet,Dark - Street Lights On,,4332036.0,Y,24,From opposite direction - both moving - head-on,0,0,N
7731,2,-122.3604977,47.63232221,9636,23606,23606,1069406,Matched,Intersection,28550.0,3RD AVE W AND W GALER E ST,,,2,Injury Collision,Angles,3,0,0,3,2004/12/31 00:00:00+00,12/31/2004 3:56:00 PM,At Intersection (intersection related),11,"MOTOR VEHICLE STRUCK MOTOR VEHICLE, FRONT END AT ANGLE",,0,Clear,Dry,Dark - Street Lights On,,4366030.0,,10,Entering at angle,0,0,N
7732,2,-122.30194009999998,47.73382926,9637,22868,22868,1746910,Matched,Intersection,35996.0,25TH AVE NE AND NE 145TH ST,,,2,Injury Collision,Angles,2,0,0,2,2004/05/25 00:00:00+00,5/25/2004 3:00:00 PM,At Intersection (intersection related),11,"MOTOR VEHICLE STRUCK MOTOR VEHICLE, FRONT END AT ANGLE",,0,Clear,Dry,Daylight,,4146050.0,,10,Entering at angle,0,0,N
7733,1,-122.31271570000001,47.620233899999995,9639,23299,23299,1787287,Matched,Block,,15TH AVE E BETWEEN E JOHN ST AND E THOMAS S ST,,,1,Property Damage Only Collision,Sideswipe,3,0,0,2,2004/06/27 00:00:00+00,6/27/2004 7:06:00 PM,Mid-Block (but intersection related),16,"MOTOR VEHICLE STRUCK MOTOR VEHICLE, LEFT SIDE SIDESWIPE",,1,Clear,Dry,Daylight,,4179015.0,,11,From same direction - both going straight - both moving - sideswipe,0,0,N
7734,1,-122.3344947,47.68574217,9640,22137,22137,1774003,Matched,Block,,N 78TH ST BETWEEN EAST GREEN LAKE DR N AND MERIDIAN AVE N,,,1,Property Damage Only Collision,Parked Car,3,0,0,2,2004/01/02 00:00:00+00,1/2/2004,Driveway Junction,13,"MOTOR VEHICLE STRUCK MOTOR VEHICLE, LEFT SIDE AT ANGLE",,0,Clear,Wet,Dark - Street Lights On,,4002036.0,,32,One parked--one moving,0,0,N
7735,2,-122.27808459999999,47.54067186,9641,23352,23352,1783885,Matched,Intersection,34433.0,44TH AVE S AND S WILLOW ST,,,2,Injury Collision,Angles,2,0,0,2,2004/12/01 00:00:00+00,12/1/2004,At Intersection (intersection related),11,"MOTOR VEHICLE STRUCK MOTOR VEHICLE, FRONT END AT ANGLE",,0,Overcast,Dry,Daylight,,4336027.0,,10,Entering at angle,0,0,N
7736,2,-122.34489609999999,47.717173100000004,9642,22750,22750,1773613,Matched,Block,,AURORA AVE N BETWEEN N 117TH PL AND N 125TH ST,,,2,Injury Collision,Rear Ended,3,0,0,3,2004/05/27 00:00:00+00,5/27/2004 5:12:00 PM,Mid-Block (but intersection related),14,"MOTOR VEHICLE STRUCK MOTOR VEHICLE, REAR END",Y,0,Raining,Wet,Daylight,,4148001.0,,14,From same direction - both going straight - one stopped - rear-end,0,0,N
7737,1,-122.3260442,47.68677908,9643,22691,22691,1080237,Matched,Block,,NE 80TH ST BETWEEN CORLISS WAY N AND BANNER WAY NE,,,1,Property Damage Only Collision,Other,1,0,0,1,2004/12/29 00:00:00+00,12/29/2004 4:20:00 AM,Mid-Block (but intersection related),28,MOTOR VEHICLE RAN OFF ROAD - HIT FIXED OBJECT,,0,Raining,Wet,Dark - Street Lights On,,4364039.0,Y,50,Fixed object,0,0,N
7738,1,-122.3687337,47.70083694,9645,23183,23183,1220101,Matched,Block,,9TH AVE NW BETWEEN NW 97TH ST AND NW 100TH ST,,,1,Property Damage Only Collision,Parked Car,2,0,0,2,2004/08/30 00:00:00+00,8/30/2004 6:30:00 AM,Mid-Block (not related to intersection),14,"MOTOR VEHICLE STRUCK MOTOR VEHICLE, REAR END",,0,Clear,Dry,Dawn,,4243027.0,,32,One parked--one moving,0,0,N
7739,1,-122.29085490000001,47.61406537,9646,22628,22628,1074768,Matched,Block,,E PIKE ST BETWEEN 32ND AVE AND 33RD AVE,,,1,Property Damage Only Collision,Parked Car,2,0,0,2,2004/01/06 00:00:00+00,1/6/2004,Mid-Block (not related to intersection),16,"MOTOR VEHICLE STRUCK MOTOR VEHICLE, LEFT SIDE SIDESWIPE",,0,Snowing,Snow/Slush,Daylight,,4006041.0,,32,One parked--one moving,0,0,N
7740,1,-122.3049896,47.61147434,9647,22938,22938,1216736,Matched,Block,,21ST AVE BETWEEN E MARION ST AND E UNION ST,,,1,Property Damage Only Collision,Other,2,0,0,2,2004/08/04 00:00:00+00,8/4/2004,Driveway Junction,11,"MOTOR VEHICLE STRUCK MOTOR VEHICLE, FRONT END AT ANGLE",,0,Clear,Dry,Daylight,,4217009.0,,22,One car leaving driveway access,0,0,N
7741,1,-122.3283173,47.59919591,9649,22858,22858,1784051,Matched,Block,,S JACKSON ST BETWEEN 4TH AVE S AND 5TH AVE S,,,1,Property Damage Only Collision,Other,3,0,0,2,2004/11/23 00:00:00+00,11/23/2004 7:41:00 PM,Mid-Block (but intersection related),11,"MOTOR VEHICLE STRUCK MOTOR VEHICLE, FRONT END AT ANGLE",,0,Raining,Wet,Dark - Street Lights On,,4328004.0,,23,From same direction - all others,0,0,N
7742,1,-122.3143013,47.54770866,9651,23484,23484,1798445,Matched,Block,,AIRPORT WAY S BETWEEN 13TH AVE S AND S HARDY ST,,,1,Property Damage Only Collision,Other,1,0,0,1,2004/08/21 00:00:00+00,8/21/2004 4:20:00 PM,Mid-Block (not related to intersection),28,MOTOR VEHICLE RAN OFF ROAD - HIT FIXED OBJECT,,0,Raining,Wet,Daylight,,4234006.0,,50,Fixed object,0,0,N
7743,1,-122.27836699999999,47.50799119,9652,22878,22878,1793326,Matched,Intersection,38159.0,M L KING JR WR WAY S AND S RYAN WAY,,,1,Property Damage Only Collision,Angles,5,0,0,2,2004/08/22 00:00:00+00,8/22/2004 1:35:00 AM,At Intersection (intersection related),11,"MOTOR VEHICLE STRUCK MOTOR VEHICLE, FRONT END AT ANGLE",,0,Raining,Wet,Dark - Street Lights On,,4235033.0,,10,Entering at angle,0,0,N