,SEVERITYCODE,X,Y,OBJECTID,INCKEY,COLDETKEY,REPORTNO,STATUS,ADDRTYPE,INTKEY,LOCATION,EXCEPTRSNCODE,EXCEPTRSNDESC,SEVERITYCODE.1,SEVERITYDESC,COLLISIONTYPE,PERSONCOUNT,PEDCOUNT,PEDCYLCOUNT,VEHCOUNT,INCDATE,INCDTTM,JUNCTIONTYPE,SDOT_COLCODE,SDOT_COLDESC,INATTENTIONIND,UNDERINFL,WEATHER,ROADCOND,LIGHTCOND,PEDROWNOTGRNT,SDOTCOLNUM,SPEEDING,ST_COLCODE,ST_COLDESC,SEGLANEKEY,CROSSWALKKEY,HITPARKEDCAR
7744,2,-122.34691709999998,47.624469299999994,9653,23444,23444,1777386,Matched,Block,,MERCER ST BETWEEN 5TH AVE N AND TAYLOR AVE N,,,2,Injury Collision,Rear Ended,4,0,0,3,2004/01/15 00:00:00+00,1/15/2004 10:22:00 PM,Mid-Block (not related to intersection),14,"MOTOR VEHICLE STRUCK MOTOR VEHICLE, REAR END",,0,Clear,Dry,Dark - Street Lights Off,,4015039.0,,14,From same direction - both going straight - one stopped - rear-end,0,0,N
7745,1,-122.3449406,47.63015697,9654,22134,22134,1482478,Matched,Block,,6TH AVE N BETWEEN HIGHLAND DR AND COMSTOCK ST,,,1,Property Damage Only Collision,Parked Car,3,0,0,3,2004/04/22 00:00:00+00,4/22/2004 1:13:00 AM,Mid-Block (not related to intersection),14,"MOTOR VEHICLE STRUCK MOTOR VEHICLE, REAR END",,0,Clear,Dry,Dark - Street Lights On,,4113001.0,,32,One parked--one moving,0,0,N
7746,1,-122.34672240000002,47.612326,9655,23358,23358,1788464,Matched,Block,,WESTERN AVE BETWEEN BLANCHARD ST AND BELL ST,,,1,Property Damage Only Collision,Sideswipe,2,0,0,2,2004/06/06 00:00:00+00,6/6/2004,Mid-Block (not related to intersection),16,"MOTOR VEHICLE STRUCK MOTOR VEHICLE, LEFT SIDE SIDESWIPE",,0,Clear,Dry,Dark - Street Lights On,,4158029.0,,12,From same direction - both going straight - one stopped - sideswipe,0,0,N
7747,2,-122.319235,47.65421717,9656,22892,22892,1080304,Matched,Block,,UNIVERSITY BR BETWEEN POINT B AND EASTLAKE AVE NE,,,2,Injury Collision,Cycles,4,0,1,1,2004/06/18 00:00:00+00,6/18/2004 9:12:00 AM,Mid-Block (not related to intersection),21,"MOTOR VEHICLE STRUCK PEDALCYCLIST, REAR END",Y,0,Clear,Dry,Daylight,,4170008.0,,45,Vehicle - Pedalcyclist,0,0,N
7748,2,-122.34756809999999,47.62449513,9657,22695,22695,1213569,Matched,Intersection,28914.0,5TH AVE N AND MERCER ST,,,2,Injury Collision,Left Turn,7,0,0,2,2004/08/06 00:00:00+00,8/6/2004,At Intersection (intersection related),11,"MOTOR VEHICLE STRUCK MOTOR VEHICLE, FRONT END AT ANGLE",,0,Raining,Wet,Daylight,,4219011.0,,28,From opposite direction - one left turn - one straight,0,0,N
7749,1,-122.33435220000001,47.68779836,9658,21981,21981,1856613,Matched,Block,,STROUD AVE N BETWEEN N 80TH E ST AND N 82ND ST,,,1,Property Damage Only Collision,Parked Car,2,0,0,2,2004/12/29 00:00:00+00,12/29/2004 11:47:00 AM,Mid-Block (not related to intersection),0,NOT ENOUGH INFORMATION / NOT APPLICABLE,,0,Raining,Wet,Daylight,,4364011.0,,32,One parked--one moving,0,0,N
7750,1,-122.2859912,47.661262799999996,9659,23180,23180,1219860,Matched,Block,,NE 45TH ST BETWEEN SAND POINT WAY NE AND 40TH AVE NE,,,1,Property Damage Only Collision,Parked Car,2,0,0,2,2004/12/22 00:00:00+00,12/22/2004 12:30:00 PM,Mid-Block (not related to intersection),11,"MOTOR VEHICLE STRUCK MOTOR VEHICLE, FRONT END AT ANGLE",,0,Unknown,Unknown,Daylight,,4357039.0,,32,One parked--one moving,0,0,N
7751,1,-122.3341108,47.60991762,9660,23084,23084,1079915,Matched,Block,,UNION ST BETWEEN 5TH AVE AND 6TH AVE,,,1,Property Damage Only Collision,Parked Car,2,0,0,2,2004/08/05 00:00:00+00,8/5/2004,Mid-Block (not related to intersection),16,"MOTOR VEHICLE STRUCK MOTOR VEHICLE, LEFT SIDE SIDESWIPE",,0,Unknown,Unknown,Unknown,,4218038.0,,32,One parked--one moving,0,0,N
7752,2,-122.3172267,47.59749957,9661,22939,22939,1216754,Matched,Intersection,30436.0,12TH AVE S AND S WELLER ST,,,2,Injury Collision,Left Turn,4,0,0,2,2004/06/26 00:00:00+00,6/26/2004 8:31:00 PM,At Intersection (intersection related),11,"MOTOR VEHICLE STRUCK MOTOR VEHICLE, FRONT END AT ANGLE",,0,Clear,Dry,Dusk,,4178027.0,,28,From opposite direction - one left turn - one straight,0,0,N
7753,1,-122.2863506,47.5442869,9662,23605,23605,1776798,Matched,Block,,S MORGAN ST BETWEEN DEAD END 2 AND M L KING JR WR WAY S,,,1,Property Damage Only Collision,Other,2,0,0,2,2004/09/17 00:00:00+00,9/17/2004 9:20:00 AM,Driveway Junction,11,"MOTOR VEHICLE STRUCK MOTOR VEHICLE, FRONT END AT ANGLE",,0,Clear,Dry,Daylight,,4261041.0,,22,One car leaving driveway access,0,0,N
7754,1,-122.3991808,47.63739034,9663,22864,22864,1785257,Matched,Block,,33RD AVE W BETWEEN 32ND AVE W AND W CROCKETT ST,,,1,Property Damage Only Collision,Parked Car,2,0,0,2,2004/11/22 00:00:00+00,11/22/2004 6:00:00 AM,Mid-Block (not related to intersection),13,"MOTOR VEHICLE STRUCK MOTOR VEHICLE, LEFT SIDE AT ANGLE",,0,Unknown,Unknown,Unknown,,4327029.0,,32,One parked--one moving,0,0,N
7755,1,-122.3250699,47.59541701,9665,23341,23341,1186684,Matched,Block,,MAYNARD AVE S BETWEEN S DEARBORN ST AND S CHARLES ST,,,1,Property Damage Only Collision,Sideswipe,3,0,0,2,2004/08/11 00:00:00+00,8/11/2004 7:50:00 PM,Mid-Block (but intersection related),16,"MOTOR VEHICLE STRUCK MOTOR VEHICLE, LEFT SIDE SIDESWIPE",Y,0,Clear,Dry,Daylight,,4224010.0,,11,From same direction - both going straight - both moving - sideswipe,0,0,N
7756,2,-122.27000600000001,47.51826498,9667,22551,22551,1779399,Matched,Intersection,35463.0,51ST AVE S AND S CAMBRIDGE ST,,,2,Injury Collision,Sideswipe,3,0,0,2,2004/05/06 00:00:00+00,5/6/2004,At Intersection (intersection related),16,"MOTOR VEHICLE STRUCK MOTOR VEHICLE, LEFT SIDE SIDESWIPE",,0,Clear,Dry,Daylight,,4127006.0,,71,Same direction -- both turning right -- both moving -- sideswipe,0,0,N
7757,1,-122.29908940000001,47.71930055,9670,22780,22780,1779907,Matched,Intersection,36604.0,27TH AVE NE AND NE 125TH ST,,,1,Property Damage Only Collision,Sideswipe,3,0,0,2,2004/02/10 00:00:00+00,2/10/2004 3:29:00 PM,At Intersection (intersection related),16,"MOTOR VEHICLE STRUCK MOTOR VEHICLE, LEFT SIDE SIDESWIPE",,0,Clear,Dry,Daylight,,4041026.0,,11,From same direction - both going straight - both moving - sideswipe,0,0,N
7758,2,-122.3628842,47.56018055,9671,23598,23598,1790780,Matched,Block,,DELRIDGE WAY SW BETWEEN SW ALASKA ST AND SW EDMUNDS ST,,,2,Injury Collision,Parked Car,4,0,0,2,2004/09/07 00:00:00+00,9/7/2004,Mid-Block (not related to intersection),14,"MOTOR VEHICLE STRUCK MOTOR VEHICLE, REAR END",,1,Clear,Dry,Dark - Street Lights On,,4251023.0,,32,One parked--one moving,0,0,N
7759,1,-122.3479351,47.66501018,9672,22854,22854,1773575,Matched,Block,,N 50 UPPER ST BETWEEN LINDEN AVE N AND AURORA AVE N,,,1,Property Damage Only Collision,Rear Ended,2,0,0,2,2004/07/21 00:00:00+00,7/21/2004 5:50:00 PM,Mid-Block (but intersection related),14,"MOTOR VEHICLE STRUCK MOTOR VEHICLE, REAR END",,0,Clear,Dry,Daylight,,4203023.0,,14,From same direction - both going straight - one stopped - rear-end,0,0,N
7760,2,-122.3338246,47.60373279,9673,23219,23219,1478441,Matched,Intersection,29969.0,2ND AVE AND COLUMBIA ST,,,2,Injury Collision,Angles,2,0,0,2,2004/06/24 00:00:00+00,6/24/2004 7:13:00 AM,At Intersection (intersection related),11,"MOTOR VEHICLE STRUCK MOTOR VEHICLE, FRONT END AT ANGLE",,0,Clear,Dry,Daylight,,4176008.0,,10,Entering at angle,0,0,N
7761,1,-122.3378706,47.60647838,9674,23287,23287,1482493,Matched,Block,,1ST AVE BETWEEN SENECA ST AND UNIVERSITY ST,,,1,Property Damage Only Collision,Parked Car,2,0,0,2,2004/11/11 00:00:00+00,11/11/2004 12:30:00 PM,Mid-Block (not related to intersection),14,"MOTOR VEHICLE STRUCK MOTOR VEHICLE, REAR END",,0,Clear,Dry,Daylight,,4316004.0,,32,One parked--one moving,0,0,N
7762,1,-122.3663146,47.63775852,9676,23072,23072,1777318,Matched,Intersection,27830.0,7TH AVE W AND W CROCKETT ST,,,1,Property Damage Only Collision,Angles,2,0,0,2,2004/03/31 00:00:00+00,3/31/2004 11:50:00 AM,At Intersection (intersection related),11,"MOTOR VEHICLE STRUCK MOTOR VEHICLE, FRONT END AT ANGLE",,0,Clear,Dry,Daylight,,4091027.0,,10,Entering at angle,0,0,N
7763,1,-122.32982240000001,47.61445724,9678,22395,22395,1777512,Matched,Intersection,29872.0,BOREN AVE AND PINE ST,,,1,Property Damage Only Collision,Angles,3,0,0,2,2004/05/23 00:00:00+00,5/23/2004 7:38:00 AM,At Intersection (intersection related),11,"MOTOR VEHICLE STRUCK MOTOR VEHICLE, FRONT END AT ANGLE",,0,Clear,Dry,Daylight,,4144021.0,,10,Entering at angle,0,0,N
7764,2,-122.3386774,47.55659137,9679,23632,23632,1789444,Matched,Block,,EAST MARGINAL WAY S BETWEEN S HUDSON ST AND S DAWSON ST,,,2,Injury Collision,Rear Ended,2,0,0,2,2004/12/06 00:00:00+00,12/6/2004,Mid-Block (but intersection related),14,"MOTOR VEHICLE STRUCK MOTOR VEHICLE, REAR END",,0,Raining,Wet,Dark - Street Lights On,,4341034.0,Y,14,From same direction - both going straight - one stopped - rear-end,0,0,N
7765,1,-122.33705090000001,47.66286715,9681,23455,23455,1774145,Matched,Block,,N 47TH ST BETWEEN DENSMORE AVE N AND WALLINGFORD AVE N,,,1,Property Damage Only Collision,Parked Car,2,0,0,2,2004/06/28 00:00:00+00,6/28/2004 3:00:00 PM,Mid-Block (not related to intersection),13,"MOTOR VEHICLE STRUCK MOTOR VEHICLE, LEFT SIDE AT ANGLE",,0,Clear,Dry,Daylight,,4180030.0,Y,32,One parked--one moving,0,0,N
7766,2,-122.3142979,47.68669857,9682,22143,22143,1782183,Matched,Intersection,24399.0,BROOKLYN AVE NE AND NE 80TH ST,,,2,Injury Collision,Other,3,0,0,2,2004/06/17 00:00:00+00,6/17/2004 6:12:00 PM,At Intersection (intersection related),11,"MOTOR VEHICLE STRUCK MOTOR VEHICLE, FRONT END AT ANGLE",,0,Clear,Dry,Daylight,,4169027.0,,22,One car leaving driveway access,0,0,N
7767,1,-122.30849180000001,47.67109674,9683,23214,23214,1080379,Matched,Intersection,25997.0,18TH AVE NE AND NE 58TH ST,,,1,Property Damage Only Collision,Parked Car,2,0,0,2,2004/06/28 00:00:00+00,6/28/2004 5:16:00 PM,At Intersection (intersection related),11,"MOTOR VEHICLE STRUCK MOTOR VEHICLE, FRONT END AT ANGLE",,0,Clear,Dry,Daylight,,4180013.0,,32,One parked--one moving,0,0,N
7768,1,-122.29087460000001,47.70478491,9685,22698,22698,1776784,Matched,Intersection,36855.0,35TH AVE NE AND NE 105TH ST,,,1,Property Damage Only Collision,Rear Ended,2,0,0,2,2004/06/10 00:00:00+00,6/10/2004 9:20:00 AM,At Intersection (intersection related),14,"MOTOR VEHICLE STRUCK MOTOR VEHICLE, REAR END",,0,Raining,Dry,Daylight,,4162012.0,,14,From same direction - both going straight - one stopped - rear-end,0,0,N
7769,1,-122.31829920000001,47.65751505,9686,22421,22421,1318314,Matched,Block,,NE 42ND ST BETWEEN 9TH AVE NE AND ROOSEVELT S WAY NE,,,1,Property Damage Only Collision,Parked Car,2,0,0,2,2004/04/06 00:00:00+00,4/6/2004,Mid-Block (not related to intersection),13,"MOTOR VEHICLE STRUCK MOTOR VEHICLE, LEFT SIDE AT ANGLE",,0,Clear,Dry,Daylight,,4097021.0,,32,One parked--one moving,0,0,N
7770,2,-122.3555385,47.71960136,9687,23481,23481,1782027,Matched,Intersection,35841.0,GREENWOOD AVE N AND N 125TH ST,,,2,Injury Collision,Pedestrian,2,1,0,1,2004/04/19 00:00:00+00,4/19/2004 6:15:00 PM,At Intersection (intersection related),24,MOTOR VEHCILE STRUCK PEDESTRIAN,,0,Raining,Wet,Daylight,Y,4110009.0,,1,Vehicle turning right hits pedestrian,0,0,N
7771,1,,,9688,22945,22945,1856465,Matched,Block,,BATTERY ST TUNNEL NB BETWEEN ALASKAN WY VI NB AND AURORA AVE N,,,1,Property Damage Only Collision,Rear Ended,4,0,0,2,2004/12/05 00:00:00+00,12/5/2004,Mid-Block (not related to intersection),14,"MOTOR VEHICLE STRUCK MOTOR VEHICLE, REAR END",,0,Raining,Wet,Daylight,,4340007.0,,14,From same direction - both going straight - one stopped - rear-end,0,0,N
7772,1,-122.36861029999999,47.66438409,9689,23171,23171,1476144,Matched,Intersection,25450.0,9TH AVE NW AND NW 49TH ST,,,1,Property Damage Only Collision,Angles,2,0,0,2,2004/05/21 00:00:00+00,5/21/2004 2:12:00 PM,At Intersection (intersection related),11,"MOTOR VEHICLE STRUCK MOTOR VEHICLE, FRONT END AT ANGLE",,0,Clear,Dry,Daylight,,4142015.0,,10,Entering at angle,0,0,N
7773,1,-122.3996257,47.63979425,9690,22597,22597,1482487,Matched,Block,,33RD AVE W BETWEEN W MCGRAW ST AND W WHEELER ST,,,1,Property Damage Only Collision,Parked Car,2,0,0,2,2004/09/30 00:00:00+00,9/30/2004 7:50:00 PM,Mid-Block (not related to intersection),14,"MOTOR VEHICLE STRUCK MOTOR VEHICLE, REAR END",,0,Clear,Dry,Dark - Street Lights On,,4274003.0,,20,One car leaving parked position,0,0,N
7774,1,-122.32680420000001,47.61521815,9692,22142,22142,1772510,Matched,Intersection,29862.0,BELLEVUE AVE AND E PINE ST,,,1,Property Damage Only Collision,Pedestrian,2,1,0,1,2004/07/04 00:00:00+00,7/4/2004,At Intersection (intersection related),24,MOTOR VEHCILE STRUCK PEDESTRIAN,,0,Clear,Dry,Dark - Street Lights On,,4186001.0,,0,Vehicle going straight hits pedestrian,0,0,N
7775,2,-122.3342038,47.57404416,9693,23203,23203,1777219,Matched,Block,,1ST AVE S BETWEEN S HORTON ST AND S HINDS ST,,,2,Injury Collision,Other,2,0,0,1,2004/06/11 00:00:00+00,6/11/2004 8:19:00 PM,Mid-Block (not related to intersection),28,MOTOR VEHICLE RAN OFF ROAD - HIT FIXED OBJECT,,0,Overcast,Dry,Daylight,,4163014.0,,50,Fixed object,0,0,N
7776,1,-122.300619,47.66852575,9695,22556,22556,1782643,Matched,Intersection,25939.0,25TH AVE NE AND NE 55TH ST,,,1,Property Damage Only Collision,Left Turn,2,0,0,2,2004/05/23 00:00:00+00,5/23/2004 4:11:00 PM,At Intersection (intersection related),11,"MOTOR VEHICLE STRUCK MOTOR VEHICLE, FRONT END AT ANGLE",,0,Clear,Dry,Daylight,,4144015.0,,28,From opposite direction - one left turn - one straight,0,0,N
7777,1,-122.27787020000001,47.55155082,9696,21979,21979,1793264,Matched,Block,,RAINIER AVE S BETWEEN S FINDLAY ST AND S ORCAS ST,,,1,Property Damage Only Collision,Parked Car,2,0,0,2,2004/08/03 00:00:00+00,8/3/2004,Mid-Block (not related to intersection),14,"MOTOR VEHICLE STRUCK MOTOR VEHICLE, REAR END",,0,Clear,Dry,Dark - Street Lights On,,4216009.0,,32,One parked--one moving,0,0,N
7778,1,-122.36336399999999,47.69695499,9697,23658,23658,1220236,Matched,Block,,6TH AVE NW BETWEEN NW 92ND ST AND NW 95TH ST,,,1,Property Damage Only Collision,Parked Car,2,0,0,2,2004/08/19 00:00:00+00,8/19/2004 4:15:00 PM,Mid-Block (not related to intersection),16,"MOTOR VEHICLE STRUCK MOTOR VEHICLE, LEFT SIDE SIDESWIPE",,0,Clear,Dry,Daylight,,4232022.0,,32,One parked--one moving,0,0,N
7779,2,-122.344004,47.73412929,9699,22651,22651,1565776,Matched,Intersection,35702.0,MIDVALE AVE N AND N 145TH ST,,,2,Injury Collision,Other,2,0,0,2,2004/04/27 00:00:00+00,4/27/2004 12:47:00 PM,At Intersection (intersection related),11,"MOTOR VEHICLE STRUCK MOTOR VEHICLE, FRONT END AT ANGLE",,0,Overcast,Dry,Daylight,,4118037.0,,22,One car leaving driveway access,0,0,N
7780,1,-122.32845800000001,47.61296791,9700,23460,23460,1789817,Matched,Block,,BOREN AVE BETWEEN UNION ST AND PIKE ST,,,1,Property Damage Only Collision,Other,1,0,0,1,2004/01/19 00:00:00+00,1/19/2004 11:56:00 AM,Mid-Block (not related to intersection),28,MOTOR VEHICLE RAN OFF ROAD - HIT FIXED OBJECT,Y,0,Clear,Dry,Daylight,,4019003.0,,50,Fixed object,0,0,N
7781,2,-122.31823390000001,47.61992718,9701,22583,22583,1772675,Matched,Intersection,29054.0,11TH AVE E AND E JOHN ST,,,2,Injury Collision,Angles,3,0,0,2,2004/06/11 00:00:00+00,6/11/2004 9:40:00 PM,At Intersection (intersection related),11,"MOTOR VEHICLE STRUCK MOTOR VEHICLE, FRONT END AT ANGLE",,1,Clear,Dry,Dark - Street Lights On,,4163023.0,,10,Entering at angle,0,0,N
7782,1,-122.3141311,47.60084904,9702,23225,23225,1789951,Matched,Intersection,30419.0,14TH AVE S AND S WASHINGTON ST,,,1,Property Damage Only Collision,Left Turn,2,0,0,2,2004/02/20 00:00:00+00,2/20/2004 10:07:00 AM,At Intersection (intersection related),11,"MOTOR VEHICLE STRUCK MOTOR VEHICLE, FRONT END AT ANGLE",,0,Clear,Dry,Daylight,,4051032.0,,28,From opposite direction - one left turn - one straight,0,0,N
7783,1,-122.3339072,47.648607500000004,9703,23580,23580,1780997,Matched,Block,,MERIDIAN AVE N BETWEEN N 34TH ST AND N 35TH ST,,,1,Property Damage Only Collision,Parked Car,2,0,0,2,2004/07/08 00:00:00+00,7/8/2004,Mid-Block (not related to intersection),11,"MOTOR VEHICLE STRUCK MOTOR VEHICLE, FRONT END AT ANGLE",,0,Overcast,Dry,Daylight,,4190027.0,,32,One parked--one moving,0,0,N
7784,2,-122.38647920000001,47.65587141,9704,23488,23488,1213554,Matched,Intersection,26447.0,GILMAN AVE W AND W EMERSON PL,,,2,Injury Collision,Angles,3,0,0,2,2004/03/08 00:00:00+00,3/8/2004,At Intersection (intersection related),11,"MOTOR VEHICLE STRUCK MOTOR VEHICLE, FRONT END AT ANGLE",,0,Clear,Wet,Daylight,,4068014.0,,10,Entering at angle,0,0,N
7785,2,-122.2882352,47.56427483,9705,22813,22813,1227115,Matched,Intersection,32708.0,RAINIER AVE S AND S GENESEE N ST,,,2,Injury Collision,Angles,2,0,0,2,2004/01/25 00:00:00+00,1/25/2004 10:23:00 AM,At Intersection (intersection related),11,"MOTOR VEHICLE STRUCK MOTOR VEHICLE, FRONT END AT ANGLE",,0,Overcast,Dry,Daylight,,4025017.0,,10,Entering at angle,0,0,N
7786,2,-122.3309254,47.72318169,9706,22548,22548,1480521,Matched,Block,,N 130TH ST BETWEEN CORLISS AVE N AND SUNNYSIDE AVE N,,,2,Injury Collision,Rear Ended,2,0,0,2,2004/09/02 00:00:00+00,9/2/2004,Mid-Block (not related to intersection),14,"MOTOR VEHICLE STRUCK MOTOR VEHICLE, REAR END",Y,0,Clear,Wet,Daylight,,4246030.0,,14,From same direction - both going straight - one stopped - rear-end,0,0,N
7787,1,-122.3310731,47.61581042,9708,22763,22763,1777772,Matched,Block,,BOREN AVE BETWEEN OLIVE WAY AND HOWELL ST,,,1,Property Damage Only Collision,Rear Ended,6,0,0,2,2004/02/06 00:00:00+00,2/6/2004,Mid-Block (but intersection related),14,"MOTOR VEHICLE STRUCK MOTOR VEHICLE, REAR END",,1,Overcast,Wet,Dark - Street Lights On,,4037013.0,Y,14,From same direction - both going straight - one stopped - rear-end,0,0,N
7788,2,-122.2973179,47.6016573,9709,22638,22638,1775098,Matched,Block,,E YESLER WAY BETWEEN 27TH AVE AND M L KING JR WAY,,,2,Injury Collision,Parked Car,2,0,0,2,2004/01/31 00:00:00+00,1/31/2004 5:15:00 PM,Mid-Block (not related to intersection),14,"MOTOR VEHICLE STRUCK MOTOR VEHICLE, REAR END",,0,Raining,Wet,Dark - Street Lights On,,4031004.0,,32,One parked--one moving,0,0,N
7789,2,-122.31219329999999,47.68850816,9711,22579,22579,1072706,Matched,Intersection,24386.0,15TH AVE NE AND NE 82ND ST,,,2,Injury Collision,Angles,2,0,0,2,2004/03/08 00:00:00+00,3/8/2004,At Intersection (intersection related),11,"MOTOR VEHICLE STRUCK MOTOR VEHICLE, FRONT END AT ANGLE",,0,Clear,Dry,Daylight,,4068023.0,,10,Entering at angle,0,0,N
7790,1,-122.3766367,47.52828518,9712,23509,23509,1775044,Matched,Intersection,34685.0,35TH AVE SW AND SW THISTLE ST,,,1,Property Damage Only Collision,Angles,4,0,0,2,2004/03/22 00:00:00+00,3/22/2004 3:43:00 PM,At Intersection (intersection related),11,"MOTOR VEHICLE STRUCK MOTOR VEHICLE, FRONT END AT ANGLE",,0,Raining,Wet,Daylight,,4082016.0,,10,Entering at angle,0,0,N
7791,1,-122.3233092,47.72299843,9713,22610,22610,1774257,Matched,Block,,ROOSEVELT WAY NE BETWEEN NE 130TH S ST AND NE 130TH N ST,,,1,Property Damage Only Collision,Rear Ended,3,0,0,2,2004/05/25 00:00:00+00,5/25/2004 9:20:00 PM,Mid-Block (but intersection related),14,"MOTOR VEHICLE STRUCK MOTOR VEHICLE, REAR END",,0,Raining,Wet,Dark - Street Lights On,,4146006.0,,14,From same direction - both going straight - one stopped - rear-end,0,0,N
7792,1,-122.3154878,47.60351193,9714,23285,23285,1772169,Matched,Block,,E SPRUCE ST BETWEEN 12TH AVE AND 14TH AVE,,,1,Property Damage Only Collision,Parked Car,2,0,0,2,2004/07/17 00:00:00+00,7/17/2004 6:00:00 AM,Mid-Block (not related to intersection),15,"MOTOR VEHICLE STRUCK MOTOR VEHICLE, RIGHT SIDE SIDESWIPE",,0,Clear,Dry,Dark - Street Lights On,,4199021.0,,32,One parked--one moving,0,0,N
7793,1,-122.3867659,47.57125968,9716,22947,22947,1798383,Matched,Intersection,31841.0,CALIFORNIA AVE SW AND SW MANNING ST,,,1,Property Damage Only Collision,Parked Car,3,0,0,3,2004/08/13 00:00:00+00,8/13/2004 3:14:00 PM,At Intersection (intersection related),14,"MOTOR VEHICLE STRUCK MOTOR VEHICLE, REAR END",,0,Clear,Dry,Daylight,,4226034.0,,32,One parked--one moving,0,0,N
7794,1,-122.3291031,47.57167787,9717,22673,22673,1795452,Matched,Intersection,32356.0,4TH AVE S AND S SPOKANE NR ST,,,1,Property Damage Only Collision,Angles,4,0,0,2,2004/10/17 00:00:00+00,10/17/2004 12:31:00 PM,At Intersection (intersection related),11,"MOTOR VEHICLE STRUCK MOTOR VEHICLE, FRONT END AT ANGLE",,0,Raining,Wet,Daylight,,4291027.0,,10,Entering at angle,0,0,N
7795,1,-122.2737108,47.54515463,9718,22102,22102,1477137,Matched,Block,,47TH AVE S BETWEEN S GRAHAM ST AND S MORGAN ST,,,1,Property Damage Only Collision,Parked Car,2,0,0,2,2004/05/29 00:00:00+00,5/29/2004 3:00:00 AM,Mid-Block (not related to intersection),14,"MOTOR VEHICLE STRUCK MOTOR VEHICLE, REAR END",,0,Clear,Dry,Daylight,,4150008.0,,32,One parked--one moving,0,0,N
7796,1,-122.32997140000002,47.6028763,9719,23530,23530,1216070,Matched,Block,,4TH AVE BETWEEN JEFFERSON ST AND JAMES ST,,,1,Property Damage Only Collision,Rear Ended,2,0,0,2,2004/05/05 00:00:00+00,5/5/2004,Mid-Block (but intersection related),14,"MOTOR VEHICLE STRUCK MOTOR VEHICLE, REAR END",,1,Overcast,Dry,Dark - Street Lights On,,4126014.0,,14,From same direction - both going straight - one stopped - rear-end,0,0,N
7797,1,-122.30553940000001,47.58807595,9720,22919,22919,1793527,Matched,Block,,RAINIER AVE S BETWEEN S MASSACHUSETTS ST AND S STATE ST,,,1,Property Damage Only Collision,Sideswipe,3,0,0,2,2004/08/13 00:00:00+00,8/13/2004 11:27:00 PM,Mid-Block (not related to intersection),16,"MOTOR VEHICLE STRUCK MOTOR VEHICLE, LEFT SIDE SIDESWIPE",Y,0,Clear,Dry,Dark - Street Lights On,,4226018.0,,11,From same direction - both going straight - both moving - sideswipe,0,0,N
7798,1,-122.3533283,47.65958845,9721,22547,22547,1480516,Matched,Block,,FRANCIS AVE N BETWEEN N 43RD ST AND N 44TH ST,,,1,Property Damage Only Collision,Parked Car,2,0,0,2,2004/06/19 00:00:00+00,6/19/2004 12:00:00 PM,Mid-Block (but intersection related),16,"MOTOR VEHICLE STRUCK MOTOR VEHICLE, LEFT SIDE SIDESWIPE",,0,Clear,Dry,Daylight,,4171027.0,,32,One parked--one moving,0,0,N
7799,1,-122.2755642,47.67515623,9722,22110,22110,1797077,Matched,Block,,NE PRINCETON WAY BETWEEN NE 65TH W ST AND PRINCETON AVE NE,,,1,Property Damage Only Collision,Sideswipe,2,0,0,2,2004/10/17 00:00:00+00,10/17/2004 12:02:00 PM,Mid-Block (not related to intersection),26,MOTOR VEHICLE STRUCK OBJECT IN ROAD,,0,Raining,Wet,Daylight,,4291028.0,,12,From same direction - both going straight - one stopped - sideswipe,0,0,N
7800,2,-122.3207602,47.61116908,9723,22766,22766,1790114,Matched,Intersection,29772.0,BROADWAY AND MADISON ST,,,2,Injury Collision,Angles,3,0,0,2,2004/03/27 00:00:00+00,3/27/2004 1:55:00 PM,At Intersection (intersection related),11,"MOTOR VEHICLE STRUCK MOTOR VEHICLE, FRONT END AT ANGLE",,0,Overcast,Dry,Daylight,,4087027.0,,10,Entering at angle,0,0,N
7801,1,-122.33564979999998,47.60740673,9724,22783,22783,1777406,Matched,Block,,3RD AVE BETWEEN SENECA ST AND UNIVERSITY ST,,,1,Property Damage Only Collision,Sideswipe,2,0,0,2,2004/02/09 00:00:00+00,2/9/2004,Mid-Block (not related to intersection),16,"MOTOR VEHICLE STRUCK MOTOR VEHICLE, LEFT SIDE SIDESWIPE",Y,0,Clear,Dry,Daylight,,4040001.0,,12,From same direction - both going straight - one stopped - sideswipe,0,0,N
7802,1,,,9725,23156,23156,C646008,Matched,,,,NEI,"Not Enough Information, or Insufficient Location Information",1,Property Damage Only Collision,Sideswipe,2,0,0,2,2004/06/30 00:00:00+00,6/30/2004 3:15:00 PM,,0,NOT ENOUGH INFORMATION / NOT APPLICABLE,,0,Clear,Dry,Daylight,,4182042.0,,11,From same direction - both going straight - both moving - sideswipe,0,0,N
7803,2,-122.3449669,47.72230187,9726,22576,22576,1794289,Matched,Intersection,35827.0,AURORA AVE N AND N 128TH ST,,,2,Injury Collision,Left Turn,3,0,0,2,2004/06/04 00:00:00+00,6/4/2004,At Intersection (intersection related),11,"MOTOR VEHICLE STRUCK MOTOR VEHICLE, FRONT END AT ANGLE",,0,Clear,Dry,Daylight,,4156024.0,,28,From opposite direction - one left turn - one straight,0,0,N