,SEVERITYCODE,X,Y,OBJECTID,INCKEY,COLDETKEY,REPORTNO,STATUS,ADDRTYPE,INTKEY,LOCATION,EXCEPTRSNCODE,EXCEPTRSNDESC,SEVERITYCODE.1,SEVERITYDESC,COLLISIONTYPE,PERSONCOUNT,PEDCOUNT,PEDCYLCOUNT,VEHCOUNT,INCDATE,INCDTTM,JUNCTIONTYPE,SDOT_COLCODE,SDOT_COLDESC,INATTENTIONIND,UNDERINFL,WEATHER,ROADCOND,LIGHTCOND,PEDROWNOTGRNT,SDOTCOLNUM,SPEEDING,ST_COLCODE,ST_COLDESC,SEGLANEKEY,CROSSWALKKEY,HITPARKEDCAR
7804,2,,,9727,23507,23507,1785202,Matched,Block,,ALASKAN WY VI NB BETWEEN SENECA ST OFF RP AND WESTERN AV OFF RP,,,2,Injury Collision,Other,1,0,0,1,2004/10/17 00:00:00+00,10/17/2004 5:54:00 AM,Mid-Block (not related to intersection),26,MOTOR VEHICLE STRUCK OBJECT IN ROAD,,0,Raining,Wet,Dark - Street Lights On,,4291014.0,,50,Fixed object,0,0,N
7805,1,-122.34742040000002,47.61508492,9728,22902,22902,1213905,Matched,Block,,2ND AVE BETWEEN BATTERY ST AND WALL ST,,,1,Property Damage Only Collision,Parked Car,2,0,0,2,2004/07/15 00:00:00+00,7/15/2004 5:15:00 PM,Mid-Block (not related to intersection),11,"MOTOR VEHICLE STRUCK MOTOR VEHICLE, FRONT END AT ANGLE",,0,Unknown,Dry,Daylight,,4197021.0,,32,One parked--one moving,0,0,N
7806,1,-122.3482257,47.62455294,9729,23288,23288,1482512,Matched,Block,,MERCER ST BETWEEN 4TH AVE N AND 5TH AVE N,,,1,Property Damage Only Collision,Rear Ended,2,0,0,2,2004/07/29 00:00:00+00,7/29/2004 5:27:00 PM,Mid-Block (but intersection related),14,"MOTOR VEHICLE STRUCK MOTOR VEHICLE, REAR END",Y,0,Clear,Dry,Daylight,,4211007.0,,14,From same direction - both going straight - one stopped - rear-end,0,0,N
7807,1,-122.34693929999999,47.62207249,9730,22285,22285,1776753,Matched,Block,,HARRISON ST BETWEEN 5TH AVE N AND TAYLOR AVE N,,,1,Property Damage Only Collision,Rear Ended,2,0,0,2,2004/10/12 00:00:00+00,10/12/2004 6:15:00 PM,Mid-Block (not related to intersection),14,"MOTOR VEHICLE STRUCK MOTOR VEHICLE, REAR END",,0,Clear,Dry,Daylight,,4286003.0,,14,From same direction - both going straight - one stopped - rear-end,0,0,N
7808,1,-122.29707450000001,47.63236792,9731,22669,22669,1799255,Matched,Block,,LAKE WASHINGTON BLVD E BETWEEN E INTERLAKEN BLVD AND BOYER AVE E,,,1,Property Damage Only Collision,Other,2,0,0,1,2004/10/16 00:00:00+00,10/16/2004 2:24:00 AM,Mid-Block (not related to intersection),28,MOTOR VEHICLE RAN OFF ROAD - HIT FIXED OBJECT,,0,Raining,Wet,Dark - Street Lights On,,4290009.0,,50,Fixed object,0,0,N
7809,1,-122.3867767,47.56201042,9733,22542,22542,1781257,Matched,Block,,CALIFORNIA AVE SW BETWEEN SW OREGON ST AND SW ALASKA ST,,,1,Property Damage Only Collision,Rear Ended,5,0,0,2,2004/04/16 00:00:00+00,4/16/2004 1:09:00 PM,Mid-Block (not related to intersection),14,"MOTOR VEHICLE STRUCK MOTOR VEHICLE, REAR END",Y,0,Clear,Dry,Daylight,,4107049.0,,13,From same direction - both going straight - both moving - rear-end,0,0,N
7810,1,-122.38532040000001,47.65762724,9734,23391,23391,1213575,Matched,Block,,W ELMORE ST BETWEEN 22ND AVE W AND 23RD AVE W,,,1,Property Damage Only Collision,Parked Car,2,0,0,2,2004/09/28 00:00:00+00,9/28/2004 6:30:00 AM,Driveway Junction,13,"MOTOR VEHICLE STRUCK MOTOR VEHICLE, LEFT SIDE AT ANGLE",,0,Unknown,Unknown,Unknown,,4272005.0,,32,One parked--one moving,0,0,N
7811,1,-122.32428349999999,47.68616544,9735,22779,22779,1782118,Matched,Intersection,24539.0,4TH AVE NE AND BANNER WAY NE,,,1,Property Damage Only Collision,Right Turn,2,0,0,2,2004/07/20 00:00:00+00,7/20/2004 7:50:00 PM,At Intersection (intersection related),11,"MOTOR VEHICLE STRUCK MOTOR VEHICLE, FRONT END AT ANGLE",,0,Clear,Dry,Daylight,,4202027.0,,16,From same direction - one right turn - one straight,0,0,N
7812,1,-122.34046670000001,47.60931643,9736,23445,23445,1777441,Matched,Block,,1ST AVE BETWEEN PIKE ST AND PINE ST,,,1,Property Damage Only Collision,Rear Ended,2,0,0,2,2004/10/18 00:00:00+00,10/18/2004 5:35:00 AM,Mid-Block (but intersection related),14,"MOTOR VEHICLE STRUCK MOTOR VEHICLE, REAR END",,0,Overcast,Dry,Dark - Street Lights On,,4292025.0,,14,From same direction - both going straight - one stopped - rear-end,0,0,N
7813,1,-122.3293166,47.60718964,9737,22009,22009,1787219,Matched,Block,,7TH AVE BETWEEN MADISON ST OFF RP AND MADISON ST,,,1,Property Damage Only Collision,Parked Car,2,0,0,2,2004/01/23 00:00:00+00,1/23/2004 2:49:00 PM,Mid-Block (but intersection related),14,"MOTOR VEHICLE STRUCK MOTOR VEHICLE, REAR END",,0,Raining,Wet,Daylight,,4023011.0,,32,One parked--one moving,0,0,N
7814,1,-122.2807928,47.53153737,9738,23669,23669,1793178,Matched,Intersection,34501.0,M L KING JR WR WAY S AND S KENYON ST,,,1,Property Damage Only Collision,Right Turn,5,0,0,2,2004/07/27 00:00:00+00,7/27/2004 10:19:00 PM,At Intersection (intersection related),14,"MOTOR VEHICLE STRUCK MOTOR VEHICLE, REAR END",,0,Clear,Dry,Dark - Street Lights On,,4209003.0,,16,From same direction - one right turn - one straight,0,0,N
7815,1,-122.33419369999999,47.57139257,9739,22608,22608,1776801,Matched,Intersection,32340.0,1ST AVE S AND S SPOKANE SR ST,,,1,Property Damage Only Collision,Sideswipe,4,0,0,2,2004/05/14 00:00:00+00,5/14/2004 11:30:00 AM,At Intersection (intersection related),16,"MOTOR VEHICLE STRUCK MOTOR VEHICLE, LEFT SIDE SIDESWIPE",,0,Clear,Dry,Daylight,,4135011.0,,81,Same direction -- both turning left -- both moving -- sideswipe,0,0,N
7816,2,-122.32635549999999,47.60045148,9740,22702,22702,1785179,Matched,Block,,6TH AVE S BETWEEN S WASHINGTON ST AND S MAIN ST,,,2,Injury Collision,Rear Ended,5,0,0,2,2004/11/02 00:00:00+00,11/2/2004,Mid-Block (but intersection related),14,"MOTOR VEHICLE STRUCK MOTOR VEHICLE, REAR END",,0,Raining,Wet,Dark - Street Lights On,,4307003.0,Y,14,From same direction - both going straight - one stopped - rear-end,0,0,N
7817,2,-122.3036196,47.62021304,9741,22281,22281,1217177,Matched,Intersection,29379.0,22ND AVE E AND E JOHN ST,,,2,Injury Collision,Left Turn,2,0,0,2,2004/08/05 00:00:00+00,8/5/2004,At Intersection (intersection related),11,"MOTOR VEHICLE STRUCK MOTOR VEHICLE, FRONT END AT ANGLE",,0,Clear,Dry,Daylight,,4218017.0,,28,From opposite direction - one left turn - one straight,0,0,N
7818,2,-122.3390887,47.68513193,9742,23482,23482,1782065,Matched,Intersection,24242.0,WINONA AVE N AND WEST GREEN LAKE DR N,,,2,Injury Collision,Pedestrian,2,1,0,1,2004/09/17 00:00:00+00,9/17/2004 10:57:00 AM,At Intersection (intersection related),24,MOTOR VEHCILE STRUCK PEDESTRIAN,Y,0,Clear,Dry,Daylight,Y,4261010.0,,0,Vehicle going straight hits pedestrian,0,0,N
7819,2,-122.27901340000001,47.52611725,9743,22659,22659,1784220,Matched,Intersection,487284.0,M L KING JR ER WAY S AND S CLOVERDALE ST,,,2,Injury Collision,Left Turn,2,0,0,2,2004/11/26 00:00:00+00,11/26/2004 5:52:00 AM,At Intersection (intersection related),11,"MOTOR VEHICLE STRUCK MOTOR VEHICLE, FRONT END AT ANGLE",,1,Clear,Dry,Dark - Street Lights On,,4331024.0,,28,From opposite direction - one left turn - one straight,0,0,N
7820,1,-122.3231114,47.52464943,9744,23612,23612,1482074,Matched,Intersection,35106.0,8TH AVE S AND S TRENTON W ST,,,1,Property Damage Only Collision,Other,1,0,0,1,2004/10/16 00:00:00+00,10/16/2004 12:10:00 AM,At Intersection (intersection related),28,MOTOR VEHICLE RAN OFF ROAD - HIT FIXED OBJECT,,0,Overcast,Dry,Dark - Street Lights On,,4290004.0,,50,Fixed object,0,0,N
7821,1,-122.328406,47.604518799999994,9746,23681,23681,1777410,Matched,Block,,6TH AVE BETWEEN JAMES ST AND CHERRY ST,,,1,Property Damage Only Collision,Rear Ended,2,0,0,2,2004/04/09 00:00:00+00,4/9/2004,Mid-Block (but intersection related),14,"MOTOR VEHICLE STRUCK MOTOR VEHICLE, REAR END",,1,Clear,Dry,Daylight,,4100018.0,,14,From same direction - both going straight - one stopped - rear-end,0,0,N
7822,2,-122.2935537,47.56621557,9749,22877,22877,1792978,Matched,Block,,S DAKOTA ST BETWEEN 30TH E AVE S AND RENTON AVE S,,,2,Injury Collision,Pedestrian,2,1,0,1,2004/06/21 00:00:00+00,6/21/2004 8:23:00 PM,Mid-Block (not related to intersection),24,MOTOR VEHCILE STRUCK PEDESTRIAN,,0,Clear,Dry,Daylight,,4173010.0,,0,Vehicle going straight hits pedestrian,0,0,N
7823,2,-122.30438640000001,47.55963761,9750,22973,22973,1779604,Matched,Intersection,166923.0,BEACON ER AVE S AND S COLUMBIAN WAY,,,2,Injury Collision,Pedestrian,2,1,0,1,2004/01/15 00:00:00+00,1/15/2004 6:27:00 PM,At Intersection (intersection related),24,MOTOR VEHCILE STRUCK PEDESTRIAN,,0,Overcast,Wet,Dark - Street Lights On,,4015021.0,,0,Vehicle going straight hits pedestrian,0,0,N
7824,1,-122.3166557,47.65835595,9751,22277,22277,1779739,Matched,Intersection,27087.0,11TH AVE NE AND NE 42ND ST,,,1,Property Damage Only Collision,Angles,4,0,0,2,2004/05/29 00:00:00+00,5/29/2004 3:24:00 PM,At Intersection (intersection related),11,"MOTOR VEHICLE STRUCK MOTOR VEHICLE, FRONT END AT ANGLE",,0,Clear,Dry,Daylight,,4150020.0,,10,Entering at angle,0,0,N
7825,1,-122.32440090000001,47.60170912,9752,23185,23185,1776412,Matched,Block,,YESLER WAY BETWEEN 6TH AVE AND 8TH AVE,,,1,Property Damage Only Collision,Parked Car,2,0,0,2,2004/09/06 00:00:00+00,9/6/2004,Mid-Block (not related to intersection),14,"MOTOR VEHICLE STRUCK MOTOR VEHICLE, REAR END",Y,0,Clear,Dry,Dark - Street Lights On,,4250018.0,,32,One parked--one moving,0,0,N
7826,1,-122.35059299999999,47.654141499999994,9753,23030,23030,1778649,Matched,Block,,N 39TH ST BETWEEN EVANSTON AVE N AND FREMONT AVE N,,,1,Property Damage Only Collision,Rear Ended,4,0,0,3,2004/06/30 00:00:00+00,6/30/2004 6:54:00 PM,Mid-Block (but intersection related),14,"MOTOR VEHICLE STRUCK MOTOR VEHICLE, REAR END",,0,Clear,Dry,Daylight,,4182031.0,,14,From same direction - both going straight - one stopped - rear-end,0,0,N
7827,2,-122.2706936,47.52330823,9754,23037,23037,1793656,Matched,Block,,S HENDERSON ST BETWEEN 50TH AVE S AND RAINIER AVE S,,,2,Injury Collision,Pedestrian,2,1,0,1,2004/07/12 00:00:00+00,7/12/2004 9:51:00 AM,Mid-Block (but intersection related),24,MOTOR VEHCILE STRUCK PEDESTRIAN,,0,Clear,Dry,Daylight,,4194036.0,,1,Vehicle turning right hits pedestrian,0,0,N
7828,1,-122.38213359999999,47.6701801,9755,23321,23321,1079746,Matched,Intersection,25138.0,20TH AVE NW AND NW 57TH ST,,,1,Property Damage Only Collision,Angles,3,0,0,2,2004/09/14 00:00:00+00,9/14/2004 5:01:00 PM,At Intersection (intersection related),11,"MOTOR VEHICLE STRUCK MOTOR VEHICLE, FRONT END AT ANGLE",,0,Raining,Wet,Daylight,,4258047.0,,10,Entering at angle,0,0,N
7829,2,-122.3544789,47.65141095,9757,23516,23516,1782251,Matched,Intersection,27025.0,PHINNEY AVE N AND N 35TH ST,,,2,Injury Collision,Cycles,2,0,1,1,2004/03/21 00:00:00+00,3/21/2004 9:37:00 AM,At Intersection (intersection related),18,"MOTOR VEHICLE STRUCK PEDALCYCLIST, FRONT END AT ANGLE",,0,Clear,Dry,Daylight,,4081006.0,,45,Vehicle - Pedalcyclist,0,0,N
7830,2,-122.35113390000002,47.57094178,9758,23582,23582,1781384,Matched,Block,,WEST SEATTLE BR EB BETWEEN ALASKAN WY VI NB ON RP AND DELRIDGE-W SEATTLE BR EB ON RP,,,2,Injury Collision,Other,1,0,0,1,2004/07/18 00:00:00+00,7/18/2004 3:38:00 AM,Mid-Block (not related to intersection),28,MOTOR VEHICLE RAN OFF ROAD - HIT FIXED OBJECT,,0,Clear,Dry,Dark - Street Lights On,,4200006.0,,50,Fixed object,0,0,N
7831,1,-122.34995490000001,47.6942014,9759,23621,23621,1782068,Matched,Intersection,37442.0,FREMONT AVE N AND N 90TH ST,,,1,Property Damage Only Collision,Angles,2,0,0,2,2004/09/18 00:00:00+00,9/18/2004 11:34:00 PM,At Intersection (intersection related),11,"MOTOR VEHICLE STRUCK MOTOR VEHICLE, FRONT END AT ANGLE",,0,Raining,Wet,Dark - Street Lights On,,4262027.0,,10,Entering at angle,0,0,N
7832,1,-122.33780559999998,47.58950553,9760,23074,23074,1069701,Matched,Block,,ALASKAN WAY S BETWEEN S ATLANTIC ST AND S MASSACHUSETTS ST,,,1,Property Damage Only Collision,Rear Ended,2,0,0,2,2004/10/24 00:00:00+00,10/24/2004 4:18:00 PM,Mid-Block (not related to intersection),14,"MOTOR VEHICLE STRUCK MOTOR VEHICLE, REAR END",Y,0,Clear,Dry,Daylight,,4298026.0,,14,From same direction - both going straight - one stopped - rear-end,0,0,N
7833,1,-122.28483700000001,47.55744456,9762,22103,22103,1477146,Matched,Block,,RAINIER AVE S BETWEEN S FERDINAND ST AND S HUDSON ST,,,1,Property Damage Only Collision,Other,1,0,0,1,2004/09/02 00:00:00+00,9/2/2004,Mid-Block (not related to intersection),28,MOTOR VEHICLE RAN OFF ROAD - HIT FIXED OBJECT,,0,Clear,Dry,Dark - Street Lights Off,,4246007.0,,51,Other object,0,0,N
7834,1,-122.38548349999999,47.56019691,9763,23059,23059,1197979,Matched,Block,,42ND AVE SW BETWEEN SW ALASKA ST AND SW EDMUNDS ST,,,1,Property Damage Only Collision,Parked Car,2,0,0,2,2004/12/08 00:00:00+00,12/8/2004,Driveway Junction,14,"MOTOR VEHICLE STRUCK MOTOR VEHICLE, REAR END",,0,Raining,Wet,Dark - Street Lights On,,4343013.0,,32,One parked--one moving,0,0,N
7835,1,-122.30242720000001,47.60432696,9765,23003,23003,1799138,Matched,Intersection,30102.0,23RD AVE AND E ALDER ST,,,1,Property Damage Only Collision,Left Turn,3,0,0,2,2004/10/11 00:00:00+00,10/11/2004 6:47:00 AM,At Intersection (intersection related),11,"MOTOR VEHICLE STRUCK MOTOR VEHICLE, FRONT END AT ANGLE",,0,Clear,Dry,Daylight,,4285027.0,,28,From opposite direction - one left turn - one straight,0,0,N
7836,1,-122.3504784,47.53639649,9766,23223,23223,1779567,Matched,Block,,12TH AVE SW BETWEEN SW OTHELLO ST AND SW WEBSTER ST,,,1,Property Damage Only Collision,Parked Car,2,0,0,2,2004/06/01 00:00:00+00,6/1/2004,Mid-Block (not related to intersection),13,"MOTOR VEHICLE STRUCK MOTOR VEHICLE, LEFT SIDE AT ANGLE",,0,Clear,Dry,Dusk,,4153002.0,,32,One parked--one moving,0,0,N
7837,1,-122.3543717,47.66140134,9768,23293,23293,1794583,Matched,Intersection,26932.0,PHINNEY AVE N AND N 45TH ST,,,1,Property Damage Only Collision,Angles,2,0,0,2,2004/10/04 00:00:00+00,10/4/2004,At Intersection (intersection related),11,"MOTOR VEHICLE STRUCK MOTOR VEHICLE, FRONT END AT ANGLE",,0,Clear,Dry,Daylight,,4278031.0,,10,Entering at angle,0,0,N
7838,1,-122.2908185,47.70657855,9769,22420,22420,1316641,Matched,Block,,35TH AVE NE BETWEEN NE 105TH ST AND NE 110TH ST,,,1,Property Damage Only Collision,Sideswipe,3,0,0,2,2004/03/04 00:00:00+00,3/4/2004,Mid-Block (not related to intersection),16,"MOTOR VEHICLE STRUCK MOTOR VEHICLE, LEFT SIDE SIDESWIPE",,0,Overcast,Dry,Daylight,,4064015.0,,11,From same direction - both going straight - both moving - sideswipe,0,0,N
7839,1,-122.368725,47.69879601,9771,22955,22955,1477568,Matched,Block,,9TH AVE NW BETWEEN HOLMAN RD NW AND NW 96TH ST,,,1,Property Damage Only Collision,Parked Car,2,0,0,2,2004/06/28 00:00:00+00,6/28/2004 12:20:00 PM,Mid-Block (not related to intersection),14,"MOTOR VEHICLE STRUCK MOTOR VEHICLE, REAR END",,0,Overcast,Dry,Daylight,,4180012.0,,32,One parked--one moving,0,0,N
7840,1,-122.35525390000001,47.56947623,9773,23241,23241,1781476,Matched,Block,,WEST MARGINAL WAY SW BETWEEN MARGINAL PL SW AND MARGINAL SB PL SW,,,1,Property Damage Only Collision,Other,1,0,0,1,2004/01/08 00:00:00+00,1/8/2004,Mid-Block (not related to intersection),28,MOTOR VEHICLE RAN OFF ROAD - HIT FIXED OBJECT,,1,Overcast,Wet,Dark - Street Lights On,,4008008.0,Y,57,All other non-collision,0,0,N
7841,2,-122.3207524,47.60721842,9774,23446,23446,1202821,Matched,Intersection,29801.0,BROADWAY AND JAMES ST,,,2,Injury Collision,Left Turn,2,0,0,2,2004/01/25 00:00:00+00,1/25/2004 10:35:00 PM,At Intersection (intersection related),11,"MOTOR VEHICLE STRUCK MOTOR VEHICLE, FRONT END AT ANGLE",,0,Clear,Dry,Dark - Street Lights On,,4025014.0,,28,From opposite direction - one left turn - one straight,0,0,N
7842,1,-122.30821809999999,47.67762795,9775,22149,22149,1780045,Matched,Block,,NE 68TH ST BETWEEN 18TH AVE NE AND 19TH AVE NE,,,1,Property Damage Only Collision,Parked Car,3,0,0,3,2004/03/18 00:00:00+00,3/18/2004 7:38:00 PM,Mid-Block (not related to intersection),14,"MOTOR VEHICLE STRUCK MOTOR VEHICLE, REAR END",,1,Clear,Dry,Dusk,,4078015.0,,32,One parked--one moving,0,0,N
7843,1,-122.294673,47.57834659,9776,23670,23670,1793350,Matched,Block,,S MCCLELLAN ST BETWEEN 29TH AVE S AND 30TH AVE S,,,1,Property Damage Only Collision,Head On,2,0,0,2,2004/10/23 00:00:00+00,10/23/2004 2:29:00 PM,Mid-Block (not related to intersection),14,"MOTOR VEHICLE STRUCK MOTOR VEHICLE, REAR END",,0,Overcast,Dry,Daylight,,4297009.0,,30,From opposite direction - all others,0,0,N
7844,1,-122.32729429999999,47.65833329,9777,22749,22749,1773557,Matched,Block,,2ND AVE NE BETWEEN NE 42ND W ST AND NE 43RD ST,,,1,Property Damage Only Collision,Parked Car,2,0,0,2,2004/02/02 00:00:00+00,2/2/2004,Mid-Block (not related to intersection),15,"MOTOR VEHICLE STRUCK MOTOR VEHICLE, RIGHT SIDE SIDESWIPE",,0,Overcast,Wet,Daylight,,4033026.0,,32,One parked--one moving,0,0,N
7845,2,-122.35093359999999,47.61364361,9778,22563,22563,1213768,Matched,Block,,ELLIOTT AVE BETWEEN WALL ST AND VINE ST,,,2,Injury Collision,Rear Ended,3,0,0,2,2004/03/30 00:00:00+00,3/30/2004 11:56:00 AM,Mid-Block (not related to intersection),14,"MOTOR VEHICLE STRUCK MOTOR VEHICLE, REAR END",Y,0,Clear,Dry,Daylight,,4090014.0,,14,From same direction - both going straight - one stopped - rear-end,0,0,N
7846,1,-122.3024996,47.6202073,9779,22412,22412,1786957,Matched,Intersection,29380.0,23RD AVE E AND E JOHN ST,,,1,Property Damage Only Collision,Left Turn,2,0,0,2,2004/05/14 00:00:00+00,5/14/2004 10:04:00 PM,At Intersection (intersection related),11,"MOTOR VEHICLE STRUCK MOTOR VEHICLE, FRONT END AT ANGLE",,0,Clear,Dry,Dark - Street Lights On,,4135021.0,,28,From opposite direction - one left turn - one straight,0,0,N
7847,2,-122.2964241,47.62331724,9780,23660,23660,1071237,Matched,Intersection,29292.0,M L KING JR WAY E AND E MADISON ST,,,2,Injury Collision,Angles,2,0,0,2,2004/04/29 00:00:00+00,4/29/2004 7:22:00 PM,At Intersection (intersection related),11,"MOTOR VEHICLE STRUCK MOTOR VEHICLE, FRONT END AT ANGLE",,0,Clear,Dry,Dusk,,4120024.0,,10,Entering at angle,0,0,N
7848,2,-122.33309809999999,47.60965503,9781,23088,23088,1482755,Matched,Block,,6TH AVE BETWEEN UNIVERSITY ST AND UNION ST,,,2,Injury Collision,Pedestrian,3,1,0,1,2004/06/05 00:00:00+00,6/5/2004,Mid-Block (not related to intersection),24,MOTOR VEHCILE STRUCK PEDESTRIAN,,0,Clear,Dry,Dark - Street Lights On,,4157030.0,,0,Vehicle going straight hits pedestrian,0,0,N
7849,1,-122.3179209,47.66494073,9782,23468,23468,1780541,Matched,Block,,NE 50TH ST BETWEEN 9TH AVE NE AND ROOSEVELT WAY NE,,,1,Property Damage Only Collision,Rear Ended,2,0,0,2,2004/04/01 00:00:00+00,4/1/2004,Mid-Block (but intersection related),14,"MOTOR VEHICLE STRUCK MOTOR VEHICLE, REAR END",Y,0,Clear,Dry,Daylight,,4092033.0,,14,From same direction - both going straight - one stopped - rear-end,0,0,N
7850,2,-122.28059640000002,47.52887446,9783,22589,22589,1787884,Matched,Block,,M L KING JR WR WAY S BETWEEN S ELMGROVE ST AND S THISTLE ST,,,2,Injury Collision,Rear Ended,3,0,0,2,2004/02/03 00:00:00+00,2/3/2004,Mid-Block (but intersection related),14,"MOTOR VEHICLE STRUCK MOTOR VEHICLE, REAR END",,0,Clear,Dry,Daylight,,4034005.0,,13,From same direction - both going straight - both moving - rear-end,0,0,N
7851,1,-122.32905890000002,47.5749789,9785,22135,22135,1213479,Matched,Block,,4TH AVE S BETWEEN S HANFORD ST AND S HORTON ST,,,1,Property Damage Only Collision,Other,1,0,0,1,2004/02/16 00:00:00+00,2/16/2004 2:00:00 PM,Mid-Block (but intersection related),26,MOTOR VEHICLE STRUCK OBJECT IN ROAD,,0,Raining,Wet,Daylight,,4047033.0,,50,Fixed object,0,0,N
7852,1,-122.35207759999999,47.61724993,9786,23499,23499,1181386,Matched,Block,,BROAD ST BETWEEN 1ST AVE AND 2ND AVE,,,1,Property Damage Only Collision,Sideswipe,4,0,0,2,2004/08/08 00:00:00+00,8/8/2004,Mid-Block (not related to intersection),16,"MOTOR VEHICLE STRUCK MOTOR VEHICLE, LEFT SIDE SIDESWIPE",,0,Clear,Dry,Daylight,,4221015.0,,12,From same direction - both going straight - one stopped - sideswipe,0,0,N
7853,2,-122.3357817,47.60587262,9787,22742,22742,1777166,Matched,Intersection,29613.0,2ND AVE AND SPRING ST,,,2,Injury Collision,Angles,2,0,0,2,2004/07/18 00:00:00+00,7/18/2004 2:27:00 PM,At Intersection (intersection related),11,"MOTOR VEHICLE STRUCK MOTOR VEHICLE, FRONT END AT ANGLE",,0,Clear,Dry,Daylight,,4200020.0,,10,Entering at angle,0,0,N
7854,1,-122.33842920000001,47.706863899999995,9788,22562,22562,1089099,Matched,Block,,N 107TH ST BETWEEN ASHWORTH AVE N AND DENSMORE AVE N,,,1,Property Damage Only Collision,Other,2,0,0,2,2004/05/08 00:00:00+00,5/8/2004,Driveway Junction,11,"MOTOR VEHICLE STRUCK MOTOR VEHICLE, FRONT END AT ANGLE",,0,Clear,Dry,Daylight,,4129018.0,,21,One car entering driveway access,0,0,N
7855,2,-122.31318780000001,47.65905362,9789,22404,22404,1781958,Matched,Block,,UNIVERSITY WAY NE BETWEEN NE 42ND ST AND NE 43RD ST,,,2,Injury Collision,Right Turn,2,0,0,2,2004/05/05 00:00:00+00,5/5/2004,Mid-Block (but intersection related),14,"MOTOR VEHICLE STRUCK MOTOR VEHICLE, REAR END",Y,0,Clear,Dry,Daylight,,4126032.0,,16,From same direction - one right turn - one straight,0,0,N
7856,1,-122.3450072,47.62031265,9794,22699,22699,1776881,Matched,Block,,6TH AVE N BETWEEN JOHN ST AND THOMAS ST,,,1,Property Damage Only Collision,Parked Car,2,0,0,2,2004/03/01 00:00:00+00,3/1/2004,Mid-Block (not related to intersection),11,"MOTOR VEHICLE STRUCK MOTOR VEHICLE, FRONT END AT ANGLE",,0,Overcast,Dry,Unknown,,4061017.0,,32,One parked--one moving,0,0,N
7857,1,-122.30679750000002,47.65012306,9795,22123,22123,1794038,Matched,Block,,NE PACIFIC ST BETWEEN NE PACIFIC PL AND UNIV HOSPITAL DR,,,1,Property Damage Only Collision,Other,3,0,0,2,2004/07/26 00:00:00+00,7/26/2004 12:39:00 PM,Driveway Junction,11,"MOTOR VEHICLE STRUCK MOTOR VEHICLE, FRONT END AT ANGLE",,0,Clear,Dry,Daylight,,4208030.0,,21,One car entering driveway access,0,0,N
7858,1,-122.34130559999998,47.69144752,9796,23339,23339,1775620,Matched,Block,,STONE AVE N BETWEEN N 85TH E ST AND N 88TH ST,,,1,Property Damage Only Collision,Parked Car,2,0,0,2,2004/01/28 00:00:00+00,1/28/2004 4:39:00 PM,Mid-Block (not related to intersection),16,"MOTOR VEHICLE STRUCK MOTOR VEHICLE, LEFT SIDE SIDESWIPE",,0,Raining,Wet,Dusk,,4028019.0,,32,One parked--one moving,0,0,N
7859,1,-122.30461399999999,47.64541021,9797,22646,22646,1772184,Matched,Block,,MONTLAKE BLVD E BETWEEN MONTLAKE BV ON RP AND E HAMLIN ST,,,1,Property Damage Only Collision,Rear Ended,2,0,0,2,2004/04/01 00:00:00+00,4/1/2004,Mid-Block (not related to intersection),14,"MOTOR VEHICLE STRUCK MOTOR VEHICLE, REAR END",,0,Clear,Dry,Dusk,,4092028.0,Y,14,From same direction - both going straight - one stopped - rear-end,0,0,N
7860,1,-122.32634850000001,47.60981887,9798,23608,23608,1477722,Matched,Block,,SPRING ST BETWEEN TERRY AVE AND BOREN AVE,,,1,Property Damage Only Collision,Angles,2,0,0,2,2004/04/22 00:00:00+00,4/22/2004 6:22:00 PM,Mid-Block (but intersection related),11,"MOTOR VEHICLE STRUCK MOTOR VEHICLE, FRONT END AT ANGLE",,0,Clear,Dry,Daylight,,4113016.0,,10,Entering at angle,0,0,N
7861,1,-122.3255028,47.68145614,9799,22594,22594,1781912,Matched,Block,,WOODLAWN AVE NE BETWEEN NE 73RD ST AND 4TH N AVE NE,,,1,Property Damage Only Collision,Parked Car,2,0,0,2,2004/07/21 00:00:00+00,7/21/2004 3:45:00 PM,Mid-Block (not related to intersection),14,"MOTOR VEHICLE STRUCK MOTOR VEHICLE, REAR END",,0,Clear,Dry,Daylight,,4203019.0,,32,One parked--one moving,0,0,N
7862,1,-122.3338311,47.54737114,9800,23676,23676,1227722,Matched,Intersection,33194.0,1ST AV S BR NB AND EAST MARGINAL WAY S,,,1,Property Damage Only Collision,Angles,2,0,0,2,2004/04/16 00:00:00+00,4/16/2004 10:02:00 AM,At Intersection (intersection related),16,"MOTOR VEHICLE STRUCK MOTOR VEHICLE, LEFT SIDE SIDESWIPE",,0,Raining,Wet,Daylight,,4107009.0,,10,Entering at angle,0,0,N
7863,1,-122.3081155,47.61760594,9801,22292,22292,1789931,Matched,Block,,E HOWELL ST BETWEEN 18TH AVE AND 19TH AVE,,,1,Property Damage Only Collision,Parked Car,2,0,0,2,2004/02/22 00:00:00+00,2/22/2004 1:00:00 AM,Mid-Block (not related to intersection),14,"MOTOR VEHICLE STRUCK MOTOR VEHICLE, REAR END",,0,Raining,Wet,Dark - Street Lights On,,4053012.0,,32,One parked--one moving,0,0,N
7864,1,-122.31843789999999,47.66494396,9802,23646,23646,1781776,Matched,Intersection,25788.0,9TH AVE NE AND NE 50TH ST,,,1,Property Damage Only Collision,Left Turn,2,0,0,2,2004/05/10 00:00:00+00,5/10/2004 3:34:00 PM,At Intersection (intersection related),11,"MOTOR VEHICLE STRUCK MOTOR VEHICLE, FRONT END AT ANGLE",,0,Raining,Wet,Daylight,,4131012.0,,28,From opposite direction - one left turn - one straight,0,0,N