,SEVERITYCODE,X,Y,OBJECTID,INCKEY,COLDETKEY,REPORTNO,STATUS,ADDRTYPE,INTKEY,LOCATION,EXCEPTRSNCODE,EXCEPTRSNDESC,SEVERITYCODE.1,SEVERITYDESC,COLLISIONTYPE,PERSONCOUNT,PEDCOUNT,PEDCYLCOUNT,VEHCOUNT,INCDATE,INCDTTM,JUNCTIONTYPE,SDOT_COLCODE,SDOT_COLDESC,INATTENTIONIND,UNDERINFL,WEATHER,ROADCOND,LIGHTCOND,PEDROWNOTGRNT,SDOTCOLNUM,SPEEDING,ST_COLCODE,ST_COLDESC,SEGLANEKEY,CROSSWALKKEY,HITPARKEDCAR
7865,2,-122.3340168,47.71002360000001,9804,22555,22555,1782600,Matched,Block,,MERIDIAN AVE N BETWEEN N 112TH ST AND N 113TH ST,,,2,Injury Collision,Cycles,2,0,1,1,2004/01/14 00:00:00+00,1/14/2004 6:35:00 AM,Driveway Junction,18,"MOTOR VEHICLE STRUCK PEDALCYCLIST, FRONT END AT ANGLE",,0,Raining,Wet,Dark - Street Lights On,Y,4014060.0,,45,Vehicle - Pedalcyclist,0,0,N
7866,2,-122.3394318,47.60483307,9805,22267,22267,1777170,Matched,Block,,ALASKAN WAY BETWEEN SPRING ST AND SENECA ST,,,2,Injury Collision,Rear Ended,4,0,0,2,2004/08/06 00:00:00+00,8/6/2004,Mid-Block (but intersection related),14,"MOTOR VEHICLE STRUCK MOTOR VEHICLE, REAR END",,0,Overcast,Wet,Daylight,,4219063.0,,14,From same direction - both going straight - one stopped - rear-end,0,0,N
7867,2,-122.30161580000001,47.70454438,9806,22907,22907,1774748,Matched,Intersection,37612.0,24TH AVE NE AND LAKE CITY WAY NE,,,2,Injury Collision,Left Turn,3,0,0,2,2004/07/24 00:00:00+00,7/24/2004 1:37:00 PM,At Intersection (intersection related),11,"MOTOR VEHICLE STRUCK MOTOR VEHICLE, FRONT END AT ANGLE",,0,Clear,Dry,Daylight,,4206027.0,,28,From opposite direction - one left turn - one straight,0,0,N
7868,2,-122.3445606,47.69382203,9807,22781,22781,1780924,Matched,Block,,AURORA AVE N BETWEEN N 89TH ST AND N 90TH ST,,,2,Injury Collision,Rear Ended,3,0,0,2,2004/03/22 00:00:00+00,3/22/2004 8:19:00 PM,Mid-Block (but intersection related),14,"MOTOR VEHICLE STRUCK MOTOR VEHICLE, REAR END",Y,0,Clear,Dry,Dark - Street Lights On,,4082019.0,,14,From same direction - both going straight - one stopped - rear-end,0,0,N
7869,2,-122.3194347,47.61294002,9810,23379,23379,1217151,Matched,Intersection,29759.0,10TH AVE AND E UNION ST,,,2,Injury Collision,Angles,3,0,0,2,2004/07/30 00:00:00+00,7/30/2004 4:14:00 PM,At Intersection (intersection related),11,"MOTOR VEHICLE STRUCK MOTOR VEHICLE, FRONT END AT ANGLE",,0,Clear,Dry,Daylight,,4212011.0,,10,Entering at angle,0,0,N
7870,1,-122.3627658,47.546403399999996,9811,23143,23143,1188120,Matched,Block,,DELRIDGE WAY SW BETWEEN 24TH AVE SW AND 23RD S AVE SW,,,1,Property Damage Only Collision,Sideswipe,2,0,0,2,2004/01/23 00:00:00+00,1/23/2004 2:38:00 PM,Mid-Block (but intersection related),14,"MOTOR VEHICLE STRUCK MOTOR VEHICLE, REAR END",,0,Raining,Wet,Daylight,,4023033.0,,11,From same direction - both going straight - both moving - sideswipe,0,0,N
7871,1,-122.35397730000001,47.66251047,9812,23485,23485,1318309,Matched,Block,,PHINNEY AVE N BETWEEN N 46TH ST AND N 47TH ST,,,1,Property Damage Only Collision,Other,2,0,0,2,2004/03/25 00:00:00+00,3/25/2004 10:55:00 AM,Driveway Junction,11,"MOTOR VEHICLE STRUCK MOTOR VEHICLE, FRONT END AT ANGLE",,0,Raining,Wet,Daylight,,4085024.0,,22,One car leaving driveway access,0,0,N
7872,1,-122.30105859999999,47.59928512,9813,22811,22811,1074642,Matched,Block,,S JACKSON ST BETWEEN 23RD AVE S AND 25TH AVE S,,,1,Property Damage Only Collision,Other,4,0,0,2,2004/05/26 00:00:00+00,5/26/2004 9:26:00 PM,Driveway Junction,14,"MOTOR VEHICLE STRUCK MOTOR VEHICLE, REAR END",Y,0,Clear,Wet,Dark - Street Lights On,,4147040.0,,22,One car leaving driveway access,0,0,N
7873,1,-122.30834070000002,47.66396269,9814,22962,22962,1326847,Matched,Block,,18TH AVE NE BETWEEN NE 47TH ST AND NE 50TH ST,,,1,Property Damage Only Collision,Parked Car,3,0,0,3,2004/11/19 00:00:00+00,11/19/2004 2:30:00 AM,Mid-Block (not related to intersection),14,"MOTOR VEHICLE STRUCK MOTOR VEHICLE, REAR END",,0,Overcast,Wet,Dark - No Street Lights,,4324006.0,,32,One parked--one moving,0,0,N
7874,2,-122.3127611,47.61645052,9815,22254,22254,1007493,Matched,Intersection,30120.0,15TH AVE AND E OLIVE ST,,,2,Injury Collision,Left Turn,2,0,0,2,2004/03/10 00:00:00+00,3/10/2004 1:36:00 PM,At Intersection (intersection related),11,"MOTOR VEHICLE STRUCK MOTOR VEHICLE, FRONT END AT ANGLE",,0,Clear,Dry,Daylight,,4070004.0,,28,From opposite direction - one left turn - one straight,0,0,N
7875,1,-122.3163466,47.66401836,9816,23388,23388,1771602,Matched,Block,,11TH AVE NE BETWEEN NE 47TH ST AND NE 50TH ST,,,1,Property Damage Only Collision,Parked Car,2,0,0,2,2004/03/31 00:00:00+00,3/31/2004 7:00:00 PM,Mid-Block (not related to intersection),14,"MOTOR VEHICLE STRUCK MOTOR VEHICLE, REAR END",,0,Overcast,Dry,Dark - Street Lights On,,4091030.0,,32,One parked--one moving,0,0,N
7876,1,-122.3761636,47.64156384,9817,22917,22917,1778996,Matched,Block,,15TH AVE W BETWEEN W WHEELER ST AND GILMAN DR W,,,1,Property Damage Only Collision,Sideswipe,3,0,0,2,2004/03/28 00:00:00+00,3/28/2004 10:00:00 AM,Mid-Block (not related to intersection),16,"MOTOR VEHICLE STRUCK MOTOR VEHICLE, LEFT SIDE SIDESWIPE",,0,Clear,Dry,Daylight,,4088013.0,,11,From same direction - both going straight - both moving - sideswipe,0,0,N
7877,2,-122.3787695,47.56468033,9818,23309,23309,1798490,Matched,Intersection,31902.0,37TH AVE SW AND SW GENESEE ST,,,2,Injury Collision,Angles,3,0,0,3,2004/09/08 00:00:00+00,9/8/2004,At Intersection (intersection related),11,"MOTOR VEHICLE STRUCK MOTOR VEHICLE, FRONT END AT ANGLE",,0,Clear,Dry,Daylight,,4252012.0,,10,Entering at angle,0,0,N
7878,2,-122.33467150000001,47.60633735,9819,23004,23004,1181997,Matched,Intersection,29950.0,3RD AVE AND SPRING ST,,,2,Injury Collision,Angles,3,0,0,2,2004/07/25 00:00:00+00,7/25/2004 7:30:00 PM,At Intersection (intersection related),11,"MOTOR VEHICLE STRUCK MOTOR VEHICLE, FRONT END AT ANGLE",,0,Clear,Dry,Daylight,,4207020.0,,10,Entering at angle,0,0,N
7879,1,-122.3466941,47.6422552,9820,23372,23372,C628792,Matched,Block,,HALLADAY ST BETWEEN AURORA AVE N AND BIRCH AVE N,,,1,Property Damage Only Collision,Rear Ended,2,0,0,2,2004/02/26 00:00:00+00,2/26/2004 4:05:00 PM,Mid-Block (not related to intersection),14,"MOTOR VEHICLE STRUCK MOTOR VEHICLE, REAR END",,0,Raining,Wet,Daylight,,4057037.0,,14,From same direction - both going straight - one stopped - rear-end,0,0,N
7880,1,-122.33579879999999,47.66212692,9823,22129,22129,1069551,Matched,Block,,N 46TH ST BETWEEN WALLINGFORD AVE N AND BURKE AVE N,,,1,Property Damage Only Collision,Parked Car,2,0,0,2,2004/11/01 00:00:00+00,11/1/2004,Mid-Block (not related to intersection),13,"MOTOR VEHICLE STRUCK MOTOR VEHICLE, LEFT SIDE AT ANGLE",,0,Raining,Wet,Daylight,,4306019.0,,32,One parked--one moving,0,0,N
7881,1,-122.30305520000002,47.64315801,9827,23523,23523,1198284,Matched,Intersection,28395.0,EAST MONTLAKE PL E AND E ROANOKE ST,,,1,Property Damage Only Collision,Other,2,0,0,2,2004/11/01 00:00:00+00,11/1/2004,At Intersection (intersection related),11,"MOTOR VEHICLE STRUCK MOTOR VEHICLE, FRONT END AT ANGLE",,0,Raining,Wet,Daylight,,4306037.0,,23,From same direction - all others,0,0,N
7882,1,-122.3187061,47.67375227,9828,23148,23148,1775913,Matched,Block,,9TH AVE NE BETWEEN NE 62ND ST AND NE 63RD ST,,,1,Property Damage Only Collision,Parked Car,2,0,0,2,2004/01/22 00:00:00+00,1/22/2004 5:30:00 PM,Mid-Block (not related to intersection),15,"MOTOR VEHICLE STRUCK MOTOR VEHICLE, RIGHT SIDE SIDESWIPE",,0,Clear,Dry,Dark - Street Lights On,,4022019.0,,32,One parked--one moving,0,0,N
7883,2,-122.33748600000001,47.58974639,9829,22288,22288,1213416,Matched,Block,,ALASKAN WY VI SB BETWEEN ALASKAN WY VI SB EFR OFF RP AND S HOLGATE ST,,,2,Injury Collision,Other,2,0,0,1,2004/10/05 00:00:00+00,10/5/2004,Mid-Block (not related to intersection),26,MOTOR VEHICLE STRUCK OBJECT IN ROAD,,0,Fog/Smog/Smoke,Wet,Dark - No Street Lights,,4279015.0,Y,50,Fixed object,0,0,N
7884,1,-122.3131018,47.66309179,9830,23494,23494,1793712,Matched,Intersection,25804.0,UNIVERSITY WAY NE AND NE 47TH ST,,,1,Property Damage Only Collision,Left Turn,2,0,0,2,2004/06/01 00:00:00+00,6/1/2004,At Intersection (intersection related),14,"MOTOR VEHICLE STRUCK MOTOR VEHICLE, REAR END",,0,Clear,Dry,Daylight,,4153011.0,,28,From opposite direction - one left turn - one straight,0,0,N
7885,1,-122.38266770000001,47.64845692,9831,22887,22887,1213677,Matched,Block,,W DRAVUS ST BETWEEN 20TH AVE W AND 21ST AVE W,,,1,Property Damage Only Collision,Angles,2,0,0,2,2004/04/17 00:00:00+00,4/17/2004 8:08:00 PM,Driveway Junction,11,"MOTOR VEHICLE STRUCK MOTOR VEHICLE, FRONT END AT ANGLE",,0,Clear,Dry,Daylight,,4108005.0,,10,Entering at angle,0,0,N
7886,1,-122.38213,47.668675799999995,9832,22696,22696,1773893,Matched,Intersection,25152.0,20TH AVE NW AND NW MARKET ST,,,1,Property Damage Only Collision,Angles,2,0,0,2,2004/03/24 00:00:00+00,3/24/2004 3:40:00 PM,At Intersection (intersection related),11,"MOTOR VEHICLE STRUCK MOTOR VEHICLE, FRONT END AT ANGLE",,0,Overcast,Dry,Daylight,,4084019.0,,10,Entering at angle,0,0,N
7887,2,-122.29951200000001,47.71204425,9833,22121,22121,1793953,Matched,Intersection,36655.0,LAKE CITY WAY NE AND NE 115TH ST,,,2,Injury Collision,Pedestrian,2,1,0,1,2004/10/20 00:00:00+00,10/20/2004 7:00:00 AM,At Intersection (intersection related),24,MOTOR VEHCILE STRUCK PEDESTRIAN,,0,Clear,Dry,Dark - Street Lights On,Y,4294026.0,,2,Vehicle turning left hits pedestrian,0,0,N
7888,1,-122.3176056,47.63839428,9834,23332,23332,1211597,Matched,Block,,E BOSTON ST BETWEEN 11TH AVE E AND 12TH AVE E,,,1,Property Damage Only Collision,Other,1,0,0,1,2004/12/01 00:00:00+00,12/1/2004,Mid-Block (but intersection related),28,MOTOR VEHICLE RAN OFF ROAD - HIT FIXED OBJECT,,0,Clear,Wet,Dark - Street Lights On,,4336020.0,Y,50,Fixed object,0,0,N
7889,2,-122.3140426,47.71942296,9835,23086,23086,1079977,Matched,Intersection,36428.0,14TH AVE NE AND NE 125TH ST,,,2,Injury Collision,Angles,4,0,0,2,2004/06/25 00:00:00+00,6/25/2004 5:20:00 PM,At Intersection (intersection related),11,"MOTOR VEHICLE STRUCK MOTOR VEHICLE, FRONT END AT ANGLE",,0,Clear,Dry,Daylight,,4177024.0,,10,Entering at angle,0,0,N
7890,2,-122.3762608,47.55560177,9836,23175,23175,1789403,Matched,Intersection,32780.0,35TH AVE SW AND SW DAWSON ST,,,2,Injury Collision,Angles,4,0,0,2,2004/08/28 00:00:00+00,8/28/2004 7:58:00 PM,At Intersection (intersection related),11,"MOTOR VEHICLE STRUCK MOTOR VEHICLE, FRONT END AT ANGLE",,0,Clear,Dry,Dark - Street Lights On,,4241020.0,,10,Entering at angle,0,0,N
7891,1,-122.28868020000002,47.56589896,9839,23492,23492,1779117,Matched,Block,,RAINIER AVE S BETWEEN S DAKOTA ST AND S ADAMS ST,,,1,Property Damage Only Collision,Other,1,0,0,1,2004/09/12 00:00:00+00,9/12/2004 8:30:00 AM,Mid-Block (but intersection related),28,MOTOR VEHICLE RAN OFF ROAD - HIT FIXED OBJECT,,0,Raining,Wet,Daylight,,4256005.0,,50,Fixed object,0,0,N
7892,1,-122.35677709999999,47.63231652,9840,22599,22599,1482514,Matched,Intersection,28545.0,QUEEN ANNE AVE N AND W GALER ST,,,1,Property Damage Only Collision,Angles,2,0,0,2,2004/07/29 00:00:00+00,7/29/2004 4:50:00 PM,At Intersection (intersection related),11,"MOTOR VEHICLE STRUCK MOTOR VEHICLE, FRONT END AT ANGLE",,0,Other,Unknown,Daylight,,4211021.0,,10,Entering at angle,0,0,N
7893,1,-122.33503190000002,47.60421435,9841,22958,22958,1216833,Matched,Block,,MARION ST BETWEEN 1ST AVE AND 2ND AVE,,,1,Property Damage Only Collision,Parked Car,2,0,0,2,2004/09/14 00:00:00+00,9/14/2004 1:30:00 PM,Mid-Block (not related to intersection),11,"MOTOR VEHICLE STRUCK MOTOR VEHICLE, FRONT END AT ANGLE",,0,Clear,Dry,Daylight,,4258003.0,,32,One parked--one moving,0,0,N
7894,1,-122.3208637,47.61932228,9845,23599,23599,1217164,Matched,Block,,BROADWAY E BETWEEN E DENNY WAY AND E OLIVE WAY,,,1,Property Damage Only Collision,Sideswipe,3,0,0,2,2004/09/14 00:00:00+00,9/14/2004 6:36:00 PM,Mid-Block (but intersection related),16,"MOTOR VEHICLE STRUCK MOTOR VEHICLE, LEFT SIDE SIDESWIPE",,0,Raining,Wet,Daylight,,4258043.0,,11,From same direction - both going straight - both moving - sideswipe,0,0,N
7895,2,-122.3018828,47.72294145,9846,22999,22999,1319624,Matched,Intersection,36059.0,25TH AVE NE AND NE 130TH ST,,,2,Injury Collision,Angles,2,0,0,2,2004/05/14 00:00:00+00,5/14/2004 8:37:00 AM,At Intersection (intersection related),11,"MOTOR VEHICLE STRUCK MOTOR VEHICLE, FRONT END AT ANGLE",,0,Clear,Dry,Daylight,,4135026.0,,10,Entering at angle,0,0,N
7896,1,-122.34544220000001,47.52096837,9847,23510,23510,1775045,Matched,Intersection,35050.0,8TH AVE SW AND SW BARTON ST,,,1,Property Damage Only Collision,Angles,2,0,0,2,2004/03/26 00:00:00+00,3/26/2004 5:00:00 PM,At Intersection (intersection related),11,"MOTOR VEHICLE STRUCK MOTOR VEHICLE, FRONT END AT ANGLE",,0,Raining,Wet,Daylight,,4086015.0,,10,Entering at angle,0,0,N
7897,1,-122.2877869,47.52878786,9848,22988,22988,1793083,Matched,Block,,BEACON ER AVE S BETWEEN S ROSE ST AND S THISTLE ST,,,1,Property Damage Only Collision,Parked Car,2,0,0,2,2004/08/17 00:00:00+00,8/17/2004 6:52:00 PM,Mid-Block (not related to intersection),16,"MOTOR VEHICLE STRUCK MOTOR VEHICLE, LEFT SIDE SIDESWIPE",,0,Clear,Dry,Daylight,,4230014.0,,32,One parked--one moving,0,0,N
7898,2,-122.30433059999999,47.58050609,9849,22283,22283,1776237,Matched,Block,,22ND AVE S BETWEEN S BAYVIEW ST AND S WAITE ST,,,2,Injury Collision,Parked Car,2,0,0,2,2004/02/12 00:00:00+00,2/12/2004 3:00:00 PM,Mid-Block (not related to intersection),14,"MOTOR VEHICLE STRUCK MOTOR VEHICLE, REAR END",,0,Clear,Dry,Daylight,,4043030.0,,32,One parked--one moving,0,0,N
7899,1,-122.31956729999999,47.66131146,9850,22951,22951,1782071,Matched,Intersection,337035.0,8TH AVE NE AND NE 45TH E ST,,,1,Property Damage Only Collision,Left Turn,5,0,0,2,2004/09/23 00:00:00+00,9/23/2004 9:46:00 PM,At Intersection (intersection related),11,"MOTOR VEHICLE STRUCK MOTOR VEHICLE, FRONT END AT ANGLE",,0,Clear,Dry,Dark - Street Lights On,,4267038.0,,15,From same direction - one left turn - one straight,0,0,N
7900,1,-122.29955770000001,47.59555716,9851,22818,22818,1788519,Matched,Block,,S DEARBORN ST BETWEEN 25TH AVE S AND 26TH W AVE S,,,1,Property Damage Only Collision,Parked Car,2,0,0,2,2004/03/18 00:00:00+00,3/18/2004 8:47:00 AM,Mid-Block (not related to intersection),14,"MOTOR VEHICLE STRUCK MOTOR VEHICLE, REAR END",,0,Overcast,Wet,Daylight,,4078024.0,,32,One parked--one moving,0,0,N
7901,2,-122.3157149,47.63826302,9852,22397,22397,1789879,Matched,Block,,E BOSTON ST BETWEEN 13TH AVE E AND EVERETT AVE E,,,2,Injury Collision,Parked Car,3,0,0,3,2004/02/04 00:00:00+00,2/4/2004,Mid-Block (not related to intersection),11,"MOTOR VEHICLE STRUCK MOTOR VEHICLE, FRONT END AT ANGLE",,0,Raining,Wet,Dark - Street Lights On,,4035025.0,Y,32,One parked--one moving,0,0,N
7902,1,-122.3071489,47.54638065,9853,23532,23532,C645447,Matched,Block,,SWIFT AVE S BETWEEN S GRAHAM ST AND SWIFT AV OFF RP,,,1,Property Damage Only Collision,Rear Ended,3,0,0,3,2004/05/27 00:00:00+00,5/27/2004 4:00:00 PM,Mid-Block (but intersection related),14,"MOTOR VEHICLE STRUCK MOTOR VEHICLE, REAR END",,0,Raining,Wet,Daylight,,4148066.0,,14,From same direction - both going straight - one stopped - rear-end,0,0,N
7903,1,-122.3211459,47.54427215,9854,22633,22633,1788864,Matched,Intersection,34182.0,CARLETON AVE S AND S WARSAW ST,,,1,Property Damage Only Collision,Angles,2,0,0,2,2004/02/04 00:00:00+00,2/4/2004,At Intersection (intersection related),11,"MOTOR VEHICLE STRUCK MOTOR VEHICLE, FRONT END AT ANGLE",,0,Overcast,Wet,Daylight,,4035033.0,,10,Entering at angle,0,0,N
7904,1,-122.37100600000001,47.63595453,9855,23593,23593,1778017,Matched,Block,,W HOWE ST BETWEEN 10TH AVE W AND 11TH AVE W,,,1,Property Damage Only Collision,Parked Car,2,0,0,2,2004/04/09 00:00:00+00,4/9/2004,Mid-Block (not related to intersection),16,"MOTOR VEHICLE STRUCK MOTOR VEHICLE, LEFT SIDE SIDESWIPE",,0,Clear,Dry,Daylight,,4100003.0,,32,One parked--one moving,0,0,N
7905,1,-122.34827959999998,47.61441995,9856,22006,22006,1318147,Matched,Block,,1ST AVE BETWEEN BATTERY ST AND WALL ST,,,1,Property Damage Only Collision,Sideswipe,2,0,0,2,2004/02/20 00:00:00+00,2/20/2004 10:45:00 PM,Mid-Block (not related to intersection),16,"MOTOR VEHICLE STRUCK MOTOR VEHICLE, LEFT SIDE SIDESWIPE",,0,Clear,Dry,Dark - Street Lights On,,4051020.0,,11,From same direction - both going straight - both moving - sideswipe,0,0,N
7906,1,-122.34455200000001,47.69309789,9857,23362,23362,1782377,Matched,Block,,AURORA AVE N BETWEEN N 88TH N ST AND N 89TH ST,,,1,Property Damage Only Collision,Rear Ended,4,0,0,2,2004/02/26 00:00:00+00,2/26/2004 7:44:00 AM,Mid-Block (not related to intersection),14,"MOTOR VEHICLE STRUCK MOTOR VEHICLE, REAR END",,0,Overcast,Wet,Daylight,,4057007.0,,14,From same direction - both going straight - one stopped - rear-end,0,0,N
7907,1,-122.2927852,47.56007559,9858,22899,22899,1474088,Matched,Block,,M L KING JR ER WAY S BETWEEN S ALASKA ST AND S ANGELINE ST,,,1,Property Damage Only Collision,Rear Ended,3,0,0,2,2004/04/03 00:00:00+00,4/3/2004,Mid-Block (but intersection related),14,"MOTOR VEHICLE STRUCK MOTOR VEHICLE, REAR END",,0,Clear,Dry,Dark - Street Lights On,,4094011.0,,14,From same direction - both going straight - one stopped - rear-end,0,0,N
7908,1,-122.2994655,47.66068091,9859,22625,22625,1780444,Matched,Intersection,27295.0,MONTLAKE BLVD NE AND NE 45TH ST RP,,,1,Property Damage Only Collision,Other,2,0,0,2,2004/07/06 00:00:00+00,7/6/2004,At Intersection (intersection related),11,"MOTOR VEHICLE STRUCK MOTOR VEHICLE, FRONT END AT ANGLE",,0,Raining,Wet,Daylight,,4188013.0,,22,One car leaving driveway access,0,0,N
7909,1,-122.3529169,47.718687200000005,9860,22925,22925,1778339,Matched,Block,,DAYTON AVE N BETWEEN N 122ND ST AND N 125TH ST,,,1,Property Damage Only Collision,Parked Car,2,0,0,2,2004/01/14 00:00:00+00,1/14/2004 3:00:00 AM,Mid-Block (not related to intersection),12,"MOTOR VEHICLE STRUCK MOTOR VEHICLE, RIGHT SIDE AT ANGLE",,0,Unknown,Unknown,Dark - Street Lights On,,4014015.0,,32,One parked--one moving,0,0,N
7910,1,-122.3609122,47.71599892,9861,23319,23319,1784986,Matched,Intersection,36220.0,3RD AVE NW AND NW 120TH ST,,,1,Property Damage Only Collision,Angles,3,0,0,2,2004/12/01 00:00:00+00,12/1/2004,At Intersection (intersection related),11,"MOTOR VEHICLE STRUCK MOTOR VEHICLE, FRONT END AT ANGLE",,0,Clear,Dry,Daylight,,4336006.0,,10,Entering at angle,0,0,N
7911,1,-122.3508273,47.62543524,9862,22720,22720,1784801,Matched,Block,,ROY ST BETWEEN 3RD AVE N AND NOB HILL AVE N,,,1,Property Damage Only Collision,Parked Car,2,0,0,2,2004/09/02 00:00:00+00,9/2/2004,Mid-Block (not related to intersection),0,NOT ENOUGH INFORMATION / NOT APPLICABLE,,0,Clear,Dry,Daylight,,4246013.0,,32,One parked--one moving,0,0,N
7912,1,-122.3011629,47.67577382,9863,23622,23622,C649644,Matched,Block,,NE 65TH ST BETWEEN 24TH AVE NE AND 25TH AVE NE,,,1,Property Damage Only Collision,Right Turn,2,0,0,2,2004/11/24 00:00:00+00,11/24/2004 3:50:00 PM,Mid-Block (but intersection related),15,"MOTOR VEHICLE STRUCK MOTOR VEHICLE, RIGHT SIDE SIDESWIPE",,0,Raining,Wet,Daylight,,4329068.0,,16,From same direction - one right turn - one straight,0,0,N
7913,1,-122.3165127,47.67582215,9864,22989,22989,1794048,Matched,Block,,NE 65TH ST BETWEEN ROOSEVELT WAY NE AND 12TH AVE NE,,,1,Property Damage Only Collision,Parked Car,2,0,0,2,2004/08/09 00:00:00+00,8/9/2004,Mid-Block (not related to intersection),16,"MOTOR VEHICLE STRUCK MOTOR VEHICLE, LEFT SIDE SIDESWIPE",,0,Clear,Dry,Daylight,,4222006.0,,32,One parked--one moving,0,0,N
7914,2,-122.3290433,47.62722429,9865,23195,23195,1007492,Matched,Block,,LAKEVIEW BLVD E BETWEEN EASTLAKE AVE E AND BELMONT AVE E,,,2,Injury Collision,Head On,3,0,0,2,2004/02/03 00:00:00+00,2/3/2004,Mid-Block (not related to intersection),11,"MOTOR VEHICLE STRUCK MOTOR VEHICLE, FRONT END AT ANGLE",,0,Clear,Dry,Daylight,,4034009.0,,24,From opposite direction - both moving - head-on,0,0,N
7915,1,-122.2954919,47.72470406,9866,22953,22953,1068847,Matched,Block,,NE 133RD ST BETWEEN 30TH AVE NE AND 31ST AVE NE,,,1,Property Damage Only Collision,Parked Car,2,0,0,2,2004/09/19 00:00:00+00,9/19/2004 1:00:00 AM,Mid-Block (not related to intersection),13,"MOTOR VEHICLE STRUCK MOTOR VEHICLE, LEFT SIDE AT ANGLE",,0,Clear,Dry,Dark - Street Lights On,,4263005.0,,32,One parked--one moving,0,0,N
7916,1,-122.31876000000001,47.60435904,9870,23310,23310,1798969,Matched,Block,,E ALDER ST BETWEEN 10TH AVE AND 11TH AVE,,,1,Property Damage Only Collision,Parked Car,2,0,0,2,2004/08/17 00:00:00+00,8/17/2004 3:00:00 PM,Mid-Block (not related to intersection),13,"MOTOR VEHICLE STRUCK MOTOR VEHICLE, LEFT SIDE AT ANGLE",,0,Unknown,Unknown,Unknown,,4230044.0,,32,One parked--one moving,0,0,N
7917,1,-122.33511979999999,47.61018166,9871,22146,22146,1482676,Matched,Block,,5TH AVE BETWEEN UNION ST AND PIKE ST,,,1,Property Damage Only Collision,Parked Car,2,0,0,2,2004/05/04 00:00:00+00,5/4/2004,Mid-Block (not related to intersection),14,"MOTOR VEHICLE STRUCK MOTOR VEHICLE, REAR END",,0,Overcast,Dry,Daylight,,4125028.0,,32,One parked--one moving,0,0,N
7918,1,-122.33185859999999,47.61760953,9872,23209,23209,1777388,Matched,Intersection,29172.0,MINOR AVE AND STEWART ST,,,1,Property Damage Only Collision,Sideswipe,3,0,0,2,2004/01/20 00:00:00+00,1/20/2004 7:53:00 AM,At Intersection (intersection related),11,"MOTOR VEHICLE STRUCK MOTOR VEHICLE, FRONT END AT ANGLE",,0,Clear,Dry,Daylight,,4020003.0,,11,From same direction - both going straight - both moving - sideswipe,0,0,N
7919,1,-122.30556229999999,47.58295569,9874,22981,22981,1793263,Matched,Intersection,31577.0,21ST AVE S AND S COLLEGE ST,,,1,Property Damage Only Collision,Angles,2,0,0,2,2004/07/27 00:00:00+00,7/27/2004 4:33:00 PM,At Intersection (intersection related),11,"MOTOR VEHICLE STRUCK MOTOR VEHICLE, FRONT END AT ANGLE",,0,Clear,Dry,Daylight,,4209020.0,,10,Entering at angle,0,0,N
7920,2,-122.3767922,47.52017585,9875,22414,22414,1787922,Matched,Block,,35TH AVE SW BETWEEN SW BARTON ST AND SW CAMBRIDGE ST,,,2,Injury Collision,Parked Car,3,0,0,3,2004/07/29 00:00:00+00,7/29/2004 4:10:00 AM,Mid-Block (not related to intersection),13,"MOTOR VEHICLE STRUCK MOTOR VEHICLE, LEFT SIDE AT ANGLE",,0,Clear,Dry,Daylight,,4211001.0,,32,One parked--one moving,0,0,N
7921,1,-122.3735889,47.66827752,9876,23477,23477,1778843,Matched,Block,,14TH AVE NW BETWEEN NW 54TH ST AND NW MARKET ST,,,1,Property Damage Only Collision,Parked Car,2,0,0,2,2004/07/07 00:00:00+00,7/7/2004,Mid-Block (not related to intersection),0,NOT ENOUGH INFORMATION / NOT APPLICABLE,,0,Clear,Dry,Daylight,,4189018.0,,32,One parked--one moving,0,0,N
7922,2,-122.33712040000002,47.62593335,9877,22656,22656,1773427,Matched,Block,,TERRY AVE N BETWEEN VALLEY ST AND LAKE UNION PARK ACCESS RD,,,2,Injury Collision,Pedestrian,2,1,0,1,2004/02/11 00:00:00+00,2/11/2004 11:30:00 AM,Mid-Block (not related to intersection),24,MOTOR VEHCILE STRUCK PEDESTRIAN,Y,0,Clear,Dry,Daylight,,4042006.0,,0,Vehicle going straight hits pedestrian,0,0,N
7923,2,-122.3341251,47.54266773,9878,23042,23042,1925744,Matched,Block,,1ST AV S BR NB BETWEEN POINT B AND POINT A,,,2,Injury Collision,Rear Ended,3,0,0,3,2004/12/29 00:00:00+00,12/29/2004 6:38:00 AM,Mid-Block (not related to intersection),14,"MOTOR VEHICLE STRUCK MOTOR VEHICLE, REAR END",,0,Raining,Dry,Dark - Street Lights On,,4364054.0,Y,13,From same direction - both going straight - both moving - rear-end,0,0,N
7924,2,-122.30461229999999,47.64660623,9879,23015,23015,1472874,Matched,Block,,MONTLAKE BLVD E BETWEEN E SHELBY ST AND MONTLAKE BR,,,2,Injury Collision,Rear Ended,6,0,0,4,2004/06/05 00:00:00+00,6/5/2004,Mid-Block (but intersection related),14,"MOTOR VEHICLE STRUCK MOTOR VEHICLE, REAR END",,0,Raining,Wet,Daylight,,4157025.0,,14,From same direction - both going straight - one stopped - rear-end,0,0,N
7925,2,-122.3324513,47.60726631,9880,23678,23678,1777186,Matched,Intersection,29933.0,5TH AVE AND SPRING ST,,,2,Injury Collision,Angles,4,0,0,2,2004/08/15 00:00:00+00,8/15/2004 1:06:00 PM,At Intersection (intersection related),11,"MOTOR VEHICLE STRUCK MOTOR VEHICLE, FRONT END AT ANGLE",,0,Clear,Dry,Daylight,,4228018.0,,10,Entering at angle,0,0,N