,SEVERITYCODE,X,Y,OBJECTID,INCKEY,COLDETKEY,REPORTNO,STATUS,ADDRTYPE,INTKEY,LOCATION,EXCEPTRSNCODE,EXCEPTRSNDESC,SEVERITYCODE.1,SEVERITYDESC,COLLISIONTYPE,PERSONCOUNT,PEDCOUNT,PEDCYLCOUNT,VEHCOUNT,INCDATE,INCDTTM,JUNCTIONTYPE,SDOT_COLCODE,SDOT_COLDESC,INATTENTIONIND,UNDERINFL,WEATHER,ROADCOND,LIGHTCOND,PEDROWNOTGRNT,SDOTCOLNUM,SPEEDING,ST_COLCODE,ST_COLDESC,SEGLANEKEY,CROSSWALKKEY,HITPARKEDCAR
7926,1,-122.34564420000001,47.612272999999995,9881,23441,23441,1777180,Matched,Block,,BLANCHARD ST BETWEEN WESTERN AVE AND 1ST AVE,,,1,Property Damage Only Collision,Parked Car,2,0,0,2,2004/02/10 00:00:00+00,2/10/2004 2:31:00 PM,Mid-Block (not related to intersection),14,"MOTOR VEHICLE STRUCK MOTOR VEHICLE, REAR END",Y,0,Clear,Dry,Daylight,,4041012.0,,32,One parked--one moving,0,0,N
7927,1,-122.37441909999998,47.64042057,9882,22289,22289,1213574,Matched,Block,,GILMAN DR W BETWEEN 13TH AVE W AND 14TH AVE W,,,1,Property Damage Only Collision,Parked Car,2,0,0,2,2004/09/25 00:00:00+00,9/25/2004 2:00:00 AM,Mid-Block (not related to intersection),14,"MOTOR VEHICLE STRUCK MOTOR VEHICLE, REAR END",,0,Unknown,Unknown,Dark - Street Lights On,,4269030.0,,32,One parked--one moving,0,0,N
7928,2,-122.28709479999999,47.551232299999995,9883,23642,23642,1771918,Matched,Block,,S ORCAS ST BETWEEN M L KING JR ER WAY S AND 37TH AVE S,,,2,Injury Collision,Rear Ended,3,0,0,2,2004/10/17 00:00:00+00,10/17/2004 12:02:00 AM,Mid-Block (but intersection related),14,"MOTOR VEHICLE STRUCK MOTOR VEHICLE, REAR END",,0,Raining,Wet,Dark - Street Lights On,,4291038.0,Y,14,From same direction - both going straight - one stopped - rear-end,0,0,N
7929,1,-122.35461670000001,47.69059309,9884,22746,22746,1205020,Matched,Block,,N 85TH ST BETWEEN GREENWOOD AVE N AND PHINNEY AVE N,,,1,Property Damage Only Collision,Rear Ended,3,0,0,2,2004/11/06 00:00:00+00,11/6/2004,Mid-Block (not related to intersection),14,"MOTOR VEHICLE STRUCK MOTOR VEHICLE, REAR END",Y,0,Raining,Wet,Dark - Street Lights On,,4311013.0,,14,From same direction - both going straight - one stopped - rear-end,0,0,N
7930,1,-122.3176382,47.66129874,9885,22831,22831,1780995,Matched,Intersection,27066.0,ROOSEVELT WAY NE AND NE 45TH ST,,,1,Property Damage Only Collision,Angles,2,0,0,2,2004/06/30 00:00:00+00,6/30/2004 9:20:00 AM,At Intersection (intersection related),11,"MOTOR VEHICLE STRUCK MOTOR VEHICLE, FRONT END AT ANGLE",,0,Clear,Dry,Daylight,,4182013.0,,10,Entering at angle,0,0,N
7931,1,-122.2908185,47.70657855,9886,21975,21975,1780486,Matched,Block,,35TH AVE NE BETWEEN NE 105TH ST AND NE 110TH ST,,,1,Property Damage Only Collision,Parked Car,2,0,0,2,2004/02/03 00:00:00+00,2/3/2004,Mid-Block (not related to intersection),11,"MOTOR VEHICLE STRUCK MOTOR VEHICLE, FRONT END AT ANGLE",,0,Raining,Wet,Dark - Street Lights On,,4034027.0,,32,One parked--one moving,0,0,N
7932,1,-122.3459033,47.62206843,9887,23663,23663,1482440,Matched,Intersection,28926.0,BROAD ST AND HARRISON ST,,,1,Property Damage Only Collision,Angles,2,0,0,2,2004/05/18 00:00:00+00,5/18/2004 11:46:00 AM,At Intersection (but not related to intersection),11,"MOTOR VEHICLE STRUCK MOTOR VEHICLE, FRONT END AT ANGLE",,0,Clear,Dry,Daylight,,4139003.0,,10,Entering at angle,0,0,N
7933,1,-122.3237519,47.59876922,9888,23080,23080,1479474,Matched,Block,,7TH AVE S BETWEEN S JACKSON ST AND S KING ST,,,1,Property Damage Only Collision,Parked Car,2,0,0,2,2004/04/25 00:00:00+00,4/25/2004 1:00:00 PM,Mid-Block (not related to intersection),11,"MOTOR VEHICLE STRUCK MOTOR VEHICLE, FRONT END AT ANGLE",,0,Clear,Dry,Daylight,,4116044.0,,32,One parked--one moving,0,0,N
7934,1,-122.33043629999999,47.51898866,9889,22652,22652,1622323,Matched,Block,,SR509 NB BETWEEN CITY LIMITS AND SR509 NB CLOVERDALE RP,,,1,Property Damage Only Collision,Rear Ended,3,0,0,2,2004/05/07 00:00:00+00,5/7/2004,Mid-Block (but intersection related),14,"MOTOR VEHICLE STRUCK MOTOR VEHICLE, REAR END",,0,Raining,Wet,Daylight,,4128054.0,Y,14,From same direction - both going straight - one stopped - rear-end,0,0,N
7935,1,-122.3141936,47.60309412,9891,23006,23006,1217767,Matched,Block,,14TH AVE BETWEEN E FIR ST AND E SPRUCE ST,,,1,Property Damage Only Collision,Other,2,0,0,2,2004/04/17 00:00:00+00,4/17/2004 7:45:00 PM,Driveway Junction,11,"MOTOR VEHICLE STRUCK MOTOR VEHICLE, FRONT END AT ANGLE",,0,Clear,Dry,Daylight,,4108010.0,,22,One car leaving driveway access,0,0,N
7936,1,-122.3149144,47.54699111,9892,23652,23652,1793011,Matched,Intersection,33137.0,STANLEY AVE S AND S ALBRO PL,,,1,Property Damage Only Collision,Angles,2,0,0,2,2004/07/23 00:00:00+00,7/23/2004 12:20:00 PM,At Intersection (intersection related),11,"MOTOR VEHICLE STRUCK MOTOR VEHICLE, FRONT END AT ANGLE",,0,Clear,Dry,Daylight,,4205037.0,,10,Entering at angle,0,0,N
7937,1,-122.3397351,47.62539318,9893,23189,23189,1333800,Matched,Intersection,28743.0,9TH AVE N AND ROY ST,,,1,Property Damage Only Collision,Sideswipe,6,0,0,2,2004/09/12 00:00:00+00,9/12/2004 2:30:00 AM,At Intersection (intersection related),16,"MOTOR VEHICLE STRUCK MOTOR VEHICLE, LEFT SIDE SIDESWIPE",,0,Raining,Wet,Dusk,,4256028.0,,71,Same direction -- both turning right -- both moving -- sideswipe,0,0,N
7938,1,-122.36861359999999,47.66219644,9894,23055,23055,1931129,Matched,Intersection,25462.0,9TH AVE NW AND NW 46TH ST,,,1,Property Damage Only Collision,Angles,2,0,0,2,2004/12/04 00:00:00+00,12/4/2004,At Intersection (intersection related),11,"MOTOR VEHICLE STRUCK MOTOR VEHICLE, FRONT END AT ANGLE",,0,Raining,Wet,Daylight,,4339042.0,,10,Entering at angle,0,0,N
7939,1,-122.38145619999999,47.56110747,9896,22114,22114,1798410,Matched,Intersection,31920.0,FAUNTLEROY WAY SW AND SW ALASKA ST,,,1,Property Damage Only Collision,Left Turn,2,0,0,2,2004/08/09 00:00:00+00,8/9/2004,At Intersection (intersection related),11,"MOTOR VEHICLE STRUCK MOTOR VEHICLE, FRONT END AT ANGLE",,0,Clear,Dry,Daylight,,4222017.0,,15,From same direction - one left turn - one straight,0,0,N
7940,2,-122.297816,47.71491193,9897,22624,22624,1780249,Matched,Block,,LAKE CITY WAY NE BETWEEN NE 117TH ST AND NE 120TH ST,,,2,Injury Collision,Other,4,0,0,2,2004/04/29 00:00:00+00,4/29/2004 5:54:00 PM,Driveway Junction,11,"MOTOR VEHICLE STRUCK MOTOR VEHICLE, FRONT END AT ANGLE",,0,Clear,Dry,Daylight,,4120006.0,,22,One car leaving driveway access,0,0,N
7941,1,-122.35869679999999,47.62094843,9899,23454,23454,1213870,Matched,Block,,W THOMAS ST BETWEEN 1ST AVE W AND 2ND AVE W,,,1,Property Damage Only Collision,Parked Car,2,0,0,2,2004/08/18 00:00:00+00,8/18/2004 9:46:00 AM,Mid-Block (not related to intersection),14,"MOTOR VEHICLE STRUCK MOTOR VEHICLE, REAR END",,0,Clear,Dry,Daylight,,4231026.0,,32,One parked--one moving,0,0,N
7942,1,-122.3383143,47.6143914,9900,22578,22578,1069692,Matched,Intersection,29543.0,6TH AVE AND VIRGINIA ST,,,1,Property Damage Only Collision,Angles,2,0,0,2,2004/11/30 00:00:00+00,11/30/2004 9:30:00 PM,At Intersection (intersection related),11,"MOTOR VEHICLE STRUCK MOTOR VEHICLE, FRONT END AT ANGLE",,0,Raining,Wet,Dark - Street Lights On,,4335032.0,,10,Entering at angle,0,0,N
7943,2,-122.27766409999998,47.55117602,9902,22756,22756,C649427,Matched,Intersection,33512.0,RAINIER AVE S AND S ORCAS ST,,,2,Injury Collision,Left Turn,2,0,0,2,2004/10/20 00:00:00+00,10/20/2004 9:00:00 AM,At Intersection (intersection related),11,"MOTOR VEHICLE STRUCK MOTOR VEHICLE, FRONT END AT ANGLE",,0,Overcast,Dry,Daylight,,4294037.0,,28,From opposite direction - one left turn - one straight,0,0,N
7944,2,-122.3599844,47.65062809,9903,22843,22843,1213350,Matched,Block,,W NICKERSON ST BETWEEN W BERTONA ST AND 3RD AVE W,,,2,Injury Collision,Other,1,0,0,1,2004/03/29 00:00:00+00,3/29/2004 2:01:00 AM,Mid-Block (not related to intersection),28,MOTOR VEHICLE RAN OFF ROAD - HIT FIXED OBJECT,Y,0,Clear,Dry,Dark - Street Lights On,,4089002.0,,50,Fixed object,0,0,N
7945,1,-122.3119374,47.66489281,9904,22428,22428,1794278,Matched,Intersection,26052.0,15TH AVE NE AND NE 50TH ST,,,1,Property Damage Only Collision,Angles,3,0,0,2,2004/05/28 00:00:00+00,5/28/2004 8:45:00 PM,At Intersection (intersection related),11,"MOTOR VEHICLE STRUCK MOTOR VEHICLE, FRONT END AT ANGLE",,0,Raining,Wet,Dark - Street Lights On,,4149019.0,,10,Entering at angle,0,0,N
7946,1,-122.31319750000002,47.53426725,9906,22672,22672,1781115,Matched,Intersection,34391.0,16TH AVE S AND EAST MARGINAL WAY S,,,1,Property Damage Only Collision,Other,1,0,0,1,2004/09/17 00:00:00+00,9/17/2004 12:42:00 AM,At Intersection (intersection related),28,MOTOR VEHICLE RAN OFF ROAD - HIT FIXED OBJECT,,0,Raining,Wet,Dark - Street Lights On,,4261003.0,Y,50,Fixed object,0,0,N
7947,1,-122.3177997,47.70492008,9907,22258,22258,C631530,Matched,Intersection,36527.0,ROOSEVELT WAY NE AND NE 105TH ST,,,1,Property Damage Only Collision,Angles,2,0,0,2,2004/06/25 00:00:00+00,6/25/2004 5:00:00 PM,At Intersection (intersection related),11,"MOTOR VEHICLE STRUCK MOTOR VEHICLE, FRONT END AT ANGLE",,0,Clear,Dry,Daylight,,4177039.0,,10,Entering at angle,0,0,N
7948,1,-122.345027,47.72776725,9908,23393,23393,1773767,Matched,Block,,AURORA AVE N BETWEEN N 135TH ST AND N 137TH ST,,,1,Property Damage Only Collision,Other,3,0,0,1,2004/01/29 00:00:00+00,1/29/2004 10:36:00 AM,Mid-Block (but intersection related),28,MOTOR VEHICLE RAN OFF ROAD - HIT FIXED OBJECT,Y,0,Raining,Dry,Daylight,,4029007.0,,50,Fixed object,0,0,N
7949,1,-122.3638365,47.56653732,9909,22773,22773,1795079,Matched,Block,,SW DAKOTA ST BETWEEN DELRIDGE WAY SW AND 25TH AVE SW,,,1,Property Damage Only Collision,Parked Car,2,0,0,2,2004/10/02 00:00:00+00,10/2/2004,Mid-Block (not related to intersection),12,"MOTOR VEHICLE STRUCK MOTOR VEHICLE, RIGHT SIDE AT ANGLE",,0,Unknown,Unknown,Unknown,,4276039.0,,32,One parked--one moving,0,0,N
7950,1,-122.3653634,47.71017455,9911,22007,22007,1319620,Matched,Block,,NW CARKEEK PARK RD BETWEEN POINT B AND POINT C,,,1,Property Damage Only Collision,Sideswipe,3,0,0,2,2004/05/12 00:00:00+00,5/12/2004 4:56:00 PM,Mid-Block (not related to intersection),11,"MOTOR VEHICLE STRUCK MOTOR VEHICLE, FRONT END AT ANGLE",,0,Clear,Dry,Daylight,,4133023.0,,26,From opposite direction - both going straight - sideswipe,0,0,N
7951,1,-122.29234199999999,47.73102707,9912,23504,23504,1773955,Matched,Block,,LAKE CITY WAY NE BETWEEN NE 140TH ST AND NE 143RD ST,,,1,Property Damage Only Collision,Sideswipe,2,0,0,2,2004/01/23 00:00:00+00,1/23/2004 11:10:00 AM,Mid-Block (not related to intersection),16,"MOTOR VEHICLE STRUCK MOTOR VEHICLE, LEFT SIDE SIDESWIPE",,0,Raining,Wet,Daylight,,4023044.0,,11,From same direction - both going straight - both moving - sideswipe,0,0,N
7952,1,-122.3852096,47.58024706,9913,23096,23096,1197783,Matched,Block,,42ND AVE SW BETWEEN SW ADMIRAL WAY AND SW LANDER ST,,,1,Property Damage Only Collision,Parked Car,2,0,0,2,2004/11/26 00:00:00+00,11/26/2004 3:48:00 PM,Mid-Block (not related to intersection),16,"MOTOR VEHICLE STRUCK MOTOR VEHICLE, LEFT SIDE SIDESWIPE",,0,Clear,Dry,Daylight,,4331011.0,,32,One parked--one moving,0,0,N
7953,1,-122.26332620000001,47.54956967,9914,22984,22984,1793306,Matched,Block,,S HAWTHORN RD BETWEEN WILSON AVE S AND OAKHURST RD S,,,1,Property Damage Only Collision,Parked Car,2,0,0,2,2004/08/25 00:00:00+00,8/25/2004 12:01:00 AM,Mid-Block (not related to intersection),0,NOT ENOUGH INFORMATION / NOT APPLICABLE,,0,Unknown,Unknown,Unknown,,4238061.0,,32,One parked--one moving,0,0,N
7954,2,-122.270274,47.53695788,9917,22660,22660,1784255,Matched,Intersection,34470.0,RAINIER AVE S AND S OTHELLO ST,,,2,Injury Collision,Pedestrian,2,1,0,1,2004/10/20 00:00:00+00,10/20/2004 7:31:00 AM,At Intersection (intersection related),24,MOTOR VEHCILE STRUCK PEDESTRIAN,,0,Clear,Dry,Dark - Street Lights On,Y,4294025.0,,2,Vehicle turning left hits pedestrian,0,0,N
7955,1,-122.3449619,47.72184683,9918,23604,23604,1219851,Matched,Block,,AURORA AVE N BETWEEN N 127TH ST AND N 128TH ST,,,1,Property Damage Only Collision,Angles,4,0,0,2,2004/10/05 00:00:00+00,10/5/2004,Mid-Block (not related to intersection),14,"MOTOR VEHICLE STRUCK MOTOR VEHICLE, REAR END",Y,0,Raining,Wet,Dark - Street Lights On,,4279029.0,,10,Entering at angle,0,0,N
7956,1,-122.35688329999999,47.72142533,9919,22871,22871,1780780,Matched,Intersection,35639.0,PALATINE AVE N AND N 127TH ST,,,1,Property Damage Only Collision,Sideswipe,3,0,0,2,2004/04/23 00:00:00+00,4/23/2004 7:35:00 PM,At Intersection (intersection related),11,"MOTOR VEHICLE STRUCK MOTOR VEHICLE, FRONT END AT ANGLE",Y,1,Clear,Dry,Daylight,,4114006.0,,12,From same direction - both going straight - one stopped - sideswipe,0,0,N
7957,1,-122.3608812,47.64997995,9920,23680,23680,1777342,Matched,Block,,3RD AVE W BETWEEN W CREMONA ST AND W BERTONA ST,,,1,Property Damage Only Collision,Head On,2,0,0,2,2004/04/28 00:00:00+00,4/28/2004 5:23:00 PM,Mid-Block (not related to intersection),11,"MOTOR VEHICLE STRUCK MOTOR VEHICLE, FRONT END AT ANGLE",,0,Clear,Dry,Daylight,,4119020.0,,30,From opposite direction - all others,0,0,N
7958,1,-122.34763659999999,47.6526108,9921,22138,22138,1774063,Matched,Intersection,27053.0,FREMONT TURN RD AND N 38TH ST,,,1,Property Damage Only Collision,Left Turn,2,0,0,2,2004/06/25 00:00:00+00,6/25/2004 7:30:00 PM,At Intersection (intersection related),11,"MOTOR VEHICLE STRUCK MOTOR VEHICLE, FRONT END AT ANGLE",,0,Clear,Dry,Daylight,,4177008.0,,28,From opposite direction - one left turn - one straight,0,0,N
7959,1,-122.3265061,47.61408629,9922,23644,23644,1772070,Matched,Block,,E PIKE ST BETWEEN BELLEVUE AVE AND CRAWFORD PL,,,1,Property Damage Only Collision,Rear Ended,2,0,0,2,2004/06/06 00:00:00+00,6/6/2004,Mid-Block (but intersection related),14,"MOTOR VEHICLE STRUCK MOTOR VEHICLE, REAR END",,0,Clear,Dry,Daylight,,4158030.0,,13,From same direction - both going straight - both moving - rear-end,0,0,N
7960,2,-122.3350596,47.62461807,9923,22737,22737,C631294,Matched,Block,,MERCER SR ST BETWEEN BOREN AVE N AND FAIRVIEW N AVE N,,,2,Injury Collision,Rear Ended,3,0,0,2,2004/03/29 00:00:00+00,3/29/2004 8:45:00 PM,Mid-Block (but intersection related),14,"MOTOR VEHICLE STRUCK MOTOR VEHICLE, REAR END",,0,Clear,Dry,Dark - Street Lights On,,4089025.0,,14,From same direction - both going straight - one stopped - rear-end,0,0,N
7961,1,-122.2792189,47.52261507,9924,22693,22693,1771561,Matched,Block,,M L KING JR ER WAY S BETWEEN S HENDERSON ST AND S DIRECTOR ST,,,1,Property Damage Only Collision,Other,1,0,0,1,2004/05/26 00:00:00+00,5/26/2004 7:52:00 AM,Mid-Block (but intersection related),29,MOTOR VEHICLE OVERTURNED IN ROAD,,0,Raining,Dry,Daylight,,4147041.0,,52,Vehicle overturned,0,0,N
7962,1,-122.36633020000001,47.57157607,9925,22409,22409,1774839,Matched,Block,,WEST SEATTLE BR WB BETWEEN HARBOR AV SW OFF RP AND SW ADMIRAL WY OFF RP,,,1,Property Damage Only Collision,Other,1,0,0,1,2004/03/20 00:00:00+00,3/20/2004 5:00:00 AM,Mid-Block (not related to intersection),26,MOTOR VEHICLE STRUCK OBJECT IN ROAD,Y,0,Clear,Dry,Dark - Street Lights On,,4080008.0,,50,Fixed object,0,0,N
7963,1,-122.3768044,47.69151793,9927,23038,23038,1782210,Matched,Block,,15TH AVE NW BETWEEN NW 85TH ST AND NW 87TH ST,,,1,Property Damage Only Collision,Other,2,0,0,2,2004/06/04 00:00:00+00,6/4/2004,Driveway Junction,11,"MOTOR VEHICLE STRUCK MOTOR VEHICLE, FRONT END AT ANGLE",,0,Clear,Dry,Daylight,,4156025.0,,22,One car leaving driveway access,0,0,N
7964,1,-122.3045906,47.64824143,9928,24492,24492,1204924,Matched,Block,,MONTLAKE BR BETWEEN POINT A AND NE PACIFIC ST,,,1,Property Damage Only Collision,Sideswipe,3,0,0,3,2004/05/25 00:00:00+00,5/25/2004 9:29:00 PM,Mid-Block (not related to intersection),16,"MOTOR VEHICLE STRUCK MOTOR VEHICLE, LEFT SIDE SIDESWIPE",,0,Raining,Wet,Dark - Street Lights On,,4146047.0,Y,26,From opposite direction - both going straight - sideswipe,0,0,N
7965,1,-122.31197949999999,47.66217279999999,9929,24571,24571,1212341,Matched,Block,,15TH AVE NE BETWEEN NE 45TH ST AND NE 47TH ST,,,1,Property Damage Only Collision,Left Turn,2,0,0,2,2004/07/28 00:00:00+00,7/28/2004 8:34:00 AM,Driveway Junction,11,"MOTOR VEHICLE STRUCK MOTOR VEHICLE, FRONT END AT ANGLE",,0,Clear,Dry,Daylight,,4210022.0,,28,From opposite direction - one left turn - one straight,0,0,N
7966,1,,,9930,23405,23405,1783394,Matched,Alley,,,,,1,Property Damage Only Collision,Other,2,0,0,2,2004/09/18 00:00:00+00,9/18/2004 2:15:00 PM,,0,NOT ENOUGH INFORMATION / NOT APPLICABLE,,0,Raining,Wet,Daylight,,4262017.0,,23,From same direction - all others,0,0,N
7967,1,-122.2963064,47.62339664,9931,24460,24460,1074708,Matched,Block,,E MADISON ST BETWEEN M L KING JR WAY E AND 28TH AVE E,,,1,Property Damage Only Collision,Parked Car,3,0,0,2,2004/04/29 00:00:00+00,4/29/2004 12:57:00 PM,Mid-Block (not related to intersection),14,"MOTOR VEHICLE STRUCK MOTOR VEHICLE, REAR END",,0,Clear,Dry,Daylight,,4120027.0,,32,One parked--one moving,0,0,N
7968,2,-122.323242,47.70744141,9932,24182,24182,1072721,Matched,Block,,5TH AVE NE BETWEEN NE 106TH ST AND NE NORTHGATE WAY,,,2,Injury Collision,Other,2,0,0,2,2004/06/21 00:00:00+00,6/21/2004 6:05:00 PM,Driveway Junction,11,"MOTOR VEHICLE STRUCK MOTOR VEHICLE, FRONT END AT ANGLE",,0,Clear,Dry,Daylight,,4173026.0,,22,One car leaving driveway access,0,0,N
7969,1,-122.312059,47.57730655,9933,24775,24775,1793067,Matched,Block,,16TH AVE S BETWEEN S FOREST ST AND S STEVENS ST,,,1,Property Damage Only Collision,Parked Car,2,0,0,2,2004/10/12 00:00:00+00,10/12/2004 3:41:00 PM,Mid-Block (not related to intersection),13,"MOTOR VEHICLE STRUCK MOTOR VEHICLE, LEFT SIDE AT ANGLE",Y,0,Clear,Dry,Daylight,,4286008.0,,32,One parked--one moving,0,0,N
7970,1,-122.33713689999999,47.61070944,9934,25033,25033,C649438,Matched,Block,,4TH AVE BETWEEN PIKE ST AND PINE ST,,,1,Property Damage Only Collision,Sideswipe,2,0,0,2,2004/10/21 00:00:00+00,10/21/2004 5:50:00 PM,Mid-Block (not related to intersection),11,"MOTOR VEHICLE STRUCK MOTOR VEHICLE, FRONT END AT ANGLE",,0,Clear,Dry,Daylight,,4295025.0,,11,From same direction - both going straight - both moving - sideswipe,0,0,N
7971,2,-122.3636233,47.62291347,9935,23870,23870,1328500,Matched,Block,,ELLIOTT AVE W BETWEEN W HARRISON ST AND 6TH AVE W,,,2,Injury Collision,Sideswipe,2,0,0,2,2004/02/12 00:00:00+00,2/12/2004 9:05:00 AM,Driveway Junction,11,"MOTOR VEHICLE STRUCK MOTOR VEHICLE, FRONT END AT ANGLE",,0,Clear,Dry,Daylight,,4043014.0,,11,From same direction - both going straight - both moving - sideswipe,0,0,N
7972,1,-122.343471,47.71231577,9936,24585,24585,1782983,Matched,Block,,N 115TH ST BETWEEN AURORA AVE N AND STONE AVE N,,,1,Property Damage Only Collision,Other,1,0,0,1,2004/01/19 00:00:00+00,1/19/2004 7:30:00 AM,Mid-Block (but intersection related),28,MOTOR VEHICLE RAN OFF ROAD - HIT FIXED OBJECT,,0,Unknown,Unknown,Unknown,,4019006.0,,50,Fixed object,0,0,N
7973,1,-122.31944070000002,47.61351259,9939,23413,23413,1789537,Matched,Block,,10TH AVE BETWEEN E UNION ST AND E PIKE ST,,,1,Property Damage Only Collision,Parked Car,2,0,0,2,2004/05/27 00:00:00+00,5/27/2004 6:30:00 PM,Mid-Block (not related to intersection),13,"MOTOR VEHICLE STRUCK MOTOR VEHICLE, LEFT SIDE AT ANGLE",,0,Raining,Wet,Daylight,,4148048.0,,32,One parked--one moving,0,0,N
7974,1,-122.28328400000001,47.54281763,9940,23824,23824,1793359,Matched,Block,,39TH AVE S BETWEEN S WARSAW ST AND S HOLLY ST,,,1,Property Damage Only Collision,Parked Car,2,0,0,2,2004/10/09 00:00:00+00,10/9/2004,Mid-Block (not related to intersection),13,"MOTOR VEHICLE STRUCK MOTOR VEHICLE, LEFT SIDE AT ANGLE",,0,Raining,Wet,Daylight,,4283042.0,,32,One parked--one moving,0,0,N
7975,1,-122.3135019,47.56433107,9941,24037,24037,1793180,Matched,Intersection,32300.0,15TH AVE S AND S COLUMBIAN S WAY,,,1,Property Damage Only Collision,Sideswipe,5,0,0,2,2004/09/10 00:00:00+00,9/10/2004 7:29:00 AM,At Intersection (but not related to intersection),11,"MOTOR VEHICLE STRUCK MOTOR VEHICLE, FRONT END AT ANGLE",,0,Clear,Dry,Daylight,,4254032.0,,11,From same direction - both going straight - both moving - sideswipe,0,0,N
7976,1,,,9942,24337,24337,1475094,Matched,Block,,AURORA AVE N BETWEEN BATTERY ST TUNNEL NB AND THOMAS ST,,,1,Property Damage Only Collision,Rear Ended,2,0,0,2,2004/01/29 00:00:00+00,1/29/2004 4:54:00 PM,Mid-Block (not related to intersection),14,"MOTOR VEHICLE STRUCK MOTOR VEHICLE, REAR END",,0,Raining,Wet,Dark - Street Lights On,,4029037.0,,14,From same direction - both going straight - one stopped - rear-end,0,0,N
7977,1,-122.2665668,47.55112413,9943,24411,24411,1779560,Matched,Block,,S ORCAS ST BETWEEN 52ND AVE S AND WILSON AVE S,,,1,Property Damage Only Collision,Rear Ended,2,0,0,2,2004/03/12 00:00:00+00,3/12/2004 5:13:00 PM,Mid-Block (but intersection related),14,"MOTOR VEHICLE STRUCK MOTOR VEHICLE, REAR END",,0,Clear,Dry,Daylight,,4072013.0,Y,13,From same direction - both going straight - both moving - rear-end,0,0,N
7978,1,-122.29853329999999,47.58098422,9944,23541,23541,1772878,Matched,Block,,S BAYVIEW ST BETWEEN RAINIER AVE S AND ML KING JR S WAY S,,,1,Property Damage Only Collision,Other,2,0,0,2,2004/05/04 00:00:00+00,5/4/2004,Driveway Junction,11,"MOTOR VEHICLE STRUCK MOTOR VEHICLE, FRONT END AT ANGLE",Y,0,Clear,Dry,Daylight,,4125035.0,,22,One car leaving driveway access,0,0,N
7979,2,-122.34433,47.61855858,9945,24207,24207,1778175,Matched,Block,,DENNY WAY BETWEEN 6TH AVE AND BOREALIS AVE,,,2,Injury Collision,Other,4,0,0,2,2004/03/20 00:00:00+00,3/20/2004 6:53:00 PM,Mid-Block (not related to intersection),16,"MOTOR VEHICLE STRUCK MOTOR VEHICLE, LEFT SIDE SIDESWIPE",,0,Clear,Dry,Dark - Street Lights On,,4080018.0,,21,One car entering driveway access,0,0,N
7980,1,-122.32262730000001,47.60742901,9947,24529,24529,1782775,Matched,Block,,CHERRY ST BETWEEN BOREN AVE AND MINOR AVE,,,1,Property Damage Only Collision,Parked Car,2,0,0,2,2004/09/01 00:00:00+00,9/1/2004,Mid-Block (not related to intersection),11,"MOTOR VEHICLE STRUCK MOTOR VEHICLE, FRONT END AT ANGLE",,0,Unknown,Unknown,Daylight,,4245024.0,,32,One parked--one moving,0,0,N
7981,1,-122.3141274,47.61155241,9948,24880,24880,1788263,Matched,Intersection,29776.0,14TH AVE AND E SPRING ST,,,1,Property Damage Only Collision,Left Turn,2,0,0,2,2004/01/10 00:00:00+00,1/10/2004 7:16:00 PM,At Intersection (intersection related),11,"MOTOR VEHICLE STRUCK MOTOR VEHICLE, FRONT END AT ANGLE",,0,Overcast,Dry,Dark - Street Lights On,,4010016.0,,28,From opposite direction - one left turn - one straight,0,0,N
7982,1,-122.3141936,47.60309412,9949,24006,24006,1788749,Matched,Block,,14TH AVE BETWEEN E FIR ST AND E SPRUCE ST,,,1,Property Damage Only Collision,Parked Car,2,0,0,2,2004/09/30 00:00:00+00,9/30/2004 4:37:00 PM,Mid-Block (not related to intersection),11,"MOTOR VEHICLE STRUCK MOTOR VEHICLE, FRONT END AT ANGLE",,0,Overcast,Dry,Daylight,,4274007.0,,32,One parked--one moving,0,0,N
7983,2,-122.3346068,47.60291078,9950,24574,24574,1776215,Matched,Block,,1ST AVE BETWEEN CHERRY ST AND COLUMBIA ST,,,2,Injury Collision,Pedestrian,2,1,0,1,2004/07/10 00:00:00+00,7/10/2004 12:38:00 AM,Mid-Block (but intersection related),24,MOTOR VEHCILE STRUCK PEDESTRIAN,,0,Clear,Dry,Dark - Street Lights On,,4192002.0,,0,Vehicle going straight hits pedestrian,0,0,N
7984,1,-122.38723600000002,47.54307775,9952,23261,23261,1215165,Matched,Intersection,33758.0,CALIFORNIA AVE SW AND SW HOLLY ST,,,1,Property Damage Only Collision,Left Turn,2,0,0,2,2004/01/09 00:00:00+00,1/9/2004,At Intersection (intersection related),11,"MOTOR VEHICLE STRUCK MOTOR VEHICLE, FRONT END AT ANGLE",,0,Unknown,Unknown,Unknown,,4009041.0,,28,From opposite direction - one left turn - one straight,0,0,N
7985,1,-122.3402308,47.69143932,9953,24623,24623,C631697,Matched,Block,,INTERLAKE AVE N BETWEEN N 85TH E ST AND N 88TH ST,,,1,Property Damage Only Collision,Parked Car,2,0,0,2,2004/05/02 00:00:00+00,5/2/2004,Mid-Block (not related to intersection),11,"MOTOR VEHICLE STRUCK MOTOR VEHICLE, FRONT END AT ANGLE",,0,Clear,Dry,Dark - No Street Lights,,4123023.0,,32,One parked--one moving,0,0,N