,SEVERITYCODE,X,Y,OBJECTID,INCKEY,COLDETKEY,REPORTNO,STATUS,ADDRTYPE,INTKEY,LOCATION,EXCEPTRSNCODE,EXCEPTRSNDESC,SEVERITYCODE.1,SEVERITYDESC,COLLISIONTYPE,PERSONCOUNT,PEDCOUNT,PEDCYLCOUNT,VEHCOUNT,INCDATE,INCDTTM,JUNCTIONTYPE,SDOT_COLCODE,SDOT_COLDESC,INATTENTIONIND,UNDERINFL,WEATHER,ROADCOND,LIGHTCOND,PEDROWNOTGRNT,SDOTCOLNUM,SPEEDING,ST_COLCODE,ST_COLDESC,SEGLANEKEY,CROSSWALKKEY,HITPARKEDCAR
7986,1,-122.316254,47.69218265,9955,24688,24688,1793990,Matched,Block,,NE 88TH ST BETWEEN ROOSEVELT WAY NE AND 12TH AVE NE,,,1,Property Damage Only Collision,Angles,2,0,0,2,2004/10/17 00:00:00+00,10/17/2004 6:51:00 PM,Mid-Block (but intersection related),11,"MOTOR VEHICLE STRUCK MOTOR VEHICLE, FRONT END AT ANGLE",Y,0,Clear,Dry,Dark - Street Lights On,,4291006.0,,10,Entering at angle,0,0,N
7987,2,-122.2757977,47.66829657,9956,24195,24195,1220256,Matched,Intersection,26145.0,PRINCETON AVE NE AND SAND POINT WAY NE,,,2,Injury Collision,Left Turn,3,0,0,2,2004/10/13 00:00:00+00,10/13/2004 9:15:00 AM,At Intersection (intersection related),11,"MOTOR VEHICLE STRUCK MOTOR VEHICLE, FRONT END AT ANGLE",,0,Clear,Dry,Daylight,,4287024.0,,28,From opposite direction - one left turn - one straight,0,0,N
7988,1,-122.37685379999999,47.51838477,9957,24595,24595,1781607,Matched,Block,,35TH AVE SW BETWEEN SW CAMBRIDGE ST AND SW ROXBURY ST,,,1,Property Damage Only Collision,Rear Ended,3,0,0,3,2004/05/19 00:00:00+00,5/19/2004 11:50:00 AM,Mid-Block (not related to intersection),14,"MOTOR VEHICLE STRUCK MOTOR VEHICLE, REAR END",,0,Clear,Dry,Daylight,,4140017.0,,14,From same direction - both going straight - one stopped - rear-end,0,0,N
7989,1,-122.2978844,47.66852212,9959,24074,24074,1212060,Matched,Block,,NE 55TH ST BETWEEN 27TH AVE NE AND 28TH AVE NE,,,1,Property Damage Only Collision,Parked Car,2,0,0,2,2004/07/23 00:00:00+00,7/23/2004 8:00:00 AM,Mid-Block (not related to intersection),13,"MOTOR VEHICLE STRUCK MOTOR VEHICLE, LEFT SIDE AT ANGLE",,0,Clear,Dry,Unknown,,4205014.0,,32,One parked--one moving,0,0,N
7990,1,-122.3200348,47.61640706,9960,24519,24519,1788140,Matched,Block,,NAGLE PL BETWEEN E PINE ST AND E OLIVE ST,,,1,Property Damage Only Collision,Other,2,0,0,2,2004/02/25 00:00:00+00,2/25/2004 12:43:00 PM,Driveway Junction,11,"MOTOR VEHICLE STRUCK MOTOR VEHICLE, FRONT END AT ANGLE",,0,Raining,Wet,Daylight,,4056032.0,,22,One car leaving driveway access,0,0,N
7991,1,-122.33783700000001,47.61528336,9961,25156,25156,1785086,Matched,Intersection,29542.0,7TH AVE AND WESTLAKE AVE,,,1,Property Damage Only Collision,Angles,2,0,0,2,2004/10/07 00:00:00+00,10/7/2004,At Intersection (intersection related),11,"MOTOR VEHICLE STRUCK MOTOR VEHICLE, FRONT END AT ANGLE",,0,Clear,Dry,Dusk,,4281015.0,,10,Entering at angle,0,0,N
7992,1,-122.35272979999999,47.70181425,9962,23277,23277,1783134,Matched,Block,,DAYTON AVE N BETWEEN N 100TH ST AND N 101ST ST,,,1,Property Damage Only Collision,Parked Car,2,0,0,2,2004/10/05 00:00:00+00,10/5/2004,Mid-Block (not related to intersection),28,MOTOR VEHICLE RAN OFF ROAD - HIT FIXED OBJECT,,1,Raining,Wet,Dark - Street Lights On,,4279018.0,Y,32,One parked--one moving,0,0,N
7993,1,-122.32788729999999,47.61617237,9963,23979,23979,1772508,Matched,Block,,MELROSE AVE BETWEEN YALE AVE AND OLIVE WAY,,,1,Property Damage Only Collision,Parked Car,3,0,0,3,2004/06/02 00:00:00+00,6/2/2004,Mid-Block (not related to intersection),11,"MOTOR VEHICLE STRUCK MOTOR VEHICLE, FRONT END AT ANGLE",,0,Clear,Dry,Dark - Street Lights On,,4154009.0,,32,One parked--one moving,0,0,N
7994,1,-122.3130742,47.66490072,9964,24226,24226,1794959,Matched,Intersection,25793.0,UNIVERSITY WAY NE AND NE 50TH ST,,,1,Property Damage Only Collision,Left Turn,3,0,0,2,2004/09/25 00:00:00+00,9/25/2004 4:10:00 AM,At Intersection (intersection related),11,"MOTOR VEHICLE STRUCK MOTOR VEHICLE, FRONT END AT ANGLE",,0,Clear,Dry,Dark - Street Lights On,,4269033.0,,15,From same direction - one left turn - one straight,0,0,N
7995,1,-122.2875459,47.56175885,9965,24813,24813,1771530,Matched,Block,,RAINIER AVE S BETWEEN S OREGON ST AND S ALASKA ST,,,1,Property Damage Only Collision,Rear Ended,2,0,0,2,2004/05/06 00:00:00+00,5/6/2004,Mid-Block (but intersection related),14,"MOTOR VEHICLE STRUCK MOTOR VEHICLE, REAR END",,0,Overcast,Dry,Dusk,,4127011.0,,14,From same direction - both going straight - one stopped - rear-end,0,0,N
7996,1,,,9966,24282,24282,1316813,Matched,Block,,1ST AV S OFF RP BETWEEN ALASKAN WY VI SB AND S ROYAL BROUGHAM WAY,,,1,Property Damage Only Collision,Other,1,0,0,1,2004/01/01 00:00:00+00,1/1/2004,Mid-Block (not related to intersection),26,MOTOR VEHICLE STRUCK OBJECT IN ROAD,,0,Overcast,Wet,Dark - Street Lights On,,4001001.0,Y,50,Fixed object,0,0,N
7997,2,-122.31263919999999,47.65830815,9967,24802,24802,1778661,Matched,Block,,NE 42ND ST BETWEEN UNIVERSITY WAY NE AND 15TH AVE NE,,,2,Injury Collision,Parked Car,2,0,0,2,2004/02/03 00:00:00+00,2/3/2004,Mid-Block (not related to intersection),11,"MOTOR VEHICLE STRUCK MOTOR VEHICLE, FRONT END AT ANGLE",,0,Clear,Dry,Daylight,,4034024.0,,20,One car leaving parked position,0,0,N
7998,2,-122.32474769999999,47.61968083,9968,23801,23801,1797980,Matched,Block,,E JOHN ST BETWEEN SUMMIT AVE E AND E OLIVE WAY,,,2,Injury Collision,Cycles,3,0,1,1,2004/09/29 00:00:00+00,9/29/2004 11:46:00 PM,Driveway Junction,18,"MOTOR VEHICLE STRUCK PEDALCYCLIST, FRONT END AT ANGLE",Y,0,Clear,Dry,Daylight,,4273018.0,,45,Vehicle - Pedalcyclist,0,0,N
7999,1,-122.3762169,47.66716211,9969,24255,24255,1774647,Matched,Intersection,25426.0,15TH AVE NW AND NW 53RD ST,,,1,Property Damage Only Collision,Angles,2,0,0,2,2004/05/27 00:00:00+00,5/27/2004 8:00:00 PM,At Intersection (intersection related),11,"MOTOR VEHICLE STRUCK MOTOR VEHICLE, FRONT END AT ANGLE",,0,Raining,Wet,Dusk,,4148046.0,,10,Entering at angle,0,0,N
8000,1,-122.29877549999999,47.62312847,9971,24294,24294,1216606,Matched,Block,,26TH AVE E BETWEEN E MADISON ST AND E MERCER ST,,,1,Property Damage Only Collision,Parked Car,2,0,0,2,2004/07/25 00:00:00+00,7/25/2004 9:00:00 AM,Mid-Block (not related to intersection),11,"MOTOR VEHICLE STRUCK MOTOR VEHICLE, FRONT END AT ANGLE",,0,Clear,Dry,Daylight,,4207034.0,,32,One parked--one moving,0,0,N
8001,1,-122.3086426,47.62685862,9972,24061,24061,1376634,Matched,Intersection,29323.0,18TH AVE E AND E ALOHA ST,,,1,Property Damage Only Collision,Angles,2,0,0,2,2004/06/25 00:00:00+00,6/25/2004 3:27:00 AM,At Intersection (intersection related),11,"MOTOR VEHICLE STRUCK MOTOR VEHICLE, FRONT END AT ANGLE",,0,Clear,Dry,Dark - Street Lights On,,4177033.0,,10,Entering at angle,0,0,N
8002,1,-122.3567385,47.620940999999995,9974,25153,25153,1784816,Matched,Intersection,28660.0,QUEEN ANNE AVE N AND THOMAS ST,,,1,Property Damage Only Collision,Left Turn,5,0,0,2,2004/09/30 00:00:00+00,9/30/2004 4:27:00 PM,At Intersection (intersection related),11,"MOTOR VEHICLE STRUCK MOTOR VEHICLE, FRONT END AT ANGLE",,0,Clear,Dry,Daylight,,4274015.0,,15,From same direction - one left turn - one straight,0,0,N
8003,1,-122.347315,47.66465278,9975,23572,23572,1318149,Matched,Block,,AURORA AVE N BETWEEN N 49TH ST AND N 50 UPPER ST,,,1,Property Damage Only Collision,Other,1,0,0,1,2004/12/27 00:00:00+00,12/27/2004 3:04:00 PM,Mid-Block (but intersection related),28,MOTOR VEHICLE RAN OFF ROAD - HIT FIXED OBJECT,,0,Unknown,Dry,Daylight,,4362027.0,,50,Fixed object,0,0,N
8004,1,-122.3270706,47.6055717,9976,23830,23830,1217254,Matched,Block,,CHERRY ST BETWEEN 7TH AVE AND 8TH AVE,,,1,Property Damage Only Collision,Parked Car,2,0,0,2,2004/08/24 00:00:00+00,8/24/2004 4:15:00 PM,Mid-Block (not related to intersection),13,"MOTOR VEHICLE STRUCK MOTOR VEHICLE, LEFT SIDE AT ANGLE",,0,Overcast,Wet,Daylight,,4237044.0,,32,One parked--one moving,0,0,N
8005,1,-122.3202061,47.61991248,9977,23757,23757,1080262,Matched,Block,,E JOHN ST BETWEEN BROADWAY E AND 10TH AVE E,,,1,Property Damage Only Collision,Parked Car,2,0,0,2,2004/07/30 00:00:00+00,7/30/2004 6:00:00 PM,Mid-Block (not related to intersection),14,"MOTOR VEHICLE STRUCK MOTOR VEHICLE, REAR END",,0,Unknown,Unknown,Unknown,,4212002.0,,32,One parked--one moving,0,0,N
8006,1,-122.3583314,47.65414879,9978,24785,24785,1080128,Matched,Block,,NW 39TH ST BETWEEN 1ST W AVE NW AND 2ND AVE NW,,,1,Property Damage Only Collision,Parked Car,2,0,0,2,2004/07/08 00:00:00+00,7/8/2004,Mid-Block (not related to intersection),11,"MOTOR VEHICLE STRUCK MOTOR VEHICLE, FRONT END AT ANGLE",,0,Other,Unknown,Daylight,,4190029.0,,32,One parked--one moving,0,0,N
8007,1,-122.29379899999999,47.56130281,9979,24559,24559,1772786,Matched,Block,,M L KING JR WR WAY S BETWEEN S SNOQUALMIE ST AND S ALASKA ST,,,1,Property Damage Only Collision,Angles,3,0,0,2,2004/06/23 00:00:00+00,6/23/2004 3:54:00 PM,Driveway Junction,11,"MOTOR VEHICLE STRUCK MOTOR VEHICLE, FRONT END AT ANGLE",,0,Clear,Dry,Daylight,,4175020.0,,10,Entering at angle,0,0,N
8008,1,-122.29339569999999,47.69021796,9980,23242,23242,1779689,Matched,Intersection,37685.0,32ND AVE NE AND NE 85TH ST,,,1,Property Damage Only Collision,Parked Car,3,0,0,3,2004/08/20 00:00:00+00,8/20/2004 3:41:00 PM,At Intersection (but not related to intersection),28,MOTOR VEHICLE RAN OFF ROAD - HIT FIXED OBJECT,,0,Clear,Dry,Daylight,,4233010.0,Y,32,One parked--one moving,0,0,N
8009,1,-122.38615800000001,47.66743302,9981,24748,24748,1079819,Matched,Block,,SHILSHOLE AVE NW BETWEEN 22ND AVE NW AND 24TH AVE NW,,,1,Property Damage Only Collision,Parked Car,2,0,0,2,2004/09/02 00:00:00+00,9/2/2004,Mid-Block (not related to intersection),11,"MOTOR VEHICLE STRUCK MOTOR VEHICLE, FRONT END AT ANGLE",,0,Clear,Dry,Daylight,,4246027.0,,32,One parked--one moving,0,0,N
8010,1,-122.29285449999999,47.71553093,9982,24215,24215,1226524,Matched,Intersection,36618.0,33RD AVE NE AND NE 120TH ST,,,1,Property Damage Only Collision,Angles,2,0,0,2,2004/06/10 00:00:00+00,6/10/2004 7:40:00 AM,At Intersection (intersection related),11,"MOTOR VEHICLE STRUCK MOTOR VEHICLE, FRONT END AT ANGLE",,0,Raining,Wet,Daylight,,4162020.0,,10,Entering at angle,0,0,N
8011,1,-122.3051014,47.55970981,9984,24890,24890,1793305,Matched,Block,,S COLUMBIAN WAY BETWEEN COLUMBIA DR S AND BEACON WR AVE S,,,1,Property Damage Only Collision,Other,2,0,0,2,2004/08/30 00:00:00+00,8/30/2004 4:40:00 PM,Driveway Junction,11,"MOTOR VEHICLE STRUCK MOTOR VEHICLE, FRONT END AT ANGLE",,0,Clear,Dry,Daylight,,4243016.0,,22,One car leaving driveway access,0,0,N
8012,1,-122.3560268,47.62871435,9985,24148,24148,1212970,Matched,Block,,PROSPECT ST BETWEEN QUEEN ANNE AVE N AND 1ST S AVE N,,,1,Property Damage Only Collision,Parked Car,2,0,0,2,2004/06/19 00:00:00+00,6/19/2004 9:50:00 AM,Mid-Block (not related to intersection),13,"MOTOR VEHICLE STRUCK MOTOR VEHICLE, LEFT SIDE AT ANGLE",,0,Unknown,Unknown,Unknown,,4171025.0,,32,One parked--one moving,0,0,N
8013,2,-122.31282639999999,47.63434494,9986,24581,24581,1789528,Matched,Block,,15TH AVE E BETWEEN E GARFIELD ST AND E OLIN S PL,,,2,Injury Collision,Parked Car,2,0,0,2,2004/02/11 00:00:00+00,2/11/2004 12:02:00 PM,Mid-Block (not related to intersection),14,"MOTOR VEHICLE STRUCK MOTOR VEHICLE, REAR END",,0,Clear,Dry,Daylight,,4042009.0,,32,One parked--one moving,0,0,N
8014,2,-122.3149392,47.52474202,9987,24999,24999,1227721,Matched,Intersection,35118.0,14TH AVE S AND S TRENTON ST,,,2,Injury Collision,Rear Ended,3,0,0,2,2004/04/16 00:00:00+00,4/16/2004 5:49:00 AM,At Intersection (intersection related),14,"MOTOR VEHICLE STRUCK MOTOR VEHICLE, REAR END",Y,0,Overcast,Dry,Dawn,,4107032.0,,14,From same direction - both going straight - one stopped - rear-end,0,0,N
8015,2,-122.3114595,47.61504456,9988,23126,23126,1217158,Matched,Intersection,30133.0,16TH AVE AND E MADISON ST,,,2,Injury Collision,Angles,2,0,0,2,2004/08/05 00:00:00+00,8/5/2004,At Intersection (intersection related),11,"MOTOR VEHICLE STRUCK MOTOR VEHICLE, FRONT END AT ANGLE",,0,Clear,Dry,Daylight,,4218008.0,,10,Entering at angle,0,0,N
8016,1,-122.28818590000002,47.56409504,9989,23818,23818,1793072,Matched,Intersection,32715.0,RAINIER AVE S AND S GENESEE S ST,,,1,Property Damage Only Collision,Angles,2,0,0,2,2004/11/18 00:00:00+00,11/18/2004 2:36:00 PM,At Intersection (intersection related),11,"MOTOR VEHICLE STRUCK MOTOR VEHICLE, FRONT END AT ANGLE",,0,Clear,Dry,Daylight,,4323016.0,,10,Entering at angle,0,0,N
8017,1,-122.39220729999998,47.53819581,9990,24030,24030,1798440,Matched,Block,,46TH PL SW BETWEEN DEAD END AND SW OTHELLO ST,,,1,Property Damage Only Collision,Parked Car,2,0,0,2,2004/07/25 00:00:00+00,7/25/2004 2:31:00 PM,Mid-Block (not related to intersection),12,"MOTOR VEHICLE STRUCK MOTOR VEHICLE, RIGHT SIDE AT ANGLE",,0,Unknown,Unknown,Unknown,,4207031.0,,32,One parked--one moving,0,0,N
8018,1,-122.3486733,47.61347959,9991,24628,24628,1777147,Matched,Intersection,29699.0,BATTERY ST AND WESTERN AVE,,,1,Property Damage Only Collision,Sideswipe,2,0,0,2,2004/04/30 00:00:00+00,4/30/2004 10:20:00 AM,At Intersection (intersection related),16,"MOTOR VEHICLE STRUCK MOTOR VEHICLE, LEFT SIDE SIDESWIPE",,0,Clear,Dry,Daylight,,4121027.0,,11,From same direction - both going straight - both moving - sideswipe,0,0,N
8019,1,-122.38280879999999,47.56743033,9992,23743,23743,1481315,Matched,Block,,40TH AVE SW BETWEEN SW ANDOVER ST AND SW DAKOTA ST,,,1,Property Damage Only Collision,Parked Car,2,0,0,2,2004/01/15 00:00:00+00,1/15/2004 9:00:00 AM,Mid-Block (not related to intersection),13,"MOTOR VEHICLE STRUCK MOTOR VEHICLE, LEFT SIDE AT ANGLE",,0,Overcast,Wet,Unknown,,4015042.0,,32,One parked--one moving,0,0,N
8020,1,-122.32184409999999,47.66132628,9993,23767,23767,1794252,Matched,Block,,NE 45TH ST BETWEEN 5TH AVE NE AND 7TH AVE NE,,,1,Property Damage Only Collision,Sideswipe,2,0,0,2,2004/05/28 00:00:00+00,5/28/2004 1:39:00 PM,Mid-Block (but intersection related),16,"MOTOR VEHICLE STRUCK MOTOR VEHICLE, LEFT SIDE SIDESWIPE",,0,Overcast,Wet,Daylight,,4149015.0,,11,From same direction - both going straight - both moving - sideswipe,0,0,N
8021,1,-122.32691940000001,47.66863775,9994,24071,24071,1199196,Matched,Block,,NE 55TH ST BETWEEN 1ST AVE NE AND LATONA AVE NE,,,1,Property Damage Only Collision,Parked Car,2,0,0,2,2004/04/03 00:00:00+00,4/3/2004,Driveway Junction,12,"MOTOR VEHICLE STRUCK MOTOR VEHICLE, RIGHT SIDE AT ANGLE",Y,0,Unknown,Unknown,Daylight,,4094018.0,,32,One parked--one moving,0,0,N
8022,1,-122.26556529999999,47.52513742,9995,24531,24531,1771278,Matched,Block,,HAMLET AVE S BETWEEN 53RD AVE S AND SEWARD PARK AVE S,,,1,Property Damage Only Collision,Sideswipe,2,0,0,2,2004/04/19 00:00:00+00,4/19/2004 6:41:00 PM,Mid-Block (not related to intersection),16,"MOTOR VEHICLE STRUCK MOTOR VEHICLE, LEFT SIDE SIDESWIPE",,0,Overcast,Wet,Dusk,,4110021.0,,12,From same direction - both going straight - one stopped - sideswipe,0,0,N
8023,2,-122.3342033,47.57498194,9996,25020,25020,1181998,Matched,Block,,1ST AVE S BETWEEN S HANFORD ST AND S HORTON ST,,,2,Injury Collision,Rear Ended,5,0,0,2,2004/07/28 00:00:00+00,7/28/2004 12:47:00 AM,Mid-Block (but intersection related),14,"MOTOR VEHICLE STRUCK MOTOR VEHICLE, REAR END",,0,Clear,Dry,Dark - Street Lights On,,4210002.0,,14,From same direction - both going straight - one stopped - rear-end,0,0,N
8024,1,-122.3376419,47.60706703,9997,23997,23997,1931176,Matched,Block,,UNIVERSITY ST BETWEEN 1ST AVE AND 2ND AVE,,,1,Property Damage Only Collision,Other,3,0,0,2,2004/11/03 00:00:00+00,11/3/2004,Mid-Block (but intersection related),11,"MOTOR VEHICLE STRUCK MOTOR VEHICLE, FRONT END AT ANGLE",Y,0,Unknown,Unknown,Daylight,,4308014.0,,23,From same direction - all others,0,0,N
8025,2,-122.3646547,47.69064792,9998,24572,24572,1773866,Matched,Block,,NW 85TH ST BETWEEN 6TH AVE NW AND 8TH AVE NW,,,2,Injury Collision,Rear Ended,5,0,0,3,2004/06/26 00:00:00+00,6/26/2004 4:39:00 PM,Mid-Block (not related to intersection),14,"MOTOR VEHICLE STRUCK MOTOR VEHICLE, REAR END",Y,0,Clear,Dry,Daylight,,4178029.0,,14,From same direction - both going straight - one stopped - rear-end,0,0,N
8026,1,-122.38046100000001,47.66467021,9999,24508,24508,1080007,Matched,Block,,NW DOCK PL BETWEEN LEARY AVE NW AND BALLARD AVE NW,,,1,Property Damage Only Collision,Parked Car,2,0,0,2,2004/07/18 00:00:00+00,7/18/2004 3:02:00 PM,Mid-Block (not related to intersection),11,"MOTOR VEHICLE STRUCK MOTOR VEHICLE, FRONT END AT ANGLE",Y,0,Clear,Dry,Daylight,,4200001.0,,32,One parked--one moving,0,0,N
8027,2,-122.3006452,47.67396072,10000,23121,23121,1782342,Matched,Block,,25TH AVE NE BETWEEN NE 60TH ST AND NE 65TH ST,,,2,Injury Collision,Rear Ended,3,0,0,2,2004/11/06 00:00:00+00,11/6/2004,Mid-Block (not related to intersection),14,"MOTOR VEHICLE STRUCK MOTOR VEHICLE, REAR END",,0,Raining,Wet,Dark - Street Lights On,,4311031.0,,14,From same direction - both going straight - one stopped - rear-end,0,0,N
8028,1,-122.3806733,47.52838034,10001,24475,24475,1798462,Matched,Block,,SW THISTLE ST BETWEEN 37TH AVE SW AND 39TH AVE SW,,,1,Property Damage Only Collision,Parked Car,2,0,0,2,2004/11/20 00:00:00+00,11/20/2004 3:52:00 PM,Mid-Block (not related to intersection),14,"MOTOR VEHICLE STRUCK MOTOR VEHICLE, REAR END",,0,Clear,Dry,Daylight,,4325007.0,,32,One parked--one moving,0,0,N
8029,2,-122.3351293,47.60515932,10002,23959,23959,1181996,Matched,Intersection,29614.0,2ND AVE AND MADISON ST,,,2,Injury Collision,Angles,3,0,0,2,2004/07/13 00:00:00+00,7/13/2004 9:15:00 PM,At Intersection (intersection related),11,"MOTOR VEHICLE STRUCK MOTOR VEHICLE, FRONT END AT ANGLE",,0,Clear,Dry,Dark - Street Lights On,,4195006.0,,10,Entering at angle,0,0,N
8030,2,-122.32403640000001,47.6613387,10003,24691,24691,1794129,Matched,Intersection,27179.0,4TH AVE NE AND NE 45TH ST,,,2,Injury Collision,Angles,2,0,0,2,2004/07/24 00:00:00+00,7/24/2004 12:54:00 PM,At Intersection (intersection related),11,"MOTOR VEHICLE STRUCK MOTOR VEHICLE, FRONT END AT ANGLE",,0,Clear,Dry,Daylight,,4206026.0,,10,Entering at angle,0,0,N
8031,1,-122.28410149999999,47.61205754,10006,24065,24065,1216598,Matched,Block,,NEWPORT WAY BETWEEN 38TH AVE AND GRAND AVE,,,1,Property Damage Only Collision,Parked Car,2,0,0,2,2004/08/28 00:00:00+00,8/28/2004 1:00:00 AM,Mid-Block (not related to intersection),14,"MOTOR VEHICLE STRUCK MOTOR VEHICLE, REAR END",,0,Unknown,Unknown,Dark - Street Lights On,,4241014.0,,32,One parked--one moving,0,0,N
8032,1,-122.33357849999999,47.66958105,10007,24793,24793,1007499,Matched,Block,,KEYSTONE PL N BETWEEN N 55TH ST AND N 57TH ST,,,1,Property Damage Only Collision,Parked Car,2,0,0,2,2004/04/25 00:00:00+00,4/25/2004 9:30:00 PM,Mid-Block (not related to intersection),11,"MOTOR VEHICLE STRUCK MOTOR VEHICLE, FRONT END AT ANGLE",,0,Unknown,Unknown,Dark - Street Lights On,,4116046.0,,32,One parked--one moving,0,0,N
8033,1,-122.3195513,47.66357398,10008,25161,25161,1780468,Matched,Block,,8TH AVE NE BETWEEN NE 47TH ST AND NE 48TH ST,,,1,Property Damage Only Collision,Parked Car,2,0,0,2,2004/04/12 00:00:00+00,4/12/2004 7:18:00 AM,Driveway Junction,11,"MOTOR VEHICLE STRUCK MOTOR VEHICLE, FRONT END AT ANGLE",,0,Clear,Dry,Daylight,,4103032.0,,32,One parked--one moving,0,0,N
8034,2,-122.28818590000002,47.56409504,10010,23704,23704,1779118,Matched,Intersection,32715.0,RAINIER AVE S AND S GENESEE S ST,,,2,Injury Collision,Left Turn,5,0,0,3,2004/09/13 00:00:00+00,9/13/2004 8:19:00 AM,At Intersection (intersection related),11,"MOTOR VEHICLE STRUCK MOTOR VEHICLE, FRONT END AT ANGLE",,0,Raining,Wet,Daylight,,4257031.0,,28,From opposite direction - one left turn - one straight,0,0,N
8035,1,-122.32265520000001,47.56719654,10011,24219,24219,1790461,Matched,Intersection,32282.0,AIRPORT WAY S AND S DAKOTA ST,,,1,Property Damage Only Collision,Angles,2,0,0,2,2004/06/18 00:00:00+00,6/18/2004 2:07:00 PM,At Intersection (intersection related),11,"MOTOR VEHICLE STRUCK MOTOR VEHICLE, FRONT END AT ANGLE",,0,Clear,Dry,Daylight,,4170015.0,,10,Entering at angle,0,0,N
8036,1,-122.325099,47.68676836,10012,24810,24810,C649413,Matched,Intersection,24537.0,BANNER WAY NE AND NE 80TH ST,,,1,Property Damage Only Collision,Angles,2,0,0,2,2004/11/01 00:00:00+00,11/1/2004,Ramp Junction,11,"MOTOR VEHICLE STRUCK MOTOR VEHICLE, FRONT END AT ANGLE",,0,Unknown,Unknown,Unknown,,4306074.0,,10,Entering at angle,0,0,N
8037,1,-122.33268429999998,47.64982867,10013,24418,24418,1782326,Matched,Block,,BAGLEY AVE N BETWEEN N 35TH ST AND N 36TH ST,,,1,Property Damage Only Collision,Parked Car,2,0,0,2,2004/04/04 00:00:00+00,4/4/2004,Driveway Junction,11,"MOTOR VEHICLE STRUCK MOTOR VEHICLE, FRONT END AT ANGLE",,0,Other,Unknown,Daylight,,4095021.0,,32,One parked--one moving,0,0,N
8038,1,-122.28868020000002,47.56589896,10015,25169,25169,1779610,Matched,Block,,RAINIER AVE S BETWEEN S DAKOTA ST AND S ADAMS ST,,,1,Property Damage Only Collision,Angles,3,0,0,3,2004/09/08 00:00:00+00,9/8/2004,Mid-Block (but intersection related),11,"MOTOR VEHICLE STRUCK MOTOR VEHICLE, FRONT END AT ANGLE",,0,Raining,Wet,Daylight,,4252013.0,,10,Entering at angle,0,0,N
8039,2,-122.302222,47.5955707,10017,24130,24130,1788538,Matched,Intersection,30786.0,23RD AVE S AND S DEARBORN ST,,,2,Injury Collision,Left Turn,4,0,0,2,2004/06/11 00:00:00+00,6/11/2004 5:24:00 PM,At Intersection (intersection related),11,"MOTOR VEHICLE STRUCK MOTOR VEHICLE, FRONT END AT ANGLE",,0,Overcast,Dry,Daylight,,4163037.0,,28,From opposite direction - one left turn - one straight,0,0,N
8040,1,-122.336653,47.6695881,10018,24507,24507,1079679,Matched,Block,,WALLINGFORD AVE N BETWEEN N 55TH ST AND CANFIELD PL N,,,1,Property Damage Only Collision,Parked Car,2,0,0,2,2004/10/11 00:00:00+00,10/11/2004 7:15:00 PM,Mid-Block (not related to intersection),11,"MOTOR VEHICLE STRUCK MOTOR VEHICLE, FRONT END AT ANGLE",,0,Clear,Dry,Dark - Street Lights On,,4285011.0,,32,One parked--one moving,0,0,N
8041,2,-122.30277,47.60800896,10019,23119,23119,1772200,Matched,Intersection,30173.0,23RD AVE AND E CHERRY ST,,,2,Injury Collision,Left Turn,2,0,0,2,2004/08/06 00:00:00+00,8/6/2004,At Intersection (intersection related),11,"MOTOR VEHICLE STRUCK MOTOR VEHICLE, FRONT END AT ANGLE",,0,Raining,Wet,Daylight,,4219043.0,,28,From opposite direction - one left turn - one straight,0,0,N
8042,2,-122.35842990000002,47.68179809,10020,24807,24807,1774642,Matched,Intersection,24080.0,SYCAMORE AVE NW AND NW 73RD ST,,,2,Injury Collision,Other,2,0,0,2,2004/05/16 00:00:00+00,5/16/2004 8:23:00 PM,At Intersection (intersection related),28,MOTOR VEHICLE RAN OFF ROAD - HIT FIXED OBJECT,,0,Clear,Dry,Dusk,,4137008.0,Y,50,Fixed object,0,0,N
8043,2,-122.26628559999999,47.51682911,10021,24189,24189,1353375,Matched,Intersection,35474.0,53RD AVE S AND S ROXBURY ST,,,2,Injury Collision,Left Turn,2,0,0,2,2004/08/19 00:00:00+00,8/19/2004 9:59:00 PM,At Intersection (intersection related),11,"MOTOR VEHICLE STRUCK MOTOR VEHICLE, FRONT END AT ANGLE",,0,Clear,Dry,Dark - Street Lights On,,4232037.0,,15,From same direction - one left turn - one straight,0,0,N
8044,1,-122.3261795,47.61849071,10023,24018,24018,1198458,Matched,Block,,E DENNY WAY BETWEEN BELLEVUE AVE AND E OLIVE WAY,,,1,Property Damage Only Collision,Rear Ended,4,0,0,2,2004/12/01 00:00:00+00,12/1/2004,Mid-Block (but intersection related),14,"MOTOR VEHICLE STRUCK MOTOR VEHICLE, REAR END",Y,0,Clear,Wet,Dark - Street Lights On,,4336004.0,,14,From same direction - both going straight - one stopped - rear-end,0,0,N
8045,1,-122.4010705,47.677615,10024,24743,24743,1773902,Matched,Block,,34TH AVE NW BETWEEN NW 67TH ST AND NW 68TH ST,,,1,Property Damage Only Collision,Parked Car,2,0,0,2,2004/01/07 00:00:00+00,1/7/2004,Mid-Block (not related to intersection),14,"MOTOR VEHICLE STRUCK MOTOR VEHICLE, REAR END",,0,Raining,Snow/Slush,Dark - No Street Lights,,4007010.0,,32,One parked--one moving,0,0,N
8046,1,-122.3421717,47.60963411,10025,23911,23911,537850,Matched,Intersection,29595.0,PIKE PL AND STEWART ST,,,1,Property Damage Only Collision,Sideswipe,0,0,0,2,2004/08/04 00:00:00+00,8/4/2004,At Intersection (intersection related),11,"MOTOR VEHICLE STRUCK MOTOR VEHICLE, FRONT END AT ANGLE",,0,Clear,Dry,Daylight,,4217012.0,,71,Same direction -- both turning right -- both moving -- sideswipe,0,0,N