,SEVERITYCODE,X,Y,OBJECTID,INCKEY,COLDETKEY,REPORTNO,STATUS,ADDRTYPE,INTKEY,LOCATION,EXCEPTRSNCODE,EXCEPTRSNDESC,SEVERITYCODE.1,SEVERITYDESC,COLLISIONTYPE,PERSONCOUNT,PEDCOUNT,PEDCYLCOUNT,VEHCOUNT,INCDATE,INCDTTM,JUNCTIONTYPE,SDOT_COLCODE,SDOT_COLDESC,INATTENTIONIND,UNDERINFL,WEATHER,ROADCOND,LIGHTCOND,PEDROWNOTGRNT,SDOTCOLNUM,SPEEDING,ST_COLCODE,ST_COLDESC,SEGLANEKEY,CROSSWALKKEY,HITPARKEDCAR
8047,1,-122.3462916,47.62148502,10026,23793,23793,1482406,Matched,Block,,TAYLOR AVE N BETWEEN THOMAS ST AND HARRISON ST,,,1,Property Damage Only Collision,Other,3,0,0,2,2004/04/19 00:00:00+00,4/19/2004 1:10:00 AM,Mid-Block (but intersection related),11,"MOTOR VEHICLE STRUCK MOTOR VEHICLE, FRONT END AT ANGLE",,0,Clear,Dry,Dark - Street Lights On,,4110041.0,,23,From same direction - all others,0,0,N
8048,1,-122.2797419,47.51942161,10028,24872,24872,1793429,Matched,Block,,M L KING JR ER WAY S BETWEEN S DIRECTOR ST AND MERTON WAY S,,,1,Property Damage Only Collision,Sideswipe,2,0,0,2,2004/10/16 00:00:00+00,10/16/2004 5:05:00 PM,Mid-Block (not related to intersection),11,"MOTOR VEHICLE STRUCK MOTOR VEHICLE, FRONT END AT ANGLE",,0,Raining,Wet,Dark - Street Lights On,,4290020.0,,26,From opposite direction - both going straight - sideswipe,0,0,N
8049,1,-122.3006123,47.59556943,10029,24140,24140,1217251,Matched,Block,,S DEARBORN ST BETWEEN 24TH AVE S AND 25TH AVE S,,,1,Property Damage Only Collision,Parked Car,2,0,0,2,2004/08/09 00:00:00+00,8/9/2004,Mid-Block (not related to intersection),14,"MOTOR VEHICLE STRUCK MOTOR VEHICLE, REAR END",,0,Clear,Dry,Daylight,,4222011.0,,32,One parked--one moving,0,0,N
8050,1,-122.32513909999999,47.60933797,10030,23707,23707,1790059,Matched,Intersection,29920.0,BOREN AVE AND MADISON ST,,,1,Property Damage Only Collision,Angles,3,0,0,2,2004/03/28 00:00:00+00,3/28/2004 1:57:00 AM,At Intersection (intersection related),11,"MOTOR VEHICLE STRUCK MOTOR VEHICLE, FRONT END AT ANGLE",,0,Overcast,Wet,Dark - Street Lights On,,4088035.0,,10,Entering at angle,0,0,N
8051,2,-122.3185723,47.54499067,10031,24220,24220,1790703,Matched,Block,,ELLIS AVE S BETWEEN S ALBRO PL AND S ELIZABETH ST,,,2,Injury Collision,Other,1,0,0,1,2004/06/11 00:00:00+00,6/11/2004 10:09:00 PM,Mid-Block (not related to intersection),26,MOTOR VEHICLE STRUCK OBJECT IN ROAD,,0,Clear,Dry,Dark - Street Lights On,,4163015.0,,50,Fixed object,0,0,N
8052,1,-122.2938717,47.56082958,10032,24815,24815,1771662,Matched,Block,,S ALASKA ST BETWEEN MCCOY PL S AND M L KING JR WR WAY S,,,1,Property Damage Only Collision,Rear Ended,3,0,0,2,2004/03/10 00:00:00+00,3/10/2004 2:55:00 PM,Mid-Block (but intersection related),14,"MOTOR VEHICLE STRUCK MOTOR VEHICLE, REAR END",,0,Clear,Dry,Daylight,,4070033.0,,14,From same direction - both going straight - one stopped - rear-end,0,0,N
8053,1,,,10033,24714,24714,1072234,Matched,Intersection,30383.0,ALASKAN WAY S AND S ROYAL BROUGHAM WAY,,,1,Property Damage Only Collision,Angles,3,0,0,2,2004/06/12 00:00:00+00,6/12/2004 4:10:00 PM,At Intersection (intersection related),11,"MOTOR VEHICLE STRUCK MOTOR VEHICLE, FRONT END AT ANGLE",,0,Overcast,Dry,Daylight,,4164012.0,,10,Entering at angle,0,0,N
8054,1,-122.3847399,47.67528703,10034,24801,24801,1476440,Matched,Intersection,25110.0,22ND AVE NW AND NW 64TH ST,,,1,Property Damage Only Collision,Angles,3,0,0,2,2004/12/09 00:00:00+00,12/9/2004,At Intersection (intersection related),11,"MOTOR VEHICLE STRUCK MOTOR VEHICLE, FRONT END AT ANGLE",,0,Clear,Dry,Daylight,,4344030.0,,10,Entering at angle,0,0,N
8055,1,-122.27013290000002,47.50658705,10035,23943,23943,875200,Matched,Block,,51ST AVE S BETWEEN S CRESTON ST AND S BANGOR ST,,,1,Property Damage Only Collision,Rear Ended,0,0,0,4,2004/01/26 00:00:00+00,1/26/2004 5:26:00 PM,Mid-Block (but intersection related),14,"MOTOR VEHICLE STRUCK MOTOR VEHICLE, REAR END",,0,Clear,Dry,Dark - Street Lights On,,4026004.0,,14,From same direction - both going straight - one stopped - rear-end,0,0,N
8056,1,-122.3567027,47.62545416,10036,24392,24392,1186748,Matched,Intersection,28618.0,QUEEN ANNE AVE N AND ROY ST,,,1,Property Damage Only Collision,Angles,3,0,0,2,2004/05/11 00:00:00+00,5/11/2004 12:03:00 AM,At Intersection (intersection related),11,"MOTOR VEHICLE STRUCK MOTOR VEHICLE, FRONT END AT ANGLE",,0,Raining,Wet,Dark - Street Lights On,,4132001.0,,10,Entering at angle,0,0,N
8057,2,-122.2878577,47.59280139,10037,24154,24154,1790066,Matched,Block,,LAKESIDE AVE S BETWEEN S NORMAN ST AND S JUDKINS ST,,,2,Injury Collision,Other,1,0,0,1,2004/08/24 00:00:00+00,8/24/2004 9:00:00 PM,Mid-Block (not related to intersection),28,MOTOR VEHICLE RAN OFF ROAD - HIT FIXED OBJECT,,0,Raining,Wet,Dark - Street Lights On,,4237009.0,Y,50,Fixed object,0,0,N
8058,1,-122.31416189999999,47.60168876,10039,24177,24177,1785764,Matched,Intersection,30408.0,14TH AVE AND E YESLER WAY,,,1,Property Damage Only Collision,Sideswipe,2,0,0,2,2004/03/13 00:00:00+00,3/13/2004 7:30:00 AM,At Intersection (intersection related),11,"MOTOR VEHICLE STRUCK MOTOR VEHICLE, FRONT END AT ANGLE",,0,Clear,Dry,Daylight,,4073007.0,,11,From same direction - both going straight - both moving - sideswipe,0,0,N
8059,2,-122.33754429999999,47.60612176,10040,24659,24659,1327161,Matched,Intersection,29611.0,1ST AVE AND SENECA ST,,,2,Injury Collision,Angles,4,0,0,2,2004/12/18 00:00:00+00,12/18/2004 8:20:00 PM,At Intersection (intersection related),11,"MOTOR VEHICLE STRUCK MOTOR VEHICLE, FRONT END AT ANGLE",,0,Clear,Dry,Dark - Street Lights On,,4353035.0,,10,Entering at angle,0,0,N
8060,2,-122.4015852,47.65405478,10041,25002,25002,1777222,Matched,Block,,W EMERSON ST BETWEEN 34TH AVE W AND 35TH AVE W,,,2,Injury Collision,Parked Car,4,0,0,3,2004/07/14 00:00:00+00,7/14/2004 1:58:00 AM,Mid-Block (but intersection related),14,"MOTOR VEHICLE STRUCK MOTOR VEHICLE, REAR END",,1,Clear,Dry,Dark - Street Lights On,,4196003.0,,32,One parked--one moving,0,0,N
8061,1,-122.34888149999999,47.62398874,10042,23567,23567,1783794,Matched,Block,,4TH AVE N BETWEEN REPUBLICAN ST AND MERCER ST,,,1,Property Damage Only Collision,Parked Car,2,0,0,2,2004/08/21 00:00:00+00,8/21/2004 5:45:00 PM,Mid-Block (not related to intersection),11,"MOTOR VEHICLE STRUCK MOTOR VEHICLE, FRONT END AT ANGLE",,0,Raining,Wet,Daylight,,4234030.0,,20,One car leaving parked position,0,0,N
8062,1,-122.3120642,47.60351968,10043,23692,23692,1189834,Matched,Block,,E SPRUCE ST BETWEEN 15TH AVE AND 16TH AVE,,,1,Property Damage Only Collision,Parked Car,2,0,0,2,2004/02/22 00:00:00+00,2/22/2004 6:45:00 AM,Mid-Block (not related to intersection),13,"MOTOR VEHICLE STRUCK MOTOR VEHICLE, LEFT SIDE AT ANGLE",,0,Clear,Dry,Daylight,,4053013.0,,32,One parked--one moving,0,0,N
8063,1,-122.3762108,47.674547600000004,10044,24172,24172,1774070,Matched,Intersection,25384.0,15TH AVE NW AND NW 63RD ST,,,1,Property Damage Only Collision,Sideswipe,3,0,0,2,2004/09/14 00:00:00+00,9/14/2004 8:00:00 AM,At Intersection (intersection related),11,"MOTOR VEHICLE STRUCK MOTOR VEHICLE, FRONT END AT ANGLE",,0,Clear,Dry,Daylight,,4258016.0,,11,From same direction - both going straight - both moving - sideswipe,0,0,N
8064,1,-122.31876000000001,47.60435904,10045,24635,24635,1790058,Matched,Block,,E ALDER ST BETWEEN 10TH AVE AND 11TH AVE,,,1,Property Damage Only Collision,Parked Car,2,0,0,2,2004/01/01 00:00:00+00,1/1/2004,Mid-Block (not related to intersection),16,"MOTOR VEHICLE STRUCK MOTOR VEHICLE, LEFT SIDE SIDESWIPE",,0,Snowing,Snow/Slush,Unknown,,4001026.0,,32,One parked--one moving,0,0,N
8065,2,-122.35782240000002,47.66341303,10047,23246,23246,1794380,Matched,Block,,NW MARKET ST BETWEEN 1ST AVE NW AND NW 48TH ST,,,2,Injury Collision,Rear Ended,3,0,0,2,2004/10/14 00:00:00+00,10/14/2004 5:15:00 PM,Mid-Block (not related to intersection),14,"MOTOR VEHICLE STRUCK MOTOR VEHICLE, REAR END",,0,Clear,Dry,Daylight,,4288011.0,,13,From same direction - both going straight - both moving - rear-end,0,0,N
8066,1,-122.33501329999999,47.68439667,10049,23934,23934,1781906,Matched,Intersection,24247.0,EAST GREEN LAKE DR N AND N 77TH ST,,,1,Property Damage Only Collision,Rear Ended,2,0,0,2,2004/06/20 00:00:00+00,6/20/2004 12:45:00 PM,At Intersection (but not related to intersection),14,"MOTOR VEHICLE STRUCK MOTOR VEHICLE, REAR END",Y,0,Clear,Dry,Daylight,,4172004.0,,14,From same direction - both going straight - one stopped - rear-end,0,0,N
8067,2,-122.34262690000001,47.65161865,10050,24778,24778,C650829,Matched,Block,,STONE WAY N BETWEEN N 36TH ST AND N 38TH ST,,,2,Injury Collision,Left Turn,2,0,0,2,2004/12/20 00:00:00+00,12/20/2004 5:15:00 PM,Driveway Junction,11,"MOTOR VEHICLE STRUCK MOTOR VEHICLE, FRONT END AT ANGLE",,0,Other,Dry,Dark - Street Lights On,,4355044.0,,28,From opposite direction - one left turn - one straight,0,0,N
8068,1,-122.34679299999999,47.66206896,10051,25035,25035,1774285,Matched,Block,,N 46TH ST BETWEEN PHINNEY TURN RD AND GREEN LAKE WAY N,,,1,Property Damage Only Collision,Sideswipe,5,0,0,2,2004/05/30 00:00:00+00,5/30/2004 5:27:00 PM,Mid-Block (but intersection related),16,"MOTOR VEHICLE STRUCK MOTOR VEHICLE, LEFT SIDE SIDESWIPE",,0,Clear,Dry,Daylight,,4151017.0,,11,From same direction - both going straight - both moving - sideswipe,0,0,N
8069,1,-122.2974318,47.59864753,10052,24153,24153,1790002,Matched,Block,,M L KING JR WAY S BETWEEN S JACKSON ST AND S KING ST,,,1,Property Damage Only Collision,Sideswipe,2,0,0,2,2004/03/26 00:00:00+00,3/26/2004 1:07:00 PM,Mid-Block (but intersection related),16,"MOTOR VEHICLE STRUCK MOTOR VEHICLE, LEFT SIDE SIDESWIPE",,0,Overcast,Dry,Daylight,,4086050.0,,12,From same direction - both going straight - one stopped - sideswipe,0,0,N
8070,2,-122.32569609999999,47.60910496,10053,24446,24446,1786947,Matched,Block,,MADISON ST BETWEEN TERRY AVE AND BOREN AVE,,,2,Injury Collision,Rear Ended,3,0,0,2,2004/01/14 00:00:00+00,1/14/2004 1:38:00 PM,Mid-Block (but intersection related),14,"MOTOR VEHICLE STRUCK MOTOR VEHICLE, REAR END",Y,0,Overcast,Dry,Daylight,,4014044.0,,14,From same direction - both going straight - one stopped - rear-end,0,0,N
8071,1,-122.27827979999999,47.52331462,10054,24856,24856,1771395,Matched,Block,,S HENDERSON ST BETWEEN M L KING JR ER WAY S AND CHIEF SEALTH TRL,,,1,Property Damage Only Collision,Rear Ended,2,0,0,2,2004/05/25 00:00:00+00,5/25/2004 10:30:00 AM,Mid-Block (not related to intersection),14,"MOTOR VEHICLE STRUCK MOTOR VEHICLE, REAR END",,0,Other,Unknown,Daylight,,4146019.0,,14,From same direction - both going straight - one stopped - rear-end,0,0,N
8072,1,-122.32139199999999,47.58730868,10056,23822,23822,1783289,Matched,Block,,AIRPORT WAY S BETWEEN S MASSACHUSETTS ST AND S HOLGATE N ST,,,1,Property Damage Only Collision,Rear Ended,2,0,0,2,2004/10/20 00:00:00+00,10/20/2004 12:57:00 PM,Mid-Block (but intersection related),14,"MOTOR VEHICLE STRUCK MOTOR VEHICLE, REAR END",,0,Clear,Dry,Daylight,,4294031.0,,14,From same direction - both going straight - one stopped - rear-end,0,0,N
8073,1,-122.3390524,47.62637315,10060,24206,24206,1778166,Matched,Block,,WESTLAKE AVE N BETWEEN VALLEY ST AND 9TH AVE N,,,1,Property Damage Only Collision,Other,1,0,0,1,2004/01/16 00:00:00+00,1/16/2004 1:41:00 PM,Mid-Block (not related to intersection),28,MOTOR VEHICLE RAN OFF ROAD - HIT FIXED OBJECT,,0,Overcast,Dry,Daylight,,4016004.0,Y,50,Fixed object,0,0,N
8074,2,-122.3798217,47.58829362,10061,23931,23931,1781265,Matched,Block,,HARBOR AVE SW BETWEEN CALIFORNIA WAY SW AND FAIRMOUNT AVE SW,,,2,Injury Collision,Other,3,0,0,2,2004/06/20 00:00:00+00,6/20/2004 2:53:00 PM,Mid-Block (not related to intersection),14,"MOTOR VEHICLE STRUCK MOTOR VEHICLE, REAR END",Y,0,Clear,Dry,Daylight,,4172016.0,,52,Vehicle overturned,0,0,N
8075,2,-122.27532279999998,47.52331186,10062,24821,24821,1793634,Matched,Block,,S HENDERSON ST BETWEEN RENTON AVE S AND 46TH AVE S,,,2,Injury Collision,Rear Ended,6,0,0,3,2004/08/07 00:00:00+00,8/7/2004,Mid-Block (not related to intersection),14,"MOTOR VEHICLE STRUCK MOTOR VEHICLE, REAR END",,0,Clear,Dry,Dark - Street Lights On,,4220022.0,,13,From same direction - both going straight - both moving - rear-end,0,0,N
8076,1,-122.3285496,47.70499627,10064,23850,23850,1079851,Matched,Intersection,37566.0,1ST AVE NE AND NE 105TH ST,,,1,Property Damage Only Collision,Left Turn,5,0,0,3,2004/07/08 00:00:00+00,7/8/2004,At Intersection (intersection related),11,"MOTOR VEHICLE STRUCK MOTOR VEHICLE, FRONT END AT ANGLE",,0,Clear,Dry,Daylight,,4190028.0,,28,From opposite direction - one left turn - one straight,0,0,N
8077,2,-122.30445990000001,47.55987647,10065,23703,23703,1778995,Matched,Block,,BEACON ER AVE S BETWEEN S ANGELINE ST AND S COLUMBIAN WAY,,,2,Injury Collision,Other,3,0,0,2,2004/03/25 00:00:00+00,3/25/2004 3:10:00 PM,Driveway Junction,11,"MOTOR VEHICLE STRUCK MOTOR VEHICLE, FRONT END AT ANGLE",,0,Raining,Wet,Daylight,,4085010.0,,22,One car leaving driveway access,0,0,N
8078,2,-122.3207602,47.61116908,10066,24811,24811,1320443,Matched,Intersection,29772.0,BROADWAY AND MADISON ST,,,2,Injury Collision,Pedestrian,2,1,0,1,2004/02/03 00:00:00+00,2/3/2004,At Intersection (intersection related),24,MOTOR VEHCILE STRUCK PEDESTRIAN,,0,Overcast,Wet,Dark - Street Lights On,Y,4034016.0,,1,Vehicle turning right hits pedestrian,0,0,N
8079,2,-122.3355865,47.60398224,10067,23118,23118,1784702,Matched,Intersection,29622.0,1ST AVE AND MARION ST,,,2,Injury Collision,Angles,3,0,0,2,2004/11/11 00:00:00+00,11/11/2004 12:44:00 AM,At Intersection (intersection related),11,"MOTOR VEHICLE STRUCK MOTOR VEHICLE, FRONT END AT ANGLE",,0,Clear,Dry,Dark - Street Lights On,,4316032.0,,10,Entering at angle,0,0,N
8080,1,-122.3394075,47.57642438,10068,24619,24619,1785768,Matched,Block,,ALASKAN WY VI SB BETWEEN S LANDER ST AND ALASKAN WY VI SB WSB WB OFF RP,,,1,Property Damage Only Collision,Sideswipe,2,0,0,2,2004/04/12 00:00:00+00,4/12/2004 8:15:00 PM,Mid-Block (not related to intersection),16,"MOTOR VEHICLE STRUCK MOTOR VEHICLE, LEFT SIDE SIDESWIPE",,0,Clear,Dry,Dark - Street Lights On,,4103007.0,,11,From same direction - both going straight - both moving - sideswipe,0,0,N
8081,2,-122.3142101,47.66490847,10069,23813,23813,1780473,Matched,Intersection,25792.0,BROOKLYN AVE NE AND NE 50TH ST,,,2,Injury Collision,Left Turn,6,0,0,2,2004/04/16 00:00:00+00,4/16/2004 10:01:00 AM,At Intersection (intersection related),11,"MOTOR VEHICLE STRUCK MOTOR VEHICLE, FRONT END AT ANGLE",,0,Raining,Wet,Daylight,,4107014.0,,28,From opposite direction - one left turn - one straight,0,0,N
8082,1,-122.312299,47.55343793,10073,23922,23922,1793557,Matched,Intersection,33361.0,16TH AVE S AND S LUCILE ST,,,1,Property Damage Only Collision,Angles,4,0,0,2,2004/08/24 00:00:00+00,8/24/2004 8:07:00 AM,At Intersection (intersection related),11,"MOTOR VEHICLE STRUCK MOTOR VEHICLE, FRONT END AT ANGLE",,0,Raining,Wet,Daylight,,4237054.0,,10,Entering at angle,0,0,N
8083,2,-122.3555488,47.72414185,10074,24373,24373,1773926,Matched,Block,,GREENWOOD AVE N BETWEEN N 130TH ST AND N 132ND ST,,,2,Injury Collision,Pedestrian,2,1,0,1,2004/01/14 00:00:00+00,1/14/2004 6:00:00 PM,Driveway Junction,24,MOTOR VEHCILE STRUCK PEDESTRIAN,,0,Raining,Wet,Unknown,,4014001.0,,0,Vehicle going straight hits pedestrian,0,0,N
8084,1,-122.3768028,47.68966537,10075,25292,25292,1782681,Matched,Block,,15TH AVE NW BETWEEN NW 83RD ST AND NW 85TH ST,,,1,Property Damage Only Collision,Rear Ended,4,0,0,2,2004/01/13 00:00:00+00,1/13/2004 7:30:00 PM,Mid-Block (but intersection related),14,"MOTOR VEHICLE STRUCK MOTOR VEHICLE, REAR END",,0,Overcast,Wet,Dark - Street Lights On,,4013023.0,,14,From same direction - both going straight - one stopped - rear-end,0,0,N
8085,1,-122.315393,47.64095702,10076,23142,23142,1198406,Matched,Block,,DELMAR DR E BETWEEN E LYNN ST AND E INTERLAKEN BLVD,,,1,Property Damage Only Collision,Other,1,0,0,1,2004/11/14 00:00:00+00,11/14/2004 10:38:00 AM,Mid-Block (not related to intersection),26,MOTOR VEHICLE STRUCK OBJECT IN ROAD,,0,Overcast,Wet,Daylight,,4319006.0,Y,50,Fixed object,0,0,N
8086,2,-122.31728079999999,47.59268663,10077,24120,24120,1472419,Matched,Block,,12TH AVE S BETWEEN S CHARLES S ST AND S JUDKINS ST,,,2,Injury Collision,Rear Ended,3,0,0,2,2004/07/01 00:00:00+00,7/1/2004,Mid-Block (but intersection related),14,"MOTOR VEHICLE STRUCK MOTOR VEHICLE, REAR END",Y,0,Clear,Dry,Daylight,,4183029.0,,14,From same direction - both going straight - one stopped - rear-end,0,0,N
8087,1,-122.3869723,47.66868055,10079,24784,24784,1795849,Matched,Block,,NW MARKET ST BETWEEN BALLARD AVE NW AND 24TH AVE NW,,,1,Property Damage Only Collision,Parked Car,2,0,0,2,2004/12/15 00:00:00+00,12/15/2004 9:30:00 AM,Mid-Block (not related to intersection),14,"MOTOR VEHICLE STRUCK MOTOR VEHICLE, REAR END",,0,Unknown,Unknown,Daylight,,4350029.0,,32,One parked--one moving,0,0,N
8088,1,-122.37734350000001,47.69242796,10080,24717,24717,1211940,Matched,Block,,NW 87TH ST BETWEEN 15TH AVE NW AND 16TH AVE NW,,,1,Property Damage Only Collision,Angles,2,0,0,2,2004/01/13 00:00:00+00,1/13/2004 6:35:00 PM,Mid-Block (but intersection related),11,"MOTOR VEHICLE STRUCK MOTOR VEHICLE, FRONT END AT ANGLE",,0,Overcast,Dry,Dark - Street Lights On,,4013024.0,,10,Entering at angle,0,0,N
8089,2,-122.34089250000001,47.61239803,10082,23947,23947,1478372,Matched,Intersection,29563.0,3RD AVE AND VIRGINIA ST,,,2,Injury Collision,Angles,2,0,0,2,2004/07/14 00:00:00+00,7/14/2004 8:35:00 AM,At Intersection (intersection related),11,"MOTOR VEHICLE STRUCK MOTOR VEHICLE, FRONT END AT ANGLE",,0,Clear,Dry,Daylight,,4196032.0,,10,Entering at angle,0,0,N
8090,1,-122.3326533,47.7086545,10083,24249,24249,1772161,Matched,Block,,N NORTHGATE WAY BETWEEN MERIDIAN AVE N AND CORLISS AVE N,,,1,Property Damage Only Collision,Rear Ended,2,0,0,2,2004/06/22 00:00:00+00,6/22/2004 10:45:00 AM,Driveway Junction,14,"MOTOR VEHICLE STRUCK MOTOR VEHICLE, REAR END",,0,Clear,Dry,Daylight,,4174002.0,,14,From same direction - both going straight - one stopped - rear-end,0,0,N
8091,1,-122.31576159999999,47.52474445,10084,25381,25381,1798295,Matched,Block,,S TRENTON ST BETWEEN DEAD END 5 AND 14TH AVE S,,,1,Property Damage Only Collision,Parked Car,2,0,0,2,2004/12/15 00:00:00+00,12/15/2004 11:39:00 PM,Mid-Block (not related to intersection),11,"MOTOR VEHICLE STRUCK MOTOR VEHICLE, FRONT END AT ANGLE",,1,Clear,Wet,Dark - Street Lights On,,4350004.0,,32,One parked--one moving,0,0,N
8092,2,-122.38091909999999,47.65408499,10085,24146,24146,1776799,Matched,Block,,W EMERSON PL BETWEEN W EMERSON ST AND FISHERMAN TERM DR,,,2,Injury Collision,Rear Ended,2,0,0,2,2004/09/27 00:00:00+00,9/27/2004 12:55:00 PM,Mid-Block (but intersection related),14,"MOTOR VEHICLE STRUCK MOTOR VEHICLE, REAR END",,0,Clear,Dry,Daylight,,4271004.0,Y,14,From same direction - both going straight - one stopped - rear-end,0,0,N
8093,1,-122.2981413,47.58406901,10086,24283,24283,1317369,Matched,Block,,M L KING JR WAY S BETWEEN S HILL ST AND S WALKER ST,,,1,Property Damage Only Collision,Other,1,0,0,1,2004/02/17 00:00:00+00,2/17/2004 1:54:00 AM,Mid-Block (not related to intersection),28,MOTOR VEHICLE RAN OFF ROAD - HIT FIXED OBJECT,,0,Overcast,Wet,Dark - Street Lights On,,4048007.0,,50,Fixed object,0,0,N
8094,1,-122.33618659999999,47.66086041,10087,24656,24656,C649365,Matched,Block,,WALLINGFORD AVE N BETWEEN N 44TH ST AND N 45TH ST,,,1,Property Damage Only Collision,Parked Car,2,0,0,2,2004/11/15 00:00:00+00,11/15/2004 12:01:00 AM,Mid-Block (not related to intersection),0,NOT ENOUGH INFORMATION / NOT APPLICABLE,,0,Clear,Dry,Daylight,,4320059.0,,32,One parked--one moving,0,0,N
8095,2,-122.3609574,47.71963538,10088,24995,24995,1079602,Matched,Intersection,35645.0,3RD AVE NW AND NW 125TH ST,,,2,Injury Collision,Angles,2,0,0,2,2004/07/30 00:00:00+00,7/30/2004 5:32:00 PM,At Intersection (intersection related),11,"MOTOR VEHICLE STRUCK MOTOR VEHICLE, FRONT END AT ANGLE",,0,Clear,Dry,Daylight,,4212030.0,,10,Entering at angle,0,0,N
8096,1,-122.3079601,47.67015892,10089,23559,23559,1775916,Matched,Block,,NE RAVENNA EB BV BETWEEN 18TH AVE NE AND NE 56TH ST,,,1,Property Damage Only Collision,Parked Car,2,0,0,2,2004/02/23 00:00:00+00,2/23/2004 2:35:00 PM,Mid-Block (not related to intersection),27,MOTOR VEHICLE RAN OFF ROAD - NO COLLISION,,0,Unknown,Unknown,Unknown,,4054003.0,,32,One parked--one moving,0,0,N
8097,1,-122.304511,47.71662068,10092,24486,24486,1794876,Matched,Block,,23RD AVE NE BETWEEN NE 120TH ST AND NE 123RD ST,,,1,Property Damage Only Collision,Parked Car,2,0,0,2,2004/09/16 00:00:00+00,9/16/2004 9:00:00 PM,Mid-Block (but intersection related),12,"MOTOR VEHICLE STRUCK MOTOR VEHICLE, RIGHT SIDE AT ANGLE",,0,Overcast,Wet,Dark - Street Lights On,,4260003.0,,32,One parked--one moving,0,0,N
8098,1,-122.3472943,47.64717249,10094,23397,23397,1776555,Matched,Block,,AURORA BR BETWEEN RAYE ST AND BRIDGE WAY N,,,1,Property Damage Only Collision,Sideswipe,2,0,0,2,2004/11/04 00:00:00+00,11/4/2004,Mid-Block (not related to intersection),16,"MOTOR VEHICLE STRUCK MOTOR VEHICLE, LEFT SIDE SIDESWIPE",,0,Clear,Dry,Daylight,,4309033.0,,26,From opposite direction - both going straight - sideswipe,0,0,N
8099,2,-122.3171813,47.65984337,10097,24675,24675,1780775,Matched,Block,,NE 43RD ST BETWEEN ROOSEVELT N WAY NE AND 11TH AVE NE,,,2,Injury Collision,Other,1,0,0,1,2004/03/26 00:00:00+00,3/26/2004 1:35:00 AM,Mid-Block (but intersection related),28,MOTOR VEHICLE RAN OFF ROAD - HIT FIXED OBJECT,,0,Clear,Wet,Dark - Street Lights On,,4086001.0,,50,Fixed object,0,0,N
8100,1,-122.33655729999998,47.70050051,10098,25164,25164,1771632,Matched,Block,,WALLINGFORD AVE N BETWEEN N 97TH ST AND N 100TH W ST,,,1,Property Damage Only Collision,Parked Car,2,0,0,2,2004/02/12 00:00:00+00,2/12/2004 9:00:00 AM,Mid-Block (not related to intersection),13,"MOTOR VEHICLE STRUCK MOTOR VEHICLE, LEFT SIDE AT ANGLE",,0,Raining,Wet,Daylight,,4043029.0,,32,One parked--one moving,0,0,N
8101,1,-122.31748950000001,47.68311118,10099,23998,23998,1931209,Matched,Intersection,24431.0,ROOSEVELT WAY NE AND NE 75TH ST,,,1,Property Damage Only Collision,Angles,5,0,0,2,2004/11/11 00:00:00+00,11/11/2004 4:28:00 PM,At Intersection (intersection related),11,"MOTOR VEHICLE STRUCK MOTOR VEHICLE, FRONT END AT ANGLE",,0,Clear,Dry,Dusk,,4316019.0,,10,Entering at angle,0,0,N
8102,1,-122.3327182,47.61694494,10100,24128,24128,1777468,Matched,Intersection,29851.0,BOREN AVE AND STEWART ST,,,1,Property Damage Only Collision,Angles,2,0,0,2,2004/02/29 00:00:00+00,2/29/2004 7:05:00 PM,At Intersection (intersection related),11,"MOTOR VEHICLE STRUCK MOTOR VEHICLE, FRONT END AT ANGLE",,0,Overcast,Dry,Dark - Street Lights On,,4060002.0,,10,Entering at angle,0,0,N
8103,2,-122.2800623,47.53705078,10101,24612,24612,1771402,Matched,Block,,S OTHELLO ST BETWEEN 42ND AVE S AND 43RD AVE S,,,2,Injury Collision,Pedestrian,2,1,0,1,2004/01/29 00:00:00+00,1/29/2004 3:08:00 PM,Mid-Block (not related to intersection),24,MOTOR VEHCILE STRUCK PEDESTRIAN,,0,Raining,Wet,Daylight,,4029008.0,,0,Vehicle going straight hits pedestrian,0,0,N
8104,2,-122.33239520000001,47.55270272,10102,23942,23942,1798265,Matched,Intersection,33175.0,2ND AVE S AND S FINDLAY ST,,,2,Injury Collision,Angles,2,0,0,2,2004/09/29 00:00:00+00,9/29/2004 3:38:00 PM,At Intersection (intersection related),11,"MOTOR VEHICLE STRUCK MOTOR VEHICLE, FRONT END AT ANGLE",,0,Clear,Dry,Daylight,,4273014.0,,10,Entering at angle,0,0,N
8105,1,-122.2780909,47.68155704,10103,24548,24548,C647024,Matched,Block,,NE 73RD ST BETWEEN 46TH AVE NE AND 47TH AVE NE,,,1,Property Damage Only Collision,Parked Car,2,0,0,2,2004/07/31 00:00:00+00,7/31/2004 1:00:00 PM,Mid-Block (not related to intersection),13,"MOTOR VEHICLE STRUCK MOTOR VEHICLE, LEFT SIDE AT ANGLE",,0,Clear,Dry,Unknown,,4213034.0,,32,One parked--one moving,0,0,N
8106,2,-122.3267668,47.61773993,10104,25178,25178,1799056,Matched,Intersection,29176.0,BELLEVUE AVE AND E HOWELL ST,,,2,Injury Collision,Angles,3,0,0,2,2004/09/16 00:00:00+00,9/16/2004 3:16:00 PM,At Intersection (intersection related),11,"MOTOR VEHICLE STRUCK MOTOR VEHICLE, FRONT END AT ANGLE",,0,Raining,Wet,Daylight,,4260030.0,,10,Entering at angle,0,0,N