,SEVERITYCODE,X,Y,OBJECTID,INCKEY,COLDETKEY,REPORTNO,STATUS,ADDRTYPE,INTKEY,LOCATION,EXCEPTRSNCODE,EXCEPTRSNDESC,SEVERITYCODE.1,SEVERITYDESC,COLLISIONTYPE,PERSONCOUNT,PEDCOUNT,PEDCYLCOUNT,VEHCOUNT,INCDATE,INCDTTM,JUNCTIONTYPE,SDOT_COLCODE,SDOT_COLDESC,INATTENTIONIND,UNDERINFL,WEATHER,ROADCOND,LIGHTCOND,PEDROWNOTGRNT,SDOTCOLNUM,SPEEDING,ST_COLCODE,ST_COLDESC,SEGLANEKEY,CROSSWALKKEY,HITPARKEDCAR
8107,1,-122.3421027,47.69054418,10107,24512,24512,1211947,Matched,Block,,N 85TH ST BETWEEN MIDVALE AVE N AND STONE W AVE N,,,1,Property Damage Only Collision,Other,1,0,0,1,2004/10/03 00:00:00+00,10/3/2004,Mid-Block (not related to intersection),28,MOTOR VEHICLE RAN OFF ROAD - HIT FIXED OBJECT,,0,Clear,Dry,Dark - Street Lights On,,4277013.0,,50,Fixed object,0,0,N
8108,2,-122.28074840000002,47.56348655,10108,25145,25145,1687708,Matched,Block,,42ND AVE S BETWEEN S GENESEE ST AND S OREGON ST,,,2,Injury Collision,Other,1,0,0,1,2004/05/28 00:00:00+00,5/28/2004 7:16:00 PM,Mid-Block (but intersection related),28,MOTOR VEHICLE RAN OFF ROAD - HIT FIXED OBJECT,,0,Clear,Dry,Daylight,,4149005.0,,50,Fixed object,0,0,N
8109,1,-122.302769,47.73383869,10109,23571,23571,C649441,Matched,Block,,NE 145TH ST BETWEEN 24TH AVE NE AND 25TH AVE NE,,,1,Property Damage Only Collision,Sideswipe,2,0,0,2,2004/10/27 00:00:00+00,10/27/2004 7:45:00 AM,Mid-Block (not related to intersection),14,"MOTOR VEHICLE STRUCK MOTOR VEHICLE, REAR END",,0,Clear,Dry,Dawn,,4301047.0,,11,From same direction - both going straight - both moving - sideswipe,0,0,N
8110,1,-122.294572,47.71927498,10110,23697,23697,1475607,Matched,Block,,NE 125TH ST BETWEEN LAKE CITY WAY NE AND 32ND AVE NE,,,1,Property Damage Only Collision,Sideswipe,4,0,0,2,2004/05/02 00:00:00+00,5/2/2004,Mid-Block (but intersection related),16,"MOTOR VEHICLE STRUCK MOTOR VEHICLE, LEFT SIDE SIDESWIPE",,0,Clear,Dry,Dusk,,4123002.0,,11,From same direction - both going straight - both moving - sideswipe,0,0,N
8111,1,-122.30461229999999,47.64660623,10112,24343,24343,1789938,Matched,Block,,MONTLAKE BLVD E BETWEEN E SHELBY ST AND MONTLAKE BR,,,1,Property Damage Only Collision,Sideswipe,2,0,0,2,2004/03/23 00:00:00+00,3/23/2004 4:16:00 PM,Mid-Block (not related to intersection),16,"MOTOR VEHICLE STRUCK MOTOR VEHICLE, LEFT SIDE SIDESWIPE",,0,Overcast,Dry,Daylight,,4083002.0,,11,From same direction - both going straight - both moving - sideswipe,0,0,N
8112,1,-122.29676780000001,47.60165615,10113,24268,24268,C629901,Matched,Intersection,30579.0,M L KING JR WAY AND E YESLER WAY,,,1,Property Damage Only Collision,Angles,2,0,0,2,2004/03/24 00:00:00+00,3/24/2004 1:30:00 PM,At Intersection (intersection related),11,"MOTOR VEHICLE STRUCK MOTOR VEHICLE, FRONT END AT ANGLE",,0,Raining,Wet,Daylight,,4084039.0,,10,Entering at angle,0,0,N
8113,1,-122.29902630000001,47.66637696,10114,23247,23247,1794404,Matched,Block,,NE BLAKELEY ST BETWEEN 26TH AVE NE AND 27TH AVE NE,,,1,Property Damage Only Collision,Parked Car,2,0,0,2,2004/10/10 00:00:00+00,10/10/2004 11:30:00 PM,Mid-Block (not related to intersection),14,"MOTOR VEHICLE STRUCK MOTOR VEHICLE, REAR END",Y,0,Clear,Dry,Dark - Street Lights On,,4284002.0,,32,One parked--one moving,0,0,N
8114,1,-122.3567027,47.62545416,10115,24598,24598,1784756,Matched,Intersection,28618.0,QUEEN ANNE AVE N AND ROY ST,,,1,Property Damage Only Collision,Sideswipe,2,0,0,2,2004/09/13 00:00:00+00,9/13/2004 3:10:00 PM,At Intersection (intersection related),16,"MOTOR VEHICLE STRUCK MOTOR VEHICLE, LEFT SIDE SIDESWIPE",,0,Overcast,Dry,Daylight,,4257040.0,,71,Same direction -- both turning right -- both moving -- sideswipe,0,0,N
8115,1,-122.3444939,47.68513228,10116,23937,23937,1782093,Matched,Block,,AURORA AVE N BETWEEN N 77TH ST AND N 78TH ST,,,1,Property Damage Only Collision,Rear Ended,3,0,0,2,2004/10/07 00:00:00+00,10/7/2004,Mid-Block (not related to intersection),14,"MOTOR VEHICLE STRUCK MOTOR VEHICLE, REAR END",,0,Clear,Dry,Daylight,,4281017.0,,13,From same direction - both going straight - both moving - rear-end,0,0,N
8116,1,-122.28679440000002,47.58652727,10117,24382,24382,1771358,Matched,Intersection,30836.0,36TH AVE S AND LAKESIDE AVE S,,,1,Property Damage Only Collision,Left Turn,2,0,0,2,2004/02/08 00:00:00+00,2/8/2004,At Intersection (intersection related),11,"MOTOR VEHICLE STRUCK MOTOR VEHICLE, FRONT END AT ANGLE",,0,Overcast,Wet,Daylight,,4039005.0,,28,From opposite direction - one left turn - one straight,0,0,N
8117,1,-122.30414009999998,47.55883751,10118,25170,25170,1779617,Matched,Block,,BEACON ER AVE S BETWEEN S COLUMBIAN WAY AND S FERDINAND N ST,,,1,Property Damage Only Collision,Left Turn,2,0,0,2,2004/09/21 00:00:00+00,9/21/2004 3:46:00 PM,Driveway Junction,11,"MOTOR VEHICLE STRUCK MOTOR VEHICLE, FRONT END AT ANGLE",,0,Clear,Dry,Daylight,,4265020.0,,15,From same direction - one left turn - one straight,0,0,N
8118,2,,,10120,24133,24133,1481297,Matched,Alley,,,,,2,Injury Collision,Pedestrian,3,1,0,1,2004/03/10 00:00:00+00,3/10/2004 3:46:00 PM,Mid-Block (not related to intersection),24,MOTOR VEHCILE STRUCK PEDESTRIAN,,0,Clear,Dry,Daylight,Y,4070014.0,,3,Vehicle backing hits pedestrian,0,0,N
8119,1,-122.36165109999999,47.62126697,10121,25282,25282,1780816,Matched,Block,,ELLIOTT AVE W BETWEEN W THOMAS N ST AND 4TH AVE W,,,1,Property Damage Only Collision,Parked Car,2,0,0,2,2004/10/10 00:00:00+00,10/10/2004 1:00:00 AM,Mid-Block (not related to intersection),14,"MOTOR VEHICLE STRUCK MOTOR VEHICLE, REAR END",Y,0,Clear,Dry,Dark - Street Lights On,,4284018.0,,32,One parked--one moving,0,0,N
8120,1,-122.31569099999999,47.57297957,10123,23820,23820,1793125,Matched,Block,,S COLUMBIAN EB WAY BETWEEN I5 SB COLLECTOR AND 14TH AVE S,,,1,Property Damage Only Collision,Sideswipe,2,0,0,2,2004/12/30 00:00:00+00,12/30/2004 1:03:00 AM,Mid-Block (not related to intersection),16,"MOTOR VEHICLE STRUCK MOTOR VEHICLE, LEFT SIDE SIDESWIPE",,0,Overcast,Wet,Dark - Street Lights On,,4365001.0,,11,From same direction - both going straight - both moving - sideswipe,0,0,N
8121,1,-122.3544926,47.64254755,10127,24204,24204,1778020,Matched,Block,,WARREN AVE N BETWEEN QUEEN ANNE DR AND RAYE ST,,,1,Property Damage Only Collision,Parked Car,2,0,0,2,2004/04/28 00:00:00+00,4/28/2004 3:05:00 PM,Mid-Block (not related to intersection),16,"MOTOR VEHICLE STRUCK MOTOR VEHICLE, LEFT SIDE SIDESWIPE",,0,Clear,Dry,Daylight,,4119031.0,,32,One parked--one moving,0,0,N
8122,1,-122.35525390000001,47.56947623,10128,24070,24070,1775243,Matched,Block,,WEST MARGINAL WAY SW BETWEEN MARGINAL PL SW AND MARGINAL SB PL SW,,,1,Property Damage Only Collision,Sideswipe,2,0,0,2,2004/04/15 00:00:00+00,4/15/2004 9:31:00 AM,Mid-Block (but intersection related),11,"MOTOR VEHICLE STRUCK MOTOR VEHICLE, FRONT END AT ANGLE",Y,0,Clear,Dry,Daylight,,4106002.0,,11,From same direction - both going straight - both moving - sideswipe,0,0,N
8123,1,-122.3568537,47.71325531,10129,24528,24528,1782700,Matched,Block,,PALATINE AVE N BETWEEN N 115TH ST AND N 117TH ST,,,1,Property Damage Only Collision,Parked Car,2,0,0,2,2004/12/08 00:00:00+00,12/8/2004,Mid-Block (not related to intersection),13,"MOTOR VEHICLE STRUCK MOTOR VEHICLE, LEFT SIDE AT ANGLE",,0,Overcast,Dry,Dark - Street Lights On,,4343006.0,,32,One parked--one moving,0,0,N
8124,1,-122.3257129,47.67981702,10132,23702,23702,1778944,Matched,Intersection,24581.0,EAST GREEN LAKE DR N AND NE RAVENNA EB BV,,,1,Property Damage Only Collision,Rear Ended,2,0,0,2,2004/08/07 00:00:00+00,8/7/2004,At Intersection (intersection related),14,"MOTOR VEHICLE STRUCK MOTOR VEHICLE, REAR END",,0,Clear,Dry,Daylight,,4220014.0,,83,Same direction -- both turning left -- both moving -- rear end,0,0,N
8125,1,-122.33969209999998,47.69688253,10133,24353,24353,1781066,Matched,Block,,ASHWORTH AVE N BETWEEN N 92ND ST AND N 95TH ST,,,1,Property Damage Only Collision,Parked Car,3,0,0,3,2004/03/27 00:00:00+00,3/27/2004 9:11:00 PM,Mid-Block (not related to intersection),13,"MOTOR VEHICLE STRUCK MOTOR VEHICLE, LEFT SIDE AT ANGLE",,1,Raining,Wet,Dark - Street Lights On,,4087016.0,,32,One parked--one moving,0,0,N
8126,2,-122.3872821,47.53871293,10134,24423,24423,1798175,Matched,Block,,CALIFORNIA AVE SW BETWEEN SW ORCHARD ST AND SW OTHELLO N ST,,,2,Injury Collision,Rear Ended,2,0,0,2,2004/09/02 00:00:00+00,9/2/2004,Mid-Block (but intersection related),14,"MOTOR VEHICLE STRUCK MOTOR VEHICLE, REAR END",Y,0,Clear,Dry,Daylight,,4246021.0,,14,From same direction - both going straight - one stopped - rear-end,0,0,N
8127,1,-122.32635549999999,47.60045148,10135,23548,23548,1213753,Matched,Block,,6TH AVE S BETWEEN S WASHINGTON ST AND S MAIN ST,,,1,Property Damage Only Collision,Other,1,0,0,1,2004/03/20 00:00:00+00,3/20/2004 7:15:00 AM,Mid-Block (not related to intersection),28,MOTOR VEHICLE RAN OFF ROAD - HIT FIXED OBJECT,,0,Clear,Dry,Dawn,,4080001.0,,50,Fixed object,0,0,N
8128,1,-122.3015708,47.63490862,10136,24473,24473,1216652,Matched,Block,,24TH AVE E BETWEEN E INTERLAKEN BLVD AND BOYER AVE E,,,1,Property Damage Only Collision,Other,2,0,0,1,2004/06/15 00:00:00+00,6/15/2004 2:39:00 AM,Mid-Block (not related to intersection),28,MOTOR VEHICLE RAN OFF ROAD - HIT FIXED OBJECT,,0,Unknown,Dry,Dark - Street Lights On,,4167005.0,,50,Fixed object,0,0,N
8129,1,-122.37222859999999,47.57326575,10137,23954,23954,1798384,Matched,Block,,31ST AVE SW BETWEEN SW CITY VIEW ST AND SW HINDS ST,,,1,Property Damage Only Collision,Parked Car,2,0,0,2,2004/08/16 00:00:00+00,8/16/2004 1:00:00 AM,Mid-Block (not related to intersection),12,"MOTOR VEHICLE STRUCK MOTOR VEHICLE, RIGHT SIDE AT ANGLE",,0,Clear,Dry,Dark - Street Lights On,,4229022.0,,32,One parked--one moving,0,0,N
8130,1,-122.30761809999998,47.60860368,10139,25384,25384,1180737,Matched,Block,,19TH AVE BETWEEN E CHERRY ST AND E COLUMBIA ST,,,1,Property Damage Only Collision,Parked Car,2,0,0,2,2004/04/28 00:00:00+00,4/28/2004 4:00:00 AM,Mid-Block (not related to intersection),11,"MOTOR VEHICLE STRUCK MOTOR VEHICLE, FRONT END AT ANGLE",,0,Clear,Wet,Dark - Street Lights On,,4119026.0,,32,One parked--one moving,0,0,N
8131,1,-122.2750406,47.67577233,10140,23873,23873,1329521,Matched,Block,,NE 65TH ST BETWEEN 49TH AVE NE AND 50TH N AVE NE,,,1,Property Damage Only Collision,Parked Car,2,0,0,2,2004/04/03 00:00:00+00,4/3/2004,Mid-Block (not related to intersection),14,"MOTOR VEHICLE STRUCK MOTOR VEHICLE, REAR END",,0,Clear,Dry,Unknown,,4094007.0,,32,One parked--one moving,0,0,N
8132,2,-122.30183259999998,47.61966817,10146,24117,24117,1477836,Matched,Block,,E MADISON ST BETWEEN 23RD AVE E AND 24TH AVE E,,,2,Injury Collision,Rear Ended,2,0,0,2,2004/08/19 00:00:00+00,8/19/2004 12:55:00 PM,Mid-Block (but intersection related),14,"MOTOR VEHICLE STRUCK MOTOR VEHICLE, REAR END",Y,0,Clear,Dry,Daylight,,4232027.0,,14,From same direction - both going straight - one stopped - rear-end,0,0,N
8133,1,-122.30111770000002,47.62016556,10147,24222,24222,C649401,Matched,Intersection,29283.0,24TH AVE E AND E MADISON ST,,,1,Property Damage Only Collision,Angles,2,0,0,2,2004/11/17 00:00:00+00,11/17/2004 7:30:00 AM,At Intersection (intersection related),15,"MOTOR VEHICLE STRUCK MOTOR VEHICLE, RIGHT SIDE SIDESWIPE",,0,Clear,Dry,Daylight,,4322047.0,,10,Entering at angle,0,0,N
8134,1,,,10148,24781,24781,1071236,Matched,,,,NEI,"Not Enough Information, or Insufficient Location Information",1,Property Damage Only Collision,Parked Car,2,0,0,2,2004/04/25 00:00:00+00,4/25/2004 7:59:00 PM,,0,NOT ENOUGH INFORMATION / NOT APPLICABLE,Y,0,Clear,Dry,Dusk,,4116017.0,,32,One parked--one moving,0,0,N
8135,2,-122.28709479999999,47.551232299999995,10150,23406,23406,1771698,Matched,Block,,S ORCAS ST BETWEEN M L KING JR ER WAY S AND 37TH AVE S,,,2,Injury Collision,Rear Ended,2,0,0,2,2004/05/05 00:00:00+00,5/5/2004,Mid-Block (but intersection related),14,"MOTOR VEHICLE STRUCK MOTOR VEHICLE, REAR END",,0,Clear,Dry,Daylight,,4126013.0,,13,From same direction - both going straight - both moving - rear-end,0,0,N
8136,1,-122.3323864,47.55341508,10152,23950,23950,1781532,Matched,Intersection,33174.0,2ND AVE S AND S LUCILE ST,,,1,Property Damage Only Collision,Angles,2,0,0,2,2004/03/15 00:00:00+00,3/15/2004 5:54:00 PM,At Intersection (intersection related),11,"MOTOR VEHICLE STRUCK MOTOR VEHICLE, FRONT END AT ANGLE",,0,Overcast,Dry,Dusk,,4075021.0,,10,Entering at angle,0,0,N
8137,2,-122.30825290000001,47.57192408,10153,24383,24383,1771403,Matched,Intersection,32536.0,BEACON AVE S AND S SPOKANE ST,,,2,Injury Collision,Left Turn,2,0,0,2,2004/02/03 00:00:00+00,2/3/2004,At Intersection (intersection related),11,"MOTOR VEHICLE STRUCK MOTOR VEHICLE, FRONT END AT ANGLE",,0,Clear,Dry,Dark - Street Lights On,,4034010.0,,28,From opposite direction - one left turn - one straight,0,0,N
8138,2,-122.31200290000001,47.71940797,10154,25175,25175,1794281,Matched,Block,,NE 125TH ST BETWEEN 15TH AVE NE AND 16TH AVE NE,,,2,Injury Collision,Rear Ended,2,0,0,2,2004/05/29 00:00:00+00,5/29/2004 11:20:00 PM,Mid-Block (not related to intersection),14,"MOTOR VEHICLE STRUCK MOTOR VEHICLE, REAR END",Y,1,Raining,Wet,Dark - Street Lights On,,4150010.0,,13,From same direction - both going straight - both moving - rear-end,0,0,N
8139,1,-122.4106863,47.577741700000004,10155,24007,24007,1788804,Matched,Intersection,30974.0,61ST AVE SW AND SW STEVENS ST,,,1,Property Damage Only Collision,Sideswipe,3,0,0,2,2004/08/15 00:00:00+00,8/15/2004 7:42:00 PM,At Intersection (intersection related),16,"MOTOR VEHICLE STRUCK MOTOR VEHICLE, LEFT SIDE SIDESWIPE",Y,0,Clear,Dry,Daylight,,4228030.0,,11,From same direction - both going straight - both moving - sideswipe,0,0,N
8140,1,-122.2948275,47.62250558,10156,24580,24580,1789514,Matched,Intersection,29260.0,29TH AVE E AND E HARRISON ST,,,1,Property Damage Only Collision,Angles,3,0,0,2,2004/03/14 00:00:00+00,3/14/2004 3:11:00 PM,At Intersection (intersection related),11,"MOTOR VEHICLE STRUCK MOTOR VEHICLE, FRONT END AT ANGLE",,0,Clear,Dry,Daylight,,4074019.0,,10,Entering at angle,0,0,N
8141,2,-122.28815890000001,47.58018411,10157,24514,24514,1773305,Matched,Block,,LAKE PARK DR S BETWEEN SHORELAND DR S AND S MCCLELLAN ST,,,2,Injury Collision,Other,1,0,0,1,2004/09/10 00:00:00+00,9/10/2004 12:19:00 AM,Mid-Block (not related to intersection),28,MOTOR VEHICLE RAN OFF ROAD - HIT FIXED OBJECT,,0,Clear,Dry,Dark - Street Lights On,,4254004.0,,50,Fixed object,0,0,N
8142,2,-122.24940649999999,47.51244954,10158,25138,25138,1771479,Matched,Block,,RAINIER AVE S BETWEEN S COOPER ST AND 68TH AVE S,,,2,Injury Collision,Sideswipe,2,0,0,2,2004/03/20 00:00:00+00,3/20/2004 9:46:00 AM,Driveway Junction,11,"MOTOR VEHICLE STRUCK MOTOR VEHICLE, FRONT END AT ANGLE",,0,Clear,Dry,Daylight,,4080017.0,,11,From same direction - both going straight - both moving - sideswipe,0,0,N
8143,2,-122.28337579999999,47.54787393,10160,23966,23966,1779598,Matched,Block,,39TH AVE S BETWEEN S JUNEAU ST AND S GRAHAM ST,,,2,Injury Collision,Parked Car,5,0,0,3,2004/03/19 00:00:00+00,3/19/2004 1:50:00 PM,Mid-Block (not related to intersection),11,"MOTOR VEHICLE STRUCK MOTOR VEHICLE, FRONT END AT ANGLE",,0,Clear,Dry,Daylight,,4079010.0,,20,One car leaving parked position,0,0,N
8144,1,-122.34278490000001,47.6483511,10161,23754,23754,1080097,Matched,Block,,STONE WAY N BETWEEN N NORTHLAKE WAY AND N 34TH ST,,,1,Property Damage Only Collision,Right Turn,2,0,0,2,2004/10/10 00:00:00+00,10/10/2004 3:20:00 PM,Mid-Block (but intersection related),15,"MOTOR VEHICLE STRUCK MOTOR VEHICLE, RIGHT SIDE SIDESWIPE",Y,0,Clear,Dry,Daylight,,4284020.0,,16,From same direction - one right turn - one straight,0,0,N
8145,1,-122.34654420000001,47.72139489,10162,24482,24482,1780144,Matched,Block,,N 127TH ST BETWEEN DEAD END 2 AND AURORA AVE N,,,1,Property Damage Only Collision,Parked Car,2,0,0,2,2004/02/20 00:00:00+00,2/20/2004 9:30:00 AM,Driveway Junction,13,"MOTOR VEHICLE STRUCK MOTOR VEHICLE, LEFT SIDE AT ANGLE",,0,Unknown,Unknown,Unknown,,4051013.0,,32,One parked--one moving,0,0,N
8146,1,-122.35545309999999,47.61860207,10163,24269,24269,1213389,Matched,Intersection,29717.0,1ST AVE AND DENNY WAY,,,1,Property Damage Only Collision,Sideswipe,2,0,0,2,2004/05/10 00:00:00+00,5/10/2004 12:50:00 PM,At Intersection (but not related to intersection),11,"MOTOR VEHICLE STRUCK MOTOR VEHICLE, FRONT END AT ANGLE",,0,Raining,Wet,Daylight,,4131046.0,,11,From same direction - both going straight - both moving - sideswipe,0,0,N
8147,2,-122.37076270000001,47.66642607,10164,23244,23244,1794137,Matched,Intersection,25435.0,11TH AVE NW AND NW 52ND ST,,,2,Injury Collision,Angles,2,0,0,2,2004/10/01 00:00:00+00,10/1/2004,At Intersection (intersection related),11,"MOTOR VEHICLE STRUCK MOTOR VEHICLE, FRONT END AT ANGLE",,0,Clear,Dry,Daylight,,4275010.0,,10,Entering at angle,0,0,N
8148,2,-122.3121789,47.65413544,10165,23773,23773,1930855,Matched,Block,,15TH AVE NE BETWEEN NE PACIFIC ST AND NE 40TH ST,,,2,Injury Collision,Head On,2,0,0,2,2004/11/28 00:00:00+00,11/28/2004 2:21:00 PM,Driveway Junction,11,"MOTOR VEHICLE STRUCK MOTOR VEHICLE, FRONT END AT ANGLE",,0,Clear,Dry,Daylight,,4333007.0,,30,From opposite direction - all others,0,0,N
8149,1,-122.29633989999999,47.7174074,10166,24211,24211,1794781,Matched,Intersection,36612.0,LAKE CITY WAY NE AND NE 123RD ST,,,1,Property Damage Only Collision,Angles,2,0,0,2,2004/12/02 00:00:00+00,12/2/2004,At Intersection (intersection related),11,"MOTOR VEHICLE STRUCK MOTOR VEHICLE, FRONT END AT ANGLE",,0,Clear,Dry,Dark - Street Lights On,,4337027.0,,10,Entering at angle,0,0,N
8150,1,-122.31409529999999,47.73396447,10167,24530,24530,1804247,Matched,Block,,NE 145TH ST BETWEEN 12TH AVE NE AND 15TH AVE NE,,,1,Property Damage Only Collision,Rear Ended,3,0,0,2,2004/10/28 00:00:00+00,10/28/2004 5:00:00 AM,Mid-Block (but intersection related),14,"MOTOR VEHICLE STRUCK MOTOR VEHICLE, REAR END",Y,0,Overcast,Dry,Dark - Street Lights On,,4302001.0,Y,14,From same direction - both going straight - one stopped - rear-end,0,0,N
8151,2,-122.37888429999998,47.66867103,10168,25340,25340,1773837,Matched,Intersection,25150.0,17TH AVE NW AND NW MARKET ST,,,2,Injury Collision,Left Turn,2,0,0,2,2004/03/23 00:00:00+00,3/23/2004 5:12:00 PM,At Intersection (intersection related),11,"MOTOR VEHICLE STRUCK MOTOR VEHICLE, FRONT END AT ANGLE",,0,Raining,Wet,Daylight,,4083010.0,,28,From opposite direction - one left turn - one straight,0,0,N
8152,1,-122.35000320000002,47.69827518,10170,24722,24722,1212214,Matched,Block,,FREMONT AVE N BETWEEN N 95TH ST AND N 96TH ST,,,1,Property Damage Only Collision,Parked Car,2,0,0,2,2004/04/18 00:00:00+00,4/18/2004 11:37:00 PM,Mid-Block (not related to intersection),15,"MOTOR VEHICLE STRUCK MOTOR VEHICLE, RIGHT SIDE SIDESWIPE",,0,Overcast,Wet,Dark - Street Lights On,,4109010.0,,32,One parked--one moving,0,0,N
8153,1,-122.32905919999999,47.57438405,10172,24625,24625,1213633,Matched,Intersection,32329.0,4TH AVE S AND S HORTON ST,,,1,Property Damage Only Collision,Left Turn,3,0,0,2,2004/10/01 00:00:00+00,10/1/2004,At Intersection (intersection related),11,"MOTOR VEHICLE STRUCK MOTOR VEHICLE, FRONT END AT ANGLE",,0,Clear,Dry,Daylight,,4275031.0,,28,From opposite direction - one left turn - one straight,0,0,N
8154,1,-122.3099847,47.72845001,10174,24401,24401,C632102,Matched,Intersection,36094.0,17TH AVE NE AND NE 137TH ST,,,1,Property Damage Only Collision,Angles,2,0,0,2,2004/04/20 00:00:00+00,4/20/2004 5:25:00 PM,At Intersection (intersection related),11,"MOTOR VEHICLE STRUCK MOTOR VEHICLE, FRONT END AT ANGLE",,0,Clear,Dry,Daylight,,4111033.0,,10,Entering at angle,0,0,N
8155,1,-122.364673,47.69353105,10175,24192,24192,1687711,Matched,Block,,NW 89TH ST BETWEEN 6TH AVE NW AND 8TH AVE NW,,,1,Property Damage Only Collision,Parked Car,3,0,0,3,2004/09/06 00:00:00+00,9/6/2004,Mid-Block (not related to intersection),13,"MOTOR VEHICLE STRUCK MOTOR VEHICLE, LEFT SIDE AT ANGLE",,0,Clear,Dry,Dark - Street Lights On,,4250022.0,,32,One parked--one moving,0,0,N
8156,1,-122.3566571,47.63352973,10176,24305,24305,1777611,Matched,Block,,GARFIELD ST BETWEEN QUEEN ANNE AVE N AND GALER PL N,,,1,Property Damage Only Collision,Parked Car,2,0,0,2,2004/05/01 00:00:00+00,5/1/2004,Mid-Block (but intersection related),14,"MOTOR VEHICLE STRUCK MOTOR VEHICLE, REAR END",,0,Clear,Dry,Daylight,,4122018.0,,32,One parked--one moving,0,0,N
8157,1,-122.25120859999998,47.5072808,10178,24076,24076,1773308,Matched,Block,,66TH AVE S BETWEEN S PRENTICE ST AND S BANGOR ST,,,1,Property Damage Only Collision,Parked Car,2,0,0,2,2004/10/04 00:00:00+00,10/4/2004,Mid-Block (not related to intersection),16,"MOTOR VEHICLE STRUCK MOTOR VEHICLE, LEFT SIDE SIDESWIPE",,0,Clear,Dry,Dark - Street Lights Off,,4278019.0,,32,One parked--one moving,0,0,N
8158,1,-122.30063510000001,47.67668215,10179,24366,24366,1220255,Matched,Block,,25TH AVE NE BETWEEN NE 65TH ST AND NE 68TH ST,,,1,Property Damage Only Collision,Right Turn,3,0,0,2,2004/09/24 00:00:00+00,9/24/2004 7:15:00 AM,Mid-Block (but intersection related),16,"MOTOR VEHICLE STRUCK MOTOR VEHICLE, LEFT SIDE SIDESWIPE",Y,0,Fog/Smog/Smoke,Dry,Daylight,,4268044.0,,16,From same direction - one right turn - one straight,0,0,N
8159,1,-122.3355271,47.6174338,10180,25017,25017,1181688,Matched,Block,,TERRY AVE BETWEEN VIRGINIA ST AND LENORA ST,,,1,Property Damage Only Collision,Parked Car,2,0,0,2,2004/03/18 00:00:00+00,3/18/2004 7:50:00 AM,Mid-Block (not related to intersection),12,"MOTOR VEHICLE STRUCK MOTOR VEHICLE, RIGHT SIDE AT ANGLE",,0,Clear,Wet,Unknown,,4078021.0,,32,One parked--one moving,0,0,N
8160,1,-122.3104989,47.56165254,10181,23284,23284,1771923,Matched,Intersection,32547.0,S COLUMBIAN WAY AND S SNOQUALMIE ST,,,1,Property Damage Only Collision,Angles,3,0,0,2,2004/12/04 00:00:00+00,12/4/2004,At Intersection (intersection related),11,"MOTOR VEHICLE STRUCK MOTOR VEHICLE, FRONT END AT ANGLE",,0,Raining,Wet,Dark - Street Lights On,,4339014.0,,10,Entering at angle,0,0,N
8161,1,-122.32644429999999,47.61076544,10182,23706,23706,1789740,Matched,Intersection,29907.0,BOREN AVE AND SENECA ST,,,1,Property Damage Only Collision,Angles,2,0,0,2,2004/01/18 00:00:00+00,1/18/2004 10:00:00 AM,At Intersection (intersection related),11,"MOTOR VEHICLE STRUCK MOTOR VEHICLE, FRONT END AT ANGLE",,0,Raining,Wet,Daylight,,4018015.0,,10,Entering at angle,0,0,N
8162,1,-122.40943500000002,47.64028094,10183,23760,23760,1097206,Matched,Intersection,27486.0,W PARKMONT PL AND WEST VIEWMONT WAY W,,,1,Property Damage Only Collision,Angles,2,0,0,2,2004/08/13 00:00:00+00,8/13/2004 9:40:00 AM,At Intersection (intersection related),11,"MOTOR VEHICLE STRUCK MOTOR VEHICLE, FRONT END AT ANGLE",,0,Clear,Dry,Daylight,,4226010.0,,10,Entering at angle,0,0,N
8163,2,-122.34326229999999,47.61145276,10184,24644,24644,1778013,Matched,Block,,1ST AVE BETWEEN VIRGINIA ST AND LENORA ST,,,2,Injury Collision,Rear Ended,5,0,0,2,2004/01/31 00:00:00+00,1/31/2004 1:58:00 AM,Mid-Block (but intersection related),14,"MOTOR VEHICLE STRUCK MOTOR VEHICLE, REAR END",Y,0,Clear,Dry,Dark - Street Lights On,,4031042.0,,14,From same direction - both going straight - one stopped - rear-end,0,0,N
8164,2,-122.3472696,47.67733183,10185,24281,24281,C649449,Matched,Block,,LINDEN AVE N BETWEEN WOODLAND N PL N AND N 67TH ST,,,2,Injury Collision,Rear Ended,2,0,0,2,2004/10/29 00:00:00+00,10/29/2004 11:15:00 AM,Mid-Block (but intersection related),14,"MOTOR VEHICLE STRUCK MOTOR VEHICLE, REAR END",,0,Clear,Dry,Daylight,,4303044.0,,14,From same direction - both going straight - one stopped - rear-end,0,0,N
8165,2,-122.29400559999999,47.5729186,10186,24464,24464,1772802,Matched,Intersection,32416.0,RAINIER AVE S AND S WALDEN ST,,,2,Injury Collision,Angles,6,0,0,2,2004/05/07 00:00:00+00,5/7/2004,At Intersection (intersection related),11,"MOTOR VEHICLE STRUCK MOTOR VEHICLE, FRONT END AT ANGLE",,0,Clear,Dry,Daylight,,4128032.0,,10,Entering at angle,0,0,N
8166,1,-122.33003400000001,47.62686964,10187,23955,23955,1789535,Matched,Block,,ALOHA ST BETWEEN YALE AVE N AND EASTLAKE AVE E,,,1,Property Damage Only Collision,Other,2,0,0,2,2004/04/27 00:00:00+00,4/27/2004 8:45:00 AM,Driveway Junction,11,"MOTOR VEHICLE STRUCK MOTOR VEHICLE, FRONT END AT ANGLE",,0,Clear,Dry,Daylight,,4118032.0,,22,One car leaving driveway access,0,0,N