,SEVERITYCODE,X,Y,OBJECTID,INCKEY,COLDETKEY,REPORTNO,STATUS,ADDRTYPE,INTKEY,LOCATION,EXCEPTRSNCODE,EXCEPTRSNDESC,SEVERITYCODE.1,SEVERITYDESC,COLLISIONTYPE,PERSONCOUNT,PEDCOUNT,PEDCYLCOUNT,VEHCOUNT,INCDATE,INCDTTM,JUNCTIONTYPE,SDOT_COLCODE,SDOT_COLDESC,INATTENTIONIND,UNDERINFL,WEATHER,ROADCOND,LIGHTCOND,PEDROWNOTGRNT,SDOTCOLNUM,SPEEDING,ST_COLCODE,ST_COLDESC,SEGLANEKEY,CROSSWALKKEY,HITPARKEDCAR
8167,2,-122.3357264,47.61461920000001,10188,23268,23268,1482325,Matched,Block,,STEWART ST BETWEEN 7TH AVE AND 8TH AVE,,,2,Injury Collision,Cycles,2,0,1,1,2004/08/05 00:00:00+00,8/5/2004,Driveway Junction,18,"MOTOR VEHICLE STRUCK PEDALCYCLIST, FRONT END AT ANGLE",,0,Overcast,Wet,Daylight,Y,4218004.0,,45,Vehicle - Pedalcyclist,0,0,N
8168,2,-122.34356890000001,47.61804937,10189,24480,24480,1181740,Matched,Block,,BOREALIS AVE BETWEEN BATTERY ST AND DENNY WAY,,,2,Injury Collision,Rear Ended,4,0,0,2,2004/07/05 00:00:00+00,7/5/2004,Mid-Block (but intersection related),14,"MOTOR VEHICLE STRUCK MOTOR VEHICLE, REAR END",,0,Clear,Dry,Dark - Street Lights On,,4187025.0,,14,From same direction - both going straight - one stopped - rear-end,0,0,N
8169,1,-122.3444858,47.68246097,10190,23887,23887,1782366,Matched,Block,,AURORA AVE N BETWEEN KEEN WAY N AND WINONA AVE N,,,1,Property Damage Only Collision,Rear Ended,3,0,0,3,2004/06/17 00:00:00+00,6/17/2004 4:49:00 PM,Mid-Block (not related to intersection),14,"MOTOR VEHICLE STRUCK MOTOR VEHICLE, REAR END",,0,Clear,Dry,Daylight,,4169003.0,,13,From same direction - both going straight - both moving - rear-end,0,0,N
8170,1,-122.3141483,47.608630600000005,10191,24550,24550,1217168,Matched,Block,,14TH AVE BETWEEN E CHERRY ST AND E COLUMBIA ST,,,1,Property Damage Only Collision,Parked Car,2,0,0,2,2004/11/21 00:00:00+00,11/21/2004 11:00:00 PM,Mid-Block (not related to intersection),16,"MOTOR VEHICLE STRUCK MOTOR VEHICLE, LEFT SIDE SIDESWIPE",,0,Unknown,Unknown,Unknown,,4326003.0,,32,One parked--one moving,0,0,N
8171,1,-122.3450853,47.73306346,10192,24190,24190,1079917,Matched,Block,,AURORA AVE N BETWEEN N 143RD ST AND ROOSEVELT WAY N,,,1,Property Damage Only Collision,Other,2,0,0,2,2004/08/26 00:00:00+00,8/26/2004 11:27:00 AM,Driveway Junction,11,"MOTOR VEHICLE STRUCK MOTOR VEHICLE, FRONT END AT ANGLE",,0,Overcast,Dry,Daylight,,4239028.0,,21,One car entering driveway access,0,0,N
8172,2,-122.3441233,47.61079035,10194,23792,23792,1482360,Matched,Block,,WESTERN AVE BETWEEN VIRGINIA ST AND LENORA ST,,,2,Injury Collision,Rear Ended,2,0,0,2,2004/03/18 00:00:00+00,3/18/2004 1:59:00 AM,Mid-Block (but intersection related),14,"MOTOR VEHICLE STRUCK MOTOR VEHICLE, REAR END",,0,Overcast,Dry,Dark - Street Lights On,,4078004.0,,14,From same direction - both going straight - one stopped - rear-end,0,0,N
8173,1,-122.3472071,47.69057079,10195,24375,24375,1773969,Matched,Intersection,37466.0,LINDEN AVE N AND N 85TH ST,,,1,Property Damage Only Collision,Left Turn,3,0,0,2,2004/07/17 00:00:00+00,7/17/2004 1:58:00 PM,At Intersection (intersection related),11,"MOTOR VEHICLE STRUCK MOTOR VEHICLE, FRONT END AT ANGLE",,0,Clear,Dry,Daylight,,4199052.0,,28,From opposite direction - one left turn - one straight,0,0,N
8174,1,-122.39150459999999,47.6709205,10196,25306,25306,1773635,Matched,Block,,NW 58TH ST BETWEEN 26TH AVE NW AND 28TH AVE NW,,,1,Property Damage Only Collision,Parked Car,2,0,0,2,2004/03/02 00:00:00+00,3/2/2004,Mid-Block (not related to intersection),15,"MOTOR VEHICLE STRUCK MOTOR VEHICLE, RIGHT SIDE SIDESWIPE",Y,0,Clear,Dry,Daylight,,4062023.0,,32,One parked--one moving,0,0,N
8175,1,-122.34303159999999,47.65918712,10197,23848,23848,1079802,Matched,Block,,N 43RD ST BETWEEN MIDVALE AVE N AND STONE WAY N,,,1,Property Damage Only Collision,Parked Car,2,0,0,2,2004/07/01 00:00:00+00,7/1/2004,Mid-Block (not related to intersection),12,"MOTOR VEHICLE STRUCK MOTOR VEHICLE, RIGHT SIDE AT ANGLE",,0,Clear,Dry,Daylight,,4183005.0,,32,One parked--one moving,0,0,N
8176,1,-122.3127241,47.73212583,10198,23980,23980,1782259,Matched,Intersection,35855.0,15TH AVE NE AND NE 143RD ST,,,1,Property Damage Only Collision,Left Turn,3,0,0,2,2004/08/18 00:00:00+00,8/18/2004 4:25:00 PM,At Intersection (intersection related),11,"MOTOR VEHICLE STRUCK MOTOR VEHICLE, FRONT END AT ANGLE",,0,Clear,Dry,Daylight,,4231016.0,,28,From opposite direction - one left turn - one straight,0,0,N
8177,2,-122.31887379999999,47.62197703,10199,24502,24502,1772380,Matched,Intersection,29026.0,FEDERAL AVE E AND E HARRISON ST,,,2,Injury Collision,Cycles,4,0,1,1,2004/05/01 00:00:00+00,5/1/2004,At Intersection (intersection related),51,PEDALCYCLIST STRUCK MOTOR VEHICLE FRONT END AT ANGLE,,0,Clear,Dry,Daylight,,4122034.0,,45,Vehicle - Pedalcyclist,0,0,N
8178,1,-122.317819,47.656889299999996,10200,24993,24993,1794636,Matched,Intersection,27100.0,ROOSEVELT WAY NE AND NE 41ST ST,,,1,Property Damage Only Collision,Left Turn,5,0,0,2,2004/10/14 00:00:00+00,10/14/2004 4:22:00 PM,At Intersection (intersection related),11,"MOTOR VEHICLE STRUCK MOTOR VEHICLE, FRONT END AT ANGLE",,0,Clear,Dry,Daylight,,4288025.0,,15,From same direction - one left turn - one straight,0,0,N
8179,2,-122.2721868,47.54158539,10202,24106,24106,1783910,Matched,Block,,RAINIER AVE S BETWEEN S HOLLY ST AND S WILLOW ST,,,2,Injury Collision,Head On,5,0,0,2,2004/11/15 00:00:00+00,11/15/2004 9:35:00 AM,Mid-Block (not related to intersection),11,"MOTOR VEHICLE STRUCK MOTOR VEHICLE, FRONT END AT ANGLE",,0,Raining,Wet,Daylight,,4320028.0,,30,From opposite direction - all others,0,0,N
8180,1,-122.2973179,47.6016573,10203,24247,24247,1772061,Matched,Block,,E YESLER WAY BETWEEN 27TH AVE AND M L KING JR WAY,,,1,Property Damage Only Collision,Parked Car,2,0,0,2,2004/04/19 00:00:00+00,4/19/2004 5:50:00 PM,Mid-Block (not related to intersection),13,"MOTOR VEHICLE STRUCK MOTOR VEHICLE, LEFT SIDE AT ANGLE",Y,0,Clear,Dry,Daylight,,4110038.0,,32,One parked--one moving,0,0,N
8181,1,-122.3045906,47.64824143,10204,23879,23879,1635256,Matched,Block,,MONTLAKE BR BETWEEN POINT A AND NE PACIFIC ST,,,1,Property Damage Only Collision,Other,1,0,0,1,2004/05/31 00:00:00+00,5/31/2004 1:40:00 PM,Mid-Block (not related to intersection),28,MOTOR VEHICLE RAN OFF ROAD - HIT FIXED OBJECT,,0,Unknown,Unknown,Unknown,,4152021.0,,50,Fixed object,0,0,N
8182,1,-122.3404521,47.61096395,10206,24180,24180,1316645,Matched,Intersection,29581.0,2ND AVE AND STEWART ST,,,1,Property Damage Only Collision,Sideswipe,4,0,0,2,2004/06/28 00:00:00+00,6/28/2004 3:36:00 PM,At Intersection (intersection related),11,"MOTOR VEHICLE STRUCK MOTOR VEHICLE, FRONT END AT ANGLE",,0,Clear,Dry,Daylight,,4180029.0,,81,Same direction -- both turning left -- both moving -- sideswipe,0,0,N
8183,1,-122.3161208,47.60805605,10207,24525,24525,1788763,Matched,Block,,E CHERRY ST BETWEEN 12TH AVE AND 13TH AVE,,,1,Property Damage Only Collision,Other,2,0,0,2,2004/01/27 00:00:00+00,1/27/2004 4:53:00 PM,Driveway Junction,11,"MOTOR VEHICLE STRUCK MOTOR VEHICLE, FRONT END AT ANGLE",,0,Clear,Dry,Dark - Street Lights On,,4027015.0,,22,One car leaving driveway access,0,0,N
8184,1,-122.37618229999998,47.4994904,10208,25006,25006,1481834,Matched,Block,,35TH AVE SW BETWEEN 37TH AVE SW AND MARINE VIEW DR SW,,,1,Property Damage Only Collision,Parked Car,2,0,0,2,2004/03/01 00:00:00+00,3/1/2004,Mid-Block (but intersection related),14,"MOTOR VEHICLE STRUCK MOTOR VEHICLE, REAR END",,0,Clear,Dry,Dark - Street Lights On,,4061024.0,Y,32,One parked--one moving,0,0,N
8185,1,-122.3008869,47.66326618,10209,23425,23425,1780445,Matched,Intersection,25960.0,25TH AVE NE AND NE 47TH ST,,,1,Property Damage Only Collision,Sideswipe,2,0,0,2,2004/07/21 00:00:00+00,7/21/2004 10:02:00 AM,At Intersection (intersection related),11,"MOTOR VEHICLE STRUCK MOTOR VEHICLE, FRONT END AT ANGLE",,0,Clear,Dry,Daylight,,4203035.0,,71,Same direction -- both turning right -- both moving -- sideswipe,0,0,N
8186,1,-122.30880400000001,47.57606599,10210,23835,23835,1771837,Matched,Block,,18TH AVE S BETWEEN S STEVENS ST AND S HANFORD ST,,,1,Property Damage Only Collision,Parked Car,3,0,0,3,2004/07/14 00:00:00+00,7/14/2004 12:17:00 AM,Mid-Block (not related to intersection),16,"MOTOR VEHICLE STRUCK MOTOR VEHICLE, LEFT SIDE SIDESWIPE",,0,Clear,Dry,Dark - Street Lights On,,4196041.0,,32,One parked--one moving,0,0,N
8187,1,,,10211,24050,24050,1783702,Matched,,,,NEI,"Not Enough Information, or Insufficient Location Information",1,Property Damage Only Collision,Parked Car,2,0,0,2,2004/08/01 00:00:00+00,8/1/2004,Mid-Block (not related to intersection),11,"MOTOR VEHICLE STRUCK MOTOR VEHICLE, FRONT END AT ANGLE",,0,Clear,Dry,Dark - Street Lights On,,4214009.0,,32,One parked--one moving,0,0,N
8188,1,-122.3875765,47.66867869,10212,24491,24491,C628396,Matched,Intersection,25143.0,24TH AVE NW AND NW MARKET ST,,,1,Property Damage Only Collision,Left Turn,2,0,0,2,2004/01/30 00:00:00+00,1/30/2004 7:00:00 PM,At Intersection (intersection related),11,"MOTOR VEHICLE STRUCK MOTOR VEHICLE, FRONT END AT ANGLE",,0,Overcast,Dry,Dark - Street Lights On,,4030040.0,,29,From opposite direction - one left turn - one right turn,0,0,N
8189,2,-122.38310859999999,47.54753546,10215,24456,24456,1781756,Matched,Block,,FAUNTLEROY WAY SW BETWEEN SW RAYMOND ST AND SW GRAHAM ST,,,2,Injury Collision,Rear Ended,2,0,0,2,2004/01/21 00:00:00+00,1/21/2004 3:27:00 PM,Mid-Block (but intersection related),14,"MOTOR VEHICLE STRUCK MOTOR VEHICLE, REAR END",,0,Clear,Dry,Daylight,,4021010.0,,14,From same direction - both going straight - one stopped - rear-end,0,0,N
8190,1,-122.3396693,47.66503451,10216,23807,23807,1205252,Matched,Block,,N 50TH ST BETWEEN GREEN LAKE WAY N AND WOODLAWN W AVE N,,,1,Property Damage Only Collision,Rear Ended,2,0,0,2,2004/05/15 00:00:00+00,5/15/2004 9:30:00 PM,Mid-Block (but intersection related),14,"MOTOR VEHICLE STRUCK MOTOR VEHICLE, REAR END",,0,Clear,Dry,Dark - Street Lights On,,4136016.0,,14,From same direction - both going straight - one stopped - rear-end,0,0,N
8191,1,-122.35605179999999,47.62545323,10217,24679,24679,1777478,Matched,Block,,ROY ST BETWEEN QUEEN ANNE AVE N AND 1ST AVE N,,,1,Property Damage Only Collision,Sideswipe,2,0,0,2,2004/01/21 00:00:00+00,1/21/2004 9:39:00 PM,Mid-Block (but intersection related),14,"MOTOR VEHICLE STRUCK MOTOR VEHICLE, REAR END",,0,Clear,Dry,Dark - Street Lights On,,4021026.0,,82,Same direction -- both turning left -- one stopped -- sideswipe,0,0,N
8192,1,-122.2782557,47.56408886,10218,25030,25030,C631742,Matched,Block,,S GENESEE ST BETWEEN 43RD AVE S AND 45TH AVE S,,,1,Property Damage Only Collision,Parked Car,2,0,0,2,2004/05/10 00:00:00+00,5/10/2004 9:00:00 AM,Mid-Block (but intersection related),14,"MOTOR VEHICLE STRUCK MOTOR VEHICLE, REAR END",,0,Raining,Wet,Daylight,,4131054.0,,32,One parked--one moving,0,0,N
8193,1,-122.3177415,47.65985017,10221,24509,24509,1080012,Matched,Intersection,27073.0,ROOSEVELT WAY NE AND NE 43RD N ST,,,1,Property Damage Only Collision,Left Turn,3,0,0,2,2004/08/23 00:00:00+00,8/23/2004 3:18:00 PM,At Intersection (intersection related),11,"MOTOR VEHICLE STRUCK MOTOR VEHICLE, FRONT END AT ANGLE",,0,Clear,Dry,Daylight,,4236023.0,,15,From same direction - one left turn - one straight,0,0,N
8194,1,-122.3504655,47.61336696,10222,25141,25141,1479548,Matched,Intersection,29697.0,ELLIOTT AVE AND WALL ST,,,1,Property Damage Only Collision,Angles,2,0,0,2,2004/01/01 00:00:00+00,1/1/2004,At Intersection (intersection related),11,"MOTOR VEHICLE STRUCK MOTOR VEHICLE, FRONT END AT ANGLE",,0,Raining,Wet,Dark - Street Lights On,,4001019.0,,10,Entering at angle,0,0,N
8195,1,-122.35278570000001,47.64397284,10223,23131,23131,1777617,Matched,Block,,MAYFAIR AVE N BETWEEN NOB HILL AVE N AND NEWELL ST,,,1,Property Damage Only Collision,Parked Car,2,0,0,2,2004/06/19 00:00:00+00,6/19/2004 5:40:00 PM,Mid-Block (not related to intersection),14,"MOTOR VEHICLE STRUCK MOTOR VEHICLE, REAR END",,0,Clear,Dry,Daylight,,4171006.0,,32,One parked--one moving,0,0,N
8196,1,-122.2755514,47.52113937,10224,23823,23823,1793276,Matched,Block,,SPEAR PL S BETWEEN DEAD END 2 AND S BARTON ST,,,1,Property Damage Only Collision,Other,3,0,0,1,2004/07/16 00:00:00+00,7/16/2004 8:21:00 PM,Mid-Block (not related to intersection),48,DRIVERLESS VEHICLE RAN OFF ROAD - HIT FIXED OBJECT,,0,Clear,Dry,Daylight,,4198007.0,,50,Fixed object,0,0,N
8197,1,-122.38598529999999,47.65215089,10226,24333,24333,C649684,Matched,Intersection,26461.0,23RD AVE W AND W RUFFNER ST,,,1,Property Damage Only Collision,Angles,2,0,0,2,2004/11/30 00:00:00+00,11/30/2004 8:00:00 AM,At Intersection (intersection related),11,"MOTOR VEHICLE STRUCK MOTOR VEHICLE, FRONT END AT ANGLE",,0,Overcast,Wet,Daylight,,4335041.0,,10,Entering at angle,0,0,N
8198,1,-122.35541459999999,47.62327152,10227,24271,24271,1213502,Matched,Intersection,28920.0,1ST AVE N AND REPUBLICAN ST,,,1,Property Damage Only Collision,Left Turn,3,0,0,2,2004/03/13 00:00:00+00,3/13/2004 9:44:00 AM,At Intersection (intersection related),11,"MOTOR VEHICLE STRUCK MOTOR VEHICLE, FRONT END AT ANGLE",,0,Clear,Dry,Daylight,,4073021.0,,15,From same direction - one left turn - one straight,0,0,N
8199,1,-122.2909011,47.55705793,10229,23778,23778,1771703,Matched,Intersection,33576.0,M L KING JR ER WAY S AND S HUDSON ST,,,1,Property Damage Only Collision,Other,2,0,0,2,2004/03/21 00:00:00+00,3/21/2004 9:11:00 PM,At Intersection (intersection related),11,"MOTOR VEHICLE STRUCK MOTOR VEHICLE, FRONT END AT ANGLE",,0,Clear,Dry,Dark - Street Lights On,,4081011.0,,21,One car entering driveway access,0,0,N
8200,2,-122.3056979,47.6016727,10230,23940,23940,1798837,Matched,Block,,E YESLER WAY BETWEEN 20TH AVE AND 21ST AVE,,,2,Injury Collision,Sideswipe,5,0,0,2,2004/12/05 00:00:00+00,12/5/2004,Mid-Block (but intersection related),26,MOTOR VEHICLE STRUCK OBJECT IN ROAD,,0,Overcast,Dry,Daylight,,4340011.0,Y,12,From same direction - both going straight - one stopped - sideswipe,0,0,N
8201,1,-122.2713861,47.56764993,10231,24819,24819,1779121,Matched,Block,,LAKE WASHINGTON BLVD S BETWEEN 49TH AVE S AND 50TH AVE S,,,1,Property Damage Only Collision,Other,1,0,0,1,2004/09/24 00:00:00+00,9/24/2004 4:00:00 AM,Mid-Block (but intersection related),28,MOTOR VEHICLE RAN OFF ROAD - HIT FIXED OBJECT,Y,1,Clear,Dry,Dark - No Street Lights,,4268009.0,,50,Fixed object,0,0,N
8202,1,-122.3631017,47.56289614,10232,25167,25167,1781468,Matched,Block,,SW OREGON ST BETWEEN 23RD AVE SW AND DELRIDGE WAY SW,,,1,Property Damage Only Collision,Sideswipe,3,0,0,3,2004/02/23 00:00:00+00,2/23/2004 7:26:00 AM,Mid-Block (not related to intersection),16,"MOTOR VEHICLE STRUCK MOTOR VEHICLE, LEFT SIDE SIDESWIPE",,0,Clear,Dry,Daylight,,4054008.0,,11,From same direction - both going straight - both moving - sideswipe,0,0,N
8203,1,-122.33960320000001,47.61339483,10233,23714,23714,1079050,Matched,Block,,VIRGINIA ST BETWEEN 4TH AVE AND 5TH AVE,,,1,Property Damage Only Collision,Angles,2,0,0,2,2004/04/02 00:00:00+00,4/2/2004,Driveway Junction,11,"MOTOR VEHICLE STRUCK MOTOR VEHICLE, FRONT END AT ANGLE",,0,Clear,Dry,Dark - Street Lights On,,4093003.0,,10,Entering at angle,0,0,N
8204,1,-122.3788821,47.67345556,10234,24431,24431,1794072,Matched,Block,,17TH AVE NW BETWEEN NW 61ST ST AND NW 62ND ST,,,1,Property Damage Only Collision,Parked Car,3,0,0,3,2004/08/24 00:00:00+00,8/24/2004 10:00:00 PM,Mid-Block (not related to intersection),11,"MOTOR VEHICLE STRUCK MOTOR VEHICLE, FRONT END AT ANGLE",,0,Unknown,Wet,Unknown,,4237033.0,,32,One parked--one moving,0,0,N
8205,1,-122.32297220000001,47.52306615,10235,24650,24650,1790451,Matched,Intersection,35122.0,8TH AVE S AND S HENDERSON ST,,,1,Property Damage Only Collision,Angles,2,0,0,2,2004/04/19 00:00:00+00,4/19/2004 3:03:00 PM,At Intersection (intersection related),11,"MOTOR VEHICLE STRUCK MOTOR VEHICLE, FRONT END AT ANGLE",,0,Raining,Wet,Daylight,,4110026.0,,10,Entering at angle,0,0,N
8206,1,-122.33647930000001,47.62454525,10236,23265,23265,1482754,Matched,Block,,MERCER SR ST BETWEEN TERRY AVE N AND BOREN AVE N,,,1,Property Damage Only Collision,Sideswipe,3,0,0,2,2004/06/08 00:00:00+00,6/8/2004,Mid-Block (not related to intersection),16,"MOTOR VEHICLE STRUCK MOTOR VEHICLE, LEFT SIDE SIDESWIPE",,0,Clear,Dry,Daylight,,4160029.0,,11,From same direction - both going straight - both moving - sideswipe,0,0,N
8207,1,-122.35805309999999,47.70376369,10238,23814,23814,1794707,Matched,Intersection,37107.0,HOLMAN RD NW AND NW 103RD ST,,,1,Property Damage Only Collision,Angles,2,0,0,2,2004/11/08 00:00:00+00,11/8/2004,At Intersection (intersection related),11,"MOTOR VEHICLE STRUCK MOTOR VEHICLE, FRONT END AT ANGLE",Y,0,Fog/Smog/Smoke,Wet,Dark - Street Lights On,,4313012.0,,10,Entering at angle,0,0,N
8208,1,-122.38854939999999,47.58118568,10240,23744,23744,1481925,Matched,Block,,SW ADMIRAL WAY BETWEEN 44TH AVE SW AND 45TH AVE SW,,,1,Property Damage Only Collision,Parked Car,2,0,0,2,2004/04/08 00:00:00+00,4/8/2004,Mid-Block (not related to intersection),16,"MOTOR VEHICLE STRUCK MOTOR VEHICLE, LEFT SIDE SIDESWIPE",,0,Clear,Dry,Daylight,,4099035.0,,32,One parked--one moving,0,0,N
8209,1,-122.34827959999998,47.61441995,10241,24304,24304,1777563,Matched,Block,,1ST AVE BETWEEN BATTERY ST AND WALL ST,,,1,Property Damage Only Collision,Other,1,0,0,1,2004/07/30 00:00:00+00,7/30/2004 11:33:00 AM,Mid-Block (not related to intersection),28,MOTOR VEHICLE RAN OFF ROAD - HIT FIXED OBJECT,,0,Overcast,Dry,Daylight,,4212004.0,,50,Fixed object,0,0,N
8210,1,-122.3256024,47.66535007,10242,23909,23909,527919,Matched,Block,,LATONA AVE NE BETWEEN NE 50TH W ST AND NE 51ST ST,,,1,Property Damage Only Collision,Parked Car,0,0,0,4,2004/07/06 00:00:00+00,7/6/2004,Mid-Block (not related to intersection),16,"MOTOR VEHICLE STRUCK MOTOR VEHICLE, LEFT SIDE SIDESWIPE",Y,0,Clear,Dry,Dark - Street Lights On,,4188042.0,,32,One parked--one moving,0,0,N
8211,1,-122.3273692,47.67796763,10243,24077,24077,1773404,Matched,Block,,2ND AVE NE BETWEEN WOODLAWN S AVE NE AND EAST GREEN LAKE WAY N,,,1,Property Damage Only Collision,Parked Car,2,0,0,2,2004/02/15 00:00:00+00,2/15/2004 12:01:00 AM,Mid-Block (not related to intersection),11,"MOTOR VEHICLE STRUCK MOTOR VEHICLE, FRONT END AT ANGLE",,0,Unknown,Unknown,Dark - Street Lights On,,4046021.0,,32,One parked--one moving,0,0,N
8212,1,-122.3500102,47.66467101,10244,24371,24371,1773754,Matched,Block,,FREMONT AVE N BETWEEN N 49TH ST AND N 50TH ST,,,1,Property Damage Only Collision,Other,1,0,0,1,2004/01/12 00:00:00+00,1/12/2004 12:18:00 AM,Mid-Block (but intersection related),28,MOTOR VEHICLE RAN OFF ROAD - HIT FIXED OBJECT,,1,Overcast,Dry,Dark - Street Lights On,,4012014.0,,50,Fixed object,0,0,N
8213,1,-122.3127486,47.73395173,10245,25010,25010,1566662,Matched,Intersection,35851.0,15TH AVE NE AND NE 145TH ST,,,1,Property Damage Only Collision,Angles,2,0,0,2,2004/02/16 00:00:00+00,2/16/2004 11:15:00 PM,At Intersection (intersection related),11,"MOTOR VEHICLE STRUCK MOTOR VEHICLE, FRONT END AT ANGLE",,0,Overcast,Dry,Dark - Street Lights On,,4047021.0,,10,Entering at angle,0,0,N
8214,1,-122.34334469999999,47.70596341,10246,23853,23853,1079983,Matched,Block,,MIDVALE AVE N BETWEEN N NORTHGATE WAY AND N 107TH ST,,,1,Property Damage Only Collision,Parked Car,5,0,0,2,2004/07/08 00:00:00+00,7/8/2004,Mid-Block (not related to intersection),16,"MOTOR VEHICLE STRUCK MOTOR VEHICLE, LEFT SIDE SIDESWIPE",Y,0,Overcast,Dry,Dark - Street Lights On,,4190004.0,,32,One parked--one moving,0,0,N
8215,1,-122.3119374,47.66489281,10248,24225,24225,1794926,Matched,Intersection,26052.0,15TH AVE NE AND NE 50TH ST,,,1,Property Damage Only Collision,Angles,2,0,0,2,2004/09/07 00:00:00+00,9/7/2004,At Intersection (intersection related),11,"MOTOR VEHICLE STRUCK MOTOR VEHICLE, FRONT END AT ANGLE",,0,Clear,Dry,Daylight,,4251020.0,,10,Entering at angle,0,0,N
8216,1,-122.38745949999999,47.65625366,10249,24640,24640,1777650,Matched,Block,,24TH AVE W BETWEEN W THURMAN ST AND GILMAN AVE W,,,1,Property Damage Only Collision,Parked Car,2,0,0,2,2004/04/21 00:00:00+00,4/21/2004 5:00:00 PM,Mid-Block (not related to intersection),11,"MOTOR VEHICLE STRUCK MOTOR VEHICLE, FRONT END AT ANGLE",,0,Clear,Dry,Dark - Street Lights On,,4112028.0,,32,One parked--one moving,0,0,N
8217,2,-122.3555447,47.72232421,10250,24419,24419,1782385,Matched,Block,,GREENWOOD AVE N BETWEEN N 127TH ST AND N 130TH ST,,,2,Injury Collision,Rear Ended,5,0,0,3,2004/05/22 00:00:00+00,5/22/2004 9:20:00 AM,Mid-Block (not related to intersection),14,"MOTOR VEHICLE STRUCK MOTOR VEHICLE, REAR END",Y,0,Raining,Wet,Daylight,,4143029.0,,14,From same direction - both going straight - one stopped - rear-end,0,0,N
8218,1,-122.3473322,47.65820696,10252,24089,24089,1778646,Matched,Block,,AURORA AVE N BETWEEN N 42ND ST AND N MOTOR PL,,,1,Property Damage Only Collision,Sideswipe,2,0,0,2,2004/06/15 00:00:00+00,6/15/2004 6:26:00 PM,Mid-Block (but intersection related),11,"MOTOR VEHICLE STRUCK MOTOR VEHICLE, FRONT END AT ANGLE",,0,Clear,Dry,Daylight,,4167036.0,,11,From same direction - both going straight - both moving - sideswipe,0,0,N
8219,1,-122.27194309999999,47.55881982,10253,24685,24685,1779579,Matched,Block,,49TH AVE S BETWEEN S ANGELINE ST AND S FERDINAND ST,,,1,Property Damage Only Collision,Parked Car,2,0,0,2,2004/01/17 00:00:00+00,1/17/2004 11:30:00 PM,Mid-Block (not related to intersection),14,"MOTOR VEHICLE STRUCK MOTOR VEHICLE, REAR END",Y,0,Unknown,Unknown,Unknown,,4017007.0,,32,One parked--one moving,0,0,N
8220,1,-122.3418655,47.73413095,10254,23730,23730,1746827,Matched,Block,,N 145TH ST BETWEEN STONE AVE N AND INTERLAKE AVE N,,,1,Property Damage Only Collision,Rear Ended,3,0,0,3,2004/05/27 00:00:00+00,5/27/2004 10:55:00 AM,Mid-Block (not related to intersection),14,"MOTOR VEHICLE STRUCK MOTOR VEHICLE, REAR END",,0,Raining,Wet,Daylight,,4148057.0,Y,14,From same direction - both going straight - one stopped - rear-end,0,0,N
8221,1,-122.3181122,47.61260313,10255,24296,24296,1216812,Matched,Block,,11TH AVE BETWEEN E MADISON ST AND E UNION ST,,,1,Property Damage Only Collision,Parked Car,2,0,0,2,2004/06/25 00:00:00+00,6/25/2004 10:00:00 AM,Mid-Block (not related to intersection),11,"MOTOR VEHICLE STRUCK MOTOR VEHICLE, FRONT END AT ANGLE",,0,Unknown,Unknown,Daylight,,4177036.0,,32,One parked--one moving,0,0,N
8222,1,-122.3555622,47.73007148,10256,23787,23787,1089098,Matched,Block,,GREENWOOD AVE N BETWEEN N 138TH ST AND N 140TH ST,,,1,Property Damage Only Collision,Other,1,0,0,1,2004/01/02 00:00:00+00,1/2/2004,Mid-Block (but intersection related),28,MOTOR VEHICLE RAN OFF ROAD - HIT FIXED OBJECT,,0,Clear,Ice,Dark - Street Lights On,,4002038.0,Y,50,Fixed object,0,0,N
8223,1,-122.32404140000001,47.62511809,10257,24655,24655,C649344,Matched,Intersection,29112.0,BELMONT AVE E AND E ROY ST,,,1,Property Damage Only Collision,Head On,2,0,0,2,2004/11/14 00:00:00+00,11/14/2004 6:30:00 PM,At Intersection (intersection related),11,"MOTOR VEHICLE STRUCK MOTOR VEHICLE, FRONT END AT ANGLE",,0,Raining,Unknown,Dark - Street Lights On,,4319039.0,,30,From opposite direction - all others,0,0,N
8224,1,-122.2870654,47.61462326,10258,25289,25289,1782240,Matched,Block,,36TH AVE BETWEEN E PIKE ST AND E PINE ST,,,1,Property Damage Only Collision,Parked Car,2,0,0,2,2004/04/30 00:00:00+00,4/30/2004 10:00:00 AM,Mid-Block (not related to intersection),11,"MOTOR VEHICLE STRUCK MOTOR VEHICLE, FRONT END AT ANGLE",,0,Clear,Dry,Unknown,,4121002.0,,32,One parked--one moving,0,0,N
8225,2,-122.31196570000002,47.66308365,10259,23428,23428,1797170,Matched,Intersection,26066.0,15TH AVE NE AND NE 47TH ST,,,2,Injury Collision,Angles,2,0,0,2,2004/11/16 00:00:00+00,11/16/2004 7:38:00 PM,At Intersection (intersection related),11,"MOTOR VEHICLE STRUCK MOTOR VEHICLE, FRONT END AT ANGLE",,0,Raining,Wet,Dark - Street Lights On,,4321006.0,,10,Entering at angle,0,0,N
8226,1,-122.3081275,47.61643328,10260,23827,23827,C650858,Matched,Block,,E MADISON ST BETWEEN 18TH AVE AND 19TH AVE,,,1,Property Damage Only Collision,Left Turn,2,0,0,2,2004/12/29 00:00:00+00,12/29/2004 4:10:00 PM,Mid-Block (but intersection related),16,"MOTOR VEHICLE STRUCK MOTOR VEHICLE, LEFT SIDE SIDESWIPE",,0,Overcast,Wet,Dusk,,4364066.0,,28,From opposite direction - one left turn - one straight,0,0,N