,SEVERITYCODE,X,Y,OBJECTID,INCKEY,COLDETKEY,REPORTNO,STATUS,ADDRTYPE,INTKEY,LOCATION,EXCEPTRSNCODE,EXCEPTRSNDESC,SEVERITYCODE.1,SEVERITYDESC,COLLISIONTYPE,PERSONCOUNT,PEDCOUNT,PEDCYLCOUNT,VEHCOUNT,INCDATE,INCDTTM,JUNCTIONTYPE,SDOT_COLCODE,SDOT_COLDESC,INATTENTIONIND,UNDERINFL,WEATHER,ROADCOND,LIGHTCOND,PEDROWNOTGRNT,SDOTCOLNUM,SPEEDING,ST_COLCODE,ST_COLDESC,SEGLANEKEY,CROSSWALKKEY,HITPARKEDCAR
8227,2,-122.3314369,47.65557497,10261,23896,23896,1080175,Matched,Intersection,27234.0,CORLISS AVE N AND N 40TH ST,,,2,Injury Collision,Left Turn,2,0,0,2,2004/11/30 00:00:00+00,11/30/2004 10:01:00 PM,At Intersection (intersection related),11,"MOTOR VEHICLE STRUCK MOTOR VEHICLE, FRONT END AT ANGLE",,0,Clear,Wet,Dark - Street Lights On,,4335014.0,,28,From opposite direction - one left turn - one straight,0,0,N
8228,1,-122.3561067,47.61860457,10262,24340,24340,1777490,Matched,Block,,DENNY WAY BETWEEN QUEEN ANNE AVE N AND 1ST AVE,,,1,Property Damage Only Collision,Right Turn,3,0,0,2,2004/05/28 00:00:00+00,5/28/2004 11:32:00 PM,Mid-Block (but intersection related),16,"MOTOR VEHICLE STRUCK MOTOR VEHICLE, LEFT SIDE SIDESWIPE",Y,0,Overcast,Dry,Dark - Street Lights On,,4149028.0,,16,From same direction - one right turn - one straight,0,0,N
8229,1,-122.3250007,47.61522188,10263,24706,24706,1790092,Matched,Block,,E PINE ST BETWEEN SUMMIT AVE AND BELMONT AVE,,,1,Property Damage Only Collision,Rear Ended,2,0,0,2,2004/05/16 00:00:00+00,5/16/2004 1:56:00 AM,Mid-Block (not related to intersection),14,"MOTOR VEHICLE STRUCK MOTOR VEHICLE, REAR END",,0,Raining,Wet,Dark - Street Lights On,,4137005.0,,14,From same direction - both going straight - one stopped - rear-end,0,0,N
8230,1,-122.30399809999999,47.66180455,10264,23243,23243,1794007,Matched,Block,,NE 46TH ST BETWEEN 22ND AVE NE AND DEAD END 1,,,1,Property Damage Only Collision,Parked Car,2,0,0,2,2004/12/05 00:00:00+00,12/5/2004,Mid-Block (not related to intersection),11,"MOTOR VEHICLE STRUCK MOTOR VEHICLE, FRONT END AT ANGLE",,0,Raining,Wet,Dark - Street Lights On,,4340031.0,,32,One parked--one moving,0,0,N
8231,1,-122.3451858,47.61856149,10265,24599,24599,1784772,Matched,Block,,DENNY WAY BETWEEN VINE ST AND 6TH AVE,,,1,Property Damage Only Collision,Other,2,0,0,2,2004/10/13 00:00:00+00,10/13/2004 12:39:00 PM,Mid-Block (but intersection related),11,"MOTOR VEHICLE STRUCK MOTOR VEHICLE, FRONT END AT ANGLE",,0,Clear,Dry,Daylight,,4287003.0,,21,One car entering driveway access,0,0,N
8232,2,-122.3144885,47.65359885,10266,24212,24212,1794852,Matched,Intersection,27146.0,BROOKLYN AVE NE AND NE PACIFIC ST,,,2,Injury Collision,Angles,3,0,0,2,2004/09/17 00:00:00+00,9/17/2004 12:01:00 AM,At Intersection (intersection related),11,"MOTOR VEHICLE STRUCK MOTOR VEHICLE, FRONT END AT ANGLE",,0,Overcast,Wet,Dark - Street Lights On,,4261004.0,,10,Entering at angle,0,0,N
8233,1,-122.31344440000001,47.56899527,10267,24777,24777,1793151,Matched,Intersection,32274.0,15TH AVE S AND S BRADFORD ST,,,1,Property Damage Only Collision,Angles,4,0,0,2,2004/06/26 00:00:00+00,6/26/2004 10:29:00 AM,At Intersection (intersection related),11,"MOTOR VEHICLE STRUCK MOTOR VEHICLE, FRONT END AT ANGLE",,0,Clear,Dry,Daylight,,4178008.0,,10,Entering at angle,0,0,N
8234,1,-122.32025890000001,47.55102408,10268,25344,25344,1789090,Matched,Intersection,33112.0,CORSON AVE S AND S CARSTENS PL,,,1,Property Damage Only Collision,Angles,2,0,0,2,2004/04/27 00:00:00+00,4/27/2004 7:36:00 AM,At Intersection (intersection related),11,"MOTOR VEHICLE STRUCK MOTOR VEHICLE, FRONT END AT ANGLE",,0,Overcast,Dry,Daylight,,4118024.0,,10,Entering at angle,0,0,N
8235,1,-122.28080359999998,47.526103799999994,10269,24145,24145,1776602,Matched,Intersection,35256.0,42ND AVE S AND S CLOVERDALE ST,,,1,Property Damage Only Collision,Angles,5,0,0,2,2004/08/25 00:00:00+00,8/25/2004 10:30:00 AM,At Intersection (intersection related),11,"MOTOR VEHICLE STRUCK MOTOR VEHICLE, FRONT END AT ANGLE",,0,Overcast,Wet,Daylight,,4238038.0,,10,Entering at angle,0,0,N
8236,1,-122.33419170000002,47.59738019,10272,23874,23874,1334021,Matched,Block,,1ST AVE S BETWEEN S KING ST AND RAILROAD N WAY S,,,1,Property Damage Only Collision,Parked Car,2,0,0,2,2004/10/21 00:00:00+00,10/21/2004 1:39:00 PM,Mid-Block (not related to intersection),16,"MOTOR VEHICLE STRUCK MOTOR VEHICLE, LEFT SIDE SIDESWIPE",Y,0,Clear,Dry,Daylight,,4295017.0,,32,One parked--one moving,0,0,N
8237,1,-122.33015359999999,47.6677204,10273,24730,24730,1780342,Matched,Block,,N 54TH ST BETWEEN KIRKWOOD PL N AND KENSINGTON PL N,,,1,Property Damage Only Collision,Parked Car,2,0,0,2,2004/02/21 00:00:00+00,2/21/2004 8:00:00 AM,Mid-Block (not related to intersection),11,"MOTOR VEHICLE STRUCK MOTOR VEHICLE, FRONT END AT ANGLE",,0,Other,Unknown,Unknown,,4052018.0,,32,One parked--one moving,0,0,N
8238,1,-122.28839850000001,47.68170464,10276,25295,25295,1930830,Matched,Block,,NE 73RD PL BETWEEN DEAD END AND 38TH AVE NE,,,1,Property Damage Only Collision,Parked Car,2,0,0,2,2004/11/25 00:00:00+00,11/25/2004 12:00:00 PM,Mid-Block (not related to intersection),14,"MOTOR VEHICLE STRUCK MOTOR VEHICLE, REAR END",,0,Unknown,Unknown,Unknown,,4330031.0,,32,One parked--one moving,0,0,N
8239,1,-122.37620890000001,47.561550399999994,10277,23137,23137,1790583,Matched,Block,,35TH AVE SW BETWEEN SW SNOQUALMIE ST AND SW ALASKA ST,,,1,Property Damage Only Collision,Sideswipe,2,0,0,2,2004/08/11 00:00:00+00,8/11/2004 3:00:00 PM,Mid-Block (not related to intersection),16,"MOTOR VEHICLE STRUCK MOTOR VEHICLE, LEFT SIDE SIDESWIPE",Y,0,Clear,Dry,Daylight,,4224018.0,,11,From same direction - both going straight - both moving - sideswipe,0,0,N
8240,1,-122.32997890000001,47.58617038,10279,24165,24165,1776905,Matched,Intersection,31347.0,3RD AVE S AND S HOLGATE ST,,,1,Property Damage Only Collision,Sideswipe,3,0,0,2,2004/04/26 00:00:00+00,4/26/2004 12:34:00 PM,At Intersection (intersection related),16,"MOTOR VEHICLE STRUCK MOTOR VEHICLE, LEFT SIDE SIDESWIPE",Y,0,Clear,Dry,Daylight,,4117009.0,,71,Same direction -- both turning right -- both moving -- sideswipe,0,0,N
8241,1,-122.3369892,47.60635378,10280,24345,24345,1777110,Matched,Block,,SENECA ST BETWEEN 1ST AVE AND 2ND AVE,,,1,Property Damage Only Collision,Parked Car,2,0,0,2,2004/01/06 00:00:00+00,1/6/2004,Mid-Block (not related to intersection),11,"MOTOR VEHICLE STRUCK MOTOR VEHICLE, FRONT END AT ANGLE",,0,Raining,Ice,Daylight,,4006037.0,,32,One parked--one moving,0,0,N
8242,2,-122.3580593,47.61902281,10282,23114,23114,1213505,Matched,Intersection,28665.0,1ST AVE W AND WESTERN AVE W,,,2,Injury Collision,Rear Ended,2,0,0,2,2004/03/24 00:00:00+00,3/24/2004 9:34:00 AM,At Intersection (intersection related),14,"MOTOR VEHICLE STRUCK MOTOR VEHICLE, REAR END",Y,0,Clear,Dry,Daylight,,4084007.0,,14,From same direction - both going straight - one stopped - rear-end,0,0,N
8243,2,-122.32752450000001,47.60439327,10283,24463,24463,1482530,Matched,Block,,JAMES ST BETWEEN 6TH AVE AND 7TH AVE,,,2,Injury Collision,Rear Ended,3,0,0,2,2004/04/23 00:00:00+00,4/23/2004 3:02:00 PM,Mid-Block (but intersection related),14,"MOTOR VEHICLE STRUCK MOTOR VEHICLE, REAR END",,0,Clear,Wet,Daylight,,4114024.0,,14,From same direction - both going straight - one stopped - rear-end,0,0,N
8244,1,-122.3561067,47.61860457,10284,24093,24093,1793629,Matched,Block,,DENNY WAY BETWEEN QUEEN ANNE AVE N AND 1ST AVE,,,1,Property Damage Only Collision,Other,2,0,0,2,2004/06/30 00:00:00+00,6/30/2004 8:00:00 PM,Driveway Junction,11,"MOTOR VEHICLE STRUCK MOTOR VEHICLE, FRONT END AT ANGLE",,0,Clear,Dry,Daylight,,4182037.0,,22,One car leaving driveway access,0,0,N
8245,2,-122.3207987,47.61523531,10286,24882,24882,1788691,Matched,Intersection,29736.0,BROADWAY AND E PINE ST,,,2,Injury Collision,Left Turn,3,0,0,2,2004/01/30 00:00:00+00,1/30/2004 1:33:00 AM,At Intersection (intersection related),11,"MOTOR VEHICLE STRUCK MOTOR VEHICLE, FRONT END AT ANGLE",,0,Raining,Wet,Dark - Street Lights On,,4030007.0,,28,From opposite direction - one left turn - one straight,0,0,N
8246,1,-122.38043629999999,47.66523532,10287,23724,23724,1793764,Matched,Block,,LEARY AVE NW BETWEEN NW DOCK PL AND NW IONE PL,,,1,Property Damage Only Collision,Parked Car,2,0,0,2,2004/10/05 00:00:00+00,10/5/2004,Mid-Block (not related to intersection),14,"MOTOR VEHICLE STRUCK MOTOR VEHICLE, REAR END",,0,Clear,Dry,Daylight,,4279016.0,,32,One parked--one moving,0,0,N
8247,1,-122.32650579999999,47.63824718,10288,24438,24438,1198413,Matched,Block,,E BOSTON ST BETWEEN YALE AVE E AND EASTLAKE AVE E,,,1,Property Damage Only Collision,Parked Car,2,0,0,2,2004/11/30 00:00:00+00,11/30/2004 3:15:00 PM,Mid-Block (not related to intersection),14,"MOTOR VEHICLE STRUCK MOTOR VEHICLE, REAR END",,0,Clear,Unknown,Daylight,,4335022.0,,32,One parked--one moving,0,0,N
8248,1,-122.37612109999999,47.51191468,10289,25142,25142,1481220,Matched,Intersection,37992.0,35TH AVE SW AND SW 102ND ST,,,1,Property Damage Only Collision,Angles,2,0,0,2,2004/05/29 00:00:00+00,5/29/2004 12:28:00 PM,At Intersection (intersection related),11,"MOTOR VEHICLE STRUCK MOTOR VEHICLE, FRONT END AT ANGLE",,0,Clear,Dry,Daylight,,4150013.0,,10,Entering at angle,0,0,N
8249,1,-122.31677990000001,47.60864269,10290,23561,23561,1788643,Matched,Block,,12TH AVE BETWEEN E CHERRY ST AND E COLUMBIA ST,,,1,Property Damage Only Collision,Other,3,0,0,2,2004/02/04 00:00:00+00,2/4/2004,Driveway Junction,11,"MOTOR VEHICLE STRUCK MOTOR VEHICLE, FRONT END AT ANGLE",Y,0,Overcast,Dry,Dark - Street Lights On,,4035030.0,,22,One car leaving driveway access,0,0,N
8250,1,-122.3423832,47.73332698,10291,23968,23968,1794276,Matched,Block,,STONE AVE N BETWEEN ROOSEVELT WAY N AND N 145TH ST,,,1,Property Damage Only Collision,Parked Car,2,0,0,2,2004/05/28 00:00:00+00,5/28/2004 4:04:00 PM,Driveway Junction,28,MOTOR VEHICLE RAN OFF ROAD - HIT FIXED OBJECT,,0,Overcast,Wet,Daylight,,4149013.0,,32,One parked--one moving,0,0,N
8251,2,-122.31736370000002,47.66857702,10293,24630,24630,1205261,Matched,Intersection,25764.0,ROOSEVELT WAY NE AND NE 55TH ST,,,2,Injury Collision,Angles,3,0,0,2,2004/10/26 00:00:00+00,10/26/2004 7:29:00 PM,At Intersection (intersection related),11,"MOTOR VEHICLE STRUCK MOTOR VEHICLE, FRONT END AT ANGLE",,0,Clear,Dry,Dark - Street Lights On,,4300012.0,,10,Entering at angle,0,0,N
8252,1,-122.3757219,47.68233134,10294,24272,24272,1781941,Matched,Block,,MARY AVE NW BETWEEN NW 73RD ST AND NW 75TH W ST,,,1,Property Damage Only Collision,Parked Car,2,0,0,2,2004/09/16 00:00:00+00,9/16/2004 12:01:00 AM,Mid-Block (not related to intersection),13,"MOTOR VEHICLE STRUCK MOTOR VEHICLE, LEFT SIDE AT ANGLE",,0,Other,Unknown,Dark - Street Lights On,,4260051.0,,32,One parked--one moving,0,0,N
8253,1,-122.33150890000002,47.60371545,10295,23403,23403,1783288,Matched,Block,,CHERRY ST BETWEEN 3RD AVE AND 4TH AVE,,,1,Property Damage Only Collision,Sideswipe,2,0,0,2,2004/09/10 00:00:00+00,9/10/2004 5:10:00 PM,Mid-Block (but intersection related),11,"MOTOR VEHICLE STRUCK MOTOR VEHICLE, FRONT END AT ANGLE",,0,Other,Unknown,Unknown,,4254035.0,,11,From same direction - both going straight - both moving - sideswipe,0,0,N
8254,2,-122.29672690000001,47.57197984,10296,23777,23777,1771694,Matched,Intersection,32427.0,M L KING JR ER WAY S AND S WALDEN ST,,,2,Injury Collision,Left Turn,2,0,0,2,2004/03/24 00:00:00+00,3/24/2004 5:45:00 PM,At Intersection (intersection related),11,"MOTOR VEHICLE STRUCK MOTOR VEHICLE, FRONT END AT ANGLE",,0,Raining,Wet,Other,,4084025.0,,28,From opposite direction - one left turn - one straight,0,0,N
8255,2,-122.3208627,47.71946775,10297,24216,24216,1774699,Matched,Intersection,36432.0,8TH AVE NE AND NE 125TH ST,,,2,Injury Collision,Angles,4,0,0,2,2004/04/22 00:00:00+00,4/22/2004 6:05:00 PM,At Intersection (intersection related),11,"MOTOR VEHICLE STRUCK MOTOR VEHICLE, FRONT END AT ANGLE",,0,Clear,Dry,Daylight,,4113005.0,,10,Entering at angle,0,0,N
8256,1,-122.3821259,47.67200224,10298,24673,24673,1780524,Matched,Block,,20TH AVE NW BETWEEN NW 59TH ST AND NW 60TH ST,,,1,Property Damage Only Collision,Parked Car,2,0,0,2,2004/09/26 00:00:00+00,9/26/2004 4:13:00 PM,Mid-Block (not related to intersection),16,"MOTOR VEHICLE STRUCK MOTOR VEHICLE, LEFT SIDE SIDESWIPE",,0,Clear,Dry,Daylight,,4270023.0,,32,One parked--one moving,0,0,N
8257,1,-122.3361287,47.61044597,10299,24879,24879,1798247,Matched,Block,,PIKE ST BETWEEN 4TH AVE AND 5TH AVE,,,1,Property Damage Only Collision,Parked Car,2,0,0,2,2004/12/23 00:00:00+00,12/23/2004 8:30:00 PM,Mid-Block (not related to intersection),14,"MOTOR VEHICLE STRUCK MOTOR VEHICLE, REAR END",,0,Snowing,Unknown,Unknown,,4358006.0,,32,One parked--one moving,0,0,N
8258,1,-122.3792107,47.66653856,10302,24766,24766,1780920,Matched,Intersection,25161.0,TALLMAN AVE NW AND NW IONE PL,,,1,Property Damage Only Collision,Angles,3,0,0,2,2004/03/04 00:00:00+00,3/4/2004,At Intersection (intersection related),11,"MOTOR VEHICLE STRUCK MOTOR VEHICLE, FRONT END AT ANGLE",,0,Raining,Wet,Dusk,,4064007.0,,10,Entering at angle,0,0,N
8259,1,-122.33863459999999,47.62579577,10303,23260,23260,1214118,Matched,Intersection,28744.0,WESTLAKE AVE N AND VALLEY ST,,,1,Property Damage Only Collision,Rear Ended,3,0,0,2,2004/10/12 00:00:00+00,10/12/2004 10:21:00 AM,Ramp Junction,14,"MOTOR VEHICLE STRUCK MOTOR VEHICLE, REAR END",Y,0,Clear,Dry,Daylight,,4286035.0,,74,Same direction -- both turning right -- one stopped -- rear end,0,0,N
8260,1,-122.3009865,47.70943604,10305,23952,23952,1797127,Matched,Block,,LAKE CITY WAY NE BETWEEN NE 110TH ST AND NE NORTHGATE WAY,,,1,Property Damage Only Collision,Other,2,0,0,2,2004/11/19 00:00:00+00,11/19/2004 10:45:00 AM,Driveway Junction,11,"MOTOR VEHICLE STRUCK MOTOR VEHICLE, FRONT END AT ANGLE",,0,Clear,Dry,Daylight,,4324032.0,,22,One car leaving driveway access,0,0,N
8261,1,-122.30254740000002,47.61917078,10306,24260,24260,1789662,Matched,Intersection,29382.0,23RD AVE E AND E MADISON ST,,,1,Property Damage Only Collision,Angles,2,0,0,2,2004/01/30 00:00:00+00,1/30/2004 6:12:00 AM,At Intersection (intersection related),11,"MOTOR VEHICLE STRUCK MOTOR VEHICLE, FRONT END AT ANGLE",,0,Overcast,Wet,Dark - Street Lights On,,4030008.0,,10,Entering at angle,0,0,N
8262,1,-122.31338810000001,47.5740945,10307,24024,24024,1772776,Matched,Block,,15TH AVE S BETWEEN S HANFORD ST AND S HINDS ST,,,1,Property Damage Only Collision,Rear Ended,2,0,0,2,2004/04/26 00:00:00+00,4/26/2004 1:43:00 PM,Mid-Block (but intersection related),14,"MOTOR VEHICLE STRUCK MOTOR VEHICLE, REAR END",Y,0,Clear,Dry,Daylight,,4117011.0,,14,From same direction - both going straight - one stopped - rear-end,0,0,N
8263,2,-122.32906770000001,47.57268945,10308,24738,24738,1213139,Matched,Block,,4TH AVE S BETWEEN S HINDS ST AND S SPOKANE NR ST,,,2,Injury Collision,Rear Ended,3,0,0,2,2004/11/11 00:00:00+00,11/11/2004 3:05:00 PM,Mid-Block (not related to intersection),14,"MOTOR VEHICLE STRUCK MOTOR VEHICLE, REAR END",,0,Clear,Dry,Daylight,,4316016.0,,14,From same direction - both going straight - one stopped - rear-end,0,0,N
8264,1,-122.3397689,47.62087893,10310,24798,24798,1783728,Matched,Intersection,28790.0,9TH AVE N AND THOMAS ST,,,1,Property Damage Only Collision,Other,1,0,0,1,2004/08/04 00:00:00+00,8/4/2004,At Intersection (intersection related),11,"MOTOR VEHICLE STRUCK MOTOR VEHICLE, FRONT END AT ANGLE",,0,Clear,Dry,Daylight,,4217011.0,,52,Vehicle overturned,0,0,N
8265,2,-122.3814057,47.52290938,10311,25299,25299,1795694,Matched,Block,,SW HENDERSON ST BETWEEN 38TH AVE SW AND 39TH AVE SW,,,2,Injury Collision,Parked Car,2,0,0,2,2004/10/14 00:00:00+00,10/14/2004 7:02:00 AM,Mid-Block (not related to intersection),14,"MOTOR VEHICLE STRUCK MOTOR VEHICLE, REAR END",Y,0,Clear,Dry,Daylight,,4288004.0,,32,One parked--one moving,0,0,N
8266,1,-122.2958674,47.59579891,10312,24139,24139,1217110,Matched,Block,,S DEARBORN ST BETWEEN 28TH N AVE S AND 29TH W AVE S,,,1,Property Damage Only Collision,Other,6,0,0,1,2004/07/29 00:00:00+00,7/29/2004 7:20:00 PM,Mid-Block (not related to intersection),26,MOTOR VEHICLE STRUCK OBJECT IN ROAD,,1,Clear,Dry,Daylight,,4211011.0,,50,Fixed object,0,0,N
8267,1,-122.28410120000001,47.55645048,10313,23837,23837,1771951,Matched,Block,,RAINIER AVE S BETWEEN S HUDSON ST AND 39TH N AVE S,,,1,Property Damage Only Collision,Rear Ended,2,0,0,2,2004/03/12 00:00:00+00,3/12/2004 7:28:00 PM,Mid-Block (but intersection related),14,"MOTOR VEHICLE STRUCK MOTOR VEHICLE, REAR END",,0,Clear,Dry,Dark - Street Lights On,,4072010.0,,14,From same direction - both going straight - one stopped - rear-end,0,0,N
8268,1,-122.34499679999999,47.72503555,10315,24506,24506,1079669,Matched,Block,,AURORA AVE N BETWEEN N 130TH ST AND N 135TH ST,,,1,Property Damage Only Collision,Other,2,0,0,2,2004/11/11 00:00:00+00,11/11/2004 7:38:00 PM,Driveway Junction,11,"MOTOR VEHICLE STRUCK MOTOR VEHICLE, FRONT END AT ANGLE",,0,Clear,Dry,Dark - Street Lights On,,4316002.0,,22,One car leaving driveway access,0,0,N
8269,1,-122.35548999999999,47.65331287,10317,24613,24613,1199197,Matched,Block,,GREENWOOD AVE N BETWEEN N 36TH ST AND N 39TH ST,,,1,Property Damage Only Collision,Parked Car,2,0,0,2,2004/03/30 00:00:00+00,3/30/2004 1:00:00 AM,Mid-Block (not related to intersection),0,NOT ENOUGH INFORMATION / NOT APPLICABLE,,0,Unknown,Unknown,Dark - Street Lights On,,4090030.0,,32,One parked--one moving,0,0,N
8270,1,-122.34916880000002,47.71776982,10319,24687,24687,1793927,Matched,Block,,N 122ND ST BETWEEN NORTH PARK AVE N AND DEAD END,,,1,Property Damage Only Collision,Other,1,0,0,1,2004/11/18 00:00:00+00,11/18/2004 2:42:00 AM,Mid-Block (not related to intersection),26,MOTOR VEHICLE STRUCK OBJECT IN ROAD,,0,Overcast,Wet,Dark - Street Lights On,,4323008.0,,50,Fixed object,0,0,N
8271,1,-122.3195608,47.66222066,10320,25034,25034,1318307,Matched,Block,,8TH AVE NE BETWEEN NE 45TH E ST AND NE 47TH ST,,,1,Property Damage Only Collision,Parked Car,2,0,0,2,2004/03/25 00:00:00+00,3/25/2004 2:04:00 AM,Mid-Block (not related to intersection),14,"MOTOR VEHICLE STRUCK MOTOR VEHICLE, REAR END",,1,Overcast,Wet,Dark - Street Lights On,,4085037.0,,32,One parked--one moving,0,0,N
8272,2,-122.41073929999999,47.5759061,10322,24443,24443,1774942,Matched,Intersection,30987.0,61ST AVE SW AND SW ADMIRAL WAY,,,2,Injury Collision,Angles,3,0,0,3,2004/06/08 00:00:00+00,6/8/2004,At Intersection (intersection related),11,"MOTOR VEHICLE STRUCK MOTOR VEHICLE, FRONT END AT ANGLE",,0,Clear,Dry,Daylight,,4160032.0,,10,Entering at angle,0,0,N
8273,1,-122.3137311,47.57162762,10324,25008,25008,1772827,Matched,Block,,S SPOKANE ST BETWEEN HINDS PL S AND 15TH AVE S,,,1,Property Damage Only Collision,Sideswipe,2,0,0,2,2004/04/16 00:00:00+00,4/16/2004 6:22:00 AM,Mid-Block (not related to intersection),16,"MOTOR VEHICLE STRUCK MOTOR VEHICLE, LEFT SIDE SIDESWIPE",,0,Clear,Dry,Daylight,,4107030.0,,11,From same direction - both going straight - both moving - sideswipe,0,0,N
8274,1,-122.31805609999999,47.62608292,10325,23273,23273,1772663,Matched,Block,,11TH AVE E BETWEEN E ROY ST AND E ALOHA ST,,,1,Property Damage Only Collision,Parked Car,2,0,0,2,2004/05/12 00:00:00+00,5/12/2004 3:20:00 PM,Mid-Block (not related to intersection),13,"MOTOR VEHICLE STRUCK MOTOR VEHICLE, LEFT SIDE AT ANGLE",,0,Clear,Dry,Daylight,,4133010.0,,32,One parked--one moving,0,0,N
8275,1,-122.3343442,47.62596862,10326,23829,23829,1198435,Matched,Intersection,28747.0,FAIRVIEW AVE N AND VALLEY UPPER ST,,,1,Property Damage Only Collision,Sideswipe,2,0,0,2,2004/11/25 00:00:00+00,11/25/2004 12:32:00 PM,At Intersection (intersection related),11,"MOTOR VEHICLE STRUCK MOTOR VEHICLE, FRONT END AT ANGLE",,0,Raining,Wet,Daylight,,4330034.0,Y,81,Same direction -- both turning left -- both moving -- sideswipe,0,0,N
8276,2,-122.3898196,47.55214906,10327,23894,23894,1798386,Matched,Intersection,32899.0,45TH AVE SW AND SW FINDLAY ST,,,2,Injury Collision,Angles,2,0,0,2,2004/09/02 00:00:00+00,9/2/2004,At Intersection (intersection related),11,"MOTOR VEHICLE STRUCK MOTOR VEHICLE, FRONT END AT ANGLE",,0,Clear,Dry,Daylight,,4246031.0,,10,Entering at angle,0,0,N
8277,1,-122.3018311,47.62137178,10328,24637,24637,1217011,Matched,Block,,E THOMAS ST BETWEEN 23RD AVE E AND 24TH AVE E,,,1,Property Damage Only Collision,Parked Car,2,0,0,2,2004/10/22 00:00:00+00,10/22/2004 12:30:00 PM,Driveway Junction,11,"MOTOR VEHICLE STRUCK MOTOR VEHICLE, FRONT END AT ANGLE",,0,Unknown,Unknown,Unknown,,4296022.0,,32,One parked--one moving,0,0,N
8278,1,-122.37598259999999,47.50684502,10329,24698,24698,1781132,Matched,Block,,35TH AVE SW BETWEEN SW 107TH ST AND SW 108TH ST,,,1,Property Damage Only Collision,Other,1,0,0,1,2004/05/16 00:00:00+00,5/16/2004 1:00:00 AM,Mid-Block (not related to intersection),28,MOTOR VEHICLE RAN OFF ROAD - HIT FIXED OBJECT,,0,Overcast,Dry,Dark - Street Lights On,,4137020.0,,50,Fixed object,0,0,N
8279,1,-122.38479550000001,47.56106801,10332,24083,24083,1789451,Matched,Block,,SW ALASKA ST BETWEEN 41ST AVE SW AND 42ND AVE SW,,,1,Property Damage Only Collision,Parked Car,2,0,0,2,2004/08/25 00:00:00+00,8/25/2004 3:24:00 PM,Mid-Block (not related to intersection),14,"MOTOR VEHICLE STRUCK MOTOR VEHICLE, REAR END",,0,Raining,Wet,Daylight,,4238036.0,,32,One parked--one moving,0,0,N
8280,1,-122.33952179999999,47.5829182,10333,24535,24535,1795702,Matched,Block,,ALASKAN WY VI SB BETWEEN S HOLGATE ST AND S LANDER ST,,,1,Property Damage Only Collision,Sideswipe,2,0,0,2,2004/10/11 00:00:00+00,10/11/2004 8:10:00 AM,Mid-Block (not related to intersection),16,"MOTOR VEHICLE STRUCK MOTOR VEHICLE, LEFT SIDE SIDESWIPE",,0,Overcast,Dry,Daylight,,4285014.0,,11,From same direction - both going straight - both moving - sideswipe,0,0,N
8281,1,-122.3135196,47.60168756,10334,25025,25025,1786970,Matched,Block,,E YESLER WAY BETWEEN 14TH AVE AND 15TH AVE,,,1,Property Damage Only Collision,Parked Car,2,0,0,2,2004/11/28 00:00:00+00,11/28/2004 7:24:00 AM,Mid-Block (not related to intersection),16,"MOTOR VEHICLE STRUCK MOTOR VEHICLE, LEFT SIDE SIDESWIPE",,0,Clear,Dry,Daylight,,4333021.0,,32,One parked--one moving,0,0,N
8282,1,-122.3024996,47.6202073,10335,24004,24004,1788456,Matched,Intersection,29380.0,23RD AVE E AND E JOHN ST,,,1,Property Damage Only Collision,Angles,2,0,0,2,2004/04/01 00:00:00+00,4/1/2004,At Intersection (intersection related),11,"MOTOR VEHICLE STRUCK MOTOR VEHICLE, FRONT END AT ANGLE",,0,Clear,Dry,Daylight,,4092019.0,,10,Entering at angle,0,0,N
8283,1,-122.3838555,47.58221102,10336,24134,24134,1482064,Matched,Block,,41ST AVE SW BETWEEN SW PRINCE ST AND SW GRAYSON ST,,,1,Property Damage Only Collision,Parked Car,2,0,0,2,2004/04/07 00:00:00+00,4/7/2004,Mid-Block (not related to intersection),13,"MOTOR VEHICLE STRUCK MOTOR VEHICLE, LEFT SIDE AT ANGLE",,1,Clear,Dry,Dark - Street Lights On,,4098023.0,,32,One parked--one moving,0,0,N
8284,1,-122.32933270000001,47.54372132,10337,24863,24863,1775338,Matched,Intersection,34237.0,EAST MARGINAL WAY S AND S RIVER ST,,,1,Property Damage Only Collision,Left Turn,4,0,0,2,2004/05/27 00:00:00+00,5/27/2004 12:53:00 PM,At Intersection (intersection related),11,"MOTOR VEHICLE STRUCK MOTOR VEHICLE, FRONT END AT ANGLE",,0,Raining,Wet,Daylight,,4148010.0,,28,From opposite direction - one left turn - one straight,0,0,N
8285,1,-122.3248761,47.612408,10338,23414,23414,1216822,Matched,Intersection,29889.0,SUMMIT AVE AND UNIVERSITY ST,,,1,Property Damage Only Collision,Angles,2,0,0,2,2004/08/08 00:00:00+00,8/8/2004,At Intersection (intersection related),11,"MOTOR VEHICLE STRUCK MOTOR VEHICLE, FRONT END AT ANGLE",,0,Clear,Dry,Daylight,,4221008.0,,10,Entering at angle,0,0,N
8286,1,-122.3324513,47.60726631,10340,23750,23750,1790619,Matched,Intersection,29933.0,5TH AVE AND SPRING ST,,,1,Property Damage Only Collision,Angles,2,0,0,2,2004/10/24 00:00:00+00,10/24/2004 6:39:00 PM,At Intersection (intersection related),11,"MOTOR VEHICLE STRUCK MOTOR VEHICLE, FRONT END AT ANGLE",,0,Clear,Dry,Dark - Street Lights On,,4298010.0,,10,Entering at angle,0,0,N