,SEVERITYCODE,X,Y,OBJECTID,INCKEY,COLDETKEY,REPORTNO,STATUS,ADDRTYPE,INTKEY,LOCATION,EXCEPTRSNCODE,EXCEPTRSNDESC,SEVERITYCODE.1,SEVERITYDESC,COLLISIONTYPE,PERSONCOUNT,PEDCOUNT,PEDCYLCOUNT,VEHCOUNT,INCDATE,INCDTTM,JUNCTIONTYPE,SDOT_COLCODE,SDOT_COLDESC,INATTENTIONIND,UNDERINFL,WEATHER,ROADCOND,LIGHTCOND,PEDROWNOTGRNT,SDOTCOLNUM,SPEEDING,ST_COLCODE,ST_COLDESC,SEGLANEKEY,CROSSWALKKEY,HITPARKEDCAR
8287,1,-122.3209969,47.60515605,10341,24753,24753,1784364,Matched,Block,,TERRACE ST BETWEEN BOREN AVE AND BROADWAY,,,1,Property Damage Only Collision,Parked Car,2,0,0,2,2004/11/09 00:00:00+00,11/9/2004,Mid-Block (not related to intersection),11,"MOTOR VEHICLE STRUCK MOTOR VEHICLE, FRONT END AT ANGLE",,0,Unknown,Unknown,Daylight,,4314002.0,,32,One parked--one moving,0,0,N
8288,1,-122.37902690000001,47.56306905,10342,23880,23880,1709404,Matched,Block,,FAUNTLEROY WAY SW BETWEEN 37TH AVE SW AND SW OREGON ST,,,1,Property Damage Only Collision,Rear Ended,2,0,0,2,2004/05/10 00:00:00+00,5/10/2004 3:58:00 PM,Mid-Block (but intersection related),14,"MOTOR VEHICLE STRUCK MOTOR VEHICLE, REAR END",Y,0,Raining,Wet,Daylight,,4131022.0,,14,From same direction - both going straight - one stopped - rear-end,0,0,N
8289,1,-122.3564596,47.52194987,10343,23768,23768,1794398,Matched,Block,,17TH AVE SW BETWEEN SW HENDERSON ST AND SW BARTON ST,,,1,Property Damage Only Collision,Parked Car,2,0,0,2,2004/12/25 00:00:00+00,12/25/2004 3:15:00 PM,Mid-Block (not related to intersection),14,"MOTOR VEHICLE STRUCK MOTOR VEHICLE, REAR END",,1,Raining,Wet,Daylight,,4360015.0,,32,One parked--one moving,0,0,N
8290,1,-122.3459322,47.69564061,10344,24228,24228,1079756,Matched,Block,,N 92ND ST BETWEEN LINDEN AVE N AND AURORA AVE N,,,1,Property Damage Only Collision,Sideswipe,3,0,0,2,2004/07/23 00:00:00+00,7/23/2004 6:10:00 AM,Mid-Block (but intersection related),11,"MOTOR VEHICLE STRUCK MOTOR VEHICLE, FRONT END AT ANGLE",,1,Clear,Dry,Daylight,,4205033.0,,26,From opposite direction - both going straight - sideswipe,0,0,N
8291,2,-122.3707128,47.56955575,10347,23280,23280,1774988,Matched,Block,,SW AVALON WAY BETWEEN SW CHARLESTOWN ST AND SW BRADFORD ST,,,2,Injury Collision,Parked Car,4,0,0,4,2004/04/08 00:00:00+00,4/8/2004,Mid-Block (not related to intersection),14,"MOTOR VEHICLE STRUCK MOTOR VEHICLE, REAR END",,1,Clear,Dry,Dark - Street Lights On,,4099037.0,Y,32,One parked--one moving,0,0,N
8292,1,-122.3104156,47.57692573,10349,24817,24817,1771729,Matched,Block,,S STEVENS ST BETWEEN 17TH AVE S AND BEACON AVE S,,,1,Property Damage Only Collision,Parked Car,2,0,0,2,2004/06/10 00:00:00+00,6/10/2004 9:10:00 PM,Mid-Block (but intersection related),11,"MOTOR VEHICLE STRUCK MOTOR VEHICLE, FRONT END AT ANGLE",,0,Overcast,Dry,Dark - Street Lights On,,4162034.0,,32,One parked--one moving,0,0,N
8293,2,-122.33418799999998,47.59920483,10350,23549,23549,1213857,Matched,Intersection,30365.0,1ST AVE S AND S JACKSON ST,,,2,Injury Collision,Angles,4,0,0,2,2004/06/23 00:00:00+00,6/23/2004 5:37:00 AM,At Intersection (intersection related),11,"MOTOR VEHICLE STRUCK MOTOR VEHICLE, FRONT END AT ANGLE",,0,Clear,Dry,Daylight,,4175023.0,,10,Entering at angle,0,0,N
8294,2,-122.3333538,47.61160635,10351,24326,24326,1776991,Matched,Intersection,29895.0,7TH AVE AND PIKE ST,,,2,Injury Collision,Pedestrian,2,1,0,1,2004/02/07 00:00:00+00,2/7/2004,At Intersection (intersection related),24,MOTOR VEHCILE STRUCK PEDESTRIAN,Y,0,Clear,Dry,Daylight,,4038006.0,,0,Vehicle going straight hits pedestrian,0,0,N
8295,1,-122.3384878,47.66685963,10352,23812,23812,1780350,Matched,Block,,WOODLAWN AVE N BETWEEN N 52ND ST AND N 53RD ST,,,1,Property Damage Only Collision,Parked Car,2,0,0,2,2004/04/27 00:00:00+00,4/27/2004 12:30:00 PM,Mid-Block (not related to intersection),14,"MOTOR VEHICLE STRUCK MOTOR VEHICLE, REAR END",,0,Unknown,Unknown,Unknown,,4118026.0,,32,One parked--one moving,0,0,N
8296,1,-122.3133666,47.58594854,10354,25385,25385,1771870,Matched,Block,,15TH AVE S BETWEEN S HOLGATE ST AND S PLUM ST,,,1,Property Damage Only Collision,Parked Car,2,0,0,2,2004/07/16 00:00:00+00,7/16/2004 2:53:00 PM,Driveway Junction,13,"MOTOR VEHICLE STRUCK MOTOR VEHICLE, LEFT SIDE AT ANGLE",,0,Clear,Dry,Daylight,,4198029.0,,32,One parked--one moving,0,0,N
8297,2,-122.3341912,47.59829172,10355,24012,24012,1213867,Matched,Intersection,30368.0,1ST AVE S AND S KING ST,,,2,Injury Collision,Angles,2,0,0,2,2004/08/10 00:00:00+00,8/10/2004 10:32:00 AM,At Intersection (intersection related),11,"MOTOR VEHICLE STRUCK MOTOR VEHICLE, FRONT END AT ANGLE",,0,Clear,Dry,Daylight,,4223019.0,,10,Entering at angle,0,0,N
8298,1,-122.28733629999999,47.54959668,10356,24451,24451,1787586,Matched,Block,,M L KING JR WR WAY S BETWEEN S ORCAS ST AND S RAYMOND ST,,,1,Property Damage Only Collision,Rear Ended,4,0,0,3,2004/09/05 00:00:00+00,9/5/2004,Mid-Block (not related to intersection),14,"MOTOR VEHICLE STRUCK MOTOR VEHICLE, REAR END",,0,Clear,Dry,Daylight,,4249009.0,,14,From same direction - both going straight - one stopped - rear-end,0,0,N
8299,1,-122.3156578,47.67456687,10357,25281,25281,1780785,Matched,Block,,12TH AVE NE BETWEEN NE 63RD ST AND NE 64TH ST,,,1,Property Damage Only Collision,Other,2,0,0,2,2004/04/24 00:00:00+00,4/24/2004 9:25:00 PM,Driveway Junction,11,"MOTOR VEHICLE STRUCK MOTOR VEHICLE, FRONT END AT ANGLE",,0,Clear,Dry,Unknown,,4115015.0,,22,One car leaving driveway access,0,0,N
8300,1,-122.348564,47.68983581,10358,23558,23558,1775719,Matched,Block,,N 84TH ST BETWEEN FREMONT AVE N AND LINDEN AVE N,,,1,Property Damage Only Collision,Parked Car,2,0,0,2,2004/01/06 00:00:00+00,1/6/2004,Mid-Block (not related to intersection),14,"MOTOR VEHICLE STRUCK MOTOR VEHICLE, REAR END",,0,Snowing,Snow/Slush,Daylight,,4006029.0,,32,One parked--one moving,0,0,N
8301,1,-122.33587560000001,47.6015198,10360,24033,24033,664806,Matched,Block,,ALASKAN E RDWY WAY S BETWEEN YESLER WAY AND S WASHINGTON ST,,,1,Property Damage Only Collision,Parked Car,0,0,0,2,2004/08/03 00:00:00+00,8/3/2004,Mid-Block (not related to intersection),14,"MOTOR VEHICLE STRUCK MOTOR VEHICLE, REAR END",,0,Clear,Dry,Daylight,,4216032.0,,32,One parked--one moving,0,0,N
8302,1,-122.31535729999999,47.57948144,10361,24335,24335,1469549,Matched,Block,,S LANDER ST BETWEEN 13TH AVE S AND 14TH AVE S,,,1,Property Damage Only Collision,Parked Car,2,0,0,2,2004/03/12 00:00:00+00,3/12/2004 9:37:00 PM,Mid-Block (not related to intersection),15,"MOTOR VEHICLE STRUCK MOTOR VEHICLE, RIGHT SIDE SIDESWIPE",,0,Clear,Dry,Dark - Street Lights On,,4072012.0,,32,One parked--one moving,0,0,N
8303,2,-122.37755359999998,47.66570701,10362,24196,24196,1220351,Matched,Block,,NW 51ST ST BETWEEN 15TH AVE NW AND 17TH AVE NW,,,2,Injury Collision,Pedestrian,3,1,0,1,2004/08/03 00:00:00+00,8/3/2004,Mid-Block (not related to intersection),24,MOTOR VEHCILE STRUCK PEDESTRIAN,Y,0,Overcast,Dry,Daylight,,4216028.0,,0,Vehicle going straight hits pedestrian,0,0,N
8304,2,-122.33745420000001,47.61505675,10363,23910,23910,537843,Matched,Intersection,29540.0,7TH AVE AND VIRGINIA ST,,,2,Injury Collision,Angles,0,0,0,2,2004/03/25 00:00:00+00,3/25/2004 4:49:00 AM,At Intersection (intersection related),11,"MOTOR VEHICLE STRUCK MOTOR VEHICLE, FRONT END AT ANGLE",,0,Overcast,Dry,Dark - Street Lights On,,4085005.0,,10,Entering at angle,0,0,N
8305,1,-122.3607605,47.56012039,10364,23928,23928,1781211,Matched,Block,,22ND AVE SW BETWEEN 23RD AVE SW AND 21ST AVE SW,,,1,Property Damage Only Collision,Other,1,0,0,1,2004/07/04 00:00:00+00,7/4/2004,Mid-Block (but intersection related),28,MOTOR VEHICLE RAN OFF ROAD - HIT FIXED OBJECT,,0,Clear,Dry,Dark - Street Lights On,,4186003.0,,50,Fixed object,0,0,N
8306,1,-122.3534057,47.65307552,10365,24380,24380,1088241,Matched,Block,,FRANCIS AVE N BETWEEN N 36TH ST AND N 39TH ST,,,1,Property Damage Only Collision,Parked Car,2,0,0,2,2004/06/02 00:00:00+00,6/2/2004,Mid-Block (not related to intersection),13,"MOTOR VEHICLE STRUCK MOTOR VEHICLE, LEFT SIDE AT ANGLE",,0,Unknown,Unknown,Unknown,,4154039.0,,32,One parked--one moving,0,0,N
8307,2,-122.34499679999999,47.72503555,10366,25338,25338,1773759,Matched,Block,,AURORA AVE N BETWEEN N 130TH ST AND N 135TH ST,,,2,Injury Collision,Pedestrian,2,1,0,1,2004/01/14 00:00:00+00,1/14/2004 6:50:00 PM,Driveway Junction,24,MOTOR VEHCILE STRUCK PEDESTRIAN,,0,Raining,Wet,Dark - Street Lights On,Y,4014008.0,,2,Vehicle turning left hits pedestrian,0,0,N
8308,2,-122.33420079999999,47.57981114,10367,24141,24141,1218905,Matched,Intersection,31372.0,1ST AVE S AND S LANDER ST,,,2,Injury Collision,Left Turn,2,0,0,2,2004/08/06 00:00:00+00,8/6/2004,At Intersection (intersection related),11,"MOTOR VEHICLE STRUCK MOTOR VEHICLE, FRONT END AT ANGLE",,0,Raining,Wet,Daylight,,4219005.0,,28,From opposite direction - one left turn - one straight,0,0,N
8309,1,-122.3443437,47.57156002,10368,24578,24578,1789293,Matched,Block,,S SPOKANE ST BETWEEN SW SPOKANE ST AND S SPOKANE NR ST,,,1,Property Damage Only Collision,Sideswipe,2,0,0,2,2004/03/05 00:00:00+00,3/5/2004,Mid-Block (not related to intersection),15,"MOTOR VEHICLE STRUCK MOTOR VEHICLE, RIGHT SIDE SIDESWIPE",,0,Overcast,Wet,Daylight,,4065002.0,,11,From same direction - both going straight - both moving - sideswipe,0,0,N
8310,1,-122.35483729999999,47.54832347,10369,24651,24651,1790602,Matched,Block,,16TH AVE SW BETWEEN SW FINDLAY ST AND SW MORGAN ST,,,1,Property Damage Only Collision,Rear Ended,2,0,0,2,2004/05/18 00:00:00+00,5/18/2004 10:15:00 AM,Mid-Block (not related to intersection),14,"MOTOR VEHICLE STRUCK MOTOR VEHICLE, REAR END",,0,Clear,Dry,Daylight,,4139027.0,,14,From same direction - both going straight - one stopped - rear-end,0,0,N
8311,2,-122.30090609999999,47.66050997,10370,23552,23552,1774162,Matched,Intersection,27294.0,25TH AVE NE AND NE 44TH ST,,,2,Injury Collision,Cycles,2,0,1,1,2004/03/19 00:00:00+00,3/19/2004 9:59:00 AM,At Intersection (intersection related),18,"MOTOR VEHICLE STRUCK PEDALCYCLIST, FRONT END AT ANGLE",,1,Clear,Dry,Daylight,Y,4079007.0,,45,Vehicle - Pedalcyclist,0,0,N
8312,1,-122.32788729999999,47.61617237,10371,24806,24806,1214399,Matched,Block,,MELROSE AVE BETWEEN YALE AVE AND OLIVE WAY,,,1,Property Damage Only Collision,Rear Ended,2,0,0,2,2004/08/17 00:00:00+00,8/17/2004 6:22:00 PM,Mid-Block (but intersection related),14,"MOTOR VEHICLE STRUCK MOTOR VEHICLE, REAR END",,0,Clear,Dry,Daylight,,4230020.0,,14,From same direction - both going straight - one stopped - rear-end,0,0,N
8313,1,-122.3290597,47.57404265,10372,24101,24101,1785106,Matched,Block,,4TH AVE S BETWEEN S HORTON ST AND S HINDS ST,,,1,Property Damage Only Collision,Other,1,0,0,1,2004/10/23 00:00:00+00,10/23/2004 3:56:00 AM,Mid-Block (but intersection related),28,MOTOR VEHICLE RAN OFF ROAD - HIT FIXED OBJECT,,0,Clear,Dry,Dark - Street Lights On,,4297006.0,,50,Fixed object,0,0,N
8314,1,-122.355429,47.62151945,10373,24693,24693,1783607,Matched,Block,,1ST AVE N BETWEEN THOMAS ST AND HARRISON ST,,,1,Property Damage Only Collision,Other,5,0,0,2,2004/09/11 00:00:00+00,9/11/2004 2:00:00 PM,Driveway Junction,11,"MOTOR VEHICLE STRUCK MOTOR VEHICLE, FRONT END AT ANGLE",,0,Overcast,Dry,Daylight,,4255031.0,,21,One car entering driveway access,0,0,N
8315,2,-122.29056340000001,47.6243183,10375,24448,24448,1787198,Matched,Block,,LAKE WASHINGTON BLVD E BETWEEN E FORD PL AND 32ND AVE E,,,2,Injury Collision,Other,1,0,0,1,2004/04/23 00:00:00+00,4/23/2004 6:02:00 PM,Driveway Junction,29,MOTOR VEHICLE OVERTURNED IN ROAD,,0,Clear,Dry,Daylight,,4114011.0,,52,Vehicle overturned,0,0,N
8316,1,-122.27598870000001,47.54602662,10376,23924,23924,1771374,Matched,Intersection,33547.0,RAINIER AVE S AND S GRAHAM ST,,,1,Property Damage Only Collision,Left Turn,2,0,0,2,2004/04/08 00:00:00+00,4/8/2004,At Intersection (intersection related),11,"MOTOR VEHICLE STRUCK MOTOR VEHICLE, FRONT END AT ANGLE",,0,Clear,Dry,Daylight,,4099034.0,,28,From opposite direction - one left turn - one straight,0,0,N
8317,1,-122.27710079999999,47.63802428,10377,24523,24523,1788471,Matched,Block,,43RD AVE E BETWEEN E NEWTON ST AND E LYNN ST,,,1,Property Damage Only Collision,Parked Car,2,0,0,2,2004/10/25 00:00:00+00,10/25/2004 11:30:00 AM,Mid-Block (not related to intersection),16,"MOTOR VEHICLE STRUCK MOTOR VEHICLE, LEFT SIDE SIDESWIPE",,0,Clear,Dry,Daylight,,4299029.0,,32,One parked--one moving,0,0,N
8318,1,-122.2847567,47.55010751,10378,24873,24873,1771905,Matched,Block,,RENTON AVE S BETWEEN S MEAD ST AND S JUNEAU ST,,,1,Property Damage Only Collision,Parked Car,2,0,0,2,2004/04/02 00:00:00+00,4/2/2004,Mid-Block (not related to intersection),11,"MOTOR VEHICLE STRUCK MOTOR VEHICLE, FRONT END AT ANGLE",,0,Clear,Dry,Daylight,,4093021.0,,32,One parked--one moving,0,0,N
8319,1,-122.31025890000002,47.5942141,10379,23281,23281,1774999,Matched,Block,,RAINIER AVE S BETWEEN S CHARLES N ST AND S CHARLES S ST,,,1,Property Damage Only Collision,Rear Ended,2,0,0,2,2004/09/15 00:00:00+00,9/15/2004 11:46:00 PM,Mid-Block (but intersection related),14,"MOTOR VEHICLE STRUCK MOTOR VEHICLE, REAR END",,0,Clear,Dry,Dark - Street Lights On,,4259011.0,,14,From same direction - both going straight - one stopped - rear-end,0,0,N
8320,1,-122.3553395,47.69421686,10380,23984,23984,1794680,Matched,Intersection,37438.0,GREENWOOD AVE N AND N 90TH ST,,,1,Property Damage Only Collision,Left Turn,2,0,0,2,2004/10/09 00:00:00+00,10/9/2004,At Intersection (intersection related),11,"MOTOR VEHICLE STRUCK MOTOR VEHICLE, FRONT END AT ANGLE",,0,Clear,Dry,Daylight,,4283035.0,,28,From opposite direction - one left turn - one straight,0,0,N
8321,1,-122.3947705,47.54257415,10381,24047,24047,1798378,Matched,Block,,48TH AVE SW BETWEEN SW HOLLY ST AND HOLLY CT SW,,,1,Property Damage Only Collision,Other,1,0,0,1,2004/06/03 00:00:00+00,6/3/2004,Mid-Block (not related to intersection),27,MOTOR VEHICLE RAN OFF ROAD - NO COLLISION,,0,Clear,Dry,Daylight,,4155036.0,,50,Fixed object,0,0,N
8322,1,-122.3033791,47.57308848,10383,24569,24569,1771625,Matched,Intersection,32530.0,23RD AVE S AND S HINDS ST,,,1,Property Damage Only Collision,Angles,2,0,0,2,2004/08/25 00:00:00+00,8/25/2004 12:15:00 PM,At Intersection (intersection related),11,"MOTOR VEHICLE STRUCK MOTOR VEHICLE, FRONT END AT ANGLE",,0,Clear,Wet,Daylight,,4238016.0,,10,Entering at angle,0,0,N
8323,1,-122.3868564,47.55841117,10384,24615,24615,1797926,Matched,Block,,CALIFORNIA AVE SW BETWEEN ERSKINE WAY SW AND SW HUDSON ST,,,1,Property Damage Only Collision,Parked Car,2,0,0,2,2004/09/05 00:00:00+00,9/5/2004,Mid-Block (not related to intersection),14,"MOTOR VEHICLE STRUCK MOTOR VEHICLE, REAR END",,0,Clear,Dry,Dark - Street Lights On,,4249026.0,,32,One parked--one moving,0,0,N
8324,1,-122.3069773,47.57356879,10385,23948,23948,1779422,Matched,Block,,19TH AVE S BETWEEN S HORTON ST AND S HINDS ST,,,1,Property Damage Only Collision,Parked Car,2,0,0,2,2004/11/21 00:00:00+00,11/21/2004 10:30:00 AM,Mid-Block (but intersection related),11,"MOTOR VEHICLE STRUCK MOTOR VEHICLE, FRONT END AT ANGLE",,0,Clear,Dry,Daylight,,4326002.0,,32,One parked--one moving,0,0,N
8325,1,-122.3363973,47.66649602,10386,24254,24254,1774516,Matched,Intersection,25517.0,WALLINGFORD AVE N AND N 52ND ST,,,1,Property Damage Only Collision,Angles,3,0,0,2,2004/01/19 00:00:00+00,1/19/2004 12:50:00 PM,At Intersection (intersection related),11,"MOTOR VEHICLE STRUCK MOTOR VEHICLE, FRONT END AT ANGLE",,0,Clear,Wet,Daylight,,4019017.0,,10,Entering at angle,0,0,N
8326,1,-122.3374331,47.66794398,10387,25172,25172,1793984,Matched,Block,,N 54TH ST BETWEEN WOODLAWN AVE N AND WALLINGFORD AVE N,,,1,Property Damage Only Collision,Other,1,0,0,1,2004/10/14 00:00:00+00,10/14/2004 4:09:00 AM,Mid-Block (not related to intersection),28,MOTOR VEHICLE RAN OFF ROAD - HIT FIXED OBJECT,,0,Clear,Dry,Dark - Street Lights On,,4288020.0,,50,Fixed object,0,0,N
8327,1,-122.31975349999999,47.60764512,10388,23720,23720,1772589,Matched,Block,,E JAMES WAY BETWEEN BROADWAY AND E CHERRY ST,,,1,Property Damage Only Collision,Rear Ended,4,0,0,3,2004/06/03 00:00:00+00,6/3/2004,Mid-Block (not related to intersection),14,"MOTOR VEHICLE STRUCK MOTOR VEHICLE, REAR END",,0,Clear,Dry,Daylight,,4155038.0,,14,From same direction - both going straight - one stopped - rear-end,0,0,N
8328,1,-122.3238142,47.62511806,10389,24441,24441,1198456,Matched,Block,,E ROY ST BETWEEN BELMONT AVE E AND BOYLSTON W AVE E,,,1,Property Damage Only Collision,Other,1,0,0,1,2004/11/27 00:00:00+00,11/27/2004 11:30:00 PM,Mid-Block (but intersection related),28,MOTOR VEHICLE RAN OFF ROAD - HIT FIXED OBJECT,,0,Unknown,Unknown,Unknown,,4332011.0,,50,Fixed object,0,0,N
8329,1,,,10391,24869,24869,1334101,Matched,Block,,ALASKAN WAY S BETWEEN S ROYAL BROUGHAM WAY AND S ATLANTIC ST,,,1,Property Damage Only Collision,Rear Ended,6,0,0,3,2004/04/29 00:00:00+00,4/29/2004 6:20:00 PM,Mid-Block (not related to intersection),14,"MOTOR VEHICLE STRUCK MOTOR VEHICLE, REAR END",,0,Clear,Dry,Daylight,,4120018.0,Y,13,From same direction - both going straight - both moving - rear-end,0,0,N
8330,1,-122.3220945,47.65051917,10392,23423,23423,C628377,Matched,Intersection,27157.0,EASTLAKE AVE E AND HARVARD AVE E,,,1,Property Damage Only Collision,Sideswipe,2,0,0,2,2004/01/26 00:00:00+00,1/26/2004 10:00:00 AM,At Intersection (intersection related),16,"MOTOR VEHICLE STRUCK MOTOR VEHICLE, LEFT SIDE SIDESWIPE",,0,Overcast,Dry,Daylight,,4026030.0,,11,From same direction - both going straight - both moving - sideswipe,0,0,N
8331,1,-122.3265953,47.62370859,10393,23696,23696,1772338,Matched,Block,,BELLEVUE AVE E BETWEEN E REPUBLICAN ST AND E MERCER ST,,,1,Property Damage Only Collision,Other,2,0,0,2,2004/06/05 00:00:00+00,6/5/2004,Driveway Junction,11,"MOTOR VEHICLE STRUCK MOTOR VEHICLE, FRONT END AT ANGLE",,0,Raining,Wet,Daylight,,4157026.0,,22,One car leaving driveway access,0,0,N
8332,1,,,10394,23898,23898,1771290,Matched,Block,,RAINIER AVE S BETWEEN S STEVENS ST AND M L KING JR WAY S,,,1,Property Damage Only Collision,Other,4,0,0,2,2004/02/05 00:00:00+00,2/5/2004,Driveway Junction,14,"MOTOR VEHICLE STRUCK MOTOR VEHICLE, REAR END",,0,Overcast,Wet,Daylight,,4036012.0,,21,One car entering driveway access,0,0,N
8333,2,-122.30276119999999,47.5992779,10395,24344,24344,1790007,Matched,Block,,S JACKSON ST BETWEEN 22ND AVE S AND 23RD AVE S,,,2,Injury Collision,Rear Ended,2,0,0,2,2004/06/01 00:00:00+00,6/1/2004,Mid-Block (but intersection related),14,"MOTOR VEHICLE STRUCK MOTOR VEHICLE, REAR END",,0,Clear,Dry,Daylight,,4153035.0,,14,From same direction - both going straight - one stopped - rear-end,0,0,N
8334,1,-122.3632965,47.56744416,10396,24267,24267,1482364,Matched,Block,,DELRIDGE WAY SW BETWEEN SW ANDOVER ST AND SW DAKOTA ST,,,1,Property Damage Only Collision,Parked Car,3,0,0,2,2004/03/23 00:00:00+00,3/23/2004 11:00:00 PM,Mid-Block (not related to intersection),16,"MOTOR VEHICLE STRUCK MOTOR VEHICLE, LEFT SIDE SIDESWIPE",,0,Raining,Wet,Dark - Street Lights On,,4083018.0,,32,One parked--one moving,0,0,N
8335,2,-122.3018097,47.58314526,10397,23540,23540,1772866,Matched,Intersection,31581.0,RAINIER AVE S AND S COLLEGE N ST,,,2,Injury Collision,Pedestrian,4,1,0,1,2004/08/31 00:00:00+00,8/31/2004 3:12:00 PM,At Intersection (intersection related),24,MOTOR VEHCILE STRUCK PEDESTRIAN,Y,0,Clear,Dry,Daylight,,4244034.0,,1,Vehicle turning right hits pedestrian,0,0,N
8336,2,-122.345027,47.72776725,10399,24213,24213,1220509,Matched,Block,,AURORA AVE N BETWEEN N 135TH ST AND N 137TH ST,,,2,Injury Collision,Rear Ended,3,0,0,2,2004/09/22 00:00:00+00,9/22/2004 1:45:00 PM,Mid-Block (but intersection related),14,"MOTOR VEHICLE STRUCK MOTOR VEHICLE, REAR END",Y,0,Raining,Wet,Daylight,,4266040.0,,14,From same direction - both going straight - one stopped - rear-end,0,0,N
8337,2,-122.32679340000001,47.61740698,10400,24390,24390,1798946,Matched,Block,,BELLEVUE AVE BETWEEN E OLIVE WAY AND E HOWELL ST,,,2,Injury Collision,Pedestrian,2,1,0,1,2004/09/12 00:00:00+00,9/12/2004 1:55:00 AM,Mid-Block (but intersection related),24,MOTOR VEHCILE STRUCK PEDESTRIAN,,1,Raining,Wet,Dark - Street Lights On,,4256003.0,,0,Vehicle going straight hits pedestrian,0,0,N
8338,1,-122.3336489,47.62311894,10401,24875,24875,1481318,Matched,Block,,REPUBLICAN ST BETWEEN FAIRVIEW AVE N AND MINOR AVE N,,,1,Property Damage Only Collision,Rear Ended,2,0,0,2,2004/02/13 00:00:00+00,2/13/2004 12:00:00 PM,Mid-Block (not related to intersection),14,"MOTOR VEHICLE STRUCK MOTOR VEHICLE, REAR END",,0,Clear,Dry,Daylight,,4044028.0,,13,From same direction - both going straight - both moving - rear-end,0,0,N
8339,1,-122.2986314,47.63324506,10403,24437,24437,1198403,Matched,Block,,E INTERLAKEN BLVD BETWEEN 24TH AVE E AND LAKE WASHINGTON BLVD E,,,1,Property Damage Only Collision,Parked Car,2,0,0,2,2004/11/13 00:00:00+00,11/13/2004 10:06:00 PM,Mid-Block (not related to intersection),12,"MOTOR VEHICLE STRUCK MOTOR VEHICLE, RIGHT SIDE AT ANGLE",,0,Clear,Dry,Unknown,,4318020.0,,32,One parked--one moving,0,0,N
8340,1,-122.32807859999998,47.60416123,10404,23555,23555,1216957,Matched,Intersection,29973.0,6TH AVE AND JAMES ST,,,1,Property Damage Only Collision,Sideswipe,2,0,0,2,2004/07/16 00:00:00+00,7/16/2004 2:46:00 PM,At Intersection (intersection related),16,"MOTOR VEHICLE STRUCK MOTOR VEHICLE, LEFT SIDE SIDESWIPE",,0,Overcast,Dry,Daylight,,4198021.0,,11,From same direction - both going straight - both moving - sideswipe,0,0,N
8341,1,-122.30223490000002,47.59980258,10405,24321,24321,1217231,Matched,Block,,23RD AVE S BETWEEN S MAIN ST AND S JACKSON ST,,,1,Property Damage Only Collision,Rear Ended,2,0,0,2,2004/09/08 00:00:00+00,9/8/2004,Mid-Block (but intersection related),14,"MOTOR VEHICLE STRUCK MOTOR VEHICLE, REAR END",,0,Clear,Dry,Daylight,,4252020.0,,14,From same direction - both going straight - one stopped - rear-end,0,0,N
8342,1,-122.35905090000001,47.65449889,10407,24690,24690,1794069,Matched,Block,,2ND AVE NW BETWEEN NW 39TH ST AND NW BOWDOIN PL,,,1,Property Damage Only Collision,Parked Car,2,0,0,2,2004/08/07 00:00:00+00,8/7/2004,Mid-Block (not related to intersection),15,"MOTOR VEHICLE STRUCK MOTOR VEHICLE, RIGHT SIDE SIDESWIPE",,0,Clear,Dry,Daylight,,4220006.0,,32,One parked--one moving,0,0,N
8343,2,-122.3207987,47.61523531,10410,24230,24230,1789669,Matched,Intersection,29736.0,BROADWAY AND E PINE ST,,,2,Injury Collision,Pedestrian,2,1,0,1,2004/02/03 00:00:00+00,2/3/2004,At Intersection (intersection related),24,MOTOR VEHCILE STRUCK PEDESTRIAN,,0,Raining,Wet,Dark - Street Lights On,,4034001.0,,0,Vehicle going straight hits pedestrian,0,0,N
8344,1,-122.32861499999999,47.6613615,10411,24668,24668,1079927,Matched,Block,,N 45TH ST BETWEEN EASTERN AVE N AND 1ST AVE NE,,,1,Property Damage Only Collision,Parked Car,2,0,0,2,2004/07/29 00:00:00+00,7/29/2004 5:00:00 PM,Mid-Block (not related to intersection),11,"MOTOR VEHICLE STRUCK MOTOR VEHICLE, FRONT END AT ANGLE",,0,Unknown,Dry,Daylight,,4211017.0,,32,One parked--one moving,0,0,N
8345,1,-122.3554489,47.70471993,10412,25154,25154,1784984,Matched,Block,,GREENWOOD AVE N BETWEEN N 104TH ST AND HOLMAN RD N,,,1,Property Damage Only Collision,Rear Ended,2,0,0,2,2004/11/19 00:00:00+00,11/19/2004 6:24:00 PM,Mid-Block (but intersection related),14,"MOTOR VEHICLE STRUCK MOTOR VEHICLE, REAR END",,0,Clear,Dry,Dark - Street Lights Off,,4324031.0,,14,From same direction - both going straight - one stopped - rear-end,0,0,N
8346,1,-122.35288,47.67209907,10414,23981,23981,1782267,Matched,Block,,DAYTON AVE N BETWEEN N 59TH ST AND N 60TH ST,,,1,Property Damage Only Collision,Parked Car,2,0,0,2,2004/10/03 00:00:00+00,10/3/2004,Mid-Block (not related to intersection),16,"MOTOR VEHICLE STRUCK MOTOR VEHICLE, LEFT SIDE SIDESWIPE",,0,Unknown,Unknown,Dark - Street Lights On,,4277027.0,,32,One parked--one moving,0,0,N
8347,1,-122.3207895,47.61465412,10415,24504,24504,1772472,Matched,Block,,BROADWAY BETWEEN E PIKE ST AND E PINE ST,,,1,Property Damage Only Collision,Rear Ended,4,0,0,2,2004/07/25 00:00:00+00,7/25/2004 4:40:00 PM,Mid-Block (not related to intersection),14,"MOTOR VEHICLE STRUCK MOTOR VEHICLE, REAR END",,0,Clear,Dry,Daylight,,4207011.0,,13,From same direction - both going straight - both moving - rear-end,0,0,N