,SEVERITYCODE,X,Y,OBJECTID,INCKEY,COLDETKEY,REPORTNO,STATUS,ADDRTYPE,INTKEY,LOCATION,EXCEPTRSNCODE,EXCEPTRSNDESC,SEVERITYCODE.1,SEVERITYDESC,COLLISIONTYPE,PERSONCOUNT,PEDCOUNT,PEDCYLCOUNT,VEHCOUNT,INCDATE,INCDTTM,JUNCTIONTYPE,SDOT_COLCODE,SDOT_COLDESC,INATTENTIONIND,UNDERINFL,WEATHER,ROADCOND,LIGHTCOND,PEDROWNOTGRNT,SDOTCOLNUM,SPEEDING,ST_COLCODE,ST_COLDESC,SEGLANEKEY,CROSSWALKKEY,HITPARKEDCAR
8348,1,-122.3346656,47.60968542,10416,24421,24421,1213758,Matched,Intersection,29913.0,5TH AVE AND UNION ST,,,1,Property Damage Only Collision,Angles,2,0,0,2,2004/03/25 00:00:00+00,3/25/2004 11:51:00 PM,At Intersection (intersection related),11,"MOTOR VEHICLE STRUCK MOTOR VEHICLE, FRONT END AT ANGLE",,0,Clear,Dry,Dark - Street Lights On,,4085027.0,,10,Entering at angle,0,0,N
8349,1,-122.3052797,47.64935233,10418,24098,24098,1775919,Matched,Block,,NE PACIFIC ST BETWEEN UNIV HOSPITAL DR AND MONTLAKE BLVD NE,,,1,Property Damage Only Collision,Other,2,0,0,2,2004/03/31 00:00:00+00,3/31/2004 12:38:00 PM,Driveway Junction,11,"MOTOR VEHICLE STRUCK MOTOR VEHICLE, FRONT END AT ANGLE",,0,Clear,Dry,Daylight,,4091011.0,,21,One car entering driveway access,0,0,N
8350,1,-122.2938717,47.56082958,10419,24396,24396,1785775,Matched,Block,,S ALASKA ST BETWEEN MCCOY PL S AND M L KING JR WR WAY S,,,1,Property Damage Only Collision,Angles,5,0,0,2,2004/06/25 00:00:00+00,6/25/2004 6:20:00 PM,Mid-Block (but intersection related),11,"MOTOR VEHICLE STRUCK MOTOR VEHICLE, FRONT END AT ANGLE",,0,Clear,Dry,Daylight,,4177013.0,,10,Entering at angle,0,0,N
8351,1,-122.3025499,47.61905091,10422,24067,24067,1216708,Matched,Block,,23RD AVE E BETWEEN E DENNY WAY AND E MADISON ST,,,1,Property Damage Only Collision,Angles,2,0,0,2,2004/08/13 00:00:00+00,8/13/2004 7:40:00 PM,Mid-Block (but intersection related),11,"MOTOR VEHICLE STRUCK MOTOR VEHICLE, FRONT END AT ANGLE",,0,Clear,Dry,Dusk,,4226035.0,,10,Entering at angle,0,0,N
8352,1,-122.33085109999999,47.51905466,10423,24663,24663,1977815,Matched,Block,,SR509 SB BETWEEN CLOVERDALE ST ON RP AND CITY LIMITS,,,1,Property Damage Only Collision,Other,1,0,0,1,2004/09/01 00:00:00+00,9/1/2004,Mid-Block (not related to intersection),26,MOTOR VEHICLE STRUCK OBJECT IN ROAD,,0,Raining,Wet,Daylight,,4245030.0,Y,50,Fixed object,0,0,N
8353,1,-122.38213359999999,47.6701801,10425,23566,23566,1773552,Matched,Intersection,25138.0,20TH AVE NW AND NW 57TH ST,,,1,Property Damage Only Collision,Angles,3,0,0,3,2004/01/23 00:00:00+00,1/23/2004 6:26:00 PM,At Intersection (intersection related),11,"MOTOR VEHICLE STRUCK MOTOR VEHICLE, FRONT END AT ANGLE",,0,Raining,Wet,Dark - Street Lights On,,4023012.0,,10,Entering at angle,0,0,N
8354,1,-122.3445262,47.69092352,10426,23975,23975,1773807,Matched,Block,,AURORA AVE N BETWEEN N 85TH ST AND N 86TH ST,,,1,Property Damage Only Collision,Other,3,0,0,2,2004/02/04 00:00:00+00,2/4/2004,Driveway Junction,11,"MOTOR VEHICLE STRUCK MOTOR VEHICLE, FRONT END AT ANGLE",,0,Raining,Wet,Daylight,,4035012.0,,21,One car entering driveway access,0,0,N
8355,1,-122.3473347,47.65945569,10427,23761,23761,1080185,Matched,Block,,AURORA AVE N BETWEEN N 43RD S ST AND N 43RD N ST,,,1,Property Damage Only Collision,Other,2,0,0,1,2004/07/31 00:00:00+00,7/31/2004 12:34:00 AM,Mid-Block (not related to intersection),26,MOTOR VEHICLE STRUCK OBJECT IN ROAD,,0,Clear,Dry,Dark - Street Lights On,,4213024.0,,50,Fixed object,0,0,N
8356,1,-122.30808300000001,47.63752373,10428,24493,24493,1216802,Matched,Block,,19TH AVE E BETWEEN E INTERLAKEN BLVD AND BOYER AVE E,,,1,Property Damage Only Collision,Parked Car,5,0,0,2,2004/06/28 00:00:00+00,6/28/2004 7:00:00 PM,Mid-Block (not related to intersection),11,"MOTOR VEHICLE STRUCK MOTOR VEHICLE, FRONT END AT ANGLE",,0,Clear,Dry,Daylight,,4180004.0,,32,One parked--one moving,0,0,N
8357,1,-122.27766409999998,47.55117602,10431,24308,24308,1793055,Matched,Intersection,33512.0,RAINIER AVE S AND S ORCAS ST,,,1,Property Damage Only Collision,Left Turn,3,0,0,2,2004/07/21 00:00:00+00,7/21/2004 4:26:00 PM,At Intersection (intersection related),11,"MOTOR VEHICLE STRUCK MOTOR VEHICLE, FRONT END AT ANGLE",,0,Clear,Dry,Daylight,,4203042.0,,28,From opposite direction - one left turn - one straight,0,0,N
8358,1,-122.35093359999999,47.61364361,10432,24185,24185,1482314,Matched,Block,,ELLIOTT AVE BETWEEN WALL ST AND VINE ST,,,1,Property Damage Only Collision,Sideswipe,2,0,0,2,2004/04/30 00:00:00+00,4/30/2004 6:00:00 AM,Mid-Block (not related to intersection),16,"MOTOR VEHICLE STRUCK MOTOR VEHICLE, LEFT SIDE SIDESWIPE",,0,Clear,Dry,Daylight,,4121006.0,,11,From same direction - both going straight - both moving - sideswipe,0,0,N
8359,1,-122.3418179,47.68891559,10433,24779,24779,C650866,Matched,Block,,STONE AVE N BETWEEN N 82ND N ST AND N 83RD ST,,,1,Property Damage Only Collision,Head On,2,0,0,2,2004/12/30 00:00:00+00,12/30/2004 1:30:00 PM,Mid-Block (not related to intersection),11,"MOTOR VEHICLE STRUCK MOTOR VEHICLE, FRONT END AT ANGLE",,0,Overcast,Wet,Daylight,,4365039.0,,24,From opposite direction - both moving - head-on,0,0,N
8360,2,-122.32636049999999,47.59919276,10434,25036,25036,1321503,Matched,Intersection,30511.0,6TH AVE S AND S JACKSON ST,,,2,Injury Collision,Left Turn,2,0,0,2,2004/11/22 00:00:00+00,11/22/2004 8:57:00 PM,At Intersection (intersection related),11,"MOTOR VEHICLE STRUCK MOTOR VEHICLE, FRONT END AT ANGLE",,0,Raining,Wet,Dark - Street Lights On,,4327008.0,,28,From opposite direction - one left turn - one straight,0,0,N
8361,1,-122.302329,47.65499523,10435,23871,23871,1329244,Matched,Block,,MONTLAKE BLVD NE BETWEEN NE PACIFIC PL AND 25TH AVE NE,,,1,Property Damage Only Collision,Rear Ended,2,0,0,2,2004/02/18 00:00:00+00,2/18/2004 2:52:00 PM,Mid-Block (not related to intersection),14,"MOTOR VEHICLE STRUCK MOTOR VEHICLE, REAR END",,0,Overcast,Dry,Daylight,,4049009.0,,13,From same direction - both going straight - both moving - rear-end,0,0,N
8362,2,,,10436,24290,24290,1069699,Matched,Intersection,30367.0,ALASKAN WAY S AND S KING ST,,,2,Injury Collision,Cycles,2,0,1,1,2004/12/22 00:00:00+00,12/22/2004 7:44:00 AM,At Intersection (intersection related),51,PEDALCYCLIST STRUCK MOTOR VEHICLE FRONT END AT ANGLE,,0,Clear,Dry,Daylight,,4357029.0,,45,Vehicle - Pedalcyclist,0,0,N
8363,1,-122.3724186,47.51743718,10439,23562,23562,1203769,Matched,Block,,SW ROXBURY ST BETWEEN 30TH AVE SW AND 31ST PL SW,,,1,Property Damage Only Collision,Other,1,0,0,1,2004/01/23 00:00:00+00,1/23/2004 11:05:00 PM,Mid-Block (not related to intersection),28,MOTOR VEHICLE RAN OFF ROAD - HIT FIXED OBJECT,,1,Raining,Wet,Dark - Street Lights On,,4023002.0,,50,Fixed object,0,0,N
8364,1,-122.2849078,47.56125844,10440,23826,23826,1793380,Matched,Block,,38TH AVE S BETWEEN S CONOVER WAY AND S ALASKA ST,,,1,Property Damage Only Collision,Other,2,0,0,2,2004/09/21 00:00:00+00,9/21/2004 7:11:00 PM,Mid-Block (not related to intersection),13,"MOTOR VEHICLE STRUCK MOTOR VEHICLE, LEFT SIDE AT ANGLE",,1,Clear,Dry,Daylight,,4265022.0,,50,Fixed object,0,0,N
8365,2,-122.30047250000001,47.71041993,10443,24666,24666,1079855,Matched,Intersection,36659.0,LAKE CITY WAY NE AND NE NORTHGATE WAY,,,2,Injury Collision,Angles,2,0,0,2,2004/07/14 00:00:00+00,7/14/2004 5:50:00 PM,At Intersection (intersection related),11,"MOTOR VEHICLE STRUCK MOTOR VEHICLE, FRONT END AT ANGLE",,0,Overcast,Dry,Daylight,,4196023.0,,10,Entering at angle,0,0,N
8366,1,-122.3602603,47.63959716,10444,25001,25001,1777207,Matched,Block,,W MCGRAW ST BETWEEN W MCGRAW E PL AND W MCGRAW W PL,,,1,Property Damage Only Collision,Parked Car,2,0,0,2,2004/01/31 00:00:00+00,1/31/2004 11:09:00 AM,Mid-Block (not related to intersection),11,"MOTOR VEHICLE STRUCK MOTOR VEHICLE, FRONT END AT ANGLE",,0,Unknown,Ice,Dark - Street Lights On,,4031012.0,,32,One parked--one moving,0,0,N
8367,1,-122.34479520000001,47.71119659,10445,23141,23141,C650801,Matched,Block,,AURORA AVE N BETWEEN N 112TH ST AND N 115TH ST,,,1,Property Damage Only Collision,Other,2,0,0,2,2004/12/11 00:00:00+00,12/11/2004 1:50:00 AM,Driveway Junction,11,"MOTOR VEHICLE STRUCK MOTOR VEHICLE, FRONT END AT ANGLE",,0,Clear,Dry,Daylight,,4346044.0,,21,One car entering driveway access,0,0,N
8368,1,-122.306357,47.59925471,10446,24119,24119,1772163,Matched,Intersection,30754.0,20TH AVE S AND S JACKSON ST,,,1,Property Damage Only Collision,Angles,2,0,0,2,2004/06/26 00:00:00+00,6/26/2004 9:00:00 AM,At Intersection (intersection related),11,"MOTOR VEHICLE STRUCK MOTOR VEHICLE, FRONT END AT ANGLE",,0,Clear,Dry,Daylight,,4178011.0,,10,Entering at angle,0,0,N
8369,1,-122.3046603,47.62481033,10447,24223,24223,C649704,Matched,Block,,21ST AVE E BETWEEN E MERCER ST AND E ROY ST,,,1,Property Damage Only Collision,Parked Car,2,0,0,2,2004/12/02 00:00:00+00,12/2/2004,Mid-Block (but intersection related),16,"MOTOR VEHICLE STRUCK MOTOR VEHICLE, LEFT SIDE SIDESWIPE",,0,Overcast,Dry,Daylight,,4337035.0,,32,One parked--one moving,0,0,N
8370,2,-122.39368370000001,47.668651399999995,10448,24636,24636,C649383,Matched,Block,,NW MARKET ST BETWEEN 28TH AVE NW AND NW 54TH ST,,,2,Injury Collision,Other,2,0,0,2,2004/09/21 00:00:00+00,9/21/2004 11:50:00 AM,Driveway Junction,14,"MOTOR VEHICLE STRUCK MOTOR VEHICLE, REAR END",,0,Clear,Dry,Daylight,,4265030.0,,21,One car entering driveway access,0,0,N
8371,1,-122.2634308,47.55110958,10449,24565,24565,1088244,Matched,Block,,S ORCAS ST BETWEEN 55TH AVE S AND SEWARD PARK AVE S,,,1,Property Damage Only Collision,Parked Car,2,0,0,2,2004/05/05 00:00:00+00,5/5/2004,Mid-Block (not related to intersection),13,"MOTOR VEHICLE STRUCK MOTOR VEHICLE, LEFT SIDE AT ANGLE",,0,Unknown,Unknown,Unknown,,4126043.0,,32,One parked--one moving,0,0,N
8372,1,-122.3244612,47.55980608,10451,23802,23802,1798138,Matched,Block,,S EDMUNDS ST BETWEEN DEAD END 1 AND AIRPORT WAY S,,,1,Property Damage Only Collision,Parked Car,2,0,0,2,2004/11/22 00:00:00+00,11/22/2004 12:30:00 PM,Mid-Block (but intersection related),13,"MOTOR VEHICLE STRUCK MOTOR VEHICLE, LEFT SIDE AT ANGLE",Y,0,Overcast,Dry,Daylight,,4327010.0,,32,One parked--one moving,0,0,N
8373,1,-122.2860912,47.54701438,10452,24683,24683,1779419,Matched,Block,,M L KING JR WR WAY S BETWEEN S RAYMOND ST AND S GRAHAM ST,,,1,Property Damage Only Collision,Sideswipe,2,0,0,2,2004/11/13 00:00:00+00,11/13/2004 6:52:00 PM,Driveway Junction,11,"MOTOR VEHICLE STRUCK MOTOR VEHICLE, FRONT END AT ANGLE",,0,Clear,Dry,Dark - Street Lights On,,4318015.0,,12,From same direction - both going straight - one stopped - sideswipe,0,0,N
8374,1,-122.2941996,47.5426476,10453,24888,24888,1793112,Matched,Block,,S HOLLY ST BETWEEN SHAFFER AVE S AND 30TH AVE S,,,1,Property Damage Only Collision,Parked Car,2,0,0,2,2004/10/16 00:00:00+00,10/16/2004 11:11:00 AM,Mid-Block (not related to intersection),12,"MOTOR VEHICLE STRUCK MOTOR VEHICLE, RIGHT SIDE AT ANGLE",,0,Overcast,Dry,Daylight,,4290026.0,,32,One parked--one moving,0,0,N
8375,2,-122.36198200000001,47.69063291,10455,24727,24727,1780149,Matched,Block,,NW 85TH ST BETWEEN 3RD AVE NW AND 6TH AVE NW,,,2,Injury Collision,Other,3,0,0,3,2004/03/04 00:00:00+00,3/4/2004,Driveway Junction,11,"MOTOR VEHICLE STRUCK MOTOR VEHICLE, FRONT END AT ANGLE",,0,Raining,Wet,Daylight,,4064011.0,,22,One car leaving driveway access,0,0,N
8376,1,-122.3087396,47.62049144,10457,24861,24861,1217002,Matched,Intersection,29368.0,18TH AVE E AND E THOMAS ST,,,1,Property Damage Only Collision,Angles,4,0,0,3,2004/08/02 00:00:00+00,8/2/2004,At Intersection (intersection related),11,"MOTOR VEHICLE STRUCK MOTOR VEHICLE, FRONT END AT ANGLE",,0,Clear,Dry,Daylight,,4215018.0,,10,Entering at angle,0,0,N
8377,1,-122.3452248,47.61437118,10458,23133,23133,1778263,Matched,Block,,BELL ST BETWEEN 2ND AVE AND 3RD AVE,,,1,Property Damage Only Collision,Parked Car,2,0,0,2,2004/07/30 00:00:00+00,7/30/2004 1:00:00 AM,Mid-Block (not related to intersection),11,"MOTOR VEHICLE STRUCK MOTOR VEHICLE, FRONT END AT ANGLE",,0,Clear,Dry,Dark - Street Lights On,,4212001.0,,32,One parked--one moving,0,0,N
8378,1,-122.2699882,47.52994139,10459,24108,24108,1783976,Matched,Block,,RAINIER AVE S BETWEEN S ELMGROVE ST AND S ROSE N ST,,,1,Property Damage Only Collision,Other,2,0,0,1,2004/11/12 00:00:00+00,11/12/2004 10:36:00 PM,Mid-Block (not related to intersection),28,MOTOR VEHICLE RAN OFF ROAD - HIT FIXED OBJECT,,1,Clear,Dry,Dark - Street Lights On,,4317007.0,,50,Fixed object,0,0,N
8379,1,-122.2797419,47.51942161,10460,24038,24038,1793261,Matched,Block,,M L KING JR ER WAY S BETWEEN S DIRECTOR ST AND MERTON WAY S,,,1,Property Damage Only Collision,Rear Ended,4,0,0,2,2004/07/24 00:00:00+00,7/24/2004 5:22:00 PM,Mid-Block (not related to intersection),14,"MOTOR VEHICLE STRUCK MOTOR VEHICLE, REAR END",Y,0,Clear,Dry,Daylight,,4206020.0,,14,From same direction - both going straight - one stopped - rear-end,0,0,N
8380,1,-122.3367472,47.68630425,10461,24487,24487,1794955,Matched,Block,,WALLINGFORD AVE N BETWEEN EAST GREEN LAKE DR N AND N 80TH ST,,,1,Property Damage Only Collision,Parked Car,2,0,0,2,2004/09/15 00:00:00+00,9/15/2004 6:15:00 PM,Mid-Block (not related to intersection),14,"MOTOR VEHICLE STRUCK MOTOR VEHICLE, REAR END",,0,Clear,Wet,Dusk,,4259008.0,,32,One parked--one moving,0,0,N
8381,1,-122.3054768,47.69347501,10463,23396,23396,1773981,Matched,Block,,LAKE CITY WAY NE BETWEEN NE 89TH ST AND NE 90TH ST,,,1,Property Damage Only Collision,Other,1,0,0,1,2004/03/14 00:00:00+00,3/14/2004 7:12:00 AM,Mid-Block (not related to intersection),28,MOTOR VEHICLE RAN OFF ROAD - HIT FIXED OBJECT,,0,Clear,Dry,Daylight,,4074009.0,,50,Fixed object,0,0,N
8382,1,-122.3340898,47.54564561,10464,24602,24602,1181999,Matched,Block,,1ST AV S BR SB BETWEEN EAST MARGINAL WAY S AND 1ST AV S SB ON RP,,,1,Property Damage Only Collision,Other,2,0,0,1,2004/08/09 00:00:00+00,8/9/2004,Mid-Block (not related to intersection),28,MOTOR VEHICLE RAN OFF ROAD - HIT FIXED OBJECT,,0,Clear,Dry,Dark - Street Lights On,,4222025.0,Y,50,Fixed object,0,0,N
8383,1,-122.34218390000001,47.61139963,10468,25022,25022,1186793,Matched,Block,,VIRGINIA ST BETWEEN 1ST AVE AND 2ND AVE,,,1,Property Damage Only Collision,Sideswipe,2,0,0,2,2004/03/11 00:00:00+00,3/11/2004 11:31:00 AM,Mid-Block (but intersection related),16,"MOTOR VEHICLE STRUCK MOTOR VEHICLE, LEFT SIDE SIDESWIPE",,0,Clear,Dry,Daylight,,4071009.0,,12,From same direction - both going straight - one stopped - sideswipe,0,0,N
8384,1,-122.2972446,47.62183389,10471,23266,23266,1074504,Matched,Block,,27TH AVE E BETWEEN E THOMAS ST AND E ARTHUR PL,,,1,Property Damage Only Collision,Parked Car,2,0,0,2,2004/04/30 00:00:00+00,4/30/2004 8:36:00 PM,Mid-Block (not related to intersection),11,"MOTOR VEHICLE STRUCK MOTOR VEHICLE, FRONT END AT ANGLE",,0,Clear,Dry,Daylight,,4121016.0,,32,One parked--one moving,0,0,N
8385,2,-122.32853490000002,47.60298463,10472,24325,24325,1776970,Matched,Intersection,30478.0,5TH AVE AND JEFFERSON ST,,,2,Injury Collision,Left Turn,3,0,0,2,2004/05/13 00:00:00+00,5/13/2004 6:40:00 AM,At Intersection (intersection related),11,"MOTOR VEHICLE STRUCK MOTOR VEHICLE, FRONT END AT ANGLE",,0,Clear,Dry,Daylight,,4134017.0,,15,From same direction - one left turn - one straight,0,0,N
8386,2,-122.31106979999998,47.5620043,10473,24243,24243,1771868,Matched,Intersection,32553.0,VETRN HOSPITAL DR AND S COLUMBIAN WAY,,,2,Injury Collision,Pedestrian,3,1,0,1,2004/07/15 00:00:00+00,7/15/2004 12:02:00 PM,At Intersection (intersection related),24,MOTOR VEHCILE STRUCK PEDESTRIAN,,0,Clear,Dry,Daylight,,4197003.0,,0,Vehicle going straight hits pedestrian,0,0,N
8387,1,-122.35605179999999,47.62545323,10475,23742,23742,1479567,Matched,Block,,ROY ST BETWEEN QUEEN ANNE AVE N AND 1ST AVE N,,,1,Property Damage Only Collision,Rear Ended,2,0,0,2,2004/07/13 00:00:00+00,7/13/2004 5:29:00 PM,Mid-Block (not related to intersection),14,"MOTOR VEHICLE STRUCK MOTOR VEHICLE, REAR END",,0,Clear,Dry,Daylight,,4195007.0,,14,From same direction - both going straight - one stopped - rear-end,0,0,N
8388,2,-122.31687920000002,47.70855484,10477,23908,23908,527902,Matched,Block,,NE NORTHGATE WAY BETWEEN ROOSEVELT WAY NE AND 11TH AVE NE,,,2,Injury Collision,Other,0,0,0,2,2004/01/29 00:00:00+00,1/29/2004 9:42:00 PM,Driveway Junction,11,"MOTOR VEHICLE STRUCK MOTOR VEHICLE, FRONT END AT ANGLE",,0,Raining,Wet,Dark - Street Lights On,,4029033.0,,22,One car leaving driveway access,0,0,N
8389,1,-122.3358381,47.62319937,10479,24671,24671,1482861,Matched,Intersection,28770.0,BOREN AVE N AND REPUBLICAN ST,,,1,Property Damage Only Collision,Rear Ended,2,0,0,2,2004/06/11 00:00:00+00,6/11/2004 6:43:00 PM,At Intersection (intersection related),16,"MOTOR VEHICLE STRUCK MOTOR VEHICLE, LEFT SIDE SIDESWIPE",,0,Clear,Dry,Daylight,,4163012.0,,83,Same direction -- both turning left -- both moving -- rear end,0,0,N
8390,2,-122.3341832,47.60046507,10481,23852,23852,1079935,Matched,Block,,1ST AVE S BETWEEN S WASHINGTON ST AND S MAIN ST,,,2,Injury Collision,Rear Ended,2,0,0,2,2004/11/25 00:00:00+00,11/25/2004 12:10:00 AM,Mid-Block (but intersection related),14,"MOTOR VEHICLE STRUCK MOTOR VEHICLE, REAR END",Y,0,Overcast,Wet,Dusk,,4330039.0,,14,From same direction - both going straight - one stopped - rear-end,0,0,N
8391,1,-122.30223490000002,47.59980258,10482,23978,23978,1772407,Matched,Block,,23RD AVE S BETWEEN S MAIN ST AND S JACKSON ST,,,1,Property Damage Only Collision,Other,3,0,0,2,2004/10/06 00:00:00+00,10/6/2004,Driveway Junction,14,"MOTOR VEHICLE STRUCK MOTOR VEHICLE, REAR END",,0,Clear,Dry,Daylight,,4280010.0,,22,One car leaving driveway access,0,0,N
8392,2,-122.32530600000001,47.62198601,10483,24043,24043,1787283,Matched,Intersection,29140.0,SUMMIT AVE E AND E HARRISON ST,,,2,Injury Collision,Angles,4,0,0,2,2004/01/16 00:00:00+00,1/16/2004 3:07:00 PM,At Intersection (intersection related),11,"MOTOR VEHICLE STRUCK MOTOR VEHICLE, FRONT END AT ANGLE",,0,Clear,Dry,Daylight,,4016023.0,,10,Entering at angle,0,0,N
8393,2,-122.374104,47.69243644,10486,24315,24315,1079907,Matched,Block,,14TH AVE NW BETWEEN NW 85TH ST AND NW 90TH ST,,,2,Injury Collision,Parked Car,5,0,0,4,2004/07/12 00:00:00+00,7/12/2004 1:07:00 PM,Mid-Block (not related to intersection),11,"MOTOR VEHICLE STRUCK MOTOR VEHICLE, FRONT END AT ANGLE",,0,Clear,Dry,Daylight,,4194018.0,,32,One parked--one moving,0,0,N
8394,1,-122.33357849999999,47.66958105,10487,24102,24102,1788461,Matched,Block,,KEYSTONE PL N BETWEEN N 55TH ST AND N 57TH ST,,,1,Property Damage Only Collision,Parked Car,2,0,0,2,2004/05/17 00:00:00+00,5/17/2004 9:30:00 PM,Mid-Block (but intersection related),16,"MOTOR VEHICLE STRUCK MOTOR VEHICLE, LEFT SIDE SIDESWIPE",Y,0,Unknown,Unknown,Unknown,,4138040.0,,32,One parked--one moving,0,0,N
8395,1,-122.33419369999999,47.57139257,10488,24250,24250,1213873,Matched,Intersection,32340.0,1ST AVE S AND S SPOKANE SR ST,,,1,Property Damage Only Collision,Angles,3,0,0,2,2004/09/15 00:00:00+00,9/15/2004 8:25:00 AM,At Intersection (intersection related),11,"MOTOR VEHICLE STRUCK MOTOR VEHICLE, FRONT END AT ANGLE",,0,Overcast,Dry,Daylight,,4259020.0,,10,Entering at angle,0,0,N
8396,1,-122.31348290000001,47.55234567,10490,24453,24453,1771964,Matched,Block,,15TH AVE S BETWEEN S LUCILE ST AND S ORCAS ST,,,1,Property Damage Only Collision,Pedestrian,2,1,0,1,2004/03/26 00:00:00+00,3/26/2004 12:07:00 PM,Mid-Block (not related to intersection),24,MOTOR VEHCILE STRUCK PEDESTRIAN,Y,0,Clear,Dry,Daylight,,4086057.0,,0,Vehicle going straight hits pedestrian,0,0,N
8397,2,-122.2934196,47.57312296,10494,23139,23139,1793234,Matched,Block,,S WALDEN ST BETWEEN RAINIER AVE S AND WETMORE AVE S,,,2,Injury Collision,Pedestrian,2,1,0,1,2004/11/30 00:00:00+00,11/30/2004 7:04:00 AM,Driveway Junction,24,MOTOR VEHCILE STRUCK PEDESTRIAN,,0,Raining,Wet,Dawn,Y,4335029.0,,2,Vehicle turning left hits pedestrian,0,0,N
8398,1,-122.3596743,47.63292495,10495,23691,23691,1182084,Matched,Block,,2ND AVE W BETWEEN W GALER W ST AND W GARFIELD ST,,,1,Property Damage Only Collision,Parked Car,2,0,0,2,2004/08/20 00:00:00+00,8/20/2004 6:00:00 PM,Mid-Block (not related to intersection),14,"MOTOR VEHICLE STRUCK MOTOR VEHICLE, REAR END",,0,Clear,Dry,Dusk,,4233026.0,,32,One parked--one moving,0,0,N
8399,1,-122.3660017,47.68693636,10496,23758,23758,1080263,Matched,Intersection,24137.0,8TH AVE NW AND NW 80TH ST,,,1,Property Damage Only Collision,Left Turn,4,0,0,2,2004/08/02 00:00:00+00,8/2/2004,At Intersection (intersection related),11,"MOTOR VEHICLE STRUCK MOTOR VEHICLE, FRONT END AT ANGLE",,0,Clear,Dry,Daylight,,4215017.0,,28,From opposite direction - one left turn - one straight,0,0,N
8400,1,-122.3172254,47.59876333,10497,24341,24341,1789745,Matched,Block,,12TH AVE S BETWEEN S JACKSON ST AND S KING ST,,,1,Property Damage Only Collision,Sideswipe,2,0,0,2,2004/01/20 00:00:00+00,1/20/2004 8:20:00 AM,Mid-Block (not related to intersection),16,"MOTOR VEHICLE STRUCK MOTOR VEHICLE, LEFT SIDE SIDESWIPE",,0,Clear,Dry,Daylight,,4020008.0,,11,From same direction - both going straight - both moving - sideswipe,0,0,N
8401,1,-122.3207524,47.60721842,10498,24416,24416,1772591,Matched,Intersection,29801.0,BROADWAY AND JAMES ST,,,1,Property Damage Only Collision,Angles,3,0,0,2,2004/06/06 00:00:00+00,6/6/2004,At Intersection (intersection related),11,"MOTOR VEHICLE STRUCK MOTOR VEHICLE, FRONT END AT ANGLE",,0,Clear,Wet,Daylight,,4158031.0,,10,Entering at angle,0,0,N
8402,1,-122.33310390000001,47.60797946,10499,23259,23259,1214080,Matched,Intersection,29929.0,5TH AVE AND SENECA ST,,,1,Property Damage Only Collision,Angles,2,0,0,2,2004/05/20 00:00:00+00,5/20/2004 10:30:00 PM,At Intersection (intersection related),11,"MOTOR VEHICLE STRUCK MOTOR VEHICLE, FRONT END AT ANGLE",,1,Clear,Dry,Dark - Street Lights On,,4141033.0,,10,Entering at angle,0,0,N
8403,1,-122.34557140000001,47.67822873,10501,23806,23806,1205196,Matched,Block,,AURORA AVE N BETWEEN N 67TH ST AND N 68TH ST,,,1,Property Damage Only Collision,Other,1,0,0,1,2004/01/16 00:00:00+00,1/16/2004 1:10:00 PM,Mid-Block (not related to intersection),28,MOTOR VEHICLE RAN OFF ROAD - HIT FIXED OBJECT,Y,0,Clear,Dry,Daylight,,4016011.0,,50,Fixed object,0,0,N
8404,1,-122.3134017,47.58199984,10502,24774,24774,1793038,Matched,Block,,15TH AVE S BETWEEN S COLLEGE ST AND S BAYVIEW ST,,,1,Property Damage Only Collision,Parked Car,2,0,0,2,2004/08/19 00:00:00+00,8/19/2004 8:48:00 AM,Mid-Block (not related to intersection),11,"MOTOR VEHICLE STRUCK MOTOR VEHICLE, FRONT END AT ANGLE",,0,Clear,Dry,Daylight,,4232033.0,,20,One car leaving parked position,0,0,N
8405,1,-122.25144350000001,47.51401481,10503,25028,25028,1787448,Matched,Block,,RAINIER AVE S BETWEEN S NORFOLK ST AND S COOPER ST,,,1,Property Damage Only Collision,Parked Car,3,0,0,3,2004/02/02 00:00:00+00,2/2/2004,Mid-Block (not related to intersection),16,"MOTOR VEHICLE STRUCK MOTOR VEHICLE, LEFT SIDE SIDESWIPE",Y,0,Unknown,Unknown,Unknown,,4033014.0,,32,One parked--one moving,0,0,N
8406,1,-122.3553017,47.69021483,10505,24289,24289,1931310,Matched,Block,,GREENWOOD AVE N BETWEEN N 84TH ST AND N 85TH ST,,,1,Property Damage Only Collision,Parked Car,2,0,0,2,2004/12/11 00:00:00+00,12/11/2004 1:25:00 PM,Mid-Block (but intersection related),11,"MOTOR VEHICLE STRUCK MOTOR VEHICLE, FRONT END AT ANGLE",,0,Clear,Dry,Daylight,,4346028.0,,20,One car leaving parked position,0,0,N
8407,1,-122.29877649999999,47.61588331,10506,25287,25287,1788373,Matched,Block,,26TH AVE BETWEEN E PINE ST AND E OLIVE ST,,,1,Property Damage Only Collision,Parked Car,2,0,0,2,2004/04/05 00:00:00+00,4/5/2004,Mid-Block (not related to intersection),16,"MOTOR VEHICLE STRUCK MOTOR VEHICLE, LEFT SIDE SIDESWIPE",,0,Clear,Dry,Daylight,,4096022.0,,32,One parked--one moving,0,0,N
8408,2,-122.3144645,47.65448187,10508,24113,24113,1220528,Matched,Block,,BROOKLYN AVE NE BETWEEN NE PACIFIC ST AND NE 40TH ST,,,2,Injury Collision,Pedestrian,2,1,0,1,2004/07/30 00:00:00+00,7/30/2004 5:16:00 PM,Mid-Block (not related to intersection),24,MOTOR VEHCILE STRUCK PEDESTRIAN,,0,Clear,Dry,Daylight,,4212008.0,,0,Vehicle going straight hits pedestrian,0,0,N