,SEVERITYCODE,X,Y,OBJECTID,INCKEY,COLDETKEY,REPORTNO,STATUS,ADDRTYPE,INTKEY,LOCATION,EXCEPTRSNCODE,EXCEPTRSNDESC,SEVERITYCODE.1,SEVERITYDESC,COLLISIONTYPE,PERSONCOUNT,PEDCOUNT,PEDCYLCOUNT,VEHCOUNT,INCDATE,INCDTTM,JUNCTIONTYPE,SDOT_COLCODE,SDOT_COLDESC,INATTENTIONIND,UNDERINFL,WEATHER,ROADCOND,LIGHTCOND,PEDROWNOTGRNT,SDOTCOLNUM,SPEEDING,ST_COLCODE,ST_COLDESC,SEGLANEKEY,CROSSWALKKEY,HITPARKEDCAR
8409,1,-122.34823200000001,47.61204553,10509,24241,24241,1784606,Matched,Intersection,29708.0,BELL ST AND ELLIOTT AVE,,,1,Property Damage Only Collision,Sideswipe,2,0,0,2,2004/09/05 00:00:00+00,9/5/2004,At Intersection (intersection related),16,"MOTOR VEHICLE STRUCK MOTOR VEHICLE, LEFT SIDE SIDESWIPE",,0,Clear,Dry,Daylight,,4249016.0,,11,From same direction - both going straight - both moving - sideswipe,0,0,N
8410,2,-122.3462662,47.63170349,10510,24757,24757,1785077,Matched,Intersection,28891.0,TAYLOR AVE N AND TAYLOR UPPER AVE N,,,2,Injury Collision,Pedestrian,3,1,0,2,2004/09/24 00:00:00+00,9/24/2004 12:17:00 AM,At Intersection (intersection related),24,MOTOR VEHCILE STRUCK PEDESTRIAN,,0,Clear,Dry,Dark - Street Lights On,,4268007.0,,0,Vehicle going straight hits pedestrian,0,0,N
8411,2,-122.3761923,47.56529384,10511,24410,24410,1481996,Matched,Block,,35TH AVE SW BETWEEN FAUNTLEROY N WAY SW AND FAUNTLEROY S WAY SW,,,2,Injury Collision,Rear Ended,3,0,0,2,2004/03/04 00:00:00+00,3/4/2004,Mid-Block (but intersection related),14,"MOTOR VEHICLE STRUCK MOTOR VEHICLE, REAR END",,0,Overcast,Wet,Daylight,,4064003.0,,14,From same direction - both going straight - one stopped - rear-end,0,0,N
8412,2,-122.3554338,47.70327095,10512,23107,23107,C649425,Matched,Block,,GREENWOOD AVE N BETWEEN N 102ND ST AND N 103RD ST,,,2,Injury Collision,Rear Ended,2,0,0,2,2004/10/31 00:00:00+00,10/31/2004 9:50:00 AM,Mid-Block (but intersection related),14,"MOTOR VEHICLE STRUCK MOTOR VEHICLE, REAR END",,0,Clear,Dry,Daylight,,4305039.0,,14,From same direction - both going straight - one stopped - rear-end,0,0,N
8413,2,-122.3983274,47.69057293,10513,23918,23918,1778614,Matched,Intersection,37079.0,32ND AVE NW AND NW 85TH ST,,,2,Injury Collision,Pedestrian,2,1,0,1,2004/10/03 00:00:00+00,10/3/2004,At Intersection (intersection related),24,MOTOR VEHCILE STRUCK PEDESTRIAN,,0,Clear,Dry,Daylight,,4277006.0,,0,Vehicle going straight hits pedestrian,0,0,N
8414,1,-122.3139265,47.59901514,10515,24824,24824,1787269,Matched,Block,,RAINIER AVE S BETWEEN BOREN AVE S AND S JACKSON PL,,,1,Property Damage Only Collision,Rear Ended,4,0,0,2,2004/02/29 00:00:00+00,2/29/2004 12:40:00 PM,Mid-Block (but intersection related),14,"MOTOR VEHICLE STRUCK MOTOR VEHICLE, REAR END",Y,0,Clear,Dry,Daylight,,4060001.0,,14,From same direction - both going straight - one stopped - rear-end,0,0,N
8415,2,-122.37655290000001,47.54013137,10516,24876,24876,1481497,Matched,Block,,35TH AVE SW BETWEEN SW WILLOW ST AND SW MYRTLE ST,,,2,Injury Collision,Other,2,0,0,1,2004/01/27 00:00:00+00,1/27/2004 7:22:00 PM,Mid-Block (but intersection related),28,MOTOR VEHICLE RAN OFF ROAD - HIT FIXED OBJECT,,0,Clear,Dry,Dark - Street Lights On,,4027003.0,,50,Fixed object,0,0,N
8416,2,-122.3141483,47.608630600000005,10517,24005,24005,1788696,Matched,Block,,14TH AVE BETWEEN E CHERRY ST AND E COLUMBIA ST,,,2,Injury Collision,Rear Ended,2,0,0,2,2004/02/25 00:00:00+00,2/25/2004 5:13:00 PM,Mid-Block (but intersection related),14,"MOTOR VEHICLE STRUCK MOTOR VEHICLE, REAR END",,0,Raining,Wet,Dusk,,4056030.0,,14,From same direction - both going straight - one stopped - rear-end,0,0,N
8417,2,-122.33373049999999,47.59239547,10518,24433,24433,1069582,Matched,Block,,S ROYAL BROUGHAM WAY BETWEEN 1ST AVE S AND OCCIDENTAL AVE S,,,2,Injury Collision,Other,2,0,0,1,2004/11/20 00:00:00+00,11/20/2004 1:51:00 AM,Mid-Block (but intersection related),28,MOTOR VEHICLE RAN OFF ROAD - HIT FIXED OBJECT,,1,Clear,Dry,Dark - Street Lights On,,4325003.0,,50,Fixed object,0,0,N
8418,2,-122.352639,47.69420914,10519,24649,24649,1778341,Matched,Intersection,37440.0,DAYTON AVE N AND N 90TH ST,,,2,Injury Collision,Angles,3,0,0,3,2004/01/23 00:00:00+00,1/23/2004 2:20:00 PM,At Intersection (intersection related),11,"MOTOR VEHICLE STRUCK MOTOR VEHICLE, FRONT END AT ANGLE",,0,Raining,Wet,Daylight,,4023015.0,,10,Entering at angle,0,0,N
8419,1,-122.3798033,47.69468153,10521,24618,24618,1773811,Matched,Block,,NW 90TH ST BETWEEN 15TH N AVE NW AND 21ST AVE NW,,,1,Property Damage Only Collision,Other,1,0,0,1,2004/03/04 00:00:00+00,3/4/2004,Mid-Block (not related to intersection),28,MOTOR VEHICLE RAN OFF ROAD - HIT FIXED OBJECT,,0,Clear,Wet,Dark - Street Lights On,,4064005.0,,50,Fixed object,0,0,N
8420,1,-122.2938395,47.73104069,10524,23739,23739,1931031,Matched,Block,,32ND AVE NE BETWEEN NE 140TH ST AND NE 143RD ST,,,1,Property Damage Only Collision,Parked Car,5,0,0,2,2004/11/22 00:00:00+00,11/22/2004 5:32:00 PM,Mid-Block (not related to intersection),11,"MOTOR VEHICLE STRUCK MOTOR VEHICLE, FRONT END AT ANGLE",,0,Overcast,Unknown,Dusk,,4327004.0,,20,One car leaving parked position,0,0,N
8421,2,-122.29750020000002,47.61293563,10525,24303,24303,1788305,Matched,Intersection,30023.0,27TH AVE AND E UNION ST,,,2,Injury Collision,Left Turn,3,0,0,2,2004/08/06 00:00:00+00,8/6/2004,At Intersection (intersection related),11,"MOTOR VEHICLE STRUCK MOTOR VEHICLE, FRONT END AT ANGLE",,0,Raining,Wet,Daylight,,4219004.0,,28,From opposite direction - one left turn - one straight,0,0,N
8422,1,-122.3735924,47.66504632,10526,24053,24053,1219990,Matched,Intersection,25446.0,14TH AVE NW AND NW 50TH ST,,,1,Property Damage Only Collision,Left Turn,3,0,0,2,2004/09/14 00:00:00+00,9/14/2004 1:03:00 PM,At Intersection (intersection related),11,"MOTOR VEHICLE STRUCK MOTOR VEHICLE, FRONT END AT ANGLE",,0,Clear,Dry,Daylight,,4258018.0,,28,From opposite direction - one left turn - one straight,0,0,N
8423,1,-122.31167849999999,47.71083708,10527,23795,23795,1779938,Matched,Block,,GOODWIN WAY NE BETWEEN NE 113TH ST AND 15TH AVE NE,,,1,Property Damage Only Collision,Other,2,0,0,2,2004/02/14 00:00:00+00,2/14/2004 3:04:00 PM,Driveway Junction,11,"MOTOR VEHICLE STRUCK MOTOR VEHICLE, FRONT END AT ANGLE",,0,Raining,Wet,Daylight,,4045032.0,,22,One car leaving driveway access,0,0,N
8424,1,-122.2962223,47.57985835,10529,24412,24412,1779607,Matched,Block,,M L KING JR WAY S BETWEEN S BAYVIEW S ST AND S MCCLELLAN ST,,,1,Property Damage Only Collision,Other,1,0,0,1,2004/09/06 00:00:00+00,9/6/2004,Driveway Junction,28,MOTOR VEHICLE RAN OFF ROAD - HIT FIXED OBJECT,,0,Clear,Dry,Daylight,,4250001.0,Y,50,Fixed object,0,0,N
8425,2,-122.296149,47.61703725,10530,23112,23112,1316943,Matched,Block,,M L KING JR WAY BETWEEN E OLIVE ST AND E HOWELL ST,,,2,Injury Collision,Rear Ended,2,0,0,2,2004/02/04 00:00:00+00,2/4/2004,Mid-Block (but intersection related),14,"MOTOR VEHICLE STRUCK MOTOR VEHICLE, REAR END",Y,0,Overcast,Wet,Daylight,,4035016.0,,14,From same direction - both going straight - one stopped - rear-end,0,0,N
8426,1,-122.31188429999999,47.66899161,10531,24208,24208,1780043,Matched,Block,,15TH AVE NE BETWEEN NE 55TH ST AND NE 56TH ST,,,1,Property Damage Only Collision,Sideswipe,2,0,0,2,2004/03/13 00:00:00+00,3/13/2004 7:50:00 PM,Mid-Block (not related to intersection),11,"MOTOR VEHICLE STRUCK MOTOR VEHICLE, FRONT END AT ANGLE",,0,Clear,Dry,Dark - Street Lights On,,4073013.0,,11,From same direction - both going straight - both moving - sideswipe,0,0,N
8427,2,-122.33095209999999,47.60394844,10533,24669,24669,1482719,Matched,Intersection,29971.0,4TH AVE AND CHERRY ST,,,2,Injury Collision,Pedestrian,2,1,0,1,2004/06/28 00:00:00+00,6/28/2004 8:41:00 AM,At Intersection (intersection related),24,MOTOR VEHCILE STRUCK PEDESTRIAN,,0,Clear,Dry,Daylight,,4180021.0,,0,Vehicle going straight hits pedestrian,0,0,N
8428,1,-122.38190490000001,47.69898214,10534,25337,25337,1773752,Matched,Block,,NW 96TH ST BETWEEN 19TH AVE NW AND 21ST AVE NW,,,1,Property Damage Only Collision,Parked Car,2,0,0,2,2004/01/10 00:00:00+00,1/10/2004 6:40:00 PM,Mid-Block (not related to intersection),15,"MOTOR VEHICLE STRUCK MOTOR VEHICLE, RIGHT SIDE SIDESWIPE",,0,Overcast,Dry,Dark - Street Lights On,,4010012.0,,32,One parked--one moving,0,0,N
8429,2,-122.30793670000001,47.54698098,10536,24575,24575,1776826,Matched,Intersection,33396.0,SWIFT AVE S AND S GRAHAM ST,,,2,Injury Collision,Left Turn,4,0,0,2,2004/06/11 00:00:00+00,6/11/2004 9:44:00 PM,At Intersection (intersection related),11,"MOTOR VEHICLE STRUCK MOTOR VEHICLE, FRONT END AT ANGLE",,1,Clear,Dry,Dark - Street Lights On,,4163024.0,,28,From opposite direction - one left turn - one straight,0,0,N
8430,1,-122.3558665,47.67235178,10537,23116,23116,1773887,Matched,Block,,N 60TH ST BETWEEN PALATINE AVE N AND GREENWOOD AVE N,,,1,Property Damage Only Collision,Parked Car,2,0,0,2,2004/01/24 00:00:00+00,1/24/2004 12:01:00 AM,Mid-Block (not related to intersection),13,"MOTOR VEHICLE STRUCK MOTOR VEHICLE, LEFT SIDE AT ANGLE",,0,Raining,Wet,Dark - Street Lights On,,4024015.0,,32,One parked--one moving,0,0,N
8431,2,-122.33952179999999,47.5829182,10538,24624,24624,1213593,Matched,Block,,ALASKAN WY VI SB BETWEEN S HOLGATE ST AND S LANDER ST,,,2,Injury Collision,Sideswipe,3,0,0,2,2004/10/30 00:00:00+00,10/30/2004 2:15:00 PM,Mid-Block (not related to intersection),16,"MOTOR VEHICLE STRUCK MOTOR VEHICLE, LEFT SIDE SIDESWIPE",,0,Overcast,Dry,Daylight,,4304031.0,Y,11,From same direction - both going straight - both moving - sideswipe,0,0,N
8432,2,-122.28930890000001,47.71194078,10539,23746,23746,1778343,Matched,Intersection,36829.0,36TH AVE NE AND NE 115TH ST,,,2,Injury Collision,Angles,2,0,0,2,2004/01/26 00:00:00+00,1/26/2004 11:25:00 AM,At Intersection (intersection related),11,"MOTOR VEHICLE STRUCK MOTOR VEHICLE, FRONT END AT ANGLE",,0,Overcast,Dry,Daylight,,4026014.0,,10,Entering at angle,0,0,N
8433,1,-122.3332693,47.57981029999999,10540,24408,24408,1479785,Matched,Intersection,31371.0,OCCIDENTAL AVE S AND S LANDER ST,,,1,Property Damage Only Collision,Angles,3,0,0,2,2004/04/27 00:00:00+00,4/27/2004 9:54:00 AM,At Intersection (intersection related),11,"MOTOR VEHICLE STRUCK MOTOR VEHICLE, FRONT END AT ANGLE",,0,Clear,Dry,Daylight,,4118028.0,,10,Entering at angle,0,0,N
8434,1,-122.37482,47.69519728,10541,23881,23881,1780806,Matched,Block,,HOLMAN RD NW BETWEEN MARY AVE NW AND 14TH AVE NW,,,1,Property Damage Only Collision,Other,3,0,0,2,2004/04/20 00:00:00+00,4/20/2004 4:00:00 PM,Driveway Junction,11,"MOTOR VEHICLE STRUCK MOTOR VEHICLE, FRONT END AT ANGLE",,0,Clear,Dry,Daylight,,4111012.0,,22,One car leaving driveway access,0,0,N
8435,1,-122.2991513,47.66097549,10542,24596,24596,1773996,Matched,Block,,NE 45TH ST RP BETWEEN MONTLAKE BLVD NE AND NE 45TH ST,,,1,Property Damage Only Collision,Rear Ended,6,0,0,6,2004/06/29 00:00:00+00,6/29/2004 4:26:00 PM,Mid-Block (not related to intersection),14,"MOTOR VEHICLE STRUCK MOTOR VEHICLE, REAR END",,0,Clear,Dry,Daylight,,4181020.0,,14,From same direction - both going straight - one stopped - rear-end,0,0,N
8436,1,-122.33910530000001,47.60782816,10543,23772,23772,1069802,Matched,Intersection,29599.0,1ST AVE AND UNION ST,,,1,Property Damage Only Collision,Sideswipe,2,0,0,2,2004/12/17 00:00:00+00,12/17/2004 3:18:00 PM,At Intersection (intersection related),14,"MOTOR VEHICLE STRUCK MOTOR VEHICLE, REAR END",,0,Fog/Smog/Smoke,Dry,Daylight,,4352006.0,,71,Same direction -- both turning right -- both moving -- sideswipe,0,0,N
8437,1,-122.3162621,47.52559586,10544,23929,23929,1781215,Matched,Block,,S DONOVAN ST BETWEEN 12TH AVE S AND 14TH AVE S,,,1,Property Damage Only Collision,Parked Car,2,0,0,2,2004/09/08 00:00:00+00,9/8/2004,Mid-Block (not related to intersection),16,"MOTOR VEHICLE STRUCK MOTOR VEHICLE, LEFT SIDE SIDESWIPE",Y,0,Clear,Dry,Dark - Street Lights On,,4252001.0,,32,One parked--one moving,0,0,N
8438,1,-122.26848840000001,47.51610948,10545,24521,24521,1788247,Matched,Block,,RENTON AVE S BETWEEN S ROXBURY ST AND 52ND AVE S,,,1,Property Damage Only Collision,Other,2,0,0,2,2004/02/17 00:00:00+00,2/17/2004 3:18:00 PM,Mid-Block (not related to intersection),11,"MOTOR VEHICLE STRUCK MOTOR VEHICLE, FRONT END AT ANGLE",Y,0,Overcast,Dry,Daylight,,4048021.0,,21,One car entering driveway access,0,0,N
8439,2,-122.34046670000001,47.60931643,10547,23991,23991,1213612,Matched,Block,,1ST AVE BETWEEN PIKE ST AND PINE ST,,,2,Injury Collision,Other,3,0,0,2,2004/08/22 00:00:00+00,8/22/2004 2:40:00 AM,Driveway Junction,11,"MOTOR VEHICLE STRUCK MOTOR VEHICLE, FRONT END AT ANGLE",,0,Raining,Wet,Dark - Street Lights On,,4235038.0,,21,One car entering driveway access,0,0,N
8440,1,-122.33618659999999,47.66086041,10549,23759,23759,1080301,Matched,Block,,WALLINGFORD AVE N BETWEEN N 44TH ST AND N 45TH ST,,,1,Property Damage Only Collision,Parked Car,4,0,0,2,2004/06/17 00:00:00+00,6/17/2004 10:31:00 AM,Mid-Block (not related to intersection),11,"MOTOR VEHICLE STRUCK MOTOR VEHICLE, FRONT END AT ANGLE",,0,Clear,Dry,Daylight,,4169016.0,,32,One parked--one moving,0,0,N
8441,1,,,10550,24642,24642,1778007,Matched,Block,,ALASKAN WY VI SB BETWEEN BATTERY ST TUNNEL SB AND ELLIOTT AV ON RP,,,1,Property Damage Only Collision,Other,2,0,0,1,2004/01/02 00:00:00+00,1/2/2004,Mid-Block (not related to intersection),28,MOTOR VEHICLE RAN OFF ROAD - HIT FIXED OBJECT,,0,Overcast,Other,Dark - Street Lights On,,4002027.0,,50,Fixed object,0,0,N
8442,2,-122.3126747,47.720318299999995,10551,24426,24426,1782314,Matched,Block,,15TH AVE NE BETWEEN NE 125TH ST AND NE 127TH ST,,,2,Injury Collision,Rear Ended,4,0,0,3,2004/05/22 00:00:00+00,5/22/2004 12:08:00 PM,Mid-Block (but intersection related),14,"MOTOR VEHICLE STRUCK MOTOR VEHICLE, REAR END",,0,Raining,Wet,Daylight,,4143042.0,,14,From same direction - both going straight - one stopped - rear-end,0,0,N
8443,1,-122.30014990000001,47.71766539,10553,23815,23815,1794776,Matched,Block,,HIRAM PL NE BETWEEN NE 123RD ST AND 26TH AVE NE,,,1,Property Damage Only Collision,Parked Car,2,0,0,2,2004/09/21 00:00:00+00,9/21/2004 9:21:00 PM,Mid-Block (but intersection related),28,MOTOR VEHICLE RAN OFF ROAD - HIT FIXED OBJECT,,0,Clear,Dry,Dark - Street Lights On,,4265001.0,,32,One parked--one moving,0,0,N
8444,1,-122.32929209999999,47.61844935,10554,24252,24252,1214025,Matched,Block,,DENNY WAY BETWEEN STEWART ST AND MELROSE AVE,,,1,Property Damage Only Collision,Rear Ended,2,0,0,2,2004/09/18 00:00:00+00,9/18/2004 5:03:00 PM,Mid-Block (not related to intersection),14,"MOTOR VEHICLE STRUCK MOTOR VEHICLE, REAR END",,0,Raining,Wet,Daylight,,4262015.0,,14,From same direction - both going straight - one stopped - rear-end,0,0,N
8445,2,-122.2721767,47.66918565,10555,23731,23731,1780533,Matched,Block,,SAND POINT WAY NE BETWEEN NE 55TH ST AND NE WINDERMERE RD,,,2,Injury Collision,Other,2,0,0,1,2004/02/20 00:00:00+00,2/20/2004 3:48:00 AM,Mid-Block (not related to intersection),14,"MOTOR VEHICLE STRUCK MOTOR VEHICLE, REAR END",,0,Overcast,Dry,Dark - Street Lights On,,4051004.0,,50,Fixed object,0,0,N
8446,1,-122.34874609999999,47.6146958,10556,24732,24732,1203772,Matched,Intersection,29691.0,1ST AVE AND WALL ST,,,1,Property Damage Only Collision,Sideswipe,3,0,0,2,2004/03/17 00:00:00+00,3/17/2004 6:00:00 PM,At Intersection (but not related to intersection),16,"MOTOR VEHICLE STRUCK MOTOR VEHICLE, LEFT SIDE SIDESWIPE",,0,Unknown,Unknown,Unknown,,4077023.0,,26,From opposite direction - both going straight - sideswipe,0,0,N
8447,2,-122.3366965,47.60351758,10557,24181,24181,1072241,Matched,Intersection,30350.0,MARION ST AND WESTERN AVE,,,2,Injury Collision,Cycles,2,0,1,1,2004/07/14 00:00:00+00,7/14/2004 3:44:00 PM,At Intersection (intersection related),51,PEDALCYCLIST STRUCK MOTOR VEHICLE FRONT END AT ANGLE,,0,Clear,Dry,Daylight,,4196012.0,,45,Vehicle - Pedalcyclist,0,0,N
8448,1,-122.29668829999999,47.57456973,10558,24359,24359,1779123,Matched,Intersection,32402.0,M L KING JR ER WAY S AND S HANFORD S ST,,,1,Property Damage Only Collision,Left Turn,2,0,0,2,2004/10/07 00:00:00+00,10/7/2004,At Intersection (intersection related),11,"MOTOR VEHICLE STRUCK MOTOR VEHICLE, FRONT END AT ANGLE",,0,Clear,Dry,Daylight,,4281002.0,,15,From same direction - one left turn - one straight,0,0,N
8449,2,-122.3847399,47.67528703,10559,25291,25291,1782402,Matched,Intersection,25110.0,22ND AVE NW AND NW 64TH ST,,,2,Injury Collision,Angles,2,0,0,2,2004/02/23 00:00:00+00,2/23/2004 2:49:00 PM,At Intersection (intersection related),11,"MOTOR VEHICLE STRUCK MOTOR VEHICLE, FRONT END AT ANGLE",,0,Clear,Dry,Daylight,,4054033.0,,10,Entering at angle,0,0,N
8450,2,-122.3223656,47.61049781,10561,23695,23695,1772270,Matched,Block,,MADISON ST BETWEEN SUMMIT AVE AND BOYLSTON AVE,,,2,Injury Collision,Rear Ended,4,0,0,2,2004/06/13 00:00:00+00,6/13/2004 11:32:00 AM,Mid-Block (but intersection related),14,"MOTOR VEHICLE STRUCK MOTOR VEHICLE, REAR END",,0,Overcast,Wet,Daylight,,4165023.0,,14,From same direction - both going straight - one stopped - rear-end,0,0,N
8451,1,-122.35356019999999,47.5713782,10562,23890,23890,1775317,Matched,Block,,SW SPOKANE BR BETWEEN SW SPOKANE E ST AND SW SPOKANE W ST,,,1,Property Damage Only Collision,Rear Ended,2,0,0,2,2004/04/29 00:00:00+00,4/29/2004 7:58:00 AM,Mid-Block (not related to intersection),14,"MOTOR VEHICLE STRUCK MOTOR VEHICLE, REAR END",,0,Clear,Dry,Daylight,,4120034.0,,14,From same direction - both going straight - one stopped - rear-end,0,0,N
8452,1,-122.36160149999999,47.639597200000004,10563,24339,24339,1777307,Matched,Block,,W MCGRAW ST BETWEEN W MCGRAW W PL AND 4TH AVE W,,,1,Property Damage Only Collision,Parked Car,2,0,0,2,2004/01/19 00:00:00+00,1/19/2004 2:50:00 PM,Mid-Block (not related to intersection),13,"MOTOR VEHICLE STRUCK MOTOR VEHICLE, LEFT SIDE AT ANGLE",,0,Unknown,Unknown,Unknown,,4019021.0,,32,One parked--one moving,0,0,N
8453,1,-122.292226,47.72738168,10564,24564,24564,1080363,Matched,Block,,LAKE CITY WAY NE BETWEEN NE 135TH ST AND NE 137TH ST,,,1,Property Damage Only Collision,Rear Ended,4,0,0,2,2004/07/07 00:00:00+00,7/7/2004,Mid-Block (but intersection related),14,"MOTOR VEHICLE STRUCK MOTOR VEHICLE, REAR END",Y,0,Clear,Dry,Daylight,,4189013.0,,14,From same direction - both going straight - one stopped - rear-end,0,0,N
8454,1,-122.35198090000002,47.61602046,10566,24750,24750,1482721,Matched,Block,,CLAY ST BETWEEN WESTERN AVE AND 1ST AVE,,,1,Property Damage Only Collision,Parked Car,2,0,0,2,2004/07/03 00:00:00+00,7/3/2004,Mid-Block (not related to intersection),11,"MOTOR VEHICLE STRUCK MOTOR VEHICLE, FRONT END AT ANGLE",,0,Clear,Dry,Daylight,,4185010.0,,32,One parked--one moving,0,0,N
8455,2,-122.3337084,47.52502372,10567,23796,23796,1961401,Matched,Block,,1ST AV S ON RP BETWEEN SR509 NB AND 1ST S AVE S,,,2,Injury Collision,Other,1,0,0,1,2004/09/18 00:00:00+00,9/18/2004 7:00:00 AM,Mid-Block (not related to intersection),28,MOTOR VEHICLE RAN OFF ROAD - HIT FIXED OBJECT,,0,Overcast,Wet,Daylight,,4262002.0,Y,50,Fixed object,0,0,N
8456,1,-122.3113905,47.62008656,10569,25032,25032,C649426,Matched,Block,,16TH AVE E BETWEEN E JOHN ST AND E THOMAS ST,,,1,Property Damage Only Collision,Parked Car,2,0,0,2,2004/10/15 00:00:00+00,10/15/2004 1:45:00 PM,Mid-Block (not related to intersection),16,"MOTOR VEHICLE STRUCK MOTOR VEHICLE, LEFT SIDE SIDESWIPE",,0,Overcast,Dry,Daylight,,4289036.0,,32,One parked--one moving,0,0,N
8457,2,-122.36611040000001,47.67380711,10570,23723,23723,1782884,Matched,Intersection,25265.0,8TH AVE NW AND NW 62ND S ST,,,2,Injury Collision,Cycles,2,0,1,1,2004/07/09 00:00:00+00,7/9/2004,At Intersection (intersection related),18,"MOTOR VEHICLE STRUCK PEDALCYCLIST, FRONT END AT ANGLE",,0,Raining,Wet,Daylight,,4191006.0,,45,Vehicle - Pedalcyclist,0,0,N
8458,1,-122.29886189999999,47.60850659,10571,24285,24285,1326997,Matched,Block,,26TH AVE BETWEEN E CHERRY ST AND E COLUMBIA ST,,,1,Property Damage Only Collision,Parked Car,2,0,0,2,2004/06/12 00:00:00+00,6/12/2004 10:00:00 AM,Mid-Block (not related to intersection),13,"MOTOR VEHICLE STRUCK MOTOR VEHICLE, LEFT SIDE AT ANGLE",,0,Clear,Dry,Daylight,,4164034.0,,32,One parked--one moving,0,0,N
8459,2,-122.345047,47.7295848,10572,25283,25283,1773571,Matched,Block,,AURORA AVE N BETWEEN N 137TH ST AND N 140TH ST,,,2,Injury Collision,Other,2,0,0,2,2004/07/09 00:00:00+00,7/9/2004,Driveway Junction,11,"MOTOR VEHICLE STRUCK MOTOR VEHICLE, FRONT END AT ANGLE",,0,Raining,Dry,Daylight,,4191042.0,,21,One car entering driveway access,0,0,N
8460,1,-122.3563957,47.53186871,10573,23129,23129,1775318,Matched,Intersection,33997.0,17TH AVE SW AND SW KENYON ST,,,1,Property Damage Only Collision,Angles,5,0,0,2,2004/04/30 00:00:00+00,4/30/2004 5:58:00 PM,At Intersection (intersection related),11,"MOTOR VEHICLE STRUCK MOTOR VEHICLE, FRONT END AT ANGLE",,0,Clear,Dry,Daylight,,4121005.0,,10,Entering at angle,0,0,N
8461,1,-122.3505713,47.61841487,10574,23689,23689,1181391,Matched,Block,,BROAD ST BETWEEN 3RD AVE AND DENNY WAY,,,1,Property Damage Only Collision,Rear Ended,3,0,0,2,2004/08/31 00:00:00+00,8/31/2004 10:44:00 PM,Mid-Block (but intersection related),14,"MOTOR VEHICLE STRUCK MOTOR VEHICLE, REAR END",Y,0,Clear,Dry,Dark - Street Lights On,,4244015.0,,14,From same direction - both going straight - one stopped - rear-end,0,0,N
8462,1,-122.3861649,47.67018517,10576,24484,24484,1794833,Matched,Block,,NW 57TH ST BETWEEN 22ND AVE NW AND 24TH AVE NW,,,1,Property Damage Only Collision,Parked Car,2,0,0,2,2004/10/13 00:00:00+00,10/13/2004 5:00:00 PM,Mid-Block (not related to intersection),11,"MOTOR VEHICLE STRUCK MOTOR VEHICLE, FRONT END AT ANGLE",,0,Unknown,Unknown,Unknown,,4287001.0,,32,One parked--one moving,0,0,N
8463,2,-122.3089595,47.60167833,10577,24021,24021,1772654,Matched,Intersection,30728.0,18TH AVE AND E YESLER WAY,,,2,Injury Collision,Rear Ended,2,0,0,2,2004/05/08 00:00:00+00,5/8/2004,At Intersection (intersection related),11,"MOTOR VEHICLE STRUCK MOTOR VEHICLE, FRONT END AT ANGLE",,0,Overcast,Dry,Dark - No Street Lights,,4129040.0,,14,From same direction - both going straight - one stopped - rear-end,0,0,N
8464,2,-122.3449619,47.72184683,10578,23769,23769,1794447,Matched,Block,,AURORA AVE N BETWEEN N 127TH ST AND N 128TH ST,,,2,Injury Collision,Rear Ended,5,0,0,3,2004/12/27 00:00:00+00,12/27/2004 11:53:00 AM,Mid-Block (not related to intersection),14,"MOTOR VEHICLE STRUCK MOTOR VEHICLE, REAR END",Y,0,Clear,Dry,Daylight,,4362015.0,,14,From same direction - both going straight - one stopped - rear-end,0,0,N
8465,1,-122.32031299999998,47.61135552,10579,24234,24234,1790042,Matched,Block,,E MADISON ST BETWEEN BROADWAY AND BROADWAY CT,,,1,Property Damage Only Collision,Sideswipe,3,0,0,2,2004/10/21 00:00:00+00,10/21/2004 1:45:00 PM,Mid-Block (but intersection related),16,"MOTOR VEHICLE STRUCK MOTOR VEHICLE, LEFT SIDE SIDESWIPE",,0,Clear,Dry,Daylight,,4295004.0,,11,From same direction - both going straight - both moving - sideswipe,0,0,N
8466,2,-122.3142101,47.66490847,10580,24534,24534,1780964,Matched,Intersection,25792.0,BROOKLYN AVE NE AND NE 50TH ST,,,2,Injury Collision,Left Turn,7,0,0,2,2004/01/01 00:00:00+00,1/1/2004,At Intersection (intersection related),11,"MOTOR VEHICLE STRUCK MOTOR VEHICLE, FRONT END AT ANGLE",,0,Raining,Wet,Daylight,,4001023.0,,28,From opposite direction - one left turn - one straight,0,0,N
8467,2,-122.2980598,47.63717924,10581,25021,25021,1182083,Matched,Block,,LAKE WASHINGTON BLVD E BETWEEN BOYER AVE E AND E FOSTER ISLAND RD,,,2,Injury Collision,Other,1,0,0,1,2004/06/24 00:00:00+00,6/24/2004 3:00:00 AM,Mid-Block (not related to intersection),28,MOTOR VEHICLE RAN OFF ROAD - HIT FIXED OBJECT,,0,Clear,Dry,Dark - Street Lights On,,4176019.0,Y,52,Vehicle overturned,0,0,N
8468,2,-122.31597509999999,47.54858799,10582,24001,24001,1775388,Matched,Intersection,33127.0,13TH AVE S AND AIRPORT WAY S,,,2,Injury Collision,Other,1,0,0,1,2004/05/08 00:00:00+00,5/8/2004,At Intersection (but not related to intersection),28,MOTOR VEHICLE RAN OFF ROAD - HIT FIXED OBJECT,,0,Raining,Wet,Daylight,,4129043.0,,50,Fixed object,0,0,N
8469,2,-122.38145120000001,47.56468143,10583,24579,24579,1789454,Matched,Intersection,31897.0,39TH AVE SW AND SW GENESEE ST,,,2,Injury Collision,Angles,3,0,0,2,2004/09/14 00:00:00+00,9/14/2004 2:38:00 PM,At Intersection (intersection related),11,"MOTOR VEHICLE STRUCK MOTOR VEHICLE, FRONT END AT ANGLE",,0,Overcast,Dry,Daylight,,4258028.0,,10,Entering at angle,0,0,N