,SEVERITYCODE,X,Y,OBJECTID,INCKEY,COLDETKEY,REPORTNO,STATUS,ADDRTYPE,INTKEY,LOCATION,EXCEPTRSNCODE,EXCEPTRSNDESC,SEVERITYCODE.1,SEVERITYDESC,COLLISIONTYPE,PERSONCOUNT,PEDCOUNT,PEDCYLCOUNT,VEHCOUNT,INCDATE,INCDTTM,JUNCTIONTYPE,SDOT_COLCODE,SDOT_COLDESC,INATTENTIONIND,UNDERINFL,WEATHER,ROADCOND,LIGHTCOND,PEDROWNOTGRNT,SDOTCOLNUM,SPEEDING,ST_COLCODE,ST_COLDESC,SEGLANEKEY,CROSSWALKKEY,HITPARKEDCAR
8470,1,-122.3432344,47.69562579,10584,24765,24765,1780666,Matched,Block,,N 92ND ST BETWEEN AURORA AVE N AND STONE AVE N,,,1,Property Damage Only Collision,Parked Car,2,0,0,2,2004/01/19 00:00:00+00,1/19/2004 12:20:00 PM,Mid-Block (not related to intersection),16,"MOTOR VEHICLE STRUCK MOTOR VEHICLE, LEFT SIDE SIDESWIPE",Y,0,Overcast,Dry,Daylight,,4019019.0,,19,One car entering parked position,0,0,N
8471,1,-122.3248481,47.6065008,10586,24477,24477,1799006,Matched,Block,,CHERRY ST BETWEEN 9TH AVE AND TERRY AVE,,,1,Property Damage Only Collision,Parked Car,2,0,0,2,2004/10/27 00:00:00+00,10/27/2004 12:01:00 AM,Mid-Block (not related to intersection),14,"MOTOR VEHICLE STRUCK MOTOR VEHICLE, REAR END",,0,Unknown,Dry,Dark - Street Lights Off,,4301041.0,,32,One parked--one moving,0,0,N
8472,1,-122.3768028,47.68966537,10587,24103,24103,1773478,Matched,Block,,15TH AVE NW BETWEEN NW 83RD ST AND NW 85TH ST,,,1,Property Damage Only Collision,Rear Ended,3,0,0,2,2004/02/23 00:00:00+00,2/23/2004 3:50:00 PM,Mid-Block (not related to intersection),14,"MOTOR VEHICLE STRUCK MOTOR VEHICLE, REAR END",Y,0,Overcast,Wet,Dusk,,4054031.0,,14,From same direction - both going straight - one stopped - rear-end,0,0,N
8473,1,-122.3428202,47.610018,10588,24696,24696,1783703,Matched,Block,,PIKE PL BETWEEN STEWART ST AND VIRGINIA ST,,,1,Property Damage Only Collision,Parked Car,2,0,0,2,2004/08/02 00:00:00+00,8/2/2004,Mid-Block (not related to intersection),14,"MOTOR VEHICLE STRUCK MOTOR VEHICLE, REAR END",,0,Clear,Dry,Daylight,,4215022.0,,32,One parked--one moving,0,0,N
8474,1,-122.3257146,47.59751407,10589,23728,23728,1316637,Matched,Block,,S WELLER ST BETWEEN 6TH AVE S AND MAYNARD AVE S,,,1,Property Damage Only Collision,Parked Car,2,0,0,2,2004/01/26 00:00:00+00,1/26/2004 7:16:00 PM,Mid-Block (not related to intersection),11,"MOTOR VEHICLE STRUCK MOTOR VEHICLE, FRONT END AT ANGLE",,0,Clear,Dry,Dark - Street Lights On,,4026022.0,,32,One parked--one moving,0,0,N
8475,1,-122.3516908,47.55859165,10590,24592,24592,1781204,Matched,Block,,WEST MARGINAL WAY SW BETWEEN SW EDMUNDS ST AND PUGET WAY SW,,,1,Property Damage Only Collision,Other,1,0,0,1,2004/02/08 00:00:00+00,2/8/2004,Mid-Block (not related to intersection),26,MOTOR VEHICLE STRUCK OBJECT IN ROAD,,1,Raining,Wet,Dark - Street Lights On,,4039004.0,Y,50,Fixed object,0,0,N
8476,2,-122.3332693,47.57981029999999,10591,24176,24176,1785107,Matched,Intersection,31371.0,OCCIDENTAL AVE S AND S LANDER ST,,,2,Injury Collision,Angles,2,0,0,2,2004/10/28 00:00:00+00,10/28/2004 7:52:00 AM,At Intersection (intersection related),11,"MOTOR VEHICLE STRUCK MOTOR VEHICLE, FRONT END AT ANGLE",,0,Overcast,Dry,Dawn,,4302049.0,,10,Entering at angle,0,0,N
8477,1,-122.34564420000001,47.612272999999995,10592,24791,24791,1069658,Matched,Block,,BLANCHARD ST BETWEEN WESTERN AVE AND 1ST AVE,,,1,Property Damage Only Collision,Parked Car,2,0,0,2,2004/10/28 00:00:00+00,10/28/2004 2:09:00 AM,Mid-Block (not related to intersection),14,"MOTOR VEHICLE STRUCK MOTOR VEHICLE, REAR END",,0,Clear,Dry,Dark - Street Lights On,,4302008.0,,32,One parked--one moving,0,0,N
8478,2,-122.25621729999999,47.50792527,10594,24138,24138,1779660,Matched,Block,,RENTON AVE S BETWEEN S PRENTICE S ST AND 62ND AVE S,,,2,Injury Collision,Other,1,0,0,1,2004/03/17 00:00:00+00,3/17/2004 1:50:00 PM,Mid-Block (not related to intersection),28,MOTOR VEHICLE RAN OFF ROAD - HIT FIXED OBJECT,,0,Overcast,Dry,Daylight,,4077009.0,,50,Fixed object,0,0,N
8479,1,-122.32672600000001,47.61849265,10597,24348,24348,1789644,Matched,Intersection,29164.0,BELLEVUE AVE AND E DENNY WAY,,,1,Property Damage Only Collision,Angles,2,0,0,2,2004/11/23 00:00:00+00,11/23/2004 3:05:00 PM,At Intersection (intersection related),11,"MOTOR VEHICLE STRUCK MOTOR VEHICLE, FRONT END AT ANGLE",,0,Clear,Dry,Daylight,,4328039.0,,10,Entering at angle,0,0,N
8480,2,-122.3181057,47.71854217,10599,24799,24799,1475611,Matched,Block,,ROOSEVELT WAY NE BETWEEN NE 123RD ST AND NE 125TH S ST,,,2,Injury Collision,Pedestrian,3,1,0,1,2004/05/25 00:00:00+00,5/25/2004 5:13:00 PM,Mid-Block (not related to intersection),24,MOTOR VEHCILE STRUCK PEDESTRIAN,,0,Raining,Wet,Daylight,,4146009.0,,0,Vehicle going straight hits pedestrian,0,0,N
8481,1,-122.312048,47.62050127,10600,24183,24183,1074283,Matched,Block,,E THOMAS ST BETWEEN 15TH S AVE E AND 16TH AVE E,,,1,Property Damage Only Collision,Parked Car,2,0,0,2,2004/06/24 00:00:00+00,6/24/2004 3:21:00 AM,Mid-Block (not related to intersection),14,"MOTOR VEHICLE STRUCK MOTOR VEHICLE, REAR END",,0,Clear,Dry,Dark - Street Lights On,,4176002.0,,32,One parked--one moving,0,0,N
8482,1,-122.2965188,47.73378577,10602,24885,24885,1944414,Matched,Intersection,35990.0,30TH AVE NE AND NE 145TH ST,,,1,Property Damage Only Collision,Angles,4,0,0,2,2004/12/04 00:00:00+00,12/4/2004,At Intersection (intersection related),11,"MOTOR VEHICLE STRUCK MOTOR VEHICLE, FRONT END AT ANGLE",,0,Raining,Wet,Daylight,,4339002.0,,10,Entering at angle,0,0,N
8483,2,-122.3368909,47.60540829,10603,24011,24011,1213770,Matched,Intersection,29615.0,1ST AVE AND SPRING ST,,,2,Injury Collision,Angles,4,0,0,2,2004/03/31 00:00:00+00,3/31/2004 12:30:00 AM,At Intersection (intersection related),11,"MOTOR VEHICLE STRUCK MOTOR VEHICLE, FRONT END AT ANGLE",,0,Clear,Dry,Dark - Street Lights On,,4091018.0,,10,Entering at angle,0,0,N
8484,1,-122.3452248,47.61437118,10604,24725,24725,1482674,Matched,Block,,BELL ST BETWEEN 2ND AVE AND 3RD AVE,,,1,Property Damage Only Collision,Parked Car,2,0,0,2,2004/06/01 00:00:00+00,6/1/2004,Mid-Block (not related to intersection),11,"MOTOR VEHICLE STRUCK MOTOR VEHICLE, FRONT END AT ANGLE",,0,Overcast,Dry,Dark - Street Lights On,,4153001.0,,32,One parked--one moving,0,0,N
8485,1,-122.3492841,47.53367076,10605,24768,24768,1781114,Matched,Block,,11TH AVE SW BETWEEN SW HOLDEN ST AND SW PORTLAND ST,,,1,Property Damage Only Collision,Parked Car,2,0,0,2,2004/07/01 00:00:00+00,7/1/2004,Mid-Block (not related to intersection),16,"MOTOR VEHICLE STRUCK MOTOR VEHICLE, LEFT SIDE SIDESWIPE",,0,Clear,Dry,Dark - Street Lights On,,4183015.0,,32,One parked--one moving,0,0,N
8486,1,-122.3051476,47.61767457,10606,25147,25147,1789940,Matched,Block,,E MADISON ST BETWEEN 20TH AVE AND E DENNY WAY,,,1,Property Damage Only Collision,Rear Ended,3,0,0,3,2004/04/07 00:00:00+00,4/7/2004,Driveway Junction,14,"MOTOR VEHICLE STRUCK MOTOR VEHICLE, REAR END",Y,0,Clear,Dry,Daylight,,4098026.0,,14,From same direction - both going straight - one stopped - rear-end,0,0,N
8487,2,-122.34046670000001,47.60931643,10607,23272,23272,1482414,Matched,Block,,1ST AVE BETWEEN PIKE ST AND PINE ST,,,2,Injury Collision,Rear Ended,7,0,0,3,2004/08/07 00:00:00+00,8/7/2004,Mid-Block (but intersection related),14,"MOTOR VEHICLE STRUCK MOTOR VEHICLE, REAR END",,0,Clear,Dry,Dark - Street Lights On,,4220029.0,,14,From same direction - both going straight - one stopped - rear-end,0,0,N
8488,1,-122.32139779999999,47.57980781,10608,23972,23972,1482221,Matched,Intersection,31299.0,AIRPORT WAY S AND S LANDER N ST,,,1,Property Damage Only Collision,Angles,2,0,0,2,2004/07/20 00:00:00+00,7/20/2004 9:31:00 AM,At Intersection (intersection related),11,"MOTOR VEHICLE STRUCK MOTOR VEHICLE, FRONT END AT ANGLE",,0,Clear,Dry,Daylight,,4202038.0,,10,Entering at angle,0,0,N
8489,1,-122.34331850000001,47.70414369,10610,24632,24632,1773422,Matched,Block,,MIDVALE AVE N BETWEEN N 103RD ST AND N NORTHGATE WAY,,,1,Property Damage Only Collision,Other,1,0,0,1,2004/06/30 00:00:00+00,6/30/2004 5:55:00 PM,Mid-Block (not related to intersection),28,MOTOR VEHICLE RAN OFF ROAD - HIT FIXED OBJECT,Y,0,Clear,Dry,Daylight,,4182014.0,Y,50,Fixed object,0,0,N
8490,1,-122.349903,47.68657666,10611,24702,24702,1796909,Matched,Block,,FREMONT AVE N BETWEEN N 79TH ST AND N 80TH ST,,,1,Property Damage Only Collision,Parked Car,2,0,0,2,2004/11/17 00:00:00+00,11/17/2004 8:45:00 AM,Driveway Junction,16,"MOTOR VEHICLE STRUCK MOTOR VEHICLE, LEFT SIDE SIDESWIPE",,0,Clear,Dry,Daylight,,4322008.0,,32,One parked--one moving,0,0,N
8491,1,-122.2577425,47.50903608,10612,23401,23401,1772926,Matched,Block,,RENTON AVE S BETWEEN S RYAN ST AND S PRENTICE N ST,,,1,Property Damage Only Collision,Sideswipe,5,0,0,2,2004/05/02 00:00:00+00,5/2/2004,Mid-Block (but intersection related),16,"MOTOR VEHICLE STRUCK MOTOR VEHICLE, LEFT SIDE SIDESWIPE",,0,Clear,Dry,Daylight,,4123017.0,Y,71,Same direction -- both turning right -- both moving -- sideswipe,0,0,N
8492,1,-122.33417859999999,47.60172234,10613,24368,24368,1213517,Matched,Intersection,30357.0,1ST AVE AND YESLER WAY,,,1,Property Damage Only Collision,Left Turn,2,0,0,2,2004/05/29 00:00:00+00,5/29/2004 3:06:00 AM,At Intersection (intersection related),11,"MOTOR VEHICLE STRUCK MOTOR VEHICLE, FRONT END AT ANGLE",,0,Overcast,Dry,Dark - Street Lights On,,4150029.0,,29,From opposite direction - one left turn - one right turn,0,0,N
8493,1,-122.3372165,47.60576386,10614,25159,25159,1213654,Matched,Block,,1ST AVE BETWEEN SPRING ST AND SENECA ST,,,1,Property Damage Only Collision,Other,3,0,0,2,2004/04/02 00:00:00+00,4/2/2004,Mid-Block (not related to intersection),11,"MOTOR VEHICLE STRUCK MOTOR VEHICLE, FRONT END AT ANGLE",,0,Clear,Dry,Dark - Street Lights On,,4093049.0,,23,From same direction - all others,0,0,N
8494,1,-122.27394579999999,47.52790582,10615,23846,23846,1856510,Matched,Block,,S THISTLE ST BETWEEN 46TH AVE S AND 47TH AVE S,,,1,Property Damage Only Collision,Other,1,0,0,1,2004/03/04 00:00:00+00,3/4/2004,Mid-Block (but intersection related),28,MOTOR VEHICLE RAN OFF ROAD - HIT FIXED OBJECT,,1,Clear,Wet,Daylight,,4064021.0,Y,50,Fixed object,0,0,N
8495,1,-122.3762163,47.66752673,10616,23838,23838,1773636,Matched,Block,,15TH AVE NW BETWEEN NW 53RD ST AND NW 54TH ST,,,1,Property Damage Only Collision,Sideswipe,2,0,0,2,2004/03/02 00:00:00+00,3/2/2004,Mid-Block (not related to intersection),16,"MOTOR VEHICLE STRUCK MOTOR VEHICLE, LEFT SIDE SIDESWIPE",,0,Clear,Dry,Dusk,,4062024.0,,11,From same direction - both going straight - both moving - sideswipe,0,0,N
8496,1,-122.32916370000001,47.6242787,10620,24467,24467,1783614,Matched,Intersection,29119.0,EASTLAKE AVE E AND MERCER ST,,,1,Property Damage Only Collision,Angles,3,0,0,2,2004/10/13 00:00:00+00,10/13/2004 1:22:00 AM,At Intersection (intersection related),11,"MOTOR VEHICLE STRUCK MOTOR VEHICLE, FRONT END AT ANGLE",,0,Overcast,Dry,Dark - Street Lights On,,4287022.0,,10,Entering at angle,0,0,N
8497,2,-122.31251499999999,47.54816749,10621,24088,24088,1476917,Matched,Intersection,33383.0,CORGIAT DR S AND S ALBRO PL,,,2,Injury Collision,Angles,11,0,0,3,2004/05/22 00:00:00+00,5/22/2004 1:42:00 PM,At Intersection (intersection related),11,"MOTOR VEHICLE STRUCK MOTOR VEHICLE, FRONT END AT ANGLE",Y,0,Raining,Wet,Daylight,,4143021.0,,10,Entering at angle,0,0,N
8498,2,-122.3056979,47.6016727,10622,24393,24393,1189836,Matched,Block,,E YESLER WAY BETWEEN 20TH AVE AND 21ST AVE,,,2,Injury Collision,Rear Ended,3,0,0,2,2004/03/23 00:00:00+00,3/23/2004 7:54:00 PM,Mid-Block (but intersection related),14,"MOTOR VEHICLE STRUCK MOTOR VEHICLE, REAR END",,0,Clear,Dry,Dark - Street Lights On,,4083017.0,,14,From same direction - both going straight - one stopped - rear-end,0,0,N
8499,2,-122.31284740000001,47.60804263,10623,24159,24159,1795876,Matched,Intersection,30181.0,15TH AVE AND E CHERRY ST,,,2,Injury Collision,Angles,4,0,0,2,2004/09/29 00:00:00+00,9/29/2004 5:01:00 PM,At Intersection (intersection related),11,"MOTOR VEHICLE STRUCK MOTOR VEHICLE, FRONT END AT ANGLE",,0,Clear,Dry,Daylight,,4273007.0,,10,Entering at angle,0,0,N
8500,1,-122.30897009999998,47.59832337,10624,24298,24298,1216943,Matched,Intersection,30760.0,18TH AVE S AND S KING ST,,,1,Property Damage Only Collision,Angles,2,0,0,2,2004/11/25 00:00:00+00,11/25/2004 3:55:00 PM,At Intersection (intersection related),11,"MOTOR VEHICLE STRUCK MOTOR VEHICLE, FRONT END AT ANGLE",,0,Clear,Dry,Daylight,,4330015.0,,10,Entering at angle,0,0,N
8501,1,-122.38574969999999,47.54512097,10625,23783,23783,1781467,Matched,Intersection,33751.0,42ND AVE SW AND FAUNTLEROY WAY SW,,,1,Property Damage Only Collision,Angles,2,0,0,2,2004/02/20 00:00:00+00,2/20/2004 6:25:00 PM,At Intersection (intersection related),11,"MOTOR VEHICLE STRUCK MOTOR VEHICLE, FRONT END AT ANGLE",,0,Clear,Dry,Daylight,,4051021.0,,10,Entering at angle,0,0,N
8502,1,-122.31091699999999,47.60168166,10627,25148,25148,1789945,Matched,Block,,E YESLER WAY BETWEEN 16TH AVE AND 17TH AVE,,,1,Property Damage Only Collision,Rear Ended,2,0,0,2,2004/05/14 00:00:00+00,5/14/2004 5:33:00 PM,Mid-Block (but intersection related),14,"MOTOR VEHICLE STRUCK MOTOR VEHICLE, REAR END",,0,Clear,Dry,Daylight,,4135020.0,Y,14,From same direction - both going straight - one stopped - rear-end,0,0,N
8503,2,-122.32905600000001,47.58085271,10629,23973,23973,1482366,Matched,Block,,4TH AVE S BETWEEN S STACY ST AND S LANDER ST,,,2,Injury Collision,Other,3,0,0,2,2004/03/31 00:00:00+00,3/31/2004 4:53:00 PM,Driveway Junction,11,"MOTOR VEHICLE STRUCK MOTOR VEHICLE, FRONT END AT ANGLE",,0,Clear,Dry,Daylight,,4091010.0,,22,One car leaving driveway access,0,0,N
8504,2,-122.2853429,47.57599986,10632,24561,24561,1772851,Matched,Intersection,30878.0,MOUNT RAINIER DR S AND S FERRIS PL,,,2,Injury Collision,Left Turn,6,0,0,2,2004/04/16 00:00:00+00,4/16/2004 9:03:00 AM,At Intersection (intersection related),11,"MOTOR VEHICLE STRUCK MOTOR VEHICLE, FRONT END AT ANGLE",,0,Raining,Wet,Daylight,,4107020.0,,28,From opposite direction - one left turn - one straight,0,0,N
8505,2,-122.2859541,47.52138706,10633,23542,23542,1772942,Matched,Intersection,35370.0,37TH AVE S AND S BARTON ST,,,2,Injury Collision,Angles,3,0,0,2,2004/08/30 00:00:00+00,8/30/2004 2:23:00 PM,At Intersection (intersection related),11,"MOTOR VEHICLE STRUCK MOTOR VEHICLE, FRONT END AT ANGLE",,0,Clear,Dry,Daylight,,4243014.0,,10,Entering at angle,0,0,N
8506,1,-122.29804340000001,47.59924237,10635,23941,23941,1798943,Matched,Block,,S JACKSON ST BETWEEN 26TH AVE S AND M L KING JR WAY S,,,1,Property Damage Only Collision,Rear Ended,2,0,0,2,2004/09/10 00:00:00+00,9/10/2004 8:06:00 AM,Mid-Block (but intersection related),14,"MOTOR VEHICLE STRUCK MOTOR VEHICLE, REAR END",Y,0,Clear,Dry,Daylight,,4254023.0,,14,From same direction - both going straight - one stopped - rear-end,0,0,N
8507,2,-122.3074092,47.61673276,10637,24884,24884,1789768,Matched,Intersection,30125.0,19TH AVE AND E MADISON ST,,,2,Injury Collision,Angles,3,0,0,2,2004/10/24 00:00:00+00,10/24/2004 3:20:00 PM,At Intersection (intersection related),11,"MOTOR VEHICLE STRUCK MOTOR VEHICLE, FRONT END AT ANGLE",,0,Clear,Dry,Daylight,,4298020.0,,10,Entering at angle,0,0,N
8508,1,-122.3121835,47.69261442,10638,23721,23721,1782189,Matched,Block,,15TH AVE NE BETWEEN NE 88TH ST AND NE 89TH ST,,,1,Property Damage Only Collision,Parked Car,2,0,0,2,2004/07/08 00:00:00+00,7/8/2004,Mid-Block (not related to intersection),16,"MOTOR VEHICLE STRUCK MOTOR VEHICLE, LEFT SIDE SIDESWIPE",,0,Unknown,Unknown,Unknown,,4190030.0,,32,One parked--one moving,0,0,N
8509,2,-122.2696111,47.51684873,10639,24584,24584,1773054,Matched,Intersection,35484.0,RENTON AVE S AND S ROXBURY ST,,,2,Injury Collision,Angles,2,0,0,2,2004/08/19 00:00:00+00,8/19/2004 9:39:00 AM,At Intersection (intersection related),11,"MOTOR VEHICLE STRUCK MOTOR VEHICLE, FRONT END AT ANGLE",,0,Clear,Dry,Daylight,,4232034.0,,10,Entering at angle,0,0,N
8510,1,-122.3272104,47.6640842,10640,25136,25136,1199194,Matched,Block,,2ND AVE NE BETWEEN NE 47TH ST AND NE 50TH ST,,,1,Property Damage Only Collision,Parked Car,2,0,0,2,2004/04/03 00:00:00+00,4/3/2004,Mid-Block (not related to intersection),11,"MOTOR VEHICLE STRUCK MOTOR VEHICLE, FRONT END AT ANGLE",,0,Unknown,Unknown,Unknown,,4094035.0,,32,One parked--one moving,0,0,N
8511,1,-122.3038317,47.57670673,10641,23819,23819,1793094,Matched,Block,,S STEVENS ST BETWEEN 22ND AVE S AND 23RD AVE S,,,1,Property Damage Only Collision,Parked Car,2,0,0,2,2004/08/09 00:00:00+00,8/9/2004,Mid-Block (not related to intersection),13,"MOTOR VEHICLE STRUCK MOTOR VEHICLE, LEFT SIDE AT ANGLE",,0,Clear,Dry,Dark - Street Lights On,,4222003.0,,32,One parked--one moving,0,0,N
8512,1,-122.32749229999999,47.60687447,10642,23889,23889,1216864,Matched,Block,,8TH AVE BETWEEN COLUMBIA ST AND MARION ST,,,1,Property Damage Only Collision,Parked Car,3,0,0,3,2004/07/14 00:00:00+00,7/14/2004 8:13:00 AM,Mid-Block (not related to intersection),16,"MOTOR VEHICLE STRUCK MOTOR VEHICLE, LEFT SIDE SIDESWIPE",Y,0,Clear,Dry,Daylight,,4196040.0,,32,One parked--one moving,0,0,N
8513,2,-122.3304653,47.54438649,10643,24330,24330,1790776,Matched,Block,,EAST MARGINAL WAY S BETWEEN S MICHIGAN ST AND 4TH AVE S,,,2,Injury Collision,Head On,2,0,0,2,2004/08/25 00:00:00+00,8/25/2004 6:36:00 PM,Mid-Block (not related to intersection),16,"MOTOR VEHICLE STRUCK MOTOR VEHICLE, LEFT SIDE SIDESWIPE",,0,Raining,Wet,Daylight,,4238048.0,,30,From opposite direction - all others,0,0,N
8514,2,-122.3253344,47.61122962,10645,23914,23914,1472379,Matched,Intersection,29899.0,MINOR AVE AND SENECA ST,,,2,Injury Collision,Angles,2,0,0,2,2004/09/10 00:00:00+00,9/10/2004 11:15:00 PM,At Intersection (intersection related),11,"MOTOR VEHICLE STRUCK MOTOR VEHICLE, FRONT END AT ANGLE",,0,Raining,Wet,Dark - Street Lights On,,4254019.0,Y,10,Entering at angle,0,0,N
8515,1,-122.379081,47.54746378,10646,24069,24069,1775185,Matched,Block,,37TH AVE SW BETWEEN SW RAYMOND ST AND SW GRAHAM ST,,,1,Property Damage Only Collision,Parked Car,2,0,0,2,2004/03/05 00:00:00+00,3/5/2004,Mid-Block (not related to intersection),14,"MOTOR VEHICLE STRUCK MOTOR VEHICLE, REAR END",Y,0,Overcast,Dry,Daylight,,4065018.0,,32,One parked--one moving,0,0,N
8516,1,-122.3482257,47.62455294,10647,24825,24825,1777610,Matched,Block,,MERCER ST BETWEEN 4TH AVE N AND 5TH AVE N,,,1,Property Damage Only Collision,Rear Ended,2,0,0,2,2004/04/01 00:00:00+00,4/1/2004,Mid-Block (not related to intersection),14,"MOTOR VEHICLE STRUCK MOTOR VEHICLE, REAR END",,0,Clear,Dry,Daylight,,4092024.0,,14,From same direction - both going straight - one stopped - rear-end,0,0,N
8517,1,-122.2875893,47.60169504,10648,24874,24874,1771991,Matched,Intersection,35500.0,LAKE WASHINGTON BLVD AND E YESLER WAY,,,1,Property Damage Only Collision,Angles,2,0,0,2,2004/06/04 00:00:00+00,6/4/2004,At Intersection (intersection related),11,"MOTOR VEHICLE STRUCK MOTOR VEHICLE, FRONT END AT ANGLE",,0,Clear,Dry,Daylight,,4156012.0,,10,Entering at angle,0,0,N
8518,1,-122.33466489999999,47.57981126,10649,23856,23856,C649261,Matched,Block,,S LANDER ST BETWEEN UTAH AVE S AND 1ST AVE S,,,1,Property Damage Only Collision,Other,2,0,0,2,2004/10/12 00:00:00+00,10/12/2004 5:08:00 PM,Mid-Block (but intersection related),11,"MOTOR VEHICLE STRUCK MOTOR VEHICLE, FRONT END AT ANGLE",,0,Clear,Dry,Daylight,,4286045.0,,23,From same direction - all others,0,0,N
8519,1,-122.3162482,47.52644473,10650,24576,24576,1788912,Matched,Block,,S CLOVERDALE ST BETWEEN 12TH AVE S AND 14TH AVE S,,,1,Property Damage Only Collision,Parked Car,4,0,0,3,2004/03/06 00:00:00+00,3/6/2004,Mid-Block (not related to intersection),16,"MOTOR VEHICLE STRUCK MOTOR VEHICLE, LEFT SIDE SIDESWIPE",,1,Clear,Dry,Daylight,,4066011.0,,32,One parked--one moving,0,0,N
8520,2,-122.34691709999998,47.624469299999994,10651,24767,24767,1780922,Matched,Block,,MERCER ST BETWEEN 5TH AVE N AND TAYLOR AVE N,,,2,Injury Collision,Left Turn,3,0,0,2,2004/03/14 00:00:00+00,3/14/2004 1:00:00 AM,Mid-Block (but intersection related),14,"MOTOR VEHICLE STRUCK MOTOR VEHICLE, REAR END",,0,Unknown,Unknown,Dark - Street Lights On,,4074018.0,,15,From same direction - one left turn - one straight,0,0,N
8521,1,-122.3289908,47.54549572,10652,23407,23407,1781229,Matched,Block,,S MICHIGAN ST BETWEEN 4TH AVE S AND 5TH AVE S,,,1,Property Damage Only Collision,Sideswipe,2,0,0,2,2004/02/05 00:00:00+00,2/5/2004,Mid-Block (not related to intersection),16,"MOTOR VEHICLE STRUCK MOTOR VEHICLE, LEFT SIDE SIDESWIPE",,0,Clear,Dry,Daylight,,4036033.0,,11,From same direction - both going straight - both moving - sideswipe,0,0,N
8522,1,-122.32342990000001,47.59750977,10653,24327,24327,1777004,Matched,Block,,S WELLER ST BETWEEN 7TH AVE S AND CANTON AL S,,,1,Property Damage Only Collision,Parked Car,3,0,0,3,2004/01/07 00:00:00+00,1/7/2004,Mid-Block (but intersection related),14,"MOTOR VEHICLE STRUCK MOTOR VEHICLE, REAR END",,0,Raining,Snow/Slush,Dusk,,4007016.0,,32,One parked--one moving,0,0,N
8523,2,-122.3488768,47.62456433,10654,23957,23957,1181691,Matched,Intersection,28915.0,4TH AVE N AND MERCER ST,,,2,Injury Collision,Pedestrian,2,1,0,1,2004/03/31 00:00:00+00,3/31/2004 7:28:00 AM,At Intersection (intersection related),24,MOTOR VEHCILE STRUCK PEDESTRIAN,Y,0,Clear,Dry,Daylight,Y,4091005.0,,2,Vehicle turning left hits pedestrian,0,0,N
8524,2,-122.28890459999998,47.5628206,10655,24405,24405,1771541,Matched,Intersection,32720.0,35TH AVE S AND S OREGON ST,,,2,Injury Collision,Angles,2,0,0,2,2004/06/13 00:00:00+00,6/13/2004 1:20:00 PM,At Intersection (intersection related),11,"MOTOR VEHICLE STRUCK MOTOR VEHICLE, FRONT END AT ANGLE",,0,Clear,Dry,Dawn,,4165014.0,,10,Entering at angle,0,0,N
8525,2,-122.3142101,47.66490847,10656,24162,24162,1794454,Matched,Intersection,25792.0,BROOKLYN AVE NE AND NE 50TH ST,,,2,Injury Collision,Pedestrian,3,2,0,1,2004/10/01 00:00:00+00,10/1/2004,At Intersection (intersection related),24,MOTOR VEHCILE STRUCK PEDESTRIAN,,1,Clear,Dry,Dark - Street Lights On,Y,4275008.0,,2,Vehicle turning left hits pedestrian,0,0,N
8526,2,-122.3341838,47.72320789,10657,24733,24733,1205171,Matched,Intersection,35965.0,MERIDIAN AVE N AND N 130TH ST,,,2,Injury Collision,Left Turn,3,0,0,2,2004/05/12 00:00:00+00,5/12/2004 7:18:00 PM,At Intersection (intersection related),11,"MOTOR VEHICLE STRUCK MOTOR VEHICLE, FRONT END AT ANGLE",,0,Clear,Dry,Dusk,,4133001.0,,28,From opposite direction - one left turn - one straight,0,0,N
8527,1,-122.3219169,47.59583136,10658,24173,24173,1784691,Matched,Block,,S DEARBORN ST BETWEEN 8TH AVE S AND DEARBORN OFF RP,,,1,Property Damage Only Collision,Rear Ended,4,0,0,3,2004/11/15 00:00:00+00,11/15/2004 12:30:00 PM,Mid-Block (not related to intersection),14,"MOTOR VEHICLE STRUCK MOTOR VEHICLE, REAR END",,0,Raining,Wet,Daylight,,4320018.0,,14,From same direction - both going straight - one stopped - rear-end,0,0,N
8528,2,-122.3508723,47.702895299999994,10659,24667,24667,1079906,Matched,Intersection,37393.0,EVANSTON AVE N AND N 102ND ST,,,2,Injury Collision,Angles,4,0,0,2,2004/07/08 00:00:00+00,7/8/2004,At Intersection (intersection related),11,"MOTOR VEHICLE STRUCK MOTOR VEHICLE, FRONT END AT ANGLE",,0,Overcast,Dry,Daylight,,4190017.0,,10,Entering at angle,0,0,N
8529,2,-122.3409938,47.63099174,10661,23568,23568,1783856,Matched,Block,,WESTLAKE AVE N BETWEEN HIGHLAND DR AND GALER S ST,,,2,Injury Collision,Sideswipe,3,0,0,2,2004/08/11 00:00:00+00,8/11/2004 5:29:00 PM,Mid-Block (but intersection related),16,"MOTOR VEHICLE STRUCK MOTOR VEHICLE, LEFT SIDE SIDESWIPE",,0,Clear,Dry,Daylight,,4224011.0,,11,From same direction - both going straight - both moving - sideswipe,0,0,N
8530,2,-122.29707690000001,47.57694363,10663,23899,23899,1771327,Matched,Block,,RAINIER AVE S BETWEEN S FOREST ST AND M L KING JR WAY S,,,2,Injury Collision,Cycles,2,0,1,1,2004/01/27 00:00:00+00,1/27/2004 5:04:00 PM,Driveway Junction,18,"MOTOR VEHICLE STRUCK PEDALCYCLIST, FRONT END AT ANGLE",,0,Clear,Dry,Dusk,Y,4027005.0,,45,Vehicle - Pedalcyclist,0,0,N