,SEVERITYCODE,X,Y,OBJECTID,INCKEY,COLDETKEY,REPORTNO,STATUS,ADDRTYPE,INTKEY,LOCATION,EXCEPTRSNCODE,EXCEPTRSNDESC,SEVERITYCODE.1,SEVERITYDESC,COLLISIONTYPE,PERSONCOUNT,PEDCOUNT,PEDCYLCOUNT,VEHCOUNT,INCDATE,INCDTTM,JUNCTIONTYPE,SDOT_COLCODE,SDOT_COLDESC,INATTENTIONIND,UNDERINFL,WEATHER,ROADCOND,LIGHTCOND,PEDROWNOTGRNT,SDOTCOLNUM,SPEEDING,ST_COLCODE,ST_COLDESC,SEGLANEKEY,CROSSWALKKEY,HITPARKEDCAR
8531,1,-122.37663359999999,47.53154752,10664,24497,24497,1775472,Matched,Block,,35TH AVE SW BETWEEN SW KENYON ST AND SW MONROE ST,,,1,Property Damage Only Collision,Parked Car,2,0,0,2,2004/07/24 00:00:00+00,7/24/2004 10:33:00 PM,Mid-Block (not related to intersection),16,"MOTOR VEHICLE STRUCK MOTOR VEHICLE, LEFT SIDE SIDESWIPE",Y,0,Clear,Dry,Dark - Street Lights On,,4206022.0,,32,One parked--one moving,0,0,N
8532,1,-122.35545309999999,47.61860207,10667,24186,24186,1482449,Matched,Intersection,29717.0,1ST AVE AND DENNY WAY,,,1,Property Damage Only Collision,Sideswipe,2,0,0,2,2004/06/23 00:00:00+00,6/23/2004 11:30:00 AM,At Intersection (but not related to intersection),16,"MOTOR VEHICLE STRUCK MOTOR VEHICLE, LEFT SIDE SIDESWIPE",,0,Clear,Dry,Daylight,,4175010.0,,11,From same direction - both going straight - both moving - sideswipe,0,0,N
8533,1,-122.32845800000001,47.61296791,10669,25382,25382,1198554,Matched,Block,,BOREN AVE BETWEEN UNION ST AND PIKE ST,,,1,Property Damage Only Collision,Rear Ended,5,0,0,2,2004/12/07 00:00:00+00,12/7/2004,Mid-Block (but intersection related),14,"MOTOR VEHICLE STRUCK MOTOR VEHICLE, REAR END",Y,0,Raining,Wet,Daylight,,4342052.0,,13,From same direction - both going straight - both moving - rear-end,0,0,N
8534,2,-122.3081275,47.61643328,10670,24151,24151,1789836,Matched,Block,,E MADISON ST BETWEEN 18TH AVE AND 19TH AVE,,,2,Injury Collision,Other,1,0,0,1,2004/02/18 00:00:00+00,2/18/2004 2:43:00 AM,Mid-Block (but intersection related),28,MOTOR VEHICLE RAN OFF ROAD - HIT FIXED OBJECT,,1,Overcast,Wet,Dark - Street Lights On,,4049027.0,Y,50,Fixed object,0,0,N
8535,1,-122.29389609999998,47.72289928,10672,24657,24657,C649695,Matched,Block,,NE 130TH ST BETWEEN 31ST AVE NE AND LAKE CITY WAY NE,,,1,Property Damage Only Collision,Rear Ended,2,0,0,2,2004/12/01 00:00:00+00,12/1/2004,Mid-Block (but intersection related),14,"MOTOR VEHICLE STRUCK MOTOR VEHICLE, REAR END",,0,Clear,Dry,Daylight,,4336037.0,,14,From same direction - both going straight - one stopped - rear-end,0,0,N
8536,1,-122.33417859999999,47.60172234,10674,23560,23560,1776195,Matched,Intersection,30357.0,1ST AVE AND YESLER WAY,,,1,Property Damage Only Collision,Angles,2,0,0,2,2004/08/10 00:00:00+00,8/10/2004 5:19:00 PM,At Intersection (intersection related),11,"MOTOR VEHICLE STRUCK MOTOR VEHICLE, FRONT END AT ANGLE",,0,Clear,Dry,Daylight,,4223034.0,,10,Entering at angle,0,0,N
8537,2,-122.30259720000001,47.61710747,10675,23963,23963,1772254,Matched,Intersection,29988.0,23RD AVE AND E OLIVE N ST,,,2,Injury Collision,Left Turn,2,0,0,2,2004/04/16 00:00:00+00,4/16/2004 8:38:00 PM,At Intersection (intersection related),11,"MOTOR VEHICLE STRUCK MOTOR VEHICLE, FRONT END AT ANGLE",Y,0,Clear,Dry,Dark - Street Lights On,,4107051.0,,28,From opposite direction - one left turn - one straight,0,0,N
8538,1,-122.3735939,47.66366175,10678,24556,24556,1198992,Matched,Intersection,25456.0,14TH AVE NW AND NW LEARY WAY,,,1,Property Damage Only Collision,Left Turn,2,0,0,2,2004/03/20 00:00:00+00,3/20/2004 6:14:00 PM,At Intersection (intersection related),11,"MOTOR VEHICLE STRUCK MOTOR VEHICLE, FRONT END AT ANGLE",,0,Clear,Dry,Dusk,,4080025.0,,28,From opposite direction - one left turn - one straight,0,0,N
8539,1,-122.31347290000001,47.55344268,10679,23539,23539,1772753,Matched,Intersection,33362.0,15TH AVE S AND S LUCILE ST,,,1,Property Damage Only Collision,Left Turn,3,0,0,2,2004/04/30 00:00:00+00,4/30/2004 8:32:00 PM,At Intersection (intersection related),11,"MOTOR VEHICLE STRUCK MOTOR VEHICLE, FRONT END AT ANGLE",,0,Clear,Dry,Dark - Street Lights On,,4121044.0,,28,From opposite direction - one left turn - one straight,0,0,N
8540,2,-122.37627579999999,47.55378048,10681,23939,23939,1798531,Matched,Intersection,32795.0,35TH AVE SW AND SW BRANDON ST,,,2,Injury Collision,Cycles,2,0,1,1,2004/07/04 00:00:00+00,7/4/2004,At Intersection (intersection related),18,"MOTOR VEHICLE STRUCK PEDALCYCLIST, FRONT END AT ANGLE",,0,Clear,Dry,Dark - Street Lights On,,4186005.0,,45,Vehicle - Pedalcyclist,0,0,N
8541,2,-122.36198200000001,47.69063291,10683,25339,25339,1773817,Matched,Block,,NW 85TH ST BETWEEN 3RD AVE NW AND 6TH AVE NW,,,2,Injury Collision,Rear Ended,5,0,0,3,2004/04/21 00:00:00+00,4/21/2004 8:30:00 AM,Mid-Block (not related to intersection),14,"MOTOR VEHICLE STRUCK MOTOR VEHICLE, REAR END",,0,Clear,Dry,Daylight,,4112034.0,,14,From same direction - both going straight - one stopped - rear-end,0,0,N
8542,1,-122.3725996,47.52556822,10684,24002,24002,1775471,Matched,Block,,31ST AVE SW BETWEEN SW CLOVERDALE ST AND SW TRENTON ST,,,1,Property Damage Only Collision,Parked Car,2,0,0,2,2004/07/14 00:00:00+00,7/14/2004 11:29:00 PM,Mid-Block (not related to intersection),15,"MOTOR VEHICLE STRUCK MOTOR VEHICLE, RIGHT SIDE SIDESWIPE",,0,Clear,Dry,Dark - Street Lights On,,4196018.0,,32,One parked--one moving,0,0,N
8543,1,-122.34542330000001,47.51730344,10685,24434,24434,1864870,Matched,Intersection,35066.0,8TH AVE SW AND SW ROXBURY ST,,,1,Property Damage Only Collision,Left Turn,3,0,0,2,2004/06/26 00:00:00+00,6/26/2004 2:08:00 PM,At Intersection (intersection related),11,"MOTOR VEHICLE STRUCK MOTOR VEHICLE, FRONT END AT ANGLE",Y,0,Clear,Dry,Daylight,,4178010.0,,28,From opposite direction - one left turn - one straight,0,0,N
8544,1,-122.37877209999999,47.56156001,10686,23408,23408,1781443,Matched,Block,,37TH AVE SW BETWEEN SW SNOQUALMIE ST AND SW ALASKA ST,,,1,Property Damage Only Collision,Parked Car,2,0,0,2,2004/09/04 00:00:00+00,9/4/2004,Driveway Junction,13,"MOTOR VEHICLE STRUCK MOTOR VEHICLE, LEFT SIDE AT ANGLE",,0,Clear,Dry,Dark - Street Lights On,,4248010.0,,32,One parked--one moving,0,0,N
8545,2,-122.3197408,47.615243,10687,24808,24808,C649308,Matched,Block,,E PINE ST BETWEEN NAGLE PL AND 10TH AVE,,,2,Injury Collision,Rear Ended,2,0,0,2,2004/10/14 00:00:00+00,10/14/2004 1:15:00 PM,Mid-Block (not related to intersection),14,"MOTOR VEHICLE STRUCK MOTOR VEHICLE, REAR END",,0,Clear,Dry,Daylight,,4288049.0,,14,From same direction - both going straight - one stopped - rear-end,0,0,N
8546,1,-122.31311570000001,47.66218058,10689,24689,24689,1794047,Matched,Block,,UNIVERSITY WAY NE BETWEEN NE 45TH ST AND NE 47TH ST,,,1,Property Damage Only Collision,Parked Car,2,0,0,2,2004/08/03 00:00:00+00,8/3/2004,Mid-Block (not related to intersection),11,"MOTOR VEHICLE STRUCK MOTOR VEHICLE, FRONT END AT ANGLE",,0,Clear,Dry,Daylight,,4216018.0,,32,One parked--one moving,0,0,N
8547,1,-122.2993922,47.57425636,10691,23766,23766,1779618,Matched,Block,,CHEASTY BLVD S BETWEEN S WINTHROP ST AND S HINDS ST,,,1,Property Damage Only Collision,Parked Car,2,0,0,2,2004/10/07 00:00:00+00,10/7/2004,Mid-Block (not related to intersection),11,"MOTOR VEHICLE STRUCK MOTOR VEHICLE, FRONT END AT ANGLE",,0,Clear,Dry,Daylight,,4281028.0,Y,32,One parked--one moving,0,0,N
8548,2,-122.27990859999998,47.52787265,10692,23927,23927,1771641,Matched,Intersection,487282.0,M L KING JR ER WAY S AND S THISTLE ST,,,2,Injury Collision,Rear Ended,2,0,0,2,2004/03/01 00:00:00+00,3/1/2004,At Intersection (but not related to intersection),14,"MOTOR VEHICLE STRUCK MOTOR VEHICLE, REAR END",Y,0,Clear,Dry,Daylight,,4061010.0,,14,From same direction - both going straight - one stopped - rear-end,0,0,N
8549,1,-122.37992879999999,47.56947619,10697,24601,24601,1785586,Matched,Block,,BELVIDERE AVE SW BETWEEN SW CHARLESTOWN ST AND 38TH AVE SW,,,1,Property Damage Only Collision,Head On,2,0,0,2,2004/03/14 00:00:00+00,3/14/2004 1:00:00 PM,Mid-Block (but intersection related),11,"MOTOR VEHICLE STRUCK MOTOR VEHICLE, FRONT END AT ANGLE",,0,Clear,Dry,Unknown,,4074008.0,,30,From opposite direction - all others,0,0,N
8550,2,-122.37621740000002,47.66679779,10698,23935,23935,1781936,Matched,Block,,15TH AVE NW BETWEEN NW 52ND ST AND NW 53RD ST,,,2,Injury Collision,Other,2,0,0,2,2004/06/18 00:00:00+00,6/18/2004 12:52:00 PM,Driveway Junction,11,"MOTOR VEHICLE STRUCK MOTOR VEHICLE, FRONT END AT ANGLE",,0,Clear,Dry,Daylight,,4170022.0,,21,One car entering driveway access,0,0,N
8551,1,-122.3177466,47.65965306,10699,24676,24676,1780788,Matched,Block,,ROOSEVELT WAY NE BETWEEN NE 43RD S ST AND NE 43RD N ST,,,1,Property Damage Only Collision,Parked Car,2,0,0,2,2004/04/28 00:00:00+00,4/28/2004 9:50:00 AM,Driveway Junction,11,"MOTOR VEHICLE STRUCK MOTOR VEHICLE, FRONT END AT ANGLE",,0,Clear,Dry,Daylight,,4119034.0,,32,One parked--one moving,0,0,N
8552,2,-122.3290621,47.56877718,10700,25342,25342,1777036,Matched,Block,,4TH AVE S BETWEEN W SEA BR EB 4 AV OFF RP AND S INDUSTRIAL WB WAY,,,2,Injury Collision,Cycles,2,0,1,1,2004/03/06 00:00:00+00,3/6/2004,Mid-Block (not related to intersection),18,"MOTOR VEHICLE STRUCK PEDALCYCLIST, FRONT END AT ANGLE",,0,Clear,Dry,Daylight,,4066004.0,,45,Vehicle - Pedalcyclist,0,0,N
8553,1,-122.3570567,47.61860823,10702,24573,24573,1482612,Matched,Block,,W DENNY WAY BETWEEN QUEEN ANNE AVE N AND WESTERN AVE W,,,1,Property Damage Only Collision,Other,2,0,0,2,2004/05/27 00:00:00+00,5/27/2004 10:45:00 PM,Mid-Block (but intersection related),11,"MOTOR VEHICLE STRUCK MOTOR VEHICLE, FRONT END AT ANGLE",,0,Clear,Dry,Dark - Street Lights On,,4148051.0,,52,Vehicle overturned,0,0,N
8554,1,-122.331429,47.61794165,10703,24858,24858,1778267,Matched,Block,,STEWART ST BETWEEN MINOR AVE AND YALE AVE,,,1,Property Damage Only Collision,Parked Car,2,0,0,2,2004/10/04 00:00:00+00,10/4/2004,Mid-Block (not related to intersection),11,"MOTOR VEHICLE STRUCK MOTOR VEHICLE, FRONT END AT ANGLE",,0,Clear,Dry,Daylight,,4278020.0,,32,One parked--one moving,0,0,N
8555,1,-122.3548104,47.55191787,10704,23557,23557,1775094,Matched,Intersection,33059.0,16TH AVE SW AND SW FINDLAY ST,,,1,Property Damage Only Collision,Angles,6,0,0,3,2004/01/23 00:00:00+00,1/23/2004 11:57:00 AM,At Intersection (intersection related),11,"MOTOR VEHICLE STRUCK MOTOR VEHICLE, FRONT END AT ANGLE",,0,Raining,Wet,Daylight,,4023041.0,,10,Entering at angle,0,0,N
8556,2,-122.3167804,47.60652038,10705,23964,23964,1772272,Matched,Block,,12TH AVE BETWEEN E JEFFERSON ST AND E BARCLAY CT,,,2,Injury Collision,Rear Ended,2,0,0,2,2004/06/27 00:00:00+00,6/27/2004 3:42:00 PM,Mid-Block (but intersection related),14,"MOTOR VEHICLE STRUCK MOTOR VEHICLE, REAR END",,0,Clear,Dry,Daylight,,4179031.0,,14,From same direction - both going straight - one stopped - rear-end,0,0,N
8557,2,-122.36653020000001,47.52828076,10706,23747,23747,1790256,Matched,Block,,SW THISTLE ST BETWEEN 26TH AVE SW AND 27TH AVE SW,,,2,Injury Collision,Rear Ended,3,0,0,3,2004/03/20 00:00:00+00,3/20/2004 9:50:00 AM,Mid-Block (not related to intersection),14,"MOTOR VEHICLE STRUCK MOTOR VEHICLE, REAR END",Y,0,Clear,Dry,Daylight,,4080020.0,,13,From same direction - both going straight - both moving - rear-end,0,0,N
8558,1,-122.39638049999999,47.69056959,10709,23916,23916,1473749,Matched,Block,,NW 85TH ST BETWEEN 30TH AVE NW AND 31ST AVE NW,,,1,Property Damage Only Collision,Parked Car,5,0,0,4,2004/04/03 00:00:00+00,4/3/2004,Mid-Block (not related to intersection),16,"MOTOR VEHICLE STRUCK MOTOR VEHICLE, LEFT SIDE SIDESWIPE",,1,Clear,Dry,Dark - Street Lights On,,4094008.0,,32,One parked--one moving,0,0,N
8559,1,-122.3156676,47.67945216,10710,23932,23932,1781778,Matched,Intersection,24473.0,12TH AVE NE AND NE 70TH ST,,,1,Property Damage Only Collision,Angles,2,0,0,2,2004/05/10 00:00:00+00,5/10/2004 5:15:00 PM,At Intersection (intersection related),11,"MOTOR VEHICLE STRUCK MOTOR VEHICLE, FRONT END AT ANGLE",,0,Overcast,Wet,Daylight,,4131029.0,,10,Entering at angle,0,0,N
8560,1,-122.3532666,47.69058906,10711,24533,24533,1780774,Matched,Block,,N 85TH ST BETWEEN PHINNEY AVE N AND DAYTON AVE N,,,1,Property Damage Only Collision,Rear Ended,3,0,0,3,2004/03/25 00:00:00+00,3/25/2004 7:30:00 PM,Mid-Block (not related to intersection),14,"MOTOR VEHICLE STRUCK MOTOR VEHICLE, REAR END",,0,Raining,Wet,Dark - Street Lights On,,4085026.0,,14,From same direction - both going straight - one stopped - rear-end,0,0,N
8561,2,-122.3341972,47.58716755,10714,23839,23839,1783860,Matched,Block,,1ST AVE S BETWEEN S MASSACHUSETTS ST AND S HOLGATE ST,,,2,Injury Collision,Rear Ended,4,0,0,2,2004/08/16 00:00:00+00,8/16/2004 2:28:00 AM,Mid-Block (not related to intersection),14,"MOTOR VEHICLE STRUCK MOTOR VEHICLE, REAR END",,0,Clear,Dry,Dark - Street Lights On,,4229027.0,,14,From same direction - both going straight - one stopped - rear-end,0,0,N
8562,1,-122.31884,47.61196945,10715,24347,24347,1789571,Matched,Block,,E MADISON ST BETWEEN 10TH AVE AND E SENECA ST,,,1,Property Damage Only Collision,Parked Car,2,0,0,2,2004/01/02 00:00:00+00,1/2/2004,Mid-Block (not related to intersection),16,"MOTOR VEHICLE STRUCK MOTOR VEHICLE, LEFT SIDE SIDESWIPE",Y,0,Clear,Wet,Daylight,,4002064.0,,32,One parked--one moving,0,0,N
8563,1,-122.2997327,47.69934123,10716,24425,24425,1780493,Matched,Block,,NE 97TH ST BETWEEN DEAD END 1 AND 27TH AVE NE,,,1,Property Damage Only Collision,Parked Car,2,0,0,2,2004/04/29 00:00:00+00,4/29/2004 6:00:00 PM,Mid-Block (not related to intersection),12,"MOTOR VEHICLE STRUCK MOTOR VEHICLE, RIGHT SIDE AT ANGLE",,0,Unknown,Unknown,Daylight,,4120046.0,,32,One parked--one moving,0,0,N
8564,1,-122.29020290000001,47.66941629,10717,23410,23410,1773991,Matched,Block,,35TH AVE NE BETWEEN NE 55TH ST AND NE 57TH ST,,,1,Property Damage Only Collision,Sideswipe,3,0,0,2,2004/06/11 00:00:00+00,6/11/2004 1:11:00 PM,Mid-Block (not related to intersection),16,"MOTOR VEHICLE STRUCK MOTOR VEHICLE, LEFT SIDE SIDESWIPE",,0,Clear,Dry,Daylight,,4163028.0,,26,From opposite direction - both going straight - sideswipe,0,0,N
8565,1,-122.3239767,47.61774908,10718,24478,24478,1799131,Matched,Block,,E HOWELL ST BETWEEN BELMONT AVE AND BOYLSTON N AVE,,,1,Property Damage Only Collision,Parked Car,2,0,0,2,2004/10/05 00:00:00+00,10/5/2004,Mid-Block (not related to intersection),11,"MOTOR VEHICLE STRUCK MOTOR VEHICLE, FRONT END AT ANGLE",,0,Overcast,Dry,Daylight,,4279053.0,,32,One parked--one moving,0,0,N
8566,1,-122.30646259999999,47.64209841,10720,24257,24257,1789763,Matched,Block,,WEST MONTLAKE PL E BETWEEN E MILLER ST AND E LOUISA ST,,,1,Property Damage Only Collision,Parked Car,2,0,0,2,2004/09/04 00:00:00+00,9/4/2004,Mid-Block (not related to intersection),16,"MOTOR VEHICLE STRUCK MOTOR VEHICLE, LEFT SIDE SIDESWIPE",,0,Overcast,Dry,Daylight,,4248008.0,,32,One parked--one moving,0,0,N
8567,1,-122.34273259999999,47.64941987,10721,24729,24729,1780338,Matched,Intersection,26897.0,STONE WAY N AND N 35TH ST,,,1,Property Damage Only Collision,Left Turn,5,0,0,2,2004/02/03 00:00:00+00,2/3/2004,At Intersection (intersection related),11,"MOTOR VEHICLE STRUCK MOTOR VEHICLE, FRONT END AT ANGLE",,0,Overcast,Dry,Daylight,,4034022.0,,28,From opposite direction - one left turn - one straight,0,0,N
8568,2,-122.32635549999999,47.60045148,10722,24179,24179,1213266,Matched,Block,,6TH AVE S BETWEEN S WASHINGTON ST AND S MAIN ST,,,2,Injury Collision,Rear Ended,6,0,0,2,2004/11/25 00:00:00+00,11/25/2004 1:25:00 PM,Mid-Block (but intersection related),14,"MOTOR VEHICLE STRUCK MOTOR VEHICLE, REAR END",,0,Raining,Wet,Daylight,,4330036.0,,14,From same direction - both going straight - one stopped - rear-end,0,0,N
8569,1,-122.3014639,47.60901631,10723,24522,24522,1788293,Matched,Intersection,30053.0,24TH AVE AND E COLUMBIA ST,,,1,Property Damage Only Collision,Angles,2,0,0,2,2004/05/17 00:00:00+00,5/17/2004 5:14:00 PM,At Intersection (intersection related),11,"MOTOR VEHICLE STRUCK MOTOR VEHICLE, FRONT END AT ANGLE",,0,Clear,Dry,Daylight,,4138016.0,,10,Entering at angle,0,0,N
8570,1,-122.2764033,47.52331234,10724,25007,25007,1772744,Matched,Intersection,35274.0,RENTON AVE S AND S HENDERSON ST,,,1,Property Damage Only Collision,Left Turn,2,0,0,2,2004/06/16 00:00:00+00,6/16/2004 2:53:00 PM,At Intersection (intersection related),16,"MOTOR VEHICLE STRUCK MOTOR VEHICLE, LEFT SIDE SIDESWIPE",,0,Clear,Dry,Daylight,,4168026.0,,15,From same direction - one left turn - one straight,0,0,N
8571,1,-122.3768028,47.68966537,10725,23424,23424,1780212,Matched,Block,,15TH AVE NW BETWEEN NW 83RD ST AND NW 85TH ST,,,1,Property Damage Only Collision,Other,2,0,0,2,2004/01/13 00:00:00+00,1/13/2004 5:44:00 PM,Driveway Junction,11,"MOTOR VEHICLE STRUCK MOTOR VEHICLE, FRONT END AT ANGLE",,0,Overcast,Dry,Dark - Street Lights On,,4013011.0,,21,One car entering driveway access,0,0,N
8572,1,-122.37075759999999,47.66943777,10726,23698,23698,1778550,Matched,Intersection,25412.0,11TH AVE NW AND NW 56TH ST,,,1,Property Damage Only Collision,Angles,2,0,0,2,2004/06/18 00:00:00+00,6/18/2004 11:10:00 AM,At Intersection (intersection related),11,"MOTOR VEHICLE STRUCK MOTOR VEHICLE, FRONT END AT ANGLE",,0,Clear,Dry,Daylight,,4170023.0,,10,Entering at angle,0,0,N
8573,1,-122.28923929999999,47.61520697,10727,23901,23901,1180749,Matched,Intersection,30251.0,34TH AVE AND E PINE ST,,,1,Property Damage Only Collision,Left Turn,3,0,0,2,2004/01/30 00:00:00+00,1/30/2004 11:54:00 AM,At Intersection (but not related to intersection),11,"MOTOR VEHICLE STRUCK MOTOR VEHICLE, FRONT END AT ANGLE",,0,Clear,Dry,Daylight,,4030022.0,,15,From same direction - one left turn - one straight,0,0,N
8574,1,-122.34093159999999,47.72321028,10728,24786,24786,1080179,Matched,Block,,N 130TH ST BETWEEN STONE AVE N AND ASHWORTH AVE N,,,1,Property Damage Only Collision,Sideswipe,2,0,0,2,2004/06/23 00:00:00+00,6/23/2004 6:55:00 PM,Mid-Block (not related to intersection),16,"MOTOR VEHICLE STRUCK MOTOR VEHICLE, LEFT SIDE SIDESWIPE",,0,Clear,Dry,Dusk,,4175006.0,,11,From same direction - both going straight - both moving - sideswipe,0,0,N
8575,2,-122.32997399999999,47.70863743,10730,23115,23115,1773762,Matched,Block,,N NORTHGATE WAY BETWEEN CORLISS AVE N AND 1ST AVE NE,,,2,Injury Collision,Rear Ended,7,0,0,4,2004/01/19 00:00:00+00,1/19/2004 2:25:00 PM,Mid-Block (but intersection related),14,"MOTOR VEHICLE STRUCK MOTOR VEHICLE, REAR END",,0,Clear,Dry,Daylight,,4019018.0,,13,From same direction - both going straight - both moving - rear-end,0,0,N
8576,1,-122.27809340000002,47.53063015,10731,24752,24752,1784356,Matched,Block,,RENTON AVE S BETWEEN S KENYON ST AND S ROSE CT,,,1,Property Damage Only Collision,Rear Ended,3,0,0,3,2004/11/19 00:00:00+00,11/19/2004 9:55:00 AM,Mid-Block (but intersection related),14,"MOTOR VEHICLE STRUCK MOTOR VEHICLE, REAR END",,0,Clear,Dry,Daylight,,4324041.0,,14,From same direction - both going straight - one stopped - rear-end,0,0,N
8577,2,-122.2961992,47.61294056,10732,23946,23946,1477847,Matched,Intersection,30022.0,M L KING JR WAY AND E UNION ST,,,2,Injury Collision,Angles,2,0,0,2,2004/09/05 00:00:00+00,9/5/2004,At Intersection (intersection related),11,"MOTOR VEHICLE STRUCK MOTOR VEHICLE, FRONT END AT ANGLE",,1,Clear,Dry,Dark - Street Lights On,,4249021.0,,10,Entering at angle,0,0,N
8578,1,-122.34228020000002,47.72321072,10733,24398,24398,467352,Matched,Intersection,35762.0,STONE AVE N AND N 130TH ST,,,1,Property Damage Only Collision,Left Turn,0,0,0,2,2004/03/30 00:00:00+00,3/30/2004 12:05:00 PM,At Intersection (intersection related),11,"MOTOR VEHICLE STRUCK MOTOR VEHICLE, FRONT END AT ANGLE",,0,Clear,Dry,Daylight,,4090024.0,,28,From opposite direction - one left turn - one straight,0,0,N
8579,1,-122.32592949999999,47.6555854,10734,25176,25176,1794296,Matched,Block,,NE 40 UPPER ST BETWEEN NE 40TH ST AND LATONA AVE NE,,,1,Property Damage Only Collision,Rear Ended,2,0,0,2,2004/06/11 00:00:00+00,6/11/2004 8:30:00 AM,Mid-Block (but intersection related),14,"MOTOR VEHICLE STRUCK MOTOR VEHICLE, REAR END",,0,Raining,Wet,Daylight,,4163025.0,,13,From same direction - both going straight - both moving - rear-end,0,0,N
8580,2,-122.3359077,47.59875001,10735,24008,24008,1321782,Matched,Block,,ALASKAN WAY S BETWEEN S JACKSON ST AND S KING ST,,,2,Injury Collision,Parked Car,5,0,0,5,2004/08/21 00:00:00+00,8/21/2004 7:21:00 AM,Mid-Block (not related to intersection),11,"MOTOR VEHICLE STRUCK MOTOR VEHICLE, FRONT END AT ANGLE",,0,Clear,Dry,Daylight,,4234040.0,,32,One parked--one moving,0,0,N
8581,1,-122.36968,47.66866158,10736,24586,24586,1783129,Matched,Block,,NW MARKET ST BETWEEN 9TH AVE NW AND 11TH AVE NW,,,1,Property Damage Only Collision,Parked Car,2,0,0,2,2004/04/03 00:00:00+00,4/3/2004,Mid-Block (not related to intersection),14,"MOTOR VEHICLE STRUCK MOTOR VEHICLE, REAR END",,0,Clear,Dry,Dark - Street Lights On,,4094036.0,,32,One parked--one moving,0,0,N
8582,2,-122.3324513,47.60726631,10738,24860,24860,1216970,Matched,Intersection,29933.0,5TH AVE AND SPRING ST,,,2,Injury Collision,Angles,3,0,0,2,2004/08/31 00:00:00+00,8/31/2004 2:49:00 PM,At Intersection (intersection related),11,"MOTOR VEHICLE STRUCK MOTOR VEHICLE, FRONT END AT ANGLE",Y,0,Clear,Dry,Daylight,,4244023.0,,10,Entering at angle,0,0,N
8583,1,-122.3239335,47.60885599,10739,23132,23132,1776188,Matched,Block,,MARION ST BETWEEN BOREN AVE AND MINOR AVE,,,1,Property Damage Only Collision,Parked Car,2,0,0,2,2004/06/02 00:00:00+00,6/2/2004,Mid-Block (not related to intersection),13,"MOTOR VEHICLE STRUCK MOTOR VEHICLE, LEFT SIDE AT ANGLE",,0,Unknown,Unknown,Daylight,,4154043.0,,32,One parked--one moving,0,0,N
8584,1,-122.29929299999999,47.56114291,10740,23821,23821,1793179,Matched,Block,,S COLUMBIAN WAY BETWEEN S AMERICUS ST AND S ALASKA ST,,,1,Property Damage Only Collision,Other,2,0,0,2,2004/09/09 00:00:00+00,9/9/2004,Mid-Block (but intersection related),14,"MOTOR VEHICLE STRUCK MOTOR VEHICLE, REAR END",,0,Raining,Wet,Daylight,,4253025.0,,21,One car entering driveway access,0,0,N
8585,1,-122.4072693,47.63832085,10742,24336,24336,1474795,Matched,Block,,MONTAVISTA PL W BETWEEN CONSTANCE DR W AND WEST VIEWMONT WAY W,,,1,Property Damage Only Collision,Parked Car,2,0,0,2,2004/02/02 00:00:00+00,2/2/2004,Mid-Block (not related to intersection),14,"MOTOR VEHICLE STRUCK MOTOR VEHICLE, REAR END",,0,Other,Unknown,Dark - Street Lights On,,4033031.0,,32,One parked--one moving,0,0,N
8586,1,-122.2713187,47.53469035,10743,24413,24413,1779667,Matched,Block,,S AUSTIN ST BETWEEN 48TH AVE S AND RAINIER AVE S,,,1,Property Damage Only Collision,Sideswipe,2,0,0,2,2004/03/28 00:00:00+00,3/28/2004 6:00:00 PM,Mid-Block (not related to intersection),16,"MOTOR VEHICLE STRUCK MOTOR VEHICLE, LEFT SIDE SIDESWIPE",,0,Clear,Dry,Dusk,,4088014.0,,26,From opposite direction - both going straight - sideswipe,0,0,N
8587,2,-122.3548037,47.55280433,10744,23399,23399,1789284,Matched,Block,,16TH AVE SW BETWEEN SW BRANDON ST AND SW FINDLAY ST,,,2,Injury Collision,Other,1,0,0,1,2004/01/09 00:00:00+00,1/9/2004,Mid-Block (not related to intersection),28,MOTOR VEHICLE RAN OFF ROAD - HIT FIXED OBJECT,Y,0,Raining,Wet,Daylight,,4009009.0,,50,Fixed object,0,0,N
8588,2,-122.26982120000001,47.51699687,10745,23776,23776,1771564,Matched,Block,,RENTON AVE S BETWEEN 51ST AVE S AND S ROXBURY ST,,,2,Injury Collision,Rear Ended,3,0,0,2,2004/09/24 00:00:00+00,9/24/2004 9:45:00 AM,Mid-Block (but intersection related),14,"MOTOR VEHICLE STRUCK MOTOR VEHICLE, REAR END",Y,0,Clear,Dry,Daylight,,4268047.0,,14,From same direction - both going straight - one stopped - rear-end,0,0,N
8589,2,-122.2627774,47.52011701,10747,24532,24532,1771281,Matched,Intersection,35451.0,RAINIER AVE S AND SEWARD PARK AVE S,,,2,Injury Collision,Left Turn,5,0,0,2,2004/05/01 00:00:00+00,5/1/2004,At Intersection (intersection related),11,"MOTOR VEHICLE STRUCK MOTOR VEHICLE, FRONT END AT ANGLE",,0,Clear,Dry,Dusk,,4122028.0,,28,From opposite direction - one left turn - one straight,0,0,N
8590,1,-122.3270088,47.60087213,10748,25341,25341,1777027,Matched,Block,,S WASHINGTON ST BETWEEN 5TH AVE S AND 6TH AVE S,,,1,Property Damage Only Collision,Parked Car,2,0,0,2,2004/01/06 00:00:00+00,1/6/2004,Mid-Block (not related to intersection),16,"MOTOR VEHICLE STRUCK MOTOR VEHICLE, LEFT SIDE SIDESWIPE",,0,Snowing,Snow/Slush,Daylight,,4006019.0,,32,One parked--one moving,0,0,N