,SEVERITYCODE,X,Y,OBJECTID,INCKEY,COLDETKEY,REPORTNO,STATUS,ADDRTYPE,INTKEY,LOCATION,EXCEPTRSNCODE,EXCEPTRSNDESC,SEVERITYCODE.1,SEVERITYDESC,COLLISIONTYPE,PERSONCOUNT,PEDCOUNT,PEDCYLCOUNT,VEHCOUNT,INCDATE,INCDTTM,JUNCTIONTYPE,SDOT_COLCODE,SDOT_COLDESC,INATTENTIONIND,UNDERINFL,WEATHER,ROADCOND,LIGHTCOND,PEDROWNOTGRNT,SDOTCOLNUM,SPEEDING,ST_COLCODE,ST_COLDESC,SEGLANEKEY,CROSSWALKKEY,HITPARKEDCAR
8591,1,-122.3495855,47.65272903,10750,24432,24432,1794337,Matched,Block,,N 38TH ST BETWEEN FREMONT AVE N AND FREMONT LN N,,,1,Property Damage Only Collision,Other,2,0,0,2,2004/07/23 00:00:00+00,7/23/2004 5:15:00 PM,Mid-Block (but intersection related),11,"MOTOR VEHICLE STRUCK MOTOR VEHICLE, FRONT END AT ANGLE",,0,Clear,Dry,Daylight,,4205018.0,,23,From same direction - all others,0,0,N
8592,2,-122.33467150000001,47.60633735,10751,23550,23550,1213895,Matched,Intersection,29950.0,3RD AVE AND SPRING ST,,,2,Injury Collision,Angles,2,0,0,2,2004/10/05 00:00:00+00,10/5/2004,At Intersection (intersection related),11,"MOTOR VEHICLE STRUCK MOTOR VEHICLE, FRONT END AT ANGLE",,0,Fog/Smog/Smoke,Dry,Dawn,,4279051.0,,10,Entering at angle,0,0,N
8593,1,-122.32588989999999,47.64087739,10752,24805,24805,1214271,Matched,Block,,EASTLAKE AVE E BETWEEN E LYNN ST AND E LOUISA ST,,,1,Property Damage Only Collision,Parked Car,3,0,0,2,2004/08/25 00:00:00+00,8/25/2004 9:12:00 AM,Mid-Block (not related to intersection),16,"MOTOR VEHICLE STRUCK MOTOR VEHICLE, LEFT SIDE SIDESWIPE",,0,Overcast,Wet,Daylight,,4238023.0,,32,One parked--one moving,0,0,N
8594,1,-122.3275249,47.70862158,10753,23751,23751,C649456,Matched,Block,,NE NORTHGATE WAY BETWEEN 1ST AVE NE AND NE NORTHGATE DR,,,1,Property Damage Only Collision,Sideswipe,2,0,0,2,2004/11/02 00:00:00+00,11/2/2004,Mid-Block (but intersection related),11,"MOTOR VEHICLE STRUCK MOTOR VEHICLE, FRONT END AT ANGLE",,0,Overcast,Dry,Daylight,,4307059.0,,11,From same direction - both going straight - both moving - sideswipe,0,0,N
8595,2,-122.32644429999999,47.61076544,10754,24259,24259,1789808,Matched,Intersection,29907.0,BOREN AVE AND SENECA ST,,,2,Injury Collision,Left Turn,2,0,0,2,2004/01/03 00:00:00+00,1/3/2004,At Intersection (intersection related),11,"MOTOR VEHICLE STRUCK MOTOR VEHICLE, FRONT END AT ANGLE",,0,Clear,Snow/Slush,Daylight,,4003017.0,,28,From opposite direction - one left turn - one straight,0,0,N
8596,1,-122.32847079999999,47.60794453,10755,24023,24023,1772661,Matched,Intersection,29936.0,8TH AVE AND MADISON ST,,,1,Property Damage Only Collision,Angles,5,0,0,2,2004/05/11 00:00:00+00,5/11/2004 3:49:00 PM,At Intersection (intersection related),11,"MOTOR VEHICLE STRUCK MOTOR VEHICLE, FRONT END AT ANGLE",,0,Clear,Dry,Daylight,,4132022.0,,10,Entering at angle,0,0,N
8597,2,-122.2946969,47.72018507,10756,24737,24737,1773388,Matched,Block,,LAKE CITY WAY NE BETWEEN NE 125TH ST AND NE 127TH ST,,,2,Injury Collision,Rear Ended,2,0,0,2,2004/04/14 00:00:00+00,4/14/2004 12:36:00 PM,Mid-Block (not related to intersection),14,"MOTOR VEHICLE STRUCK MOTOR VEHICLE, REAR END",Y,0,Overcast,Wet,Daylight,,4105018.0,,14,From same direction - both going straight - one stopped - rear-end,0,0,N
8598,1,-122.29642140000001,47.67304958,10757,24051,24051,1219853,Matched,Block,,29TH AVE NE BETWEEN NE 60TH ST AND NE 62ND ST,,,1,Property Damage Only Collision,Parked Car,2,0,0,2,2004/10/23 00:00:00+00,10/23/2004 6:30:00 AM,Mid-Block (not related to intersection),11,"MOTOR VEHICLE STRUCK MOTOR VEHICLE, FRONT END AT ANGLE",,0,Unknown,Unknown,Unknown,,4297012.0,,32,One parked--one moving,0,0,N
8599,1,-122.3133104,47.65437658,10758,24229,24229,1080017,Matched,Block,,UNIVERSITY WAY NE BETWEEN NE PACIFIC ST AND NE 40TH ST,,,1,Property Damage Only Collision,Parked Car,3,0,0,2,2004/08/30 00:00:00+00,8/30/2004 1:54:00 PM,Mid-Block (not related to intersection),13,"MOTOR VEHICLE STRUCK MOTOR VEHICLE, LEFT SIDE AT ANGLE",Y,0,Clear,Dry,Daylight,,4243024.0,,32,One parked--one moving,0,0,N
8600,1,-122.24796869999999,47.50118037,10759,24520,24520,1788237,Matched,Block,,69TH PL S BETWEEN 71ST PL S AND S 115TH ST,,,1,Property Damage Only Collision,Parked Car,2,0,0,2,2004/01/07 00:00:00+00,1/7/2004,Mid-Block (not related to intersection),14,"MOTOR VEHICLE STRUCK MOTOR VEHICLE, REAR END",,0,Raining,Snow/Slush,Dusk,,4007025.0,,32,One parked--one moving,0,0,N
8601,1,-122.35895900000001,47.571718,10761,23279,23279,1774864,Matched,Block,,W SEATTLE BR WB OFF RP BETWEEN WEST SEATTLE BR WB AND W SEATTLE BR WB-CHELAN OFF RP,,,1,Property Damage Only Collision,Other,1,0,0,1,2004/04/19 00:00:00+00,4/19/2004 3:00:00 AM,Mid-Block (but intersection related),28,MOTOR VEHICLE RAN OFF ROAD - HIT FIXED OBJECT,,1,Raining,Wet,Dark - Street Lights On,,4110039.0,,50,Fixed object,0,0,N
8602,1,-122.3505254,47.64970651,10762,23701,23701,1778668,Matched,Block,,N 34TH ST BETWEEN EVANSTON AVE N AND FREMONT AVE N,,,1,Property Damage Only Collision,Parked Car,2,0,0,2,2004/05/14 00:00:00+00,5/14/2004 6:00:00 PM,Mid-Block (not related to intersection),11,"MOTOR VEHICLE STRUCK MOTOR VEHICLE, FRONT END AT ANGLE",,0,Unknown,Unknown,Unknown,,4135006.0,,32,One parked--one moving,0,0,N
8603,1,-122.3604334,47.53278425,10763,23907,23907,1781726,Matched,Block,,DELRIDGE WAY SW BETWEEN SW HOLDEN ST AND SW KENYON ST,,,1,Property Damage Only Collision,Angles,2,0,0,2,2004/01/02 00:00:00+00,1/2/2004,Mid-Block (but intersection related),14,"MOTOR VEHICLE STRUCK MOTOR VEHICLE, REAR END",,0,Raining,Wet,Dark - Street Lights On,,4002054.0,,10,Entering at angle,0,0,N
8604,1,-122.333265,47.58716719,10764,24641,24641,1777831,Matched,Block,,OCCIDENTAL AVE S BETWEEN S MASSACHUSETTS ST AND S HOLGATE ST,,,1,Property Damage Only Collision,Other,3,0,0,2,2004/09/19 00:00:00+00,9/19/2004 2:18:00 AM,Driveway Junction,11,"MOTOR VEHICLE STRUCK MOTOR VEHICLE, FRONT END AT ANGLE",,0,Overcast,Wet,Dark - Street Lights On,,4263016.0,,22,One car leaving driveway access,0,0,N
8605,2,-122.3178522,47.70856099,10765,24428,24428,1779822,Matched,Intersection,36501.0,ROOSEVELT WAY NE AND NE NORTHGATE WAY,,,2,Injury Collision,Rear Ended,3,0,0,2,2004/06/13 00:00:00+00,6/13/2004 9:00:00 PM,At Intersection (intersection related),14,"MOTOR VEHICLE STRUCK MOTOR VEHICLE, REAR END",Y,0,Clear,Dry,Dusk,,4165016.0,,14,From same direction - both going straight - one stopped - rear-end,0,0,N
8606,1,-122.3336067,47.61356024,10767,23958,23958,1181684,Matched,Block,,8TH AVE BETWEEN PINE ST AND OLIVE WAY,,,1,Property Damage Only Collision,Parked Car,2,0,0,2,2004/02/01 00:00:00+00,2/1/2004,Mid-Block (not related to intersection),13,"MOTOR VEHICLE STRUCK MOTOR VEHICLE, LEFT SIDE AT ANGLE",,0,Clear,Dry,Dark - Street Lights On,,4032027.0,,32,One parked--one moving,0,0,N
8607,1,-122.3341955,47.59031216,10768,24251,24251,1213877,Matched,Intersection,30388.0,1ST AVE S AND S ATLANTIC ST,,,1,Property Damage Only Collision,Rear Ended,3,0,0,2,2004/06/19 00:00:00+00,6/19/2004 10:29:00 AM,At Intersection (intersection related),14,"MOTOR VEHICLE STRUCK MOTOR VEHICLE, REAR END",Y,0,Clear,Dry,Daylight,,4171008.0,,14,From same direction - both going straight - one stopped - rear-end,0,0,N
8608,2,-122.3498847,47.65088991,10769,23735,23735,1781041,Matched,Block,,FREMONT AVE N BETWEEN FREMONT PL N AND N 36TH ST,,,2,Injury Collision,Cycles,1,0,1,0,2004/06/27 00:00:00+00,6/27/2004 2:01:00 PM,Mid-Block (not related to intersection),69,PEDALCYCLIST OVERTURNED IN ROAD,,0,Clear,Dry,Daylight,,4179007.0,,45,Vehicle - Pedalcyclist,0,0,N
8609,1,-122.3188467,47.62369232,10770,24449,24449,1787284,Matched,Block,,FEDERAL AVE E BETWEEN E REPUBLICAN ST AND E MERCER ST,,,1,Property Damage Only Collision,Parked Car,2,0,0,2,2004/03/22 00:00:00+00,3/22/2004 2:00:00 AM,Mid-Block (not related to intersection),11,"MOTOR VEHICLE STRUCK MOTOR VEHICLE, FRONT END AT ANGLE",,0,Clear,Dry,Dark - Street Lights On,,4082001.0,,32,One parked--one moving,0,0,N
8610,2,-122.36045049999998,47.53007875,10771,23785,23785,1781528,Matched,Block,,DELRIDGE WAY SW BETWEEN SW KENYON ST AND SW THISTLE ST,,,2,Injury Collision,Head On,4,0,0,2,2004/01/22 00:00:00+00,1/22/2004 2:08:00 PM,Mid-Block (not related to intersection),11,"MOTOR VEHICLE STRUCK MOTOR VEHICLE, FRONT END AT ANGLE",,0,Clear,Dry,Daylight,,4022008.0,,30,From opposite direction - all others,0,0,N
8611,1,-122.35897759999999,47.55608676,10773,25297,25297,1795283,Matched,Block,,SW DAWSON ST BETWEEN 18TH AVE SW AND 21ST AVE SW,,,1,Property Damage Only Collision,Other,1,0,0,1,2004/12/05 00:00:00+00,12/5/2004,Mid-Block (not related to intersection),28,MOTOR VEHICLE RAN OFF ROAD - HIT FIXED OBJECT,,0,Raining,Wet,Dawn,,4340025.0,,50,Fixed object,0,0,N
8612,1,-122.3463112,47.61914889,10774,23138,23138,1790588,Matched,Block,,TAYLOR AVE N BETWEEN DENNY WAY AND JOHN ST,,,1,Property Damage Only Collision,Parked Car,2,0,0,2,2004/08/29 00:00:00+00,8/29/2004 2:30:00 PM,Mid-Block (not related to intersection),11,"MOTOR VEHICLE STRUCK MOTOR VEHICLE, FRONT END AT ANGLE",,0,Clear,Dry,Daylight,,4242020.0,,32,One parked--one moving,0,0,N
8613,1,-122.3200547,47.67499248,10775,23976,23976,1773908,Matched,Intersection,25700.0,8TH AVE NE AND NE 64TH ST,,,1,Property Damage Only Collision,Angles,2,0,0,2,2004/01/09 00:00:00+00,1/9/2004,At Intersection (intersection related),11,"MOTOR VEHICLE STRUCK MOTOR VEHICLE, FRONT END AT ANGLE",,0,Unknown,Unknown,Unknown,,4009048.0,,10,Entering at angle,0,0,N
8614,1,-122.34974890000001,47.64875309,10776,23897,23897,1080353,Matched,Block,,FREMONT AVE N BETWEEN FREMONT BR AND N 34TH ST,,,1,Property Damage Only Collision,Other,1,0,0,1,2004/06/22 00:00:00+00,6/22/2004 1:30:00 AM,Mid-Block (not related to intersection),28,MOTOR VEHICLE RAN OFF ROAD - HIT FIXED OBJECT,,1,Clear,Dry,Dark - Street Lights On,,4174005.0,,50,Fixed object,0,0,N
8615,1,-122.3410663,47.62205129,10779,23404,23404,1783326,Matched,Intersection,28782.0,8TH AVE N AND HARRISON ST,,,1,Property Damage Only Collision,Left Turn,2,0,0,2,2004/06/28 00:00:00+00,6/28/2004 2:00:00 PM,At Intersection (intersection related),11,"MOTOR VEHICLE STRUCK MOTOR VEHICLE, FRONT END AT ANGLE",,0,Clear,Dry,Daylight,,4180025.0,,15,From same direction - one left turn - one straight,0,0,N
8616,1,-122.33905459999998,47.64920897,10780,24751,24751,1773629,Matched,Block,,N 35TH ST BETWEEN CARR PL N AND WOODLAWN AVE N,,,1,Property Damage Only Collision,Parked Car,2,0,0,2,2004/01/25 00:00:00+00,1/25/2004 4:45:00 PM,Mid-Block (not related to intersection),14,"MOTOR VEHICLE STRUCK MOTOR VEHICLE, REAR END",,0,Overcast,Wet,Daylight,,4025001.0,,32,One parked--one moving,0,0,N
8617,1,-122.38513710000001,47.58209107,10782,24354,24354,1781155,Matched,Block,,42ND AVE SW BETWEEN SW COLLEGE ST AND SW ADMIRAL WAY,,,1,Property Damage Only Collision,Parked Car,2,0,0,2,2004/05/11 00:00:00+00,5/11/2004 6:45:00 PM,Mid-Block (not related to intersection),13,"MOTOR VEHICLE STRUCK MOTOR VEHICLE, LEFT SIDE AT ANGLE",,0,Unknown,Unknown,Daylight,,4132021.0,,32,One parked--one moving,0,0,N
8618,1,-122.35483729999999,47.54832347,10784,24465,24465,1773005,Matched,Block,,16TH AVE SW BETWEEN SW FINDLAY ST AND SW MORGAN ST,,,1,Property Damage Only Collision,Parked Car,2,0,0,2,2004/04/27 00:00:00+00,4/27/2004 7:30:00 PM,Mid-Block (not related to intersection),13,"MOTOR VEHICLE STRUCK MOTOR VEHICLE, LEFT SIDE AT ANGLE",,0,Overcast,Dry,Dusk,,4118009.0,,32,One parked--one moving,0,0,N
8619,1,-122.2999923,47.7112321,10785,23683,23683,1780210,Matched,Block,,LAKE CITY WAY NE BETWEEN NE NORTHGATE WAY AND NE 115TH ST,,,1,Property Damage Only Collision,Rear Ended,2,0,0,2,2004/01/08 00:00:00+00,1/8/2004,Mid-Block (not related to intersection),14,"MOTOR VEHICLE STRUCK MOTOR VEHICLE, REAR END",,0,Overcast,Wet,Dark - Street Lights On,,4008021.0,,14,From same direction - both going straight - one stopped - rear-end,0,0,N
8620,1,-122.27787020000001,47.55155082,10786,24684,24684,1779557,Matched,Block,,RAINIER AVE S BETWEEN S FINDLAY ST AND S ORCAS ST,,,1,Property Damage Only Collision,Rear Ended,2,0,0,2,2004/03/01 00:00:00+00,3/1/2004,Mid-Block (but intersection related),14,"MOTOR VEHICLE STRUCK MOTOR VEHICLE, REAR END",Y,0,Clear,Dry,Daylight,,4061012.0,,14,From same direction - both going straight - one stopped - rear-end,0,0,N
8621,1,-122.3378344,47.64636013,10787,24161,24161,1794288,Matched,Block,,N NORTHLAKE PL BETWEEN N NORTHLAKE W WAY AND DEAD END,,,1,Property Damage Only Collision,Other,2,0,0,2,2004/06/03 00:00:00+00,6/3/2004,Mid-Block (not related to intersection),11,"MOTOR VEHICLE STRUCK MOTOR VEHICLE, FRONT END AT ANGLE",,0,Clear,Dry,Daylight,,4155012.0,,23,From same direction - all others,0,0,N
8622,1,-122.28416570000002,47.62181486,10789,24066,24066,1216600,Matched,Block,,LAKE WASHINGTON BLVD E BETWEEN MCGILVRA BLVD E AND HILLSIDE DR E,,,1,Property Damage Only Collision,Head On,2,0,0,2,2004/09/24 00:00:00+00,9/24/2004 6:07:00 PM,Mid-Block (not related to intersection),11,"MOTOR VEHICLE STRUCK MOTOR VEHICLE, FRONT END AT ANGLE",,0,Clear,Dry,Dusk,,4268055.0,,24,From opposite direction - both moving - head-on,0,0,N
8623,1,-122.2923788,47.72558660000001,10790,24526,24526,1782273,Matched,Block,,LAKE CITY WAY NE BETWEEN NE 133RD ST AND NE 135TH ST,,,1,Property Damage Only Collision,Sideswipe,7,0,0,6,2004/10/11 00:00:00+00,10/11/2004 11:04:00 PM,Mid-Block (not related to intersection),28,MOTOR VEHICLE RAN OFF ROAD - HIT FIXED OBJECT,,0,Clear,Dry,Dark - Street Lights On,,4285003.0,Y,11,From same direction - both going straight - both moving - sideswipe,0,0,N
8624,1,-122.3131308,47.62310234,10791,25150,25150,1799151,Matched,Block,,E REPUBLICAN ST BETWEEN MALDEN AVE E AND 15TH S AVE E,,,1,Property Damage Only Collision,Parked Car,2,0,0,2,2004/10/04 00:00:00+00,10/4/2004,Mid-Block (not related to intersection),16,"MOTOR VEHICLE STRUCK MOTOR VEHICLE, LEFT SIDE SIDESWIPE",Y,0,Clear,Dry,Daylight,,4278028.0,,32,One parked--one moving,0,0,N
8625,2,-122.37621509999998,47.66827913,10792,23134,23134,1778474,Matched,Block,,15TH AVE NW BETWEEN NW 54TH ST AND NW MARKET ST,,,2,Injury Collision,Rear Ended,3,0,0,3,2004/01/27 00:00:00+00,1/27/2004 12:42:00 PM,Mid-Block (but intersection related),14,"MOTOR VEHICLE STRUCK MOTOR VEHICLE, REAR END",Y,0,Clear,Dry,Daylight,,4027019.0,,14,From same direction - both going straight - one stopped - rear-end,0,0,N
8626,1,-122.35672930000001,47.62210836,10793,23977,23977,1785001,Matched,Intersection,28653.0,HARRISON ST AND QUEEN ANNE AVE N,,,1,Property Damage Only Collision,Left Turn,2,0,0,2,2004/09/15 00:00:00+00,9/15/2004 8:42:00 AM,At Intersection (intersection related),11,"MOTOR VEHICLE STRUCK MOTOR VEHICLE, FRONT END AT ANGLE",,0,Clear,Dry,Daylight,,4259021.0,,15,From same direction - one left turn - one straight,0,0,N
8627,2,-122.29755,47.59166918,10794,23904,23904,1771992,Matched,Block,,M L KING JR WAY S BETWEEN S JUDKINS ST AND S IRVING ST,,,2,Injury Collision,Rear Ended,3,0,0,2,2004/06/08 00:00:00+00,6/8/2004,Mid-Block (but intersection related),14,"MOTOR VEHICLE STRUCK MOTOR VEHICLE, REAR END",,0,Clear,Dry,Daylight,,4160016.0,,14,From same direction - both going straight - one stopped - rear-end,0,0,N
8628,2,-122.3355638,47.55065857,10796,24566,24566,1130156,Matched,Block,,EAST MARGINAL WAY S BETWEEN S MEAD ST AND S FIDALGO ST,,,2,Injury Collision,Rear Ended,3,0,0,2,2004/07/09 00:00:00+00,7/9/2004,Mid-Block (not related to intersection),14,"MOTOR VEHICLE STRUCK MOTOR VEHICLE, REAR END",,0,Overcast,Dry,Daylight,,4191055.0,,14,From same direction - both going straight - one stopped - rear-end,0,0,N
8629,1,-122.3409242,47.61769509,10797,23258,23258,1214023,Matched,Block,,BELL ST BETWEEN 7TH AVE AND 8TH AVE,,,1,Property Damage Only Collision,Parked Car,2,0,0,2,2004/08/13 00:00:00+00,8/13/2004 11:00:00 PM,Mid-Block (not related to intersection),16,"MOTOR VEHICLE STRUCK MOTOR VEHICLE, LEFT SIDE SIDESWIPE",,0,Unknown,Unknown,Unknown,,4226001.0,,32,One parked--one moving,0,0,N
8630,2,-122.34454779999999,47.69273738,10798,24458,24458,1782087,Matched,Intersection,37353.0,AURORA AVE N AND N 88TH N ST,,,2,Injury Collision,Left Turn,4,0,0,2,2004/08/25 00:00:00+00,8/25/2004 4:12:00 PM,At Intersection (intersection related),11,"MOTOR VEHICLE STRUCK MOTOR VEHICLE, FRONT END AT ANGLE",,0,Raining,Wet,Daylight,,4238012.0,,28,From opposite direction - one left turn - one straight,0,0,N
8631,2,-122.29054409999999,47.69704501,10799,24096,24096,1775495,Matched,Block,,35TH AVE NE BETWEEN NE 94TH ST AND NE 95TH ST,,,2,Injury Collision,Rear Ended,2,0,0,2,2004/07/19 00:00:00+00,7/19/2004 8:00:00 PM,Mid-Block (but intersection related),14,"MOTOR VEHICLE STRUCK MOTOR VEHICLE, REAR END",,1,Clear,Dry,Dusk,,4201017.0,,14,From same direction - both going straight - one stopped - rear-end,0,0,N
8632,2,-122.30433970000001,47.57588445,10800,24773,24773,1793036,Matched,Intersection,31655.0,22ND AVE S AND S WINTHROP ST,,,2,Injury Collision,Angles,3,0,0,2,2004/08/11 00:00:00+00,8/11/2004 8:03:00 PM,At Intersection (intersection related),11,"MOTOR VEHICLE STRUCK MOTOR VEHICLE, FRONT END AT ANGLE",,0,Clear,Dry,Daylight,,4224014.0,,10,Entering at angle,0,0,N
8633,1,-122.27983950000001,47.5352128,10802,23867,23867,1786266,Matched,Block,,S WEBSTER ST BETWEEN RENTON W AVE S AND 43RD AVE S,,,1,Property Damage Only Collision,Parked Car,2,0,0,2,2004/06/09 00:00:00+00,6/9/2004,Driveway Junction,28,MOTOR VEHICLE RAN OFF ROAD - HIT FIXED OBJECT,,1,Clear,Dry,Dark - Street Lights On,,4161023.0,,32,One parked--one moving,0,0,N
8634,2,-122.3058274,47.5884106,10803,24583,24583,1773019,Matched,Intersection,31517.0,RAINIER AVE S AND S MASSACHUSETTS ST,,,2,Injury Collision,Angles,3,0,0,2,2004/06/30 00:00:00+00,6/30/2004 6:39:00 PM,At Intersection (intersection related),11,"MOTOR VEHICLE STRUCK MOTOR VEHICLE, FRONT END AT ANGLE",,0,Clear,Dry,Daylight,,4182009.0,,10,Entering at angle,0,0,N
8635,1,-122.32692279999999,47.6343614,10804,24790,24790,867807,Matched,Block,,FAIRVIEW AVE E BETWEEN E GARFIELD ST AND E BLAINE ST,,,1,Property Damage Only Collision,Parked Car,0,0,0,2,2004/01/10 00:00:00+00,1/10/2004 6:45:00 PM,Mid-Block (not related to intersection),13,"MOTOR VEHICLE STRUCK MOTOR VEHICLE, LEFT SIDE AT ANGLE",,0,Overcast,Dry,Dark - Street Lights On,,4010015.0,,32,One parked--one moving,0,0,N
8636,1,-122.3748942,47.67381675,10805,24857,24857,1774018,Matched,Block,,NW 62ND ST BETWEEN 14TH AVE NW AND 15TH AVE NW,,,1,Property Damage Only Collision,Parked Car,2,0,0,2,2004/03/23 00:00:00+00,3/23/2004 8:30:00 PM,Mid-Block (not related to intersection),11,"MOTOR VEHICLE STRUCK MOTOR VEHICLE, FRONT END AT ANGLE",,0,Unknown,Unknown,Dark - Street Lights On,,4083027.0,,32,One parked--one moving,0,0,N
8637,1,-122.3767006,47.69278635,10807,23686,23686,1794904,Matched,Block,,15TH AVE NW BETWEEN NW 87TH ST AND HOLMAN RD NW,,,1,Property Damage Only Collision,Angles,5,0,0,2,2004/10/06 00:00:00+00,10/6/2004,Mid-Block (but intersection related),16,"MOTOR VEHICLE STRUCK MOTOR VEHICLE, LEFT SIDE SIDESWIPE",,0,Clear,Dry,Daylight,,4280016.0,,10,Entering at angle,0,0,N
8638,1,-122.35665120000002,47.62914105,10809,24334,24334,1213564,Matched,Block,,QUEEN ANNE AVE N BETWEEN PROSPECT ST AND HIGHLAND DR,,,1,Property Damage Only Collision,Sideswipe,3,0,0,2,2004/05/22 00:00:00+00,5/22/2004 7:47:00 AM,Mid-Block (not related to intersection),16,"MOTOR VEHICLE STRUCK MOTOR VEHICLE, LEFT SIDE SIDESWIPE",,0,Raining,Wet,Daylight,,4143047.0,,11,From same direction - both going straight - both moving - sideswipe,0,0,N
8639,1,-122.3908517,47.68586393,10810,24562,24562,1080226,Matched,Block,,27TH AVE NW BETWEEN NW 77TH ST AND NW 80TH ST,,,1,Property Damage Only Collision,Parked Car,2,0,0,2,2004/06/24 00:00:00+00,6/24/2004 10:18:00 PM,Mid-Block (not related to intersection),16,"MOTOR VEHICLE STRUCK MOTOR VEHICLE, LEFT SIDE SIDESWIPE",Y,1,Clear,Dry,Dark - Street Lights On,,4176027.0,,32,One parked--one moving,0,0,N
8640,1,-122.27071799999999,47.54248696,10812,23920,23920,1779241,Matched,Block,,S HOLLY ST BETWEEN 49TH AVE S AND 51ST AVE S,,,1,Property Damage Only Collision,Parked Car,2,0,0,2,2004/01/06 00:00:00+00,1/6/2004,Mid-Block (not related to intersection),13,"MOTOR VEHICLE STRUCK MOTOR VEHICLE, LEFT SIDE AT ANGLE",,0,Snowing,Snow/Slush,Dark - Street Lights On,,4006027.0,,32,One parked--one moving,0,0,N
8641,2,-122.3399822,47.70504485,10813,23936,23936,1782074,Matched,Block,,N NORTHGATE WAY BETWEEN INTERLAKE AVE N AND ASHWORTH AVE N,,,2,Injury Collision,Rear Ended,6,0,0,3,2004/09/25 00:00:00+00,9/25/2004 5:20:00 PM,Mid-Block (but intersection related),14,"MOTOR VEHICLE STRUCK MOTOR VEHICLE, REAR END",,0,Clear,Dry,Daylight,,4269019.0,,13,From same direction - both going straight - both moving - rear-end,0,0,N
8642,1,-122.2978374,47.57793916,10814,24381,24381,1771289,Matched,Block,,RAINIER AVE S BETWEEN S MCCLELLAN ST AND S FOREST ST,,,1,Property Damage Only Collision,Rear Ended,3,0,0,2,2004/02/02 00:00:00+00,2/2/2004,Mid-Block (not related to intersection),14,"MOTOR VEHICLE STRUCK MOTOR VEHICLE, REAR END",Y,0,Raining,Wet,Daylight,,4033016.0,,14,From same direction - both going straight - one stopped - rear-end,0,0,N
8643,1,-122.34500630000001,47.61914524,10815,25336,25336,1213390,Matched,Block,,6TH AVE N BETWEEN DENNY WAY AND JOHN ST,,,1,Property Damage Only Collision,Other,3,0,0,2,2004/05/10 00:00:00+00,5/10/2004 2:35:00 PM,Mid-Block (but intersection related),11,"MOTOR VEHICLE STRUCK MOTOR VEHICLE, FRONT END AT ANGLE",,0,Raining,Wet,Daylight,,4131045.0,,23,From same direction - all others,0,0,N
8644,1,-122.3604334,47.53278425,10817,24436,24436,1198007,Matched,Block,,DELRIDGE WAY SW BETWEEN SW HOLDEN ST AND SW KENYON ST,,,1,Property Damage Only Collision,Other,2,0,0,1,2004/12/13 00:00:00+00,12/13/2004 2:18:00 PM,Mid-Block (but intersection related),28,MOTOR VEHICLE RAN OFF ROAD - HIT FIXED OBJECT,,0,Clear,Wet,Daylight,,4348005.0,,50,Fixed object,0,0,N
8645,2,-122.3550324,47.53368043,10818,24652,24652,1790603,Matched,Intersection,34147.0,16TH AVE SW AND SW HOLDEN ST,,,2,Injury Collision,Cycles,3,0,1,1,2004/05/18 00:00:00+00,5/18/2004 1:36:00 PM,At Intersection (intersection related),18,"MOTOR VEHICLE STRUCK PEDALCYCLIST, FRONT END AT ANGLE",,0,Clear,Dry,Daylight,Y,4139002.0,,45,Vehicle - Pedalcyclist,0,0,N
8646,1,-122.3357273,47.61336283,10819,23267,23267,1482218,Matched,Block,,OLIVE WAY BETWEEN 6TH AVE AND 7TH AVE,,,1,Property Damage Only Collision,Angles,3,0,0,3,2004/05/06 00:00:00+00,5/6/2004,Mid-Block (but intersection related),16,"MOTOR VEHICLE STRUCK MOTOR VEHICLE, LEFT SIDE SIDESWIPE",,0,Clear,Dry,Daylight,,4127004.0,,10,Entering at angle,0,0,N
8647,1,-122.32513909999999,47.60933797,10821,24188,24188,1789538,Matched,Intersection,29920.0,BOREN AVE AND MADISON ST,,,1,Property Damage Only Collision,Right Turn,2,0,0,2,2004/06/21 00:00:00+00,6/21/2004 5:30:00 PM,At Intersection (intersection related),11,"MOTOR VEHICLE STRUCK MOTOR VEHICLE, FRONT END AT ANGLE",,0,Clear,Dry,Daylight,,4173023.0,,16,From same direction - one right turn - one straight,0,0,N
8648,1,-122.3273547,47.61686167,10822,24256,24256,1789752,Matched,Block,,E OLIVE WAY BETWEEN MELROSE AVE AND BELLEVUE AVE,,,1,Property Damage Only Collision,Sideswipe,3,0,0,2,2004/01/13 00:00:00+00,1/13/2004 2:36:00 PM,Mid-Block (not related to intersection),16,"MOTOR VEHICLE STRUCK MOTOR VEHICLE, LEFT SIDE SIDESWIPE",,0,Clear,Dry,Daylight,,4013020.0,,11,From same direction - both going straight - both moving - sideswipe,0,0,N
8649,1,-122.34188219999999,47.61767496,10823,23745,23745,1778043,Matched,Block,,7TH AVE BETWEEN BELL ST AND DEXTER AVE,,,1,Property Damage Only Collision,Other,3,0,0,2,2004/03/19 00:00:00+00,3/19/2004 1:42:00 PM,Mid-Block (not related to intersection),11,"MOTOR VEHICLE STRUCK MOTOR VEHICLE, FRONT END AT ANGLE",,0,Clear,Dry,Daylight,,4079026.0,,23,From same direction - all others,0,0,N
8650,1,-122.38682990000001,47.55932476,10824,24594,24594,1781557,Matched,Intersection,32768.0,CALIFORNIA AVE SW AND ERSKINE WAY SW,,,1,Property Damage Only Collision,Sideswipe,2,0,0,2,2004/11/19 00:00:00+00,11/19/2004 9:20:00 AM,At Intersection (intersection related),11,"MOTOR VEHICLE STRUCK MOTOR VEHICLE, FRONT END AT ANGLE",,0,Clear,Dry,Daylight,,4324037.0,,11,From same direction - both going straight - both moving - sideswipe,0,0,N