,SEVERITYCODE,X,Y,OBJECTID,INCKEY,COLDETKEY,REPORTNO,STATUS,ADDRTYPE,INTKEY,LOCATION,EXCEPTRSNCODE,EXCEPTRSNDESC,SEVERITYCODE.1,SEVERITYDESC,COLLISIONTYPE,PERSONCOUNT,PEDCOUNT,PEDCYLCOUNT,VEHCOUNT,INCDATE,INCDTTM,JUNCTIONTYPE,SDOT_COLCODE,SDOT_COLDESC,INATTENTIONIND,UNDERINFL,WEATHER,ROADCOND,LIGHTCOND,PEDROWNOTGRNT,SDOTCOLNUM,SPEEDING,ST_COLCODE,ST_COLDESC,SEGLANEKEY,CROSSWALKKEY,HITPARKEDCAR
8651,1,-122.33662609999999,47.55267926,10825,23912,23912,1394323,Matched,Block,,EAST MARGINAL WAY S BETWEEN S LUCILE ST AND S ORCAS ST,,,1,Property Damage Only Collision,Other,1,0,0,1,2004/02/25 00:00:00+00,2/25/2004 3:25:00 PM,Mid-Block (not related to intersection),28,MOTOR VEHICLE RAN OFF ROAD - HIT FIXED OBJECT,,0,Raining,Wet,Daylight,,4056013.0,,50,Fixed object,0,0,N
8652,1,-122.34676329999999,47.68144482,10826,24073,24073,1212047,Matched,Block,,LINDEN AVE N BETWEEN N 72ND ST AND WINONA AVE N,,,1,Property Damage Only Collision,Parked Car,3,0,0,3,2004/07/17 00:00:00+00,7/17/2004 2:17:00 AM,Mid-Block (not related to intersection),14,"MOTOR VEHICLE STRUCK MOTOR VEHICLE, REAR END",,0,Clear,Dry,Dark - Street Lights On,,4199035.0,,32,One parked--one moving,0,0,N
8653,1,-122.2790268,47.63509838,10827,24518,24518,1773555,Matched,Block,,E MADISON ST BETWEEN 41ST E AVE E AND 42ND AVE E,,,1,Property Damage Only Collision,Parked Car,2,0,0,2,2004/01/23 00:00:00+00,1/23/2004 6:30:00 PM,Mid-Block (not related to intersection),11,"MOTOR VEHICLE STRUCK MOTOR VEHICLE, FRONT END AT ANGLE",,0,Raining,Wet,Dark - Street Lights On,,4023014.0,,32,One parked--one moving,0,0,N
8654,2,-122.2924031,47.7328465,10829,23993,23993,1930701,Matched,Block,,LAKE CITY WAY NE BETWEEN NE 143RD ST AND NE 145TH ST,,,2,Injury Collision,Rear Ended,4,0,0,2,2004/12/05 00:00:00+00,12/5/2004,Mid-Block (not related to intersection),14,"MOTOR VEHICLE STRUCK MOTOR VEHICLE, REAR END",Y,0,Clear,Dry,Daylight,,4340014.0,,14,From same direction - both going straight - one stopped - rear-end,0,0,N
8655,2,-122.3768007,47.69367243,10830,23699,23699,1778616,Matched,Block,,15TH AVE NW BETWEEN HOLMAN RD NW AND NW 90TH S ST,,,2,Injury Collision,Rear Ended,3,0,0,2,2004/10/03 00:00:00+00,10/3/2004,Mid-Block (but intersection related),14,"MOTOR VEHICLE STRUCK MOTOR VEHICLE, REAR END",,0,Clear,Dry,Daylight,,4277026.0,,14,From same direction - both going straight - one stopped - rear-end,0,0,N
8656,2,-122.31759640000001,47.69446582,10831,24227,24227,1795053,Matched,Block,,ROOSEVELT WAY NE BETWEEN NE 90TH ST AND NE 91ST ST,,,2,Injury Collision,Rear Ended,3,0,0,3,2004/10/08 00:00:00+00,10/8/2004,Mid-Block (but intersection related),14,"MOTOR VEHICLE STRUCK MOTOR VEHICLE, REAR END",Y,0,Raining,Wet,Daylight,,4282052.0,,14,From same direction - both going straight - one stopped - rear-end,0,0,N
8657,2,-122.2808034,47.54893885,10832,24812,24812,1771410,Matched,Intersection,33532.0,42ND AVE S AND S KENNY ST,,,2,Injury Collision,Angles,2,0,0,2,2004/03/09 00:00:00+00,3/9/2004,At Intersection (intersection related),11,"MOTOR VEHICLE STRUCK MOTOR VEHICLE, FRONT END AT ANGLE",,0,Raining,Wet,Daylight,,4069004.0,,10,Entering at angle,0,0,N
8658,2,-122.2699867,47.53416659,10833,24568,24568,1771560,Matched,Block,,RAINIER AVE S BETWEEN S AUSTIN ST AND S HOLDEN ST,,,2,Injury Collision,Pedestrian,2,1,0,1,2004/05/20 00:00:00+00,5/20/2004 7:32:00 AM,Mid-Block (not related to intersection),24,MOTOR VEHCILE STRUCK PEDESTRIAN,,0,Clear,Dry,Daylight,,4141027.0,,0,Vehicle going straight hits pedestrian,0,0,N
8659,1,-122.32270220000001,47.56939126,10834,24468,24468,1783631,Matched,Block,,AIRPORT WAY S BETWEEN S CHARLESTOWN ST AND S BRADFORD ST,,,1,Property Damage Only Collision,Sideswipe,2,0,0,2,2004/09/22 00:00:00+00,9/22/2004 3:10:00 PM,Mid-Block (not related to intersection),11,"MOTOR VEHICLE STRUCK MOTOR VEHICLE, FRONT END AT ANGLE",,0,Clear,Dry,Daylight,,4266058.0,,11,From same direction - both going straight - both moving - sideswipe,0,0,N
8660,2,-122.26999540000001,47.52165888,10835,24091,24091,1779098,Matched,Block,,RAINIER AVE S BETWEEN S DIRECTOR S ST AND S FISHER PL,,,2,Injury Collision,Rear Ended,3,0,0,2,2004/03/24 00:00:00+00,3/24/2004 2:37:00 PM,Mid-Block (not related to intersection),14,"MOTOR VEHICLE STRUCK MOTOR VEHICLE, REAR END",,0,Raining,Wet,Daylight,,4084024.0,,14,From same direction - both going straight - one stopped - rear-end,0,0,N
8661,1,-122.3253222,47.6251184,10837,24447,24447,1787191,Matched,Intersection,29114.0,SUMMIT AVE E AND E ROY ST,,,1,Property Damage Only Collision,Angles,2,0,0,2,2004/02/25 00:00:00+00,2/25/2004 3:20:00 PM,At Intersection (intersection related),11,"MOTOR VEHICLE STRUCK MOTOR VEHICLE, FRONT END AT ANGLE",,0,Raining,Wet,Daylight,,4056031.0,,10,Entering at angle,0,0,N
8662,1,-122.3371507,47.61852689,10838,23786,23786,1783455,Matched,Intersection,29508.0,DENNY WAY AND TERRY AVE,,,1,Property Damage Only Collision,Angles,3,0,0,2,2004/10/08 00:00:00+00,10/8/2004,At Intersection (intersection related),11,"MOTOR VEHICLE STRUCK MOTOR VEHICLE, FRONT END AT ANGLE",,0,Raining,Wet,Daylight,,4282034.0,,10,Entering at angle,0,0,N
8663,1,-122.3233472,47.52646678,10839,24770,24770,1795505,Matched,Block,,S CLOVERDALE ST BETWEEN CLOVERDALE ST E ON RP AND 8TH AVE S,,,1,Property Damage Only Collision,Other,2,0,0,2,2004/12/02 00:00:00+00,12/2/2004,Driveway Junction,11,"MOTOR VEHICLE STRUCK MOTOR VEHICLE, FRONT END AT ANGLE",,0,Clear,Dry,Daylight,,4337004.0,,21,One car entering driveway access,0,0,N
8664,2,-122.27766409999998,47.55117602,10841,23275,23275,1773007,Matched,Intersection,33512.0,RAINIER AVE S AND S ORCAS ST,,,2,Injury Collision,Angles,2,0,0,2,2004/05/01 00:00:00+00,5/1/2004,At Intersection (intersection related),11,"MOTOR VEHICLE STRUCK MOTOR VEHICLE, FRONT END AT ANGLE",,0,Overcast,Dry,Daylight,,4122024.0,,10,Entering at angle,0,0,N
8665,1,-122.326807,47.60864031,10842,23828,23828,1198194,Matched,Block,,MADISON ST BETWEEN 9TH AVE AND TERRY AVE,,,1,Property Damage Only Collision,Parked Car,2,0,0,2,2004/11/21 00:00:00+00,11/21/2004 1:47:00 AM,Mid-Block (but intersection related),14,"MOTOR VEHICLE STRUCK MOTOR VEHICLE, REAR END",,0,Clear,Dry,Dark - Street Lights On,,4326024.0,Y,32,One parked--one moving,0,0,N
8666,1,-122.35671459999999,47.62392852,10843,24166,24166,1776932,Matched,Block,,QUEEN ANNE AVE N BETWEEN REPUBLICAN ST AND MERCER ST,,,1,Property Damage Only Collision,Sideswipe,2,0,0,2,2004/01/20 00:00:00+00,1/20/2004 12:13:00 PM,Mid-Block (not related to intersection),16,"MOTOR VEHICLE STRUCK MOTOR VEHICLE, LEFT SIDE SIDESWIPE",,0,Overcast,Dry,Daylight,,4020022.0,,11,From same direction - both going straight - both moving - sideswipe,0,0,N
8667,2,-122.34489609999999,47.717173100000004,10844,24634,24634,1773625,Matched,Block,,AURORA AVE N BETWEEN N 117TH PL AND N 125TH ST,,,2,Injury Collision,Left Turn,3,0,0,2,2004/07/07 00:00:00+00,7/7/2004,Driveway Junction,11,"MOTOR VEHICLE STRUCK MOTOR VEHICLE, FRONT END AT ANGLE",,0,Overcast,Dry,Daylight,,4189036.0,,28,From opposite direction - one left turn - one straight,0,0,N
8668,1,-122.33944059999999,47.55993555,10848,24080,24080,1789428,Matched,Block,,EAST MARGINAL WAY S BETWEEN S ALASKA ST AND XW ALASKA,,,1,Property Damage Only Collision,Rear Ended,2,0,0,2,2004/09/13 00:00:00+00,9/13/2004 8:19:00 AM,Mid-Block (not related to intersection),14,"MOTOR VEHICLE STRUCK MOTOR VEHICLE, REAR END",,0,Raining,Wet,Daylight,,4257028.0,,14,From same direction - both going straight - one stopped - rear-end,0,0,N
8669,1,-122.36663020000002,47.69065264,10849,24536,24536,1796601,Matched,Block,,NW 85TH ST BETWEEN 8TH AVE NW AND DIBBLE AVE NW,,,1,Property Damage Only Collision,Rear Ended,5,0,0,2,2004/12/31 00:00:00+00,12/31/2004 3:56:00 PM,Mid-Block (but intersection related),14,"MOTOR VEHICLE STRUCK MOTOR VEHICLE, REAR END",Y,0,Overcast,Dry,Daylight,,4366026.0,,14,From same direction - both going straight - one stopped - rear-end,0,0,N
8670,1,-122.3505942,47.65095696,10851,24147,24147,1212537,Matched,Block,,FREMONT PL N BETWEEN FREMONT AVE N AND N 36TH ST,,,1,Property Damage Only Collision,Parked Car,2,0,0,2,2004/01/26 00:00:00+00,1/26/2004 4:30:00 PM,Mid-Block (not related to intersection),11,"MOTOR VEHICLE STRUCK MOTOR VEHICLE, FRONT END AT ANGLE",,0,Other,Unknown,Daylight,,4026023.0,,20,One car leaving parked position,0,0,N
8671,2,-122.27176709999999,47.5291093,10852,24284,24284,1325996,Matched,Intersection,35221.0,49TH AVE S AND S ROSE ST,,,2,Injury Collision,Angles,6,0,0,2,2004/07/11 00:00:00+00,7/11/2004 7:48:00 PM,At Intersection (intersection related),11,"MOTOR VEHICLE STRUCK MOTOR VEHICLE, FRONT END AT ANGLE",,0,Clear,Dry,Daylight,,4193026.0,,10,Entering at angle,0,0,N
8672,2,-122.33049380000001,47.60512615,10853,25139,25139,1478279,Matched,Intersection,29965.0,5TH AVE AND COLUMBIA ST,,,2,Injury Collision,Pedestrian,2,1,0,1,2004/09/28 00:00:00+00,9/28/2004 12:18:00 PM,At Intersection (intersection related),24,MOTOR VEHCILE STRUCK PEDESTRIAN,,0,Clear,Dry,Daylight,,4272034.0,,2,Vehicle turning left hits pedestrian,0,0,N
8673,2,-122.35483729999999,47.54832347,10854,23128,23128,1775246,Matched,Block,,16TH AVE SW BETWEEN SW FINDLAY ST AND SW MORGAN ST,,,2,Injury Collision,Other,1,0,0,1,2004/04/25 00:00:00+00,4/25/2004 8:45:00 AM,Mid-Block (not related to intersection),28,MOTOR VEHICLE RAN OFF ROAD - HIT FIXED OBJECT,,0,Clear,Dry,Daylight,,4116007.0,,50,Fixed object,0,0,N
8674,1,-122.32891310000001,47.61346582,10855,23688,23688,1799146,Matched,Intersection,29878.0,BOREN AVE AND PIKE ST,,,1,Property Damage Only Collision,Sideswipe,2,0,0,2,2004/10/14 00:00:00+00,10/14/2004 3:30:00 PM,At Intersection (intersection related),16,"MOTOR VEHICLE STRUCK MOTOR VEHICLE, LEFT SIDE SIDESWIPE",,0,Clear,Dry,Daylight,,4288008.0,,81,Same direction -- both turning left -- both moving -- sideswipe,0,0,N
8675,2,-122.2968593,47.57457052,10856,24242,24242,1771858,Matched,Intersection,352475.0,M L KING JR WR WAY S AND S HANFORD S ST,,,2,Injury Collision,Angles,8,0,0,3,2004/05/10 00:00:00+00,5/10/2004 4:14:00 PM,At Intersection (intersection related),11,"MOTOR VEHICLE STRUCK MOTOR VEHICLE, FRONT END AT ANGLE",,0,Raining,Wet,Daylight,,4131024.0,,10,Entering at angle,0,0,N
8676,1,-122.30257479999999,47.61801925,10857,24627,24627,1222167,Matched,Block,,23RD AVE BETWEEN E OLIVE N ST AND E DENNY WAY,,,1,Property Damage Only Collision,Other,1,0,0,1,2004/03/06 00:00:00+00,3/6/2004,Mid-Block (not related to intersection),0,NOT ENOUGH INFORMATION / NOT APPLICABLE,,0,Overcast,Dry,Dark - Street Lights On,,4066020.0,,50,Fixed object,0,0,N
8677,1,-122.30157620000001,47.63457306,10860,24233,24233,1789857,Matched,Intersection,28376.0,24TH AVE E AND E INTERLAKEN BLVD,,,1,Property Damage Only Collision,Left Turn,2,0,0,2,2004/01/28 00:00:00+00,1/28/2004 10:09:00 AM,At Intersection (intersection related),11,"MOTOR VEHICLE STRUCK MOTOR VEHICLE, FRONT END AT ANGLE",,0,Overcast,Dry,Daylight,,4028038.0,,15,From same direction - one left turn - one straight,0,0,N
8678,1,-122.3112551,47.60392934,10861,24822,24822,1793681,Matched,Block,,16TH AVE BETWEEN E SPRUCE ST AND E ALDER E ST,,,1,Property Damage Only Collision,Parked Car,2,0,0,2,2004/05/21 00:00:00+00,5/21/2004 8:30:00 AM,Mid-Block (not related to intersection),11,"MOTOR VEHICLE STRUCK MOTOR VEHICLE, FRONT END AT ANGLE",,0,Unknown,Unknown,Daylight,,4142007.0,,32,One parked--one moving,0,0,N
8679,1,-122.35119099999999,47.51733739,10862,25023,25023,1775048,Matched,Block,,SW ROXBURY ST BETWEEN 12TH AVE SW AND 13TH AVE SW,,,1,Property Damage Only Collision,Head On,5,0,0,2,2004/04/19 00:00:00+00,4/19/2004 5:27:00 PM,Driveway Junction,11,"MOTOR VEHICLE STRUCK MOTOR VEHICLE, FRONT END AT ANGLE",,0,Raining,Wet,Daylight,,4110028.0,,30,From opposite direction - all others,0,0,N
8680,1,-122.290568,47.68576663,10863,23716,23716,1079784,Matched,Block,,35TH AVE NE BETWEEN NE 77TH ST AND NE 80TH ST,,,1,Property Damage Only Collision,Parked Car,2,0,0,2,2004/10/30 00:00:00+00,10/30/2004 12:28:00 PM,Mid-Block (not related to intersection),11,"MOTOR VEHICLE STRUCK MOTOR VEHICLE, FRONT END AT ANGLE",Y,0,Clear,Dry,Daylight,,4304033.0,,32,One parked--one moving,0,0,N
8681,2,-122.33787350000001,47.61295827,10865,24646,24646,1778037,Matched,Intersection,29556.0,5TH AVE AND STEWART ST,,,2,Injury Collision,Angles,2,0,0,2,2004/02/25 00:00:00+00,2/25/2004 2:31:00 PM,At Intersection (intersection related),11,"MOTOR VEHICLE STRUCK MOTOR VEHICLE, FRONT END AT ANGLE",,0,Raining,Wet,Daylight,,4056016.0,,10,Entering at angle,0,0,N
8682,1,-122.3445612,47.61222096,10867,24883,24883,1788695,Matched,Block,,1ST AVE BETWEEN LENORA ST AND BLANCHARD ST,,,1,Property Damage Only Collision,Parked Car,3,0,0,2,2004/02/17 00:00:00+00,2/17/2004 9:45:00 PM,Mid-Block (not related to intersection),11,"MOTOR VEHICLE STRUCK MOTOR VEHICLE, FRONT END AT ANGLE",,0,Raining,Wet,Dark - Street Lights On,,4048029.0,,19,One car entering parked position,0,0,N
8683,1,-122.36079029999999,47.70693221,10868,23863,23863,1319696,Matched,Intersection,36264.0,3RD AVE NW AND NW 107TH ST,,,1,Property Damage Only Collision,Left Turn,2,0,0,2,2004/07/21 00:00:00+00,7/21/2004 8:00:00 PM,At Intersection (intersection related),11,"MOTOR VEHICLE STRUCK MOTOR VEHICLE, FRONT END AT ANGLE",,0,Clear,Dry,Daylight,,4203008.0,,28,From opposite direction - one left turn - one straight,0,0,N
8684,1,-122.312059,47.57730655,10870,25137,25137,1771380,Matched,Block,,16TH AVE S BETWEEN S FOREST ST AND S STEVENS ST,,,1,Property Damage Only Collision,Parked Car,2,0,0,2,2004/01/30 00:00:00+00,1/30/2004 9:30:00 AM,Mid-Block (not related to intersection),13,"MOTOR VEHICLE STRUCK MOTOR VEHICLE, LEFT SIDE AT ANGLE",Y,0,Unknown,Unknown,Dark - Street Lights On,,4030020.0,,32,One parked--one moving,0,0,N
8685,2,-122.33848459999999,47.61853427,10871,23130,23130,1777553,Matched,Intersection,29510.0,DENNY WAY AND WESTLAKE AVE,,,2,Injury Collision,Rear Ended,3,0,0,2,2004/03/03 00:00:00+00,3/3/2004,At Intersection (intersection related),14,"MOTOR VEHICLE STRUCK MOTOR VEHICLE, REAR END",Y,0,Overcast,Dry,Dusk,,4063006.0,,14,From same direction - both going straight - one stopped - rear-end,0,0,N
8686,2,-122.37358200000001,47.67089968,10874,24754,24754,1774065,Matched,Intersection,25405.0,14TH AVE NW AND NW 58TH ST,,,2,Injury Collision,Angles,2,0,0,2,2004/07/03 00:00:00+00,7/3/2004,At Intersection (intersection related),11,"MOTOR VEHICLE STRUCK MOTOR VEHICLE, FRONT END AT ANGLE",,0,Raining,Wet,Dawn,,4185025.0,,10,Entering at angle,0,0,N
8687,1,-122.32394029999999,47.64629621,10875,24704,24704,1789885,Matched,Block,,FRANKLIN AVE E BETWEEN E HAMLIN ST AND BOYLSTON AVE E,,,1,Property Damage Only Collision,Parked Car,2,0,0,2,2004/05/01 00:00:00+00,5/1/2004,Mid-Block (not related to intersection),32,DRIVERLESS VEHICLE STRUCK MOTOR VEHICLE RIGHT SIDE AT ANGLE ,,0,Clear,Dry,Dark - Street Lights On,,4122014.0,,32,One parked--one moving,0,0,N
8688,1,-122.33179809999999,47.60655275,10876,23544,23544,1783630,Matched,Intersection,29948.0,5TH AVE AND MADISON ST,,,1,Property Damage Only Collision,Angles,2,0,0,2,2004/09/18 00:00:00+00,9/18/2004 12:30:00 PM,At Intersection (intersection related),11,"MOTOR VEHICLE STRUCK MOTOR VEHICLE, FRONT END AT ANGLE",Y,0,Overcast,Dry,Daylight,,4262030.0,,10,Entering at angle,0,0,N
8689,1,-122.2767405,47.54743168,10877,23775,23775,1771322,Matched,Block,,RAINIER AVE S BETWEEN S KENNY ST AND S GRAHAM ST,,,1,Property Damage Only Collision,Rear Ended,4,0,0,3,2004/06/06 00:00:00+00,6/6/2004,Mid-Block (but intersection related),14,"MOTOR VEHICLE STRUCK MOTOR VEHICLE, REAR END",,0,Clear,Dry,Daylight,,4158007.0,,13,From same direction - both going straight - both moving - rear-end,0,0,N
8690,2,-122.3342392,47.54813969,10878,24218,24218,1775069,Matched,Block,,EAST MARGINAL WAY S BETWEEN 1ST AVE S AND 1ST AV S BR SB,,,2,Injury Collision,Rear Ended,3,0,0,2,2004/01/25 00:00:00+00,1/25/2004 9:55:00 AM,Mid-Block (but intersection related),14,"MOTOR VEHICLE STRUCK MOTOR VEHICLE, REAR END",Y,0,Clear,Dry,Daylight,,4025011.0,,14,From same direction - both going straight - one stopped - rear-end,0,0,N
8691,1,-122.3341838,47.72320789,10879,24674,24674,1780674,Matched,Intersection,35965.0,MERIDIAN AVE N AND N 130TH ST,,,1,Property Damage Only Collision,Left Turn,3,0,0,2,2004/03/01 00:00:00+00,3/1/2004,At Intersection (intersection related),11,"MOTOR VEHICLE STRUCK MOTOR VEHICLE, FRONT END AT ANGLE",,0,Clear,Dry,Dark - Street Lights On,,4061020.0,,28,From opposite direction - one left turn - one straight,0,0,N
8692,1,-122.29699070000001,47.581267,10880,25165,25165,1782156,Matched,Intersection,31507.0,M L KING JR WAY S AND S BAYVIEW S ST,,,1,Property Damage Only Collision,Left Turn,2,0,0,2,2004/06/12 00:00:00+00,6/12/2004 8:26:00 PM,At Intersection (intersection related),11,"MOTOR VEHICLE STRUCK MOTOR VEHICLE, FRONT END AT ANGLE",,0,Raining,Wet,Dark - Street Lights On,,4164003.0,,28,From opposite direction - one left turn - one straight,0,0,N
8693,1,-122.3011726,47.62231246,10881,24003,24003,1775689,Matched,Block,,24TH AVE E BETWEEN E THOMAS ST AND E HARRISON ST,,,1,Property Damage Only Collision,Sideswipe,2,0,0,2,2004/11/24 00:00:00+00,11/24/2004 4:40:00 PM,Mid-Block (not related to intersection),16,"MOTOR VEHICLE STRUCK MOTOR VEHICLE, LEFT SIDE SIDESWIPE",,0,Unknown,Unknown,Unknown,,4329022.0,,11,From same direction - both going straight - both moving - sideswipe,0,0,N
8694,1,-122.37218020000002,47.66365981,10882,24129,24129,1789667,Matched,Block,,NW LEARY WAY BETWEEN 11TH AVE NW AND 14TH AVE NW,,,1,Property Damage Only Collision,Parked Car,2,0,0,2,2004/01/08 00:00:00+00,1/8/2004,Mid-Block (but intersection related),14,"MOTOR VEHICLE STRUCK MOTOR VEHICLE, REAR END",Y,0,Unknown,Unknown,Unknown,,4008024.0,,32,One parked--one moving,0,0,N
8695,1,-122.3074092,47.61673276,10884,23553,23553,1216836,Matched,Intersection,30125.0,19TH AVE AND E MADISON ST,,,1,Property Damage Only Collision,Left Turn,2,0,0,2,2004/11/01 00:00:00+00,11/1/2004,At Intersection (intersection related),11,"MOTOR VEHICLE STRUCK MOTOR VEHICLE, FRONT END AT ANGLE",,0,Raining,Wet,Daylight,,4306047.0,,28,From opposite direction - one left turn - one straight,0,0,N
8696,1,-122.329058,47.5850737,10885,24481,24481,1182045,Matched,Block,,4TH AVE S BETWEEN S HOLGATE ST AND S WALKER ST,,,1,Property Damage Only Collision,Rear Ended,5,0,0,2,2004/06/01 00:00:00+00,6/1/2004,Mid-Block (but intersection related),14,"MOTOR VEHICLE STRUCK MOTOR VEHICLE, REAR END",Y,1,Clear,Dry,Daylight,,4153017.0,,14,From same direction - both going straight - one stopped - rear-end,0,0,N
8697,1,-122.29302040000002,47.56009254,10886,23809,23809,1773307,Matched,Block,,M L KING JR WR WAY S BETWEEN S ALASKA ST AND S ANGELINE ST,,,1,Property Damage Only Collision,Other,3,0,0,2,2004/10/03 00:00:00+00,10/3/2004,Mid-Block (not related to intersection),11,"MOTOR VEHICLE STRUCK MOTOR VEHICLE, FRONT END AT ANGLE",,0,Clear,Dry,Dark - Street Lights On,,4277015.0,,23,From same direction - all others,0,0,N
8698,1,-122.37678329999999,47.68414673,10889,24742,24742,1773889,Matched,Block,,15TH AVE NW BETWEEN NW 75TH ST AND NW 77TH ST,,,1,Property Damage Only Collision,Rear Ended,3,0,0,3,2004/02/17 00:00:00+00,2/17/2004 4:32:00 PM,Mid-Block (not related to intersection),14,"MOTOR VEHICLE STRUCK MOTOR VEHICLE, REAR END",,0,Overcast,Dry,Daylight,,4048019.0,,14,From same direction - both going straight - one stopped - rear-end,0,0,N
8699,1,-122.3774747,47.65399164,10890,24201,24201,1213907,Matched,Block,,W EMERSON ST BETWEEN 15TH EMERSON RP AND EMERSON TURN RD,,,1,Property Damage Only Collision,Angles,3,0,0,2,2004/07/20 00:00:00+00,7/20/2004 4:02:00 PM,Mid-Block (but intersection related),16,"MOTOR VEHICLE STRUCK MOTOR VEHICLE, LEFT SIDE SIDESWIPE",,0,Clear,Dry,Daylight,,4202045.0,,10,Entering at angle,0,0,N
8700,2,-122.3113976,47.73393647,10891,23790,23790,C628470,Matched,Block,,NE 145TH ST BETWEEN 15TH AVE NE AND 17TH AVE NE,,,2,Injury Collision,Cycles,2,0,1,1,2004/02/06 00:00:00+00,2/6/2004,Mid-Block (not related to intersection),54,PEDALCYCLIST STRUCK MOTOR VEHICLE REAR END,,0,Raining,Wet,Dark - Street Lights On,,4037047.0,,45,Vehicle - Pedalcyclist,0,0,N
8701,2,-122.2986092,47.54632636,10892,24795,24795,1771368,Matched,Block,,S GRAHAM ST BETWEEN BEACON ER AVE S AND 28TH AVE S,,,2,Injury Collision,Sideswipe,3,0,0,3,2004/02/24 00:00:00+00,2/24/2004 1:23:00 AM,Mid-Block (not related to intersection),11,"MOTOR VEHICLE STRUCK MOTOR VEHICLE, FRONT END AT ANGLE",,0,Clear,Dry,Dark - Street Lights On,,4055016.0,Y,26,From opposite direction - both going straight - sideswipe,0,0,N
8702,2,-122.3444844,47.68277237,10893,24870,24870,1334844,Matched,Intersection,24312.0,AURORA AVE N AND WINONA AVE N,,,2,Injury Collision,Left Turn,3,0,0,3,2004/04/22 00:00:00+00,4/22/2004 4:42:00 PM,At Intersection (intersection related),11,"MOTOR VEHICLE STRUCK MOTOR VEHICLE, FRONT END AT ANGLE",,0,Clear,Dry,Daylight,,4113023.0,,28,From opposite direction - one left turn - one straight,0,0,N
8703,1,-122.31544960000001,47.60922128,10894,23282,23282,1787109,Matched,Intersection,29792.0,13TH AVE AND E COLUMBIA ST,,,1,Property Damage Only Collision,Angles,2,0,0,2,2004/01/12 00:00:00+00,1/12/2004 6:14:00 PM,At Intersection (intersection related),11,"MOTOR VEHICLE STRUCK MOTOR VEHICLE, FRONT END AT ANGLE",,0,Raining,Wet,Dark - Street Lights On,,4012026.0,,10,Entering at angle,0,0,N
8704,1,-122.3959456,47.54029282,10895,24123,24123,1798280,Matched,Block,,LINCOLN PARK WAY SW BETWEEN 48TH AVE SW AND MURRAY AVE SW,,,1,Property Damage Only Collision,Parked Car,2,0,0,2,2004/07/27 00:00:00+00,7/27/2004 2:00:00 AM,Mid-Block (not related to intersection),13,"MOTOR VEHICLE STRUCK MOTOR VEHICLE, LEFT SIDE AT ANGLE",,0,Clear,Dry,Dark - Street Lights On,,4209027.0,,32,One parked--one moving,0,0,N
8705,1,-122.30146979999999,47.5464027,10896,23902,23902,1771839,Matched,Block,,S GRAHAM ST BETWEEN 24TH AVE S AND BEACON WR AVE S,,,1,Property Damage Only Collision,Sideswipe,2,0,0,2,2004/11/19 00:00:00+00,11/19/2004 11:45:00 PM,Mid-Block (not related to intersection),11,"MOTOR VEHICLE STRUCK MOTOR VEHICLE, FRONT END AT ANGLE",,0,Clear,Dry,Dark - Street Lights On,,4324022.0,,26,From opposite direction - both going straight - sideswipe,0,0,N
8706,2,-122.34045900000001,47.63644438,10897,24639,24639,1777644,Matched,Intersection,28021.0,NEWTON ST AND WESTLAKE AVE N,,,2,Injury Collision,Angles,3,0,0,2,2004/03/22 00:00:00+00,3/22/2004 11:14:00 AM,At Intersection (intersection related),11,"MOTOR VEHICLE STRUCK MOTOR VEHICLE, FRONT END AT ANGLE",,0,Clear,Dry,Daylight,,4082003.0,,10,Entering at angle,0,0,N
8707,1,-122.3544777,47.65438843,10898,24417,24417,1782264,Matched,Block,,PHINNEY AVE N BETWEEN N 39TH ST AND N BOWDOIN PL,,,1,Property Damage Only Collision,Other,4,0,0,2,2004/10/02 00:00:00+00,10/2/2004,Mid-Block (but intersection related),11,"MOTOR VEHICLE STRUCK MOTOR VEHICLE, FRONT END AT ANGLE",Y,0,Clear,Dry,Daylight,,4276031.0,,23,From same direction - all others,0,0,N
8708,1,-122.362788,47.56914138,10899,24314,24314,1788789,Matched,Block,,DELRIDGE WAY SW BETWEEN DELRIDGE-W SEATTLE BR EB ON RP AND SW ANDOVER ST,,,1,Property Damage Only Collision,Rear Ended,5,0,0,2,2004/04/08 00:00:00+00,4/8/2004,Mid-Block (but intersection related),14,"MOTOR VEHICLE STRUCK MOTOR VEHICLE, REAR END",Y,0,Clear,Dry,Daylight,,4099030.0,,14,From same direction - both going straight - one stopped - rear-end,0,0,N
8709,1,-122.3141442,47.60921595,10900,23805,23805,1200833,Matched,Intersection,29793.0,14TH AVE AND E COLUMBIA ST,,,1,Property Damage Only Collision,Angles,2,0,0,2,2004/04/05 00:00:00+00,4/5/2004,At Intersection (intersection related),31,DRIVERLESS VEHICLE STRUCK MOTOR VEHICLE FRONT END AT ANGLE,,0,Overcast,Dry,Daylight,,4096011.0,,10,Entering at angle,0,0,N
8710,1,-122.3657799,47.67598716,10901,24253,24253,1774171,Matched,Block,,NW 65TH ST BETWEEN CLEOPATRA PL NW AND 8TH AVE NW,,,1,Property Damage Only Collision,Other,2,0,0,2,2004/05/14 00:00:00+00,5/14/2004 9:49:00 AM,Mid-Block (but intersection related),16,"MOTOR VEHICLE STRUCK MOTOR VEHICLE, LEFT SIDE SIDESWIPE",,0,Clear,Dry,Daylight,,4135027.0,,23,From same direction - all others,0,0,N