,SEVERITYCODE,X,Y,OBJECTID,INCKEY,COLDETKEY,REPORTNO,STATUS,ADDRTYPE,INTKEY,LOCATION,EXCEPTRSNCODE,EXCEPTRSNDESC,SEVERITYCODE.1,SEVERITYDESC,COLLISIONTYPE,PERSONCOUNT,PEDCOUNT,PEDCYLCOUNT,VEHCOUNT,INCDATE,INCDTTM,JUNCTIONTYPE,SDOT_COLCODE,SDOT_COLDESC,INATTENTIONIND,UNDERINFL,WEATHER,ROADCOND,LIGHTCOND,PEDROWNOTGRNT,SDOTCOLNUM,SPEEDING,ST_COLCODE,ST_COLDESC,SEGLANEKEY,CROSSWALKKEY,HITPARKEDCAR
8711,1,-122.3187916,47.65848566,10903,24735,24735,1212038,Matched,Block,,9TH AVE NE BETWEEN NE 42ND ST AND NE 43RD ST,,,1,Property Damage Only Collision,Parked Car,2,0,0,2,2004/04/06 00:00:00+00,4/6/2004,Mid-Block (not related to intersection),11,"MOTOR VEHICLE STRUCK MOTOR VEHICLE, FRONT END AT ANGLE",,0,Clear,Dry,Daylight,,4097035.0,,32,One parked--one moving,0,0,N
8712,1,-122.3060919,47.61788083,10904,24658,24658,1326995,Matched,Block,,20TH AVE BETWEEN E MADISON ST AND E DENNY WAY,,,1,Property Damage Only Collision,Parked Car,3,0,0,3,2004/06/06 00:00:00+00,6/6/2004,Mid-Block (not related to intersection),15,"MOTOR VEHICLE STRUCK MOTOR VEHICLE, RIGHT SIDE SIDESWIPE",,0,Overcast,Dry,Daylight,,4158025.0,,32,One parked--one moving,0,0,N
8713,1,-122.34756809999999,47.62449513,10905,25004,25004,1478449,Matched,Intersection,28914.0,5TH AVE N AND MERCER ST,,,1,Property Damage Only Collision,Angles,2,0,0,2,2004/08/28 00:00:00+00,8/28/2004 3:15:00 AM,At Intersection (intersection related),11,"MOTOR VEHICLE STRUCK MOTOR VEHICLE, FRONT END AT ANGLE",,0,Clear,Dry,Dark - Street Lights On,,4241031.0,,10,Entering at angle,0,0,N
8714,2,-122.3029095,47.58454186,10906,23429,23429,1771738,Matched,Intersection,31562.0,23RD AVE S AND RAINIER AVE S,,,2,Injury Collision,Angles,4,0,0,2,2004/11/26 00:00:00+00,11/26/2004 9:35:00 PM,At Intersection (intersection related),11,"MOTOR VEHICLE STRUCK MOTOR VEHICLE, FRONT END AT ANGLE",,0,Raining,Wet,Dark - Street Lights On,,4331016.0,,10,Entering at angle,0,0,N
8715,1,-122.3088389,47.6170217,10907,23971,23971,1074285,Matched,Block,,18TH AVE BETWEEN E OLIVE ST AND E HOWELL ST,,,1,Property Damage Only Collision,Parked Car,2,0,0,2,2004/07/18 00:00:00+00,7/18/2004 12:01:00 AM,Mid-Block (not related to intersection),16,"MOTOR VEHICLE STRUCK MOTOR VEHICLE, LEFT SIDE SIDESWIPE",,0,Overcast,Dry,Dark - Street Lights On,,4200015.0,,32,One parked--one moving,0,0,N
8716,1,-122.36551200000001,47.55929082,10908,24170,24170,1789132,Matched,Block,,26TH AVE SW BETWEEN SW ALASKA ST AND SW HUDSON ST,,,1,Property Damage Only Collision,Parked Car,2,0,0,2,2004/01/12 00:00:00+00,1/12/2004 2:49:00 PM,Mid-Block (not related to intersection),16,"MOTOR VEHICLE STRUCK MOTOR VEHICLE, LEFT SIDE SIDESWIPE",,0,Overcast,Dry,Daylight,,4012038.0,,32,One parked--one moving,0,0,N
8717,1,-122.31002590000001,47.62265007,10909,24494,24494,1216902,Matched,Block,,17TH AVE E BETWEEN E HARRISON ST AND E REPUBLICAN S ST,,,1,Property Damage Only Collision,Parked Car,2,0,0,2,2004/07/11 00:00:00+00,7/11/2004 4:06:00 PM,Mid-Block (not related to intersection),15,"MOTOR VEHICLE STRUCK MOTOR VEHICLE, RIGHT SIDE SIDESWIPE",,0,Unknown,Unknown,Unknown,,4193012.0,,32,One parked--one moving,0,0,N
8718,1,-122.28524250000001,47.55825221,10910,24558,24558,1772784,Matched,Block,,RAINIER AVE S BETWEEN S EDMUNDS ST AND S FERDINAND ST,,,1,Property Damage Only Collision,Rear Ended,3,0,0,2,2004/06/17 00:00:00+00,6/17/2004 1:31:00 PM,Mid-Block (but intersection related),14,"MOTOR VEHICLE STRUCK MOTOR VEHICLE, REAR END",Y,0,Clear,Dry,Daylight,,4169012.0,,14,From same direction - both going straight - one stopped - rear-end,0,0,N
8719,1,-122.3293685,47.56380566,10912,24746,24746,1074791,Matched,Block,,4TH AVE S BETWEEN COSTCO DR AND 4TH AV S VI,,,1,Property Damage Only Collision,Sideswipe,2,0,0,2,2004/11/02 00:00:00+00,11/2/2004,Mid-Block (not related to intersection),16,"MOTOR VEHICLE STRUCK MOTOR VEHICLE, LEFT SIDE SIDESWIPE",,0,Raining,Wet,Dawn,,4307016.0,,11,From same direction - both going straight - both moving - sideswipe,0,0,N
8720,1,-122.2877869,47.52878786,10915,25024,25024,1786556,Matched,Block,,BEACON ER AVE S BETWEEN S ROSE ST AND S THISTLE ST,,,1,Property Damage Only Collision,Parked Car,2,0,0,2,2004/08/17 00:00:00+00,8/17/2004 1:30:00 PM,Mid-Block (not related to intersection),16,"MOTOR VEHICLE STRUCK MOTOR VEHICLE, LEFT SIDE SIDESWIPE",,0,Clear,Dry,Daylight,,4230017.0,,32,One parked--one moving,0,0,N
8721,2,,,10916,23715,23715,1079782,Matched,Block,,40TH AVE NE BETWEEN NE 46TH ST AND SAND POINT WAY NE,,,2,Injury Collision,Angles,4,0,0,2,2004/10/27 00:00:00+00,10/27/2004 4:43:00 PM,Mid-Block (but intersection related),11,"MOTOR VEHICLE STRUCK MOTOR VEHICLE, FRONT END AT ANGLE",,0,Clear,Dry,Daylight,,4301015.0,,10,Entering at angle,0,0,N
8722,1,-122.29037620000001,47.67941565,10917,24435,24435,1931212,Matched,Intersection,24950.0,35TH AVE NE AND NE 70TH ST,,,1,Property Damage Only Collision,Head On,4,0,0,2,2004/11/12 00:00:00+00,11/12/2004 3:16:00 PM,At Intersection (intersection related),11,"MOTOR VEHICLE STRUCK MOTOR VEHICLE, FRONT END AT ANGLE",,0,Clear,Dry,Daylight,,4317028.0,,30,From opposite direction - all others,0,0,N
8723,2,-122.2977208,47.72110162,10918,24864,24864,1775492,Matched,Intersection,36061.0,28TH AVE NE AND NE 127TH ST,,,2,Injury Collision,Angles,2,0,0,2,2004/07/09 00:00:00+00,7/9/2004,At Intersection (intersection related),11,"MOTOR VEHICLE STRUCK MOTOR VEHICLE, FRONT END AT ANGLE",,0,Clear,Wet,Daylight,,4191020.0,,10,Entering at angle,0,0,N
8724,1,-122.3404483,47.6646609,10919,23127,23127,1216933,Matched,Block,,STONE WAY N BETWEEN N 49TH ST AND N 50TH ST,,,1,Property Damage Only Collision,Parked Car,2,0,0,2,2004/09/04 00:00:00+00,9/4/2004,Mid-Block (not related to intersection),11,"MOTOR VEHICLE STRUCK MOTOR VEHICLE, FRONT END AT ANGLE",,0,Clear,Dry,Daylight,,4248018.0,,32,One parked--one moving,0,0,N
8725,2,-122.3573611,47.61860942,10920,23690,23690,1181400,Matched,Intersection,28666.0,WESTERN AVE W AND W DENNY WAY,,,2,Injury Collision,Angles,5,0,0,2,2004/09/26 00:00:00+00,9/26/2004 12:46:00 AM,At Intersection (intersection related),11,"MOTOR VEHICLE STRUCK MOTOR VEHICLE, FRONT END AT ANGLE",,0,Clear,Dry,Dark - Street Lights On,,4270005.0,,10,Entering at angle,0,0,N
8726,2,-122.26470719999999,47.52556719,10921,24025,24025,1772927,Matched,Intersection,35433.0,SEWARD PARK AVE S AND WABASH AVE S,,,2,Injury Collision,Left Turn,2,0,0,2,2004/05/07 00:00:00+00,5/7/2004,At Intersection (intersection related),11,"MOTOR VEHICLE STRUCK MOTOR VEHICLE, FRONT END AT ANGLE",,0,Overcast,Dry,Daylight,,4128033.0,,28,From opposite direction - one left turn - one straight,0,0,N
8727,2,-122.32021599999999,47.62774924,10923,24022,24022,1772659,Matched,Block,,10TH AVE E BETWEEN E ALOHA ST AND E PROSPECT ST,,,2,Injury Collision,Rear Ended,3,0,0,2,2004/05/10 00:00:00+00,5/10/2004 4:14:00 PM,Mid-Block (not related to intersection),14,"MOTOR VEHICLE STRUCK MOTOR VEHICLE, REAR END",,0,Overcast,Wet,Daylight,,4131034.0,,13,From same direction - both going straight - both moving - rear-end,0,0,N
8728,1,-122.25236299999999,47.50971643,10924,24057,24057,1479597,Matched,Intersection,38225.0,65TH AVE S AND S RYAN ST,,,1,Property Damage Only Collision,Angles,2,0,0,2,2004/07/09 00:00:00+00,7/9/2004,At Intersection (intersection related),11,"MOTOR VEHICLE STRUCK MOTOR VEHICLE, FRONT END AT ANGLE",,0,Clear,Dry,Daylight,,4191045.0,Y,10,Entering at angle,0,0,N
8729,1,-122.32525929999998,47.6431902,10925,24231,24231,1789778,Matched,Block,,E ROANOKE ST BETWEEN EASTLAKE AVE E AND FRANKLIN AVE E,,,1,Property Damage Only Collision,Parked Car,2,0,0,2,2004/01/05 00:00:00+00,1/5/2004,Mid-Block (not related to intersection),11,"MOTOR VEHICLE STRUCK MOTOR VEHICLE, FRONT END AT ANGLE",,0,Overcast,Dry,Dark - Street Lights On,,4005013.0,,32,One parked--one moving,0,0,N
8730,1,-122.33420079999999,47.57981114,10926,24670,24670,1482752,Matched,Intersection,31372.0,1ST AVE S AND S LANDER ST,,,1,Property Damage Only Collision,Left Turn,2,0,0,2,2004/06/08 00:00:00+00,6/8/2004,At Intersection (intersection related),11,"MOTOR VEHICLE STRUCK MOTOR VEHICLE, FRONT END AT ANGLE",,0,Clear,Dry,Daylight,,4160035.0,,28,From opposite direction - one left turn - one straight,0,0,N
8731,2,-122.3426125,47.61106822,10928,23990,23990,1482528,Matched,Intersection,29582.0,1ST AVE AND VIRGINIA ST,,,2,Injury Collision,Cycles,3,0,1,1,2004/04/22 00:00:00+00,4/22/2004 7:12:00 PM,At Intersection (intersection related),18,"MOTOR VEHICLE STRUCK PEDALCYCLIST, FRONT END AT ANGLE",,0,Clear,Dry,Daylight,Y,4113039.0,,45,Vehicle - Pedalcyclist,0,0,N
8732,2,-122.3149392,47.52474202,10929,23985,23985,1790680,Matched,Intersection,35118.0,14TH AVE S AND S TRENTON ST,,,2,Injury Collision,Pedestrian,2,1,0,1,2004/09/13 00:00:00+00,9/13/2004 4:41:00 PM,At Intersection (intersection related),24,MOTOR VEHCILE STRUCK PEDESTRIAN,,0,Clear,Dry,Daylight,Y,4257005.0,,2,Vehicle turning left hits pedestrian,0,0,N
8733,1,-122.33979,47.51790542,10930,24501,24501,1197781,Matched,Block,,OLSON PL SW BETWEEN SW CAMBRIDGE PL AND SW ROXBURY ST,,,1,Property Damage Only Collision,Other,2,0,0,1,2004/11/25 00:00:00+00,11/25/2004 9:01:00 AM,Mid-Block (not related to intersection),28,MOTOR VEHICLE RAN OFF ROAD - HIT FIXED OBJECT,,0,Raining,Wet,Daylight,,4330007.0,,50,Fixed object,0,0,N
8734,1,-122.34460800000001,47.69780875,10931,23117,23117,1774008,Matched,Intersection,37327.0,AURORA AVE N AND N 95TH ST,,,1,Property Damage Only Collision,Angles,2,0,0,2,2004/03/11 00:00:00+00,3/11/2004 9:16:00 PM,At Intersection (intersection related),11,"MOTOR VEHICLE STRUCK MOTOR VEHICLE, FRONT END AT ANGLE",,0,Clear,Dry,Dark - Street Lights On,,4071020.0,,10,Entering at angle,0,0,N
8735,1,-122.29792090000001,47.63376784,10932,24476,24476,1798855,Matched,Intersection,28382.0,BOYER AVE E AND LAKE WASHINGTON BLVD E,,,1,Property Damage Only Collision,Left Turn,2,0,0,2,2004/08/23 00:00:00+00,8/23/2004 5:22:00 PM,At Intersection (intersection related),11,"MOTOR VEHICLE STRUCK MOTOR VEHICLE, FRONT END AT ANGLE",,0,Clear,Dry,Daylight,,4236037.0,,28,From opposite direction - one left turn - one straight,0,0,N
8736,1,-122.329531,47.55563645,10933,23951,23951,1781543,Matched,Intersection,33146.0,4TH AVE S AND S DAWSON ST,,,1,Property Damage Only Collision,Sideswipe,2,0,0,2,2004/06/02 00:00:00+00,6/2/2004,At Intersection (intersection related),16,"MOTOR VEHICLE STRUCK MOTOR VEHICLE, LEFT SIDE SIDESWIPE",,0,Clear,Dry,Daylight,,4154021.0,,71,Same direction -- both turning right -- both moving -- sideswipe,0,0,N
8737,2,-122.3236412,47.6060184,10934,24402,24402,1788089,Matched,Intersection,29815.0,JAMES ST AND TERRY AVE,,,2,Injury Collision,Angles,3,0,0,2,2004/04/23 00:00:00+00,4/23/2004 1:52:00 PM,At Intersection (intersection related),11,"MOTOR VEHICLE STRUCK MOTOR VEHICLE, FRONT END AT ANGLE",,0,Raining,Wet,Daylight,,4114026.0,,10,Entering at angle,0,0,N
8738,2,-122.33754429999999,47.60612176,10935,23729,23729,1777763,Matched,Intersection,29611.0,1ST AVE AND SENECA ST,,,2,Injury Collision,Angles,2,0,0,2,2004/01/07 00:00:00+00,1/7/2004,At Intersection (intersection related),11,"MOTOR VEHICLE STRUCK MOTOR VEHICLE, FRONT END AT ANGLE",,0,Raining,Wet,Dark - Street Lights On,,4007017.0,,10,Entering at angle,0,0,N
8739,1,-122.2961307,47.570699,10936,24452,24452,1771960,Matched,Block,,RENTON AVE S BETWEEN M L KING JR ER N WAY S AND S CHARLESTOWN ST,,,1,Property Damage Only Collision,Sideswipe,4,0,0,2,2004/03/19 00:00:00+00,3/19/2004 7:20:00 AM,Mid-Block (but intersection related),16,"MOTOR VEHICLE STRUCK MOTOR VEHICLE, LEFT SIDE SIDESWIPE",,0,Clear,Dry,Daylight,,4079044.0,,72,Same direction -- both turning right -- one stopped -- sideswipe,0,0,N
8740,1,-122.30324569999999,47.60801002,10937,24062,24062,1472873,Matched,Block,,E CHERRY ST BETWEEN 22ND AVE AND 23RD AVE,,,1,Property Damage Only Collision,Rear Ended,3,0,0,3,2004/05/05 00:00:00+00,5/5/2004,Mid-Block (but intersection related),14,"MOTOR VEHICLE STRUCK MOTOR VEHICLE, REAR END",,0,Clear,Dry,Daylight,,4126011.0,,14,From same direction - both going straight - one stopped - rear-end,0,0,N
8741,1,-122.3120887,47.68350004,10938,24797,24797,527918,Matched,Block,,15TH AVE NE BETWEEN NE 75TH ST AND NE 76TH ST,,,1,Property Damage Only Collision,Parked Car,0,0,0,2,2004/06/29 00:00:00+00,6/29/2004 2:07:00 AM,Mid-Block (not related to intersection),14,"MOTOR VEHICLE STRUCK MOTOR VEHICLE, REAR END",Y,0,Clear,Dry,Dark - Street Lights On,,4181002.0,,32,One parked--one moving,0,0,N
8742,1,-122.3421634,47.66102734,10939,25290,25290,1782337,Matched,Block,,STONE WAY N BETWEEN N ALLEN PL AND N 45TH ST,,,1,Property Damage Only Collision,Parked Car,2,0,0,2,2004/10/13 00:00:00+00,10/13/2004 4:23:00 PM,Mid-Block (not related to intersection),13,"MOTOR VEHICLE STRUCK MOTOR VEHICLE, LEFT SIDE AT ANGLE",,0,Clear,Dry,Daylight,,4287028.0,,32,One parked--one moving,0,0,N
8743,1,-122.29668159999999,47.57614674,10940,23430,23430,1771867,Matched,Block,,M L KING JR WAY S BETWEEN RAINIER AVE S AND S WINTHROP ST,,,1,Property Damage Only Collision,Rear Ended,2,0,0,2,2004/07/08 00:00:00+00,7/8/2004,Mid-Block (not related to intersection),14,"MOTOR VEHICLE STRUCK MOTOR VEHICLE, REAR END",,0,Overcast,Dry,Daylight,,4190024.0,,14,From same direction - both going straight - one stopped - rear-end,0,0,N
8744,2,-122.2936321,47.607992200000005,10941,23833,23833,1181125,Matched,Intersection,30067.0,30TH AVE AND E CHERRY ST,,,2,Injury Collision,Angles,2,0,0,2,2004/05/05 00:00:00+00,5/5/2004,At Intersection (intersection related),11,"MOTOR VEHICLE STRUCK MOTOR VEHICLE, FRONT END AT ANGLE",,0,Clear,Dry,Daylight,,4126034.0,,10,Entering at angle,0,0,N
8745,2,-122.30022240000001,47.68304753,10943,24633,24633,1773479,Matched,Block,,NE 75TH ST BETWEEN 25TH AVE NE AND 26TH AVE NE,,,2,Injury Collision,Rear Ended,3,0,0,3,2004/05/13 00:00:00+00,5/13/2004 8:53:00 PM,Driveway Junction,14,"MOTOR VEHICLE STRUCK MOTOR VEHICLE, REAR END",Y,0,Clear,Dry,Dusk,,4134007.0,,14,From same direction - both going straight - one stopped - rear-end,0,0,N
8746,1,-122.31250779999999,47.66489678,10944,24716,24716,C628909,Matched,Block,,NE 50TH ST BETWEEN UNIVERSITY WAY NE AND 15TH AVE NE,,,1,Property Damage Only Collision,Head On,3,0,0,3,2004/01/06 00:00:00+00,1/6/2004,Mid-Block (but intersection related),14,"MOTOR VEHICLE STRUCK MOTOR VEHICLE, REAR END",,0,Unknown,Ice,Daylight,,4006060.0,,30,From opposite direction - all others,0,0,N
8747,1,,,10946,24184,24184,1482223,Matched,Block,,ALASKAN WY VI NB BETWEEN SENECA ST OFF RP AND WESTERN AV OFF RP,,,1,Property Damage Only Collision,Rear Ended,3,0,0,2,2004/08/02 00:00:00+00,8/2/2004,Mid-Block (not related to intersection),14,"MOTOR VEHICLE STRUCK MOTOR VEHICLE, REAR END",,0,Clear,Dry,Daylight,,4215026.0,,13,From same direction - both going straight - both moving - rear-end,0,0,N
8748,1,-122.2968939,47.62837153,10947,24248,24248,1772100,Matched,Block,,28TH AVE E BETWEEN E HELEN ST AND E PROSPECT ST,,,1,Property Damage Only Collision,Other,1,0,0,1,2004/07/12 00:00:00+00,7/12/2004 4:00:00 AM,Mid-Block (not related to intersection),28,MOTOR VEHICLE RAN OFF ROAD - HIT FIXED OBJECT,,0,Clear,Dry,Dark - No Street Lights,,4194002.0,,50,Fixed object,0,0,N
8749,1,-122.30765670000001,47.60167609,10948,25177,25177,1798836,Matched,Intersection,30729.0,19TH AVE AND E YESLER WAY,,,1,Property Damage Only Collision,Left Turn,2,0,0,2,2004/11/07 00:00:00+00,11/7/2004,At Intersection (intersection related),11,"MOTOR VEHICLE STRUCK MOTOR VEHICLE, FRONT END AT ANGLE",,0,Clear,Dry,Daylight,,4312002.0,,28,From opposite direction - one left turn - one straight,0,0,N
8750,1,-122.3291351,47.61971505,10949,24149,24149,1213512,Matched,Intersection,29154.0,EASTLAKE AVE E AND STEWART ST,,,1,Property Damage Only Collision,Sideswipe,4,0,0,2,2004/05/04 00:00:00+00,5/4/2004,At Intersection (intersection related),11,"MOTOR VEHICLE STRUCK MOTOR VEHICLE, FRONT END AT ANGLE",,0,Overcast,Dry,Daylight,,4125020.0,,12,From same direction - both going straight - one stopped - sideswipe,0,0,N
8751,1,,,10950,24724,24724,1482421,Matched,Alley,,,,,1,Property Damage Only Collision,Parked Car,3,0,0,2,2004/11/17 00:00:00+00,11/17/2004 1:25:00 AM,,0,NOT ENOUGH INFORMATION / NOT APPLICABLE,,0,Clear,Dry,Dark - Street Lights On,,4322001.0,,32,One parked--one moving,0,0,N
8752,2,-122.3207895,47.61465412,10951,23120,23120,1772534,Matched,Block,,BROADWAY BETWEEN E PIKE ST AND E PINE ST,,,2,Injury Collision,Pedestrian,3,1,0,1,2004/05/21 00:00:00+00,5/21/2004 2:05:00 AM,Driveway Junction,24,MOTOR VEHCILE STRUCK PEDESTRIAN,,1,Clear,Dry,Dark - Street Lights On,,4142029.0,,4,Vehicle hits Pedestrian - All Other Actions,0,0,N
8753,1,-122.30719099999999,47.66486034,10952,24323,24323,1220009,Matched,Intersection,26056.0,19TH AVE NE AND NE 50TH ST,,,1,Property Damage Only Collision,Angles,4,0,0,2,2004/11/12 00:00:00+00,11/12/2004 9:33:00 AM,At Intersection (intersection related),11,"MOTOR VEHICLE STRUCK MOTOR VEHICLE, FRONT END AT ANGLE",,0,Fog/Smog/Smoke,Dry,Daylight,,4317023.0,,10,Entering at angle,0,0,N
8754,1,-122.3121264,47.65620565,10953,24105,24105,1773679,Matched,Intersection,27145.0,15TH AVE NE AND NE CAMPUS WB PY,,,1,Property Damage Only Collision,Other,3,0,0,2,2004/02/07 00:00:00+00,2/7/2004,At Intersection (intersection related),11,"MOTOR VEHICLE STRUCK MOTOR VEHICLE, FRONT END AT ANGLE",,0,Overcast,Dry,Dark - Street Lights On,,4038012.0,,21,One car entering driveway access,0,0,N
8755,2,-122.3142571,47.70853821,10954,24552,24552,1931151,Matched,Block,,NE NORTHGATE WAY BETWEEN 12TH AVE NE AND 14TH AVE NE,,,2,Injury Collision,Rear Ended,2,0,0,2,2004/11/19 00:00:00+00,11/19/2004 3:11:00 PM,Mid-Block (but intersection related),14,"MOTOR VEHICLE STRUCK MOTOR VEHICLE, REAR END",Y,0,Clear,Dry,Daylight,,4324033.0,,14,From same direction - both going straight - one stopped - rear-end,0,0,N
8756,1,-122.32100439999999,47.55335102,10955,23732,23732,1790681,Matched,Intersection,33100.0,AIRPORT WAY S AND S LUCILE ST,,,1,Property Damage Only Collision,Left Turn,3,0,0,2,2004/09/13 00:00:00+00,9/13/2004 5:15:00 PM,At Intersection (intersection related),11,"MOTOR VEHICLE STRUCK MOTOR VEHICLE, FRONT END AT ANGLE",,0,Clear,Dry,Daylight,,4257035.0,,28,From opposite direction - one left turn - one straight,0,0,N
8757,2,-122.28129320000001,47.537042299999996,10957,23923,23923,1793566,Matched,Intersection,34562.0,M L KING JR WR WAY S AND S OTHELLO ST,,,2,Injury Collision,Angles,2,0,0,2,2004/09/29 00:00:00+00,9/29/2004 5:37:00 PM,At Intersection (intersection related),11,"MOTOR VEHICLE STRUCK MOTOR VEHICLE, FRONT END AT ANGLE",,0,Clear,Dry,Daylight,,4273009.0,,10,Entering at angle,0,0,N
8758,2,-122.3768044,47.69151793,10959,25013,25013,1687677,Matched,Block,,15TH AVE NW BETWEEN NW 85TH ST AND NW 87TH ST,,,2,Injury Collision,Rear Ended,2,0,0,2,2004/02/29 00:00:00+00,2/29/2004 7:20:00 PM,Mid-Block (but intersection related),14,"MOTOR VEHICLE STRUCK MOTOR VEHICLE, REAR END",,1,Clear,Dry,Dark - Street Lights On,,4060032.0,,14,From same direction - both going straight - one stopped - rear-end,0,0,N
8759,1,-122.3214477,47.61407092,10960,23992,23992,1789730,Matched,Block,,E PIKE ST BETWEEN HARVARD AVE AND BROADWAY,,,1,Property Damage Only Collision,Sideswipe,4,0,0,2,2004/01/01 00:00:00+00,1/1/2004,Mid-Block (not related to intersection),16,"MOTOR VEHICLE STRUCK MOTOR VEHICLE, LEFT SIDE SIDESWIPE",,0,Snowing,Wet,Dark - Street Lights On,,4001008.0,,11,From same direction - both going straight - both moving - sideswipe,0,0,N
8760,1,-122.2923457,47.61888012,10962,23906,23906,1772094,Matched,Intersection,29291.0,31ST AVE AND E DENNY WAY,,,1,Property Damage Only Collision,Angles,4,0,0,2,2004/05/04 00:00:00+00,5/4/2004,At Intersection (intersection related),11,"MOTOR VEHICLE STRUCK MOTOR VEHICLE, FRONT END AT ANGLE",,0,Overcast,Dry,Daylight,,4125025.0,,10,Entering at angle,0,0,N
8761,1,-122.26998200000001,47.52473904,10964,24275,24275,1787887,Matched,Block,,RAINIER AVE S BETWEEN S CLOVERDALE ST AND S HENDERSON ST,,,1,Property Damage Only Collision,Rear Ended,2,0,0,2,2004/06/17 00:00:00+00,6/17/2004 5:00:00 AM,Mid-Block (but intersection related),14,"MOTOR VEHICLE STRUCK MOTOR VEHICLE, REAR END",,0,Unknown,Unknown,Dark - Street Lights On,,4169037.0,,14,From same direction - both going straight - one stopped - rear-end,0,0,N
8762,1,-122.35113390000002,47.57094178,10965,24616,24616,1798156,Matched,Block,,WEST SEATTLE BR EB BETWEEN ALASKAN WY VI NB ON RP AND DELRIDGE-W SEATTLE BR EB ON RP,,,1,Property Damage Only Collision,Rear Ended,3,0,0,3,2004/06/08 00:00:00+00,6/8/2004,Mid-Block (not related to intersection),14,"MOTOR VEHICLE STRUCK MOTOR VEHICLE, REAR END",,0,Clear,Dry,Daylight,,4160017.0,,14,From same direction - both going straight - one stopped - rear-end,0,0,N
8763,2,-122.31657709999999,47.59428168,10966,23808,23808,1211584,Matched,Intersection,30453.0,GOLF DR S AND S CHARLES ST,,,2,Injury Collision,Head On,2,0,0,2,2004/08/21 00:00:00+00,8/21/2004 6:35:00 PM,At Intersection (intersection related),14,"MOTOR VEHICLE STRUCK MOTOR VEHICLE, REAR END",,0,Overcast,Wet,Daylight,,4234014.0,Y,30,From opposite direction - all others,0,0,N
8764,1,-122.2699882,47.52994139,10968,24889,24889,1793166,Matched,Block,,RAINIER AVE S BETWEEN S ELMGROVE ST AND S ROSE N ST,,,1,Property Damage Only Collision,Sideswipe,3,0,0,2,2004/08/12 00:00:00+00,8/12/2004 11:50:00 PM,Mid-Block (not related to intersection),28,MOTOR VEHICLE RAN OFF ROAD - HIT FIXED OBJECT,,0,Clear,Dry,Dark - Street Lights On,,4225002.0,,11,From same direction - both going straight - both moving - sideswipe,0,0,N
8765,2,-122.2856856,47.55906498,10970,24445,24445,1786171,Matched,Block,,RAINIER AVE S BETWEEN S ANGELINE ST AND S EDMUNDS ST,,,2,Injury Collision,Rear Ended,2,0,0,2,2004/09/12 00:00:00+00,9/12/2004 10:24:00 AM,Mid-Block (not related to intersection),14,"MOTOR VEHICLE STRUCK MOTOR VEHICLE, REAR END",,0,Clear,Dry,Daylight,,4256018.0,,14,From same direction - both going straight - one stopped - rear-end,0,0,N
8766,1,-122.37747920000001,47.56017249,10971,24363,24363,1798489,Matched,Block,,36TH AVE SW BETWEEN SW ALASKA ST AND SW EDMUNDS ST,,,1,Property Damage Only Collision,Parked Car,2,0,0,2,2004/09/01 00:00:00+00,9/1/2004,Driveway Junction,13,"MOTOR VEHICLE STRUCK MOTOR VEHICLE, LEFT SIDE AT ANGLE",,0,Overcast,Dry,Daylight,,4245025.0,,32,One parked--one moving,0,0,N
8767,1,-122.3207895,47.61465412,10973,23276,23276,1773020,Matched,Block,,BROADWAY BETWEEN E PIKE ST AND E PINE ST,,,1,Property Damage Only Collision,Parked Car,2,0,0,2,2004/07/01 00:00:00+00,7/1/2004,Mid-Block (not related to intersection),13,"MOTOR VEHICLE STRUCK MOTOR VEHICLE, LEFT SIDE AT ANGLE",,0,Clear,Dry,Daylight,,4183020.0,,32,One parked--one moving,0,0,N
8768,1,-122.34326229999999,47.61145276,10974,24116,24116,1069377,Matched,Block,,1ST AVE BETWEEN VIRGINIA ST AND LENORA ST,,,1,Property Damage Only Collision,Rear Ended,3,0,0,2,2004/11/05 00:00:00+00,11/5/2004,Mid-Block (but intersection related),14,"MOTOR VEHICLE STRUCK MOTOR VEHICLE, REAR END",,0,Clear,Dry,Dark - Street Lights On,,4310011.0,,14,From same direction - both going straight - one stopped - rear-end,0,0,N
8769,1,-122.29020290000001,47.66941629,10976,24498,24498,1775917,Matched,Block,,35TH AVE NE BETWEEN NE 55TH ST AND NE 57TH ST,,,1,Property Damage Only Collision,Parked Car,2,0,0,2,2004/02/23 00:00:00+00,2/23/2004 2:48:00 PM,Mid-Block (not related to intersection),13,"MOTOR VEHICLE STRUCK MOTOR VEHICLE, LEFT SIDE AT ANGLE",Y,0,Unknown,Unknown,Unknown,,4054004.0,,32,One parked--one moving,0,0,N
8770,2,-122.3107835,47.58297226,10977,24560,24560,1772835,Matched,Intersection,31573.0,17TH AVE S AND S COLLEGE ST,,,2,Injury Collision,Angles,3,0,0,2,2004/05/29 00:00:00+00,5/29/2004 3:00:00 AM,At Intersection (intersection related),11,"MOTOR VEHICLE STRUCK MOTOR VEHICLE, FRONT END AT ANGLE",,0,Overcast,Dry,Dark - Street Lights On,,4150038.0,,10,Entering at angle,0,0,N