,SEVERITYCODE,X,Y,OBJECTID,INCKEY,COLDETKEY,REPORTNO,STATUS,ADDRTYPE,INTKEY,LOCATION,EXCEPTRSNCODE,EXCEPTRSNDESC,SEVERITYCODE.1,SEVERITYDESC,COLLISIONTYPE,PERSONCOUNT,PEDCOUNT,PEDCYLCOUNT,VEHCOUNT,INCDATE,INCDTTM,JUNCTIONTYPE,SDOT_COLCODE,SDOT_COLDESC,INATTENTIONIND,UNDERINFL,WEATHER,ROADCOND,LIGHTCOND,PEDROWNOTGRNT,SDOTCOLNUM,SPEEDING,ST_COLCODE,ST_COLDESC,SEGLANEKEY,CROSSWALKKEY,HITPARKEDCAR
8771,1,-122.3550183,47.64688694,10978,23545,23545,1783687,Matched,Block,,FLORENTIA ST BETWEEN 1ST AVE N AND WARREN AVE N,,,1,Property Damage Only Collision,Parked Car,2,0,0,2,2004/11/25 00:00:00+00,11/25/2004 11:15:00 PM,Mid-Block (not related to intersection),13,"MOTOR VEHICLE STRUCK MOTOR VEHICLE, LEFT SIDE AT ANGLE",,1,Unknown,Unknown,Dark - Street Lights On,,4330001.0,,32,One parked--one moving,0,0,N
8772,1,-122.33542109999999,47.60799555,10979,24461,24461,1783178,Matched,Block,,UNIVERSITY ST BETWEEN 3RD AVE AND 4TH AVE,,,1,Property Damage Only Collision,Parked Car,2,0,0,2,2004/06/16 00:00:00+00,6/16/2004 7:36:00 PM,Mid-Block (not related to intersection),11,"MOTOR VEHICLE STRUCK MOTOR VEHICLE, FRONT END AT ANGLE",Y,0,Clear,Dry,Daylight,,4168014.0,,20,One car leaving parked position,0,0,N
8773,1,-122.3645264,47.52468361,10980,23799,23799,1781620,Matched,Intersection,34864.0,25TH AVE SW AND SW TRENTON ST,,,1,Property Damage Only Collision,Left Turn,2,0,0,2,2004/10/18 00:00:00+00,10/18/2004 11:14:00 AM,At Intersection (intersection related),11,"MOTOR VEHICLE STRUCK MOTOR VEHICLE, FRONT END AT ANGLE",,0,Clear,Dry,Daylight,,4292020.0,,28,From opposite direction - one left turn - one straight,0,0,N
8774,1,-122.353968,47.52285981,10982,25166,25166,1781437,Matched,Intersection,35034.0,15TH AVE SW AND SW HENDERSON ST,,,1,Property Damage Only Collision,Angles,2,0,0,2,2004/07/28 00:00:00+00,7/28/2004 10:46:00 PM,At Intersection (intersection related),11,"MOTOR VEHICLE STRUCK MOTOR VEHICLE, FRONT END AT ANGLE",,0,Clear,Dry,Dark - Street Lights On,,4210027.0,,10,Entering at angle,0,0,N
8775,1,-122.35260009999999,47.68694053,10983,23711,23711,1781886,Matched,Intersection,24283.0,DAYTON AVE N AND N 80TH ST,,,1,Property Damage Only Collision,Angles,3,0,0,3,2004/10/12 00:00:00+00,10/12/2004 3:30:00 PM,At Intersection (intersection related),11,"MOTOR VEHICLE STRUCK MOTOR VEHICLE, FRONT END AT ANGLE",,0,Clear,Dry,Daylight,,4286021.0,,10,Entering at angle,0,0,N
8776,2,-122.3573611,47.61860942,10986,23271,23271,1482412,Matched,Intersection,28666.0,WESTERN AVE W AND W DENNY WAY,,,2,Injury Collision,Sideswipe,2,0,0,2,2004/07/24 00:00:00+00,7/24/2004 1:12:00 AM,At Intersection (intersection related),16,"MOTOR VEHICLE STRUCK MOTOR VEHICLE, LEFT SIDE SIDESWIPE",,1,Clear,Dry,Dark - Street Lights On,,4206037.0,,81,Same direction -- both turning left -- both moving -- sideswipe,0,0,N
8777,2,-122.3024996,47.6202073,10988,23888,23888,1216752,Matched,Intersection,29380.0,23RD AVE E AND E JOHN ST,,,2,Injury Collision,Angles,6,0,0,4,2004/06/25 00:00:00+00,6/25/2004 2:55:00 PM,At Intersection (intersection related),11,"MOTOR VEHICLE STRUCK MOTOR VEHICLE, FRONT END AT ANGLE",,0,Clear,Dry,Daylight,,4177025.0,,10,Entering at angle,0,0,N
8778,1,-122.32345690000001,47.61917227,10990,24017,24017,1198360,Matched,Block,,BOYLSTON AVE E BETWEEN E DENNY WAY AND E OLIVE W WAY,,,1,Property Damage Only Collision,Other,2,0,0,2,2004/11/10 00:00:00+00,11/10/2004 2:50:00 AM,Driveway Junction,11,"MOTOR VEHICLE STRUCK MOTOR VEHICLE, FRONT END AT ANGLE",Y,0,Clear,Dry,Dark - Street Lights On,,4315020.0,,22,One car leaving driveway access,0,0,N
8779,2,-122.33804769999999,47.61170568,10991,24203,24203,1777994,Matched,Block,,4TH AVE BETWEEN PINE ST AND OLIVE WAY,,,2,Injury Collision,Rear Ended,4,0,0,2,2004/08/28 00:00:00+00,8/28/2004 2:22:00 PM,Mid-Block (but intersection related),14,"MOTOR VEHICLE STRUCK MOTOR VEHICLE, REAR END",Y,0,Clear,Dry,Daylight,,4241019.0,,13,From same direction - both going straight - both moving - rear-end,0,0,N
8780,1,-122.30546670000001,47.69756886,10992,23794,23794,1779910,Matched,Intersection,37733.0,LAKE CITY WAY NE AND NE 95TH ST,,,1,Property Damage Only Collision,Angles,2,0,0,2,2004/02/16 00:00:00+00,2/16/2004 2:26:00 PM,At Intersection (intersection related),11,"MOTOR VEHICLE STRUCK MOTOR VEHICLE, FRONT END AT ANGLE",,0,Raining,Wet,Daylight,,4047009.0,,10,Entering at angle,0,0,N
8781,1,-122.3310587,47.61850521,10993,24379,24379,1068137,Matched,Block,,DENNY WAY BETWEEN YALE AVE AND STEWART ST,,,1,Property Damage Only Collision,Rear Ended,2,0,0,2,2004/04/29 00:00:00+00,4/29/2004 1:00:00 AM,Mid-Block (but intersection related),14,"MOTOR VEHICLE STRUCK MOTOR VEHICLE, REAR END",,0,Clear,Dry,Dark - Street Lights On,,4120004.0,,14,From same direction - both going straight - one stopped - rear-end,0,0,N
8782,1,-122.2917679,47.62015578,10994,25012,25012,1074703,Matched,Block,,E JOHN ST BETWEEN 31ST AVE E AND 32ND AVE E,,,1,Property Damage Only Collision,Parked Car,2,0,0,2,2004/02/28 00:00:00+00,2/28/2004 3:30:00 AM,Mid-Block (not related to intersection),16,"MOTOR VEHICLE STRUCK MOTOR VEHICLE, LEFT SIDE SIDESWIPE",,0,Overcast,Unknown,Dark - No Street Lights,,4059009.0,,32,One parked--one moving,0,0,N
8783,1,-122.28484440000001,47.52056338,10996,23705,23705,1793652,Matched,Block,,38TH AVE S BETWEEN S BARTON ST AND S BENEFIT ST,,,1,Property Damage Only Collision,Parked Car,2,0,0,2,2004/07/03 00:00:00+00,7/3/2004,Driveway Junction,12,"MOTOR VEHICLE STRUCK MOTOR VEHICLE, RIGHT SIDE AT ANGLE",,0,Clear,Dry,Daylight,,4185015.0,,32,One parked--one moving,0,0,N
8784,1,-122.32331409999998,47.60566029,10997,24505,24505,1772548,Matched,Block,,TERRY AVE BETWEEN JEFFERSON ST AND JAMES ST,,,1,Property Damage Only Collision,Parked Car,4,0,0,4,2004/06/23 00:00:00+00,6/23/2004 1:05:00 AM,Mid-Block (not related to intersection),14,"MOTOR VEHICLE STRUCK MOTOR VEHICLE, REAR END",,0,Clear,Dry,Dark - Street Lights On,,4175001.0,,32,One parked--one moving,0,0,N
8785,1,-122.33910530000001,47.60782816,10998,24422,24422,1214089,Matched,Intersection,29599.0,1ST AVE AND UNION ST,,,1,Property Damage Only Collision,Angles,4,0,0,2,2004/07/05 00:00:00+00,7/5/2004,At Intersection (intersection related),11,"MOTOR VEHICLE STRUCK MOTOR VEHICLE, FRONT END AT ANGLE",,0,Clear,Dry,Daylight,,4187024.0,,10,Entering at angle,0,0,N
8786,2,-122.3135196,47.60168756,10999,24313,24313,1789736,Matched,Block,,E YESLER WAY BETWEEN 14TH AVE AND 15TH AVE,,,2,Injury Collision,Rear Ended,3,0,0,2,2004/01/17 00:00:00+00,1/17/2004 2:25:00 PM,Mid-Block (not related to intersection),14,"MOTOR VEHICLE STRUCK MOTOR VEHICLE, REAR END",,0,Overcast,Dry,Daylight,,4017022.0,,14,From same direction - both going straight - one stopped - rear-end,0,0,N
8787,2,-122.29649750000002,47.71714114,11000,23816,23816,1794836,Matched,Block,,LAKE CITY WAY NE BETWEEN 30TH S AVE NE AND NE 123RD ST,,,2,Injury Collision,Rear Ended,2,0,0,2,2004/11/03 00:00:00+00,11/3/2004,Mid-Block (not related to intersection),14,"MOTOR VEHICLE STRUCK MOTOR VEHICLE, REAR END",Y,0,Clear,Dry,Dark - Street Lights On,,4308012.0,,14,From same direction - both going straight - one stopped - rear-end,0,0,N
8788,1,-122.3258287,47.73407122,11002,23736,23736,1804250,Matched,Block,,NE 145TH ST BETWEEN 4TH AVE NE AND 145TH ST ON RP,,,1,Property Damage Only Collision,Rear Ended,4,0,0,2,2004/11/20 00:00:00+00,11/20/2004 11:27:00 PM,Mid-Block (but intersection related),14,"MOTOR VEHICLE STRUCK MOTOR VEHICLE, REAR END",,0,Clear,Dry,Dark - Street Lights On,,4325040.0,Y,14,From same direction - both going straight - one stopped - rear-end,0,0,N
8789,1,-122.33963519999999,47.54022003,11003,24593,24593,1781394,Matched,Block,,HIGHLAND PARK WAY SW BETWEEN 2ND AVE SW AND WEST MARGINAL WAY SW,,,1,Property Damage Only Collision,Sideswipe,2,0,0,2,2004/09/16 00:00:00+00,9/16/2004 8:41:00 AM,Mid-Block (not related to intersection),11,"MOTOR VEHICLE STRUCK MOTOR VEHICLE, FRONT END AT ANGLE",,0,Clear,Dry,Daylight,,4260044.0,,11,From same direction - both going straight - both moving - sideswipe,0,0,N
8790,2,-122.28110259999998,47.5366282,11004,23925,23925,1771384,Matched,Block,,M L KING JR WR WAY S BETWEEN S OTHELLO ST AND S HOLLY PARK DR,,,2,Injury Collision,Sideswipe,2,0,0,2,2004/03/25 00:00:00+00,3/25/2004 3:21:00 PM,Mid-Block (not related to intersection),16,"MOTOR VEHICLE STRUCK MOTOR VEHICLE, LEFT SIDE SIDESWIPE",,0,Raining,Wet,Daylight,,4085028.0,,11,From same direction - both going straight - both moving - sideswipe,0,0,N
8791,2,-122.360942,47.72779563,11005,24664,24664,1079864,Matched,Block,,3RD AVE NW BETWEEN NW 135TH PL AND NW 136TH ST,,,2,Injury Collision,Rear Ended,5,0,0,3,2004/10/03 00:00:00+00,10/3/2004,Mid-Block (but intersection related),14,"MOTOR VEHICLE STRUCK MOTOR VEHICLE, REAR END",,0,Clear,Dry,Daylight,,4277028.0,,14,From same direction - both going straight - one stopped - rear-end,0,0,N
8792,1,-122.32833290000002,47.68685007,11006,24865,24865,1775590,Matched,Intersection,24536.0,1ST AVE NE AND NE 80TH ST,,,1,Property Damage Only Collision,Angles,4,0,0,2,2004/02/01 00:00:00+00,2/1/2004,At Intersection (intersection related),11,"MOTOR VEHICLE STRUCK MOTOR VEHICLE, FRONT END AT ANGLE",,0,Overcast,Wet,Daylight,,4032016.0,,10,Entering at angle,0,0,N
8793,1,-122.31604479999999,47.56349889,11009,24221,24221,C649451,Matched,Intersection,32308.0,13TH AVE S AND S OREGON ST,,,1,Property Damage Only Collision,Angles,2,0,0,2,2004/11/02 00:00:00+00,11/2/2004,At Intersection (intersection related),11,"MOTOR VEHICLE STRUCK MOTOR VEHICLE, FRONT END AT ANGLE",,0,Raining,Wet,Daylight,,4307054.0,,10,Entering at angle,0,0,N
8794,1,-122.3250713,47.59499594,11010,24495,24495,1216960,Matched,Intersection,30546.0,MAYNARD AVE S AND S CHARLES ST,,,1,Property Damage Only Collision,Left Turn,2,0,0,2,2004/07/20 00:00:00+00,7/20/2004 2:05:00 PM,At Intersection (intersection related),11,"MOTOR VEHICLE STRUCK MOTOR VEHICLE, FRONT END AT ANGLE",,0,Clear,Dry,Daylight,,4202009.0,Y,15,From same direction - one left turn - one straight,0,0,N
8795,1,-122.31188429999999,47.66899161,11011,24563,24563,1080328,Matched,Block,,15TH AVE NE BETWEEN NE 55TH ST AND NE 56TH ST,,,1,Property Damage Only Collision,Parked Car,2,0,0,2,2004/06/19 00:00:00+00,6/19/2004 1:00:00 PM,Mid-Block (not related to intersection),13,"MOTOR VEHICLE STRUCK MOTOR VEHICLE, LEFT SIDE AT ANGLE",,0,Clear,Dry,Daylight,,4171017.0,,32,One parked--one moving,0,0,N
8796,1,-122.3391848,47.62559448,11013,24462,24462,1482305,Matched,Block,,ROY ST BETWEEN 9TH AVE N AND VALLEY ST,,,1,Property Damage Only Collision,Sideswipe,2,0,0,2,2004/02/26 00:00:00+00,2/26/2004 9:00:00 AM,Mid-Block (but intersection related),11,"MOTOR VEHICLE STRUCK MOTOR VEHICLE, FRONT END AT ANGLE",,0,Overcast,Wet,Daylight,,4057014.0,,11,From same direction - both going straight - both moving - sideswipe,0,0,N
8797,1,-122.28899569999999,47.56704703,11014,24092,24092,1779266,Matched,Block,,RAINIER AVE S BETWEEN S ANDOVER ST AND S DAKOTA ST,,,1,Property Damage Only Collision,Rear Ended,2,0,0,2,2004/05/25 00:00:00+00,5/25/2004 8:55:00 PM,Mid-Block (but intersection related),14,"MOTOR VEHICLE STRUCK MOTOR VEHICLE, REAR END",,0,Raining,Wet,Dark - Street Lights On,,4146043.0,,14,From same direction - both going straight - one stopped - rear-end,0,0,N
8798,2,-122.37489950000001,47.66866614,11015,24385,24385,1793757,Matched,Block,,NW MARKET ST BETWEEN 14TH AVE NW AND 15TH AVE NW,,,2,Injury Collision,Rear Ended,2,0,0,2,2004/09/01 00:00:00+00,9/1/2004,Mid-Block (not related to intersection),14,"MOTOR VEHICLE STRUCK MOTOR VEHICLE, REAR END",Y,0,Overcast,Wet,Daylight,,4245027.0,,14,From same direction - both going straight - one stopped - rear-end,0,0,N
8799,2,-122.26393390000001,47.51997549,11016,25171,25171,1779636,Matched,Block,,RAINIER AVE S BETWEEN 54TH AVE S AND SEWARD PARK AVE S,,,2,Injury Collision,Pedestrian,2,1,0,1,2004/08/13 00:00:00+00,8/13/2004 12:30:00 PM,Mid-Block (not related to intersection),24,MOTOR VEHCILE STRUCK PEDESTRIAN,,0,Clear,Dry,Daylight,Y,4226008.0,,0,Vehicle going straight hits pedestrian,0,0,N
8800,1,-122.3065023,47.66563879,11017,23722,23722,1782336,Matched,Block,,20TH AVE NE BETWEEN NE 50TH ST AND NE 52ND ST,,,1,Property Damage Only Collision,Parked Car,2,0,0,2,2004/10/02 00:00:00+00,10/2/2004,Driveway Junction,13,"MOTOR VEHICLE STRUCK MOTOR VEHICLE, LEFT SIDE AT ANGLE",,0,Clear,Dry,Dark - Street Lights On,,4276022.0,,32,One parked--one moving,0,0,N
8801,1,-122.3010264,47.62817111,11018,24287,24287,1328063,Matched,Block,,E HELEN ST BETWEEN 24TH AVE E AND 25TH AVE E,,,1,Property Damage Only Collision,Parked Car,2,0,0,2,2004/02/14 00:00:00+00,2/14/2004 7:15:00 AM,Mid-Block (not related to intersection),11,"MOTOR VEHICLE STRUCK MOTOR VEHICLE, FRONT END AT ANGLE",,0,Raining,Wet,Dark - Street Lights On,,4045027.0,,32,One parked--one moving,0,0,N
8802,2,-122.3327182,47.61694494,11019,24510,24510,1210743,Matched,Intersection,29851.0,BOREN AVE AND STEWART ST,,,2,Injury Collision,Angles,2,0,0,2,2004/11/29 00:00:00+00,11/29/2004 7:43:00 PM,At Intersection (intersection related),11,"MOTOR VEHICLE STRUCK MOTOR VEHICLE, FRONT END AT ANGLE",,0,Raining,Wet,Dark - Street Lights On,,4334030.0,,10,Entering at angle,0,0,N
8803,2,-122.3422564,47.65918323,11021,23564,23564,1212070,Matched,Intersection,26815.0,STONE WAY N AND N 43RD ST,,,2,Injury Collision,Angles,2,0,0,2,2004/09/14 00:00:00+00,9/14/2004 12:15:00 PM,At Intersection (intersection related),11,"MOTOR VEHICLE STRUCK MOTOR VEHICLE, FRONT END AT ANGLE",,0,Clear,Dry,Daylight,,4258020.0,Y,10,Entering at angle,0,0,N
8804,1,-122.28992290000001,47.56888238,11022,23961,23961,1188113,Matched,Block,,RAINIER AVE S BETWEEN S CHARLESTOWN ST AND S ANDOVER ST,,,1,Property Damage Only Collision,Other,2,0,0,2,2004/01/05 00:00:00+00,1/5/2004,Driveway Junction,0,NOT ENOUGH INFORMATION / NOT APPLICABLE,,0,Clear,Dry,Dark - Street Lights On,,4005014.0,,22,One car leaving driveway access,0,0,N
8805,2,-122.2846295,47.55704112,11023,24034,24034,1793053,Matched,Intersection,33579.0,RAINIER AVE S AND S HUDSON ST,,,2,Injury Collision,Left Turn,2,0,0,2,2004/07/03 00:00:00+00,7/3/2004,At Intersection (intersection related),11,"MOTOR VEHICLE STRUCK MOTOR VEHICLE, FRONT END AT ANGLE",,0,Clear,Dry,Daylight,,4185007.0,,28,From opposite direction - one left turn - one straight,0,0,N
8806,1,-122.2710831,47.66996484,11024,24331,24331,C649615,Matched,Intersection,26122.0,SAND POINT WAY NE AND NE WINDERMERE RD,,,1,Property Damage Only Collision,Angles,2,0,0,2,2004/11/08 00:00:00+00,11/8/2004,At Intersection (intersection related),11,"MOTOR VEHICLE STRUCK MOTOR VEHICLE, FRONT END AT ANGLE",,0,Overcast,Wet,Dark - Street Lights On,,4313033.0,,10,Entering at angle,0,0,N
8807,2,-122.3796185,47.66867212,11025,24265,24265,1773934,Matched,Block,,NW MARKET ST BETWEEN 17TH AVE NW AND BARNES AVE NW,,,2,Injury Collision,Rear Ended,4,0,0,2,2004/03/06 00:00:00+00,3/6/2004,Mid-Block (but intersection related),14,"MOTOR VEHICLE STRUCK MOTOR VEHICLE, REAR END",,1,Clear,Dry,Dark - Street Lights On,,4066006.0,,13,From same direction - both going straight - both moving - rear-end,0,0,N
8808,1,-122.3046668,47.68304716,11026,23395,23395,1773776,Matched,Block,,NE 75TH ST BETWEEN 21ST AVE NE AND RAVENNA AVE NE,,,1,Property Damage Only Collision,Rear Ended,3,0,0,3,2004/03/10 00:00:00+00,3/10/2004 5:00:00 PM,Mid-Block (but intersection related),14,"MOTOR VEHICLE STRUCK MOTOR VEHICLE, REAR END",,0,Clear,Dry,Daylight,,4070025.0,,14,From same direction - both going straight - one stopped - rear-end,0,0,N
8809,1,-122.30599380000001,47.67577805,11028,24214,24214,1226523,Matched,Block,,NE 65TH ST BETWEEN 20TH AVE NE AND 21ST W AVE NE,,,1,Property Damage Only Collision,Rear Ended,2,0,0,2,2004/06/07 00:00:00+00,6/7/2004,Mid-Block (but intersection related),14,"MOTOR VEHICLE STRUCK MOTOR VEHICLE, REAR END",Y,0,Clear,Dry,Daylight,,4159008.0,,13,From same direction - both going straight - both moving - rear-end,0,0,N
8810,1,,,11030,25019,25019,1798970,Matched,Alley,,,,,1,Property Damage Only Collision,Parked Car,2,0,0,2,2004/09/14 00:00:00+00,9/14/2004 3:14:00 PM,,0,NOT ENOUGH INFORMATION / NOT APPLICABLE,,1,Clear,Dry,Daylight,,4258031.0,,32,One parked--one moving,0,0,N
8811,2,-122.3396675,47.57132832,11031,24143,24143,1776282,Matched,Intersection,32162.0,EAST MARGINAL WAY S AND S SPOKANE SR ST,,,2,Injury Collision,Right Turn,2,0,0,2,2004/06/03 00:00:00+00,6/3/2004,At Intersection (intersection related),16,"MOTOR VEHICLE STRUCK MOTOR VEHICLE, LEFT SIDE SIDESWIPE",Y,0,Clear,Dry,Daylight,,4155022.0,,16,From same direction - one right turn - one straight,0,0,N
8812,1,-122.35805259999998,47.61977934,11032,24718,24718,1186608,Matched,Intersection,28662.0,1ST AVE W AND W JOHN ST,,,1,Property Damage Only Collision,Angles,2,0,0,2,2004/01/16 00:00:00+00,1/16/2004 11:48:00 PM,At Intersection (intersection related),11,"MOTOR VEHICLE STRUCK MOTOR VEHICLE, FRONT END AT ANGLE",,0,Clear,Dry,Dark - Street Lights On,,4016010.0,,10,Entering at angle,0,0,N
8813,2,-122.35395190000001,47.68983661,11033,23122,23122,1782375,Matched,Block,,N 84TH ST BETWEEN GREENWOOD AVE N AND DAYTON AVE N,,,2,Injury Collision,Parked Car,2,0,0,2,2004/07/27 00:00:00+00,7/27/2004 10:18:00 AM,Mid-Block (not related to intersection),14,"MOTOR VEHICLE STRUCK MOTOR VEHICLE, REAR END",,1,Clear,Dry,Daylight,,4209028.0,,32,One parked--one moving,0,0,N
8814,1,-122.34239679999999,47.61913489,11034,24626,24626,1213720,Matched,Block,,DEXTER AVE N BETWEEN DENNY WAY AND JOHN ST,,,1,Property Damage Only Collision,Rear Ended,6,0,0,2,2004/07/30 00:00:00+00,7/30/2004 4:30:00 PM,Mid-Block (not related to intersection),14,"MOTOR VEHICLE STRUCK MOTOR VEHICLE, REAR END",Y,0,Clear,Dry,Daylight,,4212017.0,,14,From same direction - both going straight - one stopped - rear-end,0,0,N
8815,1,-122.3806733,47.52838034,11035,23748,23748,1790270,Matched,Block,,SW THISTLE ST BETWEEN 37TH AVE SW AND 39TH AVE SW,,,1,Property Damage Only Collision,Parked Car,2,0,0,2,2004/08/18 00:00:00+00,8/18/2004 7:25:00 AM,Mid-Block (not related to intersection),16,"MOTOR VEHICLE STRUCK MOTOR VEHICLE, LEFT SIDE SIDESWIPE",Y,1,Clear,Dry,Daylight,,4231027.0,,32,One parked--one moving,0,0,N
8816,1,-122.31164229999999,47.68788685,11036,24517,24517,1773456,Matched,Block,,LAKE CITY WAY NE BETWEEN 15TH AVE NE AND 16TH AVE NE,,,1,Property Damage Only Collision,Rear Ended,3,0,0,2,2004/03/14 00:00:00+00,3/14/2004 10:10:00 PM,Mid-Block (but intersection related),14,"MOTOR VEHICLE STRUCK MOTOR VEHICLE, REAR END",Y,0,Unknown,Unknown,Dark - Street Lights On,,4074001.0,,14,From same direction - both going straight - one stopped - rear-end,0,0,N
8817,2,-122.3823749,47.59131425,11037,24862,24862,1775190,Matched,Block,,HARBOR AVE SW BETWEEN SW MARYLAND PL AND CALIFORNIA WAY SW,,,2,Injury Collision,Cycles,3,0,1,2,2004/04/10 00:00:00+00,4/10/2004 1:49:00 PM,Mid-Block (not related to intersection),56,PEDALCYCLIST STRUCK MOTOR VEHICLE LEFT SIDE SIDESWIPE,,0,Clear,Dry,Daylight,,4101003.0,,45,Vehicle - Pedalcyclist,0,0,N
8818,2,-122.34002340000002,47.61129551,11038,23269,23269,1482355,Matched,Block,,STEWART ST BETWEEN 2ND AVE AND 3RD AVE,,,2,Injury Collision,Cycles,2,0,1,1,2004/03/11 00:00:00+00,3/11/2004 8:20:00 AM,Driveway Junction,18,"MOTOR VEHICLE STRUCK PEDALCYCLIST, FRONT END AT ANGLE",,0,Clear,Dry,Daylight,Y,4071005.0,,45,Vehicle - Pedalcyclist,0,0,N
8819,1,-122.34756809999999,47.62449513,11039,23960,23960,1182085,Matched,Intersection,28914.0,5TH AVE N AND MERCER ST,,,1,Property Damage Only Collision,Left Turn,6,0,0,2,2004/08/20 00:00:00+00,8/20/2004 11:37:00 PM,At Intersection (intersection related),11,"MOTOR VEHICLE STRUCK MOTOR VEHICLE, FRONT END AT ANGLE",,0,Clear,Dry,Dark - Street Lights On,,4233031.0,,15,From same direction - one left turn - one straight,0,0,N
8820,1,-122.356706,47.62501857,11040,24041,24041,1060127_1,Matched,Block,,QUEEN ANNE AVE N BETWEEN MERCER ST AND ROY ST,,,1,Property Damage Only Collision,Sideswipe,3,0,0,2,2004/12/22 00:00:00+00,12/22/2004 9:48:00 PM,Mid-Block (not related to intersection),16,"MOTOR VEHICLE STRUCK MOTOR VEHICLE, LEFT SIDE SIDESWIPE",,0,Clear,Dry,Dark - Street Lights On,,4357004.0,,12,From same direction - both going straight - one stopped - sideswipe,0,0,N
8821,2,-122.3848622,47.68682261,11041,24762,24762,1779987,Matched,Block,,NW 80TH ST BETWEEN 22ND AVE NW AND 23RD AVE NW,,,2,Injury Collision,Parked Car,2,0,0,2,2004/04/04 00:00:00+00,4/4/2004,Mid-Block (not related to intersection),16,"MOTOR VEHICLE STRUCK MOTOR VEHICLE, LEFT SIDE SIDESWIPE",Y,0,Clear,Dry,Daylight,,4095009.0,,32,One parked--one moving,0,0,N
8822,2,-122.32569609999999,47.60910496,11042,24555,24555,1198251,Matched,Block,,MADISON ST BETWEEN TERRY AVE AND BOREN AVE,,,2,Injury Collision,Rear Ended,3,0,0,3,2004/10/27 00:00:00+00,10/27/2004 8:37:00 AM,Mid-Block (not related to intersection),14,"MOTOR VEHICLE STRUCK MOTOR VEHICLE, REAR END",,0,Clear,Dry,Daylight,,4301030.0,,13,From same direction - both going straight - both moving - rear-end,0,0,N
8823,1,-122.32184409999999,47.66132628,11043,23248,23248,1782917,Matched,Block,,NE 45TH ST BETWEEN 5TH AVE NE AND 7TH AVE NE,,,1,Property Damage Only Collision,Rear Ended,2,0,0,2,2004/04/30 00:00:00+00,4/30/2004 7:23:00 PM,Mid-Block (not related to intersection),14,"MOTOR VEHICLE STRUCK MOTOR VEHICLE, REAR END",,0,Clear,Dry,Daylight,,4121026.0,,14,From same direction - both going straight - one stopped - rear-end,0,0,N
8824,2,-122.3831991,47.66640927,11044,24606,24606,1220178,Matched,Intersection,25165.0,BALLARD AVE NW AND NW VERNON PL,,,2,Injury Collision,Angles,2,0,0,2,2004/08/24 00:00:00+00,8/24/2004 4:35:00 PM,At Intersection (intersection related),11,"MOTOR VEHICLE STRUCK MOTOR VEHICLE, FRONT END AT ANGLE",,0,Raining,Wet,Daylight,,4237005.0,,10,Entering at angle,0,0,N
8825,2,-122.37644499999999,47.54468257,11045,23780,23780,1781262,Matched,Intersection,34008.0,35TH AVE SW AND SW MORGAN ST,,,2,Injury Collision,Pedestrian,2,1,0,1,2004/06/05 00:00:00+00,6/5/2004,At Intersection (intersection related),24,MOTOR VEHCILE STRUCK PEDESTRIAN,,0,Raining,Wet,Daylight,Y,4157003.0,,1,Vehicle turning right hits pedestrian,0,0,N
8826,1,-122.3266713,47.56160437,11046,24078,24078,1788836,Matched,Block,,6TH AVE S BETWEEN S SNOQUALMIE ST AND S ALASKA ST,,,1,Property Damage Only Collision,Parked Car,2,0,0,2,2004/05/03 00:00:00+00,5/3/2004,Mid-Block (not related to intersection),14,"MOTOR VEHICLE STRUCK MOTOR VEHICLE, REAR END",,0,Clear,Dry,Daylight,,4124029.0,,32,One parked--one moving,0,0,N
8827,1,-122.3554527,47.70508354,11047,24677,24677,1780803,Matched,Intersection,36419.0,GREENWOOD AVE N AND HOLMAN RD N,,,1,Property Damage Only Collision,Left Turn,3,0,0,3,2004/03/26 00:00:00+00,3/26/2004 3:55:00 PM,At Intersection (intersection related),11,"MOTOR VEHICLE STRUCK MOTOR VEHICLE, FRONT END AT ANGLE",,0,Raining,Wet,Daylight,,4086038.0,,15,From same direction - one left turn - one straight,0,0,N
8828,1,-122.3307611,47.66137208,11048,24878,24878,1776021,Matched,Block,,N 45TH ST BETWEEN CORLISS AVE N AND SUNNYSIDE AVE N,,,1,Property Damage Only Collision,Rear Ended,2,0,0,2,2004/03/26 00:00:00+00,3/26/2004 10:42:00 AM,Mid-Block (not related to intersection),14,"MOTOR VEHICLE STRUCK MOTOR VEHICLE, REAR END",Y,0,Raining,Wet,Daylight,,4086044.0,,14,From same direction - both going straight - one stopped - rear-end,0,0,N
8829,1,-122.34596599999999,47.69871767,11049,23854,23854,1080005,Matched,Block,,N 96TH ST BETWEEN LINDEN AVE N AND AURORA N AVE N,,,1,Property Damage Only Collision,Parked Car,2,0,0,2,2004/07/16 00:00:00+00,7/16/2004 2:15:00 PM,Mid-Block (not related to intersection),15,"MOTOR VEHICLE STRUCK MOTOR VEHICLE, RIGHT SIDE SIDESWIPE",,0,Clear,Dry,Daylight,,4198025.0,,32,One parked--one moving,0,0,N
8830,1,-122.33594529999999,47.61533686,11050,24721,24721,C629897,Matched,Block,,8TH AVE BETWEEN STEWART ST AND VIRGINIA ST,,,1,Property Damage Only Collision,Other,2,0,0,2,2004/03/19 00:00:00+00,3/19/2004 1:45:00 PM,Mid-Block (not related to intersection),11,"MOTOR VEHICLE STRUCK MOTOR VEHICLE, FRONT END AT ANGLE",,0,Clear,Dry,Dusk,,4079051.0,,21,One car entering driveway access,0,0,N