,SEVERITYCODE,X,Y,OBJECTID,INCKEY,COLDETKEY,REPORTNO,STATUS,ADDRTYPE,INTKEY,LOCATION,EXCEPTRSNCODE,EXCEPTRSNDESC,SEVERITYCODE.1,SEVERITYDESC,COLLISIONTYPE,PERSONCOUNT,PEDCOUNT,PEDCYLCOUNT,VEHCOUNT,INCDATE,INCDTTM,JUNCTIONTYPE,SDOT_COLCODE,SDOT_COLDESC,INATTENTIONIND,UNDERINFL,WEATHER,ROADCOND,LIGHTCOND,PEDROWNOTGRNT,SDOTCOLNUM,SPEEDING,ST_COLCODE,ST_COLDESC,SEGLANEKEY,CROSSWALKKEY,HITPARKEDCAR
8831,1,-122.38737990000001,47.52979348,11051,23409,23409,1781475,Matched,Block,,CALIFORNIA AVE SW BETWEEN SW SOUTHERN ST AND SW ROSE ST,,,1,Property Damage Only Collision,Parked Car,2,0,0,2,2004/03/12 00:00:00+00,3/12/2004 11:30:00 PM,Mid-Block (not related to intersection),13,"MOTOR VEHICLE STRUCK MOTOR VEHICLE, LEFT SIDE AT ANGLE",,0,Unknown,Unknown,Dark - Street Lights On,,4072023.0,,32,One parked--one moving,0,0,N
8832,1,-122.3734868,47.56755221,11052,24329,24329,1790412,Matched,Block,,WEST SEATTLE BR WB BETWEEN POINT A AND 35TH AVE SW,,,1,Property Damage Only Collision,Sideswipe,6,0,0,2,2004/07/14 00:00:00+00,7/14/2004 5:35:00 PM,Mid-Block (but intersection related),16,"MOTOR VEHICLE STRUCK MOTOR VEHICLE, LEFT SIDE SIDESWIPE",,0,Clear,Dry,Daylight,,4196045.0,,12,From same direction - both going straight - one stopped - sideswipe,0,0,N
8833,1,-122.32474930000001,47.6055547,11053,23885,23885,1790117,Matched,Intersection,29959.0,9TH AVE AND JAMES ST,,,1,Property Damage Only Collision,Angles,3,0,0,2,2004/04/02 00:00:00+00,4/2/2004,At Intersection (intersection related),11,"MOTOR VEHICLE STRUCK MOTOR VEHICLE, FRONT END AT ANGLE",,0,Clear,Dry,Dusk,,4093026.0,,10,Entering at angle,0,0,N
8834,1,-122.37658200000001,47.53830819,11054,24553,24553,1198004,Matched,Block,,35TH AVE SW BETWEEN SW MYRTLE ST AND SW OTHELLO ST,,,1,Property Damage Only Collision,Parked Car,2,0,0,2,2004/11/24 00:00:00+00,11/24/2004 5:02:00 PM,Mid-Block (not related to intersection),14,"MOTOR VEHICLE STRUCK MOTOR VEHICLE, REAR END",Y,0,Raining,Wet,Dark - Street Lights On,,4329044.0,,32,One parked--one moving,0,0,N
8835,1,-122.37631999999999,47.66402721,11055,23882,23882,1781047,Matched,Block,,15TH SB AVE NW BETWEEN NW LEARY WAY AND NW 49TH ST,,,1,Property Damage Only Collision,Sideswipe,2,0,0,2,2004/07/26 00:00:00+00,7/26/2004 5:50:00 PM,Mid-Block (but intersection related),11,"MOTOR VEHICLE STRUCK MOTOR VEHICLE, FRONT END AT ANGLE",,0,Clear,Dry,Daylight,,4208020.0,,11,From same direction - both going straight - both moving - sideswipe,0,0,N
8836,1,-122.28868020000002,47.56589896,11056,24736,24736,1773116,Matched,Block,,RAINIER AVE S BETWEEN S DAKOTA ST AND S ADAMS ST,,,1,Property Damage Only Collision,Rear Ended,2,0,0,2,2004/12/29 00:00:00+00,12/29/2004 11:25:00 AM,Mid-Block (but intersection related),14,"MOTOR VEHICLE STRUCK MOTOR VEHICLE, REAR END",,0,Raining,Wet,Daylight,,4364028.0,,14,From same direction - both going straight - one stopped - rear-end,0,0,N
8837,1,-122.34130970000001,47.60912427,11057,24202,24202,1214021,Matched,Block,,PIKE PL BETWEEN POST AL AND PINE ST,,,1,Property Damage Only Collision,Other,2,0,0,2,2004/08/19 00:00:00+00,8/19/2004 7:00:00 PM,Mid-Block (not related to intersection),11,"MOTOR VEHICLE STRUCK MOTOR VEHICLE, FRONT END AT ANGLE",,0,Clear,Dry,Daylight,,4232007.0,,23,From same direction - all others,0,0,N
8838,1,-122.3061903,47.59554955,11058,23791,23791,1074640,Matched,Block,,20TH AVE S BETWEEN S DEARBORN ST AND S NYE PL,,,1,Property Damage Only Collision,Parked Car,2,0,0,2,2004/05/19 00:00:00+00,5/19/2004 10:07:00 PM,Mid-Block (not related to intersection),14,"MOTOR VEHICLE STRUCK MOTOR VEHICLE, REAR END",Y,0,Clear,Dry,Dark - Street Lights On,,4140020.0,,32,One parked--one moving,0,0,N
8839,1,-122.33968429999999,47.57055499,11060,25298,25298,1795558,Matched,Block,,EAST MARGINAL WAY S BETWEEN S SPOKANE SR ST AND EAST MARGINAL NB WAY S,,,1,Property Damage Only Collision,Other,1,0,0,1,2004/11/24 00:00:00+00,11/24/2004 4:18:00 PM,Mid-Block (not related to intersection),25,MOTOR VEHICLE STRUCK TRAIN,Y,0,Raining,Wet,Dark - Street Lights On,,4329002.0,,40,Railway Vehicle Strikes Vehicle,0,0,N
8840,2,-122.29379899999999,47.56130281,11062,23841,23841,1784452,Matched,Block,,M L KING JR WR WAY S BETWEEN S SNOQUALMIE ST AND S ALASKA ST,,,2,Injury Collision,Rear Ended,2,0,0,2,2004/09/16 00:00:00+00,9/16/2004 5:16:00 PM,Mid-Block (but intersection related),14,"MOTOR VEHICLE STRUCK MOTOR VEHICLE, REAR END",Y,0,Raining,Wet,Daylight,,4260019.0,,14,From same direction - both going straight - one stopped - rear-end,0,0,N
8841,2,-122.3475176,47.66207518,11063,24499,24499,1775925,Matched,Intersection,25695.0,PHINNEY TURN RD AND N 46TH ST,,,2,Injury Collision,Left Turn,4,0,0,2,2004/06/29 00:00:00+00,6/29/2004 3:23:00 PM,At Intersection (intersection related),11,"MOTOR VEHICLE STRUCK MOTOR VEHICLE, FRONT END AT ANGLE",,0,Clear,Dry,Daylight,,4181018.0,,28,From opposite direction - one left turn - one straight,0,0,N
8842,1,-122.35545970000001,47.7059898,11064,24992,24992,1780307,Matched,Block,,GREENWOOD AVE N BETWEEN HOLMAN RD N AND N 107TH ST,,,1,Property Damage Only Collision,Rear Ended,5,0,0,2,2004/11/05 00:00:00+00,11/5/2004,Mid-Block (but intersection related),14,"MOTOR VEHICLE STRUCK MOTOR VEHICLE, REAR END",,0,Clear,Dry,Daylight,,4310017.0,,14,From same direction - both going straight - one stopped - rear-end,0,0,N
8843,1,-122.32210220000002,47.61352655,11067,24681,24681,1789664,Matched,Block,,HARVARD AVE BETWEEN E UNION ST AND E PIKE ST,,,1,Property Damage Only Collision,Sideswipe,2,0,0,2,2004/01/31 00:00:00+00,1/31/2004 4:23:00 PM,Mid-Block (but intersection related),16,"MOTOR VEHICLE STRUCK MOTOR VEHICLE, LEFT SIDE SIDESWIPE",Y,0,Raining,Wet,Daylight,,4031019.0,,27,From opposite direction - both going straight - one stopped - sideswipe,0,0,N
8844,1,-122.2975068,47.5961278,11069,24455,24455,1772053,Matched,Block,,M L KING JR WAY S BETWEEN S LANE ST AND S DEARBORN ST,,,1,Property Damage Only Collision,Other,1,0,0,1,2004/03/21 00:00:00+00,3/21/2004 4:05:00 AM,Mid-Block (but intersection related),28,MOTOR VEHICLE RAN OFF ROAD - HIT FIXED OBJECT,,0,Clear,Dry,Dark - Street Lights On,,4081003.0,,50,Fixed object,0,0,N
8845,1,-122.3212581,47.61297213,11070,24060,24060,538772,Matched,Block,,E UNION ST BETWEEN SENECA ST AND BROADWAY,,,1,Property Damage Only Collision,Parked Car,0,0,0,2,2004/03/01 00:00:00+00,3/1/2004,Mid-Block (but intersection related),16,"MOTOR VEHICLE STRUCK MOTOR VEHICLE, LEFT SIDE SIDESWIPE",Y,0,Clear,Dry,Daylight,,4061019.0,,32,One parked--one moving,0,0,N
8846,1,-122.38514369999999,47.57124696,11071,24372,24372,1773846,Matched,Block,,SW MANNING ST BETWEEN 41ST AVE SW AND 42ND AVE SW,,,1,Property Damage Only Collision,Parked Car,2,0,0,2,2004/07/24 00:00:00+00,7/24/2004 7:30:00 AM,Mid-Block (not related to intersection),11,"MOTOR VEHICLE STRUCK MOTOR VEHICLE, FRONT END AT ANGLE",,0,Clear,Dry,Daylight,,4206030.0,,32,One parked--one moving,0,0,N
8847,1,-122.3131297,47.66126937,11072,24868,24868,1326848,Matched,Intersection,27062.0,UNIVERSITY WAY NE AND NE 45TH ST,,,1,Property Damage Only Collision,Angles,2,0,0,2,2004/11/19 00:00:00+00,11/19/2004 10:07:00 PM,At Intersection (intersection related),11,"MOTOR VEHICLE STRUCK MOTOR VEHICLE, FRONT END AT ANGLE",,0,Clear,Dry,Dark - Street Lights On,,4324026.0,,10,Entering at angle,0,0,N
8848,2,-122.3128956,47.58003338,11073,23140,23140,1793382,Matched,Block,,BEACON AVE S BETWEEN 15TH AVE S AND S LANDER ST,,,2,Injury Collision,Rear Ended,4,0,0,2,2004/10/19 00:00:00+00,10/19/2004 1:15:00 PM,Mid-Block (but intersection related),14,"MOTOR VEHICLE STRUCK MOTOR VEHICLE, REAR END",,0,Overcast,Wet,Daylight,,4293031.0,,14,From same direction - both going straight - one stopped - rear-end,0,0,N
8849,1,-122.2804747,47.5353175,11075,24036,24036,1793163,Matched,Block,,RENTON AVE S BETWEEN M L KING JR ER S WAY S AND S WEBSTER W ST,,,1,Property Damage Only Collision,Rear Ended,3,0,0,2,2004/07/20 00:00:00+00,7/20/2004 5:41:00 PM,Mid-Block (but intersection related),14,"MOTOR VEHICLE STRUCK MOTOR VEHICLE, REAR END",Y,0,Clear,Dry,Daylight,,4202014.0,,14,From same direction - both going straight - one stopped - rear-end,0,0,N
8850,2,-122.3959456,47.54029282,11076,24346,24346,1789117,Matched,Block,,LINCOLN PARK WAY SW BETWEEN 48TH AVE SW AND MURRAY AVE SW,,,2,Injury Collision,Parked Car,4,0,0,3,2004/06/06 00:00:00+00,6/6/2004,Mid-Block (not related to intersection),31,DRIVERLESS VEHICLE STRUCK MOTOR VEHICLE FRONT END AT ANGLE,,0,Clear,Dry,Daylight,,4158016.0,,20,One car leaving parked position,0,0,N
8851,2,-122.2830483,47.54068414,11077,24567,24567,1771361,Matched,Intersection,34538.0,M L KING JR WR WAY S AND S WILLOW ST,,,2,Injury Collision,Left Turn,5,0,0,2,2004/02/12 00:00:00+00,2/12/2004 1:46:00 PM,At Intersection (intersection related),11,"MOTOR VEHICLE STRUCK MOTOR VEHICLE, FRONT END AT ANGLE",,0,Clear,Dry,Daylight,,4043009.0,Y,28,From opposite direction - one left turn - one straight,0,0,N
8852,1,-122.33943909999998,47.56132285,11079,24457,24457,1781761,Matched,Block,,EAST MARGINAL WAY S BETWEEN DIAGONAL AVE S AND S ALASKA ST,,,1,Property Damage Only Collision,Sideswipe,2,0,0,2,2004/03/19 00:00:00+00,3/19/2004 3:00:00 PM,Mid-Block (but intersection related),16,"MOTOR VEHICLE STRUCK MOTOR VEHICLE, LEFT SIDE SIDESWIPE",,0,Clear,Dry,Daylight,,4079032.0,,11,From same direction - both going straight - both moving - sideswipe,0,0,N
8853,1,-122.32904690000001,47.59538697,11080,23945,23945,1069336,Matched,Block,,4TH AVE S BETWEEN SEATTLE BLVD S AND I90 WB 4TH AV OFF RP,,,1,Property Damage Only Collision,Rear Ended,2,0,0,2,2004/11/11 00:00:00+00,11/11/2004 5:17:00 PM,Mid-Block (not related to intersection),14,"MOTOR VEHICLE STRUCK MOTOR VEHICLE, REAR END",,0,Clear,Dry,Dark - Street Lights On,,4316036.0,,14,From same direction - both going straight - one stopped - rear-end,0,0,N
8854,2,-122.33238,47.55415595,11082,25343,25343,1789086,Matched,Intersection,33153.0,2ND AVE S AND S BRANDON ST,,,2,Injury Collision,Angles,3,0,0,2,2004/03/11 00:00:00+00,3/11/2004 8:36:00 AM,At Intersection (intersection related),11,"MOTOR VEHICLE STRUCK MOTOR VEHICLE, FRONT END AT ANGLE",,0,Clear,Dry,Daylight,,4071017.0,,10,Entering at angle,0,0,N
8855,1,-122.3354555,47.60551597,11083,23726,23726,1060001,Matched,Block,,2ND AVE BETWEEN MADISON ST AND SPRING ST,,,1,Property Damage Only Collision,Rear Ended,4,0,0,2,2004/11/28 00:00:00+00,11/28/2004 8:04:00 PM,Mid-Block (but intersection related),14,"MOTOR VEHICLE STRUCK MOTOR VEHICLE, REAR END",,0,Clear,Dry,Dark - Street Lights On,,4333017.0,Y,14,From same direction - both going straight - one stopped - rear-end,0,0,N
8856,2,-122.2989119,47.60266137,11084,24439,24439,1198443,Matched,Intersection,30570.0,26TH AVE AND E FIR ST,,,2,Injury Collision,Angles,4,0,0,3,2004/12/01 00:00:00+00,12/1/2004,At Intersection (intersection related),11,"MOTOR VEHICLE STRUCK MOTOR VEHICLE, FRONT END AT ANGLE",,0,Clear,Dry,Daylight,,4336016.0,Y,10,Entering at angle,0,0,N
8857,1,-122.30984209999998,47.67851528,11085,25288,25288,C649347,Matched,Block,,17TH AVE NE BETWEEN NE 68TH ST AND NE 70TH ST,,,1,Property Damage Only Collision,Parked Car,2,0,0,2,2004/07/04 00:00:00+00,7/4/2004,Mid-Block (not related to intersection),12,"MOTOR VEHICLE STRUCK MOTOR VEHICLE, RIGHT SIDE AT ANGLE",,0,Unknown,Unknown,Unknown,,4186040.0,,32,One parked--one moving,0,0,N
8858,2,-122.32349840000002,47.66133604,11087,24114,24114,1793804,Matched,Block,,NE 45TH ST BETWEEN 4TH AVE NE AND 5TH AVE NE,,,2,Injury Collision,Rear Ended,2,0,0,2,2004/08/06 00:00:00+00,8/6/2004,Mid-Block (but intersection related),14,"MOTOR VEHICLE STRUCK MOTOR VEHICLE, REAR END",Y,0,Overcast,Wet,Daylight,,4219015.0,,14,From same direction - both going straight - one stopped - rear-end,0,0,N
8859,1,-122.30115479999999,47.59786949,11088,24246,24246,1771988,Matched,Intersection,30608.0,24TH AVE S AND S KING S ST,,,1,Property Damage Only Collision,Angles,5,0,0,2,2004/04/20 00:00:00+00,4/20/2004 3:34:00 PM,At Intersection (intersection related),11,"MOTOR VEHICLE STRUCK MOTOR VEHICLE, FRONT END AT ANGLE",,0,Overcast,Dry,Daylight,,4111018.0,,10,Entering at angle,0,0,N
8860,2,-122.2977275,47.58928407,11090,24557,24557,1772733,Matched,Block,,M L KING JR WAY S BETWEEN MOUNTAINS TO SOUND TRL AND S MASSACHUSETTS ST,,,2,Injury Collision,Rear Ended,2,0,0,2,2004/05/07 00:00:00+00,5/7/2004,Mid-Block (not related to intersection),14,"MOTOR VEHICLE STRUCK MOTOR VEHICLE, REAR END",Y,0,Clear,Dry,Daylight,,4128046.0,,14,From same direction - both going straight - one stopped - rear-end,0,0,N
8861,1,-122.386804,47.56021698,11091,23110,23110,1316774,Matched,Block,,CALIFORNIA AVE SW BETWEEN SW ALASKA ST AND ERSKINE WAY SW,,,1,Property Damage Only Collision,Sideswipe,3,0,0,2,2004/07/16 00:00:00+00,7/16/2004 3:00:00 PM,Mid-Block (not related to intersection),16,"MOTOR VEHICLE STRUCK MOTOR VEHICLE, LEFT SIDE SIDESWIPE",,0,Clear,Dry,Daylight,,4198016.0,,11,From same direction - both going straight - both moving - sideswipe,0,0,N
8862,2,-122.2903912,47.55612522,11092,23919,23919,1779125,Matched,Block,,M L KING JR ER WAY S BETWEEN S HUDSON ST AND S DAWSON ST,,,2,Injury Collision,Sideswipe,3,0,0,2,2004/10/13 00:00:00+00,10/13/2004 6:10:00 AM,Mid-Block (but intersection related),16,"MOTOR VEHICLE STRUCK MOTOR VEHICLE, LEFT SIDE SIDESWIPE",Y,0,Clear,Dry,Dark - Street Lights On,,4287004.0,,11,From same direction - both going straight - both moving - sideswipe,0,0,N
8863,2,-122.3044487,47.57192292,11093,24217,24217,1774891,Matched,Intersection,32540.0,21ST AVE S AND S SPOKANE ST,,,2,Injury Collision,Rear Ended,3,0,0,3,2004/04/29 00:00:00+00,4/29/2004 3:50:00 PM,At Intersection (intersection related),14,"MOTOR VEHICLE STRUCK MOTOR VEHICLE, REAR END",,0,Clear,Dry,Daylight,,4120033.0,,14,From same direction - both going straight - one stopped - rear-end,0,0,N
8864,1,-122.3397646,47.62146252,11094,24377,24377,1784769,Matched,Block,,9TH AVE N BETWEEN THOMAS ST AND HARRISON ST,,,1,Property Damage Only Collision,Sideswipe,2,0,0,2,2004/10/01 00:00:00+00,10/1/2004,Mid-Block (not related to intersection),16,"MOTOR VEHICLE STRUCK MOTOR VEHICLE, LEFT SIDE SIDESWIPE",,0,Clear,Dry,Daylight,,4275034.0,,11,From same direction - both going straight - both moving - sideswipe,0,0,N
8865,1,-122.30217579999999,47.55141593,11095,25163,25163,1771533,Matched,Block,,BEACON WR AVE S BETWEEN S DEAN CT AND S ORCAS ST,,,1,Property Damage Only Collision,Sideswipe,4,0,0,2,2004/05/08 00:00:00+00,5/8/2004,Mid-Block (not related to intersection),16,"MOTOR VEHICLE STRUCK MOTOR VEHICLE, LEFT SIDE SIDESWIPE",,0,Raining,Wet,Daylight,,4129014.0,,11,From same direction - both going straight - both moving - sideswipe,0,0,N
8866,1,-122.3286328,47.60392938,11096,23861,23861,1316852,Matched,Block,,JAMES ST BETWEEN 5TH AVE AND 6TH AVE,,,1,Property Damage Only Collision,Other,1,0,0,1,2004/01/06 00:00:00+00,1/6/2004,Mid-Block (not related to intersection),28,MOTOR VEHICLE RAN OFF ROAD - HIT FIXED OBJECT,,0,Snowing,Ice,Dawn,,4006024.0,,50,Fixed object,0,0,N
8867,1,-122.28073229999998,47.55743035,11097,24135,24135,1779382,Matched,Block,,42ND AVE S BETWEEN S FERDINAND S ST AND S HUDSON ST,,,1,Property Damage Only Collision,Parked Car,2,0,0,2,2004/02/14 00:00:00+00,2/14/2004 11:00:00 AM,Mid-Block (not related to intersection),16,"MOTOR VEHICLE STRUCK MOTOR VEHICLE, LEFT SIDE SIDESWIPE",,0,Clear,Wet,Dark - Street Lights On,,4045007.0,,32,One parked--one moving,0,0,N
8868,1,-122.33759199999999,47.61120737,11098,24648,24648,1778266,Matched,Intersection,29579.0,4TH AVE AND PINE ST,,,1,Property Damage Only Collision,Left Turn,3,0,0,2,2004/08/18 00:00:00+00,8/18/2004 10:00:00 PM,At Intersection (intersection related),11,"MOTOR VEHICLE STRUCK MOTOR VEHICLE, FRONT END AT ANGLE",,0,Clear,Dry,Dark - Street Lights On,,4231014.0,,15,From same direction - one left turn - one straight,0,0,N
8869,1,-122.35113390000002,47.57094178,11099,23264,23264,1797934,Matched,Block,,WEST SEATTLE BR EB BETWEEN ALASKAN WY VI NB ON RP AND DELRIDGE-W SEATTLE BR EB ON RP,,,1,Property Damage Only Collision,Rear Ended,4,0,0,2,2004/10/26 00:00:00+00,10/26/2004 7:20:00 AM,Mid-Block (not related to intersection),14,"MOTOR VEHICLE STRUCK MOTOR VEHICLE, REAR END",,0,Raining,Wet,Dawn,,4300025.0,,13,From same direction - both going straight - both moving - rear-end,0,0,N
8870,1,-122.2842855,47.67760056,11101,23811,23811,1773483,Matched,Block,,NE 68TH ST BETWEEN 40TH AVE NE AND 42ND AVE NE,,,1,Property Damage Only Collision,Parked Car,2,0,0,2,2004/03/15 00:00:00+00,3/15/2004 11:41:00 AM,Mid-Block (not related to intersection),14,"MOTOR VEHICLE STRUCK MOTOR VEHICLE, REAR END",,0,Unknown,Unknown,Unknown,,4075026.0,,32,One parked--one moving,0,0,N
8871,1,-122.31496070000001,47.5234685,11102,24406,24406,1781226,Matched,Block,,14TH AVE S BETWEEN S CONCORD ST AND S HENDERSON ST,,,1,Property Damage Only Collision,Other,1,0,0,1,2004/01/24 00:00:00+00,1/24/2004 12:43:00 PM,Mid-Block (not related to intersection),28,MOTOR VEHICLE RAN OFF ROAD - HIT FIXED OBJECT,,0,Clear,Sand/Mud/Dirt,Daylight,,4024007.0,,50,Fixed object,0,0,N
8872,1,-122.3527631,47.70507555,11104,24741,24741,1782412,Matched,Intersection,36421.0,DAYTON AVE N AND N 105TH ST,,,1,Property Damage Only Collision,Left Turn,3,0,0,2,2004/03/11 00:00:00+00,3/11/2004 9:50:00 PM,At Intersection (intersection related),11,"MOTOR VEHICLE STRUCK MOTOR VEHICLE, FRONT END AT ANGLE",,0,Other,Unknown,Dark - Street Lights On,,4071002.0,,28,From opposite direction - one left turn - one straight,0,0,N
8873,1,-122.34164569999999,47.609750700000006,11105,24205,24205,1778102,Matched,Block,,POST AL BETWEEN PINE ST AND STEWART ST,,,1,Property Damage Only Collision,Other,2,0,0,1,2004/02/21 00:00:00+00,2/21/2004 1:47:00 AM,Mid-Block (not related to intersection),28,MOTOR VEHICLE RAN OFF ROAD - HIT FIXED OBJECT,,0,Clear,Dry,Dark - Street Lights On,,4052001.0,Y,50,Fixed object,0,0,N
8874,1,-122.33346409999999,47.60585586,11107,24369,24369,1213552,Matched,Block,,MADISON ST BETWEEN 3RD AVE AND 4TH AVE,,,1,Property Damage Only Collision,Parked Car,2,0,0,2,2004/02/22 00:00:00+00,2/22/2004 4:04:00 AM,Mid-Block (not related to intersection),12,"MOTOR VEHICLE STRUCK MOTOR VEHICLE, RIGHT SIDE AT ANGLE",,1,Clear,Dry,Dark - Street Lights On,,4053001.0,,32,One parked--one moving,0,0,N
8875,1,-122.34794479999998,47.66429753,11109,23849,23849,1079826,Matched,Block,,N 49TH ST BETWEEN LINDEN AVE N AND AURORA AVE N,,,1,Property Damage Only Collision,Parked Car,2,0,0,2,2004/07/02 00:00:00+00,7/2/2004,Mid-Block (not related to intersection),15,"MOTOR VEHICLE STRUCK MOTOR VEHICLE, RIGHT SIDE SIDESWIPE",,0,Unknown,Unknown,Dark - Street Lights On,,4184024.0,,32,One parked--one moving,0,0,N
8876,1,-122.28524250000001,47.55825221,11110,23903,23903,1771882,Matched,Block,,RAINIER AVE S BETWEEN S EDMUNDS ST AND S FERDINAND ST,,,1,Property Damage Only Collision,Parked Car,3,0,0,3,2004/03/06 00:00:00+00,3/6/2004,Mid-Block (not related to intersection),16,"MOTOR VEHICLE STRUCK MOTOR VEHICLE, LEFT SIDE SIDESWIPE",Y,0,Clear,Dry,Dark - Street Lights Off,,4066026.0,,32,One parked--one moving,0,0,N
8877,2,-122.3247144,47.6867859,11111,24638,24638,C649412,Matched,Block,,NE 80TH ST BETWEEN BANNER WAY NE AND 4TH AVE NE,,,2,Injury Collision,Rear Ended,2,0,0,2,2004/11/01 00:00:00+00,11/1/2004,Mid-Block (but intersection related),14,"MOTOR VEHICLE STRUCK MOTOR VEHICLE, REAR END",,0,Raining,Wet,Dark - Street Lights On,,4306073.0,,14,From same direction - both going straight - one stopped - rear-end,0,0,N
8878,2,-122.36590790000001,47.51827945,11113,24470,24470,1781109,Matched,Block,,26TH AVE SW BETWEEN SW CAMBRIDGE ST AND SW ROXBURY ST,,,2,Injury Collision,Rear Ended,2,0,0,2,2004/05/13 00:00:00+00,5/13/2004 9:48:00 PM,Mid-Block (but intersection related),14,"MOTOR VEHICLE STRUCK MOTOR VEHICLE, REAR END",,0,Clear,Dry,Dark - Street Lights On,,4134032.0,,14,From same direction - both going straight - one stopped - rear-end,0,0,N
8879,1,-122.2615904,47.51978102,11114,24090,24090,1779034,Matched,Block,,57TH AVE S BETWEEN RAINIER AVE S AND WATERS AVE S,,,1,Property Damage Only Collision,Parked Car,2,0,0,2,2004/01/12 00:00:00+00,1/12/2004 7:00:00 AM,Mid-Block (not related to intersection),14,"MOTOR VEHICLE STRUCK MOTOR VEHICLE, REAR END",,0,Clear,Dry,Dark - Street Lights On,,4012018.0,,32,One parked--one moving,0,0,N
8880,1,-122.33917360000001,47.61372707,11115,24680,24680,1777491,Matched,Intersection,29549.0,5TH AVE AND VIRGINIA ST,,,1,Property Damage Only Collision,Left Turn,2,0,0,2,2004/05/29 00:00:00+00,5/29/2004 12:53:00 AM,At Intersection (intersection related),11,"MOTOR VEHICLE STRUCK MOTOR VEHICLE, FRONT END AT ANGLE",,1,Overcast,Dry,Dark - Street Lights On,,4150031.0,,15,From same direction - one left turn - one straight,0,0,N
8881,1,-122.330025,47.61300141,11116,24155,24155,1790105,Matched,Intersection,29884.0,PIKE ST AND TERRY AVE,,,1,Property Damage Only Collision,Angles,3,0,0,2,2004/03/09 00:00:00+00,3/9/2004,At Intersection (intersection related),11,"MOTOR VEHICLE STRUCK MOTOR VEHICLE, FRONT END AT ANGLE",,0,Raining,Wet,Daylight,,4069003.0,,10,Entering at angle,0,0,N
8882,1,-122.3604763,47.67777784,11118,24064,24064,1781982,Matched,Intersection,24111.0,3RD AVE NW AND NW 67TH ST,,,1,Property Damage Only Collision,Angles,2,0,0,2,2004/06/09 00:00:00+00,6/9/2004,At Intersection (intersection related),11,"MOTOR VEHICLE STRUCK MOTOR VEHICLE, FRONT END AT ANGLE",,0,Raining,Wet,Dark - Street Lights On,,4161040.0,,10,Entering at angle,0,0,N
8883,2,-122.3467166,47.520976899999994,11120,23883,23883,1781105,Matched,Intersection,35049.0,9TH AVE SW AND SW BARTON ST,,,2,Injury Collision,Angles,5,0,0,2,2004/05/10 00:00:00+00,5/10/2004 2:08:00 PM,At Intersection (intersection related),11,"MOTOR VEHICLE STRUCK MOTOR VEHICLE, FRONT END AT ANGLE",,0,Raining,Wet,Daylight,,4131037.0,,10,Entering at angle,0,0,N
8884,1,-122.32861499999999,47.6613615,11122,24054,24054,1220133,Matched,Block,,N 45TH ST BETWEEN EASTERN AVE N AND 1ST AVE NE,,,1,Property Damage Only Collision,Other,2,0,0,2,2004/09/02 00:00:00+00,9/2/2004,Driveway Junction,16,"MOTOR VEHICLE STRUCK MOTOR VEHICLE, LEFT SIDE SIDESWIPE",Y,0,Clear,Dry,Daylight,,4246020.0,,22,One car leaving driveway access,0,0,N
8885,1,-122.35555590000001,47.72731779,11123,23933,23933,1781847,Matched,Block,,GREENWOOD AVE N BETWEEN N 134TH ST AND N 136TH ST,,,1,Property Damage Only Collision,Rear Ended,2,0,0,2,2004/11/24 00:00:00+00,11/24/2004 8:10:00 AM,Mid-Block (not related to intersection),14,"MOTOR VEHICLE STRUCK MOTOR VEHICLE, REAR END",,0,Overcast,Wet,Daylight,,4329055.0,,13,From same direction - both going straight - both moving - rear-end,0,0,N
8886,1,-122.319244,47.64932682,11124,24524,24524,1788659,Matched,Block,,FUHRMAN AVE E BETWEEN E ALLISON N ST AND BROADWAY E,,,1,Property Damage Only Collision,Parked Car,2,0,0,2,2004/01/07 00:00:00+00,1/7/2004,Mid-Block (not related to intersection),14,"MOTOR VEHICLE STRUCK MOTOR VEHICLE, REAR END",,0,Unknown,Unknown,Unknown,,4007002.0,,32,One parked--one moving,0,0,N
8887,2,-122.3149315,47.52516841,11126,23278,23278,1774782,Matched,Block,,14TH AVE S BETWEEN S DONOVAN ST AND S TRENTON ST,,,2,Injury Collision,Sideswipe,2,0,0,2,2004/04/15 00:00:00+00,4/15/2004 10:48:00 AM,Driveway Junction,14,"MOTOR VEHICLE STRUCK MOTOR VEHICLE, REAR END",,1,Overcast,Dry,Daylight,,4106019.0,,11,From same direction - both going straight - both moving - sideswipe,0,0,N
8888,1,-122.2856856,47.55906498,11128,23762,23762,1772899,Matched,Block,,RAINIER AVE S BETWEEN S ANGELINE ST AND S EDMUNDS ST,,,1,Property Damage Only Collision,Sideswipe,2,0,0,2,2004/06/22 00:00:00+00,6/22/2004 1:45:00 PM,Mid-Block (not related to intersection),11,"MOTOR VEHICLE STRUCK MOTOR VEHICLE, FRONT END AT ANGLE",,0,Clear,Dry,Daylight,,4174026.0,,11,From same direction - both going straight - both moving - sideswipe,0,0,N
8889,1,-122.3146618,47.57905996,11130,24427,24427,1771733,Matched,Block,,14TH AVE S BETWEEN S LANDER ST AND S MCCLELLAN ST,,,1,Property Damage Only Collision,Parked Car,2,0,0,2,2004/08/20 00:00:00+00,8/20/2004 4:00:00 PM,Mid-Block (not related to intersection),13,"MOTOR VEHICLE STRUCK MOTOR VEHICLE, LEFT SIDE AT ANGLE",,0,Clear,Dry,Unknown,,4233027.0,,32,One parked--one moving,0,0,N