,SEVERITYCODE,X,Y,OBJECTID,INCKEY,COLDETKEY,REPORTNO,STATUS,ADDRTYPE,INTKEY,LOCATION,EXCEPTRSNCODE,EXCEPTRSNDESC,SEVERITYCODE.1,SEVERITYDESC,COLLISIONTYPE,PERSONCOUNT,PEDCOUNT,PEDCYLCOUNT,VEHCOUNT,INCDATE,INCDTTM,JUNCTIONTYPE,SDOT_COLCODE,SDOT_COLDESC,INATTENTIONIND,UNDERINFL,WEATHER,ROADCOND,LIGHTCOND,PEDROWNOTGRNT,SDOTCOLNUM,SPEEDING,ST_COLCODE,ST_COLDESC,SEGLANEKEY,CROSSWALKKEY,HITPARKEDCAR
8890,2,-122.3175835,47.69719832,11131,24617,24617,1773386,Matched,Block,,ROOSEVELT WAY NE BETWEEN NE 94TH ST AND NE 95TH ST,,,2,Injury Collision,Rear Ended,3,0,0,2,2004/04/07 00:00:00+00,4/7/2004,Mid-Block (but intersection related),14,"MOTOR VEHICLE STRUCK MOTOR VEHICLE, REAR END",Y,0,Clear,Dry,Daylight,,4098021.0,,14,From same direction - both going straight - one stopped - rear-end,0,0,N
8891,1,-122.3534713,47.51735061,11132,23953,23953,1798131,Matched,Block,,SW ROXBURY ST BETWEEN 14TH AVE SW AND 15TH AVE SW,,,1,Property Damage Only Collision,Rear Ended,2,0,0,2,2004/09/28 00:00:00+00,9/28/2004 4:25:00 PM,Mid-Block (but intersection related),14,"MOTOR VEHICLE STRUCK MOTOR VEHICLE, REAR END",Y,0,Clear,Dry,Daylight,,4272017.0,,14,From same direction - both going straight - one stopped - rear-end,0,0,N
8892,1,-122.3230424,47.6940454,11133,24682,24682,1068840,Matched,Intersection,37528.0,5TH AVE NE AND NE 90TH ST,,,1,Property Damage Only Collision,Angles,2,0,0,2,2004/06/11 00:00:00+00,6/11/2004 8:02:00 AM,At Intersection (intersection related),11,"MOTOR VEHICLE STRUCK MOTOR VEHICLE, FRONT END AT ANGLE",,0,Raining,Wet,Daylight,,4163039.0,,10,Entering at angle,0,0,N
8893,1,-122.28688000000001,47.57906128,11134,25386,25386,1771930,Matched,Block,,MOUNT ST HELENS PL S BETWEEN MOUNT ADAMS PL S AND S MCCLELLAN ST,,,1,Property Damage Only Collision,Parked Car,2,0,0,2,2004/04/13 00:00:00+00,4/13/2004 8:07:00 PM,Mid-Block (not related to intersection),11,"MOTOR VEHICLE STRUCK MOTOR VEHICLE, FRONT END AT ANGLE",,0,Overcast,Dry,Dusk,,4104004.0,,32,One parked--one moving,0,0,N
8894,1,-122.3172254,47.59876333,11136,24734,24734,1211594,Matched,Block,,12TH AVE S BETWEEN S JACKSON ST AND S KING ST,,,1,Property Damage Only Collision,Other,2,0,0,2,2004/10/15 00:00:00+00,10/15/2004 12:25:00 PM,Mid-Block (not related to intersection),26,MOTOR VEHICLE STRUCK OBJECT IN ROAD,,0,Clear,Dry,Daylight,,4289007.0,Y,22,One car leaving driveway access,0,0,N
8895,2,-122.3027443,47.61158944,11137,24068,24068,1216879,Matched,Intersection,30028.0,23RD AVE AND E SPRING ST,,,2,Injury Collision,Angles,2,0,0,2,2004/07/20 00:00:00+00,7/20/2004 3:35:00 PM,At Intersection (intersection related),11,"MOTOR VEHICLE STRUCK MOTOR VEHICLE, FRONT END AT ANGLE",,0,Clear,Dry,Daylight,,4202019.0,,10,Entering at angle,0,0,N
8896,1,-122.27922350000001,47.55118301,11138,24516,24516,1773329,Matched,Block,,S ORCAS ST BETWEEN 42ND AVE S AND RAINIER AVE S,,,1,Property Damage Only Collision,Parked Car,3,0,0,3,2004/11/17 00:00:00+00,11/17/2004 2:20:00 PM,Mid-Block (not related to intersection),16,"MOTOR VEHICLE STRUCK MOTOR VEHICLE, LEFT SIDE SIDESWIPE",,0,Clear,Dry,Daylight,,4322021.0,,32,One parked--one moving,0,0,N
8897,2,-122.3767994,47.68872437,11139,25005,25005,1480519,Matched,Intersection,23860.0,15TH AVE NW AND NW 83RD ST,,,2,Injury Collision,Left Turn,2,0,0,2,2004/07/13 00:00:00+00,7/13/2004 7:53:00 AM,At Intersection (intersection related),11,"MOTOR VEHICLE STRUCK MOTOR VEHICLE, FRONT END AT ANGLE",,0,Clear,Dry,Daylight,,4195018.0,,28,From opposite direction - one left turn - one straight,0,0,N
8898,1,-122.39162730000001,47.53766341,11140,23135,23135,1790204,Matched,Block,,FAUNTLEROY WAY SW BETWEEN SW OTHELLO ST AND BAINBRIDGE PL SW,,,1,Property Damage Only Collision,Parked Car,2,0,0,2,2004/06/17 00:00:00+00,6/17/2004 12:30:00 PM,Mid-Block (not related to intersection),13,"MOTOR VEHICLE STRUCK MOTOR VEHICLE, LEFT SIDE AT ANGLE",,0,Clear,Dry,Daylight,,4169035.0,,32,One parked--one moving,0,0,N
8899,2,-122.313397,47.58003408,11141,23834,23834,1771735,Matched,Block,,15TH AVE S BETWEEN BEACON AVE S AND S LANDER ST,,,2,Injury Collision,Rear Ended,2,0,0,2,2004/09/20 00:00:00+00,9/20/2004 7:45:00 PM,Mid-Block (but intersection related),14,"MOTOR VEHICLE STRUCK MOTOR VEHICLE, REAR END",,0,Clear,Dry,Dark - Street Lights On,,4264015.0,,14,From same direction - both going straight - one stopped - rear-end,0,0,N
8900,1,-122.2909906,47.56213626,11142,24035,24035,1793058,Matched,Block,,33RD AVE S BETWEEN S OREGON E ST AND RENTON AVE S,,,1,Property Damage Only Collision,Parked Car,2,0,0,2,2004/08/15 00:00:00+00,8/15/2004 5:19:00 PM,Mid-Block (not related to intersection),11,"MOTOR VEHICLE STRUCK MOTOR VEHICLE, FRONT END AT ANGLE",,0,Clear,Dry,Daylight,,4228029.0,,32,One parked--one moving,0,0,N
8901,2,-122.3037322,47.60432793,11143,24342,24342,1789930,Matched,Intersection,30200.0,22ND AVE AND E ALDER ST,,,2,Injury Collision,Angles,3,0,0,2,2004/02/19 00:00:00+00,2/19/2004 7:45:00 AM,At Intersection (intersection related),11,"MOTOR VEHICLE STRUCK MOTOR VEHICLE, FRONT END AT ANGLE",,0,Clear,Dry,Daylight,,4050003.0,,10,Entering at angle,0,0,N
8902,2,-122.3207804,47.61407567,11144,24415,24415,1772509,Matched,Intersection,29745.0,BROADWAY AND E PIKE ST,,,2,Injury Collision,Pedestrian,2,1,0,1,2004/06/15 00:00:00+00,6/15/2004 9:02:00 PM,At Intersection (intersection related),24,MOTOR VEHCILE STRUCK PEDESTRIAN,,0,Clear,Dry,Dusk,Y,4167035.0,,1,Vehicle turning right hits pedestrian,0,0,N
8903,1,-122.3504655,47.61336696,11145,23256,23256,1213672,Matched,Intersection,29697.0,ELLIOTT AVE AND WALL ST,,,1,Property Damage Only Collision,Left Turn,2,0,0,2,2004/04/21 00:00:00+00,4/21/2004 2:31:00 PM,At Intersection (intersection related),11,"MOTOR VEHICLE STRUCK MOTOR VEHICLE, FRONT END AT ANGLE",,0,Clear,Dry,Daylight,,4112013.0,,28,From opposite direction - one left turn - one straight,0,0,N
8904,2,-122.3449669,47.72230187,11146,24749,24749,1079879,Matched,Intersection,35827.0,AURORA AVE N AND N 128TH ST,,,2,Injury Collision,Left Turn,2,0,0,2,2004/07/19 00:00:00+00,7/19/2004 6:30:00 PM,At Intersection (intersection related),11,"MOTOR VEHICLE STRUCK MOTOR VEHICLE, FRONT END AT ANGLE",,0,Clear,Dry,Daylight,,4201016.0,,28,From opposite direction - one left turn - one straight,0,0,N
8905,2,-122.3456858,47.63935423,11147,23944,23944,1059918,Matched,Block,,AURORA AVE N BETWEEN LYNN ST AND MCGRAW ST,,,2,Injury Collision,Pedestrian,2,1,0,1,2004/12/22 00:00:00+00,12/22/2004 7:07:00 PM,Mid-Block (not related to intersection),24,MOTOR VEHCILE STRUCK PEDESTRIAN,,1,Overcast,Dry,Dark - Street Lights On,,4357027.0,,0,Vehicle going straight hits pedestrian,0,0,N
8906,2,-122.32045690000001,47.64319374,11148,24540,24540,1856504,Matched,Block,,E ROANOKE ST BETWEEN BROADWAY E AND 10TH W AVE E,,,2,Injury Collision,Cycles,2,0,1,1,2004/02/26 00:00:00+00,2/26/2004 8:20:00 PM,Mid-Block (not related to intersection),18,"MOTOR VEHICLE STRUCK PEDALCYCLIST, FRONT END AT ANGLE",,1,Raining,Wet,Dark - Street Lights On,,4057040.0,,45,Vehicle - Pedalcyclist,0,0,N
8907,1,-122.27348799999999,47.65644511,11149,25174,25174,1794164,Matched,Block,,50TH AVE NE BETWEEN DEAD END AND NE 39TH ST,,,1,Property Damage Only Collision,Parked Car,2,0,0,2,2004/09/14 00:00:00+00,9/14/2004 10:30:00 AM,Mid-Block (not related to intersection),13,"MOTOR VEHICLE STRUCK MOTOR VEHICLE, LEFT SIDE AT ANGLE",,0,Unknown,Unknown,Unknown,,4258051.0,,32,One parked--one moving,0,0,N
8908,2,-122.3027771,47.60617557,11150,24152,24152,1789989,Matched,Intersection,30187.0,23RD AVE AND E JEFFERSON ST,,,2,Injury Collision,Left Turn,4,0,0,3,2004/03/25 00:00:00+00,3/25/2004 5:28:00 PM,At Intersection (intersection related),11,"MOTOR VEHICLE STRUCK MOTOR VEHICLE, FRONT END AT ANGLE",,0,Raining,Wet,Daylight,,4085023.0,,28,From opposite direction - one left turn - one straight,0,0,N
8909,2,-122.33688459999999,47.60875622,11151,24723,24723,1482316,Matched,Intersection,29591.0,3RD AVE AND UNION ST,,,2,Injury Collision,Angles,4,0,0,2,2004/05/02 00:00:00+00,5/2/2004,At Intersection (intersection related),11,"MOTOR VEHICLE STRUCK MOTOR VEHICLE, FRONT END AT ANGLE",,0,Clear,Dry,Dark - Street Lights On,,4123011.0,,10,Entering at angle,0,0,N
8910,1,,,11152,25284,25284,1783865,Matched,Block,,ALASKAN WY VI NB BETWEEN S ROYAL BROUGHAM WAY ON RP AND SENECA ST OFF RP,,,1,Property Damage Only Collision,Sideswipe,3,0,0,3,2004/09/22 00:00:00+00,9/22/2004 8:07:00 AM,Mid-Block (but intersection related),14,"MOTOR VEHICLE STRUCK MOTOR VEHICLE, REAR END",,0,Overcast,Dry,Daylight,,4266032.0,,12,From same direction - both going straight - one stopped - sideswipe,0,0,N
8911,1,-122.28594740000001,47.54706873,11153,23563,23563,1204273,Matched,Block,,M L KING JR ER WAY S BETWEEN 37TH AVE S AND S GRAHAM ST,,,1,Property Damage Only Collision,Other,3,0,0,2,2004/08/18 00:00:00+00,8/18/2004 12:58:00 PM,Driveway Junction,11,"MOTOR VEHICLE STRUCK MOTOR VEHICLE, FRONT END AT ANGLE",Y,0,Clear,Dry,Daylight,,4231031.0,,22,One car leaving driveway access,0,0,N
8912,2,-122.3155486,47.61527287,11154,23962,23962,1772181,Matched,Intersection,29741.0,13TH AVE AND E PINE ST,,,2,Injury Collision,Pedestrian,2,1,0,1,2004/03/31 00:00:00+00,3/31/2004 8:09:00 AM,At Intersection (intersection related),24,MOTOR VEHCILE STRUCK PEDESTRIAN,,0,Clear,Dry,Daylight,Y,4091006.0,,0,Vehicle going straight hits pedestrian,0,0,N
8913,1,-122.30848929999999,47.67079289,11156,24629,24629,1204922,Matched,Block,,18TH AVE NE BETWEEN NE RAVENNA WB BV AND NE 58TH ST,,,1,Property Damage Only Collision,Parked Car,2,0,0,2,2004/03/09 00:00:00+00,3/9/2004,Mid-Block (not related to intersection),16,"MOTOR VEHICLE STRUCK MOTOR VEHICLE, LEFT SIDE SIDESWIPE",,0,Clear,Dry,Dark - Street Lights On,,4069025.0,,32,One parked--one moving,0,0,N
8914,1,-122.3610149,47.53855078,11157,24707,24707,C649379,Matched,Block,,DELRIDGE WAY SW BETWEEN SW MYRTLE ST AND SW ORCHARD ST,,,1,Property Damage Only Collision,Other,1,0,0,1,2004/09/20 00:00:00+00,9/20/2004 4:45:00 PM,Mid-Block (not related to intersection),11,"MOTOR VEHICLE STRUCK MOTOR VEHICLE, FRONT END AT ANGLE",,0,Clear,Dry,Daylight,,4264032.0,,50,Fixed object,0,0,N
8915,1,-122.3382462,47.61024514,11159,24059,24059,537849,Matched,Block,,3RD AVE BETWEEN PIKE ST AND PINE ST,,,1,Property Damage Only Collision,Other,0,0,0,2,2004/07/20 00:00:00+00,7/20/2004 8:08:00 AM,Mid-Block (not related to intersection),11,"MOTOR VEHICLE STRUCK MOTOR VEHICLE, FRONT END AT ANGLE",,0,Clear,Dry,Daylight,,4202037.0,,23,From same direction - all others,0,0,N
8916,2,-122.29380060000001,47.59918699,11161,24823,24823,1786894,Matched,Intersection,30605.0,30TH AVE S AND S JACKSON ST,,,2,Injury Collision,Angles,2,0,0,2,2004/07/10 00:00:00+00,7/10/2004 1:58:00 PM,At Intersection (intersection related),11,"MOTOR VEHICLE STRUCK MOTOR VEHICLE, FRONT END AT ANGLE",,0,Clear,Dry,Daylight,,4192021.0,,10,Entering at angle,0,0,N
8917,1,-122.31626840000001,47.69946181,11162,25168,25168,1779685,Matched,Block,,NE 97TH ST BETWEEN ROOSEVELT WAY NE AND 12TH AVE NE,,,1,Property Damage Only Collision,Parked Car,2,0,0,2,2004/08/02 00:00:00+00,8/2/2004,Mid-Block (not related to intersection),11,"MOTOR VEHICLE STRUCK MOTOR VEHICLE, FRONT END AT ANGLE",,0,Clear,Dry,Daylight,,4215034.0,,32,One parked--one moving,0,0,N
8918,1,,,11163,24144,24144,1776551,Matched,Block,,ALASKAN WY VI SB BETWEEN COLUMBIA ST ON RP AND ALASKAN WY VI SB EFR OFF RP,,,1,Property Damage Only Collision,Sideswipe,2,0,0,2,2004/07/23 00:00:00+00,7/23/2004 5:54:00 PM,Mid-Block (not related to intersection),16,"MOTOR VEHICLE STRUCK MOTOR VEHICLE, LEFT SIDE SIDESWIPE",,0,Clear,Dry,Daylight,,4205003.0,,11,From same direction - both going straight - both moving - sideswipe,0,0,N
8919,2,-122.34695359999998,47.61480884,11164,24131,24131,1479550,Matched,Intersection,29690.0,2ND AVE AND BATTERY ST,,,2,Injury Collision,Angles,7,0,0,2,2004/03/07 00:00:00+00,3/7/2004,At Intersection (intersection related),11,"MOTOR VEHICLE STRUCK MOTOR VEHICLE, FRONT END AT ANGLE",,0,Clear,Dry,Dark - Street Lights On,,4067013.0,,10,Entering at angle,0,0,N
8920,1,,,11165,24647,24647,1778136,Matched,Block,,ALASKAN WY VI NB BETWEEN S ROYAL BROUGHAM WAY ON RP AND SENECA ST OFF RP,,,1,Property Damage Only Collision,Rear Ended,2,0,0,2,2004/03/26 00:00:00+00,3/26/2004 5:55:00 PM,Mid-Block (not related to intersection),14,"MOTOR VEHICLE STRUCK MOTOR VEHICLE, REAR END",Y,0,Raining,Wet,Dark - Street Lights On,,4086024.0,,13,From same direction - both going straight - both moving - rear-end,0,0,N
8921,1,-122.32791540000001,47.61457623,11167,24479,24479,1799143,Matched,Block,,MELROSE AVE BETWEEN PIKE ST AND PINE ST,,,1,Property Damage Only Collision,Parked Car,2,0,0,2,2004/10/09 00:00:00+00,10/9/2004,Mid-Block (not related to intersection),11,"MOTOR VEHICLE STRUCK MOTOR VEHICLE, FRONT END AT ANGLE",,0,Clear,Dry,Dark - Street Lights On,,4283002.0,,32,One parked--one moving,0,0,N
8922,2,-122.36161940000001,47.65518408,11168,23684,23684,1780213,Matched,Block,,NW BOWDOIN PL BETWEEN LEARY N WAY NW AND BURKE GILMAN TRL,,,2,Injury Collision,Rear Ended,3,0,0,3,2004/01/19 00:00:00+00,1/19/2004 3:31:00 PM,Mid-Block (but intersection related),14,"MOTOR VEHICLE STRUCK MOTOR VEHICLE, REAR END",,0,Clear,Dry,Daylight,,4019015.0,,14,From same direction - both going straight - one stopped - rear-end,0,0,N
8923,1,-122.3715355,47.64765658,11169,24694,24694,1783654,Matched,Block,,11TH AVE W BETWEEN W BARRETT ST AND W DRAVUS ST,,,1,Property Damage Only Collision,Parked Car,6,0,0,3,2004/07/29 00:00:00+00,7/29/2004 9:05:00 PM,Mid-Block (not related to intersection),16,"MOTOR VEHICLE STRUCK MOTOR VEHICLE, LEFT SIDE SIDESWIPE",Y,0,Clear,Dry,Dusk,,4211019.0,,32,One parked--one moving,0,0,N
8924,2,-122.32582590000001,47.68029317,11170,23872,23872,1329246,Matched,Intersection,24580.0,EAST GREEN LAKE DR N AND NE 72ND ST,,,2,Injury Collision,Left Turn,2,0,0,2,2004/03/04 00:00:00+00,3/4/2004,At Intersection (intersection related),11,"MOTOR VEHICLE STRUCK MOTOR VEHICLE, FRONT END AT ANGLE",,0,Raining,Wet,Daylight,,4064009.0,,28,From opposite direction - one left turn - one straight,0,0,N
8925,1,-122.3201567,47.65033856,11171,24297,24297,1216857,Matched,Block,,FUHRMAN AVE E BETWEEN BROADWAY E AND FRANKLIN AVE E,,,1,Property Damage Only Collision,Parked Car,2,0,0,2,2004/07/07 00:00:00+00,7/7/2004,Mid-Block (not related to intersection),16,"MOTOR VEHICLE STRUCK MOTOR VEHICLE, LEFT SIDE SIDESWIPE",,0,Clear,Dry,Daylight,,4189005.0,,32,One parked--one moving,0,0,N
8926,1,-122.34948770000001,47.64570977,11173,24370,24370,1213562,Matched,Intersection,28058.0,4TH AVE N AND DEXTER S AVE N,,,1,Property Damage Only Collision,Sideswipe,3,0,0,2,2004/05/15 00:00:00+00,5/15/2004 10:43:00 AM,At Intersection (intersection related),11,"MOTOR VEHICLE STRUCK MOTOR VEHICLE, FRONT END AT ANGLE",,0,Clear,Dry,Daylight,,4136009.0,,11,From same direction - both going straight - both moving - sideswipe,0,0,N
8927,2,-122.35535829999999,47.69602772,11174,25303,25303,1780145,Matched,Intersection,37428.0,GREENWOOD AVE N AND N 92ND ST,,,2,Injury Collision,Right Turn,3,0,0,2,2004/02/20 00:00:00+00,2/20/2004 4:40:00 PM,At Intersection (intersection related),11,"MOTOR VEHICLE STRUCK MOTOR VEHICLE, FRONT END AT ANGLE",,1,Clear,Dry,Daylight,,4051009.0,,16,From same direction - one right turn - one straight,0,0,N
8928,1,-122.32440090000001,47.60170912,11177,23905,23905,1772076,Matched,Block,,YESLER WAY BETWEEN 6TH AVE AND 8TH AVE,,,1,Property Damage Only Collision,Parked Car,2,0,0,2,2004/03/20 00:00:00+00,3/20/2004 11:32:00 AM,Mid-Block (not related to intersection),14,"MOTOR VEHICLE STRUCK MOTOR VEHICLE, REAR END",,1,Clear,Dry,Daylight,,4080027.0,,32,One parked--one moving,0,0,N
8929,1,-122.374104,47.69243644,11178,24350,24350,1080085,Matched,Block,,14TH AVE NW BETWEEN NW 85TH ST AND NW 90TH ST,,,1,Property Damage Only Collision,Parked Car,2,0,0,2,2004/08/16 00:00:00+00,8/16/2004 2:00:00 AM,Mid-Block (not related to intersection),11,"MOTOR VEHICLE STRUCK MOTOR VEHICLE, FRONT END AT ANGLE",Y,0,Clear,Dry,Daylight,,4229038.0,,32,One parked--one moving,0,0,N
8930,1,-122.3307297,47.61544972,11180,24469,24469,1783726,Matched,Intersection,29865.0,BOREN AVE AND OLIVE WAY,,,1,Property Damage Only Collision,Angles,6,0,0,2,2004/07/31 00:00:00+00,7/31/2004 4:20:00 PM,At Intersection (intersection related),11,"MOTOR VEHICLE STRUCK MOTOR VEHICLE, FRONT END AT ANGLE",,0,Clear,Dry,Daylight,,4213021.0,,10,Entering at angle,0,0,N
8931,2,-122.3872247,47.54397488,11181,23949,23949,1781465,Matched,Block,,CALIFORNIA AVE SW BETWEEN FAUNTLEROY WAY SW AND SW HOLLY ST,,,2,Injury Collision,Other,4,0,0,2,2004/02/20 00:00:00+00,2/20/2004 2:28:00 PM,Driveway Junction,11,"MOTOR VEHICLE STRUCK MOTOR VEHICLE, FRONT END AT ANGLE",,0,Clear,Dry,Daylight,,4051015.0,,22,One car leaving driveway access,0,0,N
8932,1,-122.271247,47.540249700000004,11182,24686,24686,1779584,Matched,Block,,RAINIER AVE S BETWEEN S WILLOW ST AND S FRONTENAC ST,,,1,Property Damage Only Collision,Parked Car,2,0,0,2,2004/02/05 00:00:00+00,2/5/2004,Mid-Block (not related to intersection),11,"MOTOR VEHICLE STRUCK MOTOR VEHICLE, FRONT END AT ANGLE",,0,Clear,Dry,Daylight,,4036010.0,Y,32,One parked--one moving,0,0,N
8933,2,-122.3449669,47.72230187,11183,25383,25383,1475217,Matched,Intersection,35827.0,AURORA AVE N AND N 128TH ST,,,2,Injury Collision,Rear Ended,6,0,0,3,2004/05/17 00:00:00+00,5/17/2004 7:06:00 PM,At Intersection (but not related to intersection),14,"MOTOR VEHICLE STRUCK MOTOR VEHICLE, REAR END",Y,0,Clear,Dry,Daylight,,4138012.0,,14,From same direction - both going straight - one stopped - rear-end,0,0,N
8934,2,,,11184,23868,23868,1856466,Matched,Block,,BATTERY ST TUNNEL NB BETWEEN ALASKAN WY VI NB AND AURORA AVE N,,,2,Injury Collision,Rear Ended,8,0,0,4,2004/12/05 00:00:00+00,12/5/2004,Mid-Block (not related to intersection),14,"MOTOR VEHICLE STRUCK MOTOR VEHICLE, REAR END",,0,Raining,Wet,Daylight,,4340008.0,,14,From same direction - both going straight - one stopped - rear-end,0,0,N
8935,1,-122.35530200000001,47.6821781,11186,24357,24357,1778628,Matched,Block,,GREENWOOD AVE N BETWEEN N 73RD ST AND N 74TH ST,,,1,Property Damage Only Collision,Rear Ended,2,0,0,2,2004/03/26 00:00:00+00,3/26/2004 4:04:00 PM,Mid-Block (but intersection related),14,"MOTOR VEHICLE STRUCK MOTOR VEHICLE, REAR END",,0,Raining,Wet,Daylight,,4086036.0,,14,From same direction - both going straight - one stopped - rear-end,0,0,N
8936,1,-122.3539429,47.65212542,11187,25293,25293,1782771,Matched,Block,,N 36TH ST BETWEEN PHINNEY AVE N AND FRANCIS AVE N,,,1,Property Damage Only Collision,Sideswipe,2,0,0,2,2004/08/06 00:00:00+00,8/6/2004,Mid-Block (not related to intersection),16,"MOTOR VEHICLE STRUCK MOTOR VEHICLE, LEFT SIDE SIDESWIPE",,0,Raining,Wet,Daylight,,4219049.0,,11,From same direction - both going straight - both moving - sideswipe,0,0,N
8937,1,-122.27795990000001,47.67136647,11188,23573,23573,1318317,Matched,Block,,STANFORD AVE NE BETWEEN NE 60TH ST AND PRINCETON AVE NE,,,1,Property Damage Only Collision,Parked Car,2,0,0,2,2004/05/05 00:00:00+00,5/5/2004,Mid-Block (not related to intersection),16,"MOTOR VEHICLE STRUCK MOTOR VEHICLE, LEFT SIDE SIDESWIPE",,0,Clear,Dry,Daylight,,4126009.0,,32,One parked--one moving,0,0,N
8938,1,-122.3847456,47.66816211,11189,23694,23694,1931354,Matched,Block,,22ND AVE NW BETWEEN BALLARD AVE NW AND NW MARKET ST,,,1,Property Damage Only Collision,Parked Car,2,0,0,2,2004/11/02 00:00:00+00,11/2/2004,Mid-Block (not related to intersection),12,"MOTOR VEHICLE STRUCK MOTOR VEHICLE, RIGHT SIDE AT ANGLE",Y,0,Raining,Wet,Dark - Street Lights On,,4307005.0,,32,One parked--one moving,0,0,N
8939,2,-122.3577102,47.61881611,11190,23753,23753,C649603,Matched,Block,,WESTERN AVE W BETWEEN W DENNY WAY AND 1ST AVE W,,,2,Injury Collision,Rear Ended,2,0,0,2,2004/11/05 00:00:00+00,11/5/2004,Mid-Block (but intersection related),14,"MOTOR VEHICLE STRUCK MOTOR VEHICLE, REAR END",,0,Overcast,Dry,Dark - Street Lights On,,4310036.0,,14,From same direction - both going straight - one stopped - rear-end,0,0,N
8940,2,-122.3767994,47.68872437,11191,24787,24787,1080311,Matched,Intersection,23860.0,15TH AVE NW AND NW 83RD ST,,,2,Injury Collision,Left Turn,5,0,0,3,2004/10/14 00:00:00+00,10/14/2004 5:40:00 PM,At Intersection (intersection related),11,"MOTOR VEHICLE STRUCK MOTOR VEHICLE, FRONT END AT ANGLE",,0,Clear,Dry,Daylight,,4288010.0,,28,From opposite direction - one left turn - one straight,0,0,N
8941,1,-122.3341912,47.59829172,11192,24270,24270,1213404,Matched,Intersection,30368.0,1ST AVE S AND S KING ST,,,1,Property Damage Only Collision,Angles,2,0,0,2,2004/02/09 00:00:00+00,2/9/2004,At Intersection (intersection related),11,"MOTOR VEHICLE STRUCK MOTOR VEHICLE, FRONT END AT ANGLE",,0,Clear,Dry,Daylight,,4040005.0,,10,Entering at angle,0,0,N
8942,2,-122.31005159999998,47.688998,11194,24744,24744,1773978,Matched,Intersection,24712.0,17TH AVE NE AND LAKE CITY WAY NE,,,2,Injury Collision,Left Turn,3,0,0,3,2004/03/02 00:00:00+00,3/2/2004,At Intersection (intersection related),11,"MOTOR VEHICLE STRUCK MOTOR VEHICLE, FRONT END AT ANGLE",,0,Overcast,Dry,Dawn,,4062025.0,,28,From opposite direction - one left turn - one straight,0,0,N
8943,1,-122.32559640000001,47.54639802,11195,24081,24081,1789442,Matched,Block,,S MICHIGAN ST BETWEEN 6TH AVE S AND 7TH AVE S,,,1,Property Damage Only Collision,Other,2,0,0,2,2004/11/29 00:00:00+00,11/29/2004 8:17:00 AM,Driveway Junction,11,"MOTOR VEHICLE STRUCK MOTOR VEHICLE, FRONT END AT ANGLE",,0,Overcast,Dry,Daylight,,4334019.0,,22,One car leaving driveway access,0,0,N
8944,1,-122.3486733,47.61347959,11196,24387,24387,1059919,Matched,Intersection,29699.0,BATTERY ST AND WESTERN AVE,,,1,Property Damage Only Collision,Angles,2,0,0,2,2004/12/24 00:00:00+00,12/24/2004 12:56:00 AM,At Intersection (intersection related),11,"MOTOR VEHICLE STRUCK MOTOR VEHICLE, FRONT END AT ANGLE",,0,Clear,Dry,Dark - Street Lights On,,4359022.0,,10,Entering at angle,0,0,N
8945,1,-122.30116979999998,47.55100044,11197,24877,24877,1779329,Matched,Block,,S ORCAS ST BETWEEN BEACON ER AVE S AND 25TH AVE S,,,1,Property Damage Only Collision,Other,2,0,0,1,2004/05/21 00:00:00+00,5/21/2004 9:30:00 PM,Mid-Block (but intersection related),26,MOTOR VEHICLE STRUCK OBJECT IN ROAD,,0,Clear,Dry,Dark - Street Lights On,,4142001.0,,50,Fixed object,0,0,N
8946,1,-122.3573611,47.61860942,11198,23718,23718,1482789,Matched,Intersection,28666.0,WESTERN AVE W AND W DENNY WAY,,,1,Property Damage Only Collision,Sideswipe,2,0,0,2,2004/11/17 00:00:00+00,11/17/2004 10:30:00 AM,At Intersection (intersection related),16,"MOTOR VEHICLE STRUCK MOTOR VEHICLE, LEFT SIDE SIDESWIPE",,0,Clear,Dry,Daylight,,4322038.0,,11,From same direction - both going straight - both moving - sideswipe,0,0,N
8947,2,-122.37638490000002,47.54741352,11199,24132,24132,1481208,Matched,Block,,35TH AVE SW BETWEEN SW RAYMOND ST AND SW GRAHAM ST,,,2,Injury Collision,Parked Car,4,0,0,2,2004/02/18 00:00:00+00,2/18/2004 11:51:00 AM,Driveway Junction,11,"MOTOR VEHICLE STRUCK MOTOR VEHICLE, FRONT END AT ANGLE",,0,Clear,Dry,Daylight,,4049012.0,,20,One car leaving parked position,0,0,N
8948,1,-122.36118559999998,47.53726721,11200,25144,25144,1482118,Matched,Block,,DELRIDGE WAY SW BETWEEN SW ORCHARD ST AND SYLVAN WAY SW,,,1,Property Damage Only Collision,Rear Ended,2,0,0,2,2004/06/12 00:00:00+00,6/12/2004 1:05:00 AM,Mid-Block (but intersection related),14,"MOTOR VEHICLE STRUCK MOTOR VEHICLE, REAR END",,0,Clear,Dry,Dark - Street Lights On,,4164043.0,,14,From same direction - both going straight - one stopped - rear-end,0,0,N
8949,2,-122.3446898,47.70468772,11201,23565,23565,1773420,Matched,Block,,AURORA AVE N BETWEEN N 104TH ST AND N NORTHGATE WAY,,,2,Injury Collision,Rear Ended,5,0,0,3,2004/06/19 00:00:00+00,6/19/2004 1:40:00 PM,Mid-Block (but intersection related),14,"MOTOR VEHICLE STRUCK MOTOR VEHICLE, REAR END",Y,0,Clear,Dry,Daylight,,4171022.0,,14,From same direction - both going straight - one stopped - rear-end,0,0,N