,SEVERITYCODE,X,Y,OBJECTID,INCKEY,COLDETKEY,REPORTNO,STATUS,ADDRTYPE,INTKEY,LOCATION,EXCEPTRSNCODE,EXCEPTRSNDESC,SEVERITYCODE.1,SEVERITYDESC,COLLISIONTYPE,PERSONCOUNT,PEDCOUNT,PEDCYLCOUNT,VEHCOUNT,INCDATE,INCDTTM,JUNCTIONTYPE,SDOT_COLCODE,SDOT_COLDESC,INATTENTIONIND,UNDERINFL,WEATHER,ROADCOND,LIGHTCOND,PEDROWNOTGRNT,SDOTCOLNUM,SPEEDING,ST_COLCODE,ST_COLDESC,SEGLANEKEY,CROSSWALKKEY,HITPARKEDCAR
8950,2,-122.2699933,47.52190425,11203,24026,24026,1772953,Matched,Intersection,35444.0,RAINIER AVE S AND S DIRECTOR S ST,,,2,Injury Collision,Cycles,2,0,1,1,2004/07/21 00:00:00+00,7/21/2004 1:21:00 PM,At Intersection (intersection related),18,"MOTOR VEHICLE STRUCK PEDALCYCLIST, FRONT END AT ANGLE",,0,Clear,Dry,Daylight,,4203039.0,,45,Vehicle - Pedalcyclist,0,0,N
8951,2,-122.31429409999998,47.57162520000001,11205,23737,23737,1817677,Matched,Block,,S SPOKANE ST BETWEEN S COLUMBIAN WAY AND HINDS PL S,,,2,Injury Collision,Rear Ended,3,0,0,2,2004/03/07 00:00:00+00,3/7/2004,Mid-Block (but intersection related),14,"MOTOR VEHICLE STRUCK MOTOR VEHICLE, REAR END",,1,Raining,Wet,Dark - Street Lights On,,4067029.0,,14,From same direction - both going straight - one stopped - rear-end,0,0,N
8952,2,-122.2807882,47.52290849,11206,24360,24360,1779265,Matched,Block,,CARKEEK DR S BETWEEN S HENDERSON ST AND 41ST AVE S,,,2,Injury Collision,Other,1,0,0,1,2004/05/05 00:00:00+00,5/5/2004,Mid-Block (not related to intersection),28,MOTOR VEHICLE RAN OFF ROAD - HIT FIXED OBJECT,,1,Clear,Dry,Dark - Street Lights On,,4126024.0,Y,50,Fixed object,0,0,N
8953,1,-122.33755159999998,47.58937381,11207,25009,25009,1482688,Matched,Block,,ALASKAN WY VI NB BETWEEN S HOLGATE ST AND SR99 REPUBLICAN OFF RP,,,1,Property Damage Only Collision,Other,1,0,0,1,2004/10/17 00:00:00+00,10/17/2004 8:30:00 AM,Mid-Block (not related to intersection),26,MOTOR VEHICLE STRUCK OBJECT IN ROAD,,0,Raining,Wet,Dawn,,4291017.0,Y,50,Fixed object,0,0,N
8954,2,-122.30194579999998,47.66706955,11211,24789,24789,1080377,Matched,Intersection,26042.0,24TH AVE NE AND RAVENNA PL NE,,,2,Injury Collision,Angles,2,0,0,2,2004/06/21 00:00:00+00,6/21/2004 5:54:00 PM,At Intersection (intersection related),11,"MOTOR VEHICLE STRUCK MOTOR VEHICLE, FRONT END AT ANGLE",,0,Clear,Dry,Daylight,,4173028.0,,10,Entering at angle,0,0,N
8955,1,,,11213,23109,23109,1316642,Matched,Block,,ALASKAN WY VI NB BETWEEN S ROYAL BROUGHAM WAY ON RP AND SENECA ST OFF RP,,,1,Property Damage Only Collision,Other,1,0,0,1,2004/03/09 00:00:00+00,3/9/2004,Mid-Block (not related to intersection),26,MOTOR VEHICLE STRUCK OBJECT IN ROAD,,0,Raining,Wet,Daylight,,4069007.0,Y,50,Fixed object,0,0,N
8956,1,-122.3339088,47.61137436,11214,24306,24306,1778010,Matched,Block,,PIKE ST BETWEEN 6TH AVE AND 7TH AVE,,,1,Property Damage Only Collision,Parked Car,2,0,0,2,2004/01/03 00:00:00+00,1/3/2004,Mid-Block (not related to intersection),11,"MOTOR VEHICLE STRUCK MOTOR VEHICLE, FRONT END AT ANGLE",,0,Overcast,Dry,Dark - Street Lights On,,4003011.0,,32,One parked--one moving,0,0,N
8957,1,-122.3041701,47.69255733,11216,24772,24772,1792152,Matched,Block,,23RD AVE NE BETWEEN NE 88TH ST AND NE 89TH ST,,,1,Property Damage Only Collision,Parked Car,2,0,0,2,2004/12/19 00:00:00+00,12/19/2004 7:00:00 PM,Mid-Block (not related to intersection),14,"MOTOR VEHICLE STRUCK MOTOR VEHICLE, REAR END",Y,0,Overcast,Dry,Dark - Street Lights On,,4354013.0,,32,One parked--one moving,0,0,N
8958,2,-122.30553429999999,47.58633438,11217,25029,25029,1787722,Matched,Intersection,31543.0,21ST AVE S AND S HOLGATE ST,,,2,Injury Collision,Angles,3,0,0,2,2004/01/09 00:00:00+00,1/9/2004,At Intersection (intersection related),11,"MOTOR VEHICLE STRUCK MOTOR VEHICLE, FRONT END AT ANGLE",,0,Raining,Wet,Dark - Street Lights On,,4009013.0,,10,Entering at angle,0,0,N
8959,1,-122.3410003,47.62793478,11219,24588,24588,1783435,Matched,Block,,8TH AVE N BETWEEN ALOHA ST AND WESTLAKE S AVE N,,,1,Property Damage Only Collision,Parked Car,2,0,0,2,2004/09/03 00:00:00+00,9/3/2004,Mid-Block (not related to intersection),11,"MOTOR VEHICLE STRUCK MOTOR VEHICLE, FRONT END AT ANGLE",,0,Unknown,Unknown,Daylight,,4247003.0,,32,One parked--one moving,0,0,N
8960,1,-122.3888691,47.55934071,11220,25143,25143,1481835,Matched,Intersection,32844.0,RUTAN PL SW AND SW EDMUNDS ST,,,1,Property Damage Only Collision,Other,1,0,0,1,2004/06/06 00:00:00+00,6/6/2004,At Intersection (intersection related),28,MOTOR VEHICLE RAN OFF ROAD - HIT FIXED OBJECT,,0,Overcast,Dry,Dark - Street Lights On,,4158028.0,,50,Fixed object,0,0,N
8961,1,-122.3048675,47.61620162,11222,23965,23965,1772352,Matched,Block,,21ST AVE BETWEEN E PINE ST AND E OLIVE ST,,,1,Property Damage Only Collision,Parked Car,2,0,0,2,2004/05/02 00:00:00+00,5/2/2004,Mid-Block (not related to intersection),13,"MOTOR VEHICLE STRUCK MOTOR VEHICLE, LEFT SIDE AT ANGLE",,0,Clear,Dry,Daylight,,4123008.0,,32,One parked--one moving,0,0,N
8962,1,-122.3232755,47.70859413,11223,23884,23884,1778422,Matched,Intersection,36499.0,5TH AVE NE AND NE NORTHGATE WAY,,,1,Property Damage Only Collision,Angles,2,0,0,2,2004/03/15 00:00:00+00,3/15/2004 10:15:00 PM,At Intersection (intersection related),11,"MOTOR VEHICLE STRUCK MOTOR VEHICLE, FRONT END AT ANGLE",,0,Clear,Dry,Dark - Street Lights On,,4075024.0,,10,Entering at angle,0,0,N
8963,2,-122.39298899999999,47.67520577,11224,24338,24338,1476147,Matched,Intersection,25197.0,28TH AVE NW AND NW 64TH ST,,,2,Injury Collision,Angles,2,0,0,2,2004/05/27 00:00:00+00,5/27/2004 3:05:00 PM,At Intersection (intersection related),11,"MOTOR VEHICLE STRUCK MOTOR VEHICLE, FRONT END AT ANGLE",,0,Raining,Wet,Daylight,,4148016.0,,10,Entering at angle,0,0,N
8964,2,-122.3338878,47.60715814,11226,23765,23765,1783388,Matched,Block,,4TH AVE BETWEEN SPRING ST AND SENECA ST,,,2,Injury Collision,Rear Ended,7,0,0,4,2004/09/01 00:00:00+00,9/1/2004,Mid-Block (but intersection related),14,"MOTOR VEHICLE STRUCK MOTOR VEHICLE, REAR END",,0,Clear,Dry,Daylight,,4245019.0,,14,From same direction - both going straight - one stopped - rear-end,0,0,N
8965,1,-122.3082797,47.54717122,11227,23926,23926,1771613,Matched,Block,,SWIFT AVE S BETWEEN 19TH ER AVE S AND S GRAHAM ST,,,1,Property Damage Only Collision,Rear Ended,2,0,0,2,2004/06/05 00:00:00+00,6/5/2004,Mid-Block (but intersection related),14,"MOTOR VEHICLE STRUCK MOTOR VEHICLE, REAR END",,0,Raining,Wet,Daylight,,4157009.0,,14,From same direction - both going straight - one stopped - rear-end,0,0,N
8966,1,-122.32791540000001,47.61457623,11228,24378,24378,1080104,Matched,Block,,MELROSE AVE BETWEEN PIKE ST AND PINE ST,,,1,Property Damage Only Collision,Parked Car,2,0,0,2,2004/06/25 00:00:00+00,6/25/2004 11:30:00 PM,Mid-Block (not related to intersection),0,NOT ENOUGH INFORMATION / NOT APPLICABLE,,0,Clear,Dry,Dark - Street Lights On,,4177038.0,,32,One parked--one moving,0,0,N
8967,1,-122.32295420000001,47.62684948,11229,25027,25027,1787072,Matched,Block,,E ALOHA ST BETWEEN BOYLSTON AVE E AND HARVARD AVE E,,,1,Property Damage Only Collision,Parked Car,2,0,0,2,2004/01/28 00:00:00+00,1/28/2004 12:20:00 PM,Driveway Junction,11,"MOTOR VEHICLE STRUCK MOTOR VEHICLE, FRONT END AT ANGLE",,0,Overcast,Dry,Daylight,,4028036.0,,32,One parked--one moving,0,0,N
8968,1,-122.41090929999999,47.57172923,11230,23860,23860,1798242,Matched,Block,,61ST AVE SW BETWEEN SW SPOKANE ST AND BEACH DR SW,,,1,Property Damage Only Collision,Parked Car,2,0,0,2,2004/10/23 00:00:00+00,10/23/2004 7:00:00 AM,Mid-Block (not related to intersection),11,"MOTOR VEHICLE STRUCK MOTOR VEHICLE, FRONT END AT ANGLE",,0,Clear,Dry,Dark - Street Lights On,,4297031.0,,32,One parked--one moving,0,0,N
8969,1,-122.3884914,47.55818228,11231,24577,24577,1789235,Matched,Block,,ERSKINE WAY SW BETWEEN LEWIS PL SW AND 45TH AVE SW,,,1,Property Damage Only Collision,Other,2,0,0,1,2004/05/07 00:00:00+00,5/7/2004,Mid-Block (not related to intersection),28,MOTOR VEHICLE RAN OFF ROAD - HIT FIXED OBJECT,,0,Clear,Dry,Dark - Street Lights On,,4128005.0,,50,Fixed object,0,0,N
8970,1,-122.40214750000001,47.66346023,11232,24645,24645,1778015,Matched,Block,,W LAWTON ST BETWEEN 34TH AVE W AND 35TH AVE W,,,1,Property Damage Only Collision,Parked Car,2,0,0,2,2004/01/31 00:00:00+00,1/31/2004 10:41:00 PM,Mid-Block (not related to intersection),14,"MOTOR VEHICLE STRUCK MOTOR VEHICLE, REAR END",Y,0,Clear,Wet,Dark - Street Lights On,,4031006.0,,32,One parked--one moving,0,0,N
8971,1,-122.3748949,47.67308769,11233,23411,23411,1774054,Matched,Block,,NW 61ST ST BETWEEN 14TH AVE NW AND 15TH AVE NW,,,1,Property Damage Only Collision,Parked Car,2,0,0,2,2004/01/03 00:00:00+00,1/3/2004,Mid-Block (not related to intersection),14,"MOTOR VEHICLE STRUCK MOTOR VEHICLE, REAR END",,0,Unknown,Unknown,Unknown,,4003003.0,,32,One parked--one moving,0,0,N
8972,1,-122.33911909999999,47.62087652,11234,24804,24804,1214009,Matched,Block,,THOMAS ST BETWEEN 9TH AVE N AND WESTLAKE AVE N,,,1,Property Damage Only Collision,Other,2,0,0,2,2004/07/08 00:00:00+00,7/8/2004,Mid-Block (but intersection related),11,"MOTOR VEHICLE STRUCK MOTOR VEHICLE, FRONT END AT ANGLE",,0,Clear,Dry,Daylight,,4190006.0,,23,From same direction - all others,0,0,N
8973,2,-122.3418281,47.69054209,11235,24104,24104,1773562,Matched,Intersection,37370.0,STONE AVE N AND N 85TH W ST,,,2,Injury Collision,Other,5,0,0,2,2004/03/23 00:00:00+00,3/23/2004 11:32:00 PM,At Intersection (intersection related),26,MOTOR VEHICLE STRUCK OBJECT IN ROAD,,1,Raining,Wet,Dark - Street Lights On,,4083025.0,,49,"Non-domestic animal (deer, bear, elk, etc)",0,0,N
8974,1,-122.3148652,47.69854397,11238,24728,24728,1780237,Matched,Intersection,37505.0,12TH AVE NE AND NE 96TH ST,,,1,Property Damage Only Collision,Angles,2,0,0,2,2004/01/12 00:00:00+00,1/12/2004 3:05:00 PM,At Intersection (intersection related),11,"MOTOR VEHICLE STRUCK MOTOR VEHICLE, FRONT END AT ANGLE",,0,Raining,Wet,Daylight,,4012032.0,,10,Entering at angle,0,0,N
8975,1,-122.33419599999999,47.58927175,11239,24175,24175,1785059,Matched,Block,,1ST AVE S BETWEEN S ATLANTIC ST AND S MASSACHUSETTS ST,,,1,Property Damage Only Collision,Sideswipe,4,0,0,2,2004/10/22 00:00:00+00,10/22/2004 8:23:00 PM,Mid-Block (not related to intersection),16,"MOTOR VEHICLE STRUCK MOTOR VEHICLE, LEFT SIDE SIDESWIPE",,0,Overcast,Dry,Dark - Street Lights On,,4296015.0,,11,From same direction - both going straight - both moving - sideswipe,0,0,N
8976,1,-122.2842855,47.67760056,11240,24367,24367,1220378,Matched,Block,,NE 68TH ST BETWEEN 40TH AVE NE AND 42ND AVE NE,,,1,Property Damage Only Collision,Parked Car,2,0,0,2,2004/08/04 00:00:00+00,8/4/2004,Mid-Block (not related to intersection),16,"MOTOR VEHICLE STRUCK MOTOR VEHICLE, LEFT SIDE SIDESWIPE",Y,0,Overcast,Dry,Daylight,,4217023.0,,32,One parked--one moving,0,0,N
8977,1,-122.3055975,47.61711597,11242,23283,23283,1181123,Matched,Block,,E OLIVE ST BETWEEN 20TH AVE AND 21ST AVE,,,1,Property Damage Only Collision,Other,4,0,0,2,2004/03/16 00:00:00+00,3/16/2004 1:45:00 PM,Mid-Block (not related to intersection),11,"MOTOR VEHICLE STRUCK MOTOR VEHICLE, FRONT END AT ANGLE",,0,Clear,Dry,Daylight,,4076019.0,,23,From same direction - all others,0,0,N
8978,2,-122.3341112,47.69048301,11243,23983,23983,1779859,Matched,Block,,N 85TH ST BETWEEN BURKE AVE N AND MERIDIAN AVE N,,,2,Injury Collision,Head On,2,0,0,2,2004/03/24 00:00:00+00,3/24/2004 7:28:00 AM,Mid-Block (but intersection related),11,"MOTOR VEHICLE STRUCK MOTOR VEHICLE, FRONT END AT ANGLE",,0,Overcast,Wet,Daylight,,4084001.0,Y,24,From opposite direction - both moving - head-on,0,0,N
8979,1,-122.3872247,47.54397488,11246,24273,24273,1798560,Matched,Block,,CALIFORNIA AVE SW BETWEEN FAUNTLEROY WAY SW AND SW HOLLY ST,,,1,Property Damage Only Collision,Rear Ended,4,0,0,3,2004/08/31 00:00:00+00,8/31/2004 3:20:00 PM,Mid-Block (but intersection related),14,"MOTOR VEHICLE STRUCK MOTOR VEHICLE, REAR END",Y,0,Clear,Dry,Daylight,,4244013.0,,14,From same direction - both going straight - one stopped - rear-end,0,0,N
8980,1,-122.31511880000001,47.56018151,11247,24471,24471,1772856,Matched,Block,,S ANGELINE ST BETWEEN 13TH AVE S AND 14TH S AVE S,,,1,Property Damage Only Collision,Parked Car,2,0,0,2,2004/05/29 00:00:00+00,5/29/2004 8:30:00 PM,Mid-Block (not related to intersection),12,"MOTOR VEHICLE STRUCK MOTOR VEHICLE, RIGHT SIDE AT ANGLE",,0,Raining,Wet,Dusk,,4150035.0,,32,One parked--one moving,0,0,N
8981,2,-122.3234249,47.66497661,11248,24187,24187,1779861,Matched,Block,,NE 50TH ST BETWEEN 4TH AVE NE AND 5TH AVE NE,,,2,Injury Collision,Rear Ended,3,0,0,2,2004/04/05 00:00:00+00,4/5/2004,Mid-Block (but intersection related),14,"MOTOR VEHICLE STRUCK MOTOR VEHICLE, REAR END",Y,1,Clear,Dry,Dark - Street Lights On,,4096010.0,,14,From same direction - both going straight - one stopped - rear-end,0,0,N
8982,1,-122.30880400000001,47.57606599,11249,24545,24545,1771332,Matched,Block,,18TH AVE S BETWEEN S STEVENS ST AND S HANFORD ST,,,1,Property Damage Only Collision,Parked Car,2,0,0,2,2004/07/14 00:00:00+00,7/14/2004 12:33:00 PM,Mid-Block (not related to intersection),14,"MOTOR VEHICLE STRUCK MOTOR VEHICLE, REAR END",,0,Unknown,Dry,Dark - Street Lights On,,4196042.0,,32,One parked--one moving,0,0,N
8983,2,-122.3377929,47.60974973,11251,23719,23719,1482854,Matched,Intersection,29587.0,3RD AVE AND PIKE ST,,,2,Injury Collision,Angles,8,0,0,2,2004/06/06 00:00:00+00,6/6/2004,At Intersection (intersection related),11,"MOTOR VEHICLE STRUCK MOTOR VEHICLE, FRONT END AT ANGLE",,0,Clear,Dry,Daylight,,4158012.0,,10,Entering at angle,0,0,N
8984,2,-122.2808485,47.54598762,11252,24286,24286,1327444,Matched,Intersection,33648.0,42ND AVE S AND S GRAHAM ST,,,2,Injury Collision,Angles,4,0,0,2,2004/09/12 00:00:00+00,9/12/2004 4:39:00 PM,At Intersection (intersection related),11,"MOTOR VEHICLE STRUCK MOTOR VEHICLE, FRONT END AT ANGLE",,0,Clear,Dry,Daylight,,4256017.0,,10,Entering at angle,0,0,N
8985,1,-122.31243,47.70656105,11253,24358,24358,1778706,Matched,Block,,15TH AVE NE BETWEEN NE 106TH ST AND NE 107TH ST,,,1,Property Damage Only Collision,Rear Ended,3,0,0,2,2004/01/15 00:00:00+00,1/15/2004 1:00:00 PM,Mid-Block (but intersection related),14,"MOTOR VEHICLE STRUCK MOTOR VEHICLE, REAR END",Y,0,Overcast,Wet,Daylight,,4015014.0,,14,From same direction - both going straight - one stopped - rear-end,0,0,N
8986,1,-122.32192040000001,47.70858579,11254,24997,24997,1220556,Matched,Block,,NE NORTHGATE WAY BETWEEN 5TH AVE NE AND 8TH AVE NE,,,1,Property Damage Only Collision,Rear Ended,4,0,0,3,2004/08/13 00:00:00+00,8/13/2004 3:23:00 PM,Mid-Block (not related to intersection),14,"MOTOR VEHICLE STRUCK MOTOR VEHICLE, REAR END",,0,Clear,Dry,Daylight,,4226038.0,,14,From same direction - both going straight - one stopped - rear-end,0,0,N
8987,2,-122.34827959999998,47.61441995,11255,23270,23270,1482411,Matched,Block,,1ST AVE BETWEEN BATTERY ST AND WALL ST,,,2,Injury Collision,Rear Ended,5,0,0,3,2004/07/11 00:00:00+00,7/11/2004 2:45:00 AM,Mid-Block (not related to intersection),14,"MOTOR VEHICLE STRUCK MOTOR VEHICLE, REAR END",,0,Clear,Dry,Dark - Street Lights On,,4193016.0,Y,14,From same direction - both going straight - one stopped - rear-end,0,0,N
8988,1,-122.3060919,47.61788083,11256,24111,24111,1798888,Matched,Block,,20TH AVE BETWEEN E MADISON ST AND E DENNY WAY,,,1,Property Damage Only Collision,Parked Car,2,0,0,2,2004/09/06 00:00:00+00,9/6/2004,Driveway Junction,13,"MOTOR VEHICLE STRUCK MOTOR VEHICLE, LEFT SIDE AT ANGLE",,0,Clear,Dry,Daylight,,4250013.0,,32,One parked--one moving,0,0,N
8989,2,-122.33713689999999,47.61070944,11257,24164,24164,1069976,Matched,Block,,4TH AVE BETWEEN PIKE ST AND PINE ST,,,2,Injury Collision,Sideswipe,6,0,0,2,2004/09/25 00:00:00+00,9/25/2004 4:00:00 PM,Mid-Block (but intersection related),11,"MOTOR VEHICLE STRUCK MOTOR VEHICLE, FRONT END AT ANGLE",,0,Clear,Dry,Daylight,,4269029.0,,11,From same direction - both going straight - both moving - sideswipe,0,0,N
8990,1,-122.313379,47.58454435,11260,23543,23543,1772990,Matched,Intersection,31256.0,15TH AVE S AND S HILL ST,,,1,Property Damage Only Collision,Rear Ended,2,0,0,2,2004/06/08 00:00:00+00,6/8/2004,At Intersection (but not related to intersection),14,"MOTOR VEHICLE STRUCK MOTOR VEHICLE, REAR END",,0,Clear,Dry,Daylight,,4160018.0,,14,From same direction - both going straight - one stopped - rear-end,0,0,N
8991,2,-122.3173635,47.6720149,11261,24311,24311,1798628,Matched,Intersection,25730.0,ROOSEVELT WAY NE AND NE RAVENNA EB BV,,,2,Injury Collision,Left Turn,2,0,0,2,2004/10/29 00:00:00+00,10/29/2004 9:04:00 PM,At Intersection (intersection related),11,"MOTOR VEHICLE STRUCK MOTOR VEHICLE, FRONT END AT ANGLE",,0,Raining,Wet,Dark - Street Lights On,,4303031.0,,28,From opposite direction - one left turn - one straight,0,0,N
8992,2,-122.3813932,47.57315124,11262,24079,24079,1788931,Matched,Intersection,31831.0,39TH AVE SW AND SW HINDS ST,,,2,Injury Collision,Angles,3,0,0,2,2004/04/05 00:00:00+00,4/5/2004,At Intersection (intersection related),11,"MOTOR VEHICLE STRUCK MOTOR VEHICLE, FRONT END AT ANGLE",,0,Clear,Dry,Daylight,,4096008.0,,10,Entering at angle,0,0,N
8993,1,-122.3167818,47.60218827,11263,24389,24389,1798904,Matched,Block,,12TH AVE BETWEEN E YESLER WAY AND E FIR ST,,,1,Property Damage Only Collision,Rear Ended,2,0,0,2,2004/08/22 00:00:00+00,8/22/2004 1:50:00 AM,Mid-Block (but intersection related),14,"MOTOR VEHICLE STRUCK MOTOR VEHICLE, REAR END",,1,Raining,Wet,Dark - Street Lights On,,4235040.0,,14,From same direction - both going straight - one stopped - rear-end,0,0,N
8994,1,-122.32474930000001,47.6055547,11264,25026,25026,1787050,Matched,Intersection,29959.0,9TH AVE AND JAMES ST,,,1,Property Damage Only Collision,Left Turn,5,0,0,2,2004/05/22 00:00:00+00,5/22/2004 9:22:00 PM,At Intersection (intersection related),11,"MOTOR VEHICLE STRUCK MOTOR VEHICLE, FRONT END AT ANGLE",,0,Clear,Dry,Dark - Street Lights On,,4143019.0,,28,From opposite direction - one left turn - one straight,0,0,N
8995,1,-122.28483700000001,47.55744456,11267,23554,23554,1216938,Matched,Block,,RAINIER AVE S BETWEEN S FERDINAND ST AND S HUDSON ST,,,1,Property Damage Only Collision,Parked Car,2,0,0,2,2004/10/02 00:00:00+00,10/2/2004,Mid-Block (not related to intersection),16,"MOTOR VEHICLE STRUCK MOTOR VEHICLE, LEFT SIDE SIDESWIPE",Y,0,Clear,Dry,Daylight,,4276037.0,,32,One parked--one moving,0,0,N
8996,1,-122.34756809999999,47.62449513,11268,24328,24328,1777049,Matched,Intersection,28914.0,5TH AVE N AND MERCER ST,,,1,Property Damage Only Collision,Sideswipe,3,0,0,2,2004/07/06 00:00:00+00,7/6/2004,At Intersection (intersection related),16,"MOTOR VEHICLE STRUCK MOTOR VEHICLE, LEFT SIDE SIDESWIPE",,0,Overcast,Dry,Daylight,,4188003.0,,11,From same direction - both going straight - both moving - sideswipe,0,0,N
8997,1,-122.37616969999999,47.64294366,11270,24692,24692,1783556,Matched,Intersection,27900.0,15TH AVE W AND GILMAN UPPER DR W,,,1,Property Damage Only Collision,Angles,3,0,0,2,2004/09/04 00:00:00+00,9/4/2004,At Intersection (intersection related),11,"MOTOR VEHICLE STRUCK MOTOR VEHICLE, FRONT END AT ANGLE",,0,Clear,Dry,Daylight,,4248021.0,,10,Entering at angle,0,0,N
8998,2,-122.34479520000001,47.71119659,11272,24052,24052,1219881,Matched,Block,,AURORA AVE N BETWEEN N 112TH ST AND N 115TH ST,,,2,Injury Collision,Rear Ended,3,0,0,2,2004/11/04 00:00:00+00,11/4/2004,Mid-Block (not related to intersection),14,"MOTOR VEHICLE STRUCK MOTOR VEHICLE, REAR END",,0,Clear,Dry,Daylight,,4309022.0,,14,From same direction - both going straight - one stopped - rear-end,0,0,N
8999,1,-122.3555406,47.72050806,11274,24527,24527,1782444,Matched,Block,,GREENWOOD AVE N BETWEEN N 125TH ST AND N 127TH ST,,,1,Property Damage Only Collision,Other,4,0,0,3,2004/07/22 00:00:00+00,7/22/2004 7:52:00 AM,Mid-Block (not related to intersection),14,"MOTOR VEHICLE STRUCK MOTOR VEHICLE, REAR END",Y,0,Clear,Dry,Daylight,,4204014.0,,21,One car entering driveway access,0,0,N
9000,1,-122.3370415,47.66503511,11275,25015,25015,1228564,Matched,Block,,N 50TH ST BETWEEN DENSMORE AVE N AND WALLINGFORD AVE N,,,1,Property Damage Only Collision,Rear Ended,3,0,0,3,2004/03/14 00:00:00+00,3/14/2004 4:00:00 PM,Mid-Block (not related to intersection),14,"MOTOR VEHICLE STRUCK MOTOR VEHICLE, REAR END",,0,Clear,Dry,Daylight,,4074006.0,,13,From same direction - both going straight - both moving - rear-end,0,0,N
9001,2,-122.289375,47.56075627,11277,23836,23836,1771910,Matched,Block,,S ALASKA ST BETWEEN 34TH AVE S AND 35TH AVE S,,,2,Injury Collision,Rear Ended,2,0,0,2,2004/07/04 00:00:00+00,7/4/2004,Mid-Block (but intersection related),14,"MOTOR VEHICLE STRUCK MOTOR VEHICLE, REAR END",,0,Clear,Dry,Dusk,,4186015.0,,14,From same direction - both going straight - one stopped - rear-end,0,0,N
9002,2,-122.3305676,47.61860765,11278,24643,24643,1778012,Matched,Block,,STEWART ST BETWEEN DENNY WAY AND YALE AVE N,,,2,Injury Collision,Rear Ended,2,0,0,2,2004/01/31 00:00:00+00,1/31/2004 12:14:00 AM,Mid-Block (but intersection related),14,"MOTOR VEHICLE STRUCK MOTOR VEHICLE, REAR END",,1,Clear,Dry,Dark - Street Lights On,,4031044.0,,14,From same direction - both going straight - one stopped - rear-end,0,0,N
9003,1,-122.35713200000001,47.66394789,11279,24420,24420,1782406,Matched,Block,,1ST AVE NW BETWEEN NW 48TH ST AND NW 49TH ST,,,1,Property Damage Only Collision,Parked Car,3,0,0,3,2004/02/25 00:00:00+00,2/25/2004 5:50:00 AM,Mid-Block (but intersection related),14,"MOTOR VEHICLE STRUCK MOTOR VEHICLE, REAR END",,0,Clear,Dry,Dark - Street Lights On,,4056025.0,,32,One parked--one moving,0,0,N
9004,2,-122.34638400000001,47.68256917,11280,24466,24466,1782984,Matched,Intersection,24315.0,LINDEN AVE N AND N 74TH ST,,,2,Injury Collision,Angles,2,0,0,2,2004/03/14 00:00:00+00,3/14/2004 7:07:00 AM,At Intersection (intersection related),11,"MOTOR VEHICLE STRUCK MOTOR VEHICLE, FRONT END AT ANGLE",,0,Clear,Dry,Daylight,,4074013.0,,10,Entering at angle,0,0,N
9005,1,-122.3125635,47.66126567,11281,23685,23685,1794728,Matched,Block,,NE 45TH ST BETWEEN UNIVERSITY WAY NE AND 15TH AVE NE,,,1,Property Damage Only Collision,Sideswipe,2,0,0,2,2004/10/08 00:00:00+00,10/8/2004,Mid-Block (not related to intersection),16,"MOTOR VEHICLE STRUCK MOTOR VEHICLE, LEFT SIDE SIDESWIPE",Y,0,Raining,Wet,Daylight,,4282057.0,,11,From same direction - both going straight - both moving - sideswipe,0,0,N
9006,1,-122.3413723,47.61854663,11282,24391,24391,1186744,Matched,Intersection,29514.0,8TH AVE AND DENNY WAY,,,1,Property Damage Only Collision,Left Turn,4,0,0,2,2004/03/11 00:00:00+00,3/11/2004 10:08:00 PM,At Intersection (intersection related),11,"MOTOR VEHICLE STRUCK MOTOR VEHICLE, FRONT END AT ANGLE",,0,Clear,Dry,Dark - Street Lights On,,4071025.0,,28,From opposite direction - one left turn - one straight,0,0,N
9007,2,-122.28410120000001,47.55645048,11284,24301,24301,1787963,Matched,Block,,RAINIER AVE S BETWEEN S HUDSON ST AND 39TH N AVE S,,,2,Injury Collision,Pedestrian,2,1,0,1,2004/07/24 00:00:00+00,7/24/2004 12:48:00 PM,Mid-Block (not related to intersection),24,MOTOR VEHCILE STRUCK PEDESTRIAN,,0,Clear,Dry,Daylight,,4206003.0,,0,Vehicle going straight hits pedestrian,0,0,N
9008,1,-122.31983629999999,47.57187952,11285,23784,23784,1781481,Matched,Block,,WEST SEATTLE BR EB BETWEEN W SEATTLE BR - I5 NB RP AND S COLUMBIAN EB WAY,,,1,Property Damage Only Collision,Sideswipe,2,0,0,2,2004/02/13 00:00:00+00,2/13/2004 11:31:00 AM,Mid-Block (but intersection related),11,"MOTOR VEHICLE STRUCK MOTOR VEHICLE, FRONT END AT ANGLE",,0,Clear,Dry,Daylight,,4044006.0,,11,From same direction - both going straight - both moving - sideswipe,0,0,N
9009,2,-122.352728,47.70145341,11286,24792,24792,1080259,Matched,Intersection,37400.0,DAYTON AVE N AND N 100TH ST,,,2,Injury Collision,Angles,2,0,0,2,2004/07/21 00:00:00+00,7/21/2004 6:31:00 PM,At Intersection (intersection related),11,"MOTOR VEHICLE STRUCK MOTOR VEHICLE, FRONT END AT ANGLE",,0,Clear,Dry,Daylight,,4203024.0,,10,Entering at angle,0,0,N
9010,1,-122.27766409999998,47.55117602,11288,23274,23274,1772955,Matched,Intersection,33512.0,RAINIER AVE S AND S ORCAS ST,,,1,Property Damage Only Collision,Left Turn,2,0,0,2,2004/08/02 00:00:00+00,8/2/2004,At Intersection (intersection related),11,"MOTOR VEHICLE STRUCK MOTOR VEHICLE, FRONT END AT ANGLE",,0,Clear,Dry,Dusk,,4215015.0,,28,From opposite direction - one left turn - one straight,0,0,N