,SEVERITYCODE,X,Y,OBJECTID,INCKEY,COLDETKEY,REPORTNO,STATUS,ADDRTYPE,INTKEY,LOCATION,EXCEPTRSNCODE,EXCEPTRSNDESC,SEVERITYCODE.1,SEVERITYDESC,COLLISIONTYPE,PERSONCOUNT,PEDCOUNT,PEDCYLCOUNT,VEHCOUNT,INCDATE,INCDTTM,JUNCTIONTYPE,SDOT_COLCODE,SDOT_COLDESC,INATTENTIONIND,UNDERINFL,WEATHER,ROADCOND,LIGHTCOND,PEDROWNOTGRNT,SDOTCOLNUM,SPEEDING,ST_COLCODE,ST_COLDESC,SEGLANEKEY,CROSSWALKKEY,HITPARKEDCAR
9011,1,-122.3061364,47.61726332,11289,23693,23693,1189837,Matched,Intersection,30114.0,20TH AVE AND E MADISON ST,,,1,Property Damage Only Collision,Left Turn,3,0,0,2,2004/04/30 00:00:00+00,4/30/2004 6:00:00 PM,At Intersection (intersection related),11,"MOTOR VEHICLE STRUCK MOTOR VEHICLE, FRONT END AT ANGLE",,0,Clear,Dry,Daylight,,4121018.0,,28,From opposite direction - one left turn - one straight,0,0,N
9012,1,-122.3250569,47.59877133,11290,23763,23763,1772869,Matched,Block,,MAYNARD AVE S BETWEEN S JACKSON ST AND S KING ST,,,1,Property Damage Only Collision,Parked Car,2,0,0,2,2004/09/07 00:00:00+00,9/7/2004,Mid-Block (not related to intersection),16,"MOTOR VEHICLE STRUCK MOTOR VEHICLE, LEFT SIDE SIDESWIPE",Y,0,Clear,Dry,Dark - Street Lights On,,4251027.0,,32,One parked--one moving,0,0,N
9013,1,-122.3235006,47.58610117,11291,24056,24056,1777009,Matched,Intersection,31242.0,S HOLGATE BR AND S HOLGATE ST,,,1,Property Damage Only Collision,Right Turn,2,0,0,2,2004/03/13 00:00:00+00,3/13/2004 12:56:00 PM,At Intersection (intersection related),11,"MOTOR VEHICLE STRUCK MOTOR VEHICLE, FRONT END AT ANGLE",,0,Clear,Dry,Daylight,,4073014.0,,16,From same direction - one right turn - one straight,0,0,N
9014,2,-122.3467113,47.70505735,11293,24374,24374,1773943,Matched,Block,,N 105TH ST BETWEEN LINDEN AVE N AND WHITMAN AVE N,,,2,Injury Collision,Rear Ended,2,0,0,2,2004/05/10 00:00:00+00,5/10/2004 2:05:00 PM,Mid-Block (but intersection related),14,"MOTOR VEHICLE STRUCK MOTOR VEHICLE, REAR END",,0,Raining,Wet,Daylight,,4131019.0,,14,From same direction - both going straight - one stopped - rear-end,0,0,N
9015,2,-122.28346359999999,47.53888304,11295,24136,24136,1779586,Matched,Block,,S MYRTLE ST BETWEEN 38TH AVE S AND M L KING JR WR WAY S,,,2,Injury Collision,Other,3,0,0,2,2004/02/06 00:00:00+00,2/6/2004,Driveway Junction,11,"MOTOR VEHICLE STRUCK MOTOR VEHICLE, FRONT END AT ANGLE",,0,Overcast,Wet,Dark - Street Lights On,,4037019.0,,22,One car leaving driveway access,0,0,N
9016,1,-122.3342135,47.607515,11296,23982,23982,1482667,Matched,Intersection,29932.0,4TH AVE AND SENECA ST,,,1,Property Damage Only Collision,Angles,2,0,0,2,2004/05/11 00:00:00+00,5/11/2004 12:02:00 AM,At Intersection (intersection related),11,"MOTOR VEHICLE STRUCK MOTOR VEHICLE, FRONT END AT ANGLE",,0,Raining,Wet,Dark - Street Lights On,,4132002.0,,10,Entering at angle,0,0,N
9017,1,-122.30614650000001,47.71883299,11297,24352,24352,1780897,Matched,Block,,22ND AVE NE BETWEEN DEAD END 1 AND NE 125TH W ST,,,1,Property Damage Only Collision,Parked Car,2,0,0,2,2004/11/03 00:00:00+00,11/3/2004,Mid-Block (not related to intersection),13,"MOTOR VEHICLE STRUCK MOTOR VEHICLE, LEFT SIDE AT ANGLE",,0,Unknown,Unknown,Unknown,,4308022.0,,32,One parked--one moving,0,0,N
9018,2,-122.34885890000001,47.61974391,11298,23551,23551,1214076,Matched,Intersection,28934.0,4TH AVE N AND BROAD ST,,,2,Injury Collision,Pedestrian,2,1,0,1,2004/05/18 00:00:00+00,5/18/2004 10:30:00 PM,At Intersection (intersection related),24,MOTOR VEHCILE STRUCK PEDESTRIAN,,0,Clear,Dry,Dark - Street Lights On,Y,4139024.0,,0,Vehicle going straight hits pedestrian,0,0,N
9019,1,,,11300,24097,24097,1775595,Matched,Alley,,,,,1,Property Damage Only Collision,Other,1,0,0,1,2004/02/11 00:00:00+00,2/11/2004 2:08:00 PM,Mid-Block (not related to intersection),0,NOT ENOUGH INFORMATION / NOT APPLICABLE,,1,Clear,Dry,Daylight,,4042012.0,,50,Fixed object,0,0,N
9020,1,-122.2998735,47.62058541,11301,24258,24258,1789779,Matched,Block,,25TH AVE E BETWEEN E JOHN ST AND E MADISON ST,,,1,Property Damage Only Collision,Parked Car,2,0,0,2,2004/01/02 00:00:00+00,1/2/2004,Mid-Block (not related to intersection),0,NOT ENOUGH INFORMATION / NOT APPLICABLE,,0,Unknown,Unknown,Unknown,,4002007.0,,32,One parked--one moving,0,0,N
9021,2,-122.31767279999998,47.710278499999994,11302,23734,23734,1780975,Matched,Intersection,36538.0,PINEHURST WAY NE AND ROOSEVELT N WAY NE,,,2,Injury Collision,Left Turn,2,0,0,2,2004/02/18 00:00:00+00,2/18/2004 3:24:00 PM,At Intersection (intersection related),11,"MOTOR VEHICLE STRUCK MOTOR VEHICLE, FRONT END AT ANGLE",,0,Clear,Dry,Daylight,,4049033.0,,28,From opposite direction - one left turn - one straight,0,0,N
9022,1,-122.3767307,47.52196692,11304,23781,23781,1781335,Matched,Block,,35TH AVE SW BETWEEN SW HENDERSON ST AND SW BARTON ST,,,1,Property Damage Only Collision,Sideswipe,3,0,0,2,2004/04/30 00:00:00+00,4/30/2004 10:07:00 AM,Mid-Block (not related to intersection),16,"MOTOR VEHICLE STRUCK MOTOR VEHICLE, LEFT SIDE SIDESWIPE",,0,Clear,Dry,Daylight,,4121023.0,,11,From same direction - both going straight - both moving - sideswipe,0,0,N
9023,1,-122.30304040000001,47.62137823,11305,24796,24796,1789739,Matched,Block,,E THOMAS ST BETWEEN 22ND AVE E AND 23RD AVE E,,,1,Property Damage Only Collision,Parked Car,2,0,0,2,2004/01/18 00:00:00+00,1/18/2004 4:56:00 AM,Mid-Block (not related to intersection),14,"MOTOR VEHICLE STRUCK MOTOR VEHICLE, REAR END",,1,Raining,Wet,Dark - Street Lights On,,4018004.0,Y,32,One parked--one moving,0,0,N
9024,2,-122.31452979999999,47.57162418,11307,23570,23570,1784460,Matched,Intersection,32247.0,S COLUMBIAN WAY AND S SPOKANE ST,,,2,Injury Collision,Angles,2,0,0,2,2004/11/04 00:00:00+00,11/4/2004,At Intersection (intersection related),11,"MOTOR VEHICLE STRUCK MOTOR VEHICLE, FRONT END AT ANGLE",,0,Clear,Dry,Daylight,,4309019.0,,10,Entering at angle,0,0,N
9025,1,-122.282219,47.61495627,11308,24118,24118,1788747,Matched,Block,,40TH AVE BETWEEN DEAD END AND E PINE ST,,,1,Property Damage Only Collision,Parked Car,2,0,0,2,2004/08/28 00:00:00+00,8/28/2004 12:50:00 PM,Mid-Block (not related to intersection),15,"MOTOR VEHICLE STRUCK MOTOR VEHICLE, RIGHT SIDE SIDESWIPE",,0,Clear,Dry,Daylight,,4241010.0,,32,One parked--one moving,0,0,N
9026,1,-122.31236340000001,47.59160643,11309,23764,23764,1772985,Matched,Intersection,30807.0,STURGUS AVE S AND S JUDKINS ST,,,1,Property Damage Only Collision,Other,1,0,0,1,2004/04/25 00:00:00+00,4/25/2004 2:16:00 AM,At Intersection (intersection related),26,MOTOR VEHICLE STRUCK OBJECT IN ROAD,Y,0,Clear,Dry,Dark - Street Lights On,,4116004.0,,50,Fixed object,0,0,N
9027,2,-122.328861,47.60334107,11310,24496,24496,1216972,Matched,Block,,5TH AVE BETWEEN JEFFERSON ST AND JAMES ST,,,2,Injury Collision,Parked Car,4,0,0,2,2004/09/07 00:00:00+00,9/7/2004,Mid-Block (not related to intersection),14,"MOTOR VEHICLE STRUCK MOTOR VEHICLE, REAR END",,0,Clear,Dry,Daylight,,4251017.0,,32,One parked--one moving,0,0,N
9028,1,-122.356977,47.63413623,11312,23257,23257,1213779,Matched,Block,,QUEEN ANNE AVE N BETWEEN GARFIELD ST AND BLAINE ST,,,1,Property Damage Only Collision,Parked Car,3,0,0,3,2004/04/07 00:00:00+00,4/7/2004,Driveway Junction,13,"MOTOR VEHICLE STRUCK MOTOR VEHICLE, LEFT SIDE AT ANGLE",,0,Clear,Dry,Daylight,,4098007.0,,32,One parked--one moving,0,0,N
9029,1,-122.3457269,47.68222785,11314,24094,24094,1793680,Matched,Block,,WINONA AVE N BETWEEN LINDEN AVE N AND N 74TH ST,,,1,Property Damage Only Collision,Parked Car,2,0,0,2,2004/06/10 00:00:00+00,6/10/2004 8:25:00 PM,Mid-Block (not related to intersection),14,"MOTOR VEHICLE STRUCK MOTOR VEHICLE, REAR END",,0,Overcast,Dry,Dusk,,4162035.0,,32,One parked--one moving,0,0,N
9030,1,-122.3252496,47.6794347,11315,24544,24544,1080081,Matched,Block,,NE RAVENNA WB BV BETWEEN NE 71ST ST AND WOODLAWN AVE NE,,,1,Property Damage Only Collision,Parked Car,3,0,0,2,2004/07/12 00:00:00+00,7/12/2004 7:35:00 PM,Mid-Block (not related to intersection),11,"MOTOR VEHICLE STRUCK MOTOR VEHICLE, FRONT END AT ANGLE",Y,0,Clear,Dry,Daylight,,4194005.0,,32,One parked--one moving,0,0,N
9031,2,-122.2797419,47.51942161,11317,24009,24009,1327437,Matched,Block,,M L KING JR ER WAY S BETWEEN S DIRECTOR ST AND MERTON WAY S,,,2,Injury Collision,Rear Ended,3,0,0,2,2004/06/03 00:00:00+00,6/3/2004,Mid-Block (not related to intersection),14,"MOTOR VEHICLE STRUCK MOTOR VEHICLE, REAR END",,0,Clear,Dry,Daylight,,4155008.0,,14,From same direction - both going straight - one stopped - rear-end,0,0,N
9032,1,-122.3029095,47.58454186,11318,24444,24444,1786025,Matched,Intersection,31562.0,23RD AVE S AND RAINIER AVE S,,,1,Property Damage Only Collision,Angles,2,0,0,2,2004/01/12 00:00:00+00,1/12/2004 2:30:00 PM,At Intersection (intersection related),11,"MOTOR VEHICLE STRUCK MOTOR VEHICLE, FRONT END AT ANGLE",,0,Overcast,Dry,Daylight,,4012033.0,,10,Entering at angle,0,0,N
9033,1,,,11319,24769,24769,1781153,Matched,Alley,,,,,1,Property Damage Only Collision,Other,1,0,0,1,2004/04/24 00:00:00+00,4/24/2004 11:32:00 PM,,0,NOT ENOUGH INFORMATION / NOT APPLICABLE,,0,Clear,Dry,Dark - No Street Lights,,4115014.0,,50,Fixed object,0,0,N
9034,1,-122.3209152,47.62255713,11320,25286,25286,1788272,Matched,Block,,BROADWAY E BETWEEN E HARRISON ST AND E REPUBLICAN ST,,,1,Property Damage Only Collision,Parked Car,2,0,0,2,2004/04/10 00:00:00+00,4/10/2004 8:30:00 PM,Mid-Block (not related to intersection),11,"MOTOR VEHICLE STRUCK MOTOR VEHICLE, FRONT END AT ANGLE",,0,Clear,Dry,Dark - Street Lights On,,4101024.0,,32,One parked--one moving,0,0,N
9035,1,-122.30361809999998,47.61711023,11321,23125,23125,1216626,Matched,Intersection,30112.0,22ND AVE AND E OLIVE ST,,,1,Property Damage Only Collision,Angles,2,0,0,2,2004/06/12 00:00:00+00,6/12/2004 8:23:00 PM,At Intersection (intersection related),11,"MOTOR VEHICLE STRUCK MOTOR VEHICLE, FRONT END AT ANGLE",,0,Raining,Wet,Dusk,,4164014.0,,10,Entering at angle,0,0,N
9036,2,-122.3123195,47.54954071,11322,23967,23967,1779601,Matched,Intersection,33382.0,16TH AVE S AND SWIFT AVE S,,,2,Injury Collision,Other,4,0,0,2,2004/01/15 00:00:00+00,1/15/2004 8:26:00 AM,At Intersection (intersection related),11,"MOTOR VEHICLE STRUCK MOTOR VEHICLE, FRONT END AT ANGLE",,0,Raining,Wet,Daylight,,4015008.0,,23,From same direction - all others,0,0,N
9037,1,-122.3045913,47.6489974,11324,24483,24483,1794628,Matched,Intersection,27299.0,MONTLAKE BLVD NE AND NE PACIFIC ST,,,1,Property Damage Only Collision,Cycles,2,0,1,1,2004/10/01 00:00:00+00,10/1/2004,At Intersection (intersection related),18,"MOTOR VEHICLE STRUCK PEDALCYCLIST, FRONT END AT ANGLE",,0,Clear,Dry,Daylight,Y,4275009.0,,45,Vehicle - Pedalcyclist,0,0,N
9038,1,-122.316773,47.62196577,11325,24414,24414,1772284,Matched,Intersection,29028.0,12TH AVE E AND E HARRISON ST,,,1,Property Damage Only Collision,Angles,2,0,0,2,2004/04/24 00:00:00+00,4/24/2004 8:46:00 PM,At Intersection (intersection related),11,"MOTOR VEHICLE STRUCK MOTOR VEHICLE, FRONT END AT ANGLE",,0,Clear,Dry,Dusk,,4115018.0,,10,Entering at angle,0,0,N
9039,1,-122.3002615,47.58111836,11326,23402,23402,1772994,Matched,Block,,RAINIER AVE S BETWEEN 25TH AVE S AND S BAYVIEW ST,,,1,Property Damage Only Collision,Rear Ended,2,0,0,2,2004/06/17 00:00:00+00,6/17/2004 8:45:00 AM,Mid-Block (but intersection related),14,"MOTOR VEHICLE STRUCK MOTOR VEHICLE, REAR END",,0,Clear,Dry,Daylight,,4169022.0,,14,From same direction - both going straight - one stopped - rear-end,0,0,N
9040,1,-122.3558379,47.51736084,11327,24307,24307,1778359,Matched,Block,,SW ROXBURY ST BETWEEN DELRIDGE WAY SW AND 17TH AVE SW,,,1,Property Damage Only Collision,Right Turn,2,0,0,2,2004/06/03 00:00:00+00,6/3/2004,Mid-Block (but intersection related),14,"MOTOR VEHICLE STRUCK MOTOR VEHICLE, REAR END",,0,Clear,Dry,Daylight,,4155010.0,,16,From same direction - one right turn - one straight,0,0,N
9041,1,-122.33643020000001,47.6082597,11328,23917,23917,1475093,Matched,Block,,3RD AVE BETWEEN UNIVERSITY ST AND UNION ST,,,1,Property Damage Only Collision,Other,3,0,0,2,2004/01/26 00:00:00+00,1/26/2004 3:20:00 PM,Mid-Block (not related to intersection),11,"MOTOR VEHICLE STRUCK MOTOR VEHICLE, FRONT END AT ANGLE",,0,Clear,Dry,Daylight,,4026002.0,,23,From same direction - all others,0,0,N
9042,1,-122.38066540000001,47.52984875,11329,23938,23938,1798453,Matched,Block,,SW SOUTHERN ST BETWEEN 37TH AVE SW AND 39TH AVE SW,,,1,Property Damage Only Collision,Parked Car,2,0,0,2,2004/07/04 00:00:00+00,7/4/2004,Mid-Block (not related to intersection),11,"MOTOR VEHICLE STRUCK MOTOR VEHICLE, FRONT END AT ANGLE",,0,Clear,Dry,Dark - Street Lights On,,4186036.0,,32,One parked--one moving,0,0,N
9043,1,-122.32905600000001,47.58085271,11330,24678,24678,1777417,Matched,Block,,4TH AVE S BETWEEN S STACY ST AND S LANDER ST,,,1,Property Damage Only Collision,Other,2,0,0,2,2004/05/08 00:00:00+00,5/8/2004,Driveway Junction,11,"MOTOR VEHICLE STRUCK MOTOR VEHICLE, FRONT END AT ANGLE",,0,Clear,Dry,Daylight,,4129036.0,,22,One car leaving driveway access,0,0,N
9044,1,-122.2864886,47.5601082,11331,24881,24881,1788333,Matched,Block,,RAINIER AVE S BETWEEN S ALASKA ST AND S ANGELINE ST,,,1,Property Damage Only Collision,Sideswipe,4,0,0,2,2004/08/13 00:00:00+00,8/13/2004 7:50:00 PM,Mid-Block (but intersection related),16,"MOTOR VEHICLE STRUCK MOTOR VEHICLE, LEFT SIDE SIDESWIPE",,0,Clear,Dry,Daylight,,4226013.0,,12,From same direction - both going straight - one stopped - sideswipe,0,0,N
9045,1,-122.2721868,47.54158539,11332,23862,23862,1316945,Matched,Block,,RAINIER AVE S BETWEEN S HOLLY ST AND S WILLOW ST,,,1,Property Damage Only Collision,Rear Ended,2,0,0,2,2004/04/22 00:00:00+00,4/22/2004 12:30:00 PM,Mid-Block (but intersection related),14,"MOTOR VEHICLE STRUCK MOTOR VEHICLE, REAR END",Y,0,Clear,Dry,Daylight,,4113036.0,,14,From same direction - both going straight - one stopped - rear-end,0,0,N
9046,2,-122.3325818,47.60572989,11333,24127,24127,1777413,Matched,Block,,4TH AVE BETWEEN MARION ST AND MADISON ST,,,2,Injury Collision,Rear Ended,2,0,0,2,2004/04/06 00:00:00+00,4/6/2004,Mid-Block (not related to intersection),14,"MOTOR VEHICLE STRUCK MOTOR VEHICLE, REAR END",,0,Clear,Dry,Daylight,,4097040.0,,14,From same direction - both going straight - one stopped - rear-end,0,0,N
9047,2,-122.326697,47.60252922,11335,24324,24324,1776485,Matched,Block,,6TH AVE BETWEEN YESLER WAY AND 6TH AV ON RP,,,2,Injury Collision,Rear Ended,5,0,0,2,2004/06/12 00:00:00+00,6/12/2004 1:55:00 PM,Mid-Block (but intersection related),14,"MOTOR VEHICLE STRUCK MOTOR VEHICLE, REAR END",Y,0,Clear,Dry,Daylight,,4164040.0,,13,From same direction - both going straight - both moving - rear-end,0,0,N
9048,1,-122.3109358,47.68838022,11339,24740,24740,1773761,Matched,Block,,LAKE CITY WAY NE BETWEEN 16TH AVE NE AND NE 82ND ST,,,1,Property Damage Only Collision,Angles,3,0,0,3,2004/01/15 00:00:00+00,1/15/2004 5:31:00 PM,Mid-Block (but intersection related),16,"MOTOR VEHICLE STRUCK MOTOR VEHICLE, LEFT SIDE SIDESWIPE",,0,Overcast,Dry,Dark - Street Lights On,,4015024.0,,10,Entering at angle,0,0,N
9049,1,-122.3141523,47.60804798,11341,24232,24232,1789838,Matched,Intersection,29804.0,14TH AVE AND E CHERRY ST,,,1,Property Damage Only Collision,Angles,2,0,0,2,2004/02/22 00:00:00+00,2/22/2004 9:00:00 AM,At Intersection (intersection related),11,"MOTOR VEHICLE STRUCK MOTOR VEHICLE, FRONT END AT ANGLE",,0,Clear,Dry,Daylight,,4053008.0,,10,Entering at angle,0,0,N
9050,1,-122.36093159999999,47.73321896,11342,24794,24794,1475219,Matched,Intersection,35584.0,3RD AVE NW AND NW 144TH ST,,,1,Property Damage Only Collision,Other,4,0,0,2,2004/05/24 00:00:00+00,5/24/2004 12:34:00 PM,At Intersection (intersection related),11,"MOTOR VEHICLE STRUCK MOTOR VEHICLE, FRONT END AT ANGLE",Y,0,Clear,Dry,Daylight,,4145027.0,,23,From same direction - all others,0,0,N
9051,2,-122.3313425,47.60773005,11343,25155,25155,1785002,Matched,Intersection,29934.0,6TH AVE AND SPRING ST,,,2,Injury Collision,Pedestrian,3,1,0,1,2004/09/16 00:00:00+00,9/16/2004 9:45:00 PM,At Intersection (intersection related),24,MOTOR VEHCILE STRUCK PEDESTRIAN,,0,Raining,Wet,Dark - Street Lights On,,4260015.0,,2,Vehicle turning left hits pedestrian,0,0,N
9052,1,-122.32861499999999,47.6613615,11344,23851,23851,1079928,Matched,Block,,N 45TH ST BETWEEN EASTERN AVE N AND 1ST AVE NE,,,1,Property Damage Only Collision,Parked Car,2,0,0,2,2004/07/30 00:00:00+00,7/30/2004 5:00:00 PM,Mid-Block (not related to intersection),12,"MOTOR VEHICLE STRUCK MOTOR VEHICLE, RIGHT SIDE AT ANGLE",,0,Unknown,Dry,Daylight,,4212041.0,,32,One parked--one moving,0,0,N
9053,1,-122.31323400000001,47.6143061,11346,24042,24042,1786965,Matched,Block,,E MADISON ST BETWEEN E PIKE ST AND 15TH AVE,,,1,Property Damage Only Collision,Sideswipe,3,0,0,2,2004/11/12 00:00:00+00,11/12/2004 9:43:00 AM,Mid-Block (but intersection related),16,"MOTOR VEHICLE STRUCK MOTOR VEHICLE, LEFT SIDE SIDESWIPE",,0,Fog/Smog/Smoke,Dry,Daylight,,4317011.0,,11,From same direction - both going straight - both moving - sideswipe,0,0,N
9054,2,-122.2815463,47.53797,11347,24816,24816,1771687,Matched,Block,,M L KING JR ER WAY S BETWEEN S MYRTLE ST AND S OTHELLO ST,,,2,Injury Collision,Other,1,0,0,1,2004/02/14 00:00:00+00,2/14/2004 11:12:00 AM,Mid-Block (but intersection related),28,MOTOR VEHICLE RAN OFF ROAD - HIT FIXED OBJECT,,0,Overcast,Wet,Daylight,,4045024.0,Y,50,Fixed object,0,0,N
9055,1,-122.3214477,47.61407092,11349,24312,24312,1788658,Matched,Block,,E PIKE ST BETWEEN HARVARD AVE AND BROADWAY,,,1,Property Damage Only Collision,Parked Car,3,0,0,2,2004/01/11 00:00:00+00,1/11/2004 2:15:00 AM,Mid-Block (not related to intersection),11,"MOTOR VEHICLE STRUCK MOTOR VEHICLE, FRONT END AT ANGLE",,0,Overcast,Dry,Dark - Street Lights On,,4011013.0,,32,One parked--one moving,0,0,N
9056,1,-122.35080459999999,47.70506577,11350,24099,24099,1775991,Matched,Intersection,37382.0,EVANSTON AVE N AND N 105TH E ST,,,1,Property Damage Only Collision,Angles,6,0,0,3,2004/01/31 00:00:00+00,1/31/2004 4:36:00 PM,At Intersection (intersection related),11,"MOTOR VEHICLE STRUCK MOTOR VEHICLE, FRONT END AT ANGLE",,0,Raining,Wet,Daylight,,4031024.0,,10,Entering at angle,0,0,N
9057,2,-122.3104057,47.6887506,11352,23876,23876,1944651,Matched,Block,,LAKE CITY WAY NE BETWEEN NE 82ND ST AND 17TH AVE NE,,,2,Injury Collision,Rear Ended,2,0,0,2,2004/11/23 00:00:00+00,11/23/2004 4:37:00 PM,Mid-Block (not related to intersection),14,"MOTOR VEHICLE STRUCK MOTOR VEHICLE, REAR END",,0,Raining,Wet,Dark - Street Lights On,,4328028.0,Y,14,From same direction - both going straight - one stopped - rear-end,0,0,N
9058,1,-122.322809,47.61755853,11353,24450,24450,1787310,Matched,Block,,E HOWELL ST BETWEEN BOYLSTON S AVE AND HARVARD AVE,,,1,Property Damage Only Collision,Parked Car,4,0,0,2,2004/08/11 00:00:00+00,8/11/2004 11:26:00 AM,Mid-Block (not related to intersection),11,"MOTOR VEHICLE STRUCK MOTOR VEHICLE, FRONT END AT ANGLE",,0,Clear,Dry,Daylight,,4224034.0,,20,One car leaving parked position,0,0,N
9059,1,-122.3162482,47.52644473,11355,24653,24653,1790687,Matched,Block,,S CLOVERDALE ST BETWEEN 12TH AVE S AND 14TH AVE S,,,1,Property Damage Only Collision,Other,2,0,0,2,2004/09/23 00:00:00+00,9/23/2004 10:05:00 AM,Mid-Block (but intersection related),11,"MOTOR VEHICLE STRUCK MOTOR VEHICLE, FRONT END AT ANGLE",,0,Overcast,Dry,Daylight,,4267042.0,,23,From same direction - all others,0,0,N
9060,2,-122.271247,47.540249700000004,11356,24866,24866,1325994,Matched,Block,,RAINIER AVE S BETWEEN S WILLOW ST AND S FRONTENAC ST,,,2,Injury Collision,Rear Ended,5,0,0,2,2004/02/18 00:00:00+00,2/18/2004 8:40:00 PM,Mid-Block (but intersection related),14,"MOTOR VEHICLE STRUCK MOTOR VEHICLE, REAR END",,0,Clear,Dry,Dark - Street Lights On,,4049015.0,,14,From same direction - both going straight - one stopped - rear-end,0,0,N
9061,1,-122.275947,47.55338653,11358,23831,23831,1793228,Matched,Block,,S BRANDON ST BETWEEN 45TH AVE S AND 46TH AVE S,,,1,Property Damage Only Collision,Parked Car,2,0,0,2,2004/08/26 00:00:00+00,8/26/2004 12:59:00 PM,Mid-Block (but intersection related),14,"MOTOR VEHICLE STRUCK MOTOR VEHICLE, REAR END",,0,Clear,Unknown,Daylight,,4239022.0,,32,One parked--one moving,0,0,N
9062,1,-122.3606169,47.62626233,11359,24168,24168,1777131,Matched,Block,,3RD AVE W BETWEEN W ROY ST AND W OLYMPIC PL,,,1,Property Damage Only Collision,Parked Car,2,0,0,2,2004/01/06 00:00:00+00,1/6/2004,Mid-Block (not related to intersection),13,"MOTOR VEHICLE STRUCK MOTOR VEHICLE, LEFT SIDE AT ANGLE",,0,Snowing,Snow/Slush,Daylight,,4006001.0,,32,One parked--one moving,0,0,N
9063,1,,,11360,24788,24788,1080373,Matched,Block,,ALASKAN WY VI NB BETWEEN BATTERY ST TUN ON RP AND WESTERN AV OFF RP,,,1,Property Damage Only Collision,Rear Ended,3,0,0,2,2004/07/28 00:00:00+00,7/28/2004 3:00:00 PM,Mid-Block (not related to intersection),14,"MOTOR VEHICLE STRUCK MOTOR VEHICLE, REAR END",,0,Other,Unknown,Daylight,,4210035.0,,13,From same direction - both going straight - both moving - rear-end,0,0,N
9064,1,-122.36095970000001,47.54122048,11363,24309,24309,C650825,Matched,Block,,DELRIDGE WAY SW BETWEEN SW WILLOW ST AND CROFT PL SW,,,1,Property Damage Only Collision,Other,2,0,0,2,2004/12/20 00:00:00+00,12/20/2004 11:55:00 AM,Driveway Junction,11,"MOTOR VEHICLE STRUCK MOTOR VEHICLE, FRONT END AT ANGLE",,0,Clear,Dry,Daylight,,4355047.0,,22,One car leaving driveway access,0,0,N
9065,1,-122.3959658,47.54733658,11364,23803,23803,1798284,Matched,Block,,50TH AVE SW BETWEEN DEAD END 3 AND SW GRAHAM ST,,,1,Property Damage Only Collision,Parked Car,2,0,0,2,2004/08/18 00:00:00+00,8/18/2004 12:27:00 AM,Mid-Block (not related to intersection),13,"MOTOR VEHICLE STRUCK MOTOR VEHICLE, LEFT SIDE AT ANGLE",,0,Clear,Dry,Dark - Street Lights On,,4231010.0,,32,One parked--one moving,0,0,N
9066,2,-122.28079709999999,47.53623841,11368,24726,24726,1779336,Matched,Block,,M L KING JR ER WAY S BETWEEN S OTHELLO ST AND RENTON S AVE S,,,2,Injury Collision,Other,3,0,0,2,2004/05/27 00:00:00+00,5/27/2004 12:16:00 PM,Driveway Junction,11,"MOTOR VEHICLE STRUCK MOTOR VEHICLE, FRONT END AT ANGLE",,0,Raining,Wet,Daylight,,4148014.0,,22,One car leaving driveway access,0,0,N
9067,1,-122.3283606,47.66610762,11369,25280,25280,1780675,Matched,Block,,1ST AVE NE BETWEEN NE 51ST ST AND NE 52ND ST,,,1,Property Damage Only Collision,Parked Car,2,0,0,2,2004/03/02 00:00:00+00,3/2/2004,Mid-Block (not related to intersection),15,"MOTOR VEHICLE STRUCK MOTOR VEHICLE, RIGHT SIDE SIDESWIPE",,0,Unknown,Unknown,Unknown,,4062006.0,,32,One parked--one moving,0,0,N
9068,1,-122.3393858,47.56969259,11370,23412,23412,1789079,Matched,Block,,ALASKAN WY VI SB BETWEEN ALASKAN WY VI SB WSB WB OFF RP AND EAST MARGINAL WAY S,,,1,Property Damage Only Collision,Other,1,0,0,1,2004/01/02 00:00:00+00,1/2/2004,Mid-Block (not related to intersection),28,MOTOR VEHICLE RAN OFF ROAD - HIT FIXED OBJECT,,0,Overcast,Ice,Dark - Street Lights On,,4002010.0,Y,50,Fixed object,0,0,N
9069,2,-122.2545366,47.50635283,11372,24245,24245,1771926,Matched,Intersection,38250.0,RENTON AVE S AND S BANGOR ST,,,2,Injury Collision,Left Turn,2,0,0,2,2004/03/12 00:00:00+00,3/12/2004 9:23:00 PM,At Intersection (intersection related),11,"MOTOR VEHICLE STRUCK MOTOR VEHICLE, FRONT END AT ANGLE",,0,Clear,Dry,Dark - Street Lights On,,4072016.0,,28,From opposite direction - one left turn - one straight,0,0,N
9070,1,-122.3419821,47.61421489,11373,24756,24756,1784940,Matched,Block,,4TH AVE BETWEEN LENORA ST AND BLANCHARD ST,,,1,Property Damage Only Collision,Sideswipe,3,0,0,2,2004/11/27 00:00:00+00,11/27/2004 4:00:00 PM,Mid-Block (not related to intersection),16,"MOTOR VEHICLE STRUCK MOTOR VEHICLE, LEFT SIDE SIDESWIPE",,0,Clear,Dry,Dusk,,4332015.0,,11,From same direction - both going straight - both moving - sideswipe,0,0,N
9071,1,-122.3150205,47.60000951,11375,23108,23108,1788098,Matched,Block,,S MAIN ST BETWEEN BOREN AVE S AND 14TH AVE S,,,1,Property Damage Only Collision,Parked Car,2,0,0,2,2004/11/01 00:00:00+00,11/1/2004,Mid-Block (not related to intersection),14,"MOTOR VEHICLE STRUCK MOTOR VEHICLE, REAR END",,0,Raining,Wet,Daylight,,4306021.0,,20,One car leaving parked position,0,0,N