,SEVERITYCODE,X,Y,OBJECTID,INCKEY,COLDETKEY,REPORTNO,STATUS,ADDRTYPE,INTKEY,LOCATION,EXCEPTRSNCODE,EXCEPTRSNDESC,SEVERITYCODE.1,SEVERITYDESC,COLLISIONTYPE,PERSONCOUNT,PEDCOUNT,PEDCYLCOUNT,VEHCOUNT,INCDATE,INCDTTM,JUNCTIONTYPE,SDOT_COLCODE,SDOT_COLDESC,INATTENTIONIND,UNDERINFL,WEATHER,ROADCOND,LIGHTCOND,PEDROWNOTGRNT,SDOTCOLNUM,SPEEDING,ST_COLCODE,ST_COLDESC,SEGLANEKEY,CROSSWALKKEY,HITPARKEDCAR
9072,1,-122.2991597,47.57967346,11376,23779,23779,1771727,Matched,Block,,RAINIER AVE S BETWEEN S BAYVIEW ST AND S MCCLELLAN ST,,,1,Property Damage Only Collision,Sideswipe,5,0,0,2,2004/05/10 00:00:00+00,5/10/2004 7:40:00 PM,Mid-Block (not related to intersection),16,"MOTOR VEHICLE STRUCK MOTOR VEHICLE, LEFT SIDE SIDESWIPE",,0,Overcast,Wet,Daylight,,4131003.0,,11,From same direction - both going straight - both moving - sideswipe,0,0,N
9073,2,-122.31953929999999,47.6199172,11377,25483,25483,1799053,Matched,Intersection,29053.0,10TH AVE E AND E JOHN ST,,,2,Injury Collision,Angles,2,0,0,2,2004/09/15 00:00:00+00,9/15/2004 5:05:00 PM,At Intersection (intersection related),11,"MOTOR VEHICLE STRUCK MOTOR VEHICLE, FRONT END AT ANGLE",,0,Clear,Dry,Daylight,,4259016.0,,10,Entering at angle,0,0,N
9074,1,-122.32791540000001,47.61457623,11378,25047,25047,1772474,Matched,Block,,MELROSE AVE BETWEEN PIKE ST AND PINE ST,,,1,Property Damage Only Collision,Parked Car,2,0,0,2,2004/08/12 00:00:00+00,8/12/2004 12:34:00 PM,Mid-Block (not related to intersection),13,"MOTOR VEHICLE STRUCK MOTOR VEHICLE, LEFT SIDE AT ANGLE",,0,Clear,Dry,Daylight,,4225014.0,,32,One parked--one moving,0,0,N
9075,1,-122.3170723,47.64626614,11379,26334,26334,1790127,Matched,Block,,BOYER AVE E BETWEEN E HAMLIN ST AND FUHRMAN AVE E,,,1,Property Damage Only Collision,Parked Car,2,0,0,2,2004/03/20 00:00:00+00,3/20/2004 5:10:00 PM,Mid-Block (not related to intersection),14,"MOTOR VEHICLE STRUCK MOTOR VEHICLE, REAR END",,0,Clear,Dry,Daylight,,4080019.0,,32,One parked--one moving,0,0,N
9076,2,-122.3148692,47.61362457,11380,26513,26513,1772406,Matched,Block,,E MADISON ST BETWEEN 13TH AVE AND 14TH AVE,,,2,Injury Collision,Rear Ended,3,0,0,2,2004/10/06 00:00:00+00,10/6/2004,Mid-Block (not related to intersection),14,"MOTOR VEHICLE STRUCK MOTOR VEHICLE, REAR END",,0,Overcast,Dry,Daylight,,4280020.0,,14,From same direction - both going straight - one stopped - rear-end,0,0,N
9077,1,-122.33917360000001,47.61372707,11381,27013,27013,1778265,Matched,Intersection,29549.0,5TH AVE AND VIRGINIA ST,,,1,Property Damage Only Collision,Left Turn,5,0,0,2,2004/08/05 00:00:00+00,8/5/2004,At Intersection (intersection related),11,"MOTOR VEHICLE STRUCK MOTOR VEHICLE, FRONT END AT ANGLE",,0,Clear,Dry,Dark - Street Lights On,,4218030.0,,15,From same direction - one left turn - one straight,0,0,N
9078,1,-122.30223490000002,47.59980258,11382,25468,25468,1795831,Matched,Block,,23RD AVE S BETWEEN S MAIN ST AND S JACKSON ST,,,1,Property Damage Only Collision,Sideswipe,2,0,0,2,2004/09/24 00:00:00+00,9/24/2004 10:49:00 AM,Mid-Block (not related to intersection),16,"MOTOR VEHICLE STRUCK MOTOR VEHICLE, LEFT SIDE SIDESWIPE",,0,Clear,Dry,Daylight,,4268040.0,,11,From same direction - both going straight - both moving - sideswipe,0,0,N
9079,1,-122.2931307,47.53686753,11383,25678,25678,1793330,Matched,Block,,S OTHELLO ST BETWEEN BEACON WR AVE S AND BEACON ER AVE S,,,1,Property Damage Only Collision,Other,2,0,0,2,2004/08/25 00:00:00+00,8/25/2004 5:00:00 PM,Mid-Block (not related to intersection),11,"MOTOR VEHICLE STRUCK MOTOR VEHICLE, FRONT END AT ANGLE",,0,Overcast,Wet,Daylight,,4238006.0,,23,From same direction - all others,0,0,N
9080,1,-122.3286131,47.7077206,11384,25237,25237,1780094,Matched,Block,,1ST AVE NE BETWEEN I5 NB 1ST AV NE OFF RP AND NE NORTHGATE WAY,,,1,Property Damage Only Collision,Other,1,0,0,1,2004/11/24 00:00:00+00,11/24/2004 2:03:00 PM,Mid-Block (but intersection related),28,MOTOR VEHICLE RAN OFF ROAD - HIT FIXED OBJECT,,0,Raining,Dry,Daylight,,4329009.0,Y,52,Vehicle overturned,0,0,N
9081,1,-122.28874779999998,47.56614569,11385,26386,26386,1779608,Matched,Intersection,32695.0,RAINIER AVE S AND S DAKOTA ST,,,1,Property Damage Only Collision,Angles,2,0,0,2,2004/09/08 00:00:00+00,9/8/2004,At Intersection (intersection related),11,"MOTOR VEHICLE STRUCK MOTOR VEHICLE, FRONT END AT ANGLE",,0,Clear,Dry,Daylight,,4252035.0,,10,Entering at angle,0,0,N
9082,1,-122.31789409999999,47.53708811,11386,26003,26003,1790458,Matched,Block,,EAST MARGINAL WAY S BETWEEN ELLIS AVE S AND S WEBSTER ST,,,1,Property Damage Only Collision,Other,10,0,0,2,2004/05/07 00:00:00+00,5/7/2004,Mid-Block (not related to intersection),11,"MOTOR VEHICLE STRUCK MOTOR VEHICLE, FRONT END AT ANGLE",,0,Clear,Dry,Daylight,,4128038.0,,22,One car leaving driveway access,0,0,N
9083,2,-122.35059140000001,47.53015563,11387,25506,25506,1787907,Matched,Intersection,34994.0,12TH AVE SW AND SW ELMGROVE ST,,,2,Injury Collision,Angles,3,0,0,2,2004/01/13 00:00:00+00,1/13/2004 8:20:00 AM,At Intersection (intersection related),11,"MOTOR VEHICLE STRUCK MOTOR VEHICLE, FRONT END AT ANGLE",,0,Raining,Wet,Daylight,,4013015.0,Y,10,Entering at angle,0,0,N
9084,1,-122.3461706,47.61669064,11388,24918,24918,1181380,Matched,Intersection,29673.0,4TH AVE AND WALL ST,,,1,Property Damage Only Collision,Angles,2,0,0,2,2004/05/21 00:00:00+00,5/21/2004 12:48:00 AM,At Intersection (intersection related),11,"MOTOR VEHICLE STRUCK MOTOR VEHICLE, FRONT END AT ANGLE",,0,Clear,Dry,Dark - Street Lights On,,4142027.0,,10,Entering at angle,0,0,N
9085,1,-122.38645179999999,47.68225172,11389,26211,26211,1221169,Matched,Block,,JONES AVE NW BETWEEN NW 73RD ST AND NW 75TH ST,,,1,Property Damage Only Collision,Parked Car,2,0,0,2,2004/03/18 00:00:00+00,3/18/2004 2:00:00 AM,Mid-Block (not related to intersection),15,"MOTOR VEHICLE STRUCK MOTOR VEHICLE, RIGHT SIDE SIDESWIPE",,0,Unknown,Unknown,Unknown,,4078040.0,,32,One parked--one moving,0,0,N
9086,2,-122.3134077,47.57162902,11390,25848,25848,1784259,Matched,Intersection,32245.0,15TH AVE S AND S SPOKANE ST,,,2,Injury Collision,Angles,2,0,0,2,2004/12/06 00:00:00+00,12/6/2004,At Intersection (intersection related),11,"MOTOR VEHICLE STRUCK MOTOR VEHICLE, FRONT END AT ANGLE",,0,Overcast,Wet,Daylight,,4341042.0,,10,Entering at angle,0,0,N
9087,1,-122.3297243,47.60192623,11391,26752,26752,1080144,Matched,Block,,DILLING WAY BETWEEN 3RD AVE AND 4TH AVE,,,1,Property Damage Only Collision,Parked Car,2,0,0,2,2004/11/20 00:00:00+00,11/20/2004 6:45:00 AM,Mid-Block (not related to intersection),11,"MOTOR VEHICLE STRUCK MOTOR VEHICLE, FRONT END AT ANGLE",,0,Clear,Dry,Dawn,,4325032.0,,32,One parked--one moving,0,0,N
9088,1,,,11393,25764,25764,1790498,Matched,Intersection,34379.0,CORGIAT DR S AND S CORGIAT DR,,,1,Property Damage Only Collision,Other,1,0,0,1,2004/10/30 00:00:00+00,10/30/2004 6:07:00 AM,At Intersection (intersection related),28,MOTOR VEHICLE RAN OFF ROAD - HIT FIXED OBJECT,,0,Overcast,Wet,Dark - No Street Lights,,4304004.0,,50,Fixed object,0,0,N
9089,2,-122.3847417,47.67163979,11394,24892,24892,1781931,Matched,Intersection,25130.0,22ND AVE NW AND NW 59TH ST,,,2,Injury Collision,Angles,2,0,0,2,2004/06/09 00:00:00+00,6/9/2004,At Intersection (intersection related),11,"MOTOR VEHICLE STRUCK MOTOR VEHICLE, FRONT END AT ANGLE",,0,Clear,Dry,Daylight,,4161015.0,,10,Entering at angle,0,0,N
9090,2,-122.3383264,47.6052991,11395,26325,26325,1216968,Matched,Block,,WESTERN AVE BETWEEN SPRING ST AND SENECA ST,,,2,Injury Collision,Pedestrian,3,1,0,1,2004/08/29 00:00:00+00,8/29/2004 7:02:00 PM,Mid-Block (not related to intersection),24,MOTOR VEHCILE STRUCK PEDESTRIAN,,0,Clear,Dry,Daylight,,4242022.0,,0,Vehicle going straight hits pedestrian,0,0,N
9091,1,-122.3209367,47.62466033,11396,25580,25580,1786850,Matched,Block,,BROADWAY E BETWEEN E MERCER ST AND E ROY E ST,,,1,Property Damage Only Collision,Rear Ended,2,0,0,2,2004/07/21 00:00:00+00,7/21/2004 11:37:00 AM,Mid-Block (but intersection related),14,"MOTOR VEHICLE STRUCK MOTOR VEHICLE, REAR END",,0,Clear,Dry,Daylight,,4203029.0,,14,From same direction - both going straight - one stopped - rear-end,0,0,N
9092,1,-122.31243020000001,47.70761258,11397,25602,25602,1220001,Matched,Block,,15TH AVE NE BETWEEN NE 107TH ST AND NE NORTHGATE WAY,,,1,Property Damage Only Collision,Rear Ended,2,0,0,2,2004/08/25 00:00:00+00,8/25/2004 4:22:00 PM,Mid-Block (but intersection related),14,"MOTOR VEHICLE STRUCK MOTOR VEHICLE, REAR END",,1,Raining,Wet,Daylight,,4238045.0,,14,From same direction - both going straight - one stopped - rear-end,0,0,N
9093,1,-122.3514838,47.62500383,11398,25913,25913,1931003,Matched,Block,,3RD AVE N BETWEEN MERCER ST AND ROY ST,,,1,Property Damage Only Collision,Parked Car,2,0,0,2,2004/11/09 00:00:00+00,11/9/2004,Mid-Block (not related to intersection),11,"MOTOR VEHICLE STRUCK MOTOR VEHICLE, FRONT END AT ANGLE",,0,Unknown,Unknown,Unknown,,4314034.0,,32,One parked--one moving,0,0,N
9094,1,-122.3195375,47.63954866,11399,24939,24939,1772459,Matched,Block,,E LYNN ST BETWEEN 10TH AVE E AND FEDERAL AVE E,,,1,Property Damage Only Collision,Rear Ended,3,0,0,2,2004/06/16 00:00:00+00,6/16/2004 6:04:00 PM,Mid-Block (but intersection related),14,"MOTOR VEHICLE STRUCK MOTOR VEHICLE, REAR END",,1,Clear,Dry,Daylight,,4168018.0,,14,From same direction - both going straight - one stopped - rear-end,0,0,N
9095,2,-122.3323167,47.60880073,11400,26090,26090,1783787,Matched,Block,,6TH AVE BETWEEN SENECA ST AND UNIVERSITY ST,,,2,Injury Collision,Pedestrian,2,1,0,1,2004/08/10 00:00:00+00,8/10/2004 5:03:00 PM,Mid-Block (but intersection related),24,MOTOR VEHCILE STRUCK PEDESTRIAN,,0,Clear,Dry,Daylight,,4223029.0,,0,Vehicle going straight hits pedestrian,0,0,N
9096,2,-122.30407579999999,47.709005299999994,11401,25992,25992,1782197,Matched,Block,,NE NORTHGATE WAY BETWEEN 23RD AVE NE AND 24TH AVE NE,,,2,Injury Collision,Rear Ended,2,0,0,2,2004/08/31 00:00:00+00,8/31/2004 1:07:00 PM,Mid-Block (but intersection related),14,"MOTOR VEHICLE STRUCK MOTOR VEHICLE, REAR END",,0,Clear,Dry,Daylight,,4244021.0,,14,From same direction - both going straight - one stopped - rear-end,0,0,N
9097,2,-122.33034750000002,47.61788832,11402,26618,26618,1777300,Matched,Block,,YALE AVE BETWEEN HOWELL ST AND STEWART ST,,,2,Injury Collision,Parked Car,4,0,0,4,2004/05/14 00:00:00+00,5/14/2004 4:06:00 AM,Mid-Block (not related to intersection),14,"MOTOR VEHICLE STRUCK MOTOR VEHICLE, REAR END",,1,Clear,Dry,Dark - Street Lights On,,4135040.0,,32,One parked--one moving,0,0,N
9098,1,-122.3272973,47.60498268,11403,25647,25647,1327525,Matched,Block,,7TH AVE BETWEEN JAMES ST AND CHERRY ST,,,1,Property Damage Only Collision,Parked Car,2,0,0,2,2004/04/19 00:00:00+00,4/19/2004 1:38:00 AM,Mid-Block (but intersection related),15,"MOTOR VEHICLE STRUCK MOTOR VEHICLE, RIGHT SIDE SIDESWIPE",,0,Raining,Wet,Dark - Street Lights On,,4110003.0,,32,One parked--one moving,0,0,N
9099,2,-122.32008429999999,47.63402942,11404,26446,26446,1787314,Matched,Block,,10TH AVE E BETWEEN E GARFIELD ST AND E BLAINE ST,,,2,Injury Collision,Rear Ended,4,0,0,2,2004/10/09 00:00:00+00,10/9/2004,Mid-Block (but intersection related),14,"MOTOR VEHICLE STRUCK MOTOR VEHICLE, REAR END",Y,0,Raining,Wet,Daylight,,4283043.0,,14,From same direction - both going straight - one stopped - rear-end,0,0,N
9100,1,-122.32841869999999,47.69454087,11405,26571,26571,1776361,Matched,Block,,1ST AVE NE BETWEEN NE 90TH ST AND NE 91ST ST,,,1,Property Damage Only Collision,Parked Car,2,0,0,2,2004/03/06 00:00:00+00,3/6/2004,Mid-Block (not related to intersection),13,"MOTOR VEHICLE STRUCK MOTOR VEHICLE, LEFT SIDE AT ANGLE",,0,Clear,Dry,Unknown,,4066031.0,,32,One parked--one moving,0,0,N
9101,1,-122.34689080000001,47.62803276,11406,26182,26182,1482502,Matched,Block,,WARD ST BETWEEN 5TH AVE N AND TAYLOR AVE N,,,1,Property Damage Only Collision,Parked Car,2,0,0,2,2004/05/17 00:00:00+00,5/17/2004 4:28:00 PM,Mid-Block (not related to intersection),13,"MOTOR VEHICLE STRUCK MOTOR VEHICLE, LEFT SIDE AT ANGLE",,0,Unknown,Unknown,Unknown,,4138030.0,,32,One parked--one moving,0,0,N
9102,2,-122.31265069999999,47.72664813,11407,26601,26601,1797094,Matched,Intersection,35866.0,15TH AVE NE AND NE 135TH ST,,,2,Injury Collision,Rear Ended,2,0,0,2,2004/11/24 00:00:00+00,11/24/2004 3:17:00 PM,At Intersection (intersection related),14,"MOTOR VEHICLE STRUCK MOTOR VEHICLE, REAR END",,0,Raining,Wet,Daylight,,4329041.0,Y,14,From same direction - both going straight - one stopped - rear-end,0,0,N
9103,1,,,11408,24845,24845,1059903,Matched,Block,,BATTERY ST TUNNEL NB BETWEEN ALASKAN WY VI NB AND AURORA AVE N,,,1,Property Damage Only Collision,Other,1,0,0,1,2004/12/05 00:00:00+00,12/5/2004,Mid-Block (not related to intersection),26,MOTOR VEHICLE STRUCK OBJECT IN ROAD,,0,Raining,Wet,Daylight,,4340005.0,Y,50,Fixed object,0,0,N
9104,1,-122.329051,47.65555825,11409,25548,25548,1774237,Matched,Intersection,27232.0,EASTERN AVE N AND N 40TH ST,,,1,Property Damage Only Collision,Angles,2,0,0,2,2004/08/16 00:00:00+00,8/16/2004 9:01:00 AM,At Intersection (intersection related),11,"MOTOR VEHICLE STRUCK MOTOR VEHICLE, FRONT END AT ANGLE",,0,Clear,Dry,Daylight,,4229034.0,,10,Entering at angle,0,0,N
9105,1,-122.3292287,47.62735267,11410,25246,25246,1787250,Matched,Block,,EASTLAKE AVE E BETWEEN ALOHA ST AND WARD ST,,,1,Property Damage Only Collision,Parked Car,2,0,0,2,2004/06/17 00:00:00+00,6/17/2004 10:47:00 AM,Mid-Block (not related to intersection),16,"MOTOR VEHICLE STRUCK MOTOR VEHICLE, LEFT SIDE SIDESWIPE",,0,Clear,Dry,Daylight,,4169008.0,,32,One parked--one moving,0,0,N
9106,2,-122.29725649999999,47.66852139,11411,26112,26112,1220204,Matched,Intersection,25933.0,28TH AVE NE AND NE 55TH ST,,,2,Injury Collision,Rear Ended,2,0,0,2,2004/11/24 00:00:00+00,11/24/2004 2:56:00 PM,At Intersection (intersection related),14,"MOTOR VEHICLE STRUCK MOTOR VEHICLE, REAR END",,0,Raining,Wet,Daylight,,4329040.0,,14,From same direction - both going straight - one stopped - rear-end,0,0,N
9107,2,-122.33755159999998,47.58937381,11413,25574,25574,1321220,Matched,Block,,ALASKAN WY VI NB BETWEEN S HOLGATE ST AND SR99 REPUBLICAN OFF RP,,,2,Injury Collision,Sideswipe,2,0,0,2,2004/08/27 00:00:00+00,8/27/2004 3:38:00 AM,Mid-Block (not related to intersection),16,"MOTOR VEHICLE STRUCK MOTOR VEHICLE, LEFT SIDE SIDESWIPE",,0,Clear,Dry,Dark - Street Lights On,,4240023.0,,26,From opposite direction - both going straight - sideswipe,0,0,N
9108,1,-122.359385,47.67018923,11414,25729,25729,1793755,Matched,Block,,2ND AVE NW BETWEEN NW 56TH ST AND DEAD END 1,,,1,Property Damage Only Collision,Parked Car,2,0,0,2,2004/07/23 00:00:00+00,7/23/2004 11:30:00 PM,Mid-Block (not related to intersection),11,"MOTOR VEHICLE STRUCK MOTOR VEHICLE, FRONT END AT ANGLE",,0,Clear,Dry,Unknown,,4205004.0,,32,One parked--one moving,0,0,N
9109,2,-122.31308659999999,47.56350416,11415,26781,26781,1793608,Matched,Intersection,32320.0,S COLUMBIAN WAY AND S OREGON W ST,,,2,Injury Collision,Angles,3,0,0,2,2004/10/26 00:00:00+00,10/26/2004 8:58:00 PM,At Intersection (intersection related),11,"MOTOR VEHICLE STRUCK MOTOR VEHICLE, FRONT END AT ANGLE",,0,Clear,Dry,Dark - Street Lights On,,4300004.0,,10,Entering at angle,0,0,N
9110,1,-122.30536140000001,47.69574858,11416,25659,25659,1220151,Matched,Intersection,37743.0,RAVENNA AVE NE AND NE 92ND ST,,,1,Property Damage Only Collision,Left Turn,2,0,0,2,2004/08/11 00:00:00+00,8/11/2004 4:06:00 PM,At Intersection (intersection related),11,"MOTOR VEHICLE STRUCK MOTOR VEHICLE, FRONT END AT ANGLE",,0,Clear,Dry,Daylight,,4224039.0,,28,From opposite direction - one left turn - one straight,0,0,N
9111,1,-122.30461229999999,47.64660623,11417,25072,25072,1376638,Matched,Block,,MONTLAKE BLVD E BETWEEN E SHELBY ST AND MONTLAKE BR,,,1,Property Damage Only Collision,Other,1,0,0,1,2004/08/07 00:00:00+00,8/7/2004,Mid-Block (not related to intersection),28,MOTOR VEHICLE RAN OFF ROAD - HIT FIXED OBJECT,,0,Overcast,Wet,Daylight,,4220031.0,Y,50,Fixed object,0,0,N
9112,1,-122.3930003,47.69057215,11420,26758,26758,1199199,Matched,Intersection,37083.0,28TH AVE NW AND NW 85TH ST,,,1,Property Damage Only Collision,Angles,3,0,0,2,2004/04/04 00:00:00+00,4/4/2004,At Intersection (intersection related),11,"MOTOR VEHICLE STRUCK MOTOR VEHICLE, FRONT END AT ANGLE",,0,Clear,Dry,Dark - Street Lights On,,4095011.0,,10,Entering at angle,0,0,N
9113,1,-122.29047890000001,47.68304824,11422,25639,25639,1794347,Matched,Intersection,24933.0,35TH AVE NE AND NE 75TH ST,,,1,Property Damage Only Collision,Left Turn,4,0,0,2,2004/09/22 00:00:00+00,9/22/2004 2:56:00 PM,At Intersection (intersection related),11,"MOTOR VEHICLE STRUCK MOTOR VEHICLE, FRONT END AT ANGLE",,0,Raining,Wet,Daylight,,4266035.0,,28,From opposite direction - one left turn - one straight,0,0,N
9114,1,-122.36222240000002,47.65041247,11423,25366,25366,1785588,Matched,Block,,W BERTONA ST BETWEEN 3RD AVE W AND W EMERSON ST,,,1,Property Damage Only Collision,Parked Car,2,0,0,2,2004/05/21 00:00:00+00,5/21/2004 6:00:00 PM,Driveway Junction,13,"MOTOR VEHICLE STRUCK MOTOR VEHICLE, LEFT SIDE AT ANGLE",,0,Overcast,Wet,Dusk,,4142006.0,,32,One parked--one moving,0,0,N
9115,2,-122.34135400000001,47.61736293,11424,26568,26568,1213093,Matched,Intersection,29520.0,7TH AVE AND BELL ST,,,2,Injury Collision,Left Turn,6,0,0,2,2004/01/10 00:00:00+00,1/10/2004 9:27:00 PM,At Intersection (intersection related),11,"MOTOR VEHICLE STRUCK MOTOR VEHICLE, FRONT END AT ANGLE",,0,Clear,Dry,Dark - Street Lights On,,4010011.0,,15,From same direction - one left turn - one straight,0,0,N
9116,1,-122.30677279999999,47.61699804,11426,26880,26880,1798952,Matched,Block,,E MADISON ST BETWEEN 19TH AVE AND 20TH AVE,,,1,Property Damage Only Collision,Rear Ended,3,0,0,2,2004/08/25 00:00:00+00,8/25/2004 12:40:00 AM,Mid-Block (not related to intersection),14,"MOTOR VEHICLE STRUCK MOTOR VEHICLE, REAR END",,0,Raining,Wet,Dark - Street Lights On,,4238004.0,,13,From same direction - both going straight - both moving - rear-end,0,0,N
9117,2,-122.2797419,47.51942161,11428,25533,25533,1772882,Matched,Block,,M L KING JR ER WAY S BETWEEN S DIRECTOR ST AND MERTON WAY S,,,2,Injury Collision,Rear Ended,5,0,0,2,2004/05/14 00:00:00+00,5/14/2004 1:40:00 PM,Mid-Block (not related to intersection),14,"MOTOR VEHICLE STRUCK MOTOR VEHICLE, REAR END",,0,Clear,Dry,Daylight,,4135015.0,,13,From same direction - both going straight - both moving - rear-end,0,0,N
9118,1,-122.32766880000001,47.59877677,11429,25335,25335,1213131,Matched,Block,,5TH AVE S BETWEEN S JACKSON ST AND S KING ST,,,1,Property Damage Only Collision,Rear Ended,2,0,0,2,2004/04/07 00:00:00+00,4/7/2004,Mid-Block (not related to intersection),14,"MOTOR VEHICLE STRUCK MOTOR VEHICLE, REAR END",,0,Clear,Dry,Daylight,,4098022.0,,14,From same direction - both going straight - one stopped - rear-end,0,0,N
9119,1,-122.3434889,47.69417961,11430,26393,26393,1220507,Matched,Intersection,37341.0,NESBIT AVE N AND N 90TH ST,,,1,Property Damage Only Collision,Other,2,0,0,2,2004/09/16 00:00:00+00,9/16/2004 3:09:00 PM,At Intersection (intersection related),11,"MOTOR VEHICLE STRUCK MOTOR VEHICLE, FRONT END AT ANGLE",,0,Raining,Wet,Daylight,,4260034.0,,21,One car entering driveway access,0,0,N
9120,1,-122.29219920000001,47.67306457,11432,26708,26708,1780484,Matched,Block,,33RD AVE NE BETWEEN NE 60TH E ST AND NE 62ND ST,,,1,Property Damage Only Collision,Parked Car,2,0,0,2,2004/01/12 00:00:00+00,1/12/2004 3:20:00 PM,Mid-Block (not related to intersection),12,"MOTOR VEHICLE STRUCK MOTOR VEHICLE, RIGHT SIDE AT ANGLE",,0,Unknown,Unknown,Daylight,,4012003.0,,32,One parked--one moving,0,0,N
9121,1,-122.31359850000001,47.63670867,11433,25863,25863,1789886,Matched,Block,,15TH AVE E BETWEEN E HOWE ST AND E BOSTON ST,,,1,Property Damage Only Collision,Parked Car,2,0,0,2,2004/05/15 00:00:00+00,5/15/2004 11:00:00 PM,Mid-Block (not related to intersection),16,"MOTOR VEHICLE STRUCK MOTOR VEHICLE, LEFT SIDE SIDESWIPE",,0,Clear,Dry,Dark - Street Lights On,,4136015.0,,32,One parked--one moving,0,0,N
9122,1,-122.3853008,47.64475207,11435,24920,24920,1182134,Matched,Block,,W ARMOUR ST BETWEEN 22ND AVE W AND 23RD AVE W,,,1,Property Damage Only Collision,Other,1,0,0,1,2004/01/06 00:00:00+00,1/6/2004,Mid-Block (not related to intersection),28,MOTOR VEHICLE RAN OFF ROAD - HIT FIXED OBJECT,,0,Snowing,Ice,Daylight,,4006004.0,Y,50,Fixed object,0,0,N
9123,1,-122.35823390000002,47.52078314,11436,26077,26077,1775389,Matched,Block,,DELRIDGE WAY SW BETWEEN SW BARTON ST AND 18TH N AVE SW,,,1,Property Damage Only Collision,Rear Ended,4,0,0,2,2004/05/10 00:00:00+00,5/10/2004 1:30:00 PM,Mid-Block (but intersection related),14,"MOTOR VEHICLE STRUCK MOTOR VEHICLE, REAR END",Y,0,Raining,Wet,Daylight,,4131021.0,,14,From same direction - both going straight - one stopped - rear-end,0,0,N
9124,2,-122.32184409999999,47.66132628,11437,25421,25421,1774498,Matched,Block,,NE 45TH ST BETWEEN 5TH AVE NE AND 7TH AVE NE,,,2,Injury Collision,Rear Ended,2,0,0,2,2004/11/02 00:00:00+00,11/2/2004,Mid-Block (but intersection related),14,"MOTOR VEHICLE STRUCK MOTOR VEHICLE, REAR END",Y,0,Other,Wet,Daylight,,4307010.0,,14,From same direction - both going straight - one stopped - rear-end,0,0,N
9125,1,-122.35671459999999,47.62392852,11438,26756,26756,1069784,Matched,Block,,QUEEN ANNE AVE N BETWEEN REPUBLICAN ST AND MERCER ST,,,1,Property Damage Only Collision,Sideswipe,3,0,0,3,2004/12/04 00:00:00+00,12/4/2004,Mid-Block (but intersection related),11,"MOTOR VEHICLE STRUCK MOTOR VEHICLE, FRONT END AT ANGLE",,0,Clear,Dry,Dark - Street Lights On,,4339048.0,,11,From same direction - both going straight - both moving - sideswipe,0,0,N
9126,1,-122.31738329999999,47.67728333,11440,25637,25637,1794235,Matched,Intersection,24488.0,ROOSEVELT WAY NE AND NE 67TH ST,,,1,Property Damage Only Collision,Angles,2,0,0,2,2004/11/30 00:00:00+00,11/30/2004 8:10:00 AM,At Intersection (intersection related),11,"MOTOR VEHICLE STRUCK MOTOR VEHICLE, FRONT END AT ANGLE",,0,Overcast,Wet,Daylight,,4335002.0,,10,Entering at angle,0,0,N
9127,1,-122.32951429999999,47.60405521,11441,25037,25037,1213006,Matched,Block,,5TH AVE BETWEEN JAMES ST AND CHERRY ST,,,1,Property Damage Only Collision,Sideswipe,2,0,0,2,2004/04/19 00:00:00+00,4/19/2004 2:00:00 AM,Mid-Block (not related to intersection),16,"MOTOR VEHICLE STRUCK MOTOR VEHICLE, LEFT SIDE SIDESWIPE",,0,Raining,Wet,Dark - Street Lights On,,4110042.0,,11,From same direction - both going straight - both moving - sideswipe,0,0,N
9128,1,-122.3015708,47.63490862,11442,26050,26050,1788670,Matched,Block,,24TH AVE E BETWEEN E INTERLAKEN BLVD AND BOYER AVE E,,,1,Property Damage Only Collision,Rear Ended,2,0,0,2,2004/02/27 00:00:00+00,2/27/2004 4:38:00 PM,Mid-Block (not related to intersection),14,"MOTOR VEHICLE STRUCK MOTOR VEHICLE, REAR END",,0,Clear,Dry,Daylight,,4058015.0,,14,From same direction - both going straight - one stopped - rear-end,0,0,N
9129,1,-122.33754109999998,47.60779561,11443,26510,26510,1186843,Matched,Block,,2ND AVE BETWEEN UNIVERSITY ST AND UNION ST,,,1,Property Damage Only Collision,Parked Car,2,0,0,2,2004/02/20 00:00:00+00,2/20/2004 9:00:00 PM,Mid-Block (not related to intersection),16,"MOTOR VEHICLE STRUCK MOTOR VEHICLE, LEFT SIDE SIDESWIPE",,0,Clear,Dry,Dark - Street Lights On,,4051029.0,,32,One parked--one moving,0,0,N
9130,1,-122.30065149999999,47.67577422,11446,25235,25235,1779971,Matched,Intersection,24695.0,25TH AVE NE AND NE 65TH ST,,,1,Property Damage Only Collision,Sideswipe,2,0,0,2,2004/02/11 00:00:00+00,2/11/2004 8:23:00 AM,At Intersection (intersection related),16,"MOTOR VEHICLE STRUCK MOTOR VEHICLE, LEFT SIDE SIDESWIPE",,0,Clear,Dry,Daylight,,4042013.0,,71,Same direction -- both turning right -- both moving -- sideswipe,0,0,N
9131,1,-122.3156578,47.67374423,11447,26385,26385,1778970,Matched,Block,,12TH AVE NE BETWEEN NE 62ND ST AND NE 63RD ST,,,1,Property Damage Only Collision,Sideswipe,2,0,0,2,2004/03/09 00:00:00+00,3/9/2004,Mid-Block (not related to intersection),16,"MOTOR VEHICLE STRUCK MOTOR VEHICLE, LEFT SIDE SIDESWIPE",,0,Clear,Dry,Daylight,,4069027.0,,11,From same direction - both going straight - both moving - sideswipe,0,0,N