,SEVERITYCODE,X,Y,OBJECTID,INCKEY,COLDETKEY,REPORTNO,STATUS,ADDRTYPE,INTKEY,LOCATION,EXCEPTRSNCODE,EXCEPTRSNDESC,SEVERITYCODE.1,SEVERITYDESC,COLLISIONTYPE,PERSONCOUNT,PEDCOUNT,PEDCYLCOUNT,VEHCOUNT,INCDATE,INCDTTM,JUNCTIONTYPE,SDOT_COLCODE,SDOT_COLDESC,INATTENTIONIND,UNDERINFL,WEATHER,ROADCOND,LIGHTCOND,PEDROWNOTGRNT,SDOTCOLNUM,SPEEDING,ST_COLCODE,ST_COLDESC,SEGLANEKEY,CROSSWALKKEY,HITPARKEDCAR
9132,1,-122.3458631,47.61299081,11448,26283,26283,1213371,Matched,Block,,1ST AVE BETWEEN BLANCHARD ST AND BELL ST,,,1,Property Damage Only Collision,Parked Car,3,0,0,3,2004/07/04 00:00:00+00,7/4/2004,Mid-Block (not related to intersection),16,"MOTOR VEHICLE STRUCK MOTOR VEHICLE, LEFT SIDE SIDESWIPE",,0,Clear,Dry,Dark - Street Lights On,,4186019.0,,32,One parked--one moving,0,0,N
9133,1,-122.32478059999998,47.61146126,11450,25059,25059,1216978,Matched,Block,,SENECA ST BETWEEN MINOR AVE AND SUMMIT AVE,,,1,Property Damage Only Collision,Parked Car,2,0,0,2,2004/09/14 00:00:00+00,9/14/2004 11:04:00 AM,Mid-Block (not related to intersection),11,"MOTOR VEHICLE STRUCK MOTOR VEHICLE, FRONT END AT ANGLE",Y,0,Clear,Dry,Daylight,,4258010.0,,32,One parked--one moving,0,0,N
9134,1,-122.27002479999999,47.51685114,11451,26349,26349,1216628,Matched,Intersection,35472.0,51ST AVE S AND S ROXBURY ST,,,1,Property Damage Only Collision,Angles,2,0,0,2,2004/06/12 00:00:00+00,6/12/2004 2:30:00 PM,At Intersection (intersection related),11,"MOTOR VEHICLE STRUCK MOTOR VEHICLE, FRONT END AT ANGLE",,0,Clear,Dry,Daylight,,4164018.0,,10,Entering at angle,0,0,N
9135,2,-122.3339203,47.64744961,11452,25412,25412,1781890,Matched,Block,,MERIDIAN AVE N BETWEEN N NORTHLAKE WAY AND N 34TH ST,,,2,Injury Collision,Cycles,2,0,1,1,2004/10/19 00:00:00+00,10/19/2004 8:42:00 AM,Mid-Block (but intersection related),18,"MOTOR VEHICLE STRUCK PEDALCYCLIST, FRONT END AT ANGLE",,0,Raining,Wet,Daylight,Y,4293036.0,,45,Vehicle - Pedalcyclist,0,0,N
9136,2,-122.34476000000001,47.70905972,11453,26888,26888,1794440,Matched,Block,,AURORA AVE N BETWEEN N 109TH ST AND N 112TH ST,,,2,Injury Collision,Rear Ended,2,0,0,2,2004/11/17 00:00:00+00,11/17/2004 2:17:00 PM,Mid-Block (but intersection related),14,"MOTOR VEHICLE STRUCK MOTOR VEHICLE, REAR END",Y,0,Clear,Dry,Daylight,,4322002.0,,14,From same direction - both going straight - one stopped - rear-end,0,0,N
9137,1,-122.30145879999999,47.68972112,11454,25111,25111,662396,Matched,Block,,RAVENNA AVE NE BETWEEN NE 83RD ST AND 25TH N AVE NE,,,1,Property Damage Only Collision,Other,0,0,0,1,2004/01/01 00:00:00+00,1/1/2004,Mid-Block (but intersection related),28,MOTOR VEHICLE RAN OFF ROAD - HIT FIXED OBJECT,,0,Overcast,Ice,Dawn,,4001003.0,,50,Fixed object,0,0,N
9138,1,-122.33761399999999,47.69687243,11455,25622,25622,C650760,Matched,Block,,DENSMORE AVE N BETWEEN N 92ND ST AND N 95TH ST,,,1,Property Damage Only Collision,Parked Car,2,0,0,2,2004/12/08 00:00:00+00,12/8/2004,Mid-Block (not related to intersection),11,"MOTOR VEHICLE STRUCK MOTOR VEHICLE, FRONT END AT ANGLE",,0,Raining,Wet,Dawn,,4343058.0,,32,One parked--one moving,0,0,N
9139,2,-122.3555488,47.72414185,11458,25854,25854,1079987,Matched,Block,,GREENWOOD AVE N BETWEEN N 130TH ST AND N 132ND ST,,,2,Injury Collision,Rear Ended,3,0,0,2,2004/07/10 00:00:00+00,7/10/2004 3:08:00 PM,Mid-Block (but intersection related),14,"MOTOR VEHICLE STRUCK MOTOR VEHICLE, REAR END",,0,Raining,Wet,Daylight,,4192019.0,,14,From same direction - both going straight - one stopped - rear-end,0,0,N
9140,2,-122.33154340000002,47.65050202,11459,25445,25445,1780522,Matched,Intersection,27273.0,N 36TH ST AND N PACIFIC ST,,,2,Injury Collision,Angles,2,0,0,2,2004/09/03 00:00:00+00,9/3/2004,At Intersection (intersection related),11,"MOTOR VEHICLE STRUCK MOTOR VEHICLE, FRONT END AT ANGLE",,1,Clear,Dry,Dusk,,4247007.0,,10,Entering at angle,0,0,N
9141,1,-122.3022335,47.59928129,11460,25909,25909,1772009,Matched,Intersection,30757.0,23RD AVE S AND S JACKSON ST,,,1,Property Damage Only Collision,Angles,2,0,0,2,2004/06/17 00:00:00+00,6/17/2004 6:51:00 AM,At Intersection (intersection related),11,"MOTOR VEHICLE STRUCK MOTOR VEHICLE, FRONT END AT ANGLE",,0,Clear,Dry,Daylight,,4169020.0,,10,Entering at angle,0,0,N
9142,1,-122.30207649999998,47.639894399999996,11461,25231,25231,1772082,Matched,Block,,24TH AVE E BETWEEN E LYNN ST AND E MCGRAW ST,,,1,Property Damage Only Collision,Rear Ended,3,0,0,2,2004/04/11 00:00:00+00,4/11/2004 1:29:00 PM,Mid-Block (but intersection related),14,"MOTOR VEHICLE STRUCK MOTOR VEHICLE, REAR END",Y,0,Clear,Dry,Daylight,,4102016.0,,14,From same direction - both going straight - one stopped - rear-end,0,0,N
9143,2,-122.31501540000001,47.53537395,11462,26228,26228,1790481,Matched,Block,,EAST MARGINAL WAY S BETWEEN S WEBSTER ST AND 14TH AVE S,,,2,Injury Collision,Rear Ended,2,0,0,2,2004/07/06 00:00:00+00,7/6/2004,Mid-Block (but intersection related),14,"MOTOR VEHICLE STRUCK MOTOR VEHICLE, REAR END",,0,Raining,Wet,Daylight,,4188024.0,,13,From same direction - both going straight - both moving - rear-end,0,0,N
9144,1,-122.35844509999998,47.53913607,11464,26909,26909,1789437,Matched,Block,,SW MYRTLE ST BETWEEN 18TH AVE SW AND 21ST AVE SW,,,1,Property Damage Only Collision,Other,1,0,0,1,2004/11/05 00:00:00+00,11/5/2004,Mid-Block (but intersection related),28,MOTOR VEHICLE RAN OFF ROAD - HIT FIXED OBJECT,,0,Overcast,Dry,Dawn,,4310003.0,Y,50,Fixed object,0,0,N
9145,1,-122.3165506,47.71219743,11465,25497,25497,1773918,Matched,Block,,NE 115TH ST BETWEEN ROOSEVELT WAY NE AND PINEHURST WAY NE,,,1,Property Damage Only Collision,Parked Car,2,0,0,2,2004/01/31 00:00:00+00,1/31/2004 2:00:00 PM,Mid-Block (not related to intersection),16,"MOTOR VEHICLE STRUCK MOTOR VEHICLE, LEFT SIDE SIDESWIPE",,0,Raining,Wet,Daylight,,4031030.0,,19,One car entering parked position,0,0,N
9146,1,-122.38152600000001,47.5556296,11466,26443,26443,1798402,Matched,Intersection,32784.0,FAUNTLEROY WAY SW AND SW DAWSON ST,,,1,Property Damage Only Collision,Angles,2,0,0,2,2004/06/09 00:00:00+00,6/9/2004,At Intersection (intersection related),11,"MOTOR VEHICLE STRUCK MOTOR VEHICLE, FRONT END AT ANGLE",,0,Clear,Dry,Daylight,,4161033.0,,10,Entering at angle,0,0,N
9147,1,-122.26159979999998,47.49711236,11468,26488,26488,1798908,Matched,Block,,BEACON AVE S BETWEEN S WALLACE ST AND 57TH AVE S,,,1,Property Damage Only Collision,Sideswipe,7,0,0,3,2004/10/01 00:00:00+00,10/1/2004,Mid-Block (not related to intersection),11,"MOTOR VEHICLE STRUCK MOTOR VEHICLE, FRONT END AT ANGLE",,1,Clear,Dry,Dark - Street Lights On,,4275037.0,,26,From opposite direction - both going straight - sideswipe,0,0,N
9148,1,-122.3181091,47.60570109,11471,25405,25405,1771982,Matched,Block,,11TH AVE BETWEEN E TERRACE ST AND E JEFFERSON ST,,,1,Property Damage Only Collision,Parked Car,2,0,0,2,2004/03/20 00:00:00+00,3/20/2004 2:00:00 AM,Driveway Junction,12,"MOTOR VEHICLE STRUCK MOTOR VEHICLE, RIGHT SIDE AT ANGLE",,0,Unknown,Unknown,Dark - Street Lights On,,4080042.0,,32,One parked--one moving,0,0,N
9149,1,-122.32285049999999,47.73404704,11473,26015,26015,1854797,Matched,Block,,NE 145TH ST BETWEEN 5TH AVE NE AND 6TH AVE NE,,,1,Property Damage Only Collision,Sideswipe,2,0,0,2,2004/02/16 00:00:00+00,2/16/2004 4:43:00 PM,Mid-Block (not related to intersection),16,"MOTOR VEHICLE STRUCK MOTOR VEHICLE, LEFT SIDE SIDESWIPE",,0,Raining,Wet,Daylight,,4047019.0,,11,From same direction - both going straight - both moving - sideswipe,0,0,N
9150,1,-122.35950770000001,47.70302582,11475,26925,26925,1782464,Matched,Block,,HOLMAN RD NW BETWEEN 3RD AVE NW AND NW 103RD ST,,,1,Property Damage Only Collision,Rear Ended,2,0,0,2,2004/05/17 00:00:00+00,5/17/2004 4:45:00 PM,Mid-Block (not related to intersection),14,"MOTOR VEHICLE STRUCK MOTOR VEHICLE, REAR END",,0,Overcast,Wet,Daylight,,4138024.0,,14,From same direction - both going straight - one stopped - rear-end,0,0,N
9151,2,-122.290452,47.60926581,11477,25225,25225,1787134,Matched,Intersection,30304.0,33RD AVE AND E COLUMBIA ST,,,2,Injury Collision,Angles,8,0,0,2,2004/04/15 00:00:00+00,4/15/2004 3:50:00 PM,At Intersection (intersection related),11,"MOTOR VEHICLE STRUCK MOTOR VEHICLE, FRONT END AT ANGLE",,0,Clear,Dry,Daylight,,4106013.0,,10,Entering at angle,0,0,N
9152,1,-122.34176289999999,47.61349901,11478,26453,26453,1069663,Matched,Block,,LENORA ST BETWEEN 3RD AVE AND 4TH AVE,,,1,Property Damage Only Collision,Parked Car,2,0,0,2,2004/10/27 00:00:00+00,10/27/2004 3:00:00 PM,Mid-Block (not related to intersection),14,"MOTOR VEHICLE STRUCK MOTOR VEHICLE, REAR END",,0,Clear,Dry,Daylight,,4301002.0,,32,One parked--one moving,0,0,N
9153,2,-122.30156540000002,47.63524418,11479,26270,26270,1789760,Matched,Intersection,28375.0,24TH AVE E AND BOYER AVE E,,,2,Injury Collision,Angles,3,0,0,2,2004/08/25 00:00:00+00,8/25/2004 11:30:00 AM,At Intersection (intersection related),11,"MOTOR VEHICLE STRUCK MOTOR VEHICLE, FRONT END AT ANGLE",,0,Overcast,Wet,Daylight,,4238034.0,,10,Entering at angle,0,0,N
9154,2,-122.3236412,47.6060184,11480,26904,26904,1772601,Matched,Intersection,29815.0,JAMES ST AND TERRY AVE,,,2,Injury Collision,Angles,2,0,0,2,2004/05/27 00:00:00+00,5/27/2004 11:47:00 AM,At Intersection (intersection related),11,"MOTOR VEHICLE STRUCK MOTOR VEHICLE, FRONT END AT ANGLE",,0,Raining,Wet,Daylight,,4148013.0,,10,Entering at angle,0,0,N
9155,1,-122.35262759999998,47.67735803,11482,25779,25779,1794062,Matched,Block,,DAYTON AVE N BETWEEN N 66TH ST AND N 67TH ST,,,1,Property Damage Only Collision,Parked Car,2,0,0,2,2004/07/02 00:00:00+00,7/2/2004,Mid-Block (not related to intersection),16,"MOTOR VEHICLE STRUCK MOTOR VEHICLE, LEFT SIDE SIDESWIPE",,0,Clear,Dry,Unknown,,4184006.0,,32,One parked--one moving,0,0,N
9156,1,-122.34823200000001,47.61204553,11483,25316,25316,1213898,Matched,Intersection,29708.0,BELL ST AND ELLIOTT AVE,,,1,Property Damage Only Collision,Left Turn,2,0,0,2,2004/10/16 00:00:00+00,10/16/2004 10:16:00 AM,At Intersection (intersection related),11,"MOTOR VEHICLE STRUCK MOTOR VEHICLE, FRONT END AT ANGLE",,0,Raining,Wet,Daylight,,4290046.0,,15,From same direction - one left turn - one straight,0,0,N
9157,1,-122.27762240000001,47.69735921,11484,25809,25809,1931254,Matched,Intersection,37812.0,SAND POINT WAY NE AND NE 95TH ST,,,1,Property Damage Only Collision,Angles,4,0,0,2,2004/11/13 00:00:00+00,11/13/2004 4:35:00 AM,At Intersection (intersection related),11,"MOTOR VEHICLE STRUCK MOTOR VEHICLE, FRONT END AT ANGLE",,0,Clear,Dry,Dark - Street Lights On,,4318013.0,,10,Entering at angle,0,0,N
9158,1,-122.29668159999999,47.57614674,11485,25089,25089,C649639,Matched,Block,,M L KING JR WAY S BETWEEN RAINIER AVE S AND S WINTHROP ST,,,1,Property Damage Only Collision,Left Turn,3,0,0,3,2004/11/24 00:00:00+00,11/24/2004 8:15:00 AM,Mid-Block (but intersection related),16,"MOTOR VEHICLE STRUCK MOTOR VEHICLE, LEFT SIDE SIDESWIPE",,0,Fog/Smog/Smoke,Wet,Dawn,,4329063.0,,15,From same direction - one left turn - one straight,0,0,N
9159,2,-122.34705509999999,47.6426257,11486,26093,26093,1778629,Matched,Block,,AURORA AVE N BETWEEN HALLADAY ST AND RAYE ST,,,2,Injury Collision,Cycles,2,0,1,1,2004/04/01 00:00:00+00,4/1/2004,Mid-Block (not related to intersection),51,PEDALCYCLIST STRUCK MOTOR VEHICLE FRONT END AT ANGLE,,0,Clear,Dry,Daylight,,4092004.0,,45,Vehicle - Pedalcyclist,0,0,N
9160,1,-122.3396682,47.62714632,11487,26139,26139,1777509,Matched,Intersection,28734.0,WESTLAKE AVE N AND ALOHA ST,,,1,Property Damage Only Collision,Left Turn,2,0,0,2,2004/02/26 00:00:00+00,2/26/2004 11:37:00 AM,Ramp Junction,11,"MOTOR VEHICLE STRUCK MOTOR VEHICLE, FRONT END AT ANGLE",,0,Clear,Dry,Daylight,,4057013.0,,15,From same direction - one left turn - one straight,0,0,N
9161,1,-122.3742777,47.65536214,11488,27026,27026,1776187,Matched,Block,,W NICKERSON ST BETWEEN 13TH AVE W AND 14TH AVE W,,,1,Property Damage Only Collision,Other,5,0,0,1,2004/05/07 00:00:00+00,5/7/2004,Mid-Block (but intersection related),28,MOTOR VEHICLE RAN OFF ROAD - HIT FIXED OBJECT,,0,Raining,Wet,Daylight,,4128001.0,Y,50,Fixed object,0,0,N
9162,1,-122.34679150000001,47.53262667,11489,25646,25646,1781660,Matched,Block,,HIGHLAND PARK WAY SW BETWEEN SW PORTLAND ST AND 9TH AVE SW,,,1,Property Damage Only Collision,Parked Car,2,0,0,2,2004/03/14 00:00:00+00,3/14/2004 4:47:00 PM,Mid-Block (not related to intersection),11,"MOTOR VEHICLE STRUCK MOTOR VEHICLE, FRONT END AT ANGLE",,0,Clear,Dry,Daylight,,4074015.0,,20,One car leaving parked position,0,0,N
9163,1,-122.3331002,47.57140022,11490,26445,26445,1774838,Matched,Block,,S SPOKANE SR ST BETWEEN 1ST AVE S AND 2ND AVE S,,,1,Property Damage Only Collision,Sideswipe,3,0,0,2,2004/03/18 00:00:00+00,3/18/2004 9:55:00 AM,Mid-Block (not related to intersection),16,"MOTOR VEHICLE STRUCK MOTOR VEHICLE, LEFT SIDE SIDESWIPE",,0,Clear,Dry,Daylight,,4078035.0,,11,From same direction - both going straight - both moving - sideswipe,0,0,N
9164,1,-122.3762197,47.66537714,11493,26592,26592,1220406,Matched,Block,,15TH AVE NW BETWEEN BALLARD BR AND NW 51ST ST,,,1,Property Damage Only Collision,Other,2,0,0,2,2004/08/19 00:00:00+00,8/19/2004 1:15:00 PM,Driveway Junction,11,"MOTOR VEHICLE STRUCK MOTOR VEHICLE, FRONT END AT ANGLE",,0,Clear,Dry,Daylight,,4232018.0,,21,One car entering driveway access,0,0,N
9165,1,-122.27651509999998,47.52378124,11494,25758,25758,1779591,Matched,Block,,RENTON AVE S BETWEEN S TRENTON ST AND S HENDERSON ST,,,1,Property Damage Only Collision,Parked Car,2,0,0,2,2004/02/23 00:00:00+00,2/23/2004 3:30:00 PM,Mid-Block (not related to intersection),16,"MOTOR VEHICLE STRUCK MOTOR VEHICLE, LEFT SIDE SIDESWIPE",,0,Clear,Dry,Daylight,,4054005.0,,32,One parked--one moving,0,0,N
9166,2,-122.36089550000001,47.64580295,11495,25834,25834,1213599,Matched,Intersection,27766.0,3RD AVE W AND W FULTON ST,,,2,Injury Collision,Left Turn,4,0,0,2,2004/12/19 00:00:00+00,12/19/2004 3:22:00 PM,At Intersection (intersection related),11,"MOTOR VEHICLE STRUCK MOTOR VEHICLE, FRONT END AT ANGLE",,0,Overcast,Wet,Dusk,,4354038.0,,15,From same direction - one left turn - one straight,0,0,N
9167,1,-122.3693664,47.68417187,11497,26402,26402,1080310,Matched,Block,,10TH AVE NW BETWEEN NW 75TH ST AND NW 77TH ST,,,1,Property Damage Only Collision,Parked Car,2,0,0,2,2004/08/05 00:00:00+00,8/5/2004,Mid-Block (not related to intersection),12,"MOTOR VEHICLE STRUCK MOTOR VEHICLE, RIGHT SIDE AT ANGLE",,0,Unknown,Unknown,Daylight,,4218003.0,,32,One parked--one moving,0,0,N
9168,2,-122.2842459,47.55122005,11498,26297,26297,1786498,Matched,Block,,S ORCAS ST BETWEEN RENTON AVE S AND 39TH AVE S,,,2,Injury Collision,Parked Car,2,0,0,2,2004/03/09 00:00:00+00,3/9/2004,Mid-Block (not related to intersection),14,"MOTOR VEHICLE STRUCK MOTOR VEHICLE, REAR END",Y,0,Clear,Dry,Dark - Street Lights On,,4069019.0,,32,One parked--one moving,0,0,N
9169,1,-122.3234439,47.60412807,11499,25708,25708,1793511,Matched,Block,,9TH AVE BETWEEN ALDER ST AND JEFFERSON ST,,,1,Property Damage Only Collision,Parked Car,2,0,0,2,2004/10/04 00:00:00+00,10/4/2004,Mid-Block (not related to intersection),11,"MOTOR VEHICLE STRUCK MOTOR VEHICLE, FRONT END AT ANGLE",,0,Unknown,Ice,Unknown,,4278004.0,,32,One parked--one moving,0,0,N
9170,1,-122.3259773,47.57876858,11500,25733,25733,1060027,Matched,Block,,6TH AVE S BETWEEN S LANDER ST AND S FOREST ST,,,1,Property Damage Only Collision,Parked Car,2,0,0,2,2004/12/16 00:00:00+00,12/16/2004 7:00:00 AM,Mid-Block (not related to intersection),14,"MOTOR VEHICLE STRUCK MOTOR VEHICLE, REAR END",,0,Unknown,Unknown,Unknown,,4351028.0,,32,One parked--one moving,0,0,N
9171,1,-122.3433575,47.63762012,11501,27055,27055,1776503,Matched,Intersection,28016.0,DEXTER AVE N AND DEXTER WAY N,,,1,Property Damage Only Collision,Angles,2,0,0,2,2004/04/07 00:00:00+00,4/7/2004,At Intersection (intersection related),11,"MOTOR VEHICLE STRUCK MOTOR VEHICLE, FRONT END AT ANGLE",,0,Clear,Dry,Daylight,,4098004.0,,10,Entering at angle,0,0,N
9172,1,-122.3458631,47.61299081,11502,25805,25805,1328711,Matched,Block,,1ST AVE BETWEEN BLANCHARD ST AND BELL ST,,,1,Property Damage Only Collision,Sideswipe,4,0,0,2,2004/11/25 00:00:00+00,11/25/2004 12:58:00 AM,Mid-Block (not related to intersection),11,"MOTOR VEHICLE STRUCK MOTOR VEHICLE, FRONT END AT ANGLE",,0,Overcast,Wet,Dark - Street Lights On,,4330037.0,,12,From same direction - both going straight - one stopped - sideswipe,0,0,N
9173,1,-122.31352450000001,47.56260182,11503,24933,24933,1776792,Matched,Block,,15TH AVE S BETWEEN S OREGON ST AND S SNOQUALMIE ST,,,1,Property Damage Only Collision,Right Turn,2,0,0,2,2004/07/22 00:00:00+00,7/22/2004 11:15:00 AM,Mid-Block (but intersection related),16,"MOTOR VEHICLE STRUCK MOTOR VEHICLE, LEFT SIDE SIDESWIPE",Y,0,Clear,Dry,Daylight,,4204020.0,,16,From same direction - one right turn - one straight,0,0,N
9174,1,-122.3251077,47.66134409,11504,26362,26362,527096,Matched,Intersection,27180.0,LATONA AVE NE AND NE 45TH ST,,,1,Property Damage Only Collision,Angles,0,0,0,2,2004/08/27 00:00:00+00,8/27/2004 10:47:00 AM,At Intersection (intersection related),11,"MOTOR VEHICLE STRUCK MOTOR VEHICLE, FRONT END AT ANGLE",,0,Clear,Dry,Daylight,,4240016.0,,10,Entering at angle,0,0,N
9175,2,-122.32240870000001,47.63590126,11505,26128,26128,C645999,Matched,Intersection,28269.0,HARVARD AVE E AND LAKEVIEW BLVD E,,,2,Injury Collision,Angles,2,0,0,2,2004/06/29 00:00:00+00,6/29/2004 6:24:00 PM,At Intersection (intersection related),11,"MOTOR VEHICLE STRUCK MOTOR VEHICLE, FRONT END AT ANGLE",,0,Clear,Dry,Daylight,,4181051.0,,10,Entering at angle,0,0,N
9176,1,-122.34543590000001,47.67913448,11506,26899,26899,1476437,Matched,Block,,AURORA AVE N BETWEEN N 68TH ST AND N 70TH ST,,,1,Property Damage Only Collision,Rear Ended,6,0,0,4,2004/11/23 00:00:00+00,11/23/2004 4:51:00 PM,Mid-Block (not related to intersection),14,"MOTOR VEHICLE STRUCK MOTOR VEHICLE, REAR END",,0,Raining,Wet,Dark - Street Lights On,,4328034.0,,13,From same direction - both going straight - both moving - rear-end,0,0,N
9177,1,-122.3350605,47.66577239,11507,24982,24982,1931182,Matched,Block,,N 51ST ST BETWEEN WALLINGFORD AVE N AND MERIDIAN AVE N,,,1,Property Damage Only Collision,Parked Car,2,0,0,2,2004/11/18 00:00:00+00,11/18/2004 3:47:00 PM,Mid-Block (not related to intersection),13,"MOTOR VEHICLE STRUCK MOTOR VEHICLE, LEFT SIDE AT ANGLE",,0,Overcast,Dry,Unknown,,4323020.0,,32,One parked--one moving,0,0,N
9178,1,-122.3178456,47.70810451,11508,25899,25899,1796654,Matched,Block,,ROOSEVELT WAY NE BETWEEN NE 108TH ST AND NE NORTHGATE WAY,,,1,Property Damage Only Collision,Other,3,0,0,2,2004/12/21 00:00:00+00,12/21/2004 7:32:00 PM,Mid-Block (but intersection related),15,"MOTOR VEHICLE STRUCK MOTOR VEHICLE, RIGHT SIDE SIDESWIPE",,0,Overcast,Dry,Dark - Street Lights On,,4356004.0,,23,From same direction - all others,0,0,N
9179,1,-122.34756809999999,47.62449513,11510,26029,26029,1072160,Matched,Intersection,28914.0,5TH AVE N AND MERCER ST,,,1,Property Damage Only Collision,Angles,2,0,0,2,2004/10/20 00:00:00+00,10/20/2004 8:01:00 PM,At Intersection (intersection related),11,"MOTOR VEHICLE STRUCK MOTOR VEHICLE, FRONT END AT ANGLE",,0,Clear,Dry,Dark - Street Lights On,,4294024.0,,10,Entering at angle,0,0,N
9180,1,-122.3605081,47.521028799999996,11511,26578,26578,1789336,Matched,Intersection,34883.0,21ST AVE SW AND SW BARTON ST,,,1,Property Damage Only Collision,Angles,2,0,0,2,2004/07/31 00:00:00+00,7/31/2004 10:34:00 AM,At Intersection (intersection related),11,"MOTOR VEHICLE STRUCK MOTOR VEHICLE, FRONT END AT ANGLE",,0,Clear,Dry,Daylight,,4213017.0,,10,Entering at angle,0,0,N
9181,2,-122.32803179999999,47.57151955,11512,25935,25935,1781286,Matched,Block,,WEST SEATTLE BR EB BETWEEN W SEATTLE BR - I5 SB RP AND W SEA BR EB 4 AV OFF RP,,,2,Injury Collision,Rear Ended,4,0,0,3,2004/03/26 00:00:00+00,3/26/2004 12:30:00 PM,Mid-Block (not related to intersection),14,"MOTOR VEHICLE STRUCK MOTOR VEHICLE, REAR END",,0,Overcast,Dry,Daylight,,4086045.0,,13,From same direction - both going straight - both moving - rear-end,0,0,N
9182,2,-122.35003119999999,47.6625055,11514,25328,25328,1080129,Matched,Block,,FREMONT AVE N BETWEEN N 46TH ST AND N 47TH ST,,,2,Injury Collision,Rear Ended,3,0,0,2,2004/07/21 00:00:00+00,7/21/2004 6:35:00 PM,Mid-Block (but intersection related),14,"MOTOR VEHICLE STRUCK MOTOR VEHICLE, REAR END",,0,Clear,Dry,Daylight,,4203032.0,,14,From same direction - both going straight - one stopped - rear-end,0,0,N
9183,2,-122.2938322,47.73195476,11515,25978,25978,1072716,Matched,Intersection,36002.0,32ND AVE NE AND NE 143RD ST,,,2,Injury Collision,Angles,5,0,0,2,2004/05/15 00:00:00+00,5/15/2004 11:57:00 AM,At Intersection (intersection related),11,"MOTOR VEHICLE STRUCK MOTOR VEHICLE, FRONT END AT ANGLE",,0,Clear,Dry,Daylight,,4136007.0,,10,Entering at angle,0,0,N
9184,1,-122.4004882,47.55665534,11516,26296,26296,1785849,Matched,Block,,BEACH DR SW BETWEEN SW BEACH DRIVE TER AND SW CANADA DR,,,1,Property Damage Only Collision,Parked Car,2,0,0,2,2004/07/12 00:00:00+00,7/12/2004 12:45:00 AM,Mid-Block (not related to intersection),16,"MOTOR VEHICLE STRUCK MOTOR VEHICLE, LEFT SIDE SIDESWIPE",,1,Clear,Dry,Dark - Street Lights On,,4194038.0,Y,32,One parked--one moving,0,0,N
9185,2,,,11517,26992,26992,1213406,Matched,Block,,ALASKAN WY VI SB BETWEEN COLUMBIA ST ON RP AND ALASKAN WY VI SB EFR OFF RP,,,2,Injury Collision,Other,2,0,0,1,2004/04/10 00:00:00+00,4/10/2004 7:22:00 AM,Mid-Block (but intersection related),28,MOTOR VEHICLE RAN OFF ROAD - HIT FIXED OBJECT,,0,Clear,Dry,Daylight,,4101004.0,,50,Fixed object,0,0,N
9186,1,-122.3177645,47.60806217,11520,24925,24925,1217188,Matched,Block,,E CHERRY ST BETWEEN E JAMES WAY AND 12TH AVE,,,1,Property Damage Only Collision,Rear Ended,2,0,0,2,2004/08/14 00:00:00+00,8/14/2004 4:46:00 AM,Mid-Block (but intersection related),14,"MOTOR VEHICLE STRUCK MOTOR VEHICLE, REAR END",Y,0,Clear,Dry,Dark - Street Lights On,,4227013.0,,14,From same direction - both going straight - one stopped - rear-end,0,0,N
9187,1,-122.36095970000001,47.54122048,11521,26356,26356,1790587,Matched,Block,,DELRIDGE WAY SW BETWEEN SW WILLOW ST AND CROFT PL SW,,,1,Property Damage Only Collision,Parked Car,2,0,0,2,2004/08/21 00:00:00+00,8/21/2004 10:00:00 PM,Mid-Block (not related to intersection),14,"MOTOR VEHICLE STRUCK MOTOR VEHICLE, REAR END",,0,Clear,Dry,Dark - Street Lights On,,4234041.0,,32,One parked--one moving,0,0,N
9188,2,-122.3275774,47.72315404,11522,25562,25562,1773536,Matched,Block,,NE 130TH ST BETWEEN 1ST AVE NE AND 3RD AVE NE,,,2,Injury Collision,Rear Ended,5,0,0,2,2004/02/19 00:00:00+00,2/19/2004 5:35:00 PM,Mid-Block (not related to intersection),14,"MOTOR VEHICLE STRUCK MOTOR VEHICLE, REAR END",Y,0,Clear,Dry,Dusk,,4050027.0,,13,From same direction - both going straight - both moving - rear-end,0,0,N
9189,1,,,11523,26894,26894,1069685,Matched,Block,,ALASKAN WY VI NB BETWEEN S ROYAL BROUGHAM WAY ON RP AND SENECA ST OFF RP,,,1,Property Damage Only Collision,Other,1,0,0,1,2004/11/13 00:00:00+00,11/13/2004 4:12:00 PM,Mid-Block (not related to intersection),26,MOTOR VEHICLE STRUCK OBJECT IN ROAD,,1,Overcast,Dry,Daylight,,4318004.0,,50,Fixed object,0,0,N
9190,2,-122.31207930000001,47.68304587,11524,24976,24976,1793906,Matched,Intersection,24426.0,15TH AVE NE AND NE 75TH ST,,,2,Injury Collision,Left Turn,2,0,0,2,2004/10/18 00:00:00+00,10/18/2004 6:11:00 PM,At Intersection (intersection related),11,"MOTOR VEHICLE STRUCK MOTOR VEHICLE, FRONT END AT ANGLE",,0,Overcast,Wet,Dusk,,4292032.0,,28,From opposite direction - one left turn - one straight,0,0,N
9191,1,-122.2908707,47.57635096,11525,25945,25945,1793645,Matched,Block,,33RD AVE S BETWEEN S MOUNT BAKER WB BV AND S MOUNT BAKER EB BV,,,1,Property Damage Only Collision,Head On,2,0,0,2,2004/09/28 00:00:00+00,9/28/2004 12:16:00 PM,Mid-Block (not related to intersection),11,"MOTOR VEHICLE STRUCK MOTOR VEHICLE, FRONT END AT ANGLE",,0,Clear,Dry,Daylight,,4272030.0,,24,From opposite direction - both moving - head-on,0,0,N