,SEVERITYCODE,X,Y,OBJECTID,INCKEY,COLDETKEY,REPORTNO,STATUS,ADDRTYPE,INTKEY,LOCATION,EXCEPTRSNCODE,EXCEPTRSNDESC,SEVERITYCODE.1,SEVERITYDESC,COLLISIONTYPE,PERSONCOUNT,PEDCOUNT,PEDCYLCOUNT,VEHCOUNT,INCDATE,INCDTTM,JUNCTIONTYPE,SDOT_COLCODE,SDOT_COLDESC,INATTENTIONIND,UNDERINFL,WEATHER,ROADCOND,LIGHTCOND,PEDROWNOTGRNT,SDOTCOLNUM,SPEEDING,ST_COLCODE,ST_COLDESC,SEGLANEKEY,CROSSWALKKEY,HITPARKEDCAR
9192,1,-122.2981827,47.54018069,11526,25387,25387,1771941,Matched,Intersection,34316.0,27TH AVE S AND BEACON WR AVE S,,,1,Property Damage Only Collision,Left Turn,2,0,0,2,2004/05/17 00:00:00+00,5/17/2004 5:22:00 PM,At Intersection (intersection related),11,"MOTOR VEHICLE STRUCK MOTOR VEHICLE, FRONT END AT ANGLE",,0,Clear,Dry,Daylight,,4138041.0,,15,From same direction - one left turn - one straight,0,0,N
9193,1,-122.2864886,47.5601082,11527,26047,26047,1793073,Matched,Block,,RAINIER AVE S BETWEEN S ALASKA ST AND S ANGELINE ST,,,1,Property Damage Only Collision,Other,3,0,0,3,2004/11/19 00:00:00+00,11/19/2004 5:39:00 PM,Driveway Junction,11,"MOTOR VEHICLE STRUCK MOTOR VEHICLE, FRONT END AT ANGLE",,0,Clear,Dry,Dark - Street Lights On,,4324023.0,,22,One car leaving driveway access,0,0,N
9194,1,-122.3222154,47.620480900000004,11528,26512,26512,1772346,Matched,Block,,HARVARD AVE E BETWEEN E OLIVE WAY AND E THOMAS ST,,,1,Property Damage Only Collision,Parked Car,2,0,0,2,2004/08/20 00:00:00+00,8/20/2004 6:45:00 PM,Mid-Block (not related to intersection),16,"MOTOR VEHICLE STRUCK MOTOR VEHICLE, LEFT SIDE SIDESWIPE",,0,Clear,Dry,Daylight,,4233012.0,,32,One parked--one moving,0,0,N
9195,2,-122.32519840000002,47.64650426,11529,25886,25886,1216650,Matched,Block,,EASTLAKE AVE E BETWEEN E HAMLIN ST AND E SHELBY ST,,,2,Injury Collision,Other,3,0,0,2,2004/09/22 00:00:00+00,9/22/2004 5:44:00 PM,Driveway Junction,11,"MOTOR VEHICLE STRUCK MOTOR VEHICLE, FRONT END AT ANGLE",,0,Raining,Wet,Daylight,,4266009.0,,21,One car entering driveway access,0,0,N
9196,1,-122.2966582,47.66124886,11531,25090,25090,C649715,Matched,Intersection,288752.0,U VILLAGE DR AND NE 45TH ST,,,1,Property Damage Only Collision,Other,2,0,0,2,2004/12/04 00:00:00+00,12/4/2004,At Intersection (intersection related),11,"MOTOR VEHICLE STRUCK MOTOR VEHICLE, FRONT END AT ANGLE",,0,Unknown,Wet,Daylight,,4339073.0,,21,One car entering driveway access,0,0,N
9197,2,-122.3343951,47.66138622,11532,25970,25970,1794156,Matched,Block,,N 45TH ST BETWEEN BURKE AVE N AND MERIDIAN AVE N,,,2,Injury Collision,Rear Ended,4,0,0,2,2004/09/24 00:00:00+00,9/24/2004 5:17:00 PM,Mid-Block (not related to intersection),14,"MOTOR VEHICLE STRUCK MOTOR VEHICLE, REAR END",,0,Clear,Dry,Daylight,,4268022.0,,14,From same direction - both going straight - one stopped - rear-end,0,0,N
9198,1,-122.3756801,47.65369568,11533,26005,26005,1482494,Matched,Block,,15TH EMERSON RP BETWEEN 15TH AV W OFF RP AND 15TH AV W ON RP,,,1,Property Damage Only Collision,Other,3,0,0,1,2004/11/14 00:00:00+00,11/14/2004 8:00:00 PM,Mid-Block (not related to intersection),26,MOTOR VEHICLE STRUCK OBJECT IN ROAD,,0,Raining,Wet,Dark - Street Lights On,,4319008.0,Y,50,Fixed object,0,0,N
9199,2,,,11534,26981,26981,1186513,Matched,Alley,,,,,2,Injury Collision,Other,3,0,0,2,2004/05/29 00:00:00+00,5/29/2004 12:01:00 AM,,0,NOT ENOUGH INFORMATION / NOT APPLICABLE,,0,Clear,Wet,Dark - Street Lights On,,4150033.0,Y,21,One car entering driveway access,0,0,N
9200,1,-122.3124311,47.70944149,11536,26498,26498,1794953,Matched,Block,,15TH AVE NE BETWEEN NE NORTHGATE WAY AND NE 113TH ST,,,1,Property Damage Only Collision,Other,2,0,0,2,2004/09/14 00:00:00+00,9/14/2004 6:28:00 PM,Mid-Block (not related to intersection),14,"MOTOR VEHICLE STRUCK MOTOR VEHICLE, REAR END",,0,Raining,Wet,Dusk,,4258038.0,,23,From same direction - all others,0,0,N
9201,1,-122.282835,47.66488955,11537,25553,25553,1204824,Matched,Intersection,26239.0,SAND POINT WAY NE AND NE 50TH ST,,,1,Property Damage Only Collision,Angles,2,0,0,2,2004/02/25 00:00:00+00,2/25/2004 3:05:00 PM,At Intersection (intersection related),11,"MOTOR VEHICLE STRUCK MOTOR VEHICLE, FRONT END AT ANGLE",,0,Raining,Wet,Daylight,,4056021.0,,10,Entering at angle,0,0,N
9202,2,-122.3286131,47.7077206,11538,26887,26887,1794332,Matched,Block,,1ST AVE NE BETWEEN I5 NB 1ST AV NE OFF RP AND NE NORTHGATE WAY,,,2,Injury Collision,Rear Ended,4,0,0,4,2004/06/24 00:00:00+00,6/24/2004 3:24:00 PM,Mid-Block (not related to intersection),14,"MOTOR VEHICLE STRUCK MOTOR VEHICLE, REAR END",Y,0,Clear,Dry,Daylight,,4176013.0,,14,From same direction - both going straight - one stopped - rear-end,0,0,N
9203,1,-122.35678909999999,47.706000200000005,11540,26625,26625,1773429,Matched,Block,,PALATINE AVE N BETWEEN N 105TH ST AND N 107TH ST,,,1,Property Damage Only Collision,Parked Car,2,0,0,2,2004/07/21 00:00:00+00,7/21/2004 5:00:00 PM,Mid-Block (not related to intersection),13,"MOTOR VEHICLE STRUCK MOTOR VEHICLE, LEFT SIDE AT ANGLE",,0,Clear,Dry,Dark - Street Lights On,,4203003.0,,32,One parked--one moving,0,0,N
9204,1,-122.2694461,47.56059432,11541,25621,25621,C649744,Matched,Intersection,32620.0,51ST AVE S AND S ALASKA ST,,,1,Property Damage Only Collision,Angles,2,0,0,2,2004/12/07 00:00:00+00,12/7/2004,At Intersection (intersection related),11,"MOTOR VEHICLE STRUCK MOTOR VEHICLE, FRONT END AT ANGLE",,0,Overcast,Dry,Daylight,,4342060.0,,10,Entering at angle,0,0,N
9205,1,-122.3681058,47.57148216,11542,24832,24832,1790605,Matched,Block,,WEST SEATTLE BR EB BETWEEN 26TH AV SW ON RP AND POINT A,,,1,Property Damage Only Collision,Other,1,0,0,1,2004/08/06 00:00:00+00,8/6/2004,Mid-Block (not related to intersection),26,MOTOR VEHICLE STRUCK OBJECT IN ROAD,,0,Clear,Wet,Daylight,,4219059.0,,50,Fixed object,0,0,N
9206,2,-122.32787490000001,47.61707009,11543,26111,26111,C649358,Matched,Intersection,29848.0,MELROSE AVE AND E OLIVE PL,,,2,Injury Collision,Angles,3,0,0,3,2004/09/19 00:00:00+00,9/19/2004 4:15:00 PM,At Intersection (intersection related),11,"MOTOR VEHICLE STRUCK MOTOR VEHICLE, FRONT END AT ANGLE",,0,Clear,Dry,Daylight,,4263031.0,,10,Entering at angle,0,0,N
9207,2,-122.30461399999999,47.64541021,11544,25710,25710,1789870,Matched,Block,,MONTLAKE BLVD E BETWEEN MONTLAKE BV ON RP AND E HAMLIN ST,,,2,Injury Collision,Rear Ended,3,0,0,2,2004/05/10 00:00:00+00,5/10/2004 11:53:00 AM,Mid-Block (not related to intersection),14,"MOTOR VEHICLE STRUCK MOTOR VEHICLE, REAR END",Y,0,Raining,Wet,Daylight,,4131062.0,,14,From same direction - both going straight - one stopped - rear-end,0,0,N
9208,1,-122.3631854,47.53369768,11545,25597,25597,1790804,Matched,Intersection,33983.0,24TH AVE SW AND SW HOLDEN ST,,,1,Property Damage Only Collision,Angles,2,0,0,2,2004/09/02 00:00:00+00,9/2/2004,At Intersection (intersection related),11,"MOTOR VEHICLE STRUCK MOTOR VEHICLE, FRONT END AT ANGLE",,0,Clear,Dry,Daylight,,4246032.0,,10,Entering at angle,0,0,N
9209,1,-122.3374312,47.61330061,11546,25806,25806,1326878,Matched,Intersection,29555.0,STEWART ST AND WESTLAKE AVE,,,1,Property Damage Only Collision,Left Turn,2,0,0,2,2004/02/12 00:00:00+00,2/12/2004 6:59:00 AM,At Intersection (intersection related),16,"MOTOR VEHICLE STRUCK MOTOR VEHICLE, LEFT SIDE SIDESWIPE",,0,Clear,Dry,Daylight,,4043017.0,,15,From same direction - one left turn - one straight,0,0,N
9210,1,-122.34345829999998,47.69146392,11547,25217,25217,1774316,Matched,Block,,NESBIT AVE N BETWEEN N 85TH ST AND N 88TH ST,,,1,Property Damage Only Collision,Parked Car,3,0,0,3,2004/11/15 00:00:00+00,11/15/2004 12:17:00 AM,Mid-Block (not related to intersection),11,"MOTOR VEHICLE STRUCK MOTOR VEHICLE, FRONT END AT ANGLE",,0,Overcast,Wet,Dark - Street Lights On,,4320029.0,,32,One parked--one moving,0,0,N
9211,1,-122.3056082,47.69255512,11548,26220,26220,1786027,Matched,Block,,LAKE CITY WAY NE BETWEEN NE 88TH ST AND NE 89TH ST,,,1,Property Damage Only Collision,Sideswipe,3,0,0,2,2004/01/02 00:00:00+00,1/2/2004,Mid-Block (not related to intersection),16,"MOTOR VEHICLE STRUCK MOTOR VEHICLE, LEFT SIDE SIDESWIPE",,0,Overcast,Ice,Daylight,,4002020.0,Y,11,From same direction - both going straight - both moving - sideswipe,0,0,N
9212,1,-122.34702060000001,47.65091059,11549,25985,25985,1773925,Matched,Block,,N 36TH ST BETWEEN TROLL AVE N AND WINSLOW PL N,,,1,Property Damage Only Collision,Parked Car,2,0,0,2,2004/02/18 00:00:00+00,2/18/2004 5:29:00 AM,Mid-Block (not related to intersection),13,"MOTOR VEHICLE STRUCK MOTOR VEHICLE, LEFT SIDE AT ANGLE",,0,Raining,Wet,Dark - Street Lights Off,,4049003.0,,32,One parked--one moving,0,0,N
9213,1,-122.32980400000001,47.62427706,11550,26619,26619,1777375,Matched,Block,,MERCER ST BETWEEN YALE AVE N AND EASTLAKE AVE E,,,1,Property Damage Only Collision,Parked Car,2,0,0,2,2004/02/10 00:00:00+00,2/10/2004 4:28:00 PM,Mid-Block (but intersection related),16,"MOTOR VEHICLE STRUCK MOTOR VEHICLE, LEFT SIDE SIDESWIPE",,0,Clear,Dry,Daylight,,4041017.0,,32,One parked--one moving,0,0,N
9214,1,-122.30652279999998,47.66216516,11553,26720,26720,1774000,Matched,Block,,20TH AVE NE BETWEEN NE 45TH ST AND NE 47TH ST,,,1,Property Damage Only Collision,Other,2,0,0,2,2004/07/09 00:00:00+00,7/9/2004,Driveway Junction,11,"MOTOR VEHICLE STRUCK MOTOR VEHICLE, FRONT END AT ANGLE",,0,Clear,Wet,Daylight,,4191015.0,,22,One car leaving driveway access,0,0,N
9215,2,-122.3554242,47.62210319,11554,26181,26181,1482427,Matched,Intersection,28924.0,1ST AVE N AND HARRISON ST,,,2,Injury Collision,Sideswipe,3,0,0,2,2004/03/19 00:00:00+00,3/19/2004 4:04:00 PM,At Intersection (intersection related),16,"MOTOR VEHICLE STRUCK MOTOR VEHICLE, LEFT SIDE SIDESWIPE",Y,0,Clear,Dry,Daylight,,4079023.0,,11,From same direction - both going straight - both moving - sideswipe,0,0,N
9216,2,-122.30546670000001,47.69756886,11555,27066,27066,1793813,Matched,Intersection,37733.0,LAKE CITY WAY NE AND NE 95TH ST,,,2,Injury Collision,Left Turn,5,0,0,2,2004/09/20 00:00:00+00,9/20/2004 8:49:00 AM,At Intersection (intersection related),11,"MOTOR VEHICLE STRUCK MOTOR VEHICLE, FRONT END AT ANGLE",,0,Clear,Dry,Daylight,,4264009.0,Y,28,From opposite direction - one left turn - one straight,0,0,N
9217,2,-122.34240190000001,47.61855016,11556,25616,25616,1784862,Matched,Intersection,29515.0,DENNY WAY AND DEXTER AVE,,,2,Injury Collision,Angles,5,0,0,2,2004/11/15 00:00:00+00,11/15/2004 12:43:00 AM,At Intersection (intersection related),11,"MOTOR VEHICLE STRUCK MOTOR VEHICLE, FRONT END AT ANGLE",,0,Overcast,Wet,Dark - Street Lights On,,4320022.0,,10,Entering at angle,0,0,N
9218,2,-122.3310587,47.61850521,11557,25544,25544,1213781,Matched,Block,,DENNY WAY BETWEEN YALE AVE AND STEWART ST,,,2,Injury Collision,Rear Ended,2,0,0,2,2004/04/14 00:00:00+00,4/14/2004 3:03:00 PM,Mid-Block (but intersection related),14,"MOTOR VEHICLE STRUCK MOTOR VEHICLE, REAR END",,0,Clear,Wet,Daylight,,4105037.0,,14,From same direction - both going straight - one stopped - rear-end,0,0,N
9219,1,-122.3259598,47.606036100000004,11558,25329,25329,1080202,Matched,Block,,CHERRY ST BETWEEN 8TH AVE AND 9TH AVE,,,1,Property Damage Only Collision,Other,2,0,0,2,2004/07/14 00:00:00+00,7/14/2004 12:45:00 PM,Driveway Junction,11,"MOTOR VEHICLE STRUCK MOTOR VEHICLE, FRONT END AT ANGLE",,0,Clear,Dry,Daylight,,4196026.0,,21,One car entering driveway access,0,0,N
9220,1,-122.3193688,47.61217738,11559,26246,26246,1790064,Matched,Intersection,29766.0,10TH AVE AND E SENECA ST,,,1,Property Damage Only Collision,Angles,2,0,0,2,2004/05/25 00:00:00+00,5/25/2004 6:22:00 PM,At Intersection (intersection related),11,"MOTOR VEHICLE STRUCK MOTOR VEHICLE, FRONT END AT ANGLE",,0,Raining,Wet,Daylight,,4146017.0,,10,Entering at angle,0,0,N
9221,1,-122.35998559999999,47.65042216,11560,26013,26013,1213584,Matched,Block,,W BERTONA ST BETWEEN W NICKERSON ST AND 3RD AVE W,,,1,Property Damage Only Collision,Other,3,0,0,1,2004/10/12 00:00:00+00,10/12/2004 3:22:00 PM,Mid-Block (but intersection related),26,MOTOR VEHICLE STRUCK OBJECT IN ROAD,,0,Clear,Dry,Daylight,,4286029.0,,50,Fixed object,0,0,N
9222,1,-122.2594229,47.51013699,11561,25437,25437,1783956,Matched,Intersection,38210.0,59TH AVE S AND RENTON AVE S,,,1,Property Damage Only Collision,Angles,2,0,0,2,2004/11/21 00:00:00+00,11/21/2004 11:10:00 PM,At Intersection (intersection related),11,"MOTOR VEHICLE STRUCK MOTOR VEHICLE, FRONT END AT ANGLE",,1,Raining,Wet,Dark - Street Lights Off,,4326009.0,,10,Entering at angle,0,0,N
9223,1,-122.32192040000001,47.70858579,11562,26775,26775,1319699,Matched,Block,,NE NORTHGATE WAY BETWEEN 5TH AVE NE AND 8TH AVE NE,,,1,Property Damage Only Collision,Rear Ended,3,0,0,2,2004/08/08 00:00:00+00,8/8/2004,Mid-Block (not related to intersection),14,"MOTOR VEHICLE STRUCK MOTOR VEHICLE, REAR END",,1,Clear,Dry,Daylight,,4221013.0,,14,From same direction - both going straight - one stopped - rear-end,0,0,N
9224,1,-122.35012340000002,47.63740848,11563,25949,25949,872131,Matched,Block,,CROCKETT ST BETWEEN NOB HILL AVE N AND 4TH AVE N,,,1,Property Damage Only Collision,Parked Car,2,0,0,2,2004/11/18 00:00:00+00,11/18/2004 1:15:00 AM,Mid-Block (not related to intersection),11,"MOTOR VEHICLE STRUCK MOTOR VEHICLE, FRONT END AT ANGLE",,0,Overcast,Wet,Dark - Street Lights On,,4323027.0,,32,One parked--one moving,0,0,N
9225,1,-122.3141483,47.608630600000005,11564,25324,25324,1772666,Matched,Block,,14TH AVE BETWEEN E CHERRY ST AND E COLUMBIA ST,,,1,Property Damage Only Collision,Parked Car,2,0,0,2,2004/06/01 00:00:00+00,6/1/2004,Mid-Block (not related to intersection),13,"MOTOR VEHICLE STRUCK MOTOR VEHICLE, LEFT SIDE AT ANGLE",,1,Clear,Unknown,Dark - Street Lights On,,4153028.0,,32,One parked--one moving,0,0,N
9226,1,-122.34760130000001,47.62090802,11566,26120,26120,1059879,Matched,Intersection,28931.0,5TH AVE N AND BROAD ST,,,1,Property Damage Only Collision,Right Turn,3,0,0,2,2004/11/30 00:00:00+00,11/30/2004 12:30:00 PM,At Intersection (intersection related),11,"MOTOR VEHICLE STRUCK MOTOR VEHICLE, FRONT END AT ANGLE",,0,Overcast,Dry,Daylight,,4335024.0,,16,From same direction - one right turn - one straight,0,0,N
9227,1,-122.3362293,47.60971758,11567,26759,26759,1784941,Matched,Block,,4TH AVE BETWEEN UNION ST AND PIKE ST,,,1,Property Damage Only Collision,Rear Ended,6,0,0,2,2004/12/03 00:00:00+00,12/3/2004,Mid-Block (not related to intersection),14,"MOTOR VEHICLE STRUCK MOTOR VEHICLE, REAR END",Y,0,Clear,Dry,Daylight,,4338027.0,,14,From same direction - both going straight - one stopped - rear-end,0,0,N
9228,1,-122.38778980000001,47.50829304,11569,25631,25631,1789137,Matched,Intersection,38076.0,MARINE VIEW DR SW AND SW 106TH ST,,,1,Property Damage Only Collision,Left Turn,5,0,0,2,2004/03/08 00:00:00+00,3/8/2004,At Intersection (intersection related),11,"MOTOR VEHICLE STRUCK MOTOR VEHICLE, FRONT END AT ANGLE",,0,Clear,Dry,Daylight,,4068031.0,,28,From opposite direction - one left turn - one straight,0,0,N
9229,1,-122.3343392,47.57270045,11571,26315,26315,1334102,Matched,Block,,1ST WR AVE S BETWEEN S HINDS ST AND S SPOKANE NR ST,,,1,Property Damage Only Collision,Other,2,0,0,2,2004/05/06 00:00:00+00,5/6/2004,Mid-Block (not related to intersection),11,"MOTOR VEHICLE STRUCK MOTOR VEHICLE, FRONT END AT ANGLE",,0,Clear,Dry,Daylight,,4127025.0,,23,From same direction - all others,0,0,N
9230,1,-122.33101470000001,47.60737228,11572,26731,26731,1785097,Matched,Block,,6TH AVE BETWEEN MADISON ST AND SPRING ST,,,1,Property Damage Only Collision,Sideswipe,2,0,0,2,2004/12/03 00:00:00+00,12/3/2004,Mid-Block (but intersection related),16,"MOTOR VEHICLE STRUCK MOTOR VEHICLE, LEFT SIDE SIDESWIPE",,0,Clear,Dry,Dark - Street Lights On,,4338028.0,,71,Same direction -- both turning right -- both moving -- sideswipe,0,0,N
9231,1,-122.36950209999999,47.57174037,11573,25933,25933,1781178,Matched,Block,,SW SPOKANE NR ST BETWEEN HARBOR AV SW OFF RP AND HARBOR AVE SW,,,1,Property Damage Only Collision,Parked Car,2,0,0,2,2004/07/04 00:00:00+00,7/4/2004,Mid-Block (but intersection related),26,MOTOR VEHICLE STRUCK OBJECT IN ROAD,Y,0,Clear,Dry,Dark - Street Lights On,,4186013.0,,32,One parked--one moving,0,0,N
9232,1,-122.334001,47.70911658,11574,25831,25831,1794829,Matched,Block,,MERIDIAN AVE N BETWEEN N NORTHGATE WAY AND N 112TH ST,,,1,Property Damage Only Collision,Head On,2,0,0,2,2004/09/17 00:00:00+00,9/17/2004 4:30:00 PM,Mid-Block (not related to intersection),11,"MOTOR VEHICLE STRUCK MOTOR VEHICLE, FRONT END AT ANGLE",,0,Overcast,Wet,Daylight,,4261035.0,,24,From opposite direction - both moving - head-on,0,0,N
9233,1,-122.32356680000001,47.62598477,11577,26432,26432,1772334,Matched,Block,,BOYLSTON AVE E BETWEEN E ROY W ST AND E ALOHA ST,,,1,Property Damage Only Collision,Parked Car,2,0,0,2,2004/04/25 00:00:00+00,4/25/2004 7:15:00 PM,Mid-Block (not related to intersection),11,"MOTOR VEHICLE STRUCK MOTOR VEHICLE, FRONT END AT ANGLE",,0,Unknown,Unknown,Dark - Street Lights On,,4116047.0,,32,One parked--one moving,0,0,N
9234,1,-122.3551145,47.52195279,11578,26996,26996,1197827,Matched,Block,,16TH AVE SW BETWEEN SW HENDERSON ST AND SW BARTON ST,,,1,Property Damage Only Collision,Parked Car,2,0,0,2,2004/11/24 00:00:00+00,11/24/2004 2:26:00 PM,Mid-Block (not related to intersection),11,"MOTOR VEHICLE STRUCK MOTOR VEHICLE, FRONT END AT ANGLE",,0,Overcast,Wet,Daylight,,4329020.0,,20,One car leaving parked position,0,0,N
9235,2,-122.2701547,47.53644387,11579,25928,25928,1793567,Matched,Block,,RAINIER AVE S BETWEEN S OTHELLO ST AND S FONTANELLE ST,,,2,Injury Collision,Rear Ended,4,0,0,2,2004/10/20 00:00:00+00,10/20/2004 1:23:00 PM,Driveway Junction,14,"MOTOR VEHICLE STRUCK MOTOR VEHICLE, REAR END",,0,Clear,Dry,Daylight,,4294015.0,,14,From same direction - both going straight - one stopped - rear-end,0,0,N
9236,1,-122.3868564,47.55841117,11580,25198,25198,1477194,Matched,Block,,CALIFORNIA AVE SW BETWEEN ERSKINE WAY SW AND SW HUDSON ST,,,1,Property Damage Only Collision,Parked Car,2,0,0,2,2004/08/05 00:00:00+00,8/5/2004,Mid-Block (not related to intersection),14,"MOTOR VEHICLE STRUCK MOTOR VEHICLE, REAR END",,0,Clear,Dry,Dark - Street Lights On,,4218037.0,,32,One parked--one moving,0,0,N
9237,1,-122.3334114,47.62426763,11581,26067,26067,1776973,Matched,Block,,MERCER ST BETWEEN MERCER SR ST AND MINOR AVE N,,,1,Property Damage Only Collision,Parked Car,3,0,0,3,2004/05/28 00:00:00+00,5/28/2004 3:26:00 AM,Mid-Block (not related to intersection),14,"MOTOR VEHICLE STRUCK MOTOR VEHICLE, REAR END",,0,Raining,Wet,Dark - Street Lights On,,4149026.0,Y,32,One parked--one moving,0,0,N
9238,1,-122.34762420000001,47.61812919,11582,25699,25699,1181387,Matched,Block,,CEDAR ST BETWEEN 4TH AVE AND DENNY WAY,,,1,Property Damage Only Collision,Parked Car,2,0,0,2,2004/08/20 00:00:00+00,8/20/2004 1:13:00 AM,Mid-Block (not related to intersection),16,"MOTOR VEHICLE STRUCK MOTOR VEHICLE, LEFT SIDE SIDESWIPE",,0,Clear,Dry,Dark - Street Lights On,,4233020.0,,32,One parked--one moving,0,0,N
9239,2,-122.33754429999999,47.60612176,11584,24980,24980,1059851,Matched,Intersection,29611.0,1ST AVE AND SENECA ST,,,2,Injury Collision,Pedestrian,5,1,0,1,2004/11/25 00:00:00+00,11/25/2004 12:19:00 PM,At Intersection (intersection related),24,MOTOR VEHCILE STRUCK PEDESTRIAN,,0,Raining,Wet,Daylight,Y,4330009.0,,2,Vehicle turning left hits pedestrian,0,0,N
9240,1,-122.3237519,47.59876922,11585,25628,25628,1777117,Matched,Block,,7TH AVE S BETWEEN S JACKSON ST AND S KING ST,,,1,Property Damage Only Collision,Other,2,0,0,2,2004/02/21 00:00:00+00,2/21/2004 6:50:00 PM,Mid-Block (but intersection related),0,NOT ENOUGH INFORMATION / NOT APPLICABLE,,0,Clear,Dry,Dark - Street Lights On,,4052028.0,,23,From same direction - all others,0,0,N
9241,1,-122.3139122,47.61995897,11587,26052,26052,1787247,Matched,Block,,E JOHN ST BETWEEN 14TH AVE E AND E JOHN SR ST,,,1,Property Damage Only Collision,Parked Car,2,0,0,2,2004/05/11 00:00:00+00,5/11/2004 3:08:00 PM,Driveway Junction,11,"MOTOR VEHICLE STRUCK MOTOR VEHICLE, FRONT END AT ANGLE",,0,Clear,Dry,Daylight,,4132024.0,,32,One parked--one moving,0,0,N
9242,1,-122.3762226,47.65698919,11588,26023,26023,1782700_1,Matched,Block,,BALLARD BR BETWEEN 15TH AVE W AND POINT A,,,1,Property Damage Only Collision,Parked Car,2,0,0,2,2004/12/08 00:00:00+00,12/8/2004,Mid-Block (not related to intersection),11,"MOTOR VEHICLE STRUCK MOTOR VEHICLE, FRONT END AT ANGLE",,0,Overcast,Dry,Dark - Street Lights On,,4343005.0,,32,One parked--one moving,0,0,N
9243,1,-122.33566370000001,47.61394174,11589,25460,25460,1798828,Matched,Block,,7TH AVE BETWEEN OLIVE WAY AND STEWART ST,,,1,Property Damage Only Collision,Parked Car,2,0,0,2,2004/09/12 00:00:00+00,9/12/2004 7:30:00 PM,Driveway Junction,13,"MOTOR VEHICLE STRUCK MOTOR VEHICLE, LEFT SIDE AT ANGLE",Y,0,Raining,Wet,Dusk,,4256008.0,,32,One parked--one moving,0,0,N
9244,1,-122.34608519999999,47.53924765,11590,25819,25819,1198152,Matched,Block,,HIGHLAND PARK WAY SW BETWEEN WEST MARGINAL WAY SW AND SW OTHELLO ST,,,1,Property Damage Only Collision,Head On,2,0,0,2,2004/11/13 00:00:00+00,11/13/2004 4:47:00 AM,Mid-Block (not related to intersection),11,"MOTOR VEHICLE STRUCK MOTOR VEHICLE, FRONT END AT ANGLE",,0,Raining,Wet,Dark - Street Lights On,,4318029.0,Y,30,From opposite direction - all others,0,0,N
9245,1,-122.334195,47.59135531,11591,25234,25234,1482614,Matched,Block,,1ST AVE S BETWEEN S ROYAL BROUGHAM WAY AND S ATLANTIC ST,,,1,Property Damage Only Collision,Other,2,0,0,2,2004/05/27 00:00:00+00,5/27/2004 6:09:00 PM,Mid-Block (not related to intersection),11,"MOTOR VEHICLE STRUCK MOTOR VEHICLE, FRONT END AT ANGLE",,0,Raining,Wet,Daylight,,4148049.0,,23,From same direction - all others,0,0,N
9246,2,-122.3308596,47.61838184,11595,26440,26440,1214095,Matched,Block,,STEWART ST BETWEEN YALE AVE AND DENNY WAY,,,2,Injury Collision,Rear Ended,3,0,0,2,2004/09/10 00:00:00+00,9/10/2004 10:52:00 PM,Mid-Block (but intersection related),14,"MOTOR VEHICLE STRUCK MOTOR VEHICLE, REAR END",,0,Raining,Wet,Dark - Street Lights On,,4254014.0,,14,From same direction - both going straight - one stopped - rear-end,0,0,N
9247,2,-122.37609029999999,47.64941869,11596,27011,27011,1777875,Matched,Block,,15TH AV W NB ON RP BETWEEN W DRAVUS ST AND 15TH AVE W,,,2,Injury Collision,Parked Car,6,0,0,3,2004/11/14 00:00:00+00,11/14/2004 12:27:00 AM,Mid-Block (not related to intersection),13,"MOTOR VEHICLE STRUCK MOTOR VEHICLE, LEFT SIDE AT ANGLE",,1,Clear,Dry,Dark - Street Lights On,,4319031.0,,32,One parked--one moving,0,0,N
9248,1,-122.3150173,47.68536609,11597,25744,25744,1780724,Matched,Intersection,24409.0,12TH AVE NE AND LAKE CITY WAY NE,,,1,Property Damage Only Collision,Angles,2,0,0,2,2004/04/02 00:00:00+00,4/2/2004,At Intersection (intersection related),11,"MOTOR VEHICLE STRUCK MOTOR VEHICLE, FRONT END AT ANGLE",,0,Clear,Dry,Daylight,,4093038.0,,10,Entering at angle,0,0,N
9249,2,-122.3020637,47.61294138,11598,25399,25399,1211582,Matched,Block,,E UNION ST BETWEEN 23RD AVE AND 24TH AVE,,,2,Injury Collision,Pedestrian,2,1,0,1,2004/08/05 00:00:00+00,8/5/2004,Driveway Junction,24,MOTOR VEHCILE STRUCK PEDESTRIAN,,0,Clear,Dry,Daylight,,4218006.0,,2,Vehicle turning left hits pedestrian,0,0,N
9250,2,-122.34844009999999,47.63240309,11599,24944,24944,1482317,Matched,Block,,BIGELOW AVE N BETWEEN LEE ST AND GARFIELD ST,,,2,Injury Collision,Parked Car,3,0,0,3,2004/05/05 00:00:00+00,5/5/2004,Mid-Block (not related to intersection),13,"MOTOR VEHICLE STRUCK MOTOR VEHICLE, LEFT SIDE AT ANGLE",,0,Clear,Dry,Daylight,,4126021.0,,32,One parked--one moving,0,0,N
9251,1,-122.3148472,47.69627053,11600,26236,26236,1794878,Matched,Block,,12TH AVE NE BETWEEN NE 92ND ST AND NE 94TH ST,,,1,Property Damage Only Collision,Parked Car,2,0,0,2,2004/10/03 00:00:00+00,10/3/2004,Mid-Block (not related to intersection),16,"MOTOR VEHICLE STRUCK MOTOR VEHICLE, LEFT SIDE SIDESWIPE",Y,0,Clear,Dry,Daylight,,4277010.0,,32,One parked--one moving,0,0,N
9252,1,-122.300605,47.66626672,11601,26286,26286,1781843,Matched,Intersection,25949.0,25TH AVE NE AND NE BLAKELEY ST,,,1,Property Damage Only Collision,Angles,2,0,0,2,2004/10/28 00:00:00+00,10/28/2004 8:54:00 AM,At Intersection (intersection related),11,"MOTOR VEHICLE STRUCK MOTOR VEHICLE, FRONT END AT ANGLE",,0,Fog/Smog/Smoke,Dry,Dark - Street Lights Off,,4302029.0,,10,Entering at angle,0,0,N