,SEVERITYCODE,X,Y,OBJECTID,INCKEY,COLDETKEY,REPORTNO,STATUS,ADDRTYPE,INTKEY,LOCATION,EXCEPTRSNCODE,EXCEPTRSNDESC,SEVERITYCODE.1,SEVERITYDESC,COLLISIONTYPE,PERSONCOUNT,PEDCOUNT,PEDCYLCOUNT,VEHCOUNT,INCDATE,INCDTTM,JUNCTIONTYPE,SDOT_COLCODE,SDOT_COLDESC,INATTENTIONIND,UNDERINFL,WEATHER,ROADCOND,LIGHTCOND,PEDROWNOTGRNT,SDOTCOLNUM,SPEEDING,ST_COLCODE,ST_COLDESC,SEGLANEKEY,CROSSWALKKEY,HITPARKEDCAR
9253,2,-122.28842350000001,47.56496219,11602,26850,26850,1792986,Matched,Block,,RAINIER AVE S BETWEEN S ADAMS ST AND S GENESEE N ST,,,2,Injury Collision,Rear Ended,5,0,0,2,2004/07/21 00:00:00+00,7/21/2004 12:17:00 PM,Mid-Block (but intersection related),14,"MOTOR VEHICLE STRUCK MOTOR VEHICLE, REAR END",,0,Clear,Dry,Daylight,,4203022.0,,14,From same direction - both going straight - one stopped - rear-end,0,0,N
9254,1,-122.33591240000001,47.60433864,11603,25505,25505,1786889,Matched,Block,,1ST AVE BETWEEN MARION ST AND MADISON ST,,,1,Property Damage Only Collision,Other,2,0,0,2,2004/04/18 00:00:00+00,4/18/2004 12:15:00 AM,Driveway Junction,11,"MOTOR VEHICLE STRUCK MOTOR VEHICLE, FRONT END AT ANGLE",,0,Clear,Dry,Daylight,,4109012.0,,22,One car leaving driveway access,0,0,N
9255,1,-122.3113977,47.66307953,11604,25070,25070,C650865,Matched,Block,,NE 47TH ST BETWEEN 15TH AVE NE AND 16TH AVE NE,,,1,Property Damage Only Collision,Other,2,0,0,2,2004/12/30 00:00:00+00,12/30/2004 1:00:00 PM,Driveway Junction,11,"MOTOR VEHICLE STRUCK MOTOR VEHICLE, FRONT END AT ANGLE",,0,Overcast,Dry,Daylight,,4365038.0,,21,One car entering driveway access,0,0,N
9256,1,-122.38548349999999,47.56019691,11608,25270,25270,1197776,Matched,Block,,42ND AVE SW BETWEEN SW ALASKA ST AND SW EDMUNDS ST,,,1,Property Damage Only Collision,Parked Car,2,0,0,2,2004/11/18 00:00:00+00,11/18/2004 12:02:00 AM,Mid-Block (but intersection related),14,"MOTOR VEHICLE STRUCK MOTOR VEHICLE, REAR END",,0,Raining,Wet,Dark - Street Lights On,,4323007.0,Y,32,One parked--one moving,0,0,N
9257,1,-122.349903,47.68657666,11610,24893,24893,1781942,Matched,Block,,FREMONT AVE N BETWEEN N 79TH ST AND N 80TH ST,,,1,Property Damage Only Collision,Parked Car,2,0,0,2,2004/09/23 00:00:00+00,9/23/2004 8:59:00 AM,Mid-Block (not related to intersection),15,"MOTOR VEHICLE STRUCK MOTOR VEHICLE, RIGHT SIDE SIDESWIPE",Y,0,Overcast,Wet,Daylight,,4267028.0,,32,One parked--one moving,0,0,N
9258,1,-122.33917360000001,47.61372707,11611,26332,26332,1777823,Matched,Intersection,29549.0,5TH AVE AND VIRGINIA ST,,,1,Property Damage Only Collision,Left Turn,2,0,0,2,2004/04/19 00:00:00+00,4/19/2004 9:20:00 AM,At Intersection (intersection related),11,"MOTOR VEHICLE STRUCK MOTOR VEHICLE, FRONT END AT ANGLE",,0,Clear,Dry,Daylight,,4110001.0,,15,From same direction - one left turn - one straight,0,0,N
9259,1,-122.3362293,47.60971758,11612,26169,26169,1777063,Matched,Block,,4TH AVE BETWEEN UNION ST AND PIKE ST,,,1,Property Damage Only Collision,Parked Car,2,0,0,2,2004/05/28 00:00:00+00,5/28/2004 3:00:00 PM,Mid-Block (not related to intersection),11,"MOTOR VEHICLE STRUCK MOTOR VEHICLE, FRONT END AT ANGLE",,0,Clear,Wet,Daylight,,4149037.0,,32,One parked--one moving,0,0,N
9260,1,-122.3915086,47.67019065,11613,25738,25738,1319750,Matched,Block,,NW 57TH ST BETWEEN 26TH AVE NW AND 28TH AVE NW,,,1,Property Damage Only Collision,Parked Car,2,0,0,2,2004/08/17 00:00:00+00,8/17/2004 10:00:00 PM,Mid-Block (not related to intersection),14,"MOTOR VEHICLE STRUCK MOTOR VEHICLE, REAR END",,0,Clear,Dry,Dark - Street Lights On,,4230006.0,,32,One parked--one moving,0,0,N
9261,2,-122.27853229999998,47.53233733,11614,25823,25823,1773276,Matched,Block,,RENTON AVE S BETWEEN S CHICAGO ST AND S BOZEMAN ST,,,2,Injury Collision,Rear Ended,3,0,0,3,2004/09/07 00:00:00+00,9/7/2004,Driveway Junction,14,"MOTOR VEHICLE STRUCK MOTOR VEHICLE, REAR END",,0,Clear,Dry,Daylight,,4251030.0,,14,From same direction - both going straight - one stopped - rear-end,0,0,N
9262,1,-122.2863582,47.68304473,11615,25379,25379,1773378,Matched,Intersection,24927.0,39TH AVE NE AND NE 75TH ST,,,1,Property Damage Only Collision,Right Turn,4,0,0,2,2004/02/06 00:00:00+00,2/6/2004,At Intersection (intersection related),11,"MOTOR VEHICLE STRUCK MOTOR VEHICLE, FRONT END AT ANGLE",,0,Overcast,Wet,Dark - Street Lights On,,4037024.0,,16,From same direction - one right turn - one straight,0,0,N
9263,2,-122.3326533,47.7086545,11617,26274,26274,1220513,Matched,Block,,N NORTHGATE WAY BETWEEN MERIDIAN AVE N AND CORLISS AVE N,,,2,Injury Collision,Rear Ended,3,0,0,2,2004/09/30 00:00:00+00,9/30/2004 2:09:00 PM,Mid-Block (but intersection related),14,"MOTOR VEHICLE STRUCK MOTOR VEHICLE, REAR END",Y,0,Clear,Dry,Daylight,,4274008.0,,14,From same direction - both going straight - one stopped - rear-end,0,0,N
9264,1,-122.31214879999999,47.65534016,11619,25199,25199,1634925,Matched,Intersection,27107.0,15TH AVE NE AND NE 40TH ST,,,1,Property Damage Only Collision,Angles,2,0,0,2,2004/01/28 00:00:00+00,1/28/2004 6:40:00 AM,At Intersection (intersection related),11,"MOTOR VEHICLE STRUCK MOTOR VEHICLE, FRONT END AT ANGLE",,0,Overcast,Wet,Dark - Street Lights On,,4028002.0,,10,Entering at angle,0,0,N
9265,1,-122.3458666,47.690566700000005,11620,26209,26209,1794807,Matched,Block,,N 85TH ST BETWEEN LINDEN AVE N AND AURORA AVE N,,,1,Property Damage Only Collision,Rear Ended,4,0,0,2,2004/10/19 00:00:00+00,10/19/2004 11:55:00 AM,Mid-Block (not related to intersection),14,"MOTOR VEHICLE STRUCK MOTOR VEHICLE, REAR END",,0,Raining,Wet,Daylight,,4293014.0,,13,From same direction - both going straight - both moving - rear-end,0,0,N
9266,1,-122.31781059999999,47.65720176,11621,26574,26574,1776790,Matched,Block,,ROOSEVELT WAY NE BETWEEN NE 41ST ST AND NE 42ND S ST,,,1,Property Damage Only Collision,Other,2,0,0,2,2004/07/20 00:00:00+00,7/20/2004 7:30:00 AM,Driveway Junction,11,"MOTOR VEHICLE STRUCK MOTOR VEHICLE, FRONT END AT ANGLE",,0,Clear,Dry,Daylight,,4202005.0,,21,One car entering driveway access,0,0,N
9267,2,-122.3347922,47.54919059,11622,25703,25703,1476162,Matched,Block,,EAST MARGINAL WAY S BETWEEN S FIDALGO ST AND 1ST AVE S,,,2,Injury Collision,Rear Ended,2,0,0,2,2004/03/30 00:00:00+00,3/30/2004 8:30:00 PM,Mid-Block (not related to intersection),14,"MOTOR VEHICLE STRUCK MOTOR VEHICLE, REAR END",,0,Clear,Dry,Dark - Street Lights On,,4090020.0,,14,From same direction - both going straight - one stopped - rear-end,0,0,N
9268,1,-122.34506999999999,47.73167415,11624,25109,25109,1793805,Matched,Block,,AURORA AVE N BETWEEN N 141ST ST AND N 143RD ST,,,1,Property Damage Only Collision,Sideswipe,2,0,0,2,2004/08/13 00:00:00+00,8/13/2004 5:28:00 PM,Mid-Block (but intersection related),16,"MOTOR VEHICLE STRUCK MOTOR VEHICLE, LEFT SIDE SIDESWIPE",,0,Clear,Dry,Daylight,,4226020.0,,11,From same direction - both going straight - both moving - sideswipe,0,0,N
9269,2,-122.3379531,47.69051249,11625,25482,25482,1793723,Matched,Intersection,37374.0,DENSMORE AVE N AND N 85TH ST,,,2,Injury Collision,Sideswipe,3,0,0,2,2004/09/25 00:00:00+00,9/25/2004 1:25:00 PM,At Intersection (intersection related),11,"MOTOR VEHICLE STRUCK MOTOR VEHICLE, FRONT END AT ANGLE",,0,Clear,Dry,Daylight,,4269003.0,,26,From opposite direction - both going straight - sideswipe,0,0,N
9270,1,-122.36079709999998,47.67015371,11627,26110,26110,1794205,Matched,Block,,3RD AVE NW BETWEEN NW 56TH ST AND NW 58TH ST,,,1,Property Damage Only Collision,Parked Car,3,0,0,2,2004/09/13 00:00:00+00,9/13/2004 9:38:00 AM,Mid-Block (not related to intersection),16,"MOTOR VEHICLE STRUCK MOTOR VEHICLE, LEFT SIDE SIDESWIPE",Y,0,Overcast,Dry,Daylight,,4257013.0,,32,One parked--one moving,0,0,N
9271,1,-122.3842257,47.55385546,11629,25594,25594,1790226,Matched,Intersection,32800.0,41ST AVE SW AND SW BRANDON ST,,,1,Property Damage Only Collision,Angles,2,0,0,2,2004/03/09 00:00:00+00,3/9/2004,At Intersection (intersection related),11,"MOTOR VEHICLE STRUCK MOTOR VEHICLE, FRONT END AT ANGLE",,0,Overcast,Dry,Dusk,,4069021.0,,10,Entering at angle,0,0,N
9272,1,-122.36062820000001,47.62459859,11631,24934,24934,1474797,Matched,Intersection,28635.0,3RD AVE W AND W MERCER ST,,,1,Property Damage Only Collision,Left Turn,2,0,0,2,2004/03/14 00:00:00+00,3/14/2004 2:40:00 AM,At Intersection (intersection related),11,"MOTOR VEHICLE STRUCK MOTOR VEHICLE, FRONT END AT ANGLE",,1,Clear,Dry,Dark - Street Lights On,,4074020.0,,28,From opposite direction - one left turn - one straight,0,0,N
9273,1,-122.2908158,47.66851252,11632,26455,26455,1071231,Matched,Block,,NE 55TH ST BETWEEN 34TH AVE NE AND 35TH AVE NE,,,1,Property Damage Only Collision,Parked Car,2,0,0,2,2004/01/09 00:00:00+00,1/9/2004,Mid-Block (not related to intersection),13,"MOTOR VEHICLE STRUCK MOTOR VEHICLE, LEFT SIDE AT ANGLE",,0,Unknown,Unknown,Unknown,,4009040.0,,32,One parked--one moving,0,0,N
9274,1,-122.3398236,47.61411132,11633,26412,26412,1182062,Matched,Block,,5TH AVE BETWEEN VIRGINIA ST AND LENORA ST,,,1,Property Damage Only Collision,Parked Car,3,0,0,2,2004/02/04 00:00:00+00,2/4/2004,Mid-Block (not related to intersection),12,"MOTOR VEHICLE STRUCK MOTOR VEHICLE, RIGHT SIDE AT ANGLE",,1,Clear,Dry,Dark - Street Lights On,,4035036.0,,32,One parked--one moving,0,0,N
9275,1,-122.37218359999999,47.66147103,11634,27077,27077,1221168,Matched,Block,,NW 45TH ST BETWEEN 11TH AVE NW AND 14TH AVE NW,,,1,Property Damage Only Collision,Other,1,0,0,1,2004/03/10 00:00:00+00,3/10/2004 10:00:00 PM,Mid-Block (not related to intersection),28,MOTOR VEHICLE RAN OFF ROAD - HIT FIXED OBJECT,,0,Clear,Dry,Dark - Street Lights On,,4070037.0,,50,Fixed object,0,0,N
9276,1,-122.33491740000001,47.61163827,11635,25490,25490,1186794,Matched,Block,,6TH AVE BETWEEN PIKE ST AND PINE ST,,,1,Property Damage Only Collision,Sideswipe,2,0,0,2,2004/04/27 00:00:00+00,4/27/2004 4:24:00 PM,Mid-Block (not related to intersection),16,"MOTOR VEHICLE STRUCK MOTOR VEHICLE, LEFT SIDE SIDESWIPE",,0,Overcast,Dry,Daylight,,4118014.0,,12,From same direction - both going straight - one stopped - sideswipe,0,0,N
9277,1,-122.33024209999999,47.55340317,11637,26204,26204,1789059,Matched,Block,,S LUCILE ST BETWEEN 3RD AVE S AND 4TH AVE S,,,1,Property Damage Only Collision,Other,2,0,0,2,2004/01/22 00:00:00+00,1/22/2004 12:21:00 PM,Mid-Block (but intersection related),11,"MOTOR VEHICLE STRUCK MOTOR VEHICLE, FRONT END AT ANGLE",,0,Clear,Dry,Daylight,,4022005.0,,23,From same direction - all others,0,0,N
9278,2,-122.30731920000001,47.62523404,11638,26999,26999,1772401,Matched,Intersection,29334.0,19TH AVE E AND E ROY ST,,,2,Injury Collision,Angles,2,0,0,2,2004/05/05 00:00:00+00,5/5/2004,At Intersection (intersection related),11,"MOTOR VEHICLE STRUCK MOTOR VEHICLE, FRONT END AT ANGLE",,0,Clear,Dry,Daylight,,4126025.0,,10,Entering at angle,0,0,N
9279,1,-122.3183324,47.62311986,11639,26323,26323,1216953,Matched,Block,,E REPUBLICAN ST BETWEEN FEDERAL AVE E AND 11TH AVE E,,,1,Property Damage Only Collision,Parked Car,2,0,0,2,2004/07/11 00:00:00+00,7/11/2004 8:15:00 AM,Mid-Block (not related to intersection),16,"MOTOR VEHICLE STRUCK MOTOR VEHICLE, LEFT SIDE SIDESWIPE",,0,Clear,Dry,Daylight,,4193013.0,,32,One parked--one moving,0,0,N
9280,2,-122.3376365,47.69869034,11640,27061,27061,1931351,Matched,Block,,DENSMORE AVE N BETWEEN N 95TH ST AND N 97TH ST,,,2,Injury Collision,Parked Car,2,0,0,2,2004/11/02 00:00:00+00,11/2/2004,Mid-Block (not related to intersection),16,"MOTOR VEHICLE STRUCK MOTOR VEHICLE, LEFT SIDE SIDESWIPE",,0,Overcast,Wet,Daylight,,4307023.0,,32,One parked--one moving,0,0,N
9281,1,-122.33906709999998,47.64805838,11641,25615,25615,1773920,Matched,Block,,N 34TH ST BETWEEN CARR PL N AND WOODLAWN AVE N,,,1,Property Damage Only Collision,Parked Car,2,0,0,2,2004/01/17 00:00:00+00,1/17/2004 4:59:00 PM,Mid-Block (not related to intersection),11,"MOTOR VEHICLE STRUCK MOTOR VEHICLE, FRONT END AT ANGLE",,0,Clear,Dry,Dark - Street Lights On,,4017021.0,,32,One parked--one moving,0,0,N
9282,1,-122.3450068,47.61972993,11642,25833,25833,C649777,Matched,Intersection,28795.0,6TH AVE N AND JOHN ST,,,1,Property Damage Only Collision,Angles,2,0,0,2,2004/12/17 00:00:00+00,12/17/2004 10:15:00 PM,At Intersection (intersection related),11,"MOTOR VEHICLE STRUCK MOTOR VEHICLE, FRONT END AT ANGLE",,0,Raining,Wet,Dark - Street Lights On,,4352058.0,,10,Entering at angle,0,0,N
9283,1,-122.3153176,47.59833442,11645,26462,26462,1786948,Matched,Block,,S KING ST BETWEEN 12TH AVE S AND RAINIER AVE S,,,1,Property Damage Only Collision,Other,2,0,0,2,2004/01/14 00:00:00+00,1/14/2004 3:10:00 PM,Driveway Junction,11,"MOTOR VEHICLE STRUCK MOTOR VEHICLE, FRONT END AT ANGLE",,0,Raining,Wet,Daylight,,4014043.0,,22,One car leaving driveway access,0,0,N
9284,1,-122.3230004,47.69039693,11646,25720,25720,1782182,Matched,Intersection,37550.0,5TH AVE NE AND NE 85TH ST,,,1,Property Damage Only Collision,Angles,2,0,0,2,2004/06/17 00:00:00+00,6/17/2004 3:26:00 PM,At Intersection (but not related to intersection),14,"MOTOR VEHICLE STRUCK MOTOR VEHICLE, REAR END",,0,Clear,Dry,Daylight,,4169005.0,Y,10,Entering at angle,0,0,N
9285,1,-122.36069499999999,47.67599645,11648,25804,25804,1780118,Matched,Intersection,25243.0,3RD AVE NW AND NW 65TH ST,,,1,Property Damage Only Collision,Sideswipe,5,0,0,2,2004/02/20 00:00:00+00,2/20/2004 9:48:00 PM,At Intersection (intersection related),16,"MOTOR VEHICLE STRUCK MOTOR VEHICLE, LEFT SIDE SIDESWIPE",,0,Clear,Dry,Dark - Street Lights On,,4051028.0,,81,Same direction -- both turning left -- both moving -- sideswipe,0,0,N
9286,1,-122.3201524,47.54735691,11649,25064,25064,1790490,Matched,Intersection,33134.0,CARLETON AVE S AND S BAILEY ST,,,1,Property Damage Only Collision,Sideswipe,2,0,0,2,2004/09/25 00:00:00+00,9/25/2004 3:07:00 AM,At Intersection (intersection related),16,"MOTOR VEHICLE STRUCK MOTOR VEHICLE, LEFT SIDE SIDESWIPE",,0,Clear,Dry,Dark - Street Lights On,,4269001.0,,27,From opposite direction - both going straight - one stopped - sideswipe,0,0,N
9287,1,-122.3554483,47.61918373,11650,26482,26482,1783766,Matched,Block,,1ST AVE N BETWEEN DENNY WAY AND JOHN ST,,,1,Property Damage Only Collision,Sideswipe,2,0,0,2,2004/10/16 00:00:00+00,10/16/2004 8:00:00 PM,Mid-Block (but intersection related),16,"MOTOR VEHICLE STRUCK MOTOR VEHICLE, LEFT SIDE SIDESWIPE",,0,Raining,Wet,Dark - Street Lights On,,4290017.0,,11,From same direction - both going straight - both moving - sideswipe,0,0,N
9288,2,-122.3417749,47.61526498,11651,26261,26261,1213864,Matched,Intersection,29534.0,5TH AVE AND BLANCHARD ST,,,2,Injury Collision,Pedestrian,2,1,0,1,2004/07/17 00:00:00+00,7/17/2004 10:40:00 AM,At Intersection (intersection related),24,MOTOR VEHCILE STRUCK PEDESTRIAN,,0,Clear,Dry,Daylight,Y,4199007.0,,2,Vehicle turning left hits pedestrian,0,0,N
9289,1,-122.37486270000001,47.64305083,11652,27069,27069,1059601,Matched,Block,,14TH AVE W BETWEEN GILMAN UPPER DR W AND W ARMOUR ST,,,1,Property Damage Only Collision,Parked Car,2,0,0,2,2004/11/20 00:00:00+00,11/20/2004 1:20:00 AM,Mid-Block (but intersection related),16,"MOTOR VEHICLE STRUCK MOTOR VEHICLE, LEFT SIDE SIDESWIPE",,0,Clear,Dry,Dark - Street Lights On,,4325036.0,Y,32,One parked--one moving,0,0,N
9290,2,,,11653,25131,25131,1777494,Matched,Block,,AURORA AVE N BETWEEN BATTERY ST TUNNEL NB AND THOMAS ST,,,2,Injury Collision,Other,1,0,0,1,2004/06/04 00:00:00+00,6/4/2004,Mid-Block (not related to intersection),26,MOTOR VEHICLE STRUCK OBJECT IN ROAD,,0,Clear,Dry,Dark - Street Lights On,,4156001.0,,50,Fixed object,0,0,N
9291,1,-122.3258848,47.64384056,11654,25633,25633,C647429,Matched,Block,,EASTLAKE AVE E BETWEEN E ROANOKE ST AND E EDGAR ST,,,1,Property Damage Only Collision,Rear Ended,2,0,0,2,2004/08/11 00:00:00+00,8/11/2004 2:00:00 PM,Mid-Block (but intersection related),14,"MOTOR VEHICLE STRUCK MOTOR VEHICLE, REAR END",,0,Clear,Dry,Daylight,,4224057.0,,14,From same direction - both going straight - one stopped - rear-end,0,0,N
9292,1,-122.34596370000001,47.652745,11655,25051,25051,1782332,Matched,Intersection,27021.0,BRIDGE WAY N AND N 38TH ST,,,1,Property Damage Only Collision,Angles,2,0,0,2,2004/08/26 00:00:00+00,8/26/2004 10:43:00 AM,At Intersection (intersection related),11,"MOTOR VEHICLE STRUCK MOTOR VEHICLE, FRONT END AT ANGLE",,0,Clear,Dry,Daylight,,4239014.0,,10,Entering at angle,0,0,N
9293,1,-122.3758331,47.63246257,11656,26197,26197,1777965,Matched,Block,,ELLIOTT AVE W BETWEEN W GALER ST AND 15TH AVE W,,,1,Property Damage Only Collision,Rear Ended,2,0,0,2,2004/05/14 00:00:00+00,5/14/2004 8:50:00 AM,Mid-Block (but intersection related),14,"MOTOR VEHICLE STRUCK MOTOR VEHICLE, REAR END",,0,Clear,Dry,Daylight,,4135009.0,,14,From same direction - both going straight - one stopped - rear-end,0,0,N
9294,2,-122.2967731,47.60344908,11657,26019,26019,1788306,Matched,Block,,M L KING JR WAY BETWEEN E FIR ST AND E ALDER ST,,,2,Injury Collision,Rear Ended,2,0,0,2,2004/09/23 00:00:00+00,9/23/2004 7:20:00 AM,Mid-Block (but intersection related),14,"MOTOR VEHICLE STRUCK MOTOR VEHICLE, REAR END",,0,Raining,Wet,Daylight,,4267018.0,Y,14,From same direction - both going straight - one stopped - rear-end,0,0,N
9295,1,-122.31134879999999,47.62266921,11658,27008,27008,1217006,Matched,Block,,16TH AVE E BETWEEN E HARRISON ST AND E REPUBLICAN ST,,,1,Property Damage Only Collision,Other,2,0,0,2,2004/08/23 00:00:00+00,8/23/2004 9:05:00 AM,Mid-Block (but intersection related),11,"MOTOR VEHICLE STRUCK MOTOR VEHICLE, FRONT END AT ANGLE",,0,Overcast,Dry,Daylight,,4236028.0,,23,From same direction - all others,0,0,N
9296,1,-122.2885313,47.54216985,11660,25677,25677,1793269,Matched,Block,,S HOLLY PL BETWEEN 34TH PL S AND 35TH PL S,,,1,Property Damage Only Collision,Parked Car,2,0,0,2,2004/10/03 00:00:00+00,10/3/2004,Driveway Junction,14,"MOTOR VEHICLE STRUCK MOTOR VEHICLE, REAR END",,0,Clear,Dry,Daylight,,4277022.0,,32,One parked--one moving,0,0,N
9297,1,-122.33419170000002,47.59738019,11661,24948,24948,1777109,Matched,Block,,1ST AVE S BETWEEN S KING ST AND RAILROAD N WAY S,,,1,Property Damage Only Collision,Parked Car,3,0,0,2,2004/01/14 00:00:00+00,1/14/2004 2:41:00 PM,Mid-Block (not related to intersection),14,"MOTOR VEHICLE STRUCK MOTOR VEHICLE, REAR END",,0,Raining,Wet,Daylight,,4014050.0,,20,One car leaving parked position,0,0,N
9298,1,-122.281842,47.66585049,11662,25972,25972,1794352,Matched,Block,,SAND POINT WAY NE BETWEEN NE 50TH ST AND NE 52ND ST,,,1,Property Damage Only Collision,Parked Car,2,0,0,2,2004/07/19 00:00:00+00,7/19/2004 10:00:00 PM,Mid-Block (not related to intersection),13,"MOTOR VEHICLE STRUCK MOTOR VEHICLE, LEFT SIDE AT ANGLE",,0,Clear,Dry,Unknown,,4201029.0,,32,One parked--one moving,0,0,N
9299,1,-122.36551200000001,47.55929082,11664,26988,26988,C649433,Matched,Block,,26TH AVE SW BETWEEN SW ALASKA ST AND SW HUDSON ST,,,1,Property Damage Only Collision,Parked Car,2,0,0,2,2004/10/21 00:00:00+00,10/21/2004 2:15:00 PM,Mid-Block (not related to intersection),34,DRIVERLESS VEHICLE STRUCK MOTOR VEHICLE REAR END,,0,Clear,Dry,Daylight,,4295021.0,,32,One parked--one moving,0,0,N
9300,2,-122.34448870000001,47.63758771,11666,25204,25204,1069583,Matched,Block,,AURORA AVE N BETWEEN HOWE ST AND LYNN ST,,,2,Injury Collision,Rear Ended,6,0,0,2,2004/12/04 00:00:00+00,12/4/2004,Mid-Block (not related to intersection),14,"MOTOR VEHICLE STRUCK MOTOR VEHICLE, REAR END",,0,Raining,Wet,Dark - Street Lights On,,4339019.0,,14,From same direction - both going straight - one stopped - rear-end,0,0,N
9301,2,-122.3607743,47.67510786,11668,25842,25842,1781039,Matched,Block,,3RD AVE NW BETWEEN NW 62ND ST AND NW 65TH ST,,,2,Injury Collision,Other,2,0,0,2,2004/06/24 00:00:00+00,6/24/2004 11:34:00 AM,Driveway Junction,11,"MOTOR VEHICLE STRUCK MOTOR VEHICLE, FRONT END AT ANGLE",,0,Overcast,Dry,Daylight,,4176024.0,,22,One car leaving driveway access,0,0,N
9302,1,-122.32570990000002,47.59919176,11670,25119,25119,1067652,Matched,Block,,S JACKSON ST BETWEEN 6TH AVE S AND MAYNARD AVE S,,,1,Property Damage Only Collision,Parked Car,2,0,0,2,2004/03/19 00:00:00+00,3/19/2004 3:05:00 PM,Mid-Block (not related to intersection),11,"MOTOR VEHICLE STRUCK MOTOR VEHICLE, FRONT END AT ANGLE",,0,Clear,Dry,Daylight,,4079035.0,,32,One parked--one moving,0,0,N
9303,1,-122.333999,47.56627182,11673,26326,26326,1775462,Matched,Block,,1ST AVE S BETWEEN S DAKOTA ST AND DEAD END,,,1,Property Damage Only Collision,Parked Car,2,0,0,2,2004/03/29 00:00:00+00,3/29/2004 9:00:00 PM,Mid-Block (not related to intersection),11,"MOTOR VEHICLE STRUCK MOTOR VEHICLE, FRONT END AT ANGLE",,0,Clear,Dry,Daylight,,4089011.0,,32,One parked--one moving,0,0,N
9304,2,-122.3377929,47.60974973,11675,25881,25881,1778112,Matched,Intersection,29587.0,3RD AVE AND PIKE ST,,,2,Injury Collision,Pedestrian,3,2,0,1,2004/07/31 00:00:00+00,7/31/2004 8:54:00 PM,At Intersection (intersection related),24,MOTOR VEHCILE STRUCK PEDESTRIAN,,0,Clear,Dry,Dusk,Y,4213025.0,,0,Vehicle going straight hits pedestrian,0,0,N
9305,1,-122.3126274,47.68305267,11676,26626,26626,1773455,Matched,Block,,NE 75TH ST BETWEEN 14TH AVE NE AND 15TH AVE NE,,,1,Property Damage Only Collision,Sideswipe,2,0,0,2,2004/03/17 00:00:00+00,3/17/2004 10:39:00 AM,Mid-Block (but intersection related),16,"MOTOR VEHICLE STRUCK MOTOR VEHICLE, LEFT SIDE SIDESWIPE",,0,Raining,Wet,Daylight,,4077005.0,,11,From same direction - both going straight - both moving - sideswipe,0,0,N
9306,1,-122.3508243,47.61308949,11677,25807,25807,1333845,Matched,Block,,WALL ST BETWEEN ALASKAN WAY AND ELLIOTT AVE,,,1,Property Damage Only Collision,Other,2,0,0,1,2004/07/10 00:00:00+00,7/10/2004 12:22:00 PM,Mid-Block (but intersection related),12,"MOTOR VEHICLE STRUCK MOTOR VEHICLE, RIGHT SIDE AT ANGLE",,0,Clear,Dry,Daylight,,4192024.0,,41,Vehicle Strikes Railway Vehicle,0,0,N
9307,1,-122.26815890000002,47.52330258,11678,25227,25227,1771785,Matched,Block,,S HENDERSON ST BETWEEN RAINIER AVE S AND 53RD AVE S,,,1,Property Damage Only Collision,Other,2,0,0,2,2004/10/07 00:00:00+00,10/7/2004,Driveway Junction,0,NOT ENOUGH INFORMATION / NOT APPLICABLE,,0,Clear,Dry,Daylight,,4281027.0,,22,One car leaving driveway access,0,0,N
9308,1,,,11679,25964,25964,1182069,Matched,Block,,ALASKAN WY VI NB BETWEEN S ROYAL BROUGHAM WAY ON RP AND SENECA ST OFF RP,,,1,Property Damage Only Collision,Rear Ended,2,0,0,2,2004/10/30 00:00:00+00,10/30/2004 2:07:00 AM,Mid-Block (not related to intersection),14,"MOTOR VEHICLE STRUCK MOTOR VEHICLE, REAR END",,0,Raining,Wet,Dark - Street Lights On,,4304026.0,Y,13,From same direction - both going straight - both moving - rear-end,0,0,N
9309,1,-122.3127241,47.73212583,11681,26767,26767,1774262,Matched,Intersection,35855.0,15TH AVE NE AND NE 143RD ST,,,1,Property Damage Only Collision,Angles,5,0,0,2,2004/07/24 00:00:00+00,7/24/2004 7:25:00 PM,At Intersection (intersection related),11,"MOTOR VEHICLE STRUCK MOTOR VEHICLE, FRONT END AT ANGLE",,0,Clear,Dry,Daylight,,4206017.0,,10,Entering at angle,0,0,N
9310,1,-122.2861173,47.55344781,11682,26055,26055,C644684,Matched,Intersection,33599.0,37TH AVE S AND S BRANDON ST,,,1,Property Damage Only Collision,Angles,2,0,0,2,2004/05/24 00:00:00+00,5/24/2004 5:45:00 PM,At Intersection (intersection related),11,"MOTOR VEHICLE STRUCK MOTOR VEHICLE, FRONT END AT ANGLE",,0,Clear,Dry,Daylight,,4145043.0,,10,Entering at angle,0,0,N
9311,1,-122.31923470000001,47.5466044,11683,26576,26576,1788969,Matched,Block,,FLORA AVE S BETWEEN S BAILEY ST AND S EDDY ST,,,1,Property Damage Only Collision,Parked Car,2,0,0,2,2004/01/02 00:00:00+00,1/2/2004,Mid-Block (not related to intersection),16,"MOTOR VEHICLE STRUCK MOTOR VEHICLE, LEFT SIDE SIDESWIPE",,0,Unknown,Unknown,Unknown,,4002040.0,,32,One parked--one moving,0,0,N
9312,1,-122.3250669,47.59625621,11684,26320,26320,1216140,Matched,Block,,MAYNARD AVE S BETWEEN S LANE ST AND S DEARBORN ST,,,1,Property Damage Only Collision,Parked Car,3,0,0,3,2004/04/19 00:00:00+00,4/19/2004 11:56:00 AM,Mid-Block (not related to intersection),13,"MOTOR VEHICLE STRUCK MOTOR VEHICLE, LEFT SIDE AT ANGLE",,0,Overcast,Dry,Daylight,,4110034.0,Y,32,One parked--one moving,0,0,N