,SEVERITYCODE,X,Y,OBJECTID,INCKEY,COLDETKEY,REPORTNO,STATUS,ADDRTYPE,INTKEY,LOCATION,EXCEPTRSNCODE,EXCEPTRSNDESC,SEVERITYCODE.1,SEVERITYDESC,COLLISIONTYPE,PERSONCOUNT,PEDCOUNT,PEDCYLCOUNT,VEHCOUNT,INCDATE,INCDTTM,JUNCTIONTYPE,SDOT_COLCODE,SDOT_COLDESC,INATTENTIONIND,UNDERINFL,WEATHER,ROADCOND,LIGHTCOND,PEDROWNOTGRNT,SDOTCOLNUM,SPEEDING,ST_COLCODE,ST_COLDESC,SEGLANEKEY,CROSSWALKKEY,HITPARKEDCAR
9313,1,-122.3186765,47.60087632,11685,27020,27020,538770,Matched,Block,,S WASHINGTON ST BETWEEN 10TH AVE S AND DEAD END 3,,,1,Property Damage Only Collision,Parked Car,0,0,0,2,2004/01/18 00:00:00+00,1/18/2004 3:15:00 AM,Mid-Block (not related to intersection),12,"MOTOR VEHICLE STRUCK MOTOR VEHICLE, RIGHT SIDE AT ANGLE",,0,Clear,Dry,Dark - Street Lights On,,4018009.0,,32,One parked--one moving,0,0,N
9314,2,-122.2790268,47.63509838,11686,24972,24972,1798880,Matched,Block,,E MADISON ST BETWEEN 41ST E AVE E AND 42ND AVE E,,,2,Injury Collision,Parked Car,2,0,0,2,2004/08/26 00:00:00+00,8/26/2004 8:55:00 PM,Mid-Block (not related to intersection),11,"MOTOR VEHICLE STRUCK MOTOR VEHICLE, FRONT END AT ANGLE",,0,Clear,Dry,Dark - No Street Lights,,4239013.0,,20,One car leaving parked position,0,0,N
9315,1,-122.3087558,47.70581358,11688,25693,25693,1780008,Matched,Block,,NE 106TH ST BETWEEN 17TH AVE NE AND 19TH AVE NE,,,1,Property Damage Only Collision,Parked Car,2,0,0,2,2004/01/18 00:00:00+00,1/18/2004 5:00:00 AM,Mid-Block (not related to intersection),13,"MOTOR VEHICLE STRUCK MOTOR VEHICLE, LEFT SIDE AT ANGLE",,0,Raining,Wet,Dark - Street Lights On,,4018014.0,,32,One parked--one moving,0,0,N
9316,1,-122.3445606,47.69382203,11690,26117,26117,1220798,Matched,Block,,AURORA AVE N BETWEEN N 89TH ST AND N 90TH ST,,,1,Property Damage Only Collision,Other,3,0,0,2,2004/03/25 00:00:00+00,3/25/2004 9:05:00 PM,Driveway Junction,11,"MOTOR VEHICLE STRUCK MOTOR VEHICLE, FRONT END AT ANGLE",,0,Overcast,Wet,Dark - Street Lights On,,4085025.0,,22,One car leaving driveway access,0,0,N
9317,2,-122.32458559999999,47.60956945,11691,26160,26160,1798898,Matched,Block,,MADISON ST BETWEEN BOREN AVE AND MINOR AVE,,,2,Injury Collision,Sideswipe,3,0,0,3,2004/10/05 00:00:00+00,10/5/2004,Mid-Block (not related to intersection),14,"MOTOR VEHICLE STRUCK MOTOR VEHICLE, REAR END",,0,Overcast,Dry,Daylight,,4279048.0,,11,From same direction - both going straight - both moving - sideswipe,0,0,N
9318,1,-122.3087132,47.67527654,11692,25428,25428,1780792,Matched,Block,,18TH AVE NE BETWEEN NE 63RD ST AND NE 65TH ST,,,1,Property Damage Only Collision,Parked Car,2,0,0,2,2004/04/30 00:00:00+00,4/30/2004 8:00:00 AM,Mid-Block (but intersection related),15,"MOTOR VEHICLE STRUCK MOTOR VEHICLE, RIGHT SIDE SIDESWIPE",,0,Clear,Dry,Daylight,,4121001.0,,32,One parked--one moving,0,0,N
9319,2,-122.3341168,47.60656932,11693,25870,25870,C649731,Matched,Block,,SPRING ST BETWEEN 3RD AVE AND 4TH AVE,,,2,Injury Collision,Other,2,0,0,2,2004/12/06 00:00:00+00,12/6/2004,Mid-Block (but intersection related),11,"MOTOR VEHICLE STRUCK MOTOR VEHICLE, FRONT END AT ANGLE",,0,Raining,Wet,Daylight,,4341051.0,,23,From same direction - all others,0,0,N
9320,2,-122.3872007,47.58118763,11695,25955,25955,1481320,Matched,Block,,SW ADMIRAL WAY BETWEEN CALIFORNIA AVE SW AND 44TH AVE SW,,,2,Injury Collision,Rear Ended,2,0,0,2,2004/03/27 00:00:00+00,3/27/2004 12:50:00 PM,Mid-Block (but intersection related),14,"MOTOR VEHICLE STRUCK MOTOR VEHICLE, REAR END",Y,0,Clear,Dry,Daylight,,4087022.0,,14,From same direction - both going straight - one stopped - rear-end,0,0,N
9321,1,-122.37612340000001,47.66366435,11696,25219,25219,1774649,Matched,Intersection,25468.0,15TH NB AVE NW AND NW LEARY WAY,,,1,Property Damage Only Collision,Right Turn,2,0,0,2,2004/09/16 00:00:00+00,9/16/2004 10:07:00 AM,At Intersection (intersection related),11,"MOTOR VEHICLE STRUCK MOTOR VEHICLE, FRONT END AT ANGLE",,0,Overcast,Dry,Daylight,,4260037.0,,16,From same direction - one right turn - one straight,0,0,N
9322,2,-122.30905770000001,47.57456744,11697,26221,26221,1786172,Matched,Block,,BEACON AVE S BETWEEN S HANFORD ST AND S HORTON ST,,,2,Injury Collision,Rear Ended,5,0,0,4,2004/09/14 00:00:00+00,9/14/2004 5:02:00 PM,Mid-Block (not related to intersection),14,"MOTOR VEHICLE STRUCK MOTOR VEHICLE, REAR END",,0,Raining,Wet,Daylight,,4258033.0,,14,From same direction - both going straight - one stopped - rear-end,0,0,N
9323,1,-122.34827959999998,47.61441995,11698,26409,26409,1181379,Matched,Block,,1ST AVE BETWEEN BATTERY ST AND WALL ST,,,1,Property Damage Only Collision,Sideswipe,5,0,0,3,2004/05/20 00:00:00+00,5/20/2004 10:00:00 PM,Mid-Block (not related to intersection),11,"MOTOR VEHICLE STRUCK MOTOR VEHICLE, FRONT END AT ANGLE",,0,Clear,Dry,Dark - Street Lights On,,4141021.0,,11,From same direction - both going straight - both moving - sideswipe,0,0,N
9324,2,,,11699,26612,26612,1213630,Matched,Block,,ALASKAN WAY S BETWEEN S ROYAL BROUGHAM WAY AND S ATLANTIC ST,,,2,Injury Collision,Rear Ended,3,0,0,2,2004/09/25 00:00:00+00,9/25/2004 11:49:00 AM,Mid-Block (not related to intersection),14,"MOTOR VEHICLE STRUCK MOTOR VEHICLE, REAR END",,0,Clear,Dry,Daylight,,4269028.0,,14,From same direction - both going straight - one stopped - rear-end,0,0,N
9325,1,-122.36897749999999,47.63867641,11700,25130,25130,1777473,Matched,Block,,9TH AVE W BETWEEN W CROCKETT ST AND W MCGRAW ST,,,1,Property Damage Only Collision,Parked Car,2,0,0,2,2004/03/31 00:00:00+00,3/31/2004 10:14:00 AM,Mid-Block (not related to intersection),14,"MOTOR VEHICLE STRUCK MOTOR VEHICLE, REAR END",,0,Clear,Dry,Daylight,,4091017.0,,32,One parked--one moving,0,0,N
9326,2,-122.3071489,47.54638065,11701,25786,25786,1771377,Matched,Block,,SWIFT AVE S BETWEEN S GRAHAM ST AND SWIFT AV OFF RP,,,2,Injury Collision,Rear Ended,4,0,0,3,2004/01/29 00:00:00+00,1/29/2004 3:22:00 PM,Mid-Block (but intersection related),14,"MOTOR VEHICLE STRUCK MOTOR VEHICLE, REAR END",Y,0,Raining,Wet,Daylight,,4029041.0,,14,From same direction - both going straight - one stopped - rear-end,0,0,N
9327,1,-122.35014740000001,47.61552445,11702,25365,25365,1784930,Matched,Block,,1ST AVE BETWEEN VINE ST AND CEDAR ST,,,1,Property Damage Only Collision,Parked Car,2,0,0,2,2004/10/13 00:00:00+00,10/13/2004 8:00:00 PM,Mid-Block (not related to intersection),16,"MOTOR VEHICLE STRUCK MOTOR VEHICLE, LEFT SIDE SIDESWIPE",,0,Unknown,Unknown,Unknown,,4287038.0,,32,One parked--one moving,0,0,N
9328,1,-122.38548349999999,47.56019691,11703,26857,26857,1781707,Matched,Block,,42ND AVE SW BETWEEN SW ALASKA ST AND SW EDMUNDS ST,,,1,Property Damage Only Collision,Other,2,0,0,2,2004/05/19 00:00:00+00,5/19/2004 10:33:00 AM,Driveway Junction,11,"MOTOR VEHICLE STRUCK MOTOR VEHICLE, FRONT END AT ANGLE",,0,Clear,Dry,Daylight,,4140009.0,,22,One car leaving driveway access,0,0,N
9329,1,-122.36064669999999,47.622122600000004,11704,26439,26439,1214001,Matched,Intersection,28650.0,3RD AVE W AND W HARRISON ST,,,1,Property Damage Only Collision,Angles,2,0,0,2,2004/06/09 00:00:00+00,6/9/2004,At Intersection (intersection related),11,"MOTOR VEHICLE STRUCK MOTOR VEHICLE, FRONT END AT ANGLE",,0,Clear,Dry,Daylight,,4161025.0,,10,Entering at angle,0,0,N
9330,1,-122.30116909999998,47.59557258,11705,26878,26878,1798785,Matched,Intersection,30639.0,24TH AVE S AND S DEARBORN ST,,,1,Property Damage Only Collision,Angles,4,0,0,2,2004/11/19 00:00:00+00,11/19/2004 9:03:00 AM,At Intersection (intersection related),11,"MOTOR VEHICLE STRUCK MOTOR VEHICLE, FRONT END AT ANGLE",,0,Overcast,Dry,Daylight,,4324048.0,,10,Entering at angle,0,0,N
9331,1,-122.3195608,47.66222066,11706,25892,25892,1792003,Matched,Block,,8TH AVE NE BETWEEN NE 45TH E ST AND NE 47TH ST,,,1,Property Damage Only Collision,Parked Car,2,0,0,2,2004/12/28 00:00:00+00,12/28/2004 3:30:00 PM,Mid-Block (not related to intersection),11,"MOTOR VEHICLE STRUCK MOTOR VEHICLE, FRONT END AT ANGLE",Y,0,Fog/Smog/Smoke,Dry,Daylight,,4363028.0,,32,One parked--one moving,0,0,N
9332,1,-122.33623840000001,47.60469505,11707,26062,26062,1776409,Matched,Intersection,29621.0,1ST AVE AND MADISON ST,,,1,Property Damage Only Collision,Angles,2,0,0,2,2004/08/17 00:00:00+00,8/17/2004 8:11:00 PM,At Intersection (intersection related),11,"MOTOR VEHICLE STRUCK MOTOR VEHICLE, FRONT END AT ANGLE",,0,Clear,Dry,Dusk,,4230033.0,,10,Entering at angle,0,0,N
9333,1,-122.34827959999998,47.61441995,11708,26725,26725,1482851,Matched,Block,,1ST AVE BETWEEN BATTERY ST AND WALL ST,,,1,Property Damage Only Collision,Sideswipe,6,0,0,2,2004/06/04 00:00:00+00,6/4/2004,Mid-Block (not related to intersection),16,"MOTOR VEHICLE STRUCK MOTOR VEHICLE, LEFT SIDE SIDESWIPE",,0,Clear,Dry,Daylight,,4156029.0,,12,From same direction - both going straight - one stopped - sideswipe,0,0,N
9334,1,-122.37754869999999,47.66944418,11709,26494,26494,1780371,Matched,Block,,NW 56TH ST BETWEEN 15TH AVE NW AND 17TH AVE NW,,,1,Property Damage Only Collision,Parked Car,2,0,0,2,2004/11/15 00:00:00+00,11/15/2004 6:58:00 AM,Mid-Block (not related to intersection),16,"MOTOR VEHICLE STRUCK MOTOR VEHICLE, LEFT SIDE SIDESWIPE",,0,Raining,Wet,Dark - Street Lights On,,4320031.0,,32,One parked--one moving,0,0,N
9335,1,-122.28445500000001,47.55865323,11710,26741,26741,1793385,Matched,Block,,S EDMUNDS ST BETWEEN RAINIER AVE S AND 39TH AVE S,,,1,Property Damage Only Collision,Parked Car,2,0,0,2,2004/11/01 00:00:00+00,11/1/2004,Mid-Block (not related to intersection),16,"MOTOR VEHICLE STRUCK MOTOR VEHICLE, LEFT SIDE SIDESWIPE",,0,Raining,Wet,Daylight,,4306035.0,,32,One parked--one moving,0,0,N
9336,2,-122.342082,47.66503744,11711,24975,24975,1220461,Matched,Intersection,25532.0,STONE AVE N AND N 50TH ST,,,2,Injury Collision,Cycles,2,0,1,1,2004/09/25 00:00:00+00,9/25/2004 6:04:00 PM,At Intersection (intersection related),18,"MOTOR VEHICLE STRUCK PEDALCYCLIST, FRONT END AT ANGLE",,0,Clear,Dry,Dusk,Y,4269007.0,,45,Vehicle - Pedalcyclist,0,0,N
9337,1,-122.3143828,47.65758704,11712,25695,25695,1794676,Matched,Block,,BROOKLYN AVE NE BETWEEN NE 41ST ST AND NE 42ND ST,,,1,Property Damage Only Collision,Parked Car,3,0,0,3,2004/09/26 00:00:00+00,9/26/2004 12:33:00 AM,Mid-Block (not related to intersection),11,"MOTOR VEHICLE STRUCK MOTOR VEHICLE, FRONT END AT ANGLE",Y,0,Clear,Dry,Dark - Street Lights On,,4270009.0,,32,One parked--one moving,0,0,N
9338,2,-122.3768044,47.69151793,11715,25573,25573,1319741,Matched,Block,,15TH AVE NW BETWEEN NW 85TH ST AND NW 87TH ST,,,2,Injury Collision,Rear Ended,3,0,0,3,2004/04/25 00:00:00+00,4/25/2004 4:06:00 PM,Mid-Block (not related to intersection),14,"MOTOR VEHICLE STRUCK MOTOR VEHICLE, REAR END",,0,Clear,Dry,Daylight,,4116014.0,,14,From same direction - both going straight - one stopped - rear-end,0,0,N
9339,2,-122.3060942,47.54540983,11719,26222,26222,1786367,Matched,Intersection,34378.0,SWIFT AVE S AND S EDDY ST,,,2,Injury Collision,Rear Ended,6,0,0,3,2004/01/13 00:00:00+00,1/13/2004 5:32:00 PM,At Intersection (but not related to intersection),14,"MOTOR VEHICLE STRUCK MOTOR VEHICLE, REAR END",Y,0,Clear,Dry,Dark - Street Lights On,,4013032.0,,13,From same direction - both going straight - both moving - rear-end,0,0,N
9340,1,-122.349741,47.64614703,11720,26410,26410,1181832,Matched,Intersection,28057.0,NICKERSON ST AND WESTLAKE AVE N,,,1,Property Damage Only Collision,Left Turn,2,0,0,2,2004/01/24 00:00:00+00,1/24/2004 12:14:00 PM,At Intersection (intersection related),11,"MOTOR VEHICLE STRUCK MOTOR VEHICLE, FRONT END AT ANGLE",,0,Clear,Dry,Daylight,,4024002.0,,15,From same direction - one left turn - one straight,0,0,N
9341,1,-122.34158020000001,47.6088555,11721,26908,26908,1482213,Matched,Block,,WESTERN AVE BETWEEN PIKE ST AND PINE ST,,,1,Property Damage Only Collision,Other,2,0,0,2,2004/02/17 00:00:00+00,2/17/2004 10:59:00 AM,Driveway Junction,11,"MOTOR VEHICLE STRUCK MOTOR VEHICLE, FRONT END AT ANGLE",,0,Overcast,Dry,Daylight,,4048025.0,,22,One car leaving driveway access,0,0,N
9342,2,-122.3194885,47.70493136,11723,25363,25363,1784781,Matched,Block,,NE 105TH ST BETWEEN 8TH AVE NE AND 9TH AVE NE,,,2,Injury Collision,Rear Ended,3,0,0,2,2004/10/13 00:00:00+00,10/13/2004 2:00:00 PM,Mid-Block (not related to intersection),14,"MOTOR VEHICLE STRUCK MOTOR VEHICLE, REAR END",Y,0,Clear,Dry,Daylight,,4287034.0,,13,From same direction - both going straight - both moving - rear-end,0,0,N
9343,2,-122.3229298,47.68519498,11724,26716,26716,1773465,Matched,Block,,5TH AVE NE BETWEEN BANNER WAY NE AND NE 78TH ST,,,2,Injury Collision,Rear Ended,7,0,0,3,2004/04/10 00:00:00+00,4/10/2004 3:05:00 PM,Mid-Block (but intersection related),14,"MOTOR VEHICLE STRUCK MOTOR VEHICLE, REAR END",Y,0,Clear,Dry,Daylight,,4101036.0,,13,From same direction - both going straight - both moving - rear-end,0,0,N
9344,1,-122.2801678,47.52786297,11725,26027,26027,1327446,Matched,Intersection,35244.0,M L KING JR WR WAY S AND S THISTLE ST,,,1,Property Damage Only Collision,Left Turn,2,0,0,2,2004/09/13 00:00:00+00,9/13/2004 5:55:00 PM,At Intersection (intersection related),11,"MOTOR VEHICLE STRUCK MOTOR VEHICLE, FRONT END AT ANGLE",,0,Clear,Dry,Daylight,,4257021.0,,28,From opposite direction - one left turn - one straight,0,0,N
9345,1,-122.3445508,47.66212421,11726,26737,26737,1780886,Matched,Intersection,25693.0,WOODLAND PARK AVE N AND N 46TH ST,,,1,Property Damage Only Collision,Angles,6,0,0,2,2004/07/04 00:00:00+00,7/4/2004,At Intersection (intersection related),11,"MOTOR VEHICLE STRUCK MOTOR VEHICLE, FRONT END AT ANGLE",,0,Clear,Dry,Dark - Street Lights On,,4186008.0,,10,Entering at angle,0,0,N
9346,2,-122.4033066,47.56030545,11727,25613,25613,1798357,Matched,Intersection,32742.0,BEACH DR SW AND SW ANGELINE ST,,,2,Injury Collision,Sideswipe,6,0,0,2,2004/07/13 00:00:00+00,7/13/2004 6:17:00 PM,At Intersection (intersection related),11,"MOTOR VEHICLE STRUCK MOTOR VEHICLE, FRONT END AT ANGLE",,0,Clear,Dry,Daylight,,4195002.0,,26,From opposite direction - both going straight - sideswipe,0,0,N
9347,1,-122.3692562,47.67597408,11728,25685,25685,1473744,Matched,Block,,NW 65TH ST BETWEEN 9TH AVE NW AND 10TH AVE NW,,,1,Property Damage Only Collision,Parked Car,2,0,0,2,2004/03/06 00:00:00+00,3/6/2004,Mid-Block (not related to intersection),16,"MOTOR VEHICLE STRUCK MOTOR VEHICLE, LEFT SIDE SIDESWIPE",,0,Clear,Dry,Dark - Street Lights On,,4066024.0,,32,One parked--one moving,0,0,N
9348,1,-122.3235727,47.72203501,11729,24962,24962,1782495,Matched,Intersection,35984.0,5TH AVE NE AND 130TH ST OFF RP,,,1,Property Damage Only Collision,Angles,2,0,0,2,2004/04/07 00:00:00+00,4/7/2004,At Intersection (intersection related),11,"MOTOR VEHICLE STRUCK MOTOR VEHICLE, FRONT END AT ANGLE",,1,Clear,Dry,Dark - Street Lights On,,4098013.0,,10,Entering at angle,0,0,N
9349,1,-122.3176138,47.69082303,11731,26290,26290,1782035,Matched,Block,,ROOSEVELT WAY NE BETWEEN NE 85TH ST AND NE 86TH ST,,,1,Property Damage Only Collision,Parked Car,3,0,0,3,2004/04/20 00:00:00+00,4/20/2004 4:11:00 PM,Mid-Block (not related to intersection),13,"MOTOR VEHICLE STRUCK MOTOR VEHICLE, LEFT SIDE AT ANGLE",,0,Clear,Dry,Daylight,,4111016.0,,32,One parked--one moving,0,0,N
9350,1,-122.38958400000001,47.55850065,11734,25521,25521,1785767,Matched,Block,,45TH AVE SW BETWEEN SW EDMUNDS ST AND ERSKINE WAY SW,,,1,Property Damage Only Collision,Parked Car,2,0,0,2,2004/04/08 00:00:00+00,4/8/2004,Mid-Block (not related to intersection),16,"MOTOR VEHICLE STRUCK MOTOR VEHICLE, LEFT SIDE SIDESWIPE",,0,Clear,Dry,Dark - Street Lights On,,4099028.0,,32,One parked--one moving,0,0,N
9351,2,-122.39273370000001,47.52857253,11736,26076,26076,1775341,Matched,Intersection,34778.0,FAUNTLEROY WAY SW AND SW THISTLE ST,,,2,Injury Collision,Cycles,2,0,1,1,2004/08/24 00:00:00+00,8/24/2004 4:39:00 PM,At Intersection (but not related to intersection),18,"MOTOR VEHICLE STRUCK PEDALCYCLIST, FRONT END AT ANGLE",Y,0,Raining,Standing Water,Daylight,Y,4237048.0,,45,Vehicle - Pedalcyclist,0,0,N
9352,1,-122.29017140000002,47.66577813,11737,25419,25419,1774160,Matched,Block,,35TH AVE NE BETWEEN NE 50TH ST AND NE 52ND ST,,,1,Property Damage Only Collision,Parked Car,2,0,0,2,2004/01/31 00:00:00+00,1/31/2004 12:01:00 AM,Mid-Block (not related to intersection),16,"MOTOR VEHICLE STRUCK MOTOR VEHICLE, LEFT SIDE SIDESWIPE",Y,0,Other,Unknown,Dark - Street Lights On,,4031031.0,,32,One parked--one moving,0,0,N
9353,2,-122.3473385,47.66144499,11738,27075,27075,1220193,Matched,Block,,AURORA AVE N BETWEEN N PHINNEY WAY AND N 46 UPPER ST,,,2,Injury Collision,Rear Ended,2,0,0,2,2004/12/30 00:00:00+00,12/30/2004 4:00:00 PM,Mid-Block (not related to intersection),14,"MOTOR VEHICLE STRUCK MOTOR VEHICLE, REAR END",,0,Overcast,Dry,Dusk,,4365008.0,,14,From same direction - both going straight - one stopped - rear-end,0,0,N
9354,1,-122.3318616,47.6158299,11739,25567,25567,1069828,Matched,Block,,HOWELL ST BETWEEN TERRY AVE AND BOREN AVE,,,1,Property Damage Only Collision,Left Turn,6,0,0,2,2004/10/20 00:00:00+00,10/20/2004 9:50:00 AM,Mid-Block (but intersection related),11,"MOTOR VEHICLE STRUCK MOTOR VEHICLE, FRONT END AT ANGLE",,0,Clear,Dry,Daylight,,4294029.0,,15,From same direction - one left turn - one straight,0,0,N
9355,1,-122.24549209999998,47.51047526,11740,25635,25635,1779671,Matched,Block,,CORNELL AVE S BETWEEN RAINIER AVE S AND S TAFT ST,,,1,Property Damage Only Collision,Other,1,0,0,1,2004/04/08 00:00:00+00,4/8/2004,Driveway Junction,11,"MOTOR VEHICLE STRUCK MOTOR VEHICLE, FRONT END AT ANGLE",Y,0,Clear,Dry,Daylight,,4099017.0,,66,Vehicle Hits Other Road or Construction Machinery,0,0,N
9356,1,-122.3215732,47.52816126,11742,26335,26335,1790228,Matched,Block,,S THISTLE ST BETWEEN 8TH AVE S AND 10TH AVE S,,,1,Property Damage Only Collision,Pedestrian,2,1,0,1,2004/03/20 00:00:00+00,3/20/2004 3:07:00 PM,Mid-Block (not related to intersection),24,MOTOR VEHCILE STRUCK PEDESTRIAN,Y,0,Clear,Dry,Daylight,,4080007.0,,0,Vehicle going straight hits pedestrian,0,0,N
9357,1,-122.33437959999999,47.60350072,11743,26168,26168,1776960,Matched,Block,,COLUMBIA ST BETWEEN 1ST AVE AND 2ND AVE,,,1,Property Damage Only Collision,Parked Car,3,0,0,2,2004/03/03 00:00:00+00,3/3/2004,Mid-Block (not related to intersection),16,"MOTOR VEHICLE STRUCK MOTOR VEHICLE, LEFT SIDE SIDESWIPE",,0,Raining,Wet,Daylight,,4063014.0,,32,One parked--one moving,0,0,N
9358,1,-122.31413729999998,47.59921009,11746,25676,25676,1799004,Matched,Intersection,30428.0,BOREN AVE S AND RAINIER AVE S,,,1,Property Damage Only Collision,Angles,2,0,0,2,2004/09/18 00:00:00+00,9/18/2004 4:10:00 PM,At Intersection (intersection related),11,"MOTOR VEHICLE STRUCK MOTOR VEHICLE, FRONT END AT ANGLE",,0,Overcast,Dry,Daylight,,4262029.0,,10,Entering at angle,0,0,N
9359,1,-122.38461609999999,47.65397898,11747,24945,24945,1482365,Matched,Intersection,26454.0,GILMAN AVE W AND W EMERSON ST,,,1,Property Damage Only Collision,Angles,3,0,0,2,2004/03/24 00:00:00+00,3/24/2004 6:18:00 PM,At Intersection (intersection related),11,"MOTOR VEHICLE STRUCK MOTOR VEHICLE, FRONT END AT ANGLE",,0,Raining,Wet,Dusk,,4084021.0,,10,Entering at angle,0,0,N
9360,1,-122.354708,47.66214169,11748,26381,26381,1780943,Matched,Block,,N 46TH ST BETWEEN GREENWOOD S AVE N AND PHINNEY AVE N,,,1,Property Damage Only Collision,Other,1,0,0,1,2004/05/03 00:00:00+00,5/3/2004,Mid-Block (not related to intersection),26,MOTOR VEHICLE STRUCK OBJECT IN ROAD,,0,Clear,Dry,Daylight,,4124022.0,,50,Fixed object,0,0,N
9361,2,-122.3057368,47.69622997,11749,25999,25999,1780219,Matched,Intersection,37781.0,LAKE CITY WAY NE AND RAVENNA WR AVE NE,,,2,Injury Collision,Left Turn,3,0,0,2,2004/03/03 00:00:00+00,3/3/2004,At Intersection (intersection related),11,"MOTOR VEHICLE STRUCK MOTOR VEHICLE, FRONT END AT ANGLE",,0,Overcast,Wet,Daylight,,4063021.0,,28,From opposite direction - one left turn - one straight,0,0,N
9362,2,-122.31157479999999,47.60000588,11750,26557,26557,1198503,Matched,Intersection,30740.0,16TH AVE S AND S MAIN ST,,,2,Injury Collision,Angles,6,0,0,2,2004/11/27 00:00:00+00,11/27/2004 6:14:00 AM,At Intersection (intersection related),11,"MOTOR VEHICLE STRUCK MOTOR VEHICLE, FRONT END AT ANGLE",,0,Overcast,Dry,Dark - Street Lights Off,,4332032.0,,10,Entering at angle,0,0,N
9363,2,-122.32997399999999,47.70863743,11751,25794,25794,C627941,Matched,Block,,N NORTHGATE WAY BETWEEN CORLISS AVE N AND 1ST AVE NE,,,2,Injury Collision,Rear Ended,3,0,0,3,2004/01/22 00:00:00+00,1/22/2004 12:10:00 PM,Mid-Block (but intersection related),14,"MOTOR VEHICLE STRUCK MOTOR VEHICLE, REAR END",,0,Clear,Dry,Daylight,,4022032.0,,73,Same direction -- both turning right -- both moving -- rear end,0,0,N
9364,1,-122.34764979999999,47.61186755,11752,25353,25353,1783707,Matched,Block,,ELLIOTT AVE BETWEEN ELLIOTT AV ON RP AND BELL ST,,,1,Property Damage Only Collision,Parked Car,2,0,0,2,2004/08/22 00:00:00+00,8/22/2004 5:15:00 AM,Mid-Block (not related to intersection),14,"MOTOR VEHICLE STRUCK MOTOR VEHICLE, REAR END",,0,Raining,Wet,Dark - Street Lights On,,4235002.0,,32,One parked--one moving,0,0,N
9365,1,-122.343962,47.61714372,11753,26068,26068,1776989,Matched,Block,,BATTERY ST BETWEEN 5TH AVE AND AURORA AVE,,,1,Property Damage Only Collision,Sideswipe,2,0,0,2,2004/01/15 00:00:00+00,1/15/2004 11:58:00 AM,Mid-Block (but intersection related),16,"MOTOR VEHICLE STRUCK MOTOR VEHICLE, LEFT SIDE SIDESWIPE",,0,Raining,Wet,Daylight,,4015033.0,,11,From same direction - both going straight - both moving - sideswipe,0,0,N
9366,1,-122.28442199999999,47.56412645,11754,25847,25847,1784045,Matched,Block,,S GENESEE ST BETWEEN 38TH AVE S AND 39TH AVE S,,,1,Property Damage Only Collision,Sideswipe,3,0,0,2,2004/11/29 00:00:00+00,11/29/2004 7:56:00 PM,Mid-Block (but intersection related),16,"MOTOR VEHICLE STRUCK MOTOR VEHICLE, LEFT SIDE SIDESWIPE",,0,Raining,Wet,Dark - Street Lights On,,4334021.0,,11,From same direction - both going straight - both moving - sideswipe,0,0,N
9367,1,-122.3128193,47.61096179,11755,26607,26607,1788088,Matched,Block,,15TH AVE BETWEEN E MARION ST AND E SPRING ST,,,1,Property Damage Only Collision,Other,2,0,0,2,2004/04/08 00:00:00+00,4/8/2004,Mid-Block (not related to intersection),11,"MOTOR VEHICLE STRUCK MOTOR VEHICLE, FRONT END AT ANGLE",Y,0,Clear,Dry,Daylight,,4099008.0,,23,From same direction - all others,0,0,N
9368,2,-122.32474930000001,47.6055547,11756,25112,25112,867596,Matched,Intersection,29959.0,9TH AVE AND JAMES ST,,,2,Injury Collision,Pedestrian,0,1,0,1,2004/05/17 00:00:00+00,5/17/2004 12:13:00 PM,At Intersection (intersection related),24,MOTOR VEHCILE STRUCK PEDESTRIAN,,0,Clear,Dry,Daylight,Y,4138007.0,,2,Vehicle turning left hits pedestrian,0,0,N
9369,1,-122.30223490000002,47.59980258,11757,25766,25766,C649604,Matched,Block,,23RD AVE S BETWEEN S MAIN ST AND S JACKSON ST,,,1,Property Damage Only Collision,Rear Ended,2,0,0,2,2004/11/06 00:00:00+00,11/6/2004,Mid-Block (not related to intersection),14,"MOTOR VEHICLE STRUCK MOTOR VEHICLE, REAR END",,0,Overcast,Wet,Dusk,,4311039.0,,14,From same direction - both going straight - one stopped - rear-end,0,0,N
9370,2,,,11758,25040,25040,1213317,Matched,Block,,BATTERY ST TUNNEL NB BETWEEN ALASKAN WY VI NB AND AURORA AVE N,,,2,Injury Collision,Rear Ended,2,0,0,2,2004/01/01 00:00:00+00,1/1/2004,Mid-Block (not related to intersection),14,"MOTOR VEHICLE STRUCK MOTOR VEHICLE, REAR END",,0,Raining,Dry,Dark - Street Lights On,,4001002.0,,13,From same direction - both going straight - both moving - rear-end,0,0,N
9371,1,-122.3553969,47.62545228,11759,26474,26474,1482418,Matched,Intersection,28882.0,1ST AVE N AND ROY ST,,,1,Property Damage Only Collision,Angles,2,0,0,2,2004/09/27 00:00:00+00,9/27/2004 10:28:00 PM,At Intersection (intersection related),11,"MOTOR VEHICLE STRUCK MOTOR VEHICLE, FRONT END AT ANGLE",,0,Clear,Dry,Dark - Street Lights On,,4271009.0,,10,Entering at angle,0,0,N
9372,2,-122.32139199999999,47.58730868,11760,25576,25576,1321225,Matched,Block,,AIRPORT WAY S BETWEEN S MASSACHUSETTS ST AND S HOLGATE N ST,,,2,Injury Collision,Pedestrian,3,1,0,1,2004/09/23 00:00:00+00,9/23/2004 5:50:00 AM,Mid-Block (not related to intersection),24,MOTOR VEHCILE STRUCK PEDESTRIAN,,0,Overcast,Dry,Dark - Street Lights On,,4267020.0,,0,Vehicle going straight hits pedestrian,0,0,N