,SEVERITYCODE,X,Y,OBJECTID,INCKEY,COLDETKEY,REPORTNO,STATUS,ADDRTYPE,INTKEY,LOCATION,EXCEPTRSNCODE,EXCEPTRSNDESC,SEVERITYCODE.1,SEVERITYDESC,COLLISIONTYPE,PERSONCOUNT,PEDCOUNT,PEDCYLCOUNT,VEHCOUNT,INCDATE,INCDTTM,JUNCTIONTYPE,SDOT_COLCODE,SDOT_COLDESC,INATTENTIONIND,UNDERINFL,WEATHER,ROADCOND,LIGHTCOND,PEDROWNOTGRNT,SDOTCOLNUM,SPEEDING,ST_COLCODE,ST_COLDESC,SEGLANEKEY,CROSSWALKKEY,HITPARKEDCAR
9373,1,-122.35329979999999,47.67649213,11761,25454,25454,1778632,Matched,Block,,FRANCIS AVE N BETWEEN N 65TH ST AND DEAD END 2,,,1,Property Damage Only Collision,Parked Car,2,0,0,2,2004/04/09 00:00:00+00,4/9/2004,Mid-Block (not related to intersection),15,"MOTOR VEHICLE STRUCK MOTOR VEHICLE, RIGHT SIDE SIDESWIPE",,0,Clear,Dry,Unknown,,4100030.0,,32,One parked--one moving,0,0,N
9374,1,-122.28881940000001,47.56179613,11762,25812,25812,1792982,Matched,Block,,35TH AVE S BETWEEN S OREGON ST AND S ALASKA ST,,,1,Property Damage Only Collision,Parked Car,2,0,0,2,2004/07/03 00:00:00+00,7/3/2004,Mid-Block (not related to intersection),14,"MOTOR VEHICLE STRUCK MOTOR VEHICLE, REAR END",,0,Unknown,Unknown,Unknown,,4185016.0,,32,One parked--one moving,0,0,N
9375,1,-122.3032814,47.60616932,11763,24937,24937,1189835,Matched,Block,,E JEFFERSON ST BETWEEN 22ND AVE AND 23RD AVE,,,1,Property Damage Only Collision,Angles,5,0,0,2,2004/03/06 00:00:00+00,3/6/2004,Mid-Block (but intersection related),11,"MOTOR VEHICLE STRUCK MOTOR VEHICLE, FRONT END AT ANGLE",,0,Clear,Dry,Dark - Street Lights On,,4066027.0,,10,Entering at angle,0,0,N
9376,1,-122.2699832,47.52617082,11764,26092,26092,C647439,Matched,Intersection,35427.0,RAINIER AVE S AND S CLOVERDALE ST,,,1,Property Damage Only Collision,Angles,2,0,0,2,2004/08/12 00:00:00+00,8/12/2004 2:00:00 PM,At Intersection (intersection related),11,"MOTOR VEHICLE STRUCK MOTOR VEHICLE, FRONT END AT ANGLE",,0,Clear,Dry,Daylight,,4225027.0,,10,Entering at angle,0,0,N
9377,1,-122.32807859999998,47.60416123,11765,26140,26140,1789665,Matched,Intersection,29973.0,6TH AVE AND JAMES ST,,,1,Property Damage Only Collision,Left Turn,5,0,0,3,2004/01/31 00:00:00+00,1/31/2004 9:55:00 PM,At Intersection (intersection related),11,"MOTOR VEHICLE STRUCK MOTOR VEHICLE, FRONT END AT ANGLE",,0,Overcast,Wet,Dark - Street Lights On,,4031045.0,,29,From opposite direction - one left turn - one right turn,0,0,N
9378,1,-122.32005829999999,47.67364708,11766,27076,27076,1220283,Matched,Block,,8TH AVE NE BETWEEN NE RAVENNA EB BV AND NE RAVENNA WB BV,,,1,Property Damage Only Collision,Rear Ended,2,0,0,2,2004/09/14 00:00:00+00,9/14/2004 5:00:00 PM,Mid-Block (but intersection related),14,"MOTOR VEHICLE STRUCK MOTOR VEHICLE, REAR END",,0,Raining,Wet,Daylight,,4258037.0,,13,From same direction - both going straight - both moving - rear-end,0,0,N
9379,1,,,11767,25501,25501,1785089,Matched,Block,,BATTERY ST TUNNEL SB BETWEEN AURORA AVE N AND ALASKAN WY VI SB,,,1,Property Damage Only Collision,Other,2,0,0,1,2004/10/08 00:00:00+00,10/8/2004,Mid-Block (not related to intersection),26,MOTOR VEHICLE STRUCK OBJECT IN ROAD,,0,Clear,Wet,Dark - Street Lights On,,4282011.0,Y,50,Fixed object,0,0,N
9380,2,-122.2840774,47.73126918,11770,26044,26044,1218397,Matched,Block,,41ST AVE NE BETWEEN 41ST PL NE AND NE 142ND ST,,,2,Injury Collision,Parked Car,2,0,0,2,2004/06/17 00:00:00+00,6/17/2004 7:37:00 AM,Mid-Block (not related to intersection),28,MOTOR VEHICLE RAN OFF ROAD - HIT FIXED OBJECT,Y,1,Clear,Dry,Daylight,,4169015.0,,32,One parked--one moving,0,0,N
9381,1,-122.32159209999999,47.60170192,11772,25888,25888,1216828,Matched,Block,,YESLER WAY BETWEEN 8TH AVE AND BROADWAY,,,1,Property Damage Only Collision,Parked Car,2,0,0,2,2004/06/30 00:00:00+00,6/30/2004 1:48:00 PM,Mid-Block (not related to intersection),14,"MOTOR VEHICLE STRUCK MOTOR VEHICLE, REAR END",,0,Clear,Dry,Daylight,,4182002.0,,32,One parked--one moving,0,0,N
9382,1,-122.3159446,47.65361705,11773,25547,25547,1774227,Matched,Block,,NE PACIFIC ST BETWEEN NE BOAT ST AND BROOKLYN AVE NE,,,1,Property Damage Only Collision,Other,1,0,0,1,2004/06/20 00:00:00+00,6/20/2004 2:20:00 AM,Mid-Block (not related to intersection),28,MOTOR VEHICLE RAN OFF ROAD - HIT FIXED OBJECT,,0,Clear,Dry,Dark - Street Lights On,,4172012.0,,50,Fixed object,0,0,N
9383,1,-122.2414142,47.50055992,11774,25107,25107,1793601,Matched,Block,,CORNELL AVE S BETWEEN S 114TH ST AND S 115TH ST,,,1,Property Damage Only Collision,Parked Car,3,0,0,3,2004/07/14 00:00:00+00,7/14/2004 2:00:00 AM,Mid-Block (not related to intersection),14,"MOTOR VEHICLE STRUCK MOTOR VEHICLE, REAR END",,0,Clear,Dry,Dark - Street Lights On,,4196013.0,,32,One parked--one moving,0,0,N
9384,1,-122.3761365,47.63304489,11775,25982,25982,1213501,Matched,Intersection,350548.0,15TH AVE W AND MAGNOLIA BR OFF RP,,,1,Property Damage Only Collision,Sideswipe,3,0,0,3,2004/03/10 00:00:00+00,3/10/2004 9:05:00 AM,At Intersection (intersection related),11,"MOTOR VEHICLE STRUCK MOTOR VEHICLE, FRONT END AT ANGLE",,0,Clear,Dry,Daylight,,4070013.0,,11,From same direction - both going straight - both moving - sideswipe,0,0,N
9385,2,-122.3200531,47.6758521,11777,25858,25858,C649448,Matched,Intersection,24495.0,8TH AVE NE AND NE 65TH ST,,,2,Injury Collision,Rear Ended,3,0,0,2,2004/10/29 00:00:00+00,10/29/2004 11:10:00 AM,At Intersection (intersection related),16,"MOTOR VEHICLE STRUCK MOTOR VEHICLE, LEFT SIDE SIDESWIPE",,0,Overcast,Dry,Daylight,,4303043.0,,73,Same direction -- both turning right -- both moving -- rear end,0,0,N
9386,1,,,11778,25873,25873,1780915,Matched,Alley,,,,,1,Property Damage Only Collision,Parked Car,2,0,0,2,2004/02/16 00:00:00+00,2/16/2004 12:06:00 PM,,0,NOT ENOUGH INFORMATION / NOT APPLICABLE,Y,0,Raining,Wet,Daylight,,4047026.0,,32,One parked--one moving,0,0,N
9387,2,-122.32861059999999,47.6296551,11781,25224,25224,1787069,Matched,Block,,EASTLAKE AVE E BETWEEN PROSPECT ST AND E NELSON PL,,,2,Injury Collision,Other,3,0,0,3,2004/01/09 00:00:00+00,1/9/2004,Driveway Junction,11,"MOTOR VEHICLE STRUCK MOTOR VEHICLE, FRONT END AT ANGLE",Y,0,Overcast,Dry,Daylight,,4009038.0,,22,One car leaving driveway access,0,0,N
9388,1,-122.32076119999999,47.61211136,11782,26367,26367,1789682,Matched,Block,,BROADWAY BETWEEN HARVARD AVE AND E UNION ST,,,1,Property Damage Only Collision,Parked Car,2,0,0,2,2004/06/02 00:00:00+00,6/2/2004,Mid-Block (not related to intersection),13,"MOTOR VEHICLE STRUCK MOTOR VEHICLE, LEFT SIDE AT ANGLE",Y,0,Clear,Dry,Daylight,,4154013.0,,32,One parked--one moving,0,0,N
9389,2,-122.3255288,47.61521875,11783,25989,25989,1772481,Matched,Intersection,29860.0,SUMMIT AVE AND E PINE ST,,,2,Injury Collision,Rear Ended,2,0,0,2,2004/05/16 00:00:00+00,5/16/2004 1:59:00 AM,At Intersection (but not related to intersection),14,"MOTOR VEHICLE STRUCK MOTOR VEHICLE, REAR END",,0,Raining,Wet,Dark - Street Lights On,,4137026.0,Y,13,From same direction - both going straight - both moving - rear-end,0,0,N
9390,2,-122.3478132,47.6141441,11784,26905,26905,1079931,Matched,Intersection,29700.0,1ST AVE AND BATTERY ST,,,2,Injury Collision,Angles,2,0,0,2,2004/08/19 00:00:00+00,8/19/2004 7:07:00 AM,At Intersection (intersection related),11,"MOTOR VEHICLE STRUCK MOTOR VEHICLE, FRONT END AT ANGLE",,0,Clear,Dry,Daylight,,4232009.0,,10,Entering at angle,0,0,N
9391,2,-122.3781857,47.64846568,11785,25278,25278,1482788,Matched,Block,,W DRAVUS ST BETWEEN 16TH AVE W AND 17TH AVE W,,,2,Injury Collision,Sideswipe,2,0,0,2,2004/10/25 00:00:00+00,10/25/2004 5:01:00 PM,Mid-Block (not related to intersection),11,"MOTOR VEHICLE STRUCK MOTOR VEHICLE, FRONT END AT ANGLE",,1,Clear,Dry,Dark - Street Lights On,,4299015.0,,11,From same direction - both going straight - both moving - sideswipe,0,0,N
9392,1,-122.37749850000002,47.64846703,11786,25489,25489,1186597,Matched,Intersection,26470.0,16TH AVE W AND W DRAVUS ST,,,1,Property Damage Only Collision,Left Turn,2,0,0,2,2004/07/27 00:00:00+00,7/27/2004 8:50:00 AM,At Intersection (intersection related),11,"MOTOR VEHICLE STRUCK MOTOR VEHICLE, FRONT END AT ANGLE",,0,Clear,Dry,Daylight,,4209033.0,,28,From opposite direction - one left turn - one straight,0,0,N
9393,2,-122.30363490000002,47.61931523,11787,25048,25048,1772612,Matched,Block,,22ND AVE E BETWEEN E MADISON ST AND E JOHN ST,,,2,Injury Collision,Pedestrian,2,1,0,1,2004/06/01 00:00:00+00,6/1/2004,Mid-Block (not related to intersection),24,MOTOR VEHCILE STRUCK PEDESTRIAN,Y,0,Clear,Dry,Daylight,,4153025.0,,3,Vehicle backing hits pedestrian,0,0,N
9394,1,-122.32597450000002,47.58293588,11788,26030,26030,1213805,Matched,Block,,6TH AVE S BETWEEN S WALKER ST AND S STACY ST,,,1,Property Damage Only Collision,Rear Ended,4,0,0,2,2004/06/05 00:00:00+00,6/5/2004,Mid-Block (not related to intersection),14,"MOTOR VEHICLE STRUCK MOTOR VEHICLE, REAR END",Y,0,Clear,Dry,Daylight,,4157021.0,,14,From same direction - both going straight - one stopped - rear-end,0,0,N
9395,1,-122.3507873,47.61824783,11789,27012,27012,1778107,Matched,Intersection,29658.0,3RD AVE AND BROAD ST,,,1,Property Damage Only Collision,Left Turn,6,0,0,2,2004/04/30 00:00:00+00,4/30/2004 9:54:00 PM,At Intersection (intersection related),11,"MOTOR VEHICLE STRUCK MOTOR VEHICLE, FRONT END AT ANGLE",,0,Clear,Dry,Dark - Street Lights On,,4121007.0,,28,From opposite direction - one left turn - one straight,0,0,N
9396,2,-122.38611609999998,47.56108911,11790,25749,25749,1198026,Matched,Block,,SW ALASKA ST BETWEEN 42ND AVE SW AND CALIFORNIA AVE SW,,,2,Injury Collision,Rear Ended,2,0,0,2,2004/11/03 00:00:00+00,11/3/2004,Mid-Block (but intersection related),14,"MOTOR VEHICLE STRUCK MOTOR VEHICLE, REAR END",,0,Clear,Dry,Dark - Street Lights On,,4308018.0,,14,From same direction - both going straight - one stopped - rear-end,0,0,N
9397,1,-122.3291351,47.61971505,11791,25684,25684,1470600,Matched,Intersection,29154.0,EASTLAKE AVE E AND STEWART ST,,,1,Property Damage Only Collision,Left Turn,2,0,0,2,2004/06/09 00:00:00+00,6/9/2004,At Intersection (intersection related),11,"MOTOR VEHICLE STRUCK MOTOR VEHICLE, FRONT END AT ANGLE",,0,Clear,Dry,Daylight,,4161024.0,,15,From same direction - one left turn - one straight,0,0,N
9398,2,-122.3207804,47.61407567,11793,26463,26463,1787212,Matched,Intersection,29745.0,BROADWAY AND E PIKE ST,,,2,Injury Collision,Left Turn,4,0,0,2,2004/01/01 00:00:00+00,1/1/2004,At Intersection (intersection related),11,"MOTOR VEHICLE STRUCK MOTOR VEHICLE, FRONT END AT ANGLE",,0,Overcast,Wet,Dark - Street Lights On,,4001015.0,,28,From opposite direction - one left turn - one straight,0,0,N
9399,1,-122.2876104,47.5640997,11794,26852,26852,1793059,Matched,Block,,S GENESEE ST BETWEEN RAINIER S AVE S AND 36TH AVE S,,,1,Property Damage Only Collision,Rear Ended,3,0,0,2,2004/08/20 00:00:00+00,8/20/2004 5:38:00 PM,Mid-Block (but intersection related),14,"MOTOR VEHICLE STRUCK MOTOR VEHICLE, REAR END",,0,Clear,Dry,Daylight,,4233022.0,,14,From same direction - both going straight - one stopped - rear-end,0,0,N
9400,2,-122.38283500000001,47.56017206,11797,24922,24922,1188146,Matched,Block,,40TH AVE SW BETWEEN SW ALASKA ST AND SW EDMUNDS ST,,,2,Injury Collision,Other,2,0,0,2,2004/12/02 00:00:00+00,12/2/2004,Driveway Junction,11,"MOTOR VEHICLE STRUCK MOTOR VEHICLE, FRONT END AT ANGLE",,0,Overcast,Dry,Daylight,,4337014.0,,22,One car leaving driveway access,0,0,N
9401,1,-122.336703,47.58928646,11798,26359,26359,C649708,Matched,Block,,COLORADO AVE S BETWEEN S ATLANTIC ST AND S MASSACHUSETTS ST,,,1,Property Damage Only Collision,Parked Car,2,0,0,2,2004/12/03 00:00:00+00,12/3/2004,Mid-Block (not related to intersection),14,"MOTOR VEHICLE STRUCK MOTOR VEHICLE, REAR END",,0,Overcast,Dry,Daylight,,4338039.0,,32,One parked--one moving,0,0,N
9402,2,-122.34475549999999,47.64975609,11799,25563,25563,1773658,Matched,Intersection,27040.0,ALBION PL N AND N 35TH ST,,,2,Injury Collision,Angles,3,0,0,2,2004/01/30 00:00:00+00,1/30/2004 9:18:00 AM,At Intersection (intersection related),11,"MOTOR VEHICLE STRUCK MOTOR VEHICLE, FRONT END AT ANGLE",,0,Overcast,Wet,Daylight,,4030011.0,,10,Entering at angle,0,0,N
9403,2,-122.34989070000002,47.68180341,11800,26753,26753,1080155,Matched,Intersection,24323.0,FREMONT AVE N AND N 73RD ST,,,2,Injury Collision,Cycles,2,0,1,1,2004/08/17 00:00:00+00,8/17/2004 4:18:00 PM,At Intersection (intersection related),51,PEDALCYCLIST STRUCK MOTOR VEHICLE FRONT END AT ANGLE,,0,Clear,Dry,Daylight,,4230010.0,,45,Vehicle - Pedalcyclist,0,0,N
9404,1,-122.27853030000001,47.63395709,11803,25309,25309,1772582,Matched,Block,,42ND AVE E BETWEEN E GARFIELD ST AND E BLAINE ST,,,1,Property Damage Only Collision,Parked Car,2,0,0,2,2004/03/25 00:00:00+00,3/25/2004 3:00:00 PM,Mid-Block (not related to intersection),11,"MOTOR VEHICLE STRUCK MOTOR VEHICLE, FRONT END AT ANGLE",,0,Unknown,Unknown,Daylight,,4085044.0,,32,One parked--one moving,0,0,N
9405,1,-122.3246152,47.7086028,11804,26185,26185,1779913,Matched,Block,,NE NORTHGATE WAY BETWEEN 3RD AVE NE AND 5TH AVE NE,,,1,Property Damage Only Collision,Other,2,0,0,2,2004/03/18 00:00:00+00,3/18/2004 5:38:00 PM,Driveway Junction,11,"MOTOR VEHICLE STRUCK MOTOR VEHICLE, FRONT END AT ANGLE",,0,Clear,Dry,Daylight,,4078027.0,,21,One car entering driveway access,0,0,N
9406,2,-122.34436399999998,47.61503675,11805,26308,26308,C650791,Matched,Block,,BELL ST BETWEEN 3RD AVE AND 4TH AVE,,,2,Injury Collision,Other,2,0,0,2,2004/12/10 00:00:00+00,12/10/2004 2:30:00 PM,Mid-Block (not related to intersection),11,"MOTOR VEHICLE STRUCK MOTOR VEHICLE, FRONT END AT ANGLE",,0,Raining,Wet,Daylight,,4345079.0,,23,From same direction - all others,0,0,N
9407,1,-122.35852659999998,47.5173625,11806,25878,25878,1781162,Matched,Block,,SW ROXBURY ST BETWEEN 18TH AVE SW AND 20TH AVE SW,,,1,Property Damage Only Collision,Sideswipe,2,0,0,2,2004/09/23 00:00:00+00,9/23/2004 9:00:00 AM,Mid-Block (not related to intersection),16,"MOTOR VEHICLE STRUCK MOTOR VEHICLE, LEFT SIDE SIDESWIPE",,0,Overcast,Dry,Daylight,,4267006.0,,11,From same direction - both going straight - both moving - sideswipe,0,0,N
9408,1,-122.30753419999999,47.58099226,11807,25817,25817,1798909,Matched,Block,,S BAYVIEW ST BETWEEN 19TH E AVE S AND 20TH W AVE S,,,1,Property Damage Only Collision,Parked Car,2,0,0,2,2004/10/01 00:00:00+00,10/1/2004,Mid-Block (but intersection related),16,"MOTOR VEHICLE STRUCK MOTOR VEHICLE, LEFT SIDE SIDESWIPE",,0,Clear,Dry,Dark - Street Lights On,,4275016.0,Y,32,One parked--one moving,0,0,N
9409,1,-122.31467420000001,47.66855939,11808,25092,25092,1778931,Matched,Block,,NE 55TH ST BETWEEN 12TH AVE NE AND BROOKLYN AVE NE,,,1,Property Damage Only Collision,Parked Car,2,0,0,2,2004/06/03 00:00:00+00,6/3/2004,Driveway Junction,13,"MOTOR VEHICLE STRUCK MOTOR VEHICLE, LEFT SIDE AT ANGLE",,0,Clear,Dry,Unknown,,4155002.0,,32,One parked--one moving,0,0,N
9410,1,-122.3251713,47.6785359,11809,26241,26241,1079992,Matched,Block,,WOODLAWN AVE NE BETWEEN 5TH AVE NE AND NE RAVENNA EB BV,,,1,Property Damage Only Collision,Parked Car,3,0,0,3,2004/07/12 00:00:00+00,7/12/2004 6:50:00 PM,Mid-Block (not related to intersection),0,NOT ENOUGH INFORMATION / NOT APPLICABLE,,0,Clear,Dry,Daylight,,4194015.0,,32,One parked--one moving,0,0,N
9411,1,-122.35687709999999,47.64581562,11810,26282,26282,1213347,Matched,Intersection,27768.0,FULTON ST AND QUEEN ANNE AVE N,,,1,Property Damage Only Collision,Angles,3,0,0,3,2004/02/06 00:00:00+00,2/6/2004,At Intersection (intersection related),11,"MOTOR VEHICLE STRUCK MOTOR VEHICLE, FRONT END AT ANGLE",,0,Overcast,Wet,Dark - Street Lights On,,4037030.0,Y,10,Entering at angle,0,0,N
9412,1,-122.30834899999999,47.69870133,11812,25688,25688,1777218,Matched,Block,,18TH AVE NE BETWEEN NE 96TH S ST AND NE 96TH N ST,,,1,Property Damage Only Collision,Parked Car,2,0,0,2,2004/05/17 00:00:00+00,5/17/2004 12:45:00 PM,Mid-Block (not related to intersection),11,"MOTOR VEHICLE STRUCK MOTOR VEHICLE, FRONT END AT ANGLE",,0,Clear,Dry,Daylight,,4138003.0,,32,One parked--one moving,0,0,N
9413,1,-122.33179809999999,47.60655275,11814,26150,26150,1213427,Matched,Intersection,29948.0,5TH AVE AND MADISON ST,,,1,Property Damage Only Collision,Angles,2,0,0,2,2004/02/08 00:00:00+00,2/8/2004,At Intersection (intersection related),11,"MOTOR VEHICLE STRUCK MOTOR VEHICLE, FRONT END AT ANGLE",,0,Clear,Dry,Dark - Street Lights On,,4039018.0,,10,Entering at angle,0,0,N
9414,1,-122.35766170000001,47.65296539,11817,25926,25926,1778640,Matched,Intersection,26679.0,1ST AVE NW AND NW 36TH ST,,,1,Property Damage Only Collision,Angles,2,0,0,2,2004/05/19 00:00:00+00,5/19/2004 3:01:00 PM,At Intersection (intersection related),11,"MOTOR VEHICLE STRUCK MOTOR VEHICLE, FRONT END AT ANGLE",,0,Clear,Dry,Daylight,,4140025.0,,10,Entering at angle,0,0,N
9415,1,-122.2747596,47.55116175,11818,25212,25212,1772917,Matched,Block,,S ORCAS ST BETWEEN 46TH AVE S AND 47TH AVE S,,,1,Property Damage Only Collision,Parked Car,2,0,0,2,2004/06/27 00:00:00+00,6/27/2004 2:30:00 AM,Mid-Block (not related to intersection),16,"MOTOR VEHICLE STRUCK MOTOR VEHICLE, LEFT SIDE SIDESWIPE",,0,Clear,Dry,Dark - Street Lights On,,4179036.0,,32,One parked--one moving,0,0,N
9416,2,-122.33755159999998,47.58937381,11819,26353,26353,1776963,Matched,Block,,ALASKAN WY VI NB BETWEEN S HOLGATE ST AND SR99 REPUBLICAN OFF RP,,,2,Injury Collision,Rear Ended,4,0,0,2,2004/03/26 00:00:00+00,3/26/2004 10:22:00 AM,Mid-Block (not related to intersection),14,"MOTOR VEHICLE STRUCK MOTOR VEHICLE, REAR END",,0,Clear,Wet,Daylight,,4086017.0,,14,From same direction - both going straight - one stopped - rear-end,0,0,N
9417,1,-122.3191726,47.66130885,11820,26263,26263,1774273,Matched,Block,,NE 45TH ST BETWEEN 8TH E AVE NE AND 9TH W AVE NE,,,1,Property Damage Only Collision,Rear Ended,2,0,0,2,2004/10/24 00:00:00+00,10/24/2004 5:23:00 PM,Mid-Block (but intersection related),14,"MOTOR VEHICLE STRUCK MOTOR VEHICLE, REAR END",,0,Clear,Dry,Dark - Street Lights On,,4298013.0,,14,From same direction - both going straight - one stopped - rear-end,0,0,N
9418,1,-122.33419369999999,47.57139257,11824,25196,25196,1798369,Matched,Intersection,32340.0,1ST AVE S AND S SPOKANE SR ST,,,1,Property Damage Only Collision,Angles,3,0,0,2,2004/09/09 00:00:00+00,9/9/2004,At Intersection (intersection related),11,"MOTOR VEHICLE STRUCK MOTOR VEHICLE, FRONT END AT ANGLE",,0,Clear,Dry,Daylight,,4253019.0,,10,Entering at angle,0,0,N
9419,2,-122.2846295,47.55704112,11825,26338,26338,1792983,Matched,Intersection,33579.0,RAINIER AVE S AND S HUDSON ST,,,2,Injury Collision,Angles,2,0,0,2,2004/07/09 00:00:00+00,7/9/2004,At Intersection (intersection related),11,"MOTOR VEHICLE STRUCK MOTOR VEHICLE, FRONT END AT ANGLE",,0,Clear,Dry,Daylight,,4191013.0,,10,Entering at angle,0,0,N
9420,2,-122.35487069999999,47.64848444,11826,26022,26022,C649669,Matched,Block,,NICKERSON ST BETWEEN DRAVUS ST AND WARREN AVE N,,,2,Injury Collision,Rear Ended,2,0,0,2,2004/12/07 00:00:00+00,12/7/2004,Mid-Block (but intersection related),14,"MOTOR VEHICLE STRUCK MOTOR VEHICLE, REAR END",,0,Raining,Wet,Dark - Street Lights On,,4342057.0,,14,From same direction - both going straight - one stopped - rear-end,0,0,N
9421,1,-122.29668159999999,47.57614674,11827,26729,26729,1784211,Matched,Block,,M L KING JR WAY S BETWEEN RAINIER AVE S AND S WINTHROP ST,,,1,Property Damage Only Collision,Rear Ended,3,0,0,3,2004/10/21 00:00:00+00,10/21/2004 8:05:00 AM,Mid-Block (but intersection related),14,"MOTOR VEHICLE STRUCK MOTOR VEHICLE, REAR END",,0,Clear,Wet,Dawn,,4295002.0,,14,From same direction - both going straight - one stopped - rear-end,0,0,N
9422,1,-122.3237553,47.59793173,11828,25465,25465,1213267,Matched,Block,,7TH AVE S BETWEEN S KING ST AND S WELLER ST,,,1,Property Damage Only Collision,Parked Car,2,0,0,2,2004/11/25 00:00:00+00,11/25/2004 3:40:00 PM,Mid-Block (not related to intersection),14,"MOTOR VEHICLE STRUCK MOTOR VEHICLE, REAR END",,0,Overcast,Dry,Dusk,,4330033.0,,32,One parked--one moving,0,0,N
9423,2,-122.3346656,47.60968542,11830,24946,24946,1482383,Matched,Intersection,29913.0,5TH AVE AND UNION ST,,,2,Injury Collision,Rear Ended,4,0,0,2,2004/06/15 00:00:00+00,6/15/2004 7:02:00 AM,At Intersection (intersection related),14,"MOTOR VEHICLE STRUCK MOTOR VEHICLE, REAR END",,0,Clear,Dry,Daylight,,4167037.0,,84,Same direction -- both turning left -- one stopped -- rear end,0,0,N
9424,2,-122.3549922,47.53912018,11831,26240,26240,1795227,Matched,Intersection,34126.0,16TH AVE SW AND SW MYRTLE ST,,,2,Injury Collision,Left Turn,8,0,0,3,2004/10/18 00:00:00+00,10/18/2004 8:24:00 PM,At Intersection (intersection related),11,"MOTOR VEHICLE STRUCK MOTOR VEHICLE, FRONT END AT ANGLE",,0,Raining,Wet,Dark - Street Lights On,,4292004.0,,28,From opposite direction - one left turn - one straight,0,0,N
9425,2,-122.33754109999998,47.60779561,11832,26426,26426,1478446,Matched,Block,,2ND AVE BETWEEN UNIVERSITY ST AND UNION ST,,,2,Injury Collision,Parked Car,2,0,0,2,2004/07/18 00:00:00+00,7/18/2004 4:45:00 AM,Mid-Block (not related to intersection),14,"MOTOR VEHICLE STRUCK MOTOR VEHICLE, REAR END",Y,0,Clear,Dry,Dark - Street Lights On,,4200018.0,,32,One parked--one moving,0,0,N
9426,1,-122.3101512,47.61558986,11833,26985,26985,1787067,Matched,Intersection,30132.0,17TH AVE AND E MADISON ST,,,1,Property Damage Only Collision,Angles,6,0,0,2,2004/01/02 00:00:00+00,1/2/2004,At Intersection (intersection related),11,"MOTOR VEHICLE STRUCK MOTOR VEHICLE, FRONT END AT ANGLE",,0,Overcast,Wet,Dark - Street Lights On,,4002051.0,,10,Entering at angle,0,0,N
9427,1,-122.2915523,47.54705134,11834,25350,25350,1773001,Matched,Block,,32ND AVE S BETWEEN S RAYMOND ST AND S GRAHAM ST,,,1,Property Damage Only Collision,Parked Car,2,0,0,2,2004/04/25 00:00:00+00,4/25/2004 6:45:00 PM,Mid-Block (but intersection related),14,"MOTOR VEHICLE STRUCK MOTOR VEHICLE, REAR END",,0,Clear,Dry,Daylight,,4116012.0,,32,One parked--one moving,0,0,N
9428,2,-122.3186009,47.66130511,11836,25704,25704,1778673,Matched,Block,,NE 45TH ST BETWEEN 9TH W AVE NE AND 9TH E AVE NE,,,2,Injury Collision,Pedestrian,3,1,0,1,2004/08/16 00:00:00+00,8/16/2004 1:50:00 PM,Mid-Block (not related to intersection),24,MOTOR VEHCILE STRUCK PEDESTRIAN,,0,Clear,Dry,Daylight,,4229008.0,,0,Vehicle going straight hits pedestrian,0,0,N
9429,1,-122.3686068,47.66752001,11837,27024,27024,1775715,Matched,Block,,9TH AVE NW BETWEEN NW 53RD ST AND NW 54TH ST,,,1,Property Damage Only Collision,Parked Car,2,0,0,2,2004/01/07 00:00:00+00,1/7/2004,Mid-Block (not related to intersection),11,"MOTOR VEHICLE STRUCK MOTOR VEHICLE, FRONT END AT ANGLE",,0,Unknown,Snow/Slush,Unknown,,4007005.0,,32,One parked--one moving,0,0,N
9430,1,-122.3119219,47.6747681,11838,24836,24836,1797051,Matched,Intersection,25979.0,15TH AVE NE AND NE 63RD ST,,,1,Property Damage Only Collision,Angles,2,0,0,2,2004/10/15 00:00:00+00,10/15/2004 1:45:00 PM,At Intersection (intersection related),11,"MOTOR VEHICLE STRUCK MOTOR VEHICLE, FRONT END AT ANGLE",,0,Overcast,Dry,Daylight,,4289020.0,,10,Entering at angle,0,0,N
9431,1,-122.2990702,47.58690613,11839,25920,25920,1469297,Matched,Intersection,31415.0,26TH AVE S AND S GRAND ST,,,1,Property Damage Only Collision,Angles,2,0,0,2,2004/03/18 00:00:00+00,3/18/2004 8:17:00 AM,At Intersection (intersection related),11,"MOTOR VEHICLE STRUCK MOTOR VEHICLE, FRONT END AT ANGLE",,0,Overcast,Dry,Daylight,,4078012.0,,10,Entering at angle,0,0,N
9432,1,-122.34448870000001,47.63758771,11840,25044,25044,1784727,Matched,Block,,AURORA AVE N BETWEEN HOWE ST AND LYNN ST,,,1,Property Damage Only Collision,Other,1,0,0,1,2004/11/18 00:00:00+00,11/18/2004 8:35:00 AM,Mid-Block (not related to intersection),26,MOTOR VEHICLE STRUCK OBJECT IN ROAD,Y,0,Overcast,Wet,Daylight,,4323010.0,,50,Fixed object,0,0,N
9433,1,-122.343621,47.72223738,11841,26189,26189,1220162,Matched,Block,,N 128TH ST BETWEEN AURORA AVE N AND STONE AVE N,,,1,Property Damage Only Collision,Other,2,0,0,2,2004/08/17 00:00:00+00,8/17/2004 10:35:00 AM,Driveway Junction,11,"MOTOR VEHICLE STRUCK MOTOR VEHICLE, FRONT END AT ANGLE",,0,Clear,Dry,Daylight,,4230025.0,,21,One car entering driveway access,0,0,N