,SEVERITYCODE,X,Y,OBJECTID,INCKEY,COLDETKEY,REPORTNO,STATUS,ADDRTYPE,INTKEY,LOCATION,EXCEPTRSNCODE,EXCEPTRSNDESC,SEVERITYCODE.1,SEVERITYDESC,COLLISIONTYPE,PERSONCOUNT,PEDCOUNT,PEDCYLCOUNT,VEHCOUNT,INCDATE,INCDTTM,JUNCTIONTYPE,SDOT_COLCODE,SDOT_COLDESC,INATTENTIONIND,UNDERINFL,WEATHER,ROADCOND,LIGHTCOND,PEDROWNOTGRNT,SDOTCOLNUM,SPEEDING,ST_COLCODE,ST_COLDESC,SEGLANEKEY,CROSSWALKKEY,HITPARKEDCAR
9434,1,-122.293826,47.59859903,11842,25718,25718,1772484,Matched,Block,,30TH AVE S BETWEEN S JACKSON ST AND S KING ST,,,1,Property Damage Only Collision,Other,1,0,0,1,2004/06/19 00:00:00+00,6/19/2004 7:54:00 PM,Mid-Block (but intersection related),28,MOTOR VEHICLE RAN OFF ROAD - HIT FIXED OBJECT,,0,Clear,Dry,Daylight,,4171002.0,Y,50,Fixed object,0,0,N
9435,1,-122.3343392,47.57270045,11843,25735,25735,C649442,Matched,Block,,1ST WR AVE S BETWEEN S HINDS ST AND S SPOKANE NR ST,,,1,Property Damage Only Collision,Other,2,0,0,2,2004/10/27 00:00:00+00,10/27/2004 9:45:00 AM,Mid-Block (but intersection related),11,"MOTOR VEHICLE STRUCK MOTOR VEHICLE, FRONT END AT ANGLE",,0,Clear,Dry,Daylight,,4301048.0,,23,From same direction - all others,0,0,N
9436,2,-122.3554666,47.7068988,11845,24936,24936,1778608,Matched,Intersection,36410.0,GREENWOOD AVE N AND N 107TH ST,,,2,Injury Collision,Angles,3,0,0,2,2004/06/05 00:00:00+00,6/5/2004,At Intersection (intersection related),11,"MOTOR VEHICLE STRUCK MOTOR VEHICLE, FRONT END AT ANGLE",,0,Overcast,Dry,Dark - Street Lights On,,4157008.0,Y,10,Entering at angle,0,0,N
9437,1,-122.3394075,47.57642438,11846,25957,25957,1781540,Matched,Block,,ALASKAN WY VI SB BETWEEN S LANDER ST AND ALASKAN WY VI SB WSB WB OFF RP,,,1,Property Damage Only Collision,Rear Ended,2,0,0,2,2004/04/28 00:00:00+00,4/28/2004 3:47:00 PM,Mid-Block (but intersection related),14,"MOTOR VEHICLE STRUCK MOTOR VEHICLE, REAR END",Y,0,Clear,Dry,Daylight,,4119025.0,,14,From same direction - both going straight - one stopped - rear-end,0,0,N
9438,2,-122.3326533,47.7086545,11849,25499,25499,1774067,Matched,Block,,N NORTHGATE WAY BETWEEN MERIDIAN AVE N AND CORLISS AVE N,,,2,Injury Collision,Rear Ended,2,0,0,2,2004/07/22 00:00:00+00,7/22/2004 9:15:00 AM,Mid-Block (not related to intersection),14,"MOTOR VEHICLE STRUCK MOTOR VEHICLE, REAR END",Y,0,Clear,Dry,Daylight,,4204009.0,,14,From same direction - both going straight - one stopped - rear-end,0,0,N
9439,1,-122.3762163,47.66752673,11851,26860,26860,1781986,Matched,Block,,15TH AVE NW BETWEEN NW 53RD ST AND NW 54TH ST,,,1,Property Damage Only Collision,Angles,2,0,0,2,2004/07/20 00:00:00+00,7/20/2004 2:15:00 PM,Mid-Block (but intersection related),16,"MOTOR VEHICLE STRUCK MOTOR VEHICLE, LEFT SIDE SIDESWIPE",,0,Clear,Dry,Daylight,,4202004.0,,10,Entering at angle,0,0,N
9440,1,-122.33169070000001,47.61230225,11852,26491,26491,1186523,Matched,Block,,PIKE ST BETWEEN 8TH AVE AND CONVENTION PL,,,1,Property Damage Only Collision,Parked Car,2,0,0,2,2004/10/30 00:00:00+00,10/30/2004 12:03:00 AM,Mid-Block (not related to intersection),14,"MOTOR VEHICLE STRUCK MOTOR VEHICLE, REAR END",,0,Raining,Wet,Dark - Street Lights On,,4304001.0,Y,32,One parked--one moving,0,0,N
9441,1,-122.30243370000001,47.62439174,11853,26590,26590,1772473,Matched,Intersection,29339.0,23RD AVE E AND E MERCER ST,,,1,Property Damage Only Collision,Angles,2,0,0,2,2004/08/10 00:00:00+00,8/10/2004 12:29:00 PM,At Intersection (intersection related),11,"MOTOR VEHICLE STRUCK MOTOR VEHICLE, FRONT END AT ANGLE",,0,Clear,Dry,Daylight,,4223023.0,,10,Entering at angle,0,0,N
9442,1,-122.2991597,47.57967346,11854,25756,25756,1779484,Matched,Block,,RAINIER AVE S BETWEEN S BAYVIEW ST AND S MCCLELLAN ST,,,1,Property Damage Only Collision,Other,2,0,0,2,2004/02/24 00:00:00+00,2/24/2004 3:00:00 PM,Mid-Block (not related to intersection),11,"MOTOR VEHICLE STRUCK MOTOR VEHICLE, FRONT END AT ANGLE",,0,Overcast,Dry,Daylight,,4055028.0,,22,One car leaving driveway access,0,0,N
9443,1,-122.28477959999998,47.66395759,11855,25410,25410,1781828,Matched,Block,,40TH AVE NE BETWEEN SAND POINT WAY NE AND NE 50TH ST,,,1,Property Damage Only Collision,Parked Car,2,0,0,2,2004/05/04 00:00:00+00,5/4/2004,Mid-Block (not related to intersection),11,"MOTOR VEHICLE STRUCK MOTOR VEHICLE, FRONT END AT ANGLE",,0,Clear,Dry,Dark - Street Lights On,,4125019.0,,32,One parked--one moving,0,0,N
9444,1,-122.3693686,47.64634977,11857,26406,26406,1478437,Matched,Block,,9TH AVE W BETWEEN W FULTON ST AND W BARRETT ST,,,1,Property Damage Only Collision,Parked Car,2,0,0,2,2004/06/15 00:00:00+00,6/15/2004 7:30:00 PM,Mid-Block (not related to intersection),13,"MOTOR VEHICLE STRUCK MOTOR VEHICLE, LEFT SIDE AT ANGLE",,0,Unknown,Dry,Daylight,,4167004.0,,32,One parked--one moving,0,0,N
9445,1,-122.30259720000001,47.61710747,11858,26158,26158,1789997,Matched,Intersection,29988.0,23RD AVE AND E OLIVE N ST,,,1,Property Damage Only Collision,Left Turn,2,0,0,2,2004/04/26 00:00:00+00,4/26/2004 12:57:00 PM,At Intersection (intersection related),11,"MOTOR VEHICLE STRUCK MOTOR VEHICLE, FRONT END AT ANGLE",,0,Clear,Dry,Daylight,,4117004.0,,28,From opposite direction - one left turn - one straight,0,0,N
9446,1,-122.3275249,47.70862158,11860,26633,26633,1319425,Matched,Block,,NE NORTHGATE WAY BETWEEN 1ST AVE NE AND NE NORTHGATE DR,,,1,Property Damage Only Collision,Sideswipe,2,0,0,2,2004/02/18 00:00:00+00,2/18/2004 11:00:00 PM,Mid-Block (not related to intersection),16,"MOTOR VEHICLE STRUCK MOTOR VEHICLE, LEFT SIDE SIDESWIPE",,0,Raining,Wet,Dark - Street Lights On,,4049017.0,,11,From same direction - both going straight - both moving - sideswipe,0,0,N
9447,1,-122.3077861,47.66305443,11861,25514,25514,1782384,Matched,Block,,NE 47TH ST BETWEEN 18TH AVE NE AND 19TH AVE NE,,,1,Property Damage Only Collision,Parked Car,2,0,0,2,2004/05/21 00:00:00+00,5/21/2004 8:35:00 PM,Driveway Junction,14,"MOTOR VEHICLE STRUCK MOTOR VEHICLE, REAR END",,0,Clear,Dry,Dark - Street Lights On,,4142012.0,,32,One parked--one moving,0,0,N
9448,1,-122.3872247,47.54397488,11862,25221,25221,1775067,Matched,Block,,CALIFORNIA AVE SW BETWEEN FAUNTLEROY WAY SW AND SW HOLLY ST,,,1,Property Damage Only Collision,Parked Car,2,0,0,2,2004/01/14 00:00:00+00,1/14/2004 5:20:00 AM,Mid-Block (not related to intersection),11,"MOTOR VEHICLE STRUCK MOTOR VEHICLE, FRONT END AT ANGLE",,0,Raining,Dry,Dark - Street Lights On,,4014053.0,,32,One parked--one moving,0,0,N
9449,1,-122.3726888,47.57294322,11863,26088,26088,1789458,Matched,Block,,SW ADMIRAL WAY BETWEEN SW ADMIRAL WY OFF RP AND SW CITY VIEW ST,,,1,Property Damage Only Collision,Other,1,0,0,1,2004/10/24 00:00:00+00,10/24/2004 1:56:00 PM,Mid-Block (not related to intersection),27,MOTOR VEHICLE RAN OFF ROAD - NO COLLISION,,0,Clear,Dry,Daylight,,4298006.0,,31,Not stated,0,0,N
9450,1,-122.3499273,47.65203917,11865,26760,26760,1473745,Matched,Block,,FREMONT AVE N BETWEEN N 36TH ST AND N 38TH ST,,,1,Property Damage Only Collision,Parked Car,2,0,0,2,2004/03/18 00:00:00+00,3/18/2004 12:13:00 AM,Mid-Block (not related to intersection),11,"MOTOR VEHICLE STRUCK MOTOR VEHICLE, FRONT END AT ANGLE",,0,Clear,Dry,Dawn,,4078001.0,,32,One parked--one moving,0,0,N
9451,1,-122.3867753,47.56291162,11867,25491,25491,1189641,Matched,Intersection,31904.0,CALIFORNIA AVE SW AND SW OREGON ST,,,1,Property Damage Only Collision,Left Turn,2,0,0,2,2004/11/20 00:00:00+00,11/20/2004 5:37:00 PM,At Intersection (intersection related),11,"MOTOR VEHICLE STRUCK MOTOR VEHICLE, FRONT END AT ANGLE",,0,Clear,Dry,Dark - Street Lights On,,4325006.0,,28,From opposite direction - one left turn - one straight,0,0,N
9452,1,-122.31351770000002,47.69398666,11869,26441,26441,1774252,Matched,Block,,NE 90TH ST BETWEEN 12TH AVE NE AND 15TH AVE NE,,,1,Property Damage Only Collision,Parked Car,2,0,0,2,2004/08/05 00:00:00+00,8/5/2004,Mid-Block (not related to intersection),15,"MOTOR VEHICLE STRUCK MOTOR VEHICLE, RIGHT SIDE SIDESWIPE",,0,Clear,Dry,Dark - Street Lights On,,4218036.0,,32,One parked--one moving,0,0,N
9453,1,-122.3774918,47.53558948,11870,26863,26863,1798479,Matched,Block,,SW WEBSTER ST BETWEEN 35TH AVE SW AND 36TH AVE SW,,,1,Property Damage Only Collision,Parked Car,2,0,0,2,2004/06/23 00:00:00+00,6/23/2004 6:30:00 PM,Mid-Block (not related to intersection),15,"MOTOR VEHICLE STRUCK MOTOR VEHICLE, RIGHT SIDE SIDESWIPE",,0,Clear,Dry,Daylight,,4175035.0,,32,One parked--one moving,0,0,N
9454,1,-122.347416,47.53193049,11871,25607,25607,1480944,Matched,Block,,SW KENYON ST BETWEEN HIGHLAND PARK WAY SW AND 10TH AVE SW,,,1,Property Damage Only Collision,Parked Car,2,0,0,2,2004/06/16 00:00:00+00,6/16/2004 11:31:00 PM,Mid-Block (not related to intersection),12,"MOTOR VEHICLE STRUCK MOTOR VEHICLE, RIGHT SIDE AT ANGLE",,0,Clear,Dry,Dark - Street Lights On,,4168009.0,,32,One parked--one moving,0,0,N
9455,1,-122.3762149,47.65399336,11872,25683,25683,1482690,Matched,Intersection,26741.0,15TH AVE W AND W EMERSON ST,,,1,Property Damage Only Collision,Angles,2,0,0,2,2004/10/20 00:00:00+00,10/20/2004 9:07:00 AM,At Intersection (intersection related),11,"MOTOR VEHICLE STRUCK MOTOR VEHICLE, FRONT END AT ANGLE",,0,Clear,Dry,Daylight,,4294028.0,,10,Entering at angle,0,0,N
9456,2,-122.39001429999999,47.54346512,11873,25361,25361,1798176,Matched,Block,,FAUNTLEROY WAY SW BETWEEN FAUNTLEROY WR S WAY SW AND SW HOLLY ST,,,2,Injury Collision,Parked Car,3,0,0,2,2004/06/28 00:00:00+00,6/28/2004 12:39:00 AM,Mid-Block (but intersection related),14,"MOTOR VEHICLE STRUCK MOTOR VEHICLE, REAR END",,0,Clear,Dry,Dark - Street Lights On,,4180035.0,Y,32,One parked--one moving,0,0,N
9457,1,-122.3284978,47.65308577,11874,25969,25969,1779787,Matched,Block,,N PACIFIC ST BETWEEN EASTERN AVE N AND 1ST AVE NE,,,1,Property Damage Only Collision,Parked Car,2,0,0,2,2004/04/25 00:00:00+00,4/25/2004 12:31:00 AM,Mid-Block (but intersection related),14,"MOTOR VEHICLE STRUCK MOTOR VEHICLE, REAR END",Y,1,Clear,Dry,Dark - Street Lights On,,4116042.0,,32,One parked--one moving,0,0,N
9458,1,-122.3429132,47.69055035,11876,26705,26705,1779983,Matched,Block,,N 85TH ST BETWEEN NESBIT AVE N AND MIDVALE AVE N,,,1,Property Damage Only Collision,Sideswipe,2,0,0,2,2004/01/14 00:00:00+00,1/14/2004 3:00:00 PM,Mid-Block (not related to intersection),14,"MOTOR VEHICLE STRUCK MOTOR VEHICLE, REAR END",,0,Raining,Wet,Daylight,,4014018.0,,11,From same direction - both going straight - both moving - sideswipe,0,0,N
9459,1,-122.35283940000001,47.61859204,11879,26073,26073,1470583,Matched,Intersection,29660.0,2ND AVE AND DENNY WAY,,,1,Property Damage Only Collision,Left Turn,2,0,0,2,2004/03/27 00:00:00+00,3/27/2004 3:49:00 PM,At Intersection (intersection related),11,"MOTOR VEHICLE STRUCK MOTOR VEHICLE, FRONT END AT ANGLE",,0,Raining,Wet,Daylight,,4087012.0,,28,From opposite direction - one left turn - one straight,0,0,N
9460,2,-122.30414009999998,47.55883751,11880,25564,25564,1783911,Matched,Block,,BEACON ER AVE S BETWEEN S COLUMBIAN WAY AND S FERDINAND N ST,,,2,Injury Collision,Pedestrian,2,1,0,1,2004/11/16 00:00:00+00,11/16/2004 2:39:00 PM,Mid-Block (not related to intersection),24,MOTOR VEHCILE STRUCK PEDESTRIAN,,0,Raining,Wet,Daylight,Y,4321007.0,,0,Vehicle going straight hits pedestrian,0,0,N
9461,1,-122.39019340000002,47.52317013,11881,27045,27045,1789231,Matched,Block,,45TH AVE SW BETWEEN SW HENDERSON ST AND SW DIRECTOR ST,,,1,Property Damage Only Collision,Parked Car,2,0,0,2,2004/03/14 00:00:00+00,3/14/2004 8:30:00 PM,Mid-Block (not related to intersection),14,"MOTOR VEHICLE STRUCK MOTOR VEHICLE, REAR END",,0,Clear,Dry,Dark - No Street Lights,,4074003.0,,32,One parked--one moving,0,0,N
9462,1,-122.35316709999998,47.61730798,11883,25487,25487,1182067,Matched,Block,,1ST AVE BETWEEN BROAD ST AND EAGLE ST,,,1,Property Damage Only Collision,Parked Car,3,0,0,3,2004/04/16 00:00:00+00,4/16/2004 11:13:00 PM,Mid-Block (not related to intersection),14,"MOTOR VEHICLE STRUCK MOTOR VEHICLE, REAR END",Y,0,Clear,Dry,Dark - Street Lights On,,4107042.0,,32,One parked--one moving,0,0,N
9463,2,-122.35409140000002,47.62544738,11884,25042,25042,1213253,Matched,Intersection,28883.0,ROY ST AND WARREN AVE N,,,2,Injury Collision,Left Turn,4,0,0,2,2004/06/07 00:00:00+00,6/7/2004,At Intersection (intersection related),11,"MOTOR VEHICLE STRUCK MOTOR VEHICLE, FRONT END AT ANGLE",,0,Raining,Wet,Daylight,,4159006.0,,15,From same direction - one left turn - one straight,0,0,N
9464,1,-122.34489609999999,47.717173100000004,11885,26327,26327,1776024,Matched,Block,,AURORA AVE N BETWEEN N 117TH PL AND N 125TH ST,,,1,Property Damage Only Collision,Rear Ended,2,0,0,2,2004/04/02 00:00:00+00,4/2/2004,Mid-Block (but intersection related),14,"MOTOR VEHICLE STRUCK MOTOR VEHICLE, REAR END",Y,0,Clear,Dry,Daylight,,4093010.0,,14,From same direction - both going straight - one stopped - rear-end,0,0,N
9465,2,-122.3290487,47.59334116,11886,26170,26170,1777116,Matched,Block,,4TH AVE S BETWEEN I90 WB 4TH AV OFF RP AND S ROYAL BROUGHAM WAY,,,2,Injury Collision,Rear Ended,6,0,0,3,2004/02/21 00:00:00+00,2/21/2004 11:10:00 AM,Mid-Block (not related to intersection),14,"MOTOR VEHICLE STRUCK MOTOR VEHICLE, REAR END",Y,0,Clear,Dry,Daylight,,4052010.0,,14,From same direction - both going straight - one stopped - rear-end,0,0,N
9466,2,-122.3798217,47.58829362,11887,25883,25883,1781267,Matched,Block,,HARBOR AVE SW BETWEEN CALIFORNIA WAY SW AND FAIRMOUNT AVE SW,,,2,Injury Collision,Cycles,2,0,1,1,2004/06/22 00:00:00+00,6/22/2004 5:37:00 PM,Mid-Block (not related to intersection),18,"MOTOR VEHICLE STRUCK PEDALCYCLIST, FRONT END AT ANGLE",,0,Clear,Dry,Daylight,Y,4174007.0,,45,Vehicle - Pedalcyclist,0,0,N
9467,2,-122.30721799999999,47.66305078,11888,25394,25394,1220288,Matched,Intersection,26070.0,19TH AVE NE AND NE 47TH ST,,,2,Injury Collision,Angles,2,0,0,2,2004/09/24 00:00:00+00,9/24/2004 12:05:00 PM,At Intersection (intersection related),11,"MOTOR VEHICLE STRUCK MOTOR VEHICLE, FRONT END AT ANGLE",,0,Clear,Dry,Daylight,,4268030.0,,10,Entering at angle,0,0,N
9468,2,-122.324458,47.61409447,11889,25081,25081,1789812,Matched,Intersection,29876.0,BELMONT AVE AND E PIKE ST,,,2,Injury Collision,Pedestrian,2,1,0,1,2004/01/08 00:00:00+00,1/8/2004,At Intersection (intersection related),24,MOTOR VEHCILE STRUCK PEDESTRIAN,,0,Overcast,Wet,Daylight,Y,4008006.0,,1,Vehicle turning right hits pedestrian,0,0,N
9469,2,-122.35826589999999,47.63838322,11892,26697,26697,1212969,Matched,Intersection,27824.0,1ST AVE W AND W BOSTON ST,,,2,Injury Collision,Angles,3,0,0,2,2004/06/08 00:00:00+00,6/8/2004,At Intersection (intersection related),11,"MOTOR VEHICLE STRUCK MOTOR VEHICLE, FRONT END AT ANGLE",,0,Clear,Dry,Daylight,,4160015.0,,10,Entering at angle,0,0,N
9470,1,-122.28594740000001,47.54706873,11893,25348,25348,1772904,Matched,Block,,M L KING JR ER WAY S BETWEEN 37TH AVE S AND S GRAHAM ST,,,1,Property Damage Only Collision,Other,3,0,0,2,2004/04/30 00:00:00+00,4/30/2004 8:17:00 PM,Driveway Junction,11,"MOTOR VEHICLE STRUCK MOTOR VEHICLE, FRONT END AT ANGLE",Y,0,Clear,Dry,Dark - Street Lights On,,4121008.0,,22,One car leaving driveway access,0,0,N
9471,1,-122.3250669,47.59625621,11894,26214,26214,1777257,Matched,Block,,MAYNARD AVE S BETWEEN S LANE ST AND S DEARBORN ST,,,1,Property Damage Only Collision,Rear Ended,3,0,0,3,2004/03/19 00:00:00+00,3/19/2004 1:40:00 PM,Mid-Block (but intersection related),34,DRIVERLESS VEHICLE STRUCK MOTOR VEHICLE REAR END,,0,Clear,Dry,Daylight,,4079038.0,,14,From same direction - both going straight - one stopped - rear-end,0,0,N
9472,1,-122.33453999999999,47.60787143,11895,25841,25841,1777385,Matched,Block,,4TH AVE BETWEEN SENECA ST AND UNIVERSITY ST,,,1,Property Damage Only Collision,Rear Ended,3,0,0,2,2004/01/09 00:00:00+00,1/9/2004,Mid-Block (not related to intersection),14,"MOTOR VEHICLE STRUCK MOTOR VEHICLE, REAR END",,0,Raining,Wet,Dark - Street Lights On,,4009001.0,,14,From same direction - both going straight - one stopped - rear-end,0,0,N
9473,1,,,11897,24837,24837,1797081,Matched,Alley,,,,,1,Property Damage Only Collision,Parked Car,2,0,0,2,2004/10/24 00:00:00+00,10/24/2004 2:59:00 PM,,0,NOT ENOUGH INFORMATION / NOT APPLICABLE,,0,Clear,Dry,Daylight,,4298017.0,,32,One parked--one moving,0,0,N
9474,1,-122.31422859999998,47.58146973,11898,25479,25479,1793628,Matched,Block,,BEACON AVE S BETWEEN 14TH AVE S AND S BAYVIEW ST,,,1,Property Damage Only Collision,Other,2,0,0,2,2004/08/05 00:00:00+00,8/5/2004,Driveway Junction,11,"MOTOR VEHICLE STRUCK MOTOR VEHICLE, FRONT END AT ANGLE",,0,Clear,Dry,Dark - Street Lights On,,4218010.0,,22,One car leaving driveway access,0,0,N
9475,2,-122.32572309999999,47.59583631,11899,24827,24827,1777984,Matched,Block,,S DEARBORN ST BETWEEN 6TH AVE S AND MAYNARD AVE S,,,2,Injury Collision,Rear Ended,4,0,0,2,2004/04/08 00:00:00+00,4/8/2004,Mid-Block (not related to intersection),14,"MOTOR VEHICLE STRUCK MOTOR VEHICLE, REAR END",,0,Clear,Dry,Daylight,,4099011.0,,14,From same direction - both going straight - one stopped - rear-end,0,0,N
9476,2,-122.2967392,47.57175289,11900,26254,26254,1786514,Matched,Block,,M L KING JR ER WAY S BETWEEN S WALDEN ST AND RENTON N AVE S,,,2,Injury Collision,Rear Ended,2,0,0,2,2004/02/12 00:00:00+00,2/12/2004 12:24:00 PM,Mid-Block (but intersection related),14,"MOTOR VEHICLE STRUCK MOTOR VEHICLE, REAR END",Y,0,Clear,Dry,Daylight,,4043027.0,,14,From same direction - both going straight - one stopped - rear-end,0,0,N
9477,1,-122.3561572,47.70472613,11901,25851,25851,1079666,Matched,Block,,HOLMAN RD N BETWEEN N 104TH ST AND GREENWOOD AVE N,,,1,Property Damage Only Collision,Rear Ended,3,0,0,2,2004/10/18 00:00:00+00,10/18/2004 8:35:00 PM,Mid-Block (but intersection related),14,"MOTOR VEHICLE STRUCK MOTOR VEHICLE, REAR END",,0,Raining,Wet,Dark - Street Lights On,,4292029.0,Y,14,From same direction - both going straight - one stopped - rear-end,0,0,N
9478,2,-122.39001429999999,47.54346512,11902,25596,25596,1790551,Matched,Block,,FAUNTLEROY WAY SW BETWEEN FAUNTLEROY WR S WAY SW AND SW HOLLY ST,,,2,Injury Collision,Head On,2,0,0,2,2004/05/11 00:00:00+00,5/11/2004 5:40:00 AM,Mid-Block (not related to intersection),11,"MOTOR VEHICLE STRUCK MOTOR VEHICLE, FRONT END AT ANGLE",,0,Raining,Wet,Dawn,,4132013.0,Y,30,From opposite direction - all others,0,0,N
9479,1,-122.3761893,47.5640766,11903,25671,25671,1798573,Matched,Intersection,31899.0,35TH AVE SW AND SW AVALON WAY,,,1,Property Damage Only Collision,Sideswipe,2,0,0,2,2004/11/06 00:00:00+00,11/6/2004,At Intersection (intersection related),11,"MOTOR VEHICLE STRUCK MOTOR VEHICLE, FRONT END AT ANGLE",,0,Overcast,Wet,Dark - Street Lights On,,4311020.0,,27,From opposite direction - both going straight - one stopped - sideswipe,0,0,N
9480,2,-122.31319750000002,47.53426725,11905,26083,26083,1788872,Matched,Intersection,34391.0,16TH AVE S AND EAST MARGINAL WAY S,,,2,Injury Collision,Angles,2,0,0,2,2004/03/09 00:00:00+00,3/9/2004,At Intersection (intersection related),11,"MOTOR VEHICLE STRUCK MOTOR VEHICLE, FRONT END AT ANGLE",,0,Clear,Dry,Daylight,,4069024.0,,10,Entering at angle,0,0,N
9481,1,,,11906,26136,26136,1777237,Matched,Alley,,,,,1,Property Damage Only Collision,Parked Car,2,0,0,2,2004/07/22 00:00:00+00,7/22/2004 7:15:00 AM,,0,NOT ENOUGH INFORMATION / NOT APPLICABLE,,0,Clear,Dry,Daylight,,4204008.0,,32,One parked--one moving,0,0,N
9482,1,-122.29804340000001,47.59924237,11908,25784,25784,1328348,Matched,Block,,S JACKSON ST BETWEEN 26TH AVE S AND M L KING JR WAY S,,,1,Property Damage Only Collision,Parked Car,2,0,0,2,2004/01/22 00:00:00+00,1/22/2004 6:18:00 PM,Mid-Block (not related to intersection),16,"MOTOR VEHICLE STRUCK MOTOR VEHICLE, LEFT SIDE SIDESWIPE",,0,Overcast,Dry,Dark - Street Lights On,,4022009.0,,32,One parked--one moving,0,0,N
9483,1,-122.3168271,47.66857356,11909,26203,26203,1780038,Matched,Block,,NE 55TH ST BETWEEN ROOSEVELT WAY NE AND 11TH AVE NE,,,1,Property Damage Only Collision,Parked Car,2,0,0,2,2004/02/10 00:00:00+00,2/10/2004 9:30:00 PM,Mid-Block (not related to intersection),11,"MOTOR VEHICLE STRUCK MOTOR VEHICLE, FRONT END AT ANGLE",Y,0,Clear,Dry,Dark - Street Lights On,,4041018.0,,32,One parked--one moving,0,0,N
9484,1,-122.37612340000001,47.66366435,11910,26036,26036,1781983,Matched,Intersection,25468.0,15TH NB AVE NW AND NW LEARY WAY,,,1,Property Damage Only Collision,Angles,2,0,0,2,2004/06/13 00:00:00+00,6/13/2004 10:20:00 PM,At Intersection (intersection related),11,"MOTOR VEHICLE STRUCK MOTOR VEHICLE, FRONT END AT ANGLE",,0,Clear,Dry,Dark - Street Lights On,,4165009.0,,10,Entering at angle,0,0,N
9485,1,-122.26998200000001,47.52473904,11911,27064,27064,1793558,Matched,Block,,RAINIER AVE S BETWEEN S CLOVERDALE ST AND S HENDERSON ST,,,1,Property Damage Only Collision,Rear Ended,2,0,0,2,2004/09/23 00:00:00+00,9/23/2004 12:30:00 PM,Mid-Block (but intersection related),14,"MOTOR VEHICLE STRUCK MOTOR VEHICLE, REAR END",,0,Overcast,Dry,Daylight,,4267013.0,,14,From same direction - both going straight - one stopped - rear-end,0,0,N
9486,2,-122.33371869999999,47.66503572,11912,25471,25471,1796851,Matched,Intersection,25525.0,MERIDIAN AVE N AND N 50TH ST,,,2,Injury Collision,Left Turn,3,0,0,2,2004/10/23 00:00:00+00,10/23/2004 9:50:00 AM,At Intersection (intersection related),11,"MOTOR VEHICLE STRUCK MOTOR VEHICLE, FRONT END AT ANGLE",,0,Clear,Dry,Daylight,,4297015.0,,28,From opposite direction - one left turn - one straight,0,0,N
9487,1,-122.37621180000001,47.67163049,11913,25546,25546,1774189,Matched,Intersection,25402.0,15TH AVE NW AND NW 59TH ST,,,1,Property Damage Only Collision,Angles,2,0,0,2,2004/03/31 00:00:00+00,3/31/2004 5:16:00 PM,At Intersection (intersection related),11,"MOTOR VEHICLE STRUCK MOTOR VEHICLE, FRONT END AT ANGLE",,0,Clear,Dry,Daylight,,4091023.0,,10,Entering at angle,0,0,N
9488,1,-122.3846743,47.65123816,11914,25331,25331,1097212,Matched,Block,,22ND AVE W BETWEEN W BERTONA ST AND W RUFFNER ST,,,1,Property Damage Only Collision,Parked Car,2,0,0,2,2004/09/21 00:00:00+00,9/21/2004 8:50:00 AM,Mid-Block (not related to intersection),13,"MOTOR VEHICLE STRUCK MOTOR VEHICLE, LEFT SIDE AT ANGLE",,0,Raining,Wet,Dark - Street Lights On,,4265025.0,,32,One parked--one moving,0,0,N
9489,1,-122.37208829999999,47.62943789,11915,26244,26244,1777485,Matched,Block,,ELLIOTT AVE W BETWEEN W PROSPECT ST AND W LEE ST,,,1,Property Damage Only Collision,Sideswipe,3,0,0,2,2004/04/22 00:00:00+00,4/22/2004 11:15:00 PM,Mid-Block (not related to intersection),11,"MOTOR VEHICLE STRUCK MOTOR VEHICLE, FRONT END AT ANGLE",Y,0,Clear,Dry,Dark - Street Lights On,,4113029.0,,11,From same direction - both going straight - both moving - sideswipe,0,0,N
9490,1,-122.3449669,47.72230187,11917,25055,25055,1774120,Matched,Intersection,35827.0,AURORA AVE N AND N 128TH ST,,,1,Property Damage Only Collision,Left Turn,3,0,0,2,2004/06/21 00:00:00+00,6/21/2004 3:06:00 PM,At Intersection (intersection related),11,"MOTOR VEHICLE STRUCK MOTOR VEHICLE, FRONT END AT ANGLE",,0,Clear,Dry,Daylight,,4173006.0,,28,From opposite direction - one left turn - one straight,0,0,N
9491,2,-122.3394165,47.55847119,11919,25414,25414,1798538,Matched,Block,,EAST MARGINAL WAY S BETWEEN XW ALASKA AND S HUDSON ST,,,2,Injury Collision,Other,2,0,0,1,2004/07/18 00:00:00+00,7/18/2004 4:29:00 AM,Mid-Block (not related to intersection),28,MOTOR VEHICLE RAN OFF ROAD - HIT FIXED OBJECT,,1,Clear,Dry,Dark - Street Lights On,,4200005.0,,52,Vehicle overturned,0,0,N
9492,1,-122.2913997,47.58513221,11920,26740,26740,1793109,Matched,Block,,S PLUM ST BETWEEN 32ND AVE S AND 33RD AVE S,,,1,Property Damage Only Collision,Parked Car,2,0,0,2,2004/08/31 00:00:00+00,8/31/2004 7:15:00 PM,Mid-Block (but intersection related),14,"MOTOR VEHICLE STRUCK MOTOR VEHICLE, REAR END",,0,Clear,Dry,Dusk,,4244006.0,,32,One parked--one moving,0,0,N
9493,1,-122.366301,47.71602463,11921,25255,25255,1079623,Matched,Intersection,36285.0,8TH AVE NW AND NW 120TH ST,,,1,Property Damage Only Collision,Angles,3,0,0,2,2004/10/07 00:00:00+00,10/7/2004,At Intersection (intersection related),11,"MOTOR VEHICLE STRUCK MOTOR VEHICLE, FRONT END AT ANGLE",,0,Overcast,Dry,Daylight,,4281008.0,,10,Entering at angle,0,0,N