,SEVERITYCODE,X,Y,OBJECTID,INCKEY,COLDETKEY,REPORTNO,STATUS,ADDRTYPE,INTKEY,LOCATION,EXCEPTRSNCODE,EXCEPTRSNDESC,SEVERITYCODE.1,SEVERITYDESC,COLLISIONTYPE,PERSONCOUNT,PEDCOUNT,PEDCYLCOUNT,VEHCOUNT,INCDATE,INCDTTM,JUNCTIONTYPE,SDOT_COLCODE,SDOT_COLDESC,INATTENTIONIND,UNDERINFL,WEATHER,ROADCOND,LIGHTCOND,PEDROWNOTGRNT,SDOTCOLNUM,SPEEDING,ST_COLCODE,ST_COLDESC,SEGLANEKEY,CROSSWALKKEY,HITPARKEDCAR
9494,1,-122.3543733,47.67827677,11922,25768,25768,1080340,Matched,Block,,PHINNEY AVE N BETWEEN N 67TH N ST AND N 68TH ST,,,1,Property Damage Only Collision,Parked Car,3,0,0,2,2004/09/01 00:00:00+00,9/1/2004,Driveway Junction,13,"MOTOR VEHICLE STRUCK MOTOR VEHICLE, LEFT SIDE AT ANGLE",Y,0,Clear,Dry,Daylight,,4245011.0,,32,One parked--one moving,0,0,N
9495,1,-122.3110931,47.55233776,11923,25108,25108,1793562,Matched,Block,,17TH AVE S BETWEEN S LUCILE ST AND S ORCAS ST,,,1,Property Damage Only Collision,Parked Car,3,0,0,3,2004/09/26 00:00:00+00,9/26/2004 3:45:00 AM,Mid-Block (not related to intersection),13,"MOTOR VEHICLE STRUCK MOTOR VEHICLE, LEFT SIDE AT ANGLE",,0,Unknown,Unknown,Dark - Street Lights On,,4270030.0,,32,One parked--one moving,0,0,N
9496,1,-122.3246453,47.61848552,11924,26403,26403,1007491,Matched,Block,,E DENNY WAY BETWEEN SUMMIT AVE AND BELMONT AVE E,,,1,Property Damage Only Collision,Angles,4,0,0,2,2004/01/10 00:00:00+00,1/10/2004 12:48:00 PM,Driveway Junction,11,"MOTOR VEHICLE STRUCK MOTOR VEHICLE, FRONT END AT ANGLE",,0,Clear,Wet,Daylight,,4010024.0,,10,Entering at angle,0,0,N
9497,1,-122.32644429999999,47.61076544,11925,25712,25712,1790109,Matched,Intersection,29907.0,BOREN AVE AND SENECA ST,,,1,Property Damage Only Collision,Left Turn,2,0,0,2,2004/03/10 00:00:00+00,3/10/2004 7:29:00 AM,At Intersection (intersection related),11,"MOTOR VEHICLE STRUCK MOTOR VEHICLE, FRONT END AT ANGLE",,0,Clear,Dry,Daylight,,4070012.0,,28,From opposite direction - one left turn - one straight,0,0,N
9498,1,-122.3230496,47.60873074,11927,25906,25906,1180657,Matched,Block,,MINOR AVE BETWEEN COLUMBIA ST AND MARION ST,,,1,Property Damage Only Collision,Parked Car,2,0,0,2,2004/08/13 00:00:00+00,8/13/2004 10:49:00 AM,Mid-Block (not related to intersection),16,"MOTOR VEHICLE STRUCK MOTOR VEHICLE, LEFT SIDE SIDESWIPE",Y,0,Clear,Dry,Daylight,,4226028.0,,32,One parked--one moving,0,0,N
9499,2,-122.31276000000001,47.59749164,11928,24943,24943,1772574,Matched,Intersection,30437.0,RAINIER AVE S AND S WELLER ST,,,2,Injury Collision,Pedestrian,2,1,0,1,2004/09/10 00:00:00+00,9/10/2004 6:00:00 PM,At Intersection (intersection related),24,MOTOR VEHCILE STRUCK PEDESTRIAN,,0,Overcast,Dry,Dusk,,4254007.0,,0,Vehicle going straight hits pedestrian,0,0,N
9500,1,-122.33917360000001,47.61372707,11929,25963,25963,1182066,Matched,Intersection,29549.0,5TH AVE AND VIRGINIA ST,,,1,Property Damage Only Collision,Sideswipe,6,0,0,2,2004/04/10 00:00:00+00,4/10/2004 9:53:00 PM,At Intersection (intersection related),16,"MOTOR VEHICLE STRUCK MOTOR VEHICLE, LEFT SIDE SIDESWIPE",,0,Clear,Dry,Dark - Street Lights On,,4101032.0,,11,From same direction - both going straight - both moving - sideswipe,0,0,N
9501,2,-122.32474930000001,47.6055547,11930,25991,25991,1772615,Matched,Intersection,29959.0,9TH AVE AND JAMES ST,,,2,Injury Collision,Left Turn,6,0,0,2,2004/06/02 00:00:00+00,6/2/2004,At Intersection (intersection related),11,"MOTOR VEHICLE STRUCK MOTOR VEHICLE, FRONT END AT ANGLE",,0,Clear,Dry,Daylight,,4154011.0,,28,From opposite direction - one left turn - one straight,0,0,N
9502,1,-122.3712107,47.51487637,11931,26770,26770,1774938,Matched,Block,,30TH AVE SW BETWEEN SW 97TH ST AND SW 100TH ST,,,1,Property Damage Only Collision,Parked Car,2,0,0,2,2004/04/05 00:00:00+00,4/5/2004,Mid-Block (not related to intersection),15,"MOTOR VEHICLE STRUCK MOTOR VEHICLE, RIGHT SIDE SIDESWIPE",,0,Clear,Dry,Daylight,,4096017.0,,32,One parked--one moving,0,0,N
9503,1,-122.3119557,47.67704729,11932,25649,25649,1329263,Matched,Block,,15TH AVE NE BETWEEN NE 66TH ST AND NE 68TH S ST,,,1,Property Damage Only Collision,Rear Ended,3,0,0,3,2004/02/24 00:00:00+00,2/24/2004 9:08:00 AM,Mid-Block (but intersection related),14,"MOTOR VEHICLE STRUCK MOTOR VEHICLE, REAR END",,0,Overcast,Wet,Daylight,,4055022.0,Y,14,From same direction - both going straight - one stopped - rear-end,0,0,N
9504,1,-122.3554527,47.70508354,11934,27004,27004,1782467,Matched,Intersection,36419.0,GREENWOOD AVE N AND HOLMAN RD N,,,1,Property Damage Only Collision,Angles,3,0,0,2,2004/05/29 00:00:00+00,5/29/2004 3:15:00 PM,At Intersection (intersection related),11,"MOTOR VEHICLE STRUCK MOTOR VEHICLE, FRONT END AT ANGLE",,0,Clear,Dry,Daylight,,4150021.0,,10,Entering at angle,0,0,N
9505,1,-122.3016949,47.59458338,11935,26322,26322,1216927,Matched,Block,,S CHARLES ST BETWEEN 23RD AVE S AND 24TH AVE S,,,1,Property Damage Only Collision,Other,1,0,0,1,2004/08/16 00:00:00+00,8/16/2004 4:20:00 PM,Mid-Block (not related to intersection),28,MOTOR VEHICLE RAN OFF ROAD - HIT FIXED OBJECT,,0,Clear,Dry,Daylight,,4229028.0,,50,Fixed object,0,0,N
9506,1,-122.358342,47.57146351,11937,25611,25611,1781529,Matched,Block,,SW SPOKANE ST BETWEEN TERMINAL 5 ACCESS RP AND WEST MARGINAL TURN RD,,,1,Property Damage Only Collision,Rear Ended,2,0,0,2,2004/01/23 00:00:00+00,1/23/2004 11:20:00 AM,Mid-Block (but intersection related),14,"MOTOR VEHICLE STRUCK MOTOR VEHICLE, REAR END",,0,Raining,Wet,Daylight,,4023017.0,,14,From same direction - both going straight - one stopped - rear-end,0,0,N
9507,1,-122.2901538,47.55866698,11938,25408,25408,1772906,Matched,Block,,S EDMUNDS ST BETWEEN 32ND AVE S AND 35TH AVE S,,,1,Property Damage Only Collision,Parked Car,2,0,0,2,2004/05/09 00:00:00+00,5/9/2004,Mid-Block (not related to intersection),14,"MOTOR VEHICLE STRUCK MOTOR VEHICLE, REAR END",,0,Clear,Dry,Daylight,,4130004.0,,32,One parked--one moving,0,0,N
9508,2,-122.3146497,47.57188856,11939,25327,25327,1772727,Matched,Block,,S COLUMBIAN WAY BETWEEN 14TH AVE S AND S SPOKANE ST,,,2,Injury Collision,Other,1,0,0,1,2004/04/23 00:00:00+00,4/23/2004 12:00:00 PM,Mid-Block (but intersection related),29,MOTOR VEHICLE OVERTURNED IN ROAD,,0,Overcast,Dry,Daylight,,4114018.0,Y,52,Vehicle overturned,0,0,N
9509,1,-122.2859557,47.52878069,11940,26389,26389,1779274,Matched,Block,,37TH AVE S BETWEEN S ROSE ST AND S THISTLE ST,,,1,Property Damage Only Collision,Parked Car,2,0,0,2,2004/12/08 00:00:00+00,12/8/2004,Mid-Block (not related to intersection),13,"MOTOR VEHICLE STRUCK MOTOR VEHICLE, LEFT SIDE AT ANGLE",,0,Raining,Wet,Dark - Street Lights On,,4343049.0,,32,One parked--one moving,0,0,N
9510,2,-122.3208265,47.61698594,11941,26467,26467,1772087,Matched,Block,,BROADWAY BETWEEN XW E OLIVE ST AND E HOWELL ST,,,2,Injury Collision,Rear Ended,5,0,0,2,2004/04/17 00:00:00+00,4/17/2004 12:04:00 PM,Mid-Block (but intersection related),14,"MOTOR VEHICLE STRUCK MOTOR VEHICLE, REAR END",,0,Clear,Dry,Daylight,,4108027.0,,14,From same direction - both going straight - one stopped - rear-end,0,0,N
9511,1,-122.3324513,47.60726631,11942,25586,25586,1213014,Matched,Intersection,29933.0,5TH AVE AND SPRING ST,,,1,Property Damage Only Collision,Left Turn,2,0,0,2,2004/09/02 00:00:00+00,9/2/2004,At Intersection (intersection related),11,"MOTOR VEHICLE STRUCK MOTOR VEHICLE, FRONT END AT ANGLE",,0,Clear,Dry,Dark - Street Lights On,,4246014.0,,15,From same direction - one left turn - one straight,0,0,N
9512,1,-122.3341865,47.5996259,11943,26777,26777,1319800,Matched,Block,,1ST AVE S BETWEEN S MAIN ST AND S JACKSON ST,,,1,Property Damage Only Collision,Rear Ended,3,0,0,2,2004/04/05 00:00:00+00,4/5/2004,Mid-Block (but intersection related),14,"MOTOR VEHICLE STRUCK MOTOR VEHICLE, REAR END",,0,Clear,Dry,Daylight,,4096026.0,,14,From same direction - both going straight - one stopped - rear-end,0,0,N
9513,1,,,11945,25218,25218,1774596,Matched,Alley,,,,,1,Property Damage Only Collision,Other,1,0,0,1,2004/02/26 00:00:00+00,2/26/2004 1:03:00 PM,Mid-Block (not related to intersection),0,NOT ENOUGH INFORMATION / NOT APPLICABLE,,0,Clear,Sand/Mud/Dirt,Daylight,,4057036.0,,50,Fixed object,0,0,N
9514,1,-122.37387759999999,47.63767881,11946,26451,26451,1069509,Matched,Block,,13TH AVE W BETWEEN W NEWTON ST AND W BOSTON ST,,,1,Property Damage Only Collision,Parked Car,2,0,0,2,2004/11/29 00:00:00+00,11/29/2004 2:00:00 AM,Mid-Block (not related to intersection),16,"MOTOR VEHICLE STRUCK MOTOR VEHICLE, LEFT SIDE SIDESWIPE",,0,Clear,Dry,Dark - Street Lights On,,4334032.0,,32,One parked--one moving,0,0,N
9515,1,-122.38179440000002,47.66397025,11947,25984,25984,1773890,Matched,Intersection,25177.0,SHILSHOLE AVE NW AND NW DOCK PL,,,1,Property Damage Only Collision,Left Turn,2,0,0,2,2004/02/23 00:00:00+00,2/23/2004 1:07:00 PM,At Intersection (intersection related),11,"MOTOR VEHICLE STRUCK MOTOR VEHICLE, FRONT END AT ANGLE",,0,Overcast,Wet,Daylight,,4054015.0,,28,From opposite direction - one left turn - one straight,0,0,N
9516,2,-122.30075819999999,47.68304743,11949,25275,25275,1782176,Matched,Intersection,24661.0,25TH AVE NE AND NE 75TH ST,,,2,Injury Collision,Pedestrian,2,1,0,1,2004/04/30 00:00:00+00,4/30/2004 2:41:00 PM,At Intersection (intersection related),24,MOTOR VEHCILE STRUCK PEDESTRIAN,,0,Clear,Dry,Daylight,,4121039.0,,0,Vehicle going straight hits pedestrian,0,0,N
9517,1,-122.2539216,47.50578756,11950,25895,25895,1793353,Matched,Block,,RENTON AVE S BETWEEN S BANGOR ST AND S HAZEL ST,,,1,Property Damage Only Collision,Rear Ended,2,0,0,2,2004/08/24 00:00:00+00,8/24/2004 5:15:00 PM,Mid-Block (but intersection related),14,"MOTOR VEHICLE STRUCK MOTOR VEHICLE, REAR END",,0,Raining,Wet,Dusk,,4237036.0,,14,From same direction - both going straight - one stopped - rear-end,0,0,N
9518,1,-122.31416740000002,47.6129174,11951,25313,25313,1217104,Matched,Intersection,29763.0,14TH AVE AND E UNION ST,,,1,Property Damage Only Collision,Left Turn,2,0,0,2,2004/07/28 00:00:00+00,7/28/2004 3:12:00 PM,At Intersection (intersection related),11,"MOTOR VEHICLE STRUCK MOTOR VEHICLE, FRONT END AT ANGLE",,0,Clear,Dry,Daylight,,4210017.0,,28,From opposite direction - one left turn - one straight,0,0,N
9519,2,-122.33295030000001,47.61452106,11952,26436,26436,1213669,Matched,Intersection,29870.0,9TH AVE AND OLIVE WAY,,,2,Injury Collision,Angles,3,0,0,2,2004/04/16 00:00:00+00,4/16/2004 2:16:00 PM,At Intersection (intersection related),11,"MOTOR VEHICLE STRUCK MOTOR VEHICLE, FRONT END AT ANGLE",,0,Clear,Dry,Daylight,,4107026.0,,10,Entering at angle,0,0,N
9520,2,-122.3018543,47.56019913,11953,26584,26584,1771659,Matched,Block,,S COLUMBIAN WAY BETWEEN S ANGELINE E ST AND S AMERICUS ST,,,2,Injury Collision,Rear Ended,3,0,0,2,2004/02/20 00:00:00+00,2/20/2004 3:22:00 PM,Driveway Junction,14,"MOTOR VEHICLE STRUCK MOTOR VEHICLE, REAR END",,0,Clear,Dry,Daylight,,4051025.0,,14,From same direction - both going straight - one stopped - rear-end,0,0,N
9521,1,-122.358805,47.52141853,11954,25934,25934,1781274,Matched,Block,,DELRIDGE WAY SW BETWEEN 20TH AVE SW AND SW BARTON ST,,,1,Property Damage Only Collision,Rear Ended,2,0,0,2,2004/08/13 00:00:00+00,8/13/2004 12:09:00 PM,Mid-Block (not related to intersection),14,"MOTOR VEHICLE STRUCK MOTOR VEHICLE, REAR END",,0,Clear,Dry,Daylight,,4226002.0,,14,From same direction - both going straight - one stopped - rear-end,0,0,N
9522,2,-122.3627314,47.70139041,11955,25826,25826,1773432,Matched,Block,,HOLMAN RD NW BETWEEN 6TH AVE NW AND 4TH AVE NW,,,2,Injury Collision,Cycles,2,0,1,1,2004/10/22 00:00:00+00,10/22/2004 6:50:00 AM,Driveway Junction,18,"MOTOR VEHICLE STRUCK PEDALCYCLIST, FRONT END AT ANGLE",,0,Overcast,Dry,Dawn,Y,4296004.0,,45,Vehicle - Pedalcyclist,0,0,N
9523,1,-122.326734,47.56700806,11956,25359,25359,1781604,Matched,Block,,6TH AVE S BETWEEN S DAKOTA ST AND S INDUSTRIAL WB WAY,,,1,Property Damage Only Collision,Other,1,0,0,1,2004/02/25 00:00:00+00,2/25/2004 6:24:00 PM,Mid-Block (not related to intersection),28,MOTOR VEHICLE RAN OFF ROAD - HIT FIXED OBJECT,,0,Clear,Wet,Dark - Street Lights On,,4056012.0,,50,Fixed object,0,0,N
9524,1,-122.3036048,47.58549756,11957,26387,26387,1779037,Matched,Intersection,31547.0,RAINIER AVE S AND S PLUM ST,,,1,Property Damage Only Collision,Angles,2,0,0,2,2004/02/26 00:00:00+00,2/26/2004 6:29:00 PM,At Intersection (intersection related),11,"MOTOR VEHICLE STRUCK MOTOR VEHICLE, FRONT END AT ANGLE",,0,Raining,Wet,Dark - Street Lights On,,4057022.0,,10,Entering at angle,0,0,N
9525,1,-122.3749082,47.5758206,11958,26424,26424,1797954,Matched,Block,,SW ADMIRAL WAY BETWEEN SW HANFORD E ST AND 34TH AVE SW,,,1,Property Damage Only Collision,Sideswipe,2,0,0,2,2004/12/06 00:00:00+00,12/6/2004,Mid-Block (not related to intersection),16,"MOTOR VEHICLE STRUCK MOTOR VEHICLE, LEFT SIDE SIDESWIPE",,0,Raining,Wet,Dark - Street Lights On,,4341021.0,,11,From same direction - both going straight - both moving - sideswipe,0,0,N
9526,2,-122.32708259999998,47.68139945,11959,26707,26707,1780337,Matched,Block,,EAST GREEN LAKE DR N BETWEEN 4TH AVE NE AND LATONA AVE NE,,,2,Injury Collision,Rear Ended,3,0,0,3,2004/01/10 00:00:00+00,1/10/2004 5:20:00 PM,Mid-Block (not related to intersection),14,"MOTOR VEHICLE STRUCK MOTOR VEHICLE, REAR END",Y,0,Overcast,Dry,Dark - Street Lights On,,4010034.0,,14,From same direction - both going straight - one stopped - rear-end,0,0,N
9527,2,-122.3485831,47.64941493,11960,25925,25925,1778545,Matched,Block,,N 34TH ST BETWEEN FREMONT AVE N AND TROLL AVE N,,,2,Injury Collision,Pedestrian,2,1,0,1,2004/04/08 00:00:00+00,4/8/2004,Mid-Block (not related to intersection),24,MOTOR VEHCILE STRUCK PEDESTRIAN,,0,Other,Unknown,Unknown,Y,4099039.0,,0,Vehicle going straight hits pedestrian,0,0,N
9528,2,-122.3333889,47.52679399,11961,25319,25319,1198127,Matched,Block,,S CLOVERDALE ST BETWEEN 1ST AVE S AND CLOVERDALE ST OFF RP,,,2,Injury Collision,Other,1,0,0,1,2004/11/17 00:00:00+00,11/17/2004 5:19:00 AM,Mid-Block (but intersection related),28,MOTOR VEHICLE RAN OFF ROAD - HIT FIXED OBJECT,,1,Fog/Smog/Smoke,Wet,Dark - Street Lights On,,4322034.0,Y,50,Fixed object,0,0,N
9529,2,-122.35935819999999,47.61978515,11963,25566,25566,1784602,Matched,Intersection,28663.0,2ND AVE W AND WESTERN AVE W,,,2,Injury Collision,Rear Ended,3,0,0,2,2004/08/05 00:00:00+00,8/5/2004,At Intersection (but not related to intersection),14,"MOTOR VEHICLE STRUCK MOTOR VEHICLE, REAR END",Y,0,Clear,Ice,Daylight,,4218023.0,,14,From same direction - both going straight - one stopped - rear-end,0,0,N
9530,2,-122.285758,47.6830439,11964,26604,26604,1782124,Matched,Block,,NE 75TH ST BETWEEN 39TH AVE NE AND 40TH AVE NE,,,2,Injury Collision,Rear Ended,5,0,0,2,2004/09/08 00:00:00+00,9/8/2004,Mid-Block (but intersection related),14,"MOTOR VEHICLE STRUCK MOTOR VEHICLE, REAR END",,0,Clear,Dry,Dark - Street Lights On,,4252009.0,,14,From same direction - both going straight - one stopped - rear-end,0,0,N
9531,1,-122.3423867,47.62030264,11965,24846,24846,1059907,Matched,Block,,DEXTER AVE N BETWEEN JOHN ST AND THOMAS ST,,,1,Property Damage Only Collision,Parked Car,2,0,0,2,2004/12/17 00:00:00+00,12/17/2004 7:30:00 AM,Mid-Block (not related to intersection),0,NOT ENOUGH INFORMATION / NOT APPLICABLE,,0,Overcast,Dry,Dawn,,4352051.0,,32,One parked--one moving,0,0,N
9532,1,-122.3707665,47.66365786,11966,25939,25939,1782079,Matched,Intersection,25455.0,11TH AVE NW AND NW LEARY WAY,,,1,Property Damage Only Collision,Angles,2,0,0,2,2004/06/09 00:00:00+00,6/9/2004,At Intersection (intersection related),11,"MOTOR VEHICLE STRUCK MOTOR VEHICLE, FRONT END AT ANGLE",,0,Clear,Dry,Daylight,,4161008.0,,10,Entering at angle,0,0,N
9533,1,-122.35545309999999,47.61860207,11968,26053,26053,1787286,Matched,Intersection,29717.0,1ST AVE AND DENNY WAY,,,1,Property Damage Only Collision,Angles,2,0,0,2,2004/06/26 00:00:00+00,6/26/2004 10:01:00 PM,At Intersection (intersection related),11,"MOTOR VEHICLE STRUCK MOTOR VEHICLE, FRONT END AT ANGLE",,0,Clear,Dry,Dark - Street Lights On,,4178021.0,,10,Entering at angle,0,0,N
9534,2,-122.3413732,47.65052266,11970,25458,25458,1782058,Matched,Intersection,26887.0,INTERLAKE AVE N AND N 36TH ST,,,2,Injury Collision,Angles,2,0,0,2,2004/09/13 00:00:00+00,9/13/2004 7:53:00 AM,At Intersection (intersection related),11,"MOTOR VEHICLE STRUCK MOTOR VEHICLE, FRONT END AT ANGLE",,0,Raining,Wet,Daylight,,4257044.0,,10,Entering at angle,0,0,N
9535,2,-122.3492745,47.53405331,11971,25816,25816,1798254,Matched,Intersection,34152.0,11TH AVE SW AND SW HOLDEN ST,,,2,Injury Collision,Left Turn,6,0,0,2,2004/07/25 00:00:00+00,7/25/2004 5:24:00 PM,At Intersection (intersection related),11,"MOTOR VEHICLE STRUCK MOTOR VEHICLE, FRONT END AT ANGLE",,0,Clear,Dry,Daylight,,4207033.0,,28,From opposite direction - one left turn - one straight,0,0,N
9536,1,-122.3005673,47.59677664,11972,25087,25087,1788586,Matched,Block,,S LANE ST BETWEEN 24TH N AVE S AND 25TH AVE S,,,1,Property Damage Only Collision,Other,1,0,0,1,2004/11/06 00:00:00+00,11/6/2004,Mid-Block (not related to intersection),28,MOTOR VEHICLE RAN OFF ROAD - HIT FIXED OBJECT,Y,0,Raining,Wet,Dark - Street Lights On,,4311006.0,,50,Fixed object,0,0,N
9537,1,-122.38149399999999,47.55654469,11973,26229,26229,1790503,Matched,Block,,FAUNTLEROY WAY SW BETWEEN SW HUDSON ST AND SW DAWSON ST,,,1,Property Damage Only Collision,Parked Car,2,0,0,2,2004/05/14 00:00:00+00,5/14/2004 11:19:00 PM,Mid-Block (not related to intersection),14,"MOTOR VEHICLE STRUCK MOTOR VEHICLE, REAR END",,0,Clear,Dry,Dark - Street Lights On,,4135019.0,,32,One parked--one moving,0,0,N
9538,1,-122.28226699999999,47.56414408,11974,26142,26142,1779592,Matched,Block,,S GENESEE ST BETWEEN CASCADIA AVE S AND 41ST AVE S,,,1,Property Damage Only Collision,Other,2,0,0,2,2004/02/26 00:00:00+00,2/26/2004 3:20:00 PM,Mid-Block (not related to intersection),11,"MOTOR VEHICLE STRUCK MOTOR VEHICLE, FRONT END AT ANGLE",,0,Overcast,Wet,Daylight,,4057031.0,,23,From same direction - all others,0,0,N
9539,1,-122.3309994,47.61827376,11975,26699,26699,1482389,Matched,Intersection,29173.0,STEWART ST AND YALE AVE,,,1,Property Damage Only Collision,Left Turn,3,0,0,2,2004/09/07 00:00:00+00,9/7/2004,At Intersection (intersection related),11,"MOTOR VEHICLE STRUCK MOTOR VEHICLE, FRONT END AT ANGLE",,0,Clear,Dry,Daylight,,4251006.0,,28,From opposite direction - one left turn - one straight,0,0,N
9540,2,-122.35171329999999,47.55941522,11976,26054,26054,1787915,Matched,Intersection,33048.0,SW EDMUNDS ST AND WEST MARGINAL WAY SW,,,2,Injury Collision,Right Turn,3,0,0,2,2004/04/24 00:00:00+00,4/24/2004 9:55:00 AM,At Intersection (intersection related),11,"MOTOR VEHICLE STRUCK MOTOR VEHICLE, FRONT END AT ANGLE",,0,Clear,Dry,Daylight,,4115008.0,,16,From same direction - one right turn - one straight,0,0,N
9541,1,-122.32954050000001,47.60240485,11977,26570,26570,1213453,Matched,Block,,4TH AVE BETWEEN DILLING WAY AND JEFFERSON ST,,,1,Property Damage Only Collision,Parked Car,3,0,0,2,2004/06/08 00:00:00+00,6/8/2004,Mid-Block (not related to intersection),11,"MOTOR VEHICLE STRUCK MOTOR VEHICLE, FRONT END AT ANGLE",,0,Clear,Dry,Dusk,,4160014.0,,20,One car leaving parked position,0,0,N
9542,1,-122.3683247,47.68987824,11978,26318,26318,1782763,Matched,Block,,9TH AVE NW BETWEEN NW 83RD N ST AND NW 85TH ST,,,1,Property Damage Only Collision,Parked Car,2,0,0,2,2004/06/15 00:00:00+00,6/15/2004 4:30:00 AM,Mid-Block (not related to intersection),11,"MOTOR VEHICLE STRUCK MOTOR VEHICLE, FRONT END AT ANGLE",,0,Unknown,Unknown,Unknown,,4167001.0,,32,One parked--one moving,0,0,N
9543,1,-122.3376419,47.60706703,11979,26747,26747,1796804,Matched,Block,,UNIVERSITY ST BETWEEN 1ST AVE AND 2ND AVE,,,1,Property Damage Only Collision,Parked Car,2,0,0,2,2004/12/20 00:00:00+00,12/20/2004 12:30:00 PM,Mid-Block (not related to intersection),11,"MOTOR VEHICLE STRUCK MOTOR VEHICLE, FRONT END AT ANGLE",,0,Clear,Dry,Daylight,,4355002.0,,32,One parked--one moving,0,0,N
9544,1,-122.3255288,47.61521875,11982,25252,25252,1799052,Matched,Intersection,29860.0,SUMMIT AVE AND E PINE ST,,,1,Property Damage Only Collision,Angles,2,0,0,2,2004/09/15 00:00:00+00,9/15/2004 9:07:00 AM,At Intersection (intersection related),11,"MOTOR VEHICLE STRUCK MOTOR VEHICLE, FRONT END AT ANGLE",,0,Overcast,Dry,Daylight,,4259017.0,,10,Entering at angle,0,0,N
9545,1,-122.34991000000001,47.69020582,11983,26401,26401,1080184,Matched,Block,,FREMONT AVE N BETWEEN N 84TH ST AND N 85TH ST,,,1,Property Damage Only Collision,Other,3,0,0,2,2004/07/29 00:00:00+00,7/29/2004 11:00:00 PM,Mid-Block (not related to intersection),26,MOTOR VEHICLE STRUCK OBJECT IN ROAD,,0,Clear,Dry,Dark - Street Lights On,,4211013.0,,23,From same direction - all others,0,0,N
9546,1,-122.3230807,47.67853537,11984,25432,25432,1773639,Matched,Block,,OSWEGO PL NE BETWEEN NE 68TH ST AND NE 70TH ST,,,1,Property Damage Only Collision,Parked Car,2,0,0,2,2004/04/29 00:00:00+00,4/29/2004 7:00:00 PM,Mid-Block (not related to intersection),12,"MOTOR VEHICLE STRUCK MOTOR VEHICLE, RIGHT SIDE AT ANGLE",,0,Clear,Dry,Unknown,,4120030.0,,32,One parked--one moving,0,0,N
9547,2,-122.3027665,47.60851268,11985,25452,25452,538773,Matched,Block,,23RD AVE BETWEEN E CHERRY ST AND E COLUMBIA ST,,,2,Injury Collision,Rear Ended,0,0,0,2,2004/03/08 00:00:00+00,3/8/2004,Mid-Block (not related to intersection),14,"MOTOR VEHICLE STRUCK MOTOR VEHICLE, REAR END",,0,Clear,Dry,Daylight,,4068008.0,,14,From same direction - both going straight - one stopped - rear-end,0,0,N
9548,1,-122.3628842,47.56018055,11986,25912,25912,1781706,Matched,Block,,DELRIDGE WAY SW BETWEEN SW ALASKA ST AND SW EDMUNDS ST,,,1,Property Damage Only Collision,Parked Car,3,0,0,3,2004/03/26 00:00:00+00,3/26/2004 9:17:00 AM,Mid-Block (not related to intersection),11,"MOTOR VEHICLE STRUCK MOTOR VEHICLE, FRONT END AT ANGLE",,0,Raining,Wet,Daylight,,4086034.0,,32,One parked--one moving,0,0,N
9549,1,-122.32075929999999,47.61067507,11988,26368,26368,1789770,Matched,Block,,BROADWAY BETWEEN MARION ST AND MADISON ST,,,1,Property Damage Only Collision,Sideswipe,2,0,0,2,2004/11/15 00:00:00+00,11/15/2004 10:45:00 AM,Mid-Block (not related to intersection),16,"MOTOR VEHICLE STRUCK MOTOR VEHICLE, LEFT SIDE SIDESWIPE",,0,Raining,Wet,Daylight,,4320032.0,,12,From same direction - both going straight - one stopped - sideswipe,0,0,N
9550,1,-122.3027757,47.60652169,11989,26130,26130,1217077,Matched,Block,,23RD AVE BETWEEN E JEFFERSON ST AND E JAMES ST,,,1,Property Damage Only Collision,Other,2,0,0,1,2004/07/25 00:00:00+00,7/25/2004 5:49:00 AM,Mid-Block (not related to intersection),28,MOTOR VEHICLE RAN OFF ROAD - HIT FIXED OBJECT,,0,Clear,Dry,Dawn,,4207012.0,,50,Fixed object,0,0,N
9551,1,-122.31548090000001,47.65982287,11991,25780,25780,1794688,Matched,Intersection,27075.0,12TH AVE NE AND NE 43RD ST,,,1,Property Damage Only Collision,Angles,2,0,0,2,2004/11/10 00:00:00+00,11/10/2004 12:43:00 PM,At Intersection (intersection related),11,"MOTOR VEHICLE STRUCK MOTOR VEHICLE, FRONT END AT ANGLE",,0,Overcast,Dry,Daylight,,4315013.0,,10,Entering at angle,0,0,N
9552,2,-122.3446511,47.70142998,11993,26859,26859,1781829,Matched,Intersection,37301.0,AURORA AVE N AND N 100TH ST,,,2,Injury Collision,Other,2,0,0,2,2004/05/05 00:00:00+00,5/5/2004,At Intersection (intersection related),11,"MOTOR VEHICLE STRUCK MOTOR VEHICLE, FRONT END AT ANGLE",,0,Clear,Dry,Daylight,,4126008.0,,21,One car entering driveway access,0,0,N
9553,1,-122.30276299999998,47.60901914,11995,26873,26873,1217034,Matched,Intersection,30052.0,23RD AVE AND E COLUMBIA ST,,,1,Property Damage Only Collision,Left Turn,2,0,0,2,2004/11/22 00:00:00+00,11/22/2004 9:02:00 AM,At Intersection (intersection related),11,"MOTOR VEHICLE STRUCK MOTOR VEHICLE, FRONT END AT ANGLE",,0,Overcast,Wet,Daylight,,4327039.0,,28,From opposite direction - one left turn - one straight,0,0,N
9554,2,-122.3126271,47.62318292,11996,25890,25890,1217016,Matched,Block,,15TH AVE E BETWEEN E REPUBLICAN S ST AND E REPUBLICAN N ST,,,2,Injury Collision,Rear Ended,3,0,0,2,2004/11/16 00:00:00+00,11/16/2004 4:15:00 PM,Mid-Block (but intersection related),14,"MOTOR VEHICLE STRUCK MOTOR VEHICLE, REAR END",,0,Overcast,Dry,Daylight,,4321021.0,,14,From same direction - both going straight - one stopped - rear-end,0,0,N