,SEVERITYCODE,X,Y,OBJECTID,INCKEY,COLDETKEY,REPORTNO,STATUS,ADDRTYPE,INTKEY,LOCATION,EXCEPTRSNCODE,EXCEPTRSNDESC,SEVERITYCODE.1,SEVERITYDESC,COLLISIONTYPE,PERSONCOUNT,PEDCOUNT,PEDCYLCOUNT,VEHCOUNT,INCDATE,INCDTTM,JUNCTIONTYPE,SDOT_COLCODE,SDOT_COLDESC,INATTENTIONIND,UNDERINFL,WEATHER,ROADCOND,LIGHTCOND,PEDROWNOTGRNT,SDOTCOLNUM,SPEEDING,ST_COLCODE,ST_COLDESC,SEGLANEKEY,CROSSWALKKEY,HITPARKEDCAR
9555,1,,,11997,25689,25689,1777235,Matched,Block,,BATTERY ST TUNNEL SB BETWEEN AURORA AVE N AND ALASKAN WY VI SB,,,1,Property Damage Only Collision,Other,1,0,0,1,2004/06/11 00:00:00+00,6/11/2004 7:16:00 AM,Mid-Block (not related to intersection),26,MOTOR VEHICLE STRUCK OBJECT IN ROAD,Y,0,Raining,Wet,Daylight,,4163007.0,,50,Fixed object,0,0,N
9556,1,-122.32140530000001,47.64561919,11998,27029,27029,1788692,Matched,Block,,E HAMLIN ST BETWEEN DEAD END 1 AND BROADWAY E,,,1,Property Damage Only Collision,Parked Car,2,0,0,2,2004/02/14 00:00:00+00,2/14/2004 9:00:00 PM,Mid-Block (not related to intersection),14,"MOTOR VEHICLE STRUCK MOTOR VEHICLE, REAR END",,0,Raining,Wet,Unknown,,4045002.0,,32,One parked--one moving,0,0,N
9557,1,-122.34455049999998,47.73412886,11999,25101,25101,1944574,Matched,Block,,N 145TH ST BETWEEN AURORA AVE N AND MIDVALE AVE N,,,1,Property Damage Only Collision,Rear Ended,2,0,0,2,2004/09/11 00:00:00+00,9/11/2004 12:49:00 PM,Mid-Block (but intersection related),14,"MOTOR VEHICLE STRUCK MOTOR VEHICLE, REAR END",,0,Clear,Dry,Daylight,,4255035.0,Y,13,From same direction - both going straight - both moving - rear-end,0,0,N
9558,1,-122.33326240000001,47.59239522,12001,26149,26149,1213419,Matched,Intersection,30551.0,OCCIDENTAL AVE S AND S ROYAL BROUGHAM WAY,,,1,Property Damage Only Collision,Left Turn,2,0,0,2,2004/10/11 00:00:00+00,10/11/2004 8:29:00 AM,At Intersection (intersection related),11,"MOTOR VEHICLE STRUCK MOTOR VEHICLE, FRONT END AT ANGLE",,0,Overcast,Dry,Daylight,,4285007.0,,15,From same direction - one left turn - one straight,0,0,N
9559,1,-122.3549221,47.66573003,12002,26994,26994,1773850,Matched,Block,,N 51ST ST BETWEEN GREENWOOD AVE N AND PHINNEY AVE N,,,1,Property Damage Only Collision,Parked Car,2,0,0,2,2004/08/29 00:00:00+00,8/29/2004 6:30:00 AM,Mid-Block (not related to intersection),13,"MOTOR VEHICLE STRUCK MOTOR VEHICLE, LEFT SIDE AT ANGLE",,0,Unknown,Unknown,Unknown,,4242013.0,,32,One parked--one moving,0,0,N
9560,2,-122.3321327,47.53414777,12003,25591,25591,1781164,Matched,Intersection,34281.0,WEST MARGINAL WAY S AND S HOLDEN ST,,,2,Injury Collision,Left Turn,3,0,0,3,2004/10/25 00:00:00+00,10/25/2004 5:00:00 AM,At Intersection (intersection related),11,"MOTOR VEHICLE STRUCK MOTOR VEHICLE, FRONT END AT ANGLE",,0,Clear,Dry,Dark - Street Lights On,,4299003.0,,28,From opposite direction - one left turn - one straight,0,0,N
9561,1,,,12004,26776,26776,1319749,Matched,Block,,WESTERN AV OFF RP BETWEEN ALASKAN WY VI NB AND BELL ST,,,1,Property Damage Only Collision,Rear Ended,2,0,0,2,2004/08/17 00:00:00+00,8/17/2004 2:50:00 PM,Mid-Block (not related to intersection),14,"MOTOR VEHICLE STRUCK MOTOR VEHICLE, REAR END",,0,Clear,Dry,Daylight,,4230004.0,,14,From same direction - both going straight - one stopped - rear-end,0,0,N
9562,1,-122.29877549999999,47.62312847,12008,26123,26123,1477598,Matched,Block,,26TH AVE E BETWEEN E MADISON ST AND E MERCER ST,,,1,Property Damage Only Collision,Parked Car,2,0,0,2,2004/07/21 00:00:00+00,7/21/2004 8:00:00 AM,Driveway Junction,13,"MOTOR VEHICLE STRUCK MOTOR VEHICLE, LEFT SIDE AT ANGLE",,0,Clear,Dry,Daylight,,4203031.0,,32,One parked--one moving,0,0,N
9563,1,-122.3346168,47.61382605,12009,26764,26764,1214079,Matched,Block,,OLIVE WAY BETWEEN 7TH AVE AND HOWELL ST,,,1,Property Damage Only Collision,Other,2,0,0,2,2004/05/20 00:00:00+00,5/20/2004 7:59:00 AM,Mid-Block (not related to intersection),11,"MOTOR VEHICLE STRUCK MOTOR VEHICLE, FRONT END AT ANGLE",,0,Clear,Dry,Daylight,,4141011.0,,23,From same direction - all others,0,0,N
9564,1,-122.3263615,47.57980935,12010,25569,25569,1313394,Matched,Block,,S LANDER ST BETWEEN 5TH PL S AND 6TH AVE S,,,1,Property Damage Only Collision,Parked Car,2,0,0,2,2004/03/10 00:00:00+00,3/10/2004 10:18:00 AM,Mid-Block (but intersection related),11,"MOTOR VEHICLE STRUCK MOTOR VEHICLE, FRONT END AT ANGLE",Y,0,Clear,Dry,Daylight,,4070007.0,,32,One parked--one moving,0,0,N
9565,1,-122.33200670000001,47.57140627,12011,25629,25629,1777121,Matched,Intersection,32341.0,2ND AVE S AND S SPOKANE SR ST,,,1,Property Damage Only Collision,Right Turn,2,0,0,2,2004/03/04 00:00:00+00,3/4/2004,At Intersection (intersection related),11,"MOTOR VEHICLE STRUCK MOTOR VEHICLE, FRONT END AT ANGLE",Y,0,Overcast,Dry,Daylight,,4064002.0,,16,From same direction - one right turn - one straight,0,0,N
9566,1,-122.34483429999999,47.71354798,12012,25315,25315,1218763,Matched,Block,,AURORA AVE N BETWEEN N 115TH ST AND N 117TH PL,,,1,Property Damage Only Collision,Other,3,0,0,2,2004/08/02 00:00:00+00,8/2/2004,Mid-Block (but intersection related),11,"MOTOR VEHICLE STRUCK MOTOR VEHICLE, FRONT END AT ANGLE",,0,Clear,Dry,Dark - Street Lights On,,4215036.0,,22,One car leaving driveway access,0,0,N
9567,2,-122.2834778,47.54157198,12013,26340,26340,1793103,Matched,Block,,M L KING JR WR WAY S BETWEEN S HOLLY ST AND S WILLOW ST,,,2,Injury Collision,Rear Ended,6,0,0,3,2004/07/09 00:00:00+00,7/9/2004,Mid-Block (not related to intersection),14,"MOTOR VEHICLE STRUCK MOTOR VEHICLE, REAR END",,0,Clear,Dry,Daylight,,4191047.0,,13,From same direction - both going straight - both moving - rear-end,0,0,N
9568,1,-122.34509709999999,47.73412843,12015,26866,26866,1794109,Matched,Intersection,35704.0,AURORA AVE N AND N 145TH ST,,,1,Property Damage Only Collision,Sideswipe,2,0,0,2,2004/10/15 00:00:00+00,10/15/2004 3:00:00 PM,At Intersection (intersection related),16,"MOTOR VEHICLE STRUCK MOTOR VEHICLE, LEFT SIDE SIDESWIPE",,0,Overcast,Dry,Daylight,,4289029.0,,11,From same direction - both going straight - both moving - sideswipe,0,0,N
9569,1,-122.31429409999998,47.57162520000001,12016,25930,25930,1771582,Matched,Block,,S SPOKANE ST BETWEEN S COLUMBIAN WAY AND HINDS PL S,,,1,Property Damage Only Collision,Rear Ended,2,0,0,2,2004/05/07 00:00:00+00,5/7/2004,Mid-Block (but intersection related),14,"MOTOR VEHICLE STRUCK MOTOR VEHICLE, REAR END",Y,0,Clear,Dry,Dark - Street Lights Off,,4128031.0,,14,From same direction - both going straight - one stopped - rear-end,0,0,N
9570,1,,,12017,25820,25820,1482604,Matched,Block,,BATTERY ST TUNNEL NB BETWEEN ALASKAN WY VI NB AND AURORA AVE N,,,1,Property Damage Only Collision,Other,1,0,0,1,2004/05/26 00:00:00+00,5/26/2004 9:22:00 AM,Mid-Block (not related to intersection),26,MOTOR VEHICLE STRUCK OBJECT IN ROAD,,0,Raining,Wet,Daylight,,4147017.0,,50,Fixed object,0,0,N
9571,1,-122.31324599999999,47.65683422,12018,25239,25239,1794530,Matched,Intersection,27105.0,UNIVERSITY WAY NE AND NE 41ST ST,,,1,Property Damage Only Collision,Angles,2,0,0,2,2004/10/16 00:00:00+00,10/16/2004 5:23:00 AM,At Intersection (intersection related),11,"MOTOR VEHICLE STRUCK MOTOR VEHICLE, FRONT END AT ANGLE",,0,Raining,Wet,Dark - Street Lights On,,4290039.0,,10,Entering at angle,0,0,N
9572,2,-122.33938,47.64921056,12019,26235,26235,1794855,Matched,Intersection,26900.0,CARR PL N AND N 35TH ST,,,2,Injury Collision,Cycles,2,0,1,1,2004/11/11 00:00:00+00,11/11/2004 5:18:00 PM,At Intersection (intersection related),51,PEDALCYCLIST STRUCK MOTOR VEHICLE FRONT END AT ANGLE,,0,Clear,Dry,Dusk,,4316026.0,,45,Vehicle - Pedalcyclist,0,0,N
9573,2,-122.3342152,47.55416618,12022,25507,25507,1787909,Matched,Intersection,33029.0,1ST AVE S AND S BRANDON ST,,,2,Injury Collision,Angles,2,0,0,2,2004/02/17 00:00:00+00,2/17/2004 8:00:00 AM,At Intersection (intersection related),11,"MOTOR VEHICLE STRUCK MOTOR VEHICLE, FRONT END AT ANGLE",,0,Overcast,Dry,Daylight,,4048002.0,,10,Entering at angle,0,0,N
9574,2,-122.34830490000002,47.63825595,12023,24919,24919,1181836,Matched,Intersection,28121.0,BIGELOW AVE N AND BOSTON ST,,,2,Injury Collision,Angles,3,0,0,2,2004/05/13 00:00:00+00,5/13/2004 3:00:00 PM,At Intersection (intersection related),11,"MOTOR VEHICLE STRUCK MOTOR VEHICLE, FRONT END AT ANGLE",,0,Clear,Dry,Daylight,,4134033.0,,10,Entering at angle,0,0,N
9575,2,-122.32617900000001,47.6613494,12026,26892,26892,1069626,Matched,Intersection,27181.0,THACKERAY PL NE AND NE 45TH ST,,,2,Injury Collision,Pedestrian,2,1,0,1,2004/10/24 00:00:00+00,10/24/2004 5:40:00 PM,At Intersection (intersection related),24,MOTOR VEHCILE STRUCK PEDESTRIAN,,0,Unknown,Unknown,Dusk,Y,4298032.0,,2,Vehicle turning left hits pedestrian,0,0,N
9576,1,-122.2700209,47.51715141,12028,25439,25439,1784159,Matched,Intersection,35485.0,51ST AVE S AND RENTON AVE S,,,1,Property Damage Only Collision,Angles,2,0,0,2,2004/12/04 00:00:00+00,12/4/2004,At Intersection (intersection related),11,"MOTOR VEHICLE STRUCK MOTOR VEHICLE, FRONT END AT ANGLE",,0,Raining,Wet,Dark - Street Lights On,,4339060.0,,10,Entering at angle,0,0,N
9577,1,,,12030,25801,25801,1482531,Matched,Block,,BATTERY ST TUN ON RP BETWEEN BELL ST AND ALASKAN WY VI NB,,,1,Property Damage Only Collision,Rear Ended,2,0,0,2,2004/04/23 00:00:00+00,4/23/2004 4:15:00 PM,Mid-Block (but intersection related),14,"MOTOR VEHICLE STRUCK MOTOR VEHICLE, REAR END",Y,0,Overcast,Dry,Daylight,,4114009.0,,14,From same direction - both going straight - one stopped - rear-end,0,0,N
9578,1,-122.3229892,47.60530451,12032,26075,26075,1472415,Matched,Intersection,29816.0,JEFFERSON ST AND TERRY AVE,,,1,Property Damage Only Collision,Angles,2,0,0,2,2004/03/11 00:00:00+00,3/11/2004 5:58:00 AM,At Intersection (intersection related),11,"MOTOR VEHICLE STRUCK MOTOR VEHICLE, FRONT END AT ANGLE",,0,Clear,Dry,Dawn,,4071003.0,,10,Entering at angle,0,0,N
9579,1,-122.37633799999999,47.55014223,12033,25425,25425,1774889,Matched,Intersection,32822.0,35TH AVE SW AND SW JUNEAU ST,,,1,Property Damage Only Collision,Left Turn,2,0,0,2,2004/04/14 00:00:00+00,4/14/2004 4:27:00 PM,At Intersection (intersection related),11,"MOTOR VEHICLE STRUCK MOTOR VEHICLE, FRONT END AT ANGLE",Y,0,Raining,Wet,Daylight,,4105011.0,,15,From same direction - one left turn - one straight,0,0,N
9580,1,-122.3554149,47.70146108,12036,25776,25776,1793925,Matched,Intersection,37396.0,GREENWOOD AVE N AND N 100TH ST,,,1,Property Damage Only Collision,Angles,4,0,0,3,2004/11/02 00:00:00+00,11/2/2004,At Intersection (intersection related),11,"MOTOR VEHICLE STRUCK MOTOR VEHICLE, FRONT END AT ANGLE",,0,Raining,Wet,Daylight,,4307013.0,,10,Entering at angle,0,0,N
9581,1,-122.3472943,47.64717249,12038,26172,26172,1788972,Matched,Block,,AURORA BR BETWEEN RAYE ST AND BRIDGE WAY N,,,1,Property Damage Only Collision,Rear Ended,2,0,0,2,2004/01/28 00:00:00+00,1/28/2004 7:45:00 AM,Mid-Block (not related to intersection),14,"MOTOR VEHICLE STRUCK MOTOR VEHICLE, REAR END",Y,0,Clear,Dry,Daylight,,4028039.0,,13,From same direction - both going straight - both moving - rear-end,0,0,N
9582,1,-122.3462673,47.64302097,12039,26582,26582,1783659,Matched,Block,,6TH AVE N BETWEEN HALLADAY ST AND RAYE LOWER ST,,,1,Property Damage Only Collision,Rear Ended,2,0,0,2,2004/11/17 00:00:00+00,11/17/2004 6:10:00 PM,Mid-Block (not related to intersection),14,"MOTOR VEHICLE STRUCK MOTOR VEHICLE, REAR END",,0,Clear,Dry,Dark - Street Lights On,,4322015.0,,14,From same direction - both going straight - one stopped - rear-end,0,0,N
9583,2,-122.3321327,47.53414777,12040,25936,25936,1781314,Matched,Intersection,34281.0,WEST MARGINAL WAY S AND S HOLDEN ST,,,2,Injury Collision,Left Turn,3,0,0,2,2004/08/15 00:00:00+00,8/15/2004 4:00:00 AM,At Intersection (intersection related),11,"MOTOR VEHICLE STRUCK MOTOR VEHICLE, FRONT END AT ANGLE",,0,Clear,Dry,Dark - Street Lights On,,4228008.0,,28,From opposite direction - one left turn - one straight,0,0,N
9584,1,-122.35147579999999,47.61513738,12041,25535,25535,1783451,Matched,Intersection,29683.0,CEDAR ST AND WESTERN AVE,,,1,Property Damage Only Collision,Right Turn,2,0,0,2,2004/07/20 00:00:00+00,7/20/2004 3:42:00 PM,At Intersection (intersection related),11,"MOTOR VEHICLE STRUCK MOTOR VEHICLE, FRONT END AT ANGLE",,0,Clear,Dry,Daylight,,4202024.0,,16,From same direction - one right turn - one straight,0,0,N
9585,2,-122.3565108,47.5173613,12042,25358,25358,1781440,Matched,Intersection,34911.0,17TH AVE SW AND SW ROXBURY ST,,,2,Injury Collision,Angles,2,0,0,2,2004/08/10 00:00:00+00,8/10/2004 12:35:00 AM,At Intersection (intersection related),11,"MOTOR VEHICLE STRUCK MOTOR VEHICLE, FRONT END AT ANGLE",,0,Clear,Dry,Dark - Street Lights On,,4223005.0,,10,Entering at angle,0,0,N
9586,1,-122.340864,47.51727685,12043,26239,26239,1795082,Matched,Block,,SW ROXBURY ST BETWEEN OLSON PL SW AND 5TH AVE SW,,,1,Property Damage Only Collision,Other,1,0,0,1,2004/10/08 00:00:00+00,10/8/2004,Mid-Block (but intersection related),26,MOTOR VEHICLE STRUCK OBJECT IN ROAD,,0,Raining,Wet,Daylight,,4282008.0,Y,50,Fixed object,0,0,N
9587,1,-122.28821059999999,47.56418493,12044,26430,26430,1779573,Matched,Block,,RAINIER AVE S BETWEEN S GENESEE N ST AND S GENESEE S ST,,,1,Property Damage Only Collision,Rear Ended,3,0,0,2,2004/06/20 00:00:00+00,6/20/2004 3:27:00 PM,Mid-Block (not related to intersection),14,"MOTOR VEHICLE STRUCK MOTOR VEHICLE, REAR END",Y,0,Clear,Dry,Daylight,,4172008.0,,14,From same direction - both going straight - one stopped - rear-end,0,0,N
9588,1,-122.36602340000002,47.67598535,12045,26563,26563,1080205,Matched,Intersection,24214.0,8TH AVE NW AND NW 65TH ST,,,1,Property Damage Only Collision,Cycles,2,0,1,1,2004/07/26 00:00:00+00,7/26/2004 2:48:00 PM,At Intersection (intersection related),18,"MOTOR VEHICLE STRUCK PEDALCYCLIST, FRONT END AT ANGLE",,0,Clear,Dry,Daylight,,4208015.0,,45,Vehicle - Pedalcyclist,0,0,N
9589,2,-122.3798217,47.58829362,12046,25789,25789,1781356,Matched,Block,,HARBOR AVE SW BETWEEN CALIFORNIA WAY SW AND FAIRMOUNT AVE SW,,,2,Injury Collision,Cycles,4,0,1,1,2004/05/23 00:00:00+00,5/23/2004 12:49:00 PM,Driveway Junction,18,"MOTOR VEHICLE STRUCK PEDALCYCLIST, FRONT END AT ANGLE",,0,Clear,Dry,Daylight,Y,4144007.0,,45,Vehicle - Pedalcyclist,0,0,N
9590,1,-122.35776340000001,47.52738877,12047,25062,25062,1790327,Matched,Block,,18TH AVE SW BETWEEN SW THISTLE ST AND SW CLOVERDALE ST,,,1,Property Damage Only Collision,Parked Car,2,0,0,2,2004/03/27 00:00:00+00,3/27/2004 8:39:00 AM,Mid-Block (not related to intersection),13,"MOTOR VEHICLE STRUCK MOTOR VEHICLE, LEFT SIDE AT ANGLE",,0,Overcast,Wet,Dark - Street Lights On,,4087008.0,,32,One parked--one moving,0,0,N
9591,1,-122.3274729,47.73408398,12048,26503,26503,1199049,Matched,Block,,NE 145TH ST BETWEEN 1ST AVE NE AND 4TH AVE NE,,,1,Property Damage Only Collision,Other,1,0,0,1,2004/04/10 00:00:00+00,4/10/2004 4:41:00 AM,Mid-Block (but intersection related),28,MOTOR VEHICLE RAN OFF ROAD - HIT FIXED OBJECT,,0,Clear,Dry,Dark - Street Lights On,,4101014.0,,50,Fixed object,0,0,N
9592,2,-122.34665159999999,47.6442657,12049,25417,25417,1213851,Matched,Block,,DEXTER AVE N BETWEEN HALLADAY ST AND 4TH S AVE N,,,2,Injury Collision,Other,3,0,0,2,2004/05/25 00:00:00+00,5/25/2004 9:43:00 AM,Driveway Junction,11,"MOTOR VEHICLE STRUCK MOTOR VEHICLE, FRONT END AT ANGLE",,0,Clear,Dry,Daylight,,4146026.0,,22,One car leaving driveway access,0,0,N
9593,1,-122.32100439999999,47.55335102,12052,25917,25917,582703,Matched,Intersection,33100.0,AIRPORT WAY S AND S LUCILE ST,,,1,Property Damage Only Collision,Left Turn,0,0,0,2,2004/01/28 00:00:00+00,1/28/2004 6:47:00 PM,At Intersection (intersection related),11,"MOTOR VEHICLE STRUCK MOTOR VEHICLE, FRONT END AT ANGLE",,0,Raining,Wet,Dark - Street Lights On,,4028001.0,,28,From opposite direction - one left turn - one straight,0,0,N
9594,1,-122.2991597,47.57967346,12054,26477,26477,1772863,Matched,Block,,RAINIER AVE S BETWEEN S BAYVIEW ST AND S MCCLELLAN ST,,,1,Property Damage Only Collision,Other,3,0,0,2,2004/07/26 00:00:00+00,7/26/2004 1:00:00 PM,Driveway Junction,16,"MOTOR VEHICLE STRUCK MOTOR VEHICLE, LEFT SIDE SIDESWIPE",,0,Clear,Dry,Daylight,,4208013.0,,21,One car entering driveway access,0,0,N
9595,1,-122.3290479,47.59193183,12055,26305,26305,1316785,Matched,Block,,4TH AVE S BETWEEN S ROYAL BROUGHAM WAY AND 4TH AVE NB OFF RP,,,1,Property Damage Only Collision,Sideswipe,2,0,0,2,2004/06/16 00:00:00+00,6/16/2004 10:17:00 PM,Mid-Block (not related to intersection),11,"MOTOR VEHICLE STRUCK MOTOR VEHICLE, FRONT END AT ANGLE",,0,Clear,Dry,Dark - Street Lights On,,4168012.0,,11,From same direction - both going straight - both moving - sideswipe,0,0,N
9596,1,-122.3402645,47.72867253,12057,25457,25457,1782050,Matched,Block,,N 137TH ST BETWEEN INTERLAKE AVE N AND ASHWORTH AVE N,,,1,Property Damage Only Collision,Other,1,0,0,1,2004/09/01 00:00:00+00,9/1/2004,Mid-Block (not related to intersection),28,MOTOR VEHICLE RAN OFF ROAD - HIT FIXED OBJECT,,1,Clear,Dry,Dark - Street Lights On,,4245026.0,,50,Fixed object,0,0,N
9597,1,-122.3446554,47.70179074,12059,25232,25232,1781809,Matched,Block,,AURORA AVE N BETWEEN N 100TH ST AND N 101ST ST,,,1,Property Damage Only Collision,Other,2,0,0,2,2004/06/14 00:00:00+00,6/14/2004 1:52:00 PM,Driveway Junction,11,"MOTOR VEHICLE STRUCK MOTOR VEHICLE, FRONT END AT ANGLE",,0,Clear,Dry,Daylight,,4166028.0,,22,One car leaving driveway access,0,0,N
9598,1,-122.30161299999999,47.63227855,12060,26370,26370,1789869,Matched,Intersection,29193.0,24TH AVE E AND E GALER ST,,,1,Property Damage Only Collision,Angles,2,0,0,2,2004/04/27 00:00:00+00,4/27/2004 6:09:00 PM,At Intersection (intersection related),11,"MOTOR VEHICLE STRUCK MOTOR VEHICLE, FRONT END AT ANGLE",,0,Clear,Wet,Daylight,,4118029.0,,10,Entering at angle,0,0,N
9599,1,-122.32042779999999,47.70221417,12061,25996,25996,1779975,Matched,Intersection,37483.0,8TH AVE NE AND NE 102ND ST,,,1,Property Damage Only Collision,Angles,2,0,0,2,2004/02/17 00:00:00+00,2/17/2004 7:45:00 AM,At Intersection (intersection related),11,"MOTOR VEHICLE STRUCK MOTOR VEHICLE, FRONT END AT ANGLE",,0,Overcast,Wet,Daylight,,4048003.0,,10,Entering at angle,0,0,N
9600,2,-122.302554,47.58409913,12062,26843,26843,1779622,Matched,Block,,RAINIER AVE S BETWEEN 23RD AVE S AND S WALKER ST,,,2,Injury Collision,Sideswipe,5,0,0,3,2004/10/21 00:00:00+00,10/21/2004 4:25:00 PM,Mid-Block (not related to intersection),16,"MOTOR VEHICLE STRUCK MOTOR VEHICLE, LEFT SIDE SIDESWIPE",,0,Clear,Dry,Daylight,,4295009.0,Y,11,From same direction - both going straight - both moving - sideswipe,0,0,N
9601,1,-122.36636580000001,47.72147936,12063,26342,26342,C649770,Matched,Intersection,35680.0,8TH AVE NW AND NW 127TH ST,,,1,Property Damage Only Collision,Angles,2,0,0,2,2004/12/16 00:00:00+00,12/16/2004 5:45:00 PM,At Intersection (intersection related),11,"MOTOR VEHICLE STRUCK MOTOR VEHICLE, FRONT END AT ANGLE",,0,Unknown,Unknown,Unknown,,4351038.0,,10,Entering at angle,0,0,N
9602,1,-122.3348537,47.60088453,12064,26572,26572,1776413,Matched,Block,,S WASHINGTON ST BETWEEN ALASKAN E RDWY WAY S AND 1ST AVE S,,,1,Property Damage Only Collision,Parked Car,10,0,0,2,2004/11/03 00:00:00+00,11/3/2004,Mid-Block (not related to intersection),16,"MOTOR VEHICLE STRUCK MOTOR VEHICLE, LEFT SIDE SIDESWIPE",,0,Clear,Dry,Dark - Street Lights On,,4308007.0,,19,One car entering parked position,0,0,N
9603,2,-122.3378176,47.61853058,12066,27021,27021,1482860,Matched,Block,,DENNY WAY BETWEEN WESTLAKE AVE AND TERRY AVE,,,2,Injury Collision,Head On,7,0,0,5,2004/06/11 00:00:00+00,6/11/2004 4:46:00 PM,Mid-Block (not related to intersection),11,"MOTOR VEHICLE STRUCK MOTOR VEHICLE, FRONT END AT ANGLE",,0,Clear,Dry,Daylight,,4163017.0,,24,From opposite direction - both moving - head-on,0,0,N
9604,1,-122.3479871,47.66075996,12067,24974,24974,1220423,Matched,Block,,N ALLEN PL BETWEEN LINDEN AVE N AND AURORA N AVE N,,,1,Property Damage Only Collision,Parked Car,2,0,0,2,2004/10/24 00:00:00+00,10/24/2004 12:30:00 AM,Mid-Block (not related to intersection),11,"MOTOR VEHICLE STRUCK MOTOR VEHICLE, FRONT END AT ANGLE",Y,0,Unknown,Unknown,Dark - Street Lights On,,4298023.0,,32,One parked--one moving,0,0,N
9605,1,-122.3252496,47.6794347,12068,27033,27033,1856394,Matched,Block,,NE RAVENNA WB BV BETWEEN NE 71ST ST AND WOODLAWN AVE NE,,,1,Property Damage Only Collision,Parked Car,5,0,0,3,2004/07/12 00:00:00+00,7/12/2004 7:36:00 PM,Mid-Block (not related to intersection),14,"MOTOR VEHICLE STRUCK MOTOR VEHICLE, REAR END",Y,0,Clear,Dry,Daylight,,4194041.0,,32,One parked--one moving,0,0,N
9606,1,-122.37339899999999,47.69789622,12069,25549,25549,1775485,Matched,Block,,NW 95TH ST BETWEEN 13TH AVE NW AND 14TH AVE NW,,,1,Property Damage Only Collision,Parked Car,2,0,0,2,2004/05/24 00:00:00+00,5/24/2004 1:00:00 PM,Mid-Block (not related to intersection),13,"MOTOR VEHICLE STRUCK MOTOR VEHICLE, LEFT SIDE AT ANGLE",,0,Unknown,Unknown,Unknown,,4145036.0,,32,One parked--one moving,0,0,N
9607,1,-122.35516489999999,47.51736038,12070,24831,24831,1790507,Matched,Intersection,35058.0,DELRIDGE WAY SW AND SW ROXBURY ST,,,1,Property Damage Only Collision,Left Turn,4,0,0,2,2004/08/04 00:00:00+00,8/4/2004,At Intersection (intersection related),11,"MOTOR VEHICLE STRUCK MOTOR VEHICLE, FRONT END AT ANGLE",,0,Clear,Dry,Dark - Street Lights On,,4217036.0,,28,From opposite direction - one left turn - one straight,0,0,N
9608,1,-122.3419595,47.610682000000004,12071,26256,26256,1771979,Matched,Block,,1ST AVE BETWEEN STEWART ST AND VIRGINIA ST,,,1,Property Damage Only Collision,Parked Car,2,0,0,2,2004/03/14 00:00:00+00,3/14/2004 8:00:00 PM,Mid-Block (not related to intersection),16,"MOTOR VEHICLE STRUCK MOTOR VEHICLE, LEFT SIDE SIDESWIPE",,0,Overcast,Dry,Unknown,,4074004.0,,32,One parked--one moving,0,0,N
9609,1,-122.31323400000001,47.6143061,12072,26156,26156,1789949,Matched,Block,,E MADISON ST BETWEEN E PIKE ST AND 15TH AVE,,,1,Property Damage Only Collision,Rear Ended,2,0,0,2,2004/07/13 00:00:00+00,7/13/2004 2:23:00 PM,Mid-Block (but intersection related),14,"MOTOR VEHICLE STRUCK MOTOR VEHICLE, REAR END",,0,Clear,Dry,Daylight,,4195032.0,,14,From same direction - both going straight - one stopped - rear-end,0,0,N
9610,1,-122.3254027,47.60626898,12073,25429,25429,1789827,Matched,Intersection,29942.0,9TH AVE AND CHERRY ST,,,1,Property Damage Only Collision,Angles,2,0,0,2,2004/01/22 00:00:00+00,1/22/2004 2:40:00 PM,At Intersection (intersection related),11,"MOTOR VEHICLE STRUCK MOTOR VEHICLE, FRONT END AT ANGLE",,0,Overcast,Dry,Daylight,,4022024.0,,10,Entering at angle,0,0,N
9611,2,-122.3294442,47.59239427,12074,25875,25875,1729815,Matched,Block,,S ROYAL BROUGHAM WAY BETWEEN 3RD AVE S AND 4TH AVE S,,,2,Injury Collision,Rear Ended,3,0,0,2,2004/01/29 00:00:00+00,1/29/2004 2:43:00 PM,Mid-Block (but intersection related),14,"MOTOR VEHICLE STRUCK MOTOR VEHICLE, REAR END",,0,Raining,Wet,Daylight,,4029017.0,,14,From same direction - both going straight - one stopped - rear-end,0,0,N
9612,1,-122.299971,47.6016628,12075,25907,25907,1180867,Matched,Intersection,30582.0,25TH AVE AND E YESLER WAY,,,1,Property Damage Only Collision,Angles,6,0,0,2,2004/02/10 00:00:00+00,2/10/2004 8:37:00 AM,At Intersection (intersection related),11,"MOTOR VEHICLE STRUCK MOTOR VEHICLE, FRONT END AT ANGLE",,0,Clear,Dry,Daylight,,4041004.0,,10,Entering at angle,0,0,N
9613,1,-122.30155959999999,47.68897687,12078,26135,26135,1212349,Matched,Block,,RAVENNA AVE NE BETWEEN NE 82ND ST AND NE 83RD ST,,,1,Property Damage Only Collision,Parked Car,2,0,0,2,2004/11/03 00:00:00+00,11/3/2004,Mid-Block (not related to intersection),16,"MOTOR VEHICLE STRUCK MOTOR VEHICLE, LEFT SIDE SIDESWIPE",,0,Overcast,Wet,Dark - Street Lights On,,4308024.0,,32,One parked--one moving,0,0,N
9614,1,-122.31319750000002,47.53426725,12079,26769,26769,1774894,Matched,Intersection,34391.0,16TH AVE S AND EAST MARGINAL WAY S,,,1,Property Damage Only Collision,Other,2,0,0,2,2004/05/06 00:00:00+00,5/6/2004,At Intersection (intersection related),28,MOTOR VEHICLE RAN OFF ROAD - HIT FIXED OBJECT,,0,Clear,Dry,Daylight,,4127033.0,,50,Fixed object,0,0,N