,SEVERITYCODE,X,Y,OBJECTID,INCKEY,COLDETKEY,REPORTNO,STATUS,ADDRTYPE,INTKEY,LOCATION,EXCEPTRSNCODE,EXCEPTRSNDESC,SEVERITYCODE.1,SEVERITYDESC,COLLISIONTYPE,PERSONCOUNT,PEDCOUNT,PEDCYLCOUNT,VEHCOUNT,INCDATE,INCDTTM,JUNCTIONTYPE,SDOT_COLCODE,SDOT_COLDESC,INATTENTIONIND,UNDERINFL,WEATHER,ROADCOND,LIGHTCOND,PEDROWNOTGRNT,SDOTCOLNUM,SPEEDING,ST_COLCODE,ST_COLDESC,SEGLANEKEY,CROSSWALKKEY,HITPARKEDCAR
9615,2,-122.3089014,47.66487154,12080,25135,25135,1080385,Matched,Block,,NE 50TH ST BETWEEN 17TH NB AVE NE AND 18TH AVE NE,,,2,Injury Collision,Rear Ended,3,0,0,2,2004/11/11 00:00:00+00,11/11/2004 3:29:00 PM,Mid-Block (not related to intersection),14,"MOTOR VEHICLE STRUCK MOTOR VEHICLE, REAR END",,0,Clear,Dry,Daylight,,4316017.0,,14,From same direction - both going straight - one stopped - rear-end,0,0,N
9616,1,-122.3448064,47.61646893,12081,25781,25781,C649374,Matched,Block,,BATTERY ST BETWEEN 4TH AVE AND 5TH AVE,,,1,Property Damage Only Collision,Rear Ended,2,0,0,2,2004/11/16 00:00:00+00,11/16/2004 6:15:00 PM,Mid-Block (not related to intersection),14,"MOTOR VEHICLE STRUCK MOTOR VEHICLE, REAR END",,0,Clear,Wet,Dark - Street Lights On,,4321035.0,,14,From same direction - both going straight - one stopped - rear-end,0,0,N
9617,1,-122.32468459999998,47.67941208,12082,24913,24913,1794125,Matched,Block,,WOODLAWN AVE NE BETWEEN NE RAVENNA WB BV AND NE 71ST ST,,,1,Property Damage Only Collision,Other,2,0,0,2,2004/12/03 00:00:00+00,12/3/2004,Mid-Block (not related to intersection),11,"MOTOR VEHICLE STRUCK MOTOR VEHICLE, FRONT END AT ANGLE",,0,Overcast,Dry,Daylight,,4338018.0,,23,From same direction - all others,0,0,N
9618,1,-122.3170757,47.64504884,12083,26569,26569,1213378,Matched,Block,,BOYER AVE E BETWEEN E EDGAR ST AND E HAMLIN ST,,,1,Property Damage Only Collision,Parked Car,2,0,0,2,2004/02/02 00:00:00+00,2/2/2004,Mid-Block (not related to intersection),0,NOT ENOUGH INFORMATION / NOT APPLICABLE,,0,Raining,Wet,Daylight,,4033013.0,,32,One parked--one moving,0,0,N
9619,1,-122.2662703,47.51793279,12084,26310,26310,1325968,Matched,Block,,53RD AVE S BETWEEN S FLETCHER ST AND S ROXBURY ST,,,1,Property Damage Only Collision,Parked Car,2,0,0,2,2004/06/12 00:00:00+00,6/12/2004 11:09:00 PM,Mid-Block (not related to intersection),13,"MOTOR VEHICLE STRUCK MOTOR VEHICLE, LEFT SIDE AT ANGLE",,0,Raining,Wet,Dark - Street Lights On,,4164029.0,,32,One parked--one moving,0,0,N
9620,1,-122.3488004,47.57141302,12085,26738,26738,1795462,Matched,Intersection,32204.0,11TH CR AVE SW AND SW SPOKANE ST,,,1,Property Damage Only Collision,Sideswipe,2,0,0,2,2004/12/02 00:00:00+00,12/2/2004,At Intersection (intersection related),11,"MOTOR VEHICLE STRUCK MOTOR VEHICLE, FRONT END AT ANGLE",,0,Clear,Dry,Dark - Street Lights On,,4337030.0,,26,From opposite direction - both going straight - sideswipe,0,0,N
9621,1,-122.35696259999999,47.63534934,12086,25759,25759,1777874,Matched,Block,,QUEEN ANNE AVE N BETWEEN BLAINE ST AND HOWE ST,,,1,Property Damage Only Collision,Parked Car,4,0,0,4,2004/11/11 00:00:00+00,11/11/2004 11:00:00 PM,Mid-Block (not related to intersection),11,"MOTOR VEHICLE STRUCK MOTOR VEHICLE, FRONT END AT ANGLE",,0,Clear,Dry,Dark - Street Lights On,,4316037.0,,32,One parked--one moving,0,0,N
9622,1,-122.33419599999999,47.58927175,12088,27027,27027,1788286,Matched,Block,,1ST AVE S BETWEEN S ATLANTIC ST AND S MASSACHUSETTS ST,,,1,Property Damage Only Collision,Parked Car,2,0,0,2,2004/02/20 00:00:00+00,2/20/2004 9:00:00 PM,Mid-Block (not related to intersection),14,"MOTOR VEHICLE STRUCK MOTOR VEHICLE, REAR END",,0,Clear,Dry,Dark - Street Lights On,,4051027.0,,32,One parked--one moving,0,0,N
9623,1,-122.30031129999999,47.58661805,12089,24955,24955,1779096,Matched,Block,,25TH AVE S BETWEEN S GRAND ST AND S HOLGATE ST,,,1,Property Damage Only Collision,Parked Car,2,0,0,2,2004/10/19 00:00:00+00,10/19/2004 3:00:00 PM,Mid-Block (not related to intersection),15,"MOTOR VEHICLE STRUCK MOTOR VEHICLE, RIGHT SIDE SIDESWIPE",,0,Other,Unknown,Daylight,,4293043.0,,32,One parked--one moving,0,0,N
9624,2,-122.3131018,47.66309179,12091,26152,26152,1773714,Matched,Intersection,25804.0,UNIVERSITY WAY NE AND NE 47TH ST,,,2,Injury Collision,Other,1,0,0,1,2004/07/19 00:00:00+00,7/19/2004 3:45:00 PM,At Intersection (intersection related),11,"MOTOR VEHICLE STRUCK MOTOR VEHICLE, FRONT END AT ANGLE",,0,Clear,Dry,Daylight,,4201011.0,,52,Vehicle overturned,0,0,N
9625,1,,,12093,25587,25587,1856304,Matched,Block,,1ST AV S ON RP BETWEEN ALASKAN WY VI NB AND 1ST N AVE S,,,1,Property Damage Only Collision,Rear Ended,3,0,0,2,2004/08/21 00:00:00+00,8/21/2004 4:14:00 PM,Mid-Block (not related to intersection),26,MOTOR VEHICLE STRUCK OBJECT IN ROAD,,0,Raining,Wet,Daylight,,4234005.0,,14,From same direction - both going straight - one stopped - rear-end,0,0,N
9626,1,,,12096,26358,26358,1784865,Matched,Block,,AURORA AVE N BETWEEN BATTERY ST TUNNEL NB AND THOMAS ST,,,1,Property Damage Only Collision,Other,2,0,0,2,2004/11/26 00:00:00+00,11/26/2004 8:10:00 PM,Mid-Block (not related to intersection),11,"MOTOR VEHICLE STRUCK MOTOR VEHICLE, FRONT END AT ANGLE",,0,Raining,Wet,Dark - No Street Lights,,4331007.0,,23,From same direction - all others,0,0,N
9627,1,-122.35540929999999,47.62392488,12098,27047,27047,1789491,Matched,Block,,1ST AVE N BETWEEN REPUBLICAN ST AND MERCER ST,,,1,Property Damage Only Collision,Parked Car,2,0,0,2,2004/01/18 00:00:00+00,1/18/2004 2:00:00 AM,Mid-Block (not related to intersection),12,"MOTOR VEHICLE STRUCK MOTOR VEHICLE, RIGHT SIDE AT ANGLE",,0,Unknown,Unknown,Dark - Street Lights On,,4018003.0,,32,One parked--one moving,0,0,N
9628,1,-122.2998807,47.63951983,12099,25265,25265,1216871,Matched,Block,,E LYNN ST BETWEEN 25TH E AVE E AND 26TH W AVE E,,,1,Property Damage Only Collision,Parked Car,2,0,0,2,2004/07/21 00:00:00+00,7/21/2004 6:40:00 PM,Mid-Block (not related to intersection),16,"MOTOR VEHICLE STRUCK MOTOR VEHICLE, LEFT SIDE SIDESWIPE",,0,Clear,Dry,Daylight,,4203034.0,,32,One parked--one moving,0,0,N
9629,2,-122.3025521,47.64280163,12100,25484,25484,1799133,Matched,Block,,EAST MONTLAKE PL E BETWEEN 24TH AVE E AND E ROANOKE ST,,,2,Injury Collision,Other,1,0,0,1,2004/10/05 00:00:00+00,10/5/2004,Mid-Block (not related to intersection),28,MOTOR VEHICLE RAN OFF ROAD - HIT FIXED OBJECT,,0,Raining,Wet,Dark - Street Lights On,,4279012.0,Y,50,Fixed object,0,0,N
9630,1,-122.3762111,47.67272422,12101,25052,25052,1782364,Matched,Block,,15TH AVE NW BETWEEN NW 60TH ST AND NW 61ST ST,,,1,Property Damage Only Collision,Rear Ended,2,0,0,2,2004/05/17 00:00:00+00,5/17/2004 1:12:00 PM,Mid-Block (not related to intersection),14,"MOTOR VEHICLE STRUCK MOTOR VEHICLE, REAR END",,0,Clear,Dry,Daylight,,4138027.0,,13,From same direction - both going straight - both moving - rear-end,0,0,N
9631,1,-122.3172267,47.59749957,12103,26164,26164,1069728,Matched,Intersection,30436.0,12TH AVE S AND S WELLER ST,,,1,Property Damage Only Collision,Left Turn,2,0,0,2,2004/11/29 00:00:00+00,11/29/2004 9:08:00 AM,At Intersection (intersection related),11,"MOTOR VEHICLE STRUCK MOTOR VEHICLE, FRONT END AT ANGLE",,0,Overcast,Dry,Daylight,,4334025.0,,28,From opposite direction - one left turn - one straight,0,0,N
9632,1,-122.32974399999999,47.60346437,12104,26732,26732,1785508,Matched,Block,,JAMES ST BETWEEN 4TH AVE AND 5TH AVE,,,1,Property Damage Only Collision,Other,2,0,0,2,2004/09/26 00:00:00+00,9/26/2004 1:59:00 AM,Mid-Block (not related to intersection),11,"MOTOR VEHICLE STRUCK MOTOR VEHICLE, FRONT END AT ANGLE",,0,Clear,Dry,Dark - Street Lights On,,4270008.0,,23,From same direction - all others,0,0,N
9633,2,-122.29892659999999,47.66091063,12105,25467,25467,1773720,Matched,Block,,MONTLAKE BLVD NE BETWEEN NE 45TH ST RP AND NE 45TH ST,,,2,Injury Collision,Sideswipe,2,0,0,2,2004/09/28 00:00:00+00,9/28/2004 2:46:00 PM,Mid-Block (not related to intersection),16,"MOTOR VEHICLE STRUCK MOTOR VEHICLE, LEFT SIDE SIDESWIPE",,0,Clear,Dry,Daylight,,4272026.0,,11,From same direction - both going straight - both moving - sideswipe,0,0,N
9634,1,-122.26393390000001,47.51997549,12106,25681,25681,C650881,Matched,Block,,RAINIER AVE S BETWEEN 54TH AVE S AND SEWARD PARK AVE S,,,1,Property Damage Only Collision,Other,2,0,0,2,2004/12/31 00:00:00+00,12/31/2004 12:00:00 PM,Driveway Junction,11,"MOTOR VEHICLE STRUCK MOTOR VEHICLE, FRONT END AT ANGLE",,0,Clear,Dry,Daylight,,4366035.0,,22,One car leaving driveway access,0,0,N
9635,1,-122.2891402,47.53305944,12107,25354,25354,1771656,Matched,Intersection,34584.0,BEACON WR AVE S AND S PORTLAND ST,,,1,Property Damage Only Collision,Angles,3,0,0,2,2004/02/17 00:00:00+00,2/17/2004 11:40:00 AM,At Intersection (intersection related),11,"MOTOR VEHICLE STRUCK MOTOR VEHICLE, FRONT END AT ANGLE",,0,Clear,Dry,Daylight,,4048020.0,,10,Entering at angle,0,0,N
9636,1,-122.33915559999998,47.56750438,12108,26384,26384,1795530,Matched,Block,,EAST MARGINAL NB WAY S BETWEEN DUWAMISH AVE S AND ALASKAN WY VI NB,,,1,Property Damage Only Collision,Other,2,0,0,2,2004/10/03 00:00:00+00,10/3/2004,Driveway Junction,11,"MOTOR VEHICLE STRUCK MOTOR VEHICLE, FRONT END AT ANGLE",,0,Overcast,Dry,Daylight,,4277002.0,,21,One car entering driveway access,0,0,N
9637,2,-122.3163345,47.66492767,12110,26704,26704,1779966,Matched,Intersection,25790.0,11TH AVE NE AND NE 50TH ST,,,2,Injury Collision,Rear Ended,2,0,0,2,2004/01/28 00:00:00+00,1/28/2004 1:50:00 PM,At Intersection (intersection related),14,"MOTOR VEHICLE STRUCK MOTOR VEHICLE, REAR END",,0,Overcast,Dry,Daylight,,4028023.0,,13,From same direction - both going straight - both moving - rear-end,0,0,N
9638,1,-122.3554386,47.62035192,12111,25352,25352,1783553,Matched,Block,,1ST AVE N BETWEEN JOHN ST AND THOMAS ST,,,1,Property Damage Only Collision,Parked Car,3,0,0,3,2004/08/25 00:00:00+00,8/25/2004 1:15:00 AM,Mid-Block (not related to intersection),14,"MOTOR VEHICLE STRUCK MOTOR VEHICLE, REAR END",,1,Raining,Wet,Dark - Street Lights On,,4238002.0,,32,One parked--one moving,0,0,N
9639,1,-122.3353731,47.61213646,12112,26065,26065,1776945,Matched,Intersection,29568.0,6TH AVE AND PINE ST,,,1,Property Damage Only Collision,Angles,5,0,0,2,2004/05/24 00:00:00+00,5/24/2004 9:42:00 PM,At Intersection (intersection related),11,"MOTOR VEHICLE STRUCK MOTOR VEHICLE, FRONT END AT ANGLE",Y,0,Clear,Dry,Dark - Street Lights On,,4145022.0,,10,Entering at angle,0,0,N
9640,1,-122.28410120000001,47.55645048,12116,25477,25477,1779242,Matched,Block,,RAINIER AVE S BETWEEN S HUDSON ST AND 39TH N AVE S,,,1,Property Damage Only Collision,Sideswipe,2,0,0,2,2004/03/09 00:00:00+00,3/9/2004,Mid-Block (not related to intersection),16,"MOTOR VEHICLE STRUCK MOTOR VEHICLE, LEFT SIDE SIDESWIPE",,0,Clear,Dry,Dark - Street Lights On,,4069001.0,,11,From same direction - both going straight - both moving - sideswipe,0,0,N
9641,2,-122.3252858,47.61848764,12119,25578,25578,1772342,Matched,Intersection,29160.0,SUMMIT AVE AND E DENNY WAY,,,2,Injury Collision,Angles,5,0,0,2,2004/06/27 00:00:00+00,6/27/2004 10:51:00 AM,At Intersection (intersection related),11,"MOTOR VEHICLE STRUCK MOTOR VEHICLE, FRONT END AT ANGLE",,0,Clear,Dry,Daylight,,4179028.0,,10,Entering at angle,0,0,N
9642,2,-122.31687350000001,47.60127311,12120,25739,25739,1320450,Matched,Block,,12TH AVE S BETWEEN E YESLER WAY AND BOREN AVE S,,,2,Injury Collision,Cycles,1,0,1,0,2004/04/26 00:00:00+00,4/26/2004 9:51:00 PM,Mid-Block (but intersection related),26,MOTOR VEHICLE STRUCK OBJECT IN ROAD,Y,0,Clear,Dry,Dark - Street Lights On,,4117019.0,,45,Vehicle - Pedalcyclist,0,0,N
9643,2,-122.3472943,47.64717249,12121,25810,25810,1931284,Matched,Block,,AURORA BR BETWEEN RAYE ST AND BRIDGE WAY N,,,2,Injury Collision,Rear Ended,4,0,0,2,2004/12/30 00:00:00+00,12/30/2004 12:27:00 PM,Mid-Block (not related to intersection),14,"MOTOR VEHICLE STRUCK MOTOR VEHICLE, REAR END",,0,Overcast,Wet,Daylight,,4365010.0,,13,From same direction - both going straight - both moving - rear-end,0,0,N
9644,1,-122.2821129,47.55120383,12122,25088,25088,C650051,Matched,Block,,S ORCAS ST BETWEEN 39TH AVE S AND 42ND AVE S,,,1,Property Damage Only Collision,Parked Car,2,0,0,2,2004/11/10 00:00:00+00,11/10/2004 3:25:00 AM,Mid-Block (not related to intersection),11,"MOTOR VEHICLE STRUCK MOTOR VEHICLE, FRONT END AT ANGLE",,0,Unknown,Dry,Unknown,,4315031.0,,32,One parked--one moving,0,0,N
9645,1,-122.27374109999998,47.54381502,12123,26094,26094,1779112,Matched,Block,,RAINIER AVE S BETWEEN S MORGAN ST AND S WARSAW ST,,,1,Property Damage Only Collision,Parked Car,2,0,0,2,2004/08/02 00:00:00+00,8/2/2004,Mid-Block (not related to intersection),16,"MOTOR VEHICLE STRUCK MOTOR VEHICLE, LEFT SIDE SIDESWIPE",,0,Clear,Dry,Unknown,,4215019.0,,32,One parked--one moving,0,0,N
9646,2,-122.31215490000001,47.68667653,12124,26417,26417,1780089,Matched,Intersection,24397.0,15TH AVE NE AND NE 80TH ST,,,2,Injury Collision,Angles,2,0,0,2,2004/04/27 00:00:00+00,4/27/2004 1:45:00 PM,At Intersection (intersection related),11,"MOTOR VEHICLE STRUCK MOTOR VEHICLE, FRONT END AT ANGLE",,0,Clear,Dry,Daylight,,4118011.0,,10,Entering at angle,0,0,N
9647,2,-122.345027,47.72776725,12125,26621,26621,1205174,Matched,Block,,AURORA AVE N BETWEEN N 135TH ST AND N 137TH ST,,,2,Injury Collision,Rear Ended,2,0,0,2,2004/05/17 00:00:00+00,5/17/2004 9:15:00 PM,Mid-Block (but intersection related),14,"MOTOR VEHICLE STRUCK MOTOR VEHICLE, REAR END",,1,Clear,Dry,Dusk,,4138013.0,,14,From same direction - both going straight - one stopped - rear-end,0,0,N
9648,1,-122.3380869,47.65315583,12126,25648,25648,1329241,Matched,Block,,N 38TH ST BETWEEN WOODLAWN N AVE N AND DENSMORE AVE N,,,1,Property Damage Only Collision,Parked Car,2,0,0,2,2004/02/10 00:00:00+00,2/10/2004 12:01:00 AM,Mid-Block (but intersection related),14,"MOTOR VEHICLE STRUCK MOTOR VEHICLE, REAR END",,0,Clear,Dry,Unknown,,4041020.0,,32,One parked--one moving,0,0,N
9649,1,-122.31370770000001,47.66127317,12127,26450,26450,1794168,Matched,Block,,NE 45TH ST BETWEEN BROOKLYN AVE NE AND UNIVERSITY WAY NE,,,1,Property Damage Only Collision,Rear Ended,2,0,0,2,2004/11/02 00:00:00+00,11/2/2004,Mid-Block (not related to intersection),14,"MOTOR VEHICLE STRUCK MOTOR VEHICLE, REAR END",,0,Raining,Wet,Daylight,,4307012.0,,14,From same direction - both going straight - one stopped - rear-end,0,0,N
9650,2,-122.35119099999999,47.51733739,12128,26862,26862,1798449,Matched,Block,,SW ROXBURY ST BETWEEN 12TH AVE SW AND 13TH AVE SW,,,2,Injury Collision,Rear Ended,2,0,0,2,2004/09/15 00:00:00+00,9/15/2004 12:06:00 PM,Driveway Junction,14,"MOTOR VEHICLE STRUCK MOTOR VEHICLE, REAR END",,0,Overcast,Dry,Daylight,,4259001.0,,13,From same direction - both going straight - both moving - rear-end,0,0,N
9651,1,-122.33418970000001,47.59874964,12131,25887,25887,1216714,Matched,Block,,1ST AVE S BETWEEN S JACKSON ST AND S KING ST,,,1,Property Damage Only Collision,Parked Car,2,0,0,2,2004/09/08 00:00:00+00,9/8/2004,Mid-Block (not related to intersection),11,"MOTOR VEHICLE STRUCK MOTOR VEHICLE, FRONT END AT ANGLE",,0,Overcast,Wet,Dusk,,4252046.0,,32,One parked--one moving,0,0,N
9652,1,-122.3011793,47.6182864,12132,25839,25839,1198376,Matched,Block,,24TH AVE BETWEEN E HOWELL ST AND E DENNY WAY,,,1,Property Damage Only Collision,Parked Car,2,0,0,2,2004/11/07 00:00:00+00,11/7/2004,Mid-Block (not related to intersection),15,"MOTOR VEHICLE STRUCK MOTOR VEHICLE, RIGHT SIDE SIDESWIPE",,0,Unknown,Unknown,Unknown,,4312004.0,,32,One parked--one moving,0,0,N
9653,1,-122.3235647,47.72311934,12133,24966,24966,1930826,Matched,Intersection,35971.0,ROOSEVELT WAY NE AND NE 130TH N ST,,,1,Property Damage Only Collision,Sideswipe,3,0,0,2,2004/11/24 00:00:00+00,11/24/2004 2:42:00 PM,At Intersection (intersection related),16,"MOTOR VEHICLE STRUCK MOTOR VEHICLE, LEFT SIDE SIDESWIPE",,0,Raining,Wet,Daylight,,4329037.0,,81,Same direction -- both turning left -- both moving -- sideswipe,0,0,N
9654,1,-122.34721499999999,47.68657987,12134,26397,26397,1774020,Matched,Block,,LINDEN AVE N BETWEEN N 79TH ST AND N 80TH ST,,,1,Property Damage Only Collision,Other,2,0,0,2,2004/03/24 00:00:00+00,3/24/2004 1:30:00 PM,Mid-Block (but intersection related),11,"MOTOR VEHICLE STRUCK MOTOR VEHICLE, FRONT END AT ANGLE",,0,Clear,Dry,Daylight,,4084035.0,,23,From same direction - all others,0,0,N
9655,1,-122.3199682,47.67949498,12135,26154,26154,1773777,Matched,Intersection,24460.0,8TH AVE NE AND NE 70TH ST ON RP,,,1,Property Damage Only Collision,Angles,3,0,0,2,2004/06/11 00:00:00+00,6/11/2004 4:02:00 PM,At Intersection (intersection related),11,"MOTOR VEHICLE STRUCK MOTOR VEHICLE, FRONT END AT ANGLE",,0,Overcast,Dry,Daylight,,4163029.0,,10,Entering at angle,0,0,N
9656,2,-122.3881895,47.69057507,12137,25728,25728,1793717,Matched,Block,,NW 85TH ST BETWEEN 24TH AVE NW AND 25TH AVE NW,,,2,Injury Collision,Rear Ended,3,0,0,2,2004/07/09 00:00:00+00,7/9/2004,Mid-Block (not related to intersection),14,"MOTOR VEHICLE STRUCK MOTOR VEHICLE, REAR END",,0,Overcast,Dry,Daylight,,4191021.0,,13,From same direction - both going straight - both moving - rear-end,0,0,N
9657,1,-122.359209,47.63088266,12139,25625,25625,1777046,Matched,Block,,2ND AVE W BETWEEN W COMSTOCK ST AND W LEE ST,,,1,Property Damage Only Collision,Parked Car,2,0,0,2,2004/05/23 00:00:00+00,5/23/2004 11:00:00 AM,Mid-Block (not related to intersection),14,"MOTOR VEHICLE STRUCK MOTOR VEHICLE, REAR END",,0,Unknown,Unknown,Unknown,,4144029.0,,32,One parked--one moving,0,0,N
9658,1,-122.31422409999999,47.66400406,12140,25182,25182,1931186,Matched,Block,,BROOKLYN AVE NE BETWEEN NE 47TH ST AND NE 50TH ST,,,1,Property Damage Only Collision,Sideswipe,2,0,0,2,2004/11/24 00:00:00+00,11/24/2004 4:16:00 PM,Mid-Block (not related to intersection),16,"MOTOR VEHICLE STRUCK MOTOR VEHICLE, LEFT SIDE SIDESWIPE",,0,Raining,Wet,Dark - Street Lights On,,4329033.0,,11,From same direction - both going straight - both moving - sideswipe,0,0,N
9659,1,-122.38213359999999,47.6701801,12141,26470,26470,1781928,Matched,Intersection,25138.0,20TH AVE NW AND NW 57TH ST,,,1,Property Damage Only Collision,Angles,2,0,0,2,2004/05/10 00:00:00+00,5/10/2004 2:05:00 PM,At Intersection (intersection related),11,"MOTOR VEHICLE STRUCK MOTOR VEHICLE, FRONT END AT ANGLE",,0,Raining,Wet,Daylight,,4131015.0,,10,Entering at angle,0,0,N
9660,1,-122.33865120000002,47.60733158,12143,25880,25880,1777581,Matched,Block,,1ST AVE BETWEEN UNIVERSITY ST AND UNION ST,,,1,Property Damage Only Collision,Sideswipe,3,0,0,2,2004/06/23 00:00:00+00,6/23/2004 5:05:00 PM,Mid-Block (not related to intersection),14,"MOTOR VEHICLE STRUCK MOTOR VEHICLE, REAR END",,0,Clear,Dry,Daylight,,4175012.0,,11,From same direction - both going straight - both moving - sideswipe,0,0,N
9661,1,-122.3444872,47.6821523,12144,25669,25669,1782064,Matched,Intersection,24313.0,AURORA AVE N AND KEEN WAY N,,,1,Property Damage Only Collision,Parked Car,3,0,0,2,2004/09/15 00:00:00+00,9/15/2004 12:08:00 AM,At Intersection (intersection related),11,"MOTOR VEHICLE STRUCK MOTOR VEHICLE, FRONT END AT ANGLE",,1,Overcast,Wet,Dark - Street Lights On,,4259023.0,,32,One parked--one moving,0,0,N
9662,1,-122.34630609999999,47.61973465,12145,25083,25083,C645985,Matched,Intersection,28932.0,JOHN ST AND TAYLOR AVE N,,,1,Property Damage Only Collision,Angles,2,0,0,2,2004/06/27 00:00:00+00,6/27/2004 4:30:00 PM,At Intersection (intersection related),11,"MOTOR VEHICLE STRUCK MOTOR VEHICLE, FRONT END AT ANGLE",,0,Clear,Dry,Daylight,,4179043.0,,10,Entering at angle,0,0,N
9663,2,-122.3203736,47.55272059,12146,26373,26373,1789122,Matched,Block,,AIRPORT WAY S BETWEEN S LUCILE ST AND CORSON AVE S,,,2,Injury Collision,Other,2,0,0,2,2004/07/11 00:00:00+00,7/11/2004 5:59:00 PM,Driveway Junction,14,"MOTOR VEHICLE STRUCK MOTOR VEHICLE, REAR END",Y,0,Clear,Dry,Daylight,,4193025.0,,21,One car entering driveway access,0,0,N
9664,1,-122.2991597,47.57967346,12147,26419,26419,1771673,Matched,Block,,RAINIER AVE S BETWEEN S BAYVIEW ST AND S MCCLELLAN ST,,,1,Property Damage Only Collision,Other,2,0,0,2,2004/11/26 00:00:00+00,11/26/2004 11:57:00 AM,Driveway Junction,11,"MOTOR VEHICLE STRUCK MOTOR VEHICLE, FRONT END AT ANGLE",,0,Overcast,Dry,Daylight,,4331020.0,,21,One car entering driveway access,0,0,N
9665,1,-122.39432009999999,47.6758951,12149,26447,26447,1794003,Matched,Block,,NW 65TH ST BETWEEN 28TH AVE NW AND 30TH AVE NW,,,1,Property Damage Only Collision,Parked Car,2,0,0,2,2004/08/25 00:00:00+00,8/25/2004 6:50:00 AM,Mid-Block (not related to intersection),11,"MOTOR VEHICLE STRUCK MOTOR VEHICLE, FRONT END AT ANGLE",,0,Overcast,Wet,Daylight,,4238028.0,,20,One car leaving parked position,0,0,N
9666,1,-122.3561067,47.61860457,12150,26575,26575,1776993,Matched,Block,,DENNY WAY BETWEEN QUEEN ANNE AVE N AND 1ST AVE,,,1,Property Damage Only Collision,Rear Ended,4,0,0,3,2004/02/22 00:00:00+00,2/22/2004 5:12:00 PM,Mid-Block (but intersection related),14,"MOTOR VEHICLE STRUCK MOTOR VEHICLE, REAR END",,0,Clear,Dry,Daylight,,4053010.0,,14,From same direction - both going straight - one stopped - rear-end,0,0,N
9667,1,-122.3208637,47.61932228,12151,26184,26184,1482619,Matched,Block,,BROADWAY E BETWEEN E DENNY WAY AND E OLIVE WAY,,,1,Property Damage Only Collision,Parked Car,2,0,0,2,2004/05/28 00:00:00+00,5/28/2004 9:50:00 PM,Mid-Block (not related to intersection),14,"MOTOR VEHICLE STRUCK MOTOR VEHICLE, REAR END",,0,Raining,Wet,Dark - Street Lights On,,4149029.0,,32,One parked--one moving,0,0,N
9668,2,-122.35979840000002,47.52469497,12152,26602,26602,1798255,Matched,Block,,SW TRENTON ST BETWEEN 20TH AVE SW AND DELRIDGE WAY SW,,,2,Injury Collision,Rear Ended,3,0,0,2,2004/07/26 00:00:00+00,7/26/2004 4:21:00 PM,Mid-Block (not related to intersection),14,"MOTOR VEHICLE STRUCK MOTOR VEHICLE, REAR END",,0,Clear,Dry,Daylight,,4208007.0,,14,From same direction - both going straight - one stopped - rear-end,0,0,N
9669,2,-122.3609466,47.72507634,12153,25259,25259,1204823,Matched,Intersection,35618.0,3RD AVE NW AND NW 132ND ST,,,2,Injury Collision,Left Turn,3,0,0,2,2004/02/23 00:00:00+00,2/23/2004 6:04:00 PM,At Intersection (intersection related),11,"MOTOR VEHICLE STRUCK MOTOR VEHICLE, FRONT END AT ANGLE",,0,Clear,Dry,Dark - Street Lights On,,4054016.0,,28,From opposite direction - one left turn - one straight,0,0,N
9670,1,-122.35674669999999,47.61977326,12154,25691,25691,1777373,Matched,Intersection,28661.0,JOHN ST AND QUEEN ANNE AVE N,,,1,Property Damage Only Collision,Angles,2,0,0,2,2004/02/10 00:00:00+00,2/10/2004 4:47:00 PM,At Intersection (intersection related),11,"MOTOR VEHICLE STRUCK MOTOR VEHICLE, FRONT END AT ANGLE",,0,Clear,Dry,Daylight,,4041011.0,,10,Entering at angle,0,0,N
9671,1,-122.3499054,47.68693908,12156,26113,26113,1220233,Matched,Intersection,24284.0,FREMONT AVE N AND N 80TH ST,,,1,Property Damage Only Collision,Angles,5,0,0,2,2004/08/19 00:00:00+00,8/19/2004 9:35:00 AM,At Intersection (intersection related),11,"MOTOR VEHICLE STRUCK MOTOR VEHICLE, FRONT END AT ANGLE",,0,Clear,Dry,Daylight,,4232029.0,,10,Entering at angle,0,0,N
9672,1,-122.36591010000001,47.55012587,12158,25850,25850,1781284,Matched,Block,,SW JUNEAU ST BETWEEN 26TH AVE SW AND DEAD END,,,1,Property Damage Only Collision,Parked Car,2,0,0,2,2004/03/10 00:00:00+00,3/10/2004 9:28:00 PM,Mid-Block (not related to intersection),28,MOTOR VEHICLE RAN OFF ROAD - HIT FIXED OBJECT,,1,Clear,Dry,Dark - Street Lights On,,4070039.0,,32,One parked--one moving,0,0,N
9673,2,-122.3340067,47.6159486,12159,25731,25731,1213967,Matched,Block,,STEWART ST BETWEEN 9TH AVE AND TERRY AVE,,,2,Injury Collision,Pedestrian,2,1,0,1,2004/10/02 00:00:00+00,10/2/2004,Mid-Block (not related to intersection),24,MOTOR VEHCILE STRUCK PEDESTRIAN,,0,Clear,Dry,Daylight,,4276011.0,,3,Vehicle backing hits pedestrian,0,0,N
9674,1,-122.33327120000001,47.60396425,12160,26926,26926,1782915,Matched,Block,,COLUMBIA ST BETWEEN 2ND AVE AND 3RD AVE,,,1,Property Damage Only Collision,Parked Car,2,0,0,2,2004/03/23 00:00:00+00,3/23/2004 1:00:00 PM,Mid-Block (not related to intersection),15,"MOTOR VEHICLE STRUCK MOTOR VEHICLE, RIGHT SIDE SIDESWIPE",Y,0,Clear,Dry,Daylight,,4083032.0,,32,One parked--one moving,0,0,N