,SEVERITYCODE,X,Y,OBJECTID,INCKEY,COLDETKEY,REPORTNO,STATUS,ADDRTYPE,INTKEY,LOCATION,EXCEPTRSNCODE,EXCEPTRSNDESC,SEVERITYCODE.1,SEVERITYDESC,COLLISIONTYPE,PERSONCOUNT,PEDCOUNT,PEDCYLCOUNT,VEHCOUNT,INCDATE,INCDTTM,JUNCTIONTYPE,SDOT_COLCODE,SDOT_COLDESC,INATTENTIONIND,UNDERINFL,WEATHER,ROADCOND,LIGHTCOND,PEDROWNOTGRNT,SDOTCOLNUM,SPEEDING,ST_COLCODE,ST_COLDESC,SEGLANEKEY,CROSSWALKKEY,HITPARKEDCAR
9675,1,-122.32313570000001,47.67435207,12161,25947,25947,1793827,Matched,Block,,NE 63RD ST BETWEEN 5TH AVE NE AND HILLMAN PL NE,,,1,Property Damage Only Collision,Parked Car,3,0,0,3,2004/07/30 00:00:00+00,7/30/2004 3:05:00 AM,Mid-Block (not related to intersection),14,"MOTOR VEHICLE STRUCK MOTOR VEHICLE, REAR END",,0,Clear,Dry,Dark - No Street Lights,,4212040.0,,32,One parked--one moving,0,0,N
9676,1,-122.30894679999999,47.66125929,12162,25074,25074,1775909,Matched,Block,,NE 45TH ST BETWEEN 17TH NB AVE NE AND 18TH AVE NE,,,1,Property Damage Only Collision,Sideswipe,3,0,0,3,2004/01/12 00:00:00+00,1/12/2004 6:08:00 PM,Mid-Block (not related to intersection),14,"MOTOR VEHICLE STRUCK MOTOR VEHICLE, REAR END",,0,Raining,Wet,Dark - Street Lights On,,4012006.0,,11,From same direction - both going straight - both moving - sideswipe,0,0,N
9677,2,-122.31687920000002,47.70855484,12163,26458,26458,1774437,Matched,Block,,NE NORTHGATE WAY BETWEEN ROOSEVELT WAY NE AND 11TH AVE NE,,,2,Injury Collision,Rear Ended,3,0,0,2,2004/11/23 00:00:00+00,11/23/2004 4:55:00 PM,Mid-Block (not related to intersection),14,"MOTOR VEHICLE STRUCK MOTOR VEHICLE, REAR END",,0,Raining,Wet,Dark - Street Lights On,,4328022.0,,14,From same direction - both going straight - one stopped - rear-end,0,0,N
9678,2,-122.3046125,47.645975,12164,26407,26407,1798954,Matched,Block,,MONTLAKE BLVD E BETWEEN E HAMLIN ST AND E SHELBY ST,,,2,Injury Collision,Rear Ended,3,0,0,3,2004/08/25 00:00:00+00,8/25/2004 12:58:00 PM,Mid-Block (not related to intersection),14,"MOTOR VEHICLE STRUCK MOTOR VEHICLE, REAR END",,0,Clear,Dry,Daylight,,4238044.0,,13,From same direction - both going straight - both moving - rear-end,0,0,N
9679,2,-122.31353600000001,47.59311104,12165,26903,26903,1772405,Matched,Block,,STURGUS AVE S BETWEEN S CHARLES ST AND S JUDKINS ST,,,2,Injury Collision,Parked Car,2,0,0,2,2004/05/28 00:00:00+00,5/28/2004 11:28:00 AM,Mid-Block (not related to intersection),14,"MOTOR VEHICLE STRUCK MOTOR VEHICLE, REAR END",,0,Clear,Dry,Daylight,,4149055.0,,32,One parked--one moving,0,0,N
9680,2,-122.2621818,47.52019046,12167,25641,25641,1779656,Matched,Block,,RAINIER AVE S BETWEEN SEWARD PARK AVE S AND 57TH AVE S,,,2,Injury Collision,Rear Ended,2,0,0,2,2004/02/27 00:00:00+00,2/27/2004 2:35:00 PM,Mid-Block (but intersection related),14,"MOTOR VEHICLE STRUCK MOTOR VEHICLE, REAR END",,1,Clear,Dry,Daylight,,4058001.0,,14,From same direction - both going straight - one stopped - rear-end,0,0,N
9681,1,-122.3045906,47.64824143,12169,26567,26567,1212346,Matched,Block,,MONTLAKE BR BETWEEN POINT A AND NE PACIFIC ST,,,1,Property Damage Only Collision,Head On,2,0,0,2,2004/10/08 00:00:00+00,10/8/2004,Mid-Block (not related to intersection),11,"MOTOR VEHICLE STRUCK MOTOR VEHICLE, FRONT END AT ANGLE",,0,Raining,Wet,Dark - Street Lights On,,4282081.0,Y,24,From opposite direction - both moving - head-on,0,0,N
9682,1,-122.33998270000001,47.57871215,12170,26438,26438,1213861,Matched,Block,,EAST MARGINAL WAY S BETWEEN S STACY ST AND S HANFORD ST,,,1,Property Damage Only Collision,Other,2,0,0,1,2004/07/04 00:00:00+00,7/4/2004,Driveway Junction,28,MOTOR VEHICLE RAN OFF ROAD - HIT FIXED OBJECT,,0,Clear,Dry,Daylight,,4186017.0,,50,Fixed object,0,0,N
9683,1,-122.2910185,47.68304844,12171,26593,26593,1080086,Matched,Block,,NE 75TH ST BETWEEN 34TH AVE NE AND 35TH AVE NE,,,1,Property Damage Only Collision,Left Turn,2,0,0,2,2004/08/24 00:00:00+00,8/24/2004 2:00:00 PM,Mid-Block (but intersection related),14,"MOTOR VEHICLE STRUCK MOTOR VEHICLE, REAR END",,0,Raining,Wet,Daylight,,4237045.0,,29,From opposite direction - one left turn - one right turn,0,0,N
9684,2,-122.34131550000001,47.732311100000004,12174,27030,27030,1782766,Matched,Intersection,35716.0,INTERLAKE AVE N AND N 143RD ST,,,2,Injury Collision,Angles,3,0,0,2,2004/06/29 00:00:00+00,6/29/2004 6:40:00 PM,At Intersection (intersection related),11,"MOTOR VEHICLE STRUCK MOTOR VEHICLE, FRONT END AT ANGLE",,0,Clear,Dry,Daylight,,4181007.0,,10,Entering at angle,0,0,N
9685,1,-122.28487790000001,47.57450552,12177,26461,26461,1786186,Matched,Block,,HUNTER ER BLVD S BETWEEN MOUNT RAINIER DR S AND S HORTON ST,,,1,Property Damage Only Collision,Parked Car,2,0,0,2,2004/02/08 00:00:00+00,2/8/2004,Mid-Block (not related to intersection),14,"MOTOR VEHICLE STRUCK MOTOR VEHICLE, REAR END",,0,Clear,Dry,Daylight,,4039015.0,,32,One parked--one moving,0,0,N
9686,1,-122.3394393,47.56341172,12178,26997,26997,1197833,Matched,Block,,EAST MARGINAL WAY S BETWEEN S IDAHO ST AND DIAGONAL AVE S,,,1,Property Damage Only Collision,Sideswipe,2,0,0,2,2004/12/20 00:00:00+00,12/20/2004 8:04:00 AM,Mid-Block (not related to intersection),16,"MOTOR VEHICLE STRUCK MOTOR VEHICLE, LEFT SIDE SIDESWIPE",,0,Clear,Dry,Daylight,,4355035.0,,11,From same direction - both going straight - both moving - sideswipe,0,0,N
9687,1,-122.33706609999999,47.53607235,12179,25860,25860,1317264,Matched,Block,,2ND AVE SW BETWEEN WEST MARGINAL WAY SW AND 2ND AV SW OFF RP,,,1,Property Damage Only Collision,Angles,2,0,0,2,2004/01/22 00:00:00+00,1/22/2004 8:14:00 PM,Mid-Block (but intersection related),11,"MOTOR VEHICLE STRUCK MOTOR VEHICLE, FRONT END AT ANGLE",,0,Raining,Wet,Dark - Street Lights On,,4022029.0,Y,10,Entering at angle,0,0,N
9688,1,-122.2794636,47.54970014,12180,25653,25653,1793082,Matched,Block,,S JUNEAU ST BETWEEN 42ND AVE S AND 44TH AVE S,,,1,Property Damage Only Collision,Parked Car,2,0,0,2,2004/06/08 00:00:00+00,6/8/2004,Mid-Block (not related to intersection),16,"MOTOR VEHICLE STRUCK MOTOR VEHICLE, LEFT SIDE SIDESWIPE",,0,Raining,Wet,Dark - Street Lights On,,4160042.0,,32,One parked--one moving,0,0,N
9689,2,-122.32076119999999,47.61211136,12181,24926,24926,1217230,Matched,Block,,BROADWAY BETWEEN HARVARD AVE AND E UNION ST,,,2,Injury Collision,Other,4,0,0,2,2004/08/21 00:00:00+00,8/21/2004 3:58:00 PM,Driveway Junction,11,"MOTOR VEHICLE STRUCK MOTOR VEHICLE, FRONT END AT ANGLE",,0,Raining,Wet,Daylight,,4234036.0,,22,One car leaving driveway access,0,0,N
9690,1,-122.3659647,47.65198248,12183,26121,26121,1059936,Matched,Block,,W NICKERSON ST BETWEEN 6TH AVE W AND 8TH AVE W,,,1,Property Damage Only Collision,Sideswipe,3,0,0,2,2004/12/19 00:00:00+00,12/19/2004 10:30:00 PM,Mid-Block (not related to intersection),16,"MOTOR VEHICLE STRUCK MOTOR VEHICLE, LEFT SIDE SIDESWIPE",,0,Clear,Wet,Dark - Street Lights On,,4354020.0,Y,11,From same direction - both going straight - both moving - sideswipe,0,0,N
9691,1,-122.26815890000002,47.52330258,12184,27042,27042,1779271,Matched,Block,,S HENDERSON ST BETWEEN RAINIER AVE S AND 53RD AVE S,,,1,Property Damage Only Collision,Parked Car,2,0,0,2,2004/09/15 00:00:00+00,9/15/2004 5:00:00 AM,Mid-Block (not related to intersection),14,"MOTOR VEHICLE STRUCK MOTOR VEHICLE, REAR END",,0,Overcast,Wet,Unknown,,4259022.0,,32,One parked--one moving,0,0,N
9692,2,-122.3450853,47.73306346,12186,25775,25775,1779814,Matched,Block,,AURORA AVE N BETWEEN N 143RD ST AND ROOSEVELT WAY N,,,2,Injury Collision,Other,5,0,0,2,2004/04/03 00:00:00+00,4/3/2004,Driveway Junction,11,"MOTOR VEHICLE STRUCK MOTOR VEHICLE, FRONT END AT ANGLE",,0,Clear,Dry,Daylight,,4094019.0,,21,One car entering driveway access,0,0,N
9693,2,-122.3467669,47.53012747,12188,26336,26336,1790251,Matched,Intersection,34991.0,9TH AVE SW AND SW ELMGROVE ST,,,2,Injury Collision,Angles,3,0,0,2,2004/03/07 00:00:00+00,3/7/2004,At Intersection (intersection related),11,"MOTOR VEHICLE STRUCK MOTOR VEHICLE, FRONT END AT ANGLE",,0,Overcast,Dry,Daylight,,4067002.0,,10,Entering at angle,0,0,N
9694,1,-122.39138940000001,47.68677769,12190,26581,26581,1782990,Matched,Block,,NW 80TH ST BETWEEN 27TH AVE NW AND EARL AVE NW,,,1,Property Damage Only Collision,Sideswipe,3,0,0,2,2004/05/20 00:00:00+00,5/20/2004 9:12:00 AM,Mid-Block (not related to intersection),16,"MOTOR VEHICLE STRUCK MOTOR VEHICLE, LEFT SIDE SIDESWIPE",,0,Clear,Dry,Daylight,,4141010.0,,26,From opposite direction - both going straight - sideswipe,0,0,N
9695,2,-122.324458,47.61409447,12191,25599,25599,1217165,Matched,Intersection,29876.0,BELMONT AVE AND E PIKE ST,,,2,Injury Collision,Pedestrian,2,1,0,1,2004/09/30 00:00:00+00,9/30/2004 3:00:00 PM,At Intersection (intersection related),24,MOTOR VEHCILE STRUCK PEDESTRIAN,,0,Clear,Dry,Daylight,Y,4274018.0,,1,Vehicle turning right hits pedestrian,0,0,N
9696,1,-122.3631854,47.53369768,12192,25818,25818,1798393,Matched,Intersection,33983.0,24TH AVE SW AND SW HOLDEN ST,,,1,Property Damage Only Collision,Angles,2,0,0,2,2004/11/14 00:00:00+00,11/14/2004 4:33:00 PM,At Intersection (intersection related),11,"MOTOR VEHICLE STRUCK MOTOR VEHICLE, FRONT END AT ANGLE",,0,Raining,Wet,Dusk,,4319015.0,,10,Entering at angle,0,0,N
9697,1,-122.3173142,47.54892946,12193,25355,25355,1781167,Matched,Block,,12TH AVE S BETWEEN S VALE ST AND S HARNEY ST,,,1,Property Damage Only Collision,Parked Car,2,0,0,2,2004/11/17 00:00:00+00,11/17/2004 9:00:00 AM,Mid-Block (not related to intersection),16,"MOTOR VEHICLE STRUCK MOTOR VEHICLE, LEFT SIDE SIDESWIPE",,0,Overcast,Dry,Daylight,,4322039.0,,32,One parked--one moving,0,0,N
9698,1,-122.3471456,47.53523508,12194,25965,25965,1197831,Matched,Block,,HIGHLAND PARK WAY SW BETWEEN SW OTHELLO ST AND SW HOLDEN N ST,,,1,Property Damage Only Collision,Head On,3,0,0,2,2004/12/04 00:00:00+00,12/4/2004,Mid-Block (not related to intersection),11,"MOTOR VEHICLE STRUCK MOTOR VEHICLE, FRONT END AT ANGLE",,0,Raining,Wet,Dark - Street Lights On,,4339066.0,Y,30,From opposite direction - all others,0,0,N
9699,2,-122.32588840000001,47.6420305,12195,26145,26145,1217326,Matched,Intersection,28303.0,EASTLAKE AVE E AND E LOUISA ST,,,2,Injury Collision,Cycles,3,0,1,1,2004/08/14 00:00:00+00,8/14/2004 6:47:00 PM,At Intersection (intersection related),18,"MOTOR VEHICLE STRUCK PEDALCYCLIST, FRONT END AT ANGLE",,0,Clear,Dry,Daylight,,4227010.0,,45,Vehicle - Pedalcyclist,0,0,N
9700,1,-122.35516489999999,47.51736038,12196,26837,26837,1480948,Matched,Intersection,35058.0,DELRIDGE WAY SW AND SW ROXBURY ST,,,1,Property Damage Only Collision,Left Turn,4,0,0,2,2004/11/20 00:00:00+00,11/20/2004 2:30:00 PM,At Intersection (intersection related),11,"MOTOR VEHICLE STRUCK MOTOR VEHICLE, FRONT END AT ANGLE",,0,Clear,Dry,Daylight,,4325011.0,,28,From opposite direction - one left turn - one straight,0,0,N
9701,1,-122.390161,47.56385348,12197,25061,25061,1790201,Matched,Block,,GLENN WAY SW BETWEEN SW GENESEE ST AND SW OREGON ST,,,1,Property Damage Only Collision,Parked Car,2,0,0,2,2004/04/11 00:00:00+00,4/11/2004 4:55:00 PM,Mid-Block (not related to intersection),16,"MOTOR VEHICLE STRUCK MOTOR VEHICLE, LEFT SIDE SIDESWIPE",,0,Other,Dry,Daylight,,4102007.0,,20,One car leaving parked position,0,0,N
9702,2,-122.32297630000001,47.68862824,12198,26499,26499,1795052,Matched,Intersection,24376.0,5TH AVE NE AND NE ELK PL,,,2,Injury Collision,Rear Ended,2,0,0,2,2004/10/01 00:00:00+00,10/1/2004,At Intersection (intersection related),14,"MOTOR VEHICLE STRUCK MOTOR VEHICLE, REAR END",Y,0,Clear,Dry,Daylight,,4275040.0,,14,From same direction - both going straight - one stopped - rear-end,0,0,N
9703,2,-122.3413239,47.61206453,12199,25416,25416,1213774,Matched,Block,,VIRGINIA ST BETWEEN 2ND AVE AND 3RD AVE,,,2,Injury Collision,Left Turn,2,0,0,2,2004/04/14 00:00:00+00,4/14/2004 9:42:00 PM,Mid-Block (but intersection related),16,"MOTOR VEHICLE STRUCK MOTOR VEHICLE, LEFT SIDE SIDESWIPE",,0,Clear,Dry,Dark - Street Lights On,,4105006.0,,15,From same direction - one left turn - one straight,0,0,N
9704,2,-122.29517779999999,47.57445453,12200,27017,27017,1793341,Matched,Block,,RAINIER AVE S BETWEEN S HANFORD ST AND S BYRON ST,,,2,Injury Collision,Rear Ended,2,0,0,2,2004/10/03 00:00:00+00,10/3/2004,Mid-Block (not related to intersection),14,"MOTOR VEHICLE STRUCK MOTOR VEHICLE, REAR END",,0,Clear,Dry,Daylight,,4277018.0,,14,From same direction - both going straight - one stopped - rear-end,0,0,N
9705,1,-122.287209,47.66137099,12201,25254,25254,1795003,Matched,Intersection,27396.0,SAND POINT WAY NE AND NE 45TH ST,,,1,Property Damage Only Collision,Angles,2,0,0,2,2004/09/16 00:00:00+00,9/16/2004 10:00:00 PM,At Intersection (intersection related),11,"MOTOR VEHICLE STRUCK MOTOR VEHICLE, FRONT END AT ANGLE",,0,Raining,Wet,Dark - Street Lights On,,4260053.0,,10,Entering at angle,0,0,N
9706,1,-122.36769450000001,47.628501799999995,12202,25918,25918,1478287,Matched,Block,,8 LOWER AVE W BETWEEN W OLYMPIC PL AND 8TH S AVE W,,,1,Property Damage Only Collision,Sideswipe,2,0,0,2,2004/12/04 00:00:00+00,12/4/2004,Mid-Block (but intersection related),11,"MOTOR VEHICLE STRUCK MOTOR VEHICLE, FRONT END AT ANGLE",,0,Raining,Wet,Dark - Street Lights On,,4339036.0,,27,From opposite direction - both going straight - one stopped - sideswipe,0,0,N
9707,1,-122.3814565,47.56018176,12205,25714,25714,C649266,Matched,Block,,FAUNTLEROY WAY SW BETWEEN SW ALASKA ST AND SW EDMUNDS ST,,,1,Property Damage Only Collision,Parked Car,2,0,0,2,2004/10/13 00:00:00+00,10/13/2004 4:30:00 PM,Mid-Block (not related to intersection),11,"MOTOR VEHICLE STRUCK MOTOR VEHICLE, FRONT END AT ANGLE",,0,Clear,Dry,Daylight,,4287042.0,,32,One parked--one moving,0,0,N
9708,1,-122.3339163,47.70412795,12206,25446,25446,1780644,Matched,Block,,MERIDIAN AVE N BETWEEN COLLEGE WAY N AND N 105TH ST,,,1,Property Damage Only Collision,Pedestrian,2,1,0,1,2004/01/27 00:00:00+00,1/27/2004 2:39:00 PM,Mid-Block (not related to intersection),24,MOTOR VEHCILE STRUCK PEDESTRIAN,,0,Clear,Dry,Daylight,,4027006.0,,0,Vehicle going straight hits pedestrian,0,0,N
9709,1,-122.32048459999999,47.70493801,12208,25084,25084,1079806,Matched,Intersection,36525.0,8TH AVE NE AND NE 105TH ST,,,1,Property Damage Only Collision,Angles,4,0,0,2,2004/07/06 00:00:00+00,7/6/2004,At Intersection (intersection related),11,"MOTOR VEHICLE STRUCK MOTOR VEHICLE, FRONT END AT ANGLE",,0,Overcast,Wet,Daylight,,4188018.0,,10,Entering at angle,0,0,N
9710,1,-122.3283756,47.60699792,12209,26371,26371,1789986,Matched,Block,,MARION ST BETWEEN 7TH AVE AND 8TH AVE,,,1,Property Damage Only Collision,Parked Car,2,0,0,2,2004/02/21 00:00:00+00,2/21/2004 11:00:00 PM,Mid-Block (not related to intersection),11,"MOTOR VEHICLE STRUCK MOTOR VEHICLE, FRONT END AT ANGLE",Y,0,Unknown,Unknown,Unknown,,4052029.0,,32,One parked--one moving,0,0,N
9711,2,-122.3225297,47.60648349,12210,26272,26272,1789955,Matched,Intersection,29814.0,BOREN AVE AND JAMES ST,,,2,Injury Collision,Angles,2,0,0,2,2004/06/09 00:00:00+00,6/9/2004,At Intersection (intersection related),11,"MOTOR VEHICLE STRUCK MOTOR VEHICLE, FRONT END AT ANGLE",,0,Clear,Dry,Daylight,,4161039.0,,10,Entering at angle,0,0,N
9712,2,-122.28465120000001,47.68304249,12212,25498,25498,1773964,Matched,Block,,NE 75TH ST BETWEEN 40TH AVE NE AND 41ST AVE NE,,,2,Injury Collision,Rear Ended,4,0,0,2,2004/04/27 00:00:00+00,4/27/2004 3:02:00 PM,Mid-Block (but intersection related),14,"MOTOR VEHICLE STRUCK MOTOR VEHICLE, REAR END",,0,Clear,Dry,Daylight,,4118010.0,,14,From same direction - both going straight - one stopped - rear-end,0,0,N
9713,1,-122.35692659999998,47.63838254,12213,26056,26056,1783328,Matched,Intersection,27825.0,BOSTON ST AND QUEEN ANNE AVE N,,,1,Property Damage Only Collision,Angles,2,0,0,2,2004/09/24 00:00:00+00,9/24/2004 2:30:00 PM,At Intersection (intersection related),11,"MOTOR VEHICLE STRUCK MOTOR VEHICLE, FRONT END AT ANGLE",,0,Clear,Dry,Daylight,,4268048.0,,10,Entering at angle,0,0,N
9714,1,-122.3174207,47.67982109,12214,27005,27005,1782772,Matched,Block,,ROOSEVELT WAY NE BETWEEN NE 70TH ST AND NE 71ST ST,,,1,Property Damage Only Collision,Rear Ended,5,0,0,3,2004/08/10 00:00:00+00,8/10/2004 1:23:00 PM,Mid-Block (but intersection related),14,"MOTOR VEHICLE STRUCK MOTOR VEHICLE, REAR END",,0,Clear,Dry,Daylight,,4223012.0,,14,From same direction - both going straight - one stopped - rear-end,0,0,N
9715,1,,,12215,26038,26038,1777862,Matched,Block,,BATTERY ST TUNNEL SB BETWEEN AURORA AVE N AND ALASKAN WY VI SB,,,1,Property Damage Only Collision,Other,1,0,0,1,2004/07/15 00:00:00+00,7/15/2004 2:00:00 AM,Mid-Block (not related to intersection),26,MOTOR VEHICLE STRUCK OBJECT IN ROAD,,0,Clear,Dry,Dark - Street Lights On,,4197001.0,,50,Fixed object,0,0,N
9716,2,-122.3015386,47.69662993,12217,25619,25619,C649656,Matched,Intersection,37645.0,25TH AVE NE AND NE 94TH ST,,,2,Injury Collision,Angles,3,0,0,2,2004/11/25 00:00:00+00,11/25/2004 3:00:00 PM,At Intersection (intersection related),11,"MOTOR VEHICLE STRUCK MOTOR VEHICLE, FRONT END AT ANGLE",,0,Overcast,Dry,Daylight,,4330042.0,,10,Entering at angle,0,0,N
9717,1,-122.3111365,47.6894175,12218,25838,25838,1079741,Matched,Block,,16TH AVE NE BETWEEN NE 82ND ST AND NE 85TH ST,,,1,Property Damage Only Collision,Parked Car,2,0,0,2,2004/08/23 00:00:00+00,8/23/2004 11:30:00 AM,Mid-Block (not related to intersection),13,"MOTOR VEHICLE STRUCK MOTOR VEHICLE, LEFT SIDE AT ANGLE",,0,Clear,Dry,Daylight,,4236038.0,,32,One parked--one moving,0,0,N
9718,2,-122.3875385,47.678600700000004,12219,24953,24953,1778886,Matched,Block,,24TH AVE NW BETWEEN NW 67TH ST AND NW 70TH ST,,,2,Injury Collision,Other,2,0,0,2,2004/03/18 00:00:00+00,3/18/2004 7:19:00 PM,Mid-Block (not related to intersection),14,"MOTOR VEHICLE STRUCK MOTOR VEHICLE, REAR END",,0,Clear,Dry,Dark - Street Lights On,,4078016.0,,23,From same direction - all others,0,0,N
9719,1,-122.3445219,47.69056259,12220,26396,26396,1773940,Matched,Intersection,37367.0,AURORA AVE N AND N 85TH ST,,,1,Property Damage Only Collision,Angles,2,0,0,2,2004/05/04 00:00:00+00,5/4/2004,At Intersection (intersection related),11,"MOTOR VEHICLE STRUCK MOTOR VEHICLE, FRONT END AT ANGLE",,0,Overcast,Dry,Daylight,,4125017.0,,10,Entering at angle,0,0,N
9720,2,-122.3181057,47.71854217,12221,26289,26289,1781971,Matched,Block,,ROOSEVELT WAY NE BETWEEN NE 123RD ST AND NE 125TH S ST,,,2,Injury Collision,Other,5,0,0,2,2004/10/08 00:00:00+00,10/8/2004,Driveway Junction,11,"MOTOR VEHICLE STRUCK MOTOR VEHICLE, FRONT END AT ANGLE",,0,Raining,Wet,Daylight,,4282059.0,,22,One car leaving driveway access,0,0,N
9721,2,-122.34456499999999,47.69418567,12222,25722,25722,1782325,Matched,Intersection,37340.0,AURORA AVE N AND N 90TH ST,,,2,Injury Collision,Left Turn,3,0,0,2,2004/07/23 00:00:00+00,7/23/2004 6:15:00 PM,At Intersection (intersection related),11,"MOTOR VEHICLE STRUCK MOTOR VEHICLE, FRONT END AT ANGLE",,0,Clear,Dry,Daylight,,4205021.0,,28,From opposite direction - one left turn - one straight,0,0,N
9722,1,-122.3373936,47.61266535,12223,27056,27056,1776944,Matched,Intersection,29567.0,5TH AVE AND OLIVE WAY,,,1,Property Damage Only Collision,Right Turn,9,0,0,2,2004/05/23 00:00:00+00,5/23/2004 12:24:00 AM,At Intersection (intersection related),11,"MOTOR VEHICLE STRUCK MOTOR VEHICLE, FRONT END AT ANGLE",,0,Clear,Dry,Dark - Street Lights On,,4144025.0,,16,From same direction - one right turn - one straight,0,0,N
9723,1,-122.26998600000002,47.52330727,12224,25954,25954,1480914,Matched,Intersection,35443.0,RAINIER AVE S AND S HENDERSON ST,,,1,Property Damage Only Collision,Left Turn,3,0,0,2,2004/07/17 00:00:00+00,7/17/2004 3:06:00 AM,At Intersection (intersection related),11,"MOTOR VEHICLE STRUCK MOTOR VEHICLE, FRONT END AT ANGLE",,0,Clear,Dry,Dark - Street Lights On,,4199028.0,,28,From opposite direction - one left turn - one straight,0,0,N
9724,1,-122.3764118,47.63333704,12225,25373,25373,1181949,Matched,Block,,MAGNOLIA BR OFF RP BETWEEN 15TH AVE W AND MAGNOLIA BR,,,1,Property Damage Only Collision,Sideswipe,2,0,0,2,2004/01/15 00:00:00+00,1/15/2004 9:30:00 AM,Mid-Block (but intersection related),14,"MOTOR VEHICLE STRUCK MOTOR VEHICLE, REAR END",,0,Overcast,Wet,Daylight,,4015043.0,,72,Same direction -- both turning right -- one stopped -- sideswipe,0,0,N
9725,2,-122.33130600000001,47.54488142,12226,26087,26087,1789297,Matched,Intersection,34222.0,EAST MARGINAL WAY S AND S MICHIGAN ST,,,2,Injury Collision,Angles,2,0,0,2,2004/04/25 00:00:00+00,4/25/2004 6:40:00 PM,At Intersection (intersection related),11,"MOTOR VEHICLE STRUCK MOTOR VEHICLE, FRONT END AT ANGLE",,0,Clear,Dry,Daylight,,4116020.0,,10,Entering at angle,0,0,N
9726,1,-122.31691809999998,47.68672561,12227,26408,26408,1799079,Matched,Block,,NE 80TH ST BETWEEN ROOSEVELT WAY NE AND 11TH AVE NE,,,1,Property Damage Only Collision,Parked Car,2,0,0,2,2004/10/29 00:00:00+00,10/29/2004 1:49:00 PM,Mid-Block (not related to intersection),11,"MOTOR VEHICLE STRUCK MOTOR VEHICLE, FRONT END AT ANGLE",,0,Unknown,Unknown,Dark - Street Lights On,,4303011.0,,32,One parked--one moving,0,0,N
9727,1,-122.32131499999998,47.62597542,12228,26901,26901,1772336,Matched,Block,,BROADWAY E BETWEEN E ROY W ST AND E ALOHA ST,,,1,Property Damage Only Collision,Parked Car,2,0,0,2,2004/05/29 00:00:00+00,5/29/2004 1:57:00 PM,Driveway Junction,11,"MOTOR VEHICLE STRUCK MOTOR VEHICLE, FRONT END AT ANGLE",Y,0,Clear,Dry,Daylight,,4150018.0,,32,One parked--one moving,0,0,N
9728,1,-122.29812220000001,47.61646402,12229,25273,25273,1772503,Matched,Block,,E OLIVE ST BETWEEN 26TH AVE AND 27TH AVE,,,1,Property Damage Only Collision,Other,2,0,0,1,2004/05/14 00:00:00+00,5/14/2004 9:21:00 PM,Mid-Block (not related to intersection),28,MOTOR VEHICLE RAN OFF ROAD - HIT FIXED OBJECT,,0,Clear,Dry,Dark - No Street Lights,,4135002.0,,50,Fixed object,0,0,N
9729,1,-122.30515919999999,47.587108799999996,12231,25053,25053,1334223,Matched,Block,,21ST AVE S BETWEEN RAINIER S AVE S AND S GRAND ST,,,1,Property Damage Only Collision,Parked Car,4,0,0,2,2004/06/05 00:00:00+00,6/5/2004,Mid-Block (but intersection related),11,"MOTOR VEHICLE STRUCK MOTOR VEHICLE, FRONT END AT ANGLE",,0,Raining,Wet,Daylight,,4157010.0,,20,One car leaving parked position,0,0,N
9730,2,-122.31657890000001,47.66129196,12235,25401,25401,1211949,Matched,Intersection,27065.0,11TH AVE NE AND NE 45TH ST,,,2,Injury Collision,Angles,2,0,0,2,2004/10/12 00:00:00+00,10/12/2004 1:52:00 AM,At Intersection (intersection related),11,"MOTOR VEHICLE STRUCK MOTOR VEHICLE, FRONT END AT ANGLE",,1,Clear,Dry,Dark - Street Lights On,,4286024.0,,10,Entering at angle,0,0,N
9731,2,-122.366178,47.66865339,12236,25091,25091,1778847,Matched,Intersection,25419.0,8TH AVE NW AND NW MARKET ST, ,,2,Injury Collision,Cycles,2,0,1,1,2004/09/16 00:00:00+00,9/16/2004 2:22:00 PM,At Intersection (intersection related),51,PEDALCYCLIST STRUCK MOTOR VEHICLE FRONT END AT ANGLE,,0,Raining,Wet,Daylight,,4260013.0,,45,Vehicle - Pedalcyclist,0,0,N
9732,1,-122.28792620000002,47.56075087,12237,26234,26234,C649642,Matched,Block,,S ALASKA ST BETWEEN 35TH AVE S AND RAINIER AVE S,,,1,Property Damage Only Collision,Sideswipe,2,0,0,2,2004/11/24 00:00:00+00,11/24/2004 2:00:00 PM,Mid-Block (not related to intersection),16,"MOTOR VEHICLE STRUCK MOTOR VEHICLE, LEFT SIDE SIDESWIPE",,0,Raining,Wet,Daylight,,4329066.0,,11,From same direction - both going straight - both moving - sideswipe,0,0,N
9733,2,-122.3608013,47.66942786,12238,26287,26287,1781894,Matched,Intersection,25294.0,3RD AVE NW AND NW 56TH ST,,,2,Injury Collision,Angles,3,0,0,2,2004/11/01 00:00:00+00,11/1/2004,At Intersection (intersection related),11,"MOTOR VEHICLE STRUCK MOTOR VEHICLE, FRONT END AT ANGLE",Y,0,Overcast,Wet,Daylight,,4306029.0,,10,Entering at angle,0,0,N
9734,1,-122.31335990000002,47.57775317,12239,26851,26851,1793039,Matched,Intersection,31312.0,15TH AVE S AND S FOREST ST,,,1,Property Damage Only Collision,Angles,2,0,0,2,2004/10/03 00:00:00+00,10/3/2004,At Intersection (intersection related),11,"MOTOR VEHICLE STRUCK MOTOR VEHICLE, FRONT END AT ANGLE",,0,Clear,Dry,Daylight,,4277029.0,,10,Entering at angle,0,0,N