,SEVERITYCODE,X,Y,OBJECTID,INCKEY,COLDETKEY,REPORTNO,STATUS,ADDRTYPE,INTKEY,LOCATION,EXCEPTRSNCODE,EXCEPTRSNDESC,SEVERITYCODE.1,SEVERITYDESC,COLLISIONTYPE,PERSONCOUNT,PEDCOUNT,PEDCYLCOUNT,VEHCOUNT,INCDATE,INCDTTM,JUNCTIONTYPE,SDOT_COLCODE,SDOT_COLDESC,INATTENTIONIND,UNDERINFL,WEATHER,ROADCOND,LIGHTCOND,PEDROWNOTGRNT,SDOTCOLNUM,SPEEDING,ST_COLCODE,ST_COLDESC,SEGLANEKEY,CROSSWALKKEY,HITPARKEDCAR
9735,1,-122.2961906,47.613529799999995,12240,25511,25511,1772545,Matched,Block,,M L KING JR WAY BETWEEN E UNION ST AND E PIKE ST,,,1,Property Damage Only Collision,Parked Car,4,0,0,3,2004/06/17 00:00:00+00,6/17/2004 3:06:00 AM,Mid-Block (not related to intersection),14,"MOTOR VEHICLE STRUCK MOTOR VEHICLE, REAR END",Y,0,Clear,Dry,Dark - Street Lights On,,4169021.0,,32,One parked--one moving,0,0,N
9736,1,-122.3762107,47.67563585,12241,24923,24923,1794451,Matched,Block,,15TH AVE NW BETWEEN NW 64TH ST AND NW 65TH ST,,,1,Property Damage Only Collision,Other,1,0,0,1,2004/09/29 00:00:00+00,9/29/2004 9:15:00 AM,Mid-Block (but intersection related),28,MOTOR VEHICLE RAN OFF ROAD - HIT FIXED OBJECT,,0,Clear,Dry,Daylight,,4273022.0,,50,Fixed object,0,0,N
9737,1,-122.3102562,47.66306631,12242,26080,26080,1205110,Matched,Block,,NE 47TH ST BETWEEN 16TH AVE NE AND 17TH SB AVE NE,,,1,Property Damage Only Collision,Parked Car,2,0,0,2,2004/03/04 00:00:00+00,3/4/2004,Mid-Block (not related to intersection),16,"MOTOR VEHICLE STRUCK MOTOR VEHICLE, LEFT SIDE SIDESWIPE",Y,0,Overcast,Wet,Dark - Street Lights On,,4064012.0,,32,One parked--one moving,0,0,N
9738,2,-122.3444858,47.68246097,12243,25420,25420,1774164,Matched,Block,,AURORA AVE N BETWEEN KEEN WAY N AND WINONA AVE N,,,2,Injury Collision,Rear Ended,2,0,0,2,2004/04/12 00:00:00+00,4/12/2004 6:40:00 AM,Mid-Block (but intersection related),14,"MOTOR VEHICLE STRUCK MOTOR VEHICLE, REAR END",,0,Overcast,Dry,Daylight,,4103019.0,,14,From same direction - both going straight - one stopped - rear-end,0,0,N
9739,1,-122.3250669,47.59625621,12244,27043,27043,1777039,Matched,Block,,MAYNARD AVE S BETWEEN S LANE ST AND S DEARBORN ST,,,1,Property Damage Only Collision,Parked Car,2,0,0,2,2004/03/18 00:00:00+00,3/18/2004 12:11:00 PM,Mid-Block (not related to intersection),11,"MOTOR VEHICLE STRUCK MOTOR VEHICLE, FRONT END AT ANGLE",,0,Unknown,Unknown,Unknown,,4078036.0,,32,One parked--one moving,0,0,N
9740,1,-122.31409529999999,47.73396447,12245,25124,25124,1220202,Matched,Block,,NE 145TH ST BETWEEN 12TH AVE NE AND 15TH AVE NE,,,1,Property Damage Only Collision,Sideswipe,4,0,0,2,2004/08/28 00:00:00+00,8/28/2004 11:26:00 PM,Mid-Block (not related to intersection),16,"MOTOR VEHICLE STRUCK MOTOR VEHICLE, LEFT SIDE SIDESWIPE",Y,0,Clear,Dry,Dark - Street Lights On,,4241009.0,,11,From same direction - both going straight - both moving - sideswipe,0,0,N
9741,2,-122.3156821,47.59919952,12246,25944,25944,1798949,Matched,Block,,S JACKSON ST BETWEEN 12TH AVE S AND 14TH AVE S,,,2,Injury Collision,Other,2,0,0,1,2004/09/12 00:00:00+00,9/12/2004 2:39:00 PM,Mid-Block (but intersection related),28,MOTOR VEHICLE RAN OFF ROAD - HIT FIXED OBJECT,,0,Clear,Dry,Daylight,,4256006.0,Y,50,Fixed object,0,0,N
9742,1,-122.30651189999999,47.66396513,12247,24897,24897,1794043,Matched,Block,,20TH AVE NE BETWEEN NE 47TH ST AND NE 50TH ST,,,1,Property Damage Only Collision,Parked Car,2,0,0,2,2004/08/02 00:00:00+00,8/2/2004,Mid-Block (not related to intersection),11,"MOTOR VEHICLE STRUCK MOTOR VEHICLE, FRONT END AT ANGLE",,0,Clear,Dry,Daylight,,4215011.0,,32,One parked--one moving,0,0,N
9743,1,-122.376777,47.68230841,12248,26469,26469,1781896,Matched,Block,,15TH AVE NW BETWEEN NW 73RD ST AND NW 75TH ST,,,1,Property Damage Only Collision,Parked Car,2,0,0,2,2004/11/13 00:00:00+00,11/13/2004 4:07:00 AM,Mid-Block (not related to intersection),14,"MOTOR VEHICLE STRUCK MOTOR VEHICLE, REAR END",,0,Clear,Dry,Dark - Street Lights On,,4318017.0,,32,One parked--one moving,0,0,N
9744,1,-122.3207804,47.61407567,12249,25519,25519,1198454,Matched,Intersection,29745.0,BROADWAY AND E PIKE ST,,,1,Property Damage Only Collision,Left Turn,2,0,0,2,2004/11/27 00:00:00+00,11/27/2004 6:05:00 PM,At Intersection (intersection related),11,"MOTOR VEHICLE STRUCK MOTOR VEHICLE, FRONT END AT ANGLE",,0,Clear,Dry,Dark - Street Lights On,,4332038.0,,28,From opposite direction - one left turn - one straight,0,0,N
9745,2,-122.3258915,47.63972702,12250,25077,25077,1788274,Matched,Intersection,28310.0,EASTLAKE AVE E AND E LYNN ST,,,2,Injury Collision,Left Turn,2,0,0,2,2004/05/15 00:00:00+00,5/15/2004 11:54:00 PM,At Intersection (intersection related),11,"MOTOR VEHICLE STRUCK MOTOR VEHICLE, FRONT END AT ANGLE",,0,Overcast,Dry,Dark - Street Lights On,,4136024.0,,28,From opposite direction - one left turn - one straight,0,0,N
9746,1,-122.3576236,47.63595585,12251,26365,26365,1777317,Matched,Block,,W HOWE ST BETWEEN QUEEN ANNE AVE N AND 1ST AVE W,,,1,Property Damage Only Collision,Parked Car,2,0,0,2,2004/03/30 00:00:00+00,3/30/2004 3:15:00 PM,Mid-Block (but intersection related),11,"MOTOR VEHICLE STRUCK MOTOR VEHICLE, FRONT END AT ANGLE",,0,Clear,Dry,Daylight,,4090012.0,,32,One parked--one moving,0,0,N
9747,1,,,12253,26757,26757,1181378,Matched,Block,,ALASKAN WY VI NB BETWEEN S ROYAL BROUGHAM WAY ON RP AND SENECA ST OFF RP,,,1,Property Damage Only Collision,Other,1,0,0,1,2004/04/29 00:00:00+00,4/29/2004 1:15:00 AM,Mid-Block (not related to intersection),26,MOTOR VEHICLE STRUCK OBJECT IN ROAD,,1,Clear,Dry,Dark - Street Lights On,,4120001.0,Y,50,Fixed object,0,0,N
9748,2,-122.32084509999999,47.61815405,12254,25276,25276,1782218,Matched,Block,,BROADWAY BETWEEN E HOWELL ST AND E DENNY WAY,,,2,Injury Collision,Cycles,3,0,1,1,2004/07/01 00:00:00+00,7/1/2004,Mid-Block (not related to intersection),14,"MOTOR VEHICLE STRUCK MOTOR VEHICLE, REAR END",,0,Clear,Dry,Daylight,,4183023.0,,45,Vehicle - Pedalcyclist,0,0,N
9749,1,-122.3026942,47.61354827,12255,25493,25493,1772189,Matched,Block,,23RD AVE BETWEEN E UNION ST AND E PIKE ST,,,1,Property Damage Only Collision,Rear Ended,3,0,0,3,2004/06/19 00:00:00+00,6/19/2004 12:45:00 PM,Mid-Block (not related to intersection),14,"MOTOR VEHICLE STRUCK MOTOR VEHICLE, REAR END",,0,Clear,Dry,Daylight,,4171019.0,,13,From same direction - both going straight - both moving - rear-end,0,0,N
9750,1,-122.3823749,47.59131425,12258,26586,26586,1781366,Matched,Block,,HARBOR AVE SW BETWEEN SW MARYLAND PL AND CALIFORNIA WAY SW,,,1,Property Damage Only Collision,Other,3,0,0,2,2004/08/02 00:00:00+00,8/2/2004,Driveway Junction,11,"MOTOR VEHICLE STRUCK MOTOR VEHICLE, FRONT END AT ANGLE",Y,0,Clear,Dry,Daylight,,4215037.0,,23,From same direction - all others,0,0,N
9751,1,-122.3553091,47.68052696,12259,25937,25937,1781893,Matched,Block,,GREENWOOD AVE N BETWEEN N 71ST ST AND N 72ND S ST,,,1,Property Damage Only Collision,Rear Ended,4,0,0,2,2004/10/31 00:00:00+00,10/31/2004 9:24:00 AM,Mid-Block (but intersection related),14,"MOTOR VEHICLE STRUCK MOTOR VEHICLE, REAR END",Y,0,Clear,Dry,Daylight,,4305027.0,,14,From same direction - both going straight - one stopped - rear-end,0,0,N
9752,1,-122.2856311,47.54605725,12260,25532,25532,1772739,Matched,Intersection,33645.0,M L KING JR WR WAY S AND S GRAHAM ST,,,1,Property Damage Only Collision,Other,2,0,0,2,2004/05/24 00:00:00+00,5/24/2004 3:16:00 PM,At Intersection (intersection related),11,"MOTOR VEHICLE STRUCK MOTOR VEHICLE, FRONT END AT ANGLE",,0,Clear,Dry,Daylight,,4145024.0,,22,One car leaving driveway access,0,0,N
9753,1,-122.31136969999999,47.66488852,12261,24954,24954,1778945,Matched,Block,,NE 50TH ST BETWEEN 15TH AVE NE AND 16TH AVE NE,,,1,Property Damage Only Collision,Parked Car,2,0,0,2,2004/08/08 00:00:00+00,8/8/2004,Mid-Block (but intersection related),11,"MOTOR VEHICLE STRUCK MOTOR VEHICLE, FRONT END AT ANGLE",,0,Clear,Dry,Daylight,,4221017.0,,20,One car leaving parked position,0,0,N
9754,1,-122.3095748,47.60267667,12262,25979,25979,1074419,Matched,Block,,E FIR ST BETWEEN 17TH AVE AND 18TH AVE,,,1,Property Damage Only Collision,Other,1,0,0,1,2004/07/02 00:00:00+00,7/2/2004,Mid-Block (not related to intersection),28,MOTOR VEHICLE RAN OFF ROAD - HIT FIXED OBJECT,,0,Clear,Dry,Dark - Street Lights On,,4184001.0,,50,Fixed object,0,0,N
9755,1,-122.3290808,47.69034175,12263,26153,26153,1773775,Matched,Block,,BANNER WAY NE BETWEEN NE 85TH ST OFF RP AND CORLISS WAY N,,,1,Property Damage Only Collision,Other,1,0,0,1,2004/02/18 00:00:00+00,2/18/2004 2:30:00 AM,Mid-Block (not related to intersection),28,MOTOR VEHICLE RAN OFF ROAD - HIT FIXED OBJECT,,0,Overcast,Wet,Dark - Street Lights On,,4049019.0,Y,50,Fixed object,0,0,N
9756,1,-122.3035848,47.62228537,12264,26849,26849,1788709,Matched,Block,,22ND AVE E BETWEEN E THOMAS ST AND E REPUBLICAN ST,,,1,Property Damage Only Collision,Other,2,0,0,2,2004/07/26 00:00:00+00,7/26/2004 3:49:00 PM,Mid-Block (not related to intersection),13,"MOTOR VEHICLE STRUCK MOTOR VEHICLE, LEFT SIDE AT ANGLE",,0,Clear,Dry,Daylight,,4208021.0,,23,From same direction - all others,0,0,N
9757,2,-122.34994840000002,47.65666292,12266,25513,25513,1782268,Matched,Intersection,26977.0,FREMONT AVE N AND N 41ST ST,,,2,Injury Collision,Angles,6,0,0,2,2004/10/03 00:00:00+00,10/3/2004,At Intersection (intersection related),11,"MOTOR VEHICLE STRUCK MOTOR VEHICLE, FRONT END AT ANGLE",,0,Clear,Dry,Daylight,,4277025.0,,10,Entering at angle,0,0,N
9758,2,-122.30905770000001,47.57456744,12267,25068,25068,1793377,Matched,Block,,BEACON AVE S BETWEEN S HANFORD ST AND S HORTON ST,,,2,Injury Collision,Cycles,2,0,1,1,2004/08/26 00:00:00+00,8/26/2004 7:19:00 PM,Mid-Block (not related to intersection),18,"MOTOR VEHICLE STRUCK PEDALCYCLIST, FRONT END AT ANGLE",,0,Overcast,Dry,Dusk,,4239005.0,,45,Vehicle - Pedalcyclist,0,0,N
9759,1,-122.3260442,47.68677908,12268,26218,26218,1774238,Matched,Block,,NE 80TH ST BETWEEN CORLISS WAY N AND BANNER WAY NE,,,1,Property Damage Only Collision,Other,2,0,0,1,2004/08/24 00:00:00+00,8/24/2004 8:55:00 AM,Mid-Block (not related to intersection),26,MOTOR VEHICLE STRUCK OBJECT IN ROAD,,0,Raining,Wet,Daylight,,4237051.0,Y,50,Fixed object,0,0,N
9760,1,-122.3299291,47.60963077,12269,26125,26125,1477944,Matched,Block,,8 LOWER AVE BETWEEN SENECA ST AND UNIVERSITY ST,,,1,Property Damage Only Collision,Parked Car,2,0,0,2,2004/12/14 00:00:00+00,12/14/2004 5:59:00 PM,Driveway Junction,13,"MOTOR VEHICLE STRUCK MOTOR VEHICLE, LEFT SIDE AT ANGLE",Y,0,Clear,Dry,Dark - Street Lights On,,4349020.0,,32,One parked--one moving,0,0,N
9761,1,-122.3208637,47.61932228,12270,27048,27048,1789634,Matched,Block,,BROADWAY E BETWEEN E DENNY WAY AND E OLIVE WAY,,,1,Property Damage Only Collision,Rear Ended,3,0,0,3,2004/06/04 00:00:00+00,6/4/2004,Mid-Block (not related to intersection),14,"MOTOR VEHICLE STRUCK MOTOR VEHICLE, REAR END",,0,Clear,Dry,Daylight,,4156034.0,,14,From same direction - both going straight - one stopped - rear-end,0,0,N
9762,1,-122.3035537,47.61621367,12271,25264,25264,1216597,Matched,Block,,22ND AVE BETWEEN E PINE ST AND E OLIVE ST,,,1,Property Damage Only Collision,Parked Car,2,0,0,2,2004/08/21 00:00:00+00,8/21/2004 6:07:00 PM,Mid-Block (not related to intersection),16,"MOTOR VEHICLE STRUCK MOTOR VEHICLE, LEFT SIDE SIDESWIPE",,0,Unknown,Unknown,Unknown,,4234034.0,,32,One parked--one moving,0,0,N
9763,1,-122.3527922,47.62457274,12272,25634,25634,C647437,Matched,Intersection,28917.0,2ND AVE N AND MERCER ST,,,1,Property Damage Only Collision,Left Turn,2,0,0,2,2004/08/12 00:00:00+00,8/12/2004 11:00:00 AM,At Intersection (intersection related),11,"MOTOR VEHICLE STRUCK MOTOR VEHICLE, FRONT END AT ANGLE",,0,Clear,Dry,Daylight,,4225026.0,,15,From same direction - one left turn - one straight,0,0,N
9764,2,-122.33745420000001,47.61505675,12273,25039,25039,1213018,Matched,Intersection,29540.0,7TH AVE AND VIRGINIA ST,,,2,Injury Collision,Angles,6,0,0,2,2004/12/01 00:00:00+00,12/1/2004,At Intersection (intersection related),11,"MOTOR VEHICLE STRUCK MOTOR VEHICLE, FRONT END AT ANGLE",,0,Clear,Dry,Dark - Street Lights On,,4336015.0,,10,Entering at angle,0,0,N
9765,1,-122.265096,47.51942408,12274,26045,26045,1792979,Matched,Block,,54TH AVE S BETWEEN RAINIER AVE S AND S FLETCHER ST,,,1,Property Damage Only Collision,Other,3,0,0,1,2004/06/23 00:00:00+00,6/23/2004 1:30:00 AM,Mid-Block (not related to intersection),28,MOTOR VEHICLE RAN OFF ROAD - HIT FIXED OBJECT,,0,Clear,Dry,Dark - Street Lights On,,4175002.0,Y,50,Fixed object,0,0,N
9766,1,-122.3398324,47.61854013,12275,26171,26171,1777133,Matched,Intersection,29512.0,BELL ST AND DENNY WAY,,,1,Property Damage Only Collision,Angles,2,0,0,2,2004/01/28 00:00:00+00,1/28/2004 7:35:00 AM,At Intersection (intersection related),11,"MOTOR VEHICLE STRUCK MOTOR VEHICLE, FRONT END AT ANGLE",,0,Raining,Wet,Dark - Street Lights On,,4028040.0,,10,Entering at angle,0,0,N
9767,2,-122.3660034,47.69244691,12276,25455,25455,1781845,Matched,Block,,8TH AVE NW BETWEEN NW 87TH ST AND NW 88TH ST,,,2,Injury Collision,Cycles,2,0,1,1,2004/10/30 00:00:00+00,10/30/2004 9:10:00 AM,Mid-Block (not related to intersection),18,"MOTOR VEHICLE STRUCK PEDALCYCLIST, FRONT END AT ANGLE",,1,Clear,Dry,Daylight,,4304010.0,,45,Vehicle - Pedalcyclist,0,0,N
9768,1,-122.3309375,47.55269497,12277,25674,25674,1788869,Matched,Intersection,33173.0,3RD AVE S AND S FINDLAY ST,,,1,Property Damage Only Collision,Angles,2,0,0,2,2004/02/25 00:00:00+00,2/25/2004 3:51:00 PM,At Intersection (intersection related),11,"MOTOR VEHICLE STRUCK MOTOR VEHICLE, FRONT END AT ANGLE",,0,Raining,Wet,Daylight,,4056005.0,,10,Entering at angle,0,0,N
9769,1,-122.35148740000001,47.62456996,12278,25095,25095,1777029,Matched,Intersection,28916.0,3RD AVE N AND MERCER ST,,,1,Property Damage Only Collision,Left Turn,2,0,0,2,2004/01/14 00:00:00+00,1/14/2004 12:52:00 PM,At Intersection (intersection related),11,"MOTOR VEHICLE STRUCK MOTOR VEHICLE, FRONT END AT ANGLE",,0,Raining,Wet,Daylight,,4014051.0,,15,From same direction - one left turn - one straight,0,0,N
9770,1,-122.2860912,47.54701438,12280,26429,26429,1779476,Matched,Block,,M L KING JR WR WAY S BETWEEN S RAYMOND ST AND S GRAHAM ST,,,1,Property Damage Only Collision,Rear Ended,3,0,0,2,2004/01/09 00:00:00+00,1/9/2004,Mid-Block (but intersection related),14,"MOTOR VEHICLE STRUCK MOTOR VEHICLE, REAR END",Y,0,Overcast,Wet,Daylight,,4009024.0,,13,From same direction - both going straight - both moving - rear-end,0,0,N
9771,1,-122.340203,47.63583807,12282,25202,25202,1783603,Matched,Block,,WESTLAKE EAST RDWY AVE N BETWEEN HOWE ST AND NEWTON ST,,,1,Property Damage Only Collision,Parked Car,2,0,0,2,2004/08/17 00:00:00+00,8/17/2004 4:07:00 PM,Mid-Block (not related to intersection),14,"MOTOR VEHICLE STRUCK MOTOR VEHICLE, REAR END",,0,Clear,Dry,Daylight,,4230028.0,,32,One parked--one moving,0,0,N
9772,1,-122.3316679,47.60808565,12283,25413,25413,1781973,Matched,Block,,6TH AVE BETWEEN SPRING ST AND SENECA ST,,,1,Property Damage Only Collision,Parked Car,2,0,0,2,2004/10/23 00:00:00+00,10/23/2004 11:15:00 PM,Mid-Block (not related to intersection),12,"MOTOR VEHICLE STRUCK MOTOR VEHICLE, RIGHT SIDE AT ANGLE",,0,Clear,Dry,Dark - Street Lights On,,4297014.0,,32,One parked--one moving,0,0,N
9773,2,-122.3341955,47.59031216,12284,26744,26744,C650872,Matched,Intersection,30388.0,1ST AVE S AND S ATLANTIC ST,,,2,Injury Collision,Left Turn,3,0,0,2,2004/12/30 00:00:00+00,12/30/2004 10:00:00 PM,At Intersection (intersection related),11,"MOTOR VEHICLE STRUCK MOTOR VEHICLE, FRONT END AT ANGLE",,0,Unknown,Dry,Dawn,,4365045.0,,28,From opposite direction - one left turn - one straight,0,0,N
9774,1,-122.33085109999999,47.51905466,12285,25256,25256,1568126,Matched,Block,,SR509 SB BETWEEN CLOVERDALE ST ON RP AND CITY LIMITS,,,1,Property Damage Only Collision,Sideswipe,2,0,0,2,2004/02/07 00:00:00+00,2/7/2004,Mid-Block (not related to intersection),16,"MOTOR VEHICLE STRUCK MOTOR VEHICLE, LEFT SIDE SIDESWIPE",,0,Clear,Dry,Dark - No Street Lights,,4038025.0,,11,From same direction - both going straight - both moving - sideswipe,0,0,N
9775,2,-122.340864,47.51727685,12286,25763,25763,1790459,Matched,Block,,SW ROXBURY ST BETWEEN OLSON PL SW AND 5TH AVE SW,,,2,Injury Collision,Other,1,0,0,1,2004/05/28 00:00:00+00,5/28/2004 6:07:00 PM,Mid-Block (but intersection related),28,MOTOR VEHICLE RAN OFF ROAD - HIT FIXED OBJECT,,0,Raining,Wet,Daylight,,4149006.0,Y,50,Fixed object,0,0,N
9776,1,-122.3371315,47.62454774,12287,25248,25248,C633638,Matched,Intersection,28763.0,MERCER SR ST AND TERRY AVE N,,,1,Property Damage Only Collision,Angles,2,0,0,2,2004/05/21 00:00:00+00,5/21/2004 12:00:00 PM,At Intersection (intersection related),11,"MOTOR VEHICLE STRUCK MOTOR VEHICLE, FRONT END AT ANGLE",,0,Unknown,Dry,Daylight,,4142032.0,,10,Entering at angle,0,0,N
9777,2,-122.3638498,47.52468525,12288,26258,26258,1781668,Matched,Block,,SW TRENTON ST BETWEEN 24TH AVE SW AND 25TH AVE SW,,,2,Injury Collision,Rear Ended,3,0,0,2,2004/05/23 00:00:00+00,5/23/2004 3:56:00 PM,Mid-Block (but intersection related),14,"MOTOR VEHICLE STRUCK MOTOR VEHICLE, REAR END",,0,Clear,Dry,Daylight,,4144027.0,,13,From same direction - both going straight - both moving - rear-end,0,0,N
9778,1,-122.3234085,47.61465058,12289,25709,25709,1789807,Matched,Block,,BOYLSTON AVE BETWEEN E PIKE ST AND E PINE ST,,,1,Property Damage Only Collision,Angles,2,0,0,2,2004/01/03 00:00:00+00,1/3/2004,Mid-Block (but intersection related),11,"MOTOR VEHICLE STRUCK MOTOR VEHICLE, FRONT END AT ANGLE",,0,Raining,Wet,Dark - Street Lights On,,4003020.0,,10,Entering at angle,0,0,N
9779,1,-122.32553590000002,47.61578024,12290,25727,25727,1799266,Matched,Block,,SUMMIT AVE BETWEEN E PINE ST AND E OLIVE ST,,,1,Property Damage Only Collision,Parked Car,2,0,0,2,2004/11/20 00:00:00+00,11/20/2004 12:00:00 PM,Mid-Block (not related to intersection),11,"MOTOR VEHICLE STRUCK MOTOR VEHICLE, FRONT END AT ANGLE",,0,Unknown,Unknown,Unknown,,4325008.0,,32,One parked--one moving,0,0,N
9780,2,-122.3102153,47.60433315,12291,26627,26627,1790037,Matched,Intersection,30206.0,17TH AVE AND E ALDER ST,,,2,Injury Collision,Angles,4,0,0,4,2004/08/27 00:00:00+00,8/27/2004 3:42:00 PM,At Intersection (intersection related),11,"MOTOR VEHICLE STRUCK MOTOR VEHICLE, FRONT END AT ANGLE",,0,Clear,Dry,Daylight,,4240020.0,,10,Entering at angle,0,0,N
9781,2,-122.37720300000001,47.54104761,12292,25672,25672,1798562,Matched,Block,,SW WILLOW ST BETWEEN 35TH AVE SW AND 36TH AVE SW,,,2,Injury Collision,Cycles,3,0,1,1,2004/09/30 00:00:00+00,9/30/2004 4:17:00 PM,Driveway Junction,18,"MOTOR VEHICLE STRUCK PEDALCYCLIST, FRONT END AT ANGLE",Y,0,Clear,Dry,Daylight,,4274029.0,,45,Vehicle - Pedalcyclist,0,0,N
9782,2,-122.31340890000001,47.58101499,12293,25228,25228,1771854,Matched,Intersection,31295.0,15TH AVE S AND S BAYVIEW ST,,,2,Injury Collision,Angles,5,0,0,2,2004/04/24 00:00:00+00,4/24/2004 1:13:00 PM,At Intersection (intersection related),11,"MOTOR VEHICLE STRUCK MOTOR VEHICLE, FRONT END AT ANGLE",,0,Clear,Dry,Daylight,,4115016.0,,10,Entering at angle,0,0,N
9783,1,-122.28801100000001,47.56345665,12294,25961,25961,1771864,Matched,Block,,RAINIER AVE S BETWEEN S GENESEE S ST AND S OREGON ST,,,1,Property Damage Only Collision,Sideswipe,4,0,0,2,2004/07/03 00:00:00+00,7/3/2004,Mid-Block (not related to intersection),16,"MOTOR VEHICLE STRUCK MOTOR VEHICLE, LEFT SIDE SIDESWIPE",,1,Clear,Dry,Daylight,,4185012.0,,11,From same direction - both going straight - both moving - sideswipe,0,0,N
9784,1,-122.3390723,47.57150647,12295,26422,26422,1781304,Matched,Block,,WEST SEATTLE BR EB BETWEEN 1ST AV S OFF RP AND SPOKANE ST - W SEA B RP,,,1,Property Damage Only Collision,Rear Ended,3,0,0,2,2004/06/11 00:00:00+00,6/11/2004 6:47:00 AM,Mid-Block (not related to intersection),14,"MOTOR VEHICLE STRUCK MOTOR VEHICLE, REAR END",Y,0,Overcast,Wet,Daylight,,4163051.0,,13,From same direction - both going straight - both moving - rear-end,0,0,N
9785,1,-122.37614280000001,47.63766086,12296,26617,26617,1777139,Matched,Intersection,27940.0,15TH AVE W AND W ARMORY WAY,,,1,Property Damage Only Collision,Rear Ended,2,0,0,2,2004/02/17 00:00:00+00,2/17/2004 11:05:00 AM,At Intersection (intersection related),14,"MOTOR VEHICLE STRUCK MOTOR VEHICLE, REAR END",Y,0,Clear,Dry,Daylight,,4048024.0,,84,Same direction -- both turning left -- one stopped -- rear end,0,0,N
9786,1,-122.25807409999999,47.55061813,12297,25904,25904,1771360,Matched,Block,,LAKE WASHINGTON BLVD S BETWEEN S ORCAS ST AND S JUNEAU ST,,,1,Property Damage Only Collision,Other,1,0,0,1,2004/02/10 00:00:00+00,2/10/2004 8:05:00 AM,Mid-Block (not related to intersection),28,MOTOR VEHICLE RAN OFF ROAD - HIT FIXED OBJECT,,0,Clear,Ice,Daylight,,4041009.0,,50,Fixed object,0,0,N
9787,1,-122.2764033,47.52331234,12299,26855,26855,1793105,Matched,Intersection,35274.0,RENTON AVE S AND S HENDERSON ST,,,1,Property Damage Only Collision,Angles,2,0,0,2,2004/07/27 00:00:00+00,7/27/2004 7:30:00 AM,At Intersection (intersection related),11,"MOTOR VEHICLE STRUCK MOTOR VEHICLE, FRONT END AT ANGLE",,0,Clear,Dry,Daylight,,4209009.0,,10,Entering at angle,0,0,N
9788,1,-122.34564509999998,47.6096113,12300,26183,26183,1482543,Matched,Block,,ALASKAN WAY BETWEEN VIRGINIA ST AND LENORA ST,,,1,Property Damage Only Collision,Parked Car,2,0,0,2,2004/10/18 00:00:00+00,10/18/2004 4:00:00 PM,Mid-Block (not related to intersection),11,"MOTOR VEHICLE STRUCK MOTOR VEHICLE, FRONT END AT ANGLE",,0,Unknown,Unknown,Unknown,,4292001.0,,32,One parked--one moving,0,0,N
9789,1,-122.3636233,47.62291347,12301,27067,27067,880093,Matched,Block,,ELLIOTT AVE W BETWEEN W HARRISON ST AND 6TH AVE W,,,1,Property Damage Only Collision,Rear Ended,0,0,0,3,2004/03/18 00:00:00+00,3/18/2004 12:11:00 PM,Mid-Block (not related to intersection),14,"MOTOR VEHICLE STRUCK MOTOR VEHICLE, REAR END",,0,Clear,Dry,Daylight,,4078022.0,,14,From same direction - both going straight - one stopped - rear-end,0,0,N
9790,1,-122.3623578,47.62185645,12302,25617,25617,C649348,Matched,Block,,ELLIOTT AVE W BETWEEN 4TH AVE W AND W HARRISON ST,,,1,Property Damage Only Collision,Rear Ended,2,0,0,2,2004/11/15 00:00:00+00,11/15/2004 8:25:00 AM,Mid-Block (not related to intersection),14,"MOTOR VEHICLE STRUCK MOTOR VEHICLE, REAR END",,0,Raining,Wet,Daylight,,4320053.0,,14,From same direction - both going straight - one stopped - rear-end,0,0,N
9791,1,-122.32530619999999,47.60532163,12303,25542,25542,1213637,Matched,Block,,JAMES ST BETWEEN 8TH AVE AND 9TH AVE,,,1,Property Damage Only Collision,Sideswipe,3,0,0,2,2004/10/12 00:00:00+00,10/12/2004 2:51:00 PM,Mid-Block (not related to intersection),16,"MOTOR VEHICLE STRUCK MOTOR VEHICLE, LEFT SIDE SIDESWIPE",,0,Clear,Dry,Daylight,,4286022.0,,11,From same direction - both going straight - both moving - sideswipe,0,0,N
9792,1,-122.32945430000001,47.57157764,12305,26248,26248,1790344,Matched,Block,,WEST SEATTLE BR WB BETWEEN I5 NB - W SEATTLE BR RP AND 1ST AV S OFF RP,,,1,Property Damage Only Collision,Sideswipe,2,0,0,2,2004/09/25 00:00:00+00,9/25/2004 6:03:00 AM,Mid-Block (not related to intersection),14,"MOTOR VEHICLE STRUCK MOTOR VEHICLE, REAR END",,0,Clear,Dry,Dark - Street Lights On,,4269035.0,,11,From same direction - both going straight - both moving - sideswipe,0,0,N
9793,1,-122.26998429999999,47.52704457,12306,26464,26464,1787447,Matched,Block,,RAINIER AVE S BETWEEN S THISTLE ST AND S CLOVERDALE ST,,,1,Property Damage Only Collision,Angles,3,0,0,2,2004/01/14 00:00:00+00,1/14/2004 9:26:00 AM,Mid-Block (but intersection related),11,"MOTOR VEHICLE STRUCK MOTOR VEHICLE, FRONT END AT ANGLE",,0,Raining,Wet,Daylight,,4014055.0,,10,Entering at angle,0,0,N
9794,1,-122.3029095,47.58454186,12308,26921,26921,1793575,Matched,Intersection,31562.0,23RD AVE S AND RAINIER AVE S,,,1,Property Damage Only Collision,Angles,2,0,0,2,2004/11/23 00:00:00+00,11/23/2004 2:30:00 PM,At Intersection (intersection related),15,"MOTOR VEHICLE STRUCK MOTOR VEHICLE, RIGHT SIDE SIDESWIPE",,0,Clear,Dry,Daylight,,4328003.0,,10,Entering at angle,0,0,N
9795,1,-122.34298009999999,47.64030218,12311,26481,26481,1783748,Matched,Block,,8TH AVE N BETWEEN MCGRAW N ST AND WHEELER ST,,,1,Property Damage Only Collision,Parked Car,2,0,0,2,2004/11/13 00:00:00+00,11/13/2004 1:31:00 PM,Mid-Block (not related to intersection),15,"MOTOR VEHICLE STRUCK MOTOR VEHICLE, RIGHT SIDE SIDESWIPE",,0,Overcast,Dry,Daylight,,4318021.0,,32,One parked--one moving,0,0,N