,SEVERITYCODE,X,Y,OBJECTID,INCKEY,COLDETKEY,REPORTNO,STATUS,ADDRTYPE,INTKEY,LOCATION,EXCEPTRSNCODE,EXCEPTRSNDESC,SEVERITYCODE.1,SEVERITYDESC,COLLISIONTYPE,PERSONCOUNT,PEDCOUNT,PEDCYLCOUNT,VEHCOUNT,INCDATE,INCDTTM,JUNCTIONTYPE,SDOT_COLCODE,SDOT_COLDESC,INATTENTIONIND,UNDERINFL,WEATHER,ROADCOND,LIGHTCOND,PEDROWNOTGRNT,SDOTCOLNUM,SPEEDING,ST_COLCODE,ST_COLDESC,SEGLANEKEY,CROSSWALKKEY,HITPARKEDCAR
9796,2,-122.3384654,47.62087408,12312,25418,25418,1214111,Matched,Intersection,28791.0,THOMAS ST AND WESTLAKE AVE N,,,2,Injury Collision,Angles,2,0,0,2,2004/08/26 00:00:00+00,8/26/2004 9:07:00 AM,At Intersection (intersection related),11,"MOTOR VEHICLE STRUCK MOTOR VEHICLE, FRONT END AT ANGLE",,0,Overcast,Dry,Daylight,,4239025.0,,10,Entering at angle,0,0,N
9797,1,-122.35147579999999,47.61513738,12313,26763,26763,1214022,Matched,Intersection,29683.0,CEDAR ST AND WESTERN AVE,,,1,Property Damage Only Collision,Right Turn,2,0,0,2,2004/08/23 00:00:00+00,8/23/2004 4:26:00 PM,At Intersection (intersection related),11,"MOTOR VEHICLE STRUCK MOTOR VEHICLE, FRONT END AT ANGLE",,0,Clear,Dry,Daylight,,4236015.0,,16,From same direction - one right turn - one straight,0,0,N
9798,2,-122.32006709999999,47.638973799999995,12316,24908,24908,1217036,Matched,Block,,10TH AVE E BETWEEN E BOSTON ST AND E LYNN ST,,,2,Injury Collision,Sideswipe,2,0,0,2,2004/12/01 00:00:00+00,12/1/2004,Mid-Block (but intersection related),28,MOTOR VEHICLE RAN OFF ROAD - HIT FIXED OBJECT,,0,Overcast,Dry,Daylight,,4336021.0,,11,From same direction - both going straight - both moving - sideswipe,0,0,N
9799,1,-122.2832767,47.54245198,12317,26313,26313,1327439,Matched,Intersection,34530.0,39TH AVE S AND S HOLLY ST,,,1,Property Damage Only Collision,Angles,3,0,0,2,2004/06/07 00:00:00+00,6/7/2004,At Intersection (intersection related),11,"MOTOR VEHICLE STRUCK MOTOR VEHICLE, FRONT END AT ANGLE",,0,Clear,Dry,Daylight,,4159012.0,,10,Entering at angle,0,0,N
9800,1,-122.3539054,47.68621682,12318,26728,26728,1773677,Matched,Block,,N 79TH ST BETWEEN GREENWOOD AVE N AND DAYTON AVE N,,,1,Property Damage Only Collision,Parked Car,2,0,0,2,2004/02/06 00:00:00+00,2/6/2004,Mid-Block (not related to intersection),16,"MOTOR VEHICLE STRUCK MOTOR VEHICLE, LEFT SIDE SIDESWIPE",,0,Raining,Wet,Dark - Street Lights On,,4037040.0,,32,One parked--one moving,0,0,N
9801,1,-122.2898416,47.57597915,12319,25932,25932,1771649,Matched,Block,,34TH AVE S BETWEEN S MOUNT BAKER EB BV AND S HANFORD ST,,,1,Property Damage Only Collision,Parked Car,2,0,0,2,2004/10/03 00:00:00+00,10/3/2004,Mid-Block (not related to intersection),12,"MOTOR VEHICLE STRUCK MOTOR VEHICLE, RIGHT SIDE AT ANGLE",,0,Unknown,Unknown,Unknown,,4277020.0,,32,One parked--one moving,0,0,N
9802,2,-122.3327989,47.61183846,12320,25536,25536,1783452,Matched,Block,,PIKE ST BETWEEN 7TH AVE AND 8TH AVE,,,2,Injury Collision,Sideswipe,2,0,0,2,2004/08/20 00:00:00+00,8/20/2004 6:15:00 PM,Mid-Block (not related to intersection),16,"MOTOR VEHICLE STRUCK MOTOR VEHICLE, LEFT SIDE SIDESWIPE",,0,Clear,Dry,Daylight,,4233039.0,,11,From same direction - both going straight - both moving - sideswipe,0,0,N
9803,1,,,12321,24951,24951,1793013,Matched,,,,NEI,"Not Enough Information, or Insufficient Location Information",1,Property Damage Only Collision,Sideswipe,2,0,0,2,2004/08/12 00:00:00+00,8/12/2004 10:00:00 AM,Mid-Block (not related to intersection),0,NOT ENOUGH INFORMATION / NOT APPLICABLE,,0,Clear,Dry,Daylight,,4225020.0,,11,From same direction - both going straight - both moving - sideswipe,0,0,N
9804,1,-122.30651189999999,47.67304509,12322,26098,26098,1775688,Matched,Block,,20TH AVE NE BETWEEN NE 61ST ST AND NE NAOMI PL,,,1,Property Damage Only Collision,Parked Car,2,0,0,2,2004/11/23 00:00:00+00,11/23/2004 4:15:00 PM,Mid-Block (not related to intersection),11,"MOTOR VEHICLE STRUCK MOTOR VEHICLE, FRONT END AT ANGLE",,0,Unknown,Unknown,Unknown,,4328009.0,,32,One parked--one moving,0,0,N
9805,1,-122.3259598,47.606036100000004,12323,26144,26144,1217283,Matched,Block,,CHERRY ST BETWEEN 8TH AVE AND 9TH AVE,,,1,Property Damage Only Collision,Parked Car,2,0,0,2,2004/08/29 00:00:00+00,8/29/2004 7:30:00 PM,Mid-Block (not related to intersection),11,"MOTOR VEHICLE STRUCK MOTOR VEHICLE, FRONT END AT ANGLE",,0,Clear,Dry,Dusk,,4242003.0,,32,One parked--one moving,0,0,N
9806,2,-122.31522859999998,47.66567996,12324,26995,26995,1773883,Matched,Block,,12TH AVE NE BETWEEN NE 50TH ST AND NE 52ND ST,,,2,Injury Collision,Other,2,0,0,2,2004/01/09 00:00:00+00,1/9/2004,Driveway Junction,11,"MOTOR VEHICLE STRUCK MOTOR VEHICLE, FRONT END AT ANGLE",,0,Overcast,Wet,Daylight,,4009008.0,,22,One car leaving driveway access,0,0,N
9807,2,-122.32923500000001,47.56766757,12325,25788,25788,1781326,Matched,Intersection,32389.0,4TH AVE S AND S INDUSTRIAL EB WAY,,,2,Injury Collision,Other,1,0,0,1,2004/04/18 00:00:00+00,4/18/2004 10:07:00 AM,At Intersection (intersection related),29,MOTOR VEHICLE OVERTURNED IN ROAD,,0,Clear,Dry,Daylight,,4109002.0,,52,Vehicle overturned,0,0,N
9808,2,-122.2980598,47.63717924,12326,25057,25057,1216776,Matched,Block,,LAKE WASHINGTON BLVD E BETWEEN BOYER AVE E AND E FOSTER ISLAND RD,,,2,Injury Collision,Head On,3,0,0,2,2004/06/24 00:00:00+00,6/24/2004 3:28:00 PM,Mid-Block (not related to intersection),11,"MOTOR VEHICLE STRUCK MOTOR VEHICLE, FRONT END AT ANGLE",Y,0,Clear,Dry,Daylight,,4176025.0,,24,From opposite direction - both moving - head-on,0,0,N
9809,1,-122.36780149999998,47.68692745,12327,26069,26069,C650870,Matched,Block,,NW 80TH ST BETWEEN DIBBLE AVE NW AND 9TH AVE NW,,,1,Property Damage Only Collision,Left Turn,2,0,0,2,2004/12/30 00:00:00+00,12/30/2004 7:00:00 PM,Mid-Block (but intersection related),14,"MOTOR VEHICLE STRUCK MOTOR VEHICLE, REAR END",,0,Overcast,Wet,Dusk,,4365043.0,,15,From same direction - one left turn - one straight,0,0,N
9810,1,-122.3234249,47.66497661,12328,25701,25701,1189643,Matched,Block,,NE 50TH ST BETWEEN 4TH AVE NE AND 5TH AVE NE,,,1,Property Damage Only Collision,Rear Ended,4,0,0,2,2004/12/05 00:00:00+00,12/5/2004,Mid-Block (not related to intersection),14,"MOTOR VEHICLE STRUCK MOTOR VEHICLE, REAR END",Y,0,Clear,Dry,Daylight,,4340017.0,,13,From same direction - both going straight - both moving - rear-end,0,0,N
9811,1,-122.3729174,47.56646381,12329,26605,26605,1785769,Matched,Block,,32ND AVE SW BETWEEN SW ANDOVER ST AND SW GENESEE ST,,,1,Property Damage Only Collision,Parked Car,2,0,0,2,2004/05/06 00:00:00+00,5/6/2004,Mid-Block (not related to intersection),11,"MOTOR VEHICLE STRUCK MOTOR VEHICLE, FRONT END AT ANGLE",,0,Clear,Dry,Dark - Street Lights On,,4127037.0,,32,One parked--one moving,0,0,N
9812,1,-122.3151926,47.71219775,12330,25125,25125,1220327,Matched,Intersection,36476.0,PINEHURST WAY NE AND NE 115TH ST,,,1,Property Damage Only Collision,Angles,4,0,0,2,2004/08/24 00:00:00+00,8/24/2004 1:28:00 PM,At Intersection (intersection related),11,"MOTOR VEHICLE STRUCK MOTOR VEHICLE, FRONT END AT ANGLE",,0,Overcast,Dry,Daylight,,4237032.0,,10,Entering at angle,0,0,N
9813,1,-122.3638162,47.535520299999995,12331,25762,25762,1790409,Matched,Block,,SW WEBSTER ST BETWEEN 24TH AVE SW AND DEAD END 4,,,1,Property Damage Only Collision,Parked Car,2,0,0,2,2004/06/16 00:00:00+00,6/16/2004 12:01:00 AM,Mid-Block (not related to intersection),11,"MOTOR VEHICLE STRUCK MOTOR VEHICLE, FRONT END AT ANGLE",,0,Clear,Dry,Unknown,,4168002.0,,32,One parked--one moving,0,0,N
9814,1,-122.35897759999999,47.55608676,12333,26187,26187,1788803,Matched,Block,,SW DAWSON ST BETWEEN 18TH AVE SW AND 21ST AVE SW,,,1,Property Damage Only Collision,Sideswipe,3,0,0,2,2004/08/12 00:00:00+00,8/12/2004 10:01:00 PM,Mid-Block (not related to intersection),11,"MOTOR VEHICLE STRUCK MOTOR VEHICLE, FRONT END AT ANGLE",Y,0,Clear,Dry,Dark - Street Lights On,,4225008.0,,26,From opposite direction - both going straight - sideswipe,0,0,N
9815,1,-122.34436399999998,47.61503675,12334,26024,26024,1321681,Matched,Block,,BELL ST BETWEEN 3RD AVE AND 4TH AVE,,,1,Property Damage Only Collision,Parked Car,3,0,0,2,2004/04/25 00:00:00+00,4/25/2004 2:45:00 AM,Mid-Block (not related to intersection),15,"MOTOR VEHICLE STRUCK MOTOR VEHICLE, RIGHT SIDE SIDESWIPE",,1,Clear,Dry,Dark - Street Lights On,,4116028.0,,32,One parked--one moving,0,0,N
9816,1,-122.302329,47.65499523,12336,25393,25393,1220257,Matched,Block,,MONTLAKE BLVD NE BETWEEN NE PACIFIC PL AND 25TH AVE NE,,,1,Property Damage Only Collision,Rear Ended,2,0,0,2,2004/11/04 00:00:00+00,11/4/2004,Mid-Block (but intersection related),14,"MOTOR VEHICLE STRUCK MOTOR VEHICLE, REAR END",Y,0,Clear,Dry,Daylight,,4309027.0,,14,From same direction - both going straight - one stopped - rear-end,0,0,N
9817,1,-122.3601018,47.53544208,12338,26374,26374,1789141,Matched,Intersection,33974.0,21ST AVE SW AND SW WEBSTER ST,,,1,Property Damage Only Collision,Other,2,0,0,1,2004/04/18 00:00:00+00,4/18/2004 1:29:00 PM,At Intersection (intersection related),28,MOTOR VEHICLE RAN OFF ROAD - HIT FIXED OBJECT,,0,Clear,Dry,Daylight,,4109008.0,Y,50,Fixed object,0,0,N
9818,1,-122.38818590000001,47.65214698,12339,26138,26138,1777281,Matched,Block,,W RUFFNER ST BETWEEN 24 UPPER AVE W AND 25TH AVE W,,,1,Property Damage Only Collision,Parked Car,2,0,0,2,2004/01/06 00:00:00+00,1/6/2004,Mid-Block (not related to intersection),13,"MOTOR VEHICLE STRUCK MOTOR VEHICLE, LEFT SIDE AT ANGLE",,0,Unknown,Unknown,Unknown,,4006036.0,,32,One parked--one moving,0,0,N
9819,1,-122.3852096,47.58024706,12340,26840,26840,1482062,Matched,Block,,42ND AVE SW BETWEEN SW ADMIRAL WAY AND SW LANDER ST,,,1,Property Damage Only Collision,Parked Car,2,0,0,2,2004/02/19 00:00:00+00,2/19/2004 7:00:00 PM,Mid-Block (not related to intersection),16,"MOTOR VEHICLE STRUCK MOTOR VEHICLE, LEFT SIDE SIDESWIPE",,0,Clear,Dry,Dark - Street Lights On,,4050017.0,,32,One parked--one moving,0,0,N
9820,1,-122.32977379999998,47.61922127,12341,26057,26057,1783428,Matched,Block,,STEWART ST BETWEEN YALE AVE N AND EASTLAKE AVE E,,,1,Property Damage Only Collision,Sideswipe,2,0,0,2,2004/08/04 00:00:00+00,8/4/2004,Mid-Block (not related to intersection),16,"MOTOR VEHICLE STRUCK MOTOR VEHICLE, LEFT SIDE SIDESWIPE",,0,Clear,Dry,Daylight,,4217014.0,,11,From same direction - both going straight - both moving - sideswipe,0,0,N
9821,1,-122.34483429999999,47.71354798,12342,26726,26726,1773561,Matched,Block,,AURORA AVE N BETWEEN N 115TH ST AND N 117TH PL,,,1,Property Damage Only Collision,Rear Ended,4,0,0,2,2004/02/08 00:00:00+00,2/8/2004,Mid-Block (but intersection related),14,"MOTOR VEHICLE STRUCK MOTOR VEHICLE, REAR END",,0,Clear,Dry,Dark - Street Lights On,,4039003.0,,14,From same direction - both going straight - one stopped - rear-end,0,0,N
9822,2,-122.37658590000002,47.69314422,12343,26493,26493,1780136,Matched,Intersection,37274.0,15TH AVE NW AND HOLMAN RD NW,,,2,Injury Collision,Right Turn,5,0,0,2,2004/01/22 00:00:00+00,1/22/2004 6:00:00 PM,At Intersection (intersection related),11,"MOTOR VEHICLE STRUCK MOTOR VEHICLE, FRONT END AT ANGLE",,0,Overcast,Dry,Dark - Street Lights On,,4022001.0,,16,From same direction - one right turn - one straight,0,0,N
9823,1,-122.35148740000001,47.62456996,12344,26884,26884,1182137,Matched,Intersection,28916.0,3RD AVE N AND MERCER ST,,,1,Property Damage Only Collision,Sideswipe,2,0,0,2,2004/01/25 00:00:00+00,1/25/2004 2:20:00 PM,At Intersection (intersection related),16,"MOTOR VEHICLE STRUCK MOTOR VEHICLE, LEFT SIDE SIDESWIPE",,0,Clear,Dry,Daylight,,4025004.0,,11,From same direction - both going straight - both moving - sideswipe,0,0,N
9824,1,-122.33893020000001,47.61853626,12345,25253,25253,1182061,Matched,Block,,DENNY WAY BETWEEN 9TH AVE AND WESTLAKE AVE,,,1,Property Damage Only Collision,Other,1,0,0,1,2004/01/06 00:00:00+00,1/6/2004,Mid-Block (not related to intersection),28,MOTOR VEHICLE RAN OFF ROAD - HIT FIXED OBJECT,,1,Raining,Snow/Slush,Dark - Street Lights On,,4006006.0,,50,Fixed object,0,0,N
9825,1,-122.2924031,47.7328465,12346,25696,25696,1794877,Matched,Block,,LAKE CITY WAY NE BETWEEN NE 143RD ST AND NE 145TH ST,,,1,Property Damage Only Collision,Sideswipe,2,0,0,2,2004/09/22 00:00:00+00,9/22/2004 4:13:00 PM,Mid-Block (but intersection related),11,"MOTOR VEHICLE STRUCK MOTOR VEHICLE, FRONT END AT ANGLE",,0,Raining,Wet,Daylight,,4266036.0,,11,From same direction - both going straight - both moving - sideswipe,0,0,N
9826,1,,,12347,25250,25250,C645431,Matched,,,,NEI,"Not Enough Information, or Insufficient Location Information",1,Property Damage Only Collision,Angles,2,0,0,2,2004/06/19 00:00:00+00,6/19/2004 1:00:00 PM,,0,NOT ENOUGH INFORMATION / NOT APPLICABLE,,0,Clear,Dry,Daylight,,4171034.0,,10,Entering at angle,0,0,N
9827,2,-122.3377446,47.61483186,12348,26398,26398,1784812,Matched,Intersection,29541.0,VIRGINIA ST AND WESTLAKE AVE,,,2,Injury Collision,Angles,2,0,0,2,2004/09/14 00:00:00+00,9/14/2004 6:34:00 PM,At Intersection (intersection related),11,"MOTOR VEHICLE STRUCK MOTOR VEHICLE, FRONT END AT ANGLE",,0,Raining,Dry,Daylight,,4258029.0,,10,Entering at angle,0,0,N
9828,2,-122.3227747,47.61522862,12349,25430,25430,1789928,Matched,Block,,E PINE ST BETWEEN BOYLSTON AVE AND HARVARD AVE,,,2,Injury Collision,Rear Ended,2,0,0,2,2004/02/18 00:00:00+00,2/18/2004 9:01:00 PM,Mid-Block (not related to intersection),14,"MOTOR VEHICLE STRUCK MOTOR VEHICLE, REAR END",,0,Clear,Dry,Dark - Street Lights On,,4049005.0,,14,From same direction - both going straight - one stopped - rear-end,0,0,N
9829,2,-122.3793271,47.52834918,12350,25450,25450,1781134,Matched,Intersection,34687.0,37TH AVE SW AND SW THISTLE ST,,,2,Injury Collision,Angles,2,0,0,2,2004/08/04 00:00:00+00,8/4/2004,At Intersection (intersection related),11,"MOTOR VEHICLE STRUCK MOTOR VEHICLE, FRONT END AT ANGLE",,0,Clear,Dry,Daylight,,4217006.0,,10,Entering at angle,0,0,N
9830,1,-122.3472973,47.69734203,12352,24929,24929,1219883,Matched,Block,,LINDEN AVE N BETWEEN N 94TH ST AND N 95TH ST,,,1,Property Damage Only Collision,Parked Car,2,0,0,2,2004/11/16 00:00:00+00,11/16/2004 1:30:00 PM,Mid-Block (not related to intersection),16,"MOTOR VEHICLE STRUCK MOTOR VEHICLE, LEFT SIDE SIDESWIPE",,0,Clear,Wet,Daylight,,4321015.0,,32,One parked--one moving,0,0,N
9831,1,-122.2766058,47.65360292,12354,25983,25983,1773718,Matched,Block,,EAST LAURELHURST DR NE BETWEEN 47TH AVE NE AND DEAD END,,,1,Property Damage Only Collision,Parked Car,2,0,0,2,2004/07/31 00:00:00+00,7/31/2004 4:40:00 PM,Mid-Block (not related to intersection),11,"MOTOR VEHICLE STRUCK MOTOR VEHICLE, FRONT END AT ANGLE",,0,Clear,Dry,Daylight,,4213014.0,,32,One parked--one moving,0,0,N
9832,2,-122.37281259999999,47.69627424,12355,26620,26620,1205120,Matched,Block,,HOLMAN RD NW BETWEEN 13TH W AVE NW AND 13TH E AVE NW,,,2,Injury Collision,Other,1,0,0,1,2004/05/16 00:00:00+00,5/16/2004 6:00:00 PM,Mid-Block (not related to intersection),28,MOTOR VEHICLE RAN OFF ROAD - HIT FIXED OBJECT,,0,Clear,Dry,Daylight,,4137001.0,,50,Fixed object,0,0,N
9833,2,-122.3551145,47.52195279,12356,26506,26506,1775321,Matched,Block,,16TH AVE SW BETWEEN SW HENDERSON ST AND SW BARTON ST,,,2,Injury Collision,Pedestrian,2,1,0,1,2004/05/04 00:00:00+00,5/4/2004,Mid-Block (not related to intersection),24,MOTOR VEHCILE STRUCK PEDESTRIAN,,0,Overcast,Dry,Daylight,,4125002.0,,0,Vehicle going straight hits pedestrian,0,0,N
9834,2,-122.3073574,47.62007612,12357,25598,25598,C649421,Matched,Block,,19TH AVE E BETWEEN E JOHN ST AND E THOMAS ST,,,2,Injury Collision,Rear Ended,2,0,0,2,2004/11/02 00:00:00+00,11/2/2004,Mid-Block (but intersection related),14,"MOTOR VEHICLE STRUCK MOTOR VEHICLE, REAR END",,0,Raining,Wet,Daylight,,4307052.0,,14,From same direction - both going straight - one stopped - rear-end,0,0,N
9835,2,-122.347606,47.62032232,12358,25390,25390,1213701,Matched,Block,,5TH AVE N BETWEEN JOHN ST AND BROAD ST,,,2,Injury Collision,Other,2,0,0,2,2004/03/17 00:00:00+00,3/17/2004 2:13:00 PM,Driveway Junction,14,"MOTOR VEHICLE STRUCK MOTOR VEHICLE, REAR END",Y,0,Overcast,Dry,Daylight,,4077022.0,,21,One car entering driveway access,0,0,N
9836,1,-122.29859170000002,47.64242236,12359,24938,24938,1772245,Matched,Block,,LAKE WASHINGTON BLVD E BETWEEN E MILLER ST AND E ROANOKE ST,,,1,Property Damage Only Collision,Parked Car,2,0,0,2,2004/05/04 00:00:00+00,5/4/2004,Mid-Block (not related to intersection),13,"MOTOR VEHICLE STRUCK MOTOR VEHICLE, LEFT SIDE AT ANGLE",,0,Clear,Dry,Dark - Street Lights On,,4125022.0,,32,One parked--one moving,0,0,N
9837,1,-122.28528109999999,47.54569398,12360,26378,26378,1793654,Matched,Block,,M L KING JR ER WAY S BETWEEN S GRAHAM ST AND S EDDY ST,,,1,Property Damage Only Collision,Rear Ended,3,0,0,2,2004/07/03 00:00:00+00,7/3/2004,Mid-Block (but intersection related),14,"MOTOR VEHICLE STRUCK MOTOR VEHICLE, REAR END",,0,Clear,Dry,Dusk,,4185014.0,Y,14,From same direction - both going straight - one stopped - rear-end,0,0,N
9838,2,-122.3423716,47.62205575,12362,26702,26702,1482505,Matched,Intersection,28783.0,DEXTER AVE N AND HARRISON ST,,,2,Injury Collision,Left Turn,2,0,0,2,2004/05/28 00:00:00+00,5/28/2004 5:19:00 PM,At Intersection (intersection related),11,"MOTOR VEHICLE STRUCK MOTOR VEHICLE, FRONT END AT ANGLE",,0,Raining,Wet,Daylight,,4149040.0,,28,From opposite direction - one left turn - one straight,0,0,N
9839,1,-122.36045049999998,47.53007875,12363,25203,25203,1795084,Matched,Block,,DELRIDGE WAY SW BETWEEN SW KENYON ST AND SW THISTLE ST,,,1,Property Damage Only Collision,Rear Ended,4,0,0,3,2004/10/09 00:00:00+00,10/9/2004,Mid-Block (but intersection related),14,"MOTOR VEHICLE STRUCK MOTOR VEHICLE, REAR END",Y,0,Raining,Wet,Daylight,,4283044.0,,14,From same direction - both going straight - one stopped - rear-end,0,0,N
9840,1,-122.32031289999999,47.69174844,12365,25552,25552,1199052,Matched,Block,,8TH AVE NE BETWEEN NE 86TH ST AND NE 88TH ST,,,1,Property Damage Only Collision,Other,2,0,0,2,2004/10/02 00:00:00+00,10/2/2004,Mid-Block (but intersection related),14,"MOTOR VEHICLE STRUCK MOTOR VEHICLE, REAR END",,0,Clear,Dry,Daylight,,4276004.0,,50,Fixed object,0,0,N
9841,1,,,12366,27022,27022,1470592,Matched,Block,,ALASKAN WY VI SB BETWEEN COLUMBIA ST ON RP AND ALASKAN WY VI SB EFR OFF RP,,,1,Property Damage Only Collision,Other,1,0,0,1,2004/05/22 00:00:00+00,5/22/2004 2:00:00 PM,Mid-Block (not related to intersection),28,MOTOR VEHICLE RAN OFF ROAD - HIT FIXED OBJECT,,0,Raining,Wet,Daylight,,4143009.0,,50,Fixed object,0,0,N
9842,1,-122.3760759,47.63286216,12367,25115,25115,1059882,Matched,Block,,15TH AVE W BETWEEN ELLIOTT AVE W AND MAGNOLIA BR OFF RP,,,1,Property Damage Only Collision,Other,2,0,0,2,2004/12/01 00:00:00+00,12/1/2004,Driveway Junction,16,"MOTOR VEHICLE STRUCK MOTOR VEHICLE, LEFT SIDE SIDESWIPE",Y,0,Clear,Dry,Daylight,,4336024.0,,22,One car leaving driveway access,0,0,N
9843,1,-122.2860912,47.54701438,12368,25478,25478,1793479,Matched,Block,,M L KING JR WR WAY S BETWEEN S RAYMOND ST AND S GRAHAM ST,,,1,Property Damage Only Collision,Other,4,0,0,2,2004/08/12 00:00:00+00,8/12/2004 4:00:00 PM,Driveway Junction,11,"MOTOR VEHICLE STRUCK MOTOR VEHICLE, FRONT END AT ANGLE",,0,Clear,Dry,Daylight,,4225019.0,,21,One car entering driveway access,0,0,N
9844,1,-122.30684879999998,47.66485733,12369,25249,25249,C645560,Matched,Block,,NE 50TH ST BETWEEN 19TH AVE NE AND 20TH AVE NE,,,1,Property Damage Only Collision,Rear Ended,2,0,0,2,2004/06/17 00:00:00+00,6/17/2004 9:45:00 PM,Mid-Block (but intersection related),11,"MOTOR VEHICLE STRUCK MOTOR VEHICLE, FRONT END AT ANGLE",,0,Clear,Dry,Dark - Street Lights On,,4169042.0,,14,From same direction - both going straight - one stopped - rear-end,0,0,N
9845,1,-122.3488768,47.62456433,12371,25575,25575,1321221,Matched,Intersection,28915.0,4TH AVE N AND MERCER ST,,,1,Property Damage Only Collision,Left Turn,3,0,0,2,2004/08/28 00:00:00+00,8/28/2004 11:40:00 AM,At Intersection (intersection related),11,"MOTOR VEHICLE STRUCK MOTOR VEHICLE, FRONT END AT ANGLE",,0,Clear,Dry,Daylight,,4241030.0,,15,From same direction - one left turn - one straight,0,0,N
9846,2,-122.4056793,47.58106924,12372,25595,25595,1790389,Matched,Block,,ALKI AVE SW BETWEEN 57TH AVE SW AND 58TH AVE SW,,,2,Injury Collision,Rear Ended,3,0,0,2,2004/09/04 00:00:00+00,9/4/2004,Mid-Block (but intersection related),14,"MOTOR VEHICLE STRUCK MOTOR VEHICLE, REAR END",Y,0,Clear,Dry,Daylight,,4248015.0,,14,From same direction - both going straight - one stopped - rear-end,0,0,N
9847,1,-122.3176382,47.66129874,12374,25075,25075,1775915,Matched,Intersection,27066.0,ROOSEVELT WAY NE AND NE 45TH ST,,,1,Property Damage Only Collision,Sideswipe,3,0,0,2,2004/02/22 00:00:00+00,2/22/2004 5:10:00 PM,At Intersection (but not related to intersection),16,"MOTOR VEHICLE STRUCK MOTOR VEHICLE, LEFT SIDE SIDESWIPE",,0,Clear,Dry,Daylight,,4053004.0,,11,From same direction - both going straight - both moving - sideswipe,0,0,N
9848,1,-122.36488529999998,47.65911969,12375,26459,26459,1774746,Matched,Block,,LEARY WAY NW BETWEEN NW 43RD ST AND 7TH AVE NW,,,1,Property Damage Only Collision,Rear Ended,4,0,0,2,2004/07/22 00:00:00+00,7/22/2004 12:24:00 PM,Mid-Block (not related to intersection),14,"MOTOR VEHICLE STRUCK MOTOR VEHICLE, REAR END",Y,0,Clear,Dry,Daylight,,4204007.0,,14,From same direction - both going straight - one stopped - rear-end,0,0,N
9849,2,-122.33095209999999,47.60394844,12376,25987,25987,1784806,Matched,Intersection,29971.0,4TH AVE AND CHERRY ST,,,2,Injury Collision,Angles,3,0,0,2,2004/09/03 00:00:00+00,9/3/2004,At Intersection (intersection related),11,"MOTOR VEHICLE STRUCK MOTOR VEHICLE, FRONT END AT ANGLE",,0,Clear,Dry,Dusk,,4247010.0,,10,Entering at angle,0,0,N
9850,2,-122.31288149999999,47.57947308,12378,25642,25642,1771875,Matched,Block,,S LANDER ST BETWEEN 15TH AVE S AND BEACON AVE S,,,2,Injury Collision,Pedestrian,2,1,0,1,2004/08/25 00:00:00+00,8/25/2004 4:37:00 PM,Mid-Block (not related to intersection),24,MOTOR VEHCILE STRUCK PEDESTRIAN,,0,Raining,Wet,Daylight,,4238051.0,,0,Vehicle going straight hits pedestrian,0,0,N
9851,1,-122.3534473,47.62457414,12379,25370,25370,C647409,Matched,Block,,MERCER ST BETWEEN WARREN AVE N AND 2ND AVE N,,,1,Property Damage Only Collision,Other,2,0,0,2,2004/09/05 00:00:00+00,9/5/2004,Driveway Junction,11,"MOTOR VEHICLE STRUCK MOTOR VEHICLE, FRONT END AT ANGLE",,0,Clear,Dry,Daylight,,4249030.0,,21,One car entering driveway access,0,0,N
9852,1,-122.3368348,47.66138638,12380,26207,26207,1794611,Matched,Block,,N 45TH ST BETWEEN DENSMORE E AVE N AND WALLINGFORD AVE N,,,1,Property Damage Only Collision,Parked Car,2,0,0,2,2004/10/22 00:00:00+00,10/22/2004 11:00:00 PM,Mid-Block (not related to intersection),14,"MOTOR VEHICLE STRUCK MOTOR VEHICLE, REAR END",Y,0,Clear,Dry,Daylight,,4296040.0,,32,One parked--one moving,0,0,N
9853,1,-122.30781529999999,47.66125829,12381,27001,27001,1782420,Matched,Block,,NE 45TH ST BETWEEN 18TH AVE NE AND 19TH AVE NE,,,1,Property Damage Only Collision,Rear Ended,4,0,0,3,2004/04/08 00:00:00+00,4/8/2004,Mid-Block (not related to intersection),14,"MOTOR VEHICLE STRUCK MOTOR VEHICLE, REAR END",,0,Clear,Dry,Daylight,,4099012.0,,14,From same direction - both going straight - one stopped - rear-end,0,0,N
9854,1,-122.33491740000001,47.61163827,12384,25474,25474,1186516,Matched,Block,,6TH AVE BETWEEN PIKE ST AND PINE ST,,,1,Property Damage Only Collision,Parked Car,2,0,0,2,2004/06/24 00:00:00+00,6/24/2004 11:10:00 PM,Mid-Block (not related to intersection),16,"MOTOR VEHICLE STRUCK MOTOR VEHICLE, LEFT SIDE SIDESWIPE",,0,Overcast,Dry,Dark - Street Lights On,,4176031.0,,32,One parked--one moving,0,0,N
9855,2,-122.29065020000002,47.71195942,12385,25835,25835,C650775,Matched,Intersection,36830.0,35TH AVE NE AND NE 115TH ST,,,2,Injury Collision,Angles,2,0,0,2,2004/12/29 00:00:00+00,12/29/2004 10:15:00 PM,At Intersection (intersection related),11,"MOTOR VEHICLE STRUCK MOTOR VEHICLE, FRONT END AT ANGLE",,0,Overcast,Wet,Dark - Street Lights On,,4364069.0,,10,Entering at angle,0,0,N