,SEVERITYCODE,X,Y,OBJECTID,INCKEY,COLDETKEY,REPORTNO,STATUS,ADDRTYPE,INTKEY,LOCATION,EXCEPTRSNCODE,EXCEPTRSNDESC,SEVERITYCODE.1,SEVERITYDESC,COLLISIONTYPE,PERSONCOUNT,PEDCOUNT,PEDCYLCOUNT,VEHCOUNT,INCDATE,INCDTTM,JUNCTIONTYPE,SDOT_COLCODE,SDOT_COLDESC,INATTENTIONIND,UNDERINFL,WEATHER,ROADCOND,LIGHTCOND,PEDROWNOTGRNT,SDOTCOLNUM,SPEEDING,ST_COLCODE,ST_COLDESC,SEGLANEKEY,CROSSWALKKEY,HITPARKEDCAR
9856,2,-122.34471869999999,47.70654592,12386,25330,25330,1080329,Matched,Intersection,36359.0,AURORA AVE N AND N 107TH S ST,,,2,Injury Collision,Rear Ended,2,0,0,2,2004/06/18 00:00:00+00,6/18/2004 7:26:00 PM,At Intersection (but not related to intersection),14,"MOTOR VEHICLE STRUCK MOTOR VEHICLE, REAR END",Y,0,Clear,Dry,Daylight,,4170009.0,,14,From same direction - both going straight - one stopped - rear-end,0,0,N
9857,2,-122.31008390000001,47.57699349,12387,26466,26466,1771953,Matched,Intersection,31645.0,BEACON AVE S AND S STEVENS ST,,,2,Injury Collision,Angles,2,0,0,2,2004/03/16 00:00:00+00,3/16/2004 8:42:00 AM,At Intersection (intersection related),11,"MOTOR VEHICLE STRUCK MOTOR VEHICLE, FRONT END AT ANGLE",,0,Clear,Dry,Daylight,,4076002.0,,10,Entering at angle,0,0,N
9858,1,-122.2980618,47.58760704,12388,25442,25442,1784403,Matched,Block,,M L KING JR WAY S BETWEEN S MASSACHUSETTS ST AND S GRAND ST,,,1,Property Damage Only Collision,Parked Car,2,0,0,2,2004/10/20 00:00:00+00,10/20/2004 11:07:00 PM,Mid-Block (not related to intersection),14,"MOTOR VEHICLE STRUCK MOTOR VEHICLE, REAR END",,0,Clear,Dry,Dark - Street Lights On,,4294014.0,,32,One parked--one moving,0,0,N
9859,2,-122.3357273,47.61336283,12390,25798,25798,1071919,Matched,Block,,OLIVE WAY BETWEEN 6TH AVE AND 7TH AVE,,,2,Injury Collision,Angles,2,0,0,2,2004/10/25 00:00:00+00,10/25/2004 7:16:00 PM,Driveway Junction,11,"MOTOR VEHICLE STRUCK MOTOR VEHICLE, FRONT END AT ANGLE",,0,Overcast,Dry,Dusk,,4299010.0,,10,Entering at angle,0,0,N
9860,1,-122.3582737,47.63777666,12392,26354,26354,1777038,Matched,Block,,1ST AVE W BETWEEN W CROCKETT ST AND W BOSTON ST,,,1,Property Damage Only Collision,Parked Car,2,0,0,2,2004/03/09 00:00:00+00,3/9/2004,Mid-Block (not related to intersection),13,"MOTOR VEHICLE STRUCK MOTOR VEHICLE, LEFT SIDE AT ANGLE",,0,Clear,Dry,Daylight,,4069015.0,,32,One parked--one moving,0,0,N
9861,2,-122.30205729999999,47.55103163,12393,25559,25559,1773314,Matched,Intersection,33267.0,BEACON WR AVE S AND S ORCAS ST,,,2,Injury Collision,Angles,3,0,0,2,2004/10/08 00:00:00+00,10/8/2004,At Intersection (intersection related),11,"MOTOR VEHICLE STRUCK MOTOR VEHICLE, FRONT END AT ANGLE",,0,Raining,Wet,Daylight,,4282031.0,,10,Entering at angle,0,0,N
9862,1,-122.26161929999999,47.51914685,12396,25770,25770,1772782,Matched,Block,,57TH AVE S BETWEEN WATERS AVE S AND S FLETCHER ST,,,1,Property Damage Only Collision,Parked Car,2,0,0,2,2004/05/29 00:00:00+00,5/29/2004 12:41:00 PM,Mid-Block (not related to intersection),11,"MOTOR VEHICLE STRUCK MOTOR VEHICLE, FRONT END AT ANGLE",,0,Clear,Dry,Daylight,,4150016.0,,20,One car leaving parked position,0,0,N
9863,1,-122.3397459,47.62387774,12397,25191,25191,1213754,Matched,Block,,9TH AVE N BETWEEN REPUBLICAN ST AND MERCER SR ST,,,1,Property Damage Only Collision,Left Turn,3,0,0,2,2004/03/21 00:00:00+00,3/21/2004 2:47:00 PM,Mid-Block (but intersection related),16,"MOTOR VEHICLE STRUCK MOTOR VEHICLE, LEFT SIDE SIDESWIPE",,0,Clear,Dry,Daylight,,4081017.0,,15,From same direction - one left turn - one straight,0,0,N
9864,2,-122.34046670000001,47.60931643,12399,26177,26177,1316446,Matched,Block,,1ST AVE BETWEEN PIKE ST AND PINE ST,,,2,Injury Collision,Rear Ended,2,0,0,2,2004/02/19 00:00:00+00,2/19/2004 11:21:00 PM,Mid-Block (but intersection related),14,"MOTOR VEHICLE STRUCK MOTOR VEHICLE, REAR END",Y,1,Clear,Dry,Dark - Street Lights On,,4050024.0,,14,From same direction - both going straight - one stopped - rear-end,0,0,N
9865,2,-122.34449199999999,47.6847677,12400,27015,27015,1790610,Matched,Intersection,24297.0,AURORA AVE N AND N 77TH ST,,,2,Injury Collision,Left Turn,3,0,0,2,2004/10/05 00:00:00+00,10/5/2004,At Intersection (intersection related),11,"MOTOR VEHICLE STRUCK MOTOR VEHICLE, FRONT END AT ANGLE",,0,Clear,Dry,Daylight,,4279043.0,,28,From opposite direction - one left turn - one straight,0,0,N
9866,1,-122.3926486,47.53538773,12402,25686,25686,1223250,Matched,Block,,FAUNTLEROY WAY SW BETWEEN 47TH AVE SW AND SW AUSTIN ST,,,1,Property Damage Only Collision,Rear Ended,3,0,0,2,2004/09/03 00:00:00+00,9/3/2004,Mid-Block (not related to intersection),14,"MOTOR VEHICLE STRUCK MOTOR VEHICLE, REAR END",Y,0,Clear,Dry,Dusk,,4247019.0,,14,From same direction - both going straight - one stopped - rear-end,0,0,N
9867,1,-122.3492745,47.53405331,12403,25097,25097,1789332,Matched,Intersection,34152.0,11TH AVE SW AND SW HOLDEN ST,,,1,Property Damage Only Collision,Head On,2,0,0,2,2004/03/10 00:00:00+00,3/10/2004 6:51:00 AM,At Intersection (intersection related),11,"MOTOR VEHICLE STRUCK MOTOR VEHICLE, FRONT END AT ANGLE",,0,Clear,Dry,Daylight,,4070018.0,,30,From opposite direction - all others,0,0,N
9868,1,-122.37621409999998,47.66905469,12405,26280,26280,1212325,Matched,Block,,15TH AVE NW BETWEEN NW MARKET ST AND NW 56TH ST,,,1,Property Damage Only Collision,Rear Ended,3,0,0,2,2004/04/13 00:00:00+00,4/13/2004 4:26:00 PM,Mid-Block (but intersection related),14,"MOTOR VEHICLE STRUCK MOTOR VEHICLE, REAR END",,0,Clear,Dry,Daylight,,4104017.0,Y,14,From same direction - both going straight - one stopped - rear-end,0,0,N
9869,2,-122.3875765,47.66867869,12406,26990,26990,1319747,Matched,Intersection,25143.0,24TH AVE NW AND NW MARKET ST,,,2,Injury Collision,Angles,3,0,0,2,2004/06/18 00:00:00+00,6/18/2004 4:51:00 PM,At Intersection (intersection related),11,"MOTOR VEHICLE STRUCK MOTOR VEHICLE, FRONT END AT ANGLE",,0,Clear,Dry,Daylight,,4170011.0,,10,Entering at angle,0,0,N
9870,1,-122.3250007,47.61522188,12407,25510,25510,1772458,Matched,Block,,E PINE ST BETWEEN SUMMIT AVE AND BELMONT AVE,,,1,Property Damage Only Collision,Parked Car,3,0,0,2,2004/06/16 00:00:00+00,6/16/2004 12:53:00 PM,Mid-Block (not related to intersection),14,"MOTOR VEHICLE STRUCK MOTOR VEHICLE, REAR END",,0,Clear,Dry,Daylight,,4168034.0,,32,One parked--one moving,0,0,N
9871,1,-122.39142659999999,47.51634057,12408,25060,25060,1775236,Matched,Block,,MARINE VIEW DR SW BETWEEN 45TH AVE SW AND 46TH AVE SW,,,1,Property Damage Only Collision,Angles,3,0,0,2,2004/02/27 00:00:00+00,2/27/2004 9:03:00 AM,Mid-Block (but intersection related),11,"MOTOR VEHICLE STRUCK MOTOR VEHICLE, FRONT END AT ANGLE",,0,Raining,Wet,Daylight,,4058034.0,,10,Entering at angle,0,0,N
9872,1,-122.3236058,47.68561907,12409,26208,26208,1794681,Matched,Block,,BANNER WAY NE BETWEEN 5TH AVE NE AND 4TH AVE NE,,,1,Property Damage Only Collision,Rear Ended,3,0,0,2,2004/10/16 00:00:00+00,10/16/2004 4:30:00 PM,Mid-Block (but intersection related),14,"MOTOR VEHICLE STRUCK MOTOR VEHICLE, REAR END",,0,Raining,Wet,Daylight,,4290043.0,Y,14,From same direction - both going straight - one stopped - rear-end,0,0,N
9873,2,-122.30893059999998,47.60802615,12410,25845,25845,1772054,Matched,Intersection,30178.0,18TH AVE AND E CHERRY ST,,,2,Injury Collision,Angles,3,0,0,2,2004/03/21 00:00:00+00,3/21/2004 10:04:00 PM,At Intersection (intersection related),11,"MOTOR VEHICLE STRUCK MOTOR VEHICLE, FRONT END AT ANGLE",,0,Clear,Dry,Dark - Street Lights On,,4081015.0,,10,Entering at angle,0,0,N
9874,1,-122.346944,47.61304175,12411,26891,26891,1069480,Matched,Block,,BELL ST BETWEEN WESTERN AVE AND 1ST AVE,,,1,Property Damage Only Collision,Other,3,0,0,2,2004/11/24 00:00:00+00,11/24/2004 11:06:00 PM,Mid-Block (not related to intersection),11,"MOTOR VEHICLE STRUCK MOTOR VEHICLE, FRONT END AT ANGLE",,0,Raining,Wet,Dark - Street Lights On,,4329032.0,,21,One car entering driveway access,0,0,N
9875,1,-122.32245,47.59792816,12413,25624,25624,1777015,Matched,Block,,8TH AVE S BETWEEN S KING ST AND S WELLER ST,,,1,Property Damage Only Collision,Rear Ended,4,0,0,2,2004/04/06 00:00:00+00,4/6/2004,Mid-Block (but intersection related),14,"MOTOR VEHICLE STRUCK MOTOR VEHICLE, REAR END",Y,0,Clear,Dry,Daylight,,4097004.0,,14,From same direction - both going straight - one stopped - rear-end,0,0,N
9876,2,-122.3337432,47.66029647,12415,26328,26328,1776175,Matched,Intersection,27189.0,MERIDIAN AVE N AND N 44TH ST,,,2,Injury Collision,Cycles,2,0,1,1,2004/09/08 00:00:00+00,9/8/2004,At Intersection (intersection related),51,PEDALCYCLIST STRUCK MOTOR VEHICLE FRONT END AT ANGLE,,1,Overcast,Dry,Dark - No Street Lights,,4252039.0,,45,Vehicle - Pedalcyclist,0,0,N
9877,2,-122.3208545,47.61873954,12417,25736,25736,C649409,Matched,Intersection,29068.0,BROADWAY AND E DENNY WAY,,,2,Injury Collision,Left Turn,2,0,0,2,2004/11/01 00:00:00+00,11/1/2004,At Intersection (intersection related),11,"MOTOR VEHICLE STRUCK MOTOR VEHICLE, FRONT END AT ANGLE",,0,Unknown,Unknown,Unknown,,4306070.0,,28,From opposite direction - one left turn - one straight,0,0,N
9878,1,-122.3207601,47.61121421,12419,25230,25230,1771995,Matched,Block,,BROADWAY BETWEEN MADISON ST AND HARVARD AVE,,,1,Property Damage Only Collision,Parked Car,2,0,0,2,2004/09/16 00:00:00+00,9/16/2004 4:00:00 PM,Mid-Block (not related to intersection),14,"MOTOR VEHICLE STRUCK MOTOR VEHICLE, REAR END",,0,Raining,Wet,Daylight,,4260006.0,,32,One parked--one moving,0,0,N
9879,1,-122.33610800000001,47.6062292,12420,26231,26231,1784689,Matched,Block,,2ND AVE BETWEEN SPRING ST AND SENECA ST,,,1,Property Damage Only Collision,Other,3,0,0,2,2004/11/09 00:00:00+00,11/9/2004,Mid-Block (not related to intersection),11,"MOTOR VEHICLE STRUCK MOTOR VEHICLE, FRONT END AT ANGLE",,0,Clear,Dry,Daylight,,4314030.0,,22,One car leaving driveway access,0,0,N
9880,2,-122.3184327,47.59918656,12421,26271,26271,1789786,Matched,Block,,S JACKSON ST BETWEEN 10TH AVE S AND 12TH AVE S,,,2,Injury Collision,Rear Ended,2,0,0,2,2004/06/01 00:00:00+00,6/1/2004,Mid-Block (but intersection related),14,"MOTOR VEHICLE STRUCK MOTOR VEHICLE, REAR END",,0,Clear,Dry,Daylight,,4153023.0,,14,From same direction - both going straight - one stopped - rear-end,0,0,N
9881,1,-122.2902638,47.67488274,12422,26768,26768,1774487,Matched,Block,,35TH AVE NE BETWEEN NE 62ND ST AND NE 65TH ST,,,1,Property Damage Only Collision,Rear Ended,2,0,0,2,2004/03/04 00:00:00+00,3/4/2004,Mid-Block (not related to intersection),14,"MOTOR VEHICLE STRUCK MOTOR VEHICLE, REAR END",Y,0,Raining,Wet,Daylight,,4064025.0,,13,From same direction - both going straight - both moving - rear-end,0,0,N
9882,1,-122.2887227,47.66053012,12424,26722,26722,1079780,Matched,Block,,NE 44TH ST BETWEEN 36TH AVE NE AND 37TH AVE NE,,,1,Property Damage Only Collision,Parked Car,2,0,0,2,2004/10/13 00:00:00+00,10/13/2004 5:40:00 PM,Mid-Block (not related to intersection),14,"MOTOR VEHICLE STRUCK MOTOR VEHICLE, REAR END",,0,Clear,Dry,Daylight,,4287029.0,,32,One parked--one moving,0,0,N
9883,1,-122.32681969999999,47.61707676,12425,26321,26321,1216765,Matched,Intersection,29846.0,BELLEVUE AVE AND E OLIVE WAY,,,1,Property Damage Only Collision,Left Turn,4,0,0,2,2004/07/21 00:00:00+00,7/21/2004 4:44:00 PM,At Intersection (intersection related),11,"MOTOR VEHICLE STRUCK MOTOR VEHICLE, FRONT END AT ANGLE",,0,Clear,Dry,Daylight,,4203025.0,,28,From opposite direction - one left turn - one straight,0,0,N
9884,1,-122.34499679999999,47.72503555,12426,26742,26742,1199643,Matched,Block,,AURORA AVE N BETWEEN N 130TH ST AND N 135TH ST,,,1,Property Damage Only Collision,Other,2,0,0,2,2004/12/29 00:00:00+00,12/29/2004 7:10:00 AM,Driveway Junction,11,"MOTOR VEHICLE STRUCK MOTOR VEHICLE, FRONT END AT ANGLE",,0,Raining,Wet,Dawn,,4364058.0,,21,One car entering driveway access,0,0,N
9885,1,-122.38220770000001,47.581162299999995,12427,24973,24973,1790778,Matched,Block,,SW ADMIRAL WAY BETWEEN 39TH AVE SW AND WALNUT AVE SW,,,1,Property Damage Only Collision,Other,5,0,0,2,2004/08/31 00:00:00+00,8/31/2004 5:12:00 PM,Mid-Block (but intersection related),14,"MOTOR VEHICLE STRUCK MOTOR VEHICLE, REAR END",,0,Clear,Dry,Daylight,,4244012.0,,23,From same direction - all others,0,0,N
9886,1,-122.34240190000001,47.61855016,12428,25692,25692,1777395,Matched,Intersection,29515.0,DENNY WAY AND DEXTER AVE,,,1,Property Damage Only Collision,Right Turn,2,0,0,2,2004/01/27 00:00:00+00,1/27/2004 5:29:00 PM,At Intersection (intersection related),11,"MOTOR VEHICLE STRUCK MOTOR VEHICLE, FRONT END AT ANGLE",,0,Clear,Dry,Dark - Street Lights On,,4027012.0,,16,From same direction - one right turn - one straight,0,0,N
9887,2,-122.32085009999999,47.72145881,12430,26115,26115,1220541,Matched,Intersection,35891.0,ROOSEVELT WAY NE AND NE 127TH ST,,,2,Injury Collision,Angles,2,0,0,2,2004/11/01 00:00:00+00,11/1/2004,At Intersection (intersection related),11,"MOTOR VEHICLE STRUCK MOTOR VEHICLE, FRONT END AT ANGLE",,0,Raining,Wet,Dark - Street Lights On,,4306014.0,,10,Entering at angle,0,0,N
9888,2,-122.31545759999999,47.60805331,12431,26157,26157,1789983,Matched,Intersection,29794.0,13TH AVE AND E CHERRY ST,,,2,Injury Collision,Angles,2,0,0,2,2004/02/23 00:00:00+00,2/23/2004 6:25:00 PM,At Intersection (intersection related),11,"MOTOR VEHICLE STRUCK MOTOR VEHICLE, FRONT END AT ANGLE",,0,Overcast,Dry,Dark - Street Lights On,,4054020.0,,10,Entering at angle,0,0,N
9889,1,-122.34455890000001,47.66138479,12434,27053,27053,1220008,Matched,Intersection,26800.0,WOODLAND PARK AVE N AND N 45TH ST,,,1,Property Damage Only Collision,Angles,2,0,0,2,2004/11/06 00:00:00+00,11/6/2004,At Intersection (intersection related),11,"MOTOR VEHICLE STRUCK MOTOR VEHICLE, FRONT END AT ANGLE",,0,Overcast,Dry,Daylight,,4311023.0,,10,Entering at angle,0,0,N
9890,1,-122.33089640000001,47.6022093,12435,25515,25515,1782843,Matched,Block,,3RD AVE BETWEEN YESLER WAY AND JAMES ST,,,1,Property Damage Only Collision,Rear Ended,3,0,0,2,2004/04/20 00:00:00+00,4/20/2004 9:13:00 AM,Mid-Block (but intersection related),14,"MOTOR VEHICLE STRUCK MOTOR VEHICLE, REAR END",,0,Clear,Dry,Daylight,,4111027.0,,14,From same direction - both going straight - one stopped - rear-end,0,0,N
9891,1,-122.3565303,47.55015071,12436,25222,25222,1785844,Matched,Block,,SW JUNEAU ST BETWEEN 17TH AVE SW AND 18TH AVE SW,,,1,Property Damage Only Collision,Other,1,0,0,1,2004/04/25 00:00:00+00,4/25/2004 3:00:00 AM,Mid-Block (but intersection related),28,MOTOR VEHICLE RAN OFF ROAD - HIT FIXED OBJECT,,0,Clear,Dry,Dark - No Street Lights,,4116011.0,Y,50,Fixed object,0,0,N
9892,1,-122.38758729999999,47.66945776,12437,26364,26364,1476146,Matched,Intersection,25141.0,24TH AVE NW AND NW 56TH ST,,,1,Property Damage Only Collision,Angles,2,0,0,2,2004/05/26 00:00:00+00,5/26/2004 5:31:00 PM,At Intersection (intersection related),11,"MOTOR VEHICLE STRUCK MOTOR VEHICLE, FRONT END AT ANGLE",,0,Raining,Wet,Daylight,,4147021.0,,10,Entering at angle,0,0,N
9893,1,-122.332799,47.62722135,12438,25990,25990,1772506,Matched,Intersection,29088.0,ALOHA ST AND FAIRVIEW AVE N,,,1,Property Damage Only Collision,Left Turn,2,0,0,2,2004/05/21 00:00:00+00,5/21/2004 4:54:00 PM,At Intersection (intersection related),11,"MOTOR VEHICLE STRUCK MOTOR VEHICLE, FRONT END AT ANGLE",,0,Clear,Dry,Daylight,,4142014.0,Y,28,From opposite direction - one left turn - one straight,0,0,N
9894,2,-122.27766409999998,47.55117602,12441,25787,25787,1771584,Matched,Intersection,33512.0,RAINIER AVE S AND S ORCAS ST,,,2,Injury Collision,Pedestrian,2,1,0,1,2004/05/20 00:00:00+00,5/20/2004 9:21:00 PM,At Intersection (intersection related),24,MOTOR VEHCILE STRUCK PEDESTRIAN,,1,Clear,Dry,Dusk,Y,4141026.0,,1,Vehicle turning right hits pedestrian,0,0,N
9895,2,-122.33203020000002,47.69049981,12442,25369,25369,1776677,Matched,Block,,N 85TH ST BETWEEN MERIDIAN AVE N AND CORLISS WAY N,,,2,Injury Collision,Rear Ended,6,0,0,2,2004/08/31 00:00:00+00,8/31/2004 7:05:00 PM,Mid-Block (not related to intersection),14,"MOTOR VEHICLE STRUCK MOTOR VEHICLE, REAR END",Y,0,Clear,Dry,Daylight,,4244009.0,,14,From same direction - both going straight - one stopped - rear-end,0,0,N
9896,2,-122.3076426,47.54191861,12444,26033,26033,1775071,Matched,Block,,AIRPORT WAY S BETWEEN S HARDY ST AND S OTHELLO ST,,,2,Injury Collision,Rear Ended,2,0,0,2,2004/02/11 00:00:00+00,2/11/2004 8:00:00 AM,Mid-Block (but intersection related),14,"MOTOR VEHICLE STRUCK MOTOR VEHICLE, REAR END",Y,0,Clear,Wet,Daylight,,4042016.0,,14,From same direction - both going straight - one stopped - rear-end,0,0,N
9897,1,-122.2838926,47.54282446,12446,25893,25893,1793258,Matched,Block,,M L KING JR ER WAY S BETWEEN S WARSAW ST AND S HOLLY ST,,,1,Property Damage Only Collision,Rear Ended,2,0,0,2,2004/06/25 00:00:00+00,6/25/2004 1:14:00 PM,Mid-Block (not related to intersection),14,"MOTOR VEHICLE STRUCK MOTOR VEHICLE, REAR END",,0,Clear,Dry,Daylight,,4177002.0,,14,From same direction - both going straight - one stopped - rear-end,0,0,N
9898,1,-122.3486733,47.61347959,12448,25241,25241,1783733,Matched,Intersection,29699.0,BATTERY ST AND WESTERN AVE,,,1,Property Damage Only Collision,Left Turn,2,0,0,2,2004/09/20 00:00:00+00,9/20/2004 1:26:00 PM,At Intersection (intersection related),11,"MOTOR VEHICLE STRUCK MOTOR VEHICLE, FRONT END AT ANGLE",,0,Clear,Dry,Daylight,,4264002.0,,15,From same direction - one left turn - one straight,0,0,N
9899,1,-122.3408978,47.61061931,12450,26288,26288,1781938,Matched,Block,,STEWART ST BETWEEN 1ST AVE AND 2ND AVE,,,1,Property Damage Only Collision,Parked Car,2,0,0,2,2004/06/22 00:00:00+00,6/22/2004 5:15:00 PM,Mid-Block (not related to intersection),11,"MOTOR VEHICLE STRUCK MOTOR VEHICLE, FRONT END AT ANGLE",,0,Clear,Dry,Daylight,,4174003.0,,32,One parked--one moving,0,0,N
9900,1,-122.30378359999999,47.60687704,12451,26998,26998,1772329,Matched,Intersection,30184.0,22ND AVE AND E JAMES S ST,,,1,Property Damage Only Collision,Sideswipe,2,0,0,2,2004/05/02 00:00:00+00,5/2/2004,At Intersection (intersection related),16,"MOTOR VEHICLE STRUCK MOTOR VEHICLE, LEFT SIDE SIDESWIPE",,0,Clear,Dry,Dark - Street Lights On,,4123019.0,,12,From same direction - both going straight - one stopped - sideswipe,0,0,N
9901,1,-122.2821353,47.55470845,12452,25859,25859,C649405,Matched,Block,,RAINIER AVE S BETWEEN 39TH S AVE S AND 42ND AVE S,,,1,Property Damage Only Collision,Sideswipe,2,0,0,2,2004/11/01 00:00:00+00,11/1/2004,Mid-Block (not related to intersection),16,"MOTOR VEHICLE STRUCK MOTOR VEHICLE, LEFT SIDE SIDESWIPE",,0,Raining,Wet,Daylight,,4306066.0,,11,From same direction - both going straight - both moving - sideswipe,0,0,N
9902,1,-122.35475120000001,47.62457689,12453,25791,25791,1783760,Matched,Block,,MERCER ST BETWEEN 1ST AVE N AND WARREN AVE N,,,1,Property Damage Only Collision,Sideswipe,3,0,0,2,2004/09/10 00:00:00+00,9/10/2004 10:30:00 PM,Mid-Block (not related to intersection),11,"MOTOR VEHICLE STRUCK MOTOR VEHICLE, FRONT END AT ANGLE",,0,Raining,Wet,Dark - Street Lights On,,4254022.0,,11,From same direction - both going straight - both moving - sideswipe,0,0,N
9903,1,-122.3411375,47.60919708,12454,25208,25208,1074644,Matched,Block,,POST AL BETWEEN PIKE PL AND PINE ST,,,1,Property Damage Only Collision,Parked Car,2,0,0,2,2004/07/21 00:00:00+00,7/21/2004 6:17:00 PM,Mid-Block (not related to intersection),11,"MOTOR VEHICLE STRUCK MOTOR VEHICLE, FRONT END AT ANGLE",,0,Clear,Dry,Daylight,,4203033.0,,32,One parked--one moving,0,0,N
9904,1,-122.316156,47.65241666,12455,26485,26485,C633637,Matched,Block,,NE BOAT ST BETWEEN NE BOAT WR ST AND BROOKLYN AVE NE,,,1,Property Damage Only Collision,Parked Car,2,0,0,2,2004/05/20 00:00:00+00,5/20/2004 11:45:00 AM,Mid-Block (not related to intersection),11,"MOTOR VEHICLE STRUCK MOTOR VEHICLE, FRONT END AT ANGLE",,0,Overcast,Dry,Daylight,,4141039.0,,20,One car leaving parked position,0,0,N
9905,2,-122.3315438,47.7250069,12456,26264,26264,1774439,Matched,Intersection,35957.0,CORLISS AVE N AND N 133RD ST,,,2,Injury Collision,Angles,3,0,0,2,2004/12/03 00:00:00+00,12/3/2004,At Intersection (intersection related),11,"MOTOR VEHICLE STRUCK MOTOR VEHICLE, FRONT END AT ANGLE",,0,Clear,Dry,Daylight,,4338031.0,,10,Entering at angle,0,0,N
9906,1,-122.3473007,47.64502969,12457,26889,26889,1069464,Matched,Block,,WESTLAKE AVE N BETWEEN NEWELL ST AND NICKERSON ST,,,1,Property Damage Only Collision,Sideswipe,2,0,0,2,2004/12/07 00:00:00+00,12/7/2004,Mid-Block (not related to intersection),11,"MOTOR VEHICLE STRUCK MOTOR VEHICLE, FRONT END AT ANGLE",,0,Raining,Wet,Dark - Street Lights On,,4342041.0,,26,From opposite direction - both going straight - sideswipe,0,0,N
9907,1,-122.32402479999999,47.68197964,12464,25748,25748,1931213,Matched,Block,,NE MAPLE LEAF PL BETWEEN WOODLAWN AVE NE AND 5TH AVE NE,,,1,Property Damage Only Collision,Other,2,0,0,2,2004/11/15 00:00:00+00,11/15/2004 9:00:00 AM,Driveway Junction,11,"MOTOR VEHICLE STRUCK MOTOR VEHICLE, FRONT END AT ANGLE",,0,Raining,Wet,Daylight,,4320010.0,,22,One car leaving driveway access,0,0,N
9908,1,-122.3364503,47.69141065,12465,25638,25638,1794297,Matched,Block,,WALLINGFORD AVE N BETWEEN N 85TH ST AND N 88TH ST,,,1,Property Damage Only Collision,Parked Car,2,0,0,2,2004/06/11 00:00:00+00,6/11/2004 12:10:00 PM,Mid-Block (not related to intersection),14,"MOTOR VEHICLE STRUCK MOTOR VEHICLE, REAR END",,0,Overcast,Wet,Dawn,,4163027.0,,32,One parked--one moving,0,0,N
9909,2,-122.32637379999998,47.59583727,12466,25364,25364,1784819,Matched,Intersection,30542.0,6TH AVE S AND S DEARBORN ST,,,2,Injury Collision,Pedestrian,2,1,0,1,2004/10/08 00:00:00+00,10/8/2004,At Intersection (intersection related),24,MOTOR VEHCILE STRUCK PEDESTRIAN,,0,Raining,Wet,Daylight,,4282004.0,,0,Vehicle going straight hits pedestrian,0,0,N
9910,1,-122.31722279999998,47.59918906,12468,26034,26034,1198272,Matched,Intersection,30427.0,12TH AVE S AND S JACKSON ST,,,1,Property Damage Only Collision,Pedestrian,2,1,0,1,2004/11/18 00:00:00+00,11/18/2004 3:50:00 PM,At Intersection (intersection related),24,MOTOR VEHCILE STRUCK PEDESTRIAN,Y,0,Overcast,Dry,Daylight,,4323005.0,,0,Vehicle going straight hits pedestrian,0,0,N
9911,1,-122.3338246,47.60373279,12469,26876,26876,537847,Matched,Intersection,29969.0,2ND AVE AND COLUMBIA ST,,,1,Property Damage Only Collision,Sideswipe,0,0,0,2,2004/06/16 00:00:00+00,6/16/2004 8:57:00 AM,At Intersection (intersection related),11,"MOTOR VEHICLE STRUCK MOTOR VEHICLE, FRONT END AT ANGLE",,0,Clear,Dry,Daylight,,4168036.0,,71,Same direction -- both turning right -- both moving -- sideswipe,0,0,N
9912,1,-122.2924617,47.57834582,12470,25754,25754,1779417,Matched,Block,,S MCCLELLAN ST BETWEEN 31ST AVE S AND 32ND AVE S,,,1,Property Damage Only Collision,Sideswipe,2,0,0,2,2004/09/28 00:00:00+00,9/28/2004 9:07:00 PM,Mid-Block (but intersection related),16,"MOTOR VEHICLE STRUCK MOTOR VEHICLE, LEFT SIDE SIDESWIPE",,0,Clear,Dry,Dark - Street Lights On,,4272013.0,,71,Same direction -- both turning right -- both moving -- sideswipe,0,0,N
9913,1,-122.31002590000001,47.62265007,12472,25099,25099,1217226,Matched,Block,,17TH AVE E BETWEEN E HARRISON ST AND E REPUBLICAN S ST,,,1,Property Damage Only Collision,Parked Car,2,0,0,2,2004/08/09 00:00:00+00,8/9/2004,Mid-Block (not related to intersection),16,"MOTOR VEHICLE STRUCK MOTOR VEHICLE, LEFT SIDE SIDESWIPE",Y,0,Clear,Dry,Daylight,,4222010.0,,32,One parked--one moving,0,0,N
9914,2,,,12473,26242,26242,1482716,Matched,Block,,BATTERY ST TUNNEL NB BETWEEN ALASKAN WY VI NB AND AURORA AVE N,,,2,Injury Collision,Other,1,0,0,1,2004/06/05 00:00:00+00,6/5/2004,Mid-Block (not related to intersection),26,MOTOR VEHICLE STRUCK OBJECT IN ROAD,,0,Raining,Dry,Dark - Street Lights On,,4157001.0,Y,50,Fixed object,0,0,N
9915,1,-122.3342121,47.54937951,12474,26292,26292,1798446,Matched,Block,,1ST AVE S BETWEEN S FIDALGO ST AND EAST MARGINAL WAY S,,,1,Property Damage Only Collision,Other,3,0,0,2,2004/08/28 00:00:00+00,8/28/2004 3:09:00 PM,Driveway Junction,11,"MOTOR VEHICLE STRUCK MOTOR VEHICLE, FRONT END AT ANGLE",Y,0,Overcast,Dry,Daylight,,4241021.0,,21,One car entering driveway access,0,0,N
9916,1,-122.32506029999999,47.5979338,12475,26993,26993,1213454,Matched,Block,,MAYNARD AVE S BETWEEN S KING ST AND S WELLER ST,,,1,Property Damage Only Collision,Parked Car,2,0,0,2,2004/06/10 00:00:00+00,6/10/2004 1:09:00 AM,Mid-Block (not related to intersection),14,"MOTOR VEHICLE STRUCK MOTOR VEHICLE, REAR END",,1,Clear,Dry,Dark - Street Lights On,,4162031.0,,32,One parked--one moving,0,0,N