,SEVERITYCODE,X,Y,OBJECTID,INCKEY,COLDETKEY,REPORTNO,STATUS,ADDRTYPE,INTKEY,LOCATION,EXCEPTRSNCODE,EXCEPTRSNDESC,SEVERITYCODE.1,SEVERITYDESC,COLLISIONTYPE,PERSONCOUNT,PEDCOUNT,PEDCYLCOUNT,VEHCOUNT,INCDATE,INCDTTM,JUNCTIONTYPE,SDOT_COLCODE,SDOT_COLDESC,INATTENTIONIND,UNDERINFL,WEATHER,ROADCOND,LIGHTCOND,PEDROWNOTGRNT,SDOTCOLNUM,SPEEDING,ST_COLCODE,ST_COLDESC,SEGLANEKEY,CROSSWALKKEY,HITPARKEDCAR
9917,1,-122.29618810000001,47.57834715,12476,25589,25589,1771629,Matched,Intersection,31481.0,M L KING JR WAY S AND S MCCLELLAN ST,,,1,Property Damage Only Collision,Left Turn,2,0,0,2,2004/02/12 00:00:00+00,2/12/2004 8:56:00 PM,At Intersection (intersection related),11,"MOTOR VEHICLE STRUCK MOTOR VEHICLE, FRONT END AT ANGLE",,0,Clear,Dry,Dark - Street Lights On,,4043022.0,,28,From opposite direction - one left turn - one straight,0,0,N
9918,1,-122.3208545,47.61873954,12477,25948,25948,858397,Matched,Intersection,29068.0,BROADWAY AND E DENNY WAY,,,1,Property Damage Only Collision,Angles,0,0,0,2,2004/03/25 00:00:00+00,3/25/2004 8:05:00 AM,At Intersection (intersection related),11,"MOTOR VEHICLE STRUCK MOTOR VEHICLE, FRONT END AT ANGLE",,0,Raining,Wet,Daylight,,4085031.0,,10,Entering at angle,0,0,N
9919,2,-122.3106259,47.62686859,12478,25320,25320,1198184,Matched,Block,,E ALOHA ST BETWEEN 16TH AVE E AND 17TH AVE E,,,2,Injury Collision,Angles,3,0,0,2,2004/11/15 00:00:00+00,11/15/2004 11:08:00 PM,Driveway Junction,11,"MOTOR VEHICLE STRUCK MOTOR VEHICLE, FRONT END AT ANGLE",,1,Clear,Dry,Dark - Street Lights On,,4320024.0,,10,Entering at angle,0,0,N
9920,1,-122.2936164,47.57240808,12479,26478,26478,1773014,Matched,Block,,RAINIER AVE S BETWEEN S WALDEN ST AND S ESTELLE ST,,,1,Property Damage Only Collision,Rear Ended,2,0,0,2,2004/06/07 00:00:00+00,6/7/2004,Mid-Block (but intersection related),14,"MOTOR VEHICLE STRUCK MOTOR VEHICLE, REAR END",,0,Clear,Dry,Daylight,,4159028.0,,14,From same direction - both going straight - one stopped - rear-end,0,0,N
9921,1,-122.33026480000001,47.60171616,12480,26122,26122,1069340,Matched,Intersection,30487.0,3RD AVE AND YESLER WAY,,,1,Property Damage Only Collision,Sideswipe,2,0,0,2,2004/11/22 00:00:00+00,11/22/2004 10:19:00 AM,At Intersection (intersection related),16,"MOTOR VEHICLE STRUCK MOTOR VEHICLE, LEFT SIDE SIDESWIPE",,0,Clear,Dry,Daylight,,4327036.0,,81,Same direction -- both turning left -- both moving -- sideswipe,0,0,N
9922,1,-122.2877229,47.59851693,12481,26907,26907,1074639,Matched,Block,,35TH AVE S BETWEEN S JACKSON ST AND S KING ST,,,1,Property Damage Only Collision,Parked Car,2,0,0,2,2004/05/04 00:00:00+00,5/4/2004,Mid-Block (not related to intersection),14,"MOTOR VEHICLE STRUCK MOTOR VEHICLE, REAR END",,0,Clear,Dry,Daylight,,4125034.0,,32,One parked--one moving,0,0,N
9923,1,-122.2964655,47.60726819,12483,25771,25771,1772860,Matched,Block,,M L KING JR WAY BETWEEN TEMPLE PL AND E CHERRY ST,,,1,Property Damage Only Collision,Other,2,0,0,2,2004/06/05 00:00:00+00,6/5/2004,Mid-Block (not related to intersection),16,"MOTOR VEHICLE STRUCK MOTOR VEHICLE, LEFT SIDE SIDESWIPE",,0,Unknown,Unknown,Daylight,,4157032.0,,23,From same direction - all others,0,0,N
9924,1,-122.34154860000001,47.65801259,12484,25317,25317,1219777,Matched,Block,,N 42ND ST BETWEEN STONE WAY N AND INTERLAKE AVE N,,,1,Property Damage Only Collision,Parked Car,3,0,0,3,2004/08/30 00:00:00+00,8/30/2004 10:08:00 PM,Mid-Block (not related to intersection),14,"MOTOR VEHICLE STRUCK MOTOR VEHICLE, REAR END",,0,Clear,Dry,Dark - Street Lights On,,4243004.0,,32,One parked--one moving,0,0,N
9925,1,-122.33462560000001,47.67117546,12485,26190,26190,1220291,Matched,Block,,KEYSTONE PL N BETWEEN N 57TH ST AND MCKINLEY PL N,,,1,Property Damage Only Collision,Parked Car,2,0,0,2,2004/09/28 00:00:00+00,9/28/2004 11:26:00 AM,Mid-Block (not related to intersection),16,"MOTOR VEHICLE STRUCK MOTOR VEHICLE, LEFT SIDE SIDESWIPE",,0,Unknown,Unknown,Unknown,,4272001.0,,32,One parked--one moving,0,0,N
9926,1,-122.3042449,47.58451194,12486,26508,26508,1788046,Matched,Intersection,31561.0,22ND AVE S AND S HILL ST,,,1,Property Damage Only Collision,Angles,3,0,0,2,2004/01/26 00:00:00+00,1/26/2004 4:28:00 PM,At Intersection (intersection related),11,"MOTOR VEHICLE STRUCK MOTOR VEHICLE, FRONT END AT ANGLE",,0,Overcast,Dry,Daylight,,4026009.0,,10,Entering at angle,0,0,N
9927,1,-122.33848459999999,47.61853427,12487,27010,27010,1777812,Matched,Intersection,29510.0,DENNY WAY AND WESTLAKE AVE,,,1,Property Damage Only Collision,Angles,2,0,0,2,2004/02/07 00:00:00+00,2/7/2004,At Intersection (intersection related),11,"MOTOR VEHICLE STRUCK MOTOR VEHICLE, FRONT END AT ANGLE",,0,Overcast,Dry,Daylight,,4038021.0,,10,Entering at angle,0,0,N
9928,1,-122.34230020000001,47.72550987,12488,25464,25464,1212285,Matched,Block,,STONE AVE N BETWEEN N 131ST ST AND N 135TH ST,,,1,Property Damage Only Collision,Other,2,0,0,2,2004/02/04 00:00:00+00,2/4/2004,Driveway Junction,11,"MOTOR VEHICLE STRUCK MOTOR VEHICLE, FRONT END AT ANGLE",,0,Raining,Wet,Daylight,,4035028.0,,22,One car leaving driveway access,0,0,N
9929,1,-122.3245186,47.66498115,12489,25529,25529,C645573,Matched,Block,,NE 50TH ST BETWEEN LATONA E AVE NE AND 4TH AVE NE,,,1,Property Damage Only Collision,Rear Ended,3,0,0,3,2004/06/12 00:00:00+00,6/12/2004 11:20:00 AM,Mid-Block (but intersection related),14,"MOTOR VEHICLE STRUCK MOTOR VEHICLE, REAR END",,0,Clear,Dry,Daylight,,4164047.0,,13,From same direction - both going straight - both moving - rear-end,0,0,N
9930,1,-122.3125402,47.67651215,12490,25236,25236,1780022,Matched,Block,,NE 66TH ST BETWEEN 14TH AVE NE AND 15TH AVE NE,,,1,Property Damage Only Collision,Parked Car,3,0,0,3,2004/04/23 00:00:00+00,4/23/2004 9:20:00 AM,Mid-Block (not related to intersection),11,"MOTOR VEHICLE STRUCK MOTOR VEHICLE, FRONT END AT ANGLE",,0,Clear,Dry,Daylight,,4114016.0,,32,One parked--one moving,0,0,N
9931,1,-122.32079499999999,47.54741455,12492,26002,26002,1790432,Matched,Block,,S BAILEY ST BETWEEN CORSON AVE S AND CARLETON AVE S,,,1,Property Damage Only Collision,Other,1,0,0,1,2004/10/26 00:00:00+00,10/26/2004 2:07:00 AM,Mid-Block (but intersection related),28,MOTOR VEHICLE RAN OFF ROAD - HIT FIXED OBJECT,,0,Overcast,Dry,Dark - Street Lights On,,4300002.0,,50,Fixed object,0,0,N
9932,1,-122.38145619999999,47.56110747,12493,26984,26984,1774936,Matched,Intersection,31920.0,FAUNTLEROY WAY SW AND SW ALASKA ST,,,1,Property Damage Only Collision,Rear Ended,4,0,0,2,2004/03/25 00:00:00+00,3/25/2004 1:15:00 PM,At Intersection (intersection related),14,"MOTOR VEHICLE STRUCK MOTOR VEHICLE, REAR END",Y,0,Raining,Wet,Daylight,,4085022.0,,13,From same direction - both going straight - both moving - rear-end,0,0,N
9933,1,-122.3246152,47.7086028,12494,25924,25924,1475622,Matched,Block,,NE NORTHGATE WAY BETWEEN 3RD AVE NE AND 5TH AVE NE,,,1,Property Damage Only Collision,Rear Ended,3,0,0,3,2004/08/11 00:00:00+00,8/11/2004 5:31:00 PM,Mid-Block (not related to intersection),14,"MOTOR VEHICLE STRUCK MOTOR VEHICLE, REAR END",Y,0,Clear,Dry,Daylight,,4224021.0,,14,From same direction - both going straight - one stopped - rear-end,0,0,N
9934,1,-122.3066871,47.7121124,12495,25349,25349,1773690,Matched,Block,,NE 115TH ST BETWEEN 20TH W AVE NE AND 20TH E AVE NE,,,1,Property Damage Only Collision,Other,1,0,0,1,2004/09/19 00:00:00+00,9/19/2004 7:03:00 PM,Mid-Block (but intersection related),26,MOTOR VEHICLE STRUCK OBJECT IN ROAD,,0,Clear,Dry,Dark - Street Lights On,,4263008.0,,50,Fixed object,0,0,N
9935,2,-122.34453909999998,47.69201179,12496,26210,26210,1794821,Matched,Intersection,37365.0,AURORA AVE N AND N 87TH ST,,,2,Injury Collision,Left Turn,3,0,0,2,2004/12/23 00:00:00+00,12/23/2004 1:00:00 PM,At Intersection (intersection related),11,"MOTOR VEHICLE STRUCK MOTOR VEHICLE, FRONT END AT ANGLE",,0,Clear,Dry,Daylight,,4358019.0,,28,From opposite direction - one left turn - one straight,0,0,N
9936,1,-122.3109197,47.600842799999995,12497,25556,25556,1212050,Matched,Block,,S WASHINGTON ST BETWEEN 16TH AVE S AND 17TH AVE S,,,1,Property Damage Only Collision,Parked Car,2,0,0,2,2004/07/17 00:00:00+00,7/17/2004 6:00:00 PM,Mid-Block (not related to intersection),0,NOT ENOUGH INFORMATION / NOT APPLICABLE,,0,Unknown,Unknown,Unknown,,4199041.0,,32,One parked--one moving,0,0,N
9937,2,-122.29117409999999,47.71381352,12500,25914,25914,527088,Matched,Block,,35TH AVE NE BETWEEN 34TH AVE NE AND 33RD PL NE,,,2,Injury Collision,Other,0,0,0,1,2004/03/02 00:00:00+00,3/2/2004,Mid-Block (not related to intersection),28,MOTOR VEHICLE RAN OFF ROAD - HIT FIXED OBJECT,,0,Clear,Dry,Dark - Street Lights On,,4062032.0,Y,50,Fixed object,0,0,N
9938,1,-122.31142720000001,47.66126147,12501,24894,24894,1779737,Matched,Block,,NE 45TH ST BETWEEN 15TH AVE NE AND 16TH AVE NE,,,1,Property Damage Only Collision,Sideswipe,3,0,0,2,2004/05/17 00:00:00+00,5/17/2004 4:36:00 PM,Mid-Block (but intersection related),16,"MOTOR VEHICLE STRUCK MOTOR VEHICLE, LEFT SIDE SIDESWIPE",,0,Overcast,Dry,Daylight,,4138025.0,,11,From same direction - both going straight - both moving - sideswipe,0,0,N
9939,1,-122.3445219,47.69056259,12502,26471,26471,1782067,Matched,Intersection,37367.0,AURORA AVE N AND N 85TH ST,,,1,Property Damage Only Collision,Left Turn,3,0,0,2,2004/09/18 00:00:00+00,9/18/2004 7:38:00 PM,At Intersection (intersection related),11,"MOTOR VEHICLE STRUCK MOTOR VEHICLE, FRONT END AT ANGLE",,0,Overcast,Dry,Dusk,,4262026.0,,29,From opposite direction - one left turn - one right turn,0,0,N
9940,1,-122.33610800000001,47.6062292,12504,25882,25882,1783176,Matched,Block,,2ND AVE BETWEEN SPRING ST AND SENECA ST,,,1,Property Damage Only Collision,Rear Ended,8,0,0,2,2004/06/13 00:00:00+00,6/13/2004 4:15:00 PM,Mid-Block (not related to intersection),14,"MOTOR VEHICLE STRUCK MOTOR VEHICLE, REAR END",Y,0,Clear,Dry,Daylight,,4165012.0,,14,From same direction - both going straight - one stopped - rear-end,0,0,N
9941,2,-122.26332620000001,47.54956967,12505,25908,25908,1771932,Matched,Block,,S HAWTHORN RD BETWEEN WILSON AVE S AND OAKHURST RD S,,,2,Injury Collision,Other,1,0,0,1,2004/04/14 00:00:00+00,4/14/2004 12:22:00 AM,Mid-Block (not related to intersection),28,MOTOR VEHICLE RAN OFF ROAD - HIT FIXED OBJECT,,0,Overcast,Wet,Dark - Street Lights On,,4105004.0,,50,Fixed object,0,0,N
9942,1,-122.26881090000002,47.50614295,12506,25378,25378,1771405,Matched,Block,,S BANGOR ST BETWEEN 51ST AVE S AND 53RD AVE S,,,1,Property Damage Only Collision,Other,2,0,0,2,2004/02/05 00:00:00+00,2/5/2004,Mid-Block (but intersection related),11,"MOTOR VEHICLE STRUCK MOTOR VEHICLE, FRONT END AT ANGLE",,0,Clear,Dry,Daylight,,4036031.0,,23,From same direction - all others,0,0,N
9943,1,-122.31429409999998,47.57162520000001,12507,26095,26095,1779218,Matched,Block,,S SPOKANE ST BETWEEN S COLUMBIAN WAY AND HINDS PL S,,,1,Property Damage Only Collision,Rear Ended,6,0,0,2,2004/02/14 00:00:00+00,2/14/2004 8:57:00 AM,Mid-Block (but intersection related),14,"MOTOR VEHICLE STRUCK MOTOR VEHICLE, REAR END",,0,Overcast,Wet,Daylight,,4045025.0,Y,14,From same direction - both going straight - one stopped - rear-end,0,0,N
9944,1,-122.28077659999998,47.53072864,12508,26278,26278,1476913,Matched,Block,,M L KING JR WR WAY S BETWEEN S KENYON ST AND S ELMGROVE ST,,,1,Property Damage Only Collision,Sideswipe,8,0,0,2,2004/03/21 00:00:00+00,3/21/2004 11:04:00 AM,Mid-Block (not related to intersection),16,"MOTOR VEHICLE STRUCK MOTOR VEHICLE, LEFT SIDE SIDESWIPE",,0,Clear,Dry,Daylight,,4081013.0,,11,From same direction - both going straight - both moving - sideswipe,0,0,N
9945,1,-122.35516489999999,47.51736038,12510,25502,25502,1774847,Matched,Intersection,35058.0,DELRIDGE WAY SW AND SW ROXBURY ST,,,1,Property Damage Only Collision,Angles,4,0,0,2,2004/04/30 00:00:00+00,4/30/2004 7:35:00 AM,At Intersection (intersection related),11,"MOTOR VEHICLE STRUCK MOTOR VEHICLE, FRONT END AT ANGLE",,0,Clear,Dry,Daylight,,4121028.0,,10,Entering at angle,0,0,N
9946,1,-122.3156445,47.67980152,12511,26205,26205,1780346,Matched,Block,,12TH AVE NE BETWEEN NE 70TH ST AND NE 71ST ST,,,1,Property Damage Only Collision,Parked Car,2,0,0,2,2004/03/30 00:00:00+00,3/30/2004 11:12:00 AM,Mid-Block (not related to intersection),16,"MOTOR VEHICLE STRUCK MOTOR VEHICLE, LEFT SIDE SIDESWIPE",Y,0,Clear,Dry,Daylight,,4090006.0,,32,One parked--one moving,0,0,N
9947,2,-122.37655290000001,47.54013137,12512,26577,26577,1789192,Matched,Block,,35TH AVE SW BETWEEN SW WILLOW ST AND SW MYRTLE ST,,,2,Injury Collision,Rear Ended,3,0,0,3,2004/03/13 00:00:00+00,3/13/2004 1:29:00 PM,Mid-Block (but intersection related),14,"MOTOR VEHICLE STRUCK MOTOR VEHICLE, REAR END",Y,0,Clear,Dry,Daylight,,4073008.0,,14,From same direction - both going straight - one stopped - rear-end,0,0,N
9948,1,-122.3766132,47.53445066,12514,26886,26886,1188115,Matched,Block,,35TH AVE SW BETWEEN SW AUSTIN ST AND SW IDA ST,,,1,Property Damage Only Collision,Parked Car,2,0,0,2,2004/01/09 00:00:00+00,1/9/2004,Mid-Block (not related to intersection),13,"MOTOR VEHICLE STRUCK MOTOR VEHICLE, LEFT SIDE AT ANGLE",,0,Unknown,Unknown,Dark - Street Lights On,,4009002.0,,32,One parked--one moving,0,0,N
9949,2,-122.33771399999999,47.60407651,12515,25889,25889,1216973,Matched,Block,,MADISON ST BETWEEN ALASKAN E RDWY WAY AND WESTERN AVE,,,2,Injury Collision,Other,1,0,0,1,2004/09/07 00:00:00+00,9/7/2004,Mid-Block (not related to intersection),29,MOTOR VEHICLE OVERTURNED IN ROAD,,0,Clear,Dry,Daylight,,4251033.0,,51,Other object,0,0,N
9950,1,-122.3473847,47.61447544,12516,25690,25690,1777294,Matched,Block,,BATTERY ST BETWEEN 1ST AVE AND 2ND AVE,,,1,Property Damage Only Collision,Parked Car,2,0,0,2,2004/04/25 00:00:00+00,4/25/2004 2:00:00 AM,Mid-Block (not related to intersection),11,"MOTOR VEHICLE STRUCK MOTOR VEHICLE, FRONT END AT ANGLE",,0,Clear,Dry,Dark - Street Lights Off,,4116037.0,,32,One parked--one moving,0,0,N
9951,1,,,12519,26299,26299,1787724,Matched,Alley,,,,,1,Property Damage Only Collision,Other,1,0,0,1,2004/02/11 00:00:00+00,2/11/2004 9:44:00 PM,Mid-Block (not related to intersection),0,NOT ENOUGH INFORMATION / NOT APPLICABLE,Y,0,Clear,Dry,Dark - Street Lights On,,4042019.0,,50,Fixed object,0,0,N
9952,1,-122.3213554,47.63782111,12520,25427,25427,1789758,Matched,Block,,BROADWAY E BETWEEN E NEWTON ST AND E BOSTON ST,,,1,Property Damage Only Collision,Parked Car,2,0,0,2,2004/01/28 00:00:00+00,1/28/2004 11:44:00 AM,Mid-Block (not related to intersection),15,"MOTOR VEHICLE STRUCK MOTOR VEHICLE, RIGHT SIDE SIDESWIPE",,0,Clear,Dry,Daylight,,4028048.0,,32,One parked--one moving,0,0,N
9953,1,,,12521,25451,25451,1783427,Matched,Block,,FAIRVIEW AVE N BETWEEN FAIRVIEW AV OFF RP AND ROY ST,,,1,Property Damage Only Collision,Rear Ended,2,0,0,2,2004/08/04 00:00:00+00,8/4/2004,Mid-Block (not related to intersection),14,"MOTOR VEHICLE STRUCK MOTOR VEHICLE, REAR END",Y,0,Clear,Dry,Daylight,,4217013.0,,14,From same direction - both going straight - one stopped - rear-end,0,0,N
9954,2,-122.3049896,47.61147434,12524,25325,25325,1772670,Matched,Block,,21ST AVE BETWEEN E MARION ST AND E UNION ST,,,2,Injury Collision,Sideswipe,4,0,0,2,2004/06/06 00:00:00+00,6/6/2004,Mid-Block (not related to intersection),15,"MOTOR VEHICLE STRUCK MOTOR VEHICLE, RIGHT SIDE SIDESWIPE",,0,Clear,Wet,Dark - Street Lights On,,4158013.0,,12,From same direction - both going straight - one stopped - sideswipe,0,0,N
9955,1,-122.3601467,47.55732899,12525,26456,26456,1198002,Matched,Intersection,32931.0,21ST AVE SW AND SW DAWSON ST,,,1,Property Damage Only Collision,Other,1,0,0,1,2004/11/14 00:00:00+00,11/14/2004 6:46:00 PM,At Intersection (intersection related),26,MOTOR VEHICLE STRUCK OBJECT IN ROAD,,0,Raining,Wet,Dark - Street Lights On,,4319002.0,,50,Fixed object,0,0,N
9956,1,-122.2923114,47.73011394,12527,26906,26906,1072722,Matched,Intersection,36007.0,LAKE CITY WAY NE AND NE 140TH ST,,,1,Property Damage Only Collision,Angles,2,0,0,2,2004/06/23 00:00:00+00,6/23/2004 4:48:00 PM,At Intersection (intersection related),11,"MOTOR VEHICLE STRUCK MOTOR VEHICLE, FRONT END AT ANGLE",,0,Clear,Dry,Daylight,,4175003.0,,10,Entering at angle,0,0,N
9957,1,-122.3330084,47.60703308,12528,25129,25129,1777409,Matched,Block,,SPRING ST BETWEEN 4TH AVE AND 5TH AVE,,,1,Property Damage Only Collision,Sideswipe,2,0,0,2,2004/04/01 00:00:00+00,4/1/2004,Mid-Block (not related to intersection),16,"MOTOR VEHICLE STRUCK MOTOR VEHICLE, LEFT SIDE SIDESWIPE",Y,0,Clear,Dry,Daylight,,4092046.0,,11,From same direction - both going straight - both moving - sideswipe,0,0,N
9958,2,-122.35931470000001,47.69061787,12529,25495,25495,1773861,Matched,Block,,NW 85TH ST BETWEEN 1ST AVE NW AND 3RD AVE NW,,,2,Injury Collision,Other,2,0,0,2,2004/05/03 00:00:00+00,5/3/2004,Driveway Junction,11,"MOTOR VEHICLE STRUCK MOTOR VEHICLE, FRONT END AT ANGLE",,0,Clear,Dry,Daylight,,4124016.0,,22,One car leaving driveway access,0,0,N
9959,1,-122.3200348,47.61640706,12530,25045,25045,1772460,Matched,Block,,NAGLE PL BETWEEN E PINE ST AND E OLIVE ST,,,1,Property Damage Only Collision,Parked Car,2,0,0,2,2004/06/16 00:00:00+00,6/16/2004 5:45:00 PM,Mid-Block (not related to intersection),13,"MOTOR VEHICLE STRUCK MOTOR VEHICLE, LEFT SIDE AT ANGLE",,0,Clear,Dry,Daylight,,4168011.0,,32,One parked--one moving,0,0,N
9960,2,-122.3353731,47.61213646,12531,26031,26031,1213966,Matched,Intersection,29568.0,6TH AVE AND PINE ST,,,2,Injury Collision,Sideswipe,2,0,0,2,2004/08/26 00:00:00+00,8/26/2004 6:11:00 PM,At Intersection (intersection related),11,"MOTOR VEHICLE STRUCK MOTOR VEHICLE, FRONT END AT ANGLE",,0,Clear,Dry,Daylight,,4239032.0,,81,Same direction -- both turning left -- both moving -- sideswipe,0,0,N
9961,1,-122.3544777,47.65438843,12534,24959,24959,1782263,Matched,Block,,PHINNEY AVE N BETWEEN N 39TH ST AND N BOWDOIN PL,,,1,Property Damage Only Collision,Parked Car,2,0,0,2,2004/09/09 00:00:00+00,9/9/2004,Mid-Block (not related to intersection),13,"MOTOR VEHICLE STRUCK MOTOR VEHICLE, LEFT SIDE AT ANGLE",,0,Unknown,Unknown,Dark - Street Lights On,,4253009.0,,32,One parked--one moving,0,0,N
9962,1,-122.3446898,47.70468772,12535,26103,26103,1773416,Matched,Block,,AURORA AVE N BETWEEN N 104TH ST AND N NORTHGATE WAY,,,1,Property Damage Only Collision,Other,1,0,0,1,2004/05/22 00:00:00+00,5/22/2004 1:15:00 PM,Mid-Block (but intersection related),28,MOTOR VEHICLE RAN OFF ROAD - HIT FIXED OBJECT,,0,Raining,Wet,Daylight,,4143001.0,Y,50,Fixed object,0,0,N
9963,1,-122.3394165,47.55847119,12536,26017,26017,1775339,Matched,Block,,EAST MARGINAL WAY S BETWEEN XW ALASKA AND S HUDSON ST,,,1,Property Damage Only Collision,Sideswipe,2,0,0,2,2004/07/23 00:00:00+00,7/23/2004 3:20:00 PM,Mid-Block (not related to intersection),16,"MOTOR VEHICLE STRUCK MOTOR VEHICLE, LEFT SIDE SIDESWIPE",,0,Clear,Dry,Daylight,,4205015.0,,11,From same direction - both going straight - both moving - sideswipe,0,0,N
9964,2,-122.34564509999998,47.6096113,12537,26991,26991,1321224,Matched,Block,,ALASKAN WAY BETWEEN VIRGINIA ST AND LENORA ST,,,2,Injury Collision,Cycles,3,0,1,1,2004/09/22 00:00:00+00,9/22/2004 5:51:00 AM,Mid-Block (not related to intersection),56,PEDALCYCLIST STRUCK MOTOR VEHICLE LEFT SIDE SIDESWIPE,,0,Clear,Dry,Dawn,,4266044.0,,45,Vehicle - Pedalcyclist,0,0,N
9965,1,-122.3172804,47.59076389,12539,25652,25652,1792993,Matched,Block,,12TH AVE S BETWEEN S JUDKINS ST AND S ATLANTIC ST,,,1,Property Damage Only Collision,Parked Car,2,0,0,2,2004/09/20 00:00:00+00,9/20/2004 10:45:00 AM,Driveway Junction,11,"MOTOR VEHICLE STRUCK MOTOR VEHICLE, FRONT END AT ANGLE",,0,Clear,Dry,Daylight,,4264023.0,,20,One car leaving parked position,0,0,N
9966,1,-122.3905749,47.65253715,12541,26074,26074,1470973,Matched,Block,,27TH PL W BETWEEN 26TH AVE W AND W MANOR PL,,,1,Property Damage Only Collision,Parked Car,2,0,0,2,2004/04/01 00:00:00+00,4/1/2004,Mid-Block (not related to intersection),14,"MOTOR VEHICLE STRUCK MOTOR VEHICLE, REAR END",,0,Clear,Dry,Dark - Street Lights On,,4092036.0,,32,One parked--one moving,0,0,N
9967,1,-122.3445014,47.68658255,12542,25560,25560,1773407,Matched,Block,,AURORA AVE N BETWEEN N 79TH ST AND N 80TH ST,,,1,Property Damage Only Collision,Rear Ended,2,0,0,2,2004/03/15 00:00:00+00,3/15/2004 3:00:00 PM,Mid-Block (but intersection related),14,"MOTOR VEHICLE STRUCK MOTOR VEHICLE, REAR END",Y,0,Overcast,Dry,Daylight,,4075007.0,,14,From same direction - both going straight - one stopped - rear-end,0,0,N
9968,2,-122.3660347,47.69786483,12543,26755,26755,1080257,Matched,Intersection,37149.0,8TH AVE NW AND NW 95TH ST,,,2,Injury Collision,Angles,3,0,0,2,2004/07/15 00:00:00+00,7/15/2004 3:34:00 PM,At Intersection (intersection related),11,"MOTOR VEHICLE STRUCK MOTOR VEHICLE, FRONT END AT ANGLE",,0,Clear,Dry,Daylight,,4197030.0,,10,Entering at angle,0,0,N
9969,1,-122.386804,47.56021698,12544,25263,25263,1216401,Matched,Block,,CALIFORNIA AVE SW BETWEEN SW ALASKA ST AND ERSKINE WAY SW,,,1,Property Damage Only Collision,Other,2,0,0,2,2004/07/07 00:00:00+00,7/7/2004,Mid-Block (not related to intersection),11,"MOTOR VEHICLE STRUCK MOTOR VEHICLE, FRONT END AT ANGLE",,0,Clear,Dry,Daylight,,4189024.0,,23,From same direction - all others,0,0,N
9970,1,-122.3440706,47.65376806,12545,25636,25636,1794036,Matched,Intersection,26865.0,BRIDGE WAY N AND WOODLAND PARK AVE N,,,1,Property Damage Only Collision,Angles,3,0,0,2,2004/07/22 00:00:00+00,7/22/2004 6:21:00 PM,At Intersection (intersection related),11,"MOTOR VEHICLE STRUCK MOTOR VEHICLE, FRONT END AT ANGLE",,0,Clear,Dry,Daylight,,4204011.0,,10,Entering at angle,0,0,N
9971,2,-122.316961,47.68310483,12546,24898,24898,1794114,Matched,Intersection,24509.0,LAKE CITY WAY NE AND NE 75TH ST,,,2,Injury Collision,Left Turn,2,0,0,2,2004/10/22 00:00:00+00,10/22/2004 11:20:00 AM,At Intersection (intersection related),11,"MOTOR VEHICLE STRUCK MOTOR VEHICLE, FRONT END AT ANGLE",,0,Raining,Wet,Daylight,,4296027.0,,28,From opposite direction - one left turn - one straight,0,0,N
9972,2,-122.3295065,47.60137163,12547,26329,26329,1776194,Matched,Block,,PREFONTAINE PL S BETWEEN 3RD AVE S AND 4TH AVE S,,,2,Injury Collision,Rear Ended,2,0,0,2,2004/08/09 00:00:00+00,8/9/2004,Mid-Block (but intersection related),14,"MOTOR VEHICLE STRUCK MOTOR VEHICLE, REAR END",,0,Clear,Dry,Daylight,,4222019.0,,13,From same direction - both going straight - both moving - rear-end,0,0,N
9973,1,-122.3374312,47.61330061,12548,26309,26309,1324742,Matched,Intersection,29555.0,STEWART ST AND WESTLAKE AVE,,,1,Property Damage Only Collision,Angles,2,0,0,2,2004/10/29 00:00:00+00,10/29/2004 11:55:00 AM,At Intersection (intersection related),11,"MOTOR VEHICLE STRUCK MOTOR VEHICLE, FRONT END AT ANGLE",Y,0,Clear,Dry,Daylight,,4303019.0,,10,Entering at angle,0,0,N
9974,2,-122.3790628,47.54837233,12549,25879,25879,1795506,Matched,Intersection,32831.0,37TH AVE SW AND SW RAYMOND ST,,,2,Injury Collision,Angles,3,0,0,2,2004/12/04 00:00:00+00,12/4/2004,At Intersection (intersection related),11,"MOTOR VEHICLE STRUCK MOTOR VEHICLE, FRONT END AT ANGLE",,0,Raining,Wet,Dark - Street Lights Off,,4339065.0,,10,Entering at angle,0,0,N
9975,1,-122.2790514,47.52375634,12550,25397,25397,1203746,Matched,Block,,M L KING JR WR WAY S BETWEEN S TRENTON ST AND S HENDERSON ST,,,1,Property Damage Only Collision,Sideswipe,2,0,0,2,2004/01/20 00:00:00+00,1/20/2004 2:14:00 PM,Mid-Block (but intersection related),16,"MOTOR VEHICLE STRUCK MOTOR VEHICLE, LEFT SIDE SIDESWIPE",,0,Clear,Dry,Daylight,,4020014.0,,11,From same direction - both going straight - both moving - sideswipe,0,0,N
9976,1,-122.32041540000002,47.62312721,12551,25098,25098,1789520,Matched,Block,,E REPUBLICAN ST BETWEEN BROADWAY E AND 10TH AVE E,,,1,Property Damage Only Collision,Other,1,0,0,1,2004/08/30 00:00:00+00,8/30/2004 9:30:00 AM,Mid-Block (not related to intersection),28,MOTOR VEHICLE RAN OFF ROAD - HIT FIXED OBJECT,Y,0,Clear,Dry,Daylight,,4243001.0,,50,Fixed object,0,0,N