,SEVERITYCODE,X,Y,OBJECTID,INCKEY,COLDETKEY,REPORTNO,STATUS,ADDRTYPE,INTKEY,LOCATION,EXCEPTRSNCODE,EXCEPTRSNDESC,SEVERITYCODE.1,SEVERITYDESC,COLLISIONTYPE,PERSONCOUNT,PEDCOUNT,PEDCYLCOUNT,VEHCOUNT,INCDATE,INCDTTM,JUNCTIONTYPE,SDOT_COLCODE,SDOT_COLDESC,INATTENTIONIND,UNDERINFL,WEATHER,ROADCOND,LIGHTCOND,PEDROWNOTGRNT,SDOTCOLNUM,SPEEDING,ST_COLCODE,ST_COLDESC,SEGLANEKEY,CROSSWALKKEY,HITPARKEDCAR
9977,2,-122.3399822,47.70504485,12552,26380,26380,1780814,Matched,Block,,N NORTHGATE WAY BETWEEN INTERLAKE AVE N AND ASHWORTH AVE N,,,2,Injury Collision,Rear Ended,2,0,0,2,2004/09/25 00:00:00+00,9/25/2004 5:05:00 PM,Mid-Block (but intersection related),14,"MOTOR VEHICLE STRUCK MOTOR VEHICLE, REAR END",,0,Clear,Dry,Daylight,,4269018.0,,14,From same direction - both going straight - one stopped - rear-end,0,0,N
9978,1,-122.3435997,47.62626764,12553,26007,26007,1785258,Matched,Intersection,28737.0,AURORA AVE N AND VALLEY ST,,,1,Property Damage Only Collision,Angles,2,0,0,2,2004/12/03 00:00:00+00,12/3/2004,At Intersection (intersection related),11,"MOTOR VEHICLE STRUCK MOTOR VEHICLE, FRONT END AT ANGLE",,0,Clear,Dry,Daylight,,4338032.0,,10,Entering at angle,0,0,N
9979,2,-122.33943970000001,47.56031932,12554,26838,26838,1481323,Matched,Intersection,33031.0,EAST MARGINAL WAY S AND S ALASKA ST,,,2,Injury Collision,Left Turn,3,0,0,2,2004/04/06 00:00:00+00,4/6/2004,At Intersection (intersection related),11,"MOTOR VEHICLE STRUCK MOTOR VEHICLE, FRONT END AT ANGLE",,0,Clear,Dry,Daylight,,4097016.0,,28,From opposite direction - one left turn - one straight,0,0,N
9980,1,-122.3162941,47.62110870000001,12555,25058,25058,1216854,Matched,Block,,E THOMAS ST BETWEEN 12TH AVE E AND 13TH AVE E,,,1,Property Damage Only Collision,Parked Car,2,0,0,2,2004/07/02 00:00:00+00,7/2/2004,Mid-Block (not related to intersection),11,"MOTOR VEHICLE STRUCK MOTOR VEHICLE, FRONT END AT ANGLE",,0,Unknown,Unknown,Unknown,,4184007.0,,32,One parked--one moving,0,0,N
9981,1,-122.3861624,47.67164251,12556,26495,26495,1780413,Matched,Block,,NW 59TH ST BETWEEN 22ND AVE NW AND 24TH AVE NW,,,1,Property Damage Only Collision,Parked Car,2,0,0,2,2004/01/18 00:00:00+00,1/18/2004 1:45:00 PM,Mid-Block (not related to intersection),13,"MOTOR VEHICLE STRUCK MOTOR VEHICLE, LEFT SIDE AT ANGLE",,0,Clear,Dry,Daylight,,4018013.0,,32,One parked--one moving,0,0,N
9982,1,-122.3451858,47.61856149,12557,25415,25415,1213773,Matched,Block,,DENNY WAY BETWEEN VINE ST AND 6TH AVE,,,1,Property Damage Only Collision,Other,2,0,0,2,2004/04/14 00:00:00+00,4/14/2004 6:39:00 PM,Driveway Junction,11,"MOTOR VEHICLE STRUCK MOTOR VEHICLE, FRONT END AT ANGLE",,0,Overcast,Dry,Daylight,,4105032.0,,22,One car leaving driveway access,0,0,N
9983,1,-122.32277009999999,47.64874073,12558,26881,26881,1799077,Matched,Block,,E ALLISON ST BETWEEN EASTLAKE AVE E AND HARVARD AVE E,,,1,Property Damage Only Collision,Parked Car,2,0,0,2,2004/10/20 00:00:00+00,10/20/2004 7:40:00 AM,Mid-Block (not related to intersection),13,"MOTOR VEHICLE STRUCK MOTOR VEHICLE, LEFT SIDE AT ANGLE",,0,Clear,Dry,Daylight,,4294018.0,,32,One parked--one moving,0,0,N
9984,1,-122.34755359999998,47.62671902,12560,25620,25620,1213595,Matched,Block,,5TH AVE N BETWEEN VALLEY ST AND ALOHA ST,,,1,Property Damage Only Collision,Parked Car,2,0,0,2,2004/12/06 00:00:00+00,12/6/2004,Mid-Block (not related to intersection),13,"MOTOR VEHICLE STRUCK MOTOR VEHICLE, LEFT SIDE AT ANGLE",,0,Unknown,Unknown,Dark - Street Lights On,,4341045.0,,32,One parked--one moving,0,0,N
9985,2,-122.345017,47.72685956,12561,24963,24963,1782497,Matched,Intersection,35812.0,AURORA AVE N AND N 135TH ST,,,2,Injury Collision,Angles,2,0,0,2,2004/04/09 00:00:00+00,4/9/2004,At Intersection (intersection related),11,"MOTOR VEHICLE STRUCK MOTOR VEHICLE, FRONT END AT ANGLE",,0,Clear,Dry,Dark - Street Lights On,,4100004.0,,10,Entering at angle,0,0,N
9986,1,-122.32077140000001,47.61351951,12562,26252,26252,1789627,Matched,Block,,BROADWAY BETWEEN E UNION ST AND E PIKE ST,,,1,Property Damage Only Collision,Sideswipe,2,0,0,2,2004/02/11 00:00:00+00,2/11/2004 4:43:00 PM,Mid-Block (not related to intersection),11,"MOTOR VEHICLE STRUCK MOTOR VEHICLE, FRONT END AT ANGLE",,0,Clear,Dry,Daylight,,4042024.0,,11,From same direction - both going straight - both moving - sideswipe,0,0,N
9987,1,-122.3136719,47.66309573,12563,25853,25853,1079903,Matched,Block,,NE 47TH ST BETWEEN BROOKLYN AVE NE AND UNIVERSITY WAY NE,,,1,Property Damage Only Collision,Parked Car,3,0,0,3,2004/07/07 00:00:00+00,7/7/2004,Mid-Block (but intersection related),14,"MOTOR VEHICLE STRUCK MOTOR VEHICLE, REAR END",,0,Raining,Wet,Dark - Street Lights On,,4189004.0,,32,One parked--one moving,0,0,N
9988,1,-122.31164229999999,47.68788685,12564,25444,25444,1747039,Matched,Block,,LAKE CITY WAY NE BETWEEN 15TH AVE NE AND 16TH AVE NE,,,1,Property Damage Only Collision,Rear Ended,2,0,0,2,2004/10/23 00:00:00+00,10/23/2004 3:54:00 PM,Driveway Junction,14,"MOTOR VEHICLE STRUCK MOTOR VEHICLE, REAR END",,0,Clear,Dry,Daylight,,4297045.0,Y,13,From same direction - both going straight - both moving - rear-end,0,0,N
9989,2,-122.31677990000001,47.60805878,12565,25911,25911,1772155,Matched,Intersection,29795.0,12TH AVE AND E CHERRY ST,,,2,Injury Collision,Angles,2,0,0,2,2004/04/09 00:00:00+00,4/9/2004,At Intersection (intersection related),11,"MOTOR VEHICLE STRUCK MOTOR VEHICLE, FRONT END AT ANGLE",,0,Clear,Dry,Daylight,,4100013.0,,10,Entering at angle,0,0,N
9990,1,-122.3056993,47.60351176,12567,26225,26225,1787135,Matched,Block,,E SPRUCE ST BETWEEN 20TH AVE AND 21ST AVE,,,1,Property Damage Only Collision,Parked Car,4,0,0,2,2004/04/19 00:00:00+00,4/19/2004 6:29:00 PM,Mid-Block (not related to intersection),11,"MOTOR VEHICLE STRUCK MOTOR VEHICLE, FRONT END AT ANGLE",,0,Raining,Wet,Daylight,,4110016.0,,20,One car leaving parked position,0,0,N
9991,1,-122.3000096,47.66034958,12568,25997,25997,1780040,Matched,Intersection,27293.0,MONTLAKE BLVD NE AND NE 44TH ST,,,1,Property Damage Only Collision,Left Turn,3,0,0,2,2004/02/12 00:00:00+00,2/12/2004 9:50:00 PM,At Intersection (intersection related),11,"MOTOR VEHICLE STRUCK MOTOR VEHICLE, FRONT END AT ANGLE",,0,Clear,Dry,Dark - Street Lights On,,4043002.0,,28,From opposite direction - one left turn - one straight,0,0,N
9992,1,-122.3554242,47.62210319,12569,26765,26765,1214103,Matched,Intersection,28924.0,1ST AVE N AND HARRISON ST,,,1,Property Damage Only Collision,Sideswipe,2,0,0,2,2004/06/05 00:00:00+00,6/5/2004,At Intersection (intersection related),11,"MOTOR VEHICLE STRUCK MOTOR VEHICLE, FRONT END AT ANGLE",,0,Clear,Dry,Daylight,,4157028.0,,81,Same direction -- both turning left -- both moving -- sideswipe,0,0,N
9993,2,-122.2834778,47.54157198,12570,25903,25903,1771320,Matched,Block,,M L KING JR WR WAY S BETWEEN S HOLLY ST AND S WILLOW ST,,,2,Injury Collision,Other,4,0,0,1,2004/06/06 00:00:00+00,6/6/2004,Mid-Block (not related to intersection),28,MOTOR VEHICLE RAN OFF ROAD - HIT FIXED OBJECT,,0,Clear,Dry,Daylight,,4158006.0,,50,Fixed object,0,0,N
9994,1,-122.30554070000001,47.58550389,12572,25093,25093,1779046,Matched,Intersection,31549.0,21ST AVE S AND S PLUM ST,,,1,Property Damage Only Collision,Angles,2,0,0,2,2004/04/07 00:00:00+00,4/7/2004,At Intersection (intersection related),11,"MOTOR VEHICLE STRUCK MOTOR VEHICLE, FRONT END AT ANGLE",,0,Clear,Dry,Daylight,,4098016.0,,10,Entering at angle,0,0,N
9995,2,-122.26982,47.51684994,12573,25968,25968,1779670,Matched,Block,,S ROXBURY ST BETWEEN 51ST AVE S AND RENTON AVE S,,,2,Injury Collision,Other,4,0,0,3,2004/04/08 00:00:00+00,4/8/2004,Driveway Junction,11,"MOTOR VEHICLE STRUCK MOTOR VEHICLE, FRONT END AT ANGLE",Y,0,Clear,Dry,Daylight,,4099016.0,,21,One car entering driveway access,0,0,N
9996,1,-122.3762212,47.66235291,12574,26281,26281,1213268,Matched,Intersection,25458.0,BALLARD BR AND BALLARD BR OFF RP,,,1,Property Damage Only Collision,Sideswipe,2,0,0,2,2004/12/03 00:00:00+00,12/3/2004,At Intersection (intersection related),11,"MOTOR VEHICLE STRUCK MOTOR VEHICLE, FRONT END AT ANGLE",Y,0,Overcast,Dry,Dusk,,4338026.0,,11,From same direction - both going straight - both moving - sideswipe,0,0,N
9997,1,-122.31212179999999,47.61411102,12576,25206,25206,1071243,Matched,Block,,E PIKE ST BETWEEN 15TH AVE AND 16TH AVE,,,1,Property Damage Only Collision,Parked Car,3,0,0,3,2004/06/25 00:00:00+00,6/25/2004 11:31:00 PM,Mid-Block (not related to intersection),15,"MOTOR VEHICLE STRUCK MOTOR VEHICLE, RIGHT SIDE SIDESWIPE",,0,Clear,Dry,Dark - Street Lights On,,4177012.0,,32,One parked--one moving,0,0,N
9998,2,-122.3453665,47.70505326,12577,26504,26504,1205169,Matched,Block,,N 105TH ST BETWEEN WHITMAN AVE N AND AURORA AVE N,,,2,Injury Collision,Cycles,1,0,1,0,2004/05/10 00:00:00+00,5/10/2004 2:27:00 PM,Driveway Junction,18,"MOTOR VEHICLE STRUCK PEDALCYCLIST, FRONT END AT ANGLE",,0,Raining,Wet,Daylight,,4131008.0,,45,Vehicle - Pedalcyclist,0,0,N
9999,1,-122.33871809999998,47.64985905,12580,25258,25258,1199124,Matched,Block,,WOODLAWN AVE N BETWEEN N 35TH ST AND N 36TH ST,,,1,Property Damage Only Collision,Parked Car,2,0,0,2,2004/01/03 00:00:00+00,1/3/2004,Mid-Block (not related to intersection),16,"MOTOR VEHICLE STRUCK MOTOR VEHICLE, LEFT SIDE SIDESWIPE",,0,Overcast,Wet,Dark - Street Lights On,,4003018.0,,32,One parked--one moving,0,0,N
10000,1,-122.3735943,47.66329527,12581,25481,25481,1793705,Matched,Block,,14TH AVE NW BETWEEN NW BALLARD WAY AND NW LEARY WAY,,,1,Property Damage Only Collision,Other,1,0,0,1,2004/05/27 00:00:00+00,5/27/2004 8:25:00 AM,Mid-Block (but intersection related),28,MOTOR VEHICLE RAN OFF ROAD - HIT FIXED OBJECT,,0,Raining,Wet,Daylight,,4148042.0,,50,Fixed object,0,0,N
10001,2,-122.35435159999999,47.6756575,12582,25041,25041,1773840,Matched,Block,,PHINNEY AVE N BETWEEN N 64TH ST AND N 65TH ST,,,2,Injury Collision,Sideswipe,2,0,0,2,2004/04/04 00:00:00+00,4/4/2004,Driveway Junction,16,"MOTOR VEHICLE STRUCK MOTOR VEHICLE, LEFT SIDE SIDESWIPE",,0,Unknown,Unknown,Unknown,,4095010.0,,11,From same direction - both going straight - both moving - sideswipe,0,0,N
10002,1,-122.32135749999999,47.63657117,12584,25719,25719,1772600,Matched,Block,,BROADWAY E BETWEEN E HOWE ST AND E NEWTON ST,,,1,Property Damage Only Collision,Parked Car,2,0,0,2,2004/07/09 00:00:00+00,7/9/2004,Mid-Block (not related to intersection),12,"MOTOR VEHICLE STRUCK MOTOR VEHICLE, RIGHT SIDE AT ANGLE",,0,Clear,Unknown,Daylight,,4191029.0,,32,One parked--one moving,0,0,N
10003,1,-122.32971189999999,47.52458884,12585,25737,25737,1317266,Matched,Intersection,35166.0,4TH AVE S AND S TRENTON ST,,,1,Property Damage Only Collision,Other,3,0,0,2,2004/03/23 00:00:00+00,3/23/2004 7:59:00 PM,At Intersection (intersection related),11,"MOTOR VEHICLE STRUCK MOTOR VEHICLE, FRONT END AT ANGLE",,0,Raining,Wet,Dark - Street Lights On,,4083008.0,,22,One car leaving driveway access,0,0,N
10004,1,-122.2864886,47.5601082,12586,25813,25813,1793034,Matched,Block,,RAINIER AVE S BETWEEN S ALASKA ST AND S ANGELINE ST,,,1,Property Damage Only Collision,Rear Ended,2,0,0,2,2004/08/03 00:00:00+00,8/3/2004,Mid-Block (but intersection related),14,"MOTOR VEHICLE STRUCK MOTOR VEHICLE, REAR END",,0,Clear,Dry,Daylight,,4216031.0,,14,From same direction - both going straight - one stopped - rear-end,0,0,N
10005,1,-122.29237759999998,47.59170231,12587,24941,24941,1772490,Matched,Block,,31ST AVE S BETWEEN S JUDKINS ST AND S IRVING ST,,,1,Property Damage Only Collision,Parked Car,2,0,0,2,2004/10/12 00:00:00+00,10/12/2004 9:03:00 PM,Mid-Block (not related to intersection),16,"MOTOR VEHICLE STRUCK MOTOR VEHICLE, LEFT SIDE SIDESWIPE",Y,0,Clear,Dry,Dark - Street Lights On,,4286016.0,,32,One parked--one moving,0,0,N
10006,1,-122.31728079999999,47.59268663,12588,25959,25959,1799058,Matched,Block,,12TH AVE S BETWEEN S CHARLES S ST AND S JUDKINS ST,,,1,Property Damage Only Collision,Rear Ended,4,0,0,2,2004/09/17 00:00:00+00,9/17/2004 6:15:00 PM,Mid-Block (not related to intersection),14,"MOTOR VEHICLE STRUCK MOTOR VEHICLE, REAR END",,0,Raining,Wet,Dusk,,4261017.0,,13,From same direction - both going straight - both moving - rear-end,0,0,N
10007,1,-122.31270239999999,47.65598152,12589,26421,26421,1771728,Matched,Block,,NE CAMPUS EB PY BETWEEN UNIVERSITY WAY NE AND 15TH AVE NE,,,1,Property Damage Only Collision,Parked Car,2,0,0,2,2004/05/21 00:00:00+00,5/21/2004 6:45:00 PM,Mid-Block (not related to intersection),11,"MOTOR VEHICLE STRUCK MOTOR VEHICLE, FRONT END AT ANGLE",,0,Clear,Dry,Daylight,,4142026.0,,32,One parked--one moving,0,0,N
10008,1,-122.3235727,47.72203501,12590,27025,27025,1776086,Matched,Intersection,35984.0,5TH AVE NE AND 130TH ST OFF RP,,,1,Property Damage Only Collision,Sideswipe,2,0,0,2,2004/11/12 00:00:00+00,11/12/2004 4:08:00 PM,At Intersection (intersection related),14,"MOTOR VEHICLE STRUCK MOTOR VEHICLE, REAR END",,0,Clear,Dry,Daylight,,4317018.0,,82,Same direction -- both turning left -- one stopped -- sideswipe,0,0,N
10009,2,-122.371398,47.51742557,12591,25503,25503,1774893,Matched,Intersection,34961.0,30TH AVE SW AND SW ROXBURY ST,,,2,Injury Collision,Left Turn,2,0,0,2,2004/05/05 00:00:00+00,5/5/2004,At Intersection (intersection related),14,"MOTOR VEHICLE STRUCK MOTOR VEHICLE, REAR END",,0,Clear,Dry,Daylight,,4126019.0,,15,From same direction - one left turn - one straight,0,0,N
10010,2,-122.3341327,47.71712395,12592,26345,26345,1775488,Matched,Intersection,36543.0,MERIDIAN AVE N AND N 122ND ST,,,2,Injury Collision,Angles,2,0,0,2,2004/06/26 00:00:00+00,6/26/2004 7:13:00 PM,At Intersection (intersection related),11,"MOTOR VEHICLE STRUCK MOTOR VEHICLE, FRONT END AT ANGLE",,0,Clear,Dry,Daylight,,4178015.0,,10,Entering at angle,0,0,N
10011,2,-122.34462420000001,47.6991652,12593,26719,26719,1773945,Matched,Block,,AURORA AVE N BETWEEN N 96TH N ST AND N 97TH ST,,,2,Injury Collision,Rear Ended,2,0,0,2,2004/08/06 00:00:00+00,8/6/2004,Mid-Block (not related to intersection),14,"MOTOR VEHICLE STRUCK MOTOR VEHICLE, REAR END",,0,Raining,Wet,Daylight,,4219032.0,,14,From same direction - both going straight - one stopped - rear-end,0,0,N
10012,1,-122.2874011,47.68576025,12594,26492,26492,1780016,Matched,Block,,38TH AVE NE BETWEEN NE 77TH ST AND NE 80TH ST,,,1,Property Damage Only Collision,Parked Car,2,0,0,2,2004/01/24 00:00:00+00,1/24/2004 5:00:00 AM,Mid-Block (not related to intersection),16,"MOTOR VEHICLE STRUCK MOTOR VEHICLE, LEFT SIDE SIDESWIPE",,0,Clear,Dry,Dark - Street Lights On,,4024029.0,,32,One parked--one moving,0,0,N
10013,1,-122.3352605,47.6036254,12596,25753,25753,1479475,Matched,Block,,1ST AVE BETWEEN COLUMBIA ST AND MARION ST,,,1,Property Damage Only Collision,Parked Car,2,0,0,2,2004/05/03 00:00:00+00,5/3/2004,Mid-Block (not related to intersection),13,"MOTOR VEHICLE STRUCK MOTOR VEHICLE, LEFT SIDE AT ANGLE",,0,Overcast,Dry,Dark - Street Lights On,,4124005.0,,32,One parked--one moving,0,0,N
10014,1,-122.34509609999999,47.54736919,12598,24833,24833,1781386,Matched,Block,,WEST MARGINAL WAY SW BETWEEN SW BRANDON ST AND SW FRONT ST,,,1,Property Damage Only Collision,Other,2,0,0,2,2004/08/06 00:00:00+00,8/6/2004,Driveway Junction,11,"MOTOR VEHICLE STRUCK MOTOR VEHICLE, FRONT END AT ANGLE",Y,0,Raining,Wet,Daylight,,4219045.0,,21,One car entering driveway access,0,0,N
10015,1,-122.2978706,47.59443579,12600,26159,26159,1790051,Matched,Block,,M L KING JR WAY S BETWEEN S DEARBORN ST AND S NORMAN ST,,,1,Property Damage Only Collision,Rear Ended,2,0,0,2,2004/02/27 00:00:00+00,2/27/2004 9:56:00 AM,Mid-Block (not related to intersection),14,"MOTOR VEHICLE STRUCK MOTOR VEHICLE, REAR END",,0,Raining,Wet,Daylight,,4058007.0,,14,From same direction - both going straight - one stopped - rear-end,0,0,N
10016,1,-122.31313349999999,47.67615544,12601,25572,25572,1319456,Matched,Block,,14TH AVE NE BETWEEN NE 65TH ST AND NE 66TH ST,,,1,Property Damage Only Collision,Parked Car,2,0,0,2,2004/05/17 00:00:00+00,5/17/2004 7:50:00 AM,Driveway Junction,11,"MOTOR VEHICLE STRUCK MOTOR VEHICLE, FRONT END AT ANGLE",Y,0,Clear,Dry,Daylight,,4138020.0,,32,One parked--one moving,0,0,N
10017,1,-122.31743759999999,47.71763332,12602,25876,25876,1780878,Matched,Block,,NE 123RD ST BETWEEN ROOSEVELT WAY NE AND 10TH PL NE,,,1,Property Damage Only Collision,Other,2,0,0,2,2004/01/14 00:00:00+00,1/14/2004 9:12:00 PM,Driveway Junction,11,"MOTOR VEHICLE STRUCK MOTOR VEHICLE, FRONT END AT ANGLE",,0,Raining,Wet,Dark - Street Lights On,,4014005.0,Y,21,One car entering driveway access,0,0,N
10018,2,-122.3550936,47.5237881,12604,25797,25797,1071359,Matched,Block,,16TH AVE SW BETWEEN SW TRENTON ST AND SW HENDERSON ST,,,2,Injury Collision,Rear Ended,3,0,0,2,2004/03/18 00:00:00+00,3/18/2004 8:25:00 AM,Mid-Block (but intersection related),14,"MOTOR VEHICLE STRUCK MOTOR VEHICLE, REAR END",,0,Raining,Wet,Daylight,,4078032.0,,14,From same direction - both going straight - one stopped - rear-end,0,0,N
10019,1,-122.32080790000002,47.61581795,12605,24935,24935,1476319,Matched,Block,,BROADWAY BETWEEN E PINE ST AND XW E OLIVE ST,,,1,Property Damage Only Collision,Parked Car,2,0,0,2,2004/01/17 00:00:00+00,1/17/2004 12:30:00 AM,Mid-Block (not related to intersection),0,NOT ENOUGH INFORMATION / NOT APPLICABLE,Y,0,Unknown,Unknown,Unknown,,4017005.0,,32,One parked--one moving,0,0,N
10020,1,-122.30205729999999,47.55103163,12606,26223,26223,1786494,Matched,Intersection,33267.0,BEACON WR AVE S AND S ORCAS ST,,,1,Property Damage Only Collision,Angles,5,0,0,2,2004/02/16 00:00:00+00,2/16/2004 10:51:00 PM,At Intersection (intersection related),11,"MOTOR VEHICLE STRUCK MOTOR VEHICLE, FRONT END AT ANGLE",,0,Overcast,Wet,Dark - Street Lights On,,4047022.0,,10,Entering at angle,0,0,N
10021,1,-122.34531170000001,47.61735578,12607,26414,26414,1784979,Matched,Intersection,29671.0,5TH AVE AND WALL ST,,,1,Property Damage Only Collision,Rear Ended,2,0,0,2,2004/10/08 00:00:00+00,10/8/2004,At Intersection (intersection related),14,"MOTOR VEHICLE STRUCK MOTOR VEHICLE, REAR END",,0,Clear,Dry,Dark - Street Lights On,,4282037.0,,14,From same direction - both going straight - one stopped - rear-end,0,0,N
10022,1,-122.33755159999998,47.58937381,12608,26761,26761,1213871,Matched,Block,,ALASKAN WY VI NB BETWEEN S HOLGATE ST AND SR99 REPUBLICAN OFF RP,,,1,Property Damage Only Collision,Rear Ended,3,0,0,3,2004/08/24 00:00:00+00,8/24/2004 9:50:00 AM,Mid-Block (not related to intersection),14,"MOTOR VEHICLE STRUCK MOTOR VEHICLE, REAR END",,0,Raining,Wet,Daylight,,4237039.0,,14,From same direction - both going straight - one stopped - rear-end,0,0,N
10023,1,-122.3538308,47.61769941,12609,25128,25128,1777362,Matched,Intersection,29664.0,1ST AVE AND EAGLE ST,,,1,Property Damage Only Collision,Angles,6,0,0,2,2004/01/05 00:00:00+00,1/5/2004,At Intersection (intersection related),11,"MOTOR VEHICLE STRUCK MOTOR VEHICLE, FRONT END AT ANGLE",,1,Overcast,Dry,Dark - Street Lights On,,4005019.0,Y,10,Entering at angle,0,0,N
10024,1,-122.30622779999999,47.5877328,12610,25896,25896,1793383,Matched,Intersection,31528.0,20TH AVE S AND S STATE ST,,,1,Property Damage Only Collision,Angles,2,0,0,2,2004/10/20 00:00:00+00,10/20/2004 4:11:00 PM,At Intersection (intersection related),11,"MOTOR VEHICLE STRUCK MOTOR VEHICLE, FRONT END AT ANGLE",,0,Overcast,Dry,Daylight,,4294032.0,Y,10,Entering at angle,0,0,N
10025,1,-122.29284140000001,47.72379376,12611,25050,25050,1782285,Matched,Block,,LAKE CITY WAY NE BETWEEN NE 130TH ST AND NE 133RD ST,,,1,Property Damage Only Collision,Other,2,0,0,2,2004/10/09 00:00:00+00,10/9/2004,Driveway Junction,16,"MOTOR VEHICLE STRUCK MOTOR VEHICLE, LEFT SIDE SIDESWIPE",,0,Clear,Dry,Dark - Street Lights On,,4283027.0,,22,One car leaving driveway access,0,0,N
10026,2,-122.3074092,47.61673276,12612,26028,26028,1328060,Matched,Intersection,30125.0,19TH AVE AND E MADISON ST,,,2,Injury Collision,Left Turn,2,0,0,2,2004/02/06 00:00:00+00,2/6/2004,At Intersection (intersection related),11,"MOTOR VEHICLE STRUCK MOTOR VEHICLE, FRONT END AT ANGLE",,0,Raining,Wet,Daylight,,4037032.0,,28,From opposite direction - one left turn - one straight,0,0,N
10027,2,-122.36793159999999,47.52103011,12613,26864,26864,1798528,Matched,Block,,SW BARTON ST BETWEEN 26TH AVE SW AND 29TH AVE SW,,,2,Injury Collision,Cycles,2,0,1,1,2004/06/25 00:00:00+00,6/25/2004 6:16:00 PM,Driveway Junction,18,"MOTOR VEHICLE STRUCK PEDALCYCLIST, FRONT END AT ANGLE",,1,Clear,Dry,Daylight,,4177004.0,,45,Vehicle - Pedalcyclist,0,0,N
10028,1,-122.2740176,47.55041001,12615,25403,25403,1773309,Matched,Block,,S MEAD ST BETWEEN 46TH AVE S AND 48TH AVE S,,,1,Property Damage Only Collision,Parked Car,2,0,0,2,2004/10/02 00:00:00+00,10/2/2004,Mid-Block (not related to intersection),12,"MOTOR VEHICLE STRUCK MOTOR VEHICLE, RIGHT SIDE AT ANGLE",,0,Clear,Dry,Unknown,,4276003.0,,32,One parked--one moving,0,0,N
10029,1,-122.3638591,47.62460942,12616,25242,25242,1783755,Matched,Intersection,28638.0,W MERCER PL AND W MERCER ST,,,1,Property Damage Only Collision,Other,1,0,0,1,2004/08/15 00:00:00+00,8/15/2004 12:08:00 AM,At Intersection (intersection related),28,MOTOR VEHICLE RAN OFF ROAD - HIT FIXED OBJECT,,1,Clear,Dry,Dark - Street Lights On,,4228011.0,Y,50,Fixed object,0,0,N
10030,1,-122.2638514,47.67515996,12618,26016,26016,1930976,Matched,Intersection,26277.0,SAND POINT WAY NE AND NE 64TH ST,,,1,Property Damage Only Collision,Angles,3,0,0,2,2004/12/04 00:00:00+00,12/4/2004,At Intersection (intersection related),11,"MOTOR VEHICLE STRUCK MOTOR VEHICLE, FRONT END AT ANGLE",,0,Overcast,Wet,Daylight,,4339024.0,,10,Entering at angle,0,0,N
10031,2,-122.2788815,47.51516103,12619,26559,26559,1772777,Matched,Block,,M L KING JR ER WAY S BETWEEN MERTON WAY S AND S NORFOLK ST,,,2,Injury Collision,Sideswipe,2,0,0,2,2004/04/29 00:00:00+00,4/29/2004 6:02:00 PM,Mid-Block (not related to intersection),11,"MOTOR VEHICLE STRUCK MOTOR VEHICLE, FRONT END AT ANGLE",,0,Clear,Dry,Daylight,,4120011.0,,11,From same direction - both going straight - both moving - sideswipe,0,0,N
10032,2,-122.3562082,47.64909962,12620,25796,25796,1069998,Matched,Block,,NICKERSON ST BETWEEN CREMONA ST AND DRAVUS ST,,,2,Injury Collision,Cycles,2,0,1,1,2004/11/30 00:00:00+00,11/30/2004 11:30:00 AM,Driveway Junction,18,"MOTOR VEHICLE STRUCK PEDALCYCLIST, FRONT END AT ANGLE",,0,Overcast,Wet,Daylight,Y,4335028.0,,45,Vehicle - Pedalcyclist,0,0,N
10033,2,-122.27766409999998,47.55117602,12621,25067,25067,1793368,Matched,Intersection,33512.0,RAINIER AVE S AND S ORCAS ST,,,2,Injury Collision,Left Turn,3,0,0,2,2004/12/28 00:00:00+00,12/28/2004 8:07:00 PM,At Intersection (intersection related),11,"MOTOR VEHICLE STRUCK MOTOR VEHICLE, FRONT END AT ANGLE",,0,Clear,Dry,Unknown,,4363002.0,,28,From opposite direction - one left turn - one straight,0,0,N
10034,2,-122.32725020000001,47.66135475,12622,26219,26219,1774309,Matched,Intersection,27182.0,2ND AVE NE AND NE 45TH ST,,,2,Injury Collision,Sideswipe,3,0,0,2,2004/07/07 00:00:00+00,7/7/2004,At Intersection (intersection related),11,"MOTOR VEHICLE STRUCK MOTOR VEHICLE, FRONT END AT ANGLE",,0,Clear,Dry,Dark - Street Lights On,,4189010.0,,11,From same direction - both going straight - both moving - sideswipe,0,0,N
10035,1,-122.3244506,47.67816095,12623,25561,25561,1773481,Matched,Block,,NE RAVENNA EB BV BETWEEN WOODLAWN AVE NE AND NE 68TH ST,,,1,Property Damage Only Collision,Parked Car,2,0,0,2,2004/02/24 00:00:00+00,2/24/2004 2:14:00 AM,Mid-Block (not related to intersection),14,"MOTOR VEHICLE STRUCK MOTOR VEHICLE, REAR END",,0,Clear,Dry,Dark - Street Lights On,,4055014.0,,32,One parked--one moving,0,0,N
10036,1,-122.3943014,47.67224581,12625,25126,25126,1222249,Matched,Block,,NW 60TH ST BETWEEN 28TH AVE NW AND 30TH AVE NW,,,1,Property Damage Only Collision,Parked Car,2,0,0,2,2004/07/27 00:00:00+00,7/27/2004 10:29:00 PM,Mid-Block (not related to intersection),13,"MOTOR VEHICLE STRUCK MOTOR VEHICLE, LEFT SIDE AT ANGLE",,0,Clear,Dry,Dark - Street Lights On,,4209008.0,Y,32,One parked--one moving,0,0,N
10037,1,-122.3168913,47.6176006,12626,25940,25940,1798549,Matched,Intersection,29075.0,12TH AVE AND E HOWELL ST,,,1,Property Damage Only Collision,Angles,3,0,0,2,2004/09/14 00:00:00+00,9/14/2004 6:12:00 PM,At Intersection (intersection related),11,"MOTOR VEHICLE STRUCK MOTOR VEHICLE, FRONT END AT ANGLE",,0,Raining,Wet,Dusk,,4258005.0,,10,Entering at angle,0,0,N