,SEVERITYCODE,X,Y,OBJECTID,INCKEY,COLDETKEY,REPORTNO,STATUS,ADDRTYPE,INTKEY,LOCATION,EXCEPTRSNCODE,EXCEPTRSNDESC,SEVERITYCODE.1,SEVERITYDESC,COLLISIONTYPE,PERSONCOUNT,PEDCOUNT,PEDCYLCOUNT,VEHCOUNT,INCDATE,INCDTTM,JUNCTIONTYPE,SDOT_COLCODE,SDOT_COLDESC,INATTENTIONIND,UNDERINFL,WEATHER,ROADCOND,LIGHTCOND,PEDROWNOTGRNT,SDOTCOLNUM,SPEEDING,ST_COLCODE,ST_COLDESC,SEGLANEKEY,CROSSWALKKEY,HITPARKEDCAR
10038,1,-122.3130335,47.67098656,12627,25181,25181,1930984,Matched,Intersection,25738.0,UNIVERSITY WAY NE AND NE RAVENNA EB BV,,,1,Property Damage Only Collision,Cycles,2,0,1,1,2004/12/20 00:00:00+00,12/20/2004 2:54:00 PM,At Intersection (intersection related),11,"MOTOR VEHICLE STRUCK MOTOR VEHICLE, FRONT END AT ANGLE",,0,Clear,Dry,Daylight,Y,4355006.0,,45,Vehicle - Pedalcyclist,0,0,N
10039,2,-122.3523396,47.64732794,12628,26472,26472,1482269,Matched,Block,,NICKERSON ST BETWEEN ETRURIA ST AND FLORENTIA ST,,,2,Injury Collision,Other,1,0,0,1,2004/05/27 00:00:00+00,5/27/2004 12:30:00 PM,Mid-Block (but intersection related),29,MOTOR VEHICLE OVERTURNED IN ROAD,,0,Raining,Wet,Daylight,,4148022.0,,52,Vehicle overturned,0,0,N
10040,1,-122.3539409,47.69150132,12629,26018,26018,1775538,Matched,Block,,PHINNEY AVE N BETWEEN N 85TH ST AND N 87TH ST,,,1,Property Damage Only Collision,Parked Car,2,0,0,2,2004/02/13 00:00:00+00,2/13/2004 6:15:00 PM,Mid-Block (not related to intersection),14,"MOTOR VEHICLE STRUCK MOTOR VEHICLE, REAR END",Y,0,Overcast,Dry,Dusk,,4044015.0,,32,One parked--one moving,0,0,N
10041,1,-122.3187824,47.66038085,12630,25884,25884,C645466,Matched,Block,,9TH AVE NE BETWEEN NE 43RD ST AND NE 45TH W ST,,,1,Property Damage Only Collision,Parked Car,2,0,0,2,2004/06/22 00:00:00+00,6/22/2004 1:00:00 PM,Mid-Block (not related to intersection),14,"MOTOR VEHICLE STRUCK MOTOR VEHICLE, REAR END",,0,Clear,Dry,Daylight,,4174037.0,,32,One parked--one moving,0,0,N
10042,2,-122.33425559999999,47.52935807,12631,25395,25395,1227720,Matched,Block,,SR509 NB BETWEEN KENYON ON RP AND 1ST AV S ON RP,,,2,Injury Collision,Rear Ended,2,0,0,2,2004/03/17 00:00:00+00,3/17/2004 8:35:00 AM,Mid-Block (not related to intersection),14,"MOTOR VEHICLE STRUCK MOTOR VEHICLE, REAR END",,0,Raining,Wet,Daylight,,4077007.0,Y,13,From same direction - both going straight - both moving - rear-end,0,0,N
10043,1,-122.3505254,47.64970651,12632,25082,25082,1774290,Matched,Block,,N 34TH ST BETWEEN EVANSTON AVE N AND FREMONT AVE N,,,1,Property Damage Only Collision,Parked Car,2,0,0,2,2004/06/27 00:00:00+00,6/27/2004 11:30:00 AM,Mid-Block (not related to intersection),11,"MOTOR VEHICLE STRUCK MOTOR VEHICLE, FRONT END AT ANGLE",,0,Clear,Dry,Daylight,,4179011.0,,20,One car leaving parked position,0,0,N
10044,1,-122.32403070000001,47.6231414,12633,26376,26376,1789631,Matched,Intersection,29128.0,BELMONT AVE E AND E REPUBLICAN ST,,,1,Property Damage Only Collision,Angles,3,0,0,2,2004/04/17 00:00:00+00,4/17/2004 5:17:00 PM,At Intersection (intersection related),11,"MOTOR VEHICLE STRUCK MOTOR VEHICLE, FRONT END AT ANGLE",,0,Clear,Dry,Daylight,,4108029.0,,10,Entering at angle,0,0,N
10045,2,-122.27035349999998,47.53730025,12635,26841,26841,1779427,Matched,Block,,RAINIER AVE S BETWEEN S GARDEN ST AND S OTHELLO ST,,,2,Injury Collision,Rear Ended,2,0,0,2,2004/01/04 00:00:00+00,1/4/2004,Mid-Block (but intersection related),14,"MOTOR VEHICLE STRUCK MOTOR VEHICLE, REAR END",Y,0,Clear,Dry,Daylight,,4004010.0,,14,From same direction - both going straight - one stopped - rear-end,0,0,N
10046,2,-122.269921,47.55262164,12636,25347,25347,1772895,Matched,Intersection,33489.0,51ST AVE S AND S LUCILE ST,,,2,Injury Collision,Angles,4,0,0,2,2004/06/14 00:00:00+00,6/14/2004 4:42:00 PM,At Intersection (intersection related),11,"MOTOR VEHICLE STRUCK MOTOR VEHICLE, FRONT END AT ANGLE",,0,Clear,Dry,Daylight,,4166002.0,,10,Entering at angle,0,0,N
10047,2,-122.3295882,47.5453369,12638,25843,25843,1781345,Matched,Intersection,34219.0,4TH AVE S AND S MICHIGAN ST,,,2,Injury Collision,Angles,6,0,0,2,2004/05/22 00:00:00+00,5/22/2004 2:03:00 PM,At Intersection (intersection related),11,"MOTOR VEHICLE STRUCK MOTOR VEHICLE, FRONT END AT ANGLE",,0,Raining,Wet,Daylight,,4143017.0,,10,Entering at angle,0,0,N
10048,1,-122.37682690000001,47.56203532,12639,26739,26739,1795552,Matched,Block,,SW SNOQUALMIE ST BETWEEN 35TH AVE SW AND 36TH AVE SW,,,1,Property Damage Only Collision,Parked Car,2,0,0,2,2004/10/04 00:00:00+00,10/4/2004,Mid-Block (but intersection related),16,"MOTOR VEHICLE STRUCK MOTOR VEHICLE, LEFT SIDE SIDESWIPE",Y,0,Clear,Dry,Daylight,,4278023.0,,32,One parked--one moving,0,0,N
10049,2,-122.3307297,47.61544972,12641,25627,25627,1777067,Matched,Intersection,29865.0,BOREN AVE AND OLIVE WAY,,,2,Injury Collision,Angles,3,0,0,2,2004/06/14 00:00:00+00,6/14/2004 7:14:00 PM,At Intersection (intersection related),11,"MOTOR VEHICLE STRUCK MOTOR VEHICLE, FRONT END AT ANGLE",,0,Clear,Dry,Daylight,,4166017.0,,10,Entering at angle,0,0,N
10050,2,-122.34506999999999,47.73167415,12642,24830,24830,1778348,Matched,Block,,AURORA AVE N BETWEEN N 141ST ST AND N 143RD ST,,,2,Injury Collision,Rear Ended,2,0,0,2,2004/03/05 00:00:00+00,3/5/2004,Mid-Block (but intersection related),14,"MOTOR VEHICLE STRUCK MOTOR VEHICLE, REAR END",Y,0,Overcast,Dry,Daylight,,4065024.0,,14,From same direction - both going straight - one stopped - rear-end,0,0,N
10051,1,-122.3762219,47.66366371,12643,26114,26114,1220418,Matched,Block,,NW LEARY WAY BETWEEN 15TH NB AVE NW AND 15TH SB AVE NW,,,1,Property Damage Only Collision,Angles,2,0,0,2,2004/10/06 00:00:00+00,10/6/2004,Mid-Block (but intersection related),11,"MOTOR VEHICLE STRUCK MOTOR VEHICLE, FRONT END AT ANGLE",Y,0,Overcast,Dry,Daylight,,4280014.0,,10,Entering at angle,0,0,N
10052,2,-122.3026942,47.61354827,12645,25871,25871,C649741,Matched,Block,,23RD AVE BETWEEN E UNION ST AND E PIKE ST,,,2,Injury Collision,Sideswipe,2,0,0,2,2004/12/07 00:00:00+00,12/7/2004,Mid-Block (not related to intersection),16,"MOTOR VEHICLE STRUCK MOTOR VEHICLE, LEFT SIDE SIDESWIPE",,0,Raining,Wet,Dark - Street Lights On,,4342056.0,,11,From same direction - both going straight - both moving - sideswipe,0,0,N
10053,1,-122.31823390000001,47.61992718,12646,25664,25664,1074704,Matched,Intersection,29054.0,11TH AVE E AND E JOHN ST,,,1,Property Damage Only Collision,Angles,2,0,0,2,2004/03/03 00:00:00+00,3/3/2004,At Intersection (intersection related),11,"MOTOR VEHICLE STRUCK MOTOR VEHICLE, FRONT END AT ANGLE",,0,Raining,Wet,Daylight,,4063005.0,,10,Entering at angle,0,0,N
10054,1,-122.30956869999999,47.61036549,12647,25079,25079,1788536,Matched,Block,,E MARION ST BETWEEN 17TH AVE AND 18TH AVE,,,1,Property Damage Only Collision,Parked Car,2,0,0,2,2004/02/02 00:00:00+00,2/2/2004,Mid-Block (not related to intersection),13,"MOTOR VEHICLE STRUCK MOTOR VEHICLE, LEFT SIDE AT ANGLE",,0,Unknown,Unknown,Unknown,,4033009.0,,32,One parked--one moving,0,0,N
10055,1,-122.3232392,47.5470245,12648,26084,26084,1788875,Matched,Block,,S MICHIGAN ST BETWEEN 7TH AVE S AND CORSON AVE S,,,1,Property Damage Only Collision,Sideswipe,3,0,0,2,2004/04/09 00:00:00+00,4/9/2004,Mid-Block (not related to intersection),16,"MOTOR VEHICLE STRUCK MOTOR VEHICLE, LEFT SIDE SIDESWIPE",,0,Clear,Dry,Daylight,,4100034.0,,11,From same direction - both going straight - both moving - sideswipe,0,0,N
10056,2,-122.3447064,47.7057972,12649,26266,26266,1774600,Matched,Block,,AURORA AVE N BETWEEN N NORTHGATE WAY AND N 107TH S ST,,,2,Injury Collision,Rear Ended,2,0,0,2,2004/03/03 00:00:00+00,3/3/2004,Mid-Block (but intersection related),14,"MOTOR VEHICLE STRUCK MOTOR VEHICLE, REAR END",,1,Raining,Wet,Dark - Street Lights On,,4063019.0,,14,From same direction - both going straight - one stopped - rear-end,0,0,N
10057,1,-122.2910441,47.66119715,12650,26914,26914,1080009,Matched,Block,,NE 45TH ST BETWEEN NE 45TH PL AND 36TH AVE NE,,,1,Property Damage Only Collision,Sideswipe,4,0,0,2,2004/08/11 00:00:00+00,8/11/2004 3:50:00 PM,Mid-Block (not related to intersection),16,"MOTOR VEHICLE STRUCK MOTOR VEHICLE, LEFT SIDE SIDESWIPE",,0,Clear,Dry,Daylight,,4224022.0,,11,From same direction - both going straight - both moving - sideswipe,0,0,N
10058,1,-122.3715355,47.64765658,12651,25488,25488,1182141,Matched,Block,,11TH AVE W BETWEEN W BARRETT ST AND W DRAVUS ST,,,1,Property Damage Only Collision,Parked Car,2,0,0,2,2004/02/21 00:00:00+00,2/21/2004 2:30:00 AM,Mid-Block (but intersection related),11,"MOTOR VEHICLE STRUCK MOTOR VEHICLE, FRONT END AT ANGLE",,0,Unknown,Unknown,Dark - Street Lights On,,4052011.0,Y,32,One parked--one moving,0,0,N
10059,2,-122.3238345,47.60791098,12652,26343,26343,1788644,Matched,Intersection,29940.0,BOREN AVE AND COLUMBIA ST,,,2,Injury Collision,Pedestrian,2,1,0,1,2004/02/08 00:00:00+00,2/8/2004,At Intersection (intersection related),24,MOTOR VEHCILE STRUCK PEDESTRIAN,,0,Clear,Dry,Daylight,Y,4039007.0,,3,Vehicle backing hits pedestrian,0,0,N
10060,2,-122.28931920000001,47.55249815,12653,26565,26565,1771591,Matched,Intersection,33608.0,35TH AVE S AND S LUCILE ST,,,2,Injury Collision,Angles,5,0,0,2,2004/09/05 00:00:00+00,9/5/2004,At Intersection (intersection related),11,"MOTOR VEHICLE STRUCK MOTOR VEHICLE, FRONT END AT ANGLE",,0,Clear,Dry,Daylight,,4249025.0,,10,Entering at angle,0,0,N
10061,2,-122.2961163,47.61889933,12654,26180,26180,1074709,Matched,Intersection,29288.0,M L KING JR WAY AND E DENNY WAY,,,2,Injury Collision,Angles,2,0,0,2,2004/04/29 00:00:00+00,4/29/2004 3:46:00 PM,At Intersection (intersection related),11,"MOTOR VEHICLE STRUCK MOTOR VEHICLE, FRONT END AT ANGLE",,0,Clear,Dry,Daylight,,4120026.0,,10,Entering at angle,0,0,N
10062,1,-122.2962223,47.57985835,12655,27065,27065,1793586,Matched,Block,,M L KING JR WAY S BETWEEN S BAYVIEW S ST AND S MCCLELLAN ST,,,1,Property Damage Only Collision,Other,1,0,0,1,2004/11/09 00:00:00+00,11/9/2004,Mid-Block (not related to intersection),28,MOTOR VEHICLE RAN OFF ROAD - HIT FIXED OBJECT,,0,Clear,Dry,Dark - Street Lights On,,4314011.0,,50,Fixed object,0,0,N
10063,1,-122.2881116,47.55161019,12656,25476,25476,1771399,Matched,Block,,M L KING JR ER WAY S BETWEEN S FINDLAY ST AND S ORCAS ST,,,1,Property Damage Only Collision,Other,3,0,0,2,2004/06/13 00:00:00+00,6/13/2004 2:40:00 AM,Driveway Junction,16,"MOTOR VEHICLE STRUCK MOTOR VEHICLE, LEFT SIDE SIDESWIPE",,0,Raining,Wet,Dark - Street Lights On,,4165011.0,,22,One car leaving driveway access,0,0,N
10064,1,-122.3113976,47.73393647,12658,25103,25103,1975984,Matched,Block,,NE 145TH ST BETWEEN 15TH AVE NE AND 17TH AVE NE,,,1,Property Damage Only Collision,Sideswipe,2,0,0,2,2004/08/06 00:00:00+00,8/6/2004,Mid-Block (not related to intersection),16,"MOTOR VEHICLE STRUCK MOTOR VEHICLE, LEFT SIDE SIDESWIPE",,0,Raining,Wet,Daylight,,4219065.0,Y,11,From same direction - both going straight - both moving - sideswipe,0,0,N
10065,1,-122.31487220000001,47.59290468,12659,26106,26106,1783878,Matched,Intersection,30456.0,14TH AVE S AND GOLF DR S,,,1,Property Damage Only Collision,Angles,2,0,0,2,2004/11/01 00:00:00+00,11/1/2004,At Intersection (intersection related),11,"MOTOR VEHICLE STRUCK MOTOR VEHICLE, FRONT END AT ANGLE",,0,Raining,Wet,Dark - Street Lights On,,4306040.0,,10,Entering at angle,0,0,N
10066,2,-122.31113059999998,47.54888559,12660,26012,26012,1771710,Matched,Intersection,33381.0,SWIFT AVE S AND S ALBRO PL,,,2,Injury Collision,Sideswipe,3,0,0,2,2004/04/27 00:00:00+00,4/27/2004 11:03:00 PM,At Intersection (intersection related),11,"MOTOR VEHICLE STRUCK MOTOR VEHICLE, FRONT END AT ANGLE",,0,Clear,Dry,Unknown,,4118035.0,,81,Same direction -- both turning left -- both moving -- sideswipe,0,0,N
10067,1,-122.37076850000001,47.66219939,12661,25724,25724,1782450,Matched,Intersection,25461.0,11TH AVE NW AND NW 46TH ST,,,1,Property Damage Only Collision,Angles,4,0,0,2,2004/12/04 00:00:00+00,12/4/2004,At Intersection (intersection related),11,"MOTOR VEHICLE STRUCK MOTOR VEHICLE, FRONT END AT ANGLE",,0,Raining,Wet,Daylight,,4339027.0,,10,Entering at angle,0,0,N
10068,2,-122.268776,47.53698054,12662,26920,26920,1793430,Matched,Block,,S OTHELLO ST BETWEEN RAINIER AVE S AND SEWARD PARK AVE S,,,2,Injury Collision,Head On,2,0,0,2,2004/10/16 00:00:00+00,10/16/2004 9:39:00 PM,Mid-Block (not related to intersection),11,"MOTOR VEHICLE STRUCK MOTOR VEHICLE, FRONT END AT ANGLE",,1,Raining,Wet,Dark - Street Lights On,,4290029.0,,24,From opposite direction - both moving - head-on,0,0,N
10069,1,-122.3768028,47.68966537,12663,25802,25802,1779885,Matched,Block,,15TH AVE NW BETWEEN NW 83RD ST AND NW 85TH ST,,,1,Property Damage Only Collision,Sideswipe,2,0,0,2,2004/01/09 00:00:00+00,1/9/2004,Driveway Junction,11,"MOTOR VEHICLE STRUCK MOTOR VEHICLE, FRONT END AT ANGLE",,0,Raining,Wet,Dark - Street Lights On,,4009026.0,,11,From same direction - both going straight - both moving - sideswipe,0,0,N
10070,1,-122.32046340000001,47.61874244,12664,25322,25322,1198305,Matched,Block,,E BARBARA BAILEY WAY BETWEEN BROADWAY AND NAGLE PL,,,1,Property Damage Only Collision,Parked Car,2,0,0,2,2004/11/02 00:00:00+00,11/2/2004,Mid-Block (not related to intersection),11,"MOTOR VEHICLE STRUCK MOTOR VEHICLE, FRONT END AT ANGLE",,0,Raining,Wet,Daylight,,4307019.0,,32,One parked--one moving,0,0,N
10071,1,-122.339324,47.58291557,12665,26078,26078,1776358,Matched,Block,,ALASKAN WY VI NB BETWEEN S HOLGATE ST AND S LANDER ST,,,1,Property Damage Only Collision,Other,1,0,0,1,2004/01/16 00:00:00+00,1/16/2004 11:00:00 AM,Mid-Block (not related to intersection),26,MOTOR VEHICLE STRUCK OBJECT IN ROAD,,0,Clear,Dry,Daylight,,4016003.0,,50,Fixed object,0,0,N
10072,2,-122.3084412,47.59519407,12666,26119,26119,1074641,Matched,Block,,DAVIS PL S BETWEEN S DEARBORN ST AND S CHARLES ST,,,2,Injury Collision,Angles,2,0,0,2,2004/05/25 00:00:00+00,5/25/2004 9:35:00 PM,Mid-Block (but intersection related),28,MOTOR VEHICLE RAN OFF ROAD - HIT FIXED OBJECT,,0,Raining,Wet,Dark - Street Lights On,,4146040.0,,10,Entering at angle,0,0,N
10073,1,-122.36702360000001,47.62559265,12667,26613,26613,1213656,Matched,Block,,ELLIOTT AVE W BETWEEN W MERCER ST AND W MERCER PL,,,1,Property Damage Only Collision,Other,2,0,0,2,2004/04/02 00:00:00+00,4/2/2004,Driveway Junction,11,"MOTOR VEHICLE STRUCK MOTOR VEHICLE, FRONT END AT ANGLE",,0,Clear,Dry,Daylight,,4093033.0,,21,One car entering driveway access,0,0,N
10074,2,-122.3454206,47.61155633,12668,25127,25127,1777184,Matched,Block,,WESTERN AVE BETWEEN LENORA ST AND BLANCHARD ST,,,2,Injury Collision,Rear Ended,2,0,0,2,2004/05/06 00:00:00+00,5/6/2004,Mid-Block (but intersection related),14,"MOTOR VEHICLE STRUCK MOTOR VEHICLE, REAR END",Y,0,Clear,Dry,Daylight,,4127026.0,,14,From same direction - both going straight - one stopped - rear-end,0,0,N
10075,1,-122.3362747,47.67104032,12669,25938,25938,1781915,Matched,Intersection,25485.0,KENWOOD PL N AND MCKINLEY PL N,,,1,Property Damage Only Collision,Angles,2,0,0,2,2004/08/19 00:00:00+00,8/19/2004 12:55:00 PM,At Intersection (intersection related),11,"MOTOR VEHICLE STRUCK MOTOR VEHICLE, FRONT END AT ANGLE",,0,Clear,Dry,Daylight,,4232024.0,Y,10,Entering at angle,0,0,N
10076,2,-122.31267509999999,47.72847403,12670,24899,24899,1794226,Matched,Intersection,35860.0,15TH AVE NE AND NE 137TH ST,,,2,Injury Collision,Angles,2,0,0,2,2004/08/13 00:00:00+00,8/13/2004 9:13:00 AM,At Intersection (intersection related),11,"MOTOR VEHICLE STRUCK MOTOR VEHICLE, FRONT END AT ANGLE",,0,Clear,Dry,Daylight,,4226015.0,,10,Entering at angle,0,0,N
10077,1,-122.3476108,47.61973935,12671,26179,26179,1777574,Matched,Intersection,28933.0,5TH AVE N AND JOHN ST,,,1,Property Damage Only Collision,Sideswipe,3,0,0,2,2004/11/29 00:00:00+00,11/29/2004 12:19:00 PM,At Intersection (intersection related),16,"MOTOR VEHICLE STRUCK MOTOR VEHICLE, LEFT SIDE SIDESWIPE",,0,Overcast,Dry,Daylight,,4334038.0,,71,Same direction -- both turning right -- both moving -- sideswipe,0,0,N
10078,1,-122.370626,47.5713678,12673,25609,25609,1481699,Matched,Intersection,32115.0,SW AVALON WAY AND SW SPOKANE SR ST,,,1,Property Damage Only Collision,Sideswipe,5,0,0,2,2004/03/21 00:00:00+00,3/21/2004 12:03:00 PM,At Intersection (intersection related),16,"MOTOR VEHICLE STRUCK MOTOR VEHICLE, LEFT SIDE SIDESWIPE",,0,Clear,Dry,Daylight,,4081021.0,,81,Same direction -- both turning left -- both moving -- sideswipe,0,0,N
10079,1,-122.35686170000001,47.70436871,12674,25829,25829,1780150,Matched,Intersection,37106.0,HOLMAN RD N AND N 104TH ST,,,1,Property Damage Only Collision,Head On,2,0,0,2,2004/03/26 00:00:00+00,3/26/2004 11:10:00 AM,At Intersection (intersection related),11,"MOTOR VEHICLE STRUCK MOTOR VEHICLE, FRONT END AT ANGLE",,0,Raining,Wet,Daylight,,4086042.0,,24,From opposite direction - both moving - head-on,0,0,N
10080,2,-122.36042450000001,47.53369186,12675,24949,24949,1789219,Matched,Intersection,33984.0,DELRIDGE WAY SW AND SW HOLDEN ST,,,2,Injury Collision,Left Turn,2,0,0,2,2004/08/31 00:00:00+00,8/31/2004 2:44:00 PM,At Intersection (intersection related),11,"MOTOR VEHICLE STRUCK MOTOR VEHICLE, FRONT END AT ANGLE",,0,Clear,Dry,Daylight,,4244011.0,,28,From opposite direction - one left turn - one straight,0,0,N
10081,1,-122.34290790000001,47.73413014,12676,26101,26101,1776023,Matched,Block,,N 145TH ST BETWEEN LENORA PL N AND STONE AVE N,,,1,Property Damage Only Collision,Rear Ended,2,0,0,2,2004/03/29 00:00:00+00,3/29/2004 11:05:00 AM,Mid-Block (but intersection related),14,"MOTOR VEHICLE STRUCK MOTOR VEHICLE, REAR END",Y,0,Clear,Dry,Daylight,,4089019.0,,14,From same direction - both going straight - one stopped - rear-end,0,0,N
10082,1,-122.2991597,47.57967346,12677,26431,26431,1779580,Matched,Block,,RAINIER AVE S BETWEEN S BAYVIEW ST AND S MCCLELLAN ST,,,1,Property Damage Only Collision,Other,2,0,0,2,2004/01/20 00:00:00+00,1/20/2004 4:29:00 PM,Driveway Junction,11,"MOTOR VEHICLE STRUCK MOTOR VEHICLE, FRONT END AT ANGLE",,0,Clear,Dry,Daylight,,4020013.0,,22,One car leaving driveway access,0,0,N
10083,2,-122.32745929999999,47.60935415,12678,26710,26710,1200836,Matched,Block,,SPRING ST BETWEEN 9TH AVE AND TERRY AVE,,,2,Injury Collision,Other,4,0,0,2,2004/04/30 00:00:00+00,4/30/2004 7:01:00 AM,Driveway Junction,11,"MOTOR VEHICLE STRUCK MOTOR VEHICLE, FRONT END AT ANGLE",,0,Clear,Dry,Daylight,,4121034.0,,22,One car leaving driveway access,0,0,N
10084,1,-122.3397689,47.62087893,12679,26199,26199,1778260,Matched,Intersection,28790.0,9TH AVE N AND THOMAS ST,,,1,Property Damage Only Collision,Angles,4,0,0,2,2004/05/30 00:00:00+00,5/30/2004 9:15:00 PM,At Intersection (intersection related),11,"MOTOR VEHICLE STRUCK MOTOR VEHICLE, FRONT END AT ANGLE",,0,Clear,Dry,Dark - Street Lights On,,4151008.0,,10,Entering at angle,0,0,N
10085,1,-122.30257479999999,47.61801925,12681,26487,26487,1798829,Matched,Block,,23RD AVE BETWEEN E OLIVE N ST AND E DENNY WAY,,,1,Property Damage Only Collision,Sideswipe,14,0,0,2,2004/09/17 00:00:00+00,9/17/2004 4:00:00 PM,Mid-Block (not related to intersection),16,"MOTOR VEHICLE STRUCK MOTOR VEHICLE, LEFT SIDE SIDESWIPE",,0,Raining,Wet,Daylight,,4261050.0,,12,From same direction - both going straight - one stopped - sideswipe,0,0,N
10086,1,-122.2971996,47.73379124,12682,27062,27062,1975490,Matched,Block,,NE 145TH ST BETWEEN 28TH AVE NE AND 30TH AVE NE,,,1,Property Damage Only Collision,Rear Ended,2,0,0,2,2004/06/16 00:00:00+00,6/16/2004 3:45:00 PM,Mid-Block (but intersection related),14,"MOTOR VEHICLE STRUCK MOTOR VEHICLE, REAR END",,0,Clear,Dry,Daylight,,4168041.0,,14,From same direction - both going straight - one stopped - rear-end,0,0,N
10087,1,-122.3314166,47.61617112,12683,25618,25618,C649600,Matched,Intersection,29852.0,BOREN AVE AND HOWELL ST,,,1,Property Damage Only Collision,Right Turn,2,0,0,2,2004/11/20 00:00:00+00,11/20/2004 5:30:00 PM,At Intersection (intersection related),11,"MOTOR VEHICLE STRUCK MOTOR VEHICLE, FRONT END AT ANGLE",,0,Unknown,Unknown,Dusk,,4325044.0,,16,From same direction - one right turn - one straight,0,0,N
10088,1,-122.3419595,47.610682000000004,12684,25543,25543,1213769,Matched,Block,,1ST AVE BETWEEN STEWART ST AND VIRGINIA ST,,,1,Property Damage Only Collision,Parked Car,2,0,0,2,2004/03/30 00:00:00+00,3/30/2004 2:53:00 PM,Mid-Block (not related to intersection),14,"MOTOR VEHICLE STRUCK MOTOR VEHICLE, REAR END",,0,Clear,Dry,Daylight,,4090013.0,,32,One parked--one moving,0,0,N
10089,2,-122.2877068,47.57522963,12685,25332,25332,1771302,Matched,Intersection,30886.0,36TH AVE S AND S HANFORD ST,,,2,Injury Collision,Angles,2,0,0,2,2004/01/31 00:00:00+00,1/31/2004 9:18:00 AM,At Intersection (intersection related),11,"MOTOR VEHICLE STRUCK MOTOR VEHICLE, FRONT END AT ANGLE",,0,Clear,Wet,Daylight,,4031011.0,,10,Entering at angle,0,0,N
10090,2,-122.37622240000002,47.65980336,12686,26395,26395,1773843,Matched,Block,,BALLARD BR BETWEEN POINT A AND POINT B,,,2,Injury Collision,Sideswipe,2,0,0,2,2004/05/02 00:00:00+00,5/2/2004,Mid-Block (not related to intersection),16,"MOTOR VEHICLE STRUCK MOTOR VEHICLE, LEFT SIDE SIDESWIPE",,0,Clear,Dry,Daylight,,4123005.0,,11,From same direction - both going straight - both moving - sideswipe,0,0,N
10091,1,-122.30461399999999,47.64541021,12687,26014,26014,1804190,Matched,Block,,MONTLAKE BLVD E BETWEEN MONTLAKE BV ON RP AND E HAMLIN ST,,,1,Property Damage Only Collision,Rear Ended,5,0,0,2,2004/01/24 00:00:00+00,1/24/2004 4:05:00 PM,Mid-Block (not related to intersection),14,"MOTOR VEHICLE STRUCK MOTOR VEHICLE, REAR END",,0,Overcast,Dry,Daylight,,4024001.0,,14,From same direction - both going straight - one stopped - rear-end,0,0,N
10092,1,-122.3534057,47.65307552,12688,25721,25721,1782265,Matched,Block,,FRANCIS AVE N BETWEEN N 36TH ST AND N 39TH ST,,,1,Property Damage Only Collision,Sideswipe,2,0,0,2,2004/10/03 00:00:00+00,10/3/2004,Mid-Block (not related to intersection),11,"MOTOR VEHICLE STRUCK MOTOR VEHICLE, FRONT END AT ANGLE",Y,0,Clear,Dry,Daylight,,4277023.0,,27,From opposite direction - both going straight - one stopped - sideswipe,0,0,N
10093,2,-122.3250804,47.66316317,12689,26923,26923,1782254,Matched,Intersection,25884.0,LATONA AVE NE AND NE 47TH ST,,,2,Injury Collision,Angles,4,0,0,2,2004/06/20 00:00:00+00,6/20/2004 3:40:00 AM,At Intersection (intersection related),11,"MOTOR VEHICLE STRUCK MOTOR VEHICLE, FRONT END AT ANGLE",,0,Clear,Dry,Dark - No Street Lights,,4172013.0,,10,Entering at angle,0,0,N
10094,1,-122.2821353,47.55470845,12690,25661,25661,1071220,Matched,Block,,RAINIER AVE S BETWEEN 39TH S AVE S AND 42ND AVE S,,,1,Property Damage Only Collision,Pedestrian,2,1,0,1,2004/06/15 00:00:00+00,6/15/2004 12:15:00 PM,Driveway Junction,24,MOTOR VEHCILE STRUCK PEDESTRIAN,Y,0,Clear,Dry,Daylight,Y,4167033.0,,1,Vehicle turning right hits pedestrian,0,0,N
10095,1,-122.2925668,47.72470353,12691,25220,25220,1774694,Matched,Intersection,36043.0,LAKE CITY WAY NE AND NE 133RD ST,,,1,Property Damage Only Collision,Other,2,0,0,2,2004/02/10 00:00:00+00,2/10/2004 2:32:00 PM,At Intersection (intersection related),11,"MOTOR VEHICLE STRUCK MOTOR VEHICLE, FRONT END AT ANGLE",,0,Clear,Dry,Daylight,,4041008.0,,22,One car leaving driveway access,0,0,N
10096,1,-122.322759,47.57188895,12692,26085,26085,1789113,Matched,Block,,AIRPORT WAY S BETWEEN DIAGONAL AVE S AND S SPOKANE ST,,,1,Property Damage Only Collision,Rear Ended,2,0,0,2,2004/03/20 00:00:00+00,3/20/2004 2:11:00 PM,Mid-Block (but intersection related),14,"MOTOR VEHICLE STRUCK MOTOR VEHICLE, REAR END",Y,0,Clear,Dry,Daylight,,4080021.0,,14,From same direction - both going straight - one stopped - rear-end,0,0,N
10097,1,-122.36508970000001,47.66503042,12693,26267,26267,1774641,Matched,Block,,NW 50TH ST BETWEEN 6TH W AVE NW AND 8TH AVE NW,,,1,Property Damage Only Collision,Parked Car,2,0,0,2,2004/04/05 00:00:00+00,4/5/2004,Mid-Block (but intersection related),15,"MOTOR VEHICLE STRUCK MOTOR VEHICLE, RIGHT SIDE SIDESWIPE",,0,Clear,Dry,Dark - Street Lights On,,4096016.0,,32,One parked--one moving,0,0,N