,SEVERITYCODE,X,Y,OBJECTID,INCKEY,COLDETKEY,REPORTNO,STATUS,ADDRTYPE,INTKEY,LOCATION,EXCEPTRSNCODE,EXCEPTRSNDESC,SEVERITYCODE.1,SEVERITYDESC,COLLISIONTYPE,PERSONCOUNT,PEDCOUNT,PEDCYLCOUNT,VEHCOUNT,INCDATE,INCDTTM,JUNCTIONTYPE,SDOT_COLCODE,SDOT_COLDESC,INATTENTIONIND,UNDERINFL,WEATHER,ROADCOND,LIGHTCOND,PEDROWNOTGRNT,SDOTCOLNUM,SPEEDING,ST_COLCODE,ST_COLDESC,SEGLANEKEY,CROSSWALKKEY,HITPARKEDCAR
10098,1,-122.35375320000001,47.61859553,12694,26898,26898,1476434,Matched,Block,,DENNY WAY BETWEEN WARREN AVE N AND 2ND WR AVE,,,1,Property Damage Only Collision,Sideswipe,2,0,0,2,2004/06/23 00:00:00+00,6/23/2004 12:50:00 PM,Mid-Block (not related to intersection),16,"MOTOR VEHICLE STRUCK MOTOR VEHICLE, LEFT SIDE SIDESWIPE",,0,Clear,Dry,Daylight,,4175017.0,,11,From same direction - both going straight - both moving - sideswipe,0,0,N
10099,1,-122.2914206,47.53886715,12696,25494,25494,1772920,Matched,Intersection,34343.0,S MYRTLE PL AND S MYRTLE ST,,,1,Property Damage Only Collision,Sideswipe,3,0,0,2,2004/07/24 00:00:00+00,7/24/2004 10:30:00 AM,At Intersection (intersection related),16,"MOTOR VEHICLE STRUCK MOTOR VEHICLE, LEFT SIDE SIDESWIPE",,0,Clear,Dry,Daylight,,4206010.0,,11,From same direction - both going straight - both moving - sideswipe,0,0,N
10100,2,-122.2742642,47.5460386,12698,26312,26312,1327160,Matched,Block,,S GRAHAM ST BETWEEN LAFERN PL S AND 47TH AVE S,,,2,Injury Collision,Parked Car,3,0,0,2,2004/07/25 00:00:00+00,7/25/2004 1:14:00 AM,Mid-Block (not related to intersection),11,"MOTOR VEHICLE STRUCK MOTOR VEHICLE, FRONT END AT ANGLE",,0,Clear,Dry,Dark - Street Lights On,,4207025.0,,19,One car entering parked position,0,0,N
10101,1,-122.3768346,47.56106799,12699,26585,26585,1781271,Matched,Block,,SW ALASKA ST BETWEEN 35TH AVE SW AND 36TH AVE SW,,,1,Property Damage Only Collision,Parked Car,2,0,0,2,2004/07/06 00:00:00+00,7/6/2004,Mid-Block (not related to intersection),14,"MOTOR VEHICLE STRUCK MOTOR VEHICLE, REAR END",,0,Raining,Wet,Daylight,,4188033.0,,32,One parked--one moving,0,0,N
10102,1,-122.3394393,47.56341172,12700,25610,25610,1781472,Matched,Block,,EAST MARGINAL WAY S BETWEEN S IDAHO ST AND DIAGONAL AVE S,,,1,Property Damage Only Collision,Sideswipe,3,0,0,2,2004/03/11 00:00:00+00,3/11/2004 2:20:00 PM,Mid-Block (but intersection related),16,"MOTOR VEHICLE STRUCK MOTOR VEHICLE, LEFT SIDE SIDESWIPE",Y,0,Clear,Dry,Daylight,,4071028.0,,11,From same direction - both going straight - both moving - sideswipe,0,0,N
10103,2,-122.3735909,47.66643106,12701,25832,25832,1794954,Matched,Intersection,25436.0,14TH AVE NW AND NW 52ND ST,,,2,Injury Collision,Angles,2,0,0,2,2004/09/14 00:00:00+00,9/14/2004 10:30:00 AM,At Intersection (intersection related),11,"MOTOR VEHICLE STRUCK MOTOR VEHICLE, FRONT END AT ANGLE",,0,Clear,Dry,Daylight,,4258025.0,,10,Entering at angle,0,0,N
10104,1,-122.3039074,47.65108342,12702,25360,25360,1797151,Matched,Intersection,27297.0,MONTLAKE BLVD NE AND NE PACIFIC PL,,,1,Property Damage Only Collision,Angles,17,0,0,2,2004/10/22 00:00:00+00,10/22/2004 7:52:00 PM,At Intersection (intersection related),16,"MOTOR VEHICLE STRUCK MOTOR VEHICLE, LEFT SIDE SIDESWIPE",,0,Raining,Wet,Dark - Street Lights On,,4296032.0,,10,Entering at angle,0,0,N
10105,1,-122.32683030000001,47.61352218,12703,25967,25967,1772345,Matched,Block,,BELLEVUE AVE BETWEEN E UNION ST AND E PIKE ST,,,1,Property Damage Only Collision,Parked Car,2,0,0,2,2004/07/11 00:00:00+00,7/11/2004 12:38:00 PM,Mid-Block (not related to intersection),11,"MOTOR VEHICLE STRUCK MOTOR VEHICLE, FRONT END AT ANGLE",,0,Unknown,Unknown,Dark - Street Lights On,,4193020.0,,32,One parked--one moving,0,0,N
10106,1,-122.37685379999999,47.51838477,12704,26284,26284,1781757,Matched,Block,,35TH AVE SW BETWEEN SW CAMBRIDGE ST AND SW ROXBURY ST,,,1,Property Damage Only Collision,Parked Car,2,0,0,2,2004/01/26 00:00:00+00,1/26/2004 2:10:00 PM,Mid-Block (not related to intersection),11,"MOTOR VEHICLE STRUCK MOTOR VEHICLE, FRONT END AT ANGLE",,0,Clear,Dry,Daylight,,4026024.0,,32,One parked--one moving,0,0,N
10107,1,-122.3662888,47.67598307,12705,26709,26709,1794651,Matched,Block,,NW 65TH ST BETWEEN 8TH AVE NW AND DIVISION AVE NW,,,1,Property Damage Only Collision,Rear Ended,5,0,0,2,2004/09/25 00:00:00+00,9/25/2004 12:03:00 AM,Mid-Block (but intersection related),14,"MOTOR VEHICLE STRUCK MOTOR VEHICLE, REAR END",,0,Clear,Dry,Dark - Street Lights On,,4269038.0,,14,From same direction - both going straight - one stopped - rear-end,0,0,N
10108,2,-122.26998429999999,47.52704457,12706,25929,25929,1771509,Matched,Block,,RAINIER AVE S BETWEEN S THISTLE ST AND S CLOVERDALE ST,,,2,Injury Collision,Rear Ended,2,0,0,2,2004/05/21 00:00:00+00,5/21/2004 3:45:00 PM,Mid-Block (but intersection related),14,"MOTOR VEHICLE STRUCK MOTOR VEHICLE, REAR END",,0,Clear,Dry,Daylight,,4142008.0,,14,From same direction - both going straight - one stopped - rear-end,0,0,N
10109,2,-122.3488768,47.62456433,12707,24924,24924,1069507,Matched,Intersection,28915.0,4TH AVE N AND MERCER ST,,,2,Injury Collision,Angles,2,0,0,2,2004/11/23 00:00:00+00,11/23/2004 1:48:00 PM,At Intersection (intersection related),11,"MOTOR VEHICLE STRUCK MOTOR VEHICLE, FRONT END AT ANGLE",,0,Overcast,Wet,Daylight,,4328041.0,,10,Entering at angle,0,0,N
10110,2,-122.32088229999998,47.62049044,12709,26124,26124,1477841,Matched,Block,,BROADWAY E BETWEEN E OLIVE WAY AND E THOMAS ST,,,2,Injury Collision,Rear Ended,2,0,0,2,2004/08/23 00:00:00+00,8/23/2004 5:54:00 PM,Mid-Block (not related to intersection),14,"MOTOR VEHICLE STRUCK MOTOR VEHICLE, REAR END",Y,0,Clear,Dry,Daylight,,4236004.0,,14,From same direction - both going straight - one stopped - rear-end,0,0,N
10111,1,-122.4033247,47.57032655,12710,26897,26897,1476171,Matched,Block,,SW CHARLESTOWN ST BETWEEN 55TH AVE SW AND 56TH AVE SW,,,1,Property Damage Only Collision,Other,1,0,0,1,2004/11/20 00:00:00+00,11/20/2004 7:34:00 PM,Mid-Block (but intersection related),28,MOTOR VEHICLE RAN OFF ROAD - HIT FIXED OBJECT,,0,Clear,Dry,Dark - Street Lights On,,4325005.0,,50,Fixed object,0,0,N
10112,1,-122.30886090000001,47.61290175,12711,25267,25267,1217015,Matched,Intersection,30144.0,18TH AVE AND E UNION ST,,,1,Property Damage Only Collision,Sideswipe,2,0,0,2,2004/11/04 00:00:00+00,11/4/2004,At Intersection (intersection related),16,"MOTOR VEHICLE STRUCK MOTOR VEHICLE, LEFT SIDE SIDESWIPE",,0,Clear,Dry,Daylight,,4309036.0,,71,Same direction -- both turning right -- both moving -- sideswipe,0,0,N
10113,2,-122.3108206,47.5777844,12714,26333,26333,1779082,Matched,Intersection,31641.0,17TH AVE S AND BEACON AVE S,,,2,Injury Collision,Angles,2,0,0,2,2004/01/23 00:00:00+00,1/23/2004 3:31:00 PM,At Intersection (intersection related),11,"MOTOR VEHICLE STRUCK MOTOR VEHICLE, FRONT END AT ANGLE",,0,Raining,Wet,Daylight,,4023030.0,,10,Entering at angle,0,0,N
10114,1,-122.3309994,47.61827376,12716,25603,25603,1776429,Matched,Intersection,29173.0,STEWART ST AND YALE AVE,,,1,Property Damage Only Collision,Sideswipe,5,0,0,2,2004/02/25 00:00:00+00,2/25/2004 10:41:00 PM,At Intersection (intersection related),11,"MOTOR VEHICLE STRUCK MOTOR VEHICLE, FRONT END AT ANGLE",,0,Clear,Dry,Dark - Street Lights On,,4056001.0,,81,Same direction -- both turning left -- both moving -- sideswipe,0,0,N
10115,1,-122.3592075,47.64777766,12718,25375,25375,1213342,Matched,Block,,W ETRURIA ST BETWEEN QUEEN ANNE AVE N AND 3 UPPER AVE W,,,1,Property Damage Only Collision,Parked Car,2,0,0,2,2004/01/22 00:00:00+00,1/22/2004 8:00:00 PM,Mid-Block (not related to intersection),11,"MOTOR VEHICLE STRUCK MOTOR VEHICLE, FRONT END AT ANGLE",Y,0,Overcast,Wet,Dark - Street Lights On,,4022015.0,,32,One parked--one moving,0,0,N
10116,1,-122.38756299999999,47.69823628,12720,26143,26143,1779733,Matched,Intersection,36930.0,24TH N AVE NW AND NW 95TH N ST,,,1,Property Damage Only Collision,Other,2,0,0,1,2004/05/12 00:00:00+00,5/12/2004 7:38:00 PM,At Intersection (but not related to intersection),28,MOTOR VEHICLE RAN OFF ROAD - HIT FIXED OBJECT,,0,Clear,Dry,Dusk,,4133003.0,,50,Fixed object,0,0,N
10117,2,,,12721,26842,26842,1779559,Matched,Intersection,484921.0,32ND AVE S AND M L KING JR ER WAY S,,,2,Injury Collision,Angles,5,0,0,2,2004/03/12 00:00:00+00,3/12/2004 3:03:00 PM,At Intersection (intersection related),11,"MOTOR VEHICLE STRUCK MOTOR VEHICLE, FRONT END AT ANGLE",,0,Clear,Dry,Daylight,,4072015.0,,10,Entering at angle,0,0,N
10118,2,-122.3822538,47.58065837,12723,26071,26071,528267,Matched,Block,,FAIRMOUNT AVE SW BETWEEN SW PRINCE ST AND SW FOREST ST,,,2,Injury Collision,Other,0,0,0,1,2004/01/02 00:00:00+00,1/2/2004,Mid-Block (not related to intersection),28,MOTOR VEHICLE RAN OFF ROAD - HIT FIXED OBJECT,,0,Snowing,Dry,Dark - No Street Lights,,4002009.0,Y,52,Vehicle overturned,0,0,N
10119,1,-122.3424392,47.65538288,12724,26573,26573,1776754,Matched,Intersection,26848.0,STONE WAY N AND N 40TH ST,,,1,Property Damage Only Collision,Left Turn,2,0,0,2,2004/11/30 00:00:00+00,11/30/2004 9:25:00 AM,At Intersection (intersection related),11,"MOTOR VEHICLE STRUCK MOTOR VEHICLE, FRONT END AT ANGLE",,0,Overcast,Wet,Daylight,,4335004.0,,28,From opposite direction - one left turn - one straight,0,0,N
10120,1,-122.32676950000001,47.61112106,12725,25702,25702,1772226,Matched,Block,,BOREN AVE BETWEEN SENECA ST AND UNIVERSITY ST,,,1,Property Damage Only Collision,Sideswipe,2,0,0,2,2004/04/02 00:00:00+00,4/2/2004,Mid-Block (not related to intersection),11,"MOTOR VEHICLE STRUCK MOTOR VEHICLE, FRONT END AT ANGLE",,0,Clear,Dry,Daylight,,4093028.0,,11,From same direction - both going straight - both moving - sideswipe,0,0,N
10121,2,-122.28501240000001,47.57113407,12727,25261,25261,1773113,Matched,Block,,38TH AVE S BETWEEN S SPOKANE ST AND S COURT ST,,,2,Injury Collision,Pedestrian,2,1,0,1,2004/11/25 00:00:00+00,11/25/2004 6:09:00 PM,Mid-Block (not related to intersection),24,MOTOR VEHCILE STRUCK PEDESTRIAN,,0,Overcast,Wet,Dark - Street Lights On,,4330011.0,,0,Vehicle going straight hits pedestrian,0,0,N
10122,1,-122.32635549999999,47.60045148,12728,25921,25921,1471166,Matched,Block,,6TH AVE S BETWEEN S WASHINGTON ST AND S MAIN ST,,,1,Property Damage Only Collision,Rear Ended,3,0,0,2,2004/10/16 00:00:00+00,10/16/2004 12:51:00 AM,Mid-Block (but intersection related),14,"MOTOR VEHICLE STRUCK MOTOR VEHICLE, REAR END",,0,Clear,Dry,Dark - Street Lights On,,4290053.0,,14,From same direction - both going straight - one stopped - rear-end,0,0,N
10123,1,-122.33005929999999,47.61639311,12730,25980,25980,1482254,Matched,Block,,MINOR AVE BETWEEN OLIVE WAY AND HOWELL ST,,,1,Property Damage Only Collision,Rear Ended,3,0,0,2,2004/02/26 00:00:00+00,2/26/2004 2:02:00 PM,Mid-Block (not related to intersection),14,"MOTOR VEHICLE STRUCK MOTOR VEHICLE, REAR END",,0,Clear,Dry,Daylight,,4057024.0,,14,From same direction - both going straight - one stopped - rear-end,0,0,N
10124,2,-122.3671588,47.66146522,12731,25433,25433,1773647,Matched,Intersection,26709.0,LEARY WAY NW AND NW 45TH ST,,,2,Injury Collision,Angles,5,0,0,2,2004/06/20 00:00:00+00,6/20/2004 3:47:00 PM,At Intersection (intersection related),11,"MOTOR VEHICLE STRUCK MOTOR VEHICLE, FRONT END AT ANGLE",,0,Clear,Dry,Daylight,,4172005.0,,10,Entering at angle,0,0,N
10125,1,-122.3283896,47.54565554,12732,25593,25593,1781401,Matched,Intersection,34220.0,5TH AVE S AND S MICHIGAN ST,,,1,Property Damage Only Collision,Left Turn,2,0,0,2,2004/06/02 00:00:00+00,6/2/2004,At Intersection (intersection related),11,"MOTOR VEHICLE STRUCK MOTOR VEHICLE, FRONT END AT ANGLE",,0,Clear,Dry,Daylight,,4154016.0,,28,From opposite direction - one left turn - one straight,0,0,N
10126,1,-122.33734799999999,47.52047166,12733,25905,25905,1798427,Matched,Block,,OLSON PL SW BETWEEN 2ND AVE SW AND 3RD AVE SW,,,1,Property Damage Only Collision,Sideswipe,3,0,0,2,2004/05/26 00:00:00+00,5/26/2004 10:08:00 PM,Mid-Block (not related to intersection),11,"MOTOR VEHICLE STRUCK MOTOR VEHICLE, FRONT END AT ANGLE",Y,0,Overcast,Dry,Dark - Street Lights On,,4147029.0,,11,From same direction - both going straight - both moving - sideswipe,0,0,N
10127,2,-122.3342549,47.61851729,12734,24931,24931,1776217,Matched,Intersection,29504.0,DENNY WAY AND FAIRVIEW AVE,,,2,Injury Collision,Angles,2,0,0,2,2004/08/29 00:00:00+00,8/29/2004 7:48:00 PM,At Intersection (intersection related),11,"MOTOR VEHICLE STRUCK MOTOR VEHICLE, FRONT END AT ANGLE",,0,Clear,Dry,Dusk,,4242010.0,,10,Entering at angle,0,0,N
10128,1,-122.378175,47.55926655,12736,26132,26132,1856643,Matched,Block,,SW EDMUNDS ST BETWEEN 36TH AVE SW AND 37TH AVE SW,,,1,Property Damage Only Collision,Parked Car,2,0,0,2,2004/02/19 00:00:00+00,2/19/2004 5:57:00 AM,Mid-Block (not related to intersection),16,"MOTOR VEHICLE STRUCK MOTOR VEHICLE, LEFT SIDE SIDESWIPE",,0,Clear,Wet,Dark - Street Lights On,,4050032.0,,32,One parked--one moving,0,0,N
10129,2,-122.3767615,47.52107001,12741,26176,26176,1789147,Matched,Intersection,34741.0,35TH AVE SW AND SW BARTON ST,,,2,Injury Collision,Left Turn,2,0,0,2,2004/05/08 00:00:00+00,5/8/2004,At Intersection (intersection related),11,"MOTOR VEHICLE STRUCK MOTOR VEHICLE, FRONT END AT ANGLE",,0,Raining,Wet,Daylight,,4129028.0,,28,From opposite direction - one left turn - one straight,0,0,N
10130,1,-122.3806733,47.52838034,12742,26877,26877,551352,Matched,Block,,SW THISTLE ST BETWEEN 37TH AVE SW AND 39TH AVE SW,,,1,Property Damage Only Collision,Parked Car,2,0,0,2,2004/11/28 00:00:00+00,11/28/2004 3:00:00 PM,Mid-Block (not related to intersection),16,"MOTOR VEHICLE STRUCK MOTOR VEHICLE, LEFT SIDE SIDESWIPE",,0,Clear,Dry,Daylight,,4333027.0,,32,One parked--one moving,0,0,N
10131,1,-122.2771932,47.55006585,12743,25757,25757,1779589,Matched,Block,,RAINIER AVE S BETWEEN S MEAD ST AND S JUNEAU ST,,,1,Property Damage Only Collision,Sideswipe,2,0,0,2,2004/02/18 00:00:00+00,2/18/2004 2:25:00 PM,Mid-Block (not related to intersection),16,"MOTOR VEHICLE STRUCK MOTOR VEHICLE, LEFT SIDE SIDESWIPE",,0,Clear,Dry,Daylight,,4049030.0,,11,From same direction - both going straight - both moving - sideswipe,0,0,N
10132,2,-122.2699867,47.53416659,12744,25534,25534,1772939,Matched,Block,,RAINIER AVE S BETWEEN S AUSTIN ST AND S HOLDEN ST,,,2,Injury Collision,Other,2,0,0,2,2004/07/24 00:00:00+00,7/24/2004 4:05:00 PM,Driveway Junction,14,"MOTOR VEHICLE STRUCK MOTOR VEHICLE, REAR END",Y,0,Clear,Dry,Daylight,,4206002.0,,21,One car entering driveway access,0,0,N
10133,2,-122.3767929,47.68687813,12745,26104,26104,1773683,Matched,Intersection,23882.0,15TH AVE NW AND NW 80TH ST,,,2,Injury Collision,Angles,4,0,0,3,2004/02/11 00:00:00+00,2/11/2004 1:12:00 PM,At Intersection (intersection related),11,"MOTOR VEHICLE STRUCK MOTOR VEHICLE, FRONT END AT ANGLE",,0,Clear,Dry,Daylight,,4042020.0,,10,Entering at angle,0,0,N
10134,1,-122.2960577,47.62920647,12746,26294,26294,1798854,Matched,Block,,LAKE WASHINGTON BLVD E BETWEEN ARBORETUM DR E AND E INTERLAKEN BLVD,,,1,Property Damage Only Collision,Other,5,0,0,2,2004/08/23 00:00:00+00,8/23/2004 2:40:00 PM,Driveway Junction,11,"MOTOR VEHICLE STRUCK MOTOR VEHICLE, FRONT END AT ANGLE",,0,Clear,Dry,Daylight,,4236036.0,,22,One car leaving driveway access,0,0,N
10135,1,-122.32290900000001,47.54294055,12748,25592,25592,1781241,Matched,Block,,CORSON AVE S BETWEEN S WARSAW ST AND S WILLOW ST,,,1,Property Damage Only Collision,Parked Car,2,0,0,2,2004/09/26 00:00:00+00,9/26/2004 11:05:00 AM,Mid-Block (not related to intersection),16,"MOTOR VEHICLE STRUCK MOTOR VEHICLE, LEFT SIDE SIDESWIPE",,0,Fog/Smog/Smoke,Dry,Dark - Street Lights On,,4270014.0,,32,One parked--one moving,0,0,N
10136,2,-122.2956857,47.57834696,12749,26919,26919,1779086,Matched,Block,,S MCCLELLAN ST BETWEEN M L KING JR WAY S AND 29TH AVE S,,,2,Injury Collision,Other,1,0,0,1,2004/08/21 00:00:00+00,8/21/2004 5:32:00 PM,Mid-Block (not related to intersection),28,MOTOR VEHICLE RAN OFF ROAD - HIT FIXED OBJECT,,0,Overcast,Dry,Daylight,,4234011.0,,50,Fixed object,0,0,N
10137,2,,,12750,25662,25662,1071918,Matched,Block,,ALASKAN WAY S BETWEEN S ROYAL BROUGHAM WAY AND S ATLANTIC ST,,,2,Injury Collision,Other,2,0,0,2,2004/10/25 00:00:00+00,10/25/2004 11:15:00 AM,Mid-Block (not related to intersection),11,"MOTOR VEHICLE STRUCK MOTOR VEHICLE, FRONT END AT ANGLE",,0,Clear,Dry,Daylight,,4299030.0,,23,From same direction - all others,0,0,N
10138,2,-122.32641670000001,47.60485688,12751,25323,25323,1772652,Matched,Block,,JAMES ST BETWEEN 7TH AVE AND 8TH AVE,,,2,Injury Collision,Rear Ended,3,0,0,3,2004/05/07 00:00:00+00,5/7/2004,Mid-Block (not related to intersection),14,"MOTOR VEHICLE STRUCK MOTOR VEHICLE, REAR END",,0,Raining,Wet,Daylight,,4128043.0,,14,From same direction - both going straight - one stopped - rear-end,0,0,N
10139,2,-122.40575079999999,47.65044821,12753,26260,26260,1213822,Matched,Intersection,26377.0,38TH AVE W AND W BERTONA ST,,,2,Injury Collision,Angles,2,0,0,2,2004/09/11 00:00:00+00,9/11/2004 5:49:00 PM,At Intersection (intersection related),11,"MOTOR VEHICLE STRUCK MOTOR VEHICLE, FRONT END AT ANGLE",,0,Overcast,Dry,Daylight,,4255018.0,,10,Entering at angle,0,0,N
10140,1,-122.2882976,47.60123506,12755,25274,25274,1772533,Matched,Block,,LAKE WASHINGTON BLVD S BETWEEN E YESLER WAY AND 35TH AVE S,,,1,Property Damage Only Collision,Other,1,0,0,1,2004/05/20 00:00:00+00,5/20/2004 12:58:00 PM,Mid-Block (not related to intersection),26,MOTOR VEHICLE STRUCK OBJECT IN ROAD,,0,Clear,Dry,Daylight,,4141025.0,,50,Fixed object,0,0,N
10141,1,-122.3454222,47.57151858,12756,25630,25630,1789084,Matched,Block,,SW SPOKANE ST BETWEEN S SPOKANE ST AND SW KLICKITAT SR WAY,,,1,Property Damage Only Collision,Other,2,0,0,1,2004/02/15 00:00:00+00,2/15/2004 3:09:00 AM,Mid-Block (but intersection related),27,MOTOR VEHICLE RAN OFF ROAD - NO COLLISION,,1,Raining,Wet,Dark - Street Lights On,,4046013.0,Y,50,Fixed object,0,0,N
10142,1,-122.3768027,47.69242939,12757,24901,24901,1794329,Matched,Intersection,37256.0,15TH AVE NW AND NW 87TH ST,,,1,Property Damage Only Collision,Angles,2,0,0,2,2004/06/11 00:00:00+00,6/11/2004 4:00:00 PM,At Intersection (intersection related),11,"MOTOR VEHICLE STRUCK MOTOR VEHICLE, FRONT END AT ANGLE",,0,Overcast,Dry,Daylight,,4163021.0,,10,Entering at angle,0,0,N
10143,1,,,12758,26195,26195,1777814,Matched,Block,,AURORA AVE N BETWEEN BATTERY ST TUNNEL NB AND THOMAS ST,,,1,Property Damage Only Collision,Rear Ended,2,0,0,2,2004/02/08 00:00:00+00,2/8/2004,Mid-Block (not related to intersection),14,"MOTOR VEHICLE STRUCK MOTOR VEHICLE, REAR END",,0,Raining,Wet,Daylight,,4039011.0,Y,14,From same direction - both going straight - one stopped - rear-end,0,0,N
10144,1,-122.3208989,47.62153197,12759,26306,26306,1317222,Matched,Block,,BROADWAY E BETWEEN E THOMAS ST AND E HARRISON ST,,,1,Property Damage Only Collision,Parked Car,2,0,0,2,2004/03/19 00:00:00+00,3/19/2004 10:25:00 PM,Mid-Block (not related to intersection),14,"MOTOR VEHICLE STRUCK MOTOR VEHICLE, REAR END",,0,Unknown,Unknown,Dark - Street Lights On,,4079009.0,,32,One parked--one moving,0,0,N
10145,1,-122.3555121,47.71325168,12760,26867,26867,1794179,Matched,Block,,GREENWOOD AVE N BETWEEN N 115TH ST AND N 117TH ST,,,1,Property Damage Only Collision,Rear Ended,2,0,0,2,2004/09/13 00:00:00+00,9/13/2004 2:34:00 PM,Driveway Junction,14,"MOTOR VEHICLE STRUCK MOTOR VEHICLE, REAR END",,0,Raining,Wet,Daylight,,4257011.0,,14,From same direction - both going straight - one stopped - rear-end,0,0,N
10146,1,-122.303324,47.57752885,12761,25608,25608,1481299,Matched,Intersection,31634.0,23RD AVE S AND S FOREST ST,,,1,Property Damage Only Collision,Angles,5,0,0,2,2004/06/26 00:00:00+00,6/26/2004 2:50:00 PM,At Intersection (intersection related),11,"MOTOR VEHICLE STRUCK MOTOR VEHICLE, FRONT END AT ANGLE",,0,Clear,Dry,Daylight,,4178025.0,,10,Entering at angle,0,0,N
10147,1,-122.3021253,47.60800752,12762,25531,25531,1216660,Matched,Block,,E CHERRY ST BETWEEN 23RD AVE AND 24TH AVE,,,1,Property Damage Only Collision,Sideswipe,3,0,0,2,2004/11/19 00:00:00+00,11/19/2004 7:30:00 PM,Mid-Block (but intersection related),11,"MOTOR VEHICLE STRUCK MOTOR VEHICLE, FRONT END AT ANGLE",,0,Clear,Dry,Dark - Street Lights On,,4324011.0,,11,From same direction - both going straight - both moving - sideswipe,0,0,N
10148,1,-122.31311570000001,47.66218058,12764,25971,25971,1794299,Matched,Block,,UNIVERSITY WAY NE BETWEEN NE 45TH ST AND NE 47TH ST,,,1,Property Damage Only Collision,Parked Car,2,0,0,2,2004/06/11 00:00:00+00,6/11/2004 12:20:00 PM,Mid-Block (not related to intersection),13,"MOTOR VEHICLE STRUCK MOTOR VEHICLE, LEFT SIDE AT ANGLE",,0,Raining,Wet,Daylight,,4163033.0,,32,One parked--one moving,0,0,N
10149,1,-122.4010797,47.67390304,12765,26148,26148,1212538,Matched,Intersection,25024.0,34TH AVE NW AND NW 62ND ST,,,1,Property Damage Only Collision,Angles,3,0,0,2,2004/01/29 00:00:00+00,1/29/2004 9:27:00 PM,At Intersection (intersection related),11,"MOTOR VEHICLE STRUCK MOTOR VEHICLE, FRONT END AT ANGLE",,0,Raining,Wet,Dark - Street Lights On,,4029029.0,,10,Entering at angle,0,0,N
10150,1,-122.30393090000001,47.57192275,12767,25923,25923,1474218,Matched,Block,,S SPOKANE ST BETWEEN 21ST AVE S AND 23RD AVE S,,,1,Property Damage Only Collision,Rear Ended,4,0,0,2,2004/03/18 00:00:00+00,3/18/2004 7:20:00 AM,Mid-Block (but intersection related),14,"MOTOR VEHICLE STRUCK MOTOR VEHICLE, REAR END",Y,0,Raining,Wet,Daylight,,4078013.0,,14,From same direction - both going straight - one stopped - rear-end,0,0,N
10151,2,-122.3025236,47.61968767,12769,26348,26348,1217154,Matched,Block,,23RD AVE E BETWEEN E MADISON ST AND E JOHN ST,,,2,Injury Collision,Rear Ended,3,0,0,2,2004/08/03 00:00:00+00,8/3/2004,Mid-Block (not related to intersection),14,"MOTOR VEHICLE STRUCK MOTOR VEHICLE, REAR END",Y,0,Clear,Dry,Daylight,,4216030.0,,14,From same direction - both going straight - one stopped - rear-end,0,0,N
10152,2,-122.2966582,47.66124886,12770,25551,25551,1780429,Matched,Intersection,288752.0,U VILLAGE DR AND NE 45TH ST,,,2,Injury Collision,Other,3,0,0,2,2004/01/28 00:00:00+00,1/28/2004 8:43:00 AM,At Intersection (intersection related),11,"MOTOR VEHICLE STRUCK MOTOR VEHICLE, FRONT END AT ANGLE",,0,Overcast,Wet,Daylight,,4028026.0,,21,One car entering driveway access,0,0,N
10153,2,-122.3023388,47.601667299999995,12772,24852,24852,1216730,Matched,Intersection,30733.0,23RD AVE AND E YESLER WAY,,,2,Injury Collision,Angles,3,0,0,2,2004/06/27 00:00:00+00,6/27/2004 3:29:00 AM,At Intersection (intersection related),11,"MOTOR VEHICLE STRUCK MOTOR VEHICLE, FRONT END AT ANGLE",,1,Clear,Dry,Dark - Street Lights On,,4179039.0,,10,Entering at angle,0,0,N
10154,1,-122.34326229999999,47.61145276,12773,25626,25626,1777059,Matched,Block,,1ST AVE BETWEEN VIRGINIA ST AND LENORA ST,,,1,Property Damage Only Collision,Rear Ended,2,0,0,2,2004/02/29 00:00:00+00,2/29/2004 2:15:00 PM,Mid-Block (not related to intersection),14,"MOTOR VEHICLE STRUCK MOTOR VEHICLE, REAR END",,0,Clear,Dry,Daylight,,4060021.0,,14,From same direction - both going straight - one stopped - rear-end,0,0,N
10155,2,-122.3633303,47.692066100000005,12774,24891,24891,1781824,Matched,Intersection,37178.0,6TH AVE NW AND NW 87TH ST,,,2,Injury Collision,Angles,3,0,0,2,2004/09/16 00:00:00+00,9/16/2004 4:30:00 PM,At Intersection (intersection related),11,"MOTOR VEHICLE STRUCK MOTOR VEHICLE, FRONT END AT ANGLE",,0,Overcast,Wet,Daylight,,4260036.0,,10,Entering at angle,0,0,N
10156,1,-122.33508700000002,47.62577679,12775,26476,26476,1482515,Matched,Block,,VALLEY ST BETWEEN BOREN AVE N AND FAIRVIEW AVE N,,,1,Property Damage Only Collision,Sideswipe,2,0,0,2,2004/08/20 00:00:00+00,8/20/2004 3:16:00 PM,Mid-Block (not related to intersection),16,"MOTOR VEHICLE STRUCK MOTOR VEHICLE, LEFT SIDE SIDESWIPE",,0,Clear,Dry,Daylight,,4233043.0,,11,From same direction - both going straight - both moving - sideswipe,0,0,N
10157,1,-122.3380759,47.60392419,12777,25740,25740,1777519,Matched,Intersection,29624.0,ALASKAN E RDWY WAY AND MADISON ST,,,1,Property Damage Only Collision,Angles,2,0,0,2,2004/06/06 00:00:00+00,6/6/2004,At Intersection (intersection related),11,"MOTOR VEHICLE STRUCK MOTOR VEHICLE, FRONT END AT ANGLE",Y,0,Clear,Dry,Daylight,,4158024.0,,10,Entering at angle,0,0,N