,SEVERITYCODE,X,Y,OBJECTID,INCKEY,COLDETKEY,REPORTNO,STATUS,ADDRTYPE,INTKEY,LOCATION,EXCEPTRSNCODE,EXCEPTRSNDESC,SEVERITYCODE.1,SEVERITYDESC,COLLISIONTYPE,PERSONCOUNT,PEDCOUNT,PEDCYLCOUNT,VEHCOUNT,INCDATE,INCDTTM,JUNCTIONTYPE,SDOT_COLCODE,SDOT_COLDESC,INATTENTIONIND,UNDERINFL,WEATHER,ROADCOND,LIGHTCOND,PEDROWNOTGRNT,SDOTCOLNUM,SPEEDING,ST_COLCODE,ST_COLDESC,SEGLANEKEY,CROSSWALKKEY,HITPARKEDCAR
10158,2,-122.3470335,47.68104928,12778,25670,25670,1782094,Matched,Intersection,24330.0,LINDEN AVE N AND N 72ND ST,,,2,Injury Collision,Angles,2,0,0,2,2004/10/12 00:00:00+00,10/12/2004 1:54:00 PM,At Intersection (intersection related),11,"MOTOR VEHICLE STRUCK MOTOR VEHICLE, FRONT END AT ANGLE",,0,Clear,Dry,Daylight,,4286012.0,,10,Entering at angle,0,0,N
10159,2,-122.376823,47.51927894,12780,26375,26375,1789333,Matched,Intersection,34756.0,35TH AVE SW AND SW CAMBRIDGE ST,,,2,Injury Collision,Rear Ended,2,0,0,2,2004/04/09 00:00:00+00,4/9/2004,At Intersection (intersection related),14,"MOTOR VEHICLE STRUCK MOTOR VEHICLE, REAR END",,0,Clear,Dry,Daylight,,4100015.0,,14,From same direction - both going straight - one stopped - rear-end,0,0,N
10160,1,-122.4133309,47.57261163,12781,26415,26415,1785770,Matched,Intersection,31809.0,63RD AVE SW AND BEACH DR SW,,,1,Property Damage Only Collision,Angles,2,0,0,2,2004/05/07 00:00:00+00,5/7/2004,At Intersection (intersection related),11,"MOTOR VEHICLE STRUCK MOTOR VEHICLE, FRONT END AT ANGLE",,0,Clear,Dry,Dark - Street Lights On,,4128017.0,,10,Entering at angle,0,0,N
10161,1,-122.3128956,47.58003338,12782,26623,26623,1773264,Matched,Block,,BEACON AVE S BETWEEN 15TH AVE S AND S LANDER ST,,,1,Property Damage Only Collision,Rear Ended,5,0,0,2,2004/11/11 00:00:00+00,11/11/2004 11:37:00 AM,Mid-Block (not related to intersection),14,"MOTOR VEHICLE STRUCK MOTOR VEHICLE, REAR END",,0,Clear,Dry,Daylight,,4316007.0,,13,From same direction - both going straight - both moving - rear-end,0,0,N
10162,1,-122.32376799999999,47.59457602,12784,27007,27007,1216974,Matched,Block,,7TH AVE S BETWEEN S CHARLES ST AND S PLUMMER ST,,,1,Property Damage Only Collision,Parked Car,3,0,0,3,2004/09/11 00:00:00+00,9/11/2004 4:24:00 PM,Mid-Block (not related to intersection),11,"MOTOR VEHICLE STRUCK MOTOR VEHICLE, FRONT END AT ANGLE",,0,Clear,Dry,Daylight,,4255025.0,,32,One parked--one moving,0,0,N
10163,2,-122.31722279999998,47.59918906,12786,26882,26882,1799104,Matched,Intersection,30427.0,12TH AVE S AND S JACKSON ST,,,2,Injury Collision,Angles,5,0,0,3,2004/09/19 00:00:00+00,9/19/2004 1:59:00 AM,At Intersection (intersection related),11,"MOTOR VEHICLE STRUCK MOTOR VEHICLE, FRONT END AT ANGLE",,0,Overcast,Dry,Dark - Street Lights On,,4263011.0,,10,Entering at angle,0,0,N
10164,2,-122.3173632,47.67582933,12787,25260,25260,1205162,Matched,Intersection,24498.0,ROOSEVELT WAY NE AND NE 65TH ST,,,2,Injury Collision,Pedestrian,2,1,0,1,2004/05/08 00:00:00+00,5/8/2004,At Intersection (intersection related),24,MOTOR VEHCILE STRUCK PEDESTRIAN,,0,Clear,Dry,Dark - Street Lights On,Y,4129003.0,,1,Vehicle turning right hits pedestrian,0,0,N
10165,1,-122.288803,47.56420322,12788,25922,25922,1474090,Matched,Block,,S GENESEE ST BETWEEN LETITIA AVE S AND RAINIER N AVE S,,,1,Property Damage Only Collision,Angles,3,0,0,2,2004/05/04 00:00:00+00,5/4/2004,Driveway Junction,15,"MOTOR VEHICLE STRUCK MOTOR VEHICLE, RIGHT SIDE SIDESWIPE",,0,Overcast,Dry,Daylight,,4125012.0,,10,Entering at angle,0,0,N
10166,2,-122.2989173,47.60166063,12789,24916,24916,1799156,Matched,Intersection,30581.0,26TH AVE AND E YESLER WAY,,,2,Injury Collision,Angles,2,0,0,2,2004/10/18 00:00:00+00,10/18/2004 1:46:00 PM,At Intersection (intersection related),11,"MOTOR VEHICLE STRUCK MOTOR VEHICLE, FRONT END AT ANGLE",,0,Overcast,Dry,Daylight,,4292014.0,,10,Entering at angle,0,0,N
10167,1,-122.3374595,47.65498722,12791,25550,25550,1775907,Matched,Block,,DENSMORE AVE N BETWEEN N 39TH ST AND N 40TH ST,,,1,Property Damage Only Collision,Parked Car,2,0,0,2,2004/01/07 00:00:00+00,1/7/2004,Mid-Block (not related to intersection),14,"MOTOR VEHICLE STRUCK MOTOR VEHICLE, REAR END",Y,0,Raining,Snow/Slush,Daylight,,4007011.0,,32,One parked--one moving,0,0,N
10168,1,-122.3100617,47.62049538,12793,25266,25266,1217003,Matched,Intersection,29369.0,17TH AVE E AND E THOMAS ST,,,1,Property Damage Only Collision,Angles,2,0,0,2,2004/08/06 00:00:00+00,8/6/2004,At Intersection (intersection related),11,"MOTOR VEHICLE STRUCK MOTOR VEHICLE, FRONT END AT ANGLE",,0,Raining,Wet,Daylight,,4219064.0,,10,Entering at angle,0,0,N
10169,1,-122.3443753,47.61680223,12794,25761,25761,1778258,Matched,Intersection,29532.0,5TH AVE AND BATTERY ST,,,1,Property Damage Only Collision,Left Turn,3,0,0,2,2004/04/25 00:00:00+00,4/25/2004 12:15:00 AM,At Intersection (intersection related),11,"MOTOR VEHICLE STRUCK MOTOR VEHICLE, FRONT END AT ANGLE",,0,Clear,Dry,Dark - Street Lights On,,4116043.0,,15,From same direction - one left turn - one straight,0,0,N
10170,2,-122.38392859999999,47.66867759,12795,25185,25185,1782711,Matched,Block,,NW MARKET ST BETWEEN RUSSELL AVE NW AND LEARY AVE NW,,,2,Injury Collision,Rear Ended,2,0,0,2,2004/04/28 00:00:00+00,4/28/2004 7:53:00 PM,Mid-Block (but intersection related),14,"MOTOR VEHICLE STRUCK MOTOR VEHICLE, REAR END",,0,Clear,Dry,Daylight,,4119030.0,,14,From same direction - both going straight - one stopped - rear-end,0,0,N
10171,1,-122.2792091,47.52324613,12796,26046,26046,1793012,Matched,Intersection,35271.0,M L KING JR WR WAY S AND S HENDERSON ST,,,1,Property Damage Only Collision,Left Turn,2,0,0,2,2004/07/22 00:00:00+00,7/22/2004 5:56:00 PM,At Intersection (intersection related),11,"MOTOR VEHICLE STRUCK MOTOR VEHICLE, FRONT END AT ANGLE",,0,Clear,Dry,Daylight,,4204040.0,,28,From opposite direction - one left turn - one straight,0,0,N
10172,2,-122.3104057,47.6887506,12799,25453,25453,1475527,Matched,Block,,LAKE CITY WAY NE BETWEEN NE 82ND ST AND 17TH AVE NE,,,2,Injury Collision,Other,2,0,0,2,2004/03/08 00:00:00+00,3/8/2004,Driveway Junction,11,"MOTOR VEHICLE STRUCK MOTOR VEHICLE, FRONT END AT ANGLE",,0,Clear,Dry,Daylight,,4068009.0,,21,One car entering driveway access,0,0,N
10173,1,-122.3202196,47.62682816,12800,25680,25680,C650860,Matched,Intersection,28977.0,10TH AVE E AND E ALOHA ST,,,1,Property Damage Only Collision,Angles,2,0,0,2,2004/12/29 00:00:00+00,12/29/2004 4:30:00 PM,At Intersection (intersection related),11,"MOTOR VEHICLE STRUCK MOTOR VEHICLE, FRONT END AT ANGLE",,0,Other,Wet,Dusk,,4364068.0,,10,Entering at angle,0,0,N
10174,2,-122.3423817,47.62088839,12801,25233,25233,1482603,Matched,Intersection,28788.0,DEXTER AVE N AND THOMAS ST,,,2,Injury Collision,Cycles,2,0,1,1,2004/05/26 00:00:00+00,5/26/2004 9:22:00 AM,At Intersection (intersection related),18,"MOTOR VEHICLE STRUCK PEDALCYCLIST, FRONT END AT ANGLE",,0,Overcast,Wet,Daylight,Y,4147018.0,,45,Vehicle - Pedalcyclist,0,0,N
10175,1,-122.37419369999999,47.5640756,12804,26839,26839,1481695,Matched,Block,,SW AVALON WAY BETWEEN SW GENESEE ST AND 35TH AVE SW,,,1,Property Damage Only Collision,Head On,2,0,0,2,2004/02/08 00:00:00+00,2/8/2004,Mid-Block (not related to intersection),11,"MOTOR VEHICLE STRUCK MOTOR VEHICLE, FRONT END AT ANGLE",,0,Raining,Wet,Daylight,,4039022.0,,30,From opposite direction - all others,0,0,N
10176,1,-122.3445606,47.69382203,12805,26061,26061,1219926,Matched,Block,,AURORA AVE N BETWEEN N 89TH ST AND N 90TH ST,,,1,Property Damage Only Collision,Rear Ended,3,0,0,2,2004/08/24 00:00:00+00,8/24/2004 11:05:00 PM,Mid-Block (but intersection related),14,"MOTOR VEHICLE STRUCK MOTOR VEHICLE, REAR END",Y,0,Raining,Wet,Dark - Street Lights On,,4237025.0,,14,From same direction - both going straight - one stopped - rear-end,0,0,N
10177,1,-122.2928635,47.66124331,12806,26724,26724,1080021,Matched,Intersection,25966.0,NE 45TH PL AND NE 45TH ST,,,1,Property Damage Only Collision,Left Turn,2,0,0,2,2004/09/10 00:00:00+00,9/10/2004 6:04:00 PM,At Intersection (intersection related),11,"MOTOR VEHICLE STRUCK MOTOR VEHICLE, FRONT END AT ANGLE",,0,Raining,Wet,Daylight,,4254018.0,,28,From opposite direction - one left turn - one straight,0,0,N
10178,2,-122.39827079999999,47.64591301,12808,26885,26885,1186588,Matched,Block,,32ND AVE W BETWEEN W ARMOUR N ST AND W BARRETT ST,,,2,Injury Collision,Pedestrian,2,1,0,1,2004/04/21 00:00:00+00,4/21/2004 5:10:00 PM,Mid-Block (not related to intersection),24,MOTOR VEHCILE STRUCK PEDESTRIAN,,0,Clear,Dry,Daylight,,4112004.0,,0,Vehicle going straight hits pedestrian,0,0,N
10179,2,-122.35529890000001,47.68584897,12810,25694,25694,1780221,Matched,Block,,GREENWOOD AVE N BETWEEN N 78TH ST AND N 79TH ST,,,2,Injury Collision,Other,2,0,0,1,2004/04/01 00:00:00+00,4/1/2004,Mid-Block (not related to intersection),28,MOTOR VEHICLE RAN OFF ROAD - HIT FIXED OBJECT,,0,Clear,Dry,Dark - Street Lights On,,4092001.0,,50,Fixed object,0,0,N
10180,1,-122.3443962,47.64032507,12811,24967,24967,1482477,Matched,Intersection,28005.0,6TH AVE N AND DEXTER AVE N,,,1,Property Damage Only Collision,Angles,2,0,0,2,2004/04/17 00:00:00+00,4/17/2004 12:02:00 AM,At Intersection (intersection related),11,"MOTOR VEHICLE STRUCK MOTOR VEHICLE, FRONT END AT ANGLE",,0,Clear,Dry,Dark - Street Lights On,,4108036.0,,10,Entering at angle,0,0,N
10181,1,-122.32687240000001,47.55301572,12812,26257,26257,1781654,Matched,Block,,6TH AVE S BETWEEN S LUCILE ST AND S FINDLAY ST,,,1,Property Damage Only Collision,Parked Car,2,0,0,2,2004/03/09 00:00:00+00,3/9/2004,Mid-Block (not related to intersection),28,MOTOR VEHICLE RAN OFF ROAD - HIT FIXED OBJECT,,0,Overcast,Dry,Daylight,,4069023.0,,32,One parked--one moving,0,0,N
10182,1,-122.3025499,47.61905091,12813,26298,26298,1787581,Matched,Block,,23RD AVE E BETWEEN E DENNY WAY AND E MADISON ST,,,1,Property Damage Only Collision,Sideswipe,2,0,0,2,2004/06/12 00:00:00+00,6/12/2004 7:30:00 PM,Mid-Block (not related to intersection),11,"MOTOR VEHICLE STRUCK MOTOR VEHICLE, FRONT END AT ANGLE",,0,Raining,Wet,Daylight,,4164046.0,,11,From same direction - both going straight - both moving - sideswipe,0,0,N
10183,1,-122.31113059999998,47.54888559,12815,25877,25877,1781159,Matched,Intersection,33381.0,SWIFT AVE S AND S ALBRO PL,,,1,Property Damage Only Collision,Sideswipe,3,0,0,2,2004/06/01 00:00:00+00,6/1/2004,At Intersection (intersection related),11,"MOTOR VEHICLE STRUCK MOTOR VEHICLE, FRONT END AT ANGLE",,0,Overcast,Dry,Daylight,,4153022.0,,81,Same direction -- both turning left -- both moving -- sideswipe,0,0,N
10184,1,-122.3857511,47.544988700000005,12817,25223,25223,1785848,Matched,Block,,42ND AVE SW BETWEEN FAUNTLEROY WAY SW AND SW MORGAN ST,,,1,Property Damage Only Collision,Rear Ended,5,0,0,2,2004/07/11 00:00:00+00,7/11/2004 7:45:00 PM,Mid-Block (but intersection related),14,"MOTOR VEHICLE STRUCK MOTOR VEHICLE, REAR END",Y,0,Clear,Dry,Daylight,,4193021.0,,14,From same direction - both going straight - one stopped - rear-end,0,0,N
10185,1,-122.3173124,47.54917031,12818,26086,26086,1789215,Matched,Intersection,33120.0,12TH AVE S AND S VALE ST,,,1,Property Damage Only Collision,Angles,3,0,0,2,2004/06/15 00:00:00+00,6/15/2004 5:27:00 PM,At Intersection (intersection related),11,"MOTOR VEHICLE STRUCK MOTOR VEHICLE, FRONT END AT ANGLE",,0,Clear,Dry,Daylight,,4167011.0,,10,Entering at angle,0,0,N
10186,1,-122.35118600000001,47.61281375,12819,26131,26131,1777506,Matched,Intersection,29706.0,ALASKAN WAY AND WALL ST,,,1,Property Damage Only Collision,Sideswipe,5,0,0,2,2004/02/16 00:00:00+00,2/16/2004 5:39:00 PM,At Intersection (intersection related),16,"MOTOR VEHICLE STRUCK MOTOR VEHICLE, LEFT SIDE SIDESWIPE",,0,Raining,Wet,Dark - Street Lights On,,4047002.0,,71,Same direction -- both turning right -- both moving -- sideswipe,0,0,N
10187,1,-122.30121409999998,47.59254641,12821,25645,25645,1772080,Matched,Block,,24TH AVE S BETWEEN S NORMAN ST AND S JUDKINS N ST,,,1,Property Damage Only Collision,Sideswipe,7,0,0,2,2004/04/02 00:00:00+00,4/2/2004,Mid-Block (not related to intersection),16,"MOTOR VEHICLE STRUCK MOTOR VEHICLE, LEFT SIDE SIDESWIPE",,1,Clear,Dry,Daylight,,4093027.0,Y,12,From same direction - both going straight - one stopped - sideswipe,0,0,N
10188,1,-122.29259270000001,47.72281589,12822,24914,24914,527094,Matched,Block,,NE 130TH ST BETWEEN LAKE CITY WAY NE AND 33RD AVE NE,,,1,Property Damage Only Collision,Other,2,0,0,2,2004/08/13 00:00:00+00,8/13/2004 9:09:00 AM,Driveway Junction,11,"MOTOR VEHICLE STRUCK MOTOR VEHICLE, FRONT END AT ANGLE",,0,Clear,Dry,Daylight,,4226029.0,,21,One car entering driveway access,0,0,N
10189,1,-122.31565800000001,47.67581493,12823,26713,26713,1205800,Matched,Intersection,24501.0,12TH AVE NE AND NE 65TH ST,,,1,Property Damage Only Collision,Angles,2,0,0,2,2004/02/04 00:00:00+00,2/4/2004,At Intersection (intersection related),11,"MOTOR VEHICLE STRUCK MOTOR VEHICLE, FRONT END AT ANGLE",,0,Raining,Wet,Daylight,,4035011.0,,10,Entering at angle,0,0,N
10190,1,-122.3250019,47.69915362,12824,26437,26437,1213813,Matched,Block,,NE 97TH ST BETWEEN 3RD AVE NE AND 4TH AVE NE,,,1,Property Damage Only Collision,Parked Car,2,0,0,2,2004/07/30 00:00:00+00,7/30/2004 5:30:00 PM,Mid-Block (not related to intersection),13,"MOTOR VEHICLE STRUCK MOTOR VEHICLE, LEFT SIDE AT ANGLE",,0,Clear,Dry,Daylight,,4212022.0,,32,One parked--one moving,0,0,N
10191,1,-122.29476709999999,47.68304836,12825,26736,26736,1780721,Matched,Intersection,24655.0,31ST AVE NE AND NE 75TH ST,,,1,Property Damage Only Collision,Parked Car,2,0,0,2,2004/03/27 00:00:00+00,3/27/2004 10:30:00 AM,At Intersection (intersection related),11,"MOTOR VEHICLE STRUCK MOTOR VEHICLE, FRONT END AT ANGLE",,0,Overcast,Dry,Daylight,,4087003.0,,32,One parked--one moving,0,0,N
10192,2,-122.3418908,47.69598276,12828,24961,24961,1782381,Matched,Block,,STONE AVE N BETWEEN N 92ND ST AND N 93RD ST,,,2,Injury Collision,Parked Car,2,0,0,2,2004/05/04 00:00:00+00,5/4/2004,Mid-Block (not related to intersection),11,"MOTOR VEHICLE STRUCK MOTOR VEHICLE, FRONT END AT ANGLE",,1,Clear,Dry,Daylight,,4125010.0,,20,One car leaving parked position,0,0,N
10193,1,-122.3189572,47.69766394,12829,26392,26392,1220143,Matched,Block,,NE 95TH ST BETWEEN 8TH AVE NE AND ROOSEVELT WAY NE,,,1,Property Damage Only Collision,Parked Car,2,0,0,2,2004/09/05 00:00:00+00,9/5/2004,Mid-Block (not related to intersection),16,"MOTOR VEHICLE STRUCK MOTOR VEHICLE, LEFT SIDE SIDESWIPE",,0,Clear,Dry,Dark - Street Lights On,,4249012.0,Y,32,One parked--one moving,0,0,N
10194,1,-122.3094893,47.66396817,12830,26291,26291,1782057,Matched,Block,,17TH NB AVE NE BETWEEN NE 47TH ST AND NE 50TH ST,,,1,Property Damage Only Collision,Parked Car,2,0,0,2,2004/08/29 00:00:00+00,8/29/2004 6:00:00 PM,Mid-Block (not related to intersection),13,"MOTOR VEHICLE STRUCK MOTOR VEHICLE, LEFT SIDE AT ANGLE",,0,Unknown,Unknown,Unknown,,4242009.0,,32,One parked--one moving,0,0,N
10195,2,-122.34456499999999,47.69418567,12831,26712,26712,1205123,Matched,Intersection,37340.0,AURORA AVE N AND N 90TH ST,,,2,Injury Collision,Left Turn,2,0,0,2,2004/05/28 00:00:00+00,5/28/2004 2:50:00 PM,At Intersection (intersection related),11,"MOTOR VEHICLE STRUCK MOTOR VEHICLE, FRONT END AT ANGLE",,0,Overcast,Wet,Daylight,,4149014.0,,28,From opposite direction - one left turn - one straight,0,0,N
10196,1,-122.313397,47.58003408,12832,25588,25588,1771618,Matched,Block,,15TH AVE S BETWEEN BEACON AVE S AND S LANDER ST,,,1,Property Damage Only Collision,Other,1,0,0,1,2004/07/10 00:00:00+00,7/10/2004 3:32:00 PM,Mid-Block (not related to intersection),29,MOTOR VEHICLE OVERTURNED IN ROAD,,0,Raining,Wet,Daylight,,4192028.0,,52,Vehicle overturned,0,0,N
10197,2,-122.36081589999999,47.70874265,12833,27057,27057,1776679,Matched,Intersection,36258.0,3RD AVE NW AND NW 110TH ST,,,2,Injury Collision,Angles,2,0,0,2,2004/09/22 00:00:00+00,9/22/2004 10:08:00 PM,At Intersection (intersection related),11,"MOTOR VEHICLE STRUCK MOTOR VEHICLE, FRONT END AT ANGLE",,0,Clear,Dry,Dark - Street Lights On,,4266013.0,,10,Entering at angle,0,0,N
10198,1,-122.3390887,47.68513193,12834,25517,25517,1930982,Matched,Intersection,24242.0,WINONA AVE N AND WEST GREEN LAKE DR N,,,1,Property Damage Only Collision,Angles,2,0,0,2,2004/12/10 00:00:00+00,12/10/2004 7:10:00 PM,At Intersection (intersection related),11,"MOTOR VEHICLE STRUCK MOTOR VEHICLE, FRONT END AT ANGLE",,0,Raining,Wet,Dark - Street Lights On,,4345043.0,,10,Entering at angle,0,0,N
10199,1,-122.32295420000001,47.62684948,12836,26486,26486,1798802,Matched,Block,,E ALOHA ST BETWEEN BOYLSTON AVE E AND HARVARD AVE E,,,1,Property Damage Only Collision,Parked Car,2,0,0,2,2004/08/19 00:00:00+00,8/19/2004 7:00:00 PM,Mid-Block (not related to intersection),15,"MOTOR VEHICLE STRUCK MOTOR VEHICLE, RIGHT SIDE SIDESWIPE",,0,Unknown,Unknown,Unknown,,4232008.0,,32,One parked--one moving,0,0,N
10200,1,-122.2879588,47.54608596,12837,25565,25565,1783928,Matched,Block,,S GRAHAM ST BETWEEN 33RD AVE S AND M L KING JR WR WAY S,,,1,Property Damage Only Collision,Rear Ended,2,0,0,2,2004/11/15 00:00:00+00,11/15/2004 1:34:00 PM,Mid-Block (but intersection related),14,"MOTOR VEHICLE STRUCK MOTOR VEHICLE, REAR END",,0,Overcast,Wet,Daylight,,4320048.0,,14,From same direction - both going straight - one stopped - rear-end,0,0,N
10201,2,-122.305972,47.64970388,12838,27072,27072,1080186,Matched,Intersection,27302.0,UNIV HOSPITAL DR AND NE PACIFIC ST,,,2,Injury Collision,Left Turn,2,0,0,2,2004/08/18 00:00:00+00,8/18/2004 7:21:00 PM,At Intersection (intersection related),11,"MOTOR VEHICLE STRUCK MOTOR VEHICLE, FRONT END AT ANGLE",,0,Clear,Dry,Dusk,,4231004.0,,28,From opposite direction - one left turn - one straight,0,0,N
10202,1,-122.28579429999999,47.55865699,12840,25772,25772,1773030,Matched,Block,,S EDMUNDS ST BETWEEN 37TH AVE S AND RAINIER AVE S,,,1,Property Damage Only Collision,Parked Car,2,0,0,2,2004/07/06 00:00:00+00,7/6/2004,Mid-Block (not related to intersection),14,"MOTOR VEHICLE STRUCK MOTOR VEHICLE, REAR END",,0,Other,Unknown,Unknown,,4188040.0,,32,One parked--one moving,0,0,N
10203,1,-122.3290597,47.57404265,12841,25192,25192,1213815,Matched,Block,,4TH AVE S BETWEEN S HORTON ST AND S HINDS ST,,,1,Property Damage Only Collision,Other,5,0,0,2,2004/08/28 00:00:00+00,8/28/2004 2:30:00 PM,Driveway Junction,16,"MOTOR VEHICLE STRUCK MOTOR VEHICLE, LEFT SIDE SIDESWIPE",,0,Clear,Dry,Daylight,,4241025.0,,21,One car entering driveway access,0,0,N
10204,2,-122.2803245,47.53521125,12842,26339,26339,1792985,Matched,Intersection,34487.0,RENTON AVE S AND S WEBSTER W ST,,,2,Injury Collision,Angles,5,0,0,2,2004/07/17 00:00:00+00,7/17/2004 5:44:00 PM,At Intersection (intersection related),11,"MOTOR VEHICLE STRUCK MOTOR VEHICLE, FRONT END AT ANGLE",,0,Clear,Dry,Daylight,,4199029.0,,10,Entering at angle,0,0,N
10205,1,-122.3618543,47.62873284,12843,26166,26166,1069830,Matched,Block,,W PROSPECT ST BETWEEN 3RD AVE W AND 5TH AVE W,,,1,Property Damage Only Collision,Head On,2,0,0,2,2004/10/21 00:00:00+00,10/21/2004 7:10:00 AM,Mid-Block (but intersection related),15,"MOTOR VEHICLE STRUCK MOTOR VEHICLE, RIGHT SIDE SIDESWIPE",Y,0,Overcast,Dry,Daylight,,4295012.0,,30,From opposite direction - all others,0,0,N
10206,1,,,12845,25604,25604,1776527,Matched,Block,,ALASKAN WY VI SB BETWEEN COLUMBIA ST ON RP AND ALASKAN WY VI SB EFR OFF RP,,,1,Property Damage Only Collision,Sideswipe,6,0,0,3,2004/04/30 00:00:00+00,4/30/2004 7:08:00 PM,Mid-Block (not related to intersection),16,"MOTOR VEHICLE STRUCK MOTOR VEHICLE, LEFT SIDE SIDESWIPE",,0,Clear,Dry,Daylight,,4121035.0,,11,From same direction - both going straight - both moving - sideswipe,0,0,N
10207,1,-122.32588989999999,47.64087739,12846,25675,25675,1798953,Matched,Block,,EASTLAKE AVE E BETWEEN E LYNN ST AND E LOUISA ST,,,1,Property Damage Only Collision,Rear Ended,2,0,0,2,2004/08/25 00:00:00+00,8/25/2004 9:12:00 AM,Mid-Block (not related to intersection),14,"MOTOR VEHICLE STRUCK MOTOR VEHICLE, REAR END",Y,0,Overcast,Dry,Daylight,,4238022.0,,14,From same direction - both going straight - one stopped - rear-end,0,0,N
10208,1,-122.3852096,47.58024706,12847,25356,25356,1781351,Matched,Block,,42ND AVE SW BETWEEN SW ADMIRAL WAY AND SW LANDER ST,,,1,Property Damage Only Collision,Parked Car,3,0,0,2,2004/02/16 00:00:00+00,2/16/2004 12:26:00 PM,Mid-Block (not related to intersection),16,"MOTOR VEHICLE STRUCK MOTOR VEHICLE, LEFT SIDE SIDESWIPE",Y,0,Raining,Dry,Daylight,,4047015.0,,32,One parked--one moving,0,0,N
10209,1,-122.32825600000001,47.66198271,12848,26238,26238,1795007,Matched,Block,,1ST AVE NE BETWEEN NE 45TH ST AND NE 46TH ST,,,1,Property Damage Only Collision,Parked Car,2,0,0,2,2004/09/23 00:00:00+00,9/23/2004 9:29:00 AM,Mid-Block (not related to intersection),11,"MOTOR VEHICLE STRUCK MOTOR VEHICLE, FRONT END AT ANGLE",Y,0,Overcast,Wet,Daylight,,4267010.0,,32,One parked--one moving,0,0,N
10210,2,-122.35540929999999,47.70095133,12849,26285,26285,1781808,Matched,Block,,GREENWOOD AVE N BETWEEN N GREENWOOD CIR AND N 100TH ST,,,2,Injury Collision,Other,3,0,0,2,2004/06/09 00:00:00+00,6/9/2004,Driveway Junction,14,"MOTOR VEHICLE STRUCK MOTOR VEHICLE, REAR END",Y,0,Clear,Dry,Daylight,,4161007.0,,21,One car entering driveway access,0,0,N
10211,2,-122.34453909999998,47.69201179,12851,25201,25201,1775617,Matched,Intersection,37365.0,AURORA AVE N AND N 87TH ST,,,2,Injury Collision,Left Turn,4,0,0,3,2004/01/02 00:00:00+00,1/2/2004,At Intersection (intersection related),11,"MOTOR VEHICLE STRUCK MOTOR VEHICLE, FRONT END AT ANGLE",,0,Raining,Wet,Dark - Street Lights On,,4002003.0,,28,From opposite direction - one left turn - one straight,0,0,N
10212,1,-122.3351293,47.60515932,12852,26066,26066,1776971,Matched,Intersection,29614.0,2ND AVE AND MADISON ST,,,1,Property Damage Only Collision,Angles,6,0,0,2,2004/05/21 00:00:00+00,5/21/2004 5:48:00 AM,At Intersection (intersection related),11,"MOTOR VEHICLE STRUCK MOTOR VEHICLE, FRONT END AT ANGLE",,0,Clear,Dry,Dawn,,4142023.0,,10,Entering at angle,0,0,N
10213,1,-122.34596370000001,47.652745,12853,25554,25554,1209443,Matched,Intersection,27021.0,BRIDGE WAY N AND N 38TH ST,,,1,Property Damage Only Collision,Angles,3,0,0,2,2004/04/14 00:00:00+00,4/14/2004 8:08:00 AM,At Intersection (intersection related),11,"MOTOR VEHICLE STRUCK MOTOR VEHICLE, FRONT END AT ANGLE",Y,0,Overcast,Wet,Daylight,,4105027.0,,10,Entering at angle,0,0,N
10214,2,-122.34788710000001,47.615361,12854,26883,26883,1181967,Matched,Intersection,29687.0,2ND AVE AND WALL ST,,,2,Injury Collision,Pedestrian,2,1,0,1,2004/02/06 00:00:00+00,2/6/2004,At Intersection (intersection related),24,MOTOR VEHCILE STRUCK PEDESTRIAN,,0,Raining,Wet,Daylight,Y,4037007.0,,2,Vehicle turning left hits pedestrian,0,0,N
10215,1,-122.37691570000001,47.50460949,12856,25765,25765,1790831,Matched,Block,,SW 110TH ST BETWEEN 35TH AVE SW AND 36TH AVE SW,,,1,Property Damage Only Collision,Parked Car,2,0,0,2,2004/08/22 00:00:00+00,8/22/2004 3:00:00 PM,Mid-Block (not related to intersection),13,"MOTOR VEHICLE STRUCK MOTOR VEHICLE, LEFT SIDE AT ANGLE",,0,Raining,Wet,Daylight,,4235026.0,,32,One parked--one moving,0,0,N
10216,1,-122.32657320000001,47.62604316,12857,25183,25183,1198327,Matched,Block,,BELLEVUE AVE E BETWEEN E ROY ST AND BELLEVUE PL E,,,1,Property Damage Only Collision,Parked Car,2,0,0,2,2004/11/04 00:00:00+00,11/4/2004,Mid-Block (not related to intersection),11,"MOTOR VEHICLE STRUCK MOTOR VEHICLE, FRONT END AT ANGLE",,0,Unknown,Unknown,Unknown,,4309006.0,,32,One parked--one moving,0,0,N
10217,2,-122.33417859999999,47.60172234,12858,26331,26331,1777671,Matched,Intersection,30357.0,1ST AVE AND YESLER WAY,,,2,Injury Collision,Angles,3,0,0,2,2004/03/28 00:00:00+00,3/28/2004 4:45:00 PM,At Intersection (intersection related),11,"MOTOR VEHICLE STRUCK MOTOR VEHICLE, FRONT END AT ANGLE",,0,Clear,Dry,Daylight,,4088026.0,,10,Entering at angle,0,0,N
10218,2,-122.328005,47.61247231,12859,25577,25577,1788581,Matched,Intersection,29891.0,BOREN AVE AND UNION ST,,,2,Injury Collision,Angles,2,0,0,2,2004/04/22 00:00:00+00,4/22/2004 12:05:00 AM,At Intersection (intersection related),11,"MOTOR VEHICLE STRUCK MOTOR VEHICLE, FRONT END AT ANGLE",,0,Clear,Dry,Dark - Street Lights On,,4113010.0,,10,Entering at angle,0,0,N