,SEVERITYCODE,X,Y,OBJECTID,INCKEY,COLDETKEY,REPORTNO,STATUS,ADDRTYPE,INTKEY,LOCATION,EXCEPTRSNCODE,EXCEPTRSNDESC,SEVERITYCODE.1,SEVERITYDESC,COLLISIONTYPE,PERSONCOUNT,PEDCOUNT,PEDCYLCOUNT,VEHCOUNT,INCDATE,INCDTTM,JUNCTIONTYPE,SDOT_COLCODE,SDOT_COLDESC,INATTENTIONIND,UNDERINFL,WEATHER,ROADCOND,LIGHTCOND,PEDROWNOTGRNT,SDOTCOLNUM,SPEEDING,ST_COLCODE,ST_COLDESC,SEGLANEKEY,CROSSWALKKEY,HITPARKEDCAR
10219,2,-122.35450290000001,47.64688811,12861,25666,25666,1482577,Matched,Intersection,28049.0,FLORENTIA ST AND WARREN AVE N,,,2,Injury Collision,Angles,3,0,0,2,2004/05/15 00:00:00+00,5/15/2004 5:20:00 PM,At Intersection (intersection related),11,"MOTOR VEHICLE STRUCK MOTOR VEHICLE, FRONT END AT ANGLE",,0,Overcast,Dry,Daylight,,4136002.0,,10,Entering at angle,0,0,N
10220,2,-122.33379540000001,47.52695435,12862,25226,25226,1807671,Matched,Block,,SR509 SB BETWEEN 1ST AV S OFF RP AND CLOVERDALE ST ON RP,,,2,Injury Collision,Other,1,0,0,1,2004/04/08 00:00:00+00,4/8/2004,Mid-Block (not related to intersection),26,MOTOR VEHICLE STRUCK OBJECT IN ROAD,,0,Clear,Dry,Dark - Street Lights On,,4099040.0,,50,Fixed object,0,0,N
10221,1,-122.356706,47.62501857,12864,25995,25995,1482506,Matched,Block,,QUEEN ANNE AVE N BETWEEN MERCER ST AND ROY ST,,,1,Property Damage Only Collision,Parked Car,2,0,0,2,2004/05/30 00:00:00+00,5/30/2004 2:00:00 AM,Mid-Block (not related to intersection),11,"MOTOR VEHICLE STRUCK MOTOR VEHICLE, FRONT END AT ANGLE",,0,Unknown,Unknown,Dark - Street Lights On,,4151019.0,,32,One parked--one moving,0,0,N
10222,2,-122.3446726,47.7032406,12865,26624,26624,1773414,Matched,Intersection,37290.0,AURORA AVE N AND N 103RD S ST,,,2,Injury Collision,Rear Ended,3,0,0,3,2004/04/26 00:00:00+00,4/26/2004 5:31:00 PM,At Intersection (but not related to intersection),14,"MOTOR VEHICLE STRUCK MOTOR VEHICLE, REAR END",Y,0,Clear,Dry,Daylight,,4117001.0,,14,From same direction - both going straight - one stopped - rear-end,0,0,N
10223,2,-122.3449719,47.72275671,12866,25650,25650,1931304,Matched,Block,,AURORA AVE N BETWEEN N 128TH ST AND N 130TH ST,,,2,Injury Collision,Pedestrian,2,1,0,1,2004/11/24 00:00:00+00,11/24/2004 11:35:00 AM,Mid-Block (but intersection related),24,MOTOR VEHCILE STRUCK PEDESTRIAN,,0,Overcast,Dry,Daylight,,4329006.0,,0,Vehicle going straight hits pedestrian,0,0,N
10224,1,-122.3410074,47.62971166,12868,26718,26718,1213520,Matched,Intersection,28725.0,HIGHLAND DR AND WESTLAKE AVE N,,,1,Property Damage Only Collision,Left Turn,2,0,0,2,2004/05/30 00:00:00+00,5/30/2004 8:40:00 AM,At Intersection (intersection related),11,"MOTOR VEHICLE STRUCK MOTOR VEHICLE, FRONT END AT ANGLE",,0,Overcast,Dry,Daylight,,4151013.0,,28,From opposite direction - one left turn - one straight,0,0,N
10225,1,-122.3134071,47.59833124,12869,26042,26042,1217187,Matched,Intersection,30429.0,RAINIER AVE S AND S KING ST,,,1,Property Damage Only Collision,Angles,3,0,0,2,2004/08/13 00:00:00+00,8/13/2004 6:08:00 PM,At Intersection (intersection related),11,"MOTOR VEHICLE STRUCK MOTOR VEHICLE, FRONT END AT ANGLE",,0,Clear,Dry,Daylight,,4226022.0,,10,Entering at angle,0,0,N
10226,1,-122.284922,47.56230047,12870,27060,27060,1334224,Matched,Block,,38TH AVE S BETWEEN S OREGON ST AND S CONOVER WAY,,,1,Property Damage Only Collision,Parked Car,2,0,0,2,2004/06/09 00:00:00+00,6/9/2004,Mid-Block (not related to intersection),13,"MOTOR VEHICLE STRUCK MOTOR VEHICLE, LEFT SIDE AT ANGLE",,0,Clear,Dry,Daylight,,4161021.0,,32,One parked--one moving,0,0,N
10227,2,-122.33425109999999,47.61785152,12871,25760,25760,1778108,Matched,Intersection,29524.0,BOREN AVE AND FAIRVIEW AVE,,,2,Injury Collision,Rear Ended,8,0,0,2,2004/05/09 00:00:00+00,5/9/2004,At Intersection (intersection related),14,"MOTOR VEHICLE STRUCK MOTOR VEHICLE, REAR END",,0,Overcast,Dry,Dark - Street Lights On,,4130018.0,,13,From same direction - both going straight - both moving - rear-end,0,0,N
10228,1,-122.3227688,47.61298687,12872,25409,25409,1772154,Matched,Block,,E UNION ST BETWEEN BOYLSTON AVE AND HARVARD AVE,,,1,Property Damage Only Collision,Other,1,0,0,1,2004/03/27 00:00:00+00,3/27/2004 1:51:00 AM,Mid-Block (not related to intersection),28,MOTOR VEHICLE RAN OFF ROAD - HIT FIXED OBJECT,,0,Raining,Wet,Dark - Street Lights On,,4087001.0,,50,Fixed object,0,0,N
10229,1,-122.35530630000001,47.69150544,12875,26155,26155,1773854,Matched,Block,,GREENWOOD AVE N BETWEEN N 85TH ST AND N 87TH ST,,,1,Property Damage Only Collision,Pedestrian,2,1,0,1,2004/04/10 00:00:00+00,4/10/2004 3:00:00 PM,Mid-Block (not related to intersection),24,MOTOR VEHCILE STRUCK PEDESTRIAN,,0,Clear,Dry,Daylight,,4101001.0,,0,Vehicle going straight hits pedestrian,0,0,N
10230,1,-122.3106605,47.61537759,12876,25857,25857,1789889,Matched,Block,,E MADISON ST BETWEEN E PINE ST AND 17TH AVE,,,1,Property Damage Only Collision,Rear Ended,2,0,0,2,2004/10/18 00:00:00+00,10/18/2004 7:50:00 PM,Mid-Block (but intersection related),14,"MOTOR VEHICLE STRUCK MOTOR VEHICLE, REAR END",,0,Raining,Wet,Dark - Street Lights On,,4292030.0,,13,From same direction - both going straight - both moving - rear-end,0,0,N
10231,2,-122.34450509999999,47.68730383,12877,25447,25447,1780800,Matched,Block,,AURORA AVE N BETWEEN N 80TH ST AND N 81ST ST,,,2,Injury Collision,Rear Ended,3,0,0,3,2004/05/06 00:00:00+00,5/6/2004,Mid-Block (not related to intersection),14,"MOTOR VEHICLE STRUCK MOTOR VEHICLE, REAR END",,0,Clear,Dry,Daylight,,4127019.0,,14,From same direction - both going straight - one stopped - rear-end,0,0,N
10232,1,-122.32798030000001,47.60321632,12879,25520,25520,1785512,Matched,Block,,JEFFERSON ST BETWEEN 5TH AVE AND 6TH AVE,,,1,Property Damage Only Collision,Parked Car,2,0,0,2,2004/10/19 00:00:00+00,10/19/2004 6:38:00 PM,Mid-Block (not related to intersection),13,"MOTOR VEHICLE STRUCK MOTOR VEHICLE, LEFT SIDE AT ANGLE",,0,Overcast,Dry,Dark - Street Lights On,,4293010.0,,32,One parked--one moving,0,0,N
10233,2,-122.27871299999998,47.53705432,12880,25326,25326,1772704,Matched,Block,,S OTHELLO ST BETWEEN 43RD AVE S AND 44TH AVE S,,,2,Injury Collision,Rear Ended,2,0,0,2,2004/04/13 00:00:00+00,4/13/2004 12:45:00 PM,Mid-Block (but intersection related),14,"MOTOR VEHICLE STRUCK MOTOR VEHICLE, REAR END",,0,Clear,Dry,Daylight,,4104014.0,,14,From same direction - both going straight - one stopped - rear-end,0,0,N
10234,1,-122.34564420000001,47.612272999999995,12881,26366,26366,1777484,Matched,Block,,BLANCHARD ST BETWEEN WESTERN AVE AND 1ST AVE,,,1,Property Damage Only Collision,Other,1,0,0,1,2004/04/01 00:00:00+00,4/1/2004,Mid-Block (not related to intersection),28,MOTOR VEHICLE RAN OFF ROAD - HIT FIXED OBJECT,,0,Clear,Dry,Dark - Street Lights On,,4092005.0,,50,Fixed object,0,0,N
10235,1,-122.32788070000001,47.61664171,12882,26902,26902,1772341,Matched,Intersection,29847.0,MELROSE AVE AND OLIVE WAY,,,1,Property Damage Only Collision,Sideswipe,3,0,0,2,2004/06/10 00:00:00+00,6/10/2004 2:13:00 PM,At Intersection (intersection related),16,"MOTOR VEHICLE STRUCK MOTOR VEHICLE, LEFT SIDE SIDESWIPE",,0,Overcast,Dry,Daylight,,4162017.0,,11,From same direction - both going straight - both moving - sideswipe,0,0,N
10236,2,-122.35398059999999,47.6621407,12884,25785,25785,1794070,Matched,Intersection,25686.0,PHINNEY AVE N AND N 46TH ST,,,2,Injury Collision,Left Turn,2,0,0,2,2004/08/18 00:00:00+00,8/18/2004 4:18:00 PM,At Intersection (intersection related),11,"MOTOR VEHICLE STRUCK MOTOR VEHICLE, FRONT END AT ANGLE",,0,Clear,Dry,Daylight,,4231025.0,,28,From opposite direction - one left turn - one straight,0,0,N
10237,2,-122.3143166,47.61995563,12885,25046,25046,1772465,Matched,Intersection,29057.0,14TH AVE E AND E JOHN ST,,,2,Injury Collision,Other,3,0,0,2,2004/06/19 00:00:00+00,6/19/2004 10:28:00 PM,At Intersection (intersection related),11,"MOTOR VEHICLE STRUCK MOTOR VEHICLE, FRONT END AT ANGLE",,1,Clear,Dry,Dark - Street Lights On,,4171009.0,,22,One car leaving driveway access,0,0,N
10238,1,-122.3150032,47.59581845,12886,26314,26314,1328350,Matched,Block,,S DEARBORN ST BETWEEN 13TH AVE S AND CORWIN PL S,,,1,Property Damage Only Collision,Sideswipe,2,0,0,2,2004/03/10 00:00:00+00,3/10/2004 5:22:00 PM,Mid-Block (not related to intersection),11,"MOTOR VEHICLE STRUCK MOTOR VEHICLE, FRONT END AT ANGLE",,0,Clear,Dry,Daylight,,4070031.0,,11,From same direction - both going straight - both moving - sideswipe,0,0,N
10239,1,-122.3427497,47.61855196,12887,26870,26870,1776788,Matched,Block,,DENNY WAY BETWEEN 7TH NB AVE N AND DEXTER AVE,,,1,Property Damage Only Collision,Sideswipe,2,0,0,2,2004/07/16 00:00:00+00,7/16/2004 8:58:00 AM,Mid-Block (but intersection related),16,"MOTOR VEHICLE STRUCK MOTOR VEHICLE, LEFT SIDE SIDESWIPE",,0,Clear,Dry,Daylight,,4198017.0,,11,From same direction - both going straight - both moving - sideswipe,0,0,N
10240,1,-122.3405249,47.6335923,12888,25750,25750,1198290,Matched,Block,,WESTLAKE AVE N BETWEEN 8TH N AVE N AND BLAINE ST,,,1,Property Damage Only Collision,Parked Car,2,0,0,2,2004/11/30 00:00:00+00,11/30/2004 5:40:00 PM,Mid-Block (not related to intersection),16,"MOTOR VEHICLE STRUCK MOTOR VEHICLE, LEFT SIDE SIDESWIPE",Y,0,Clear,Dry,Dusk,,4335005.0,,32,One parked--one moving,0,0,N
10241,1,-122.33431159999999,47.60846026,12889,25537,25537,1783730,Matched,Block,,UNIVERSITY ST BETWEEN 4TH AVE AND 5TH AVE,,,1,Property Damage Only Collision,Right Turn,2,0,0,2,2004/08/12 00:00:00+00,8/12/2004 5:22:00 PM,Mid-Block (but intersection related),16,"MOTOR VEHICLE STRUCK MOTOR VEHICLE, LEFT SIDE SIDESWIPE",Y,0,Clear,Dry,Daylight,,4225010.0,,16,From same direction - one right turn - one straight,0,0,N
10242,2,-122.2992331,47.71251584,12890,24958,24958,1782198,Matched,Block,,LAKE CITY WAY NE BETWEEN NE 115TH ST AND 27TH AVE NE,,,2,Injury Collision,Rear Ended,2,0,0,2,2004/09/13 00:00:00+00,9/13/2004 3:38:00 PM,Mid-Block (not related to intersection),14,"MOTOR VEHICLE STRUCK MOTOR VEHICLE, REAR END",Y,0,Overcast,Wet,Daylight,,4257008.0,,14,From same direction - both going straight - one stopped - rear-end,0,0,N
10243,1,-122.32155829999999,47.62107111,12891,26102,26102,1788624,Matched,Block,,E THOMAS ST BETWEEN HARVARD AVE E AND BROADWAY E,,,1,Property Damage Only Collision,Angles,2,0,0,2,2004/03/23 00:00:00+00,3/23/2004 3:24:00 PM,Driveway Junction,26,MOTOR VEHICLE STRUCK OBJECT IN ROAD,Y,0,Overcast,Dry,Daylight,,4083001.0,,10,Entering at angle,0,0,N
10244,2,-122.33419369999999,47.57139257,12892,26460,26460,1774896,Matched,Intersection,32340.0,1ST AVE S AND S SPOKANE SR ST,,,2,Injury Collision,Right Turn,2,0,0,2,2004/05/18 00:00:00+00,5/18/2004 1:41:00 PM,At Intersection (intersection related),11,"MOTOR VEHICLE STRUCK MOTOR VEHICLE, FRONT END AT ANGLE",,0,Clear,Dry,Daylight,,4139016.0,,16,From same direction - one right turn - one straight,0,0,N
10245,1,-122.3497912,47.65001037,12893,26853,26853,1793061,Matched,Block,,FREMONT AVE N BETWEEN N 34TH ST AND FREMONT PL N,,,1,Property Damage Only Collision,Sideswipe,4,0,0,2,2004/08/22 00:00:00+00,8/22/2004 4:55:00 PM,Mid-Block (not related to intersection),16,"MOTOR VEHICLE STRUCK MOTOR VEHICLE, LEFT SIDE SIDESWIPE",,0,Overcast,Wet,Daylight,,4235032.0,,11,From same direction - both going straight - both moving - sideswipe,0,0,N
10246,1,-122.3196085,47.61164921,12894,25861,25861,1217228,Matched,Block,,E MADISON ST BETWEEN BROADWAY CT AND 10TH AVE,,,1,Property Damage Only Collision,Parked Car,2,0,0,2,2004/08/16 00:00:00+00,8/16/2004 11:34:00 AM,Mid-Block (not related to intersection),11,"MOTOR VEHICLE STRUCK MOTOR VEHICLE, FRONT END AT ANGLE",,0,Clear,Dry,Daylight,,4229012.0,,32,One parked--one moving,0,0,N
10247,1,,,12895,25545,25545,1213860,Matched,Block,,1ST AVE S BETWEEN 1ST AVS ON N RP AND S ROYAL BROUGHAM WAY,,,1,Property Damage Only Collision,Parked Car,2,0,0,2,2004/06/29 00:00:00+00,6/29/2004 8:54:00 AM,Driveway Junction,11,"MOTOR VEHICLE STRUCK MOTOR VEHICLE, FRONT END AT ANGLE",,0,Clear,Dry,Daylight,,4181032.0,,20,One car leaving parked position,0,0,N
10248,1,-122.3205065,47.53904119,12896,24835,24835,1781534,Matched,Block,,ELLIS AVE S BETWEEN S MYRTLE ST AND EAST MARGINAL WAY S,,,1,Property Damage Only Collision,Angles,2,0,0,2,2004/03/23 00:00:00+00,3/23/2004 6:54:00 PM,Mid-Block (but intersection related),11,"MOTOR VEHICLE STRUCK MOTOR VEHICLE, FRONT END AT ANGLE",,1,Overcast,Wet,Dark - Street Lights On,,4083012.0,,10,Entering at angle,0,0,N
10249,2,-122.3853295,47.65215199,12897,25981,25981,1482480,Matched,Block,,W RUFFNER ST BETWEEN 22ND AVE W AND 23RD AVE W,,,2,Injury Collision,Parked Car,2,0,0,2,2004/07/17 00:00:00+00,7/17/2004 9:45:00 PM,Mid-Block (not related to intersection),15,"MOTOR VEHICLE STRUCK MOTOR VEHICLE, RIGHT SIDE SIDESWIPE",,0,Clear,Dry,Dark - No Street Lights,,4199013.0,,32,One parked--one moving,0,0,N
10250,1,-122.3246152,47.7086028,12898,26303,26303,C649315,Matched,Block,,NE NORTHGATE WAY BETWEEN 3RD AVE NE AND 5TH AVE NE,,,1,Property Damage Only Collision,Other,2,0,0,2,2004/10/14 00:00:00+00,10/14/2004 11:45:00 AM,Driveway Junction,14,"MOTOR VEHICLE STRUCK MOTOR VEHICLE, REAR END",,0,Clear,Dry,Daylight,,4288052.0,,21,One car entering driveway access,0,0,N
10251,1,-122.33707460000001,47.68691868,12900,25732,25732,1080136,Matched,Block,,N 80TH ST BETWEEN DENSMORE E AVE N AND WALLINGFORD AVE N,,,1,Property Damage Only Collision,Parked Car,3,0,0,3,2004/09/05 00:00:00+00,9/5/2004,Mid-Block (not related to intersection),16,"MOTOR VEHICLE STRUCK MOTOR VEHICLE, LEFT SIDE SIDESWIPE",,0,Clear,Dry,Daylight,,4249020.0,Y,32,One parked--one moving,0,0,N
10252,1,-122.2914509,47.72737951,12901,27051,27051,1219816,Matched,Block,,ERICKSON PL NE BETWEEN 35TH AVE NE AND NE 137TH ST,,,1,Property Damage Only Collision,Rear Ended,2,0,0,2,2004/11/09 00:00:00+00,11/9/2004,Mid-Block (not related to intersection),14,"MOTOR VEHICLE STRUCK MOTOR VEHICLE, REAR END",Y,0,Clear,Dry,Daylight,,4314026.0,,14,From same direction - both going straight - one stopped - rear-end,0,0,N
10253,1,-122.3062415,47.592553499999994,12903,25080,25080,1788583,Matched,Block,,20TH AVE S BETWEEN S NORMAN ST AND S JUDKINS ST,,,1,Property Damage Only Collision,Parked Car,2,0,0,2,2004/04/29 00:00:00+00,4/29/2004 12:00:00 PM,Mid-Block (not related to intersection),13,"MOTOR VEHICLE STRUCK MOTOR VEHICLE, LEFT SIDE AT ANGLE",,0,Unknown,Dry,Daylight,,4120019.0,,32,One parked--one moving,0,0,N
10254,1,-122.31195159999999,47.66398823,12905,25986,25986,1774014,Matched,Block,,15TH AVE NE BETWEEN NE 47TH ST AND NE 50TH ST,,,1,Property Damage Only Collision,Rear Ended,3,0,0,3,2004/03/24 00:00:00+00,3/24/2004 3:11:00 PM,Mid-Block (but intersection related),14,"MOTOR VEHICLE STRUCK MOTOR VEHICLE, REAR END",,0,Overcast,Wet,Daylight,,4084013.0,,14,From same direction - both going straight - one stopped - rear-end,0,0,N
10255,1,-122.3322476,47.61542997,12906,26611,26611,1213614,Matched,Block,,TERRY AVE BETWEEN OLIVE WAY AND HOWELL ST,,,1,Property Damage Only Collision,Parked Car,2,0,0,2,2004/08/31 00:00:00+00,8/31/2004 3:00:00 PM,Mid-Block (not related to intersection),11,"MOTOR VEHICLE STRUCK MOTOR VEHICLE, FRONT END AT ANGLE",,0,Clear,Dry,Daylight,,4244036.0,,32,One parked--one moving,0,0,N
10256,1,-122.3306308,47.60901487,12907,24986,24986,1198206,Matched,Intersection,29915.0,HUBBELL PL AND SENECA ST,,,1,Property Damage Only Collision,Angles,2,0,0,2,2004/10/28 00:00:00+00,10/28/2004 3:13:00 PM,At Intersection (intersection related),11,"MOTOR VEHICLE STRUCK MOTOR VEHICLE, FRONT END AT ANGLE",,0,Overcast,Dry,Daylight,,4302040.0,,10,Entering at angle,0,0,N
10257,1,-122.2859912,47.661262799999996,12909,24912,24912,1780988,Matched,Block,,NE 45TH ST BETWEEN SAND POINT WAY NE AND 40TH AVE NE,,,1,Property Damage Only Collision,Rear Ended,6,0,0,2,2004/02/04 00:00:00+00,2/4/2004,Mid-Block (but intersection related),14,"MOTOR VEHICLE STRUCK MOTOR VEHICLE, REAR END",Y,0,Raining,Wet,Daylight,,4035027.0,,14,From same direction - both going straight - one stopped - rear-end,0,0,N
10258,2,,,12911,26173,26173,1784805,Matched,,,,NEI,"Not Enough Information, or Insufficient Location Information",2,Injury Collision,Rear Ended,2,0,0,2,2004/04/08 00:00:00+00,4/8/2004,,0,NOT ENOUGH INFORMATION / NOT APPLICABLE,,0,Clear,Dry,Daylight,,4099048.0,,14,From same direction - both going straight - one stopped - rear-end,0,0,N
10259,1,-122.33622079999999,47.55191693,12913,25891,25891,1775097,Matched,Intersection,33039.0,EAST MARGINAL WAY S AND S ORCAS ST,,,1,Property Damage Only Collision,Left Turn,2,0,0,2,2004/01/28 00:00:00+00,1/28/2004 4:58:00 PM,At Intersection (intersection related),11,"MOTOR VEHICLE STRUCK MOTOR VEHICLE, FRONT END AT ANGLE",,0,Raining,Wet,Daylight,,4028018.0,,28,From opposite direction - one left turn - one straight,0,0,N
10260,1,-122.32173700000001,47.59918458,12914,25682,25682,1777035,Matched,Block,,S JACKSON ST BETWEEN 8TH AVE S AND 9TH AVE S,,,1,Property Damage Only Collision,Rear Ended,2,0,0,2,2004/03/01 00:00:00+00,3/1/2004,Mid-Block (but intersection related),14,"MOTOR VEHICLE STRUCK MOTOR VEHICLE, REAR END",,0,Clear,Dry,Daylight,,4061027.0,,14,From same direction - both going straight - one stopped - rear-end,0,0,N
10261,2,-122.37673500000001,47.65399274,12915,27031,27031,C646035,Matched,Block,,W EMERSON ST BETWEEN 15TH AVE W AND 15TH EMERSON RP,,,2,Injury Collision,Left Turn,2,0,0,2,2004/07/06 00:00:00+00,7/6/2004,Mid-Block (but intersection related),11,"MOTOR VEHICLE STRUCK MOTOR VEHICLE, FRONT END AT ANGLE",,0,Overcast,Wet,Daylight,,4188056.0,,28,From opposite direction - one left turn - one straight,0,0,N
10262,1,-122.2980791,47.71203056,12916,24960,24960,1782284,Matched,Block,,NE 115TH ST BETWEEN 28TH W AVE NE AND 28TH E AVE NE,,,1,Property Damage Only Collision,Parked Car,2,0,0,2,2004/10/02 00:00:00+00,10/2/2004,Mid-Block (not related to intersection),16,"MOTOR VEHICLE STRUCK MOTOR VEHICLE, LEFT SIDE SIDESWIPE",,0,Clear,Dry,Dark - Street Lights On,,4276018.0,,32,One parked--one moving,0,0,N
10263,1,-122.30893059999998,47.60802615,12917,26245,26245,1789852,Matched,Intersection,30178.0,18TH AVE AND E CHERRY ST,,,1,Property Damage Only Collision,Pedestrian,2,1,0,1,2004/01/26 00:00:00+00,1/26/2004 7:54:00 PM,At Intersection (intersection related),24,MOTOR VEHCILE STRUCK PEDESTRIAN,,0,Overcast,Dry,Dark - Street Lights On,,4026006.0,,0,Vehicle going straight hits pedestrian,0,0,N
10264,1,-122.3269703,47.60462518,12918,26468,26468,1772127,Matched,Intersection,29962.0,7TH AVE AND JAMES ST,,,1,Property Damage Only Collision,Angles,2,0,0,2,2004/07/21 00:00:00+00,7/21/2004 10:30:00 AM,At Intersection (intersection related),11,"MOTOR VEHICLE STRUCK MOTOR VEHICLE, FRONT END AT ANGLE",,0,Clear,Dry,Daylight,,4203004.0,,10,Entering at angle,0,0,N
10265,2,,,12920,25435,25435,1783784,Matched,Intersection,29716.0,ALASKAN WY VI SB AND BATTERY ST TUNNEL SB,,,2,Injury Collision,Rear Ended,2,0,0,2,2004/08/10 00:00:00+00,8/10/2004 8:25:00 AM,At Intersection (intersection related),14,"MOTOR VEHICLE STRUCK MOTOR VEHICLE, REAR END",,0,Clear,Dry,Daylight,,4223007.0,,13,From same direction - both going straight - both moving - rear-end,0,0,N
10266,2,-122.35283940000001,47.61859204,12922,25209,25209,1482266,Matched,Intersection,29660.0,2ND AVE AND DENNY WAY,,,2,Injury Collision,Head On,3,0,0,2,2004/05/18 00:00:00+00,5/18/2004 11:25:00 AM,At Intersection (intersection related),11,"MOTOR VEHICLE STRUCK MOTOR VEHICLE, FRONT END AT ANGLE",,0,Clear,Dry,Daylight,,4139026.0,,24,From opposite direction - both moving - head-on,0,0,N
10267,2,-122.3636233,47.62291347,12923,26216,26216,1777295,Matched,Block,,ELLIOTT AVE W BETWEEN W HARRISON ST AND 6TH AVE W,,,2,Injury Collision,Parked Car,2,0,0,2,2004/05/07 00:00:00+00,5/7/2004,Mid-Block (not related to intersection),14,"MOTOR VEHICLE STRUCK MOTOR VEHICLE, REAR END",Y,0,Raining,Wet,Dawn,,4128042.0,,32,One parked--one moving,0,0,N
10268,2,-122.32168490000002,47.65104872,12924,26126,26126,1789685,Matched,Block,,EASTLAKE AVE E BETWEEN HARVARD AVE E AND FUHRMAN AVE E,,,2,Injury Collision,Cycles,2,0,1,1,2004/06/05 00:00:00+00,6/5/2004,Driveway Junction,51,PEDALCYCLIST STRUCK MOTOR VEHICLE FRONT END AT ANGLE,,0,Raining,Dry,Daylight,,4157002.0,,45,Vehicle - Pedalcyclist,0,0,N
10269,2,-122.28350379999999,47.60527829,12925,27049,27049,1217190,Matched,Block,,LAKE WASHINGTON BLVD BETWEEN E TERRACE ST AND E JEFFERSON ST,,,2,Injury Collision,Cycles,2,0,1,1,2004/08/14 00:00:00+00,8/14/2004 6:55:00 AM,Mid-Block (not related to intersection),18,"MOTOR VEHICLE STRUCK PEDALCYCLIST, FRONT END AT ANGLE",,0,Clear,Dry,Daylight,,4227006.0,,45,Vehicle - Pedalcyclist,0,0,N
10270,1,-122.31743529999999,47.68051606,12927,25778,25778,1793869,Matched,Block,,ROOSEVELT WAY NE BETWEEN NE 71ST ST AND NE 72ND ST,,,1,Property Damage Only Collision,Other,2,0,0,2,2004/09/08 00:00:00+00,9/8/2004,Driveway Junction,11,"MOTOR VEHICLE STRUCK MOTOR VEHICLE, FRONT END AT ANGLE",,0,Clear,Dry,Dusk,,4252030.0,,22,One car leaving driveway access,0,0,N
10271,1,,,12928,25195,25195,1798283,Matched,Alley,,,,,1,Property Damage Only Collision,Parked Car,2,0,0,2,2004/08/10 00:00:00+00,8/10/2004 7:14:00 PM,,0,NOT ENOUGH INFORMATION / NOT APPLICABLE,,0,Clear,Dry,Daylight,,4223013.0,,32,One parked--one moving,0,0,N
10272,1,-122.37419369999999,47.5640756,12929,26337,26337,1790272,Matched,Block,,SW AVALON WAY BETWEEN SW GENESEE ST AND 35TH AVE SW,,,1,Property Damage Only Collision,Other,3,0,0,2,2004/08/26 00:00:00+00,8/26/2004 7:34:00 PM,Driveway Junction,11,"MOTOR VEHICLE STRUCK MOTOR VEHICLE, FRONT END AT ANGLE",,0,Clear,Dry,Daylight,,4239011.0,,22,One car leaving driveway access,0,0,N
10273,1,-122.33223319999999,47.59828868,12930,26165,26165,1069789,Matched,Block,,S KING ST BETWEEN OCCIDENTAL E AVE S AND 2ND AVE S,,,1,Property Damage Only Collision,Other,5,0,0,2,2004/12/24 00:00:00+00,12/24/2004 12:36:00 AM,Mid-Block (but intersection related),16,"MOTOR VEHICLE STRUCK MOTOR VEHICLE, LEFT SIDE SIDESWIPE",,0,Clear,Dry,Dark - Street Lights On,,4359021.0,,21,One car entering driveway access,0,0,N
10274,1,-122.33179809999999,47.60655275,12931,26730,26730,1784818,Matched,Intersection,29948.0,5TH AVE AND MADISON ST,,,1,Property Damage Only Collision,Angles,2,0,0,2,2004/10/03 00:00:00+00,10/3/2004,At Intersection (intersection related),11,"MOTOR VEHICLE STRUCK MOTOR VEHICLE, FRONT END AT ANGLE",,0,Clear,Dry,Daylight,,4277032.0,,10,Entering at angle,0,0,N
10275,1,-122.3810581,47.67930032,12932,25463,25463,1212250,Matched,Block,,19TH AVE NW BETWEEN NW SLOOP PL AND NW 70TH ST,,,1,Property Damage Only Collision,Parked Car,2,0,0,2,2004/04/26 00:00:00+00,4/26/2004 2:20:00 AM,Mid-Block (not related to intersection),11,"MOTOR VEHICLE STRUCK MOTOR VEHICLE, FRONT END AT ANGLE",,0,Clear,Dry,Dark - Street Lights On,,4117022.0,,32,One parked--one moving,0,0,N
10276,1,-122.3327989,47.61183846,12933,25391,25391,1213755,Matched,Block,,PIKE ST BETWEEN 7TH AVE AND 8TH AVE,,,1,Property Damage Only Collision,Right Turn,2,0,0,2,2004/03/23 00:00:00+00,3/23/2004 4:09:00 PM,Mid-Block (but intersection related),14,"MOTOR VEHICLE STRUCK MOTOR VEHICLE, REAR END",Y,0,Clear,Dry,Daylight,,4083004.0,,16,From same direction - one right turn - one straight,0,0,N
10277,1,-122.3046603,47.62481033,12935,25966,25966,1772197,Matched,Block,,21ST AVE E BETWEEN E MERCER ST AND E ROY ST,,,1,Property Damage Only Collision,Parked Car,2,0,0,2,2004/07/13 00:00:00+00,7/13/2004 6:35:00 PM,Mid-Block (not related to intersection),16,"MOTOR VEHICLE STRUCK MOTOR VEHICLE, LEFT SIDE SIDESWIPE",Y,0,Clear,Dry,Daylight,,4195013.0,,32,One parked--one moving,0,0,N
10278,2,-122.33937579999998,47.61853819,12936,26147,26147,1776216,Matched,Intersection,29511.0,9TH AVE AND DENNY WAY,,,2,Injury Collision,Right Turn,2,0,0,2,2004/08/16 00:00:00+00,8/16/2004 7:39:00 PM,At Intersection (intersection related),11,"MOTOR VEHICLE STRUCK MOTOR VEHICLE, FRONT END AT ANGLE",,0,Clear,Dry,Dusk,,4229019.0,,16,From same direction - one right turn - one straight,0,0,N
10279,1,-122.3392598,47.56853887,12937,26982,26982,1186681,Matched,Block,,ALASKAN WY VI NB BETWEEN EAST MARGINAL WAY S AND ALASKAN WY VI NB ON RP,,,1,Property Damage Only Collision,Other,1,0,0,1,2004/06/27 00:00:00+00,6/27/2004 10:27:00 AM,Mid-Block (not related to intersection),26,MOTOR VEHICLE STRUCK OBJECT IN ROAD,,0,Clear,Dry,Daylight,,4179005.0,,50,Fixed object,0,0,N