,SEVERITYCODE,X,Y,OBJECTID,INCKEY,COLDETKEY,REPORTNO,STATUS,ADDRTYPE,INTKEY,LOCATION,EXCEPTRSNCODE,EXCEPTRSNDESC,SEVERITYCODE.1,SEVERITYDESC,COLLISIONTYPE,PERSONCOUNT,PEDCOUNT,PEDCYLCOUNT,VEHCOUNT,INCDATE,INCDTTM,JUNCTIONTYPE,SDOT_COLCODE,SDOT_COLDESC,INATTENTIONIND,UNDERINFL,WEATHER,ROADCOND,LIGHTCOND,PEDROWNOTGRNT,SDOTCOLNUM,SPEEDING,ST_COLCODE,ST_COLDESC,SEGLANEKEY,CROSSWALKKEY,HITPARKEDCAR
10280,2,-122.3766045,47.535567900000004,12938,25346,25346,1789427,Matched,Intersection,34043.0,35TH AVE SW AND SW WEBSTER ST,,,2,Injury Collision,Left Turn,3,0,0,3,2004/08/27 00:00:00+00,8/27/2004 11:45:00 AM,At Intersection (intersection related),11,"MOTOR VEHICLE STRUCK MOTOR VEHICLE, FRONT END AT ANGLE",,0,Clear,Dry,Daylight,,4240024.0,,28,From opposite direction - one left turn - one straight,0,0,N
10281,1,-122.3119966,47.67904809,12939,26351,26351,1220076,Matched,Block,,15TH AVE NE BETWEEN NE 69TH ST AND NE 70TH ST,,,1,Property Damage Only Collision,Parked Car,3,0,0,3,2004/08/29 00:00:00+00,8/29/2004 2:30:00 PM,Mid-Block (not related to intersection),16,"MOTOR VEHICLE STRUCK MOTOR VEHICLE, LEFT SIDE SIDESWIPE",Y,0,Clear,Dry,Daylight,,4242021.0,,32,One parked--one moving,0,0,N
10282,1,-122.2919212,47.57964696,12943,25919,25919,1469296,Matched,Intersection,31476.0,32ND AVE S AND S LANDER ST,,,1,Property Damage Only Collision,Angles,2,0,0,2,2004/03/11 00:00:00+00,3/11/2004 8:23:00 AM,At Intersection (intersection related),11,"MOTOR VEHICLE STRUCK MOTOR VEHICLE, FRONT END AT ANGLE",,0,Clear,Dry,Daylight,,4071014.0,,10,Entering at angle,0,0,N
10283,1,-122.2999923,47.7112321,12944,25043,25043,1773990,Matched,Block,,LAKE CITY WAY NE BETWEEN NE NORTHGATE WAY AND NE 115TH ST,,,1,Property Damage Only Collision,Rear Ended,2,0,0,2,2004/06/07 00:00:00+00,6/7/2004,Mid-Block (not related to intersection),14,"MOTOR VEHICLE STRUCK MOTOR VEHICLE, REAR END",,0,Clear,Dry,Daylight,,4159007.0,,14,From same direction - both going straight - one stopped - rear-end,0,0,N
10284,2,-122.2961163,47.61889933,12945,26051,26051,1786895,Matched,Intersection,29288.0,M L KING JR WAY AND E DENNY WAY,,,2,Injury Collision,Angles,3,0,0,2,2004/07/12 00:00:00+00,7/12/2004 2:17:00 PM,At Intersection (intersection related),11,"MOTOR VEHICLE STRUCK MOTOR VEHICLE, FRONT END AT ANGLE",,0,Clear,Dry,Daylight,,4194020.0,,10,Entering at angle,0,0,N
10285,1,-122.3174136,47.66402754,12946,25571,25571,1318319,Matched,Block,,ROOSEVELT WAY NE BETWEEN NE 47TH ST AND NE 50TH ST,,,1,Property Damage Only Collision,Parked Car,2,0,0,2,2004/05/18 00:00:00+00,5/18/2004 4:51:00 PM,Mid-Block (not related to intersection),11,"MOTOR VEHICLE STRUCK MOTOR VEHICLE, FRONT END AT ANGLE",,0,Clear,Dry,Daylight,,4139032.0,,32,One parked--one moving,0,0,N
10286,2,-122.3375848,47.72685452,12947,25726,25726,1782713,Matched,Block,,N 135TH ST BETWEEN DENSMORE AVE N AND WALLINGFORD AVE N,,,2,Injury Collision,Other,6,0,0,2,2004/05/24 00:00:00+00,5/24/2004 12:30:00 PM,Mid-Block (not related to intersection),11,"MOTOR VEHICLE STRUCK MOTOR VEHICLE, FRONT END AT ANGLE",,0,Clear,Dry,Daylight,,4145015.0,,23,From same direction - all others,0,0,N
10287,2,-122.33240149999999,47.67669046,12948,25667,25667,1781913,Matched,Block,,EAST GREEN LAKE WAY N BETWEEN N 65TH ST AND N 66TH ST,,,2,Injury Collision,Head On,4,0,0,3,2004/08/01 00:00:00+00,8/1/2004,Mid-Block (not related to intersection),11,"MOTOR VEHICLE STRUCK MOTOR VEHICLE, FRONT END AT ANGLE",,0,Clear,Dry,Daylight,,4214012.0,,24,From opposite direction - both moving - head-on,0,0,N
10288,1,-122.2960274,47.59331721,12949,25229,25229,1771986,Matched,Block,,S NORMAN ST BETWEEN 28TH AVE S AND 29TH AVE S,,,1,Property Damage Only Collision,Parked Car,6,0,0,2,2004/04/16 00:00:00+00,4/16/2004 5:11:00 PM,Mid-Block (but intersection related),16,"MOTOR VEHICLE STRUCK MOTOR VEHICLE, LEFT SIDE SIDESWIPE",,0,Clear,Dry,Daylight,,4107050.0,,32,One parked--one moving,0,0,N
10289,1,-122.3419821,47.61421489,12950,26372,26372,1777064,Matched,Block,,4TH AVE BETWEEN LENORA ST AND BLANCHARD ST,,,1,Property Damage Only Collision,Sideswipe,7,0,0,2,2004/06/02 00:00:00+00,6/2/2004,Mid-Block (not related to intersection),11,"MOTOR VEHICLE STRUCK MOTOR VEHICLE, FRONT END AT ANGLE",,0,Clear,Dry,Daylight,,4154008.0,,11,From same direction - both going straight - both moving - sideswipe,0,0,N
10290,2,-122.2904712,47.56076158,12951,26418,26418,1771663,Matched,Block,,S ALASKA ST BETWEEN 33RD AVE S AND 34TH AVE S,,,2,Injury Collision,Rear Ended,3,0,0,3,2004/03/12 00:00:00+00,3/12/2004 5:33:00 PM,Mid-Block (not related to intersection),14,"MOTOR VEHICLE STRUCK MOTOR VEHICLE, REAR END",Y,0,Clear,Dry,Daylight,,4072003.0,,14,From same direction - both going straight - one stopped - rear-end,0,0,N
10291,1,-122.3119892,47.67868804,12953,25496,25496,1773894,Matched,Intersection,24470.0,15TH AVE NE AND NE 69TH ST,,,1,Property Damage Only Collision,Angles,2,0,0,2,2004/03/26 00:00:00+00,3/26/2004 12:12:00 PM,At Intersection (intersection related),11,"MOTOR VEHICLE STRUCK MOTOR VEHICLE, FRONT END AT ANGLE",,0,Overcast,Dry,Daylight,,4086037.0,,10,Entering at angle,0,0,N
10292,1,-122.326206,47.64562409,12954,26344,26344,1788669,Matched,Block,,E HAMLIN ST BETWEEN YALE TER E AND EASTLAKE AVE E,,,1,Property Damage Only Collision,Other,2,0,0,2,2004/02/20 00:00:00+00,2/20/2004 3:00:00 PM,Driveway Junction,11,"MOTOR VEHICLE STRUCK MOTOR VEHICLE, FRONT END AT ANGLE",,0,Clear,Dry,Daylight,,4051016.0,,21,One car entering driveway access,0,0,N
10293,2,-122.3555406,47.72050806,12955,26858,26858,1781819,Matched,Block,,GREENWOOD AVE N BETWEEN N 125TH ST AND N 127TH ST,,,2,Injury Collision,Rear Ended,7,0,0,4,2004/08/06 00:00:00+00,8/6/2004,Mid-Block (not related to intersection),14,"MOTOR VEHICLE STRUCK MOTOR VEHICLE, REAR END",,0,Raining,Wet,Daylight,,4219013.0,Y,13,From same direction - both going straight - both moving - rear-end,0,0,N
10294,1,-122.33216200000001,47.54538813,12957,26588,26588,1568232,Matched,Block,,EAST MARGINAL WAY S BETWEEN S FRONT ST AND S MICHIGAN ST,,,1,Property Damage Only Collision,Other,1,0,0,1,2004/02/07 00:00:00+00,2/7/2004,Mid-Block (not related to intersection),26,MOTOR VEHICLE STRUCK OBJECT IN ROAD,,0,Overcast,Wet,Dark - Street Lights On,,4038003.0,Y,50,Fixed object,0,0,N
10295,1,-122.28881609999999,47.57376736,12958,25755,25755,1779482,Matched,Intersection,32631.0,35TH AVE S AND S HORTON ST,,,1,Property Damage Only Collision,Angles,2,0,0,2,2004/01/16 00:00:00+00,1/16/2004 12:30:00 PM,At Intersection (intersection related),11,"MOTOR VEHICLE STRUCK MOTOR VEHICLE, FRONT END AT ANGLE",,0,Clear,Dry,Daylight,,4016013.0,Y,10,Entering at angle,0,0,N
10296,1,-122.37359170000002,47.66570139,12959,25840,25840,1080210,Matched,Intersection,25439.0,14TH AVE NW AND NW 51ST ST,,,1,Property Damage Only Collision,Angles,2,0,0,2,2004/09/22 00:00:00+00,9/22/2004 3:31:00 PM,At Intersection (intersection related),11,"MOTOR VEHICLE STRUCK MOTOR VEHICLE, FRONT END AT ANGLE",,0,Raining,Wet,Daylight,,4266047.0,,10,Entering at angle,0,0,N
10297,1,-122.33420020000001,47.58085454,12960,25974,25974,1069461,Matched,Block,,1ST AVE S BETWEEN S STACY ST AND S LANDER ST,,,1,Property Damage Only Collision,Parked Car,2,0,0,2,2004/12/01 00:00:00+00,12/1/2004,Driveway Junction,14,"MOTOR VEHICLE STRUCK MOTOR VEHICLE, REAR END",,0,Clear,Dry,Daylight,,4336030.0,,32,One parked--one moving,0,0,N
10298,1,-122.3248983,47.61774367,12961,26010,26010,1785484,Matched,Block,,E HOWELL ST BETWEEN SUMMIT E AVE AND BELMONT AVE,,,1,Property Damage Only Collision,Parked Car,2,0,0,2,2004/10/11 00:00:00+00,10/11/2004 1:17:00 PM,Driveway Junction,14,"MOTOR VEHICLE STRUCK MOTOR VEHICLE, REAR END",,0,Unknown,Unknown,Unknown,,4285023.0,,32,One parked--one moving,0,0,N
10299,1,-122.33147040000001,47.65312018,12962,25725,25725,1782459,Matched,Intersection,27260.0,CORLISS AVE N AND N 38TH ST,,,1,Property Damage Only Collision,Angles,2,0,0,2,2004/04/20 00:00:00+00,4/20/2004 5:20:00 PM,At Intersection (intersection related),11,"MOTOR VEHICLE STRUCK MOTOR VEHICLE, FRONT END AT ANGLE",,0,Clear,Dry,Daylight,,4111015.0,,10,Entering at angle,0,0,N
10300,1,-122.32819679999999,47.61650943,12963,26628,26628,1790102,Matched,Block,,OLIVE WAY BETWEEN OLIVE WY ON RP AND MELROSE AVE,,,1,Property Damage Only Collision,Rear Ended,2,0,0,2,2004/03/05 00:00:00+00,3/5/2004,Mid-Block (but intersection related),14,"MOTOR VEHICLE STRUCK MOTOR VEHICLE, REAR END",,0,Raining,Wet,Daylight,,4065040.0,,73,Same direction -- both turning right -- both moving -- rear end,0,0,N
10301,1,-122.3350727,47.53452728,12964,25660,25660,1670079,Matched,Block,,2ND AV SW OFF RP BETWEEN SR509 SB AND 2ND AV SW TURN RD,,,1,Property Damage Only Collision,Other,1,0,0,1,2004/09/26 00:00:00+00,9/26/2004 12:55:00 AM,Mid-Block (not related to intersection),28,MOTOR VEHICLE RAN OFF ROAD - HIT FIXED OBJECT,,1,Clear,Dry,Dark - Street Lights On,,4270035.0,Y,50,Fixed object,0,0,N
10302,2,-122.3036196,47.62021304,12966,26224,26224,1786946,Matched,Intersection,29379.0,22ND AVE E AND E JOHN ST,,,2,Injury Collision,Angles,2,0,0,2,2004/01/14 00:00:00+00,1/14/2004 11:25:00 AM,At Intersection (intersection related),11,"MOTOR VEHICLE STRUCK MOTOR VEHICLE, FRONT END AT ANGLE",,0,Raining,Wet,Daylight,,4014045.0,,10,Entering at angle,0,0,N
10303,1,-122.3203938,47.65271932,12967,26413,26413,1189624,Matched,Block,,UNIVERSITY BR BETWEEN POINT A AND POINT B,,,1,Property Damage Only Collision,Rear Ended,6,0,0,2,2004/07/17 00:00:00+00,7/17/2004 6:22:00 PM,Mid-Block (not related to intersection),14,"MOTOR VEHICLE STRUCK MOTOR VEHICLE, REAR END",,0,Clear,Dry,Daylight,,4199020.0,,13,From same direction - both going straight - both moving - rear-end,0,0,N
10304,1,-122.3016071,47.66665144,12968,26615,26615,1220452,Matched,Block,,RAVENNA PL NE BETWEEN NE BLAKELEY ST AND 24TH AVE NE,,,1,Property Damage Only Collision,Parked Car,2,0,0,2,2004/08/09 00:00:00+00,8/9/2004,Driveway Junction,11,"MOTOR VEHICLE STRUCK MOTOR VEHICLE, FRONT END AT ANGLE",,0,Clear,Dry,Daylight,,4222036.0,,32,One parked--one moving,0,0,N
10305,1,-122.32760259999998,47.63595465,12969,25133,25133,1080157,Matched,Block,,FAIRVIEW AVE E BETWEEN E BLAINE ST AND E NEWTON ST,,,1,Property Damage Only Collision,Parked Car,2,0,0,2,2004/08/19 00:00:00+00,8/19/2004 1:00:00 PM,Mid-Block (not related to intersection),12,"MOTOR VEHICLE STRUCK MOTOR VEHICLE, RIGHT SIDE AT ANGLE",,0,Clear,Dry,Daylight,,4232036.0,,32,One parked--one moving,0,0,N
10306,1,-122.32085409999999,47.65589325,12970,25897,25897,C649752,Matched,Intersection,27114.0,7TH AVE NE AND NE 40TH ST,,,1,Property Damage Only Collision,Angles,2,0,0,2,2004/12/16 00:00:00+00,12/16/2004 7:20:00 PM,At Intersection (intersection related),11,"MOTOR VEHICLE STRUCK MOTOR VEHICLE, FRONT END AT ANGLE",,0,Raining,Wet,Dark - Street Lights On,,4351037.0,,10,Entering at angle,0,0,N
10307,1,-122.35541940000002,47.62268599,12971,25190,25190,1213718,Matched,Block,,1ST AVE N BETWEEN HARRISON ST AND REPUBLICAN ST,,,1,Property Damage Only Collision,Other,2,0,0,2,2004/07/20 00:00:00+00,7/20/2004 4:52:00 PM,Driveway Junction,11,"MOTOR VEHICLE STRUCK MOTOR VEHICLE, FRONT END AT ANGLE",,0,Clear,Dry,Daylight,,4202008.0,,21,One car entering driveway access,0,0,N
10308,1,-122.32607279999999,47.7323083,12972,26434,26434,1782765,Matched,Block,,4TH AVE NE BETWEEN NE 140TH ST AND NE 145TH ST,,,1,Property Damage Only Collision,Parked Car,2,0,0,2,2004/06/28 00:00:00+00,6/28/2004 2:30:00 PM,Driveway Junction,11,"MOTOR VEHICLE STRUCK MOTOR VEHICLE, FRONT END AT ANGLE",,0,Clear,Dry,Daylight,,4180032.0,,32,One parked--one moving,0,0,N
10309,2,-122.2966582,47.66124886,12974,25745,25745,1780991,Matched,Intersection,288752.0,U VILLAGE DR AND NE 45TH ST,,,2,Injury Collision,Other,3,0,0,3,2004/05/25 00:00:00+00,5/25/2004 6:55:00 AM,At Intersection (intersection related),11,"MOTOR VEHICLE STRUCK MOTOR VEHICLE, FRONT END AT ANGLE",,0,Clear,Dry,Daylight,,4146024.0,,21,One car entering driveway access,0,0,N
10310,2,-122.29531899999999,47.71913381,12975,25402,25402,1212048,Matched,Block,,LAKE CITY WAY NE BETWEEN 31ST AVE NE AND NE 125TH ST,,,2,Injury Collision,Rear Ended,2,0,0,2,2004/07/19 00:00:00+00,7/19/2004 10:22:00 AM,Mid-Block (not related to intersection),14,"MOTOR VEHICLE STRUCK MOTOR VEHICLE, REAR END",,0,Clear,Dry,Daylight,,4201010.0,,13,From same direction - both going straight - both moving - rear-end,0,0,N
10311,2,-122.33484140000002,47.52232233,12977,26382,26382,1795356,Matched,Intersection,34989.0,1ST AVE S AND OLSON PL SW,,,2,Injury Collision,Angles,3,0,0,2,2004/11/25 00:00:00+00,11/25/2004 1:54:00 PM,At Intersection (intersection related),11,"MOTOR VEHICLE STRUCK MOTOR VEHICLE, FRONT END AT ANGLE",,0,Raining,Wet,Daylight,,4330008.0,,10,Entering at angle,0,0,N
10312,1,-122.368609,47.66569471,12978,26001,26001,1794752,Matched,Intersection,25441.0,9TH AVE NW AND NW 51ST ST,,,1,Property Damage Only Collision,Angles,3,0,0,2,2004/09/24 00:00:00+00,9/24/2004 12:36:00 PM,At Intersection (intersection related),11,"MOTOR VEHICLE STRUCK MOTOR VEHICLE, FRONT END AT ANGLE",,0,Clear,Dry,Daylight,,4268019.0,,10,Entering at angle,0,0,N
10313,1,-122.3039436,47.59927028,12979,26848,26848,1788649,Matched,Block,,S JACKSON ST BETWEEN 20TH PL S AND 22ND AVE S,,,1,Property Damage Only Collision,Rear Ended,2,0,0,2,2004/02/26 00:00:00+00,2/26/2004 2:04:00 PM,Mid-Block (not related to intersection),14,"MOTOR VEHICLE STRUCK MOTOR VEHICLE, REAR END",,0,Overcast,Dry,Daylight,,4057011.0,,14,From same direction - both going straight - one stopped - rear-end,0,0,N
10314,1,-122.29517779999999,47.57445453,12980,25927,25927,1779062,Matched,Block,,RAINIER AVE S BETWEEN S HANFORD ST AND S BYRON ST,,,1,Property Damage Only Collision,Other,5,0,0,2,2004/02/07 00:00:00+00,2/7/2004,Driveway Junction,11,"MOTOR VEHICLE STRUCK MOTOR VEHICLE, FRONT END AT ANGLE",,0,Overcast,Dry,Daylight,,4038013.0,,22,One car leaving driveway access,0,0,N
10315,2,-122.2804747,47.5353175,12981,25211,25211,1772831,Matched,Block,,RENTON AVE S BETWEEN M L KING JR ER S WAY S AND S WEBSTER W ST,,,2,Injury Collision,Rear Ended,5,0,0,2,2004/04/17 00:00:00+00,4/17/2004 2:30:00 PM,Mid-Block (but intersection related),14,"MOTOR VEHICLE STRUCK MOTOR VEHICLE, REAR END",,0,Clear,Dry,Daylight,,4108012.0,,14,From same direction - both going straight - one stopped - rear-end,0,0,N
10316,2,-122.3394075,47.57642438,12982,26217,26217,1777414,Matched,Block,,ALASKAN WY VI SB BETWEEN S LANDER ST AND ALASKAN WY VI SB WSB WB OFF RP,,,2,Injury Collision,Rear Ended,2,0,0,2,2004/04/22 00:00:00+00,4/22/2004 2:35:00 PM,Mid-Block (not related to intersection),14,"MOTOR VEHICLE STRUCK MOTOR VEHICLE, REAR END",,0,Clear,Dry,Daylight,,4113028.0,,13,From same direction - both going straight - both moving - rear-end,0,0,N
10317,1,-122.3559338,47.55472371,12983,25424,25424,1774840,Matched,Block,,17TH AVE SW BETWEEN SW DAWSON ST AND SW BRANDON ST,,,1,Property Damage Only Collision,Parked Car,2,0,0,2,2004/03/24 00:00:00+00,3/24/2004 2:00:00 AM,Mid-Block (not related to intersection),16,"MOTOR VEHICLE STRUCK MOTOR VEHICLE, LEFT SIDE SIDESWIPE",,0,Raining,Wet,Dark - Street Lights On,,4084004.0,,32,One parked--one moving,0,0,N
10318,2,-122.38679450000001,47.59514845,12984,27044,27044,1789118,Matched,Block,,ALKI AVE SW BETWEEN HARBOR AVE SW AND SW RHODE ISLAND ST,,,2,Injury Collision,Rear Ended,6,0,0,3,2004/06/06 00:00:00+00,6/6/2004,Mid-Block (not related to intersection),14,"MOTOR VEHICLE STRUCK MOTOR VEHICLE, REAR END",,0,Overcast,Wet,Daylight,,4158018.0,,14,From same direction - both going straight - one stopped - rear-end,0,0,N
10319,2,-122.3011629,47.67577382,12986,25946,25946,1793812,Matched,Block,,NE 65TH ST BETWEEN 24TH AVE NE AND 25TH AVE NE,,,2,Injury Collision,Parked Car,3,0,0,2,2004/09/14 00:00:00+00,9/14/2004 7:27:00 AM,Mid-Block (not related to intersection),14,"MOTOR VEHICLE STRUCK MOTOR VEHICLE, REAR END",Y,0,Clear,Dry,Daylight,,4258017.0,,32,One parked--one moving,0,0,N
10320,1,-122.3337568,47.608692600000005,12987,25038,25038,1213008,Matched,Intersection,29930.0,5TH AVE AND UNIVERSITY ST,,,1,Property Damage Only Collision,Angles,2,0,0,2,2004/05/06 00:00:00+00,5/6/2004,At Intersection (intersection related),11,"MOTOR VEHICLE STRUCK MOTOR VEHICLE, FRONT END AT ANGLE",,0,Clear,Dry,Dark - Street Lights On,,4127003.0,,10,Entering at angle,0,0,N
10321,1,-122.3223993,47.63451061,12989,26511,26511,1772302,Matched,Intersection,28277.0,LAKEVIEW BLVD E AND E GARFIELD ST,,,1,Property Damage Only Collision,Other,5,0,0,2,2004/04/25 00:00:00+00,4/25/2004 12:30:00 AM,At Intersection (intersection related),11,"MOTOR VEHICLE STRUCK MOTOR VEHICLE, FRONT END AT ANGLE",,0,Clear,Dry,Dark - Street Lights On,,4116041.0,,23,From same direction - all others,0,0,N
10322,1,-122.3452133,47.61260646,12990,25741,25741,1777522,Matched,Intersection,29703.0,1ST AVE AND BLANCHARD ST,,,1,Property Damage Only Collision,Right Turn,2,0,0,2,2004/06/12 00:00:00+00,6/12/2004 9:18:00 PM,At Intersection (intersection related),11,"MOTOR VEHICLE STRUCK MOTOR VEHICLE, FRONT END AT ANGLE",,0,Raining,Wet,Dark - Street Lights On,,4164022.0,,16,From same direction - one right turn - one straight,0,0,N
10323,2,-122.32845800000001,47.61296791,12991,25821,25821,1210535,Matched,Block,,BOREN AVE BETWEEN UNION ST AND PIKE ST,,,2,Injury Collision,Rear Ended,2,0,0,2,2004/01/02 00:00:00+00,1/2/2004,Mid-Block (but intersection related),14,"MOTOR VEHICLE STRUCK MOTOR VEHICLE, REAR END",,0,Overcast,Wet,Daylight,,4002043.0,,14,From same direction - both going straight - one stopped - rear-end,0,0,N
10324,1,-122.36363259999999,47.5456968,12993,25958,25958,1797907,Matched,Block,,24TH AVE SW BETWEEN DELRIDGE WAY SW AND 25TH AVE SW,,,1,Property Damage Only Collision,Other,1,0,0,1,2004/08/07 00:00:00+00,8/7/2004,Mid-Block (not related to intersection),0,NOT ENOUGH INFORMATION / NOT APPLICABLE,,0,Unknown,Unknown,Unknown,,4220028.0,,50,Fixed object,0,0,N
10325,2,-122.30546670000001,47.69756886,12994,25993,25993,1782249,Matched,Intersection,37733.0,LAKE CITY WAY NE AND NE 95TH ST,,,2,Injury Collision,Right Turn,3,0,0,3,2004/09/14 00:00:00+00,9/14/2004 3:40:00 PM,At Intersection (intersection related),11,"MOTOR VEHICLE STRUCK MOTOR VEHICLE, FRONT END AT ANGLE",,0,Raining,Wet,Daylight,,4258046.0,,16,From same direction - one right turn - one straight,0,0,N
10326,1,-122.3334303,47.60833603,12995,26703,26703,1482670,Matched,Block,,5TH AVE BETWEEN SENECA ST AND UNIVERSITY ST,,,1,Property Damage Only Collision,Rear Ended,2,0,0,2,2004/05/14 00:00:00+00,5/14/2004 2:32:00 PM,Mid-Block (not related to intersection),14,"MOTOR VEHICLE STRUCK MOTOR VEHICLE, REAR END",Y,0,Clear,Dry,Daylight,,4135012.0,,14,From same direction - both going straight - one stopped - rear-end,0,0,N
10327,1,-122.37621509999998,47.66827913,12996,25207,25207,1072711,Matched,Block,,15TH AVE NW BETWEEN NW 54TH ST AND NW MARKET ST,,,1,Property Damage Only Collision,Angles,2,0,0,2,2004/03/30 00:00:00+00,3/30/2004 12:34:00 PM,Mid-Block (but intersection related),11,"MOTOR VEHICLE STRUCK MOTOR VEHICLE, FRONT END AT ANGLE",,0,Overcast,Dry,Daylight,,4090031.0,,10,Entering at angle,0,0,N
10328,1,-122.29302040000002,47.56009254,12997,26213,26213,1227118,Matched,Block,,M L KING JR WR WAY S BETWEEN S ALASKA ST AND S ANGELINE ST,,,1,Property Damage Only Collision,Sideswipe,3,0,0,2,2004/04/23 00:00:00+00,4/23/2004 9:07:00 AM,Mid-Block (not related to intersection),16,"MOTOR VEHICLE STRUCK MOTOR VEHICLE, LEFT SIDE SIDESWIPE",Y,0,Raining,Wet,Daylight,,4114029.0,,11,From same direction - both going straight - both moving - sideswipe,0,0,N
10329,2,-122.36779320000001,47.69064771,12999,27023,27023,1775482,Matched,Block,,NW 85TH ST BETWEEN DIBBLE AVE NW AND 9TH AVE NW,,,2,Injury Collision,Rear Ended,3,0,0,3,2004/02/28 00:00:00+00,2/28/2004 9:29:00 PM,Mid-Block (but intersection related),14,"MOTOR VEHICLE STRUCK MOTOR VEHICLE, REAR END",,0,Clear,Dry,Dark - Street Lights On,,4059019.0,,14,From same direction - both going straight - one stopped - rear-end,0,0,N
10330,1,-122.32657900000001,47.6208305,13000,25113,25113,1007497,Matched,Intersection,29144.0,BELLEVUE AVE E AND E THOMAS ST,,,1,Property Damage Only Collision,Angles,2,0,0,2,2004/03/30 00:00:00+00,3/30/2004 4:14:00 PM,At Intersection (intersection related),11,"MOTOR VEHICLE STRUCK MOTOR VEHICLE, FRONT END AT ANGLE",,0,Overcast,Dry,Daylight,,4090023.0,,10,Entering at angle,0,0,N
10331,1,-122.3428781,47.60981183,13001,25623,25623,1321794,Matched,Block,,WESTERN AVE BETWEEN PINE ST AND VIRGINIA ST,,,1,Property Damage Only Collision,Other,2,0,0,2,2004/08/25 00:00:00+00,8/25/2004 10:21:00 AM,Mid-Block (not related to intersection),11,"MOTOR VEHICLE STRUCK MOTOR VEHICLE, FRONT END AT ANGLE",,0,Overcast,Dry,Daylight,,4238075.0,,23,From same direction - all others,0,0,N
10332,1,-122.3291236,47.6086581,13002,25251,25251,1798879,Matched,Intersection,29926.0,8TH AVE AND SPRING ST,,,1,Property Damage Only Collision,Angles,2,0,0,2,2004/08/24 00:00:00+00,8/24/2004 9:01:00 AM,At Intersection (intersection related),11,"MOTOR VEHICLE STRUCK MOTOR VEHICLE, FRONT END AT ANGLE",,0,Raining,Wet,Daylight,,4237041.0,,10,Entering at angle,0,0,N
10333,2,-122.3122094,47.60618397,13005,25071,25071,538771,Matched,Block,,E JEFFERSON ST BETWEEN 15TH AVE AND 16TH AVE,,,2,Injury Collision,Left Turn,0,0,0,2,2004/02/13 00:00:00+00,2/13/2004 4:02:00 PM,Mid-Block (but intersection related),14,"MOTOR VEHICLE STRUCK MOTOR VEHICLE, REAR END",,0,Clear,Dry,Daylight,,4044018.0,,15,From same direction - one left turn - one straight,0,0,N
10334,1,-122.2902243,47.62751775,13006,26072,26072,1376635,Matched,Block,,E MADISON ST BETWEEN 32ND AVE E AND 33RD AVE E,,,1,Property Damage Only Collision,Parked Car,2,0,0,2,2004/07/31 00:00:00+00,7/31/2004 8:27:00 AM,Mid-Block (not related to intersection),16,"MOTOR VEHICLE STRUCK MOTOR VEHICLE, LEFT SIDE SIDESWIPE",,0,Clear,Dry,Unknown,,4213020.0,,32,One parked--one moving,0,0,N
10335,2,-122.33850859999998,47.68692347,13007,26262,26262,1774228,Matched,Block,,N 80TH ST BETWEEN ASHWORTH AVE N AND DENSMORE W AVE N,,,2,Injury Collision,Rear Ended,3,0,0,3,2004/06/22 00:00:00+00,6/22/2004 6:50:00 AM,Mid-Block (not related to intersection),14,"MOTOR VEHICLE STRUCK MOTOR VEHICLE, REAR END",Y,0,Clear,Dry,Daylight,,4174030.0,,14,From same direction - both going straight - one stopped - rear-end,0,0,N
10336,1,-122.3219663,47.72215775,13008,26896,26896,1218061,Matched,Block,,ROOSEVELT WAY NE BETWEEN NE 127TH ST AND NE 130TH S ST,,,1,Property Damage Only Collision,Other,1,0,0,1,2004/04/22 00:00:00+00,4/22/2004 10:37:00 PM,Mid-Block (not related to intersection),28,MOTOR VEHICLE RAN OFF ROAD - HIT FIXED OBJECT,,0,Clear,Dry,Dark - Street Lights On,,4113027.0,Y,50,Fixed object,0,0,N
10337,1,-122.3126365,47.62259527,13009,24851,24851,1216704,Matched,Block,,15TH AVE E BETWEEN E HARRISON N ST AND E REPUBLICAN S ST,,,1,Property Damage Only Collision,Parked Car,2,0,0,2,2004/07/13 00:00:00+00,7/13/2004 6:00:00 PM,Mid-Block (not related to intersection),16,"MOTOR VEHICLE STRUCK MOTOR VEHICLE, LEFT SIDE SIDESWIPE",,0,Clear,Dry,Daylight,,4195003.0,,32,One parked--one moving,0,0,N
10338,1,-122.3722981,47.65458575,13010,25486,25486,1181829,Matched,Block,,12TH AVE W BETWEEN W EMERSON ST AND W NICKERSON ST,,,1,Property Damage Only Collision,Parked Car,2,0,0,2,2004/01/07 00:00:00+00,1/7/2004,Mid-Block (not related to intersection),13,"MOTOR VEHICLE STRUCK MOTOR VEHICLE, LEFT SIDE AT ANGLE",,0,Unknown,Snow/Slush,Unknown,,4007004.0,,32,One parked--one moving,0,0,N
10339,1,-122.29813429999999,47.584988,13012,26049,26049,1793266,Matched,Block,,M L KING JR WAY S BETWEEN S PLUM ST AND S HILL ST,,,1,Property Damage Only Collision,Rear Ended,3,0,0,2,2004/08/29 00:00:00+00,8/29/2004 1:52:00 PM,Mid-Block (not related to intersection),14,"MOTOR VEHICLE STRUCK MOTOR VEHICLE, REAR END",,0,Clear,Dry,Daylight,,4242008.0,,14,From same direction - both going straight - one stopped - rear-end,0,0,N