,SEVERITYCODE,X,Y,OBJECTID,INCKEY,COLDETKEY,REPORTNO,STATUS,ADDRTYPE,INTKEY,LOCATION,EXCEPTRSNCODE,EXCEPTRSNDESC,SEVERITYCODE.1,SEVERITYDESC,COLLISIONTYPE,PERSONCOUNT,PEDCOUNT,PEDCYLCOUNT,VEHCOUNT,INCDATE,INCDTTM,JUNCTIONTYPE,SDOT_COLCODE,SDOT_COLDESC,INATTENTIONIND,UNDERINFL,WEATHER,ROADCOND,LIGHTCOND,PEDROWNOTGRNT,SDOTCOLNUM,SPEEDING,ST_COLCODE,ST_COLDESC,SEGLANEKEY,CROSSWALKKEY,HITPARKEDCAR
10340,1,-122.3377459,47.603568599999996,13013,26505,26505,1216966,Matched,Block,,ALASKAN E RDWY WAY BETWEEN MARION ST AND MADISON ST,,,1,Property Damage Only Collision,Sideswipe,3,0,0,2,2004/08/01 00:00:00+00,8/1/2004,Mid-Block (not related to intersection),16,"MOTOR VEHICLE STRUCK MOTOR VEHICLE, LEFT SIDE SIDESWIPE",Y,0,Clear,Dry,Daylight,,4214017.0,,12,From same direction - both going straight - one stopped - sideswipe,0,0,N
10341,1,-122.35803059999999,47.62269601,13014,25742,25742,1777822,Matched,Block,,1ST AVE W BETWEEN W HARRISON ST AND W REPUBLICAN ST,,,1,Property Damage Only Collision,Parked Car,2,0,0,2,2004/04/14 00:00:00+00,4/14/2004 2:00:00 AM,Mid-Block (but intersection related),14,"MOTOR VEHICLE STRUCK MOTOR VEHICLE, REAR END",,0,Overcast,Wet,Dark - Street Lights On,,4105042.0,,32,One parked--one moving,0,0,N
10342,2,-122.30090609999999,47.66050997,13016,25362,25362,1774037,Matched,Intersection,27294.0,25TH AVE NE AND NE 44TH ST,,,2,Injury Collision,Sideswipe,6,0,0,5,2004/03/23 00:00:00+00,3/23/2004 5:56:00 PM,At Intersection (intersection related),11,"MOTOR VEHICLE STRUCK MOTOR VEHICLE, FRONT END AT ANGLE",Y,0,Raining,Wet,Dusk,,4083009.0,,11,From same direction - both going straight - both moving - sideswipe,0,0,N
10343,2,-122.33034750000002,47.61788832,13017,26233,26233,C649632,Matched,Block,,YALE AVE BETWEEN HOWELL ST AND STEWART ST,,,2,Injury Collision,Rear Ended,2,0,0,2,2004/11/22 00:00:00+00,11/22/2004 6:40:00 PM,Mid-Block (but intersection related),14,"MOTOR VEHICLE STRUCK MOTOR VEHICLE, REAR END",,0,Raining,Wet,Dark - Street Lights On,,4327051.0,,14,From same direction - both going straight - one stopped - rear-end,0,0,N
10344,1,-122.3631588,47.52828204,13020,25345,25345,1789292,Matched,Intersection,34841.0,24TH AVE SW AND SW THISTLE ST,,,1,Property Damage Only Collision,Angles,3,0,0,2,2004/02/26 00:00:00+00,2/26/2004 7:50:00 AM,At Intersection (intersection related),11,"MOTOR VEHICLE STRUCK MOTOR VEHICLE, FRONT END AT ANGLE",,0,Raining,Wet,Daylight,,4057033.0,,10,Entering at angle,0,0,N
10345,2,-122.34455890000001,47.66138479,13021,26350,26350,1219932,Matched,Intersection,26800.0,WOODLAND PARK AVE N AND N 45TH ST,,,2,Injury Collision,Cycles,2,0,1,1,2004/08/28 00:00:00+00,8/28/2004 11:51:00 PM,At Intersection (intersection related),51,PEDALCYCLIST STRUCK MOTOR VEHICLE FRONT END AT ANGLE,,0,Clear,Dry,Dark - Street Lights Off,,4241007.0,,45,Vehicle - Pedalcyclist,0,0,N
10346,2,-122.3285257,47.70318004,13022,25705,25705,1778709,Matched,Intersection,37555.0,1ST AVE NE AND NE 103RD ST,,,2,Injury Collision,Left Turn,4,0,0,2,2004/07/17 00:00:00+00,7/17/2004 6:45:00 PM,At Intersection (intersection related),11,"MOTOR VEHICLE STRUCK MOTOR VEHICLE, FRONT END AT ANGLE",,0,Clear,Dry,Daylight,,4199008.0,,28,From opposite direction - one left turn - one straight,0,0,N
10347,1,-122.35774040000001,47.53277967,13024,24842,24842,1798256,Matched,Block,,18TH AVE SW BETWEEN SW HOLDEN ST AND SW KENYON ST,,,1,Property Damage Only Collision,Parked Car,2,0,0,2,2004/07/26 00:00:00+00,7/26/2004 10:00:00 PM,Mid-Block (not related to intersection),13,"MOTOR VEHICLE STRUCK MOTOR VEHICLE, LEFT SIDE AT ANGLE",,0,Clear,Dry,Dark - Street Lights On,,4208031.0,,32,One parked--one moving,0,0,N
10348,1,-122.26393390000001,47.51997549,13025,25480,25480,1793637,Matched,Block,,RAINIER AVE S BETWEEN 54TH AVE S AND SEWARD PARK AVE S,,,1,Property Damage Only Collision,Sideswipe,2,0,0,2,2004/08/10 00:00:00+00,8/10/2004 4:52:00 PM,Mid-Block (not related to intersection),16,"MOTOR VEHICLE STRUCK MOTOR VEHICLE, LEFT SIDE SIDESWIPE",Y,0,Clear,Dry,Daylight,,4223020.0,,12,From same direction - both going straight - one stopped - sideswipe,0,0,N
10349,1,-122.3766999,47.52286109,13026,24834,24834,1781473,Matched,Intersection,34729.0,35TH AVE SW AND SW HENDERSON ST,,,1,Property Damage Only Collision,Left Turn,2,0,0,2,2004/03/11 00:00:00+00,3/11/2004 5:55:00 PM,At Intersection (intersection related),11,"MOTOR VEHICLE STRUCK MOTOR VEHICLE, FRONT END AT ANGLE",,0,Clear,Dry,Dark - Street Lights On,,4071029.0,,28,From opposite direction - one left turn - one straight,0,0,N
10350,1,-122.36590790000001,47.51827945,13027,26259,26259,1781753,Matched,Block,,26TH AVE SW BETWEEN SW CAMBRIDGE ST AND SW ROXBURY ST,,,1,Property Damage Only Collision,Parked Car,3,0,0,3,2004/01/06 00:00:00+00,1/6/2004,Mid-Block (not related to intersection),16,"MOTOR VEHICLE STRUCK MOTOR VEHICLE, LEFT SIDE SIDESWIPE",,0,Snowing,Snow/Slush,Dark - Street Lights On,,4006008.0,Y,32,One parked--one moving,0,0,N
10351,2,-122.3122232,47.60168456,13028,25711,25711,1789992,Matched,Block,,E YESLER WAY BETWEEN 15TH AVE AND 16TH AVE,,,2,Injury Collision,Parked Car,3,0,0,3,2004/04/11 00:00:00+00,4/11/2004 1:50:00 PM,Mid-Block (not related to intersection),14,"MOTOR VEHICLE STRUCK MOTOR VEHICLE, REAR END",Y,0,Clear,Dry,Daylight,,4102017.0,,32,One parked--one moving,0,0,N
10352,1,-122.3245327,47.55119428,13030,25814,25814,1798234,Matched,Intersection,33181.0,7TH AVE S AND S ORCAS ST,,,1,Property Damage Only Collision,Angles,2,0,0,2,2004/09/24 00:00:00+00,9/24/2004 4:10:00 PM,At Intersection (intersection related),11,"MOTOR VEHICLE STRUCK MOTOR VEHICLE, FRONT END AT ANGLE",,0,Clear,Dry,Daylight,,4268031.0,,10,Entering at angle,0,0,N
10353,2,-122.3119162,47.66642828,13031,25380,25380,1199282,Matched,Intersection,26051.0,15TH AVE NE AND NE 52ND ST,,,2,Injury Collision,Left Turn,2,0,0,2,2004/08/05 00:00:00+00,8/5/2004,At Intersection (intersection related),11,"MOTOR VEHICLE STRUCK MOTOR VEHICLE, FRONT END AT ANGLE",,0,Clear,Dry,Daylight,,4218013.0,,28,From opposite direction - one left turn - one straight,0,0,N
10354,1,-122.3355865,47.60398224,13032,25962,25962,1181748,Matched,Intersection,29622.0,1ST AVE AND MARION ST,,,1,Property Damage Only Collision,Angles,6,0,0,2,2004/07/23 00:00:00+00,7/23/2004 4:47:00 PM,At Intersection (intersection related),11,"MOTOR VEHICLE STRUCK MOTOR VEHICLE, FRONT END AT ANGLE",,0,Clear,Dry,Daylight,,4205008.0,,10,Entering at angle,0,0,N
10355,1,-122.3767666,47.67864679,13033,25994,25994,1782360,Matched,Block,,15TH AVE NW BETWEEN NW 67TH ST AND NW 70TH ST,,,1,Property Damage Only Collision,Rear Ended,3,0,0,2,2004/05/06 00:00:00+00,5/6/2004,Mid-Block (not related to intersection),14,"MOTOR VEHICLE STRUCK MOTOR VEHICLE, REAR END",Y,0,Clear,Dry,Daylight,,4127020.0,,14,From same direction - both going straight - one stopped - rear-end,0,0,N
10356,2,-122.29299679999998,47.57834595,13034,26773,26773,1316771,Matched,Intersection,31478.0,31ST AVE S AND S MCCLELLAN ST,,,2,Injury Collision,Angles,2,0,0,2,2004/06/01 00:00:00+00,6/1/2004,At Intersection (intersection related),11,"MOTOR VEHICLE STRUCK MOTOR VEHICLE, FRONT END AT ANGLE",,0,Clear,Dry,Daylight,,4153031.0,,10,Entering at angle,0,0,N
10357,1,-122.3376487,47.57159192,13035,25504,25504,1786265,Matched,Block,,WEST SEATTLE BR WB BETWEEN 1ST AV S ON RP AND WSB-WB SPOK-NR RP,,,1,Property Damage Only Collision,Rear Ended,3,0,0,2,2004/05/23 00:00:00+00,5/23/2004 1:06:00 AM,Mid-Block (not related to intersection),14,"MOTOR VEHICLE STRUCK MOTOR VEHICLE, REAR END",,1,Clear,Dry,Dark - No Street Lights,,4144022.0,,14,From same direction - both going straight - one stopped - rear-end,0,0,N
10358,2,-122.3258915,47.63972702,13036,26201,26201,1790140,Matched,Intersection,28310.0,EASTLAKE AVE E AND E LYNN ST,,,2,Injury Collision,Angles,2,0,0,2,2004/07/01 00:00:00+00,7/1/2004,At Intersection (intersection related),11,"MOTOR VEHICLE STRUCK MOTOR VEHICLE, FRONT END AT ANGLE",,0,Clear,Dry,Daylight,,4183011.0,,10,Entering at angle,0,0,N
10359,1,-122.35950770000001,47.70302582,13037,27003,27003,1782451,Matched,Block,,HOLMAN RD NW BETWEEN 3RD AVE NW AND NW 103RD ST,,,1,Property Damage Only Collision,Sideswipe,2,0,0,2,2004/02/29 00:00:00+00,2/29/2004 7:19:00 PM,Mid-Block (not related to intersection),16,"MOTOR VEHICLE STRUCK MOTOR VEHICLE, LEFT SIDE SIDESWIPE",,1,Clear,Dry,Dark - Street Lights On,,4060031.0,,26,From opposite direction - both going straight - sideswipe,0,0,N
10360,1,-122.2952331,47.71927875,13040,25470,25470,1796753,Matched,Intersection,36601.0,LAKE CITY WAY NE AND NE 125TH ST,,,1,Property Damage Only Collision,Left Turn,2,0,0,2,2004/12/12 00:00:00+00,12/12/2004 7:05:00 AM,At Intersection (intersection related),11,"MOTOR VEHICLE STRUCK MOTOR VEHICLE, FRONT END AT ANGLE",,0,Clear,Dry,Dawn,,4347003.0,,28,From opposite direction - one left turn - one straight,0,0,N
10361,1,-122.31728079999999,47.59268663,13041,25407,25407,1772005,Matched,Block,,12TH AVE S BETWEEN S CHARLES S ST AND S JUDKINS ST,,,1,Property Damage Only Collision,Rear Ended,2,0,0,2,2004/05/11 00:00:00+00,5/11/2004 8:51:00 AM,Mid-Block (but intersection related),14,"MOTOR VEHICLE STRUCK MOTOR VEHICLE, REAR END",,0,Overcast,Wet,Daylight,,4132023.0,,14,From same direction - both going straight - one stopped - rear-end,0,0,N
10362,1,-122.2821041,47.55864711,13042,26388,26388,1779268,Matched,Block,,S EDMUNDS ST BETWEEN 39TH AVE S AND 42ND AVE S,,,1,Property Damage Only Collision,Parked Car,2,0,0,2,2004/06/18 00:00:00+00,6/18/2004 9:20:00 PM,Mid-Block (not related to intersection),12,"MOTOR VEHICLE STRUCK MOTOR VEHICLE, RIGHT SIDE AT ANGLE",,0,Clear,Dry,Dusk,,4170010.0,,32,One parked--one moving,0,0,N
10363,1,-122.3295808,47.54925641,13043,26465,26465,1787485,Matched,Block,,4TH AVE S BETWEEN S FIDALGO ST AND S FRONT ST,,,1,Property Damage Only Collision,Other,1,0,0,1,2004/04/06 00:00:00+00,4/6/2004,Mid-Block (not related to intersection),28,MOTOR VEHICLE RAN OFF ROAD - HIT FIXED OBJECT,,0,Clear,Dry,Daylight,,4097019.0,,50,Fixed object,0,0,N
10364,1,-122.28483700000001,47.55744456,13044,25443,25443,1784453,Matched,Block,,RAINIER AVE S BETWEEN S FERDINAND ST AND S HUDSON ST,,,1,Property Damage Only Collision,Other,1,0,0,1,2004/09/17 00:00:00+00,9/17/2004 1:18:00 PM,Mid-Block (but intersection related),28,MOTOR VEHICLE RAN OFF ROAD - HIT FIXED OBJECT,Y,0,Overcast,Dry,Daylight,,4261002.0,,50,Fixed object,0,0,N
10365,2,-122.29676840000002,47.56982427,13045,26922,26922,1793579,Matched,Block,,M L KING JR ER WAY S BETWEEN RENTON N AVE S AND S ANDOVER ST,,,2,Injury Collision,Other,3,0,0,1,2004/07/25 00:00:00+00,7/25/2004 1:27:00 AM,Mid-Block (not related to intersection),28,MOTOR VEHICLE RAN OFF ROAD - HIT FIXED OBJECT,Y,N,Clear,Dry,Dark - Street Lights On,,4207002.0,,50,Fixed object,0,0,N
10366,2,-122.32790379999999,47.61523842,13047,24927,24927,1217277,Matched,Intersection,29863.0,MELROSE AVE AND PINE ST,,,2,Injury Collision,Left Turn,2,0,0,2,2004/08/10 00:00:00+00,8/10/2004 11:25:00 AM,At Intersection (intersection related),11,"MOTOR VEHICLE STRUCK MOTOR VEHICLE, FRONT END AT ANGLE",,0,Clear,Dry,Daylight,,4223039.0,,28,From opposite direction - one left turn - one straight,0,0,N
10367,1,-122.3234439,47.60412807,13048,26363,26363,1472944,Matched,Block,,9TH AVE BETWEEN ALDER ST AND JEFFERSON ST,,,1,Property Damage Only Collision,Other,1,0,0,1,2004/06/18 00:00:00+00,6/18/2004 1:45:00 PM,Mid-Block (not related to intersection),28,MOTOR VEHICLE RAN OFF ROAD - HIT FIXED OBJECT,Y,0,Clear,Dry,Daylight,,4170005.0,,50,Fixed object,0,0,N
10368,1,-122.3334038,47.62675111,13049,26269,26269,1789756,Matched,Block,,FAIRVIEW AVE N BETWEEN FAIRVIEW PL N AND ALOHA ST,,,1,Property Damage Only Collision,Other,2,0,0,2,2004/01/20 00:00:00+00,1/20/2004 12:19:00 PM,Driveway Junction,11,"MOTOR VEHICLE STRUCK MOTOR VEHICLE, FRONT END AT ANGLE",,0,Clear,Dry,Daylight,,4020019.0,,22,One car leaving driveway access,0,0,N
10369,2,-122.3219169,47.59583136,13050,26609,26609,C632070,Matched,Block,,S DEARBORN ST BETWEEN 8TH AVE S AND DEARBORN OFF RP,,,2,Injury Collision,Rear Ended,2,0,0,2,2004/04/13 00:00:00+00,4/13/2004 5:40:00 PM,Mid-Block (but intersection related),14,"MOTOR VEHICLE STRUCK MOTOR VEHICLE, REAR END",,0,Clear,Dry,Daylight,,4104036.0,,14,From same direction - both going straight - one stopped - rear-end,0,0,N
10370,1,-122.3085834,47.63147498,13051,25272,25272,1772464,Matched,Block,,18TH AVE E BETWEEN E HIGHLAND N DR AND E GALER ST,,,1,Property Damage Only Collision,Other,1,0,0,1,2004/06/19 00:00:00+00,6/19/2004 1:15:00 AM,Mid-Block (but intersection related),28,MOTOR VEHICLE RAN OFF ROAD - HIT FIXED OBJECT,,0,Clear,Dry,Dark - Street Lights On,,4171023.0,,50,Fixed object,0,0,N
10371,1,-122.3115719,47.60084406,13052,25644,25644,1772010,Matched,Intersection,30739.0,16TH AVE S AND S WASHINGTON ST,,,1,Property Damage Only Collision,Angles,2,0,0,2,2004/07/21 00:00:00+00,7/21/2004 8:34:00 AM,At Intersection (intersection related),11,"MOTOR VEHICLE STRUCK MOTOR VEHICLE, FRONT END AT ANGLE",,0,Clear,Dry,Daylight,,4203005.0,,10,Entering at angle,0,0,N
10372,1,-122.339357,47.60978057,13054,26311,26311,1326712,Matched,Block,,2ND AVE BETWEEN PIKE ST AND PINE ST,,,1,Property Damage Only Collision,Left Turn,3,0,0,2,2004/01/24 00:00:00+00,1/24/2004 1:49:00 AM,Mid-Block (but intersection related),16,"MOTOR VEHICLE STRUCK MOTOR VEHICLE, LEFT SIDE SIDESWIPE",,0,Raining,Wet,Dark - Street Lights On,,4024025.0,,15,From same direction - one left turn - one straight,0,0,N
10373,2,-122.33952179999999,47.5829182,13055,27016,27016,1790616,Matched,Block,,ALASKAN WY VI SB BETWEEN S HOLGATE ST AND S LANDER ST,,,2,Injury Collision,Other,3,0,0,1,2004/10/17 00:00:00+00,10/17/2004 11:19:00 AM,Mid-Block (not related to intersection),26,MOTOR VEHICLE STRUCK OBJECT IN ROAD,Y,0,Raining,Wet,Daylight,,4291019.0,Y,50,Fixed object,0,0,N
10374,1,-122.2744632,47.54484016,13056,25931,25931,1771593,Matched,Block,,RAINIER AVE S BETWEEN S EDDY ST AND S MORGAN ST,,,1,Property Damage Only Collision,Rear Ended,4,0,0,2,2004/09/05 00:00:00+00,9/5/2004,Mid-Block (not related to intersection),14,"MOTOR VEHICLE STRUCK MOTOR VEHICLE, REAR END",,0,Clear,Dry,Dark - Street Lights On,,4249013.0,,13,From same direction - both going straight - both moving - rear-end,0,0,N
10375,1,-122.30090619999999,47.661888299999994,13057,25827,25827,1687507,Matched,Block,,25TH AVE NE BETWEEN NE 44TH ST AND NE 47TH ST,,,1,Property Damage Only Collision,Other,2,0,0,2,2004/02/27 00:00:00+00,2/27/2004 9:58:00 PM,Mid-Block (not related to intersection),11,"MOTOR VEHICLE STRUCK MOTOR VEHICLE, FRONT END AT ANGLE",,0,Clear,Dry,Dark - Street Lights On,,4058023.0,,23,From same direction - all others,0,0,N
10376,2,-122.35516489999999,47.51736038,13058,25096,25096,1789115,Matched,Intersection,35058.0,DELRIDGE WAY SW AND SW ROXBURY ST,,,2,Injury Collision,Left Turn,3,0,0,2,2004/05/17 00:00:00+00,5/17/2004 1:20:00 PM,At Intersection (intersection related),11,"MOTOR VEHICLE STRUCK MOTOR VEHICLE, FRONT END AT ANGLE",,0,Clear,Dry,Daylight,,4138042.0,,28,From opposite direction - one left turn - one straight,0,0,N
10377,1,-122.3156578,47.67497952,13059,26379,26379,1780795,Matched,Intersection,25697.0,12TH AVE NE AND NE 64TH ST,,,1,Property Damage Only Collision,Angles,5,0,0,2,2004/05/04 00:00:00+00,5/4/2004,At Intersection (intersection related),11,"MOTOR VEHICLE STRUCK MOTOR VEHICLE, FRONT END AT ANGLE",,0,Clear,Dry,Daylight,,4125018.0,,10,Entering at angle,0,0,N
10378,1,-122.35184380000001,47.65164866,13061,26562,26562,1080132,Matched,Block,,N 36TH ST BETWEEN DAYTON AVE N AND FREMONT PL N,,,1,Property Damage Only Collision,Parked Car,3,0,0,3,2004/08/25 00:00:00+00,8/25/2004 3:36:00 PM,Mid-Block (but intersection related),16,"MOTOR VEHICLE STRUCK MOTOR VEHICLE, LEFT SIDE SIDESWIPE",,0,Raining,Wet,Daylight,,4238013.0,,32,One parked--one moving,0,0,N
10379,1,-122.34558009999999,47.62973254,13062,25790,25790,1783657,Matched,Block,,HIGHLAND DR BETWEEN TAYLOR AVE N AND 6TH AVE N,,,1,Property Damage Only Collision,Parked Car,2,0,0,2,2004/09/04 00:00:00+00,9/4/2004,Driveway Junction,13,"MOTOR VEHICLE STRUCK MOTOR VEHICLE, LEFT SIDE AT ANGLE",,0,Clear,Dry,Daylight,,4248002.0,,32,One parked--one moving,0,0,N
10380,1,-122.314627,47.68670201,13065,25555,25555,1211994,Matched,Block,,NE 80TH ST BETWEEN 12TH AVE NE AND BROOKLYN AVE NE,,,1,Property Damage Only Collision,Other,2,0,0,2,2004/01/28 00:00:00+00,1/28/2004 4:50:00 PM,Driveway Junction,11,"MOTOR VEHICLE STRUCK MOTOR VEHICLE, FRONT END AT ANGLE",,0,Raining,Wet,Dark - Street Lights On,,4028020.0,,22,One car leaving driveway access,0,0,N
10381,1,-122.3761409,47.63671905,13066,26895,26895,1069780,Matched,Intersection,27941.0,15TH AVE W AND W NEWTON ST,,,1,Property Damage Only Collision,Angles,2,0,0,2,2004/10/22 00:00:00+00,10/22/2004 3:20:00 PM,At Intersection (intersection related),11,"MOTOR VEHICLE STRUCK MOTOR VEHICLE, FRONT END AT ANGLE",,0,Raining,Wet,Daylight,,4296009.0,,10,Entering at angle,0,0,N
10382,1,-122.3219986,47.62370038,13067,24978,24978,1007494,Matched,Block,,HARVARD AVE E BETWEEN E REPUBLICAN ST AND E MERCER ST,,,1,Property Damage Only Collision,Parked Car,2,0,0,2,2004/03/11 00:00:00+00,3/11/2004 6:46:00 PM,Mid-Block (not related to intersection),11,"MOTOR VEHICLE STRUCK MOTOR VEHICLE, FRONT END AT ANGLE",,0,Clear,Dry,Dark - Street Lights On,,4071010.0,,32,One parked--one moving,0,0,N
10383,1,-122.3499273,47.65203917,13068,25916,25916,538333,Matched,Block,,FREMONT AVE N BETWEEN N 36TH ST AND N 38TH ST,,,1,Property Damage Only Collision,Parked Car,0,0,0,2,2004/09/12 00:00:00+00,9/12/2004 8:00:00 PM,Mid-Block (not related to intersection),16,"MOTOR VEHICLE STRUCK MOTOR VEHICLE, LEFT SIDE SIDESWIPE",,0,Other,Unknown,Dark - Street Lights On,,4256002.0,,32,One parked--one moving,0,0,N
10384,1,-122.29651909999998,47.60799711,13069,25311,25311,1790145,Matched,Block,,E CHERRY ST BETWEEN TEMPLE PL AND M L KING JR WAY,,,1,Property Damage Only Collision,Rear Ended,3,0,0,2,2004/07/20 00:00:00+00,7/20/2004 11:40:00 AM,Mid-Block (not related to intersection),14,"MOTOR VEHICLE STRUCK MOTOR VEHICLE, REAR END",,0,Clear,Dry,Daylight,,4202023.0,,13,From same direction - both going straight - both moving - rear-end,0,0,N
10385,1,-122.30438629999999,47.60267112,13070,26330,26330,1788164,Matched,Block,,E FIR ST BETWEEN 21ST AVE AND 22ND AVE,,,1,Property Damage Only Collision,Parked Car,2,0,0,2,2004/12/09 00:00:00+00,12/9/2004,Mid-Block (but intersection related),11,"MOTOR VEHICLE STRUCK MOTOR VEHICLE, FRONT END AT ANGLE",,0,Overcast,Wet,Dark - Street Lights On,,4344052.0,Y,32,One parked--one moving,0,0,N
10386,1,-122.31722279999998,47.59918906,13072,25459,25459,1798784,Matched,Intersection,30427.0,12TH AVE S AND S JACKSON ST,,,1,Property Damage Only Collision,Left Turn,3,0,0,2,2004/11/18 00:00:00+00,11/18/2004 7:52:00 AM,At Intersection (intersection related),11,"MOTOR VEHICLE STRUCK MOTOR VEHICLE, FRONT END AT ANGLE",,0,Clear,Wet,Daylight,,4323025.0,,28,From opposite direction - one left turn - one straight,0,0,N
10387,1,-122.3341955,47.59031216,13073,25527,25527,1316784,Matched,Intersection,30388.0,1ST AVE S AND S ATLANTIC ST,,,1,Property Damage Only Collision,Rear Ended,4,0,0,2,2004/06/04 00:00:00+00,6/4/2004,At Intersection (but not related to intersection),14,"MOTOR VEHICLE STRUCK MOTOR VEHICLE, REAR END",,0,Clear,Dry,Dark - Street Lights On,,4156016.0,,14,From same direction - both going straight - one stopped - rear-end,0,0,N
10388,1,-122.3167457,47.623688200000004,13074,24940,24940,1772471,Matched,Block,,12TH AVE E BETWEEN E REPUBLICAN ST AND E MERCER ST,,,1,Property Damage Only Collision,Parked Car,2,0,0,2,2004/07/24 00:00:00+00,7/24/2004 1:00:00 AM,Mid-Block (not related to intersection),16,"MOTOR VEHICLE STRUCK MOTOR VEHICLE, LEFT SIDE SIDESWIPE",,0,Clear,Dry,Dark - Street Lights On,,4206036.0,,32,One parked--one moving,0,0,N
10389,2,-122.33963519999999,47.54022003,13075,26226,26226,1790239,Matched,Block,,HIGHLAND PARK WAY SW BETWEEN 2ND AVE SW AND WEST MARGINAL WAY SW,,,2,Injury Collision,Rear Ended,3,0,0,2,2004/07/28 00:00:00+00,7/28/2004 12:35:00 PM,Mid-Block (but intersection related),14,"MOTOR VEHICLE STRUCK MOTOR VEHICLE, REAR END",Y,0,Clear,Dry,Daylight,,4210012.0,,14,From same direction - both going straight - one stopped - rear-end,0,0,N
10390,2,-122.3020621,47.64135182,13076,26141,26141,1789764,Matched,Block,,24TH AVE E BETWEEN E CALHOUN ST AND E MILLER ST,,,2,Injury Collision,Rear Ended,4,0,0,3,2004/09/06 00:00:00+00,9/6/2004,Mid-Block (but intersection related),14,"MOTOR VEHICLE STRUCK MOTOR VEHICLE, REAR END",Y,0,Clear,Dry,Daylight,,4250007.0,,14,From same direction - both going straight - one stopped - rear-end,0,0,N
10391,1,-122.3608797,47.65041734,13077,26989,26989,1785253,Matched,Intersection,26694.0,3RD AVE W AND W BERTONA ST,,,1,Property Damage Only Collision,Angles,2,0,0,2,2004/10/24 00:00:00+00,10/24/2004 8:18:00 AM,At Intersection (intersection related),11,"MOTOR VEHICLE STRUCK MOTOR VEHICLE, FRONT END AT ANGLE",,0,Clear,Dry,Daylight,,4298029.0,,10,Entering at angle,0,0,N
10392,1,-122.38676059999999,47.57562625,13078,26060,26060,1789130,Matched,Intersection,31823.0,CALIFORNIA AVE SW AND SW HANFORD ST,,,1,Property Damage Only Collision,Angles,3,0,0,2,2004/01/09 00:00:00+00,1/9/2004,At Intersection (intersection related),11,"MOTOR VEHICLE STRUCK MOTOR VEHICLE, FRONT END AT ANGLE",,0,Clear,Dry,Daylight,,4009022.0,,10,Entering at angle,0,0,N
10393,2,-122.3288783,47.7261161,13079,26727,26727,1773621,Matched,Intersection,35947.0,1ST AVE NE AND ROOSEVELT WAY NE,,,2,Injury Collision,Angles,2,0,0,2,2004/06/09 00:00:00+00,6/9/2004,At Intersection (intersection related),11,"MOTOR VEHICLE STRUCK MOTOR VEHICLE, FRONT END AT ANGLE",,0,Clear,Dry,Daylight,,4161036.0,,10,Entering at angle,0,0,N
10394,1,-122.3291351,47.61971505,13081,26743,26743,C650869,Matched,Intersection,29154.0,EASTLAKE AVE E AND STEWART ST,,,1,Property Damage Only Collision,Angles,2,0,0,2,2004/12/30 00:00:00+00,12/30/2004 5:00:00 PM,At Intersection (intersection related),11,"MOTOR VEHICLE STRUCK MOTOR VEHICLE, FRONT END AT ANGLE",,0,Overcast,Wet,Dark - Street Lights On,,4365042.0,,10,Entering at angle,0,0,N
10395,1,-122.33865120000002,47.60733158,13082,25116,25116,1059884,Matched,Block,,1ST AVE BETWEEN UNIVERSITY ST AND UNION ST,,,1,Property Damage Only Collision,Rear Ended,7,0,0,3,2004/12/04 00:00:00+00,12/4/2004,Mid-Block (but intersection related),14,"MOTOR VEHICLE STRUCK MOTOR VEHICLE, REAR END",Y,1,Clear,Dry,Dark - Street Lights On,,4339025.0,,14,From same direction - both going straight - one stopped - rear-end,0,0,N
10396,1,-122.32788070000001,47.61664171,13083,25697,25697,1799043,Matched,Intersection,29847.0,MELROSE AVE AND OLIVE WAY,,,1,Property Damage Only Collision,Left Turn,2,0,0,2,2004/10/22 00:00:00+00,10/22/2004 5:45:00 PM,At Intersection (intersection related),11,"MOTOR VEHICLE STRUCK MOTOR VEHICLE, FRONT END AT ANGLE",,0,Raining,Wet,Dark - Street Lights On,,4296025.0,,28,From opposite direction - one left turn - one straight,0,0,N
10397,2,-122.3165127,47.67582215,13084,24969,24969,1779916,Matched,Block,,NE 65TH ST BETWEEN ROOSEVELT WAY NE AND 12TH AVE NE,,,2,Injury Collision,Rear Ended,3,0,0,2,2004/04/09 00:00:00+00,4/9/2004,Mid-Block (not related to intersection),14,"MOTOR VEHICLE STRUCK MOTOR VEHICLE, REAR END",Y,0,Clear,Dry,Daylight,,4100029.0,,14,From same direction - both going straight - one stopped - rear-end,0,0,N
10398,2,-122.3307611,47.66137208,13085,26399,26399,1796931,Matched,Block,,N 45TH ST BETWEEN CORLISS AVE N AND SUNNYSIDE AVE N,,,2,Injury Collision,Rear Ended,3,0,0,3,2004/11/12 00:00:00+00,11/12/2004 2:02:00 PM,Mid-Block (not related to intersection),14,"MOTOR VEHICLE STRUCK MOTOR VEHICLE, REAR END",,0,Clear,Dry,Daylight,,4317026.0,,14,From same direction - both going straight - one stopped - rear-end,0,0,N
10399,1,-122.35530359999998,47.68180516,13088,25524,25524,C632010,Matched,Intersection,24318.0,GREENWOOD AVE N AND N 73RD ST,,,1,Property Damage Only Collision,Angles,2,0,0,2,2004/04/28 00:00:00+00,4/28/2004 6:30:00 PM,At Intersection (intersection related),11,"MOTOR VEHICLE STRUCK MOTOR VEHICLE, FRONT END AT ANGLE",,0,Clear,Dry,Dusk,,4119044.0,,10,Entering at angle,0,0,N