,SEVERITYCODE,X,Y,OBJECTID,INCKEY,COLDETKEY,REPORTNO,STATUS,ADDRTYPE,INTKEY,LOCATION,EXCEPTRSNCODE,EXCEPTRSNDESC,SEVERITYCODE.1,SEVERITYDESC,COLLISIONTYPE,PERSONCOUNT,PEDCOUNT,PEDCYLCOUNT,VEHCOUNT,INCDATE,INCDTTM,JUNCTIONTYPE,SDOT_COLCODE,SDOT_COLDESC,INATTENTIONIND,UNDERINFL,WEATHER,ROADCOND,LIGHTCOND,PEDROWNOTGRNT,SDOTCOLNUM,SPEEDING,ST_COLCODE,ST_COLDESC,SEGLANEKEY,CROSSWALKKEY,HITPARKEDCAR
10400,1,-122.32701580000001,47.59919385,13089,24932,24932,1776401,Matched,Block,,S JACKSON ST BETWEEN 5TH AVE S AND 6TH AVE S,,,1,Property Damage Only Collision,Sideswipe,3,0,0,2,2004/02/04 00:00:00+00,2/4/2004,Mid-Block (not related to intersection),16,"MOTOR VEHICLE STRUCK MOTOR VEHICLE, LEFT SIDE SIDESWIPE",,0,Clear,Dry,Dark - Street Lights On,,4035037.0,,12,From same direction - both going straight - one stopped - sideswipe,0,0,N
10401,1,-122.32789890000001,47.61547073,13091,26268,26268,1789692,Matched,Block,,MELROSE AVE BETWEEN PINE ST AND YALE AVE,,,1,Property Damage Only Collision,Parked Car,2,0,0,2,2004/06/29 00:00:00+00,6/29/2004 7:30:00 PM,Mid-Block (not related to intersection),16,"MOTOR VEHICLE STRUCK MOTOR VEHICLE, LEFT SIDE SIDESWIPE",,0,Unknown,Unknown,Unknown,,4181045.0,,32,One parked--one moving,0,0,N
10402,1,-122.3256024,47.66535007,13092,26766,26766,1774148,Matched,Block,,LATONA AVE NE BETWEEN NE 50TH W ST AND NE 51ST ST,,,1,Property Damage Only Collision,Other,4,0,0,2,2004/07/17 00:00:00+00,7/17/2004 3:42:00 PM,Driveway Junction,11,"MOTOR VEHICLE STRUCK MOTOR VEHICLE, FRONT END AT ANGLE",,0,Clear,Dry,Daylight,,4199033.0,,21,One car entering driveway access,0,0,N
10403,1,-122.32847779999999,47.69954624,13093,25901,25901,1080397,Matched,Block,,1ST AVE NE BETWEEN NE 95TH ST AND NE 100TH ST,,,1,Property Damage Only Collision,Other,2,0,0,2,2004/12/05 00:00:00+00,12/5/2004,Driveway Junction,11,"MOTOR VEHICLE STRUCK MOTOR VEHICLE, FRONT END AT ANGLE",,0,Overcast,Wet,Daylight,,4340015.0,,21,One car entering driveway access,0,0,N
10404,2,-122.27598870000001,47.54602662,13095,26854,26854,1771784,Matched,Intersection,33547.0,RAINIER AVE S AND S GRAHAM ST,,,2,Injury Collision,Angles,3,0,0,2,2004/09/01 00:00:00+00,9/1/2004,At Intersection (intersection related),11,"MOTOR VEHICLE STRUCK MOTOR VEHICLE, FRONT END AT ANGLE",,0,Overcast,Dry,Daylight,,4245006.0,,10,Entering at angle,0,0,N
10405,2,-122.3341769,47.6021476,13096,26174,26174,1784888,Matched,Block,,1ST AVE BETWEEN YESLER WAY AND CHERRY ST,,,2,Injury Collision,Other,1,0,0,1,2004/09/02 00:00:00+00,9/2/2004,Mid-Block (but intersection related),28,MOTOR VEHICLE RAN OFF ROAD - HIT FIXED OBJECT,,1,Overcast,Dry,Dark - Street Lights On,,4246038.0,,50,Fixed object,0,0,N
10406,1,-122.30276440000002,47.60563158,13097,26879,26879,1798950,Matched,Block,,23RD AVE BETWEEN E TERRACE ST AND E JEFFERSON ST,,,1,Property Damage Only Collision,Sideswipe,2,0,0,2,2004/09/17 00:00:00+00,9/17/2004 3:35:00 PM,Mid-Block (but intersection related),16,"MOTOR VEHICLE STRUCK MOTOR VEHICLE, LEFT SIDE SIDESWIPE",,0,Clear,Dry,Daylight,,4261049.0,,11,From same direction - both going straight - both moving - sideswipe,0,0,N
10407,2,-122.3458666,47.690566700000005,13098,25473,25473,1080305,Matched,Block,,N 85TH ST BETWEEN LINDEN AVE N AND AURORA AVE N,,,2,Injury Collision,Other,2,0,0,2,2004/06/21 00:00:00+00,6/21/2004 8:46:00 PM,Driveway Junction,14,"MOTOR VEHICLE STRUCK MOTOR VEHICLE, REAR END",Y,0,Clear,Dry,Daylight,,4173015.0,,21,One car entering driveway access,0,0,N
10408,1,-122.34715220000001,47.63404025,13099,25687,25687,1777203,Matched,Block,,5TH AVE N BETWEEN GARFIELD ST AND TAYLOR AVE N,,,1,Property Damage Only Collision,Parked Car,2,0,0,2,2004/01/10 00:00:00+00,1/10/2004 4:17:00 PM,Mid-Block (not related to intersection),13,"MOTOR VEHICLE STRUCK MOTOR VEHICLE, LEFT SIDE AT ANGLE",,0,Unknown,Unknown,Unknown,,4010028.0,,32,One parked--one moving,0,0,N
10409,2,-122.30379750000002,47.640629,13100,27028,27028,1788465,Matched,Block,,22ND AVE E BETWEEN E MCGRAW ST AND E CALHOUN ST,,,2,Injury Collision,Pedestrian,2,1,0,1,2004/06/07 00:00:00+00,6/7/2004,Mid-Block (not related to intersection),24,MOTOR VEHCILE STRUCK PEDESTRIAN,,0,Clear,Dry,Daylight,,4159022.0,,0,Vehicle going straight hits pedestrian,0,0,N
10410,1,,,13103,26293,26293,1798830,Matched,Alley,,,,,1,Property Damage Only Collision,Other,2,0,0,2,2004/09/17 00:00:00+00,9/17/2004 3:45:00 PM,,0,NOT ENOUGH INFORMATION / NOT APPLICABLE,,0,Clear,Wet,Daylight,,4261014.0,,22,One car leaving driveway access,0,0,N
10411,1,-122.3003193,47.58548373,13104,26560,26560,1772858,Matched,Intersection,31437.0,25TH AVE S AND S PLUM ST,,,1,Property Damage Only Collision,Angles,5,0,0,3,2004/06/10 00:00:00+00,6/10/2004 5:50:00 PM,At Intersection (intersection related),11,"MOTOR VEHICLE STRUCK MOTOR VEHICLE, FRONT END AT ANGLE",,0,Overcast,Dry,Daylight,,4162037.0,,10,Entering at angle,0,0,N
10412,1,-122.3074937,47.5863412,13105,25590,25590,1771630,Matched,Block,,S HOLGATE ST BETWEEN 19TH AVE S AND 20TH AVE S,,,1,Property Damage Only Collision,Other,1,0,0,1,2004/02/15 00:00:00+00,2/15/2004 7:21:00 AM,Mid-Block (not related to intersection),28,MOTOR VEHICLE RAN OFF ROAD - HIT FIXED OBJECT,,0,Unknown,Unknown,Dark - Street Lights On,,4046005.0,,50,Fixed object,0,0,N
10413,1,-122.3632965,47.56744416,13106,26774,26774,1317658,Matched,Block,,DELRIDGE WAY SW BETWEEN SW ANDOVER ST AND SW DAKOTA ST,,,1,Property Damage Only Collision,Sideswipe,2,0,0,2,2004/03/28 00:00:00+00,3/28/2004 7:22:00 PM,Mid-Block (not related to intersection),16,"MOTOR VEHICLE STRUCK MOTOR VEHICLE, LEFT SIDE SIDESWIPE",,0,Clear,Dry,Dusk,,4088021.0,,11,From same direction - both going straight - both moving - sideswipe,0,0,N
10414,1,-122.37484950000001,47.66220361,13107,25803,25803,1779974,Matched,Block,,NW 46TH ST BETWEEN 14TH AVE NW AND 15TH NB AVE NW,,,1,Property Damage Only Collision,Parked Car,2,0,0,2,2004/02/15 00:00:00+00,2/15/2004 9:52:00 PM,Mid-Block (not related to intersection),13,"MOTOR VEHICLE STRUCK MOTOR VEHICLE, LEFT SIDE AT ANGLE",,1,Clear,Dry,Dark - Street Lights On,,4046004.0,Y,32,One parked--one moving,0,0,N
10415,2,-122.31323400000001,47.6143061,13108,25321,25321,1198264,Matched,Block,,E MADISON ST BETWEEN E PIKE ST AND 15TH AVE,,,2,Injury Collision,Other,1,0,0,1,2004/11/03 00:00:00+00,11/3/2004,Mid-Block (not related to intersection),28,MOTOR VEHICLE RAN OFF ROAD - HIT FIXED OBJECT,Y,0,Clear,Wet,Daylight,,4308036.0,,50,Fixed object,0,0,N
10416,2,-122.3394075,47.57642438,13109,26215,26215,1777266,Matched,Block,,ALASKAN WY VI SB BETWEEN S LANDER ST AND ALASKAN WY VI SB WSB WB OFF RP,,,2,Injury Collision,Sideswipe,6,0,0,2,2004/08/06 00:00:00+00,8/6/2004,Mid-Block (not related to intersection),16,"MOTOR VEHICLE STRUCK MOTOR VEHICLE, LEFT SIDE SIDESWIPE",,0,Raining,Wet,Daylight,,4219037.0,,11,From same direction - both going straight - both moving - sideswipe,0,0,N
10417,2,-122.2946969,47.72018507,13110,25422,25422,1774593,Matched,Block,,LAKE CITY WAY NE BETWEEN NE 125TH ST AND NE 127TH ST,,,2,Injury Collision,Rear Ended,2,0,0,2,2004/02/10 00:00:00+00,2/10/2004 2:40:00 PM,Mid-Block (but intersection related),14,"MOTOR VEHICLE STRUCK MOTOR VEHICLE, REAR END",,0,Clear,Dry,Daylight,,4041022.0,,14,From same direction - both going straight - one stopped - rear-end,0,0,N
10418,1,-122.3302757,47.61495363,13111,26762,26762,1213968,Matched,Block,,BOREN AVE BETWEEN PINE ST AND OLIVE WAY,,,1,Property Damage Only Collision,Rear Ended,3,0,0,2,2004/10/19 00:00:00+00,10/19/2004 10:17:00 AM,Mid-Block (but intersection related),14,"MOTOR VEHICLE STRUCK MOTOR VEHICLE, REAR END",,0,Raining,Wet,Daylight,,4293009.0,,14,From same direction - both going straight - one stopped - rear-end,0,0,N
10419,1,-122.3761636,47.64156384,13112,25271,25271,1772396,Matched,Block,,15TH AVE W BETWEEN W WHEELER ST AND GILMAN DR W,,,1,Property Damage Only Collision,Parked Car,2,0,0,2,2004/09/10 00:00:00+00,9/10/2004 8:06:00 PM,Mid-Block (not related to intersection),14,"MOTOR VEHICLE STRUCK MOTOR VEHICLE, REAR END",Y,0,Raining,Wet,Dark - Street Lights On,,4254013.0,,32,One parked--one moving,0,0,N
10420,2,-122.3548762,47.61503359,13113,25426,25426,1777486,Matched,Intersection,29679.0,ALASKAN WAY AND BROAD ST,,,2,Injury Collision,Other,3,0,0,1,2004/04/23 00:00:00+00,4/23/2004 1:28:00 AM,At Intersection (but not related to intersection),26,MOTOR VEHICLE STRUCK OBJECT IN ROAD,,1,Clear,Dry,Dark - Street Lights On,,4114003.0,,51,Other object,0,0,N
10421,1,-122.33150890000002,47.60371545,13114,25734,25734,1069960,Matched,Block,,CHERRY ST BETWEEN 3RD AVE AND 4TH AVE,,,1,Property Damage Only Collision,Parked Car,2,0,0,2,2004/12/23 00:00:00+00,12/23/2004 7:04:00 PM,Mid-Block (not related to intersection),14,"MOTOR VEHICLE STRUCK MOTOR VEHICLE, REAR END",,0,Clear,Dry,Dark - Street Lights On,,4358011.0,,32,One parked--one moving,0,0,N
10422,1,-122.33728889999999,47.61378465,13115,25808,25808,1334146,Matched,Block,,6TH AVE BETWEEN STEWART ST AND WESTLAKE AVE,,,1,Property Damage Only Collision,Parked Car,3,0,0,2,2004/03/22 00:00:00+00,3/22/2004 1:53:00 PM,Mid-Block (not related to intersection),11,"MOTOR VEHICLE STRUCK MOTOR VEHICLE, FRONT END AT ANGLE",,0,Overcast,Dry,Daylight,,4082006.0,,32,One parked--one moving,0,0,N
10423,1,-122.3341912,47.59829172,13116,25076,25076,1776191,Matched,Intersection,30368.0,1ST AVE S AND S KING ST,,,1,Property Damage Only Collision,Rear Ended,2,0,0,2,2004/07/04 00:00:00+00,7/4/2004,At Intersection (intersection related),14,"MOTOR VEHICLE STRUCK MOTOR VEHICLE, REAR END",,0,Overcast,Dry,Daylight,,4186024.0,,13,From same direction - both going straight - both moving - rear-end,0,0,N
10424,2,-122.35540390000001,47.62457825,13117,26082,26082,1776193,Matched,Intersection,28919.0,1ST AVE N AND MERCER ST,,,2,Injury Collision,Pedestrian,2,1,0,1,2004/08/05 00:00:00+00,8/5/2004,At Intersection (intersection related),24,MOTOR VEHCILE STRUCK PEDESTRIAN,Y,0,Clear,Dry,Daylight,,4218005.0,,2,Vehicle turning left hits pedestrian,0,0,N
10425,1,-122.31696509999999,47.60085286,13118,26411,26411,1181348,Matched,Intersection,30418.0,12TH AVE S AND BOREN AVE S,,,1,Property Damage Only Collision,Angles,2,0,0,2,2004/05/03 00:00:00+00,5/3/2004,At Intersection (intersection related),11,"MOTOR VEHICLE STRUCK MOTOR VEHICLE, FRONT END AT ANGLE",,0,Clear,Dry,Daylight,,4124012.0,,10,Entering at angle,0,0,N
10426,1,-122.32080790000002,47.61581795,13119,26912,26912,1789635,Matched,Block,,BROADWAY BETWEEN E PINE ST AND XW E OLIVE ST,,,1,Property Damage Only Collision,Sideswipe,2,0,0,2,2004/07/27 00:00:00+00,7/27/2004 12:05:00 PM,Mid-Block (but intersection related),16,"MOTOR VEHICLE STRUCK MOTOR VEHICLE, LEFT SIDE SIDESWIPE",,0,Clear,Dry,Daylight,,4209019.0,,11,From same direction - both going straight - both moving - sideswipe,0,0,N
10427,1,-122.3371216,47.62578951,13120,25782,25782,C649387,Matched,Intersection,28745.0,TERRY AVE N AND VALLEY ST,,,1,Property Damage Only Collision,Left Turn,2,0,0,2,2004/11/16 00:00:00+00,11/16/2004 6:45:00 PM,At Intersection (intersection related),11,"MOTOR VEHICLE STRUCK MOTOR VEHICLE, FRONT END AT ANGLE",,0,Unknown,Dry,Dark - Street Lights On,,4321038.0,,28,From opposite direction - one left turn - one straight,0,0,N
10428,1,-122.33701459999999,47.61362233,13121,26198,26198,1777989,Matched,Intersection,29551.0,6TH AVE AND STEWART ST,,,1,Property Damage Only Collision,Sideswipe,5,0,0,2,2004/06/18 00:00:00+00,6/18/2004 12:08:00 PM,At Intersection (intersection related),16,"MOTOR VEHICLE STRUCK MOTOR VEHICLE, LEFT SIDE SIDESWIPE",,0,Clear,Dry,Daylight,,4170033.0,,11,From same direction - both going straight - both moving - sideswipe,0,0,N
10429,1,-122.3125635,47.66126567,13122,27002,27002,1782430,Matched,Block,,NE 45TH ST BETWEEN UNIVERSITY WAY NE AND 15TH AVE NE,,,1,Property Damage Only Collision,Right Turn,3,0,0,2,2004/02/27 00:00:00+00,2/27/2004 7:25:00 PM,Mid-Block (but intersection related),15,"MOTOR VEHICLE STRUCK MOTOR VEHICLE, RIGHT SIDE SIDESWIPE",,0,Clear,Dry,Dark - Street Lights On,,4058037.0,,16,From same direction - one right turn - one straight,0,0,N
10430,1,-122.3351202,47.5882287,13123,26489,26489,1181830,Matched,Intersection,31205.0,UTAH AVE S AND S MASSACHUSETTS ST,,,1,Property Damage Only Collision,Angles,2,0,0,2,2004/01/13 00:00:00+00,1/13/2004 4:45:00 PM,At Intersection (intersection related),11,"MOTOR VEHICLE STRUCK MOTOR VEHICLE, FRONT END AT ANGLE",,0,Clear,Wet,Dusk,,4013035.0,,10,Entering at angle,0,0,N
10431,1,-122.34201940000001,47.70596699,13124,26735,26735,1780643,Matched,Block,,STONE AVE N BETWEEN N NORTHGATE WAY AND N 107TH ST,,,1,Property Damage Only Collision,Parked Car,3,0,0,2,2004/01/27 00:00:00+00,1/27/2004 10:44:00 AM,Driveway Junction,14,"MOTOR VEHICLE STRUCK MOTOR VEHICLE, REAR END",,0,Overcast,Dry,Daylight,,4027008.0,,32,One parked--one moving,0,0,N
10432,1,,,13125,25475,25475,1213601,Matched,Block,,1ST AV S OFF RP BETWEEN ALASKAN WY VI SB AND S ROYAL BROUGHAM WAY,,,1,Property Damage Only Collision,Other,1,0,0,1,2004/04/14 00:00:00+00,4/14/2004 2:07:00 AM,Mid-Block (not related to intersection),26,MOTOR VEHICLE STRUCK OBJECT IN ROAD,,1,Raining,Wet,Dark - Street Lights On,,4105043.0,,50,Fixed object,0,0,N
10433,2,-122.29319369999999,47.72289907,13126,25836,25836,C650861,Matched,Intersection,36052.0,LAKE CITY WAY NE AND NE 130TH ST,,,2,Injury Collision,Rear Ended,2,0,0,2,2004/12/29 00:00:00+00,12/29/2004 11:06:00 AM,At Intersection (intersection related),11,"MOTOR VEHICLE STRUCK MOTOR VEHICLE, FRONT END AT ANGLE",,0,Raining,Wet,Unknown,,4364070.0,,13,From same direction - both going straight - both moving - rear-end,0,0,N
10434,2,-122.3124406,47.59707169,13127,25102,25102,1958264,Matched,Block,,RAINIER AVE S BETWEEN S WELLER ST AND S LANE ST,,,2,Injury Collision,Rear Ended,2,0,0,2,2004/10/10 00:00:00+00,10/10/2004 1:40:00 PM,Mid-Block (but intersection related),14,"MOTOR VEHICLE STRUCK MOTOR VEHICLE, REAR END",,0,Clear,Dry,Daylight,,4284001.0,,14,From same direction - both going straight - one stopped - rear-end,0,0,N
10435,1,-122.29537830000001,47.60799515,13128,26108,26108,1798887,Matched,Block,,E CHERRY ST BETWEEN 28TH AVE AND 29TH AVE,,,1,Property Damage Only Collision,Other,3,0,0,2,2004/09/05 00:00:00+00,9/5/2004,Mid-Block (not related to intersection),11,"MOTOR VEHICLE STRUCK MOTOR VEHICLE, FRONT END AT ANGLE",,0,Clear,Dry,Dark - Street Lights On,,4249008.0,,23,From same direction - all others,0,0,N
10436,2,-122.32065870000001,47.60444659,13131,26778,26778,1316947,Matched,Block,,BOREN AVE BETWEEN E ALDER ST AND BROADWAY,,,2,Injury Collision,Rear Ended,2,0,0,2,2004/04/28 00:00:00+00,4/28/2004 5:24:00 PM,Mid-Block (but intersection related),14,"MOTOR VEHICLE STRUCK MOTOR VEHICLE, REAR END",Y,0,Clear,Dry,Daylight,,4119027.0,,14,From same direction - both going straight - one stopped - rear-end,0,0,N
10437,1,-122.34479520000001,47.71119659,13132,25657,25657,1780844,Matched,Block,,AURORA AVE N BETWEEN N 112TH ST AND N 115TH ST,,,1,Property Damage Only Collision,Rear Ended,3,0,0,2,2004/09/11 00:00:00+00,9/11/2004 1:15:00 AM,Mid-Block (but intersection related),14,"MOTOR VEHICLE STRUCK MOTOR VEHICLE, REAR END",,0,Raining,Wet,Dark - Street Lights On,,4255019.0,Y,14,From same direction - both going straight - one stopped - rear-end,0,0,N
10438,1,-122.3287335,47.60487637,13133,25066,25066,1790614,Matched,Intersection,29963.0,6TH AVE AND CHERRY ST,,,1,Property Damage Only Collision,Left Turn,5,0,0,2,2004/10/13 00:00:00+00,10/13/2004 1:45:00 PM,At Intersection (intersection related),11,"MOTOR VEHICLE STRUCK MOTOR VEHICLE, FRONT END AT ANGLE",,0,Clear,Dry,Daylight,,4287006.0,,15,From same direction - one left turn - one straight,0,0,N
10439,2,-122.34679150000001,47.53262667,13134,26357,26357,1790604,Matched,Block,,HIGHLAND PARK WAY SW BETWEEN SW PORTLAND ST AND 9TH AVE SW,,,2,Injury Collision,Parked Car,2,0,0,2,2004/07/10 00:00:00+00,7/10/2004 11:39:00 AM,Mid-Block (not related to intersection),14,"MOTOR VEHICLE STRUCK MOTOR VEHICLE, REAR END",Y,0,Clear,Dry,Daylight,,4192011.0,,32,One parked--one moving,0,0,N
10440,1,,,13138,25774,25774,1783269,Matched,Block,,ALASKAN WY VI NB BETWEEN SENECA ST OFF RP AND WESTERN AV OFF RP,,,1,Property Damage Only Collision,Other,1,0,0,1,2004/11/25 00:00:00+00,11/25/2004 10:18:00 AM,Mid-Block (not related to intersection),26,MOTOR VEHICLE STRUCK OBJECT IN ROAD,,0,Raining,Wet,Daylight,,4330005.0,Y,50,Fixed object,0,0,N
10441,1,-122.32399579999999,47.64449157,13139,25193,25193,1214273,Matched,Block,,E EDGAR ST BETWEEN FRANKLIN AVE E AND BOYLSTON AVE E,,,1,Property Damage Only Collision,Parked Car,2,0,0,2,2004/09/17 00:00:00+00,9/17/2004 5:00:00 PM,Mid-Block (not related to intersection),14,"MOTOR VEHICLE STRUCK MOTOR VEHICLE, REAR END",,0,Unknown,Unknown,Daylight,,4261034.0,,32,One parked--one moving,0,0,N
10442,1,,,13141,26178,26178,1316639,Matched,Block,,COLUMBIA ST ON RP BETWEEN 1ST AVE AND ALASKAN WY VI SB,,,1,Property Damage Only Collision,Sideswipe,4,0,0,2,2004/03/01 00:00:00+00,3/1/2004,Mid-Block (not related to intersection),16,"MOTOR VEHICLE STRUCK MOTOR VEHICLE, LEFT SIDE SIDESWIPE",Y,0,Clear,Dry,Daylight,,4061026.0,,11,From same direction - both going straight - both moving - sideswipe,0,0,N
10443,1,-122.31466840000002,47.58636713,13142,26580,26580,1772876,Matched,Intersection,31246.0,14TH AVE S AND S HOLGATE ST,,,1,Property Damage Only Collision,Other,4,0,0,2,2004/04/16 00:00:00+00,4/16/2004 8:58:00 AM,At Intersection (intersection related),11,"MOTOR VEHICLE STRUCK MOTOR VEHICLE, FRONT END AT ANGLE",,0,Raining,Wet,Daylight,,4107010.0,,23,From same direction - all others,0,0,N
10444,1,-122.3375632,47.61394697,13143,25606,25606,1478448,Matched,Intersection,29550.0,6TH AVE AND WESTLAKE AVE,,,1,Property Damage Only Collision,Parked Car,3,0,0,2,2004/08/11 00:00:00+00,8/11/2004 9:20:00 AM,At Intersection (intersection related),16,"MOTOR VEHICLE STRUCK MOTOR VEHICLE, LEFT SIDE SIDESWIPE",,0,Overcast,Dry,Daylight,,4224046.0,,20,One car leaving parked position,0,0,N
10445,2,-122.2969473,47.57103326,13144,25824,25824,1773311,Matched,Block,,M L KING JR WR WAY S BETWEEN S DELLA ST AND S CHARLESTOWN ST,,,2,Injury Collision,Rear Ended,3,0,0,2,2004/10/01 00:00:00+00,10/1/2004,Mid-Block (not related to intersection),14,"MOTOR VEHICLE STRUCK MOTOR VEHICLE, REAR END",,0,Clear,Dry,Daylight,,4275001.0,,14,From same direction - both going straight - one stopped - rear-end,0,0,N
10446,2,-122.3875847,47.6759485,13146,26099,26099,1775724,Matched,Intersection,23943.0,24TH AVE NW AND NW 65TH ST,,,2,Injury Collision,Pedestrian,2,1,0,1,2004/03/08 00:00:00+00,3/8/2004,At Intersection (intersection related),24,MOTOR VEHCILE STRUCK PEDESTRIAN,,0,Clear,Dry,Daylight,,4068040.0,,1,Vehicle turning right hits pedestrian,0,0,N
10447,1,-122.34888070000001,47.61242925,13147,26427,26427,1479549,Matched,Block,,ELLIOTT AVE BETWEEN BELL ST AND BATTERY ST,,,1,Property Damage Only Collision,Parked Car,3,0,0,3,2004/02/06 00:00:00+00,2/6/2004,Mid-Block (not related to intersection),14,"MOTOR VEHICLE STRUCK MOTOR VEHICLE, REAR END",Y,0,Raining,Wet,Dark - Street Lights On,,4037012.0,,32,One parked--one moving,0,0,N
10448,1,-122.34494679999999,47.72048199,13148,26845,26845,1776025,Matched,Block,,AURORA AVE N BETWEEN N 125TH ST AND N 127TH ST,,,1,Property Damage Only Collision,Rear Ended,2,0,0,2,2004/04/02 00:00:00+00,4/2/2004,Mid-Block (not related to intersection),14,"MOTOR VEHICLE STRUCK MOTOR VEHICLE, REAR END",Y,0,Clear,Dry,Daylight,,4093011.0,,14,From same direction - both going straight - one stopped - rear-end,0,0,N
10449,2,-122.3143362,47.62112275,13150,24915,24915,1799126,Matched,Intersection,29037.0,14TH AVE E AND E THOMAS E ST,,,2,Injury Collision,Cycles,2,0,1,1,2004/09/30 00:00:00+00,9/30/2004 8:16:00 PM,At Intersection (intersection related),51,PEDALCYCLIST STRUCK MOTOR VEHICLE FRONT END AT ANGLE,,0,Overcast,Dry,Dark - Street Lights On,,4274026.0,,45,Vehicle - Pedalcyclist,0,0,N
10450,1,-122.302329,47.65499523,13151,26496,26496,1780428,Matched,Block,,MONTLAKE BLVD NE BETWEEN NE PACIFIC PL AND 25TH AVE NE,,,1,Property Damage Only Collision,Sideswipe,2,0,0,2,2004/01/15 00:00:00+00,1/15/2004 7:30:00 AM,Mid-Block (not related to intersection),16,"MOTOR VEHICLE STRUCK MOTOR VEHICLE, LEFT SIDE SIDESWIPE",,0,Overcast,Wet,Dawn,,4015012.0,,11,From same direction - both going straight - both moving - sideswipe,0,0,N
10451,1,-122.2726434,47.53418533,13152,25706,25706,1779122,Matched,Block,,48TH AVE S BETWEEN S AUSTIN ST AND S HOLDEN ST,,,1,Property Damage Only Collision,Other,3,0,0,3,2004/09/26 00:00:00+00,9/26/2004 3:50:00 AM,Mid-Block (but intersection related),26,MOTOR VEHICLE STRUCK OBJECT IN ROAD,,0,Clear,Dry,Dark - Street Lights On,,4270010.0,,50,Fixed object,0,0,N
10452,1,-122.30730049999998,47.5928773,13154,24853,24853,1216739,Matched,Block,,S BUSH PL BETWEEN HIAWATHA PL S AND DAVIS PL S,,,1,Property Damage Only Collision,Parked Car,2,0,0,2,2004/08/14 00:00:00+00,8/14/2004 9:10:00 PM,Mid-Block (not related to intersection),14,"MOTOR VEHICLE STRUCK MOTOR VEHICLE, REAR END",,0,Clear,Dry,Dark - Street Lights On,,4227032.0,,32,One parked--one moving,0,0,N
10453,2,-122.3065187,47.6757785,13155,25915,25915,527908,Matched,Intersection,24799.0,20TH AVE NE AND NE 65TH ST,,,2,Injury Collision,Left Turn,0,0,0,2,2004/04/17 00:00:00+00,4/17/2004 9:16:00 PM,At Intersection (intersection related),11,"MOTOR VEHICLE STRUCK MOTOR VEHICLE, FRONT END AT ANGLE",,0,Clear,Dry,Dark - Street Lights On,,4108021.0,,28,From opposite direction - one left turn - one straight,0,0,N
10454,2,-122.40943659999999,47.57588837,13156,25186,25186,1781333,Matched,Intersection,30988.0,60TH AVE SW AND SW ADMIRAL WAY,,,2,Injury Collision,Pedestrian,2,1,0,1,2004/04/30 00:00:00+00,4/30/2004 7:00:00 AM,At Intersection (intersection related),24,MOTOR VEHCILE STRUCK PEDESTRIAN,,0,Clear,Dry,Daylight,Y,4121038.0,,0,Vehicle going straight hits pedestrian,0,0,N
10455,2,-122.39570400000001,47.63591883,13157,26475,26475,1482495,Matched,Intersection,27715.0,30TH AVE W AND W HOWE ST,,,2,Injury Collision,Angles,2,0,0,2,2004/11/25 00:00:00+00,11/25/2004 9:15:00 PM,At Intersection (intersection related),11,"MOTOR VEHICLE STRUCK MOTOR VEHICLE, FRONT END AT ANGLE",,0,Clear,Dry,Dark - Street Lights On,,4330017.0,,10,Entering at angle,0,0,N
10456,1,-122.3289675,47.59919689,13159,25717,25717,1482757,Matched,Intersection,30509.0,4TH AVE S AND S JACKSON ST,,,1,Property Damage Only Collision,Sideswipe,3,0,0,2,2004/07/25 00:00:00+00,7/25/2004 3:55:00 AM,At Intersection (intersection related),16,"MOTOR VEHICLE STRUCK MOTOR VEHICLE, LEFT SIDE SIDESWIPE",,0,Clear,Dry,Dark - Street Lights On,,4207027.0,,11,From same direction - both going straight - both moving - sideswipe,0,0,N
10457,1,-122.35953390000002,47.65414646,13160,25456,25456,1781985,Matched,Block,,NW 39TH ST BETWEEN 2ND AVE NW AND LEARY WAY NW,,,1,Property Damage Only Collision,Other,2,0,0,2,2004/06/19 00:00:00+00,6/19/2004 9:50:00 AM,Mid-Block (but intersection related),11,"MOTOR VEHICLE STRUCK MOTOR VEHICLE, FRONT END AT ANGLE",,0,Clear,Dry,Daylight,,4171012.0,,23,From same direction - all others,0,0,N
10458,2,-122.31250779999999,47.66489678,13161,25822,25822,1211995,Matched,Block,,NE 50TH ST BETWEEN UNIVERSITY WAY NE AND 15TH AVE NE,,,2,Injury Collision,Rear Ended,2,0,0,2,2004/01/31 00:00:00+00,1/31/2004 1:36:00 AM,Mid-Block (but intersection related),14,"MOTOR VEHICLE STRUCK MOTOR VEHICLE, REAR END",,0,Clear,Dry,Dark - Street Lights On,,4031041.0,Y,14,From same direction - both going straight - one stopped - rear-end,0,0,N
10459,1,-122.30432730000001,47.64431282,13162,24942,24942,1772563,Matched,Block,,MONTLAKE BLVD E BETWEEN EAST MONTLAKE PL E AND SR520 WB MONTLAKE BV OFF RP,,,1,Property Damage Only Collision,Rear Ended,3,0,0,2,2004/06/28 00:00:00+00,6/28/2004 1:40:00 PM,Mid-Block (not related to intersection),14,"MOTOR VEHICLE STRUCK MOTOR VEHICLE, REAR END",,0,Clear,Dry,Daylight,,4180028.0,,13,From same direction - both going straight - both moving - rear-end,0,0,N