,SEVERITYCODE,X,Y,OBJECTID,INCKEY,COLDETKEY,REPORTNO,STATUS,ADDRTYPE,INTKEY,LOCATION,EXCEPTRSNCODE,EXCEPTRSNDESC,SEVERITYCODE.1,SEVERITYDESC,COLLISIONTYPE,PERSONCOUNT,PEDCOUNT,PEDCYLCOUNT,VEHCOUNT,INCDATE,INCDTTM,JUNCTIONTYPE,SDOT_COLCODE,SDOT_COLDESC,INATTENTIONIND,UNDERINFL,WEATHER,ROADCOND,LIGHTCOND,PEDROWNOTGRNT,SDOTCOLNUM,SPEEDING,ST_COLCODE,ST_COLDESC,SEGLANEKEY,CROSSWALKKEY,HITPARKEDCAR
10460,2,-122.3456585,47.619732299999995,13163,26232,26232,1784863,Matched,Block,,JOHN ST BETWEEN TAYLOR AVE N AND 6TH AVE N,,,2,Injury Collision,Parked Car,3,0,0,3,2004/11/21 00:00:00+00,11/21/2004 2:11:00 AM,Mid-Block (not related to intersection),16,"MOTOR VEHICLE STRUCK MOTOR VEHICLE, LEFT SIDE SIDESWIPE",,0,Clear,Dry,Dark - Street Lights On,,4326026.0,Y,32,One parked--one moving,0,0,N
10461,1,-122.33647930000001,47.62454525,13165,26698,26698,1482379,Matched,Block,,MERCER SR ST BETWEEN TERRY AVE N AND BOREN AVE N,,,1,Property Damage Only Collision,Rear Ended,2,0,0,2,2004/05/06 00:00:00+00,5/6/2004,Mid-Block (not related to intersection),14,"MOTOR VEHICLE STRUCK MOTOR VEHICLE, REAR END",,0,Clear,Dry,Daylight,,4127030.0,,14,From same direction - both going straight - one stopped - rear-end,0,0,N
10462,1,-122.3408879,47.69053492,13166,26449,26449,1219877,Matched,Block,,N 85TH ST BETWEEN STONE E AVE N AND INTERLAKE W AVE N,,,1,Property Damage Only Collision,Rear Ended,6,0,0,2,2004/10/17 00:00:00+00,10/17/2004 2:00:00 PM,Mid-Block (but intersection related),14,"MOTOR VEHICLE STRUCK MOTOR VEHICLE, REAR END",Y,0,Overcast,Wet,Daylight,,4291031.0,,13,From same direction - both going straight - both moving - rear-end,0,0,N
10463,2,-122.33254869999999,47.66138088,13167,26723,26723,1079957,Matched,Intersection,27187.0,BAGLEY AVE N AND N 45TH ST,,,2,Injury Collision,Angles,7,0,0,2,2004/07/04 00:00:00+00,7/4/2004,At Intersection (intersection related),11,"MOTOR VEHICLE STRUCK MOTOR VEHICLE, FRONT END AT ANGLE",Y,0,Clear,Dry,Dark - Street Lights On,,4186014.0,,10,Entering at angle,0,0,N
10464,1,-122.3390138,47.60500937,13168,26324,26324,1216963,Matched,Block,,ALASKAN E RDWY WAY BETWEEN SPRING ST AND SENECA ST,,,1,Property Damage Only Collision,Other,2,0,0,2,2004/07/25 00:00:00+00,7/25/2004 2:00:00 PM,Mid-Block (not related to intersection),11,"MOTOR VEHICLE STRUCK MOTOR VEHICLE, FRONT END AT ANGLE",,0,Clear,Dry,Daylight,,4207010.0,,23,From same direction - all others,0,0,N
10465,2,-122.3202933,47.59582679,13169,26746,26746,1213666,Matched,Block,,S DEARBORN ST BETWEEN DEARBORN OFF RP AND DEARBORN ST OFF RP,,,2,Injury Collision,Rear Ended,3,0,0,2,2004/04/15 00:00:00+00,4/15/2004 10:14:00 AM,Mid-Block (but intersection related),14,"MOTOR VEHICLE STRUCK MOTOR VEHICLE, REAR END",,0,Clear,Dry,Daylight,,4106020.0,,14,From same direction - both going straight - one stopped - rear-end,0,0,N
10466,2,-122.3207987,47.61523531,13170,25114,25114,1007500,Matched,Intersection,29736.0,BROADWAY AND E PINE ST,,,2,Injury Collision,Pedestrian,2,1,0,1,2004/04/30 00:00:00+00,4/30/2004 5:16:00 PM,At Intersection (intersection related),24,MOTOR VEHCILE STRUCK PEDESTRIAN,,0,Clear,Dry,Daylight,Y,4121037.0,,0,Vehicle going straight hits pedestrian,0,0,N
10467,1,-122.3141695,47.60555586,13171,25406,25406,1771983,Matched,Intersection,29824.0,14TH AVE AND E REMINGTON CT,,,1,Property Damage Only Collision,Head On,3,0,0,2,2004/04/01 00:00:00+00,4/1/2004,At Intersection (intersection related),11,"MOTOR VEHICLE STRUCK MOTOR VEHICLE, FRONT END AT ANGLE",,0,Clear,Dry,Daylight,,4092020.0,,30,From opposite direction - all others,0,0,N
10468,2,-122.3747847,47.69061784,13172,24829,24829,1778338,Matched,Block,,NW 85TH ST BETWEEN 14TH AVE NW AND MARY AVE NW,,,2,Injury Collision,Rear Ended,3,0,0,3,2004/01/09 00:00:00+00,1/9/2004,Mid-Block (but intersection related),14,"MOTOR VEHICLE STRUCK MOTOR VEHICLE, REAR END",,0,Raining,Wet,Dark - Street Lights On,,4009028.0,,14,From same direction - both going straight - one stopped - rear-end,0,0,N
10469,1,-122.2621818,47.52019046,13173,26255,26255,1771786,Matched,Block,,RAINIER AVE S BETWEEN SEWARD PARK AVE S AND 57TH AVE S,,,1,Property Damage Only Collision,Other,2,0,0,2,2004/11/11 00:00:00+00,11/11/2004 5:59:00 PM,Driveway Junction,11,"MOTOR VEHICLE STRUCK MOTOR VEHICLE, FRONT END AT ANGLE",,0,Clear,Dry,Dark - Street Lights On,,4316008.0,,22,One car leaving driveway access,0,0,N
10470,1,-122.37490430000001,47.6530814,13175,25715,25715,1079735,Matched,Block,,14TH AVE W BETWEEN W RUFFNER ST AND W EMERSON ST,,,1,Property Damage Only Collision,Parked Car,2,0,0,2,2004/07/22 00:00:00+00,7/22/2004 12:01:00 AM,Mid-Block (not related to intersection),0,NOT ENOUGH INFORMATION / NOT APPLICABLE,,0,Clear,Dry,Dark - Street Lights On,,4204017.0,,32,One parked--one moving,0,0,N
10471,1,-122.3698722,47.69063892,13176,25730,25730,1793777,Matched,Block,,NW 85TH ST BETWEEN 10TH AVE NW AND 11TH AVE NW,,,1,Property Damage Only Collision,Parked Car,3,0,0,3,2004/05/20 00:00:00+00,5/20/2004 12:05:00 AM,Mid-Block (not related to intersection),16,"MOTOR VEHICLE STRUCK MOTOR VEHICLE, LEFT SIDE SIDESWIPE",,1,Clear,Dry,Dark - Street Lights On,,4141001.0,,32,One parked--one moving,0,0,N
10472,1,-122.286098,47.570681799999996,13177,26780,26780,1771676,Matched,Intersection,32658.0,37TH AVE S AND S COURT ST,,,1,Property Damage Only Collision,Parked Car,3,0,0,3,2004/02/06 00:00:00+00,2/6/2004,At Intersection (intersection related),15,"MOTOR VEHICLE STRUCK MOTOR VEHICLE, RIGHT SIDE SIDESWIPE",,0,Overcast,Dry,Dark - Street Lights On,,4037003.0,,32,One parked--one moving,0,0,N
10473,1,-122.35530630000001,47.69150544,13178,25516,25516,1782844,Matched,Block,,GREENWOOD AVE N BETWEEN N 85TH ST AND N 87TH ST,,,1,Property Damage Only Collision,Other,2,0,0,2,2004/04/23 00:00:00+00,4/23/2004 11:55:00 AM,Mid-Block (but intersection related),11,"MOTOR VEHICLE STRUCK MOTOR VEHICLE, FRONT END AT ANGLE",Y,0,Clear,Dry,Daylight,,4114028.0,,23,From same direction - all others,0,0,N
10474,1,-122.386804,47.56021698,13179,24928,24928,1219901,Matched,Block,,CALIFORNIA AVE SW BETWEEN SW ALASKA ST AND ERSKINE WAY SW,,,1,Property Damage Only Collision,Parked Car,2,0,0,2,2004/10/09 00:00:00+00,10/9/2004,Mid-Block (not related to intersection),11,"MOTOR VEHICLE STRUCK MOTOR VEHICLE, FRONT END AT ANGLE",,0,Unknown,Unknown,Daylight,,4283017.0,,20,One car leaving parked position,0,0,N
10475,1,-122.3235443,47.62313893,13180,26369,26369,1789854,Matched,Block,,E REPUBLICAN ST BETWEEN BELMONT AVE E AND BOYLSTON AVE E,,,1,Property Damage Only Collision,Parked Car,2,0,0,2,2004/01/27 00:00:00+00,1/27/2004 2:31:00 PM,Mid-Block (not related to intersection),11,"MOTOR VEHICLE STRUCK MOTOR VEHICLE, FRONT END AT ANGLE",,0,Clear,Dry,Daylight,,4027010.0,,32,One parked--one moving,0,0,N
10476,2,-122.3097241,47.66125953,13183,25279,25279,1634973,Matched,Intersection,26076.0,17TH SB AVE NE AND NE 45TH ST,,,2,Injury Collision,Angles,3,0,0,2,2004/06/11 00:00:00+00,6/11/2004 7:50:00 PM,At Intersection (intersection related),11,"MOTOR VEHICLE STRUCK MOTOR VEHICLE, FRONT END AT ANGLE",,0,Overcast,Wet,Dusk,,4163050.0,,10,Entering at angle,0,0,N
10477,1,-122.26998789999999,47.52281564,13185,24909,24909,1793351,Matched,Block,,RAINIER AVE S BETWEEN S HENDERSON ST AND S DIRECTOR N ST,,,1,Property Damage Only Collision,Rear Ended,3,0,0,2,2004/08/23 00:00:00+00,8/23/2004 6:40:00 PM,Mid-Block (not related to intersection),14,"MOTOR VEHICLE STRUCK MOTOR VEHICLE, REAR END",,0,Clear,Dry,Daylight,,4236007.0,,14,From same direction - both going straight - one stopped - rear-end,0,0,N
10478,1,-122.2826025,47.53978646,13186,26564,26564,1771482,Matched,Block,,M L KING JR WR WAY S BETWEEN S WILLOW ST AND S MYRTLE ST,,,1,Property Damage Only Collision,Rear Ended,2,0,0,2,2004/03/23 00:00:00+00,3/23/2004 5:06:00 PM,Mid-Block (but intersection related),14,"MOTOR VEHICLE STRUCK MOTOR VEHICLE, REAR END",,0,Raining,Wet,Daylight,,4083016.0,,14,From same direction - both going straight - one stopped - rear-end,0,0,N
10479,1,-122.31756259999999,47.61876373,13187,26026,26026,1326999,Matched,Block,,E DENNY WAY BETWEEN 11TH AVE AND 12TH AVE,,,1,Property Damage Only Collision,Parked Car,2,0,0,2,2004/06/25 00:00:00+00,6/25/2004 1:06:00 PM,Mid-Block (not related to intersection),16,"MOTOR VEHICLE STRUCK MOTOR VEHICLE, LEFT SIDE SIDESWIPE",,0,Clear,Dry,Daylight,,4177029.0,,32,One parked--one moving,0,0,N
10480,1,-122.30735049999998,47.62048728,13188,26875,26875,C650862,Matched,Intersection,29366.0,19TH AVE E AND E THOMAS ST,,,1,Property Damage Only Collision,Angles,2,0,0,2,2004/12/29 00:00:00+00,12/29/2004 11:00:00 AM,At Intersection (intersection related),11,"MOTOR VEHICLE STRUCK MOTOR VEHICLE, FRONT END AT ANGLE",,0,Raining,Wet,Daylight,,4364071.0,,10,Entering at angle,0,0,N
10481,1,-122.3134105,47.58080411,13189,25894,25894,1793977,Matched,Block,,15TH AVE S BETWEEN S BAYVIEW ST AND BEACON AVE S,,,1,Property Damage Only Collision,Rear Ended,2,0,0,2,2004/09/23 00:00:00+00,9/23/2004 7:49:00 AM,Mid-Block (not related to intersection),14,"MOTOR VEHICLE STRUCK MOTOR VEHICLE, REAR END",,0,Raining,Wet,Daylight,,4267007.0,,13,From same direction - both going straight - both moving - rear-end,0,0,N
10482,1,-122.2672602,47.53842209,13191,25334,25334,1771600,Matched,Block,,SEWARD PARK AVE S BETWEEN S MYRTLE ST AND S ORCHARD ST,,,1,Property Damage Only Collision,Other,1,0,0,1,2004/09/23 00:00:00+00,9/23/2004 4:58:00 AM,Mid-Block (not related to intersection),28,MOTOR VEHICLE RAN OFF ROAD - HIT FIXED OBJECT,,0,Overcast,Wet,Dark - Street Lights On,,4267022.0,,50,Fixed object,0,0,N
10483,2,-122.35336559999999,47.61625304,13193,26151,26151,1213507,Matched,Intersection,29678.0,BROAD ST AND WESTERN AVE,,,2,Injury Collision,Angles,6,0,0,4,2004/04/03 00:00:00+00,4/3/2004,At Intersection (intersection related),11,"MOTOR VEHICLE STRUCK MOTOR VEHICLE, FRONT END AT ANGLE",,0,Clear,Dry,Daylight,,4094038.0,,10,Entering at angle,0,0,N
10484,1,-122.36065430000001,47.68290503,13194,26706,26706,1780944,Matched,Block,,3RD AVE NW BETWEEN NW 74TH ST AND NW 75TH ST,,,1,Property Damage Only Collision,Other,2,0,0,2,2004/05/04 00:00:00+00,5/4/2004,Driveway Junction,11,"MOTOR VEHICLE STRUCK MOTOR VEHICLE, FRONT END AT ANGLE",,0,Clear,Dry,Daylight,,4125027.0,,22,One car leaving driveway access,0,0,N
10485,2,-122.34245690000002,47.65502267,13196,25509,25509,1780488,Matched,Block,,STONE WAY N BETWEEN BRIDGE WAY N AND N 40TH ST,,,2,Injury Collision,Rear Ended,2,0,0,2,2004/05/18 00:00:00+00,5/18/2004 5:40:00 PM,Mid-Block (but intersection related),14,"MOTOR VEHICLE STRUCK MOTOR VEHICLE, REAR END",Y,0,Clear,Dry,Daylight,,4139010.0,,14,From same direction - both going straight - one stopped - rear-end,0,0,N
10486,2,-122.2764033,47.52331234,13197,25213,25213,1772943,Matched,Intersection,35274.0,RENTON AVE S AND S HENDERSON ST,,,2,Injury Collision,Angles,4,0,0,2,2004/09/13 00:00:00+00,9/13/2004 2:10:00 PM,At Intersection (intersection related),11,"MOTOR VEHICLE STRUCK MOTOR VEHICLE, FRONT END AT ANGLE",,0,Clear,Dry,Daylight,,4257018.0,,10,Entering at angle,0,0,N
10487,1,-122.3876035,47.66818457,13198,26479,26479,1783453,Matched,Block,,24TH AVE NW BETWEEN NW 54TH ST AND SHILSHOLE AVE NW,,,1,Property Damage Only Collision,Parked Car,2,0,0,2,2004/08/24 00:00:00+00,8/24/2004 4:10:00 PM,Mid-Block (not related to intersection),12,"MOTOR VEHICLE STRUCK MOTOR VEHICLE, RIGHT SIDE AT ANGLE",,0,Unknown,Unknown,Daylight,,4237019.0,,32,One parked--one moving,0,0,N
10488,2,-122.31428580000001,47.66127698,13199,26265,26265,1774495,Matched,Intersection,27063.0,BROOKLYN AVE NE AND NE 45TH ST,,,2,Injury Collision,Pedestrian,2,1,0,1,2004/09/15 00:00:00+00,9/15/2004 1:30:00 PM,At Intersection (intersection related),24,MOTOR VEHCILE STRUCK PEDESTRIAN,,0,Overcast,Dry,Daylight,Y,4259003.0,,1,Vehicle turning right hits pedestrian,0,0,N
10489,2,-122.34983490000002,47.65043102,13200,26751,26751,1080131,Matched,Intersection,27035.0,FREMONT AVE N AND FREMONT PL N,,,2,Injury Collision,Left Turn,2,0,0,2,2004/08/11 00:00:00+00,8/11/2004 1:47:00 PM,At Intersection (intersection related),11,"MOTOR VEHICLE STRUCK MOTOR VEHICLE, FRONT END AT ANGLE",,0,Clear,Dry,Daylight,,4224037.0,,28,From opposite direction - one left turn - one straight,0,0,N
10490,1,-122.38676650000001,47.57072552,13201,24848,24848,1781302,Matched,Block,,CALIFORNIA AVE SW BETWEEN SW MANNING ST AND SW CHARLESTOWN ST,,,1,Property Damage Only Collision,Parked Car,2,0,0,2,2004/05/19 00:00:00+00,5/19/2004 6:00:00 AM,Mid-Block (not related to intersection),14,"MOTOR VEHICLE STRUCK MOTOR VEHICLE, REAR END",Y,0,Clear,Dry,Daylight,,4140014.0,,32,One parked--one moving,0,0,N
10491,2,-122.34825490000001,47.61114197,13202,25485,25485,1181750,Matched,Block,,ALASKAN WAY BETWEEN BLANCHARD ST AND XW BELL ST,,,2,Injury Collision,Sideswipe,4,0,0,2,2004/07/26 00:00:00+00,7/26/2004 8:04:00 PM,Mid-Block (not related to intersection),11,"MOTOR VEHICLE STRUCK MOTOR VEHICLE, FRONT END AT ANGLE",,0,Clear,Dry,Daylight,,4208024.0,,11,From same direction - both going straight - both moving - sideswipe,0,0,N
10492,1,-122.3027274,47.61226406,13204,26192,26192,1477835,Matched,Block,,23RD AVE BETWEEN E SPRING ST AND E UNION ST,,,1,Property Damage Only Collision,Parked Car,3,0,0,2,2004/04/26 00:00:00+00,4/26/2004 8:03:00 PM,Mid-Block (not related to intersection),14,"MOTOR VEHICLE STRUCK MOTOR VEHICLE, REAR END",,0,Clear,Dry,Daylight,,4117013.0,,32,One parked--one moving,0,0,N
10493,1,-122.34762109999998,47.61857116,13205,26021,26021,C649717,Matched,Intersection,29653.0,5TH AVE AND DENNY WAY,,,1,Property Damage Only Collision,Right Turn,2,0,0,2,2004/12/04 00:00:00+00,12/4/2004,At Intersection (intersection related),11,"MOTOR VEHICLE STRUCK MOTOR VEHICLE, FRONT END AT ANGLE",,0,Raining,Dry,Dark - Street Lights On,,4339075.0,,16,From same direction - one right turn - one straight,0,0,N
10494,1,-122.33522830000001,47.60610427,13206,27009,27009,1777523,Matched,Block,,SPRING ST BETWEEN 2ND AVE AND 3RD AVE,,,1,Property Damage Only Collision,Other,2,0,0,2,2004/06/18 00:00:00+00,6/18/2004 12:51:00 PM,Driveway Junction,11,"MOTOR VEHICLE STRUCK MOTOR VEHICLE, FRONT END AT ANGLE",,0,Clear,Dry,Daylight,,4170019.0,,23,From same direction - all others,0,0,N
10495,1,-122.33224409999998,47.61207057,13207,25466,25466,1213318,Matched,Intersection,29893.0,8TH AVE AND PIKE ST,,,1,Property Damage Only Collision,Angles,6,0,0,2,2004/01/18 00:00:00+00,1/18/2004 8:10:00 PM,At Intersection (intersection related),11,"MOTOR VEHICLE STRUCK MOTOR VEHICLE, FRONT END AT ANGLE",,0,Clear,Dry,Dark - Street Lights On,,4018008.0,,10,Entering at angle,0,0,N
10496,1,-122.38641270000001,47.54848208,13209,25357,25357,1781433,Matched,Block,,SW RAYMOND ST BETWEEN 42ND AVE SW AND CALIFORNIA AVE SW,,,1,Property Damage Only Collision,Parked Car,2,0,0,2,2004/06/12 00:00:00+00,6/12/2004 11:20:00 PM,Mid-Block (not related to intersection),11,"MOTOR VEHICLE STRUCK MOTOR VEHICLE, FRONT END AT ANGLE",,0,Raining,Wet,Dark - Street Lights On,,4164011.0,,32,One parked--one moving,0,0,N
10497,2,-122.33392659999998,47.64686731,13210,26237,26237,1794982,Matched,Intersection,27281.0,MERIDIAN AVE N AND N NORTHLAKE WAY,,,2,Injury Collision,Cycles,2,0,1,1,2004/09/11 00:00:00+00,9/11/2004 12:25:00 PM,At Intersection (intersection related),18,"MOTOR VEHICLE STRUCK PEDALCYCLIST, FRONT END AT ANGLE",,0,Clear,Dry,Daylight,Y,4255011.0,,45,Vehicle - Pedalcyclist,0,0,N
10498,1,-122.3222382,47.60364596,13213,25351,25351,1788436,Matched,Block,,ALDER ST BETWEEN 9TH AVE AND TERRY AVE,,,1,Property Damage Only Collision,Parked Car,2,0,0,2,2004/08/26 00:00:00+00,8/26/2004 2:35:00 PM,Mid-Block (not related to intersection),13,"MOTOR VEHICLE STRUCK MOTOR VEHICLE, LEFT SIDE AT ANGLE",,0,Clear,Dry,Daylight,,4239021.0,,32,One parked--one moving,0,0,N
10499,1,-122.3563743,47.61802774,13214,26064,26064,1776778,Matched,Block,,WESTERN AVE BETWEEN BAY ST AND QUEEN ANNE AVE,,,1,Property Damage Only Collision,Parked Car,2,0,0,2,2004/05/12 00:00:00+00,5/12/2004 9:08:00 AM,Mid-Block (not related to intersection),11,"MOTOR VEHICLE STRUCK MOTOR VEHICLE, FRONT END AT ANGLE",,0,Unknown,Unknown,Unknown,,4133029.0,,32,One parked--one moving,0,0,N
10500,2,-122.2744748,47.530306200000005,13215,25844,25844,1783958,Matched,Block,,46TH AVE S BETWEEN S KENYON E ST AND S ROSE ST,,,2,Injury Collision,Other,1,0,0,1,2004/11/23 00:00:00+00,11/23/2004 1:37:00 PM,Mid-Block (not related to intersection),28,MOTOR VEHICLE RAN OFF ROAD - HIT FIXED OBJECT,,0,Overcast,Wet,Daylight,,4328011.0,Y,50,Fixed object,0,0,N
10501,1,-122.35374650000001,47.61530635,13216,27019,27019,1778142,Matched,Block,,ELLIOTT AVE BETWEEN CLAY ST AND BROAD ST,,,1,Property Damage Only Collision,Rear Ended,4,0,0,2,2004/05/29 00:00:00+00,5/29/2004 6:23:00 PM,Mid-Block (not related to intersection),14,"MOTOR VEHICLE STRUCK MOTOR VEHICLE, REAR END",,0,Clear,Dry,Daylight,,4150030.0,,14,From same direction - both going straight - one stopped - rear-end,0,0,N
10502,1,,,13218,25769,25769,1069479,Matched,Block,,BATTERY ST TUNNEL SB BETWEEN AURORA AVE N AND ALASKAN WY VI SB,,,1,Property Damage Only Collision,Other,2,0,0,1,2004/11/24 00:00:00+00,11/24/2004 9:14:00 PM,Mid-Block (not related to intersection),26,MOTOR VEHICLE STRUCK OBJECT IN ROAD,,0,Raining,Wet,Dark - Street Lights On,,4329016.0,Y,50,Fixed object,0,0,N
10503,1,-122.3119374,47.66489281,13219,24895,24895,1779749,Matched,Intersection,26052.0,15TH AVE NE AND NE 50TH ST,,,1,Property Damage Only Collision,Left Turn,4,0,0,2,2004/06/13 00:00:00+00,6/13/2004 1:14:00 PM,At Intersection (intersection related),11,"MOTOR VEHICLE STRUCK MOTOR VEHICLE, FRONT END AT ANGLE",,0,Clear,Dry,Daylight,,4165021.0,,28,From opposite direction - one left turn - one straight,0,0,N
10504,1,-122.34975370000001,47.64687976,13220,26473,26473,1482270,Matched,Intersection,28045.0,4TH AVE N AND FREMONT BR,,,1,Property Damage Only Collision,Sideswipe,2,0,0,2,2004/06/04 00:00:00+00,6/4/2004,At Intersection (but not related to intersection),16,"MOTOR VEHICLE STRUCK MOTOR VEHICLE, LEFT SIDE SIDESWIPE",,0,Clear,Dry,Daylight,,4156035.0,,12,From same direction - both going straight - one stopped - sideswipe,0,0,N
10505,1,-122.3436982,47.61913665,13221,25601,25601,1216825,Matched,Block,,7TH SB AVE N BETWEEN DENNY WAY AND JOHN ST,,,1,Property Damage Only Collision,Rear Ended,3,0,0,2,2004/08/12 00:00:00+00,8/12/2004 4:40:00 PM,Mid-Block (but intersection related),14,"MOTOR VEHICLE STRUCK MOTOR VEHICLE, REAR END",,0,Clear,Dry,Daylight,,4225016.0,,14,From same direction - both going straight - one stopped - rear-end,0,0,N
10506,1,-122.31491770000001,47.52737,13222,27872,27872,1790423,Matched,Intersection,35090.0,14TH AVE S AND DALLAS AVE S,,,1,Property Damage Only Collision,Left Turn,2,0,0,2,2004/10/08 00:00:00+00,10/8/2004,At Intersection (intersection related),11,"MOTOR VEHICLE STRUCK MOTOR VEHICLE, FRONT END AT ANGLE",,0,Raining,Wet,Daylight,,4282039.0,,28,From opposite direction - one left turn - one straight,0,0,N
10507,1,-122.30831409999999,47.60351518,13224,27182,27182,1787366,Matched,Block,,E SPRUCE ST BETWEEN 18TH AVE AND 19TH AVE,,,1,Property Damage Only Collision,Parked Car,2,0,0,2,2004/01/11 00:00:00+00,1/11/2004 1:00:00 PM,Mid-Block (not related to intersection),14,"MOTOR VEHICLE STRUCK MOTOR VEHICLE, REAR END",,0,Unknown,Unknown,Unknown,,4011012.0,,32,One parked--one moving,0,0,N
10508,2,-122.3331722,47.60301939,13225,27691,27691,1334197,Matched,Intersection,30355.0,2ND AVE AND CHERRY ST,,,2,Injury Collision,Angles,5,0,0,2,2004/11/26 00:00:00+00,11/26/2004 10:31:00 PM,At Intersection (intersection related),11,"MOTOR VEHICLE STRUCK MOTOR VEHICLE, FRONT END AT ANGLE",,0,Raining,Wet,Dark - Street Lights On,,4331008.0,,10,Entering at angle,0,0,N
10509,1,-122.3593126,47.68983546,13226,28055,28055,1782271,Matched,Block,,NW 84TH ST BETWEEN 1ST AVE NW AND 3RD AVE NW,,,1,Property Damage Only Collision,Parked Car,2,0,0,2,2004/09/24 00:00:00+00,9/24/2004 12:30:00 PM,Mid-Block (not related to intersection),15,"MOTOR VEHICLE STRUCK MOTOR VEHICLE, RIGHT SIDE SIDESWIPE",,0,Unknown,Unknown,Daylight,,4268001.0,,32,One parked--one moving,0,0,N
10510,1,-122.29099009999999,47.62599424,13228,27162,27162,1772042,Matched,Block,,32ND AVE E BETWEEN LAKE WASHINGTON BLVD E AND E MADISON ST,,,1,Property Damage Only Collision,Other,4,0,0,2,2004/04/12 00:00:00+00,4/12/2004 10:30:00 AM,Mid-Block (but intersection related),11,"MOTOR VEHICLE STRUCK MOTOR VEHICLE, FRONT END AT ANGLE",,0,Clear,Dry,Daylight,,4103013.0,,23,From same direction - all others,0,0,N
10511,1,-122.413377,47.57504091,13231,27132,27132,1797953,Matched,Block,,63RD AVE SW BETWEEN SW ADMIRAL WAY AND SW HINDS ST,,,1,Property Damage Only Collision,Parked Car,2,0,0,2,2004/11/20 00:00:00+00,11/20/2004 12:08:00 AM,Mid-Block (not related to intersection),14,"MOTOR VEHICLE STRUCK MOTOR VEHICLE, REAR END",,1,Clear,Dry,Dark - Street Lights On,,4325037.0,,32,One parked--one moving,0,0,N
10512,1,-122.33358929999999,47.61804506,13233,27862,27862,1784931,Matched,Block,,VIRGINIA ST BETWEEN BOREN AVE AND MINOR AVE,,,1,Property Damage Only Collision,Parked Car,2,0,0,2,2004/10/17 00:00:00+00,10/17/2004 4:53:00 PM,Mid-Block (not related to intersection),13,"MOTOR VEHICLE STRUCK MOTOR VEHICLE, LEFT SIDE AT ANGLE",,0,Unknown,Unknown,Unknown,,4291022.0,,32,One parked--one moving,0,0,N
10513,2,-122.38213359999999,47.6701801,13234,27035,27035,C649346,Matched,Intersection,25138.0,20TH AVE NW AND NW 57TH ST,,,2,Injury Collision,Angles,2,0,0,2,2004/11/14 00:00:00+00,11/14/2004 2:30:00 AM,At Intersection (intersection related),11,"MOTOR VEHICLE STRUCK MOTOR VEHICLE, FRONT END AT ANGLE",,0,Unknown,Unknown,Unknown,,4319041.0,,10,Entering at angle,0,0,N
10514,1,-122.2826025,47.53978646,13235,27526,27526,1327441,Matched,Block,,M L KING JR WR WAY S BETWEEN S WILLOW ST AND S MYRTLE ST,,,1,Property Damage Only Collision,Rear Ended,2,0,0,2,2004/06/10 00:00:00+00,6/10/2004 9:30:00 AM,Mid-Block (but intersection related),14,"MOTOR VEHICLE STRUCK MOTOR VEHICLE, REAR END",Y,0,Overcast,Wet,Daylight,,4162014.0,,14,From same direction - both going straight - one stopped - rear-end,0,0,N
10515,1,-122.34596599999999,47.69871767,13239,27566,27566,1780137,Matched,Block,,N 96TH ST BETWEEN LINDEN AVE N AND AURORA N AVE N,,,1,Property Damage Only Collision,Parked Car,2,0,0,2,2004/02/03 00:00:00+00,2/3/2004,Mid-Block (not related to intersection),11,"MOTOR VEHICLE STRUCK MOTOR VEHICLE, FRONT END AT ANGLE",Y,0,Clear,Dry,Daylight,,4034011.0,,32,One parked--one moving,0,0,N
10516,1,-122.302554,47.58409913,13240,28030,28030,1789671,Matched,Block,,RAINIER AVE S BETWEEN 23RD AVE S AND S WALKER ST,,,1,Property Damage Only Collision,Rear Ended,4,0,0,2,2004/02/07 00:00:00+00,2/7/2004,Mid-Block (not related to intersection),14,"MOTOR VEHICLE STRUCK MOTOR VEHICLE, REAR END",,0,Overcast,Unknown,Daylight,,4038010.0,,14,From same direction - both going straight - one stopped - rear-end,0,0,N
10517,1,-122.3290554,47.58189322,13241,26955,26955,1777258,Matched,Intersection,31362.0,4TH AVE S AND S STACY ST,,,1,Property Damage Only Collision,Angles,2,0,0,2,2004/03/23 00:00:00+00,3/23/2004 3:04:00 PM,At Intersection (intersection related),11,"MOTOR VEHICLE STRUCK MOTOR VEHICLE, FRONT END AT ANGLE",Y,0,Overcast,Dry,Daylight,,4083006.0,,10,Entering at angle,0,0,N
10518,1,-122.34702060000001,47.65091059,13242,27342,27342,1220027,Matched,Block,,N 36TH ST BETWEEN TROLL AVE N AND WINSLOW PL N,,,1,Property Damage Only Collision,Parked Car,2,0,0,2,2004/09/24 00:00:00+00,9/24/2004 6:50:00 PM,Mid-Block (not related to intersection),13,"MOTOR VEHICLE STRUCK MOTOR VEHICLE, LEFT SIDE AT ANGLE",,0,Clear,Dry,Daylight,,4268017.0,,32,One parked--one moving,0,0,N
10519,1,-122.3447864,47.51729983,13243,27210,27210,1775248,Matched,Block,,SW ROXBURY ST BETWEEN 7TH W AVE SW AND 8TH AVE SW,,,1,Property Damage Only Collision,Sideswipe,4,0,0,2,2004/05/14 00:00:00+00,5/14/2004 7:40:00 AM,Mid-Block (but intersection related),16,"MOTOR VEHICLE STRUCK MOTOR VEHICLE, LEFT SIDE SIDESWIPE",,0,Clear,Dry,Daylight,,4135039.0,,11,From same direction - both going straight - both moving - sideswipe,0,0,N