,SEVERITYCODE,X,Y,OBJECTID,INCKEY,COLDETKEY,REPORTNO,STATUS,ADDRTYPE,INTKEY,LOCATION,EXCEPTRSNCODE,EXCEPTRSNDESC,SEVERITYCODE.1,SEVERITYDESC,COLLISIONTYPE,PERSONCOUNT,PEDCOUNT,PEDCYLCOUNT,VEHCOUNT,INCDATE,INCDTTM,JUNCTIONTYPE,SDOT_COLCODE,SDOT_COLDESC,INATTENTIONIND,UNDERINFL,WEATHER,ROADCOND,LIGHTCOND,PEDROWNOTGRNT,SDOTCOLNUM,SPEEDING,ST_COLCODE,ST_COLDESC,SEGLANEKEY,CROSSWALKKEY,HITPARKEDCAR
10520,1,-122.321048,47.59834479,13244,26649,26649,C649335,Matched,Block,,S KING ST BETWEEN 8TH AVE S AND 10TH AVE S,,,1,Property Damage Only Collision,Parked Car,2,0,0,2,2004/11/12 00:00:00+00,11/12/2004 11:30:00 PM,Mid-Block (not related to intersection),11,"MOTOR VEHICLE STRUCK MOTOR VEHICLE, FRONT END AT ANGLE",,0,Clear,Dry,Dark - Street Lights On,,4317037.0,,32,One parked--one moving,0,0,N
10521,1,-122.34322590000001,47.694902299999995,13245,27603,27603,1782324,Matched,Block,,N 91ST ST BETWEEN AURORA AVE N AND STONE AVE N,,,1,Property Damage Only Collision,Parked Car,2,0,0,2,2004/07/23 00:00:00+00,7/23/2004 5:44:00 PM,Driveway Junction,14,"MOTOR VEHICLE STRUCK MOTOR VEHICLE, REAR END",,0,Clear,Dry,Daylight,,4205024.0,,32,One parked--one moving,0,0,N
10522,1,-122.38212730000001,47.67236651,13246,27518,27518,1793993,Matched,Intersection,25126.0,20TH AVE NW AND NW 60TH ST,,,1,Property Damage Only Collision,Angles,4,0,0,2,2004/12/02 00:00:00+00,12/2/2004,At Intersection (intersection related),11,"MOTOR VEHICLE STRUCK MOTOR VEHICLE, FRONT END AT ANGLE",,0,Overcast,Dry,Dark - No Street Lights,,4337013.0,,10,Entering at angle,0,0,N
10523,1,-122.3336587,47.60774722,13247,27828,27828,1069456,Matched,Block,,SENECA ST BETWEEN 4TH AVE AND 5TH AVE,,,1,Property Damage Only Collision,Sideswipe,4,0,0,2,2004/11/21 00:00:00+00,11/21/2004 11:08:00 AM,Mid-Block (not related to intersection),16,"MOTOR VEHICLE STRUCK MOTOR VEHICLE, LEFT SIDE SIDESWIPE",Y,0,Clear,Dry,Daylight,,4326031.0,,12,From same direction - both going straight - one stopped - sideswipe,0,0,N
10524,1,-122.29740079999999,47.71561399,13251,27228,27228,1782226,Matched,Intersection,36622.0,LAKE CITY WAY NE AND NE 120TH ST,,,1,Property Damage Only Collision,Left Turn,2,0,0,2,2004/03/21 00:00:00+00,3/21/2004 4:15:00 PM,At Intersection (intersection related),11,"MOTOR VEHICLE STRUCK MOTOR VEHICLE, FRONT END AT ANGLE",,0,Overcast,Dry,Daylight,,4081001.0,,28,From opposite direction - one left turn - one straight,0,0,N
10525,1,-122.3472943,47.64717249,13252,28023,28023,1278367,Matched,Block,,AURORA BR BETWEEN RAYE ST AND BRIDGE WAY N,,,1,Property Damage Only Collision,Rear Ended,2,0,0,2,2004/03/08 00:00:00+00,3/8/2004,Mid-Block (not related to intersection),14,"MOTOR VEHICLE STRUCK MOTOR VEHICLE, REAR END",,0,Clear,Dry,Daylight,,4068029.0,,14,From same direction - both going straight - one stopped - rear-end,0,0,N
10526,1,-122.3470077,47.65181918,13254,27994,27994,1773701,Matched,Block,,BRIDGE WAY N BETWEEN AURORA AVE N AND AURORA AV N NB OFF RP,,,1,Property Damage Only Collision,Other,1,0,0,1,2004/01/19 00:00:00+00,1/19/2004 2:22:00 PM,Mid-Block (but intersection related),28,MOTOR VEHICLE RAN OFF ROAD - HIT FIXED OBJECT,,0,Clear,Dry,Daylight,,4019005.0,Y,50,Fixed object,0,0,N
10527,1,-122.32540559999998,47.62840516,13257,27627,27627,1198259,Matched,Block,,SUMMIT AVE E BETWEEN BELLEVUE E PL E AND E PROSPECT ST,,,1,Property Damage Only Collision,Parked Car,2,0,0,2,2004/10/28 00:00:00+00,10/28/2004 7:46:00 AM,Mid-Block (but intersection related),16,"MOTOR VEHICLE STRUCK MOTOR VEHICLE, LEFT SIDE SIDESWIPE",,0,Clear,Dry,Dawn,,4302055.0,,32,One parked--one moving,0,0,N
10528,1,-122.3341168,47.60656932,13260,26977,26977,1181468,Matched,Block,,SPRING ST BETWEEN 3RD AVE AND 4TH AVE,,,1,Property Damage Only Collision,Parked Car,2,0,0,2,2004/05/27 00:00:00+00,5/27/2004 4:00:00 PM,Mid-Block (but intersection related),11,"MOTOR VEHICLE STRUCK MOTOR VEHICLE, FRONT END AT ANGLE",,0,Raining,Wet,Daylight,,4148033.0,,19,One car entering parked position,0,0,N
10529,1,-122.312556,47.71579036,13261,27429,27429,1775996,Matched,Intersection,36449.0,15TH AVE NE AND NE 120TH ST,,,1,Property Damage Only Collision,Left Turn,5,0,0,2,2004/03/03 00:00:00+00,3/3/2004,At Intersection (intersection related),11,"MOTOR VEHICLE STRUCK MOTOR VEHICLE, FRONT END AT ANGLE",,0,Overcast,Wet,Daylight,,4063025.0,,28,From opposite direction - one left turn - one straight,0,0,N
10530,1,-122.40821570000001,47.57496279,13262,27358,27358,1781669,Matched,Block,,59TH WR AVE SW BETWEEN SW ADMIRAL WAY AND 59TH AVE SW TURN,,,1,Property Damage Only Collision,Parked Car,2,0,0,2,2004/05/24 00:00:00+00,5/24/2004 11:45:00 PM,Mid-Block (not related to intersection),13,"MOTOR VEHICLE STRUCK MOTOR VEHICLE, LEFT SIDE AT ANGLE",,0,Clear,Dry,Dark - Street Lights On,,4145031.0,,32,One parked--one moving,0,0,N
10531,1,,,13263,27720,27720,1794716,Matched,,,,NEI,"Not Enough Information, or Insufficient Location Information",1,Property Damage Only Collision,Parked Car,2,0,0,2,2004/11/25 00:00:00+00,11/25/2004 11:00:00 PM,Mid-Block (not related to intersection),0,NOT ENOUGH INFORMATION / NOT APPLICABLE,,0,Other,Unknown,Dark - Street Lights On,,4330040.0,,32,One parked--one moving,0,0,N
10532,1,-122.31736370000002,47.66857702,13264,27036,27036,C649652,Matched,Intersection,25764.0,ROOSEVELT WAY NE AND NE 55TH ST,,,1,Property Damage Only Collision,Sideswipe,2,0,0,2,2004/11/24 00:00:00+00,11/24/2004 7:15:00 PM,At Intersection (intersection related),11,"MOTOR VEHICLE STRUCK MOTOR VEHICLE, FRONT END AT ANGLE",,0,Raining,Wet,Dark - Street Lights On,,4329076.0,,11,From same direction - both going straight - both moving - sideswipe,0,0,N
10533,2,-122.37710259999999,47.67600003,13265,27471,27471,1778416,Matched,Block,,NW 65TH ST BETWEEN 15TH AVE NW AND 16TH AVE NW,,,2,Injury Collision,Rear Ended,3,0,0,2,2004/01/12 00:00:00+00,1/12/2004 10:20:00 PM,Mid-Block (not related to intersection),14,"MOTOR VEHICLE STRUCK MOTOR VEHICLE, REAR END",,0,Raining,Wet,Dark - Street Lights On,,4012036.0,,14,From same direction - both going straight - one stopped - rear-end,0,0,N
10534,1,-122.30247109999999,47.62201523,13266,28133,28133,1074775,Matched,Block,,23RD AVE E BETWEEN E THOMAS ST AND E HARRISON ST,,,1,Property Damage Only Collision,Sideswipe,2,0,0,2,2004/07/02 00:00:00+00,7/2/2004,Driveway Junction,16,"MOTOR VEHICLE STRUCK MOTOR VEHICLE, LEFT SIDE SIDESWIPE",,0,Clear,Dry,Daylight,,4184010.0,,11,From same direction - both going straight - both moving - sideswipe,0,0,N
10535,1,-122.33610800000001,47.6062292,13267,28193,28193,1777670,Matched,Block,,2ND AVE BETWEEN SPRING ST AND SENECA ST,,,1,Property Damage Only Collision,Parked Car,2,0,0,2,2004/03/26 00:00:00+00,3/26/2004 5:45:00 PM,Mid-Block (not related to intersection),11,"MOTOR VEHICLE STRUCK MOTOR VEHICLE, FRONT END AT ANGLE",,0,Raining,Wet,Daylight,,4086047.0,,32,One parked--one moving,0,0,N
10536,2,-122.34472140000001,47.70670707,13268,27556,27556,1473237,Matched,Block,,AURORA AVE N BETWEEN N 107TH S ST AND N 107TH N ST,,,2,Injury Collision,Rear Ended,2,0,0,2,2004/10/07 00:00:00+00,10/7/2004,Mid-Block (not related to intersection),14,"MOTOR VEHICLE STRUCK MOTOR VEHICLE, REAR END",,0,Clear,Dry,Dark - Street Lights On,,4281019.0,,14,From same direction - both going straight - one stopped - rear-end,0,0,N
10537,1,-122.3476108,47.61973935,13269,27312,27312,1777146,Matched,Intersection,28933.0,5TH AVE N AND JOHN ST,,,1,Property Damage Only Collision,Sideswipe,3,0,0,2,2004/04/28 00:00:00+00,4/28/2004 7:55:00 AM,At Intersection (intersection related),16,"MOTOR VEHICLE STRUCK MOTOR VEHICLE, LEFT SIDE SIDESWIPE",,0,Clear,Dry,Daylight,,4119037.0,,71,Same direction -- both turning right -- both moving -- sideswipe,0,0,N
10538,2,,,13270,26820,26820,C649360,Matched,,,,NEI,"Not Enough Information, or Insufficient Location Information",2,Injury Collision,Rear Ended,2,0,0,2,2004/11/15 00:00:00+00,11/15/2004 6:00:00 PM,,0,NOT ENOUGH INFORMATION / NOT APPLICABLE,,0,Overcast,Other,Dark - Street Lights On,,4320057.0,,13,From same direction - both going straight - both moving - rear-end,0,0,N
10539,1,-122.32904690000001,47.59538697,13272,27613,27613,1313398,Matched,Block,,4TH AVE S BETWEEN SEATTLE BLVD S AND I90 WB 4TH AV OFF RP,,,1,Property Damage Only Collision,Rear Ended,5,0,0,2,2004/06/12 00:00:00+00,6/12/2004 6:53:00 AM,Mid-Block (but intersection related),14,"MOTOR VEHICLE STRUCK MOTOR VEHICLE, REAR END",Y,0,Clear,Dry,Daylight,,4164044.0,,14,From same direction - both going straight - one stopped - rear-end,0,0,N
10540,1,-122.36065,47.68693915,13273,27867,27867,1782449,Matched,Intersection,24057.0,3RD AVE NW AND NW 80TH ST,,,1,Property Damage Only Collision,Left Turn,2,0,0,2,2004/11/15 00:00:00+00,11/15/2004 9:11:00 AM,At Intersection (intersection related),11,"MOTOR VEHICLE STRUCK MOTOR VEHICLE, FRONT END AT ANGLE",Y,0,Overcast,Wet,Daylight,,4320030.0,,28,From opposite direction - one left turn - one straight,0,0,N
10541,1,-122.3820357,47.52528659,13274,26642,26642,1790310,Matched,Block,,39TH AVE SW BETWEEN DEAD END 1 AND SW TRENTON ST,,,1,Property Damage Only Collision,Parked Car,2,0,0,2,2004/10/31 00:00:00+00,10/31/2004 10:30:00 PM,Mid-Block (not related to intersection),11,"MOTOR VEHICLE STRUCK MOTOR VEHICLE, FRONT END AT ANGLE",,0,Clear,Unknown,Dark - Street Lights On,,4305031.0,,32,One parked--one moving,0,0,N
10542,1,-122.3412247,47.66429057,13275,27101,27101,1785156,Matched,Block,,N 49TH ST BETWEEN GREEN LAKE WAY N AND STONE WAY N,,,1,Property Damage Only Collision,Parked Car,2,0,0,2,2004/09/23 00:00:00+00,9/23/2004 8:45:00 PM,Mid-Block (not related to intersection),14,"MOTOR VEHICLE STRUCK MOTOR VEHICLE, REAR END",,0,Other,Unknown,Unknown,,4267035.0,,32,One parked--one moving,0,0,N
10543,2,-122.27926540000001,47.52611404,13276,27682,27682,1203747,Matched,Intersection,35255.0,M L KING JR WR WAY S AND S CLOVERDALE ST,,,2,Injury Collision,Left Turn,3,0,0,2,2004/01/21 00:00:00+00,1/21/2004 4:08:00 PM,At Intersection (intersection related),11,"MOTOR VEHICLE STRUCK MOTOR VEHICLE, FRONT END AT ANGLE",,0,Clear,Dry,Daylight,,4021006.0,,28,From opposite direction - one left turn - one straight,0,0,N
10544,1,-122.39703030000001,47.67587337,13278,27117,27117,1794074,Matched,Block,,NW 65TH ST BETWEEN 30TH AVE NW AND 32ND AVE NW,,,1,Property Damage Only Collision,Parked Car,2,0,0,2,2004/08/24 00:00:00+00,8/24/2004 9:00:00 AM,Mid-Block (not related to intersection),14,"MOTOR VEHICLE STRUCK MOTOR VEHICLE, REAR END",Y,0,Unknown,Unknown,Unknown,,4237006.0,,32,One parked--one moving,0,0,N
10545,2,-122.3527631,47.70507555,13279,27569,27569,1780384,Matched,Intersection,36421.0,DAYTON AVE N AND N 105TH ST,,,2,Injury Collision,Pedestrian,2,1,0,1,2004/05/02 00:00:00+00,5/2/2004,At Intersection (intersection related),24,MOTOR VEHCILE STRUCK PEDESTRIAN,,0,Clear,Dry,Daylight,Y,4123020.0,,1,Vehicle turning right hits pedestrian,0,0,N
10546,2,-122.3761636,47.64156384,13280,28029,28029,1777384,Matched,Block,,15TH AVE W BETWEEN W WHEELER ST AND GILMAN DR W,,,2,Injury Collision,Other,3,0,0,2,2004/01/14 00:00:00+00,1/14/2004 5:55:00 PM,Driveway Junction,11,"MOTOR VEHICLE STRUCK MOTOR VEHICLE, FRONT END AT ANGLE",,0,Raining,Wet,Dark - Street Lights On,,4014026.0,,21,One car entering driveway access,0,0,N
10547,1,-122.2941565,47.59801252,13281,26817,26817,1216742,Matched,Block,,S KING ST BETWEEN SHORT PL S AND 30TH AVE S,,,1,Property Damage Only Collision,Parked Car,2,0,0,2,2004/09/26 00:00:00+00,9/26/2004 6:00:00 PM,Mid-Block (not related to intersection),14,"MOTOR VEHICLE STRUCK MOTOR VEHICLE, REAR END",,0,Clear,Dry,Dark - No Street Lights,,4270017.0,,32,One parked--one moving,0,0,N
10548,1,-122.30798490000002,47.63825509,13282,27493,27493,1189623,Matched,Block,,BOYER AVE E BETWEEN 19TH AVE E AND 18TH AVE E,,,1,Property Damage Only Collision,Parked Car,2,0,0,2,2004/07/17 00:00:00+00,7/17/2004 11:43:00 AM,Mid-Block (not related to intersection),16,"MOTOR VEHICLE STRUCK MOTOR VEHICLE, LEFT SIDE SIDESWIPE",,0,Clear,Dry,Daylight,,4199024.0,,32,One parked--one moving,0,0,N
10549,1,-122.3742777,47.65536214,13284,27078,27078,1777216,Matched,Block,,W NICKERSON ST BETWEEN 13TH AVE W AND 14TH AVE W,,,1,Property Damage Only Collision,Other,1,0,0,1,2004/02/14 00:00:00+00,2/14/2004 7:42:00 PM,Mid-Block (but intersection related),28,MOTOR VEHICLE RAN OFF ROAD - HIT FIXED OBJECT,,1,Raining,Wet,Dark - Street Lights On,,4045035.0,,50,Fixed object,0,0,N
10550,1,-122.34253829999999,47.6534133,13285,27624,27624,1930834,Matched,Block,,STONE WAY N BETWEEN N 38TH ST AND N 39TH ST,,,1,Property Damage Only Collision,Rear Ended,2,0,0,2,2004/12/04 00:00:00+00,12/4/2004,Mid-Block (but intersection related),14,"MOTOR VEHICLE STRUCK MOTOR VEHICLE, REAR END",Y,0,Raining,Wet,Dark - Street Lights On,,4339023.0,,14,From same direction - both going straight - one stopped - rear-end,0,0,N
10551,1,-122.2786466,47.71749244,13287,28213,28213,1218596,Matched,Block,,RIVIERA PL NE BETWEEN LAKESIDE PL NE AND NE 125TH ST,,,1,Property Damage Only Collision,Parked Car,2,0,0,2,2004/02/05 00:00:00+00,2/5/2004,Mid-Block (not related to intersection),16,"MOTOR VEHICLE STRUCK MOTOR VEHICLE, LEFT SIDE SIDESWIPE",,0,Unknown,Unknown,Daylight,,4036021.0,,32,One parked--one moving,0,0,N
10552,1,-122.37409709999999,47.68781119,13289,27644,27644,1797004,Matched,Block,,14TH AVE NW BETWEEN NW 80TH ST AND NW 83RD ST,,,1,Property Damage Only Collision,Parked Car,3,0,0,2,2004/11/05 00:00:00+00,11/5/2004,Mid-Block (not related to intersection),11,"MOTOR VEHICLE STRUCK MOTOR VEHICLE, FRONT END AT ANGLE",Y,0,Clear,Dry,Dark - Street Lights On,,4310012.0,,32,One parked--one moving,0,0,N
10553,1,-122.300619,47.66852575,13290,27223,27223,1773590,Matched,Intersection,25939.0,25TH AVE NE AND NE 55TH ST,,,1,Property Damage Only Collision,Left Turn,2,0,0,2,2004/06/05 00:00:00+00,6/5/2004,At Intersection (intersection related),11,"MOTOR VEHICLE STRUCK MOTOR VEHICLE, FRONT END AT ANGLE",,0,Unknown,Wet,Daylight,,4157013.0,,28,From opposite direction - one left turn - one straight,0,0,N
10554,1,-122.3241865,47.5620098,13292,27761,27761,1795690,Matched,Intersection,32384.0,7TH AVE S AND S SNOQUALMIE ST,,,1,Property Damage Only Collision,Angles,2,0,0,2,2004/10/12 00:00:00+00,10/12/2004 5:40:00 PM,At Intersection (intersection related),11,"MOTOR VEHICLE STRUCK MOTOR VEHICLE, FRONT END AT ANGLE",,0,Clear,Dry,Dusk,,4286005.0,,10,Entering at angle,0,0,N
10555,1,-122.32570990000002,47.59919176,13293,27547,27547,1482624,Matched,Block,,S JACKSON ST BETWEEN 6TH AVE S AND MAYNARD AVE S,,,1,Property Damage Only Collision,Rear Ended,2,0,0,2,2004/09/11 00:00:00+00,9/11/2004 12:00:00 PM,Mid-Block (but intersection related),14,"MOTOR VEHICLE STRUCK MOTOR VEHICLE, REAR END",,0,Clear,Dry,Daylight,,4255033.0,,14,From same direction - both going straight - one stopped - rear-end,0,0,N
10556,1,-122.3155486,47.61527287,13294,27303,27303,1180871,Matched,Intersection,29741.0,13TH AVE AND E PINE ST,,,1,Property Damage Only Collision,Angles,2,0,0,2,2004/03/11 00:00:00+00,3/11/2004 10:26:00 AM,At Intersection (intersection related),11,"MOTOR VEHICLE STRUCK MOTOR VEHICLE, FRONT END AT ANGLE",,0,Clear,Dry,Daylight,,4071021.0,,10,Entering at angle,0,0,N
10557,1,-122.35007379999999,47.61430799,13295,27888,27888,1213640,Matched,Block,,WESTERN AVE BETWEEN WALL ST AND VINE ST,,,1,Property Damage Only Collision,Rear Ended,2,0,0,2,2004/10/23 00:00:00+00,10/23/2004 1:39:00 PM,Mid-Block (but intersection related),14,"MOTOR VEHICLE STRUCK MOTOR VEHICLE, REAR END",,0,Clear,Dry,Daylight,,4297034.0,Y,14,From same direction - both going straight - one stopped - rear-end,0,0,N
10558,1,-122.3265103,47.617738200000005,13296,26818,26818,1216755,Matched,Block,,E HOWELL ST BETWEEN BELLEVUE AVE AND E OLIVE WAY,,,1,Property Damage Only Collision,Angles,3,0,0,2,2004/07/01 00:00:00+00,7/1/2004,Mid-Block (not related to intersection),11,"MOTOR VEHICLE STRUCK MOTOR VEHICLE, FRONT END AT ANGLE",,0,Clear,Dry,Dark - Street Lights On,,4183031.0,,10,Entering at angle,0,0,N
10559,1,-122.3555529,47.72595395,13299,26647,26647,1790620,Matched,Block,,GREENWOOD AVE N BETWEEN N 133RD ST AND N 134TH ST,,,1,Property Damage Only Collision,Other,2,0,0,2,2004/11/04 00:00:00+00,11/4/2004,Driveway Junction,14,"MOTOR VEHICLE STRUCK MOTOR VEHICLE, REAR END",,0,Clear,Dry,Dark - Street Lights On,,4309025.0,,21,One car entering driveway access,0,0,N
10560,2,,,13302,27685,27685,1482419,Matched,Block,,ALASKAN WY VI SB BETWEEN COLUMBIA ST ON RP AND ALASKAN WY VI SB EFR OFF RP,,,2,Injury Collision,Other,1,0,0,1,2004/10/05 00:00:00+00,10/5/2004,Mid-Block (not related to intersection),26,MOTOR VEHICLE STRUCK OBJECT IN ROAD,,0,Raining,Wet,Dark - Street Lights On,,4279003.0,Y,50,Fixed object,0,0,N
10561,1,-122.3177645,47.60806217,13303,27905,27905,C649737,Matched,Block,,E CHERRY ST BETWEEN E JAMES WAY AND 12TH AVE,,,1,Property Damage Only Collision,Parked Car,2,0,0,2,2004/12/06 00:00:00+00,12/6/2004,Mid-Block (but intersection related),14,"MOTOR VEHICLE STRUCK MOTOR VEHICLE, REAR END",,0,Overcast,Wet,Dark - Street Lights Off,,4341057.0,,32,One parked--one moving,0,0,N
10562,1,-122.27211740000001,47.52330964,13306,27224,27224,1784204,Matched,Block,,S HENDERSON ST BETWEEN 48TH AVE S AND 50TH AVE S,,,1,Property Damage Only Collision,Parked Car,2,0,0,2,2004/10/12 00:00:00+00,10/12/2004 1:02:00 PM,Driveway Junction,13,"MOTOR VEHICLE STRUCK MOTOR VEHICLE, LEFT SIDE AT ANGLE",,0,Clear,Dry,Daylight,,4286007.0,Y,32,One parked--one moving,0,0,N
10563,1,-122.34805859999999,47.66207983,13307,28160,28160,1774278,Matched,Block,,N 46TH ST BETWEEN LINDEN AVE N AND PHINNEY TURN RD,,,1,Property Damage Only Collision,Rear Ended,5,0,0,2,2004/05/22 00:00:00+00,5/22/2004 11:57:00 AM,Mid-Block (not related to intersection),14,"MOTOR VEHICLE STRUCK MOTOR VEHICLE, REAR END",Y,0,Raining,Wet,Daylight,,4143043.0,,14,From same direction - both going straight - one stopped - rear-end,0,0,N
10564,2,-122.34456499999999,47.69418567,13308,27189,27189,1782062,Matched,Intersection,37340.0,AURORA AVE N AND N 90TH ST,,,2,Injury Collision,Left Turn,2,0,0,2,2004/09/14 00:00:00+00,9/14/2004 9:19:00 PM,At Intersection (intersection related),11,"MOTOR VEHICLE STRUCK MOTOR VEHICLE, FRONT END AT ANGLE",,0,Overcast,Wet,Dark - Street Lights On,,4258039.0,,28,From opposite direction - one left turn - one straight,0,0,N
10565,1,-122.31857009999999,47.62109246,13309,27845,27845,1772303,Matched,Block,,E THOMAS ST BETWEEN FEDERAL AVE E AND 11TH W AVE E,,,1,Property Damage Only Collision,Angles,3,0,0,2,2004/04/25 00:00:00+00,4/25/2004 8:50:00 PM,Mid-Block (but intersection related),11,"MOTOR VEHICLE STRUCK MOTOR VEHICLE, FRONT END AT ANGLE",,0,Clear,Dry,Dark - No Street Lights,,4116024.0,,10,Entering at angle,0,0,N
10566,2,-122.32209909999999,47.64871064,13310,27925,27925,1198287,Matched,Intersection,27162.0,HARVARD AVE E AND E ALLISON ST,,,2,Injury Collision,Left Turn,3,0,0,3,2004/11/02 00:00:00+00,11/2/2004,At Intersection (intersection related),11,"MOTOR VEHICLE STRUCK MOTOR VEHICLE, FRONT END AT ANGLE",,0,Unknown,Dry,Daylight,,4307018.0,,28,From opposite direction - one left turn - one straight,0,0,N
10567,2,-122.3675446,47.64334795,13311,26931,26931,1482593,Matched,Block,,8TH AVE W BETWEEN W RAYE ST AND W BOTHWELL ST,,,2,Injury Collision,Rear Ended,2,0,0,2,2004/08/28 00:00:00+00,8/28/2004 11:59:00 AM,Mid-Block (but intersection related),14,"MOTOR VEHICLE STRUCK MOTOR VEHICLE, REAR END",Y,0,Clear,Dry,Daylight,,4241026.0,,14,From same direction - both going straight - one stopped - rear-end,0,0,N
10568,1,-122.2612857,47.50611766,13312,27460,27460,1771503,Matched,Intersection,38324.0,57TH AVE S AND S BANGOR ST,,,1,Property Damage Only Collision,Left Turn,2,0,0,2,2004/04/16 00:00:00+00,4/16/2004 4:34:00 PM,At Intersection (intersection related),11,"MOTOR VEHICLE STRUCK MOTOR VEHICLE, FRONT END AT ANGLE",,0,Clear,Dry,Daylight,,4107047.0,,15,From same direction - one left turn - one straight,0,0,N
10569,1,-122.33594009999999,47.68527252,13313,27243,27243,1931232,Matched,Block,,EAST GREEN LAKE DR N BETWEEN N 78TH ST AND STROUD AVE N,,,1,Property Damage Only Collision,Other,2,0,0,1,2004/11/27 00:00:00+00,11/27/2004 8:20:00 PM,Mid-Block (but intersection related),28,MOTOR VEHICLE RAN OFF ROAD - HIT FIXED OBJECT,,0,Unknown,Dry,Dark - Street Lights On,,4332008.0,Y,50,Fixed object,0,0,N
10570,1,-122.37363629999999,47.64018013,13314,27742,27742,1482268,Matched,Block,,13TH AVE W BETWEEN GILMAN DR W AND W WHEELER ST,,,1,Property Damage Only Collision,Parked Car,2,0,0,2,2004/05/21 00:00:00+00,5/21/2004 5:00:00 AM,Mid-Block (not related to intersection),15,"MOTOR VEHICLE STRUCK MOTOR VEHICLE, RIGHT SIDE SIDESWIPE",,0,Overcast,Dry,Daylight,,4142018.0,,32,One parked--one moving,0,0,N
10571,2,-122.3167797,47.60980944,13315,26975,26975,1799106,Matched,Block,,12TH AVE BETWEEN E COLUMBIA ST AND E MARION ST,,,2,Injury Collision,Rear Ended,4,0,0,2,2004/10/25 00:00:00+00,10/25/2004 3:44:00 PM,Mid-Block (but intersection related),14,"MOTOR VEHICLE STRUCK MOTOR VEHICLE, REAR END",,0,Clear,Dry,Daylight,,4299027.0,,14,From same direction - both going straight - one stopped - rear-end,0,0,N
10572,1,-122.3339088,47.61137436,13316,27283,27283,1784627,Matched,Block,,PIKE ST BETWEEN 6TH AVE AND 7TH AVE,,,1,Property Damage Only Collision,Sideswipe,2,0,0,2,2004/08/25 00:00:00+00,8/25/2004 10:13:00 PM,Mid-Block (not related to intersection),16,"MOTOR VEHICLE STRUCK MOTOR VEHICLE, LEFT SIDE SIDESWIPE",,0,Overcast,Dry,Dark - Street Lights On,,4238031.0,,11,From same direction - both going straight - both moving - sideswipe,0,0,N
10573,1,-122.35710060000001,47.66288529999999,13317,27218,27218,1780784,Matched,Block,,N MARKET ST BETWEEN 1ST AVE NW AND PALATINE AVE N,,,1,Property Damage Only Collision,Rear Ended,2,0,0,2,2004/05/23 00:00:00+00,5/23/2004 9:46:00 PM,Mid-Block (not related to intersection),14,"MOTOR VEHICLE STRUCK MOTOR VEHICLE, REAR END",,0,Clear,Dry,Dark - Street Lights On,,4144009.0,,13,From same direction - both going straight - both moving - rear-end,0,0,N
10574,1,-122.3817498,47.5493233,13318,27725,27725,1317216,Matched,Block,,39TH AVE SW BETWEEN SW JUNEAU ST AND SW RAYMOND ST,,,1,Property Damage Only Collision,Parked Car,2,0,0,2,2004/01/15 00:00:00+00,1/15/2004 9:15:00 PM,Mid-Block (not related to intersection),14,"MOTOR VEHICLE STRUCK MOTOR VEHICLE, REAR END",,0,Raining,Wet,Dark - Street Lights On,,4015040.0,,32,One parked--one moving,0,0,N
10575,1,-122.34548819999999,47.52920388,13319,26801,26801,1798258,Matched,Block,,8TH AVE SW BETWEEN SW ELMGROVE ST AND SW THISTLE ST,,,1,Property Damage Only Collision,Other,1,0,0,1,2004/07/27 00:00:00+00,7/27/2004 1:29:00 PM,Mid-Block (but intersection related),28,MOTOR VEHICLE RAN OFF ROAD - HIT FIXED OBJECT,,0,Clear,Dry,Daylight,,4209022.0,,50,Fixed object,0,0,N
10576,2,-122.37612340000001,47.66366435,13320,27186,27186,1782440,Matched,Intersection,25468.0,15TH NB AVE NW AND NW LEARY WAY,,,2,Injury Collision,Left Turn,2,0,0,2,2004/05/31 00:00:00+00,5/31/2004 10:47:00 AM,At Intersection (intersection related),11,"MOTOR VEHICLE STRUCK MOTOR VEHICLE, FRONT END AT ANGLE",,0,Overcast,Dry,Daylight,,4152010.0,,28,From opposite direction - one left turn - one straight,0,0,N
10577,2,-122.32072009999999,47.66247336,13321,27835,27835,1199043,Matched,Block,,7TH AVE NE BETWEEN NE 45TH ST ON RP AND NE 47TH ST,,,2,Injury Collision,Parked Car,3,0,0,2,2004/04/07 00:00:00+00,4/7/2004,Mid-Block (not related to intersection),14,"MOTOR VEHICLE STRUCK MOTOR VEHICLE, REAR END",,1,Clear,Dry,Dark - Street Lights On,,4098011.0,,32,One parked--one moving,0,0,N
10578,1,-122.34494679999999,47.72048199,13322,28058,28058,1794444,Matched,Block,,AURORA AVE N BETWEEN N 125TH ST AND N 127TH ST,,,1,Property Damage Only Collision,Rear Ended,2,0,0,2,2004/12/21 00:00:00+00,12/21/2004 11:53:00 AM,Mid-Block (not related to intersection),14,"MOTOR VEHICLE STRUCK MOTOR VEHICLE, REAR END",Y,0,Raining,Wet,Daylight,,4356016.0,,14,From same direction - both going straight - one stopped - rear-end,0,0,N