,SEVERITYCODE,X,Y,OBJECTID,INCKEY,COLDETKEY,REPORTNO,STATUS,ADDRTYPE,INTKEY,LOCATION,EXCEPTRSNCODE,EXCEPTRSNDESC,SEVERITYCODE.1,SEVERITYDESC,COLLISIONTYPE,PERSONCOUNT,PEDCOUNT,PEDCYLCOUNT,VEHCOUNT,INCDATE,INCDTTM,JUNCTIONTYPE,SDOT_COLCODE,SDOT_COLDESC,INATTENTIONIND,UNDERINFL,WEATHER,ROADCOND,LIGHTCOND,PEDROWNOTGRNT,SDOTCOLNUM,SPEEDING,ST_COLCODE,ST_COLDESC,SEGLANEKEY,CROSSWALKKEY,HITPARKEDCAR
10579,2,-122.3025936,47.58837465,13325,26673,26673,1779593,Matched,Intersection,31514.0,23RD AVE S AND S MASSACHUSETTS ST,,,2,Injury Collision,Left Turn,2,0,0,2,2004/02/26 00:00:00+00,2/26/2004 5:57:00 PM,At Intersection (intersection related),11,"MOTOR VEHICLE STRUCK MOTOR VEHICLE, FRONT END AT ANGLE",,0,Raining,Wet,Dusk,,4057029.0,,28,From opposite direction - one left turn - one straight,0,0,N
10580,2,-122.3134679,47.55410054,13326,27277,27277,1771711,Matched,Block,,15TH AVE S BETWEEN S BENNETT ST AND S LUCILE ST,,,2,Injury Collision,Other,3,0,0,3,2004/05/01 00:00:00+00,5/1/2004,Mid-Block (but intersection related),28,MOTOR VEHICLE RAN OFF ROAD - HIT FIXED OBJECT,,1,Clear,Dry,Dark - Street Lights On,,4122031.0,,50,Fixed object,0,0,N
10581,1,-122.3646211,47.57167629,13327,27352,27352,1795458,Matched,Block,,SW SPOKANE NR ST BETWEEN CHELAN AVE SW AND SW ADMIRAL NR WAY,,,1,Property Damage Only Collision,Sideswipe,2,0,0,2,2004/11/16 00:00:00+00,11/16/2004 6:50:00 AM,Mid-Block (not related to intersection),16,"MOTOR VEHICLE STRUCK MOTOR VEHICLE, LEFT SIDE SIDESWIPE",,0,Overcast,Dry,Dark - Street Lights On,,4321030.0,,81,Same direction -- both turning left -- both moving -- sideswipe,0,0,N
10582,2,-122.32243319999999,47.60553718,13328,28009,28009,1477719,Matched,Block,,JEFFERSON ST BETWEEN TERRY AVE AND BOREN AVE,,,2,Injury Collision,Pedestrian,2,1,0,1,2004/02/03 00:00:00+00,2/3/2004,Driveway Junction,24,MOTOR VEHCILE STRUCK PEDESTRIAN,,0,Unknown,Unknown,Daylight,Y,4034002.0,,1,Vehicle turning right hits pedestrian,0,0,N
10583,1,-122.35061599999999,47.69601441,13329,27034,27034,C649606,Matched,Block,,N 92ND ST BETWEEN EVANSTON AVE N AND FREMONT N AVE N,,,1,Property Damage Only Collision,Sideswipe,2,0,0,2,2004/11/06 00:00:00+00,11/6/2004,Mid-Block (not related to intersection),16,"MOTOR VEHICLE STRUCK MOTOR VEHICLE, LEFT SIDE SIDESWIPE",,0,Overcast,Unknown,Unknown,,4311040.0,,26,From opposite direction - both going straight - sideswipe,0,0,N
10584,2,-122.3246152,47.7086028,13330,27380,27380,661942,Matched,Block,,NE NORTHGATE WAY BETWEEN 3RD AVE NE AND 5TH AVE NE,,,2,Injury Collision,Pedestrian,0,1,0,1,2004/01/15 00:00:00+00,1/15/2004 10:18:00 PM,Mid-Block (not related to intersection),24,MOTOR VEHCILE STRUCK PEDESTRIAN,,0,Overcast,Dry,Dark - Street Lights On,,4015023.0,,0,Vehicle going straight hits pedestrian,0,0,N
10585,1,-122.3016071,47.66665144,13331,28117,28117,1786819,Matched,Block,,RAVENNA PL NE BETWEEN NE BLAKELEY ST AND 24TH AVE NE,,,1,Property Damage Only Collision,Parked Car,2,0,0,2,2004/08/02 00:00:00+00,8/2/2004,Mid-Block (not related to intersection),16,"MOTOR VEHICLE STRUCK MOTOR VEHICLE, LEFT SIDE SIDESWIPE",,0,Clear,Dry,Dark - Street Lights On,,4215027.0,Y,32,One parked--one moving,0,0,N
10586,1,-122.32084509999999,47.61815405,13333,26546,26546,1217331,Matched,Block,,BROADWAY BETWEEN E HOWELL ST AND E DENNY WAY,,,1,Property Damage Only Collision,Parked Car,2,0,0,2,2004/08/17 00:00:00+00,8/17/2004 11:20:00 PM,Mid-Block (not related to intersection),16,"MOTOR VEHICLE STRUCK MOTOR VEHICLE, LEFT SIDE SIDESWIPE",,0,Clear,Dry,Dark - Street Lights On,,4230021.0,,32,One parked--one moving,0,0,N
10587,1,-122.3864642,47.54063543,13334,27642,27642,1790402,Matched,Intersection,337518.0,PARSHALL PL SW AND SW FRONTENAC ST,,,1,Property Damage Only Collision,Parked Car,2,0,0,2,2004/04/28 00:00:00+00,4/28/2004 9:15:00 AM,At Intersection (intersection related),13,"MOTOR VEHICLE STRUCK MOTOR VEHICLE, LEFT SIDE AT ANGLE",Y,0,Clear,Dry,Daylight,,4119002.0,,32,One parked--one moving,0,0,N
10588,1,-122.3445834,47.6157522,13336,26956,26956,1069451,Matched,Block,,4TH AVE BETWEEN BELL ST AND BATTERY ST,,,1,Property Damage Only Collision,Rear Ended,2,0,0,2,2004/11/17 00:00:00+00,11/17/2004 9:11:00 PM,Mid-Block (not related to intersection),14,"MOTOR VEHICLE STRUCK MOTOR VEHICLE, REAR END",,0,Overcast,Dry,Dark - Street Lights On,,4322005.0,,13,From same direction - both going straight - both moving - rear-end,0,0,N
10589,1,-122.38852390000001,47.55934061,13338,27699,27699,1798155,Matched,Block,,SW EDMUNDS ST BETWEEN 44TH AVE SW AND RUTAN PL SW,,,1,Property Damage Only Collision,Parked Car,2,0,0,2,2004/06/07 00:00:00+00,6/7/2004,Driveway Junction,13,"MOTOR VEHICLE STRUCK MOTOR VEHICLE, LEFT SIDE AT ANGLE",,0,Unknown,Unknown,Unknown,,4159004.0,,32,One parked--one moving,0,0,N
10590,1,,,13339,27059,27059,1328710,Matched,Block,,AURORA AVE N BETWEEN BATTERY ST TUNNEL NB AND THOMAS ST,,,1,Property Damage Only Collision,Other,2,0,0,1,2004/10/18 00:00:00+00,10/18/2004 8:07:00 PM,Mid-Block (not related to intersection),26,MOTOR VEHICLE STRUCK OBJECT IN ROAD,,0,Raining,Wet,Dark - Street Lights On,,4292009.0,,50,Fixed object,0,0,N
10591,2,-122.3018097,47.58314526,13340,27465,27465,1771650,Matched,Intersection,31581.0,RAINIER AVE S AND S COLLEGE N ST,,,2,Injury Collision,Rear Ended,4,0,0,3,2004/10/08 00:00:00+00,10/8/2004,At Intersection (but not related to intersection),14,"MOTOR VEHICLE STRUCK MOTOR VEHICLE, REAR END",,0,Raining,Wet,Daylight,,4282024.0,,14,From same direction - both going straight - one stopped - rear-end,0,0,N
10592,1,-122.34764979999999,47.61186755,13341,27386,27386,1784981,Matched,Block,,ELLIOTT AVE BETWEEN ELLIOTT AV ON RP AND BELL ST,,,1,Property Damage Only Collision,Other,1,0,0,1,2004/10/28 00:00:00+00,10/28/2004 11:29:00 PM,Mid-Block (not related to intersection),28,MOTOR VEHICLE RAN OFF ROAD - HIT FIXED OBJECT,,1,Clear,Dry,Dark - Street Lights On,,4302018.0,Y,50,Fixed object,0,0,N
10593,1,-122.3436865,47.67152758,13342,27906,27906,C649746,Matched,Block,,WEST GREEN LAKE WAY N BETWEEN GREEN LAKE TURN RD AND N 63RD ST,,,1,Property Damage Only Collision,Other,2,0,0,2,2004/12/07 00:00:00+00,12/7/2004,Driveway Junction,11,"MOTOR VEHICLE STRUCK MOTOR VEHICLE, FRONT END AT ANGLE",,0,Clear,Dry,Daylight,,4342062.0,,21,One car entering driveway access,0,0,N
10594,1,-122.3393858,47.56969259,13343,26680,26680,1789080,Matched,Block,,ALASKAN WY VI SB BETWEEN ALASKAN WY VI SB WSB WB OFF RP AND EAST MARGINAL WAY S,,,1,Property Damage Only Collision,Other,3,0,0,2,2004/01/02 00:00:00+00,1/2/2004,Mid-Block (not related to intersection),14,"MOTOR VEHICLE STRUCK MOTOR VEHICLE, REAR END",,0,Overcast,Ice,Dark - Street Lights On,,4002011.0,Y,65,Vehicle Struck by City Road or Construction Machinery,0,0,N
10595,2,-122.35535890000001,47.67183095,13344,27428,27428,1775761,Matched,Intersection,25626.0,GREENWOOD AVE N AND N 59TH ST,,,2,Injury Collision,Angles,2,0,0,2,2004/07/09 00:00:00+00,7/9/2004,At Intersection (intersection related),11,"MOTOR VEHICLE STRUCK MOTOR VEHICLE, FRONT END AT ANGLE",,0,Clear,Dry,Daylight,,4191043.0,,10,Entering at angle,0,0,N
10596,1,-122.3462383,47.62803022,13345,27095,27095,1789709,Matched,Intersection,28859.0,TAYLOR AVE N AND WARD ST,,,1,Property Damage Only Collision,Angles,4,0,0,2,2004/01/30 00:00:00+00,1/30/2004 7:36:00 PM,At Intersection (intersection related),11,"MOTOR VEHICLE STRUCK MOTOR VEHICLE, FRONT END AT ANGLE",Y,0,Clear,Dry,Dark - Street Lights On,,4030030.0,,10,Entering at angle,0,0,N
10597,1,-122.3118263,47.59626403,13346,27726,27726,1786938,Matched,Block,,RAINIER AVE S BETWEEN S LANE ST AND S DEARBORN ST,,,1,Property Damage Only Collision,Rear Ended,4,0,0,2,2004/01/08 00:00:00+00,1/8/2004,Mid-Block (but intersection related),14,"MOTOR VEHICLE STRUCK MOTOR VEHICLE, REAR END",,0,Overcast,Wet,Dark - Street Lights On,,4008023.0,,14,From same direction - both going straight - one stopped - rear-end,0,0,N
10598,2,-122.31364939999999,47.62195101,13347,27192,27192,1799038,Matched,Intersection,29031.0,MALDEN AVE E AND E HARRISON ST,,,2,Injury Collision,Angles,3,0,0,2,2004/09/22 00:00:00+00,9/22/2004 5:27:00 PM,At Intersection (intersection related),11,"MOTOR VEHICLE STRUCK MOTOR VEHICLE, FRONT END AT ANGLE",,0,Raining,Wet,Daylight,,4266051.0,,10,Entering at angle,0,0,N
10599,1,-122.3174134,47.67947022,13348,27996,27996,1794528,Matched,Intersection,24464.0,ROOSEVELT WAY NE AND NE 70TH ST,,,1,Property Damage Only Collision,Angles,4,0,0,2,2004/11/22 00:00:00+00,11/22/2004 9:10:00 PM,At Intersection (intersection related),11,"MOTOR VEHICLE STRUCK MOTOR VEHICLE, FRONT END AT ANGLE",Y,0,Raining,Wet,Dark - Street Lights On,,4327003.0,,10,Entering at angle,0,0,N
10600,1,-122.32573980000001,47.68005857,13349,28068,28068,1773951,Matched,Block,,EAST GREEN LAKE DR N BETWEEN NE RAVENNA EB BV AND NE 72ND ST,,,1,Property Damage Only Collision,Parked Car,2,0,0,2,2004/01/18 00:00:00+00,1/18/2004 2:03:00 AM,Mid-Block (not related to intersection),13,"MOTOR VEHICLE STRUCK MOTOR VEHICLE, LEFT SIDE AT ANGLE",Y,0,Raining,Wet,Dark - Street Lights On,,4018019.0,,32,One parked--one moving,0,0,N
10601,1,-122.3915086,47.67019065,13350,27549,27549,1782151,Matched,Block,,NW 57TH ST BETWEEN 26TH AVE NW AND 28TH AVE NW,,,1,Property Damage Only Collision,Parked Car,2,0,0,2,2004/04/30 00:00:00+00,4/30/2004 3:30:00 PM,Mid-Block (but intersection related),16,"MOTOR VEHICLE STRUCK MOTOR VEHICLE, LEFT SIDE SIDESWIPE",,0,Severe Crosswind,Dry,Daylight,,4121040.0,,32,One parked--one moving,0,0,N
10602,2,-122.3470285,47.61602597,13351,27313,27313,1777227,Matched,Intersection,29674.0,3RD AVE AND WALL ST,,,2,Injury Collision,Angles,2,0,0,2,2004/02/12 00:00:00+00,2/12/2004 9:32:00 AM,At Intersection (intersection related),11,"MOTOR VEHICLE STRUCK MOTOR VEHICLE, FRONT END AT ANGLE",,0,Clear,Dry,Daylight,,4043015.0,,10,Entering at angle,0,0,N
10603,1,-122.31915320000002,47.63138766,13352,27737,27737,1482826,Matched,Block,,FEDERAL AVE E BETWEEN E HIGHLAND DR AND E GALER ST,,,1,Property Damage Only Collision,Parked Car,2,0,0,2,2004/06/27 00:00:00+00,6/27/2004 10:25:00 AM,Mid-Block (not related to intersection),13,"MOTOR VEHICLE STRUCK MOTOR VEHICLE, LEFT SIDE AT ANGLE",Y,0,Clear,Dry,Daylight,,4179004.0,,32,One parked--one moving,0,0,N
10604,2,-122.2860912,47.54701438,13353,26672,26672,1779526,Matched,Block,,M L KING JR WR WAY S BETWEEN S RAYMOND ST AND S GRAHAM ST,,,2,Injury Collision,Rear Ended,2,0,0,2,2004/01/13 00:00:00+00,1/13/2004 1:13:00 PM,Mid-Block (not related to intersection),14,"MOTOR VEHICLE STRUCK MOTOR VEHICLE, REAR END",,0,Clear,Wet,Daylight,,4013033.0,,14,From same direction - both going straight - one stopped - rear-end,0,0,N
10605,1,-122.3867753,47.56291162,13354,27560,27560,1781626,Matched,Intersection,31904.0,CALIFORNIA AVE SW AND SW OREGON ST,,,1,Property Damage Only Collision,Left Turn,4,0,0,2,2004/03/08 00:00:00+00,3/8/2004,At Intersection (intersection related),11,"MOTOR VEHICLE STRUCK MOTOR VEHICLE, FRONT END AT ANGLE",,0,Clear,Dry,Dusk,,4068004.0,,28,From opposite direction - one left turn - one straight,0,0,N
10606,1,-122.31496809999999,47.52304218,13355,27508,27508,1789088,Matched,Intersection,35126.0,14TH AVE S AND S HENDERSON ST,,,1,Property Damage Only Collision,Right Turn,2,0,0,2,2004/04/03 00:00:00+00,4/3/2004,At Intersection (intersection related),11,"MOTOR VEHICLE STRUCK MOTOR VEHICLE, FRONT END AT ANGLE",,0,Clear,Dry,Daylight,,4094015.0,,16,From same direction - one right turn - one straight,0,0,N
10607,2,-122.32505420000001,47.66498446,13356,27715,27715,1780188,Matched,Intersection,25867.0,LATONA AVE NE AND NE 50TH E ST,,,2,Injury Collision,Rear Ended,3,0,0,2,2004/03/22 00:00:00+00,3/22/2004 12:08:00 PM,At Intersection (intersection related),14,"MOTOR VEHICLE STRUCK MOTOR VEHICLE, REAR END",Y,0,Clear,Dry,Daylight,,4082020.0,,14,From same direction - both going straight - one stopped - rear-end,0,0,N
10608,1,-122.37812859999998,47.52018135,13357,26651,26651,C649625,Matched,Block,,36TH AVE SW BETWEEN SW BARTON ST AND SW CAMBRIDGE ST,,,1,Property Damage Only Collision,Other,1,0,0,1,2004/11/21 00:00:00+00,11/21/2004 1:00:00 PM,Mid-Block (not related to intersection),48,DRIVERLESS VEHICLE RAN OFF ROAD - HIT FIXED OBJECT,,0,Unknown,Unknown,Unknown,,4326033.0,,50,Fixed object,0,0,N
10609,1,-122.2991179,47.6214915,13358,27574,27574,1772199,Matched,Block,,E MADISON ST BETWEEN 25TH AVE E AND 26TH AVE E,,,1,Property Damage Only Collision,Rear Ended,2,0,0,2,2004/08/06 00:00:00+00,8/6/2004,Mid-Block (but intersection related),14,"MOTOR VEHICLE STRUCK MOTOR VEHICLE, REAR END",,0,Raining,Wet,Daylight,,4219042.0,,13,From same direction - both going straight - both moving - rear-end,0,0,N
10610,1,-122.3738838,47.63918389,13359,27839,27839,1182140,Matched,Block,,13TH AVE W BETWEEN W BOSTON ST AND GILMAN DR W,,,1,Property Damage Only Collision,Parked Car,2,0,0,2,2004/02/15 00:00:00+00,2/15/2004 10:30:00 PM,Mid-Block (not related to intersection),16,"MOTOR VEHICLE STRUCK MOTOR VEHICLE, LEFT SIDE SIDESWIPE",Y,0,Other,Unknown,Dark - Street Lights On,,4046019.0,,32,One parked--one moving,0,0,N
10611,1,-122.35694840000002,47.63656277,13360,28187,28187,1334016,Matched,Block,,QUEEN ANNE AVE N BETWEEN HOWE ST AND CROCKETT ST,,,1,Property Damage Only Collision,Other,2,0,0,2,2004/09/17 00:00:00+00,9/17/2004 3:17:00 PM,Driveway Junction,11,"MOTOR VEHICLE STRUCK MOTOR VEHICLE, FRONT END AT ANGLE",,0,Clear,Dry,Daylight,,4261046.0,,21,One car entering driveway access,0,0,N
10612,1,-122.2915811,47.62132181,13362,27305,27305,1788371,Matched,Block,,E THOMAS ST BETWEEN 31ST E AVE E AND 32ND AVE E,,,1,Property Damage Only Collision,Rear Ended,2,0,0,2,2004/04/03 00:00:00+00,4/3/2004,Mid-Block (but intersection related),14,"MOTOR VEHICLE STRUCK MOTOR VEHICLE, REAR END",,0,Clear,Dry,Daylight,,4094024.0,Y,14,From same direction - both going straight - one stopped - rear-end,0,0,N
10613,1,-122.34861529999999,47.66107493,13364,28136,28136,1079960,Matched,Block,,LINDEN AVE N BETWEEN N ALLEN PL AND N 45TH ST,,,1,Property Damage Only Collision,Parked Car,5,0,0,2,2004/07/17 00:00:00+00,7/17/2004 2:09:00 AM,Mid-Block (but intersection related),16,"MOTOR VEHICLE STRUCK MOTOR VEHICLE, LEFT SIDE SIDESWIPE",,0,Clear,Dry,Dark - Street Lights On,,4199040.0,,32,One parked--one moving,0,0,N
10614,1,-122.3173633,47.67415683,13367,27890,27890,1782708,Matched,Intersection,25710.0,ROOSEVELT WAY NE AND NE 63RD ST,,,1,Property Damage Only Collision,Angles,2,0,0,2,2004/03/25 00:00:00+00,3/25/2004 8:15:00 PM,At Intersection (intersection related),11,"MOTOR VEHICLE STRUCK MOTOR VEHICLE, FRONT END AT ANGLE",,0,Unknown,Wet,Dark - Street Lights On,,4085020.0,,10,Entering at angle,0,0,N
10615,1,-122.33469850000002,47.59695308,13368,26979,26979,1182048,Matched,Block,,RAILROAD WAY S BETWEEN S KING ST AND 1ST N AVE S,,,1,Property Damage Only Collision,Parked Car,2,0,0,2,2004/07/04 00:00:00+00,7/4/2004,Mid-Block (not related to intersection),14,"MOTOR VEHICLE STRUCK MOTOR VEHICLE, REAR END",,0,Clear,Dry,Dark - Street Lights On,,4186030.0,,32,One parked--one moving,0,0,N
10616,2,-122.33848459999999,47.61853427,13369,27592,27592,1482713,Matched,Intersection,29510.0,DENNY WAY AND WESTLAKE AVE,,,2,Injury Collision,Cycles,3,0,1,1,2004/05/14 00:00:00+00,5/14/2004 10:24:00 AM,At Intersection (intersection related),51,PEDALCYCLIST STRUCK MOTOR VEHICLE FRONT END AT ANGLE,Y,0,Clear,Dry,Daylight,,4135005.0,,45,Vehicle - Pedalcyclist,0,0,N
10617,1,-122.38212759999999,47.561055100000004,13370,27510,27510,1789234,Matched,Block,,SW ALASKA ST BETWEEN FAUNTLEROY WAY SW AND 40TH AVE SW,,,1,Property Damage Only Collision,Other,4,0,0,2,2004/05/07 00:00:00+00,5/7/2004,Mid-Block (but intersection related),14,"MOTOR VEHICLE STRUCK MOTOR VEHICLE, REAR END",,0,Clear,Dry,Daylight,,4128018.0,,22,One car leaving driveway access,0,0,N
10618,1,-122.3440291,47.69418265,13371,28019,28019,1780516,Matched,Block,,N 90TH ST BETWEEN AURORA AVE N AND NESBIT AVE N,,,1,Property Damage Only Collision,Angles,3,0,0,3,2004/07/30 00:00:00+00,7/30/2004 6:03:00 PM,Mid-Block (but intersection related),14,"MOTOR VEHICLE STRUCK MOTOR VEHICLE, REAR END",,0,Clear,Dry,Daylight,,4212027.0,,10,Entering at angle,0,0,N
10619,2,-122.3763824,47.64844865,13373,27470,27470,1777962,Matched,Block,,15TH AVE W BETWEEN 15TH AV W NB OFF RP AND W BERTONA ST,,,2,Injury Collision,Other,1,0,0,1,2004/04/13 00:00:00+00,4/13/2004 10:40:00 AM,Mid-Block (not related to intersection),28,MOTOR VEHICLE RAN OFF ROAD - HIT FIXED OBJECT,,0,Clear,Dry,Daylight,,4104031.0,,50,Fixed object,0,0,N
10620,2,-122.3006102,47.66712117,13374,28129,28129,C649668,Matched,Block,,25TH AVE NE BETWEEN NE BLAKELEY ST AND NE 54TH ST,,,2,Injury Collision,Rear Ended,2,0,0,2,2004/12/04 00:00:00+00,12/4/2004,Mid-Block (but intersection related),14,"MOTOR VEHICLE STRUCK MOTOR VEHICLE, REAR END",,0,Raining,Wet,Daylight,,4339076.0,,14,From same direction - both going straight - one stopped - rear-end,0,0,N
10621,1,-122.3413257,47.70504669,13376,27260,27260,1773823,Matched,Block,,N NORTHGATE WAY BETWEEN STONE AVE N AND INTERLAKE AVE N,,,1,Property Damage Only Collision,Rear Ended,2,0,0,2,2004/07/14 00:00:00+00,7/14/2004 8:30:00 AM,Mid-Block (not related to intersection),14,"MOTOR VEHICLE STRUCK MOTOR VEHICLE, REAR END",,0,Clear,Dry,Daylight,,4196029.0,,14,From same direction - both going straight - one stopped - rear-end,0,0,N
10622,2,-122.3160817,47.56018552,13377,27304,27304,1771943,Matched,Intersection,33068.0,13TH AVE S AND S ANGELINE ST,,,2,Injury Collision,Angles,5,0,0,2,2004/05/26 00:00:00+00,5/26/2004 5:02:00 PM,At Intersection (intersection related),11,"MOTOR VEHICLE STRUCK MOTOR VEHICLE, FRONT END AT ANGLE",,0,Raining,Wet,Daylight,,4147032.0,,10,Entering at angle,0,0,N
10623,1,-122.3989736,47.64003588,13379,27417,27417,1783385,Matched,Block,,W WHEELER ST BETWEEN 32ND AVE W AND 33RD AVE W,,,1,Property Damage Only Collision,Parked Car,2,0,0,2,2004/08/25 00:00:00+00,8/25/2004 10:00:00 PM,Mid-Block (but intersection related),14,"MOTOR VEHICLE STRUCK MOTOR VEHICLE, REAR END",,0,Unknown,Unknown,Unknown,,4238058.0,,32,One parked--one moving,0,0,N
10624,2,-122.32588840000001,47.6420305,13380,27617,27617,1320080,Matched,Intersection,28303.0,EASTLAKE AVE E AND E LOUISA ST,,,2,Injury Collision,Left Turn,2,0,0,2,2004/02/12 00:00:00+00,2/12/2004 8:25:00 AM,At Intersection (intersection related),11,"MOTOR VEHICLE STRUCK MOTOR VEHICLE, FRONT END AT ANGLE",,0,Clear,Dry,Daylight,,4043005.0,,28,From opposite direction - one left turn - one straight,0,0,N
10625,1,-122.3244128,47.59667327,13381,28146,28146,1784656,Matched,Block,,S LANE ST BETWEEN MAYNARD AVE S AND 7TH AVE S,,,1,Property Damage Only Collision,Parked Car,2,0,0,2,2004/11/01 00:00:00+00,11/1/2004,Mid-Block (not related to intersection),13,"MOTOR VEHICLE STRUCK MOTOR VEHICLE, LEFT SIDE AT ANGLE",,0,Raining,Wet,Daylight,,4306018.0,,32,One parked--one moving,0,0,N
10626,2,-122.3146497,47.57188856,13383,27377,27377,1793487,Matched,Block,,S COLUMBIAN WAY BETWEEN 14TH AVE S AND S SPOKANE ST,,,2,Injury Collision,Sideswipe,3,0,0,2,2004/10/16 00:00:00+00,10/16/2004 4:34:00 PM,Mid-Block (but intersection related),16,"MOTOR VEHICLE STRUCK MOTOR VEHICLE, LEFT SIDE SIDESWIPE",,0,Clear,Dry,Daylight,,4290030.0,,11,From same direction - both going straight - both moving - sideswipe,0,0,N
10627,2,-122.3033182,47.70027141,13384,27978,27978,1778612,Matched,Intersection,37713.0,LAKE CITY WAY NE AND NE 98TH ST,,,2,Injury Collision,Angles,4,0,0,2,2004/09/28 00:00:00+00,9/28/2004 9:09:00 AM,At Intersection (intersection related),11,"MOTOR VEHICLE STRUCK MOTOR VEHICLE, FRONT END AT ANGLE",,0,Clear,Dry,Daylight,,4272004.0,,10,Entering at angle,0,0,N
10628,2,-122.31157479999999,47.60000588,13385,28164,28164,1790008,Matched,Intersection,30740.0,16TH AVE S AND S MAIN ST,,,2,Injury Collision,Angles,5,0,0,2,2004/06/01 00:00:00+00,6/1/2004,At Intersection (intersection related),11,"MOTOR VEHICLE STRUCK MOTOR VEHICLE, FRONT END AT ANGLE",,0,Clear,Dry,Daylight,,4153034.0,,10,Entering at angle,0,0,N
10629,1,-122.3314166,47.61617112,13386,26689,26689,1069693,Matched,Intersection,29852.0,BOREN AVE AND HOWELL ST,,,1,Property Damage Only Collision,Angles,2,0,0,2,2004/12/05 00:00:00+00,12/5/2004,At Intersection (intersection related),11,"MOTOR VEHICLE STRUCK MOTOR VEHICLE, FRONT END AT ANGLE",,0,Raining,Wet,Dark - Street Lights On,,4340012.0,,10,Entering at angle,0,0,N
10630,2,-122.30238179999999,47.62675926,13389,26813,26813,1216590,Matched,Intersection,29328.0,23RD AVE E AND E ALOHA ST,,,2,Injury Collision,Left Turn,3,0,0,2,2004/07/16 00:00:00+00,7/16/2004 6:54:00 PM,At Intersection (intersection related),11,"MOTOR VEHICLE STRUCK MOTOR VEHICLE, FRONT END AT ANGLE",,0,Clear,Dry,Daylight,,4198031.0,,28,From opposite direction - one left turn - one straight,0,0,N
10631,2,-122.35554669999999,47.72323367,13390,27201,27201,1205116,Matched,Intersection,35821.0,GREENWOOD AVE N AND N 130TH ST,,,2,Injury Collision,Angles,3,0,0,2,2004/04/30 00:00:00+00,4/30/2004 9:40:00 PM,At Intersection (intersection related),11,"MOTOR VEHICLE STRUCK MOTOR VEHICLE, FRONT END AT ANGLE",,0,Clear,Dry,Dark - Street Lights On,,4121009.0,,10,Entering at angle,0,0,N
10632,1,-122.3223656,47.61049781,13391,27705,27705,1200835,Matched,Block,,MADISON ST BETWEEN SUMMIT AVE AND BOYLSTON AVE,,,1,Property Damage Only Collision,Head On,2,0,0,2,2004/04/27 00:00:00+00,4/27/2004 7:13:00 AM,Mid-Block (not related to intersection),11,"MOTOR VEHICLE STRUCK MOTOR VEHICLE, FRONT END AT ANGLE",,0,Overcast,Dry,Dawn,,4118018.0,,30,From opposite direction - all others,0,0,N
10633,2,-122.3341955,47.59031216,13392,27058,27058,1776828,Matched,Intersection,30388.0,1ST AVE S AND S ATLANTIC ST,,,2,Injury Collision,Left Turn,3,0,0,2,2004/09/19 00:00:00+00,9/19/2004 7:53:00 PM,At Intersection (intersection related),11,"MOTOR VEHICLE STRUCK MOTOR VEHICLE, FRONT END AT ANGLE",,0,Clear,Dry,Dusk,,4263020.0,,28,From opposite direction - one left turn - one straight,0,0,N
10634,1,-122.34239679999999,47.61913489,13393,27175,27175,1783611,Matched,Block,,DEXTER AVE N BETWEEN DENNY WAY AND JOHN ST,,,1,Property Damage Only Collision,Sideswipe,2,0,0,2,2004/10/11 00:00:00+00,10/11/2004 9:22:00 PM,Mid-Block (not related to intersection),16,"MOTOR VEHICLE STRUCK MOTOR VEHICLE, LEFT SIDE SIDESWIPE",,0,Clear,Dry,Dark - Street Lights On,,4285012.0,,11,From same direction - both going straight - both moving - sideswipe,0,0,N
10635,1,-122.3761597,47.64067899,13396,26678,26678,1783398,Matched,Intersection,27915.0,15TH AVE W AND W WHEELER ST,,,1,Property Damage Only Collision,Left Turn,2,0,0,2,2004/09/27 00:00:00+00,9/27/2004 11:55:00 AM,At Intersection (intersection related),11,"MOTOR VEHICLE STRUCK MOTOR VEHICLE, FRONT END AT ANGLE",,0,Clear,Dry,Daylight,,4271028.0,,28,From opposite direction - one left turn - one straight,0,0,N
10636,2,-122.32636049999999,47.59919276,13397,27284,27284,1784684,Matched,Intersection,30511.0,6TH AVE S AND S JACKSON ST,,,2,Injury Collision,Angles,4,0,0,2,2004/10/18 00:00:00+00,10/18/2004 5:17:00 PM,At Intersection (intersection related),11,"MOTOR VEHICLE STRUCK MOTOR VEHICLE, FRONT END AT ANGLE",Y,0,Raining,Wet,Daylight,,4292018.0,,10,Entering at angle,0,0,N
10637,2,-122.32904690000001,47.59538697,13398,27512,27512,1789542,Matched,Block,,4TH AVE S BETWEEN SEATTLE BLVD S AND I90 WB 4TH AV OFF RP,,,2,Injury Collision,Rear Ended,3,0,0,2,2004/07/04 00:00:00+00,7/4/2004,Mid-Block (but intersection related),14,"MOTOR VEHICLE STRUCK MOTOR VEHICLE, REAR END",,0,Clear,Dry,Dark - No Street Lights,,4186021.0,,14,From same direction - both going straight - one stopped - rear-end,0,0,N
10638,1,-122.3313951,47.61850791,13399,28196,28196,1778145,Matched,Intersection,29169.0,DENNY WAY AND YALE AVE,,,1,Property Damage Only Collision,Angles,2,0,0,2,2004/07/28 00:00:00+00,7/28/2004 4:09:00 PM,At Intersection (intersection related),11,"MOTOR VEHICLE STRUCK MOTOR VEHICLE, FRONT END AT ANGLE",,0,Clear,Dry,Daylight,,4210029.0,Y,10,Entering at angle,0,0,N