,SEVERITYCODE,X,Y,OBJECTID,INCKEY,COLDETKEY,REPORTNO,STATUS,ADDRTYPE,INTKEY,LOCATION,EXCEPTRSNCODE,EXCEPTRSNDESC,SEVERITYCODE.1,SEVERITYDESC,COLLISIONTYPE,PERSONCOUNT,PEDCOUNT,PEDCYLCOUNT,VEHCOUNT,INCDATE,INCDTTM,JUNCTIONTYPE,SDOT_COLCODE,SDOT_COLDESC,INATTENTIONIND,UNDERINFL,WEATHER,ROADCOND,LIGHTCOND,PEDROWNOTGRNT,SDOTCOLNUM,SPEEDING,ST_COLCODE,ST_COLDESC,SEGLANEKEY,CROSSWALKKEY,HITPARKEDCAR
10639,2,-122.3290808,47.69034175,13400,26952,26952,1220520,Matched,Block,,BANNER WAY NE BETWEEN NE 85TH ST OFF RP AND CORLISS WAY N,,,2,Injury Collision,Other,1,0,0,1,2004/10/17 00:00:00+00,10/17/2004 12:22:00 PM,Mid-Block (not related to intersection),26,MOTOR VEHICLE STRUCK OBJECT IN ROAD,,0,Raining,Wet,Daylight,,4291012.0,Y,50,Fixed object,0,0,N
10640,1,-122.35115149999999,47.68402406,13401,27329,27329,1782091,Matched,Block,,N 76TH ST BETWEEN DAYTON AVE N AND FREMONT AVE N,,,1,Property Damage Only Collision,Parked Car,2,0,0,2,2004/09/18 00:00:00+00,9/18/2004 1:50:00 PM,Mid-Block (not related to intersection),16,"MOTOR VEHICLE STRUCK MOTOR VEHICLE, LEFT SIDE SIDESWIPE",,0,Raining,Wet,Daylight,,4262018.0,,32,One parked--one moving,0,0,N
10641,2,-122.2923788,47.72558660000001,13402,27696,27696,1797053,Matched,Block,,LAKE CITY WAY NE BETWEEN NE 133RD ST AND NE 135TH ST,,,2,Injury Collision,Head On,2,0,0,2,2004/10/16 00:00:00+00,10/16/2004 8:30:00 PM,Mid-Block (not related to intersection),11,"MOTOR VEHICLE STRUCK MOTOR VEHICLE, FRONT END AT ANGLE",,0,Raining,Wet,Dark - Street Lights On,,4290018.0,,24,From opposite direction - both moving - head-on,0,0,N
10642,1,-122.3628842,47.56018055,13403,27770,27770,1790255,Matched,Block,,DELRIDGE WAY SW BETWEEN SW ALASKA ST AND SW EDMUNDS ST,,,1,Property Damage Only Collision,Rear Ended,5,0,0,4,2004/03/18 00:00:00+00,3/18/2004 4:28:00 PM,Mid-Block (not related to intersection),14,"MOTOR VEHICLE STRUCK MOTOR VEHICLE, REAR END",,0,Raining,Wet,Daylight,,4078033.0,,14,From same direction - both going straight - one stopped - rear-end,0,0,N
10643,1,-122.34009270000001,47.60554492,13404,27126,27126,1213891,Matched,Block,,ALASKAN WAY BETWEEN SENECA ST AND UNIVERSITY ST,,,1,Property Damage Only Collision,Other,2,0,0,2,2004/08/30 00:00:00+00,8/30/2004 7:50:00 AM,Mid-Block (not related to intersection),16,"MOTOR VEHICLE STRUCK MOTOR VEHICLE, LEFT SIDE SIDESWIPE",,0,Clear,Dry,Daylight,,4243028.0,,23,From same direction - all others,0,0,N
10644,1,-122.302329,47.65499523,13407,26669,26669,1780986,Matched,Block,,MONTLAKE BLVD NE BETWEEN NE PACIFIC PL AND 25TH AVE NE,,,1,Property Damage Only Collision,Rear Ended,3,0,0,2,2004/01/22 00:00:00+00,1/22/2004 6:10:00 AM,Mid-Block (but intersection related),16,"MOTOR VEHICLE STRUCK MOTOR VEHICLE, LEFT SIDE SIDESWIPE",,0,Clear,Dry,Dark - Street Lights On,,4022020.0,,13,From same direction - both going straight - both moving - rear-end,0,0,N
10645,1,-122.35678909999999,47.706000200000005,13408,27415,27415,1782988,Matched,Block,,PALATINE AVE N BETWEEN N 105TH ST AND N 107TH ST,,,1,Property Damage Only Collision,Parked Car,2,0,0,2,2004/05/11 00:00:00+00,5/11/2004 7:26:00 AM,Mid-Block (not related to intersection),34,DRIVERLESS VEHICLE STRUCK MOTOR VEHICLE REAR END,Y,0,Raining,Wet,Unknown,,4132006.0,,32,One parked--one moving,0,0,N
10646,1,-122.32768600000001,47.60171208,13410,28011,28011,1788743,Matched,Block,,YESLER WAY BETWEEN TERRACE ST AND 6TH AVE,,,1,Property Damage Only Collision,Parked Car,2,0,0,2,2004/07/08 00:00:00+00,7/8/2004,Mid-Block (not related to intersection),11,"MOTOR VEHICLE STRUCK MOTOR VEHICLE, FRONT END AT ANGLE",,0,Clear,Dry,Daylight,,4190020.0,,20,One car leaving parked position,0,0,N
10647,1,-122.3160817,47.56018552,13411,27041,27041,1779199,Matched,Intersection,33068.0,13TH AVE S AND S ANGELINE ST,,,1,Property Damage Only Collision,Angles,2,0,0,2,2004/01/23 00:00:00+00,1/23/2004 9:14:00 AM,At Intersection (intersection related),11,"MOTOR VEHICLE STRUCK MOTOR VEHICLE, FRONT END AT ANGLE",,0,Raining,Wet,Daylight,,4023010.0,,10,Entering at angle,0,0,N
10648,2,-122.2819925,47.53153751,13412,27106,27106,1771633,Matched,Block,,S KENYON ST BETWEEN 39TH AVE S AND M L KING JR WR WAY S,,,2,Injury Collision,Rear Ended,2,0,0,2,2004/02/21 00:00:00+00,2/21/2004 2:45:00 PM,Mid-Block (but intersection related),14,"MOTOR VEHICLE STRUCK MOTOR VEHICLE, REAR END",,0,Clear,Dry,Daylight,,4052013.0,,14,From same direction - both going straight - one stopped - rear-end,0,0,N
10649,1,-122.3796185,47.66867212,13415,27115,27115,1794060,Matched,Block,,NW MARKET ST BETWEEN 17TH AVE NW AND BARNES AVE NW,,,1,Property Damage Only Collision,Rear Ended,2,0,0,2,2004/06/18 00:00:00+00,6/18/2004 2:50:00 PM,Mid-Block (but intersection related),14,"MOTOR VEHICLE STRUCK MOTOR VEHICLE, REAR END",,0,Clear,Dry,Daylight,,4170027.0,,14,From same direction - both going straight - one stopped - rear-end,0,0,N
10650,1,-122.32422350000002,47.61169434,13416,27157,27157,1786846,Matched,Intersection,29900.0,SENECA ST AND SUMMIT AVE,,,1,Property Damage Only Collision,Angles,6,0,0,2,2004/07/17 00:00:00+00,7/17/2004 2:31:00 AM,At Intersection (intersection related),11,"MOTOR VEHICLE STRUCK MOTOR VEHICLE, FRONT END AT ANGLE",,0,Clear,Dry,Dark - Street Lights On,,4199037.0,,10,Entering at angle,0,0,N
10651,1,-122.323275,47.61984262,13417,26524,26524,1788264,Matched,Block,,E OLIVE WAY BETWEEN BOYLSTON W AVE E AND BOYLSTON E AVE E,,,1,Property Damage Only Collision,Sideswipe,3,0,0,2,2004/01/13 00:00:00+00,1/13/2004 10:44:00 PM,Mid-Block (not related to intersection),16,"MOTOR VEHICLE STRUCK MOTOR VEHICLE, LEFT SIDE SIDESWIPE",,0,Clear,Dry,Dark - Street Lights On,,4013034.0,,11,From same direction - both going straight - both moving - sideswipe,0,0,N
10652,1,-122.3110717,47.69578969,13418,27199,27199,1079860,Matched,Block,,NE 92ND ST BETWEEN 15TH AVE NE AND DEAD END 1,,,1,Property Damage Only Collision,Parked Car,2,0,0,2,2004/09/08 00:00:00+00,9/8/2004,Mid-Block (not related to intersection),16,"MOTOR VEHICLE STRUCK MOTOR VEHICLE, LEFT SIDE SIDESWIPE",,0,Clear,Dry,Unknown,,4252021.0,,32,One parked--one moving,0,0,N
10653,1,-122.35962659999998,47.52233423,13419,27354,27354,1798389,Matched,Block,,DELRIDGE WAY SW BETWEEN SW HENDERSON ST AND 20TH AVE SW,,,1,Property Damage Only Collision,Rear Ended,2,0,0,2,2004/09/15 00:00:00+00,9/15/2004 12:52:00 PM,Mid-Block (but intersection related),14,"MOTOR VEHICLE STRUCK MOTOR VEHICLE, REAR END",Y,0,Overcast,Dry,Daylight,,4259018.0,,14,From same direction - both going straight - one stopped - rear-end,0,0,N
10654,1,-122.3184795,47.64135469,13420,26939,26939,1220238,Matched,Block,,E MILLER ST BETWEEN FEDERAL AVE E AND 11TH N AVE E,,,1,Property Damage Only Collision,Parked Car,2,0,0,2,2004/09/17 00:00:00+00,9/17/2004 10:00:00 AM,Mid-Block (not related to intersection),11,"MOTOR VEHICLE STRUCK MOTOR VEHICLE, FRONT END AT ANGLE",,0,Unknown,Unknown,Unknown,,4261022.0,,32,One parked--one moving,0,0,N
10655,1,-122.30179720000001,47.66842417,13421,27604,27604,1782705,Matched,Block,,NE 55TH ST BETWEEN RAVENNA PL NE AND 25TH AVE NE,,,1,Property Damage Only Collision,Rear Ended,2,0,0,2,2004/03/19 00:00:00+00,3/19/2004 7:56:00 PM,Driveway Junction,14,"MOTOR VEHICLE STRUCK MOTOR VEHICLE, REAR END",,0,Clear,Dry,Dark - Street Lights On,,4079021.0,,13,From same direction - both going straight - both moving - rear-end,0,0,N
10656,1,-122.3686068,47.66752001,13422,27235,27235,1796980,Matched,Block,,9TH AVE NW BETWEEN NW 53RD ST AND NW 54TH ST,,,1,Property Damage Only Collision,Parked Car,2,0,0,2,2004/11/22 00:00:00+00,11/22/2004 9:05:00 PM,Mid-Block (not related to intersection),14,"MOTOR VEHICLE STRUCK MOTOR VEHICLE, REAR END",,0,Raining,Wet,Dark - Street Lights On,,4327016.0,,32,One parked--one moving,0,0,N
10657,1,-122.3734717,47.50550132,13423,28123,28123,1790704,Matched,Block,,32ND AVE SW BETWEEN SW 108TH ST AND SW 110TH ST,,,1,Property Damage Only Collision,Parked Car,4,0,0,4,2004/06/18 00:00:00+00,6/18/2004 11:50:00 PM,Mid-Block (but intersection related),14,"MOTOR VEHICLE STRUCK MOTOR VEHICLE, REAR END",,0,Clear,Dry,Dark - No Street Lights,,4170044.0,,32,One parked--one moving,0,0,N
10658,2,-122.32807859999998,47.60416123,13424,28212,28212,1958006,Matched,Intersection,29973.0,6TH AVE AND JAMES ST,,,2,Injury Collision,Angles,4,0,0,2,2004/08/03 00:00:00+00,8/3/2004,At Intersection (intersection related),11,"MOTOR VEHICLE STRUCK MOTOR VEHICLE, FRONT END AT ANGLE",,0,Clear,Dry,Daylight,,4216037.0,,10,Entering at angle,0,0,N
10659,2,-122.33369270000001,47.60526721,13425,27255,27255,1213048,Matched,Block,,3RD AVE BETWEEN MARION ST AND MADISON ST,,,2,Injury Collision,Rear Ended,2,0,0,2,2004/03/24 00:00:00+00,3/24/2004 3:31:00 PM,Mid-Block (not related to intersection),14,"MOTOR VEHICLE STRUCK MOTOR VEHICLE, REAR END",,0,Raining,Wet,Daylight,,4084011.0,,14,From same direction - both going straight - one stopped - rear-end,0,0,N
10660,1,-122.31338190000001,47.57947494,13427,27375,27375,1771392,Matched,Intersection,31303.0,15TH AVE S AND S LANDER ST,,,1,Property Damage Only Collision,Angles,2,0,0,2,2004/05/25 00:00:00+00,5/25/2004 2:12:00 AM,At Intersection (intersection related),11,"MOTOR VEHICLE STRUCK MOTOR VEHICLE, FRONT END AT ANGLE",,0,Clear,Dry,Dark - Street Lights On,,4146035.0,,10,Entering at angle,0,0,N
10661,1,-122.3217635,47.68055437,13428,27727,27727,1794286,Matched,Block,,6TH AVE NE BETWEEN NE 70TH N ST AND NE 72ND ST,,,1,Property Damage Only Collision,Parked Car,2,0,0,2,2004/06/01 00:00:00+00,6/1/2004,Mid-Block (not related to intersection),13,"MOTOR VEHICLE STRUCK MOTOR VEHICLE, LEFT SIDE AT ANGLE",,0,Clear,Dry,Dark - Street Lights On,,4153016.0,,32,One parked--one moving,0,0,N
10662,1,-122.34318200000001,47.54106972,13429,27633,27633,1481700,Matched,Intersection,34083.0,SW FRONT ST AND WEST MARGINAL WAY SW,,,1,Property Damage Only Collision,Left Turn,3,0,0,2,2004/05/10 00:00:00+00,5/10/2004 1:35:00 PM,At Intersection (intersection related),11,"MOTOR VEHICLE STRUCK MOTOR VEHICLE, FRONT END AT ANGLE",,0,Raining,Wet,Daylight,,4131020.0,,15,From same direction - one left turn - one straight,0,0,N
10663,1,-122.37644499999999,47.54468257,13430,27702,27702,1798353,Matched,Intersection,34008.0,35TH AVE SW AND SW MORGAN ST,,,1,Property Damage Only Collision,Left Turn,2,0,0,2,2004/05/24 00:00:00+00,5/24/2004 8:30:00 AM,At Intersection (intersection related),14,"MOTOR VEHICLE STRUCK MOTOR VEHICLE, REAR END",,0,Clear,Dry,Daylight,,4145002.0,,28,From opposite direction - one left turn - one straight,0,0,N
10664,1,-122.31154779999999,47.60710904,13431,26814,26814,1216596,Matched,Block,,16TH AVE BETWEEN E JEFFERSON ST AND E CHERRY ST,,,1,Property Damage Only Collision,Parked Car,2,0,0,2,2004/08/19 00:00:00+00,8/19/2004 5:16:00 PM,Mid-Block (not related to intersection),16,"MOTOR VEHICLE STRUCK MOTOR VEHICLE, LEFT SIDE SIDESWIPE",,0,Clear,Dry,Daylight,,4232026.0,,32,One parked--one moving,0,0,N
10665,2,-122.305044,47.60167156,13432,27202,27202,1211587,Matched,Intersection,30731.0,21ST AVE AND E YESLER WAY,,,2,Injury Collision,Rear Ended,2,0,0,2,2004/08/29 00:00:00+00,8/29/2004 3:25:00 PM,At Intersection (intersection related),14,"MOTOR VEHICLE STRUCK MOTOR VEHICLE, REAR END",,0,Clear,Dry,Daylight,,4242004.0,,14,From same direction - both going straight - one stopped - rear-end,0,0,N
10666,1,-122.3209367,47.62466033,13433,27212,27212,1772552,Matched,Block,,BROADWAY E BETWEEN E MERCER ST AND E ROY E ST,,,1,Property Damage Only Collision,Parked Car,10,0,0,2,2004/05/27 00:00:00+00,5/27/2004 9:01:00 PM,Mid-Block (not related to intersection),13,"MOTOR VEHICLE STRUCK MOTOR VEHICLE, LEFT SIDE AT ANGLE",Y,0,Raining,Wet,Dark - Street Lights On,,4148004.0,,32,One parked--one moving,0,0,N
10667,2,-122.37357630000001,47.67454467,13434,27082,27082,1080159,Matched,Intersection,25383.0,14TH AVE NW AND NW 63RD ST,,,2,Injury Collision,Angles,3,0,0,2,2004/08/25 00:00:00+00,8/25/2004 2:12:00 PM,At Intersection (intersection related),11,"MOTOR VEHICLE STRUCK MOTOR VEHICLE, FRONT END AT ANGLE",,0,Clear,Dry,Daylight,,4238014.0,,10,Entering at angle,0,0,N
10668,1,,,13435,27237,27237,C629723,Matched,Intersection,28003.0,WAVERLY PL N AND WHEELER ST,,,1,Property Damage Only Collision,Angles,2,0,0,2,2004/03/12 00:00:00+00,3/12/2004 6:05:00 AM,At Intersection (intersection related),11,"MOTOR VEHICLE STRUCK MOTOR VEHICLE, FRONT END AT ANGLE",,0,Clear,Dry,Unknown,,4072038.0,,10,Entering at angle,0,0,N
10669,1,-122.34242490000001,47.61564896,13437,28161,28161,1777476,Matched,Block,,5TH AVE BETWEEN BLANCHARD ST AND BELL ST,,,1,Property Damage Only Collision,Rear Ended,2,0,0,2,2004/01/09 00:00:00+00,1/9/2004,Mid-Block (not related to intersection),14,"MOTOR VEHICLE STRUCK MOTOR VEHICLE, REAR END",,1,Clear,Dry,Dark - Street Lights On,,4009016.0,,14,From same direction - both going straight - one stopped - rear-end,0,0,N
10670,1,-122.28991459999999,47.56179245,13439,27440,27440,1784027,Matched,Block,,34TH AVE S BETWEEN S OREGON E ST AND S ALASKA ST,,,1,Property Damage Only Collision,Parked Car,2,0,0,2,2004/11/21 00:00:00+00,11/21/2004 12:29:00 AM,Mid-Block (not related to intersection),16,"MOTOR VEHICLE STRUCK MOTOR VEHICLE, LEFT SIDE SIDESWIPE",,0,Overcast,Dry,Dark - Street Lights On,,4326028.0,,32,One parked--one moving,0,0,N
10671,1,-122.3148331,47.59222659,13442,28143,28143,1784076,Matched,Block,,14TH AVE S BETWEEN GOLF DR S AND S JUDKINS ST,,,1,Property Damage Only Collision,Rear Ended,4,0,0,2,2004/11/23 00:00:00+00,11/23/2004 7:41:00 PM,Mid-Block (but intersection related),14,"MOTOR VEHICLE STRUCK MOTOR VEHICLE, REAR END",Y,0,Raining,Wet,Dark - Street Lights On,,4328005.0,,14,From same direction - both going straight - one stopped - rear-end,0,0,N
10672,2,-122.37616969999999,47.64294366,13443,26930,26930,1482492,Matched,Intersection,27900.0,15TH AVE W AND GILMAN UPPER DR W,,,2,Injury Collision,Rear Ended,4,0,0,3,2004/10/31 00:00:00+00,10/31/2004 7:25:00 PM,At Intersection (intersection related),14,"MOTOR VEHICLE STRUCK MOTOR VEHICLE, REAR END",Y,0,Clear,Dry,Dark - Street Lights On,,4305012.0,,14,From same direction - both going straight - one stopped - rear-end,0,0,N
10673,1,-122.33141409999999,47.71361615,13444,27171,27171,1794501,Matched,Block,,CORLISS AVE N BETWEEN N 116TH ST AND N 117TH ST,,,1,Property Damage Only Collision,Other,1,0,0,1,2004/09/28 00:00:00+00,9/28/2004 8:35:00 PM,Mid-Block (but intersection related),28,MOTOR VEHICLE RAN OFF ROAD - HIT FIXED OBJECT,,0,Clear,Dry,Dusk,,4272037.0,,50,Fixed object,0,0,N
10674,1,-122.3393858,47.56969259,13445,27244,27244,1198441,Matched,Block,,ALASKAN WY VI SB BETWEEN ALASKAN WY VI SB WSB WB OFF RP AND EAST MARGINAL WAY S,,,1,Property Damage Only Collision,Sideswipe,3,0,0,2,2004/11/27 00:00:00+00,11/27/2004 9:00:00 PM,Mid-Block (not related to intersection),16,"MOTOR VEHICLE STRUCK MOTOR VEHICLE, LEFT SIDE SIDESWIPE",,0,Clear,Dry,Dark - Street Lights On,,4332002.0,,11,From same direction - both going straight - both moving - sideswipe,0,0,N
10675,1,-122.38145619999999,47.56110747,13446,28211,28211,C646991,Matched,Intersection,31920.0,FAUNTLEROY WAY SW AND SW ALASKA ST,,,1,Property Damage Only Collision,Angles,2,0,0,2,2004/08/01 00:00:00+00,8/1/2004,At Intersection (intersection related),11,"MOTOR VEHICLE STRUCK MOTOR VEHICLE, FRONT END AT ANGLE",,0,Clear,Dry,Daylight,,4214019.0,,10,Entering at angle,0,0,N
10676,2,-122.3137155,47.54758004,13448,27145,27145,1772867,Matched,Block,,S ALBRO PL BETWEEN STANLEY AVE S AND CORGIAT DR S,,,2,Injury Collision,Rear Ended,5,0,0,2,2004/08/31 00:00:00+00,8/31/2004 5:43:00 PM,Mid-Block (but intersection related),14,"MOTOR VEHICLE STRUCK MOTOR VEHICLE, REAR END",,0,Clear,Dry,Daylight,,4244038.0,,14,From same direction - both going straight - one stopped - rear-end,0,0,N
10677,1,-122.3371216,47.62578951,13449,27374,27374,1095241,Matched,Intersection,28745.0,TERRY AVE N AND VALLEY ST,,,1,Property Damage Only Collision,Left Turn,2,0,0,2,2004/04/21 00:00:00+00,4/21/2004 4:10:00 PM,At Intersection (intersection related),11,"MOTOR VEHICLE STRUCK MOTOR VEHICLE, FRONT END AT ANGLE",,0,Clear,Dry,Daylight,,4112007.0,,28,From opposite direction - one left turn - one straight,0,0,N
10678,1,-122.3114835,47.61095763,13450,28205,28205,1788737,Matched,Block,,16TH AVE BETWEEN E MARION ST AND E SPRING ST,,,1,Property Damage Only Collision,Parked Car,2,0,0,2,2004/04/13 00:00:00+00,4/13/2004 1:00:00 PM,Mid-Block (but intersection related),15,"MOTOR VEHICLE STRUCK MOTOR VEHICLE, RIGHT SIDE SIDESWIPE",,0,Overcast,Dry,Daylight,,4104032.0,,32,One parked--one moving,0,0,N
10679,2,-122.326807,47.60864031,13452,27472,27472,1790125,Matched,Block,,MADISON ST BETWEEN 9TH AVE AND TERRY AVE,,,2,Injury Collision,Rear Ended,2,0,0,2,2004/04/19 00:00:00+00,4/19/2004 5:14:00 PM,Mid-Block (not related to intersection),14,"MOTOR VEHICLE STRUCK MOTOR VEHICLE, REAR END",,0,Raining,Wet,Daylight,,4110015.0,,14,From same direction - both going straight - one stopped - rear-end,0,0,N
10680,2,-122.35545970000001,47.7059898,13453,28135,28135,1079921,Matched,Block,,GREENWOOD AVE N BETWEEN HOLMAN RD N AND N 107TH ST,,,2,Injury Collision,Parked Car,2,0,0,2,2004/09/01 00:00:00+00,9/1/2004,Mid-Block (not related to intersection),11,"MOTOR VEHICLE STRUCK MOTOR VEHICLE, FRONT END AT ANGLE",,0,Overcast,Wet,Daylight,,4245004.0,,20,One car leaving parked position,0,0,N
10681,1,-122.3175527,47.68673213,13454,28060,28060,1794455,Matched,Intersection,24395.0,ROOSEVELT WAY NE AND NE 80TH ST,,,1,Property Damage Only Collision,Left Turn,4,0,0,2,2004/10/01 00:00:00+00,10/1/2004,At Intersection (intersection related),11,"MOTOR VEHICLE STRUCK MOTOR VEHICLE, FRONT END AT ANGLE",,0,Clear,Dry,Daylight,,4275014.0,,28,From opposite direction - one left turn - one straight,0,0,N
10682,1,-122.3341912,47.59829172,13457,27744,27744,1482605,Matched,Intersection,30368.0,1ST AVE S AND S KING ST,,,1,Property Damage Only Collision,Angles,2,0,0,2,2004/05/26 00:00:00+00,5/26/2004 10:41:00 AM,At Intersection (intersection related),11,"MOTOR VEHICLE STRUCK MOTOR VEHICLE, FRONT END AT ANGLE",,0,Raining,Wet,Daylight,,4147015.0,,10,Entering at angle,0,0,N
10683,2,-122.36074270000002,47.70239956,13459,27559,27559,1220700,Matched,Intersection,37116.0,3RD AVE NW AND HOLMAN RD NW,,,2,Injury Collision,Left Turn,4,0,0,2,2004/01/08 00:00:00+00,1/8/2004,At Intersection (intersection related),11,"MOTOR VEHICLE STRUCK MOTOR VEHICLE, FRONT END AT ANGLE",,0,Raining,Wet,Dark - Street Lights On,,4008022.0,Y,28,From opposite direction - one left turn - one straight,0,0,N
10684,1,-122.3148692,47.61362457,13463,27525,27525,1772108,Matched,Block,,E MADISON ST BETWEEN 13TH AVE AND 14TH AVE,,,1,Property Damage Only Collision,Rear Ended,2,0,0,2,2004/04/11 00:00:00+00,4/11/2004 9:54:00 PM,Mid-Block (but intersection related),14,"MOTOR VEHICLE STRUCK MOTOR VEHICLE, REAR END",,1,Clear,Dry,Dark - Street Lights On,,4102005.0,,14,From same direction - both going straight - one stopped - rear-end,0,0,N
10685,1,-122.36617890000001,47.66828157,13466,27116,27116,1794061,Matched,Block,,8TH AVE NW BETWEEN NW 54TH ST AND NW MARKET ST,,,1,Property Damage Only Collision,Rear Ended,2,0,0,2,2004/06/18 00:00:00+00,6/18/2004 4:19:00 PM,Mid-Block (not related to intersection),14,"MOTOR VEHICLE STRUCK MOTOR VEHICLE, REAR END",,0,Clear,Dry,Daylight,,4170028.0,,13,From same direction - both going straight - both moving - rear-end,0,0,N
10686,1,-122.32588840000001,47.6420305,13467,27450,27450,1788666,Matched,Intersection,28303.0,EASTLAKE AVE E AND E LOUISA ST,,,1,Property Damage Only Collision,Rear Ended,2,0,0,2,2004/02/04 00:00:00+00,2/4/2004,At Intersection (intersection related),14,"MOTOR VEHICLE STRUCK MOTOR VEHICLE, REAR END",Y,0,Overcast,Dry,Dark - Street Lights On,,4035026.0,,14,From same direction - both going straight - one stopped - rear-end,0,0,N
10687,1,-122.295849,47.60708367,13468,28031,28031,1789782,Matched,Block,,28TH AVE BETWEEN E JEFFERSON ST AND E CHERRY ST,,,1,Property Damage Only Collision,Parked Car,2,0,0,2,2004/02/18 00:00:00+00,2/18/2004 5:07:00 PM,Driveway Junction,14,"MOTOR VEHICLE STRUCK MOTOR VEHICLE, REAR END",Y,0,Overcast,Dry,Daylight,,4049031.0,,32,One parked--one moving,0,0,N
10688,1,-122.3582886,47.63656294,13469,26663,26663,1482871,Matched,Block,,1ST AVE W BETWEEN W HOWE ST AND W CROCKETT ST,,,1,Property Damage Only Collision,Parked Car,2,0,0,2,2004/06/23 00:00:00+00,6/23/2004 1:45:00 PM,Mid-Block (not related to intersection),13,"MOTOR VEHICLE STRUCK MOTOR VEHICLE, LEFT SIDE AT ANGLE",,0,Clear,Dry,Daylight,,4175034.0,,32,One parked--one moving,0,0,N
10689,1,-122.3447064,47.7057972,13470,27346,27346,1773615,Matched,Block,,AURORA AVE N BETWEEN N NORTHGATE WAY AND N 107TH S ST,,,1,Property Damage Only Collision,Angles,3,0,0,2,2004/06/02 00:00:00+00,6/2/2004,Mid-Block (but intersection related),11,"MOTOR VEHICLE STRUCK MOTOR VEHICLE, FRONT END AT ANGLE",,0,Clear,Dry,Daylight,,4154040.0,,10,Entering at angle,0,0,N
10690,1,-122.30090619999999,47.661888299999994,13471,27856,27856,1773709,Matched,Block,,25TH AVE NE BETWEEN NE 44TH ST AND NE 47TH ST,,,1,Property Damage Only Collision,Other,2,0,0,2,2004/06/07 00:00:00+00,6/7/2004,Driveway Junction,11,"MOTOR VEHICLE STRUCK MOTOR VEHICLE, FRONT END AT ANGLE",,0,Raining,Wet,Daylight,,4159019.0,,22,One car leaving driveway access,0,0,N
10691,1,-122.3555406,47.72050806,13472,26798,26798,1797107,Matched,Block,,GREENWOOD AVE N BETWEEN N 125TH ST AND N 127TH ST,,,1,Property Damage Only Collision,Other,2,0,0,2,2004/11/24 00:00:00+00,11/24/2004 6:30:00 PM,Mid-Block (not related to intersection),11,"MOTOR VEHICLE STRUCK MOTOR VEHICLE, FRONT END AT ANGLE",,0,Clear,Unknown,Dark - Street Lights On,,4329059.0,,21,One car entering driveway access,0,0,N
10692,2,-122.3446554,47.70179074,13473,27605,27605,1793741,Matched,Block,,AURORA AVE N BETWEEN N 100TH ST AND N 101ST ST,,,2,Injury Collision,Cycles,2,0,1,1,2004/10/31 00:00:00+00,10/31/2004 8:32:00 PM,Driveway Junction,18,"MOTOR VEHICLE STRUCK PEDALCYCLIST, FRONT END AT ANGLE",,1,Clear,Dry,Dark - Street Lights On,Y,4305020.0,,45,Vehicle - Pedalcyclist,0,0,N
10693,2,-122.3693936,47.6832576,13474,27231,27231,1781049,Matched,Intersection,24155.0,10TH AVE NW AND NW 75TH ST,,,2,Injury Collision,Angles,2,0,0,2,2004/08/11 00:00:00+00,8/11/2004 1:07:00 PM,At Intersection (intersection related),11,"MOTOR VEHICLE STRUCK MOTOR VEHICLE, FRONT END AT ANGLE",,0,Clear,Dry,Daylight,,4224012.0,,10,Entering at angle,0,0,N
10694,1,-122.3350596,47.62461807,13476,28045,28045,1213514,Matched,Block,,MERCER SR ST BETWEEN BOREN AVE N AND FAIRVIEW N AVE N,,,1,Property Damage Only Collision,Rear Ended,2,0,0,2,2004/05/12 00:00:00+00,5/12/2004 6:45:00 AM,Mid-Block (but intersection related),14,"MOTOR VEHICLE STRUCK MOTOR VEHICLE, REAR END",Y,0,Overcast,Dry,Daylight,,4133018.0,,14,From same direction - both going straight - one stopped - rear-end,0,0,N
10695,1,-122.3761769,47.64476961,13478,27148,27148,1482273,Matched,Intersection,27884.0,15TH AVE W AND W ARMOUR ST,,,1,Property Damage Only Collision,Other,2,0,0,1,2004/06/08 00:00:00+00,6/8/2004,At Intersection (intersection related),11,"MOTOR VEHICLE STRUCK MOTOR VEHICLE, FRONT END AT ANGLE",,0,Clear,Dry,Daylight,,4160030.0,,50,Fixed object,0,0,N
10696,1,-122.3118915,47.67008203,13479,27222,27222,1773461,Matched,Block,,15TH AVE NE BETWEEN NE 56TH ST AND NE RAVENNA EB BV,,,1,Property Damage Only Collision,Rear Ended,3,0,0,2,2004/03/29 00:00:00+00,3/29/2004 2:17:00 PM,Mid-Block (but intersection related),14,"MOTOR VEHICLE STRUCK MOTOR VEHICLE, REAR END",,0,Clear,Dry,Daylight,,4089003.0,,14,From same direction - both going straight - one stopped - rear-end,0,0,N
10697,1,-122.3099351,47.59379007,13480,27729,27729,1772027,Matched,Block,,RAINIER AVE S BETWEEN S CHARLES S ST AND S NORMAN ST,,,1,Property Damage Only Collision,Other,2,0,0,1,2004/03/23 00:00:00+00,3/23/2004 1:35:00 PM,Mid-Block (not related to intersection),27,MOTOR VEHICLE RAN OFF ROAD - NO COLLISION,,0,Clear,Dry,Daylight,,4083035.0,,50,Fixed object,0,0,N
10698,2,-122.32969879999999,47.61750462,13481,27485,27485,1059946,Matched,Intersection,29174.0,HOWELL ST AND YALE AVE,,,2,Injury Collision,Pedestrian,2,1,0,1,2004/12/31 00:00:00+00,12/31/2004 7:35:00 AM,At Intersection (intersection related),24,MOTOR VEHCILE STRUCK PEDESTRIAN,,0,Overcast,Dry,Dawn,Y,4366007.0,,2,Vehicle turning left hits pedestrian,0,0,N