,SEVERITYCODE,X,Y,OBJECTID,INCKEY,COLDETKEY,REPORTNO,STATUS,ADDRTYPE,INTKEY,LOCATION,EXCEPTRSNCODE,EXCEPTRSNDESC,SEVERITYCODE.1,SEVERITYDESC,COLLISIONTYPE,PERSONCOUNT,PEDCOUNT,PEDCYLCOUNT,VEHCOUNT,INCDATE,INCDTTM,JUNCTIONTYPE,SDOT_COLCODE,SDOT_COLDESC,INATTENTIONIND,UNDERINFL,WEATHER,ROADCOND,LIGHTCOND,PEDROWNOTGRNT,SDOTCOLNUM,SPEEDING,ST_COLCODE,ST_COLDESC,SEGLANEKEY,CROSSWALKKEY,HITPARKEDCAR
10699,1,-122.37632040000001,47.66366393,13482,27990,27990,1773513,Matched,Intersection,25187.0,15TH SB AVE NW AND NW LEARY WAY,,,1,Property Damage Only Collision,Angles,3,0,0,2,2004/03/17 00:00:00+00,3/17/2004 7:22:00 AM,At Intersection (intersection related),11,"MOTOR VEHICLE STRUCK MOTOR VEHICLE, FRONT END AT ANGLE",,0,Raining,Wet,Daylight,,4077014.0,,10,Entering at angle,0,0,N
10700,1,-122.3350596,47.62461807,13483,26635,26635,1777945,Matched,Block,,MERCER SR ST BETWEEN BOREN AVE N AND FAIRVIEW N AVE N,,,1,Property Damage Only Collision,Sideswipe,2,0,0,2,2004/02/15 00:00:00+00,2/15/2004 1:25:00 AM,Mid-Block (not related to intersection),11,"MOTOR VEHICLE STRUCK MOTOR VEHICLE, FRONT END AT ANGLE",,0,Overcast,Wet,Dark - Street Lights On,,4046010.0,,11,From same direction - both going straight - both moving - sideswipe,0,0,N
10701,1,-122.282103,47.55784052,13484,27462,27462,1771536,Matched,Block,,S FERDINAND ST BETWEEN 39TH AVE S AND 42ND S AVE S,,,1,Property Damage Only Collision,Parked Car,2,0,0,2,2004/05/01 00:00:00+00,5/1/2004,Mid-Block (not related to intersection),13,"MOTOR VEHICLE STRUCK MOTOR VEHICLE, LEFT SIDE AT ANGLE",,0,Clear,Dry,Daylight,,4122037.0,,32,One parked--one moving,0,0,N
10702,1,-122.2978374,47.57793916,13487,26835,26835,1771869,Matched,Block,,RAINIER AVE S BETWEEN S MCCLELLAN ST AND S FOREST ST,,,1,Property Damage Only Collision,Sideswipe,2,0,0,2,2004/07/15 00:00:00+00,7/15/2004 1:16:00 PM,Mid-Block (not related to intersection),16,"MOTOR VEHICLE STRUCK MOTOR VEHICLE, LEFT SIDE SIDESWIPE",,0,Clear,Dry,Daylight,,4197017.0,,11,From same direction - both going straight - both moving - sideswipe,0,0,N
10703,1,-122.3374511,47.66577347,13488,27427,27427,1775750,Matched,Block,,N 51ST ST BETWEEN WOODLAWN AVE N AND WALLINGFORD AVE N,,,1,Property Damage Only Collision,Parked Car,2,0,0,2,2004/02/17 00:00:00+00,2/17/2004 7:36:00 PM,Mid-Block (not related to intersection),14,"MOTOR VEHICLE STRUCK MOTOR VEHICLE, REAR END",,0,Raining,Wet,Dark - Street Lights On,,4048012.0,,32,One parked--one moving,0,0,N
10704,2,-122.38651920000001,47.59292056,13490,28199,28199,1790340,Matched,Block,,CALIFORNIA AVE SW BETWEEN CALIFORNIA WAY SW AND SW DONALD ST,,,2,Injury Collision,Other,2,0,0,1,2004/09/09 00:00:00+00,9/9/2004,Mid-Block (not related to intersection),29,MOTOR VEHICLE OVERTURNED IN ROAD,,1,Clear,Dry,Dark - No Street Lights,,4253014.0,Y,52,Vehicle overturned,0,0,N
10705,2,-122.3152627,47.6631058,13491,26807,26807,1793729,Matched,Intersection,25802.0,12TH AVE NE AND NE 47TH ST,,,2,Injury Collision,Angles,3,0,0,2,2004/05/20 00:00:00+00,5/20/2004 10:36:00 PM,At Intersection (intersection related),11,"MOTOR VEHICLE STRUCK MOTOR VEHICLE, FRONT END AT ANGLE",,0,Clear,Dry,Dark - Street Lights On,,4141018.0,,10,Entering at angle,0,0,N
10706,1,-122.3254594,47.61848821,13492,27330,27330,1798542,Matched,Block,,E DENNY WAY BETWEEN E OLIVE WAY AND SUMMIT AVE,,,1,Property Damage Only Collision,Parked Car,3,0,0,2,2004/09/09 00:00:00+00,9/9/2004,Mid-Block (not related to intersection),16,"MOTOR VEHICLE STRUCK MOTOR VEHICLE, LEFT SIDE SIDESWIPE",,1,Clear,Dry,Dark - Street Lights On,,4253027.0,,32,One parked--one moving,0,0,N
10707,1,,,13493,28130,28130,1794860,Matched,Block,,1ST AVE S BETWEEN 1ST AVS ON N RP AND S ROYAL BROUGHAM WAY,,,1,Property Damage Only Collision,Sideswipe,2,0,0,2,2004/11/23 00:00:00+00,11/23/2004 6:57:00 AM,Mid-Block (not related to intersection),16,"MOTOR VEHICLE STRUCK MOTOR VEHICLE, LEFT SIDE SIDESWIPE",,0,Overcast,Wet,Dawn,,4328008.0,,11,From same direction - both going straight - both moving - sideswipe,0,0,N
10708,1,-122.2846295,47.55704112,13495,27414,27414,1772914,Matched,Intersection,33579.0,RAINIER AVE S AND S HUDSON ST,,,1,Property Damage Only Collision,Left Turn,2,0,0,2,2004/05/21 00:00:00+00,5/21/2004 9:35:00 PM,At Intersection (intersection related),11,"MOTOR VEHICLE STRUCK MOTOR VEHICLE, FRONT END AT ANGLE",,0,Overcast,Dry,Dark - Street Lights On,,4142025.0,,28,From opposite direction - one left turn - one straight,0,0,N
10709,2,-122.3762124,47.67090128,13496,27166,27166,1779937,Matched,Intersection,25403.0,15TH AVE NW AND NW 58TH ST,,,2,Injury Collision,Cycles,2,0,1,1,2004/02/13 00:00:00+00,2/13/2004 11:34:00 PM,At Intersection (intersection related),18,"MOTOR VEHICLE STRUCK PEDALCYCLIST, FRONT END AT ANGLE",,0,Raining,Wet,Dark - Street Lights On,Y,4044008.0,,45,Vehicle - Pedalcyclist,0,0,N
10710,1,-122.3331722,47.60301939,13497,28216,28216,1776266,Matched,Intersection,30355.0,2ND AVE AND CHERRY ST,,,1,Property Damage Only Collision,Left Turn,2,0,0,2,2004/03/13 00:00:00+00,3/13/2004 2:26:00 PM,At Intersection (intersection related),14,"MOTOR VEHICLE STRUCK MOTOR VEHICLE, REAR END",,0,Clear,Dry,Daylight,,4073018.0,,15,From same direction - one left turn - one straight,0,0,N
10711,2,-122.35403529999999,47.51735387,13498,26929,26929,1863726,Matched,Intersection,35059.0,15TH AVE SW AND SW ROXBURY ST,,,2,Injury Collision,Angles,2,0,0,2,2004/11/20 00:00:00+00,11/20/2004 3:04:00 PM,At Intersection (intersection related),11,"MOTOR VEHICLE STRUCK MOTOR VEHICLE, FRONT END AT ANGLE",,0,Clear,Dry,Daylight,,4325041.0,,10,Entering at angle,0,0,N
10712,1,-122.2980598,47.63717924,13500,27245,27245,1198507,Matched,Block,,LAKE WASHINGTON BLVD E BETWEEN BOYER AVE E AND E FOSTER ISLAND RD,,,1,Property Damage Only Collision,Sideswipe,3,0,0,2,2004/12/11 00:00:00+00,12/11/2004 7:32:00 PM,Mid-Block (not related to intersection),16,"MOTOR VEHICLE STRUCK MOTOR VEHICLE, LEFT SIDE SIDESWIPE",,0,Overcast,Dry,Dark - No Street Lights,,4346017.0,,11,From same direction - both going straight - both moving - sideswipe,0,0,N
10713,1,-122.2879588,47.54608596,13501,27741,27741,1787774,Matched,Block,,S GRAHAM ST BETWEEN 33RD AVE S AND M L KING JR WR WAY S,,,1,Property Damage Only Collision,Other,2,0,0,2,2004/04/21 00:00:00+00,4/21/2004 12:27:00 PM,Driveway Junction,11,"MOTOR VEHICLE STRUCK MOTOR VEHICLE, FRONT END AT ANGLE",,0,Clear,Dry,Daylight,,4112018.0,,22,One car leaving driveway access,0,0,N
10714,1,-122.34885890000001,47.61974391,13502,26978,26978,1181963,Matched,Intersection,28934.0,4TH AVE N AND BROAD ST,,,1,Property Damage Only Collision,Angles,2,0,0,2,2004/01/01 00:00:00+00,1/1/2004,At Intersection (intersection related),11,"MOTOR VEHICLE STRUCK MOTOR VEHICLE, FRONT END AT ANGLE",Y,0,Raining,Wet,Dark - Street Lights On,,4001006.0,,10,Entering at angle,0,0,N
10715,1,-122.32605520000001,47.68270162,13503,27430,27430,1199046,Matched,Block,,LATONA AVE NE BETWEEN WOODLAWN N AVE NE AND NE 75TH ST,,,1,Property Damage Only Collision,Parked Car,3,0,0,3,2004/04/07 00:00:00+00,4/7/2004,Mid-Block (not related to intersection),11,"MOTOR VEHICLE STRUCK MOTOR VEHICLE, FRONT END AT ANGLE",,0,Clear,Ice,Daylight,,4098003.0,,32,One parked--one moving,0,0,N
10716,1,-122.33780549999999,47.60551709,13504,27364,27364,1798901,Matched,Block,,POST AVE BETWEEN SPRING ST AND SENECA ST,,,1,Property Damage Only Collision,Parked Car,2,0,0,2,2004/08/19 00:00:00+00,8/19/2004 8:00:00 PM,Mid-Block (not related to intersection),16,"MOTOR VEHICLE STRUCK MOTOR VEHICLE, LEFT SIDE SIDESWIPE",,0,Clear,Dry,Unknown,,4232035.0,,32,One parked--one moving,0,0,N
10717,1,-122.35621689999999,47.72323713,13505,27879,27879,1776533,Matched,Block,,N 130TH ST BETWEEN PALATINE AVE N AND GREENWOOD AVE N,,,1,Property Damage Only Collision,Parked Car,2,0,0,2,2004/11/29 00:00:00+00,11/29/2004 7:35:00 PM,Mid-Block (not related to intersection),13,"MOTOR VEHICLE STRUCK MOTOR VEHICLE, LEFT SIDE AT ANGLE",,0,Clear,Dry,Daylight,,4334001.0,,32,One parked--one moving,0,0,N
10718,1,-122.29676840000002,47.56982427,13506,26521,26521,1784256,Matched,Block,,M L KING JR ER WAY S BETWEEN RENTON N AVE S AND S ANDOVER ST,,,1,Property Damage Only Collision,Parked Car,3,0,0,2,2004/10/21 00:00:00+00,10/21/2004 1:50:00 PM,Mid-Block (not related to intersection),16,"MOTOR VEHICLE STRUCK MOTOR VEHICLE, LEFT SIDE SIDESWIPE",Y,0,Unknown,Unknown,Daylight,,4295016.0,,32,One parked--one moving,0,0,N
10719,1,-122.2896774,47.554342999999996,13508,27692,27692,1334218,Matched,Block,,M L KING JR WR WAY S BETWEEN S DAWSON ST AND S BRANDON ST,,,1,Property Damage Only Collision,Rear Ended,2,0,0,2,2004/05/27 00:00:00+00,5/27/2004 2:09:00 PM,Mid-Block (not related to intersection),14,"MOTOR VEHICLE STRUCK MOTOR VEHICLE, REAR END",,0,Overcast,Wet,Daylight,,4148017.0,,14,From same direction - both going straight - one stopped - rear-end,0,0,N
10720,1,-122.3527922,47.62457274,13509,27766,27766,1777982,Matched,Intersection,28917.0,2ND AVE N AND MERCER ST,,,1,Property Damage Only Collision,Left Turn,3,0,0,2,2004/04/06 00:00:00+00,4/6/2004,At Intersection (intersection related),11,"MOTOR VEHICLE STRUCK MOTOR VEHICLE, FRONT END AT ANGLE",,0,Clear,Dry,Daylight,,4097023.0,,15,From same direction - one left turn - one straight,0,0,N
10721,1,-122.3172254,47.59876333,13511,27164,27164,1772151,Matched,Block,,12TH AVE S BETWEEN S JACKSON ST AND S KING ST,,,1,Property Damage Only Collision,Rear Ended,2,0,0,2,2004/03/26 00:00:00+00,3/26/2004 5:37:00 PM,Mid-Block (not related to intersection),14,"MOTOR VEHICLE STRUCK MOTOR VEHICLE, REAR END",,0,Raining,Wet,Daylight,,4086049.0,,14,From same direction - both going straight - one stopped - rear-end,0,0,N
10722,2,-122.3404521,47.61096395,13513,27276,27276,1783710,Matched,Intersection,29581.0,2ND AVE AND STEWART ST,,,2,Injury Collision,Angles,2,0,0,2,2004/12/18 00:00:00+00,12/18/2004 8:50:00 AM,At Intersection (intersection related),11,"MOTOR VEHICLE STRUCK MOTOR VEHICLE, FRONT END AT ANGLE",,0,Clear,Dry,Daylight,,4353028.0,,10,Entering at angle,0,0,N
10723,2,-122.2992331,47.71251584,13514,27612,27612,1228567,Matched,Block,,LAKE CITY WAY NE BETWEEN NE 115TH ST AND 27TH AVE NE,,,2,Injury Collision,Rear Ended,8,0,0,2,2004/03/16 00:00:00+00,3/16/2004 2:00:00 PM,Mid-Block (not related to intersection),14,"MOTOR VEHICLE STRUCK MOTOR VEHICLE, REAR END",,0,Clear,Dry,Daylight,,4076012.0,,14,From same direction - both going straight - one stopped - rear-end,0,0,N
10724,1,-122.3289675,47.59919689,13515,28008,28008,1069455,Matched,Intersection,30509.0,4TH AVE S AND S JACKSON ST,,,1,Property Damage Only Collision,Angles,3,0,0,2,2004/11/21 00:00:00+00,11/21/2004 2:30:00 AM,At Intersection (intersection related),11,"MOTOR VEHICLE STRUCK MOTOR VEHICLE, FRONT END AT ANGLE",,0,Clear,Dry,Dark - Street Lights On,,4326025.0,,10,Entering at angle,0,0,N
10725,1,-122.31722279999998,47.59918906,13516,26659,26659,1074787,Matched,Intersection,30427.0,12TH AVE S AND S JACKSON ST,,,1,Property Damage Only Collision,Angles,2,0,0,2,2004/07/17 00:00:00+00,7/17/2004 9:14:00 AM,At Intersection (intersection related),11,"MOTOR VEHICLE STRUCK MOTOR VEHICLE, FRONT END AT ANGLE",,0,Clear,Dry,Daylight,,4199022.0,,10,Entering at angle,0,0,N
10726,2,-122.2771346,47.54970394,13517,27524,27524,1771949,Matched,Intersection,33518.0,RAINIER AVE S AND S JUNEAU ST,,,2,Injury Collision,Angles,2,0,0,2,2004/06/15 00:00:00+00,6/15/2004 9:17:00 AM,At Intersection (intersection related),11,"MOTOR VEHICLE STRUCK MOTOR VEHICLE, FRONT END AT ANGLE",,0,Clear,Dry,Daylight,,4167019.0,,10,Entering at angle,0,0,N
10727,2,-122.30546670000001,47.69756886,13519,27916,27916,1774256,Matched,Intersection,37733.0,LAKE CITY WAY NE AND NE 95TH ST,,,2,Injury Collision,Angles,3,0,0,2,2004/05/19 00:00:00+00,5/19/2004 10:00:00 PM,At Intersection (intersection related),11,"MOTOR VEHICLE STRUCK MOTOR VEHICLE, FRONT END AT ANGLE",,0,Clear,Dry,Dark - Street Lights On,,4140018.0,,10,Entering at angle,0,0,N
10728,1,-122.32952390000001,47.58189317,13520,27263,27263,1776701,Matched,Block,,S STACY ST BETWEEN 3RD AVE S AND 4TH AVE S,,,1,Property Damage Only Collision,Other,1,0,0,1,2004/08/29 00:00:00+00,8/29/2004 2:15:00 PM,Driveway Junction,28,MOTOR VEHICLE RAN OFF ROAD - HIT FIXED OBJECT,Y,0,Clear,Dry,Daylight,,4242023.0,,50,Fixed object,0,0,N
10729,1,-122.34690459999999,47.62627889,13522,28183,28183,1326164,Matched,Block,,VALLEY ST BETWEEN 5TH AVE N AND TAYLOR AVE N,,,1,Property Damage Only Collision,Parked Car,2,0,0,2,2004/09/12 00:00:00+00,9/12/2004 7:53:00 PM,Mid-Block (not related to intersection),14,"MOTOR VEHICLE STRUCK MOTOR VEHICLE, REAR END",,0,Clear,Dry,Dark - Street Lights On,,4256013.0,,32,One parked--one moving,0,0,N
10730,1,-122.3767615,47.52107001,13523,26527,26527,1788790,Matched,Intersection,34741.0,35TH AVE SW AND SW BARTON ST,,,1,Property Damage Only Collision,Left Turn,2,0,0,2,2004/04/10 00:00:00+00,4/10/2004 1:45:00 PM,At Intersection (intersection related),11,"MOTOR VEHICLE STRUCK MOTOR VEHICLE, FRONT END AT ANGLE",,0,Clear,Dry,Daylight,,4101027.0,,28,From opposite direction - one left turn - one straight,0,0,N
10731,2,-122.28033909999998,47.70623772,13524,27198,27198,1079629,Matched,Block,,BARTLETT AVE NE BETWEEN DEAD END AND NE 107TH ST,,,2,Injury Collision,Other,1,0,0,1,2004/07/15 00:00:00+00,7/15/2004 5:43:00 AM,Mid-Block (not related to intersection),28,MOTOR VEHICLE RAN OFF ROAD - HIT FIXED OBJECT,,0,Clear,Dry,Dawn,,4197002.0,,50,Fixed object,0,0,N
10732,1,-122.3423537,47.62446537,13526,26791,26791,1778137,Matched,Intersection,28767.0,DEXTER AVE N AND MERCER ST,,,1,Property Damage Only Collision,Rear Ended,2,0,0,2,2004/04/06 00:00:00+00,4/6/2004,At Intersection (intersection related),14,"MOTOR VEHICLE STRUCK MOTOR VEHICLE, REAR END",Y,0,Clear,Dry,Daylight,,4097031.0,,13,From same direction - both going straight - both moving - rear-end,0,0,N
10733,1,-122.32041570000001,47.62426819,13527,27599,27599,1772542,Matched,Block,,E MERCER ST BETWEEN BROADWAY E AND 10TH AVE E,,,1,Property Damage Only Collision,Parked Car,4,0,0,2,2004/06/12 00:00:00+00,6/12/2004 10:13:00 PM,Mid-Block (not related to intersection),11,"MOTOR VEHICLE STRUCK MOTOR VEHICLE, FRONT END AT ANGLE",,0,Raining,Wet,Dark - Street Lights On,,4164021.0,,20,One car leaving parked position,0,0,N
10734,1,-122.3131297,47.66126937,13529,27748,27748,1326845,Matched,Intersection,27062.0,UNIVERSITY WAY NE AND NE 45TH ST,,,1,Property Damage Only Collision,Sideswipe,4,0,0,2,2004/10/14 00:00:00+00,10/14/2004 7:56:00 PM,At Intersection (intersection related),16,"MOTOR VEHICLE STRUCK MOTOR VEHICLE, LEFT SIDE SIDESWIPE",Y,0,Clear,Dry,Dark - Street Lights On,,4288012.0,,71,Same direction -- both turning right -- both moving -- sideswipe,0,0,N
10735,1,-122.31690060000001,47.61818316,13530,26544,26544,1217127,Matched,Block,,12TH AVE BETWEEN E HOWELL ST AND E DENNY WAY,,,1,Property Damage Only Collision,Parked Car,2,0,0,2,2004/09/01 00:00:00+00,9/1/2004,Mid-Block (not related to intersection),11,"MOTOR VEHICLE STRUCK MOTOR VEHICLE, FRONT END AT ANGLE",,0,Clear,Dry,Daylight,,4245009.0,,32,One parked--one moving,0,0,N
10736,1,-122.3154878,47.60351193,13531,27643,27643,1795834,Matched,Block,,E SPRUCE ST BETWEEN 12TH AVE AND 14TH AVE,,,1,Property Damage Only Collision,Parked Car,2,0,0,2,2004/09/26 00:00:00+00,9/26/2004 6:30:00 PM,Mid-Block (not related to intersection),11,"MOTOR VEHICLE STRUCK MOTOR VEHICLE, FRONT END AT ANGLE",,0,Clear,Dry,Dusk,,4270018.0,,32,One parked--one moving,0,0,N
10737,1,-122.31678059999999,47.60588516,13533,28153,28153,1772063,Matched,Block,,12TH AVE BETWEEN E REMINGTON CT AND E JEFFERSON ST,,,1,Property Damage Only Collision,Parked Car,2,0,0,2,2004/04/30 00:00:00+00,4/30/2004 4:16:00 PM,Driveway Junction,11,"MOTOR VEHICLE STRUCK MOTOR VEHICLE, FRONT END AT ANGLE",Y,0,Clear,Dry,Daylight,,4121019.0,,32,One parked--one moving,0,0,N
10738,1,-122.36065900000001,47.69205105,13534,27481,27481,1776529,Matched,Intersection,37176.0,3RD AVE NW AND NW 87TH S ST,,,1,Property Damage Only Collision,Angles,2,0,0,2,2004/08/03 00:00:00+00,8/3/2004,At Intersection (intersection related),11,"MOTOR VEHICLE STRUCK MOTOR VEHICLE, FRONT END AT ANGLE",,0,Clear,Dry,Daylight,,4216004.0,,10,Entering at angle,0,0,N
10739,1,-122.39014309999999,47.67018946,13537,27619,27619,1780523,Matched,Intersection,25221.0,26TH AVE NW AND NW 57TH ST,,,1,Property Damage Only Collision,Angles,2,0,0,2,2004/09/15 00:00:00+00,9/15/2004 5:05:00 PM,At Intersection (intersection related),11,"MOTOR VEHICLE STRUCK MOTOR VEHICLE, FRONT END AT ANGLE",,0,Clear,Dry,Daylight,,4259004.0,,10,Entering at angle,0,0,N
10740,1,-122.3867781,47.56110647,13538,27740,27740,1317219,Matched,Intersection,31916.0,CALIFORNIA AVE SW AND SW ALASKA ST,,,1,Property Damage Only Collision,Left Turn,2,0,0,2,2004/03/07 00:00:00+00,3/7/2004,At Intersection (intersection related),11,"MOTOR VEHICLE STRUCK MOTOR VEHICLE, FRONT END AT ANGLE",,0,Overcast,Dry,Dark - Street Lights On,,4067010.0,,28,From opposite direction - one left turn - one straight,0,0,N
10741,2,-122.3540261,47.61664271,13539,26679,26679,1783609,Matched,Block,,WESTERN AVE BETWEEN BROAD ST AND EAGLE ST,,,2,Injury Collision,Sideswipe,3,0,0,2,2004/09/28 00:00:00+00,9/28/2004 4:29:00 PM,Mid-Block (not related to intersection),16,"MOTOR VEHICLE STRUCK MOTOR VEHICLE, LEFT SIDE SIDESWIPE",,0,Clear,Dry,Daylight,,4272018.0,,11,From same direction - both going straight - both moving - sideswipe,0,0,N
10742,1,-122.26686129999999,47.53352947,13540,27595,27595,1772747,Matched,Block,,SEWARD PARK AVE S BETWEEN S FONTANELLE PL AND S KENYON ST,,,1,Property Damage Only Collision,Parked Car,2,0,0,2,2004/06/29 00:00:00+00,6/29/2004 3:31:00 PM,Mid-Block (not related to intersection),13,"MOTOR VEHICLE STRUCK MOTOR VEHICLE, LEFT SIDE AT ANGLE",,0,Clear,Dry,Daylight,,4181014.0,,32,One parked--one moving,0,0,N
10743,1,-122.3666818,47.66097045,13541,27590,27590,1079749,Matched,Block,,LEARY WAY NW BETWEEN 8TH AVE NW AND NW 45TH ST,,,1,Property Damage Only Collision,Other,2,0,0,2,2004/09/28 00:00:00+00,9/28/2004 9:48:00 AM,Driveway Junction,11,"MOTOR VEHICLE STRUCK MOTOR VEHICLE, FRONT END AT ANGLE",,0,Clear,Dry,Daylight,,4272008.0,,21,One car entering driveway access,0,0,N
10744,2,-122.3471604,47.67493581,13542,27722,27722,1794913,Matched,Block,,AURORA AVE N BETWEEN N 62ND ST AND WEST GREEN LAKE WAY N,,,2,Injury Collision,Other,2,0,0,1,2004/12/19 00:00:00+00,12/19/2004 12:12:00 PM,Mid-Block (not related to intersection),28,MOTOR VEHICLE RAN OFF ROAD - HIT FIXED OBJECT,,0,Raining,Standing Water,Daylight,,4354016.0,Y,50,Fixed object,0,0,N
10745,2,-122.3500284,47.66287542,13543,26802,26802,1793733,Matched,Intersection,25679.0,FREMONT AVE N AND N 47TH ST,,,2,Injury Collision,Angles,3,0,0,3,2004/05/24 00:00:00+00,5/24/2004 7:07:00 PM,At Intersection (intersection related),11,"MOTOR VEHICLE STRUCK MOTOR VEHICLE, FRONT END AT ANGLE",,0,Clear,Dry,Daylight,,4145026.0,,10,Entering at angle,0,0,N
10746,1,-122.30736440000001,47.59378377,13544,27581,27581,1789994,Matched,Block,,DAVIS PL S BETWEEN S CHARLES ST AND S NORMAN ST,,,1,Property Damage Only Collision,Parked Car,2,0,0,2,2004/04/12 00:00:00+00,4/12/2004 5:32:00 PM,Mid-Block (not related to intersection),16,"MOTOR VEHICLE STRUCK MOTOR VEHICLE, LEFT SIDE SIDESWIPE",,0,Clear,Dry,Daylight,,4103023.0,,32,One parked--one moving,0,0,N
10747,2,-122.34494679999999,47.72048199,13545,27688,27688,1779991,Matched,Block,,AURORA AVE N BETWEEN N 125TH ST AND N 127TH ST,,,2,Injury Collision,Rear Ended,6,0,0,4,2004/09/24 00:00:00+00,9/24/2004 1:43:00 PM,Mid-Block (not related to intersection),14,"MOTOR VEHICLE STRUCK MOTOR VEHICLE, REAR END",,0,Clear,Dry,Daylight,,4268021.0,,14,From same direction - both going straight - one stopped - rear-end,0,0,N
10748,2,-122.28801100000001,47.56345665,13546,27921,27921,1786058,Matched,Block,,RAINIER AVE S BETWEEN S GENESEE S ST AND S OREGON ST,,,2,Injury Collision,Rear Ended,3,0,0,2,2004/08/23 00:00:00+00,8/23/2004 5:02:00 PM,Mid-Block (not related to intersection),14,"MOTOR VEHICLE STRUCK MOTOR VEHICLE, REAR END",Y,0,Clear,Dry,Daylight,,4236040.0,,14,From same direction - both going straight - one stopped - rear-end,0,0,N
10749,2,-122.3346168,47.61382605,13547,27264,27264,1776994,Matched,Block,,OLIVE WAY BETWEEN 7TH AVE AND HOWELL ST,,,2,Injury Collision,Pedestrian,3,1,0,1,2004/04/15 00:00:00+00,4/15/2004 6:50:00 PM,Mid-Block (not related to intersection),24,MOTOR VEHCILE STRUCK PEDESTRIAN,,0,Clear,Dry,Daylight,,4106005.0,,0,Vehicle going straight hits pedestrian,0,0,N
10750,1,-122.37678970000002,47.68596821,13550,27561,27561,1221170,Matched,Block,,15TH AVE NW BETWEEN NW 77TH ST AND NW 80TH ST,,,1,Property Damage Only Collision,Rear Ended,5,0,0,3,2004/04/02 00:00:00+00,4/2/2004,Driveway Junction,14,"MOTOR VEHICLE STRUCK MOTOR VEHICLE, REAR END",Y,0,Clear,Dry,Daylight,,4093013.0,,14,From same direction - both going straight - one stopped - rear-end,0,0,N
10751,1,-122.31480490000001,47.60805065,13551,27496,27496,C649353,Matched,Block,,E CHERRY ST BETWEEN 13TH AVE AND 14TH AVE,,,1,Property Damage Only Collision,Other,2,0,0,2,2004/11/15 00:00:00+00,11/15/2004 1:15:00 PM,Mid-Block (but intersection related),11,"MOTOR VEHICLE STRUCK MOTOR VEHICLE, FRONT END AT ANGLE",,0,Clear,Dry,Daylight,,4320055.0,,23,From same direction - all others,0,0,N
10752,1,-122.33577520000001,47.60922111,13552,27869,27869,1482535,Matched,Intersection,29590.0,4TH AVE AND UNION ST,,,1,Property Damage Only Collision,Angles,4,0,0,2,2004/04/29 00:00:00+00,4/29/2004 10:43:00 PM,At Intersection (intersection related),11,"MOTOR VEHICLE STRUCK MOTOR VEHICLE, FRONT END AT ANGLE",,0,Clear,Dry,Dark - Street Lights On,,4120008.0,,10,Entering at angle,0,0,N
10753,2,-122.3587665,47.63231969,13553,27086,27086,1097208,Matched,Block,,W GALER ST BETWEEN 1ST W AVE W AND 2ND E AVE W,,,2,Injury Collision,Rear Ended,2,0,0,2,2004/09/05 00:00:00+00,9/5/2004,Mid-Block (but intersection related),14,"MOTOR VEHICLE STRUCK MOTOR VEHICLE, REAR END",,0,Clear,Dry,Daylight,,4249023.0,,13,From same direction - both going straight - both moving - rear-end,0,0,N
10754,1,-122.3126747,47.720318299999995,13554,27379,27379,1793879,Matched,Block,,15TH AVE NE BETWEEN NE 125TH ST AND NE 127TH ST,,,1,Property Damage Only Collision,Other,2,0,0,2,2004/08/06 00:00:00+00,8/6/2004,Driveway Junction,11,"MOTOR VEHICLE STRUCK MOTOR VEHICLE, FRONT END AT ANGLE",,0,Clear,Dry,Daylight,,4219057.0,,22,One car leaving driveway access,0,0,N
10755,1,-122.39783249999999,47.54809965,13555,28122,28122,1790709,Matched,Block,,BEACH DR SW BETWEEN SW JUNEAU ST AND ATLAS PL SW,,,1,Property Damage Only Collision,Parked Car,3,0,0,3,2004/10/23 00:00:00+00,10/23/2004 7:36:00 PM,Mid-Block (not related to intersection),13,"MOTOR VEHICLE STRUCK MOTOR VEHICLE, LEFT SIDE AT ANGLE",,0,Clear,Dry,Dark - Street Lights On,,4297022.0,,32,One parked--one moving,0,0,N
10756,2,-122.3496061,47.61403122,13556,28050,28050,1790098,Matched,Intersection,29698.0,WALL ST AND WESTERN AVE,,,2,Injury Collision,Pedestrian,2,1,0,1,2004/09/16 00:00:00+00,9/16/2004 12:20:00 PM,At Intersection (intersection related),24,MOTOR VEHCILE STRUCK PEDESTRIAN,,0,Overcast,Dry,Daylight,Y,4260011.0,,0,Vehicle going straight hits pedestrian,0,0,N
10757,1,-122.35961280000001,47.63777655,13557,27257,27257,1213381,Matched,Block,,2ND AVE W BETWEEN W CROCKETT ST AND W BOSTON ST,,,1,Property Damage Only Collision,Parked Car,2,0,0,2,2004/02/02 00:00:00+00,2/2/2004,Mid-Block (not related to intersection),0,NOT ENOUGH INFORMATION / NOT APPLICABLE,,0,Unknown,Unknown,Daylight,,4033004.0,,32,One parked--one moving,0,0,N
10758,1,-122.3032814,47.60616932,13559,28155,28155,1772099,Matched,Block,,E JEFFERSON ST BETWEEN 22ND AVE AND 23RD AVE,,,1,Property Damage Only Collision,Rear Ended,3,0,0,2,2004/05/18 00:00:00+00,5/18/2004 2:45:00 PM,Mid-Block (not related to intersection),14,"MOTOR VEHICLE STRUCK MOTOR VEHICLE, REAR END",,0,Clear,Dry,Daylight,,4139031.0,,14,From same direction - both going straight - one stopped - rear-end,0,0,N