,SEVERITYCODE,X,Y,OBJECTID,INCKEY,COLDETKEY,REPORTNO,STATUS,ADDRTYPE,INTKEY,LOCATION,EXCEPTRSNCODE,EXCEPTRSNDESC,SEVERITYCODE.1,SEVERITYDESC,COLLISIONTYPE,PERSONCOUNT,PEDCOUNT,PEDCYLCOUNT,VEHCOUNT,INCDATE,INCDTTM,JUNCTIONTYPE,SDOT_COLCODE,SDOT_COLDESC,INATTENTIONIND,UNDERINFL,WEATHER,ROADCOND,LIGHTCOND,PEDROWNOTGRNT,SDOTCOLNUM,SPEEDING,ST_COLCODE,ST_COLDESC,SEGLANEKEY,CROSSWALKKEY,HITPARKEDCAR
10759,1,-122.31640149999998,47.68154318,13560,26959,26959,1772677,Matched,Intersection,24447.0,11TH AVE NE AND NE 73RD ST,,,1,Property Damage Only Collision,Parked Car,2,0,0,2,2004/06/17 00:00:00+00,6/17/2004 8:00:00 AM,At Intersection (intersection related),13,"MOTOR VEHICLE STRUCK MOTOR VEHICLE, LEFT SIDE AT ANGLE",,0,Clear,Unknown,Daylight,,4169009.0,,32,One parked--one moving,0,0,N
10760,1,-122.2904373,47.55104015,13561,27490,27490,1779352,Matched,Intersection,33623.0,33RD AVE S AND S ORCAS ST,,,1,Property Damage Only Collision,Angles,2,0,0,2,2004/01/16 00:00:00+00,1/16/2004 6:45:00 AM,At Intersection (intersection related),16,"MOTOR VEHICLE STRUCK MOTOR VEHICLE, LEFT SIDE SIDESWIPE",,0,Overcast,Wet,Dawn,,4016027.0,,10,Entering at angle,0,0,N
10761,2,-122.27074240000002,47.52730948,13562,27706,27706,1203646,Matched,Block,,RAINIER PL S BETWEEN S THISTLE ST AND 50TH AVE S,,,2,Injury Collision,Other,3,0,0,2,2004/06/23 00:00:00+00,6/23/2004 7:19:00 PM,Driveway Junction,11,"MOTOR VEHICLE STRUCK MOTOR VEHICLE, FRONT END AT ANGLE",,0,Clear,Dry,Daylight,,4175030.0,,22,One car leaving driveway access,0,0,N
10762,2,-122.33199540000001,47.60844356,13563,26638,26638,1790121,Matched,Intersection,29928.0,6TH AVE AND SENECA ST,,,2,Injury Collision,Pedestrian,2,1,0,1,2004/04/09 00:00:00+00,4/9/2004,At Intersection (intersection related),24,MOTOR VEHCILE STRUCK PEDESTRIAN,,0,Clear,Dry,Daylight,Y,4100010.0,,0,Vehicle going straight hits pedestrian,0,0,N
10763,1,-122.3555447,47.72232421,13564,27318,27318,1204700,Matched,Block,,GREENWOOD AVE N BETWEEN N 127TH ST AND N 130TH ST,,,1,Property Damage Only Collision,Other,2,0,0,2,2004/04/05 00:00:00+00,4/5/2004,Mid-Block (not related to intersection),11,"MOTOR VEHICLE STRUCK MOTOR VEHICLE, FRONT END AT ANGLE",,0,Clear,Dry,Daylight,,4096031.0,,22,One car leaving driveway access,0,0,N
10764,1,-122.324451,47.61354072,13565,26969,26969,1180868,Matched,Block,,BELMONT AVE BETWEEN E UNION ST AND E PIKE ST,,,1,Property Damage Only Collision,Parked Car,2,0,0,2,2004/02/27 00:00:00+00,2/27/2004 2:00:00 AM,Mid-Block (not related to intersection),11,"MOTOR VEHICLE STRUCK MOTOR VEHICLE, FRONT END AT ANGLE",,0,Unknown,Unknown,Unknown,,4058002.0,,32,One parked--one moving,0,0,N
10765,1,-122.323439,47.61695761,13566,27423,27423,1216805,Matched,Block,,BOYLSTON AVE BETWEEN E OLIVE ST AND E HOWELL S ST,,,1,Property Damage Only Collision,Parked Car,2,0,0,2,2004/06/10 00:00:00+00,6/10/2004 7:00:00 AM,Mid-Block (not related to intersection),16,"MOTOR VEHICLE STRUCK MOTOR VEHICLE, LEFT SIDE SIDESWIPE",,0,Unknown,Unknown,Unknown,,4162041.0,,32,One parked--one moving,0,0,N
10766,1,-122.3342392,47.54813969,13567,27350,27350,1754990,Matched,Block,,EAST MARGINAL WAY S BETWEEN 1ST AVE S AND 1ST AV S BR SB,,,1,Property Damage Only Collision,Parked Car,2,0,0,2,2004/07/06 00:00:00+00,7/6/2004,Mid-Block (not related to intersection),14,"MOTOR VEHICLE STRUCK MOTOR VEHICLE, REAR END",,0,Clear,Dry,Dark - No Street Lights,,4188050.0,,32,One parked--one moving,0,0,N
10767,2,-122.3155486,47.61527287,13568,28010,28010,1788700,Matched,Intersection,29741.0,13TH AVE AND E PINE ST,,,2,Injury Collision,Angles,5,0,0,2,2004/03/17 00:00:00+00,3/17/2004 11:44:00 PM,At Intersection (intersection related),11,"MOTOR VEHICLE STRUCK MOTOR VEHICLE, FRONT END AT ANGLE",,1,Clear,Dry,Dark - Street Lights On,,4077021.0,,10,Entering at angle,0,0,N
10768,2,-122.3342014,47.57877071,13569,26650,26650,C649621,Matched,Block,,1ST AVE S BETWEEN S LANDER ST AND S FOREST ST,,,2,Injury Collision,Other,2,0,0,2,2004/11/18 00:00:00+00,11/18/2004 5:30:00 PM,Driveway Junction,11,"MOTOR VEHICLE STRUCK MOTOR VEHICLE, FRONT END AT ANGLE",,0,Clear,Dry,Dusk,,4323038.0,,21,One car entering driveway access,0,0,N
10769,1,-122.3249861,47.61409149,13570,27381,27381,662400,Matched,Block,,E PIKE ST BETWEEN SUMMIT AVE AND BELMONT AVE,,,1,Property Damage Only Collision,Parked Car,0,0,0,2,2004/02/15 00:00:00+00,2/15/2004 9:55:00 AM,Mid-Block (not related to intersection),13,"MOTOR VEHICLE STRUCK MOTOR VEHICLE, LEFT SIDE AT ANGLE",,0,Unknown,Unknown,Unknown,,4046012.0,,32,One parked--one moving,0,0,N
10770,1,-122.31651059999999,47.5488654,13571,28120,28120,1790491,Matched,Block,,AIRPORT WAY S BETWEEN S VALE ST AND 13TH AVE S,,,1,Property Damage Only Collision,Other,1,0,0,1,2004/09/26 00:00:00+00,9/26/2004 11:59:00 AM,Mid-Block (not related to intersection),28,MOTOR VEHICLE RAN OFF ROAD - HIT FIXED OBJECT,,0,Unknown,Unknown,Unknown,,4270002.0,,50,Fixed object,0,0,N
10771,1,-122.3204751,47.70448267,13572,27755,27755,1780570,Matched,Block,,8TH AVE NE BETWEEN NE 104TH ST AND NE 105TH ST,,,1,Property Damage Only Collision,Parked Car,2,0,0,2,2004/01/05 00:00:00+00,1/5/2004,Mid-Block (not related to intersection),28,MOTOR VEHICLE RAN OFF ROAD - HIT FIXED OBJECT,,0,Clear,Dry,Dark - Street Lights On,,4005011.0,,32,One parked--one moving,0,0,N
10772,2,-122.26488640000001,47.49898911,13574,27156,27156,1786263,Matched,Block,,BEACON AVE S BETWEEN S MOORE ST AND 55TH AVE S,,,2,Injury Collision,Head On,3,0,0,3,2004/03/28 00:00:00+00,3/28/2004 12:10:00 AM,Mid-Block (not related to intersection),11,"MOTOR VEHICLE STRUCK MOTOR VEHICLE, FRONT END AT ANGLE",,0,Clear,Dry,Dark - Street Lights On,,4088033.0,,24,From opposite direction - both moving - head-on,0,0,N
10773,2,-122.2851922,47.54516406,13575,28180,28180,1316634,Matched,Block,,M L KING JR WR WAY S BETWEEN S GRAHAM ST AND S MORGAN ST,,,2,Injury Collision,Rear Ended,5,0,0,3,2004/01/03 00:00:00+00,1/3/2004,Mid-Block (but intersection related),14,"MOTOR VEHICLE STRUCK MOTOR VEHICLE, REAR END",,1,Overcast,Dry,Dark - Street Lights Off,,4003007.0,,14,From same direction - both going straight - one stopped - rear-end,0,0,N
10774,2,-122.35149070000001,47.66139619,13576,26668,26668,1780885,Matched,Intersection,26928.0,EVANSTON AVE N AND N 45TH W ST,,,2,Injury Collision,Angles,2,0,0,2,2004/07/04 00:00:00+00,7/4/2004,At Intersection (intersection related),11,"MOTOR VEHICLE STRUCK MOTOR VEHICLE, FRONT END AT ANGLE",,0,Clear,Dry,Daylight,,4186009.0,,10,Entering at angle,0,0,N
10775,1,-122.31678190000001,47.60169337,13577,27203,27203,1211590,Matched,Intersection,30410.0,12TH AVE AND E YESLER WAY,,,1,Property Damage Only Collision,Rear Ended,2,0,0,2,2004/09/27 00:00:00+00,9/27/2004 3:51:00 PM,At Intersection (intersection related),14,"MOTOR VEHICLE STRUCK MOTOR VEHICLE, REAR END",,0,Clear,Dry,Daylight,,4271019.0,,14,From same direction - both going straight - one stopped - rear-end,0,0,N
10776,1,-122.3174432,47.6043591,13578,27707,27707,1211581,Matched,Block,,E ALDER ST BETWEEN 11TH AVE AND 12TH AVE,,,1,Property Damage Only Collision,Parked Car,2,0,0,2,2004/08/04 00:00:00+00,8/4/2004,Mid-Block (not related to intersection),14,"MOTOR VEHICLE STRUCK MOTOR VEHICLE, REAR END",,0,Clear,Dry,Daylight,,4217018.0,,32,One parked--one moving,0,0,N
10777,1,-122.2789825,47.52327071,13579,26783,26783,1856432,Matched,Intersection,487378.0,M L KING JR ER WAY S AND S HENDERSON ST,,,1,Property Damage Only Collision,Angles,3,0,0,2,2004/08/07 00:00:00+00,8/7/2004,At Intersection (intersection related),11,"MOTOR VEHICLE STRUCK MOTOR VEHICLE, FRONT END AT ANGLE",,0,Clear,Dry,Dark - Street Lights On,,4220023.0,,10,Entering at angle,0,0,N
10778,1,-122.34456499999999,47.69418567,13580,27168,27168,1780132,Matched,Intersection,37340.0,AURORA AVE N AND N 90TH ST,,,1,Property Damage Only Collision,Left Turn,3,0,0,2,2004/01/02 00:00:00+00,1/2/2004,At Intersection (intersection related),11,"MOTOR VEHICLE STRUCK MOTOR VEHICLE, FRONT END AT ANGLE",,0,Raining,Wet,Dark - Street Lights On,,4002045.0,,28,From opposite direction - one left turn - one straight,0,0,N
10779,2,-122.2960577,47.62920647,13581,27240,27240,1217195,Matched,Block,,LAKE WASHINGTON BLVD E BETWEEN ARBORETUM DR E AND E INTERLAKEN BLVD,,,2,Injury Collision,Cycles,1,0,1,0,2004/10/02 00:00:00+00,10/2/2004,Driveway Junction,69,PEDALCYCLIST OVERTURNED IN ROAD,,0,Clear,Dry,Daylight,,4276012.0,,45,Vehicle - Pedalcyclist,0,0,N
10780,1,-122.3396041,47.61853916,13582,28044,28044,1213506,Matched,Block,,DENNY WAY BETWEEN BELL ST AND 9TH AVE,,,1,Property Damage Only Collision,Rear Ended,2,0,0,2,2004/03/25 00:00:00+00,3/25/2004 10:55:00 AM,Mid-Block (but intersection related),14,"MOTOR VEHICLE STRUCK MOTOR VEHICLE, REAR END",,0,Raining,Wet,Daylight,,4085003.0,Y,14,From same direction - both going straight - one stopped - rear-end,0,0,N
10781,2,-122.32290259999998,47.68317605,13583,26548,26548,1219833,Matched,Intersection,24437.0,5TH AVE NE AND NE 75TH ST,,,2,Injury Collision,Angles,3,0,0,2,2004/11/13 00:00:00+00,11/13/2004 12:10:00 PM,At Intersection (intersection related),11,"MOTOR VEHICLE STRUCK MOTOR VEHICLE, FRONT END AT ANGLE",,0,Clear,Dry,Daylight,,4318008.0,,10,Entering at angle,0,0,N
10782,1,-122.3788847,47.66766041,13585,27373,27373,1080141,Matched,Block,,17TH AVE NW BETWEEN BARNES AVE NW AND NW 54TH ST,,,1,Property Damage Only Collision,Parked Car,2,0,0,2,2004/10/18 00:00:00+00,10/18/2004 12:00:00 PM,Mid-Block (but intersection related),11,"MOTOR VEHICLE STRUCK MOTOR VEHICLE, FRONT END AT ANGLE",,0,Overcast,Dry,Daylight,,4292017.0,,19,One car entering parked position,0,0,N
10783,2,-122.30082079999998,47.54705429999999,13586,27728,27728,1771948,Matched,Block,,BEACON WR AVE S BETWEEN S SPENCER ST AND S GRAHAM ST,,,2,Injury Collision,Rear Ended,4,0,0,2,2004/06/12 00:00:00+00,6/12/2004 7:20:00 PM,Mid-Block (but intersection related),14,"MOTOR VEHICLE STRUCK MOTOR VEHICLE, REAR END",,0,Raining,Wet,Dusk,,4164030.0,Y,14,From same direction - both going straight - one stopped - rear-end,0,0,N
10784,1,-122.3330014,47.610382,13587,27193,27193,1181421,Matched,Block,,UNION ST BETWEEN 6TH AVE AND 7TH AVE,,,1,Property Damage Only Collision,Parked Car,3,0,0,2,2004/02/27 00:00:00+00,2/27/2004 4:45:00 PM,Mid-Block (not related to intersection),16,"MOTOR VEHICLE STRUCK MOTOR VEHICLE, LEFT SIDE SIDESWIPE",Y,0,Overcast,Dry,Daylight,,4058025.0,,32,One parked--one moving,0,0,N
10785,1,-122.29771809999998,47.71561998,13588,27693,27693,1931256,Matched,Block,,NE 120TH ST BETWEEN 28TH AVE NE AND LAKE CITY WAY NE,,,1,Property Damage Only Collision,Parked Car,2,0,0,2,2004/12/06 00:00:00+00,12/6/2004,Mid-Block (not related to intersection),0,NOT ENOUGH INFORMATION / NOT APPLICABLE,,0,Raining,Wet,Dark - Street Lights On,,4341009.0,,32,One parked--one moving,0,0,N
10786,1,-122.31657890000001,47.66129196,13589,28063,28063,1069639,Matched,Intersection,27065.0,11TH AVE NE AND NE 45TH ST,,,1,Property Damage Only Collision,Sideswipe,2,0,0,2,2004/11/30 00:00:00+00,11/30/2004 12:35:00 PM,At Intersection (intersection related),16,"MOTOR VEHICLE STRUCK MOTOR VEHICLE, LEFT SIDE SIDESWIPE",,0,Unknown,Unknown,Unknown,,4335038.0,,11,From same direction - both going straight - both moving - sideswipe,0,0,N
10787,1,-122.33068899999999,47.60701684,13590,27557,27557,1474747,Matched,Intersection,29947.0,6TH AVE AND MADISON ST,,,1,Property Damage Only Collision,Right Turn,4,0,0,2,2004/07/14 00:00:00+00,7/14/2004 8:35:00 PM,At Intersection (intersection related),11,"MOTOR VEHICLE STRUCK MOTOR VEHICLE, FRONT END AT ANGLE",,0,Clear,Dry,Daylight,,4196014.0,,16,From same direction - one right turn - one straight,0,0,N
10788,1,-122.33632990000001,47.60898867,13592,28042,28042,1213373,Matched,Block,,UNION ST BETWEEN 3RD AVE AND 4TH AVE,,,1,Property Damage Only Collision,Other,4,0,0,2,2004/08/17 00:00:00+00,8/17/2004 5:50:00 PM,Driveway Junction,11,"MOTOR VEHICLE STRUCK MOTOR VEHICLE, FRONT END AT ANGLE",,0,Clear,Dry,Daylight,,4230031.0,,21,One car entering driveway access,0,0,N
10789,1,-122.3037389,47.60166928,13593,26974,26974,1798965,Matched,Intersection,30732.0,22ND AVE AND E YESLER WAY,,,1,Property Damage Only Collision,Angles,2,0,0,2,2004/09/06 00:00:00+00,9/6/2004,At Intersection (intersection related),11,"MOTOR VEHICLE STRUCK MOTOR VEHICLE, FRONT END AT ANGLE",,0,Clear,Dry,Daylight,,4250014.0,,10,Entering at angle,0,0,N
10790,1,-122.29593909999998,47.68486233,13594,27425,27425,1775587,Matched,Block,,30TH AVE NE BETWEEN NE 75TH ST AND NE 80TH ST,,,1,Property Damage Only Collision,Parked Car,2,0,0,2,2004/01/14 00:00:00+00,1/14/2004 12:01:00 AM,Mid-Block (not related to intersection),16,"MOTOR VEHICLE STRUCK MOTOR VEHICLE, LEFT SIDE SIDESWIPE",,0,Unknown,Unknown,Unknown,,4014003.0,,32,One parked--one moving,0,0,N
10791,1,-122.34042520000001,47.65567014,13597,26657,26657,1794856,Matched,Block,,N 40TH ST BETWEEN INTERLAKE AVE N AND ASHWORTH AVE N,,,1,Property Damage Only Collision,Parked Car,2,0,0,2,2004/11/18 00:00:00+00,11/18/2004 11:00:00 PM,Mid-Block (not related to intersection),14,"MOTOR VEHICLE STRUCK MOTOR VEHICLE, REAR END",Y,0,Unknown,Unknown,Dark - Street Lights On,,4323036.0,,32,One parked--one moving,0,0,N
10792,1,-122.33401909999999,47.6056239,13598,27331,27331,1213872,Matched,Intersection,29951.0,3RD AVE AND MADISON ST,,,1,Property Damage Only Collision,Angles,2,0,0,2,2004/08/28 00:00:00+00,8/28/2004 9:35:00 AM,At Intersection (intersection related),11,"MOTOR VEHICLE STRUCK MOTOR VEHICLE, FRONT END AT ANGLE",,0,Clear,Dry,Daylight,,4241028.0,,10,Entering at angle,0,0,N
10793,1,-122.320334,47.59918734,13599,27987,27987,1788542,Matched,Block,,S JACKSON ST BETWEEN 9TH AVE S AND 10TH AVE S,,,1,Property Damage Only Collision,Rear Ended,4,0,0,2,2004/11/08 00:00:00+00,11/8/2004,Mid-Block (but intersection related),14,"MOTOR VEHICLE STRUCK MOTOR VEHICLE, REAR END",,0,Clear,Dry,Daylight,,4313030.0,,14,From same direction - both going straight - one stopped - rear-end,0,0,N
10794,2,-122.33748600000001,47.58974639,13600,28194,28194,1777811,Matched,Block,,ALASKAN WY VI SB BETWEEN ALASKAN WY VI SB EFR OFF RP AND S HOLGATE ST,,,2,Injury Collision,Rear Ended,2,0,0,2,2004/02/06 00:00:00+00,2/6/2004,Mid-Block (not related to intersection),14,"MOTOR VEHICLE STRUCK MOTOR VEHICLE, REAR END",Y,0,Raining,Wet,Dawn,,4037005.0,,14,From same direction - both going straight - one stopped - rear-end,0,0,N
10795,1,-122.3251307,47.65553223,13602,27152,27152,1774197,Matched,Block,,NE 40TH ST BETWEEN LATONA AVE NE AND 4TH AVE NE,,,1,Property Damage Only Collision,Parked Car,2,0,0,2,2004/12/09 00:00:00+00,12/9/2004,Mid-Block (not related to intersection),14,"MOTOR VEHICLE STRUCK MOTOR VEHICLE, REAR END",,0,Raining,Wet,Dark - Street Lights On,,4344040.0,,32,One parked--one moving,0,0,N
10796,1,-122.36045049999998,47.53007875,13603,26665,26665,1790691,Matched,Block,,DELRIDGE WAY SW BETWEEN SW KENYON ST AND SW THISTLE ST,,,1,Property Damage Only Collision,Rear Ended,2,0,0,2,2004/11/01 00:00:00+00,11/1/2004,Mid-Block (but intersection related),14,"MOTOR VEHICLE STRUCK MOTOR VEHICLE, REAR END",Y,0,Raining,Wet,Dark - Street Lights On,,4306003.0,,14,From same direction - both going straight - one stopped - rear-end,0,0,N
10797,1,-122.3100466,47.73392121,13604,27349,27349,1747284,Matched,Intersection,36077.0,17TH AVE NE AND NE 145TH ST,,,1,Property Damage Only Collision,Angles,2,0,0,2,2004/03/30 00:00:00+00,3/30/2004 9:00:00 AM,At Intersection (intersection related),11,"MOTOR VEHICLE STRUCK MOTOR VEHICLE, FRONT END AT ANGLE",,0,Overcast,Dry,Daylight,,4090032.0,,10,Entering at angle,0,0,N
10798,2,-122.3134365,47.59665466,13605,27208,27208,1216869,Matched,Block,,S LANE ST BETWEEN CORWIN PL S AND DEARBORN PL S,,,2,Injury Collision,Pedestrian,3,2,0,1,2004/07/19 00:00:00+00,7/19/2004 11:45:00 AM,Mid-Block (not related to intersection),24,MOTOR VEHCILE STRUCK PEDESTRIAN,,0,Clear,Dry,Daylight,,4201021.0,,0,Vehicle going straight hits pedestrian,0,0,N
10799,2,-122.3828139,47.56287361,13606,26644,26644,1790336,Matched,Intersection,31907.0,40TH AVE SW AND SW OREGON ST,,,2,Injury Collision,Angles,2,0,0,2,2004/07/09 00:00:00+00,7/9/2004,At Intersection (intersection related),11,"MOTOR VEHICLE STRUCK MOTOR VEHICLE, FRONT END AT ANGLE",,0,Clear,Dry,Daylight,,4191049.0,,10,Entering at angle,0,0,N
10800,2,-122.2962223,47.57985835,13608,27971,27971,1773317,Matched,Block,,M L KING JR WAY S BETWEEN S BAYVIEW S ST AND S MCCLELLAN ST,,,2,Injury Collision,Head On,2,0,0,2,2004/11/11 00:00:00+00,11/11/2004 8:05:00 AM,Mid-Block (not related to intersection),11,"MOTOR VEHICLE STRUCK MOTOR VEHICLE, FRONT END AT ANGLE",,0,Clear,Dry,Daylight,,4316012.0,,24,From opposite direction - both moving - head-on,0,0,N
10801,1,-122.37938829999999,47.52288792,13609,27759,27759,1795454,Matched,Intersection,34731.0,37TH AVE SW AND SW HENDERSON ST,,,1,Property Damage Only Collision,Angles,3,0,0,2,2004/10/19 00:00:00+00,10/19/2004 9:00:00 AM,At Intersection (intersection related),11,"MOTOR VEHICLE STRUCK MOTOR VEHICLE, FRONT END AT ANGLE",,0,Raining,Wet,Daylight,,4293024.0,,10,Entering at angle,0,0,N
10802,1,-122.30504440000001,47.60351086,13610,26690,26690,1074705,Matched,Intersection,30215.0,21ST AVE AND E SPRUCE ST,,,1,Property Damage Only Collision,Angles,3,0,0,2,2004/03/06 00:00:00+00,3/6/2004,At Intersection (intersection related),11,"MOTOR VEHICLE STRUCK MOTOR VEHICLE, FRONT END AT ANGLE",,0,Raining,Wet,Daylight,,4066002.0,,10,Entering at angle,0,0,N
10803,2,-122.27766409999998,47.55117602,13614,28145,28145,1784477,Matched,Intersection,33512.0,RAINIER AVE S AND S ORCAS ST,,,2,Injury Collision,Left Turn,7,0,0,2,2004/09/24 00:00:00+00,9/24/2004 2:56:00 PM,At Intersection (intersection related),11,"MOTOR VEHICLE STRUCK MOTOR VEHICLE, FRONT END AT ANGLE",,0,Clear,Dry,Dark - Street Lights On,,4268015.0,,28,From opposite direction - one left turn - one straight,0,0,N
10804,1,-122.3002615,47.58111836,13615,27924,27924,1198189,Matched,Block,,RAINIER AVE S BETWEEN 25TH AVE S AND S BAYVIEW ST,,,1,Property Damage Only Collision,Sideswipe,2,0,0,2,2004/11/17 00:00:00+00,11/17/2004 11:55:00 AM,Mid-Block (but intersection related),14,"MOTOR VEHICLE STRUCK MOTOR VEHICLE, REAR END",,0,Clear,Dry,Daylight,,4322043.0,,12,From same direction - both going straight - one stopped - sideswipe,0,0,N
10805,1,-122.3359077,47.59875001,13616,27080,27080,1777438,Matched,Block,,ALASKAN WAY S BETWEEN S JACKSON ST AND S KING ST,,,1,Property Damage Only Collision,Rear Ended,2,0,0,2,2004/08/02 00:00:00+00,8/2/2004,Mid-Block (not related to intersection),14,"MOTOR VEHICLE STRUCK MOTOR VEHICLE, REAR END",,0,Overcast,Dry,Daylight,,4215028.0,,13,From same direction - both going straight - both moving - rear-end,0,0,N
10806,2,-122.3597002,47.61998687,13617,27174,27174,1783391,Matched,Block,,WESTERN AVE W BETWEEN 2ND AVE W AND ELLIOTT ER AVE W,,,2,Injury Collision,Rear Ended,3,0,0,2,2004/09/09 00:00:00+00,9/9/2004,Mid-Block (but intersection related),14,"MOTOR VEHICLE STRUCK MOTOR VEHICLE, REAR END",,0,Clear,Dry,Daylight,,4253004.0,,14,From same direction - both going straight - one stopped - rear-end,0,0,N
10807,1,-122.2985345,47.67396782,13619,27752,27752,1794151,Matched,Intersection,25897.0,27TH AVE NE AND NE 62ND ST,,,1,Property Damage Only Collision,Angles,2,0,0,2,2004/08/13 00:00:00+00,8/13/2004 1:30:00 PM,At Intersection (intersection related),11,"MOTOR VEHICLE STRUCK MOTOR VEHICLE, FRONT END AT ANGLE",,0,Clear,Dry,Daylight,,4226024.0,,10,Entering at angle,0,0,N
10808,1,-122.33072299999999,47.61849176,13620,26973,26973,1212750,Matched,Intersection,29168.0,DENNY WAY AND STEWART ST,,,1,Property Damage Only Collision,Left Turn,3,0,0,2,2004/01/16 00:00:00+00,1/16/2004 5:20:00 PM,At Intersection (intersection related),11,"MOTOR VEHICLE STRUCK MOTOR VEHICLE, FRONT END AT ANGLE",,0,Clear,Dry,Dark - Street Lights On,,4016024.0,,15,From same direction - one left turn - one straight,0,0,N
10809,1,-122.32366850000001,47.61192641,13621,27424,27424,1216979,Matched,Block,,SENECA ST BETWEEN SUMMIT AVE AND BOYLSTON AVE,,,1,Property Damage Only Collision,Parked Car,2,0,0,2,2004/09/14 00:00:00+00,9/14/2004 3:29:00 PM,Mid-Block (not related to intersection),11,"MOTOR VEHICLE STRUCK MOTOR VEHICLE, FRONT END AT ANGLE",,0,Overcast,Dry,Daylight,,4258006.0,,32,One parked--one moving,0,0,N
10810,1,-122.3505254,47.64970651,13623,28203,28203,1793386,Matched,Block,,N 34TH ST BETWEEN EVANSTON AVE N AND FREMONT AVE N,,,1,Property Damage Only Collision,Parked Car,2,0,0,2,2004/11/05 00:00:00+00,11/5/2004,Mid-Block (not related to intersection),13,"MOTOR VEHICLE STRUCK MOTOR VEHICLE, LEFT SIDE AT ANGLE",,0,Unknown,Unknown,Unknown,,4310029.0,,32,One parked--one moving,0,0,N
10811,1,-122.3450771,47.73230966,13624,26951,26951,1220518,Matched,Intersection,35721.0,AURORA AVE N AND N 143RD ST,,,1,Property Damage Only Collision,Left Turn,2,0,0,2,2004/10/13 00:00:00+00,10/13/2004 5:02:00 PM,At Intersection (intersection related),11,"MOTOR VEHICLE STRUCK MOTOR VEHICLE, FRONT END AT ANGLE",,0,Clear,Dry,Daylight,,4287012.0,,28,From opposite direction - one left turn - one straight,0,0,N
10812,1,-122.32426640000001,47.62653188,13625,27576,27576,1772306,Matched,Block,,BELMONT PL E BETWEEN BELMONT AVE E AND BELLEVUE PL E,,,1,Property Damage Only Collision,Parked Car,2,0,0,2,2004/11/17 00:00:00+00,11/17/2004 7:49:00 PM,Mid-Block (not related to intersection),14,"MOTOR VEHICLE STRUCK MOTOR VEHICLE, REAR END",Y,0,Clear,Dry,Dark - Street Lights On,,4322013.0,,32,One parked--one moving,0,0,N
10813,1,-122.38380649999999,47.69058733,13626,27993,27993,1773608,Matched,Block,,NW 85TH ST BETWEEN 21ST AVE NW AND 22ND AVE NW,,,1,Property Damage Only Collision,Other,1,0,0,1,2004/05/07 00:00:00+00,5/7/2004,Driveway Junction,28,MOTOR VEHICLE RAN OFF ROAD - HIT FIXED OBJECT,,0,Unknown,Unknown,Daylight,,4128049.0,,50,Fixed object,0,0,N
10814,1,-122.32212040000002,47.61464477,13627,28192,28192,1788273,Matched,Block,,HARVARD AVE BETWEEN E PIKE ST AND E PINE ST,,,1,Property Damage Only Collision,Parked Car,2,0,0,2,2004/04/23 00:00:00+00,4/23/2004 11:01:00 PM,Mid-Block (not related to intersection),14,"MOTOR VEHICLE STRUCK MOTOR VEHICLE, REAR END",Y,0,Clear,Dry,Dark - Street Lights On,,4114008.0,,32,One parked--one moving,0,0,N
10815,1,-122.28792620000002,47.56075087,13629,27306,27306,C632158,Matched,Block,,S ALASKA ST BETWEEN 35TH AVE S AND RAINIER AVE S,,,1,Property Damage Only Collision,Sideswipe,2,0,0,2,2004/04/22 00:00:00+00,4/22/2004 11:23:00 AM,Mid-Block (not related to intersection),11,"MOTOR VEHICLE STRUCK MOTOR VEHICLE, FRONT END AT ANGLE",,0,Clear,Dry,Daylight,,4113048.0,,11,From same direction - both going straight - both moving - sideswipe,0,0,N
10816,2,-122.3555014,47.71143557,13630,27738,27738,1781888,Matched,Block,,GREENWOOD AVE N BETWEEN N 112TH ST AND N 115TH ST,,,2,Injury Collision,Other,3,0,0,2,2004/10/12 00:00:00+00,10/12/2004 10:17:00 PM,Driveway Junction,14,"MOTOR VEHICLE STRUCK MOTOR VEHICLE, REAR END",Y,1,Clear,Dry,Dark - Street Lights On,,4286010.0,Y,21,One car entering driveway access,0,0,N
10817,1,-122.33425009999999,47.61769313,13631,26819,26819,1069686,Matched,Block,,FAIRVIEW AVE BETWEEN VIRGINIA ST AND BOREN AVE,,,1,Property Damage Only Collision,Other,2,0,0,1,2004/11/14 00:00:00+00,11/14/2004 1:40:00 AM,Mid-Block (but intersection related),26,MOTOR VEHICLE STRUCK OBJECT IN ROAD,Y,1,Clear,Dry,Dark - Street Lights On,,4319019.0,,50,Fixed object,0,0,N
10818,1,-122.32458559999999,47.60956945,13632,27135,27135,1772271,Matched,Block,,MADISON ST BETWEEN BOREN AVE AND MINOR AVE,,,1,Property Damage Only Collision,Rear Ended,2,0,0,2,2004/06/27 00:00:00+00,6/27/2004 12:53:00 PM,Mid-Block (but intersection related),14,"MOTOR VEHICLE STRUCK MOTOR VEHICLE, REAR END",,0,Clear,Dry,Daylight,,4179030.0,,13,From same direction - both going straight - both moving - rear-end,0,0,N