,SEVERITYCODE,X,Y,OBJECTID,INCKEY,COLDETKEY,REPORTNO,STATUS,ADDRTYPE,INTKEY,LOCATION,EXCEPTRSNCODE,EXCEPTRSNDESC,SEVERITYCODE.1,SEVERITYDESC,COLLISIONTYPE,PERSONCOUNT,PEDCOUNT,PEDCYLCOUNT,VEHCOUNT,INCDATE,INCDTTM,JUNCTIONTYPE,SDOT_COLCODE,SDOT_COLDESC,INATTENTIONIND,UNDERINFL,WEATHER,ROADCOND,LIGHTCOND,PEDROWNOTGRNT,SDOTCOLNUM,SPEEDING,ST_COLCODE,ST_COLDESC,SEGLANEKEY,CROSSWALKKEY,HITPARKEDCAR
10819,1,-122.32565990000002,47.66021417,13633,27221,27221,1780998,Matched,Block,,NE 44TH ST BETWEEN THACKERAY PL NE AND LATONA AVE NE,,,1,Property Damage Only Collision,Parked Car,2,0,0,2,2004/07/17 00:00:00+00,7/17/2004 9:30:00 PM,Mid-Block (not related to intersection),15,"MOTOR VEHICLE STRUCK MOTOR VEHICLE, RIGHT SIDE SIDESWIPE",,0,Clear,Dry,Unknown,,4199001.0,,32,One parked--one moving,0,0,N
10820,1,,,13634,27536,27536,1213816,Matched,Block,,BATTERY ST TUNNEL SB BETWEEN AURORA AVE N AND ALASKAN WY VI SB,,,1,Property Damage Only Collision,Rear Ended,3,0,0,2,2004/08/28 00:00:00+00,8/28/2004 4:00:00 PM,Mid-Block (not related to intersection),14,"MOTOR VEHICLE STRUCK MOTOR VEHICLE, REAR END",,0,Clear,Dry,Other,,4241024.0,,14,From same direction - both going straight - one stopped - rear-end,0,0,N
10821,1,,,13635,27904,27904,1856464,Matched,Block,,BATTERY ST TUNNEL NB BETWEEN ALASKAN WY VI NB AND AURORA AVE N,,,1,Property Damage Only Collision,Rear Ended,3,0,0,2,2004/12/05 00:00:00+00,12/5/2004,Mid-Block (not related to intersection),14,"MOTOR VEHICLE STRUCK MOTOR VEHICLE, REAR END",,0,Raining,Wet,Daylight,,4340006.0,,14,From same direction - both going straight - one stopped - rear-end,0,0,N
10822,1,-122.31813229999999,47.71974505,13636,26684,26684,1796808,Matched,Intersection,35902.0,ROOSEVELT WAY NE AND NE 125TH N ST,,,1,Property Damage Only Collision,Left Turn,2,0,0,2,2004/12/23 00:00:00+00,12/23/2004 9:35:00 PM,At Intersection (intersection related),11,"MOTOR VEHICLE STRUCK MOTOR VEHICLE, FRONT END AT ANGLE",,0,Fog/Smog/Smoke,Dry,Dark - Street Lights On,,4358013.0,,28,From opposite direction - one left turn - one straight,0,0,N
10823,1,-122.36713,47.65926911,13637,27426,27426,1775720,Matched,Block,,NW 43RD ST BETWEEN 8TH N AVE NW AND 9TH AVE NW,,,1,Property Damage Only Collision,Parked Car,2,0,0,2,2004/02/16 00:00:00+00,2/16/2004 3:05:00 PM,Mid-Block (not related to intersection),14,"MOTOR VEHICLE STRUCK MOTOR VEHICLE, REAR END",,0,Raining,Wet,Daylight,,4047016.0,,32,One parked--one moving,0,0,N
10824,1,-122.31079059999999,47.56182382,13638,27094,27094,1779572,Matched,Block,,S COLUMBIAN WAY BETWEEN VETRN HOSPITAL DR AND S SNOQUALMIE ST,,,1,Property Damage Only Collision,Rear Ended,2,0,0,2,2004/06/17 00:00:00+00,6/17/2004 1:35:00 PM,Mid-Block (but intersection related),14,"MOTOR VEHICLE STRUCK MOTOR VEHICLE, REAR END",,0,Clear,Dry,Daylight,,4169010.0,,14,From same direction - both going straight - one stopped - rear-end,0,0,N
10825,1,-122.32075390000001,47.66096314,13641,27992,27992,1773532,Matched,Block,,7TH AVE NE BETWEEN NE 45TH ST OFF RP AND NE 45TH ST,,,1,Property Damage Only Collision,Rear Ended,2,0,0,2,2004/02/19 00:00:00+00,2/19/2004 8:26:00 AM,Mid-Block (not related to intersection),14,"MOTOR VEHICLE STRUCK MOTOR VEHICLE, REAR END",Y,0,Overcast,Wet,Daylight,,4050010.0,,14,From same direction - both going straight - one stopped - rear-end,0,0,N
10826,1,-122.3156821,47.59919952,13642,27552,27552,1799001,Matched,Block,,S JACKSON ST BETWEEN 12TH AVE S AND 14TH AVE S,,,1,Property Damage Only Collision,Parked Car,2,0,0,2,2004/09/11 00:00:00+00,9/11/2004 12:00:00 PM,Mid-Block (not related to intersection),13,"MOTOR VEHICLE STRUCK MOTOR VEHICLE, LEFT SIDE AT ANGLE",Y,0,Overcast,Dry,Daylight,,4255024.0,,32,One parked--one moving,0,0,N
10827,1,-122.2897899,47.67759958,13643,27451,27451,1782186,Matched,Block,,NE 68TH ST BETWEEN 35TH AVE NE AND 36TH AVE NE,,,1,Property Damage Only Collision,Parked Car,2,0,0,2,2004/06/26 00:00:00+00,6/26/2004 12:00:00 PM,Mid-Block (not related to intersection),13,"MOTOR VEHICLE STRUCK MOTOR VEHICLE, LEFT SIDE AT ANGLE",,0,Unknown,Unknown,Daylight,,4178013.0,,32,One parked--one moving,0,0,N
10828,1,-122.3257146,47.59751407,13644,28043,28043,1213455,Matched,Block,,S WELLER ST BETWEEN 6TH AVE S AND MAYNARD AVE S,,,1,Property Damage Only Collision,Parked Car,2,0,0,2,2004/07/30 00:00:00+00,7/30/2004 11:33:00 PM,Mid-Block (not related to intersection),11,"MOTOR VEHICLE STRUCK MOTOR VEHICLE, FRONT END AT ANGLE",Y,0,Clear,Dry,Dark - Street Lights On,,4212013.0,,32,One parked--one moving,0,0,N
10829,2,-122.3449769,47.72321155,13646,27558,27558,1220536,Matched,Intersection,35828.0,AURORA AVE N AND N 130TH ST,,,2,Injury Collision,Left Turn,4,0,0,3,2004/10/09 00:00:00+00,10/9/2004,At Intersection (intersection related),11,"MOTOR VEHICLE STRUCK MOTOR VEHICLE, FRONT END AT ANGLE",,0,Overcast,Wet,Daylight,,4283012.0,,28,From opposite direction - one left turn - one straight,0,0,N
10830,1,-122.363446,47.70934114,13648,27713,27713,1773519,Matched,Block,,NW CARKEEK PARK RD BETWEEN NW 110TH ST AND POINT A,,,1,Property Damage Only Collision,Other,1,0,0,1,2004/06/06 00:00:00+00,6/6/2004,Mid-Block (not related to intersection),28,MOTOR VEHICLE RAN OFF ROAD - HIT FIXED OBJECT,Y,0,Clear,Dry,Dark - Street Lights On,,4158002.0,,50,Fixed object,0,0,N
10831,1,-122.3326533,47.7086545,13650,27185,27185,1782178,Matched,Block,,N NORTHGATE WAY BETWEEN MERIDIAN AVE N AND CORLISS AVE N,,,1,Property Damage Only Collision,Other,3,0,0,2,2004/05/27 00:00:00+00,5/27/2004 12:39:00 PM,Driveway Junction,11,"MOTOR VEHICLE STRUCK MOTOR VEHICLE, FRONT END AT ANGLE",,0,Raining,Wet,Daylight,,4148003.0,,22,One car leaving driveway access,0,0,N
10832,1,-122.341692,47.6339689,13652,27841,27841,1186522,Matched,Block,,HAYES ST BETWEEN DEXTER AVE N AND 8TH AVE N,,,1,Property Damage Only Collision,Parked Car,4,0,0,2,2004/10/15 00:00:00+00,10/15/2004 10:42:00 PM,Mid-Block (but intersection related),15,"MOTOR VEHICLE STRUCK MOTOR VEHICLE, RIGHT SIDE SIDESWIPE",,0,Overcast,Dry,Dark - Street Lights On,,4289009.0,,32,One parked--one moving,0,0,N
10833,1,-122.38287369999999,47.55837474,13653,27769,27769,1790233,Matched,Block,,40TH AVE SW BETWEEN SW EDMUNDS ST AND SW HUDSON ST,,,1,Property Damage Only Collision,Parked Car,2,0,0,2,2004/05/13 00:00:00+00,5/13/2004 3:01:00 PM,Mid-Block (not related to intersection),13,"MOTOR VEHICLE STRUCK MOTOR VEHICLE, LEFT SIDE AT ANGLE",,0,Clear,Dry,Daylight,,4134031.0,,32,One parked--one moving,0,0,N
10834,2,-122.2961967,47.71201259,13654,27261,27261,1773956,Matched,Intersection,36652.0,30TH AVE NE AND NE 115TH ST,,,2,Injury Collision,Angles,2,0,0,2,2004/02/04 00:00:00+00,2/4/2004,At Intersection (intersection related),11,"MOTOR VEHICLE STRUCK MOTOR VEHICLE, FRONT END AT ANGLE",,0,Clear,Dry,Daylight,,4035021.0,,10,Entering at angle,0,0,N
10835,1,-122.3258149,47.63310436,13655,27449,27449,1788662,Matched,Block,,EASTLAKE AVE E BETWEEN FAIRVIEW AVE N AND E GARFIELD ST,,,1,Property Damage Only Collision,Angles,4,0,0,2,2004/01/29 00:00:00+00,1/29/2004 12:39:00 PM,Driveway Junction,11,"MOTOR VEHICLE STRUCK MOTOR VEHICLE, FRONT END AT ANGLE",,0,Raining,Wet,Daylight,,4029015.0,,10,Entering at angle,0,0,N
10836,2,-122.31250779999999,47.66489678,13657,27197,27197,1794983,Matched,Block,,NE 50TH ST BETWEEN UNIVERSITY WAY NE AND 15TH AVE NE,,,2,Injury Collision,Rear Ended,6,0,0,2,2004/09/12 00:00:00+00,9/12/2004 2:16:00 AM,Mid-Block (but intersection related),14,"MOTOR VEHICLE STRUCK MOTOR VEHICLE, REAR END",,0,Raining,Wet,Dark - Street Lights On,,4256029.0,,14,From same direction - both going straight - one stopped - rear-end,0,0,N
10837,1,-122.31696509999999,47.60085286,13658,27582,27582,1790006,Matched,Intersection,30418.0,12TH AVE S AND BOREN AVE S,,,1,Property Damage Only Collision,Angles,3,0,0,2,2004/05/08 00:00:00+00,5/8/2004,At Intersection (intersection related),11,"MOTOR VEHICLE STRUCK MOTOR VEHICLE, FRONT END AT ANGLE",,0,Raining,Wet,Daylight,,4129021.0,,10,Entering at angle,0,0,N
10838,1,-122.34253829999999,47.6534133,13659,27084,27084,1080266,Matched,Block,,STONE WAY N BETWEEN N 38TH ST AND N 39TH ST,,,1,Property Damage Only Collision,Parked Car,2,0,0,2,2004/11/30 00:00:00+00,11/30/2004 5:00:00 PM,Mid-Block (not related to intersection),11,"MOTOR VEHICLE STRUCK MOTOR VEHICLE, FRONT END AT ANGLE",,0,Unknown,Unknown,Unknown,,4335036.0,,32,One parked--one moving,0,0,N
10839,1,-122.3518673,47.61419549,13662,27683,27683,C628453,Matched,Block,,ELLIOTT AVE BETWEEN VINE ST AND CEDAR ST,,,1,Property Damage Only Collision,Rear Ended,2,0,0,2,2004/02/03 00:00:00+00,2/3/2004,Mid-Block (not related to intersection),14,"MOTOR VEHICLE STRUCK MOTOR VEHICLE, REAR END",,0,Overcast,Wet,Dark - No Street Lights,,4034036.0,,14,From same direction - both going straight - one stopped - rear-end,0,0,N
10840,1,-122.3871989,47.54635845,13663,27912,27912,1333991,Matched,Block,,CALIFORNIA AVE SW BETWEEN SW GRAHAM ST AND SW EDDY ST,,,1,Property Damage Only Collision,Parked Car,3,0,0,3,2004/02/21 00:00:00+00,2/21/2004 5:35:00 AM,Mid-Block (not related to intersection),14,"MOTOR VEHICLE STRUCK MOTOR VEHICLE, REAR END",,0,Clear,Dry,Dark - Street Lights On,,4052007.0,,32,One parked--one moving,0,0,N
10841,2,-122.29047890000001,47.68304824,13664,27258,27258,1773708,Matched,Intersection,24933.0,35TH AVE NE AND NE 75TH ST,,,2,Injury Collision,Angles,2,0,0,2,2004/06/07 00:00:00+00,6/7/2004,At Intersection (intersection related),11,"MOTOR VEHICLE STRUCK MOTOR VEHICLE, FRONT END AT ANGLE",,0,Overcast,Dry,Daylight,,4159018.0,,10,Entering at angle,0,0,N
10842,1,-122.2879588,47.54608596,13665,27435,27435,1773278,Matched,Block,,S GRAHAM ST BETWEEN 33RD AVE S AND M L KING JR WR WAY S,,,1,Property Damage Only Collision,Other,2,0,0,2,2004/09/23 00:00:00+00,9/23/2004 3:30:00 PM,Driveway Junction,11,"MOTOR VEHICLE STRUCK MOTOR VEHICLE, FRONT END AT ANGLE",,0,Clear,Dry,Daylight,,4267014.0,,22,One car leaving driveway access,0,0,N
10843,2,-122.3232755,47.70859413,13666,27372,27372,1796953,Matched,Intersection,36499.0,5TH AVE NE AND NE NORTHGATE WAY,,,2,Injury Collision,Angles,4,0,0,3,2004/11/04 00:00:00+00,11/4/2004,At Intersection (intersection related),11,"MOTOR VEHICLE STRUCK MOTOR VEHICLE, FRONT END AT ANGLE",,0,Clear,Dry,Daylight,,4309015.0,,10,Entering at angle,0,0,N
10844,1,-122.31273300000001,47.6190908,13668,27191,27191,1798958,Matched,Block,,15TH AVE E BETWEEN E DENNY WAY AND E JOHN SR ST,,,1,Property Damage Only Collision,Parked Car,2,0,0,2,2004/08/26 00:00:00+00,8/26/2004 9:35:00 AM,Mid-Block (not related to intersection),16,"MOTOR VEHICLE STRUCK MOTOR VEHICLE, LEFT SIDE SIDESWIPE",,0,Clear,Dry,Daylight,,4239027.0,,32,One parked--one moving,0,0,N
10845,2,-122.37754939999999,47.66867108,13669,27859,27859,1774017,Matched,Block,,NW MARKET ST BETWEEN 15TH AVE NW AND 17TH AVE NW,,,2,Injury Collision,Rear Ended,6,0,0,3,2004/03/24 00:00:00+00,3/24/2004 5:17:00 PM,Mid-Block (but intersection related),14,"MOTOR VEHICLE STRUCK MOTOR VEHICLE, REAR END",,0,Clear,Dry,Daylight,,4084014.0,,14,From same direction - both going straight - one stopped - rear-end,0,0,N
10846,1,-122.3076162,47.65054328,13671,27319,27319,1204825,Matched,Intersection,27298.0,NE PACIFIC PL AND NE PACIFIC ST,,,1,Property Damage Only Collision,Left Turn,3,0,0,2,2004/02/26 00:00:00+00,2/26/2004 6:42:00 PM,At Intersection (intersection related),11,"MOTOR VEHICLE STRUCK MOTOR VEHICLE, FRONT END AT ANGLE",,0,Raining,Wet,Dark - Street Lights On,,4057026.0,,28,From opposite direction - one left turn - one straight,0,0,N
10847,2,-122.2965258,47.73324995,13672,27113,27113,1793954,Matched,Block,,30TH AVE NE BETWEEN NE 143RD PL AND NE 145TH ST,,,2,Injury Collision,Rear Ended,2,0,0,2,2004/10/26 00:00:00+00,10/26/2004 10:00:00 AM,Mid-Block (not related to intersection),14,"MOTOR VEHICLE STRUCK MOTOR VEHICLE, REAR END",,0,Clear,Dry,Daylight,,4300029.0,,13,From same direction - both going straight - both moving - rear-end,0,0,N
10848,1,-122.35016440000001,47.62672833,13673,28041,28041,1213344,Matched,Block,,NOB HILL AVE N BETWEEN VALLEY ST AND ALOHA ST,,,1,Property Damage Only Collision,Parked Car,2,0,0,2,2004/02/03 00:00:00+00,2/3/2004,Mid-Block (not related to intersection),11,"MOTOR VEHICLE STRUCK MOTOR VEHICLE, FRONT END AT ANGLE",,0,Overcast,Wet,Dark - Street Lights On,,4034023.0,,32,One parked--one moving,0,0,N
10849,1,-122.37338390000002,47.56749548,13674,26681,26681,1789327_1,Matched,Block,,WEST SEATTLE BR EB BETWEEN POINT A AND FAUNTLEROY WAY SW,,,1,Property Damage Only Collision,Other,1,0,0,1,2004/01/02 00:00:00+00,1/2/2004,Mid-Block (not related to intersection),26,MOTOR VEHICLE STRUCK OBJECT IN ROAD,,0,Snowing,Ice,Dawn,,4002016.0,,50,Fixed object,0,0,N
10850,1,-122.2860805,47.56540868,13675,27143,27143,1772805,Matched,Intersection,32703.0,37TH AVE S AND S ADAMS ST,,,1,Property Damage Only Collision,Other,4,0,0,2,2004/06/06 00:00:00+00,6/6/2004,At Intersection (intersection related),11,"MOTOR VEHICLE STRUCK MOTOR VEHICLE, FRONT END AT ANGLE",,0,Overcast,Dry,Daylight,,4158009.0,,22,One car leaving driveway access,0,0,N
10851,1,-122.3295862,47.54669393,13676,27509,27509,1789218,Matched,Block,,4TH AVE S BETWEEN S FRONT ST AND S MICHIGAN ST,,,1,Property Damage Only Collision,Parked Car,2,0,0,2,2004/08/30 00:00:00+00,8/30/2004 6:30:00 AM,Mid-Block (not related to intersection),14,"MOTOR VEHICLE STRUCK MOTOR VEHICLE, REAR END",,0,Clear,Dry,Daylight,,4243009.0,,32,One parked--one moving,0,0,N
10852,1,-122.32692390000001,47.63385963,13681,27922,27922,1786843,Matched,Intersection,28331.0,FAIRVIEW AVE E AND E GARFIELD ST,,,1,Property Damage Only Collision,Angles,2,0,0,2,2004/06/10 00:00:00+00,6/10/2004 9:12:00 AM,At Intersection (intersection related),11,"MOTOR VEHICLE STRUCK MOTOR VEHICLE, FRONT END AT ANGLE",,0,Raining,Wet,Daylight,,4162028.0,,10,Entering at angle,0,0,N
10853,1,-122.3208545,47.61873954,13682,27553,27553,1799039,Matched,Intersection,29068.0,BROADWAY AND E DENNY WAY,,,1,Property Damage Only Collision,Left Turn,2,0,0,2,2004/09/23 00:00:00+00,9/23/2004 4:56:00 PM,At Intersection (intersection related),11,"MOTOR VEHICLE STRUCK MOTOR VEHICLE, FRONT END AT ANGLE",,0,Clear,Dry,Daylight,,4267029.0,,28,From opposite direction - one left turn - one straight,0,0,N
10854,1,-122.3161191,47.54639991,13683,27573,27573,1197826,Matched,Intersection,33136.0,13TH AVE S AND S ALBRO PL,,,1,Property Damage Only Collision,Sideswipe,5,0,0,2,2004/11/21 00:00:00+00,11/21/2004 5:33:00 PM,At Intersection (intersection related),16,"MOTOR VEHICLE STRUCK MOTOR VEHICLE, LEFT SIDE SIDESWIPE",,0,Clear,Dry,Dark - Street Lights On,,4326008.0,,81,Same direction -- both turning left -- both moving -- sideswipe,0,0,N
10855,1,-122.32142079999998,47.60694734,13686,27499,27499,C649729,Matched,Intersection,29813.0,JAMES ST AND MINOR AVE,,,1,Property Damage Only Collision,Angles,2,0,0,2,2004/12/06 00:00:00+00,12/6/2004,At Intersection (intersection related),11,"MOTOR VEHICLE STRUCK MOTOR VEHICLE, FRONT END AT ANGLE",,0,Overcast,Wet,Daylight,,4341049.0,,10,Entering at angle,0,0,N
10856,1,-122.34472179999999,47.65271965,13687,27868,27868,1782472,Matched,Intersection,26868.0,ALBION PL N AND N 38TH ST,,,1,Property Damage Only Collision,Angles,3,0,0,2,2004/07/07 00:00:00+00,7/7/2004,At Intersection (intersection related),11,"MOTOR VEHICLE STRUCK MOTOR VEHICLE, FRONT END AT ANGLE",,0,Clear,Dry,Daylight,,4189003.0,,10,Entering at angle,0,0,N
10857,1,-122.35683119999999,47.71053515,13688,26652,26652,C649703,Matched,Intersection,36246.0,PALATINE AVE N AND N 112TH ST,,,1,Property Damage Only Collision,Angles,2,0,0,2,2004/12/02 00:00:00+00,12/2/2004,At Intersection (intersection related),11,"MOTOR VEHICLE STRUCK MOTOR VEHICLE, FRONT END AT ANGLE",,0,Raining,Wet,Daylight,,4337034.0,,10,Entering at angle,0,0,N
10858,1,-122.3081598,47.5845256,13689,27523,27523,1771853,Matched,Intersection,31558.0,19TH AVE S AND S HILL ST,,,1,Property Damage Only Collision,Angles,3,0,0,2,2004/04/15 00:00:00+00,4/15/2004 5:15:00 PM,At Intersection (intersection related),11,"MOTOR VEHICLE STRUCK MOTOR VEHICLE, FRONT END AT ANGLE",,0,Clear,Dry,Daylight,,4106008.0,,10,Entering at angle,0,0,N
10859,2,-122.3606511,47.68583663,13690,28126,28126,1780899,Matched,Block,,3RD AVE NW BETWEEN NW 78TH ST AND NW 79TH ST,,,2,Injury Collision,Parked Car,2,0,0,2,2004/11/19 00:00:00+00,11/19/2004 8:28:00 PM,Mid-Block (not related to intersection),14,"MOTOR VEHICLE STRUCK MOTOR VEHICLE, REAR END",Y,0,Overcast,Wet,Dark - Street Lights On,,4324020.0,,32,One parked--one moving,0,0,N
10860,1,-122.29854540000001,47.67489482,13691,27911,27911,1329523,Matched,Block,,27TH AVE NE BETWEEN NE 62ND ST AND NE 65TH ST,,,1,Property Damage Only Collision,Parked Car,2,0,0,2,2004/05/05 00:00:00+00,5/5/2004,Mid-Block (not related to intersection),14,"MOTOR VEHICLE STRUCK MOTOR VEHICLE, REAR END",,0,Unknown,Unknown,Unknown,,4126041.0,,32,One parked--one moving,0,0,N
10861,2,-122.35282679999999,47.52284947,13693,27155,27155,1775043,Matched,Intersection,35035.0,14TH AVE SW AND SW HENDERSON ST,,,2,Injury Collision,Angles,4,0,0,2,2004/01/17 00:00:00+00,1/17/2004 1:20:00 PM,At Intersection (intersection related),11,"MOTOR VEHICLE STRUCK MOTOR VEHICLE, FRONT END AT ANGLE",,0,Clear,Dry,Daylight,,4017013.0,,10,Entering at angle,0,0,N
10862,1,-122.3241969,47.60578583,13694,28032,28032,1789809,Matched,Block,,JAMES ST BETWEEN 9TH AVE AND TERRY AVE,,,1,Property Damage Only Collision,Angles,4,0,0,2,2004/01/04 00:00:00+00,1/4/2004,Driveway Junction,11,"MOTOR VEHICLE STRUCK MOTOR VEHICLE, FRONT END AT ANGLE",,0,Clear,Dry,Dark - Street Lights On,,4004011.0,,10,Entering at angle,0,0,N
10863,1,-122.31786170000001,47.709173799999995,13695,26528,26528,C645972,Matched,Block,,ROOSEVELT WAY NE BETWEEN NE NORTHGATE WAY AND PINEHURST S WAY NE,,,1,Property Damage Only Collision,Other,2,0,0,2,2004/06/25 00:00:00+00,6/25/2004 2:45:00 PM,Driveway Junction,11,"MOTOR VEHICLE STRUCK MOTOR VEHICLE, FRONT END AT ANGLE",,0,Clear,Dry,Daylight,,4177043.0,,22,One car leaving driveway access,0,0,N
10864,1,-122.36454779999998,47.52102329,13698,26797,26797,1781616,Matched,Intersection,34876.0,25TH AVE SW AND SW BARTON ST,,,1,Property Damage Only Collision,Angles,5,0,0,2,2004/09/22 00:00:00+00,9/22/2004 1:10:00 PM,At Intersection (intersection related),11,"MOTOR VEHICLE STRUCK MOTOR VEHICLE, FRONT END AT ANGLE",,0,Raining,Wet,Daylight,,4266018.0,,10,Entering at angle,0,0,N
10865,1,-122.3436982,47.61913665,13699,27180,27180,1326721,Matched,Block,,7TH SB AVE N BETWEEN DENNY WAY AND JOHN ST,,,1,Property Damage Only Collision,Rear Ended,3,0,0,3,2004/01/28 00:00:00+00,1/28/2004 2:00:00 PM,Mid-Block (not related to intersection),14,"MOTOR VEHICLE STRUCK MOTOR VEHICLE, REAR END",Y,0,Clear,Dry,Daylight,,4028041.0,,13,From same direction - both going straight - both moving - rear-end,0,0,N
10866,1,-122.32786399999999,47.61778205,13702,28013,28013,1216732,Matched,Block,,MELROSE AVE BETWEEN E OLIVE PL AND E DENNY WAY,,,1,Property Damage Only Collision,Parked Car,2,0,0,2,2004/06/25 00:00:00+00,6/25/2004 2:00:00 PM,Mid-Block (not related to intersection),16,"MOTOR VEHICLE STRUCK MOTOR VEHICLE, LEFT SIDE SIDESWIPE",Y,0,Unknown,Unknown,Unknown,,4177007.0,,32,One parked--one moving,0,0,N
10867,2,-122.3326533,47.7086545,13703,26803,26803,1793903,Matched,Block,,N NORTHGATE WAY BETWEEN MERIDIAN AVE N AND CORLISS AVE N,,,2,Injury Collision,Other,2,0,0,2,2004/10/16 00:00:00+00,10/16/2004 9:06:00 PM,Driveway Junction,11,"MOTOR VEHICLE STRUCK MOTOR VEHICLE, FRONT END AT ANGLE",,0,Raining,Wet,Dark - Street Lights On,,4290037.0,,22,One car leaving driveway access,0,0,N
10868,1,-122.34165959999999,47.60950558,13705,27836,27836,1771911,Matched,Block,,PINE ST BETWEEN PIKE PL AND POST AL,,,1,Property Damage Only Collision,Sideswipe,2,0,0,2,2004/07/04 00:00:00+00,7/4/2004,Mid-Block (not related to intersection),14,"MOTOR VEHICLE STRUCK MOTOR VEHICLE, REAR END",,0,Clear,Unknown,Daylight,,4186032.0,,12,From same direction - both going straight - one stopped - sideswipe,0,0,N
10869,2,-122.2636189,47.67936563,13706,28169,28169,1782056,Matched,Intersection,25006.0,SAND POINT WAY NE AND NE 70TH ST,,,2,Injury Collision,Other,1,0,0,1,2004/08/20 00:00:00+00,8/20/2004 9:11:00 AM,At Intersection (intersection related),28,MOTOR VEHICLE RAN OFF ROAD - HIT FIXED OBJECT,,0,Clear,Dry,Daylight,,4233009.0,,50,Fixed object,0,0,N
10870,1,-122.31407079999998,47.73213862,13707,27541,27541,1220326,Matched,Block,,NE 143RD ST BETWEEN 12TH AVE NE AND 15TH AVE NE,,,1,Property Damage Only Collision,Parked Car,2,0,0,2,2004/08/23 00:00:00+00,8/23/2004 5:00:00 PM,Driveway Junction,11,"MOTOR VEHICLE STRUCK MOTOR VEHICLE, FRONT END AT ANGLE",,0,Overcast,Dry,Daylight,,4236003.0,,20,One car leaving parked position,0,0,N
10871,2,-122.2952331,47.71927875,13708,27153,27153,1774264,Matched,Intersection,36601.0,LAKE CITY WAY NE AND NE 125TH ST,,,2,Injury Collision,Angles,3,0,0,2,2004/07/31 00:00:00+00,7/31/2004 7:40:00 PM,At Intersection (intersection related),11,"MOTOR VEHICLE STRUCK MOTOR VEHICLE, FRONT END AT ANGLE",,0,Clear,Dry,Daylight,,4213018.0,,10,Entering at angle,0,0,N
10872,1,-122.3858591,47.58119072,13710,27488,27488,1482066,Matched,Block,,SW ADMIRAL WAY BETWEEN 42ND AVE SW AND CALIFORNIA AVE SW,,,1,Property Damage Only Collision,Rear Ended,3,0,0,2,2004/05/30 00:00:00+00,5/30/2004 7:55:00 PM,Mid-Block (but intersection related),14,"MOTOR VEHICLE STRUCK MOTOR VEHICLE, REAR END",Y,0,Clear,Dry,Daylight,,4151009.0,,14,From same direction - both going straight - one stopped - rear-end,0,0,N
10873,2,-122.30090619999999,47.661888299999994,13711,27502,27502,1326834,Matched,Block,,25TH AVE NE BETWEEN NE 44TH ST AND NE 47TH ST,,,2,Injury Collision,Sideswipe,2,0,0,2,2004/06/11 00:00:00+00,6/11/2004 12:44:00 AM,Mid-Block (not related to intersection),16,"MOTOR VEHICLE STRUCK MOTOR VEHICLE, LEFT SIDE SIDESWIPE",,0,Overcast,Dry,Dark - Street Lights On,,4163047.0,,11,From same direction - both going straight - both moving - sideswipe,0,0,N
10874,1,-122.3633104,47.56653812,13712,26648,26648,1790686,Matched,Intersection,32052.0,DELRIDGE WAY SW AND SW DAKOTA ST,,,1,Property Damage Only Collision,Rear Ended,3,0,0,2,2004/09/20 00:00:00+00,9/20/2004 4:27:00 PM,At Intersection (but not related to intersection),14,"MOTOR VEHICLE STRUCK MOTOR VEHICLE, REAR END",,0,Clear,Dry,Daylight,,4264011.0,,13,From same direction - both going straight - both moving - rear-end,0,0,N
10875,1,-122.31211709999998,47.68485998,13714,27520,27520,1794236,Matched,Intersection,24410.0,15TH AVE NE AND NE 77TH ST,,,1,Property Damage Only Collision,Right Turn,5,0,0,2,2004/11/30 00:00:00+00,11/30/2004 8:25:00 AM,At Intersection (intersection related),11,"MOTOR VEHICLE STRUCK MOTOR VEHICLE, FRONT END AT ANGLE",,0,Overcast,Wet,Daylight,,4335003.0,,16,From same direction - one right turn - one straight,0,0,N
10876,2,-122.2846187,47.54396882,13717,27253,27253,1771581,Matched,Intersection,486126.0,M L KING JR WR WAY S AND 38TH AVE S,,,2,Injury Collision,Angles,3,0,0,2,2004/04/13 00:00:00+00,4/13/2004 6:33:00 PM,At Intersection (intersection related),11,"MOTOR VEHICLE STRUCK MOTOR VEHICLE, FRONT END AT ANGLE",,0,Clear,Dry,Daylight,,4104013.0,,10,Entering at angle,0,0,N
10877,2,-122.25589520000001,47.50970544,13719,27093,27093,1779426,Matched,Intersection,38228.0,62ND AVE S AND S RYAN ST,,,2,Injury Collision,Angles,3,0,0,2,2004/01/01 00:00:00+00,1/1/2004,At Intersection (intersection related),11,"MOTOR VEHICLE STRUCK MOTOR VEHICLE, FRONT END AT ANGLE",,0,Snowing,Wet,Daylight,,4001009.0,,10,Entering at angle,0,0,N
10878,1,-122.3226632,47.60494782,13720,28154,28154,1772098,Matched,Block,,TERRY AVE BETWEEN TERRACE ST AND JEFFERSON ST,,,1,Property Damage Only Collision,Parked Car,3,0,0,2,2004/05/17 00:00:00+00,5/17/2004 12:50:00 PM,Mid-Block (not related to intersection),16,"MOTOR VEHICLE STRUCK MOTOR VEHICLE, LEFT SIDE SIDESWIPE",,0,Clear,Dry,Daylight,,4138029.0,,32,One parked--one moving,0,0,N
10879,1,-122.3252858,47.61848764,13721,27340,27340,1789747,Matched,Intersection,29160.0,SUMMIT AVE AND E DENNY WAY,,,1,Property Damage Only Collision,Angles,2,0,0,2,2004/08/29 00:00:00+00,8/29/2004 3:50:00 AM,At Intersection (intersection related),11,"MOTOR VEHICLE STRUCK MOTOR VEHICLE, FRONT END AT ANGLE",,1,Clear,Dry,Dark - Street Lights On,,4242014.0,,10,Entering at angle,0,0,N