,SEVERITYCODE,X,Y,OBJECTID,INCKEY,COLDETKEY,REPORTNO,STATUS,ADDRTYPE,INTKEY,LOCATION,EXCEPTRSNCODE,EXCEPTRSNDESC,SEVERITYCODE.1,SEVERITYDESC,COLLISIONTYPE,PERSONCOUNT,PEDCOUNT,PEDCYLCOUNT,VEHCOUNT,INCDATE,INCDTTM,JUNCTIONTYPE,SDOT_COLCODE,SDOT_COLDESC,INATTENTIONIND,UNDERINFL,WEATHER,ROADCOND,LIGHTCOND,PEDROWNOTGRNT,SDOTCOLNUM,SPEEDING,ST_COLCODE,ST_COLDESC,SEGLANEKEY,CROSSWALKKEY,HITPARKEDCAR
10880,1,-122.36388170000001,47.62586164,13722,28003,28003,880087,Matched,Block,,W ROY ST BETWEEN 5TH AVE W AND DEAD END 1,,,1,Property Damage Only Collision,Parked Car,0,0,0,2,2004/02/18 00:00:00+00,2/18/2004 12:01:00 AM,Mid-Block (not related to intersection),11,"MOTOR VEHICLE STRUCK MOTOR VEHICLE, FRONT END AT ANGLE",,0,Clear,Dry,Dark - Street Lights On,,4049013.0,,32,One parked--one moving,0,0,N
10881,1,,,13723,28065,28065,1069785,Matched,Block,,ALASKAN WY VI NB BETWEEN S ROYAL BROUGHAM WAY ON RP AND SENECA ST OFF RP,,,1,Property Damage Only Collision,Other,3,0,0,1,2004/12/05 00:00:00+00,12/5/2004,Mid-Block (not related to intersection),26,MOTOR VEHICLE STRUCK OBJECT IN ROAD,,0,Raining,Wet,Dark - Street Lights On,,4340003.0,,50,Fixed object,0,0,N
10882,1,-122.39564740000002,47.64908487,13724,26789,26789,1777588,Matched,Block,,30TH AVE W BETWEEN W BARRETT ST AND W GROVER ST,,,1,Property Damage Only Collision,Parked Car,2,0,0,2,2004/12/05 00:00:00+00,12/5/2004,Mid-Block (not related to intersection),13,"MOTOR VEHICLE STRUCK MOTOR VEHICLE, LEFT SIDE AT ANGLE",,0,Raining,Wet,Unknown,,4340036.0,,32,One parked--one moving,0,0,N
10883,2,-122.31579009999999,47.71943437,13726,27241,27241,1218394,Matched,Block,,NE 125TH ST BETWEEN 11TH AVE NE AND 12TH AVE NE,,,2,Injury Collision,Rear Ended,2,0,0,2,2004/03/16 00:00:00+00,3/16/2004 8:30:00 AM,Mid-Block (not related to intersection),14,"MOTOR VEHICLE STRUCK MOTOR VEHICLE, REAR END",Y,0,Clear,Dry,Daylight,,4076014.0,,14,From same direction - both going straight - one stopped - rear-end,0,0,N
10884,1,-122.3547618,47.62326913,13727,27889,27889,1213713,Matched,Block,,REPUBLICAN ST BETWEEN 1ST AVE N AND WARREN AVE N,,,1,Property Damage Only Collision,Parked Car,7,0,0,4,2004/06/06 00:00:00+00,6/6/2004,Mid-Block (not related to intersection),11,"MOTOR VEHICLE STRUCK MOTOR VEHICLE, FRONT END AT ANGLE",,0,Clear,Dry,Daylight,,4158008.0,,20,One car leaving parked position,0,0,N
10885,1,-122.34964029999999,47.61857911,13728,26976,26976,1181398,Matched,Block,,DENNY WAY BETWEEN BROAD ST AND 4TH AVE,,,1,Property Damage Only Collision,Sideswipe,5,0,0,2,2004/09/19 00:00:00+00,9/19/2004 11:21:00 PM,Mid-Block (but intersection related),14,"MOTOR VEHICLE STRUCK MOTOR VEHICLE, REAR END",,0,Clear,Dry,Dark - Street Lights On,,4263019.0,,11,From same direction - both going straight - both moving - sideswipe,0,0,N
10886,1,-122.3203206,47.65751839,13729,27431,27431,1204819,Matched,Block,,NE 42ND ST BETWEEN 7TH AVE NE AND 8TH AVE NE,,,1,Property Damage Only Collision,Parked Car,2,0,0,2,2004/01/07 00:00:00+00,1/7/2004,Mid-Block (not related to intersection),16,"MOTOR VEHICLE STRUCK MOTOR VEHICLE, LEFT SIDE SIDESWIPE",,0,Raining,Wet,Daylight,,4007027.0,,32,One parked--one moving,0,0,N
10887,1,-122.39962949999999,47.63933207,13731,27877,27877,C649654,Matched,Block,,33RD AVE W BETWEEN W LYNN ST AND W MCGRAW ST,,,1,Property Damage Only Collision,Parked Car,2,0,0,2,2004/11/24 00:00:00+00,11/24/2004 11:58:00 AM,Mid-Block (not related to intersection),12,"MOTOR VEHICLE STRUCK MOTOR VEHICLE, RIGHT SIDE AT ANGLE",,0,Overcast,Dry,Daylight,,4329078.0,,32,One parked--one moving,0,0,N
10888,1,-122.33327309999999,47.51867269,13732,26517,26517,1797903,Matched,Block,,MYERS WAY S BETWEEN OLSON PL SW AND CITY LIMITS,,,1,Property Damage Only Collision,Rear Ended,2,0,0,2,2004/07/26 00:00:00+00,7/26/2004 5:00:00 PM,Mid-Block (not related to intersection),14,"MOTOR VEHICLE STRUCK MOTOR VEHICLE, REAR END",Y,0,Clear,Dry,Daylight,,4208006.0,,14,From same direction - both going straight - one stopped - rear-end,0,0,N
10889,1,-122.316773,47.62196577,13733,27575,27575,1772286,Matched,Intersection,29028.0,12TH AVE E AND E HARRISON ST,,,1,Property Damage Only Collision,Angles,3,0,0,2,2004/04/26 00:00:00+00,4/26/2004 8:52:00 AM,At Intersection (intersection related),11,"MOTOR VEHICLE STRUCK MOTOR VEHICLE, FRONT END AT ANGLE",,0,Clear,Dry,Daylight,,4117006.0,,10,Entering at angle,0,0,N
10890,2,-122.3423817,47.62088839,13734,27690,27690,1333834,Matched,Intersection,28788.0,DEXTER AVE N AND THOMAS ST,,,2,Injury Collision,Angles,2,0,0,2,2004/01/16 00:00:00+00,1/16/2004 12:06:00 PM,At Intersection (intersection related),11,"MOTOR VEHICLE STRUCK MOTOR VEHICLE, FRONT END AT ANGLE",,0,Clear,Dry,Daylight,,4016012.0,,10,Entering at angle,0,0,N
10891,1,-122.33582709999999,47.62454275,13735,27767,27767,1778042,Matched,Intersection,28762.0,BOREN AVE N AND MERCER SR ST,,,1,Property Damage Only Collision,Rear Ended,4,0,0,2,2004/03/13 00:00:00+00,3/13/2004 4:29:00 PM,At Intersection (but not related to intersection),14,"MOTOR VEHICLE STRUCK MOTOR VEHICLE, REAR END",Y,0,Clear,Dry,Daylight,,4073019.0,,14,From same direction - both going straight - one stopped - rear-end,0,0,N
10892,1,-122.31547069999999,47.60619746,13736,27269,27269,1787045,Matched,Intersection,29807.0,13TH AVE AND E JEFFERSON ST,,,1,Property Damage Only Collision,Parked Car,2,0,0,2,2004/01/18 00:00:00+00,1/18/2004 2:35:00 AM,At Intersection (intersection related),11,"MOTOR VEHICLE STRUCK MOTOR VEHICLE, FRONT END AT ANGLE",,0,Raining,Wet,Dark - No Street Lights,,4018017.0,,20,One car leaving parked position,0,0,N
10893,1,-122.3554527,47.70508354,13738,26821,26821,C649699,Matched,Intersection,36419.0,GREENWOOD AVE N AND HOLMAN RD N,,,1,Property Damage Only Collision,Left Turn,2,0,0,2,2004/12/02 00:00:00+00,12/2/2004,At Intersection (intersection related),11,"MOTOR VEHICLE STRUCK MOTOR VEHICLE, FRONT END AT ANGLE",,0,Overcast,Dry,Dark - Street Lights On,,4337031.0,,15,From same direction - one left turn - one straight,0,0,N
10894,1,-122.345983,47.65174869,13739,27562,27562,1226519,Matched,Block,,WHITMAN AVE N BETWEEN N 36TH ST AND N 38TH ST,,,1,Property Damage Only Collision,Parked Car,3,0,0,2,2004/07/11 00:00:00+00,7/11/2004 9:26:00 AM,Mid-Block (not related to intersection),15,"MOTOR VEHICLE STRUCK MOTOR VEHICLE, RIGHT SIDE SIDESWIPE",Y,0,Clear,Dry,Daylight,,4193009.0,,32,One parked--one moving,0,0,N
10895,1,-122.36095970000001,47.54122048,13740,27614,27614,1317221,Matched,Block,,DELRIDGE WAY SW BETWEEN SW WILLOW ST AND CROFT PL SW,,,1,Property Damage Only Collision,Parked Car,2,0,0,2,2004/03/21 00:00:00+00,3/21/2004 1:31:00 AM,Mid-Block (not related to intersection),14,"MOTOR VEHICLE STRUCK MOTOR VEHICLE, REAR END",Y,0,Clear,Dry,Dark - Street Lights On,,4081019.0,,32,One parked--one moving,0,0,N
10896,1,-122.36187959999998,47.70513029,13741,27709,27709,1211941,Matched,Block,,NW 105TH ST BETWEEN 3RD AVE NW AND DEAD END 1,,,1,Property Damage Only Collision,Other,1,0,0,1,2004/04/23 00:00:00+00,4/23/2004 9:14:00 PM,Mid-Block (not related to intersection),28,MOTOR VEHICLE RAN OFF ROAD - HIT FIXED OBJECT,,0,Overcast,Wet,Dark - No Street Lights,,4114007.0,,50,Fixed object,0,0,N
10897,2,-122.32803179999999,47.57151955,13742,26643,26643,1790331,Matched,Block,,WEST SEATTLE BR EB BETWEEN W SEATTLE BR - I5 SB RP AND W SEA BR EB 4 AV OFF RP,,,2,Injury Collision,Rear Ended,8,0,0,4,2004/04/01 00:00:00+00,4/1/2004,Mid-Block (not related to intersection),14,"MOTOR VEHICLE STRUCK MOTOR VEHICLE, REAR END",,0,Overcast,Dry,Daylight,,4092008.0,,14,From same direction - both going straight - one stopped - rear-end,0,0,N
10898,2,-122.3290808,47.69034175,13743,27383,27383,1773989,Matched,Block,,BANNER WAY NE BETWEEN NE 85TH ST OFF RP AND CORLISS WAY N,,,2,Injury Collision,Other,1,0,0,1,2004/06/06 00:00:00+00,6/6/2004,Mid-Block (not related to intersection),28,MOTOR VEHICLE RAN OFF ROAD - HIT FIXED OBJECT,Y,0,Clear,Wet,Daylight,,4158001.0,,50,Fixed object,0,0,N
10899,2,-122.3368909,47.60540829,13744,27684,27684,1482308,Matched,Intersection,29615.0,1ST AVE AND SPRING ST,,,2,Injury Collision,Angles,2,0,0,2,2004/03/30 00:00:00+00,3/30/2004 9:07:00 AM,At Intersection (intersection related),11,"MOTOR VEHICLE STRUCK MOTOR VEHICLE, FRONT END AT ANGLE",,0,Overcast,Dry,Daylight,,4090022.0,,10,Entering at angle,0,0,N
10900,1,-122.3444844,47.68277237,13745,27909,27909,1325848,Matched,Intersection,24312.0,AURORA AVE N AND WINONA AVE N,,,1,Property Damage Only Collision,Left Turn,2,0,0,2,2004/04/09 00:00:00+00,4/9/2004,At Intersection (intersection related),11,"MOTOR VEHICLE STRUCK MOTOR VEHICLE, FRONT END AT ANGLE",,0,Clear,Dry,Dark - Street Lights On,,4100008.0,,28,From opposite direction - one left turn - one straight,0,0,N
10901,1,-122.36739140000002,47.67526712,13746,27118,27118,1794290,Matched,Block,,NW 64TH ST BETWEEN 8TH AVE NW AND 9TH AVE NW,,,1,Property Damage Only Collision,Other,1,0,0,1,2004/06/05 00:00:00+00,6/5/2004,Mid-Block (but intersection related),28,MOTOR VEHICLE RAN OFF ROAD - HIT FIXED OBJECT,,0,Overcast,Wet,Daylight,,4157014.0,,50,Fixed object,0,0,N
10902,2,-122.3039453,47.68122906,13747,27570,27570,1794654,Matched,Intersection,24770.0,RAVENNA AVE NE AND NE 73RD ST,,,2,Injury Collision,Angles,2,0,0,2,2004/11/15 00:00:00+00,11/15/2004 12:17:00 PM,At Intersection (intersection related),11,"MOTOR VEHICLE STRUCK MOTOR VEHICLE, FRONT END AT ANGLE",,0,Raining,Wet,Daylight,,4320025.0,,10,Entering at angle,0,0,N
10903,1,-122.2875459,47.56175885,13748,28182,28182,1325997,Matched,Block,,RAINIER AVE S BETWEEN S OREGON ST AND S ALASKA ST,,,1,Property Damage Only Collision,Sideswipe,2,0,0,2,2004/07/19 00:00:00+00,7/19/2004 12:23:00 AM,Mid-Block (not related to intersection),11,"MOTOR VEHICLE STRUCK MOTOR VEHICLE, FRONT END AT ANGLE",,0,Clear,Dry,Dark - Street Lights On,,4201031.0,,11,From same direction - both going straight - both moving - sideswipe,0,0,N
10904,1,-122.32701580000001,47.59919385,13749,26954,26954,1777253,Matched,Block,,S JACKSON ST BETWEEN 5TH AVE S AND 6TH AVE S,,,1,Property Damage Only Collision,Sideswipe,4,0,0,2,2004/01/14 00:00:00+00,1/14/2004 4:55:00 PM,Mid-Block (not related to intersection),11,"MOTOR VEHICLE STRUCK MOTOR VEHICLE, FRONT END AT ANGLE",,0,Raining,Wet,Dark - Street Lights On,,4014049.0,,11,From same direction - both going straight - both moving - sideswipe,0,0,N
10905,1,-122.38676059999999,47.57562625,13751,27701,27701,1798352,Matched,Intersection,31823.0,CALIFORNIA AVE SW AND SW HANFORD ST,,,1,Property Damage Only Collision,Left Turn,2,0,0,2,2004/05/22 00:00:00+00,5/22/2004 7:24:00 AM,At Intersection (intersection related),11,"MOTOR VEHICLE STRUCK MOTOR VEHICLE, FRONT END AT ANGLE",,0,Raining,Wet,Daylight,,4143037.0,,28,From opposite direction - one left turn - one straight,0,0,N
10906,2,-122.34175259999998,47.61173309,13752,27081,27081,1777463,Matched,Intersection,29562.0,2ND AVE AND VIRGINIA ST,,,2,Injury Collision,Angles,4,0,0,3,2004/02/17 00:00:00+00,2/17/2004 6:29:00 PM,At Intersection (intersection related),11,"MOTOR VEHICLE STRUCK MOTOR VEHICLE, FRONT END AT ANGLE",,0,Overcast,Dry,Dark - Street Lights On,,4048016.0,,10,Entering at angle,0,0,N
10907,1,-122.3373936,47.61266535,13753,27317,27317,1777459,Matched,Intersection,29567.0,5TH AVE AND OLIVE WAY,,,1,Property Damage Only Collision,Left Turn,2,0,0,2,2004/01/14 00:00:00+00,1/14/2004 5:11:00 PM,At Intersection (intersection related),11,"MOTOR VEHICLE STRUCK MOTOR VEHICLE, FRONT END AT ANGLE",,0,Raining,Wet,Dark - Street Lights On,,4014048.0,,15,From same direction - one left turn - one straight,0,0,N
10908,1,-122.3348277,47.60004523,13754,27389,27389,1785084,Matched,Block,,S MAIN ST BETWEEN ALASKAN E RDWY WAY S AND 1ST AVE S,,,1,Property Damage Only Collision,Other,8,0,0,1,2004/09/29 00:00:00+00,9/29/2004 1:52:00 PM,Mid-Block (but intersection related),28,MOTOR VEHICLE RAN OFF ROAD - HIT FIXED OBJECT,,0,Clear,Dry,Daylight,,4273020.0,,50,Fixed object,0,0,N
10909,1,-122.30309550000001,47.71298306,13755,27750,27750,1329264,Matched,Block,,24TH AVE NE BETWEEN NE 115TH ST AND NE 117TH W ST,,,1,Property Damage Only Collision,Parked Car,2,0,0,2,2004/03/28 00:00:00+00,3/28/2004 9:47:00 AM,Mid-Block (not related to intersection),15,"MOTOR VEHICLE STRUCK MOTOR VEHICLE, RIGHT SIDE SIDESWIPE",,0,Clear,Dry,Daylight,,4088025.0,,32,One parked--one moving,0,0,N
10910,1,-122.29854540000001,47.67489482,13757,27645,27645,1080095,Matched,Block,,27TH AVE NE BETWEEN NE 62ND ST AND NE 65TH ST,,,1,Property Damage Only Collision,Parked Car,2,0,0,2,2004/10/05 00:00:00+00,10/5/2004,Mid-Block (not related to intersection),12,"MOTOR VEHICLE STRUCK MOTOR VEHICLE, RIGHT SIDE AT ANGLE",,0,Clear,Dry,Dark - Street Lights On,,4279027.0,,32,One parked--one moving,0,0,N
10911,1,-122.30547759999999,47.59925977,13758,27229,27229,1799268,Matched,Block,,S JACKSON ST BETWEEN 20TH AVE S AND 20TH PL S,,,1,Property Damage Only Collision,Parked Car,3,0,0,2,2004/12/13 00:00:00+00,12/13/2004 10:41:00 AM,Mid-Block (but intersection related),16,"MOTOR VEHICLE STRUCK MOTOR VEHICLE, LEFT SIDE SIDESWIPE",,0,Raining,Wet,Daylight,,4348034.0,,32,One parked--one moving,0,0,N
10912,2,-122.3443534,47.61327122,13759,27887,27887,1213606,Matched,Intersection,29559.0,2ND AVE AND BLANCHARD ST,,,2,Injury Collision,Cycles,2,0,1,1,2004/05/13 00:00:00+00,5/13/2004 7:27:00 PM,At Intersection (intersection related),18,"MOTOR VEHICLE STRUCK PEDALCYCLIST, FRONT END AT ANGLE",,0,Clear,Dry,Daylight,,4134003.0,,45,Vehicle - Pedalcyclist,0,0,N
10913,1,-122.32353229999998,47.72840383,13760,27337,27337,1774700,Matched,Block,,5TH AVE NE BETWEEN NE 131ST PL AND 145TH ST OFF RP,,,1,Property Damage Only Collision,Rear Ended,2,0,0,2,2004/05/06 00:00:00+00,5/6/2004,Mid-Block (not related to intersection),14,"MOTOR VEHICLE STRUCK MOTOR VEHICLE, REAR END",Y,0,Clear,Dry,Daylight,,4127021.0,,14,From same direction - both going straight - one stopped - rear-end,0,0,N
10914,2,-122.38726470000002,47.54032784,13761,28139,28139,1481998,Matched,Block,,CALIFORNIA AVE SW BETWEEN SW FRONTENAC ST AND SW MYRTLE ST,,,2,Injury Collision,Parked Car,2,0,0,2,2004/03/22 00:00:00+00,3/22/2004 5:30:00 PM,Mid-Block (not related to intersection),11,"MOTOR VEHICLE STRUCK MOTOR VEHICLE, FRONT END AT ANGLE",,0,Clear,Dry,Daylight,,4082017.0,,20,One car leaving parked position,0,0,N
10915,1,-122.2986092,47.54632636,13762,27406,27406,C631700,Matched,Block,,S GRAHAM ST BETWEEN BEACON ER AVE S AND 28TH AVE S,,,1,Property Damage Only Collision,Rear Ended,2,0,0,2,2004/05/02 00:00:00+00,5/2/2004,Mid-Block (but intersection related),14,"MOTOR VEHICLE STRUCK MOTOR VEHICLE, REAR END",,0,Clear,Dry,Daylight,,4123026.0,,14,From same direction - both going straight - one stopped - rear-end,0,0,N
10916,1,-122.34737240000001,47.61271039,13763,27455,27455,C629717,Matched,Intersection,29704.0,BELL ST AND WESTERN AVE,,,1,Property Damage Only Collision,Sideswipe,2,0,0,2,2004/03/11 00:00:00+00,3/11/2004 9:10:00 AM,At Intersection (intersection related),11,"MOTOR VEHICLE STRUCK MOTOR VEHICLE, FRONT END AT ANGLE",,0,Clear,Dry,Daylight,,4071040.0,,71,Same direction -- both turning right -- both moving -- sideswipe,0,0,N
10917,1,-122.33799540000001,47.60829217,13764,28184,28184,1326722,Matched,Intersection,29600.0,2ND AVE AND UNION ST,,,1,Property Damage Only Collision,Angles,2,0,0,2,2004/01/28 00:00:00+00,1/28/2004 3:41:00 PM,At Intersection (intersection related),11,"MOTOR VEHICLE STRUCK MOTOR VEHICLE, FRONT END AT ANGLE",,0,Raining,Wet,Daylight,,4028009.0,,10,Entering at angle,0,0,N
10918,1,-122.28730700000001,47.57742801,13765,26537,26537,1784456,Matched,Block,,MOUNT RAINIER DR S BETWEEN S MCCLELLAN ST AND S RIDGEWAY PL,,,1,Property Damage Only Collision,Parked Car,2,0,0,2,2004/10/05 00:00:00+00,10/5/2004,Mid-Block (not related to intersection),13,"MOTOR VEHICLE STRUCK MOTOR VEHICLE, LEFT SIDE AT ANGLE",,0,Clear,Dry,Daylight,,4279023.0,,32,One parked--one moving,0,0,N
10919,2,-122.3248284,47.67902786,13767,27217,27217,1780543,Matched,Intersection,24611.0,WOODLAWN AVE NE AND NE RAVENNA WB BV,,,2,Injury Collision,Pedestrian,2,1,0,1,2004/04/11 00:00:00+00,4/11/2004 4:45:00 PM,At Intersection (intersection related),24,MOTOR VEHCILE STRUCK PEDESTRIAN,,0,Clear,Dry,Daylight,Y,4102020.0,,0,Vehicle going straight hits pedestrian,0,0,N
10920,1,-122.35803059999999,47.62269601,13772,27286,27286,1785054,Matched,Block,,1ST AVE W BETWEEN W HARRISON ST AND W REPUBLICAN ST,,,1,Property Damage Only Collision,Rear Ended,2,0,0,2,2004/10/05 00:00:00+00,10/5/2004,Mid-Block (but intersection related),14,"MOTOR VEHICLE STRUCK MOTOR VEHICLE, REAR END",,0,Raining,Wet,Dark - Street Lights On,,4279022.0,,14,From same direction - both going straight - one stopped - rear-end,0,0,N
10921,1,-122.3074092,47.61673276,13773,27371,27371,1795828,Matched,Intersection,30125.0,19TH AVE AND E MADISON ST,,,1,Property Damage Only Collision,Angles,2,0,0,2,2004/09/23 00:00:00+00,9/23/2004 7:34:00 AM,At Intersection (intersection related),11,"MOTOR VEHICLE STRUCK MOTOR VEHICLE, FRONT END AT ANGLE",,0,Raining,Wet,Daylight,,4267017.0,,10,Entering at angle,0,0,N
10922,2,-122.2972209,47.60005362,13774,28152,28152,1772059,Matched,Block,,M L KING JR WAY S BETWEEN S WASHINGTON ST AND S JACKSON ST,,,2,Injury Collision,Rear Ended,4,0,0,2,2004/03/25 00:00:00+00,3/25/2004 4:14:00 PM,Mid-Block (not related to intersection),14,"MOTOR VEHICLE STRUCK MOTOR VEHICLE, REAR END",,0,Raining,Wet,Daylight,,4085040.0,,14,From same direction - both going straight - one stopped - rear-end,0,0,N
10923,1,-122.33799540000001,47.60829217,13775,27333,27333,1214128,Matched,Intersection,29600.0,2ND AVE AND UNION ST,,,1,Property Damage Only Collision,Angles,4,0,0,2,2004/05/25 00:00:00+00,5/25/2004 6:04:00 PM,At Intersection (intersection related),11,"MOTOR VEHICLE STRUCK MOTOR VEHICLE, FRONT END AT ANGLE",,0,Raining,Wet,Daylight,,4146008.0,,10,Entering at angle,0,0,N
10924,2,-122.34449009999999,47.68440152,13776,27848,27848,1794128,Matched,Block,,AURORA AVE N BETWEEN N 76TH ST AND N 77TH ST,,,2,Injury Collision,Rear Ended,7,0,0,3,2004/07/24 00:00:00+00,7/24/2004 12:28:00 PM,Mid-Block (not related to intersection),14,"MOTOR VEHICLE STRUCK MOTOR VEHICLE, REAR END",Y,0,Clear,Dry,Daylight,,4206025.0,,14,From same direction - both going straight - one stopped - rear-end,0,0,N
10925,1,-122.3445606,47.69382203,13778,27169,27169,1780306,Matched,Block,,AURORA AVE N BETWEEN N 89TH ST AND N 90TH ST,,,1,Property Damage Only Collision,Rear Ended,2,0,0,2,2004/10/30 00:00:00+00,10/30/2004 10:45:00 PM,Mid-Block (but intersection related),14,"MOTOR VEHICLE STRUCK MOTOR VEHICLE, REAR END",,0,Raining,Wet,Dark - Street Lights On,,4304016.0,,13,From same direction - both going straight - both moving - rear-end,0,0,N
10926,2,-122.3580593,47.61902281,13780,27739,27739,1316823,Matched,Intersection,28665.0,1ST AVE W AND WESTERN AVE W,,,2,Injury Collision,Pedestrian,2,1,0,1,2004/02/08 00:00:00+00,2/8/2004,At Intersection (intersection related),24,MOTOR VEHCILE STRUCK PEDESTRIAN,,0,Overcast,Wet,Daylight,Y,4039006.0,,0,Vehicle going straight hits pedestrian,0,0,N
10927,1,-122.35054709999999,47.64651581,13781,26677,26677,1783291,Matched,Block,,NICKERSON ST BETWEEN FLORENTIA ST AND WESTLAKE AVE N,,,1,Property Damage Only Collision,Sideswipe,2,0,0,2,2004/10/28 00:00:00+00,10/28/2004 4:10:00 PM,Mid-Block (not related to intersection),16,"MOTOR VEHICLE STRUCK MOTOR VEHICLE, LEFT SIDE SIDESWIPE",,0,Raining,Wet,Daylight,,4302051.0,,11,From same direction - both going straight - both moving - sideswipe,0,0,N
10928,1,-122.32571850000001,47.65377768,13783,27360,27360,1781916,Matched,Intersection,27254.0,LATONA AVE NE AND NE NORTHLAKE WAY,,,1,Property Damage Only Collision,Left Turn,3,0,0,2,2004/08/19 00:00:00+00,8/19/2004 1:10:00 PM,At Intersection (intersection related),11,"MOTOR VEHICLE STRUCK MOTOR VEHICLE, FRONT END AT ANGLE",,0,Clear,Dry,Daylight,,4232017.0,,28,From opposite direction - one left turn - one straight,0,0,N
10929,1,-122.3861122,47.56470179,13784,28197,28197,1790210,Matched,Block,,SW GENESEE ST BETWEEN 42ND AVE SW AND CALIFORNIA AVE SW,,,1,Property Damage Only Collision,Parked Car,2,0,0,2,2004/09/08 00:00:00+00,9/8/2004,Mid-Block (not related to intersection),11,"MOTOR VEHICLE STRUCK MOTOR VEHICLE, FRONT END AT ANGLE",,0,Clear,Dry,Daylight,,4252026.0,,32,One parked--one moving,0,0,N
10930,1,-122.28710339999999,47.51185667,13786,27183,27183,1787446,Matched,Block,,AIRPORT WAY S BETWEEN S NORFOLK ST AND CITY LIMITS S,,,1,Property Damage Only Collision,Other,1,0,0,1,2004/01/02 00:00:00+00,1/2/2004,Mid-Block (not related to intersection),28,MOTOR VEHICLE RAN OFF ROAD - HIT FIXED OBJECT,,0,Overcast,Ice,Daylight,,4002068.0,,43,Railway Vehicle Strikes Pedalcyclist,0,0,N
10931,1,-122.2769409,47.52611905,13787,27982,27982,1779250,Matched,Intersection,35253.0,RENTON AVE S AND S CLOVERDALE ST,,,1,Property Damage Only Collision,Left Turn,3,0,0,2,2004/07/30 00:00:00+00,7/30/2004 10:30:00 PM,At Intersection (intersection related),11,"MOTOR VEHICLE STRUCK MOTOR VEHICLE, FRONT END AT ANGLE",,0,Clear,Dry,Dark - Street Lights On,,4212016.0,,28,From opposite direction - one left turn - one straight,0,0,N
10932,2,-122.31613,47.60556447,13788,28056,28056,1211592,Matched,Block,,E REMINGTON CT BETWEEN 12TH AVE AND 13TH AVE,,,2,Injury Collision,Pedestrian,2,1,0,1,2004/10/03 00:00:00+00,10/3/2004,Mid-Block (not related to intersection),24,MOTOR VEHCILE STRUCK PEDESTRIAN,Y,0,Clear,Dry,Daylight,,4277007.0,,0,Vehicle going straight hits pedestrian,0,0,N
10933,1,-122.31597509999999,47.54858799,13789,27267,27267,1789040,Matched,Intersection,33127.0,13TH AVE S AND AIRPORT WAY S,,,1,Property Damage Only Collision,Angles,2,0,0,2,2004/06/15 00:00:00+00,6/15/2004 5:47:00 AM,At Intersection (intersection related),11,"MOTOR VEHICLE STRUCK MOTOR VEHICLE, FRONT END AT ANGLE",,0,Clear,Dry,Daylight,,4167021.0,,10,Entering at angle,0,0,N
10934,1,-122.3081275,47.61643328,13790,27159,27159,1180724,Matched,Block,,E MADISON ST BETWEEN 18TH AVE AND 19TH AVE,,,1,Property Damage Only Collision,Other,1,0,0,1,2004/01/15 00:00:00+00,1/15/2004 2:00:00 AM,Mid-Block (not related to intersection),28,MOTOR VEHICLE RAN OFF ROAD - HIT FIXED OBJECT,,1,Raining,Dry,Dark - Street Lights On,,4015009.0,,50,Fixed object,0,0,N
10935,2,-122.3052797,47.64935233,13792,27351,27351,1780790,Matched,Block,,NE PACIFIC ST BETWEEN UNIV HOSPITAL DR AND MONTLAKE BLVD NE,,,2,Injury Collision,Other,5,0,0,2,2004/04/28 00:00:00+00,4/28/2004 2:20:00 PM,Driveway Junction,11,"MOTOR VEHICLE STRUCK MOTOR VEHICLE, FRONT END AT ANGLE",,0,Clear,Dry,Daylight,,4119029.0,,21,One car entering driveway access,0,0,N
10936,1,-122.292998,47.58326461,13793,27712,27712,1773304,Matched,Block,,31ST AVE S BETWEEN S WALKER ST AND S COLLEGE N ST,,,1,Property Damage Only Collision,Other,1,0,0,1,2004/09/09 00:00:00+00,9/9/2004,Mid-Block (but intersection related),28,MOTOR VEHICLE RAN OFF ROAD - HIT FIXED OBJECT,,0,Clear,Dry,Daylight,,4253023.0,,50,Fixed object,0,0,N
10937,2,-122.30075819999999,47.68304743,13795,27517,27517,1793982,Matched,Intersection,24661.0,25TH AVE NE AND NE 75TH ST,,,2,Injury Collision,Left Turn,2,0,0,2,2004/10/22 00:00:00+00,10/22/2004 9:12:00 AM,At Intersection (intersection related),11,"MOTOR VEHICLE STRUCK MOTOR VEHICLE, FRONT END AT ANGLE",,0,Overcast,Dry,Daylight,,4296028.0,,28,From opposite direction - one left turn - one straight,0,0,N
10938,1,-122.37359009999999,47.66715954,13796,27972,27972,1773391,Matched,Intersection,25427.0,14TH AVE NW AND NW 53RD ST,,,1,Property Damage Only Collision,Angles,3,0,0,2,2004/05/05 00:00:00+00,5/5/2004,At Intersection (intersection related),11,"MOTOR VEHICLE STRUCK MOTOR VEHICLE, FRONT END AT ANGLE",,0,Clear,Dry,Daylight,,4126017.0,,10,Entering at angle,0,0,N
10939,1,-122.301676,47.6287207,13797,28162,28162,1789873,Matched,Block,,24TH AVE E BETWEEN TURNER WAY E AND E PROSPECT ST,,,1,Property Damage Only Collision,Parked Car,2,0,0,2,2004/06/07 00:00:00+00,6/7/2004,Mid-Block (not related to intersection),28,MOTOR VEHICLE RAN OFF ROAD - HIT FIXED OBJECT,Y,0,Raining,Dry,Daylight,,4159026.0,,32,One parked--one moving,0,0,N