,SEVERITYCODE,X,Y,OBJECTID,INCKEY,COLDETKEY,REPORTNO,STATUS,ADDRTYPE,INTKEY,LOCATION,EXCEPTRSNCODE,EXCEPTRSNDESC,SEVERITYCODE.1,SEVERITYDESC,COLLISIONTYPE,PERSONCOUNT,PEDCOUNT,PEDCYLCOUNT,VEHCOUNT,INCDATE,INCDTTM,JUNCTIONTYPE,SDOT_COLCODE,SDOT_COLDESC,INATTENTIONIND,UNDERINFL,WEATHER,ROADCOND,LIGHTCOND,PEDROWNOTGRNT,SDOTCOLNUM,SPEEDING,ST_COLCODE,ST_COLDESC,SEGLANEKEY,CROSSWALKKEY,HITPARKEDCAR
10940,1,-122.37676110000001,47.67682047,13800,28027,28027,1212208,Matched,Block,,15TH AVE NW BETWEEN NW 65TH ST AND NW 67TH ST,,,1,Property Damage Only Collision,Rear Ended,5,0,0,2,2004/01/14 00:00:00+00,1/14/2004 8:17:00 PM,Mid-Block (but intersection related),14,"MOTOR VEHICLE STRUCK MOTOR VEHICLE, REAR END",,0,Raining,Wet,Dark - Street Lights On,,4014031.0,Y,14,From same direction - both going straight - one stopped - rear-end,0,0,N
10941,1,-122.3208265,47.61698594,13801,26811,26811,1326996,Matched,Block,,BROADWAY BETWEEN XW E OLIVE ST AND E HOWELL ST,,,1,Property Damage Only Collision,Sideswipe,2,0,0,2,2004/06/10 00:00:00+00,6/10/2004 9:25:00 AM,Mid-Block (not related to intersection),14,"MOTOR VEHICLE STRUCK MOTOR VEHICLE, REAR END",,0,Raining,Wet,Daylight,,4162040.0,,12,From same direction - both going straight - one stopped - sideswipe,0,0,N
10942,1,-122.3144186,47.65622545,13802,27345,27345,1773531,Matched,Intersection,27141.0,BROOKLYN AVE NE AND NE CAMPUS WB PY,,,1,Property Damage Only Collision,Angles,3,0,0,2,2004/02/18 00:00:00+00,2/18/2004 7:10:00 PM,At Intersection (intersection related),11,"MOTOR VEHICLE STRUCK MOTOR VEHICLE, FRONT END AT ANGLE",,0,Overcast,Dry,Dark - Street Lights On,,4049018.0,,10,Entering at angle,0,0,N
10943,1,-122.2879241,47.69453623,13803,27858,27858,1774012,Matched,Intersection,37928.0,38TH AVE NE AND NE 91ST ST,,,1,Property Damage Only Collision,Angles,2,0,0,2,2004/03/13 00:00:00+00,3/13/2004 5:36:00 PM,At Intersection (intersection related),11,"MOTOR VEHICLE STRUCK MOTOR VEHICLE, FRONT END AT ANGLE",,0,Clear,Dry,Daylight,,4073016.0,,10,Entering at angle,0,0,N
10944,2,-122.3409034,47.61416338,13804,26636,26636,1777983,Matched,Block,,LENORA ST BETWEEN 4TH AVE AND 5TH AVE,,,2,Injury Collision,Right Turn,2,0,0,2,2004/04/07 00:00:00+00,4/7/2004,Driveway Junction,11,"MOTOR VEHICLE STRUCK MOTOR VEHICLE, FRONT END AT ANGLE",Y,0,Clear,Dry,Daylight,,4098005.0,,16,From same direction - one right turn - one straight,0,0,N
10945,1,-122.3149104,47.52644089,13805,27466,27466,1781376,Matched,Intersection,35097.0,14TH AVE S AND S CLOVERDALE ST,,,1,Property Damage Only Collision,Sideswipe,5,0,0,2,2004/05/20 00:00:00+00,5/20/2004 9:15:00 AM,At Intersection (intersection related),11,"MOTOR VEHICLE STRUCK MOTOR VEHICLE, FRONT END AT ANGLE",Y,0,Clear,Dry,Daylight,,4141009.0,,81,Same direction -- both turning left -- both moving -- sideswipe,0,0,N
10946,2,-122.33755159999998,47.58937381,13807,27908,27908,1321787,Matched,Block,,ALASKAN WY VI NB BETWEEN S HOLGATE ST AND SR99 REPUBLICAN OFF RP,,,2,Injury Collision,Sideswipe,2,0,0,2,2004/08/22 00:00:00+00,8/22/2004 2:00:00 AM,Mid-Block (not related to intersection),16,"MOTOR VEHICLE STRUCK MOTOR VEHICLE, LEFT SIDE SIDESWIPE",,0,Raining,Wet,Dark - Street Lights On,,4235007.0,,11,From same direction - both going straight - both moving - sideswipe,0,0,N
10947,2,-122.3452133,47.61260646,13808,26831,26831,1328706,Matched,Intersection,29703.0,1ST AVE AND BLANCHARD ST,,,2,Injury Collision,Left Turn,3,0,0,2,2004/08/22 00:00:00+00,8/22/2004 2:47:00 AM,At Intersection (intersection related),11,"MOTOR VEHICLE STRUCK MOTOR VEHICLE, FRONT END AT ANGLE",,0,Raining,Wet,Dark - Street Lights On,,4235039.0,,28,From opposite direction - one left turn - one straight,0,0,N
10948,1,-122.40935659999998,47.57861828,13810,27092,27092,1481912,Matched,Block,,60TH AVE SW BETWEEN ALKI AVE SW AND SW STEVENS ST,,,1,Property Damage Only Collision,Parked Car,2,0,0,2,2004/01/24 00:00:00+00,1/24/2004 10:47:00 AM,Mid-Block (not related to intersection),13,"MOTOR VEHICLE STRUCK MOTOR VEHICLE, LEFT SIDE AT ANGLE",,0,Raining,Wet,Daylight,,4024030.0,,32,One parked--one moving,0,0,N
10949,1,-122.3734868,47.56755221,13811,27871,27871,1790494,Matched,Block,,WEST SEATTLE BR WB BETWEEN POINT A AND 35TH AVE SW,,,1,Property Damage Only Collision,Other,1,0,0,1,2004/10/17 00:00:00+00,10/17/2004 10:43:00 AM,Mid-Block (not related to intersection),26,MOTOR VEHICLE STRUCK OBJECT IN ROAD,,0,Raining,Wet,Daylight,,4291007.0,Y,50,Fixed object,0,0,N
10950,1,-122.3868564,47.55841117,13812,27338,27338,1774861,Matched,Block,,CALIFORNIA AVE SW BETWEEN ERSKINE WAY SW AND SW HUDSON ST,,,1,Property Damage Only Collision,Parked Car,2,0,0,2,2004/02/06 00:00:00+00,2/6/2004,Mid-Block (not related to intersection),16,"MOTOR VEHICLE STRUCK MOTOR VEHICLE, LEFT SIDE SIDESWIPE",,0,Clear,Wet,Dark - Street Lights On,,4037018.0,,32,One parked--one moving,0,0,N
10951,1,-122.40180159999998,47.68904446,13813,28134,28134,1079740,Matched,Block,,SEAVIEW PL NW BETWEEN SEAVIEW AVE NW AND GOLDEN GARDENS DR NW,,,1,Property Damage Only Collision,Other,2,0,0,1,2004/08/21 00:00:00+00,8/21/2004 3:34:00 PM,Mid-Block (not related to intersection),26,MOTOR VEHICLE STRUCK OBJECT IN ROAD,Y,0,Raining,Dry,Daylight,,4234009.0,,50,Fixed object,0,0,N
10952,2,-122.3295821,47.60747976,13814,27411,27411,1216703,Matched,Intersection,29935.0,7TH AVE AND MADISON ST,,,2,Injury Collision,Angles,3,0,0,2,2004/06/24 00:00:00+00,6/24/2004 3:06:00 PM,At Intersection (intersection related),11,"MOTOR VEHICLE STRUCK MOTOR VEHICLE, FRONT END AT ANGLE",,0,Clear,Dry,Daylight,,4176009.0,,10,Entering at angle,0,0,N
10953,2,-122.3340608,47.61405656,13815,27458,27458,1213323,Matched,Intersection,29869.0,HOWELL ST AND OLIVE WAY,,,2,Injury Collision,Left Turn,3,0,0,2,2004/02/22 00:00:00+00,2/22/2004 8:04:00 PM,At Intersection (intersection related),11,"MOTOR VEHICLE STRUCK MOTOR VEHICLE, FRONT END AT ANGLE",,0,Clear,Dry,Dark - Street Lights On,,4053019.0,Y,15,From same direction - one left turn - one straight,0,0,N
10954,2,-122.3540534,47.69978973,13816,27897,27897,1775489,Matched,Block,,PHINNEY AVE N BETWEEN N 97TH ST AND N GREENWOOD CIR,,,2,Injury Collision,Other,3,0,0,2,2004/06/26 00:00:00+00,6/26/2004 8:55:00 PM,Mid-Block (but intersection related),27,MOTOR VEHICLE RAN OFF ROAD - NO COLLISION,,0,Unknown,Dry,Unknown,,4178014.0,,51,Other object,0,0,N
10955,1,-122.3562179,47.71960564,13817,26824,26824,1781837,Matched,Block,,N 125TH ST BETWEEN PALATINE AVE N AND GREENWOOD AVE N,,,1,Property Damage Only Collision,Rear Ended,2,0,0,2,2004/08/31 00:00:00+00,8/31/2004 9:40:00 AM,Mid-Block (not related to intersection),14,"MOTOR VEHICLE STRUCK MOTOR VEHICLE, REAR END",,0,Clear,Dry,Daylight,,4244019.0,,14,From same direction - both going straight - one stopped - rear-end,0,0,N
10956,1,-122.32962069999999,47.54389035,13818,27134,27134,1798137,Matched,Intersection,34236.0,4TH AVE S AND EAST MARGINAL WAY S,,,1,Property Damage Only Collision,Sideswipe,2,0,0,2,2004/10/04 00:00:00+00,10/4/2004,At Intersection (intersection related),16,"MOTOR VEHICLE STRUCK MOTOR VEHICLE, LEFT SIDE SIDESWIPE",,0,Clear,Dry,Daylight,,4278026.0,,81,Same direction -- both turning left -- both moving -- sideswipe,0,0,N
10957,1,-122.3475434,47.62803529,13819,27505,27505,1777047,Matched,Intersection,28860.0,5TH AVE N AND WARD ST,,,1,Property Damage Only Collision,Angles,2,0,0,2,2004/06/07 00:00:00+00,6/7/2004,At Intersection (intersection related),11,"MOTOR VEHICLE STRUCK MOTOR VEHICLE, FRONT END AT ANGLE",,0,Clear,Dry,Daylight,,4159036.0,,10,Entering at angle,0,0,N
10958,1,-122.3844749,47.51207507,13820,28149,28149,1788834,Matched,Intersection,37984.0,41ST AVE SW AND SW 102ND ST,,,1,Property Damage Only Collision,Angles,3,0,0,2,2004/02/23 00:00:00+00,2/23/2004 2:46:00 PM,At Intersection (intersection related),11,"MOTOR VEHICLE STRUCK MOTOR VEHICLE, FRONT END AT ANGLE",,0,Clear,Wet,Daylight,,4054029.0,,10,Entering at angle,0,0,N
10959,1,-122.3765881,47.65464695,13821,27040,27040,1773923,Matched,Block,,NICKERSON 15TH RP BETWEEN 13TH AVE W AND 15TH AVE W,,,1,Property Damage Only Collision,Rear Ended,2,0,0,2,2004/02/17 00:00:00+00,2/17/2004 3:55:00 PM,Mid-Block (but intersection related),14,"MOTOR VEHICLE STRUCK MOTOR VEHICLE, REAR END",Y,0,Raining,Wet,Daylight,,4048004.0,,14,From same direction - both going straight - one stopped - rear-end,0,0,N
10960,2,-122.3399822,47.70504485,13822,27577,27577,1778848,Matched,Block,,N NORTHGATE WAY BETWEEN INTERLAKE AVE N AND ASHWORTH AVE N,,,2,Injury Collision,Rear Ended,5,0,0,3,2004/11/17 00:00:00+00,11/17/2004 2:51:00 PM,Mid-Block (but intersection related),14,"MOTOR VEHICLE STRUCK MOTOR VEHICLE, REAR END",Y,0,Clear,Dry,Daylight,,4322004.0,,14,From same direction - both going straight - one stopped - rear-end,0,0,N
10961,1,-122.29882920000001,47.54772636,13823,27983,27983,1793533,Matched,Block,,S SPENCER ST BETWEEN BEACON ER AVE S AND 28TH AVE S,,,1,Property Damage Only Collision,Parked Car,2,0,0,2,2004/11/19 00:00:00+00,11/19/2004 7:00:00 AM,Mid-Block (not related to intersection),13,"MOTOR VEHICLE STRUCK MOTOR VEHICLE, LEFT SIDE AT ANGLE",,0,Unknown,Unknown,Dawn,,4324049.0,,32,One parked--one moving,0,0,N
10962,1,-122.34272820000001,47.54067899,13824,27771,27771,1790338,Matched,Block,,WEST MARGINAL WAY SW BETWEEN SW FRONT ST AND HIGHLAND PARK WAY SW,,,1,Property Damage Only Collision,Sideswipe,2,0,0,2,2004/08/06 00:00:00+00,8/6/2004,Driveway Junction,16,"MOTOR VEHICLE STRUCK MOTOR VEHICLE, LEFT SIDE SIDESWIPE",,0,Raining,Wet,Daylight,,4219034.0,,11,From same direction - both going straight - both moving - sideswipe,0,0,N
10963,2,-122.38206640000001,47.64425017,13825,27544,27544,1482324,Matched,Block,,20TH AVE W BETWEEN ELLIOTT BAY TRL AND THORNDYKE AVE W,,,2,Injury Collision,Cycles,2,0,1,1,2004/07/23 00:00:00+00,7/23/2004 8:14:00 AM,Driveway Junction,18,"MOTOR VEHICLE STRUCK PEDALCYCLIST, FRONT END AT ANGLE",,0,Clear,Dry,Daylight,Y,4205001.0,,45,Vehicle - Pedalcyclist,0,0,N
10964,1,-122.32369779999999,47.70132894,13826,27299,27299,C628435,Matched,Block,,NE 100TH ST BETWEEN 4TH AVE NE AND 5TH AVE NE,,,1,Property Damage Only Collision,Sideswipe,2,0,0,2,2004/02/02 00:00:00+00,2/2/2004,Mid-Block (but intersection related),16,"MOTOR VEHICLE STRUCK MOTOR VEHICLE, LEFT SIDE SIDESWIPE",,0,Clear,Dry,Dusk,,4033036.0,,11,From same direction - both going straight - both moving - sideswipe,0,0,N
10965,1,-122.2978611,47.60215857,13827,26816,26816,1216734,Matched,Block,,27TH AVE BETWEEN E YESLER WAY AND E FIR ST,,,1,Property Damage Only Collision,Parked Car,3,0,0,3,2004/06/28 00:00:00+00,6/28/2004 7:16:00 PM,Driveway Junction,11,"MOTOR VEHICLE STRUCK MOTOR VEHICLE, FRONT END AT ANGLE",,0,Clear,Dry,Daylight,,4180008.0,,32,One parked--one moving,0,0,N
10966,1,-122.34262690000001,47.65161865,13828,27204,27204,1212071,Matched,Block,,STONE WAY N BETWEEN N 36TH ST AND N 38TH ST,,,1,Property Damage Only Collision,Parked Car,2,0,0,2,2004/09/15 00:00:00+00,9/15/2004 4:37:00 PM,Mid-Block (not related to intersection),11,"MOTOR VEHICLE STRUCK MOTOR VEHICLE, FRONT END AT ANGLE",,0,Clear,Dry,Daylight,,4259010.0,,20,One car leaving parked position,0,0,N
10967,1,-122.31250490000001,47.71447201,13829,27206,27206,1773392,Matched,Intersection,36459.0,15TH AVE NE AND PINEHURST WAY NE,,,1,Property Damage Only Collision,Left Turn,2,0,0,2,2004/05/13 00:00:00+00,5/13/2004 12:25:00 PM,At Intersection (intersection related),11,"MOTOR VEHICLE STRUCK MOTOR VEHICLE, FRONT END AT ANGLE",,0,Clear,Dry,Daylight,,4134022.0,,28,From opposite direction - one left turn - one straight,0,0,N
10968,1,-122.36219409999998,47.56198703,13830,26646,26646,1790457,Matched,Block,,23RD AVE SW BETWEEN SW OREGON ST AND 22ND N AVE SW,,,1,Property Damage Only Collision,Other,1,0,0,1,2004/05/04 00:00:00+00,5/4/2004,Mid-Block (not related to intersection),28,MOTOR VEHICLE RAN OFF ROAD - HIT FIXED OBJECT,,1,Overcast,Dry,Daylight,,4125029.0,,50,Fixed object,0,0,N
10969,1,-122.34671409999999,47.66212924,13831,27239,27239,1212343,Matched,Block,,N 46 UPPER ST BETWEEN AURORA AVE N AND WHITMAN AVE N,,,1,Property Damage Only Collision,Parked Car,2,0,0,2,2004/09/03 00:00:00+00,9/3/2004,Mid-Block (not related to intersection),31,DRIVERLESS VEHICLE STRUCK MOTOR VEHICLE FRONT END AT ANGLE,,0,Clear,Dry,Daylight,,4247030.0,,32,One parked--one moving,0,0,N
10970,1,-122.3083101,47.60167721,13832,27829,27829,1477849,Matched,Block,,E YESLER WAY BETWEEN 18TH AVE AND 19TH AVE,,,1,Property Damage Only Collision,Parked Car,2,0,0,2,2004/09/08 00:00:00+00,9/8/2004,Mid-Block (not related to intersection),16,"MOTOR VEHICLE STRUCK MOTOR VEHICLE, LEFT SIDE SIDESWIPE",,0,Unknown,Unknown,Daylight,,4252047.0,,32,One parked--one moving,0,0,N
10971,1,-122.3208637,47.61932228,13833,28163,28163,1789901,Matched,Block,,BROADWAY E BETWEEN E DENNY WAY AND E OLIVE WAY,,,1,Property Damage Only Collision,Pedestrian,2,1,0,1,2004/02/06 00:00:00+00,2/6/2004,Driveway Junction,24,MOTOR VEHCILE STRUCK PEDESTRIAN,,0,Overcast,Wet,Daylight,,4037009.0,,3,Vehicle backing hits pedestrian,0,0,N
10972,1,-122.3235383,47.60310238,13837,27837,27837,1772172,Matched,Block,,ALDER ST BETWEEN DEAD END AND 9TH AVE,,,1,Property Damage Only Collision,Parked Car,3,0,0,2,2004/08/20 00:00:00+00,8/20/2004 10:40:00 AM,Driveway Junction,11,"MOTOR VEHICLE STRUCK MOTOR VEHICLE, FRONT END AT ANGLE",,0,Clear,Dry,Daylight,,4233025.0,,32,One parked--one moving,0,0,N
10973,2,-122.32375379999999,47.59834984,13838,27764,27764,1777624,Matched,Intersection,30514.0,7TH AVE S AND S KING ST, ,,2,Injury Collision,Cycles,3,0,1,1,2004/10/08 00:00:00+00,10/8/2004,At Intersection (intersection related),51,PEDALCYCLIST STRUCK MOTOR VEHICLE FRONT END AT ANGLE,Y,0,Raining,Wet,Daylight,,4282002.0,,45,Vehicle - Pedalcyclist,0,0,N
10974,2,-122.34760130000001,47.62090802,13839,27265,27265,1777132,Matched,Intersection,28931.0,5TH AVE N AND BROAD ST,,,2,Injury Collision,Angles,2,0,0,2,2004/01/24 00:00:00+00,1/24/2004 6:40:00 AM,At Intersection (intersection related),11,"MOTOR VEHICLE STRUCK MOTOR VEHICLE, FRONT END AT ANGLE",,0,Clear,Wet,Dark - Street Lights On,,4024018.0,,10,Entering at angle,0,0,N
10975,1,-122.32967849999999,47.59919793,13840,27443,27443,1313399,Matched,Intersection,30508.0,2ND AV ET S AND S JACKSON ST,,,1,Property Damage Only Collision,Rear Ended,3,0,0,3,2004/08/05 00:00:00+00,8/5/2004,At Intersection (but not related to intersection),14,"MOTOR VEHICLE STRUCK MOTOR VEHICLE, REAR END",,0,Clear,Dry,Daylight,,4218020.0,,14,From same direction - both going straight - one stopped - rear-end,0,0,N
10976,1,-122.3492538,47.61558057,13842,27139,27139,1482334,Matched,Block,,VINE ST BETWEEN 1ST AVE AND 2ND AVE,,,1,Property Damage Only Collision,Parked Car,2,0,0,2,2004/03/16 00:00:00+00,3/16/2004 8:57:00 PM,Mid-Block (not related to intersection),16,"MOTOR VEHICLE STRUCK MOTOR VEHICLE, LEFT SIDE SIDESWIPE",,0,Clear,Dry,Dark - Street Lights On,,4076008.0,,32,One parked--one moving,0,0,N
10977,1,-122.32354120000001,47.54096701,13843,27211,27211,1197777,Matched,Block,,CORSON AVE S BETWEEN S WILLOW ST AND EAST MARGINAL WAY S,,,1,Property Damage Only Collision,Other,1,0,0,1,2004/11/18 00:00:00+00,11/18/2004 2:43:00 AM,Mid-Block (but intersection related),28,MOTOR VEHICLE RAN OFF ROAD - HIT FIXED OBJECT,,0,Overcast,Wet,Dark - Street Lights On,,4323009.0,,50,Fixed object,0,0,N
10978,1,-122.32589709999999,47.63750541,13844,27714,27714,1773603,Matched,Block,,EASTLAKE AVE E BETWEEN E NEWTON ST AND E BOSTON ST,,,1,Property Damage Only Collision,Parked Car,2,0,0,2,2004/02/09 00:00:00+00,2/9/2004,Mid-Block (not related to intersection),13,"MOTOR VEHICLE STRUCK MOTOR VEHICLE, LEFT SIDE AT ANGLE",Y,0,Clear,Dry,Dark - Street Lights On,,4040017.0,,32,One parked--one moving,0,0,N
10979,1,-122.3869966,47.68131485,13845,26793,26793,1778421,Matched,Block,,NW 73RD ST BETWEEN JONES AVE NW AND 24TH AVE NW,,,1,Property Damage Only Collision,Parked Car,2,0,0,2,2004/03/13 00:00:00+00,3/13/2004 2:48:00 AM,Mid-Block (not related to intersection),11,"MOTOR VEHICLE STRUCK MOTOR VEHICLE, FRONT END AT ANGLE",,0,Clear,Dry,Dark - Street Lights On,,4073025.0,Y,32,One parked--one moving,0,0,N
10980,1,-122.31478500000001,47.56350063,13846,27376,27376,1779059,Matched,Intersection,32309.0,14TH AVE S AND S OREGON ST,,,1,Property Damage Only Collision,Angles,4,0,0,2,2004/01/02 00:00:00+00,1/2/2004,At Intersection (intersection related),11,"MOTOR VEHICLE STRUCK MOTOR VEHICLE, FRONT END AT ANGLE",,0,Overcast,Wet,Daylight,,4002047.0,,10,Entering at angle,0,0,N
10981,1,-122.3107376,47.61967467,13847,28119,28119,1787073,Matched,Block,,E JOHN ST BETWEEN 16TH AVE E AND 17TH AVE E,,,1,Property Damage Only Collision,Parked Car,2,0,0,2,2004/01/29 00:00:00+00,1/29/2004 1:44:00 PM,Mid-Block (not related to intersection),14,"MOTOR VEHICLE STRUCK MOTOR VEHICLE, REAR END",Y,0,Raining,Wet,Daylight,,4029019.0,,32,One parked--one moving,0,0,N
10982,1,-122.3555612,47.729645500000004,13848,27757,27757,1780831,Matched,Intersection,35798.0,GREENWOOD AVE N AND N 138TH ST,,,1,Property Damage Only Collision,Rear Ended,4,0,0,2,2004/01/07 00:00:00+00,1/7/2004,At Intersection (intersection related),14,"MOTOR VEHICLE STRUCK MOTOR VEHICLE, REAR END",Y,0,Raining,Snow/Slush,Dark - Street Lights On,,4007028.0,,14,From same direction - both going straight - one stopped - rear-end,0,0,N
10983,1,-122.31190900000001,47.56262085,13850,27438,27438,1783909,Matched,Block,,S COLUMBIAN WAY BETWEEN 16TH AVE S AND VETRN HOSPITAL DR,,,1,Property Damage Only Collision,Rear Ended,2,0,0,2,2004/11/15 00:00:00+00,11/15/2004 7:25:00 AM,Mid-Block (but intersection related),14,"MOTOR VEHICLE STRUCK MOTOR VEHICLE, REAR END",,0,Raining,Wet,Dawn,,4320027.0,Y,14,From same direction - both going straight - one stopped - rear-end,0,0,N
10984,1,-122.3762222,47.66121143,13851,27880,27880,1931128,Matched,Block,,BALLARD BR BETWEEN POINT B AND BALLARD BR OFF RP,,,1,Property Damage Only Collision,Rear Ended,2,0,0,2,2004/11/29 00:00:00+00,11/29/2004 6:36:00 PM,Mid-Block (not related to intersection),14,"MOTOR VEHICLE STRUCK MOTOR VEHICLE, REAR END",,0,Raining,Wet,Dark - Street Lights Off,,4334006.0,,13,From same direction - both going straight - both moving - rear-end,0,0,N
10985,2,-122.3397513,47.62321407,13852,26664,26664,1482689,Matched,Intersection,28773.0,9TH AVE N AND REPUBLICAN ST,,,2,Injury Collision,Angles,5,0,0,2,2004/10/17 00:00:00+00,10/17/2004 9:46:00 AM,At Intersection (intersection related),11,"MOTOR VEHICLE STRUCK MOTOR VEHICLE, FRONT END AT ANGLE",,0,Raining,Wet,Other,,4291036.0,,10,Entering at angle,0,0,N
10986,2,-122.27766409999998,47.55117602,13853,27486,27486,1479593,Matched,Intersection,33512.0,RAINIER AVE S AND S ORCAS ST,,,2,Injury Collision,Left Turn,3,0,0,3,2004/04/14 00:00:00+00,4/14/2004 3:22:00 PM,At Intersection (intersection related),11,"MOTOR VEHICLE STRUCK MOTOR VEHICLE, FRONT END AT ANGLE",,0,Overcast,Wet,Daylight,,4105017.0,,28,From opposite direction - one left turn - one straight,0,0,N
10987,1,-122.31158329999998,47.59748875,13854,28141,28141,1789982,Matched,Intersection,30762.0,16TH AVE S AND S WELLER ST,,,1,Property Damage Only Collision,Angles,2,0,0,2,2004/02/23 00:00:00+00,2/23/2004 8:10:00 AM,At Intersection (intersection related),11,"MOTOR VEHICLE STRUCK MOTOR VEHICLE, FRONT END AT ANGLE",,0,Clear,Dry,Daylight,,4054034.0,Y,10,Entering at angle,0,0,N
10988,1,-122.34489609999999,47.717173100000004,13855,26932,26932,1780135,Matched,Block,,AURORA AVE N BETWEEN N 117TH PL AND N 125TH ST,,,1,Property Damage Only Collision,Rear Ended,3,0,0,2,2004/01/17 00:00:00+00,1/17/2004 5:50:00 PM,Mid-Block (not related to intersection),14,"MOTOR VEHICLE STRUCK MOTOR VEHICLE, REAR END",Y,0,Overcast,Dry,Dark - Street Lights On,,4017020.0,,13,From same direction - both going straight - both moving - rear-end,0,0,N
10989,1,-122.35399209999999,47.61779444,13856,27176,27176,1783727,Matched,Block,,1ST AVE BETWEEN EAGLE ST AND WARREN PL,,,1,Property Damage Only Collision,Parked Car,2,0,0,2,2004/08/03 00:00:00+00,8/3/2004,Mid-Block (not related to intersection),16,"MOTOR VEHICLE STRUCK MOTOR VEHICLE, LEFT SIDE SIDESWIPE",,0,Clear,Dry,Daylight,,4216029.0,,32,One parked--one moving,0,0,N
10990,1,-122.3143828,47.65758704,13859,26539,26539,C629851,Matched,Block,,BROOKLYN AVE NE BETWEEN NE 41ST ST AND NE 42ND ST,,,1,Property Damage Only Collision,Parked Car,2,0,0,2,2004/03/05 00:00:00+00,3/5/2004,Mid-Block (not related to intersection),13,"MOTOR VEHICLE STRUCK MOTOR VEHICLE, LEFT SIDE AT ANGLE",,0,Clear,Dry,Dawn,,4065050.0,,32,One parked--one moving,0,0,N
10991,1,-122.30368130000001,47.61147825,13860,27596,27596,1772388,Matched,Block,,22ND AVE BETWEEN E MARION ST AND E UNION ST,,,1,Property Damage Only Collision,Parked Car,2,0,0,2,2004/05/07 00:00:00+00,5/7/2004,Mid-Block (not related to intersection),14,"MOTOR VEHICLE STRUCK MOTOR VEHICLE, REAR END",Y,0,Raining,Wet,Daylight,,4128044.0,,32,One parked--one moving,0,0,N
10992,1,-122.27903359999999,47.55043351,13861,27088,27088,1771378,Matched,Block,,S MEAD ST BETWEEN 42ND AVE S AND RAINIER AVE S,,,1,Property Damage Only Collision,Angles,5,0,0,2,2004/01/29 00:00:00+00,1/29/2004 8:30:00 PM,Driveway Junction,11,"MOTOR VEHICLE STRUCK MOTOR VEHICLE, FRONT END AT ANGLE",,1,Overcast,Wet,Dark - Street Lights On,,4029035.0,,10,Entering at angle,0,0,N
10993,2,-122.31803219999999,47.67583505,13862,27876,27876,C649630,Matched,Block,,NE 65TH ST BETWEEN 9TH AVE NE AND ROOSEVELT WAY NE,,,2,Injury Collision,Rear Ended,2,0,0,2,2004/11/19 00:00:00+00,11/19/2004 9:15:00 AM,Mid-Block (but intersection related),14,"MOTOR VEHICLE STRUCK MOTOR VEHICLE, REAR END",,0,Clear,Dry,Daylight,,4324051.0,,14,From same direction - both going straight - one stopped - rear-end,0,0,N
10994,1,-122.33945859999999,47.60905305,13863,26515,26515,1482726,Matched,Block,,PIKE ST BETWEEN 1ST AVE AND 2ND AVE,,,1,Property Damage Only Collision,Other,1,0,0,1,2004/07/14 00:00:00+00,7/14/2004 6:15:00 AM,Mid-Block (not related to intersection),26,MOTOR VEHICLE STRUCK OBJECT IN ROAD,,0,Other,Dry,Daylight,,4196005.0,,50,Fixed object,0,0,N
10995,2,-122.3310731,47.61581042,13864,27630,27630,1477943,Matched,Block,,BOREN AVE BETWEEN OLIVE WAY AND HOWELL ST,,,2,Injury Collision,Rear Ended,2,0,0,2,2004/12/02 00:00:00+00,12/2/2004,Mid-Block (not related to intersection),14,"MOTOR VEHICLE STRUCK MOTOR VEHICLE, REAR END",,1,Overcast,Dry,Dark - Street Lights On,,4337005.0,,13,From same direction - both going straight - both moving - rear-end,0,0,N
10996,1,-122.33620559999999,47.7068541,13865,27847,27847,1779716,Matched,Intersection,36357.0,N 107TH ST AND N NORTHGATE WAY,,,1,Property Damage Only Collision,Head On,3,0,0,2,2004/03/28 00:00:00+00,3/28/2004 5:31:00 PM,At Intersection (intersection related),11,"MOTOR VEHICLE STRUCK MOTOR VEHICLE, FRONT END AT ANGLE",,0,Clear,Dry,Daylight,,4088016.0,,30,From opposite direction - all others,0,0,N
10997,1,-122.37728929999999,47.53338451,13866,28067,28067,1789155,Matched,Block,,SW HOLDEN ST BETWEEN 35TH S AVE SW AND 36TH AVE SW,,,1,Property Damage Only Collision,Parked Car,2,0,0,2,2004/11/25 00:00:00+00,11/25/2004 12:03:00 PM,Mid-Block (not related to intersection),13,"MOTOR VEHICLE STRUCK MOTOR VEHICLE, LEFT SIDE AT ANGLE",,0,Raining,Wet,Daylight,,4330024.0,,32,One parked--one moving,0,0,N
10998,2,-122.30387169999999,47.58839962,13867,27555,27555,1203745,Matched,Intersection,31515.0,22ND AVE S AND S MASSACHUSETTS ST,,,2,Injury Collision,Angles,5,0,0,2,2004/01/19 00:00:00+00,1/19/2004 5:15:00 PM,At Intersection (intersection related),11,"MOTOR VEHICLE STRUCK MOTOR VEHICLE, FRONT END AT ANGLE",,0,Clear,Dry,Dark - Street Lights On,,4019008.0,,10,Entering at angle,0,0,N
10999,1,-122.38266100000001,47.64658472,13868,27572,27572,1182149,Matched,Block,,W BARRETT ST BETWEEN 20TH AVE W AND 21ST AVE W,,,1,Property Damage Only Collision,Parked Car,2,0,0,2,2004/03/31 00:00:00+00,3/31/2004 3:25:00 PM,Mid-Block (but intersection related),14,"MOTOR VEHICLE STRUCK MOTOR VEHICLE, REAR END",,0,Clear,Dry,Daylight,,4091019.0,,32,One parked--one moving,0,0,N